{
  "command": "-c",
  "model": "claude-opus-4-6",
  "created_at": 1770504707,
  "num_extractions": 165,
  "processing_time_sec": 121.03,
  "input_tokens": 696,
  "cached_tokens": 0,
  "output_tokens": 11758,
  "total_tokens": 12454,
  "input_cost": 0.0034800000000000005,
  "cached_cost": 0.0,
  "output_cost": 0.29395,
  "total_cost": 0.29742999999999997
}