{
  "command": "-c",
  "model": "claude-opus-4-6",
  "created_at": 1770504748,
  "num_extractions": 252,
  "processing_time_sec": 168.17,
  "input_tokens": 819,
  "cached_tokens": 0,
  "output_tokens": 16406,
  "total_tokens": 17225,
  "input_cost": 0.0040950000000000005,
  "cached_cost": 0.0,
  "output_cost": 0.41015,
  "total_cost": 0.41424500000000003
}