{
  "command": "-c",
  "model": "claude-opus-4-6",
  "created_at": 1770504769,
  "num_extractions": 317,
  "processing_time_sec": 192.13,
  "input_tokens": 930,
  "cached_tokens": 0,
  "output_tokens": 19263,
  "total_tokens": 20193,
  "input_cost": 0.0046500000000000005,
  "cached_cost": 0.0,
  "output_cost": 0.48157500000000003,
  "total_cost": 0.486225
}