resource	label_basis	permutation	mean_label_recovery	median_label_recovery
LLMarkers	reported label	0	0.03447055319667694	0.008333333333333333
LLMarkers	reported label	1	0.0425935594180426	0.018518518518518517
LLMarkers	reported label	2	0.044743592784277864	0.015151515151515152
LLMarkers	reported label	3	0.041201629782423185	0.0071428571428571435
LLMarkers	reported label	4	0.039979464978100156	0.0
LLMarkers	reported label	5	0.04941424056685962	0.016666666666666666
LLMarkers	reported label	6	0.04408242394672488	0.017857142857142856
LLMarkers	reported label	7	0.045201291242118455	0.02
LLMarkers	reported label	8	0.04836632651816454	0.027777777777777776
LLMarkers	reported label	9	0.04957585009431308	0.007575757575757575
LLMarkers	reported label	10	0.044922817745673305	0.013888888888888888
LLMarkers	reported label	11	0.05132643111633332	0.02222222222222222
LLMarkers	reported label	12	0.038556340790279385	0.0
LLMarkers	reported label	13	0.04723271241583698	0.02222222222222222
LLMarkers	reported label	14	0.04317877204480965	0.008771929824561403
LLMarkers	reported label	15	0.04576462351643059	0.02222222222222222
LLMarkers	reported label	16	0.044811172344983746	0.0
LLMarkers	reported label	17	0.03919939124639599	0.014035087719298246
LLMarkers	reported label	18	0.05022428763653434	0.037037037037037035
LLMarkers	reported label	19	0.05045819043767515	0.02222222222222222
LLMarkers	reported label	20	0.04633149848270401	0.025
LLMarkers	reported label	21	0.04867025571805119	0.01588235294117647
LLMarkers	reported label	22	0.03632880961380496	0.0
LLMarkers	reported label	23	0.04421207574700733	0.021637426900584796
LLMarkers	reported label	24	0.042957035816378955	0.0
LLMarkers	reported label	25	0.04370217195771134	0.017857142857142856
LLMarkers	reported label	26	0.0443008864743865	0.01098901098901099
LLMarkers	reported label	27	0.038694001345921145	0.0
LLMarkers	reported label	28	0.04515554426221542	0.013053613053613052
LLMarkers	reported label	29	0.051308853696011125	0.025
LLMarkers	reported label	30	0.049270489726592835	0.02857142857142857
LLMarkers	reported label	31	0.04935859258442875	0.006944444444444444
LLMarkers	reported label	32	0.049120810168077046	0.0101010101010101
LLMarkers	reported label	33	0.04092327809927491	0.0
LLMarkers	reported label	34	0.04914337387386201	0.02222222222222222
LLMarkers	reported label	35	0.04593091313709747	0.01818181818181818
LLMarkers	reported label	36	0.038820651298483756	0.015873015873015872
LLMarkers	reported label	37	0.03867830295044722	0.01
LLMarkers	reported label	38	0.03852447122371602	0.0
LLMarkers	reported label	39	0.040219284710164095	0.008264462809917356
LLMarkers	reported label	40	0.04709750804998757	0.020833333333333332
LLMarkers	reported label	41	0.04414237720650097	0.0
LLMarkers	reported label	42	0.04218833478751186	0.017857142857142856
LLMarkers	reported label	43	0.04981561487868924	0.02631578947368421
LLMarkers	reported label	44	0.045884736975001186	0.020833333333333332
LLMarkers	reported label	45	0.051832033290779914	0.027777777777777776
LLMarkers	reported label	46	0.04228482662074537	0.015151515151515152
LLMarkers	reported label	47	0.04225609955382224	0.00980392156862745
LLMarkers	reported label	48	0.04340113693846508	0.0
LLMarkers	reported label	49	0.04055313207574058	0.0
LLMarkers	reported label	50	0.04006587691658452	0.022727272727272728
LLMarkers	reported label	51	0.03799392020927828	0.0
LLMarkers	reported label	52	0.04692186707018561	0.015625
LLMarkers	reported label	53	0.04294573698293115	0.020833333333333332
LLMarkers	reported label	54	0.04534456206939751	0.020833333333333332
LLMarkers	reported label	55	0.04564728225634385	0.01588235294117647
LLMarkers	reported label	56	0.05154986487389148	0.020833333333333332
LLMarkers	reported label	57	0.04326940902804752	0.0
LLMarkers	reported label	58	0.04701481665585222	0.023809523809523808
LLMarkers	reported label	59	0.04775542312752213	0.020833333333333332
LLMarkers	reported label	60	0.04717826061555382	0.020833333333333332
LLMarkers	reported label	61	0.044128701893099566	0.0058823529411764705
LLMarkers	reported label	62	0.041331584493275814	0.0
LLMarkers	reported label	63	0.04840057779597889	0.02222222222222222
LLMarkers	reported label	64	0.04137970954663397	0.01
LLMarkers	reported label	65	0.044539709067664315	0.018379281537176273
LLMarkers	reported label	66	0.05026065538712909	0.020833333333333332
LLMarkers	reported label	67	0.04727474062684191	0.018518518518518517
LLMarkers	reported label	68	0.04398225056578419	0.0
LLMarkers	reported label	69	0.0470303784702162	0.01515151515151515
LLMarkers	reported label	70	0.04813045001041371	0.025
LLMarkers	reported label	71	0.04429864170097667	0.02
LLMarkers	reported label	72	0.042769097070985154	0.020833333333333332
LLMarkers	reported label	73	0.05062800217253566	0.020833333333333332
LLMarkers	reported label	74	0.04999717468205742	0.025
LLMarkers	reported label	75	0.04590152492732548	0.009523809523809523
LLMarkers	reported label	76	0.0479095769680369	0.02222222222222222
LLMarkers	reported label	77	0.04868445278238347	0.025
LLMarkers	reported label	78	0.04956943797771908	0.016666666666666666
LLMarkers	reported label	79	0.03819463362151971	0.0
LLMarkers	reported label	80	0.04375994668911704	0.0
LLMarkers	reported label	81	0.049174696298744054	0.027777777777777776
LLMarkers	reported label	82	0.052350303486004626	0.02222222222222222
LLMarkers	reported label	83	0.050335243681115756	0.020833333333333332
LLMarkers	reported label	84	0.04953088900828275	0.0
LLMarkers	reported label	85	0.04186056708508235	0.020833333333333332
LLMarkers	reported label	86	0.05305892118373311	0.016666666666666666
LLMarkers	reported label	87	0.05674431468358571	0.03643724696356276
LLMarkers	reported label	88	0.04136926043653762	0.020833333333333332
LLMarkers	reported label	89	0.049081423482023455	0.03155818540433925
LLMarkers	reported label	90	0.05427743711427379	0.016666666666666666
LLMarkers	reported label	91	0.0427009143079497	0.0
LLMarkers	reported label	92	0.03763980814759929	0.0
LLMarkers	reported label	93	0.04926248331105603	0.02040816326530612
LLMarkers	reported label	94	0.052040556599168473	0.030303030303030304
LLMarkers	reported label	95	0.04288493180803492	0.0071428571428571435
LLMarkers	reported label	96	0.04058102875487624	0.0
LLMarkers	reported label	97	0.04868913870556759	0.013888888888888888
LLMarkers	reported label	98	0.043346125039088725	0.0
LLMarkers	reported label	99	0.040253045232199115	0.0
LLMarkers	reported label	100	0.04224718824755427	0.017857142857142856
LLMarkers	reported label	101	0.04581647479556339	0.015625
LLMarkers	reported label	102	0.044935007465864124	0.01
LLMarkers	reported label	103	0.04655954783487274	0.020833333333333332
LLMarkers	reported label	104	0.041805847456626063	0.0
LLMarkers	reported label	105	0.05180257148415417	0.02
LLMarkers	reported label	106	0.04437140349827751	0.013888888888888888
LLMarkers	reported label	107	0.045235480861043495	0.037037037037037035
LLMarkers	reported label	108	0.049472484775997194	0.013888888888888888
LLMarkers	reported label	109	0.04816714900863169	0.017857142857142856
LLMarkers	reported label	110	0.0501388214343707	0.020833333333333332
LLMarkers	reported label	111	0.05019027551192742	0.018518518518518517
LLMarkers	reported label	112	0.0464941963768388	0.025
LLMarkers	reported label	113	0.04169609247938575	0.006993006993006993
LLMarkers	reported label	114	0.05099411722148576	0.03333333333333333
LLMarkers	reported label	115	0.045773489748984625	0.027777777777777776
LLMarkers	reported label	116	0.04560449212752697	0.020833333333333332
LLMarkers	reported label	117	0.05537043734339982	0.025
LLMarkers	reported label	118	0.0373863768257002	0.008695652173913044
LLMarkers	reported label	119	0.043190115766635465	0.0
LLMarkers	reported label	120	0.04457505744577169	0.0
LLMarkers	reported label	121	0.03903805491371382	0.0
LLMarkers	reported label	122	0.04018547127191421	0.008264462809917356
LLMarkers	reported label	123	0.039996003124883175	0.0071428571428571435
LLMarkers	reported label	124	0.044752065229782555	0.015873015873015872
LLMarkers	reported label	125	0.045091746967074305	0.017857142857142856
LLMarkers	reported label	126	0.03992724572959181	0.0
LLMarkers	reported label	127	0.04789561648034836	0.02
LLMarkers	reported label	128	0.04233207011849601	0.0
LLMarkers	reported label	129	0.03896231512542801	0.0
LLMarkers	reported label	130	0.040332621925109904	0.00980392156862745
LLMarkers	reported label	131	0.03957124851138881	0.00625
LLMarkers	reported label	132	0.040631178015963505	0.008695652173913044
LLMarkers	reported label	133	0.04402840858729315	0.00625
LLMarkers	reported label	134	0.050738369651406746	0.028205128205128206
LLMarkers	reported label	135	0.03869169170201647	0.0
LLMarkers	reported label	136	0.046660612744410065	0.015151515151515152
LLMarkers	reported label	137	0.03489324066105806	0.0058823529411764705
LLMarkers	reported label	138	0.04305720749172151	0.018518518518518517
LLMarkers	reported label	139	0.038536192077517205	0.0
LLMarkers	reported label	140	0.03873392239394571	0.0
LLMarkers	reported label	141	0.041506366912253255	0.011363636363636364
LLMarkers	reported label	142	0.054239050163329985	0.027777777777777776
LLMarkers	reported label	143	0.042502325784196895	0.015151515151515152
LLMarkers	reported label	144	0.041508497924531956	0.0
LLMarkers	reported label	145	0.04950024649903449	0.015625
LLMarkers	reported label	146	0.04874902597401422	0.012987012987012988
LLMarkers	reported label	147	0.046754311873172756	0.01183431952662722
LLMarkers	reported label	148	0.04477821455157018	0.0
LLMarkers	reported label	149	0.045939299430271065	0.025
LLMarkers	reported label	150	0.04747515231130399	0.016666666666666666
LLMarkers	reported label	151	0.04250053071119892	0.010526315789473684
LLMarkers	reported label	152	0.04643612642756625	0.011764705882352941
LLMarkers	reported label	153	0.04098694434557685	0.007872244714349977
LLMarkers	reported label	154	0.04763565148103025	0.030158730158730163
LLMarkers	reported label	155	0.04084131540891146	0.0
LLMarkers	reported label	156	0.0456772951705064	0.006944444444444444
LLMarkers	reported label	157	0.029864973737229076	0.0
LLMarkers	reported label	158	0.04823378896950389	0.022222222222222223
LLMarkers	reported label	159	0.05265817957113294	0.037037037037037035
LLMarkers	reported label	160	0.040566708879441596	0.0
LLMarkers	reported label	161	0.04349692734621772	0.0
LLMarkers	reported label	162	0.04201555453976126	0.0
LLMarkers	reported label	163	0.054474783855493106	0.030303030303030304
LLMarkers	reported label	164	0.051129083450391265	0.015873015873015872
LLMarkers	reported label	165	0.0376862405852356	0.013888888888888888
LLMarkers	reported label	166	0.0382354584942607	0.013888888888888888
LLMarkers	reported label	167	0.04603438503325192	0.012987012987012988
LLMarkers	reported label	168	0.048753104757639824	0.020833333333333332
LLMarkers	reported label	169	0.042326783696970904	0.008695652173913044
LLMarkers	reported label	170	0.053179626346275384	0.016666666666666666
LLMarkers	reported label	171	0.05288526941926393	0.028571428571428574
LLMarkers	reported label	172	0.041803690047472274	0.00591715976331361
LLMarkers	reported label	173	0.050241621156429384	0.008264462809917356
LLMarkers	reported label	174	0.04421419656130226	0.010416666666666666
LLMarkers	reported label	175	0.042265917159699816	0.007575757575757575
LLMarkers	reported label	176	0.04181612174913796	0.017857142857142856
LLMarkers	reported label	177	0.05065177373698023	0.020833333333333332
LLMarkers	reported label	178	0.048635340789839665	0.0
LLMarkers	reported label	179	0.044530174154113734	0.020833333333333332
LLMarkers	reported label	180	0.04848251148185844	0.020833333333333332
LLMarkers	reported label	181	0.039690191222645235	0.0
LLMarkers	reported label	182	0.04400245595691394	0.017857142857142856
LLMarkers	reported label	183	0.046153370116426014	0.01818181818181818
LLMarkers	reported label	184	0.04481045147538762	0.015873015873015872
LLMarkers	reported label	185	0.04044777295944477	0.0
LLMarkers	reported label	186	0.0476536083559099	0.013888888888888888
LLMarkers	reported label	187	0.04799956910010894	0.023809523809523808
LLMarkers	reported label	188	0.04852499198648886	0.013888888888888888
LLMarkers	reported label	189	0.0440914986371875	0.0
LLMarkers	reported label	190	0.03998799351299822	0.012987012987012988
LLMarkers	reported label	191	0.04346112760958849	0.021592442645074223
LLMarkers	reported label	192	0.05076276656139909	0.02222222222222222
LLMarkers	reported label	193	0.04564334407067096	0.017857142857142856
LLMarkers	reported label	194	0.04978389241552194	0.02564102564102564
LLMarkers	reported label	195	0.04818626355321949	0.028571428571428574
LLMarkers	reported label	196	0.050974335289109905	0.037037037037037035
LLMarkers	reported label	197	0.03904744711299446	0.0
LLMarkers	reported label	198	0.05263071104309552	0.033482142857142856
LLMarkers	reported label	199	0.050248813979454146	0.01183431952662722
LLMarkers	reported label	200	0.05457770414476183	0.017857142857142856
LLMarkers	reported label	201	0.04356875688627664	0.017857142857142856
LLMarkers	reported label	202	0.039746898536974974	0.016666666666666666
LLMarkers	reported label	203	0.05047800666523216	0.01
LLMarkers	reported label	204	0.03994747534873351	0.020833333333333332
LLMarkers	reported label	205	0.043627288289304046	0.012820512820512822
LLMarkers	reported label	206	0.050851588997273045	0.016531713900134953
LLMarkers	reported label	207	0.049363326381835916	0.020833333333333332
LLMarkers	reported label	208	0.05048068262798178	0.023148148148148147
LLMarkers	reported label	209	0.040789181478961475	0.025
LLMarkers	reported label	210	0.04976129497372615	0.006944444444444444
LLMarkers	reported label	211	0.04134504082097382	0.0
LLMarkers	reported label	212	0.046049233038769365	0.01962809917355372
LLMarkers	reported label	213	0.04453360556659094	0.02222222222222222
LLMarkers	reported label	214	0.041725467766766285	0.013888888888888888
LLMarkers	reported label	215	0.04065590767256603	0.0
LLMarkers	reported label	216	0.0499444910232132	0.01
LLMarkers	reported label	217	0.042188052306249495	0.0
LLMarkers	reported label	218	0.041025213810252356	0.0
LLMarkers	reported label	219	0.04100891803152044	0.0
LLMarkers	reported label	220	0.04148361985811766	0.011764705882352941
LLMarkers	reported label	221	0.04484850316120379	0.016666666666666666
LLMarkers	reported label	222	0.044152824997872084	0.0101010101010101
LLMarkers	reported label	223	0.04691923469106561	0.016666666666666666
LLMarkers	reported label	224	0.039605016717986365	0.0
LLMarkers	reported label	225	0.04694021269747052	0.012987012987012988
LLMarkers	reported label	226	0.04917858119559981	0.027777777777777776
LLMarkers	reported label	227	0.04012442509213266	0.0
LLMarkers	reported label	228	0.05169285869948257	0.01221001221001221
LLMarkers	reported label	229	0.05315704098765569	0.015873015873015872
LLMarkers	reported label	230	0.0517773595040094	0.0249554367201426
LLMarkers	reported label	231	0.04350693094570275	0.016666666666666666
LLMarkers	reported label	232	0.04347535317472034	0.00625
LLMarkers	reported label	233	0.045319655867061624	0.020833333333333332
LLMarkers	reported label	234	0.04163736675348558	0.008333333333333333
LLMarkers	reported label	235	0.05915408690261169	0.041666666666666664
LLMarkers	reported label	236	0.04218822994340242	0.012987012987012988
LLMarkers	reported label	237	0.03442685012257333	0.0
LLMarkers	reported label	238	0.04502367764353418	0.023148148148148147
LLMarkers	reported label	239	0.049393943539629497	0.02222222222222222
LLMarkers	reported label	240	0.038033671903771916	0.0
LLMarkers	reported label	241	0.04487886084798422	0.00625
LLMarkers	reported label	242	0.05114304049540188	0.02857142857142857
LLMarkers	reported label	243	0.04685379252162254	0.02543859649122807
LLMarkers	reported label	244	0.047045965045822404	0.028571428571428574
LLMarkers	reported label	245	0.0470711781852019	0.015151515151515152
LLMarkers	reported label	246	0.048584433504997596	0.017543859649122806
LLMarkers	reported label	247	0.045666277360455566	0.0
LLMarkers	reported label	248	0.04423600527727166	0.01588235294117647
LLMarkers	reported label	249	0.04309485679521208	0.01818181818181818
LLMarkers	reported label	250	0.051107563169327755	0.008771929824561403
LLMarkers	reported label	251	0.04480730871542037	0.008771929824561403
LLMarkers	reported label	252	0.04242961898457201	0.01818181818181818
LLMarkers	reported label	253	0.04909499719823699	0.020833333333333332
LLMarkers	reported label	254	0.04025382002980913	0.015625
LLMarkers	reported label	255	0.044871975019915834	0.016666666666666666
LLMarkers	reported label	256	0.04717249275258959	0.016666666666666666
LLMarkers	reported label	257	0.04121368707166618	0.008695652173913044
LLMarkers	reported label	258	0.048451756016746395	0.017857142857142856
LLMarkers	reported label	259	0.047711140363816344	0.017857142857142856
LLMarkers	reported label	260	0.04447567519710536	0.02
LLMarkers	reported label	261	0.05427804949715402	0.017857142857142856
LLMarkers	reported label	262	0.046950019103510425	0.025
LLMarkers	reported label	263	0.05398601316583416	0.03571428571428571
LLMarkers	reported label	264	0.04623434899060142	0.00980392156862745
LLMarkers	reported label	265	0.047948651166814946	0.017857142857142856
LLMarkers	reported label	266	0.04997047589118642	0.017543859649122806
LLMarkers	reported label	267	0.05357447916081097	0.04
LLMarkers	reported label	268	0.05086824619721956	0.02222222222222222
LLMarkers	reported label	269	0.04542134010347884	0.01818181818181818
LLMarkers	reported label	270	0.05059980479915634	0.025
LLMarkers	reported label	271	0.03950825077785976	0.018518518518518517
LLMarkers	reported label	272	0.04412657750424138	0.006060606060606061
LLMarkers	reported label	273	0.04481572296758097	0.015625
LLMarkers	reported label	274	0.053882236939148453	0.02040816326530612
LLMarkers	reported label	275	0.04637184226708613	0.020833333333333332
LLMarkers	reported label	276	0.043569528008354494	0.0
LLMarkers	reported label	277	0.042507678059775185	0.0
LLMarkers	reported label	278	0.040691286104441476	0.0
LLMarkers	reported label	279	0.042542443308467716	0.01098901098901099
LLMarkers	reported label	280	0.050302390710185794	0.0
LLMarkers	reported label	281	0.04232455474106227	0.0
LLMarkers	reported label	282	0.04126519257420476	0.0
LLMarkers	reported label	283	0.054533931366953274	0.027777777777777776
LLMarkers	reported label	284	0.05042171895625009	0.015151515151515152
LLMarkers	reported label	285	0.05288507464197481	0.023391812865497075
LLMarkers	reported label	286	0.047482705275819256	0.016666666666666666
LLMarkers	reported label	287	0.04357101749523721	0.025
LLMarkers	reported label	288	0.04954922440992859	0.017543859649122806
LLMarkers	reported label	289	0.05120715724545803	0.022222222222222223
LLMarkers	reported label	290	0.04255487783413926	0.0020242914979757085
LLMarkers	reported label	291	0.03648057203634522	0.0
LLMarkers	reported label	292	0.044794769358355024	0.006060606060606061
LLMarkers	reported label	293	0.04290496274578174	0.0
LLMarkers	reported label	294	0.04810875016753325	0.025
LLMarkers	reported label	295	0.04528212734069088	0.015873015873015872
LLMarkers	reported label	296	0.054634351266028655	0.0303030303030303
LLMarkers	reported label	297	0.04820593673741613	0.008771929824561403
LLMarkers	reported label	298	0.05751807761880587	0.025
LLMarkers	reported label	299	0.042421613149152874	0.0
LLMarkers	reported label	300	0.050068861286452396	0.02564102564102564
LLMarkers	reported label	301	0.060240961856424184	0.027777777777777776
LLMarkers	reported label	302	0.0393378560447652	0.0
LLMarkers	reported label	303	0.03610885262399635	0.0
LLMarkers	reported label	304	0.04217501890283549	0.016666666666666666
LLMarkers	reported label	305	0.05136849269113581	0.037037037037037035
LLMarkers	reported label	306	0.0464246400369346	0.017391304347826087
LLMarkers	reported label	307	0.0470794416188776	0.0
LLMarkers	reported label	308	0.05627184003590031	0.047619047619047616
LLMarkers	reported label	309	0.04850533479882638	0.02222222222222222
LLMarkers	reported label	310	0.04641655776248078	0.018518518518518517
LLMarkers	reported label	311	0.053331262123417426	0.031746031746031744
LLMarkers	reported label	312	0.04977126912378908	0.025
LLMarkers	reported label	313	0.05289976870725894	0.022222222222222223
LLMarkers	reported label	314	0.05044488431127922	0.006060606060606061
LLMarkers	reported label	315	0.051042690545111374	0.02222222222222222
LLMarkers	reported label	316	0.05055998816367116	0.037037037037037035
LLMarkers	reported label	317	0.041226927006165	0.01
LLMarkers	reported label	318	0.0492080924205778	0.02631578947368421
LLMarkers	reported label	319	0.04540366957593981	0.01
LLMarkers	reported label	320	0.052682162569052754	0.0202020202020202
LLMarkers	reported label	321	0.03633160095153668	0.0
LLMarkers	reported label	322	0.04711979463810276	0.0
LLMarkers	reported label	323	0.04383614449835086	0.017857142857142856
LLMarkers	reported label	324	0.03967597838084066	0.005263157894736842
LLMarkers	reported label	325	0.041011342342651205	0.020833333333333332
LLMarkers	reported label	326	0.047943273575410755	0.00591715976331361
LLMarkers	reported label	327	0.04731322802132287	0.013888888888888888
LLMarkers	reported label	328	0.05284879276753723	0.04
LLMarkers	reported label	329	0.04139146543462892	0.00625
LLMarkers	reported label	330	0.04880642378380941	0.020833333333333332
LLMarkers	reported label	331	0.04449431466666213	0.0
LLMarkers	reported label	332	0.03272409760248101	0.0
LLMarkers	reported label	333	0.051059176765675125	0.015151515151515152
LLMarkers	reported label	334	0.04663841654008135	0.017857142857142856
LLMarkers	reported label	335	0.05164655267050636	0.02857142857142857
LLMarkers	reported label	336	0.03586516558853408	0.0
LLMarkers	reported label	337	0.04408952641479823	0.01818181818181818
LLMarkers	reported label	338	0.043498036628708596	0.0
LLMarkers	reported label	339	0.03869433046621345	0.0
LLMarkers	reported label	340	0.04970137893553891	0.025
LLMarkers	reported label	341	0.05666326784184018	0.04
LLMarkers	reported label	342	0.051011058766616706	0.027777777777777776
LLMarkers	reported label	343	0.05220583417153601	0.028571428571428574
LLMarkers	reported label	344	0.03501450802775404	0.0
LLMarkers	reported label	345	0.05084512782537347	0.015151515151515152
LLMarkers	reported label	346	0.047093064146299136	0.02222222222222222
LLMarkers	reported label	347	0.043076218552908364	0.020833333333333332
LLMarkers	reported label	348	0.043682820995945906	0.027777777777777776
LLMarkers	reported label	349	0.04765519865306284	0.0
LLMarkers	reported label	350	0.053119263386916714	0.020833333333333332
LLMarkers	reported label	351	0.04523245787407471	0.00625
LLMarkers	reported label	352	0.046815675935783625	0.028571428571428574
LLMarkers	reported label	353	0.047790314335111696	0.018960863697705804
LLMarkers	reported label	354	0.048908805926526376	0.02
LLMarkers	reported label	355	0.052516657810161266	0.02197802197802198
LLMarkers	reported label	356	0.036898747840483914	0.00625
LLMarkers	reported label	357	0.039563405827809504	0.006944444444444444
LLMarkers	reported label	358	0.042540878432756904	0.01282051282051282
LLMarkers	reported label	359	0.043053237043217354	0.0
LLMarkers	reported label	360	0.042085413707792375	0.0
LLMarkers	reported label	361	0.048021465514229845	0.017857142857142856
LLMarkers	reported label	362	0.0409704848598573	0.007575757575757575
LLMarkers	reported label	363	0.04647947452745079	0.02222222222222222
LLMarkers	reported label	364	0.044991680169706505	0.017857142857142856
LLMarkers	reported label	365	0.045455578352638956	0.017857142857142856
LLMarkers	reported label	366	0.04190159389946139	0.015384615384615385
LLMarkers	reported label	367	0.045243460008385875	0.024793388429752063
LLMarkers	reported label	368	0.039967443154131	0.0
LLMarkers	reported label	369	0.04263265738709467	0.0
LLMarkers	reported label	370	0.03685623955741277	0.008695652173913044
LLMarkers	reported label	371	0.0443255254631982	0.0
LLMarkers	reported label	372	0.04952892191286268	0.01098901098901099
LLMarkers	reported label	373	0.04431903643886864	0.024301515477986067
LLMarkers	reported label	374	0.04929313240841218	0.02
LLMarkers	reported label	375	0.047376380708056616	0.016666666666666666
LLMarkers	reported label	376	0.04445716584801155	0.017857142857142856
LLMarkers	reported label	377	0.03712114625214813	0.0
LLMarkers	reported label	378	0.045855051979842854	0.02
LLMarkers	reported label	379	0.04841941215148169	0.023809523809523808
LLMarkers	reported label	380	0.05751748881843193	0.022222222222222223
LLMarkers	reported label	381	0.046089787236605874	0.01098901098901099
LLMarkers	reported label	382	0.04347536804055423	0.013888888888888888
LLMarkers	reported label	383	0.04377076102871043	0.0058823529411764705
LLMarkers	reported label	384	0.035535385136920734	0.0
LLMarkers	reported label	385	0.04543515050609169	0.0
LLMarkers	reported label	386	0.04165585451384061	0.013888888888888888
LLMarkers	reported label	387	0.05319724367884211	0.02564102564102564
LLMarkers	reported label	388	0.043533823912201744	0.02222222222222222
LLMarkers	reported label	389	0.04981287905660786	0.018518518518518517
LLMarkers	reported label	390	0.03918305710916705	0.0
LLMarkers	reported label	391	0.03451806837778665	0.0
LLMarkers	reported label	392	0.042490668604167475	0.015873015873015872
LLMarkers	reported label	393	0.03737100535731981	0.015789473684210527
LLMarkers	reported label	394	0.056329603371849404	0.020833333333333332
LLMarkers	reported label	395	0.045385293274624934	0.0303030303030303
LLMarkers	reported label	396	0.05094154700924892	0.028571428571428574
LLMarkers	reported label	397	0.051554260041895526	0.013888888888888888
LLMarkers	reported label	398	0.045162595573398336	0.0
LLMarkers	reported label	399	0.05694268600806154	0.03888888888888888
LLMarkers	reported label	400	0.046282135704037795	0.0
LLMarkers	reported label	401	0.048563696251084386	0.016666666666666666
LLMarkers	reported label	402	0.04470113060638305	0.025
LLMarkers	reported label	403	0.04998394736885481	0.028571428571428574
LLMarkers	reported label	404	0.05020618117382047	0.017543859649122806
LLMarkers	reported label	405	0.04491288187600251	0.025
LLMarkers	reported label	406	0.051178091783328356	0.02857142857142857
LLMarkers	reported label	407	0.044635651310955496	0.018518518518518517
LLMarkers	reported label	408	0.0440709333983856	0.020833333333333332
LLMarkers	reported label	409	0.0498217616110365	0.02222222222222222
LLMarkers	reported label	410	0.04341815830809052	0.0
LLMarkers	reported label	411	0.04235160240289001	0.0
LLMarkers	reported label	412	0.041522500955197515	0.00591715976331361
LLMarkers	reported label	413	0.04092092875518453	0.013888888888888888
LLMarkers	reported label	414	0.049108495718175056	0.02040816326530612
LLMarkers	reported label	415	0.037538459796776634	0.0
LLMarkers	reported label	416	0.05172261732359207	0.03571428571428571
LLMarkers	reported label	417	0.03998110369392084	0.011363636363636364
LLMarkers	reported label	418	0.04658032363194294	0.02222222222222222
LLMarkers	reported label	419	0.042392939208773434	0.0
LLMarkers	reported label	420	0.04039087518673326	0.008547008547008546
LLMarkers	reported label	421	0.040864787340194934	0.007407407407407407
LLMarkers	reported label	422	0.04552696015828175	0.011673414304993251
LLMarkers	reported label	423	0.048605413196824335	0.020833333333333332
LLMarkers	reported label	424	0.05001201034046295	0.01578947368421053
LLMarkers	reported label	425	0.04876307631141509	0.017391304347826087
LLMarkers	reported label	426	0.039589054241557065	0.0
LLMarkers	reported label	427	0.044002009979847476	0.01
LLMarkers	reported label	428	0.04455387639187639	0.0
LLMarkers	reported label	429	0.051466272893361156	0.028571428571428574
LLMarkers	reported label	430	0.0528604398881371	0.020833333333333332
LLMarkers	reported label	431	0.05020454090096014	0.0
LLMarkers	reported label	432	0.04283675840456531	0.015384615384615385
LLMarkers	reported label	433	0.04786802240359878	0.012820512820512822
LLMarkers	reported label	434	0.0423941915381288	0.01818181818181818
LLMarkers	reported label	435	0.04002603441457538	0.0101010101010101
LLMarkers	reported label	436	0.04658722304390648	0.0
LLMarkers	reported label	437	0.043698239545867906	0.013888888888888888
LLMarkers	reported label	438	0.04991107740610961	0.027777777777777776
LLMarkers	reported label	439	0.03934621017056011	0.016666666666666666
LLMarkers	reported label	440	0.04160670917362991	0.0
LLMarkers	reported label	441	0.03860011100435786	0.020833333333333332
LLMarkers	reported label	442	0.045375503550785325	0.012820512820512822
LLMarkers	reported label	443	0.039525015498241764	0.008264462809917356
LLMarkers	reported label	444	0.05355428906171515	0.027777777777777776
LLMarkers	reported label	445	0.03717800927953379	0.0
LLMarkers	reported label	446	0.03828058151705425	0.0
LLMarkers	reported label	447	0.04565224422762131	0.011764705882352941
LLMarkers	reported label	448	0.04414265543996514	0.01
LLMarkers	reported label	449	0.04340836192628713	0.0
LLMarkers	reported label	450	0.03985668456352472	0.0
LLMarkers	reported label	451	0.04571755025564733	0.019230769230769232
LLMarkers	reported label	452	0.041823365880973705	0.0
LLMarkers	reported label	453	0.045685472220339876	0.006944444444444444
LLMarkers	reported label	454	0.04642608202431277	0.018518518518518517
LLMarkers	reported label	455	0.036986526791820365	0.01
LLMarkers	reported label	456	0.047298992941762916	0.005555555555555555
LLMarkers	reported label	457	0.04924210307674016	0.020833333333333332
LLMarkers	reported label	458	0.03902656205402525	0.005263157894736842
LLMarkers	reported label	459	0.0406400336986063	0.006060606060606061
LLMarkers	reported label	460	0.04189406791834445	0.0
LLMarkers	reported label	461	0.056435994553444724	0.020833333333333332
LLMarkers	reported label	462	0.042772760542472206	0.006944444444444444
LLMarkers	reported label	463	0.04148913866621768	0.010526315789473684
LLMarkers	reported label	464	0.05223847205142941	0.020833333333333332
LLMarkers	reported label	465	0.045458060373693376	0.0
LLMarkers	reported label	466	0.045651282284494804	0.020833333333333332
LLMarkers	reported label	467	0.05516975105897376	0.025
LLMarkers	reported label	468	0.049680955168759165	0.015384615384615385
LLMarkers	reported label	469	0.054392715244560935	0.027777777777777776
LLMarkers	reported label	470	0.04473329040676187	0.006060606060606061
LLMarkers	reported label	471	0.03723625983060401	0.0
LLMarkers	reported label	472	0.05501343464730977	0.03009259259259259
LLMarkers	reported label	473	0.04735752974419878	0.012987012987012988
LLMarkers	reported label	474	0.050448608091703144	0.020833333333333332
LLMarkers	reported label	475	0.04080669618850104	0.02197802197802198
LLMarkers	reported label	476	0.0439498538236706	0.007872244714349977
LLMarkers	reported label	477	0.043349092490800746	0.02222222222222222
LLMarkers	reported label	478	0.04275955017361261	0.015873015873015872
LLMarkers	reported label	479	0.04194565199587245	0.008771929824561403
LLMarkers	reported label	480	0.0424023639454435	0.015873015873015872
LLMarkers	reported label	481	0.0526571574210174	0.027777777777777776
LLMarkers	reported label	482	0.04112079149390901	0.016666666666666666
LLMarkers	reported label	483	0.047606760901054236	0.020833333333333332
LLMarkers	reported label	484	0.04552753490628049	0.015873015873015872
LLMarkers	reported label	485	0.04042487669984079	0.0
LLMarkers	reported label	486	0.04542118996777182	0.015151515151515152
LLMarkers	reported label	487	0.049577555027403714	0.01839856050382366
LLMarkers	reported label	488	0.049022041635994704	0.015625
LLMarkers	reported label	489	0.048768536785585376	0.023809523809523808
LLMarkers	reported label	490	0.04317672874577243	0.016644174538911382
LLMarkers	reported label	491	0.05454662768684182	0.037037037037037035
LLMarkers	reported label	492	0.04706749699131134	0.017857142857142856
LLMarkers	reported label	493	0.041153215703977605	0.0
LLMarkers	reported label	494	0.048734291188318145	0.020833333333333332
LLMarkers	reported label	495	0.044714015878415087	0.012987012987012988
LLMarkers	reported label	496	0.049209984096046294	0.025
LLMarkers	reported label	497	0.053936260259582494	0.028571428571428574
LLMarkers	reported label	498	0.04075720298566423	0.0
LLMarkers	reported label	499	0.05055826837588782	0.02564102564102564
LLMarkers	reported label	500	0.05176372474156234	0.013888888888888888
LLMarkers	reported label	501	0.042201977815693466	0.027777777777777776
LLMarkers	reported label	502	0.04119303845327688	0.02
LLMarkers	reported label	503	0.04200239711330381	0.015625
LLMarkers	reported label	504	0.04593051545656378	0.0
LLMarkers	reported label	505	0.037328682391266556	0.0
LLMarkers	reported label	506	0.04203472306478996	0.0
LLMarkers	reported label	507	0.04871201263090646	0.023809523809523808
LLMarkers	reported label	508	0.03647291892375175	0.0
LLMarkers	reported label	509	0.05352385543242315	0.020833333333333332
LLMarkers	reported label	510	0.05138906243169772	0.027777777777777776
LLMarkers	reported label	511	0.04746400447175053	0.022222222222222223
LLMarkers	reported label	512	0.03980890018861159	0.0
LLMarkers	reported label	513	0.04567141957010626	0.0
LLMarkers	reported label	514	0.04617719392591896	0.015079365079365078
LLMarkers	reported label	515	0.05035409152726905	0.005263157894736842
LLMarkers	reported label	516	0.03912745524269108	0.012987012987012988
LLMarkers	reported label	517	0.043430005878395725	0.0
LLMarkers	reported label	518	0.04767101812304989	0.02834008097165992
LLMarkers	reported label	519	0.04453526128172382	0.017857142857142856
LLMarkers	reported label	520	0.04544523682422371	0.008264462809917356
LLMarkers	reported label	521	0.04849432276535235	0.006944444444444444
LLMarkers	reported label	522	0.045429975860348616	0.0
LLMarkers	reported label	523	0.04703775934984426	0.028571428571428574
LLMarkers	reported label	524	0.04027902585908758	0.0
LLMarkers	reported label	525	0.04144971063565997	0.00929246192404087
LLMarkers	reported label	526	0.043577571337840945	0.0043859649122807015
LLMarkers	reported label	527	0.04101996995942176	0.0
LLMarkers	reported label	528	0.043377074141362354	0.0
LLMarkers	reported label	529	0.04903339466098289	0.02857142857142857
LLMarkers	reported label	530	0.04432872968455981	0.021212121212121213
LLMarkers	reported label	531	0.0456607789773689	0.01818181818181818
LLMarkers	reported label	532	0.05254496999227563	0.018518518518518517
LLMarkers	reported label	533	0.04261316958540912	0.0
LLMarkers	reported label	534	0.04301354439646306	0.01875
LLMarkers	reported label	535	0.053790775916193224	0.025
LLMarkers	reported label	536	0.038754407201367316	0.0
LLMarkers	reported label	537	0.05050886412661785	0.014568764568764568
LLMarkers	reported label	538	0.037387510302917266	0.0020242914979757085
LLMarkers	reported label	539	0.0340611368583242	0.013888888888888888
LLMarkers	reported label	540	0.04804571139733407	0.018518518518518517
LLMarkers	reported label	541	0.04652239573252606	0.02222222222222222
LLMarkers	reported label	542	0.04341473013704333	0.0
LLMarkers	reported label	543	0.04892269291335205	0.02
LLMarkers	reported label	544	0.050302123668652	0.02686202686202686
LLMarkers	reported label	545	0.04418629261079018	0.013888888888888888
LLMarkers	reported label	546	0.05108517209062833	0.02222222222222222
LLMarkers	reported label	547	0.04495604589319271	0.010416666666666666
LLMarkers	reported label	548	0.03831733433998565	0.0
LLMarkers	reported label	549	0.051467338392926956	0.020833333333333332
LLMarkers	reported label	550	0.04613988030137375	0.008695652173913044
LLMarkers	reported label	551	0.04214482845371429	0.005847953216374269
LLMarkers	reported label	552	0.04450551693923513	0.018365472910927456
LLMarkers	reported label	553	0.053791819739731406	0.018518518518518517
LLMarkers	reported label	554	0.051117198965050015	0.020833333333333332
LLMarkers	reported label	555	0.03984769263198927	0.02
LLMarkers	reported label	556	0.05208767150744774	0.03333333333333333
LLMarkers	reported label	557	0.044186098785750375	0.0
LLMarkers	reported label	558	0.05058578345718656	0.017857142857142856
LLMarkers	reported label	559	0.0414601918429014	0.020833333333333332
LLMarkers	reported label	560	0.047251708884635264	0.00625
LLMarkers	reported label	561	0.04746186055308058	0.0
LLMarkers	reported label	562	0.042570014133721475	0.017857142857142856
LLMarkers	reported label	563	0.04323712289416002	0.0
LLMarkers	reported label	564	0.043603122522921825	0.015079365079365078
LLMarkers	reported label	565	0.0505684966746938	0.0
LLMarkers	reported label	566	0.04226173876046333	0.010416666666666666
LLMarkers	reported label	567	0.04601416963375334	0.011695906432748537
LLMarkers	reported label	568	0.051235906055494655	0.03333333333333333
LLMarkers	reported label	569	0.04579627544671338	0.02222222222222222
LLMarkers	reported label	570	0.05102569558575259	0.018518518518518517
LLMarkers	reported label	571	0.04831924574787882	0.023809523809523808
LLMarkers	reported label	572	0.049552324149307485	0.016666666666666666
LLMarkers	reported label	573	0.04113733093389593	0.0
LLMarkers	reported label	574	0.045996337971023926	0.0
LLMarkers	reported label	575	0.049183284110320025	0.020833333333333332
LLMarkers	reported label	576	0.052170771832949145	0.020833333333333332
LLMarkers	reported label	577	0.04123813228493494	0.015384615384615385
LLMarkers	reported label	578	0.05048796039273097	0.0071428571428571435
LLMarkers	reported label	579	0.04852955686046504	0.012987012987012988
LLMarkers	reported label	580	0.04919491075529717	0.025
LLMarkers	reported label	581	0.04598649365512879	0.0196078431372549
LLMarkers	reported label	582	0.044106291752976506	0.006944444444444444
LLMarkers	reported label	583	0.04729423282896495	0.02
LLMarkers	reported label	584	0.046705519833115855	0.014035087719298246
LLMarkers	reported label	585	0.04622407511321239	0.023809523809523808
LLMarkers	reported label	586	0.041068985960261414	0.010416666666666666
LLMarkers	reported label	587	0.047984145451019936	0.0
LLMarkers	reported label	588	0.05503836327103219	0.028306878306878305
LLMarkers	reported label	589	0.0435979871285772	0.01659919028340081
LLMarkers	reported label	590	0.03953346608053132	0.017391304347826087
LLMarkers	reported label	591	0.045103560000167464	0.01
LLMarkers	reported label	592	0.041836651360150655	0.018518518518518517
LLMarkers	reported label	593	0.03876121474441103	0.0
LLMarkers	reported label	594	0.04474466970827509	0.015151515151515152
LLMarkers	reported label	595	0.04681299268612487	0.01
LLMarkers	reported label	596	0.054206320205371326	0.01652892561983471
LLMarkers	reported label	597	0.04907542183430072	0.0196078431372549
LLMarkers	reported label	598	0.059809829595044516	0.028571428571428574
LLMarkers	reported label	599	0.04258306179256875	0.0125
LLMarkers	reported label	600	0.04316259202393522	0.0
LLMarkers	reported label	601	0.03962707047094239	0.012987012987012988
LLMarkers	reported label	602	0.046718298501911934	0.0
LLMarkers	reported label	603	0.0434393607878101	0.0
LLMarkers	reported label	604	0.04513106819560871	0.0
LLMarkers	reported label	605	0.044895459877326634	0.015625
LLMarkers	reported label	606	0.04911096368654272	0.018518518518518517
LLMarkers	reported label	607	0.04608943082138743	0.014568764568764568
LLMarkers	reported label	608	0.06036975599591256	0.03333333333333334
LLMarkers	reported label	609	0.042587071067412316	0.0
LLMarkers	reported label	610	0.040620884805429844	0.006944444444444444
LLMarkers	reported label	611	0.04384633591393559	0.012987012987012988
LLMarkers	reported label	612	0.049946329334566025	0.013888888888888888
LLMarkers	reported label	613	0.03747266510748857	0.0
LLMarkers	reported label	614	0.04611492742233002	0.004048582995951417
LLMarkers	reported label	615	0.04334154580850869	0.0
LLMarkers	reported label	616	0.043268399008392466	0.014285714285714287
LLMarkers	reported label	617	0.04144411446915784	0.0
LLMarkers	reported label	618	0.04608008433964548	0.017857142857142856
LLMarkers	reported label	619	0.04053070628849156	0.0
LLMarkers	reported label	620	0.044876382645682625	0.017857142857142856
LLMarkers	reported label	621	0.04420663425400148	0.02564102564102564
LLMarkers	reported label	622	0.038797378766642236	0.013888888888888888
LLMarkers	reported label	623	0.05214292038848466	0.027777777777777776
LLMarkers	reported label	624	0.03945643704862878	0.0
LLMarkers	reported label	625	0.042330699973043756	0.015182186234817815
LLMarkers	reported label	626	0.05048030276811168	0.03333333333333333
LLMarkers	reported label	627	0.037994081280340736	0.0
LLMarkers	reported label	628	0.04939417809508742	0.020833333333333332
LLMarkers	reported label	629	0.04295328381689042	0.017391304347826087
LLMarkers	reported label	630	0.04941493569954275	0.020833333333333332
LLMarkers	reported label	631	0.04543799098426744	0.0
LLMarkers	reported label	632	0.0498897801815123	0.017857142857142856
LLMarkers	reported label	633	0.04676986871758216	0.025
LLMarkers	reported label	634	0.038474181021009815	0.0
LLMarkers	reported label	635	0.0437204772894433	0.01183431952662722
LLMarkers	reported label	636	0.05119727753275562	0.017857142857142856
LLMarkers	reported label	637	0.04368280087993459	0.0
LLMarkers	reported label	638	0.04572336018326387	0.020833333333333332
LLMarkers	reported label	639	0.041782436784256145	0.0
LLMarkers	reported label	640	0.049523965649474616	0.02222222222222222
LLMarkers	reported label	641	0.04565552003652791	0.027777777777777776
LLMarkers	reported label	642	0.04377531706766376	0.010526315789473684
LLMarkers	reported label	643	0.04491129088584519	0.00980392156862745
LLMarkers	reported label	644	0.053419890464392904	0.03571428571428571
LLMarkers	reported label	645	0.042477197869698474	0.025
LLMarkers	reported label	646	0.04009031642340078	0.020833333333333332
LLMarkers	reported label	647	0.04722464012757806	0.013888888888888888
LLMarkers	reported label	648	0.045454887365136136	0.023809523809523808
LLMarkers	reported label	649	0.05334648474486535	0.028571428571428574
LLMarkers	reported label	650	0.04301986839619924	0.008264462809917356
LLMarkers	reported label	651	0.0482734768149599	0.027777777777777776
LLMarkers	reported label	652	0.050701912841296215	0.022222222222222223
LLMarkers	reported label	653	0.0398591091310574	0.013636363636363636
LLMarkers	reported label	654	0.04805936545411238	0.025416104363472785
LLMarkers	reported label	655	0.053954247697639776	0.027777777777777776
LLMarkers	reported label	656	0.041512224391478794	0.0
LLMarkers	reported label	657	0.04855845473430587	0.02564102564102564
LLMarkers	reported label	658	0.05576075292649417	0.020833333333333332
LLMarkers	reported label	659	0.05871440915624775	0.028571428571428574
LLMarkers	reported label	660	0.042969178615053095	0.020833333333333332
LLMarkers	reported label	661	0.0450907282419233	0.025
LLMarkers	reported label	662	0.044060470361696864	0.01515151515151515
LLMarkers	reported label	663	0.04649848486022449	0.00625
LLMarkers	reported label	664	0.049841546522933336	0.037037037037037035
LLMarkers	reported label	665	0.042502540768422165	0.017195767195767195
LLMarkers	reported label	666	0.04400465809036366	0.018162393162393164
LLMarkers	reported label	667	0.04657794177729523	0.017857142857142856
LLMarkers	reported label	668	0.05462243089860449	0.03571428571428571
LLMarkers	reported label	669	0.04503684172788852	0.015384615384615385
LLMarkers	reported label	670	0.045149049814243024	0.016666666666666666
LLMarkers	reported label	671	0.05125520748077393	0.03571428571428571
LLMarkers	reported label	672	0.04196993689817349	0.01652892561983471
LLMarkers	reported label	673	0.041085002618578184	0.0
LLMarkers	reported label	674	0.05027373886777018	0.015151515151515152
LLMarkers	reported label	675	0.04187839780367644	0.037037037037037035
LLMarkers	reported label	676	0.036768528986869754	0.01818181818181818
LLMarkers	reported label	677	0.04704599812912116	0.01098901098901099
LLMarkers	reported label	678	0.042357878622062896	0.01818181818181818
LLMarkers	reported label	679	0.042529784463960926	0.0
LLMarkers	reported label	680	0.03988013391979063	0.0
LLMarkers	reported label	681	0.04156312494446659	0.01898335582546109
LLMarkers	reported label	682	0.04517504992245117	0.017857142857142856
LLMarkers	reported label	683	0.05371131796240304	0.038461538461538464
LLMarkers	reported label	684	0.050342861368047075	0.025
LLMarkers	reported label	685	0.047170181789968346	0.02040816326530612
LLMarkers	reported label	686	0.05265630090126956	0.015079365079365078
LLMarkers	reported label	687	0.042498171014484415	0.0
LLMarkers	reported label	688	0.047078770767726916	0.02190733243364822
LLMarkers	reported label	689	0.053396497667656216	0.01588235294117647
LLMarkers	reported label	690	0.043249600436848286	0.008771929824561403
LLMarkers	reported label	691	0.047582576119825144	0.025
LLMarkers	reported label	692	0.044202998862863954	0.0
LLMarkers	reported label	693	0.05505899778039273	0.047619047619047616
LLMarkers	reported label	694	0.04683838548370164	0.006060606060606061
LLMarkers	reported label	695	0.05139615243554436	0.030303030303030304
LLMarkers	reported label	696	0.04041949015366418	0.0
LLMarkers	reported label	697	0.05021516310717814	0.02222222222222222
LLMarkers	reported label	698	0.04373028690545241	0.01818181818181818
LLMarkers	reported label	699	0.044065471343022786	0.0
LLMarkers	reported label	700	0.04533614600236121	0.012987012987012988
LLMarkers	reported label	701	0.04751029493639462	0.02222222222222222
LLMarkers	reported label	702	0.042667050394990205	0.006993006993006993
LLMarkers	reported label	703	0.04776865607972882	0.02222222222222222
LLMarkers	reported label	704	0.04951760365142211	0.00980392156862745
LLMarkers	reported label	705	0.051902472243862824	0.025
LLMarkers	reported label	706	0.04513110617773273	0.016666666666666666
LLMarkers	reported label	707	0.05370253491113693	0.020833333333333332
LLMarkers	reported label	708	0.05309310831600711	0.02222222222222222
LLMarkers	reported label	709	0.03869303203727651	0.013888888888888888
LLMarkers	reported label	710	0.039087338250072094	0.017857142857142856
LLMarkers	reported label	711	0.04003649070476009	0.012987012987012988
LLMarkers	reported label	712	0.05138953726262192	0.020833333333333332
LLMarkers	reported label	713	0.04012688104843652	0.01
LLMarkers	reported label	714	0.04212719693476431	0.015151515151515152
LLMarkers	reported label	715	0.04234050840682929	0.0
LLMarkers	reported label	716	0.04733133774769305	0.013888888888888888
LLMarkers	reported label	717	0.03923390657611668	0.0
LLMarkers	reported label	718	0.04132559343111401	0.017395510835913314
LLMarkers	reported label	719	0.046514799328790074	0.017857142857142856
LLMarkers	reported label	720	0.03610368349563537	0.0
LLMarkers	reported label	721	0.04520342349628759	0.020833333333333332
LLMarkers	reported label	722	0.0474080223315698	0.015151515151515152
LLMarkers	reported label	723	0.04048572165622882	0.0
LLMarkers	reported label	724	0.042931992021094566	0.008695652173913044
LLMarkers	reported label	725	0.03774765860982566	0.01098901098901099
LLMarkers	reported label	726	0.051539765893411534	0.01818181818181818
LLMarkers	reported label	727	0.053447867702212756	0.03333333333333333
LLMarkers	reported label	728	0.05149385597935507	0.012550607287449394
LLMarkers	reported label	729	0.042374441385027356	0.010526315789473684
LLMarkers	reported label	730	0.04125258479939644	0.0035087719298245615
LLMarkers	reported label	731	0.047840395457283455	0.027777777777777776
LLMarkers	reported label	732	0.04743498488691075	0.024793388429752063
LLMarkers	reported label	733	0.03986223386291179	0.0
LLMarkers	reported label	734	0.04611598880031033	0.020833333333333332
LLMarkers	reported label	735	0.043526138506064495	0.0
LLMarkers	reported label	736	0.04313420715510734	0.0
LLMarkers	reported label	737	0.040043523589714705	0.01515151515151515
LLMarkers	reported label	738	0.04029497111996798	0.0
LLMarkers	reported label	739	0.038940425739335566	0.017857142857142856
LLMarkers	reported label	740	0.04169553892690549	0.012987012987012988
LLMarkers	reported label	741	0.04009171834251619	0.01221001221001221
LLMarkers	reported label	742	0.045360937114739035	0.0
LLMarkers	reported label	743	0.04135074291439878	0.006944444444444444
LLMarkers	reported label	744	0.03956222213946176	0.0
LLMarkers	reported label	745	0.03865746739369929	0.0
LLMarkers	reported label	746	0.04814695531296083	0.017857142857142856
LLMarkers	reported label	747	0.05543256856309719	0.02222222222222222
LLMarkers	reported label	748	0.04926371536466756	0.020833333333333332
LLMarkers	reported label	749	0.04447361952971038	0.01
LLMarkers	reported label	750	0.04763608385564663	0.02222222222222222
LLMarkers	reported label	751	0.05038690009122872	0.03333333333333333
LLMarkers	reported label	752	0.03969880998864978	0.0
LLMarkers	reported label	753	0.046407054237686915	0.025974025974025976
LLMarkers	reported label	754	0.05182442183010993	0.014705882352941176
LLMarkers	reported label	755	0.03534301953003014	0.01183431952662722
LLMarkers	reported label	756	0.05127556468604185	0.027777777777777776
LLMarkers	reported label	757	0.04868825072619596	0.03333333333333333
LLMarkers	reported label	758	0.04386108801323064	0.015625
LLMarkers	reported label	759	0.04471775813157607	0.0
LLMarkers	reported label	760	0.038570780483215814	0.0
LLMarkers	reported label	761	0.04525346595628179	0.017857142857142856
LLMarkers	reported label	762	0.04624362290668285	0.022222222222222223
LLMarkers	reported label	763	0.051161266765446606	0.03125
LLMarkers	reported label	764	0.045029358724003626	0.027777777777777776
LLMarkers	reported label	765	0.04646029556239233	0.00591715976331361
LLMarkers	reported label	766	0.04347408050138927	0.017857142857142856
LLMarkers	reported label	767	0.05369887939384999	0.01578947368421053
LLMarkers	reported label	768	0.04325360016532775	0.00847953216374269
LLMarkers	reported label	769	0.04337380666255855	0.0
LLMarkers	reported label	770	0.04249097960800259	0.0
LLMarkers	reported label	771	0.04349758837883762	0.020833333333333332
LLMarkers	reported label	772	0.049016949908078755	0.00980392156862745
LLMarkers	reported label	773	0.05105606632529	0.025
LLMarkers	reported label	774	0.04560592188570355	0.026900584795321637
LLMarkers	reported label	775	0.04741673556481185	0.01929824561403509
LLMarkers	reported label	776	0.05434810804189072	0.02222222222222222
LLMarkers	reported label	777	0.04572219826090234	0.0
LLMarkers	reported label	778	0.04761644525728125	0.020833333333333332
LLMarkers	reported label	779	0.042911072029880225	0.0
LLMarkers	reported label	780	0.050395502108445345	0.022727272727272728
LLMarkers	reported label	781	0.035074899134025374	0.0
LLMarkers	reported label	782	0.046549815448114	0.03571428571428571
LLMarkers	reported label	783	0.05287415030685728	0.031746031746031744
LLMarkers	reported label	784	0.050676096603749714	0.022222222222222223
LLMarkers	reported label	785	0.040863563675712006	0.008695652173913044
LLMarkers	reported label	786	0.038738987799703736	0.0
LLMarkers	reported label	787	0.038805302973835366	0.0
LLMarkers	reported label	788	0.042480883851384724	0.017543859649122806
LLMarkers	reported label	789	0.04871274199908392	0.020833333333333332
LLMarkers	reported label	790	0.059535418956972806	0.027777777777777776
LLMarkers	reported label	791	0.040942364388224815	0.0202020202020202
LLMarkers	reported label	792	0.040033462346026095	0.0
LLMarkers	reported label	793	0.04282866211325407	0.02222222222222222
LLMarkers	reported label	794	0.04448745542922296	0.008695652173913044
LLMarkers	reported label	795	0.053312321068687926	0.006060606060606061
LLMarkers	reported label	796	0.04580363543115882	0.0
LLMarkers	reported label	797	0.04414577719590704	0.005847953216374269
LLMarkers	reported label	798	0.054550771567118544	0.025
LLMarkers	reported label	799	0.04632282955136147	0.0101010101010101
LLMarkers	reported label	800	0.059055111432146715	0.041025641025641026
LLMarkers	reported label	801	0.04907384736306542	0.02222222222222222
LLMarkers	reported label	802	0.05222242345907863	0.021301775147928994
LLMarkers	reported label	803	0.044138508160589986	0.01515151515151515
LLMarkers	reported label	804	0.045732325203182704	0.008264462809917356
LLMarkers	reported label	805	0.050820848541851364	0.012820512820512822
LLMarkers	reported label	806	0.05288373550161047	0.018518518518518517
LLMarkers	reported label	807	0.05105441282657889	0.021052631578947368
LLMarkers	reported label	808	0.038701942174295643	0.0
LLMarkers	reported label	809	0.04238248690895655	0.022222222222222223
LLMarkers	reported label	810	0.047120020616882564	0.02573099415204678
LLMarkers	reported label	811	0.044522318238615195	0.01818181818181818
LLMarkers	reported label	812	0.03383432544720711	0.0
LLMarkers	reported label	813	0.045374081279376435	0.013888888888888888
LLMarkers	reported label	814	0.04907835140623809	0.025
LLMarkers	reported label	815	0.04217314396837141	0.0
LLMarkers	reported label	816	0.03975928250084132	0.0
LLMarkers	reported label	817	0.038770311495327635	0.013888888888888888
LLMarkers	reported label	818	0.04148131363944321	0.0
LLMarkers	reported label	819	0.04414770730553656	0.027777777777777776
LLMarkers	reported label	820	0.04608922556901418	0.01
LLMarkers	reported label	821	0.048742987606248664	0.020833333333333332
LLMarkers	reported label	822	0.04562228142981681	0.0
LLMarkers	reported label	823	0.04024814267887707	0.006060606060606061
LLMarkers	reported label	824	0.048448535023623895	0.028571428571428574
LLMarkers	reported label	825	0.05122089852277835	0.016666666666666666
LLMarkers	reported label	826	0.049122216318452906	0.01804511278195489
LLMarkers	reported label	827	0.04389094442303395	0.0
LLMarkers	reported label	828	0.05657398057300229	0.01818181818181818
LLMarkers	reported label	829	0.04882089086421511	0.03333333333333333
LLMarkers	reported label	830	0.05749827140978175	0.025
LLMarkers	reported label	831	0.039044296454470565	0.005847953216374269
LLMarkers	reported label	832	0.04442835957347366	0.022222222222222223
LLMarkers	reported label	833	0.050107385994772886	0.028571428571428574
LLMarkers	reported label	834	0.038024946448644154	0.0
LLMarkers	reported label	835	0.05277941853770894	0.017857142857142856
LLMarkers	reported label	836	0.04893149512901803	0.04
LLMarkers	reported label	837	0.04406655457655916	0.02222222222222222
LLMarkers	reported label	838	0.04512140472314581	0.01
LLMarkers	reported label	839	0.04627735490482785	0.022222222222222223
LLMarkers	reported label	840	0.04126952831860881	0.013888888888888888
LLMarkers	reported label	841	0.04759433881515339	0.02
LLMarkers	reported label	842	0.046352705431036915	0.012987012987012988
LLMarkers	reported label	843	0.041898635942020764	0.017543859649122806
LLMarkers	reported label	844	0.045650956127789105	0.020833333333333332
LLMarkers	reported label	845	0.04646803949454005	0.008264462809917356
LLMarkers	reported label	846	0.05170431953637994	0.01183431952662722
LLMarkers	reported label	847	0.04558796296899047	0.013888888888888888
LLMarkers	reported label	848	0.053888124166252604	0.020833333333333332
LLMarkers	reported label	849	0.04198457971505043	0.0
LLMarkers	reported label	850	0.04125206869228231	0.012987012987012988
LLMarkers	reported label	851	0.052636576322942365	0.01599832915622389
LLMarkers	reported label	852	0.05118490039653941	0.025
LLMarkers	reported label	853	0.04198254696423445	0.0101010101010101
LLMarkers	reported label	854	0.051034034434877106	0.01588235294117647
LLMarkers	reported label	855	0.04524489372870764	0.01
LLMarkers	reported label	856	0.04633868141214628	0.020833333333333332
LLMarkers	reported label	857	0.03768043709515524	0.018365472910927456
LLMarkers	reported label	858	0.04900002799137786	0.011278195488721804
LLMarkers	reported label	859	0.048060020621539606	0.020833333333333332
LLMarkers	reported label	860	0.03961914186675172	0.0
LLMarkers	reported label	861	0.04210244575765983	0.020833333333333332
LLMarkers	reported label	862	0.04961021920373803	0.016666666666666666
LLMarkers	reported label	863	0.04637800746060093	0.017857142857142856
LLMarkers	reported label	864	0.04671791403546716	0.021301775147928994
LLMarkers	reported label	865	0.044235654275348646	0.017857142857142856
LLMarkers	reported label	866	0.04443359578300085	0.015384615384615385
LLMarkers	reported label	867	0.040137260270346614	0.01213235294117647
LLMarkers	reported label	868	0.04428102541403943	0.027777777777777776
LLMarkers	reported label	869	0.04191450650770848	0.0
LLMarkers	reported label	870	0.03963339598386095	0.0125
LLMarkers	reported label	871	0.04160348371697762	0.0
LLMarkers	reported label	872	0.05233223579100676	0.017857142857142856
LLMarkers	reported label	873	0.04462686739280117	0.015384615384615385
LLMarkers	reported label	874	0.04614815582527811	0.0
LLMarkers	reported label	875	0.04799189513498635	0.017857142857142856
LLMarkers	reported label	876	0.04437506377106939	0.025
LLMarkers	reported label	877	0.045867551494838045	0.018518518518518517
LLMarkers	reported label	878	0.046369571333673656	0.013888888888888888
LLMarkers	reported label	879	0.0442750579948245	0.023809523809523808
LLMarkers	reported label	880	0.05521194148768069	0.015151515151515152
LLMarkers	reported label	881	0.045751457171883704	0.025
LLMarkers	reported label	882	0.04583261824729692	0.027777777777777776
LLMarkers	reported label	883	0.0426689000378186	0.011764705882352941
LLMarkers	reported label	884	0.05615975384905885	0.03787878787878787
LLMarkers	reported label	885	0.042016151626454355	0.014285714285714287
LLMarkers	reported label	886	0.04238660868783031	0.010416666666666666
LLMarkers	reported label	887	0.03986765187519774	0.02
LLMarkers	reported label	888	0.04446488629139232	0.013053613053613052
LLMarkers	reported label	889	0.04708448660551099	0.017543859649122806
LLMarkers	reported label	890	0.04907685183736624	0.022222222222222223
LLMarkers	reported label	891	0.04091459200022541	0.0
LLMarkers	reported label	892	0.03608299271863525	0.0
LLMarkers	reported label	893	0.055051623633376436	0.025
LLMarkers	reported label	894	0.04473056559562355	0.00931174089068826
LLMarkers	reported label	895	0.043866250195539865	0.0
LLMarkers	reported label	896	0.044610904214863134	0.006993006993006993
LLMarkers	reported label	897	0.046813838792377695	0.01098901098901099
LLMarkers	reported label	898	0.05136765224918004	0.016666666666666666
LLMarkers	reported label	899	0.04479258896776899	0.010416666666666666
LLMarkers	reported label	900	0.040129234650273814	0.0
LLMarkers	reported label	901	0.05251769644204975	0.03571428571428571
LLMarkers	reported label	902	0.0449246241580618	0.015873015873015872
LLMarkers	reported label	903	0.04421834885191648	0.0071428571428571435
LLMarkers	reported label	904	0.04707203013566118	0.020833333333333332
LLMarkers	reported label	905	0.049598802805550235	0.017857142857142856
LLMarkers	reported label	906	0.04326708447342591	0.022138680033416874
LLMarkers	reported label	907	0.04152587190548281	0.011363636363636364
LLMarkers	reported label	908	0.04976900301521703	0.02662993572084481
LLMarkers	reported label	909	0.04417392343822458	0.0
LLMarkers	reported label	910	0.04406708331340573	0.02686202686202686
LLMarkers	reported label	911	0.05136119196824943	0.02827380952380952
LLMarkers	reported label	912	0.047832899318671754	0.028571428571428574
LLMarkers	reported label	913	0.039737763946017246	0.0
LLMarkers	reported label	914	0.049879575000029326	0.02
LLMarkers	reported label	915	0.0432199073844908	0.0
LLMarkers	reported label	916	0.04513653614376897	0.013053613053613052
LLMarkers	reported label	917	0.0520172052570688	0.027777777777777776
LLMarkers	reported label	918	0.04942050403017912	0.03571428571428571
LLMarkers	reported label	919	0.047763258156500774	0.02473724532548062
LLMarkers	reported label	920	0.047557027280451566	0.022222222222222223
LLMarkers	reported label	921	0.04043393901893599	0.01
LLMarkers	reported label	922	0.05577200147331081	0.015384615384615385
LLMarkers	reported label	923	0.04471884324279589	0.0
LLMarkers	reported label	924	0.044268299240748474	0.0020242914979757085
LLMarkers	reported label	925	0.04083042146613597	0.0
LLMarkers	reported label	926	0.0548834049412889	0.02857142857142857
LLMarkers	reported label	927	0.05139092480521185	0.018365472910927456
LLMarkers	reported label	928	0.04594169244026806	0.0071428571428571435
LLMarkers	reported label	929	0.04624935508007675	0.00591715976331361
LLMarkers	reported label	930	0.03884345653092621	0.013636363636363636
LLMarkers	reported label	931	0.05159902486867626	0.03333333333333333
LLMarkers	reported label	932	0.04578075731267784	0.013888888888888888
LLMarkers	reported label	933	0.0461122240722846	0.005847953216374269
LLMarkers	reported label	934	0.039238984324891764	0.0
LLMarkers	reported label	935	0.04801324207138856	0.020833333333333332
LLMarkers	reported label	936	0.03819530223063513	0.015384615384615385
LLMarkers	reported label	937	0.03359560947676131	0.0
LLMarkers	reported label	938	0.054309454555227184	0.022222222222222223
LLMarkers	reported label	939	0.041048635560085416	0.006993006993006993
LLMarkers	reported label	940	0.0449849002000574	0.02
LLMarkers	reported label	941	0.04355143052986803	0.009523809523809523
LLMarkers	reported label	942	0.052758494431424365	0.03333333333333333
LLMarkers	reported label	943	0.044175450995808406	0.017543859649122806
LLMarkers	reported label	944	0.040227849182303634	0.017391304347826087
LLMarkers	reported label	945	0.04446828900846449	0.018518518518518517
LLMarkers	reported label	946	0.051768810243893244	0.020833333333333332
LLMarkers	reported label	947	0.05097898699781238	0.015873015873015872
LLMarkers	reported label	948	0.038204880633602556	0.0
LLMarkers	reported label	949	0.05245282791202898	0.023897058823529414
LLMarkers	reported label	950	0.04343679190766831	0.01
LLMarkers	reported label	951	0.04221056207794439	0.027777777777777776
LLMarkers	reported label	952	0.04055953302857127	0.017857142857142856
LLMarkers	reported label	953	0.04351350126484816	0.00591715976331361
LLMarkers	reported label	954	0.05245575666754592	0.03571428571428571
LLMarkers	reported label	955	0.034899709567798864	0.0
LLMarkers	reported label	956	0.04312754910488479	0.022222222222222223
LLMarkers	reported label	957	0.04541122273782577	0.02
LLMarkers	reported label	958	0.04280353661673206	0.017857142857142856
LLMarkers	reported label	959	0.05457482238273572	0.041666666666666664
LLMarkers	reported label	960	0.04542994638725318	0.008695652173913044
LLMarkers	reported label	961	0.043608743606403884	0.0
LLMarkers	reported label	962	0.04632627214959333	0.012987012987012988
LLMarkers	reported label	963	0.050492251982316445	0.016666666666666666
LLMarkers	reported label	964	0.054459138163244936	0.028571428571428574
LLMarkers	reported label	965	0.045305725715896875	0.015151515151515152
LLMarkers	reported label	966	0.03170849377432572	0.0
LLMarkers	reported label	967	0.042053176041846475	0.0
LLMarkers	reported label	968	0.05429170462467257	0.02857142857142857
LLMarkers	reported label	969	0.05076530627566393	0.0303030303030303
LLMarkers	reported label	970	0.04410790127077476	0.017857142857142856
LLMarkers	reported label	971	0.047288021760289595	0.017857142857142856
LLMarkers	reported label	972	0.05508222956011618	0.04
LLMarkers	reported label	973	0.04540108476447721	0.023809523809523808
LLMarkers	reported label	974	0.04505201433277444	0.0
LLMarkers	reported label	975	0.047027269126368725	0.008771929824561403
LLMarkers	reported label	976	0.051625225225250045	0.016666666666666666
LLMarkers	reported label	977	0.04615569751962085	0.02
LLMarkers	reported label	978	0.045696542045335894	0.0071428571428571435
LLMarkers	reported label	979	0.035246690648990914	0.0
LLMarkers	reported label	980	0.04006016462905514	0.0
LLMarkers	reported label	981	0.052844984989302596	0.022222222222222223
LLMarkers	reported label	982	0.046067147186308596	0.0
LLMarkers	reported label	983	0.04750392870589816	0.028571428571428574
LLMarkers	reported label	984	0.052340575864567765	0.027777777777777776
LLMarkers	reported label	985	0.04048131032874753	0.017857142857142856
LLMarkers	reported label	986	0.03879573591574464	0.0
LLMarkers	reported label	987	0.04762720652723541	0.02
LLMarkers	reported label	988	0.05550681877004574	0.02564102564102564
LLMarkers	reported label	989	0.04390701545591105	0.02
LLMarkers	reported label	990	0.04779754965148908	0.017094017094017092
LLMarkers	reported label	991	0.048337472499585296	0.017857142857142856
LLMarkers	reported label	992	0.03530665147878682	0.0
LLMarkers	reported label	993	0.04303934374851746	0.020833333333333332
LLMarkers	reported label	994	0.041937836319330575	0.0
LLMarkers	reported label	995	0.04728510529065658	0.0058823529411764705
LLMarkers	reported label	996	0.04510883092041129	0.020833333333333332
LLMarkers	reported label	997	0.04307210891075565	0.017857142857142856
LLMarkers	reported label	998	0.049650845674607764	0.022222222222222223
LLMarkers	reported label	999	0.0508938395043813	0.02222222222222222
CAP	Cell Ontology term	0	0.02169425966159592	0.0
CAP	Cell Ontology term	1	0.02322612854685384	0.0
CAP	Cell Ontology term	2	0.025877255190107473	0.0
CAP	Cell Ontology term	3	0.02723211022582913	0.0
CAP	Cell Ontology term	4	0.02337682534478389	0.0
CAP	Cell Ontology term	5	0.029113283112755763	0.0
CAP	Cell Ontology term	6	0.024636305063595928	0.0
CAP	Cell Ontology term	7	0.035737137338237385	0.0
CAP	Cell Ontology term	8	0.027006714687683953	0.0
CAP	Cell Ontology term	9	0.0314415072613707	0.0
CAP	Cell Ontology term	10	0.025692142250431566	0.0
CAP	Cell Ontology term	11	0.026388778978171833	0.0
CAP	Cell Ontology term	12	0.025189184815628873	0.0
CAP	Cell Ontology term	13	0.022875389853786166	0.0
CAP	Cell Ontology term	14	0.02677770207597469	0.0
CAP	Cell Ontology term	15	0.03531827984295936	0.0
CAP	Cell Ontology term	16	0.03296068583237642	0.0
CAP	Cell Ontology term	17	0.02330640804188141	0.0
CAP	Cell Ontology term	18	0.03399761571415698	0.0
CAP	Cell Ontology term	19	0.0269125819589498	0.0
CAP	Cell Ontology term	20	0.031431226630995034	0.0
CAP	Cell Ontology term	21	0.02782277088357354	0.0
CAP	Cell Ontology term	22	0.02700278509172431	0.0
CAP	Cell Ontology term	23	0.027063160505482967	0.0
CAP	Cell Ontology term	24	0.02364187041580337	0.0
CAP	Cell Ontology term	25	0.024275737205389482	0.0
CAP	Cell Ontology term	26	0.025300557422578654	0.0
CAP	Cell Ontology term	27	0.024494503477078756	0.0
CAP	Cell Ontology term	28	0.0206004073554951	0.0
CAP	Cell Ontology term	29	0.02592566152339817	0.0
CAP	Cell Ontology term	30	0.02324148899007086	0.0
CAP	Cell Ontology term	31	0.03642381957292438	0.0
CAP	Cell Ontology term	32	0.024791686892231515	0.0
CAP	Cell Ontology term	33	0.030145875990199945	0.0
CAP	Cell Ontology term	34	0.021973217795755503	0.0
CAP	Cell Ontology term	35	0.026633507029584214	0.0
CAP	Cell Ontology term	36	0.02047380033555073	0.0
CAP	Cell Ontology term	37	0.032783568246970256	0.0
CAP	Cell Ontology term	38	0.025668591465287587	0.0
CAP	Cell Ontology term	39	0.03431841502073083	0.0
CAP	Cell Ontology term	40	0.0213854107911884	0.0
CAP	Cell Ontology term	41	0.02458628950531373	0.0
CAP	Cell Ontology term	42	0.023996198784496908	0.0
CAP	Cell Ontology term	43	0.030182248762226197	0.0
CAP	Cell Ontology term	44	0.02670286172854045	0.0
CAP	Cell Ontology term	45	0.026366393400235704	0.0
CAP	Cell Ontology term	46	0.03128005607644878	0.0
CAP	Cell Ontology term	47	0.036308344419667744	0.0
CAP	Cell Ontology term	48	0.0207004689795815	0.0
CAP	Cell Ontology term	49	0.03330771897733291	0.0
CAP	Cell Ontology term	50	0.029449157011282225	0.0
CAP	Cell Ontology term	51	0.02440496658467308	0.0
CAP	Cell Ontology term	52	0.022533543560917486	0.0
CAP	Cell Ontology term	53	0.026062580988989434	0.0
CAP	Cell Ontology term	54	0.023127638321741053	0.0
CAP	Cell Ontology term	55	0.03321337260809691	0.0
CAP	Cell Ontology term	56	0.03642393892388749	0.0
CAP	Cell Ontology term	57	0.024125668442014622	0.0
CAP	Cell Ontology term	58	0.022962501798653612	0.0
CAP	Cell Ontology term	59	0.02453745853954009	0.0
CAP	Cell Ontology term	60	0.022570757902531678	0.0
CAP	Cell Ontology term	61	0.026593998887956247	0.0
CAP	Cell Ontology term	62	0.02729626211687641	0.0
CAP	Cell Ontology term	63	0.03371038113145391	0.0
CAP	Cell Ontology term	64	0.023229881138893578	0.0
CAP	Cell Ontology term	65	0.02803481525028253	0.0
CAP	Cell Ontology term	66	0.027581557227677918	0.0
CAP	Cell Ontology term	67	0.04011889204895875	0.0
CAP	Cell Ontology term	68	0.03081118547486138	0.0
CAP	Cell Ontology term	69	0.026099738048106745	0.0
CAP	Cell Ontology term	70	0.017617645781793326	0.0
CAP	Cell Ontology term	71	0.027014794203070982	0.0
CAP	Cell Ontology term	72	0.02585160506821491	0.0
CAP	Cell Ontology term	73	0.021094696430018746	0.0
CAP	Cell Ontology term	74	0.031437440857322634	0.0
CAP	Cell Ontology term	75	0.026439137654318646	0.0
CAP	Cell Ontology term	76	0.031139088308205953	0.0
CAP	Cell Ontology term	77	0.028646977453424146	0.0
CAP	Cell Ontology term	78	0.0268664626986839	0.0
CAP	Cell Ontology term	79	0.02509263899399421	0.0
CAP	Cell Ontology term	80	0.0237519464876471	0.0
CAP	Cell Ontology term	81	0.021889556019082983	0.0
CAP	Cell Ontology term	82	0.02127208860653172	0.0
CAP	Cell Ontology term	83	0.022661874417823587	0.0
CAP	Cell Ontology term	84	0.029409926339605187	0.0
CAP	Cell Ontology term	85	0.021269538169297615	0.0
CAP	Cell Ontology term	86	0.023863790607958443	0.0
CAP	Cell Ontology term	87	0.028079629893113245	0.0
CAP	Cell Ontology term	88	0.01832938933040793	0.0
CAP	Cell Ontology term	89	0.020309997924651647	0.0
CAP	Cell Ontology term	90	0.02381166942831021	0.0
CAP	Cell Ontology term	91	0.03026211015527137	0.0
CAP	Cell Ontology term	92	0.032663336873180696	0.0
CAP	Cell Ontology term	93	0.03568134590260163	0.0
CAP	Cell Ontology term	94	0.02773249641718801	0.0
CAP	Cell Ontology term	95	0.023662047404538894	0.0
CAP	Cell Ontology term	96	0.024829772360742824	0.0
CAP	Cell Ontology term	97	0.025437640270503038	0.0
CAP	Cell Ontology term	98	0.03483635118035114	0.0
CAP	Cell Ontology term	99	0.03196427759810181	0.0
CAP	Cell Ontology term	100	0.028118430619527752	0.0
CAP	Cell Ontology term	101	0.027914388903146705	0.0
CAP	Cell Ontology term	102	0.02294628664829774	0.0
CAP	Cell Ontology term	103	0.0254976544889447	0.0
CAP	Cell Ontology term	104	0.030377593028008607	0.0
CAP	Cell Ontology term	105	0.038879520362398855	0.0
CAP	Cell Ontology term	106	0.026628035792373193	0.0
CAP	Cell Ontology term	107	0.023332107659615894	0.0
CAP	Cell Ontology term	108	0.022696171030175072	0.0
CAP	Cell Ontology term	109	0.02707493605979668	0.0
CAP	Cell Ontology term	110	0.027872001027171144	0.0
CAP	Cell Ontology term	111	0.02209833764192579	0.0
CAP	Cell Ontology term	112	0.02450558772331591	0.0
CAP	Cell Ontology term	113	0.030075691097292207	0.0
CAP	Cell Ontology term	114	0.030621875794858696	0.0
CAP	Cell Ontology term	115	0.025958105204630162	0.0
CAP	Cell Ontology term	116	0.03338256040149925	0.0
CAP	Cell Ontology term	117	0.026808819484556472	0.0
CAP	Cell Ontology term	118	0.021465224577142537	0.0
CAP	Cell Ontology term	119	0.03178333345596686	0.0
CAP	Cell Ontology term	120	0.026463959011136847	0.0
CAP	Cell Ontology term	121	0.03611075235254421	0.0
CAP	Cell Ontology term	122	0.02761810245753195	0.0
CAP	Cell Ontology term	123	0.027122037098794783	0.0
CAP	Cell Ontology term	124	0.034470994887298344	0.0
CAP	Cell Ontology term	125	0.028874050817846695	0.0
CAP	Cell Ontology term	126	0.020777226091390006	0.0
CAP	Cell Ontology term	127	0.02696288288897977	0.0
CAP	Cell Ontology term	128	0.01743180799487242	0.0
CAP	Cell Ontology term	129	0.026042137080937697	0.0
CAP	Cell Ontology term	130	0.029257127586494524	0.0
CAP	Cell Ontology term	131	0.025113784742164854	0.0
CAP	Cell Ontology term	132	0.02222271104202763	0.0
CAP	Cell Ontology term	133	0.02747602503624098	0.0
CAP	Cell Ontology term	134	0.026157353659641138	0.0
CAP	Cell Ontology term	135	0.02051786234483969	0.0
CAP	Cell Ontology term	136	0.018169694627953495	0.0
CAP	Cell Ontology term	137	0.028103423737933654	0.0
CAP	Cell Ontology term	138	0.037185770396747565	0.0
CAP	Cell Ontology term	139	0.025044438017551376	0.0
CAP	Cell Ontology term	140	0.027252344552006157	0.0
CAP	Cell Ontology term	141	0.025155998506344916	0.0
CAP	Cell Ontology term	142	0.033113659084372575	0.0
CAP	Cell Ontology term	143	0.027025821096366386	0.0
CAP	Cell Ontology term	144	0.03106673850048617	0.0
CAP	Cell Ontology term	145	0.028595280163931727	0.0
CAP	Cell Ontology term	146	0.024341244426919456	0.0
CAP	Cell Ontology term	147	0.024807169372493745	0.0
CAP	Cell Ontology term	148	0.02071222946656336	0.0
CAP	Cell Ontology term	149	0.032723331931808625	0.0
CAP	Cell Ontology term	150	0.02301023580481416	0.0
CAP	Cell Ontology term	151	0.03273636015413723	0.0
CAP	Cell Ontology term	152	0.026979015687010128	0.0
CAP	Cell Ontology term	153	0.021885699164363077	0.0
CAP	Cell Ontology term	154	0.037443644733226415	0.0
CAP	Cell Ontology term	155	0.024274065155075603	0.0
CAP	Cell Ontology term	156	0.040960027152529395	0.0
CAP	Cell Ontology term	157	0.027882800426171504	0.0
CAP	Cell Ontology term	158	0.025544209015696602	0.0
CAP	Cell Ontology term	159	0.0343192583003411	0.0
CAP	Cell Ontology term	160	0.024760537410562992	0.0
CAP	Cell Ontology term	161	0.022363172166249456	0.0
CAP	Cell Ontology term	162	0.03977557585169403	0.0
CAP	Cell Ontology term	163	0.02827855410742176	0.0
CAP	Cell Ontology term	164	0.029061356691392794	0.0
CAP	Cell Ontology term	165	0.027547658924264338	0.0
CAP	Cell Ontology term	166	0.029482019509430715	0.0
CAP	Cell Ontology term	167	0.031466842104796645	0.0
CAP	Cell Ontology term	168	0.02074271241748116	0.0
CAP	Cell Ontology term	169	0.029553092986321236	0.0
CAP	Cell Ontology term	170	0.030460307308058952	0.0
CAP	Cell Ontology term	171	0.028453596602313558	0.0
CAP	Cell Ontology term	172	0.02935250372456054	0.0
CAP	Cell Ontology term	173	0.022824724499313245	0.0
CAP	Cell Ontology term	174	0.02237765241044429	0.0
CAP	Cell Ontology term	175	0.02335126106536935	0.0
CAP	Cell Ontology term	176	0.023534508676779323	0.0
CAP	Cell Ontology term	177	0.02640454801896367	0.0
CAP	Cell Ontology term	178	0.020301917242722248	0.0
CAP	Cell Ontology term	179	0.03568674203726266	0.0
CAP	Cell Ontology term	180	0.03378000059100949	0.0
CAP	Cell Ontology term	181	0.03068016171139489	0.0
CAP	Cell Ontology term	182	0.030365714453769965	0.0
CAP	Cell Ontology term	183	0.023458595089929007	0.0
CAP	Cell Ontology term	184	0.029330792713996363	0.0
CAP	Cell Ontology term	185	0.020104525987048212	0.0
CAP	Cell Ontology term	186	0.02728507994605437	0.0
CAP	Cell Ontology term	187	0.026962561813935502	0.0
CAP	Cell Ontology term	188	0.03608774080642234	0.0
CAP	Cell Ontology term	189	0.03709934249834788	0.0
CAP	Cell Ontology term	190	0.026600955206883502	0.0
CAP	Cell Ontology term	191	0.027805874792904608	0.0
CAP	Cell Ontology term	192	0.03106201074166045	0.0
CAP	Cell Ontology term	193	0.03244983284619396	0.0
CAP	Cell Ontology term	194	0.040899720679595304	0.0
CAP	Cell Ontology term	195	0.021042300467036854	0.0
CAP	Cell Ontology term	196	0.03126855867691155	0.0
CAP	Cell Ontology term	197	0.028016534718117887	0.0
CAP	Cell Ontology term	198	0.02803552272714019	0.0
CAP	Cell Ontology term	199	0.02135858059108602	0.0
CAP	Cell Ontology term	200	0.028353941342041722	0.0
CAP	Cell Ontology term	201	0.02195866998355864	0.0
CAP	Cell Ontology term	202	0.02526575736024846	0.0
CAP	Cell Ontology term	203	0.02676683522635397	0.0
CAP	Cell Ontology term	204	0.029782881975792642	0.0
CAP	Cell Ontology term	205	0.030639993304327706	0.0
CAP	Cell Ontology term	206	0.026171548957056676	0.0
CAP	Cell Ontology term	207	0.021904183356514596	0.0
CAP	Cell Ontology term	208	0.027461847734415904	0.0
CAP	Cell Ontology term	209	0.019561395559086862	0.0
CAP	Cell Ontology term	210	0.02064364855480598	0.0
CAP	Cell Ontology term	211	0.021671837879122507	0.0
CAP	Cell Ontology term	212	0.023342273354736112	0.0
CAP	Cell Ontology term	213	0.03056759839532434	0.0
CAP	Cell Ontology term	214	0.023426608084752783	0.0
CAP	Cell Ontology term	215	0.02009874378642571	0.0
CAP	Cell Ontology term	216	0.032363431158040794	0.0
CAP	Cell Ontology term	217	0.03214717592599712	0.0
CAP	Cell Ontology term	218	0.02518871346737867	0.0
CAP	Cell Ontology term	219	0.031615580575882644	0.0
CAP	Cell Ontology term	220	0.028263904474963717	0.0
CAP	Cell Ontology term	221	0.024130039625033524	0.0
CAP	Cell Ontology term	222	0.031226348202669174	0.0
CAP	Cell Ontology term	223	0.026852716605411435	0.0
CAP	Cell Ontology term	224	0.026397860313953983	0.0
CAP	Cell Ontology term	225	0.030658922036395298	0.0
CAP	Cell Ontology term	226	0.0217663575010993	0.0
CAP	Cell Ontology term	227	0.026102447999390672	0.0
CAP	Cell Ontology term	228	0.029863112796531113	0.0
CAP	Cell Ontology term	229	0.025908913388112836	0.0
CAP	Cell Ontology term	230	0.031149978885080042	0.0
CAP	Cell Ontology term	231	0.02678373365014729	0.0
CAP	Cell Ontology term	232	0.024581819158324324	0.0
CAP	Cell Ontology term	233	0.025073571447249747	0.0
CAP	Cell Ontology term	234	0.0248528573758629	0.0
CAP	Cell Ontology term	235	0.022694772180782006	0.0
CAP	Cell Ontology term	236	0.026073086047584106	0.0
CAP	Cell Ontology term	237	0.03497899146197281	0.0
CAP	Cell Ontology term	238	0.024937839284054516	0.0
CAP	Cell Ontology term	239	0.025661787953797473	0.0
CAP	Cell Ontology term	240	0.020909775797170627	0.0
CAP	Cell Ontology term	241	0.0290480344018355	0.0
CAP	Cell Ontology term	242	0.027435694886933492	0.0
CAP	Cell Ontology term	243	0.028661050927111197	0.0
CAP	Cell Ontology term	244	0.03176180186260427	0.0
CAP	Cell Ontology term	245	0.02966444409716149	0.0
CAP	Cell Ontology term	246	0.032817577313297416	0.0
CAP	Cell Ontology term	247	0.028199776340326933	0.0
CAP	Cell Ontology term	248	0.02460998185379247	0.0
CAP	Cell Ontology term	249	0.02405733241781339	0.0
CAP	Cell Ontology term	250	0.02679326238550265	0.0
CAP	Cell Ontology term	251	0.025968279355651363	0.0
CAP	Cell Ontology term	252	0.030239507916762574	0.0
CAP	Cell Ontology term	253	0.0427719555329963	0.0
CAP	Cell Ontology term	254	0.02089818382712789	0.0
CAP	Cell Ontology term	255	0.033358559237444	0.0
CAP	Cell Ontology term	256	0.027479653653565687	0.0
CAP	Cell Ontology term	257	0.026104879808266604	0.0
CAP	Cell Ontology term	258	0.02139638182689981	0.0
CAP	Cell Ontology term	259	0.023917900108878794	0.0
CAP	Cell Ontology term	260	0.025655358331654065	0.0
CAP	Cell Ontology term	261	0.02624078759720746	0.0
CAP	Cell Ontology term	262	0.02683780746931688	0.0
CAP	Cell Ontology term	263	0.02548287769970139	0.0
CAP	Cell Ontology term	264	0.02010399852619329	0.0
CAP	Cell Ontology term	265	0.0245044600193759	0.0
CAP	Cell Ontology term	266	0.02858368008192702	0.0
CAP	Cell Ontology term	267	0.027655769112773884	0.0
CAP	Cell Ontology term	268	0.02858279325430874	0.0
CAP	Cell Ontology term	269	0.028367334661191096	0.0
CAP	Cell Ontology term	270	0.03141164887655988	0.0
CAP	Cell Ontology term	271	0.02856241528054868	0.0
CAP	Cell Ontology term	272	0.018191550284162115	0.0
CAP	Cell Ontology term	273	0.01969926460495393	0.0
CAP	Cell Ontology term	274	0.02128903280168713	0.0
CAP	Cell Ontology term	275	0.02619878845398934	0.0
CAP	Cell Ontology term	276	0.024221751963461102	0.0
CAP	Cell Ontology term	277	0.029770861317038235	0.0
CAP	Cell Ontology term	278	0.030006596314116563	0.0
CAP	Cell Ontology term	279	0.031713958536599314	0.0
CAP	Cell Ontology term	280	0.028419752573555765	0.0
CAP	Cell Ontology term	281	0.02736751423831481	0.0
CAP	Cell Ontology term	282	0.0215317862576147	0.0
CAP	Cell Ontology term	283	0.02931564942418855	0.0
CAP	Cell Ontology term	284	0.0264293612797364	0.0
CAP	Cell Ontology term	285	0.02234443216853929	0.0
CAP	Cell Ontology term	286	0.025813267100732517	0.0
CAP	Cell Ontology term	287	0.025131941292042725	0.0
CAP	Cell Ontology term	288	0.028372117748649877	0.0
CAP	Cell Ontology term	289	0.02472952886310151	0.0
CAP	Cell Ontology term	290	0.0239916468506604	0.0
CAP	Cell Ontology term	291	0.041424362062677675	0.0
CAP	Cell Ontology term	292	0.02671522967173334	0.0
CAP	Cell Ontology term	293	0.023328585835277922	0.0
CAP	Cell Ontology term	294	0.03585516668886645	0.0
CAP	Cell Ontology term	295	0.03451261910035382	0.0
CAP	Cell Ontology term	296	0.026723348476187313	0.0
CAP	Cell Ontology term	297	0.03535169736465554	0.0
CAP	Cell Ontology term	298	0.03292567048752892	0.0
CAP	Cell Ontology term	299	0.02842003332985673	0.0
CAP	Cell Ontology term	300	0.031003752712925825	0.0
CAP	Cell Ontology term	301	0.026628854415607122	0.0
CAP	Cell Ontology term	302	0.021961508593486966	0.0
CAP	Cell Ontology term	303	0.02895436547796329	0.0
CAP	Cell Ontology term	304	0.022038492956601326	0.0
CAP	Cell Ontology term	305	0.03033486814475495	0.0
CAP	Cell Ontology term	306	0.023386428002073755	0.0
CAP	Cell Ontology term	307	0.022802682657903816	0.0
CAP	Cell Ontology term	308	0.03664962620414477	0.0
CAP	Cell Ontology term	309	0.03218913306865532	0.0
CAP	Cell Ontology term	310	0.03212565708367028	0.0
CAP	Cell Ontology term	311	0.022750971338089784	0.0
CAP	Cell Ontology term	312	0.020886410766887433	0.0
CAP	Cell Ontology term	313	0.02916268186575881	0.0
CAP	Cell Ontology term	314	0.027297580095327713	0.0
CAP	Cell Ontology term	315	0.01960107277175812	0.0
CAP	Cell Ontology term	316	0.027847861921547003	0.0
CAP	Cell Ontology term	317	0.02479734385984386	0.0
CAP	Cell Ontology term	318	0.02941028056036529	0.0
CAP	Cell Ontology term	319	0.022364864183143207	0.0
CAP	Cell Ontology term	320	0.03241358211016239	0.0
CAP	Cell Ontology term	321	0.026914433110632827	0.0
CAP	Cell Ontology term	322	0.025367787144282932	0.0
CAP	Cell Ontology term	323	0.02465799521310488	0.0
CAP	Cell Ontology term	324	0.02532905112240763	0.0
CAP	Cell Ontology term	325	0.026795277195629345	0.0
CAP	Cell Ontology term	326	0.01861998789126158	0.0
CAP	Cell Ontology term	327	0.023629508549282762	0.0
CAP	Cell Ontology term	328	0.022076687639309565	0.0
CAP	Cell Ontology term	329	0.026941479827643163	0.0
CAP	Cell Ontology term	330	0.028997038901858233	0.0
CAP	Cell Ontology term	331	0.03276693793728085	0.0
CAP	Cell Ontology term	332	0.031198741766407936	0.0
CAP	Cell Ontology term	333	0.028429988966935386	0.0
CAP	Cell Ontology term	334	0.026539194313944973	0.0
CAP	Cell Ontology term	335	0.027250656749990755	0.0
CAP	Cell Ontology term	336	0.02579650352926095	0.0
CAP	Cell Ontology term	337	0.022613157742954918	0.0
CAP	Cell Ontology term	338	0.026154760025037634	0.0
CAP	Cell Ontology term	339	0.03414354762053266	0.0
CAP	Cell Ontology term	340	0.022930019092235507	0.0
CAP	Cell Ontology term	341	0.03611679032784378	0.0
CAP	Cell Ontology term	342	0.02886714844458147	0.0
CAP	Cell Ontology term	343	0.03037748529458096	0.0
CAP	Cell Ontology term	344	0.026854426799141528	0.0
CAP	Cell Ontology term	345	0.025609245830884062	0.0
CAP	Cell Ontology term	346	0.028047735662514745	0.0
CAP	Cell Ontology term	347	0.0244527220584005	0.0
CAP	Cell Ontology term	348	0.027695705072403917	0.0
CAP	Cell Ontology term	349	0.021363168415411284	0.0
CAP	Cell Ontology term	350	0.025790264622593075	0.0
CAP	Cell Ontology term	351	0.03345453738843806	0.0
CAP	Cell Ontology term	352	0.030517547834309305	0.0
CAP	Cell Ontology term	353	0.026670373863195602	0.0
CAP	Cell Ontology term	354	0.03217972777347445	0.0
CAP	Cell Ontology term	355	0.015729422026880574	0.0
CAP	Cell Ontology term	356	0.024254668239662786	0.0
CAP	Cell Ontology term	357	0.022383768632941496	0.0
CAP	Cell Ontology term	358	0.030548140466532543	0.0
CAP	Cell Ontology term	359	0.023277091944329573	0.0
CAP	Cell Ontology term	360	0.022939770276535154	0.0
CAP	Cell Ontology term	361	0.026489238500122417	0.0
CAP	Cell Ontology term	362	0.021341676233432815	0.0
CAP	Cell Ontology term	363	0.02385363307944749	0.0
CAP	Cell Ontology term	364	0.024137433142863957	0.0
CAP	Cell Ontology term	365	0.03191363047830375	0.0
CAP	Cell Ontology term	366	0.02799760489488829	0.0
CAP	Cell Ontology term	367	0.023858922510595085	0.0
CAP	Cell Ontology term	368	0.024864587054950957	0.0
CAP	Cell Ontology term	369	0.023872367312611217	0.0
CAP	Cell Ontology term	370	0.030051029216585888	0.0
CAP	Cell Ontology term	371	0.0233195424737571	0.0
CAP	Cell Ontology term	372	0.032677839676976544	0.0
CAP	Cell Ontology term	373	0.02511276460451938	0.0
CAP	Cell Ontology term	374	0.024983895505086694	0.0
CAP	Cell Ontology term	375	0.031475627319032	0.0
CAP	Cell Ontology term	376	0.023413792118567478	0.0
CAP	Cell Ontology term	377	0.027199069809919995	0.0
CAP	Cell Ontology term	378	0.02165250448975429	0.0
CAP	Cell Ontology term	379	0.026955135854481085	0.0
CAP	Cell Ontology term	380	0.032631892841040455	0.0
CAP	Cell Ontology term	381	0.03297665457837177	0.0
CAP	Cell Ontology term	382	0.02663239037700435	0.0
CAP	Cell Ontology term	383	0.026121200443681575	0.0
CAP	Cell Ontology term	384	0.02485704432570143	0.0
CAP	Cell Ontology term	385	0.02164050578236479	0.0
CAP	Cell Ontology term	386	0.03171654220307617	0.0
CAP	Cell Ontology term	387	0.03131630999974375	0.0
CAP	Cell Ontology term	388	0.0218944094057986	0.0
CAP	Cell Ontology term	389	0.02792298504324808	0.0
CAP	Cell Ontology term	390	0.02351878490579167	0.0
CAP	Cell Ontology term	391	0.027417793048716933	0.0
CAP	Cell Ontology term	392	0.029731590496585445	0.0
CAP	Cell Ontology term	393	0.023637946907080758	0.0
CAP	Cell Ontology term	394	0.033365049632970205	0.0
CAP	Cell Ontology term	395	0.026566013663556168	0.0
CAP	Cell Ontology term	396	0.03202903076456659	0.0
CAP	Cell Ontology term	397	0.023566272234176816	0.0
CAP	Cell Ontology term	398	0.020361080283265193	0.0
CAP	Cell Ontology term	399	0.02557644361494681	0.0
CAP	Cell Ontology term	400	0.030356110014922742	0.0
CAP	Cell Ontology term	401	0.018827096020523112	0.0
CAP	Cell Ontology term	402	0.0248244366196094	0.0
CAP	Cell Ontology term	403	0.02907932158117193	0.0
CAP	Cell Ontology term	404	0.025828827862780516	0.0
CAP	Cell Ontology term	405	0.026889925208920796	0.0
CAP	Cell Ontology term	406	0.022848120116661257	0.0
CAP	Cell Ontology term	407	0.032730566464322125	0.0
CAP	Cell Ontology term	408	0.03145236864396253	0.0
CAP	Cell Ontology term	409	0.03488464732062997	0.0
CAP	Cell Ontology term	410	0.02008027420807511	0.0
CAP	Cell Ontology term	411	0.023993404133670154	0.0
CAP	Cell Ontology term	412	0.02241597172193049	0.0
CAP	Cell Ontology term	413	0.033948738270947264	0.0
CAP	Cell Ontology term	414	0.03176857727789177	0.0
CAP	Cell Ontology term	415	0.02039624316427602	0.0
CAP	Cell Ontology term	416	0.027606623217309046	0.0
CAP	Cell Ontology term	417	0.02090675580824838	0.0
CAP	Cell Ontology term	418	0.029326032379515095	0.0
CAP	Cell Ontology term	419	0.027786104680502736	0.0
CAP	Cell Ontology term	420	0.02577725347569117	0.0
CAP	Cell Ontology term	421	0.0274636629318649	0.0
CAP	Cell Ontology term	422	0.024351176261185978	0.0
CAP	Cell Ontology term	423	0.025855478896480107	0.0
CAP	Cell Ontology term	424	0.026644166670414315	0.0
CAP	Cell Ontology term	425	0.03435109081652123	0.0
CAP	Cell Ontology term	426	0.025350076955421973	0.0
CAP	Cell Ontology term	427	0.025988529153831687	0.0
CAP	Cell Ontology term	428	0.026056979815929384	0.0
CAP	Cell Ontology term	429	0.027359984923301557	0.0
CAP	Cell Ontology term	430	0.03502888787043835	0.0
CAP	Cell Ontology term	431	0.028225842740980184	0.0
CAP	Cell Ontology term	432	0.027171172394824892	0.0
CAP	Cell Ontology term	433	0.02283899371368814	0.0
CAP	Cell Ontology term	434	0.02944963055592956	0.0
CAP	Cell Ontology term	435	0.02725794836343845	0.0
CAP	Cell Ontology term	436	0.02832479466490323	0.0
CAP	Cell Ontology term	437	0.022239652337209415	0.0
CAP	Cell Ontology term	438	0.03172011080395349	0.0
CAP	Cell Ontology term	439	0.027609262922813984	0.0
CAP	Cell Ontology term	440	0.023971261579969996	0.0
CAP	Cell Ontology term	441	0.024542306380100246	0.0
CAP	Cell Ontology term	442	0.032547432272929104	0.0
CAP	Cell Ontology term	443	0.03433156930008027	0.0
CAP	Cell Ontology term	444	0.02477960073668093	0.0
CAP	Cell Ontology term	445	0.039125946045402475	0.0
CAP	Cell Ontology term	446	0.023902903710408107	0.0
CAP	Cell Ontology term	447	0.025651077132969914	0.0
CAP	Cell Ontology term	448	0.02328491259127314	0.0
CAP	Cell Ontology term	449	0.024250937901659046	0.0
CAP	Cell Ontology term	450	0.03505800639238607	0.0
CAP	Cell Ontology term	451	0.02613254076064659	0.0
CAP	Cell Ontology term	452	0.03187481752869444	0.0
CAP	Cell Ontology term	453	0.02480783748571678	0.0
CAP	Cell Ontology term	454	0.027672109941326076	0.0
CAP	Cell Ontology term	455	0.02312368467339942	0.0
CAP	Cell Ontology term	456	0.018196298173687998	0.0
CAP	Cell Ontology term	457	0.024892585383800386	0.0
CAP	Cell Ontology term	458	0.02829785213844338	0.0
CAP	Cell Ontology term	459	0.034475878861336455	0.0
CAP	Cell Ontology term	460	0.019697247103254642	0.0
CAP	Cell Ontology term	461	0.034364940421326255	0.0
CAP	Cell Ontology term	462	0.02765316138356833	0.0
CAP	Cell Ontology term	463	0.03160422532637055	0.0
CAP	Cell Ontology term	464	0.028192378958058546	0.0
CAP	Cell Ontology term	465	0.03387061862094133	0.0
CAP	Cell Ontology term	466	0.034346951804551426	0.0
CAP	Cell Ontology term	467	0.02803175730945737	0.0
CAP	Cell Ontology term	468	0.021692566078304918	0.0
CAP	Cell Ontology term	469	0.024037471034397552	0.0
CAP	Cell Ontology term	470	0.02733518842753433	0.0
CAP	Cell Ontology term	471	0.02395135179260763	0.0
CAP	Cell Ontology term	472	0.024854057855333483	0.0
CAP	Cell Ontology term	473	0.024911116933294685	0.0
CAP	Cell Ontology term	474	0.022136190684446583	0.0
CAP	Cell Ontology term	475	0.017917116722451276	0.0
CAP	Cell Ontology term	476	0.026575305096526926	0.0
CAP	Cell Ontology term	477	0.028817916047303212	0.0
CAP	Cell Ontology term	478	0.028412917334008105	0.0
CAP	Cell Ontology term	479	0.029692946690208565	0.0
CAP	Cell Ontology term	480	0.02797865587160773	0.0
CAP	Cell Ontology term	481	0.030477755508070265	0.0
CAP	Cell Ontology term	482	0.02888742789915759	0.0
CAP	Cell Ontology term	483	0.023789226672454318	0.0
CAP	Cell Ontology term	484	0.030091519830611924	0.0
CAP	Cell Ontology term	485	0.019090683920065642	0.0
CAP	Cell Ontology term	486	0.028837104904067795	0.0
CAP	Cell Ontology term	487	0.027474847887974583	0.0
CAP	Cell Ontology term	488	0.028457969922305346	0.0
CAP	Cell Ontology term	489	0.02639042489570078	0.0
CAP	Cell Ontology term	490	0.02884505922735581	0.0
CAP	Cell Ontology term	491	0.0252464269217153	0.0
CAP	Cell Ontology term	492	0.022676025775483118	0.0
CAP	Cell Ontology term	493	0.026089519277280926	0.0
CAP	Cell Ontology term	494	0.0227736113166119	0.0
CAP	Cell Ontology term	495	0.029454544622788632	0.0
CAP	Cell Ontology term	496	0.02735122570532209	0.0
CAP	Cell Ontology term	497	0.03101973984931207	0.0
CAP	Cell Ontology term	498	0.027058200329982733	0.0
CAP	Cell Ontology term	499	0.02929820063263067	0.0
CAP	Cell Ontology term	500	0.03468455606994551	0.0
CAP	Cell Ontology term	501	0.028137663886328254	0.0
CAP	Cell Ontology term	502	0.03161700120235202	0.0
CAP	Cell Ontology term	503	0.032083355224005454	0.0
CAP	Cell Ontology term	504	0.029690647505483735	0.0
CAP	Cell Ontology term	505	0.03689735975959614	0.0
CAP	Cell Ontology term	506	0.034256774242053464	0.0
CAP	Cell Ontology term	507	0.028535128188695247	0.0
CAP	Cell Ontology term	508	0.020920642507051244	0.0
CAP	Cell Ontology term	509	0.03424816088975847	0.0
CAP	Cell Ontology term	510	0.019194453394644793	0.0
CAP	Cell Ontology term	511	0.024353081629527706	0.0
CAP	Cell Ontology term	512	0.02755883061374689	0.0
CAP	Cell Ontology term	513	0.03097423320905997	0.0
CAP	Cell Ontology term	514	0.0274244050874195	0.0
CAP	Cell Ontology term	515	0.025015367100633276	0.0
CAP	Cell Ontology term	516	0.029286531862265187	0.0
CAP	Cell Ontology term	517	0.02606582063772299	0.0
CAP	Cell Ontology term	518	0.03614998332744733	0.0
CAP	Cell Ontology term	519	0.028139739177077305	0.0
CAP	Cell Ontology term	520	0.023929205660649308	0.0
CAP	Cell Ontology term	521	0.02702193997824704	0.0
CAP	Cell Ontology term	522	0.024574389808735612	0.0
CAP	Cell Ontology term	523	0.022336818729018663	0.0
CAP	Cell Ontology term	524	0.025508292972014693	0.0
CAP	Cell Ontology term	525	0.02283342309716813	0.0
CAP	Cell Ontology term	526	0.02634733198370082	0.0
CAP	Cell Ontology term	527	0.03114229695180405	0.0
CAP	Cell Ontology term	528	0.024499991701095517	0.0
CAP	Cell Ontology term	529	0.02734850563570577	0.0
CAP	Cell Ontology term	530	0.02602734193468253	0.0
CAP	Cell Ontology term	531	0.03319292017473004	0.0
CAP	Cell Ontology term	532	0.028891484215516985	0.0
CAP	Cell Ontology term	533	0.03722593380853258	0.0
CAP	Cell Ontology term	534	0.04012291951872114	0.0
CAP	Cell Ontology term	535	0.03515105030944476	0.0
CAP	Cell Ontology term	536	0.024432454249862855	0.0
CAP	Cell Ontology term	537	0.026528350177421344	0.0
CAP	Cell Ontology term	538	0.03183533295438186	0.0
CAP	Cell Ontology term	539	0.02447115157170048	0.0
CAP	Cell Ontology term	540	0.02495880552590706	0.0
CAP	Cell Ontology term	541	0.031226850825525287	0.0
CAP	Cell Ontology term	542	0.033227799828696315	0.0
CAP	Cell Ontology term	543	0.026898976744503693	0.0
CAP	Cell Ontology term	544	0.02874764409280901	0.0
CAP	Cell Ontology term	545	0.020430532513076208	0.0
CAP	Cell Ontology term	546	0.021971461658733444	0.0
CAP	Cell Ontology term	547	0.022291914849076177	0.0
CAP	Cell Ontology term	548	0.02796361777732944	0.0
CAP	Cell Ontology term	549	0.02898948532877747	0.0
CAP	Cell Ontology term	550	0.027482394808594414	0.0
CAP	Cell Ontology term	551	0.027037831261769615	0.0
CAP	Cell Ontology term	552	0.02395148082422923	0.0
CAP	Cell Ontology term	553	0.02661804643977608	0.0
CAP	Cell Ontology term	554	0.02580674007314362	0.0
CAP	Cell Ontology term	555	0.020305134254968014	0.0
CAP	Cell Ontology term	556	0.02197635930385211	0.0
CAP	Cell Ontology term	557	0.024002636128935544	0.0
CAP	Cell Ontology term	558	0.020942541344237058	0.0
CAP	Cell Ontology term	559	0.029986148685489808	0.0
CAP	Cell Ontology term	560	0.02512544393948164	0.0
CAP	Cell Ontology term	561	0.026425428099928993	0.0
CAP	Cell Ontology term	562	0.026816861657247937	0.0
CAP	Cell Ontology term	563	0.025979630970969607	0.0
CAP	Cell Ontology term	564	0.03137725726223303	0.0
CAP	Cell Ontology term	565	0.03160298804653471	0.0
CAP	Cell Ontology term	566	0.029693546119946845	0.0
CAP	Cell Ontology term	567	0.024336063805614472	0.0
CAP	Cell Ontology term	568	0.021743730141622956	0.0
CAP	Cell Ontology term	569	0.024193178247463674	0.0
CAP	Cell Ontology term	570	0.02811711411946717	0.0
CAP	Cell Ontology term	571	0.031145637140422757	0.0
CAP	Cell Ontology term	572	0.03189668706268002	0.0
CAP	Cell Ontology term	573	0.03151893331703322	0.0
CAP	Cell Ontology term	574	0.027835399966571132	0.0
CAP	Cell Ontology term	575	0.029219482795086692	0.0
CAP	Cell Ontology term	576	0.03372143078490213	0.0
CAP	Cell Ontology term	577	0.03267399425941836	0.0
CAP	Cell Ontology term	578	0.02666238265587667	0.0
CAP	Cell Ontology term	579	0.027785130536376386	0.0
CAP	Cell Ontology term	580	0.02596383388067412	0.0
CAP	Cell Ontology term	581	0.02912857769458381	0.0
CAP	Cell Ontology term	582	0.027734114440889714	0.0
CAP	Cell Ontology term	583	0.03387024677560568	0.0
CAP	Cell Ontology term	584	0.025450730230084137	0.0
CAP	Cell Ontology term	585	0.026434105799167308	0.0
CAP	Cell Ontology term	586	0.0282293428722643	0.0
CAP	Cell Ontology term	587	0.033531044353408486	0.0
CAP	Cell Ontology term	588	0.02725991664051053	0.0
CAP	Cell Ontology term	589	0.035623984365077646	0.0
CAP	Cell Ontology term	590	0.025159762106613675	0.0
CAP	Cell Ontology term	591	0.033455535635451054	0.0
CAP	Cell Ontology term	592	0.021151623953187433	0.0
CAP	Cell Ontology term	593	0.022201673366307975	0.0
CAP	Cell Ontology term	594	0.025289505539037117	0.0
CAP	Cell Ontology term	595	0.025437167304221117	0.0
CAP	Cell Ontology term	596	0.024469557598517568	0.0
CAP	Cell Ontology term	597	0.024988663316356696	0.0
CAP	Cell Ontology term	598	0.02262406644665622	0.0
CAP	Cell Ontology term	599	0.029540000234356465	0.0
CAP	Cell Ontology term	600	0.030091097680428395	0.0
CAP	Cell Ontology term	601	0.025541581533386457	0.0
CAP	Cell Ontology term	602	0.022230754130205005	0.0
CAP	Cell Ontology term	603	0.027446542497336374	0.0
CAP	Cell Ontology term	604	0.025291889555730796	0.0
CAP	Cell Ontology term	605	0.021233373326724436	0.0
CAP	Cell Ontology term	606	0.02010127252672098	0.0
CAP	Cell Ontology term	607	0.02488381348003685	0.0
CAP	Cell Ontology term	608	0.029714175110243723	0.0
CAP	Cell Ontology term	609	0.02129512174194299	0.0
CAP	Cell Ontology term	610	0.023280196675985222	0.0
CAP	Cell Ontology term	611	0.027384223058250164	0.0
CAP	Cell Ontology term	612	0.02433017881241724	0.0
CAP	Cell Ontology term	613	0.029095504680224645	0.0
CAP	Cell Ontology term	614	0.027495234429150205	0.0
CAP	Cell Ontology term	615	0.02534838153105028	0.0
CAP	Cell Ontology term	616	0.031954823077778374	0.0
CAP	Cell Ontology term	617	0.027297848337080734	0.0
CAP	Cell Ontology term	618	0.030294836872470678	0.0
CAP	Cell Ontology term	619	0.022768787861034975	0.0
CAP	Cell Ontology term	620	0.030054111174075072	0.0
CAP	Cell Ontology term	621	0.023132385817536835	0.0
CAP	Cell Ontology term	622	0.030148674580527873	0.0
CAP	Cell Ontology term	623	0.022178630973145257	0.0
CAP	Cell Ontology term	624	0.024767387111803	0.0
CAP	Cell Ontology term	625	0.0326608685503968	0.0
CAP	Cell Ontology term	626	0.029472210088040872	0.0
CAP	Cell Ontology term	627	0.030415907394558708	0.0
CAP	Cell Ontology term	628	0.03278825475380688	0.0
CAP	Cell Ontology term	629	0.03472348242034513	0.0
CAP	Cell Ontology term	630	0.019377765665758218	0.0
CAP	Cell Ontology term	631	0.02465564468339017	0.0
CAP	Cell Ontology term	632	0.02257130436694911	0.0
CAP	Cell Ontology term	633	0.020377641826636664	0.0
CAP	Cell Ontology term	634	0.029782201188182797	0.0
CAP	Cell Ontology term	635	0.024579665186291406	0.0
CAP	Cell Ontology term	636	0.024264230595612446	0.0
CAP	Cell Ontology term	637	0.028812234390530125	0.0
CAP	Cell Ontology term	638	0.017373609070587815	0.0
CAP	Cell Ontology term	639	0.02592148850935352	0.0
CAP	Cell Ontology term	640	0.030595347676763168	0.0
CAP	Cell Ontology term	641	0.02629339256074528	0.0
CAP	Cell Ontology term	642	0.02620848084412144	0.0
CAP	Cell Ontology term	643	0.02661769431896271	0.0
CAP	Cell Ontology term	644	0.028998432072907657	0.0
CAP	Cell Ontology term	645	0.03287763292880019	0.0
CAP	Cell Ontology term	646	0.03060414221542879	0.0
CAP	Cell Ontology term	647	0.021163864633234025	0.0
CAP	Cell Ontology term	648	0.02228481351128941	0.0
CAP	Cell Ontology term	649	0.02679280156719373	0.0
CAP	Cell Ontology term	650	0.022528854337969507	0.0
CAP	Cell Ontology term	651	0.027312410432637792	0.0
CAP	Cell Ontology term	652	0.030861820790447077	0.0
CAP	Cell Ontology term	653	0.02040094493429867	0.0
CAP	Cell Ontology term	654	0.027890918658365012	0.0
CAP	Cell Ontology term	655	0.03405630227311225	0.0
CAP	Cell Ontology term	656	0.039728504881790805	0.0
CAP	Cell Ontology term	657	0.02690609744725455	0.0
CAP	Cell Ontology term	658	0.03064355963071202	0.0
CAP	Cell Ontology term	659	0.02709778856865001	0.0
CAP	Cell Ontology term	660	0.030009702308408204	0.0
CAP	Cell Ontology term	661	0.023664089649193913	0.0
CAP	Cell Ontology term	662	0.026931860667167212	0.0
CAP	Cell Ontology term	663	0.0283070448838087	0.0
CAP	Cell Ontology term	664	0.02327823697170028	0.0
CAP	Cell Ontology term	665	0.02938907952859556	0.0
CAP	Cell Ontology term	666	0.03450919113378741	0.0
CAP	Cell Ontology term	667	0.025021124656534357	0.0
CAP	Cell Ontology term	668	0.029519891825341236	0.0
CAP	Cell Ontology term	669	0.025378669519840677	0.0
CAP	Cell Ontology term	670	0.026699492063324868	0.0
CAP	Cell Ontology term	671	0.02082490275039663	0.0
CAP	Cell Ontology term	672	0.024248903854574153	0.0
CAP	Cell Ontology term	673	0.029690743814534393	0.0
CAP	Cell Ontology term	674	0.024798907654280524	0.0
CAP	Cell Ontology term	675	0.03176576851620951	0.0
CAP	Cell Ontology term	676	0.02980783729658203	0.0
CAP	Cell Ontology term	677	0.033325904385462686	0.0
CAP	Cell Ontology term	678	0.031110820899380984	0.0
CAP	Cell Ontology term	679	0.04144733210369257	0.0
CAP	Cell Ontology term	680	0.024905914217990797	0.0
CAP	Cell Ontology term	681	0.01862329257356776	0.0
CAP	Cell Ontology term	682	0.026103944107452575	0.0
CAP	Cell Ontology term	683	0.030674722500234685	0.0
CAP	Cell Ontology term	684	0.026345025533660592	0.0
CAP	Cell Ontology term	685	0.02137275503123219	0.0
CAP	Cell Ontology term	686	0.02175087530923684	0.0
CAP	Cell Ontology term	687	0.021331992198727587	0.0
CAP	Cell Ontology term	688	0.0235646066510741	0.0
CAP	Cell Ontology term	689	0.031777802607138465	0.0
CAP	Cell Ontology term	690	0.027268338092968285	0.0
CAP	Cell Ontology term	691	0.030559751882291306	0.0
CAP	Cell Ontology term	692	0.03187327231521057	0.0
CAP	Cell Ontology term	693	0.03096050351437665	0.0
CAP	Cell Ontology term	694	0.02683970528013776	0.0
CAP	Cell Ontology term	695	0.02969004280532395	0.0
CAP	Cell Ontology term	696	0.031718540131529256	0.0
CAP	Cell Ontology term	697	0.03137044001855333	0.0
CAP	Cell Ontology term	698	0.030092694619867327	0.0
CAP	Cell Ontology term	699	0.026357989950424782	0.0
CAP	Cell Ontology term	700	0.025395363958260815	0.0
CAP	Cell Ontology term	701	0.0278273849495819	0.0
CAP	Cell Ontology term	702	0.025692980850711016	0.0
CAP	Cell Ontology term	703	0.032589110718222826	0.0
CAP	Cell Ontology term	704	0.026307579772818838	0.0
CAP	Cell Ontology term	705	0.02431573071141704	0.0
CAP	Cell Ontology term	706	0.033673775891098864	0.0
CAP	Cell Ontology term	707	0.0299043787976314	0.0
CAP	Cell Ontology term	708	0.024989835460619548	0.0
CAP	Cell Ontology term	709	0.02704443268081973	0.0
CAP	Cell Ontology term	710	0.02859215390036929	0.0
CAP	Cell Ontology term	711	0.03180913753273121	0.0
CAP	Cell Ontology term	712	0.022428666511195638	0.0
CAP	Cell Ontology term	713	0.024942790345408555	0.0
CAP	Cell Ontology term	714	0.028513932927497623	0.0
CAP	Cell Ontology term	715	0.028733115574397984	0.0
CAP	Cell Ontology term	716	0.028647374090158762	0.0
CAP	Cell Ontology term	717	0.02256512827957792	0.0
CAP	Cell Ontology term	718	0.02907784683280944	0.0
CAP	Cell Ontology term	719	0.03327596159525826	0.0
CAP	Cell Ontology term	720	0.02496760773915807	0.0
CAP	Cell Ontology term	721	0.02976489294308788	0.0
CAP	Cell Ontology term	722	0.02736320407852607	0.0
CAP	Cell Ontology term	723	0.03226859483163397	0.0
CAP	Cell Ontology term	724	0.026100401925183182	0.0
CAP	Cell Ontology term	725	0.01915816705886314	0.0
CAP	Cell Ontology term	726	0.026200819515690674	0.0
CAP	Cell Ontology term	727	0.034315304925097184	0.0
CAP	Cell Ontology term	728	0.030691676530159112	0.0
CAP	Cell Ontology term	729	0.025795066948575935	0.0
CAP	Cell Ontology term	730	0.037179395248186406	0.0
CAP	Cell Ontology term	731	0.028877329269173278	0.0
CAP	Cell Ontology term	732	0.024714632624740055	0.0
CAP	Cell Ontology term	733	0.03055094495066154	0.0
CAP	Cell Ontology term	734	0.025460567518066777	0.0
CAP	Cell Ontology term	735	0.03361695190338704	0.0
CAP	Cell Ontology term	736	0.024741835027516316	0.0
CAP	Cell Ontology term	737	0.03035733834941048	0.0
CAP	Cell Ontology term	738	0.0207469286231074	0.0
CAP	Cell Ontology term	739	0.028018886631378446	0.0
CAP	Cell Ontology term	740	0.027102269391191078	0.0
CAP	Cell Ontology term	741	0.02837688022791363	0.0
CAP	Cell Ontology term	742	0.0372279150257355	0.0
CAP	Cell Ontology term	743	0.025029666565705707	0.0
CAP	Cell Ontology term	744	0.028697763815047874	0.0
CAP	Cell Ontology term	745	0.017415862475742	0.0
CAP	Cell Ontology term	746	0.021722458120974075	0.0
CAP	Cell Ontology term	747	0.026444597287076262	0.0
CAP	Cell Ontology term	748	0.0264163306436504	0.0
CAP	Cell Ontology term	749	0.024634969046502326	0.0
CAP	Cell Ontology term	750	0.023189860001393368	0.0
CAP	Cell Ontology term	751	0.020782820331597153	0.0
CAP	Cell Ontology term	752	0.0222880229462525	0.0
CAP	Cell Ontology term	753	0.02596871494512528	0.0
CAP	Cell Ontology term	754	0.03035967797577062	0.0
CAP	Cell Ontology term	755	0.026273764792557715	0.0
CAP	Cell Ontology term	756	0.026787584639747543	0.0
CAP	Cell Ontology term	757	0.03314702700144759	0.0
CAP	Cell Ontology term	758	0.030960688146718155	0.0
CAP	Cell Ontology term	759	0.02725606797132921	0.0
CAP	Cell Ontology term	760	0.02557523785960387	0.0
CAP	Cell Ontology term	761	0.024545931148487254	0.0
CAP	Cell Ontology term	762	0.02839692007520629	0.0
CAP	Cell Ontology term	763	0.03664114563524511	0.0
CAP	Cell Ontology term	764	0.03044769242804623	0.0
CAP	Cell Ontology term	765	0.02307471442643504	0.0
CAP	Cell Ontology term	766	0.02954714006960732	0.0
CAP	Cell Ontology term	767	0.025309392100525626	0.0
CAP	Cell Ontology term	768	0.023515367960893114	0.0
CAP	Cell Ontology term	769	0.02761481724369664	0.0
CAP	Cell Ontology term	770	0.03753148074243755	0.0
CAP	Cell Ontology term	771	0.0173838721648107	0.0
CAP	Cell Ontology term	772	0.02385479992084139	0.0
CAP	Cell Ontology term	773	0.028223172932565262	0.0
CAP	Cell Ontology term	774	0.026569888807102694	0.0
CAP	Cell Ontology term	775	0.022657832728803052	0.0
CAP	Cell Ontology term	776	0.030599507050311513	0.0
CAP	Cell Ontology term	777	0.03251752604535211	0.0
CAP	Cell Ontology term	778	0.02795585258417056	0.0
CAP	Cell Ontology term	779	0.018946462364602876	0.0
CAP	Cell Ontology term	780	0.02653338303780939	0.0
CAP	Cell Ontology term	781	0.02227314940059202	0.0
CAP	Cell Ontology term	782	0.02933086335739043	0.0
CAP	Cell Ontology term	783	0.03018458606838542	0.0
CAP	Cell Ontology term	784	0.032986436935138204	0.0
CAP	Cell Ontology term	785	0.025697198936148736	0.0
CAP	Cell Ontology term	786	0.03447122591432205	0.0
CAP	Cell Ontology term	787	0.020982618016273887	0.0
CAP	Cell Ontology term	788	0.02738661670234253	0.0
CAP	Cell Ontology term	789	0.027797574565691315	0.0
CAP	Cell Ontology term	790	0.03284647690549157	0.0
CAP	Cell Ontology term	791	0.02344363805715436	0.0
CAP	Cell Ontology term	792	0.020828691295560416	0.0
CAP	Cell Ontology term	793	0.03489868927499748	0.0
CAP	Cell Ontology term	794	0.022982424787668917	0.0
CAP	Cell Ontology term	795	0.029219587189895573	0.0
CAP	Cell Ontology term	796	0.02685623725117552	0.0
CAP	Cell Ontology term	797	0.021523384633364395	0.0
CAP	Cell Ontology term	798	0.022633559870344117	0.0
CAP	Cell Ontology term	799	0.030979089545262798	0.0
CAP	Cell Ontology term	800	0.03196453979660125	0.0
CAP	Cell Ontology term	801	0.030834755734422604	0.0
CAP	Cell Ontology term	802	0.02778042716544762	0.0
CAP	Cell Ontology term	803	0.027444836576382633	0.0
CAP	Cell Ontology term	804	0.033615652122306924	0.0
CAP	Cell Ontology term	805	0.024278882140587106	0.0
CAP	Cell Ontology term	806	0.02677612293304118	0.0
CAP	Cell Ontology term	807	0.018543166676549462	0.0
CAP	Cell Ontology term	808	0.027382624485259445	0.0
CAP	Cell Ontology term	809	0.03280363282473123	0.0
CAP	Cell Ontology term	810	0.023117884521982573	0.0
CAP	Cell Ontology term	811	0.023525123020710803	0.0
CAP	Cell Ontology term	812	0.0364955457419357	0.0
CAP	Cell Ontology term	813	0.03627256630996316	0.0
CAP	Cell Ontology term	814	0.023220103976117748	0.0
CAP	Cell Ontology term	815	0.039114551626464746	0.0
CAP	Cell Ontology term	816	0.018515182608761286	0.0
CAP	Cell Ontology term	817	0.02452187667753086	0.0
CAP	Cell Ontology term	818	0.029193124391195664	0.0
CAP	Cell Ontology term	819	0.02494557545085712	0.0
CAP	Cell Ontology term	820	0.022023709156369597	0.0
CAP	Cell Ontology term	821	0.025707602287899645	0.0
CAP	Cell Ontology term	822	0.02061024479955057	0.0
CAP	Cell Ontology term	823	0.03070234149851584	0.0
CAP	Cell Ontology term	824	0.02555695697862418	0.0
CAP	Cell Ontology term	825	0.03196540082155819	0.0
CAP	Cell Ontology term	826	0.032880068102518464	0.0
CAP	Cell Ontology term	827	0.026315327646828424	0.0
CAP	Cell Ontology term	828	0.03163454558330899	0.0
CAP	Cell Ontology term	829	0.026693472963562087	0.0
CAP	Cell Ontology term	830	0.029638568378465957	0.0
CAP	Cell Ontology term	831	0.02146186941671078	0.0
CAP	Cell Ontology term	832	0.025789899586207428	0.0
CAP	Cell Ontology term	833	0.03413748290306242	0.0
CAP	Cell Ontology term	834	0.021484610373981222	0.0
CAP	Cell Ontology term	835	0.026785384406845938	0.0
CAP	Cell Ontology term	836	0.029474188273101807	0.0
CAP	Cell Ontology term	837	0.02682081088784032	0.0
CAP	Cell Ontology term	838	0.0341132743176134	0.0
CAP	Cell Ontology term	839	0.02535222953810141	0.0
CAP	Cell Ontology term	840	0.028813431703430727	0.0
CAP	Cell Ontology term	841	0.026147917697317447	0.0
CAP	Cell Ontology term	842	0.025978345256107465	0.0
CAP	Cell Ontology term	843	0.026477090812628272	0.0
CAP	Cell Ontology term	844	0.032355338639174086	0.0
CAP	Cell Ontology term	845	0.021563402856619653	0.0
CAP	Cell Ontology term	846	0.029454127653969552	0.0
CAP	Cell Ontology term	847	0.02454991719865172	0.0
CAP	Cell Ontology term	848	0.026176660396966103	0.0
CAP	Cell Ontology term	849	0.033559840093897106	0.0
CAP	Cell Ontology term	850	0.03217500377268599	0.0
CAP	Cell Ontology term	851	0.03718208512724299	0.0
CAP	Cell Ontology term	852	0.020470805157135164	0.0
CAP	Cell Ontology term	853	0.024031879182219766	0.0
CAP	Cell Ontology term	854	0.02560233139569005	0.0
CAP	Cell Ontology term	855	0.02743134661978347	0.0
CAP	Cell Ontology term	856	0.019191836234172213	0.0
CAP	Cell Ontology term	857	0.03639292715518891	0.0
CAP	Cell Ontology term	858	0.02034917782766264	0.0
CAP	Cell Ontology term	859	0.02394038631082163	0.0
CAP	Cell Ontology term	860	0.028183700950242394	0.0
CAP	Cell Ontology term	861	0.025452966330561093	0.0
CAP	Cell Ontology term	862	0.01864018206093255	0.0
CAP	Cell Ontology term	863	0.028911266047533954	0.0
CAP	Cell Ontology term	864	0.028439724679449767	0.0
CAP	Cell Ontology term	865	0.02920778640010672	0.0
CAP	Cell Ontology term	866	0.027155475201847967	0.0
CAP	Cell Ontology term	867	0.02014093314171806	0.0
CAP	Cell Ontology term	868	0.034487064627244934	0.0
CAP	Cell Ontology term	869	0.04033289535389947	0.0
CAP	Cell Ontology term	870	0.02343017966023089	0.0
CAP	Cell Ontology term	871	0.029284429332584305	0.0
CAP	Cell Ontology term	872	0.026930166141849593	0.0
CAP	Cell Ontology term	873	0.0289820833819039	0.0
CAP	Cell Ontology term	874	0.024454598159299592	0.0
CAP	Cell Ontology term	875	0.02232561086992394	0.0
CAP	Cell Ontology term	876	0.021324521452850784	0.0
CAP	Cell Ontology term	877	0.0228585907889652	0.0
CAP	Cell Ontology term	878	0.0211861330531949	0.0
CAP	Cell Ontology term	879	0.02711196623249112	0.0
CAP	Cell Ontology term	880	0.0220538338516659	0.0
CAP	Cell Ontology term	881	0.021268882468146445	0.0
CAP	Cell Ontology term	882	0.025713812616667924	0.0
CAP	Cell Ontology term	883	0.03826730679099717	0.0
CAP	Cell Ontology term	884	0.025352132657622782	0.0
CAP	Cell Ontology term	885	0.02494205693695205	0.0
CAP	Cell Ontology term	886	0.026566069201145265	0.0
CAP	Cell Ontology term	887	0.03265587690962967	0.0
CAP	Cell Ontology term	888	0.030012810330021362	0.0
CAP	Cell Ontology term	889	0.030869880983168643	0.0
CAP	Cell Ontology term	890	0.02613170469808688	0.0
CAP	Cell Ontology term	891	0.029563827396981157	0.0
CAP	Cell Ontology term	892	0.02905042543796148	0.0
CAP	Cell Ontology term	893	0.029130189235217322	0.0
CAP	Cell Ontology term	894	0.02682671839752726	0.0
CAP	Cell Ontology term	895	0.028110564251270835	0.0
CAP	Cell Ontology term	896	0.03070215738172609	0.0
CAP	Cell Ontology term	897	0.0228663021064114	0.0
CAP	Cell Ontology term	898	0.03599503751438393	0.0
CAP	Cell Ontology term	899	0.02859477424792688	0.0
CAP	Cell Ontology term	900	0.029702435530639445	0.0
CAP	Cell Ontology term	901	0.030907129548301132	0.0
CAP	Cell Ontology term	902	0.031707544063947005	0.0
CAP	Cell Ontology term	903	0.029009193862655745	0.0
CAP	Cell Ontology term	904	0.03176484622961194	0.0
CAP	Cell Ontology term	905	0.02498066584176395	0.0
CAP	Cell Ontology term	906	0.028199075957826027	0.0
CAP	Cell Ontology term	907	0.023750947763377092	0.0
CAP	Cell Ontology term	908	0.027921216928299873	0.0
CAP	Cell Ontology term	909	0.03403133312324682	0.0
CAP	Cell Ontology term	910	0.023959845200232418	0.0
CAP	Cell Ontology term	911	0.026407162298788374	0.0
CAP	Cell Ontology term	912	0.024249657489665854	0.0
CAP	Cell Ontology term	913	0.023034992538479366	0.0
CAP	Cell Ontology term	914	0.037289018304808026	0.0
CAP	Cell Ontology term	915	0.02287685189210334	0.0
CAP	Cell Ontology term	916	0.030630583779838585	0.0
CAP	Cell Ontology term	917	0.025706616192605877	0.0
CAP	Cell Ontology term	918	0.02505280882740649	0.0
CAP	Cell Ontology term	919	0.02683714584550485	0.0
CAP	Cell Ontology term	920	0.02868002499401662	0.0
CAP	Cell Ontology term	921	0.03004658804974617	0.0
CAP	Cell Ontology term	922	0.02488080708332625	0.0
CAP	Cell Ontology term	923	0.024590922432111844	0.0
CAP	Cell Ontology term	924	0.023971117322049797	0.0
CAP	Cell Ontology term	925	0.026526987599521875	0.0
CAP	Cell Ontology term	926	0.02539203781215381	0.0
CAP	Cell Ontology term	927	0.02367782798128177	0.0
CAP	Cell Ontology term	928	0.029722503975752088	0.0
CAP	Cell Ontology term	929	0.035966129572550715	0.0
CAP	Cell Ontology term	930	0.03088282970503913	0.0
CAP	Cell Ontology term	931	0.026893656384056896	0.0
CAP	Cell Ontology term	932	0.02306596066363131	0.0
CAP	Cell Ontology term	933	0.028306127142232875	0.0
CAP	Cell Ontology term	934	0.03193274488880125	0.0
CAP	Cell Ontology term	935	0.02853308815680974	0.0
CAP	Cell Ontology term	936	0.029579071098549296	0.0
CAP	Cell Ontology term	937	0.03160144975076027	0.0
CAP	Cell Ontology term	938	0.032853714145771665	0.0
CAP	Cell Ontology term	939	0.02513286955729631	0.0
CAP	Cell Ontology term	940	0.02707652772146042	0.0
CAP	Cell Ontology term	941	0.02383545155272267	0.0
CAP	Cell Ontology term	942	0.02878630943947707	0.0
CAP	Cell Ontology term	943	0.023309324086354295	0.0
CAP	Cell Ontology term	944	0.022591861047773398	0.0
CAP	Cell Ontology term	945	0.02666994051596546	0.0
CAP	Cell Ontology term	946	0.0255302558660196	0.0
CAP	Cell Ontology term	947	0.024789017122745595	0.0
CAP	Cell Ontology term	948	0.02602435426223264	0.0
CAP	Cell Ontology term	949	0.02614955524090644	0.0
CAP	Cell Ontology term	950	0.03310168341838017	0.0
CAP	Cell Ontology term	951	0.02684537578172679	0.0
CAP	Cell Ontology term	952	0.020871332606745868	0.0
CAP	Cell Ontology term	953	0.028944741382818665	0.0
CAP	Cell Ontology term	954	0.03182778830389435	0.0
CAP	Cell Ontology term	955	0.0332734859472392	0.0
CAP	Cell Ontology term	956	0.026612074470798743	0.0
CAP	Cell Ontology term	957	0.021552867881038683	0.0
CAP	Cell Ontology term	958	0.025600322819398637	0.0
CAP	Cell Ontology term	959	0.02586120714440402	0.0
CAP	Cell Ontology term	960	0.02956318387387189	0.0
CAP	Cell Ontology term	961	0.02155647169897645	0.0
CAP	Cell Ontology term	962	0.01984683083384008	0.0
CAP	Cell Ontology term	963	0.02449932668833846	0.0
CAP	Cell Ontology term	964	0.032615416246325774	0.0
CAP	Cell Ontology term	965	0.03032276186371721	0.0
CAP	Cell Ontology term	966	0.029534843435030805	0.0
CAP	Cell Ontology term	967	0.029571612495412677	0.0
CAP	Cell Ontology term	968	0.03294419451060198	0.0
CAP	Cell Ontology term	969	0.031555504362888336	0.0
CAP	Cell Ontology term	970	0.024318154556931218	0.0
CAP	Cell Ontology term	971	0.027055583186655567	0.0
CAP	Cell Ontology term	972	0.02636161928282234	0.0
CAP	Cell Ontology term	973	0.021970823672503272	0.0
CAP	Cell Ontology term	974	0.027579283787498406	0.0
CAP	Cell Ontology term	975	0.03308540772845344	0.0
CAP	Cell Ontology term	976	0.03188128460046927	0.0
CAP	Cell Ontology term	977	0.023847009089339653	0.0
CAP	Cell Ontology term	978	0.023338778755177567	0.0
CAP	Cell Ontology term	979	0.0184586869140957	0.0
CAP	Cell Ontology term	980	0.028676895928695052	0.0
CAP	Cell Ontology term	981	0.019915446956097062	0.0
CAP	Cell Ontology term	982	0.032036164617078255	0.0
CAP	Cell Ontology term	983	0.020807821620851544	0.0
CAP	Cell Ontology term	984	0.023520625473223065	0.0
CAP	Cell Ontology term	985	0.02948038151490738	0.0
CAP	Cell Ontology term	986	0.026470999074458604	0.0
CAP	Cell Ontology term	987	0.026760727873328973	0.0
CAP	Cell Ontology term	988	0.029554034243478872	0.0
CAP	Cell Ontology term	989	0.02463184247794971	0.0
CAP	Cell Ontology term	990	0.02659596461902329	0.0
CAP	Cell Ontology term	991	0.027605047017440643	0.0
CAP	Cell Ontology term	992	0.025675817082839045	0.0
CAP	Cell Ontology term	993	0.03877747275161167	0.0
CAP	Cell Ontology term	994	0.027329266456888438	0.0
CAP	Cell Ontology term	995	0.03172655003113716	0.0
CAP	Cell Ontology term	996	0.024770945168091096	0.0
CAP	Cell Ontology term	997	0.022932631639719123	0.0
CAP	Cell Ontology term	998	0.030262508977184254	0.0
CAP	Cell Ontology term	999	0.018835705313120638	0.0
