{
  "command": "-c",
  "model": "claude-opus-4-6",
  "created_at": 1770504638,
  "num_extractions": 69,
  "processing_time_sec": 49.04,
  "input_tokens": 543,
  "cached_tokens": 0,
  "output_tokens": 4558,
  "total_tokens": 5101,
  "input_cost": 0.0027150000000000004,
  "cached_cost": 0.0,
  "output_cost": 0.11395000000000001,
  "total_cost": 0.116665
}