{
  "command": "-c",
  "model": "claude-opus-4-6",
  "created_at": 1770504628,
  "num_extractions": 27,
  "processing_time_sec": 45.09,
  "input_tokens": 2487,
  "cached_tokens": 0,
  "output_tokens": 3294,
  "total_tokens": 5781,
  "input_cost": 0.012435000000000002,
  "cached_cost": 0.0,
  "output_cost": 0.08235,
  "total_cost": 0.09478500000000001
}