{
  "command": "-c",
  "model": "claude-opus-4-6",
  "created_at": 1770504694,
  "num_extractions": 144,
  "processing_time_sec": 102.65,
  "input_tokens": 709,
  "cached_tokens": 0,
  "output_tokens": 9892,
  "total_tokens": 10601,
  "input_cost": 0.0035450000000000004,
  "cached_cost": 0.0,
  "output_cost": 0.24730000000000002,
  "total_cost": 0.25084500000000004
}