{
  "command": "-c",
  "model": "claude-opus-4-6",
  "created_at": 1770504632,
  "num_extractions": 45,
  "processing_time_sec": 53.14,
  "input_tokens": 2396,
  "cached_tokens": 0,
  "output_tokens": 4165,
  "total_tokens": 6561,
  "input_cost": 0.011980000000000001,
  "cached_cost": 0.0,
  "output_cost": 0.10412500000000001,
  "total_cost": 0.11610500000000001
}