resource	study_uid	context_uid	study_label	labelset	cell_type	normalized_cell_type	n_markers	n_local_private_markers	local_private_fraction	n_same_label_other_study_profiles	marker_fraction_recovered_by_same_label_other_studies	local_private_fraction_recovered_by_same_label_other_studies
LLMarkers	llmarkers|biorxiv|001efeeb-7491-1014-a82f-ef19de5990ad	llmarkers|biorxiv|001efeeb-7491-1014-a82f-ef19de5990ad	biorxiv:001efeeb-7491-1014-a82f-ef19de5990ad		REGENERATIVE EPITHELIAL	REGENERATIVE EPITHELIAL	9	9	1.0	0		
LLMarkers	llmarkers|biorxiv|013a7c23-7117-1014-9b42-823175dea768	llmarkers|biorxiv|013a7c23-7117-1014-9b42-823175dea768	biorxiv:013a7c23-7117-1014-9b42-823175dea768		NEURONS	NEURONS	5	5	1.0	2	0.0	0.0
LLMarkers	llmarkers|biorxiv|01e5e65d-751c-1014-a8e3-b5f1d7a951ab	llmarkers|biorxiv|01e5e65d-751c-1014-a8e3-b5f1d7a951ab	biorxiv:01e5e65d-751c-1014-a8e3-b5f1d7a951ab		DC	DC	12	9	0.75	4	0.0	0.0
LLMarkers	llmarkers|biorxiv|01e5e65d-751c-1014-a8e3-b5f1d7a951ab	llmarkers|biorxiv|01e5e65d-751c-1014-a8e3-b5f1d7a951ab	biorxiv:01e5e65d-751c-1014-a8e3-b5f1d7a951ab		KC	KC	5	5	1.0	0		
LLMarkers	llmarkers|biorxiv|01e5e65d-751c-1014-a8e3-b5f1d7a951ab	llmarkers|biorxiv|01e5e65d-751c-1014-a8e3-b5f1d7a951ab	biorxiv:01e5e65d-751c-1014-a8e3-b5f1d7a951ab		LC	LC	8	6	0.75	0		
LLMarkers	llmarkers|biorxiv|01e5e65d-751c-1014-a8e3-b5f1d7a951ab	llmarkers|biorxiv|01e5e65d-751c-1014-a8e3-b5f1d7a951ab	biorxiv:01e5e65d-751c-1014-a8e3-b5f1d7a951ab		MC	MC	8	7	0.875	0		
LLMarkers	llmarkers|biorxiv|01e5e65d-751c-1014-a8e3-b5f1d7a951ab	llmarkers|biorxiv|01e5e65d-751c-1014-a8e3-b5f1d7a951ab	biorxiv:01e5e65d-751c-1014-a8e3-b5f1d7a951ab		TC	TC	10	8	0.8	3	0.0	0.0
LLMarkers	llmarkers|biorxiv|03092aac-75a4-1014-b9cc-d44d468fbd97	llmarkers|biorxiv|03092aac-75a4-1014-b9cc-d44d468fbd97	biorxiv:03092aac-75a4-1014-b9cc-d44d468fbd97		CD4+ TISSUE RESIDENT MEMORY T CELL (TRM)	CD 4 TISSUE RESIDENT MEMORY T CELL TRM	3	3	1.0	0		
LLMarkers	llmarkers|biorxiv|03092aac-75a4-1014-b9cc-d44d468fbd97	llmarkers|biorxiv|03092aac-75a4-1014-b9cc-d44d468fbd97	biorxiv:03092aac-75a4-1014-b9cc-d44d468fbd97		CD8+ EXHAUSTED T CELL (TEXH)	CD 8 EXHAUSTED T CELL TEXH	3	2	0.6666666666666666	0		
LLMarkers	llmarkers|biorxiv|03092aac-75a4-1014-b9cc-d44d468fbd97	llmarkers|biorxiv|03092aac-75a4-1014-b9cc-d44d468fbd97	biorxiv:03092aac-75a4-1014-b9cc-d44d468fbd97		CD8+ PROLIFERATING EXHAUSTED T CELL	CD 8 PROLIFERATING EXHAUSTED T CELL	3	2	0.6666666666666666	0		
LLMarkers	llmarkers|biorxiv|03092aac-75a4-1014-b9cc-d44d468fbd97	llmarkers|biorxiv|03092aac-75a4-1014-b9cc-d44d468fbd97	biorxiv:03092aac-75a4-1014-b9cc-d44d468fbd97		GC1	GC 1	3	3	1.0	1	0.0	0.0
LLMarkers	llmarkers|biorxiv|03092aac-75a4-1014-b9cc-d44d468fbd97	llmarkers|biorxiv|03092aac-75a4-1014-b9cc-d44d468fbd97	biorxiv:03092aac-75a4-1014-b9cc-d44d468fbd97		INFLAMMATORY CANCER-ASSOCIATED FIBROBLAST (ICAFS)	INFLAMMATORY CANCER ASSOCIATED FIBROBLAST ICAFS	3	3	1.0	0		
LLMarkers	llmarkers|biorxiv|03092aac-75a4-1014-b9cc-d44d468fbd97	llmarkers|biorxiv|03092aac-75a4-1014-b9cc-d44d468fbd97	biorxiv:03092aac-75a4-1014-b9cc-d44d468fbd97		MAST CELL	MAST CELL	3	3	1.0	14	1.0	1.0
LLMarkers	llmarkers|biorxiv|03092aac-75a4-1014-b9cc-d44d468fbd97	llmarkers|biorxiv|03092aac-75a4-1014-b9cc-d44d468fbd97	biorxiv:03092aac-75a4-1014-b9cc-d44d468fbd97		MYOFIBROBLAST-LIKE CAF (MYCAFS)	MYOFIBROBLAST LIKE CAF MYCAFS	3	3	1.0	0		
LLMarkers	llmarkers|biorxiv|03092aac-75a4-1014-b9cc-d44d468fbd97	llmarkers|biorxiv|03092aac-75a4-1014-b9cc-d44d468fbd97	biorxiv:03092aac-75a4-1014-b9cc-d44d468fbd97		PLASMA CELL	PLASMA CELL	3	3	1.0	15	1.0	1.0
LLMarkers	llmarkers|biorxiv|03092aac-75a4-1014-b9cc-d44d468fbd97	llmarkers|biorxiv|03092aac-75a4-1014-b9cc-d44d468fbd97	biorxiv:03092aac-75a4-1014-b9cc-d44d468fbd97		STRAD13⁺ MACROPHAGE	STRAD 13 MACROPHAGE	3	3	1.0	0		
LLMarkers	llmarkers|biorxiv|03092aac-75a4-1014-b9cc-d44d468fbd97	llmarkers|biorxiv|03092aac-75a4-1014-b9cc-d44d468fbd97	biorxiv:03092aac-75a4-1014-b9cc-d44d468fbd97		TREM2HIGH MACROPHAGE	TREM 2 HIGH MACROPHAGE	4	2	0.5	0		
LLMarkers	llmarkers|biorxiv|03092aac-75a4-1014-b9cc-d44d468fbd97	llmarkers|biorxiv|03092aac-75a4-1014-b9cc-d44d468fbd97	biorxiv:03092aac-75a4-1014-b9cc-d44d468fbd97		TREM2LOW	TREM 2 LOW	3	1	0.3333333333333333	0		
LLMarkers	llmarkers|biorxiv|06056998-6fcf-1014-a978-d2cf5726c0ad	llmarkers|biorxiv|06056998-6fcf-1014-a978-d2cf5726c0ad	biorxiv:06056998-6fcf-1014-a978-d2cf5726c0ad		B CELL	B CELL	4	4	1.0	29	0.0	0.0
LLMarkers	llmarkers|biorxiv|0900c414-6db3-1014-86e7-ea4583587c92	llmarkers|biorxiv|0900c414-6db3-1014-86e7-ea4583587c92	biorxiv:0900c414-6db3-1014-86e7-ea4583587c92		LYZ+ CANCER CELL	LYZ CANCER CELL	4	4	1.0	0		
LLMarkers	llmarkers|biorxiv|09d40fbc-6c3d-1014-b39f-eee50a07ad3b	llmarkers|biorxiv|09d40fbc-6c3d-1014-b39f-eee50a07ad3b	biorxiv:09d40fbc-6c3d-1014-b39f-eee50a07ad3b		CLUSTER 3	CLUSTER 3	3	3	1.0	11	0.0	0.0
LLMarkers	llmarkers|biorxiv|09d40fbc-6c3d-1014-b39f-eee50a07ad3b	llmarkers|biorxiv|09d40fbc-6c3d-1014-b39f-eee50a07ad3b	biorxiv:09d40fbc-6c3d-1014-b39f-eee50a07ad3b		CLUSTER 4	CLUSTER 4	4	4	1.0	10	0.0	0.0
LLMarkers	llmarkers|biorxiv|09d40fbc-6c3d-1014-b39f-eee50a07ad3b	llmarkers|biorxiv|09d40fbc-6c3d-1014-b39f-eee50a07ad3b	biorxiv:09d40fbc-6c3d-1014-b39f-eee50a07ad3b		CLUSTER 5	CLUSTER 5	4	4	1.0	8	0.25	0.25
LLMarkers	llmarkers|biorxiv|09d40fbc-6c3d-1014-b39f-eee50a07ad3b	llmarkers|biorxiv|09d40fbc-6c3d-1014-b39f-eee50a07ad3b	biorxiv:09d40fbc-6c3d-1014-b39f-eee50a07ad3b		DM-ICOS	DM ICOS	3	3	1.0	0		
LLMarkers	llmarkers|biorxiv|09d40fbc-6c3d-1014-b39f-eee50a07ad3b	llmarkers|biorxiv|09d40fbc-6c3d-1014-b39f-eee50a07ad3b	biorxiv:09d40fbc-6c3d-1014-b39f-eee50a07ad3b		ICOS	ICOS	5	5	1.0	0		
LLMarkers	llmarkers|biorxiv|09d40fbc-6c3d-1014-b39f-eee50a07ad3b	llmarkers|biorxiv|09d40fbc-6c3d-1014-b39f-eee50a07ad3b	biorxiv:09d40fbc-6c3d-1014-b39f-eee50a07ad3b		PHHS	PHHS	10	10	1.0	0		
LLMarkers	llmarkers|biorxiv|0a537c3c-6dba-1014-a3da-a09fc644eb0b	llmarkers|biorxiv|0a537c3c-6dba-1014-a3da-a09fc644eb0b	biorxiv:0a537c3c-6dba-1014-a3da-a09fc644eb0b		CD4+ MEMORY T CELL	CD 4 MEMORY T CELL	5	5	1.0	0		
LLMarkers	llmarkers|biorxiv|0b080d95-70b5-1014-9f85-f75794076023	llmarkers|biorxiv|0b080d95-70b5-1014-9f85-f75794076023	biorxiv:0b080d95-70b5-1014-9f85-f75794076023		EXDP2	EXDP 2	3	3	1.0	0		
LLMarkers	llmarkers|biorxiv|0bcdadb5-70f3-1014-974d-abbf00aa9865	llmarkers|biorxiv|0bcdadb5-70f3-1014-974d-abbf00aa9865	biorxiv:0bcdadb5-70f3-1014-974d-abbf00aa9865		COVID-19 HUMAN BLOOD CELLS	COVID 19 HUMAN BLOOD CELLS	5	5	1.0	0		
LLMarkers	llmarkers|biorxiv|0bcdadb5-70f3-1014-974d-abbf00aa9865	llmarkers|biorxiv|0bcdadb5-70f3-1014-974d-abbf00aa9865	biorxiv:0bcdadb5-70f3-1014-974d-abbf00aa9865		MYOCARDIAL INFARCTION CELLS	MYOCARDIAL INFARCTION CELLS	3	3	1.0	0		
LLMarkers	llmarkers|biorxiv|0bd28b37-6e2e-1014-871e-a496f0a6bacd	llmarkers|biorxiv|0bd28b37-6e2e-1014-871e-a496f0a6bacd	biorxiv:0bd28b37-6e2e-1014-871e-a496f0a6bacd		AMINO ACID METABOLISM	AMINO ACID METABOLISM	3	3	1.0	0		
LLMarkers	llmarkers|biorxiv|0bd28b37-6e2e-1014-871e-a496f0a6bacd	llmarkers|biorxiv|0bd28b37-6e2e-1014-871e-a496f0a6bacd	biorxiv:0bd28b37-6e2e-1014-871e-a496f0a6bacd		EPI-4	EPI 4	4	4	1.0	2	0.0	0.0
LLMarkers	llmarkers|biorxiv|0bd28b37-6e2e-1014-871e-a496f0a6bacd	llmarkers|biorxiv|0bd28b37-6e2e-1014-871e-a496f0a6bacd	biorxiv:0bd28b37-6e2e-1014-871e-a496f0a6bacd		EPITHELIAL DIFFERENTIATED	EPITHELIAL DIFFERENTIATED	3	0	0.0	0		
LLMarkers	llmarkers|biorxiv|0bd28b37-6e2e-1014-871e-a496f0a6bacd	llmarkers|biorxiv|0bd28b37-6e2e-1014-871e-a496f0a6bacd	biorxiv:0bd28b37-6e2e-1014-871e-a496f0a6bacd		EPITHELIAL DIFFERENTIATION	EPITHELIAL DIFFERENTIATION	6	3	0.5	0		
LLMarkers	llmarkers|biorxiv|0bd28b37-6e2e-1014-871e-a496f0a6bacd	llmarkers|biorxiv|0bd28b37-6e2e-1014-871e-a496f0a6bacd	biorxiv:0bd28b37-6e2e-1014-871e-a496f0a6bacd		IMMUNE-REGULATORY	IMMUNE REGULATORY	5	5	1.0	0		
LLMarkers	llmarkers|biorxiv|0bd28b37-6e2e-1014-871e-a496f0a6bacd	llmarkers|biorxiv|0bd28b37-6e2e-1014-871e-a496f0a6bacd	biorxiv:0bd28b37-6e2e-1014-871e-a496f0a6bacd		PEMT-1	PEMT 1	3	3	1.0	0		
LLMarkers	llmarkers|biorxiv|0bd28b37-6e2e-1014-871e-a496f0a6bacd	llmarkers|biorxiv|0bd28b37-6e2e-1014-871e-a496f0a6bacd	biorxiv:0bd28b37-6e2e-1014-871e-a496f0a6bacd		TUMOR CELL	TUMOR CELL	6	6	1.0	2	0.0	0.0
LLMarkers	llmarkers|biorxiv|0c5b4463-70b4-1014-b7ae-f953f2710002	llmarkers|biorxiv|0c5b4463-70b4-1014-b7ae-f953f2710002	biorxiv:0c5b4463-70b4-1014-b7ae-f953f2710002		IMMUNOSUPPRESSIVE AND ANGIOGENIC	IMMUNOSUPPRESSIVE AND ANGIOGENIC	7	7	1.0	0		
LLMarkers	llmarkers|biorxiv|0c5b4463-70b4-1014-b7ae-f953f2710002	llmarkers|biorxiv|0c5b4463-70b4-1014-b7ae-f953f2710002	biorxiv:0c5b4463-70b4-1014-b7ae-f953f2710002		NDN CD10+	NDN CD 10	8	8	1.0	0		
LLMarkers	llmarkers|biorxiv|0c5b4463-70b4-1014-b7ae-f953f2710002	llmarkers|biorxiv|0c5b4463-70b4-1014-b7ae-f953f2710002	biorxiv:0c5b4463-70b4-1014-b7ae-f953f2710002		VASCULAR IMMATURE	VASCULAR IMMATURE	10	10	1.0	0		
LLMarkers	llmarkers|biorxiv|0d005ebb-6c05-1014-a888-cf4cdb861f63	llmarkers|biorxiv|0d005ebb-6c05-1014-a888-cf4cdb861f63	biorxiv:0d005ebb-6c05-1014-a888-cf4cdb861f63		LUMB	LUMB	3	3	1.0	0		
LLMarkers	llmarkers|biorxiv|0e94bf21-6c7c-1014-b6a7-bcc9b09c8181	llmarkers|biorxiv|0e94bf21-6c7c-1014-b6a7-bcc9b09c8181	biorxiv:0e94bf21-6c7c-1014-b6a7-bcc9b09c8181		D-HT29	D HT 29	3	3	1.0	0		
LLMarkers	llmarkers|biorxiv|0e94bf21-6c7c-1014-b6a7-bcc9b09c8181	llmarkers|biorxiv|0e94bf21-6c7c-1014-b6a7-bcc9b09c8181	biorxiv:0e94bf21-6c7c-1014-b6a7-bcc9b09c8181		EARLY ECLC-6	EARLY ECLC 6	4	0	0.0	0		
LLMarkers	llmarkers|biorxiv|0e94bf21-6c7c-1014-b6a7-bcc9b09c8181	llmarkers|biorxiv|0e94bf21-6c7c-1014-b6a7-bcc9b09c8181	biorxiv:0e94bf21-6c7c-1014-b6a7-bcc9b09c8181		EARLY U-HT29	EARLY U HT 29	3	3	1.0	0		
LLMarkers	llmarkers|biorxiv|0e94bf21-6c7c-1014-b6a7-bcc9b09c8181	llmarkers|biorxiv|0e94bf21-6c7c-1014-b6a7-bcc9b09c8181	biorxiv:0e94bf21-6c7c-1014-b6a7-bcc9b09c8181		ECLC	ECLC	3	3	1.0	0		
LLMarkers	llmarkers|biorxiv|0e94bf21-6c7c-1014-b6a7-bcc9b09c8181	llmarkers|biorxiv|0e94bf21-6c7c-1014-b6a7-bcc9b09c8181	biorxiv:0e94bf21-6c7c-1014-b6a7-bcc9b09c8181		EEC	EEC	4	4	1.0	2	0.0	0.0
LLMarkers	llmarkers|biorxiv|0e94bf21-6c7c-1014-b6a7-bcc9b09c8181	llmarkers|biorxiv|0e94bf21-6c7c-1014-b6a7-bcc9b09c8181	biorxiv:0e94bf21-6c7c-1014-b6a7-bcc9b09c8181		EECLC-1	EECLC 1	4	1	0.25	0		
LLMarkers	llmarkers|biorxiv|0e94bf21-6c7c-1014-b6a7-bcc9b09c8181	llmarkers|biorxiv|0e94bf21-6c7c-1014-b6a7-bcc9b09c8181	biorxiv:0e94bf21-6c7c-1014-b6a7-bcc9b09c8181		GCLC	GCLC	10	10	1.0	0		
LLMarkers	llmarkers|biorxiv|0e94bf21-6c7c-1014-b6a7-bcc9b09c8181	llmarkers|biorxiv|0e94bf21-6c7c-1014-b6a7-bcc9b09c8181	biorxiv:0e94bf21-6c7c-1014-b6a7-bcc9b09c8181		ISC	ISC	4	2	0.5	0		
LLMarkers	llmarkers|biorxiv|0e94bf21-6c7c-1014-b6a7-bcc9b09c8181	llmarkers|biorxiv|0e94bf21-6c7c-1014-b6a7-bcc9b09c8181	biorxiv:0e94bf21-6c7c-1014-b6a7-bcc9b09c8181		ISCLC 1	ISCLC 1	5	1	0.2	0		
LLMarkers	llmarkers|biorxiv|0e94bf21-6c7c-1014-b6a7-bcc9b09c8181	llmarkers|biorxiv|0e94bf21-6c7c-1014-b6a7-bcc9b09c8181	biorxiv:0e94bf21-6c7c-1014-b6a7-bcc9b09c8181		ISCLCS	ISCLCS	7	3	0.42857142857142855	0		
LLMarkers	llmarkers|biorxiv|0e94bf21-6c7c-1014-b6a7-bcc9b09c8181	llmarkers|biorxiv|0e94bf21-6c7c-1014-b6a7-bcc9b09c8181	biorxiv:0e94bf21-6c7c-1014-b6a7-bcc9b09c8181		L-CELLS	L CELLS	4	1	0.25	0		
LLMarkers	llmarkers|biorxiv|0e94bf21-6c7c-1014-b6a7-bcc9b09c8181	llmarkers|biorxiv|0e94bf21-6c7c-1014-b6a7-bcc9b09c8181	biorxiv:0e94bf21-6c7c-1014-b6a7-bcc9b09c8181		PANETH CELLS	PANETH CELLS	5	3	0.6	1	0.4	0.3333333333333333
LLMarkers	llmarkers|biorxiv|0e94bf21-6c7c-1014-b6a7-bcc9b09c8181	llmarkers|biorxiv|0e94bf21-6c7c-1014-b6a7-bcc9b09c8181	biorxiv:0e94bf21-6c7c-1014-b6a7-bcc9b09c8181		SECPLC	SECPLC	3	3	1.0	0		
LLMarkers	llmarkers|biorxiv|0e94bf21-6c7c-1014-b6a7-bcc9b09c8181	llmarkers|biorxiv|0e94bf21-6c7c-1014-b6a7-bcc9b09c8181	biorxiv:0e94bf21-6c7c-1014-b6a7-bcc9b09c8181		TALC-4	TALC 4	3	1	0.3333333333333333	0		
LLMarkers	llmarkers|biorxiv|0e94bf21-6c7c-1014-b6a7-bcc9b09c8181	llmarkers|biorxiv|0e94bf21-6c7c-1014-b6a7-bcc9b09c8181	biorxiv:0e94bf21-6c7c-1014-b6a7-bcc9b09c8181		U-HT29	U HT 29	4	0	0.0	0		
LLMarkers	llmarkers|biorxiv|10f6f17d-749e-1014-bdcf-fe1d1407f022	llmarkers|biorxiv|10f6f17d-749e-1014-bdcf-fe1d1407f022	biorxiv:10f6f17d-749e-1014-bdcf-fe1d1407f022		ACINAR CELL	ACINAR CELL	3	3	1.0	6	0.3333333333333333	0.3333333333333333
LLMarkers	llmarkers|biorxiv|10f6f17d-749e-1014-bdcf-fe1d1407f022	llmarkers|biorxiv|10f6f17d-749e-1014-bdcf-fe1d1407f022	biorxiv:10f6f17d-749e-1014-bdcf-fe1d1407f022		ALPHA CELL	ALPHA CELL	9	8	0.8888888888888888	5	0.5555555555555556	0.625
LLMarkers	llmarkers|biorxiv|10f6f17d-749e-1014-bdcf-fe1d1407f022	llmarkers|biorxiv|10f6f17d-749e-1014-bdcf-fe1d1407f022	biorxiv:10f6f17d-749e-1014-bdcf-fe1d1407f022		BETA CELL	BETA CELL	21	19	0.9047619047619048	9	0.3333333333333333	0.3157894736842105
LLMarkers	llmarkers|biorxiv|10f6f17d-749e-1014-bdcf-fe1d1407f022	llmarkers|biorxiv|10f6f17d-749e-1014-bdcf-fe1d1407f022	biorxiv:10f6f17d-749e-1014-bdcf-fe1d1407f022		DELTA CELL	DELTA CELL	6	5	0.8333333333333334	4	0.3333333333333333	0.2
LLMarkers	llmarkers|biorxiv|10f6f17d-749e-1014-bdcf-fe1d1407f022	llmarkers|biorxiv|10f6f17d-749e-1014-bdcf-fe1d1407f022	biorxiv:10f6f17d-749e-1014-bdcf-fe1d1407f022		GAMMA CELL	GAMMA CELL	4	4	1.0	1	0.0	0.0
LLMarkers	llmarkers|biorxiv|11b72b7e-6c1b-1014-84e4-aaf6df161d14	llmarkers|biorxiv|11b72b7e-6c1b-1014-84e4-aaf6df161d14	biorxiv:11b72b7e-6c1b-1014-84e4-aaf6df161d14		CD11C+CD14+ GVHD CELL	CD 11 C CD 14 GVHD CELL	6	5	0.8333333333333334	0		
LLMarkers	llmarkers|biorxiv|11b72b7e-6c1b-1014-84e4-aaf6df161d14	llmarkers|biorxiv|11b72b7e-6c1b-1014-84e4-aaf6df161d14	biorxiv:11b72b7e-6c1b-1014-84e4-aaf6df161d14		GVHD MACROPHAGE	GVHD MACROPHAGE	5	4	0.8	0		
LLMarkers	llmarkers|biorxiv|1219c420-6c6a-1014-afb9-e13c88e111ed	llmarkers|biorxiv|1219c420-6c6a-1014-afb9-e13c88e111ed	biorxiv:1219c420-6c6a-1014-afb9-e13c88e111ed		B MATURE	B MATURE	3	0	0.0	0		
LLMarkers	llmarkers|biorxiv|1219c420-6c6a-1014-afb9-e13c88e111ed	llmarkers|biorxiv|1219c420-6c6a-1014-afb9-e13c88e111ed	biorxiv:1219c420-6c6a-1014-afb9-e13c88e111ed		B MEMORY	B MEMORY	3	1	0.3333333333333333	0		
LLMarkers	llmarkers|biorxiv|1219c420-6c6a-1014-afb9-e13c88e111ed	llmarkers|biorxiv|1219c420-6c6a-1014-afb9-e13c88e111ed	biorxiv:1219c420-6c6a-1014-afb9-e13c88e111ed		B REGULATORY	B REGULATORY	3	0	0.0	0		
LLMarkers	llmarkers|biorxiv|1219c420-6c6a-1014-afb9-e13c88e111ed	llmarkers|biorxiv|1219c420-6c6a-1014-afb9-e13c88e111ed	biorxiv:1219c420-6c6a-1014-afb9-e13c88e111ed		TH17	TH 17	5	5	1.0	2	0.0	0.0
LLMarkers	llmarkers|biorxiv|166eb232-7528-1014-af8e-ff8db1c08d2e	llmarkers|biorxiv|166eb232-7528-1014-af8e-ff8db1c08d2e	biorxiv:166eb232-7528-1014-af8e-ff8db1c08d2e		MRC2HIGH HSC	MRC 2 HIGH HSC	4	4	1.0	0		
LLMarkers	llmarkers|biorxiv|1819420a-7028-1014-9d82-b8532c727b67	llmarkers|biorxiv|1819420a-7028-1014-9d82-b8532c727b67	biorxiv:1819420a-7028-1014-9d82-b8532c727b67		OB DOPA-GABA	OB DOPA GABA	6	6	1.0	0		
LLMarkers	llmarkers|biorxiv|1819420a-7028-1014-9d82-b8532c727b67	llmarkers|biorxiv|1819420a-7028-1014-9d82-b8532c727b67	biorxiv:1819420a-7028-1014-9d82-b8532c727b67		STRD D2 STRIOMAT HYBRID MSN	STRD D 2 STRIOMAT HYBRID MSN	4	4	1.0	0		
LLMarkers	llmarkers|biorxiv|1934a72f-6bf9-1014-9f9e-eb610960180d	llmarkers|biorxiv|1934a72f-6bf9-1014-9f9e-eb610960180d	biorxiv:1934a72f-6bf9-1014-9f9e-eb610960180d		CD4+ T CELL	CD 4 T CELL	3	3	1.0	16	0.6666666666666666	0.6666666666666666
LLMarkers	llmarkers|biorxiv|1b938bfc-6db4-1014-bcdd-aff1924d9f72	llmarkers|biorxiv|1b938bfc-6db4-1014-bcdd-aff1924d9f72	biorxiv:1b938bfc-6db4-1014-bcdd-aff1924d9f72		CLUSTER 0	CLUSTER 0	4	0	0.0	4	0.0	
LLMarkers	llmarkers|biorxiv|1b938bfc-6db4-1014-bcdd-aff1924d9f72	llmarkers|biorxiv|1b938bfc-6db4-1014-bcdd-aff1924d9f72	biorxiv:1b938bfc-6db4-1014-bcdd-aff1924d9f72		CLUSTER 3	CLUSTER 3	5	1	0.2	11	0.2	0.0
LLMarkers	llmarkers|biorxiv|1c7188d4-6df9-1014-ac27-b7cf1f27940e	llmarkers|biorxiv|1c7188d4-6df9-1014-ac27-b7cf1f27940e	biorxiv:1c7188d4-6df9-1014-ac27-b7cf1f27940e		BREAST CANCER	BREAST CANCER	4	1	0.25	1	0.0	0.0
LLMarkers	llmarkers|biorxiv|1c7188d4-6df9-1014-ac27-b7cf1f27940e	llmarkers|biorxiv|1c7188d4-6df9-1014-ac27-b7cf1f27940e	biorxiv:1c7188d4-6df9-1014-ac27-b7cf1f27940e		BREAST TUMOR CELLS	BREAST TUMOR CELLS	9	6	0.6666666666666666	0		
LLMarkers	llmarkers|biorxiv|1c7188d4-6df9-1014-ac27-b7cf1f27940e	llmarkers|biorxiv|1c7188d4-6df9-1014-ac27-b7cf1f27940e	biorxiv:1c7188d4-6df9-1014-ac27-b7cf1f27940e		CHRONIC MYELOID LEUKEMIA	CHRONIC MYELOID LEUKEMIA	3	0	0.0	0		
LLMarkers	llmarkers|biorxiv|1c7188d4-6df9-1014-ac27-b7cf1f27940e	llmarkers|biorxiv|1c7188d4-6df9-1014-ac27-b7cf1f27940e	biorxiv:1c7188d4-6df9-1014-ac27-b7cf1f27940e		CHRONIC MYELOID LEUKEMIA TUMOR CELLS	CHRONIC MYELOID LEUKEMIA TUMOR CELLS	11	8	0.7272727272727273	0		
LLMarkers	llmarkers|biorxiv|1c7188d4-6df9-1014-ac27-b7cf1f27940e	llmarkers|biorxiv|1c7188d4-6df9-1014-ac27-b7cf1f27940e	biorxiv:1c7188d4-6df9-1014-ac27-b7cf1f27940e		MALIGNANT MELANOMA	MALIGNANT MELANOMA	3	2	0.6666666666666666	0		
LLMarkers	llmarkers|biorxiv|1c7188d4-6df9-1014-ac27-b7cf1f27940e	llmarkers|biorxiv|1c7188d4-6df9-1014-ac27-b7cf1f27940e	biorxiv:1c7188d4-6df9-1014-ac27-b7cf1f27940e		MALIGNANT MELANOMA CELLS	MALIGNANT MELANOMA CELLS	6	5	0.8333333333333334	0		
LLMarkers	llmarkers|biorxiv|1d26f338-6e4a-1014-b712-c54808557510	llmarkers|biorxiv|1d26f338-6e4a-1014-b712-c54808557510	biorxiv:1d26f338-6e4a-1014-b712-c54808557510		BRG1KD NPCS	BRG 1 KD NPCS	3	3	1.0	0		
LLMarkers	llmarkers|biorxiv|1d26f338-6e4a-1014-b712-c54808557510	llmarkers|biorxiv|1d26f338-6e4a-1014-b712-c54808557510	biorxiv:1d26f338-6e4a-1014-b712-c54808557510		CLUSTER 11	CLUSTER 11	3	3	1.0	2	0.0	0.0
LLMarkers	llmarkers|biorxiv|1d26f338-6e4a-1014-b712-c54808557510	llmarkers|biorxiv|1d26f338-6e4a-1014-b712-c54808557510	biorxiv:1d26f338-6e4a-1014-b712-c54808557510		NEURAL CREST CELL	NEURAL CREST CELL	5	3	0.6	0		
LLMarkers	llmarkers|biorxiv|1d26f338-6e4a-1014-b712-c54808557510	llmarkers|biorxiv|1d26f338-6e4a-1014-b712-c54808557510	biorxiv:1d26f338-6e4a-1014-b712-c54808557510		NEURAL CREST CELLS	NEURAL CREST CELLS	3	1	0.3333333333333333	0		
LLMarkers	llmarkers|biorxiv|1d26f338-6e4a-1014-b712-c54808557510	llmarkers|biorxiv|1d26f338-6e4a-1014-b712-c54808557510	biorxiv:1d26f338-6e4a-1014-b712-c54808557510		NEURONAL LINEAGE	NEURONAL LINEAGE	3	3	1.0	0		
LLMarkers	llmarkers|biorxiv|1d26f338-6e4a-1014-b712-c54808557510	llmarkers|biorxiv|1d26f338-6e4a-1014-b712-c54808557510	biorxiv:1d26f338-6e4a-1014-b712-c54808557510		NPCS	NPCS	5	5	1.0	1	0.0	0.0
LLMarkers	llmarkers|biorxiv|1e0a6787-73c3-1014-991b-bc3d9c192616	llmarkers|biorxiv|1e0a6787-73c3-1014-991b-bc3d9c192616	biorxiv:1e0a6787-73c3-1014-991b-bc3d9c192616		HLA-DR-HIGH INTERMEDIATE MONOCYTES	HLA DR HIGH INTERMEDIATE MONOCYTES	5	0	0.0	0		
LLMarkers	llmarkers|biorxiv|1e0a6787-73c3-1014-991b-bc3d9c192616	llmarkers|biorxiv|1e0a6787-73c3-1014-991b-bc3d9c192616	biorxiv:1e0a6787-73c3-1014-991b-bc3d9c192616		ISG+ AP1 HIGH CLASSICAL MONOCYTES	ISG AP 1 HIGH CLASSICAL MONOCYTES	5	0	0.0	0		
LLMarkers	llmarkers|biorxiv|1e0a6787-73c3-1014-991b-bc3d9c192616	llmarkers|biorxiv|1e0a6787-73c3-1014-991b-bc3d9c192616	biorxiv:1e0a6787-73c3-1014-991b-bc3d9c192616		ISG+ AP1LOW CLASSICAL MONOCYTES	ISG AP 1 LOW CLASSICAL MONOCYTES	5	0	0.0	0		
LLMarkers	llmarkers|biorxiv|1e0a6787-73c3-1014-991b-bc3d9c192616	llmarkers|biorxiv|1e0a6787-73c3-1014-991b-bc3d9c192616	biorxiv:1e0a6787-73c3-1014-991b-bc3d9c192616		ISG+ GZMK+ EFFECTOR MEMORY CD8+ T CELL	ISG GZMK EFFECTOR MEMORY CD 8 T CELL	6	5	0.8333333333333334	0		
LLMarkers	llmarkers|biorxiv|1e0a6787-73c3-1014-991b-bc3d9c192616	llmarkers|biorxiv|1e0a6787-73c3-1014-991b-bc3d9c192616	biorxiv:1e0a6787-73c3-1014-991b-bc3d9c192616		ISG+ NAIVE CD4+ T CELL	ISG NAIVE CD 4 T CELL	3	0	0.0	0		
LLMarkers	llmarkers|biorxiv|1e0a6787-73c3-1014-991b-bc3d9c192616	llmarkers|biorxiv|1e0a6787-73c3-1014-991b-bc3d9c192616	biorxiv:1e0a6787-73c3-1014-991b-bc3d9c192616		ISG+ NON-CLASSICAL MONOCYTES	ISG NON CLASSICAL MONOCYTES	5	0	0.0	0		
LLMarkers	llmarkers|biorxiv|1e0a6787-73c3-1014-991b-bc3d9c192616	llmarkers|biorxiv|1e0a6787-73c3-1014-991b-bc3d9c192616	biorxiv:1e0a6787-73c3-1014-991b-bc3d9c192616		TRANSITIONAL B	TRANSITIONAL B	6	6	1.0	0		
LLMarkers	llmarkers|biorxiv|1e500b21-6c04-1014-adde-c104b14bbdad	llmarkers|biorxiv|1e500b21-6c04-1014-adde-c104b14bbdad	biorxiv:1e500b21-6c04-1014-adde-c104b14bbdad		CEFX-SPECIFIC BRAIN METASTASIS-INFILTRATING PD-1+ CD8+ T CELL	CEFX SPECIFIC BRAIN METASTASIS INFILTRATING PD 1 CD 8 T CELL	3	3	1.0	0		
LLMarkers	llmarkers|biorxiv|1e500b21-6c04-1014-adde-c104b14bbdad	llmarkers|biorxiv|1e500b21-6c04-1014-adde-c104b14bbdad	biorxiv:1e500b21-6c04-1014-adde-c104b14bbdad		CLUSTER 6	CLUSTER 6	4	3	0.75	2	0.0	0.0
LLMarkers	llmarkers|biorxiv|1e500b21-6c04-1014-adde-c104b14bbdad	llmarkers|biorxiv|1e500b21-6c04-1014-adde-c104b14bbdad	biorxiv:1e500b21-6c04-1014-adde-c104b14bbdad		TERMINALLY-DIFFERENTIATED	TERMINALLY DIFFERENTIATED	5	2	0.4	0		
LLMarkers	llmarkers|biorxiv|1e500b21-6c04-1014-adde-c104b14bbdad	llmarkers|biorxiv|1e500b21-6c04-1014-adde-c104b14bbdad	biorxiv:1e500b21-6c04-1014-adde-c104b14bbdad		TERMINALLY-DIFFERENTIATED PHENOTYPE OF CD8+ T CELL	TERMINALLY DIFFERENTIATED PHENOTYPE OF CD 8 T CELL	4	2	0.5	0		
LLMarkers	llmarkers|biorxiv|1efd9fbe-6f02-1014-8df4-f37a8d806beb	llmarkers|biorxiv|1efd9fbe-6f02-1014-8df4-f37a8d806beb	biorxiv:1efd9fbe-6f02-1014-8df4-f37a8d806beb		CD197⁺ IL2R/IL7R⁺ MONOCYTE	CD 197 IL 2 R IL 7 R MONOCYTE	3	0	0.0	0		
LLMarkers	llmarkers|biorxiv|1efd9fbe-6f02-1014-8df4-f37a8d806beb	llmarkers|biorxiv|1efd9fbe-6f02-1014-8df4-f37a8d806beb	biorxiv:1efd9fbe-6f02-1014-8df4-f37a8d806beb		MONOCYTE	MONOCYTE	5	2	0.4	23	0.0	0.0
LLMarkers	llmarkers|biorxiv|1f87890c-7e00-1014-91de-cf40554be0ec	llmarkers|biorxiv|1f87890c-7e00-1014-91de-cf40554be0ec	biorxiv:1f87890c-7e00-1014-91de-cf40554be0ec		CD14+ MONOCYTE	CD 14 MONOCYTE	4	4	1.0	2	1.0	1.0
LLMarkers	llmarkers|biorxiv|1f87890c-7e00-1014-91de-cf40554be0ec	llmarkers|biorxiv|1f87890c-7e00-1014-91de-cf40554be0ec	biorxiv:1f87890c-7e00-1014-91de-cf40554be0ec		NATURAL KILLER CELL	NATURAL KILLER CELL	3	3	1.0	0		
LLMarkers	llmarkers|biorxiv|1fa7b83f-6da7-1014-a69d-d257852e8dd1	llmarkers|biorxiv|1fa7b83f-6da7-1014-a69d-d257852e8dd1	biorxiv:1fa7b83f-6da7-1014-a69d-d257852e8dd1		CYTOTOXIC	CYTOTOXIC	12	12	1.0	2	0.25	0.25
LLMarkers	llmarkers|biorxiv|1fa7b83f-6da7-1014-a69d-d257852e8dd1	llmarkers|biorxiv|1fa7b83f-6da7-1014-a69d-d257852e8dd1	biorxiv:1fa7b83f-6da7-1014-a69d-d257852e8dd1		NAÏVE T CELL	NAIVE T CELL	4	4	1.0	2	0.75	0.75
LLMarkers	llmarkers|biorxiv|1fa7b83f-6da7-1014-a69d-d257852e8dd1	llmarkers|biorxiv|1fa7b83f-6da7-1014-a69d-d257852e8dd1	biorxiv:1fa7b83f-6da7-1014-a69d-d257852e8dd1		T CELL	T CELL	3	3	1.0	37	1.0	1.0
LLMarkers	llmarkers|biorxiv|200cf446-75b0-1014-a31c-a786c6d74a08	llmarkers|biorxiv|200cf446-75b0-1014-a31c-a786c6d74a08	biorxiv:200cf446-75b0-1014-a31c-a786c6d74a08		BAT	BAT	5	5	1.0	0		
LLMarkers	llmarkers|biorxiv|219b21d9-7007-1014-9157-ab439216a355	llmarkers|biorxiv|219b21d9-7007-1014-9157-ab439216a355	biorxiv:219b21d9-7007-1014-9157-ab439216a355		CHONDROMYOCYTES/CMCS	CHONDROMYOCYTES CMCS	3	2	0.6666666666666666	0		
LLMarkers	llmarkers|biorxiv|219b21d9-7007-1014-9157-ab439216a355	llmarkers|biorxiv|219b21d9-7007-1014-9157-ab439216a355	biorxiv:219b21d9-7007-1014-9157-ab439216a355		CMC	CMC	4	0	0.0	0		
LLMarkers	llmarkers|biorxiv|219b21d9-7007-1014-9157-ab439216a355	llmarkers|biorxiv|219b21d9-7007-1014-9157-ab439216a355	biorxiv:219b21d9-7007-1014-9157-ab439216a355		FIB1	FIB 1	3	3	1.0	2	0.3333333333333333	0.3333333333333333
LLMarkers	llmarkers|biorxiv|219b21d9-7007-1014-9157-ab439216a355	llmarkers|biorxiv|219b21d9-7007-1014-9157-ab439216a355	biorxiv:219b21d9-7007-1014-9157-ab439216a355		FIB2	FIB 2	3	3	1.0	1	0.0	0.0
LLMarkers	llmarkers|biorxiv|219b21d9-7007-1014-9157-ab439216a355	llmarkers|biorxiv|219b21d9-7007-1014-9157-ab439216a355	biorxiv:219b21d9-7007-1014-9157-ab439216a355		FIB3	FIB 3	3	3	1.0	0		
LLMarkers	llmarkers|biorxiv|219b21d9-7007-1014-9157-ab439216a355	llmarkers|biorxiv|219b21d9-7007-1014-9157-ab439216a355	biorxiv:219b21d9-7007-1014-9157-ab439216a355		FIB4	FIB 4	3	3	1.0	0		
LLMarkers	llmarkers|biorxiv|219b21d9-7007-1014-9157-ab439216a355	llmarkers|biorxiv|219b21d9-7007-1014-9157-ab439216a355	biorxiv:219b21d9-7007-1014-9157-ab439216a355		FIB5	FIB 5	3	3	1.0	0		
LLMarkers	llmarkers|biorxiv|219b21d9-7007-1014-9157-ab439216a355	llmarkers|biorxiv|219b21d9-7007-1014-9157-ab439216a355	biorxiv:219b21d9-7007-1014-9157-ab439216a355		FIB6	FIB 6	3	3	1.0	0		
LLMarkers	llmarkers|biorxiv|219b21d9-7007-1014-9157-ab439216a355	llmarkers|biorxiv|219b21d9-7007-1014-9157-ab439216a355	biorxiv:219b21d9-7007-1014-9157-ab439216a355		FIB7	FIB 7	3	3	1.0	0		
LLMarkers	llmarkers|biorxiv|219b21d9-7007-1014-9157-ab439216a355	llmarkers|biorxiv|219b21d9-7007-1014-9157-ab439216a355	biorxiv:219b21d9-7007-1014-9157-ab439216a355		FIBROMYOCYTES/FMCS	FIBROMYOCYTES FMCS	3	2	0.6666666666666666	0		
LLMarkers	llmarkers|biorxiv|219b21d9-7007-1014-9157-ab439216a355	llmarkers|biorxiv|219b21d9-7007-1014-9157-ab439216a355	biorxiv:219b21d9-7007-1014-9157-ab439216a355		FMC	FMC	4	0	0.0	0		
LLMarkers	llmarkers|biorxiv|219b21d9-7007-1014-9157-ab439216a355	llmarkers|biorxiv|219b21d9-7007-1014-9157-ab439216a355	biorxiv:219b21d9-7007-1014-9157-ab439216a355		IVMAC1	IVMAC 1	3	1	0.3333333333333333	0		
LLMarkers	llmarkers|biorxiv|219b21d9-7007-1014-9157-ab439216a355	llmarkers|biorxiv|219b21d9-7007-1014-9157-ab439216a355	biorxiv:219b21d9-7007-1014-9157-ab439216a355		IVMAC2	IVMAC 2	3	3	1.0	0		
LLMarkers	llmarkers|biorxiv|219b21d9-7007-1014-9157-ab439216a355	llmarkers|biorxiv|219b21d9-7007-1014-9157-ab439216a355	biorxiv:219b21d9-7007-1014-9157-ab439216a355		IVMAC3	IVMAC 3	3	3	1.0	0		
LLMarkers	llmarkers|biorxiv|219b21d9-7007-1014-9157-ab439216a355	llmarkers|biorxiv|219b21d9-7007-1014-9157-ab439216a355	biorxiv:219b21d9-7007-1014-9157-ab439216a355		IVMAC4	IVMAC 4	3	3	1.0	0		
LLMarkers	llmarkers|biorxiv|219b21d9-7007-1014-9157-ab439216a355	llmarkers|biorxiv|219b21d9-7007-1014-9157-ab439216a355	biorxiv:219b21d9-7007-1014-9157-ab439216a355		IVMAC5	IVMAC 5	3	3	1.0	0		
LLMarkers	llmarkers|biorxiv|219b21d9-7007-1014-9157-ab439216a355	llmarkers|biorxiv|219b21d9-7007-1014-9157-ab439216a355	biorxiv:219b21d9-7007-1014-9157-ab439216a355		IVMAC6	IVMAC 6	3	2	0.6666666666666666	0		
LLMarkers	llmarkers|biorxiv|219b21d9-7007-1014-9157-ab439216a355	llmarkers|biorxiv|219b21d9-7007-1014-9157-ab439216a355	biorxiv:219b21d9-7007-1014-9157-ab439216a355		IVMAC7	IVMAC 7	3	3	1.0	0		
LLMarkers	llmarkers|biorxiv|219b21d9-7007-1014-9157-ab439216a355	llmarkers|biorxiv|219b21d9-7007-1014-9157-ab439216a355	biorxiv:219b21d9-7007-1014-9157-ab439216a355		MAC4	MAC 4	7	5	0.7142857142857143	0		
LLMarkers	llmarkers|biorxiv|219b21d9-7007-1014-9157-ab439216a355	llmarkers|biorxiv|219b21d9-7007-1014-9157-ab439216a355	biorxiv:219b21d9-7007-1014-9157-ab439216a355		PERICYTE	PERICYTE	3	3	1.0	13	1.0	1.0
LLMarkers	llmarkers|biorxiv|219b21d9-7007-1014-9157-ab439216a355	llmarkers|biorxiv|219b21d9-7007-1014-9157-ab439216a355	biorxiv:219b21d9-7007-1014-9157-ab439216a355		SMC1	SMC 1	5	3	0.6	0		
LLMarkers	llmarkers|biorxiv|219b21d9-7007-1014-9157-ab439216a355	llmarkers|biorxiv|219b21d9-7007-1014-9157-ab439216a355	biorxiv:219b21d9-7007-1014-9157-ab439216a355		SMC2	SMC 2	4	2	0.5	0		
LLMarkers	llmarkers|biorxiv|219b21d9-7007-1014-9157-ab439216a355	llmarkers|biorxiv|219b21d9-7007-1014-9157-ab439216a355	biorxiv:219b21d9-7007-1014-9157-ab439216a355		SMC3	SMC 3	5	3	0.6	0		
LLMarkers	llmarkers|biorxiv|219b21d9-7007-1014-9157-ab439216a355	llmarkers|biorxiv|219b21d9-7007-1014-9157-ab439216a355	biorxiv:219b21d9-7007-1014-9157-ab439216a355		SMC4	SMC 4	3	2	0.6666666666666666	0		
LLMarkers	llmarkers|biorxiv|2351d19e-6c56-1014-8708-9339c5f1215f	llmarkers|biorxiv|2351d19e-6c56-1014-8708-9339c5f1215f	biorxiv:2351d19e-6c56-1014-8708-9339c5f1215f		PROLIFERATING T CELL	PROLIFERATING T CELL	7	7	1.0	1	0.0	0.0
LLMarkers	llmarkers|biorxiv|2439b48c-6d2d-1014-8b64-9f8fdc0d5fe9	llmarkers|biorxiv|2439b48c-6d2d-1014-8b64-9f8fdc0d5fe9	biorxiv:2439b48c-6d2d-1014-8b64-9f8fdc0d5fe9		ALVEOLAR	ALVEOLAR	5	2	0.4	1	0.0	0.0
LLMarkers	llmarkers|biorxiv|2439b48c-6d2d-1014-8b64-9f8fdc0d5fe9	llmarkers|biorxiv|2439b48c-6d2d-1014-8b64-9f8fdc0d5fe9	biorxiv:2439b48c-6d2d-1014-8b64-9f8fdc0d5fe9		AT2	AT 2	3	0	0.0	9	0.0	
LLMarkers	llmarkers|biorxiv|2439b48c-6d2d-1014-8b64-9f8fdc0d5fe9	llmarkers|biorxiv|2439b48c-6d2d-1014-8b64-9f8fdc0d5fe9	biorxiv:2439b48c-6d2d-1014-8b64-9f8fdc0d5fe9		BASAL CELL	BASAL CELL	5	5	1.0	6	0.6	0.6
LLMarkers	llmarkers|biorxiv|2439b48c-6d2d-1014-8b64-9f8fdc0d5fe9	llmarkers|biorxiv|2439b48c-6d2d-1014-8b64-9f8fdc0d5fe9	biorxiv:2439b48c-6d2d-1014-8b64-9f8fdc0d5fe9		EPITHELIAL CELL	EPITHELIAL CELL	5	5	1.0	6	0.8	0.8
LLMarkers	llmarkers|biorxiv|2439b48c-6d2d-1014-8b64-9f8fdc0d5fe9	llmarkers|biorxiv|2439b48c-6d2d-1014-8b64-9f8fdc0d5fe9	biorxiv:2439b48c-6d2d-1014-8b64-9f8fdc0d5fe9		MESENCHYMAL	MESENCHYMAL	3	3	1.0	6	0.6666666666666666	0.6666666666666666
LLMarkers	llmarkers|biorxiv|2439b48c-6d2d-1014-8b64-9f8fdc0d5fe9	llmarkers|biorxiv|2439b48c-6d2d-1014-8b64-9f8fdc0d5fe9	biorxiv:2439b48c-6d2d-1014-8b64-9f8fdc0d5fe9		MESENCHYMAL STEM CELL	MESENCHYMAL STEM CELL	3	3	1.0	0		
LLMarkers	llmarkers|biorxiv|24629940-6c09-1014-990c-ab0ee25195e2	llmarkers|biorxiv|24629940-6c09-1014-990c-ab0ee25195e2	biorxiv:24629940-6c09-1014-990c-ab0ee25195e2		FIRST HEART FIELD AND SECOND HEART FIELD	FIRST HEART FIELD AND SECOND HEART FIELD	3	3	1.0	0		
LLMarkers	llmarkers|biorxiv|24629940-6c09-1014-990c-ab0ee25195e2	llmarkers|biorxiv|24629940-6c09-1014-990c-ab0ee25195e2	biorxiv:24629940-6c09-1014-990c-ab0ee25195e2		HEMATOPOIETIC LINEAGES	HEMATOPOIETIC LINEAGES	3	3	1.0	0		
LLMarkers	llmarkers|biorxiv|2696a317-6c07-1014-9562-d326b0aa508e	llmarkers|biorxiv|2696a317-6c07-1014-9562-d326b0aa508e	biorxiv:2696a317-6c07-1014-9562-d326b0aa508e		CLUSTER 4	CLUSTER 4	11	11	1.0	10	0.09090909090909091	0.09090909090909091
LLMarkers	llmarkers|biorxiv|2696a317-6c07-1014-9562-d326b0aa508e	llmarkers|biorxiv|2696a317-6c07-1014-9562-d326b0aa508e	biorxiv:2696a317-6c07-1014-9562-d326b0aa508e		CLUSTER 8	CLUSTER 8	7	6	0.8571428571428571	3	0.0	0.0
LLMarkers	llmarkers|biorxiv|2696a317-6c07-1014-9562-d326b0aa508e	llmarkers|biorxiv|2696a317-6c07-1014-9562-d326b0aa508e	biorxiv:2696a317-6c07-1014-9562-d326b0aa508e		T CELL CLUSTER 0	T CELL CLUSTER 0	5	5	1.0	0		
LLMarkers	llmarkers|biorxiv|2696a317-6c07-1014-9562-d326b0aa508e	llmarkers|biorxiv|2696a317-6c07-1014-9562-d326b0aa508e	biorxiv:2696a317-6c07-1014-9562-d326b0aa508e		T CELL CLUSTER 1	T CELL CLUSTER 1	5	4	0.8	0		
LLMarkers	llmarkers|biorxiv|2746af96-6da7-1014-ab14-859a63e4801c	llmarkers|biorxiv|2746af96-6da7-1014-ab14-859a63e4801c	biorxiv:2746af96-6da7-1014-ab14-859a63e4801c		EC	EC	3	3	1.0	6	0.6666666666666666	0.6666666666666666
LLMarkers	llmarkers|biorxiv|29ae8fb9-6d50-1014-8923-847f08fdc25e	llmarkers|biorxiv|29ae8fb9-6d50-1014-8923-847f08fdc25e	biorxiv:29ae8fb9-6d50-1014-8923-847f08fdc25e		PLAQUE CELL	PLAQUE CELL	8	8	1.0	0		
LLMarkers	llmarkers|biorxiv|29ae8fb9-6d50-1014-8923-847f08fdc25e	llmarkers|biorxiv|29ae8fb9-6d50-1014-8923-847f08fdc25e	biorxiv:29ae8fb9-6d50-1014-8923-847f08fdc25e		PLAQUE SMOOTH MUSCLE CELL	PLAQUE SMOOTH MUSCLE CELL	3	3	1.0	0		
LLMarkers	llmarkers|biorxiv|29dae57b-6d36-1014-8489-e77255373be6	llmarkers|biorxiv|29dae57b-6d36-1014-8489-e77255373be6	biorxiv:29dae57b-6d36-1014-8489-e77255373be6		MULTINUCLEATED CELLS DIGESTING CARTILAGE	MULTINUCLEATED CELLS DIGESTING CARTILAGE	4	3	0.75	0		
LLMarkers	llmarkers|biorxiv|29dae57b-6d36-1014-8489-e77255373be6	llmarkers|biorxiv|29dae57b-6d36-1014-8489-e77255373be6	biorxiv:29dae57b-6d36-1014-8489-e77255373be6		OSTEOCLAST	OSTEOCLAST	8	7	0.875	2	0.25	0.14285714285714285
LLMarkers	llmarkers|biorxiv|2db922a0-7010-1014-aa5e-9a5620278c90	llmarkers|biorxiv|2db922a0-7010-1014-aa5e-9a5620278c90	biorxiv:2db922a0-7010-1014-aa5e-9a5620278c90		DIFFED-SPG	DIFFED SPG	3	3	1.0	0		
LLMarkers	llmarkers|biorxiv|2db922a0-7010-1014-aa5e-9a5620278c90	llmarkers|biorxiv|2db922a0-7010-1014-aa5e-9a5620278c90	biorxiv:2db922a0-7010-1014-aa5e-9a5620278c90		DIFFING-SPG	DIFFING SPG	3	3	1.0	0		
LLMarkers	llmarkers|biorxiv|2db922a0-7010-1014-aa5e-9a5620278c90	llmarkers|biorxiv|2db922a0-7010-1014-aa5e-9a5620278c90	biorxiv:2db922a0-7010-1014-aa5e-9a5620278c90		SC1	SC 1	3	3	1.0	0		
LLMarkers	llmarkers|biorxiv|2db922a0-7010-1014-aa5e-9a5620278c90	llmarkers|biorxiv|2db922a0-7010-1014-aa5e-9a5620278c90	biorxiv:2db922a0-7010-1014-aa5e-9a5620278c90		SC3	SC 3	3	3	1.0	0		
LLMarkers	llmarkers|biorxiv|2db922a0-7010-1014-aa5e-9a5620278c90	llmarkers|biorxiv|2db922a0-7010-1014-aa5e-9a5620278c90	biorxiv:2db922a0-7010-1014-aa5e-9a5620278c90		SC4	SC 4	3	3	1.0	0		
LLMarkers	llmarkers|biorxiv|2db922a0-7010-1014-aa5e-9a5620278c90	llmarkers|biorxiv|2db922a0-7010-1014-aa5e-9a5620278c90	biorxiv:2db922a0-7010-1014-aa5e-9a5620278c90		SC5	SC 5	3	3	1.0	0		
LLMarkers	llmarkers|biorxiv|2db922a0-7010-1014-aa5e-9a5620278c90	llmarkers|biorxiv|2db922a0-7010-1014-aa5e-9a5620278c90	biorxiv:2db922a0-7010-1014-aa5e-9a5620278c90		SC6	SC 6	3	3	1.0	0		
LLMarkers	llmarkers|biorxiv|2db922a0-7010-1014-aa5e-9a5620278c90	llmarkers|biorxiv|2db922a0-7010-1014-aa5e-9a5620278c90	biorxiv:2db922a0-7010-1014-aa5e-9a5620278c90		SC7	SC 7	3	3	1.0	0		
LLMarkers	llmarkers|biorxiv|2db922a0-7010-1014-aa5e-9a5620278c90	llmarkers|biorxiv|2db922a0-7010-1014-aa5e-9a5620278c90	biorxiv:2db922a0-7010-1014-aa5e-9a5620278c90		SC8	SC 8	3	3	1.0	0		
LLMarkers	llmarkers|biorxiv|2db922a0-7010-1014-aa5e-9a5620278c90	llmarkers|biorxiv|2db922a0-7010-1014-aa5e-9a5620278c90	biorxiv:2db922a0-7010-1014-aa5e-9a5620278c90		SERTOLI CELLS	SERTOLI CELLS	3	3	1.0	1	0.6666666666666666	0.6666666666666666
LLMarkers	llmarkers|biorxiv|2db922a0-7010-1014-aa5e-9a5620278c90	llmarkers|biorxiv|2db922a0-7010-1014-aa5e-9a5620278c90	biorxiv:2db922a0-7010-1014-aa5e-9a5620278c90		SSC0	SSC 0	8	0	0.0	0		
LLMarkers	llmarkers|biorxiv|2db922a0-7010-1014-aa5e-9a5620278c90	llmarkers|biorxiv|2db922a0-7010-1014-aa5e-9a5620278c90	biorxiv:2db922a0-7010-1014-aa5e-9a5620278c90		SSC1	SSC 1	9	1	0.1111111111111111	0		
LLMarkers	llmarkers|biorxiv|2db922a0-7010-1014-aa5e-9a5620278c90	llmarkers|biorxiv|2db922a0-7010-1014-aa5e-9a5620278c90	biorxiv:2db922a0-7010-1014-aa5e-9a5620278c90		SSC2	SSC 2	5	3	0.6	0		
LLMarkers	llmarkers|biorxiv|2e0cb1c8-7146-1014-adb8-b57e9dddb191	llmarkers|biorxiv|2e0cb1c8-7146-1014-adb8-b57e9dddb191	biorxiv:2e0cb1c8-7146-1014-adb8-b57e9dddb191		G2/M	G 2 M	5	4	0.8	0		
LLMarkers	llmarkers|biorxiv|2e0cb1c8-7146-1014-adb8-b57e9dddb191	llmarkers|biorxiv|2e0cb1c8-7146-1014-adb8-b57e9dddb191	biorxiv:2e0cb1c8-7146-1014-adb8-b57e9dddb191		LATE G1	LATE G 1	4	3	0.75	0		
LLMarkers	llmarkers|biorxiv|2e0cb1c8-7146-1014-adb8-b57e9dddb191	llmarkers|biorxiv|2e0cb1c8-7146-1014-adb8-b57e9dddb191	biorxiv:2e0cb1c8-7146-1014-adb8-b57e9dddb191		NEURAL G0	NEURAL G 0	17	15	0.8823529411764706	0		
LLMarkers	llmarkers|biorxiv|2e0cb1c8-7146-1014-adb8-b57e9dddb191	llmarkers|biorxiv|2e0cb1c8-7146-1014-adb8-b57e9dddb191	biorxiv:2e0cb1c8-7146-1014-adb8-b57e9dddb191		S	S	3	1	0.3333333333333333	0		
LLMarkers	llmarkers|biorxiv|2f0bc005-6d0e-1014-97e7-b0ad1a9b0569	llmarkers|biorxiv|2f0bc005-6d0e-1014-97e7-b0ad1a9b0569	biorxiv:2f0bc005-6d0e-1014-97e7-b0ad1a9b0569		PREADIPOCYTE	PREADIPOCYTE	3	3	1.0	0		
LLMarkers	llmarkers|biorxiv|307b2bd7-6cb9-1014-a6b4-a58a7220bba3	llmarkers|biorxiv|307b2bd7-6cb9-1014-a6b4-a58a7220bba3	biorxiv:307b2bd7-6cb9-1014-a6b4-a58a7220bba3		B CELL	B CELL	4	4	1.0	29	1.0	1.0
LLMarkers	llmarkers|biorxiv|307b2bd7-6cb9-1014-a6b4-a58a7220bba3	llmarkers|biorxiv|307b2bd7-6cb9-1014-a6b4-a58a7220bba3	biorxiv:307b2bd7-6cb9-1014-a6b4-a58a7220bba3		NK CELL	NK CELL	5	3	0.6	15	0.6	0.6666666666666666
LLMarkers	llmarkers|biorxiv|307b2bd7-6cb9-1014-a6b4-a58a7220bba3	llmarkers|biorxiv|307b2bd7-6cb9-1014-a6b4-a58a7220bba3	biorxiv:307b2bd7-6cb9-1014-a6b4-a58a7220bba3		NK T CELL	NK T CELL	4	2	0.5	0		
LLMarkers	llmarkers|biorxiv|307b2bd7-6cb9-1014-a6b4-a58a7220bba3	llmarkers|biorxiv|307b2bd7-6cb9-1014-a6b4-a58a7220bba3	biorxiv:307b2bd7-6cb9-1014-a6b4-a58a7220bba3		PDCS	PDCS	4	4	1.0	2	0.75	0.75
LLMarkers	llmarkers|biorxiv|307b2bd7-6cb9-1014-a6b4-a58a7220bba3	llmarkers|biorxiv|307b2bd7-6cb9-1014-a6b4-a58a7220bba3	biorxiv:307b2bd7-6cb9-1014-a6b4-a58a7220bba3		T CELL	T CELL	4	2	0.5	36	0.75	0.5
LLMarkers	llmarkers|biorxiv|307b2bd7-6cb9-1014-a6b4-a58a7220bba3	llmarkers|biorxiv|307b2bd7-6cb9-1014-a6b4-a58a7220bba3	biorxiv:307b2bd7-6cb9-1014-a6b4-a58a7220bba3		T-CELL	T CELL	3	1	0.3333333333333333	36	1.0	1.0
LLMarkers	llmarkers|biorxiv|30a348aa-6c75-1014-b586-8a08f0d76748	llmarkers|biorxiv|30a348aa-6c75-1014-b586-8a08f0d76748	biorxiv:30a348aa-6c75-1014-b586-8a08f0d76748		CTHRC1+	CTHRC 1	6	5	0.8333333333333334	0		
LLMarkers	llmarkers|biorxiv|30a348aa-6c75-1014-b586-8a08f0d76748	llmarkers|biorxiv|30a348aa-6c75-1014-b586-8a08f0d76748	biorxiv:30a348aa-6c75-1014-b586-8a08f0d76748		HIGH COLLAGEN EXPRESSING FIBROBLAST POPULATION	HIGH COLLAGEN EXPRESSING FIBROBLAST POPULATION	3	2	0.6666666666666666	0		
LLMarkers	llmarkers|biorxiv|315fa881-726d-1014-9d3d-bbe9b5731a1d	llmarkers|biorxiv|315fa881-726d-1014-9d3d-bbe9b5731a1d	biorxiv:315fa881-726d-1014-9d3d-bbe9b5731a1d		CD4-CTLS	CD 4 CTLS	5	0	0.0	0		
LLMarkers	llmarkers|biorxiv|315fa881-726d-1014-9d3d-bbe9b5731a1d	llmarkers|biorxiv|315fa881-726d-1014-9d3d-bbe9b5731a1d	biorxiv:315fa881-726d-1014-9d3d-bbe9b5731a1d		DNT	DNT	3	0	0.0	0		
LLMarkers	llmarkers|biorxiv|315fa881-726d-1014-9d3d-bbe9b5731a1d	llmarkers|biorxiv|315fa881-726d-1014-9d3d-bbe9b5731a1d	biorxiv:315fa881-726d-1014-9d3d-bbe9b5731a1d		MAIT	MAIT	5	0	0.0	2	0.0	
LLMarkers	llmarkers|biorxiv|315fa881-726d-1014-9d3d-bbe9b5731a1d	llmarkers|biorxiv|315fa881-726d-1014-9d3d-bbe9b5731a1d	biorxiv:315fa881-726d-1014-9d3d-bbe9b5731a1d		NK-BRIGHT	NK BRIGHT	6	0	0.0	0		
LLMarkers	llmarkers|biorxiv|315fa881-726d-1014-9d3d-bbe9b5731a1d	llmarkers|biorxiv|315fa881-726d-1014-9d3d-bbe9b5731a1d	biorxiv:315fa881-726d-1014-9d3d-bbe9b5731a1d		NK-DIM	NK DIM	7	0	0.0	0		
LLMarkers	llmarkers|biorxiv|315fa881-726d-1014-9d3d-bbe9b5731a1d	llmarkers|biorxiv|315fa881-726d-1014-9d3d-bbe9b5731a1d	biorxiv:315fa881-726d-1014-9d3d-bbe9b5731a1d		PLATELETS	PLATELETS	4	0	0.0	0		
LLMarkers	llmarkers|biorxiv|345515b9-73b8-1014-926f-ccb5414f8f48	llmarkers|biorxiv|345515b9-73b8-1014-926f-ccb5414f8f48	biorxiv:345515b9-73b8-1014-926f-ccb5414f8f48		CANCER CELL	CANCER CELL	7	7	1.0	2	0.0	0.0
LLMarkers	llmarkers|biorxiv|3491a20c-6c0b-1014-8496-82b032785c2c	llmarkers|biorxiv|3491a20c-6c0b-1014-8496-82b032785c2c	biorxiv:3491a20c-6c0b-1014-8496-82b032785c2c		ACINAR PANCREATIC ISLET	ACINAR PANCREATIC ISLET	11	11	1.0	0		
LLMarkers	llmarkers|biorxiv|3491a20c-6c0b-1014-8496-82b032785c2c	llmarkers|biorxiv|3491a20c-6c0b-1014-8496-82b032785c2c	biorxiv:3491a20c-6c0b-1014-8496-82b032785c2c		ALPHA PANCREATIC ISLET	ALPHA PANCREATIC ISLET	4	4	1.0	0		
LLMarkers	llmarkers|biorxiv|3491a20c-6c0b-1014-8496-82b032785c2c	llmarkers|biorxiv|3491a20c-6c0b-1014-8496-82b032785c2c	biorxiv:3491a20c-6c0b-1014-8496-82b032785c2c		BETA-PANCREATIC ISLET	BETA PANCREATIC ISLET	11	11	1.0	0		
LLMarkers	llmarkers|biorxiv|35208be1-70ce-1014-9f75-f7d24dac9096	llmarkers|biorxiv|35208be1-70ce-1014-9f75-f7d24dac9096	biorxiv:35208be1-70ce-1014-9f75-f7d24dac9096		BASO	BASO	3	0	0.0	0		
LLMarkers	llmarkers|biorxiv|35208be1-70ce-1014-9f75-f7d24dac9096	llmarkers|biorxiv|35208be1-70ce-1014-9f75-f7d24dac9096	biorxiv:35208be1-70ce-1014-9f75-f7d24dac9096		BASOEB	BASOEB	3	1	0.3333333333333333	0		
LLMarkers	llmarkers|biorxiv|35208be1-70ce-1014-9f75-f7d24dac9096	llmarkers|biorxiv|35208be1-70ce-1014-9f75-f7d24dac9096	biorxiv:35208be1-70ce-1014-9f75-f7d24dac9096		BASOP	BASOP	4	1	0.25	0		
LLMarkers	llmarkers|biorxiv|35208be1-70ce-1014-9f75-f7d24dac9096	llmarkers|biorxiv|35208be1-70ce-1014-9f75-f7d24dac9096	biorxiv:35208be1-70ce-1014-9f75-f7d24dac9096		CFU-E	CFU E	4	1	0.25	0		
LLMarkers	llmarkers|biorxiv|35208be1-70ce-1014-9f75-f7d24dac9096	llmarkers|biorxiv|35208be1-70ce-1014-9f75-f7d24dac9096	biorxiv:35208be1-70ce-1014-9f75-f7d24dac9096		HSC	HSC	7	4	0.5714285714285714	4	0.5714285714285714	0.75
LLMarkers	llmarkers|biorxiv|35208be1-70ce-1014-9f75-f7d24dac9096	llmarkers|biorxiv|35208be1-70ce-1014-9f75-f7d24dac9096	biorxiv:35208be1-70ce-1014-9f75-f7d24dac9096		HSPC	HSPC	8	5	0.625	3	0.0	0.0
LLMarkers	llmarkers|biorxiv|35208be1-70ce-1014-9f75-f7d24dac9096	llmarkers|biorxiv|35208be1-70ce-1014-9f75-f7d24dac9096	biorxiv:35208be1-70ce-1014-9f75-f7d24dac9096		MEGAKARYOCYTE PROGENITOR	MEGAKARYOCYTE PROGENITOR	3	1	0.3333333333333333	0		
LLMarkers	llmarkers|biorxiv|35208be1-70ce-1014-9f75-f7d24dac9096	llmarkers|biorxiv|35208be1-70ce-1014-9f75-f7d24dac9096	biorxiv:35208be1-70ce-1014-9f75-f7d24dac9096		MEGAKARYOCYTE-ERYTHROID PROGENITOR (MEP)	MEGAKARYOCYTE ERYTHROID PROGENITOR MEP	9	2	0.2222222222222222	0		
LLMarkers	llmarkers|biorxiv|35208be1-70ce-1014-9f75-f7d24dac9096	llmarkers|biorxiv|35208be1-70ce-1014-9f75-f7d24dac9096	biorxiv:35208be1-70ce-1014-9f75-f7d24dac9096		MEGAP	MEGAP	6	2	0.3333333333333333	0		
LLMarkers	llmarkers|biorxiv|35208be1-70ce-1014-9f75-f7d24dac9096	llmarkers|biorxiv|35208be1-70ce-1014-9f75-f7d24dac9096	biorxiv:35208be1-70ce-1014-9f75-f7d24dac9096		POLY-ORTHOEB	POLY ORTHOEB	5	2	0.4	0		
LLMarkers	llmarkers|biorxiv|35208be1-70ce-1014-9f75-f7d24dac9096	llmarkers|biorxiv|35208be1-70ce-1014-9f75-f7d24dac9096	biorxiv:35208be1-70ce-1014-9f75-f7d24dac9096		PROEB	PROEB	4	3	0.75	0		
LLMarkers	llmarkers|biorxiv|36b52534-7118-1014-9621-c8d35d0ed1df	llmarkers|biorxiv|36b52534-7118-1014-9621-c8d35d0ed1df	biorxiv:36b52534-7118-1014-9621-c8d35d0ed1df		HUMAN MACROPHAGE	HUMAN MACROPHAGE	7	7	1.0	0		
LLMarkers	llmarkers|biorxiv|37132c64-6c91-1014-a7ae-a25544128cc2	llmarkers|biorxiv|37132c64-6c91-1014-a7ae-a25544128cc2	biorxiv:37132c64-6c91-1014-a7ae-a25544128cc2		CLUSTER 1	CLUSTER 1	3	1	0.3333333333333333	13	0.3333333333333333	0.0
LLMarkers	llmarkers|biorxiv|37132c64-6c91-1014-a7ae-a25544128cc2	llmarkers|biorxiv|37132c64-6c91-1014-a7ae-a25544128cc2	biorxiv:37132c64-6c91-1014-a7ae-a25544128cc2		CLUSTER 2	CLUSTER 2	3	1	0.3333333333333333	18	0.3333333333333333	1.0
LLMarkers	llmarkers|biorxiv|37132c64-6c91-1014-a7ae-a25544128cc2	llmarkers|biorxiv|37132c64-6c91-1014-a7ae-a25544128cc2	biorxiv:37132c64-6c91-1014-a7ae-a25544128cc2		IRAS1	IRAS 1	6	4	0.6666666666666666	0		
LLMarkers	llmarkers|biorxiv|37132c64-6c91-1014-a7ae-a25544128cc2	llmarkers|biorxiv|37132c64-6c91-1014-a7ae-a25544128cc2	biorxiv:37132c64-6c91-1014-a7ae-a25544128cc2		IRAS2	IRAS 2	4	2	0.5	0		
LLMarkers	llmarkers|biorxiv|37af1a73-74bd-1014-bb95-96ab82111b0d	llmarkers|biorxiv|37af1a73-74bd-1014-bb95-96ab82111b0d	biorxiv:37af1a73-74bd-1014-bb95-96ab82111b0d		Β CELL	CELL	5	5	1.0	18	0.8	0.8
LLMarkers	llmarkers|biorxiv|380e1251-6c2c-1014-8b2d-a217f3491f5e	llmarkers|biorxiv|380e1251-6c2c-1014-8b2d-a217f3491f5e	biorxiv:380e1251-6c2c-1014-8b2d-a217f3491f5e		TCM	TCM	4	1	0.25	2	0.25	1.0
LLMarkers	llmarkers|biorxiv|380e1251-6c2c-1014-8b2d-a217f3491f5e	llmarkers|biorxiv|380e1251-6c2c-1014-8b2d-a217f3491f5e	biorxiv:380e1251-6c2c-1014-8b2d-a217f3491f5e		TEM	TEM	11	0	0.0	1	0.0	
LLMarkers	llmarkers|biorxiv|380e1251-6c2c-1014-8b2d-a217f3491f5e	llmarkers|biorxiv|380e1251-6c2c-1014-8b2d-a217f3491f5e	biorxiv:380e1251-6c2c-1014-8b2d-a217f3491f5e		TEMRA	TEMRA	12	2	0.16666666666666666	0		
LLMarkers	llmarkers|biorxiv|380e1251-6c2c-1014-8b2d-a217f3491f5e	llmarkers|biorxiv|380e1251-6c2c-1014-8b2d-a217f3491f5e	biorxiv:380e1251-6c2c-1014-8b2d-a217f3491f5e		TREG	TREG	3	2	0.6666666666666666	14	0.6666666666666666	1.0
LLMarkers	llmarkers|biorxiv|38f92858-6c77-1014-a70a-b9d4e7b85d53	llmarkers|biorxiv|38f92858-6c77-1014-a70a-b9d4e7b85d53	biorxiv:38f92858-6c77-1014-a70a-b9d4e7b85d53		CD4+T CELL	CD 4 T CELL	4	1	0.25	16	0.0	0.0
LLMarkers	llmarkers|biorxiv|38f92858-6c77-1014-a70a-b9d4e7b85d53	llmarkers|biorxiv|38f92858-6c77-1014-a70a-b9d4e7b85d53	biorxiv:38f92858-6c77-1014-a70a-b9d4e7b85d53		MACROPHAGES	MACROPHAGES	5	3	0.6	5	0.0	0.0
LLMarkers	llmarkers|biorxiv|38f92858-6c77-1014-a70a-b9d4e7b85d53	llmarkers|biorxiv|38f92858-6c77-1014-a70a-b9d4e7b85d53	biorxiv:38f92858-6c77-1014-a70a-b9d4e7b85d53		MONOCYTES/MACROPHAGES	MONOCYTES MACROPHAGES	3	0	0.0	0		
LLMarkers	llmarkers|biorxiv|3912ca11-6e98-1014-9c67-9a3ee3e3b07f	llmarkers|biorxiv|3912ca11-6e98-1014-9c67-9a3ee3e3b07f	biorxiv:3912ca11-6e98-1014-9c67-9a3ee3e3b07f		ENDOTHELIAL CELL	ENDOTHELIAL CELL	7	7	1.0	27	0.42857142857142855	0.42857142857142855
LLMarkers	llmarkers|biorxiv|39510275-6e7f-1014-81d5-da3b7edd0de0	llmarkers|biorxiv|39510275-6e7f-1014-81d5-da3b7edd0de0	biorxiv:39510275-6e7f-1014-81d5-da3b7edd0de0		MONOCYTE	MONOCYTE	5	5	1.0	23	0.2	0.2
LLMarkers	llmarkers|biorxiv|39623bbc-6d42-1014-9e37-a92d75e9c8ca	llmarkers|biorxiv|39623bbc-6d42-1014-9e37-a92d75e9c8ca	biorxiv:39623bbc-6d42-1014-9e37-a92d75e9c8ca		CD8+ T CELLS	CD 8 T CELLS	3	3	1.0	0		
LLMarkers	llmarkers|biorxiv|39623bbc-6d42-1014-9e37-a92d75e9c8ca	llmarkers|biorxiv|39623bbc-6d42-1014-9e37-a92d75e9c8ca	biorxiv:39623bbc-6d42-1014-9e37-a92d75e9c8ca		HAIR FOLLICLE STEM CELLS (HF-SCS)	HAIR FOLLICLE STEM CELLS HF SCS	4	3	0.75	0		
LLMarkers	llmarkers|biorxiv|39623bbc-6d42-1014-9e37-a92d75e9c8ca	llmarkers|biorxiv|39623bbc-6d42-1014-9e37-a92d75e9c8ca	biorxiv:39623bbc-6d42-1014-9e37-a92d75e9c8ca		HF-SCS	HF SCS	6	0	0.0	0		
LLMarkers	llmarkers|biorxiv|39623bbc-6d42-1014-9e37-a92d75e9c8ca	llmarkers|biorxiv|39623bbc-6d42-1014-9e37-a92d75e9c8ca	biorxiv:39623bbc-6d42-1014-9e37-a92d75e9c8ca		IFE BASAL	IFE BASAL	7	2	0.2857142857142857	0		
LLMarkers	llmarkers|biorxiv|39623bbc-6d42-1014-9e37-a92d75e9c8ca	llmarkers|biorxiv|39623bbc-6d42-1014-9e37-a92d75e9c8ca	biorxiv:39623bbc-6d42-1014-9e37-a92d75e9c8ca		ORS	ORS	7	2	0.2857142857142857	0		
LLMarkers	llmarkers|biorxiv|39623bbc-6d42-1014-9e37-a92d75e9c8ca	llmarkers|biorxiv|39623bbc-6d42-1014-9e37-a92d75e9c8ca	biorxiv:39623bbc-6d42-1014-9e37-a92d75e9c8ca		OUTER ROOT SHEATH CELLS (ORS)	OUTER ROOT SHEATH CELLS ORS	3	3	1.0	0		
LLMarkers	llmarkers|biorxiv|396ad855-6e2e-1014-85f5-9bd33dea0f81	llmarkers|biorxiv|396ad855-6e2e-1014-85f5-9bd33dea0f81	biorxiv:396ad855-6e2e-1014-85f5-9bd33dea0f81		CD14+ MONOCYTE	CD 14 MONOCYTE	7	7	1.0	2	0.42857142857142855	0.42857142857142855
LLMarkers	llmarkers|biorxiv|396ad855-6e2e-1014-85f5-9bd33dea0f81	llmarkers|biorxiv|396ad855-6e2e-1014-85f5-9bd33dea0f81	biorxiv:396ad855-6e2e-1014-85f5-9bd33dea0f81		CD4+ T CELL	CD 4 T CELL	7	7	1.0	16	0.5714285714285714	0.5714285714285714
LLMarkers	llmarkers|biorxiv|396ad855-6e2e-1014-85f5-9bd33dea0f81	llmarkers|biorxiv|396ad855-6e2e-1014-85f5-9bd33dea0f81	biorxiv:396ad855-6e2e-1014-85f5-9bd33dea0f81		FCGR3A+ MONOCYTE	FCGR 3 A MONOCYTE	6	6	1.0	1	0.16666666666666666	0.16666666666666666
LLMarkers	llmarkers|biorxiv|3ae0337b-6d88-1014-9c93-86c75bb9b558	llmarkers|biorxiv|3ae0337b-6d88-1014-9c93-86c75bb9b558	biorxiv:3ae0337b-6d88-1014-9c93-86c75bb9b558		HNDAM	HNDAM	27	24	0.8888888888888888	0		
LLMarkers	llmarkers|biorxiv|3ae0337b-6d88-1014-9c93-86c75bb9b558	llmarkers|biorxiv|3ae0337b-6d88-1014-9c93-86c75bb9b558	biorxiv:3ae0337b-6d88-1014-9c93-86c75bb9b558		MICRO_DAM_INT1	MICRO DAM INT 1	3	0	0.0	0		
LLMarkers	llmarkers|biorxiv|3b950402-6cf0-1014-89b7-e9ca05b505d3	llmarkers|biorxiv|3b950402-6cf0-1014-89b7-e9ca05b505d3	biorxiv:3b950402-6cf0-1014-89b7-e9ca05b505d3		SENESCENT CELL	SENESCENT CELL	5	5	1.0	1	0.0	0.0
LLMarkers	llmarkers|biorxiv|416666f2-6cf5-1014-99b7-f739c447cf39	llmarkers|biorxiv|416666f2-6cf5-1014-99b7-f739c447cf39	biorxiv:416666f2-6cf5-1014-99b7-f739c447cf39		ENDOTHELIAL	ENDOTHELIAL	4	4	1.0	4	0.0	0.0
LLMarkers	llmarkers|biorxiv|41a5df78-7c74-1014-a3a2-9b6aef50b1e5	llmarkers|biorxiv|41a5df78-7c74-1014-a3a2-9b6aef50b1e5	biorxiv:41a5df78-7c74-1014-a3a2-9b6aef50b1e5		B7H3.BC CAR-T CELLS	B 7 H 3 BC CAR T CELLS	6	5	0.8333333333333334	0		
LLMarkers	llmarkers|biorxiv|41a5df78-7c74-1014-a3a2-9b6aef50b1e5	llmarkers|biorxiv|41a5df78-7c74-1014-a3a2-9b6aef50b1e5	biorxiv:41a5df78-7c74-1014-a3a2-9b6aef50b1e5		PROGENITOR-EXHAUSTED–LIKE (TPEX-LIKE) CELLS	PROGENITOR EXHAUSTEDLIKE TPEX LIKE CELLS	4	3	0.75	0		
LLMarkers	llmarkers|biorxiv|43f76ba1-77d9-1014-bca2-dc4d32e94b3c	llmarkers|biorxiv|43f76ba1-77d9-1014-bca2-dc4d32e94b3c	biorxiv:43f76ba1-77d9-1014-bca2-dc4d32e94b3c		PGCLC	PGCLC	6	6	1.0	0		
LLMarkers	llmarkers|biorxiv|446f40c7-6f7f-1014-8708-b70b3848c315	llmarkers|biorxiv|446f40c7-6f7f-1014-8708-b70b3848c315	biorxiv:446f40c7-6f7f-1014-8708-b70b3848c315		CCL11+ CELL	CCL 11 CELL	4	4	1.0	0		
LLMarkers	llmarkers|biorxiv|446f40c7-6f7f-1014-8708-b70b3848c315	llmarkers|biorxiv|446f40c7-6f7f-1014-8708-b70b3848c315	biorxiv:446f40c7-6f7f-1014-8708-b70b3848c315		CD4+CTLA4+T CELL	CD 4 CTLA 4 T CELL	4	4	1.0	0		
LLMarkers	llmarkers|biorxiv|446f40c7-6f7f-1014-8708-b70b3848c315	llmarkers|biorxiv|446f40c7-6f7f-1014-8708-b70b3848c315	biorxiv:446f40c7-6f7f-1014-8708-b70b3848c315		CHIEF CELL	CHIEF CELL	3	1	0.3333333333333333	0		
LLMarkers	llmarkers|biorxiv|446f40c7-6f7f-1014-8708-b70b3848c315	llmarkers|biorxiv|446f40c7-6f7f-1014-8708-b70b3848c315	biorxiv:446f40c7-6f7f-1014-8708-b70b3848c315		ENTEROCYTE	ENTEROCYTE	3	3	1.0	5	0.6666666666666666	0.6666666666666666
LLMarkers	llmarkers|biorxiv|446f40c7-6f7f-1014-8708-b70b3848c315	llmarkers|biorxiv|446f40c7-6f7f-1014-8708-b70b3848c315	biorxiv:446f40c7-6f7f-1014-8708-b70b3848c315		EPITHELIAL CELL	EPITHELIAL CELL	3	1	0.3333333333333333	6	0.3333333333333333	1.0
LLMarkers	llmarkers|biorxiv|446f40c7-6f7f-1014-8708-b70b3848c315	llmarkers|biorxiv|446f40c7-6f7f-1014-8708-b70b3848c315	biorxiv:446f40c7-6f7f-1014-8708-b70b3848c315		FIBSMO	FIBSMO	3	3	1.0	0		
LLMarkers	llmarkers|biorxiv|446f40c7-6f7f-1014-8708-b70b3848c315	llmarkers|biorxiv|446f40c7-6f7f-1014-8708-b70b3848c315	biorxiv:446f40c7-6f7f-1014-8708-b70b3848c315		FN1+ CELL	FN 1 CELL	3	3	1.0	0		
LLMarkers	llmarkers|biorxiv|446f40c7-6f7f-1014-8708-b70b3848c315	llmarkers|biorxiv|446f40c7-6f7f-1014-8708-b70b3848c315	biorxiv:446f40c7-6f7f-1014-8708-b70b3848c315		FOVEOLAR SUBTYPE	FOVEOLAR SUBTYPE	6	4	0.6666666666666666	0		
LLMarkers	llmarkers|biorxiv|446f40c7-6f7f-1014-8708-b70b3848c315	llmarkers|biorxiv|446f40c7-6f7f-1014-8708-b70b3848c315	biorxiv:446f40c7-6f7f-1014-8708-b70b3848c315		GOBLET CELL	GOBLET CELL	3	2	0.6666666666666666	7	1.0	1.0
LLMarkers	llmarkers|biorxiv|446f40c7-6f7f-1014-8708-b70b3848c315	llmarkers|biorxiv|446f40c7-6f7f-1014-8708-b70b3848c315	biorxiv:446f40c7-6f7f-1014-8708-b70b3848c315		KLF+ CELL	KLF CELL	4	4	1.0	0		
LLMarkers	llmarkers|biorxiv|446f40c7-6f7f-1014-8708-b70b3848c315	llmarkers|biorxiv|446f40c7-6f7f-1014-8708-b70b3848c315	biorxiv:446f40c7-6f7f-1014-8708-b70b3848c315		LINKING CELL	LINKING CELL	4	4	1.0	0		
LLMarkers	llmarkers|biorxiv|446f40c7-6f7f-1014-8708-b70b3848c315	llmarkers|biorxiv|446f40c7-6f7f-1014-8708-b70b3848c315	biorxiv:446f40c7-6f7f-1014-8708-b70b3848c315		NE CELL	NE CELL	5	3	0.6	0		
LLMarkers	llmarkers|biorxiv|446f40c7-6f7f-1014-8708-b70b3848c315	llmarkers|biorxiv|446f40c7-6f7f-1014-8708-b70b3848c315	biorxiv:446f40c7-6f7f-1014-8708-b70b3848c315		NEUROENDOCRINE (NE) CELL	NEUROENDOCRINE NE CELL	6	4	0.6666666666666666	0		
LLMarkers	llmarkers|biorxiv|446f40c7-6f7f-1014-8708-b70b3848c315	llmarkers|biorxiv|446f40c7-6f7f-1014-8708-b70b3848c315	biorxiv:446f40c7-6f7f-1014-8708-b70b3848c315		PARIETAL CELL	PARIETAL CELL	3	3	1.0	0		
LLMarkers	llmarkers|biorxiv|446f40c7-6f7f-1014-8708-b70b3848c315	llmarkers|biorxiv|446f40c7-6f7f-1014-8708-b70b3848c315	biorxiv:446f40c7-6f7f-1014-8708-b70b3848c315		PDGFR+ CELL	PDGFR CELL	5	5	1.0	0		
LLMarkers	llmarkers|biorxiv|446f40c7-6f7f-1014-8708-b70b3848c315	llmarkers|biorxiv|446f40c7-6f7f-1014-8708-b70b3848c315	biorxiv:446f40c7-6f7f-1014-8708-b70b3848c315		PG/NECK CELL	PG NECK CELL	3	0	0.0	0		
LLMarkers	llmarkers|biorxiv|446f40c7-6f7f-1014-8708-b70b3848c315	llmarkers|biorxiv|446f40c7-6f7f-1014-8708-b70b3848c315	biorxiv:446f40c7-6f7f-1014-8708-b70b3848c315		PG/NECK2	PG NECK 2	4	1	0.25	0		
LLMarkers	llmarkers|biorxiv|446f40c7-6f7f-1014-8708-b70b3848c315	llmarkers|biorxiv|446f40c7-6f7f-1014-8708-b70b3848c315	biorxiv:446f40c7-6f7f-1014-8708-b70b3848c315		PLASMA CELL	PLASMA CELL	4	4	1.0	15	1.0	1.0
LLMarkers	llmarkers|biorxiv|446f40c7-6f7f-1014-8708-b70b3848c315	llmarkers|biorxiv|446f40c7-6f7f-1014-8708-b70b3848c315	biorxiv:446f40c7-6f7f-1014-8708-b70b3848c315		PROLIFERATING CELL	PROLIFERATING CELL	3	3	1.0	0		
LLMarkers	llmarkers|biorxiv|446f40c7-6f7f-1014-8708-b70b3848c315	llmarkers|biorxiv|446f40c7-6f7f-1014-8708-b70b3848c315	biorxiv:446f40c7-6f7f-1014-8708-b70b3848c315		SMOOTH MUSCLE CELL	SMOOTH MUSCLE CELL	4	4	1.0	8	0.5	0.5
LLMarkers	llmarkers|biorxiv|466eace1-7692-1014-9cbc-8d16e477b905	llmarkers|biorxiv|466eace1-7692-1014-9cbc-8d16e477b905	biorxiv:466eace1-7692-1014-9cbc-8d16e477b905		EPITHELIAL	EPITHELIAL	3	0	0.0	3	0.0	
LLMarkers	llmarkers|biorxiv|466eace1-7692-1014-9cbc-8d16e477b905	llmarkers|biorxiv|466eace1-7692-1014-9cbc-8d16e477b905	biorxiv:466eace1-7692-1014-9cbc-8d16e477b905		TRIPLE-NEGATIVE-LIKE	TRIPLE NEGATIVE LIKE	3	0	0.0	0		
LLMarkers	llmarkers|biorxiv|466eace1-7692-1014-9cbc-8d16e477b905	llmarkers|biorxiv|466eace1-7692-1014-9cbc-8d16e477b905	biorxiv:466eace1-7692-1014-9cbc-8d16e477b905		TRIPLE-POSITIVE-LIKE	TRIPLE POSITIVE LIKE	3	0	0.0	0		
LLMarkers	llmarkers|biorxiv|46ff2083-6fc4-1014-a2bb-cccc45a311c7	llmarkers|biorxiv|46ff2083-6fc4-1014-a2bb-cccc45a311c7	biorxiv:46ff2083-6fc4-1014-a2bb-cccc45a311c7		DMSN	DMSN	7	7	1.0	0		
LLMarkers	llmarkers|biorxiv|46ff2083-6fc4-1014-a2bb-cccc45a311c7	llmarkers|biorxiv|46ff2083-6fc4-1014-a2bb-cccc45a311c7	biorxiv:46ff2083-6fc4-1014-a2bb-cccc45a311c7		LGE PROGENITOR	LGE PROGENITOR	6	5	0.8333333333333334	0		
LLMarkers	llmarkers|biorxiv|46ff2083-6fc4-1014-a2bb-cccc45a311c7	llmarkers|biorxiv|46ff2083-6fc4-1014-a2bb-cccc45a311c7	biorxiv:46ff2083-6fc4-1014-a2bb-cccc45a311c7		MSN	MSN	4	0	0.0	0		
LLMarkers	llmarkers|biorxiv|46ff2083-6fc4-1014-a2bb-cccc45a311c7	llmarkers|biorxiv|46ff2083-6fc4-1014-a2bb-cccc45a311c7	biorxiv:46ff2083-6fc4-1014-a2bb-cccc45a311c7		NASCENT MSN	NASCENT MSN	8	5	0.625	0		
LLMarkers	llmarkers|biorxiv|48122146-7aab-1014-a240-edfb3f67c90f	llmarkers|biorxiv|48122146-7aab-1014-a240-edfb3f67c90f	biorxiv:48122146-7aab-1014-a240-edfb3f67c90f		CHONDROCYTES	CHONDROCYTES	4	0	0.0	0		
LLMarkers	llmarkers|biorxiv|48122146-7aab-1014-a240-edfb3f67c90f	llmarkers|biorxiv|48122146-7aab-1014-a240-edfb3f67c90f	biorxiv:48122146-7aab-1014-a240-edfb3f67c90f		D21 CARTILAGE PELLET	D 21 CARTILAGE PELLET	7	0	0.0	0		
LLMarkers	llmarkers|biorxiv|48122146-7aab-1014-a240-edfb3f67c90f	llmarkers|biorxiv|48122146-7aab-1014-a240-edfb3f67c90f	biorxiv:48122146-7aab-1014-a240-edfb3f67c90f		GROWTH PLATE CHONDROCYTE	GROWTH PLATE CHONDROCYTE	3	0	0.0	0		
LLMarkers	llmarkers|biorxiv|48122146-7aab-1014-a240-edfb3f67c90f	llmarkers|biorxiv|48122146-7aab-1014-a240-edfb3f67c90f	biorxiv:48122146-7aab-1014-a240-edfb3f67c90f		IMSCS	IMSCS	4	4	1.0	0		
LLMarkers	llmarkers|biorxiv|48122146-7aab-1014-a240-edfb3f67c90f	llmarkers|biorxiv|48122146-7aab-1014-a240-edfb3f67c90f	biorxiv:48122146-7aab-1014-a240-edfb3f67c90f		OSTEOGENIC	OSTEOGENIC	4	4	1.0	0		
LLMarkers	llmarkers|biorxiv|48122146-7aab-1014-a240-edfb3f67c90f	llmarkers|biorxiv|48122146-7aab-1014-a240-edfb3f67c90f	biorxiv:48122146-7aab-1014-a240-edfb3f67c90f		PLURIPOTENT	PLURIPOTENT	3	3	1.0	0		
LLMarkers	llmarkers|biorxiv|4c4207c3-7213-1014-8a55-9b25fcf723e1	llmarkers|biorxiv|4c4207c3-7213-1014-8a55-9b25fcf723e1	biorxiv:4c4207c3-7213-1014-8a55-9b25fcf723e1		WGAHIGH	WGAHIGH	10	10	1.0	0		
LLMarkers	llmarkers|biorxiv|4c4207c3-7213-1014-8a55-9b25fcf723e1	llmarkers|biorxiv|4c4207c3-7213-1014-8a55-9b25fcf723e1	biorxiv:4c4207c3-7213-1014-8a55-9b25fcf723e1		WGALOW	WGALOW	3	3	1.0	0		
LLMarkers	llmarkers|biorxiv|4c59ca94-6c5e-1014-84d0-e9a5aa46ffef	llmarkers|biorxiv|4c59ca94-6c5e-1014-84d0-e9a5aa46ffef	biorxiv:4c59ca94-6c5e-1014-84d0-e9a5aa46ffef		ALPHA CELL	ALPHA CELL	10	10	1.0	5	0.4	0.4
LLMarkers	llmarkers|biorxiv|4c59ca94-6c5e-1014-84d0-e9a5aa46ffef	llmarkers|biorxiv|4c59ca94-6c5e-1014-84d0-e9a5aa46ffef	biorxiv:4c59ca94-6c5e-1014-84d0-e9a5aa46ffef		BETA CELL	BETA CELL	10	10	1.0	9	0.7	0.7
LLMarkers	llmarkers|biorxiv|4c59ca94-6c5e-1014-84d0-e9a5aa46ffef	llmarkers|biorxiv|4c59ca94-6c5e-1014-84d0-e9a5aa46ffef	biorxiv:4c59ca94-6c5e-1014-84d0-e9a5aa46ffef		DELTA CELL	DELTA CELL	3	3	1.0	4	1.0	1.0
LLMarkers	llmarkers|biorxiv|4c59ca94-6c5e-1014-84d0-e9a5aa46ffef	llmarkers|biorxiv|4c59ca94-6c5e-1014-84d0-e9a5aa46ffef	biorxiv:4c59ca94-6c5e-1014-84d0-e9a5aa46ffef		IMMUNE CELL	IMMUNE CELL	6	6	1.0	6	0.0	0.0
LLMarkers	llmarkers|biorxiv|4d508308-6c00-1014-97df-8810bda21050	llmarkers|biorxiv|4d508308-6c00-1014-97df-8810bda21050	biorxiv:4d508308-6c00-1014-97df-8810bda21050		CLUSTER A	CLUSTER A	5	5	1.0	0		
LLMarkers	llmarkers|biorxiv|4d508308-6c00-1014-97df-8810bda21050	llmarkers|biorxiv|4d508308-6c00-1014-97df-8810bda21050	biorxiv:4d508308-6c00-1014-97df-8810bda21050		CLUSTER B	CLUSTER B	5	5	1.0	0		
LLMarkers	llmarkers|biorxiv|4d508308-6c00-1014-97df-8810bda21050	llmarkers|biorxiv|4d508308-6c00-1014-97df-8810bda21050	biorxiv:4d508308-6c00-1014-97df-8810bda21050		CLUSTER C	CLUSTER C	12	12	1.0	0		
LLMarkers	llmarkers|biorxiv|4d508308-6c00-1014-97df-8810bda21050	llmarkers|biorxiv|4d508308-6c00-1014-97df-8810bda21050	biorxiv:4d508308-6c00-1014-97df-8810bda21050		E2	E 2	12	0	0.0	0		
LLMarkers	llmarkers|biorxiv|4d508308-6c00-1014-97df-8810bda21050	llmarkers|biorxiv|4d508308-6c00-1014-97df-8810bda21050	biorxiv:4d508308-6c00-1014-97df-8810bda21050		E3	E 3	12	0	0.0	0		
LLMarkers	llmarkers|biorxiv|4d82e271-6c19-1014-9dbc-85c7d06c8caf	llmarkers|biorxiv|4d82e271-6c19-1014-9dbc-85c7d06c8caf	biorxiv:4d82e271-6c19-1014-9dbc-85c7d06c8caf		BREAST CANCER	BREAST CANCER	4	3	0.75	1	0.0	0.0
LLMarkers	llmarkers|biorxiv|4d82e271-6c19-1014-9dbc-85c7d06c8caf	llmarkers|biorxiv|4d82e271-6c19-1014-9dbc-85c7d06c8caf	biorxiv:4d82e271-6c19-1014-9dbc-85c7d06c8caf		COLORECTAL CANCER	COLORECTAL CANCER	3	3	1.0	0		
LLMarkers	llmarkers|biorxiv|4d82e271-6c19-1014-9dbc-85c7d06c8caf	llmarkers|biorxiv|4d82e271-6c19-1014-9dbc-85c7d06c8caf	biorxiv:4d82e271-6c19-1014-9dbc-85c7d06c8caf		HEAD AND NECK CANCER	HEAD AND NECK CANCER	4	3	0.75	0		
LLMarkers	llmarkers|biorxiv|50c888ca-6c09-1014-89ca-dc13eaf87e62	llmarkers|biorxiv|50c888ca-6c09-1014-89ca-dc13eaf87e62	biorxiv:50c888ca-6c09-1014-89ca-dc13eaf87e62		CLUSTER 2	CLUSTER 2	5	3	0.6	18	0.2	0.3333333333333333
LLMarkers	llmarkers|biorxiv|50c888ca-6c09-1014-89ca-dc13eaf87e62	llmarkers|biorxiv|50c888ca-6c09-1014-89ca-dc13eaf87e62	biorxiv:50c888ca-6c09-1014-89ca-dc13eaf87e62		CLUSTER 4	CLUSTER 4	3	1	0.3333333333333333	10	0.0	0.0
LLMarkers	llmarkers|biorxiv|50c888ca-6c09-1014-89ca-dc13eaf87e62	llmarkers|biorxiv|50c888ca-6c09-1014-89ca-dc13eaf87e62	biorxiv:50c888ca-6c09-1014-89ca-dc13eaf87e62		CLUSTER 6	CLUSTER 6	3	1	0.3333333333333333	2	0.0	0.0
LLMarkers	llmarkers|biorxiv|50c888ca-6c09-1014-89ca-dc13eaf87e62	llmarkers|biorxiv|50c888ca-6c09-1014-89ca-dc13eaf87e62	biorxiv:50c888ca-6c09-1014-89ca-dc13eaf87e62		IDH1MT	IDH 1 MT	4	2	0.5	0		
LLMarkers	llmarkers|biorxiv|5183da06-6c7a-1014-bb2c-9a559be552c7	llmarkers|biorxiv|5183da06-6c7a-1014-bb2c-9a559be552c7	biorxiv:5183da06-6c7a-1014-bb2c-9a559be552c7		OPALIN, FCHSD2, AND LAMA2 -EXPRESSING OLIGODENDROCYTES	OPALIN FCHSD 2 AND LAMA 2 EXPRESSING OLIGODENDROCYTES	3	3	1.0	0		
LLMarkers	llmarkers|biorxiv|51fac41a-6c0a-1014-9c40-ecb16ebed7ec	llmarkers|biorxiv|51fac41a-6c0a-1014-9c40-ecb16ebed7ec	biorxiv:51fac41a-6c0a-1014-9c40-ecb16ebed7ec		B CELL	B CELL	4	3	0.75	29	0.75	0.6666666666666666
LLMarkers	llmarkers|biorxiv|51fac41a-6c0a-1014-9c40-ecb16ebed7ec	llmarkers|biorxiv|51fac41a-6c0a-1014-9c40-ecb16ebed7ec	biorxiv:51fac41a-6c0a-1014-9c40-ecb16ebed7ec		DENDRITIC CELL	DENDRITIC CELL	3	2	0.6666666666666666	6	0.0	0.0
LLMarkers	llmarkers|biorxiv|5200cce7-72d7-1014-98f6-994ae061fa4b	llmarkers|biorxiv|5200cce7-72d7-1014-98f6-994ae061fa4b	biorxiv:5200cce7-72d7-1014-98f6-994ae061fa4b		EXTRAVILLOUS TROPHOBLAST	EXTRAVILLOUS TROPHOBLAST	3	0	0.0	0		
LLMarkers	llmarkers|biorxiv|5200cce7-72d7-1014-98f6-994ae061fa4b	llmarkers|biorxiv|5200cce7-72d7-1014-98f6-994ae061fa4b	biorxiv:5200cce7-72d7-1014-98f6-994ae061fa4b		MONOCYTE	MONOCYTE	3	3	1.0	23	0.6666666666666666	0.6666666666666666
LLMarkers	llmarkers|biorxiv|5200cce7-72d7-1014-98f6-994ae061fa4b	llmarkers|biorxiv|5200cce7-72d7-1014-98f6-994ae061fa4b	biorxiv:5200cce7-72d7-1014-98f6-994ae061fa4b		SYNCYTIOTROPHOBLAST	SYNCYTIOTROPHOBLAST	3	0	0.0	0		
LLMarkers	llmarkers|biorxiv|5337c5de-6d7b-1014-83c4-bb815278a53f	llmarkers|biorxiv|5337c5de-6d7b-1014-83c4-bb815278a53f	biorxiv:5337c5de-6d7b-1014-83c4-bb815278a53f		CONE PHOTORECEPTOR	CONE PHOTORECEPTOR	6	6	1.0	2	0.16666666666666666	0.16666666666666666
LLMarkers	llmarkers|biorxiv|53fe4c58-6d7e-1014-9234-a9ab6cb90679	llmarkers|biorxiv|53fe4c58-6d7e-1014-9234-a9ab6cb90679	biorxiv:53fe4c58-6d7e-1014-9234-a9ab6cb90679		CAFS	CAFS	5	5	1.0	1	0.0	0.0
LLMarkers	llmarkers|biorxiv|53fe4c58-6d7e-1014-9234-a9ab6cb90679	llmarkers|biorxiv|53fe4c58-6d7e-1014-9234-a9ab6cb90679	biorxiv:53fe4c58-6d7e-1014-9234-a9ab6cb90679		ICAFS	ICAFS	3	3	1.0	0		
LLMarkers	llmarkers|biorxiv|53fe4c58-6d7e-1014-9234-a9ab6cb90679	llmarkers|biorxiv|53fe4c58-6d7e-1014-9234-a9ab6cb90679	biorxiv:53fe4c58-6d7e-1014-9234-a9ab6cb90679		MCAFS	MCAFS	4	4	1.0	0		
LLMarkers	llmarkers|biorxiv|53fe4c58-6d7e-1014-9234-a9ab6cb90679	llmarkers|biorxiv|53fe4c58-6d7e-1014-9234-a9ab6cb90679	biorxiv:53fe4c58-6d7e-1014-9234-a9ab6cb90679		MM-SMCS	MM SMCS	4	3	0.75	0		
LLMarkers	llmarkers|biorxiv|53fe4c58-6d7e-1014-9234-a9ab6cb90679	llmarkers|biorxiv|53fe4c58-6d7e-1014-9234-a9ab6cb90679	biorxiv:53fe4c58-6d7e-1014-9234-a9ab6cb90679		PDGFRAHIGH FOXL1+	PDGFRAHIGH FOXL 1	3	3	1.0	0		
LLMarkers	llmarkers|biorxiv|53fe4c58-6d7e-1014-9234-a9ab6cb90679	llmarkers|biorxiv|53fe4c58-6d7e-1014-9234-a9ab6cb90679	biorxiv:53fe4c58-6d7e-1014-9234-a9ab6cb90679		PDGFRALOW PI16+	PDGFRALOW PI 16	5	4	0.8	0		
LLMarkers	llmarkers|biorxiv|53fe4c58-6d7e-1014-9234-a9ab6cb90679	llmarkers|biorxiv|53fe4c58-6d7e-1014-9234-a9ab6cb90679	biorxiv:53fe4c58-6d7e-1014-9234-a9ab6cb90679		PERICYTES	PERICYTES	4	4	1.0	4	0.75	0.75
LLMarkers	llmarkers|biorxiv|54c905c7-6e9f-1014-9168-935cc2dc841b	llmarkers|biorxiv|54c905c7-6e9f-1014-9168-935cc2dc841b	biorxiv:54c905c7-6e9f-1014-9168-935cc2dc841b		IMMUNOSUPPRESSIVE MACROPHAGE	IMMUNOSUPPRESSIVE MACROPHAGE	3	2	0.6666666666666666	0		
LLMarkers	llmarkers|biorxiv|54c905c7-6e9f-1014-9168-935cc2dc841b	llmarkers|biorxiv|54c905c7-6e9f-1014-9168-935cc2dc841b	biorxiv:54c905c7-6e9f-1014-9168-935cc2dc841b		MC3	MC 3	6	5	0.8333333333333334	0		
LLMarkers	llmarkers|biorxiv|558bd04f-7a31-1014-843e-87e03b8b4f81	llmarkers|biorxiv|558bd04f-7a31-1014-843e-87e03b8b4f81	biorxiv:558bd04f-7a31-1014-843e-87e03b8b4f81		SMC8-MAC	SMC 8 MAC	44	44	1.0	0		
LLMarkers	llmarkers|biorxiv|55d0fee5-7079-1014-8ef3-9aa3522a8f21	llmarkers|biorxiv|55d0fee5-7079-1014-8ef3-9aa3522a8f21	biorxiv:55d0fee5-7079-1014-8ef3-9aa3522a8f21		CLASSICAL MONOCYTE	CLASSICAL MONOCYTE	7	6	0.8571428571428571	1	0.0	0.0
LLMarkers	llmarkers|biorxiv|55d0fee5-7079-1014-8ef3-9aa3522a8f21	llmarkers|biorxiv|55d0fee5-7079-1014-8ef3-9aa3522a8f21	biorxiv:55d0fee5-7079-1014-8ef3-9aa3522a8f21		CORE ISGS	CORE ISGS	10	9	0.9	0		
LLMarkers	llmarkers|biorxiv|55d0fee5-7079-1014-8ef3-9aa3522a8f21	llmarkers|biorxiv|55d0fee5-7079-1014-8ef3-9aa3522a8f21	biorxiv:55d0fee5-7079-1014-8ef3-9aa3522a8f21		LYMPHOCYTE	LYMPHOCYTE	6	3	0.5	4	0.0	0.0
LLMarkers	llmarkers|biorxiv|55d0fee5-7079-1014-8ef3-9aa3522a8f21	llmarkers|biorxiv|55d0fee5-7079-1014-8ef3-9aa3522a8f21	biorxiv:55d0fee5-7079-1014-8ef3-9aa3522a8f21		MONOCYTE	MONOCYTE	3	0	0.0	23	0.0	
LLMarkers	llmarkers|biorxiv|57ac822b-6c7d-1014-a047-d6c2f45edeb7	llmarkers|biorxiv|57ac822b-6c7d-1014-a047-d6c2f45edeb7	biorxiv:57ac822b-6c7d-1014-a047-d6c2f45edeb7		B CELL	B CELL	3	3	1.0	29	0.6666666666666666	0.6666666666666666
LLMarkers	llmarkers|biorxiv|581b3311-6d06-1014-8bb1-e34795ede71e	llmarkers|biorxiv|581b3311-6d06-1014-8bb1-e34795ede71e	biorxiv:581b3311-6d06-1014-8bb1-e34795ede71e		IP	IP	3	3	1.0	0		
LLMarkers	llmarkers|biorxiv|581b3311-6d06-1014-8bb1-e34795ede71e	llmarkers|biorxiv|581b3311-6d06-1014-8bb1-e34795ede71e	biorxiv:581b3311-6d06-1014-8bb1-e34795ede71e		NSC	NSC	4	4	1.0	0		
LLMarkers	llmarkers|biorxiv|581b3311-6d06-1014-8bb1-e34795ede71e	llmarkers|biorxiv|581b3311-6d06-1014-8bb1-e34795ede71e	biorxiv:581b3311-6d06-1014-8bb1-e34795ede71e		PN/CR	PN CR	3	3	1.0	0		
LLMarkers	llmarkers|biorxiv|5a3c7d4e-70da-1014-80b6-cd48bfa975fe	llmarkers|biorxiv|5a3c7d4e-70da-1014-80b6-cd48bfa975fe	biorxiv:5a3c7d4e-70da-1014-80b6-cd48bfa975fe		B-CD8TCYCLING	B CD 8 TCYCLING	3	1	0.3333333333333333	0		
LLMarkers	llmarkers|biorxiv|5a3c7d4e-70da-1014-80b6-cd48bfa975fe	llmarkers|biorxiv|5a3c7d4e-70da-1014-80b6-cd48bfa975fe	biorxiv:5a3c7d4e-70da-1014-80b6-cd48bfa975fe		CD8 T CELLS AND NK CELLS	CD 8 T CELLS AND NK CELLS	3	3	1.0	0		
LLMarkers	llmarkers|biorxiv|5a3c7d4e-70da-1014-80b6-cd48bfa975fe	llmarkers|biorxiv|5a3c7d4e-70da-1014-80b6-cd48bfa975fe	biorxiv:5a3c7d4e-70da-1014-80b6-cd48bfa975fe		CLUSTER 4	CLUSTER 4	3	3	1.0	10	0.3333333333333333	0.3333333333333333
LLMarkers	llmarkers|biorxiv|5a3c7d4e-70da-1014-80b6-cd48bfa975fe	llmarkers|biorxiv|5a3c7d4e-70da-1014-80b6-cd48bfa975fe	biorxiv:5a3c7d4e-70da-1014-80b6-cd48bfa975fe		DCS	DCS	3	3	1.0	1	0.6666666666666666	0.6666666666666666
LLMarkers	llmarkers|biorxiv|5a3c7d4e-70da-1014-80b6-cd48bfa975fe	llmarkers|biorxiv|5a3c7d4e-70da-1014-80b6-cd48bfa975fe	biorxiv:5a3c7d4e-70da-1014-80b6-cd48bfa975fe		FIBROBLASTS	FIBROBLASTS	3	3	1.0	5	0.6666666666666666	0.6666666666666666
LLMarkers	llmarkers|biorxiv|5a3c7d4e-70da-1014-80b6-cd48bfa975fe	llmarkers|biorxiv|5a3c7d4e-70da-1014-80b6-cd48bfa975fe	biorxiv:5a3c7d4e-70da-1014-80b6-cd48bfa975fe		H-CD4TIL7R,LTB	H CD 4 TIL 7 R LTB	7	7	1.0	0		
LLMarkers	llmarkers|biorxiv|5a3c7d4e-70da-1014-80b6-cd48bfa975fe	llmarkers|biorxiv|5a3c7d4e-70da-1014-80b6-cd48bfa975fe	biorxiv:5a3c7d4e-70da-1014-80b6-cd48bfa975fe		H-CD8TCD27,LAG3	H CD 8 TCD 27 LAG 3	6	2	0.3333333333333333	0		
LLMarkers	llmarkers|biorxiv|5a3c7d4e-70da-1014-80b6-cd48bfa975fe	llmarkers|biorxiv|5a3c7d4e-70da-1014-80b6-cd48bfa975fe	biorxiv:5a3c7d4e-70da-1014-80b6-cd48bfa975fe		H-CD8TCYCLING	H CD 8 TCYCLING	6	1	0.16666666666666666	0		
LLMarkers	llmarkers|biorxiv|5a3c7d4e-70da-1014-80b6-cd48bfa975fe	llmarkers|biorxiv|5a3c7d4e-70da-1014-80b6-cd48bfa975fe	biorxiv:5a3c7d4e-70da-1014-80b6-cd48bfa975fe		MNP CLUSTER 3	MNP CLUSTER 3	3	3	1.0	0		
LLMarkers	llmarkers|biorxiv|5a3c7d4e-70da-1014-80b6-cd48bfa975fe	llmarkers|biorxiv|5a3c7d4e-70da-1014-80b6-cd48bfa975fe	biorxiv:5a3c7d4e-70da-1014-80b6-cd48bfa975fe		MNPS	MNPS	3	3	1.0	0		
LLMarkers	llmarkers|biorxiv|5c1d40eb-7190-1014-a458-8ab6cf3c7650	llmarkers|biorxiv|5c1d40eb-7190-1014-a458-8ab6cf3c7650	biorxiv:5c1d40eb-7190-1014-a458-8ab6cf3c7650		DUCTAL AND LUMINAL LINEAGE	DUCTAL AND LUMINAL LINEAGE	4	3	0.75	0		
LLMarkers	llmarkers|biorxiv|5c1d40eb-7190-1014-a458-8ab6cf3c7650	llmarkers|biorxiv|5c1d40eb-7190-1014-a458-8ab6cf3c7650	biorxiv:5c1d40eb-7190-1014-a458-8ab6cf3c7650		DUCTAL-LIKE CELL	DUCTAL LIKE CELL	3	2	0.6666666666666666	0		
LLMarkers	llmarkers|biorxiv|5c1d40eb-7190-1014-a458-8ab6cf3c7650	llmarkers|biorxiv|5c1d40eb-7190-1014-a458-8ab6cf3c7650	biorxiv:5c1d40eb-7190-1014-a458-8ab6cf3c7650		DUCTAL-LIKE CELLS UNDERGOING MITOSIS	DUCTAL LIKE CELLS UNDERGOING MITOSIS	4	4	1.0	0		
LLMarkers	llmarkers|biorxiv|5c1d40eb-7190-1014-a458-8ab6cf3c7650	llmarkers|biorxiv|5c1d40eb-7190-1014-a458-8ab6cf3c7650	biorxiv:5c1d40eb-7190-1014-a458-8ab6cf3c7650		MYOEPITHELIAL LINEAGE	MYOEPITHELIAL LINEAGE	4	2	0.5	0		
LLMarkers	llmarkers|biorxiv|5c1d40eb-7190-1014-a458-8ab6cf3c7650	llmarkers|biorxiv|5c1d40eb-7190-1014-a458-8ab6cf3c7650	biorxiv:5c1d40eb-7190-1014-a458-8ab6cf3c7650		MYOEPITHELIAL-LIKE CELL	MYOEPITHELIAL LIKE CELL	3	1	0.3333333333333333	0		
LLMarkers	llmarkers|biorxiv|5daa9342-6d02-1014-8cb5-fa421631d820	llmarkers|biorxiv|5daa9342-6d02-1014-8cb5-fa421631d820	biorxiv:5daa9342-6d02-1014-8cb5-fa421631d820		EXHAUSTED	EXHAUSTED	13	10	0.7692307692307693	0		
LLMarkers	llmarkers|biorxiv|5daa9342-6d02-1014-8cb5-fa421631d820	llmarkers|biorxiv|5daa9342-6d02-1014-8cb5-fa421631d820	biorxiv:5daa9342-6d02-1014-8cb5-fa421631d820		NAÏVE CD8+ T CELL	NAIVE CD 8 T CELL	8	8	1.0	0		
LLMarkers	llmarkers|biorxiv|5daa9342-6d02-1014-8cb5-fa421631d820	llmarkers|biorxiv|5daa9342-6d02-1014-8cb5-fa421631d820	biorxiv:5daa9342-6d02-1014-8cb5-fa421631d820		PRE_EXHAUSTED	PRE EXHAUSTED	4	1	0.25	0		
LLMarkers	llmarkers|biorxiv|5dff1c13-6c00-1014-9211-b5130fed8524	llmarkers|biorxiv|5dff1c13-6c00-1014-9211-b5130fed8524	biorxiv:5dff1c13-6c00-1014-9211-b5130fed8524		ACTIVATED NEUTROPHILS	ACTIVATED NEUTROPHILS	4	4	1.0	0		
LLMarkers	llmarkers|biorxiv|5dff1c13-6c00-1014-9211-b5130fed8524	llmarkers|biorxiv|5dff1c13-6c00-1014-9211-b5130fed8524	biorxiv:5dff1c13-6c00-1014-9211-b5130fed8524		PROMYELOCYTES	PROMYELOCYTES	7	7	1.0	0		
LLMarkers	llmarkers|biorxiv|611722dd-8008-1014-b70e-fa0b81b0ac37	llmarkers|biorxiv|611722dd-8008-1014-b70e-fa0b81b0ac37	biorxiv:611722dd-8008-1014-b70e-fa0b81b0ac37		CD4+ EM	CD 4 EM	5	0	0.0	0		
LLMarkers	llmarkers|biorxiv|611722dd-8008-1014-b70e-fa0b81b0ac37	llmarkers|biorxiv|611722dd-8008-1014-b70e-fa0b81b0ac37	biorxiv:611722dd-8008-1014-b70e-fa0b81b0ac37		CDC1	CDC 1	5	0	0.0	10	0.0	
LLMarkers	llmarkers|biorxiv|611722dd-8008-1014-b70e-fa0b81b0ac37	llmarkers|biorxiv|611722dd-8008-1014-b70e-fa0b81b0ac37	biorxiv:611722dd-8008-1014-b70e-fa0b81b0ac37		CM	CM	9	1	0.1111111111111111	0		
LLMarkers	llmarkers|biorxiv|611722dd-8008-1014-b70e-fa0b81b0ac37	llmarkers|biorxiv|611722dd-8008-1014-b70e-fa0b81b0ac37	biorxiv:611722dd-8008-1014-b70e-fa0b81b0ac37		DC	DC	5	5	1.0	4	0.0	0.0
LLMarkers	llmarkers|biorxiv|611722dd-8008-1014-b70e-fa0b81b0ac37	llmarkers|biorxiv|611722dd-8008-1014-b70e-fa0b81b0ac37	biorxiv:611722dd-8008-1014-b70e-fa0b81b0ac37		GZMH+ CD8+ T CELL	GZMH CD 8 T CELL	5	5	1.0	0		
LLMarkers	llmarkers|biorxiv|611722dd-8008-1014-b70e-fa0b81b0ac37	llmarkers|biorxiv|611722dd-8008-1014-b70e-fa0b81b0ac37	biorxiv:611722dd-8008-1014-b70e-fa0b81b0ac37		NCM	NCM	5	0	0.0	0		
LLMarkers	llmarkers|biorxiv|611ca78b-6e32-1014-bb2a-be11d7247499	llmarkers|biorxiv|611ca78b-6e32-1014-bb2a-be11d7247499	biorxiv:611ca78b-6e32-1014-bb2a-be11d7247499		STELLATE CELL-LIKE CELL	STELLATE CELL LIKE CELL	5	5	1.0	0		
LLMarkers	llmarkers|biorxiv|64ab9878-6ed8-1014-99e3-9a1ae6ef730b	llmarkers|biorxiv|64ab9878-6ed8-1014-99e3-9a1ae6ef730b	biorxiv:64ab9878-6ed8-1014-99e3-9a1ae6ef730b		PLASMA CELL	PLASMA CELL	3	3	1.0	15	1.0	1.0
LLMarkers	llmarkers|biorxiv|653bfd04-6cbf-1014-864b-c74846f5cd96	llmarkers|biorxiv|653bfd04-6cbf-1014-864b-c74846f5cd96	biorxiv:653bfd04-6cbf-1014-864b-c74846f5cd96		IGG SECRETOR	IGG SECRETOR	6	5	0.8333333333333334	0		
LLMarkers	llmarkers|biorxiv|653bfd04-6cbf-1014-864b-c74846f5cd96	llmarkers|biorxiv|653bfd04-6cbf-1014-864b-c74846f5cd96	biorxiv:653bfd04-6cbf-1014-864b-c74846f5cd96		PC	PC	5	4	0.8	4	0.6	0.5
LLMarkers	llmarkers|biorxiv|671955ed-77d7-1014-aa23-8c904fbe705b	llmarkers|biorxiv|671955ed-77d7-1014-aa23-8c904fbe705b	biorxiv:671955ed-77d7-1014-aa23-8c904fbe705b		STEM-LIKE CELL	STEM LIKE CELL	7	7	1.0	0		
LLMarkers	llmarkers|biorxiv|67812075-6cb0-1014-be80-b30d7aa39355	llmarkers|biorxiv|67812075-6cb0-1014-be80-b30d7aa39355	biorxiv:67812075-6cb0-1014-be80-b30d7aa39355		NUCLEOLI	NUCLEOLI	3	3	1.0	0		
LLMarkers	llmarkers|biorxiv|67d3e1aa-726e-1014-b774-e6c3f2e9206c	llmarkers|biorxiv|67d3e1aa-726e-1014-b774-e6c3f2e9206c	biorxiv:67d3e1aa-726e-1014-b774-e6c3f2e9206c		CD56DIM NK CELL	CD 56 DIM NK CELL	3	3	1.0	1	0.6666666666666666	0.6666666666666666
LLMarkers	llmarkers|biorxiv|6c7d90a7-6cd2-1014-aa88-ae3f4e676730	llmarkers|biorxiv|6c7d90a7-6cd2-1014-aa88-ae3f4e676730	biorxiv:6c7d90a7-6cd2-1014-aa88-ae3f4e676730		CARDIOMYOCYTES	CARDIOMYOCYTES	8	8	1.0	1	0.125	0.125
LLMarkers	llmarkers|biorxiv|6c7d90a7-6cd2-1014-aa88-ae3f4e676730	llmarkers|biorxiv|6c7d90a7-6cd2-1014-aa88-ae3f4e676730	biorxiv:6c7d90a7-6cd2-1014-aa88-ae3f4e676730		DEFINITIVE ENDODERM	DEFINITIVE ENDODERM	3	3	1.0	1	0.6666666666666666	0.6666666666666666
LLMarkers	llmarkers|biorxiv|6c7d90a7-6cd2-1014-aa88-ae3f4e676730	llmarkers|biorxiv|6c7d90a7-6cd2-1014-aa88-ae3f4e676730	biorxiv:6c7d90a7-6cd2-1014-aa88-ae3f4e676730		OFT DEVELOPMENT	OFT DEVELOPMENT	7	7	1.0	0		
LLMarkers	llmarkers|biorxiv|6c878fac-7162-1014-9b25-c2cbd95b5043	llmarkers|biorxiv|6c878fac-7162-1014-9b25-c2cbd95b5043	biorxiv:6c878fac-7162-1014-9b25-c2cbd95b5043		ICM/TE BRANCH	ICM TE BRANCH	3	3	1.0	0		
LLMarkers	llmarkers|biorxiv|6ca25eee-7853-1014-8aed-fc8cff0a87e5	llmarkers|biorxiv|6ca25eee-7853-1014-8aed-fc8cff0a87e5	biorxiv:6ca25eee-7853-1014-8aed-fc8cff0a87e5		ALVEOLAR FIBROBLAST (ALVFB)	ALVEOLAR FIBROBLAST ALVFB	3	3	1.0	0		
LLMarkers	llmarkers|biorxiv|6ca25eee-7853-1014-8aed-fc8cff0a87e5	llmarkers|biorxiv|6ca25eee-7853-1014-8aed-fc8cff0a87e5	biorxiv:6ca25eee-7853-1014-8aed-fc8cff0a87e5		AT0	AT 0	3	1	0.3333333333333333	0		
LLMarkers	llmarkers|biorxiv|6ca25eee-7853-1014-8aed-fc8cff0a87e5	llmarkers|biorxiv|6ca25eee-7853-1014-8aed-fc8cff0a87e5	biorxiv:6ca25eee-7853-1014-8aed-fc8cff0a87e5		GOBLET	GOBLET	3	3	1.0	3	0.3333333333333333	0.3333333333333333
LLMarkers	llmarkers|biorxiv|6ca25eee-7853-1014-8aed-fc8cff0a87e5	llmarkers|biorxiv|6ca25eee-7853-1014-8aed-fc8cff0a87e5	biorxiv:6ca25eee-7853-1014-8aed-fc8cff0a87e5		MAST CELL	MAST CELL	3	3	1.0	14	1.0	1.0
LLMarkers	llmarkers|biorxiv|6ca25eee-7853-1014-8aed-fc8cff0a87e5	llmarkers|biorxiv|6ca25eee-7853-1014-8aed-fc8cff0a87e5	biorxiv:6ca25eee-7853-1014-8aed-fc8cff0a87e5		MESOTHELIAL CELL	MESOTHELIAL CELL	3	3	1.0	2	0.3333333333333333	0.3333333333333333
LLMarkers	llmarkers|biorxiv|6ca25eee-7853-1014-8aed-fc8cff0a87e5	llmarkers|biorxiv|6ca25eee-7853-1014-8aed-fc8cff0a87e5	biorxiv:6ca25eee-7853-1014-8aed-fc8cff0a87e5		NATURAL KILLER (NK) CELL	NATURAL KILLER NK CELL	3	0	0.0	3	1.0	
LLMarkers	llmarkers|biorxiv|6ca25eee-7853-1014-8aed-fc8cff0a87e5	llmarkers|biorxiv|6ca25eee-7853-1014-8aed-fc8cff0a87e5	biorxiv:6ca25eee-7853-1014-8aed-fc8cff0a87e5		NATURAL KILLER T CELL (NKT)	NATURAL KILLER T CELL NKT	3	0	0.0	0		
LLMarkers	llmarkers|biorxiv|6ca25eee-7853-1014-8aed-fc8cff0a87e5	llmarkers|biorxiv|6ca25eee-7853-1014-8aed-fc8cff0a87e5	biorxiv:6ca25eee-7853-1014-8aed-fc8cff0a87e5		NEUTROPHIL	NEUTROPHIL	4	4	1.0	3	0.25	0.25
LLMarkers	llmarkers|biorxiv|6ca25eee-7853-1014-8aed-fc8cff0a87e5	llmarkers|biorxiv|6ca25eee-7853-1014-8aed-fc8cff0a87e5	biorxiv:6ca25eee-7853-1014-8aed-fc8cff0a87e5		PRE-TERMINAL BRONCHIOLE SECRETORY CELL (PRE-TB-SC)	PRE TERMINAL BRONCHIOLE SECRETORY CELL PRE TB SC	3	1	0.3333333333333333	0		
LLMarkers	llmarkers|biorxiv|6ca25eee-7853-1014-8aed-fc8cff0a87e5	llmarkers|biorxiv|6ca25eee-7853-1014-8aed-fc8cff0a87e5	biorxiv:6ca25eee-7853-1014-8aed-fc8cff0a87e5		PVEC	PVEC	3	3	1.0	0		
LLMarkers	llmarkers|biorxiv|6ca25eee-7853-1014-8aed-fc8cff0a87e5	llmarkers|biorxiv|6ca25eee-7853-1014-8aed-fc8cff0a87e5	biorxiv:6ca25eee-7853-1014-8aed-fc8cff0a87e5		SECONDARY CREST MYOFIBROBLAST (SCMF)	SECONDARY CREST MYOFIBROBLAST SCMF	4	4	1.0	0		
LLMarkers	llmarkers|biorxiv|6ca25eee-7853-1014-8aed-fc8cff0a87e5	llmarkers|biorxiv|6ca25eee-7853-1014-8aed-fc8cff0a87e5	biorxiv:6ca25eee-7853-1014-8aed-fc8cff0a87e5		SMG	SMG	3	3	1.0	0		
LLMarkers	llmarkers|biorxiv|6ca25eee-7853-1014-8aed-fc8cff0a87e5	llmarkers|biorxiv|6ca25eee-7853-1014-8aed-fc8cff0a87e5	biorxiv:6ca25eee-7853-1014-8aed-fc8cff0a87e5		SMG MYOEPITHELIAL CELL	SMG MYOEPITHELIAL CELL	4	2	0.5	0		
LLMarkers	llmarkers|biorxiv|6ca25eee-7853-1014-8aed-fc8cff0a87e5	llmarkers|biorxiv|6ca25eee-7853-1014-8aed-fc8cff0a87e5	biorxiv:6ca25eee-7853-1014-8aed-fc8cff0a87e5		SMG MYOEPITHELIAL CELL (MEC)	SMG MYOEPITHELIAL CELL MEC	3	1	0.3333333333333333	0		
LLMarkers	llmarkers|biorxiv|6ca25eee-7853-1014-8aed-fc8cff0a87e5	llmarkers|biorxiv|6ca25eee-7853-1014-8aed-fc8cff0a87e5	biorxiv:6ca25eee-7853-1014-8aed-fc8cff0a87e5		SVEC	SVEC	3	3	1.0	0		
LLMarkers	llmarkers|biorxiv|6d9efef4-7eed-1014-969e-94bff073d27f	llmarkers|biorxiv|6d9efef4-7eed-1014-969e-94bff073d27f	biorxiv:6d9efef4-7eed-1014-969e-94bff073d27f		EARLY PRIMARY SPERMATOCYTE	EARLY PRIMARY SPERMATOCYTE	4	4	1.0	0		
LLMarkers	llmarkers|biorxiv|6f28f2e1-6c20-1014-910c-d12c701e7668	llmarkers|biorxiv|6f28f2e1-6c20-1014-910c-d12c701e7668	biorxiv:6f28f2e1-6c20-1014-910c-d12c701e7668		ACTIVATED	ACTIVATED	3	1	0.3333333333333333	0		
LLMarkers	llmarkers|biorxiv|6f28f2e1-6c20-1014-910c-d12c701e7668	llmarkers|biorxiv|6f28f2e1-6c20-1014-910c-d12c701e7668	biorxiv:6f28f2e1-6c20-1014-910c-d12c701e7668		CYTOTOXIC	CYTOTOXIC	3	0	0.0	2	1.0	
LLMarkers	llmarkers|biorxiv|6f28f2e1-6c20-1014-910c-d12c701e7668	llmarkers|biorxiv|6f28f2e1-6c20-1014-910c-d12c701e7668	biorxiv:6f28f2e1-6c20-1014-910c-d12c701e7668		DYSFUNCTIONAL	DYSFUNCTIONAL	4	4	1.0	0		
LLMarkers	llmarkers|biorxiv|6f28f2e1-6c20-1014-910c-d12c701e7668	llmarkers|biorxiv|6f28f2e1-6c20-1014-910c-d12c701e7668	biorxiv:6f28f2e1-6c20-1014-910c-d12c701e7668		MACROPHAGES_LYVE1	MACROPHAGES LYVE 1	6	6	1.0	0		
LLMarkers	llmarkers|biorxiv|6f28f2e1-6c20-1014-910c-d12c701e7668	llmarkers|biorxiv|6f28f2e1-6c20-1014-910c-d12c701e7668	biorxiv:6f28f2e1-6c20-1014-910c-d12c701e7668		MACROPHAGE_CCL3	MACROPHAGE CCL 3	7	4	0.5714285714285714	0		
LLMarkers	llmarkers|biorxiv|6f28f2e1-6c20-1014-910c-d12c701e7668	llmarkers|biorxiv|6f28f2e1-6c20-1014-910c-d12c701e7668	biorxiv:6f28f2e1-6c20-1014-910c-d12c701e7668		MEMORY	MEMORY	4	3	0.75	0		
LLMarkers	llmarkers|biorxiv|6f28f2e1-6c20-1014-910c-d12c701e7668	llmarkers|biorxiv|6f28f2e1-6c20-1014-910c-d12c701e7668	biorxiv:6f28f2e1-6c20-1014-910c-d12c701e7668		NK CELL	NK CELL	3	3	1.0	15	0.3333333333333333	0.3333333333333333
LLMarkers	llmarkers|biorxiv|6f28f2e1-6c20-1014-910c-d12c701e7668	llmarkers|biorxiv|6f28f2e1-6c20-1014-910c-d12c701e7668	biorxiv:6f28f2e1-6c20-1014-910c-d12c701e7668		NKCYTO	NKCYTO	4	1	0.25	0		
LLMarkers	llmarkers|biorxiv|6f8501d1-6fb7-1014-a0e2-ce465eab4dbd	llmarkers|biorxiv|6f8501d1-6fb7-1014-a0e2-ce465eab4dbd	biorxiv:6f8501d1-6fb7-1014-a0e2-ce465eab4dbd		M1/M2-LIKE ACT.	M 1 M 2 LIKE ACT	6	4	0.6666666666666666	0		
LLMarkers	llmarkers|biorxiv|6f8501d1-6fb7-1014-a0e2-ce465eab4dbd	llmarkers|biorxiv|6f8501d1-6fb7-1014-a0e2-ce465eab4dbd	biorxiv:6f8501d1-6fb7-1014-a0e2-ce465eab4dbd		T-EXE7	T EXE 7	5	4	0.8	0		
LLMarkers	llmarkers|biorxiv|6f8501d1-6fb7-1014-a0e2-ce465eab4dbd	llmarkers|biorxiv|6f8501d1-6fb7-1014-a0e2-ce465eab4dbd	biorxiv:6f8501d1-6fb7-1014-a0e2-ce465eab4dbd		Β-CELL	CELL	7	6	0.8571428571428571	18	0.5714285714285714	0.6666666666666666
LLMarkers	llmarkers|biorxiv|6fb28072-6dd0-1014-8b19-92c97662cd76	llmarkers|biorxiv|6fb28072-6dd0-1014-8b19-92c97662cd76	biorxiv:6fb28072-6dd0-1014-8b19-92c97662cd76		CD4+ T CELLS	CD 4 T CELLS	5	5	1.0	0		
LLMarkers	llmarkers|biorxiv|700d25d7-7306-1014-9c30-ec481bfe1ae1	llmarkers|biorxiv|700d25d7-7306-1014-9c30-ec481bfe1ae1	biorxiv:700d25d7-7306-1014-9c30-ec481bfe1ae1		ASTROCYTES	ASTROCYTES	5	1	0.2	5	0.0	0.0
LLMarkers	llmarkers|biorxiv|700d25d7-7306-1014-9c30-ec481bfe1ae1	llmarkers|biorxiv|700d25d7-7306-1014-9c30-ec481bfe1ae1	biorxiv:700d25d7-7306-1014-9c30-ec481bfe1ae1		MICROGLIA	MICROGLIA	17	13	0.7647058823529411	17	0.5882352941176471	0.7692307692307693
LLMarkers	llmarkers|biorxiv|72d8cdf5-6fa5-1014-b805-ea9c7c557043	llmarkers|biorxiv|72d8cdf5-6fa5-1014-b805-ea9c7c557043	biorxiv:72d8cdf5-6fa5-1014-b805-ea9c7c557043		ALVEOLAR EPITHELIAL CELL	ALVEOLAR EPITHELIAL CELL	5	5	1.0	0		
LLMarkers	llmarkers|biorxiv|72d8cdf5-6fa5-1014-b805-ea9c7c557043	llmarkers|biorxiv|72d8cdf5-6fa5-1014-b805-ea9c7c557043	biorxiv:72d8cdf5-6fa5-1014-b805-ea9c7c557043		EXHAUSTED CD8 T CELL	EXHAUSTED CD 8 T CELL	3	3	1.0	3	0.6666666666666666	0.6666666666666666
LLMarkers	llmarkers|biorxiv|72d8cdf5-6fa5-1014-b805-ea9c7c557043	llmarkers|biorxiv|72d8cdf5-6fa5-1014-b805-ea9c7c557043	biorxiv:72d8cdf5-6fa5-1014-b805-ea9c7c557043		MACROPHAGE	MACROPHAGE	6	6	1.0	28	0.5	0.5
LLMarkers	llmarkers|biorxiv|736bec2d-70bc-1014-bc7a-9d003fe8a69f	llmarkers|biorxiv|736bec2d-70bc-1014-bc7a-9d003fe8a69f	biorxiv:736bec2d-70bc-1014-bc7a-9d003fe8a69f		INFILTRATIVE CANCER CELL	INFILTRATIVE CANCER CELL	3	3	1.0	0		
LLMarkers	llmarkers|biorxiv|736bec2d-70bc-1014-bc7a-9d003fe8a69f	llmarkers|biorxiv|736bec2d-70bc-1014-bc7a-9d003fe8a69f	biorxiv:736bec2d-70bc-1014-bc7a-9d003fe8a69f		MP2	MP 2	3	3	1.0	1	0.0	0.0
LLMarkers	llmarkers|biorxiv|736bec2d-70bc-1014-bc7a-9d003fe8a69f	llmarkers|biorxiv|736bec2d-70bc-1014-bc7a-9d003fe8a69f	biorxiv:736bec2d-70bc-1014-bc7a-9d003fe8a69f		MP3	MP 3	4	4	1.0	1	0.0	0.0
LLMarkers	llmarkers|biorxiv|736bec2d-70bc-1014-bc7a-9d003fe8a69f	llmarkers|biorxiv|736bec2d-70bc-1014-bc7a-9d003fe8a69f	biorxiv:736bec2d-70bc-1014-bc7a-9d003fe8a69f		MP7	MP 7	3	3	1.0	0		
LLMarkers	llmarkers|biorxiv|74193868-6d98-1014-a02e-d07ed370ea57	llmarkers|biorxiv|74193868-6d98-1014-a02e-d07ed370ea57	biorxiv:74193868-6d98-1014-a02e-d07ed370ea57		MSCS	MSCS	6	6	1.0	1	0.16666666666666666	0.16666666666666666
LLMarkers	llmarkers|biorxiv|750a2ba6-6eaa-1014-b156-e23e824a62e0	llmarkers|biorxiv|750a2ba6-6eaa-1014-b156-e23e824a62e0	biorxiv:750a2ba6-6eaa-1014-b156-e23e824a62e0		CD4+ TEM	CD 4 TEM	8	5	0.625	0		
LLMarkers	llmarkers|biorxiv|750a2ba6-6eaa-1014-b156-e23e824a62e0	llmarkers|biorxiv|750a2ba6-6eaa-1014-b156-e23e824a62e0	biorxiv:750a2ba6-6eaa-1014-b156-e23e824a62e0		CD45RA+	CD 45 RA	11	10	0.9090909090909091	0		
LLMarkers	llmarkers|biorxiv|750a2ba6-6eaa-1014-b156-e23e824a62e0	llmarkers|biorxiv|750a2ba6-6eaa-1014-b156-e23e824a62e0	biorxiv:750a2ba6-6eaa-1014-b156-e23e824a62e0		NAIVE T CELLS OR TCMS	NAIVE T CELLS OR TCMS	4	1	0.25	0		
LLMarkers	llmarkers|biorxiv|771e3d5c-7119-1014-bcb2-db210f671702	llmarkers|biorxiv|771e3d5c-7119-1014-bcb2-db210f671702	biorxiv:771e3d5c-7119-1014-bcb2-db210f671702		TRG	TRG	3	3	1.0	0		
LLMarkers	llmarkers|biorxiv|77d5f6bb-6c27-1014-a74d-a25d8b68d181	llmarkers|biorxiv|77d5f6bb-6c27-1014-a74d-a25d8b68d181	biorxiv:77d5f6bb-6c27-1014-a74d-a25d8b68d181		EARLY ICM	EARLY ICM	4	2	0.5	0		
LLMarkers	llmarkers|biorxiv|77d5f6bb-6c27-1014-a74d-a25d8b68d181	llmarkers|biorxiv|77d5f6bb-6c27-1014-a74d-a25d8b68d181	biorxiv:77d5f6bb-6c27-1014-a74d-a25d8b68d181		EPI	EPI	31	29	0.9354838709677419	3	0.0967741935483871	0.06896551724137931
LLMarkers	llmarkers|biorxiv|77d5f6bb-6c27-1014-a74d-a25d8b68d181	llmarkers|biorxiv|77d5f6bb-6c27-1014-a74d-a25d8b68d181	biorxiv:77d5f6bb-6c27-1014-a74d-a25d8b68d181		LATE ICM	LATE ICM	5	2	0.4	0		
LLMarkers	llmarkers|biorxiv|77d5f6bb-6c27-1014-a74d-a25d8b68d181	llmarkers|biorxiv|77d5f6bb-6c27-1014-a74d-a25d8b68d181	biorxiv:77d5f6bb-6c27-1014-a74d-a25d8b68d181		PRE	PRE	21	18	0.8571428571428571	1	0.09523809523809523	0.05555555555555555
LLMarkers	llmarkers|biorxiv|78211bc7-6c0f-1014-bc42-c103d41718b8	llmarkers|biorxiv|78211bc7-6c0f-1014-bc42-c103d41718b8	biorxiv:78211bc7-6c0f-1014-bc42-c103d41718b8		CHONDROCYTE	CHONDROCYTE	5	5	1.0	2	1.0	1.0
LLMarkers	llmarkers|biorxiv|78211bc7-6c0f-1014-bc42-c103d41718b8	llmarkers|biorxiv|78211bc7-6c0f-1014-bc42-c103d41718b8	biorxiv:78211bc7-6c0f-1014-bc42-c103d41718b8		IR-FIBRO	IR FIBRO	5	5	1.0	0		
LLMarkers	llmarkers|biorxiv|78211bc7-6c0f-1014-bc42-c103d41718b8	llmarkers|biorxiv|78211bc7-6c0f-1014-bc42-c103d41718b8	biorxiv:78211bc7-6c0f-1014-bc42-c103d41718b8		MACRO-ALV-MT	MACRO ALV MT	3	3	1.0	1	1.0	1.0
LLMarkers	llmarkers|biorxiv|78211bc7-6c0f-1014-bc42-c103d41718b8	llmarkers|biorxiv|78211bc7-6c0f-1014-bc42-c103d41718b8	biorxiv:78211bc7-6c0f-1014-bc42-c103d41718b8		MACRO-CCL	MACRO CCL	3	2	0.6666666666666666	2	1.0	1.0
LLMarkers	llmarkers|biorxiv|78211bc7-6c0f-1014-bc42-c103d41718b8	llmarkers|biorxiv|78211bc7-6c0f-1014-bc42-c103d41718b8	biorxiv:78211bc7-6c0f-1014-bc42-c103d41718b8		MYELINATING SCHWANN CELL	MYELINATING SCHWANN CELL	5	5	1.0	0		
LLMarkers	llmarkers|biorxiv|78211bc7-6c0f-1014-bc42-c103d41718b8	llmarkers|biorxiv|78211bc7-6c0f-1014-bc42-c103d41718b8	biorxiv:78211bc7-6c0f-1014-bc42-c103d41718b8		MYOEPITHELIAL	MYOEPITHELIAL	3	3	1.0	0		
LLMarkers	llmarkers|biorxiv|78211bc7-6c0f-1014-bc42-c103d41718b8	llmarkers|biorxiv|78211bc7-6c0f-1014-bc42-c103d41718b8	biorxiv:78211bc7-6c0f-1014-bc42-c103d41718b8		NK-CD11D	NK CD 11 D	4	4	1.0	0		
LLMarkers	llmarkers|biorxiv|78211bc7-6c0f-1014-bc42-c103d41718b8	llmarkers|biorxiv|78211bc7-6c0f-1014-bc42-c103d41718b8	biorxiv:78211bc7-6c0f-1014-bc42-c103d41718b8		NMSCHWANN	NMSCHWANN	3	3	1.0	1	0.0	0.0
LLMarkers	llmarkers|biorxiv|78211bc7-6c0f-1014-bc42-c103d41718b8	llmarkers|biorxiv|78211bc7-6c0f-1014-bc42-c103d41718b8	biorxiv:78211bc7-6c0f-1014-bc42-c103d41718b8		NMSCWANN	NMSCWANN	5	5	1.0	0		
LLMarkers	llmarkers|biorxiv|78211bc7-6c0f-1014-bc42-c103d41718b8	llmarkers|biorxiv|78211bc7-6c0f-1014-bc42-c103d41718b8	biorxiv:78211bc7-6c0f-1014-bc42-c103d41718b8		PB-FIBRO	PB FIBRO	3	3	1.0	0		
LLMarkers	llmarkers|biorxiv|78211bc7-6c0f-1014-bc42-c103d41718b8	llmarkers|biorxiv|78211bc7-6c0f-1014-bc42-c103d41718b8	biorxiv:78211bc7-6c0f-1014-bc42-c103d41718b8		PC-FIBRO	PC FIBRO	5	5	1.0	1	0.6	0.6
LLMarkers	llmarkers|biorxiv|78211bc7-6c0f-1014-bc42-c103d41718b8	llmarkers|biorxiv|78211bc7-6c0f-1014-bc42-c103d41718b8	biorxiv:78211bc7-6c0f-1014-bc42-c103d41718b8		SMG-DUCT	SMG DUCT	9	8	0.8888888888888888	0		
LLMarkers	llmarkers|biorxiv|783f7e3b-7683-1014-81ff-bc1eeadb858f	llmarkers|biorxiv|783f7e3b-7683-1014-81ff-bc1eeadb858f	biorxiv:783f7e3b-7683-1014-81ff-bc1eeadb858f		MHB.1	MHB 1	3	3	1.0	0		
LLMarkers	llmarkers|biorxiv|783f7e3b-7683-1014-81ff-bc1eeadb858f	llmarkers|biorxiv|783f7e3b-7683-1014-81ff-bc1eeadb858f	biorxiv:783f7e3b-7683-1014-81ff-bc1eeadb858f		MHB.2	MHB 2	3	3	1.0	0		
LLMarkers	llmarkers|biorxiv|7883a920-6c54-1014-9611-e2c343a4c7dc	llmarkers|biorxiv|7883a920-6c54-1014-9611-e2c343a4c7dc	biorxiv:7883a920-6c54-1014-9611-e2c343a4c7dc		DISTAL	DISTAL	4	4	1.0	2	0.0	0.0
LLMarkers	llmarkers|biorxiv|7883a920-6c54-1014-9611-e2c343a4c7dc	llmarkers|biorxiv|7883a920-6c54-1014-9611-e2c343a4c7dc	biorxiv:7883a920-6c54-1014-9611-e2c343a4c7dc		GLOMERULAR CELL	GLOMERULAR CELL	4	4	1.0	0		
LLMarkers	llmarkers|biorxiv|7883a920-6c54-1014-9611-e2c343a4c7dc	llmarkers|biorxiv|7883a920-6c54-1014-9611-e2c343a4c7dc	biorxiv:7883a920-6c54-1014-9611-e2c343a4c7dc		INTERMEDIATE MESODERM	INTERMEDIATE MESODERM	3	0	0.0	0		
LLMarkers	llmarkers|biorxiv|7883a920-6c54-1014-9611-e2c343a4c7dc	llmarkers|biorxiv|7883a920-6c54-1014-9611-e2c343a4c7dc	biorxiv:7883a920-6c54-1014-9611-e2c343a4c7dc		KIDNEY PROGENITOR	KIDNEY PROGENITOR	4	1	0.25	0		
LLMarkers	llmarkers|biorxiv|7883a920-6c54-1014-9611-e2c343a4c7dc	llmarkers|biorxiv|7883a920-6c54-1014-9611-e2c343a4c7dc	biorxiv:7883a920-6c54-1014-9611-e2c343a4c7dc		PROXIMAL	PROXIMAL	3	3	1.0	1	0.3333333333333333	0.3333333333333333
LLMarkers	llmarkers|biorxiv|78e3a11a-7eb2-1014-99eb-f342cda99662	llmarkers|biorxiv|78e3a11a-7eb2-1014-99eb-f342cda99662	biorxiv:78e3a11a-7eb2-1014-99eb-f342cda99662		GLUTAMATERGIC NEURONS	GLUTAMATERGIC NEURONS	3	3	1.0	0		
LLMarkers	llmarkers|biorxiv|78e3a11a-7eb2-1014-99eb-f342cda99662	llmarkers|biorxiv|78e3a11a-7eb2-1014-99eb-f342cda99662	biorxiv:78e3a11a-7eb2-1014-99eb-f342cda99662		IASTROCYTES	IASTROCYTES	3	3	1.0	0		
LLMarkers	llmarkers|biorxiv|78e3a11a-7eb2-1014-99eb-f342cda99662	llmarkers|biorxiv|78e3a11a-7eb2-1014-99eb-f342cda99662	biorxiv:78e3a11a-7eb2-1014-99eb-f342cda99662		INDUCED DA SUBGROUP	INDUCED DA SUBGROUP	3	3	1.0	0		
LLMarkers	llmarkers|biorxiv|78e3a11a-7eb2-1014-99eb-f342cda99662	llmarkers|biorxiv|78e3a11a-7eb2-1014-99eb-f342cda99662	biorxiv:78e3a11a-7eb2-1014-99eb-f342cda99662		PA-DANS	PA DANS	4	4	1.0	0		
LLMarkers	llmarkers|biorxiv|78e3a11a-7eb2-1014-99eb-f342cda99662	llmarkers|biorxiv|78e3a11a-7eb2-1014-99eb-f342cda99662	biorxiv:78e3a11a-7eb2-1014-99eb-f342cda99662		PROGENITOR SUBGROUP	PROGENITOR SUBGROUP	3	3	1.0	0		
LLMarkers	llmarkers|biorxiv|7a206a01-6c0e-1014-b046-f87c164ca53d	llmarkers|biorxiv|7a206a01-6c0e-1014-b046-f87c164ca53d	biorxiv:7a206a01-6c0e-1014-b046-f87c164ca53d		CGSC	CGSC	7	7	1.0	0		
LLMarkers	llmarkers|biorxiv|7a206a01-6c0e-1014-b046-f87c164ca53d	llmarkers|biorxiv|7a206a01-6c0e-1014-b046-f87c164ca53d	biorxiv:7a206a01-6c0e-1014-b046-f87c164ca53d		IMMUNE CELL	IMMUNE CELL	3	3	1.0	6	0.3333333333333333	0.3333333333333333
LLMarkers	llmarkers|biorxiv|7a206a01-6c0e-1014-b046-f87c164ca53d	llmarkers|biorxiv|7a206a01-6c0e-1014-b046-f87c164ca53d	biorxiv:7a206a01-6c0e-1014-b046-f87c164ca53d		NEURONAL CELL	NEURONAL CELL	3	2	0.6666666666666666	2	0.0	0.0
LLMarkers	llmarkers|biorxiv|7a206a01-6c0e-1014-b046-f87c164ca53d	llmarkers|biorxiv|7a206a01-6c0e-1014-b046-f87c164ca53d	biorxiv:7a206a01-6c0e-1014-b046-f87c164ca53d		QGSC	QGSC	9	9	1.0	0		
LLMarkers	llmarkers|biorxiv|7a206a01-6c0e-1014-b046-f87c164ca53d	llmarkers|biorxiv|7a206a01-6c0e-1014-b046-f87c164ca53d	biorxiv:7a206a01-6c0e-1014-b046-f87c164ca53d		QUIESCENT LIKE SEPARATE CLUSTER (CLUSTER 5)	QUIESCENT LIKE SEPARATE CLUSTER CLUSTER 5	3	2	0.6666666666666666	0		
LLMarkers	llmarkers|biorxiv|7c2da8c6-7024-1014-8c11-de157ff3a710	llmarkers|biorxiv|7c2da8c6-7024-1014-8c11-de157ff3a710	biorxiv:7c2da8c6-7024-1014-8c11-de157ff3a710		AMD/RPD+	AMD RPD	15	15	1.0	0		
LLMarkers	llmarkers|biorxiv|7c2da8c6-7024-1014-8c11-de157ff3a710	llmarkers|biorxiv|7c2da8c6-7024-1014-8c11-de157ff3a710	biorxiv:7c2da8c6-7024-1014-8c11-de157ff3a710		AMD/RPD−	AMD RPD	31	31	1.0	0		
LLMarkers	llmarkers|biorxiv|7c369d90-739f-1014-825b-83f20b310b82	llmarkers|biorxiv|7c369d90-739f-1014-825b-83f20b310b82	biorxiv:7c369d90-739f-1014-825b-83f20b310b82		WM	WM	7	7	1.0	0		
LLMarkers	llmarkers|biorxiv|7d48f408-80c3-1014-8100-959ab60f80b6	llmarkers|biorxiv|7d48f408-80c3-1014-8100-959ab60f80b6	biorxiv:7d48f408-80c3-1014-8100-959ab60f80b6		HSC POPULATION TWO	HSC POPULATION TWO	4	4	1.0	0		
LLMarkers	llmarkers|biorxiv|7d48f408-80c3-1014-8100-959ab60f80b6	llmarkers|biorxiv|7d48f408-80c3-1014-8100-959ab60f80b6	biorxiv:7d48f408-80c3-1014-8100-959ab60f80b6		KC-LIKE	KC LIKE	8	7	0.875	0		
LLMarkers	llmarkers|biorxiv|7d48f408-80c3-1014-8100-959ab60f80b6	llmarkers|biorxiv|7d48f408-80c3-1014-8100-959ab60f80b6	biorxiv:7d48f408-80c3-1014-8100-959ab60f80b6		MHC II	MHC II	3	3	1.0	0		
LLMarkers	llmarkers|biorxiv|7d48f408-80c3-1014-8100-959ab60f80b6	llmarkers|biorxiv|7d48f408-80c3-1014-8100-959ab60f80b6	biorxiv:7d48f408-80c3-1014-8100-959ab60f80b6		MONO-MAC	MONO MAC	4	3	0.75	0		
LLMarkers	llmarkers|biorxiv|8060bfa3-6d4f-1014-b2ea-be74caad434f	llmarkers|biorxiv|8060bfa3-6d4f-1014-b2ea-be74caad434f	biorxiv:8060bfa3-6d4f-1014-b2ea-be74caad434f		CD4+ T CELL	CD 4 T CELL	4	4	1.0	16	0.75	0.75
LLMarkers	llmarkers|biorxiv|824fd1db-6db8-1014-aa73-9a84848dcec3	llmarkers|biorxiv|824fd1db-6db8-1014-aa73-9a84848dcec3	biorxiv:824fd1db-6db8-1014-aa73-9a84848dcec3		BASAL LINEAGE	BASAL LINEAGE	3	3	1.0	0		
LLMarkers	llmarkers|biorxiv|824fd1db-6db8-1014-aa73-9a84848dcec3	llmarkers|biorxiv|824fd1db-6db8-1014-aa73-9a84848dcec3	biorxiv:824fd1db-6db8-1014-aa73-9a84848dcec3		LUMHR	LUMHR	3	3	1.0	0		
LLMarkers	llmarkers|biorxiv|824fd1db-6db8-1014-aa73-9a84848dcec3	llmarkers|biorxiv|824fd1db-6db8-1014-aa73-9a84848dcec3	biorxiv:824fd1db-6db8-1014-aa73-9a84848dcec3		VASCULAR SMOOTH MUSCLE CELL	VASCULAR SMOOTH MUSCLE CELL	3	3	1.0	3	0.6666666666666666	0.6666666666666666
LLMarkers	llmarkers|biorxiv|83bdb6b6-6c6e-1014-9f71-e3b544524924	llmarkers|biorxiv|83bdb6b6-6c6e-1014-9f71-e3b544524924	biorxiv:83bdb6b6-6c6e-1014-9f71-e3b544524924		COMMUNITY C	COMMUNITY C	4	4	1.0	0		
LLMarkers	llmarkers|biorxiv|83bdb6b6-6c6e-1014-9f71-e3b544524924	llmarkers|biorxiv|83bdb6b6-6c6e-1014-9f71-e3b544524924	biorxiv:83bdb6b6-6c6e-1014-9f71-e3b544524924		COMMUNITY G	COMMUNITY G	10	10	1.0	0		
LLMarkers	llmarkers|biorxiv|83bdb6b6-6c6e-1014-9f71-e3b544524924	llmarkers|biorxiv|83bdb6b6-6c6e-1014-9f71-e3b544524924	biorxiv:83bdb6b6-6c6e-1014-9f71-e3b544524924		COMMUNITY L	COMMUNITY L	5	5	1.0	0		
LLMarkers	llmarkers|biorxiv|83bdb6b6-6c6e-1014-9f71-e3b544524924	llmarkers|biorxiv|83bdb6b6-6c6e-1014-9f71-e3b544524924	biorxiv:83bdb6b6-6c6e-1014-9f71-e3b544524924		COMMUNITY M	COMMUNITY M	9	9	1.0	0		
LLMarkers	llmarkers|biorxiv|83bdb6b6-6c6e-1014-9f71-e3b544524924	llmarkers|biorxiv|83bdb6b6-6c6e-1014-9f71-e3b544524924	biorxiv:83bdb6b6-6c6e-1014-9f71-e3b544524924		MITOCHONDRIAL GENE COMMUNITY	MITOCHONDRIAL GENE COMMUNITY	4	4	1.0	0		
LLMarkers	llmarkers|biorxiv|83bdb6b6-6c6e-1014-9f71-e3b544524924	llmarkers|biorxiv|83bdb6b6-6c6e-1014-9f71-e3b544524924	biorxiv:83bdb6b6-6c6e-1014-9f71-e3b544524924		RIBOSOMAL COMMUNITIES	RIBOSOMAL COMMUNITIES	22	22	1.0	0		
LLMarkers	llmarkers|biorxiv|83c8ac0b-6e16-1014-a00e-d78ba7f4ca02	llmarkers|biorxiv|83c8ac0b-6e16-1014-a00e-d78ba7f4ca02	biorxiv:83c8ac0b-6e16-1014-a00e-d78ba7f4ca02		GONADOTROPH	GONADOTROPH	4	3	0.75	0		
LLMarkers	llmarkers|biorxiv|83c8ac0b-6e16-1014-a00e-d78ba7f4ca02	llmarkers|biorxiv|83c8ac0b-6e16-1014-a00e-d78ba7f4ca02	biorxiv:83c8ac0b-6e16-1014-a00e-d78ba7f4ca02		SOMATOTROPH	SOMATOTROPH	3	3	1.0	0		
LLMarkers	llmarkers|biorxiv|83c8ac0b-6e16-1014-a00e-d78ba7f4ca02	llmarkers|biorxiv|83c8ac0b-6e16-1014-a00e-d78ba7f4ca02	biorxiv:83c8ac0b-6e16-1014-a00e-d78ba7f4ca02		SUBTYPE 1	SUBTYPE 1	4	3	0.75	0		
LLMarkers	llmarkers|biorxiv|84e54dbc-6c17-1014-b8ff-c69d804e210e	llmarkers|biorxiv|84e54dbc-6c17-1014-b8ff-c69d804e210e	biorxiv:84e54dbc-6c17-1014-b8ff-c69d804e210e		SUBCLASS B	SUBCLASS B	6	1	0.16666666666666666	0		
LLMarkers	llmarkers|biorxiv|84e54dbc-6c17-1014-b8ff-c69d804e210e	llmarkers|biorxiv|84e54dbc-6c17-1014-b8ff-c69d804e210e	biorxiv:84e54dbc-6c17-1014-b8ff-c69d804e210e		SUBCLASS C	SUBCLASS C	14	9	0.6428571428571429	0		
LLMarkers	llmarkers|biorxiv|84ed12c4-6e9b-1014-9992-a35711e43c7c	llmarkers|biorxiv|84ed12c4-6e9b-1014-9992-a35711e43c7c	biorxiv:84ed12c4-6e9b-1014-9992-a35711e43c7c		SCHWANN CELL	SCHWANN CELL	3	3	1.0	0		
LLMarkers	llmarkers|biorxiv|876ca999-6c0e-1014-8ed9-e7563228589e	llmarkers|biorxiv|876ca999-6c0e-1014-8ed9-e7563228589e	biorxiv:876ca999-6c0e-1014-8ed9-e7563228589e		ERYTHROID CELL	ERYTHROID CELL	5	5	1.0	1	0.2	0.2
LLMarkers	llmarkers|biorxiv|876ca999-6c0e-1014-8ed9-e7563228589e	llmarkers|biorxiv|876ca999-6c0e-1014-8ed9-e7563228589e	biorxiv:876ca999-6c0e-1014-8ed9-e7563228589e		GPS	GPS	3	1	0.3333333333333333	0		
LLMarkers	llmarkers|biorxiv|876ca999-6c0e-1014-8ed9-e7563228589e	llmarkers|biorxiv|876ca999-6c0e-1014-8ed9-e7563228589e	biorxiv:876ca999-6c0e-1014-8ed9-e7563228589e		GRANULOCYTES 1, 2, AND 3	GRANULOCYTES 1 2 AND 3	3	1	0.3333333333333333	0		
LLMarkers	llmarkers|biorxiv|876ca999-6c0e-1014-8ed9-e7563228589e	llmarkers|biorxiv|876ca999-6c0e-1014-8ed9-e7563228589e	biorxiv:876ca999-6c0e-1014-8ed9-e7563228589e		HSC/MPPS	HSC MPPS	7	6	0.8571428571428571	1	0.0	0.0
LLMarkers	llmarkers|biorxiv|876ca999-6c0e-1014-8ed9-e7563228589e	llmarkers|biorxiv|876ca999-6c0e-1014-8ed9-e7563228589e	biorxiv:876ca999-6c0e-1014-8ed9-e7563228589e		HSC/MPPS-CYCLE	HSC MPPS CYCLE	4	4	1.0	0		
LLMarkers	llmarkers|biorxiv|876ca999-6c0e-1014-8ed9-e7563228589e	llmarkers|biorxiv|876ca999-6c0e-1014-8ed9-e7563228589e	biorxiv:876ca999-6c0e-1014-8ed9-e7563228589e		LMPS	LMPS	8	6	0.75	0		
LLMarkers	llmarkers|biorxiv|876ca999-6c0e-1014-8ed9-e7563228589e	llmarkers|biorxiv|876ca999-6c0e-1014-8ed9-e7563228589e	biorxiv:876ca999-6c0e-1014-8ed9-e7563228589e		MAST CELL	MAST CELL	3	2	0.6666666666666666	14	0.6666666666666666	0.5
LLMarkers	llmarkers|biorxiv|876ca999-6c0e-1014-8ed9-e7563228589e	llmarkers|biorxiv|876ca999-6c0e-1014-8ed9-e7563228589e	biorxiv:876ca999-6c0e-1014-8ed9-e7563228589e		MEGAKARYOCYTE	MEGAKARYOCYTE	3	2	0.6666666666666666	1	0.6666666666666666	0.5
LLMarkers	llmarkers|biorxiv|876ca999-6c0e-1014-8ed9-e7563228589e	llmarkers|biorxiv|876ca999-6c0e-1014-8ed9-e7563228589e	biorxiv:876ca999-6c0e-1014-8ed9-e7563228589e		MEMPS	MEMPS	6	3	0.5	0		
LLMarkers	llmarkers|biorxiv|876ca999-6c0e-1014-8ed9-e7563228589e	llmarkers|biorxiv|876ca999-6c0e-1014-8ed9-e7563228589e	biorxiv:876ca999-6c0e-1014-8ed9-e7563228589e		MEMPS-CYCLE	MEMPS CYCLE	3	2	0.6666666666666666	0		
LLMarkers	llmarkers|biorxiv|876ca999-6c0e-1014-8ed9-e7563228589e	llmarkers|biorxiv|876ca999-6c0e-1014-8ed9-e7563228589e	biorxiv:876ca999-6c0e-1014-8ed9-e7563228589e		MONOCYTE PROGENITORS AND MONOCYTES	MONOCYTE PROGENITORS AND MONOCYTES	3	2	0.6666666666666666	0		
LLMarkers	llmarkers|biorxiv|876ca999-6c0e-1014-8ed9-e7563228589e	llmarkers|biorxiv|876ca999-6c0e-1014-8ed9-e7563228589e	biorxiv:876ca999-6c0e-1014-8ed9-e7563228589e		NK CELL	NK CELL	4	4	1.0	15	0.25	0.25
LLMarkers	llmarkers|biorxiv|876ca999-6c0e-1014-8ed9-e7563228589e	llmarkers|biorxiv|876ca999-6c0e-1014-8ed9-e7563228589e	biorxiv:876ca999-6c0e-1014-8ed9-e7563228589e		PLASMACYTOID DENDRITIC CELL	PLASMACYTOID DENDRITIC CELL	4	3	0.75	2	0.5	0.6666666666666666
LLMarkers	llmarkers|biorxiv|876ca999-6c0e-1014-8ed9-e7563228589e	llmarkers|biorxiv|876ca999-6c0e-1014-8ed9-e7563228589e	biorxiv:876ca999-6c0e-1014-8ed9-e7563228589e		PRE-B	PRE B	3	2	0.6666666666666666	0		
LLMarkers	llmarkers|biorxiv|88b6dd17-6fa5-1014-96e8-90837e572e81	llmarkers|biorxiv|88b6dd17-6fa5-1014-96e8-90837e572e81	biorxiv:88b6dd17-6fa5-1014-96e8-90837e572e81		ASTROCYTES	ASTROCYTES	6	1	0.16666666666666666	5	0.16666666666666666	0.0
LLMarkers	llmarkers|biorxiv|88b6dd17-6fa5-1014-96e8-90837e572e81	llmarkers|biorxiv|88b6dd17-6fa5-1014-96e8-90837e572e81	biorxiv:88b6dd17-6fa5-1014-96e8-90837e572e81		EXCITATORY NEURONS	EXCITATORY NEURONS	3	3	1.0	1	0.0	0.0
LLMarkers	llmarkers|biorxiv|88b6dd17-6fa5-1014-96e8-90837e572e81	llmarkers|biorxiv|88b6dd17-6fa5-1014-96e8-90837e572e81	biorxiv:88b6dd17-6fa5-1014-96e8-90837e572e81		HIAS	HIAS	9	4	0.4444444444444444	0		
LLMarkers	llmarkers|biorxiv|88b6dd17-6fa5-1014-96e8-90837e572e81	llmarkers|biorxiv|88b6dd17-6fa5-1014-96e8-90837e572e81	biorxiv:88b6dd17-6fa5-1014-96e8-90837e572e81		IMMATURE ASTROCYTES	IMMATURE ASTROCYTES	3	3	1.0	0		
LLMarkers	llmarkers|biorxiv|8a79edc5-6e0d-1014-bd87-aa1de4068967	llmarkers|biorxiv|8a79edc5-6e0d-1014-bd87-aa1de4068967	biorxiv:8a79edc5-6e0d-1014-bd87-aa1de4068967		MONOCYTE-MACROPHAGES	MONOCYTE MACROPHAGES	8	7	0.875	0		
LLMarkers	llmarkers|biorxiv|8a79edc5-6e0d-1014-bd87-aa1de4068967	llmarkers|biorxiv|8a79edc5-6e0d-1014-bd87-aa1de4068967	biorxiv:8a79edc5-6e0d-1014-bd87-aa1de4068967		NEUTROPHILS	NEUTROPHILS	8	7	0.875	2	0.125	0.14285714285714285
LLMarkers	llmarkers|biorxiv|8a79edc5-6e0d-1014-bd87-aa1de4068967	llmarkers|biorxiv|8a79edc5-6e0d-1014-bd87-aa1de4068967	biorxiv:8a79edc5-6e0d-1014-bd87-aa1de4068967		NK CELL	NK CELL	15	12	0.8	15	0.3333333333333333	0.25
LLMarkers	llmarkers|biorxiv|8a79edc5-6e0d-1014-bd87-aa1de4068967	llmarkers|biorxiv|8a79edc5-6e0d-1014-bd87-aa1de4068967	biorxiv:8a79edc5-6e0d-1014-bd87-aa1de4068967		T CELL	T CELL	9	7	0.7777777777777778	37	0.5555555555555556	0.5714285714285714
LLMarkers	llmarkers|biorxiv|8bff4e38-6c13-1014-bcce-e068e3eafd28	llmarkers|biorxiv|8bff4e38-6c13-1014-bcce-e068e3eafd28	biorxiv:8bff4e38-6c13-1014-bcce-e068e3eafd28		CANONICAL COLONOCYTE	CANONICAL COLONOCYTE	3	3	1.0	0		
LLMarkers	llmarkers|biorxiv|8bff4e38-6c13-1014-bcce-e068e3eafd28	llmarkers|biorxiv|8bff4e38-6c13-1014-bcce-e068e3eafd28	biorxiv:8bff4e38-6c13-1014-bcce-e068e3eafd28		ENTEROENDOCRINE CELL	ENTEROENDOCRINE CELL	3	3	1.0	6	0.6666666666666666	0.6666666666666666
LLMarkers	llmarkers|biorxiv|8bff4e38-6c13-1014-bcce-e068e3eafd28	llmarkers|biorxiv|8bff4e38-6c13-1014-bcce-e068e3eafd28	biorxiv:8bff4e38-6c13-1014-bcce-e068e3eafd28		GC1	GC 1	5	3	0.6	1	0.0	0.0
LLMarkers	llmarkers|biorxiv|8bff4e38-6c13-1014-bcce-e068e3eafd28	llmarkers|biorxiv|8bff4e38-6c13-1014-bcce-e068e3eafd28	biorxiv:8bff4e38-6c13-1014-bcce-e068e3eafd28		GOBLET CELL	GOBLET CELL	7	5	0.7142857142857143	7	0.7142857142857143	0.8
LLMarkers	llmarkers|biorxiv|8bff4e38-6c13-1014-bcce-e068e3eafd28	llmarkers|biorxiv|8bff4e38-6c13-1014-bcce-e068e3eafd28	biorxiv:8bff4e38-6c13-1014-bcce-e068e3eafd28		NON-CANONICAL COLONOCYTE	NON CANONICAL COLONOCYTE	9	9	1.0	0		
LLMarkers	llmarkers|biorxiv|8bff4e38-6c13-1014-bcce-e068e3eafd28	llmarkers|biorxiv|8bff4e38-6c13-1014-bcce-e068e3eafd28	biorxiv:8bff4e38-6c13-1014-bcce-e068e3eafd28		STEM CELL	STEM CELL	4	4	1.0	6	1.0	1.0
LLMarkers	llmarkers|biorxiv|8c3ef8a4-6c0e-1014-9b81-f1618d3e39b1	llmarkers|biorxiv|8c3ef8a4-6c0e-1014-9b81-f1618d3e39b1	biorxiv:8c3ef8a4-6c0e-1014-9b81-f1618d3e39b1		DIFFERENTIATED MUSCS/MYOBLASTS/MYOCYTES	DIFFERENTIATED MUSCS MYOBLASTS MYOCYTES	4	2	0.5	0		
LLMarkers	llmarkers|biorxiv|8c3ef8a4-6c0e-1014-9b81-f1618d3e39b1	llmarkers|biorxiv|8c3ef8a4-6c0e-1014-9b81-f1618d3e39b1	biorxiv:8c3ef8a4-6c0e-1014-9b81-f1618d3e39b1		MESENCHYMAL	MESENCHYMAL	3	3	1.0	6	1.0	1.0
LLMarkers	llmarkers|biorxiv|8c3ef8a4-6c0e-1014-9b81-f1618d3e39b1	llmarkers|biorxiv|8c3ef8a4-6c0e-1014-9b81-f1618d3e39b1	biorxiv:8c3ef8a4-6c0e-1014-9b81-f1618d3e39b1		MUSCLE	MUSCLE	4	0	0.0	0		
LLMarkers	llmarkers|biorxiv|8c3ef8a4-6c0e-1014-9b81-f1618d3e39b1	llmarkers|biorxiv|8c3ef8a4-6c0e-1014-9b81-f1618d3e39b1	biorxiv:8c3ef8a4-6c0e-1014-9b81-f1618d3e39b1		NEURONAL STEM/PROGENITOR CELL	NEURONAL STEM PROGENITOR CELL	3	3	1.0	0		
LLMarkers	llmarkers|biorxiv|8c3ef8a4-6c0e-1014-9b81-f1618d3e39b1	llmarkers|biorxiv|8c3ef8a4-6c0e-1014-9b81-f1618d3e39b1	biorxiv:8c3ef8a4-6c0e-1014-9b81-f1618d3e39b1		QUIESCENT MUSCS	QUIESCENT MUSCS	4	2	0.5	0		
LLMarkers	llmarkers|biorxiv|8e460cfc-7020-1014-9694-e5bf39316223	llmarkers|biorxiv|8e460cfc-7020-1014-9694-e5bf39316223	biorxiv:8e460cfc-7020-1014-9694-e5bf39316223		T CELL	T CELL	3	3	1.0	37	1.0	1.0
LLMarkers	llmarkers|biorxiv|8f45ef4c-6d70-1014-815c-a556cc0c38ce	llmarkers|biorxiv|8f45ef4c-6d70-1014-815c-a556cc0c38ce	biorxiv:8f45ef4c-6d70-1014-815c-a556cc0c38ce		B-CELL	B CELL	3	3	1.0	29	1.0	1.0
LLMarkers	llmarkers|biorxiv|8f45ef4c-6d70-1014-815c-a556cc0c38ce	llmarkers|biorxiv|8f45ef4c-6d70-1014-815c-a556cc0c38ce	biorxiv:8f45ef4c-6d70-1014-815c-a556cc0c38ce		CLUSTER 1	CLUSTER 1	5	5	1.0	13	0.0	0.0
LLMarkers	llmarkers|biorxiv|8f45ef4c-6d70-1014-815c-a556cc0c38ce	llmarkers|biorxiv|8f45ef4c-6d70-1014-815c-a556cc0c38ce	biorxiv:8f45ef4c-6d70-1014-815c-a556cc0c38ce		CLUSTER 2	CLUSTER 2	5	5	1.0	18	0.0	0.0
LLMarkers	llmarkers|biorxiv|9081da13-83e1-1014-ba34-dc521a45201b	llmarkers|biorxiv|9081da13-83e1-1014-ba34-dc521a45201b	biorxiv:9081da13-83e1-1014-ba34-dc521a45201b		MRD CELL	MRD CELL	6	3	0.5	0		
LLMarkers	llmarkers|biorxiv|9081da13-83e1-1014-ba34-dc521a45201b	llmarkers|biorxiv|9081da13-83e1-1014-ba34-dc521a45201b	biorxiv:9081da13-83e1-1014-ba34-dc521a45201b		MRD-LIKE POPULATION	MRD LIKE POPULATION	3	0	0.0	0		
LLMarkers	llmarkers|biorxiv|9263ba65-6c09-1014-b701-af82efb9455d	llmarkers|biorxiv|9263ba65-6c09-1014-b701-af82efb9455d	biorxiv:9263ba65-6c09-1014-b701-af82efb9455d		CORE PLURIPOTENT POPULATION	CORE PLURIPOTENT POPULATION	4	4	1.0	0		
LLMarkers	llmarkers|biorxiv|9338c4d5-712d-1014-b47b-dc1970abe2d9	llmarkers|biorxiv|9338c4d5-712d-1014-b47b-dc1970abe2d9	biorxiv:9338c4d5-712d-1014-b47b-dc1970abe2d9		EPIBLAST	EPIBLAST	13	7	0.5384615384615384	2	0.38461538461538464	0.2857142857142857
LLMarkers	llmarkers|biorxiv|9338c4d5-712d-1014-b47b-dc1970abe2d9	llmarkers|biorxiv|9338c4d5-712d-1014-b47b-dc1970abe2d9	biorxiv:9338c4d5-712d-1014-b47b-dc1970abe2d9		HYPOBLAST	HYPOBLAST	8	8	1.0	0		
LLMarkers	llmarkers|biorxiv|9338c4d5-712d-1014-b47b-dc1970abe2d9	llmarkers|biorxiv|9338c4d5-712d-1014-b47b-dc1970abe2d9	biorxiv:9338c4d5-712d-1014-b47b-dc1970abe2d9		NAÏVE HESC	NAIVE HESC	6	1	0.16666666666666666	0		
LLMarkers	llmarkers|biorxiv|9338c4d5-712d-1014-b47b-dc1970abe2d9	llmarkers|biorxiv|9338c4d5-712d-1014-b47b-dc1970abe2d9	biorxiv:9338c4d5-712d-1014-b47b-dc1970abe2d9		NAÏVE HPSCS	NAIVE HPSCS	7	1	0.14285714285714285	0		
LLMarkers	llmarkers|biorxiv|9338c4d5-712d-1014-b47b-dc1970abe2d9	llmarkers|biorxiv|9338c4d5-712d-1014-b47b-dc1970abe2d9	biorxiv:9338c4d5-712d-1014-b47b-dc1970abe2d9		PRIMED HPSCS	PRIMED HPSCS	3	3	1.0	0		
LLMarkers	llmarkers|biorxiv|9338c4d5-712d-1014-b47b-dc1970abe2d9	llmarkers|biorxiv|9338c4d5-712d-1014-b47b-dc1970abe2d9	biorxiv:9338c4d5-712d-1014-b47b-dc1970abe2d9		UXGL HESC	UXGL HESC	8	0	0.0	0		
LLMarkers	llmarkers|biorxiv|96c0ca44-7598-1014-bd6e-c97aae1f298a	llmarkers|biorxiv|96c0ca44-7598-1014-bd6e-c97aae1f298a	biorxiv:96c0ca44-7598-1014-bd6e-c97aae1f298a		ACTIVE NK CELL	ACTIVE NK CELL	3	1	0.3333333333333333	0		
LLMarkers	llmarkers|biorxiv|96c0ca44-7598-1014-bd6e-c97aae1f298a	llmarkers|biorxiv|96c0ca44-7598-1014-bd6e-c97aae1f298a	biorxiv:96c0ca44-7598-1014-bd6e-c97aae1f298a		ALVEOLAR MAC	ALVEOLAR MAC	5	5	1.0	0		
LLMarkers	llmarkers|biorxiv|96c0ca44-7598-1014-bd6e-c97aae1f298a	llmarkers|biorxiv|96c0ca44-7598-1014-bd6e-c97aae1f298a	biorxiv:96c0ca44-7598-1014-bd6e-c97aae1f298a		NK CELL	NK CELL	4	4	1.0	15	0.75	0.75
LLMarkers	llmarkers|biorxiv|96c0ca44-7598-1014-bd6e-c97aae1f298a	llmarkers|biorxiv|96c0ca44-7598-1014-bd6e-c97aae1f298a	biorxiv:96c0ca44-7598-1014-bd6e-c97aae1f298a		TCM	TCM	4	0	0.0	2	0.5	
LLMarkers	llmarkers|biorxiv|96c0ca44-7598-1014-bd6e-c97aae1f298a	llmarkers|biorxiv|96c0ca44-7598-1014-bd6e-c97aae1f298a	biorxiv:96c0ca44-7598-1014-bd6e-c97aae1f298a		TEX	TEX	6	4	0.6666666666666666	0		
LLMarkers	llmarkers|biorxiv|96c0ca44-7598-1014-bd6e-c97aae1f298a	llmarkers|biorxiv|96c0ca44-7598-1014-bd6e-c97aae1f298a	biorxiv:96c0ca44-7598-1014-bd6e-c97aae1f298a		TN	TN	4	0	0.0	0		
LLMarkers	llmarkers|biorxiv|96c0ca44-7598-1014-bd6e-c97aae1f298a	llmarkers|biorxiv|96c0ca44-7598-1014-bd6e-c97aae1f298a	biorxiv:96c0ca44-7598-1014-bd6e-c97aae1f298a		TREG	TREG	4	4	1.0	14	1.0	1.0
LLMarkers	llmarkers|biorxiv|96c0ca44-7598-1014-bd6e-c97aae1f298a	llmarkers|biorxiv|96c0ca44-7598-1014-bd6e-c97aae1f298a	biorxiv:96c0ca44-7598-1014-bd6e-c97aae1f298a		TRM	TRM	3	3	1.0	1	0.0	0.0
LLMarkers	llmarkers|biorxiv|971fc928-7029-1014-9faa-c9d63a921f72	llmarkers|biorxiv|971fc928-7029-1014-9faa-c9d63a921f72	biorxiv:971fc928-7029-1014-9faa-c9d63a921f72		AIS A	AIS A	12	12	1.0	0		
LLMarkers	llmarkers|biorxiv|98d19bc0-7b12-1014-9641-857e081ce400	llmarkers|biorxiv|98d19bc0-7b12-1014-9641-857e081ce400	biorxiv:98d19bc0-7b12-1014-9641-857e081ce400		CONTRACTILE SMCS	CONTRACTILE SMCS	3	3	1.0	0		
LLMarkers	llmarkers|biorxiv|98d19bc0-7b12-1014-9641-857e081ce400	llmarkers|biorxiv|98d19bc0-7b12-1014-9641-857e081ce400	biorxiv:98d19bc0-7b12-1014-9641-857e081ce400		FIBROMYOCYTE SMCS	FIBROMYOCYTE SMCS	3	3	1.0	0		
LLMarkers	llmarkers|biorxiv|98d19bc0-7b12-1014-9641-857e081ce400	llmarkers|biorxiv|98d19bc0-7b12-1014-9641-857e081ce400	biorxiv:98d19bc0-7b12-1014-9641-857e081ce400		INFLAMMATORY SMCS	INFLAMMATORY SMCS	3	3	1.0	0		
LLMarkers	llmarkers|biorxiv|98d19bc0-7b12-1014-9641-857e081ce400	llmarkers|biorxiv|98d19bc0-7b12-1014-9641-857e081ce400	biorxiv:98d19bc0-7b12-1014-9641-857e081ce400		INTERMEDIATE SMCS	INTERMEDIATE SMCS	3	3	1.0	0		
LLMarkers	llmarkers|biorxiv|98d19bc0-7b12-1014-9641-857e081ce400	llmarkers|biorxiv|98d19bc0-7b12-1014-9641-857e081ce400	biorxiv:98d19bc0-7b12-1014-9641-857e081ce400		PROLIFERATIVE M-PHASE	PROLIFERATIVE M PHASE	3	3	1.0	0		
LLMarkers	llmarkers|biorxiv|98d19bc0-7b12-1014-9641-857e081ce400	llmarkers|biorxiv|98d19bc0-7b12-1014-9641-857e081ce400	biorxiv:98d19bc0-7b12-1014-9641-857e081ce400		PROLIFERATIVE M-S-PHASE	PROLIFERATIVE M S PHASE	3	3	1.0	0		
LLMarkers	llmarkers|biorxiv|98d19bc0-7b12-1014-9641-857e081ce400	llmarkers|biorxiv|98d19bc0-7b12-1014-9641-857e081ce400	biorxiv:98d19bc0-7b12-1014-9641-857e081ce400		PROLIFERATIVE S-PHASE	PROLIFERATIVE S PHASE	3	3	1.0	0		
LLMarkers	llmarkers|biorxiv|9912495b-7074-1014-acf9-d95bb2127278	llmarkers|biorxiv|9912495b-7074-1014-acf9-d95bb2127278	biorxiv:9912495b-7074-1014-acf9-d95bb2127278		MONOCYTE	MONOCYTE	3	3	1.0	23	0.0	0.0
LLMarkers	llmarkers|biorxiv|99e5c433-6bf4-1014-a840-83babdf09f03	llmarkers|biorxiv|99e5c433-6bf4-1014-a840-83babdf09f03	biorxiv:99e5c433-6bf4-1014-a840-83babdf09f03		BYSTANDER	BYSTANDER	3	3	1.0	0		
LLMarkers	llmarkers|biorxiv|99e5c433-6bf4-1014-a840-83babdf09f03	llmarkers|biorxiv|99e5c433-6bf4-1014-a840-83babdf09f03	biorxiv:99e5c433-6bf4-1014-a840-83babdf09f03		DENV-ASSOCIATED B CELL	DENV ASSOCIATED B CELL	4	2	0.5	0		
LLMarkers	llmarkers|biorxiv|99e5c433-6bf4-1014-a840-83babdf09f03	llmarkers|biorxiv|99e5c433-6bf4-1014-a840-83babdf09f03	biorxiv:99e5c433-6bf4-1014-a840-83babdf09f03		NAIVE B CELL	NAIVE B CELL	3	1	0.3333333333333333	1	0.0	0.0
LLMarkers	llmarkers|biorxiv|9a5466f2-6c88-1014-bd5d-ff8513618027	llmarkers|biorxiv|9a5466f2-6c88-1014-bd5d-ff8513618027	biorxiv:9a5466f2-6c88-1014-bd5d-ff8513618027		ANTIBODY-SECRETING CELL	ANTIBODY SECRETING CELL	3	3	1.0	1	0.6666666666666666	0.6666666666666666
LLMarkers	llmarkers|biorxiv|9a5466f2-6c88-1014-bd5d-ff8513618027	llmarkers|biorxiv|9a5466f2-6c88-1014-bd5d-ff8513618027	biorxiv:9a5466f2-6c88-1014-bd5d-ff8513618027		CD56BRIGHT NK CELL	CD 56 BRIGHT NK CELL	11	3	0.2727272727272727	0		
LLMarkers	llmarkers|biorxiv|9a5466f2-6c88-1014-bd5d-ff8513618027	llmarkers|biorxiv|9a5466f2-6c88-1014-bd5d-ff8513618027	biorxiv:9a5466f2-6c88-1014-bd5d-ff8513618027		CD56DIM NK CELL	CD 56 DIM NK CELL	4	0	0.0	1	0.5	
LLMarkers	llmarkers|biorxiv|9a5466f2-6c88-1014-bd5d-ff8513618027	llmarkers|biorxiv|9a5466f2-6c88-1014-bd5d-ff8513618027	biorxiv:9a5466f2-6c88-1014-bd5d-ff8513618027		NK CELL	NK CELL	6	0	0.0	15	0.16666666666666666	
LLMarkers	llmarkers|biorxiv|9aa22010-6e01-1014-bc26-9535140d955f	llmarkers|biorxiv|9aa22010-6e01-1014-bc26-9535140d955f	biorxiv:9aa22010-6e01-1014-bc26-9535140d955f		INTERSTITIAL CELL	INTERSTITIAL CELL	4	4	1.0	1	0.0	0.0
LLMarkers	llmarkers|biorxiv|9aa22010-6e01-1014-bc26-9535140d955f	llmarkers|biorxiv|9aa22010-6e01-1014-bc26-9535140d955f	biorxiv:9aa22010-6e01-1014-bc26-9535140d955f		NEPHRIC CELL	NEPHRIC CELL	3	3	1.0	0		
LLMarkers	llmarkers|biorxiv|9aa22010-6e01-1014-bc26-9535140d955f	llmarkers|biorxiv|9aa22010-6e01-1014-bc26-9535140d955f	biorxiv:9aa22010-6e01-1014-bc26-9535140d955f		PRE-GRANULOSA CELL	PRE GRANULOSA CELL	3	2	0.6666666666666666	0		
LLMarkers	llmarkers|biorxiv|9aa22010-6e01-1014-bc26-9535140d955f	llmarkers|biorxiv|9aa22010-6e01-1014-bc26-9535140d955f	biorxiv:9aa22010-6e01-1014-bc26-9535140d955f		PROLIFERATING STROMAL CELL	PROLIFERATING STROMAL CELL	4	2	0.5	0		
LLMarkers	llmarkers|biorxiv|9aa22010-6e01-1014-bc26-9535140d955f	llmarkers|biorxiv|9aa22010-6e01-1014-bc26-9535140d955f	biorxiv:9aa22010-6e01-1014-bc26-9535140d955f		RETE OVARII CELL	RETE OVARII CELL	3	0	0.0	0		
LLMarkers	llmarkers|biorxiv|9aa22010-6e01-1014-bc26-9535140d955f	llmarkers|biorxiv|9aa22010-6e01-1014-bc26-9535140d955f	biorxiv:9aa22010-6e01-1014-bc26-9535140d955f		RETE OVARII EPITHELIAL CELL	RETE OVARII EPITHELIAL CELL	5	2	0.4	0		
LLMarkers	llmarkers|biorxiv|9aa22010-6e01-1014-bc26-9535140d955f	llmarkers|biorxiv|9aa22010-6e01-1014-bc26-9535140d955f	biorxiv:9aa22010-6e01-1014-bc26-9535140d955f		RETE TESTIS	RETE TESTIS	3	0	0.0	0		
LLMarkers	llmarkers|biorxiv|9aa22010-6e01-1014-bc26-9535140d955f	llmarkers|biorxiv|9aa22010-6e01-1014-bc26-9535140d955f	biorxiv:9aa22010-6e01-1014-bc26-9535140d955f		RETE TESTIS EPITHELIAL CELL	RETE TESTIS EPITHELIAL CELL	8	2	0.25	0		
LLMarkers	llmarkers|biorxiv|9aa22010-6e01-1014-bc26-9535140d955f	llmarkers|biorxiv|9aa22010-6e01-1014-bc26-9535140d955f	biorxiv:9aa22010-6e01-1014-bc26-9535140d955f		SERTOLI CELL	SERTOLI CELL	11	7	0.6363636363636364	0		
LLMarkers	llmarkers|biorxiv|9aa22010-6e01-1014-bc26-9535140d955f	llmarkers|biorxiv|9aa22010-6e01-1014-bc26-9535140d955f	biorxiv:9aa22010-6e01-1014-bc26-9535140d955f		SERTOLI INTERSTITIAL PRECURSOR CELL	SERTOLI INTERSTITIAL PRECURSOR CELL	3	0	0.0	0		
LLMarkers	llmarkers|biorxiv|9aa22010-6e01-1014-bc26-9535140d955f	llmarkers|biorxiv|9aa22010-6e01-1014-bc26-9535140d955f	biorxiv:9aa22010-6e01-1014-bc26-9535140d955f		STROMAL CELL	STROMAL CELL	4	0	0.0	2	0.0	
LLMarkers	llmarkers|biorxiv|9aa22010-6e01-1014-bc26-9535140d955f	llmarkers|biorxiv|9aa22010-6e01-1014-bc26-9535140d955f	biorxiv:9aa22010-6e01-1014-bc26-9535140d955f		STROMAL PRECURSOR CELL	STROMAL PRECURSOR CELL	3	0	0.0	0		
LLMarkers	llmarkers|biorxiv|9aa22010-6e01-1014-bc26-9535140d955f	llmarkers|biorxiv|9aa22010-6e01-1014-bc26-9535140d955f	biorxiv:9aa22010-6e01-1014-bc26-9535140d955f		SURFACE EPITHELIAL CELL	SURFACE EPITHELIAL CELL	4	3	0.75	0		
LLMarkers	llmarkers|biorxiv|9b741001-784a-1014-b0c0-93f88f9233f4	llmarkers|biorxiv|9b741001-784a-1014-b0c0-93f88f9233f4	biorxiv:9b741001-784a-1014-b0c0-93f88f9233f4		CTC	CTC	8	8	1.0	0		
LLMarkers	llmarkers|biorxiv|9b741001-784a-1014-b0c0-93f88f9233f4	llmarkers|biorxiv|9b741001-784a-1014-b0c0-93f88f9233f4	biorxiv:9b741001-784a-1014-b0c0-93f88f9233f4		MESENCHYMAL	MESENCHYMAL	3	3	1.0	6	0.6666666666666666	0.6666666666666666
LLMarkers	llmarkers|biorxiv|9b741001-784a-1014-b0c0-93f88f9233f4	llmarkers|biorxiv|9b741001-784a-1014-b0c0-93f88f9233f4	biorxiv:9b741001-784a-1014-b0c0-93f88f9233f4		NEUROENDOCRINE	NEUROENDOCRINE	3	3	1.0	2	0.0	0.0
LLMarkers	llmarkers|biorxiv|9bdb3107-6c43-1014-b168-b2ab3b1b366a	llmarkers|biorxiv|9bdb3107-6c43-1014-b168-b2ab3b1b366a	biorxiv:9bdb3107-6c43-1014-b168-b2ab3b1b366a		BETA CELL	BETA CELL	3	3	1.0	9	0.3333333333333333	0.3333333333333333
LLMarkers	llmarkers|biorxiv|9c7f8281-6c21-1014-a6df-b6c543b29cb8	llmarkers|biorxiv|9c7f8281-6c21-1014-a6df-b6c543b29cb8	biorxiv:9c7f8281-6c21-1014-a6df-b6c543b29cb8		ASC	ASC	6	6	1.0	1	0.0	0.0
LLMarkers	llmarkers|biorxiv|9c7f8281-6c21-1014-a6df-b6c543b29cb8	llmarkers|biorxiv|9c7f8281-6c21-1014-a6df-b6c543b29cb8	biorxiv:9c7f8281-6c21-1014-a6df-b6c543b29cb8		B CELL	B CELL	4	3	0.75	29	0.5	0.3333333333333333
LLMarkers	llmarkers|biorxiv|9c7f8281-6c21-1014-a6df-b6c543b29cb8	llmarkers|biorxiv|9c7f8281-6c21-1014-a6df-b6c543b29cb8	biorxiv:9c7f8281-6c21-1014-a6df-b6c543b29cb8		GC B CELL	GC B CELL	4	3	0.75	3	0.25	0.3333333333333333
LLMarkers	llmarkers|biorxiv|9ca649fd-6cf8-1014-8427-cac0001a663e	llmarkers|biorxiv|9ca649fd-6cf8-1014-8427-cac0001a663e	biorxiv:9ca649fd-6cf8-1014-8427-cac0001a663e		MEMORY CD4+ T CELL	MEMORY CD 4 T CELL	3	3	1.0	0		
LLMarkers	llmarkers|biorxiv|9d923a25-6c34-1014-a848-e326c14e92ee	llmarkers|biorxiv|9d923a25-6c34-1014-a848-e326c14e92ee	biorxiv:9d923a25-6c34-1014-a848-e326c14e92ee		ALDH+	ALDH	13	5	0.38461538461538464	0		
LLMarkers	llmarkers|biorxiv|9d923a25-6c34-1014-a848-e326c14e92ee	llmarkers|biorxiv|9d923a25-6c34-1014-a848-e326c14e92ee	biorxiv:9d923a25-6c34-1014-a848-e326c14e92ee		ALDH+CD44+CD24−	ALDH CD 44 CD 24	14	8	0.5714285714285714	0		
LLMarkers	llmarkers|biorxiv|9d923a25-6c34-1014-a848-e326c14e92ee	llmarkers|biorxiv|9d923a25-6c34-1014-a848-e326c14e92ee	biorxiv:9d923a25-6c34-1014-a848-e326c14e92ee		ALDH1A1+	ALDH 1 A 1	10	4	0.4	0		
LLMarkers	llmarkers|biorxiv|9d923a25-6c34-1014-a848-e326c14e92ee	llmarkers|biorxiv|9d923a25-6c34-1014-a848-e326c14e92ee	biorxiv:9d923a25-6c34-1014-a848-e326c14e92ee		CD44+	CD 44	19	16	0.8421052631578947	0		
LLMarkers	llmarkers|biorxiv|9d923a25-6c34-1014-a848-e326c14e92ee	llmarkers|biorxiv|9d923a25-6c34-1014-a848-e326c14e92ee	biorxiv:9d923a25-6c34-1014-a848-e326c14e92ee		CLUSTER 2	CLUSTER 2	13	7	0.5384615384615384	18	0.07692307692307693	0.0
LLMarkers	llmarkers|biorxiv|9d923a25-6c34-1014-a848-e326c14e92ee	llmarkers|biorxiv|9d923a25-6c34-1014-a848-e326c14e92ee	biorxiv:9d923a25-6c34-1014-a848-e326c14e92ee		CLUSTER 3	CLUSTER 3	8	1	0.125	11	0.125	0.0
LLMarkers	llmarkers|biorxiv|9d923a25-6c34-1014-a848-e326c14e92ee	llmarkers|biorxiv|9d923a25-6c34-1014-a848-e326c14e92ee	biorxiv:9d923a25-6c34-1014-a848-e326c14e92ee		CLUSTER 4	CLUSTER 4	5	2	0.4	10	0.0	0.0
LLMarkers	llmarkers|biorxiv|9e5c18fc-76e5-1014-9f81-96148d260e0f	llmarkers|biorxiv|9e5c18fc-76e5-1014-9f81-96148d260e0f	biorxiv:9e5c18fc-76e5-1014-9f81-96148d260e0f		CLUSTER 2	CLUSTER 2	4	0	0.0	18	0.5	
LLMarkers	llmarkers|biorxiv|9e5c18fc-76e5-1014-9f81-96148d260e0f	llmarkers|biorxiv|9e5c18fc-76e5-1014-9f81-96148d260e0f	biorxiv:9e5c18fc-76e5-1014-9f81-96148d260e0f		CLUSTER 3	CLUSTER 3	3	0	0.0	11	0.3333333333333333	
LLMarkers	llmarkers|biorxiv|9e5c18fc-76e5-1014-9f81-96148d260e0f	llmarkers|biorxiv|9e5c18fc-76e5-1014-9f81-96148d260e0f	biorxiv:9e5c18fc-76e5-1014-9f81-96148d260e0f		CLUSTER 5	CLUSTER 5	6	1	0.16666666666666666	8	0.0	0.0
LLMarkers	llmarkers|biorxiv|9e5c18fc-76e5-1014-9f81-96148d260e0f	llmarkers|biorxiv|9e5c18fc-76e5-1014-9f81-96148d260e0f	biorxiv:9e5c18fc-76e5-1014-9f81-96148d260e0f		REGULATORY T CELL	REGULATORY T CELL	3	3	1.0	0		
LLMarkers	llmarkers|biorxiv|9ea3f9c1-6d62-1014-8a0f-e0eee23ad569	llmarkers|biorxiv|9ea3f9c1-6d62-1014-8a0f-e0eee23ad569	biorxiv:9ea3f9c1-6d62-1014-8a0f-e0eee23ad569		CLUSTER 1	CLUSTER 1	3	3	1.0	13	0.0	0.0
LLMarkers	llmarkers|biorxiv|9ea3f9c1-6d62-1014-8a0f-e0eee23ad569	llmarkers|biorxiv|9ea3f9c1-6d62-1014-8a0f-e0eee23ad569	biorxiv:9ea3f9c1-6d62-1014-8a0f-e0eee23ad569		CLUSTER 2	CLUSTER 2	8	8	1.0	18	0.125	0.125
LLMarkers	llmarkers|biorxiv|9f961596-7f11-1014-8c2f-a898bdc06a6d	llmarkers|biorxiv|9f961596-7f11-1014-8c2f-a898bdc06a6d	biorxiv:9f961596-7f11-1014-8c2f-a898bdc06a6d		CAUDAL CELLS	CAUDAL CELLS	3	0	0.0	0		
LLMarkers	llmarkers|biorxiv|9f961596-7f11-1014-8c2f-a898bdc06a6d	llmarkers|biorxiv|9f961596-7f11-1014-8c2f-a898bdc06a6d	biorxiv:9f961596-7f11-1014-8c2f-a898bdc06a6d		CAUDAL MHB	CAUDAL MHB	3	2	0.6666666666666666	0		
LLMarkers	llmarkers|biorxiv|9f961596-7f11-1014-8c2f-a898bdc06a6d	llmarkers|biorxiv|9f961596-7f11-1014-8c2f-a898bdc06a6d	biorxiv:9f961596-7f11-1014-8c2f-a898bdc06a6d		CAUDAL PRESUMPTIVE NEURECTODERM	CAUDAL PRESUMPTIVE NEURECTODERM	3	0	0.0	0		
LLMarkers	llmarkers|biorxiv|9f961596-7f11-1014-8c2f-a898bdc06a6d	llmarkers|biorxiv|9f961596-7f11-1014-8c2f-a898bdc06a6d	biorxiv:9f961596-7f11-1014-8c2f-a898bdc06a6d		FLOOR PLATE CLUSTERS	FLOOR PLATE CLUSTERS	4	4	1.0	0		
LLMarkers	llmarkers|biorxiv|9f961596-7f11-1014-8c2f-a898bdc06a6d	llmarkers|biorxiv|9f961596-7f11-1014-8c2f-a898bdc06a6d	biorxiv:9f961596-7f11-1014-8c2f-a898bdc06a6d		FOREBRAIN / MIDBRAIN NEURECTODERM	FOREBRAIN MIDBRAIN NEURECTODERM	3	1	0.3333333333333333	0		
LLMarkers	llmarkers|biorxiv|9f961596-7f11-1014-8c2f-a898bdc06a6d	llmarkers|biorxiv|9f961596-7f11-1014-8c2f-a898bdc06a6d	biorxiv:9f961596-7f11-1014-8c2f-a898bdc06a6d		FOREBRAIN CLUSTER	FOREBRAIN CLUSTER	5	5	1.0	0		
LLMarkers	llmarkers|biorxiv|9f961596-7f11-1014-8c2f-a898bdc06a6d	llmarkers|biorxiv|9f961596-7f11-1014-8c2f-a898bdc06a6d	biorxiv:9f961596-7f11-1014-8c2f-a898bdc06a6d		GBX2+ POPULATION	GBX 2 POPULATION	3	1	0.3333333333333333	0		
LLMarkers	llmarkers|biorxiv|9f961596-7f11-1014-8c2f-a898bdc06a6d	llmarkers|biorxiv|9f961596-7f11-1014-8c2f-a898bdc06a6d	biorxiv:9f961596-7f11-1014-8c2f-a898bdc06a6d		HINDBRAIN NEURECTODERM	HINDBRAIN NEURECTODERM	3	1	0.3333333333333333	0		
LLMarkers	llmarkers|biorxiv|9f961596-7f11-1014-8c2f-a898bdc06a6d	llmarkers|biorxiv|9f961596-7f11-1014-8c2f-a898bdc06a6d	biorxiv:9f961596-7f11-1014-8c2f-a898bdc06a6d		OTX2+ POPULATION	OTX 2 POPULATION	3	0	0.0	0		
LLMarkers	llmarkers|biorxiv|9f961596-7f11-1014-8c2f-a898bdc06a6d	llmarkers|biorxiv|9f961596-7f11-1014-8c2f-a898bdc06a6d	biorxiv:9f961596-7f11-1014-8c2f-a898bdc06a6d		POSTMITOTIC NEURONAL PHASE	POSTMITOTIC NEURONAL PHASE	4	4	1.0	0		
LLMarkers	llmarkers|biorxiv|9f961596-7f11-1014-8c2f-a898bdc06a6d	llmarkers|biorxiv|9f961596-7f11-1014-8c2f-a898bdc06a6d	biorxiv:9f961596-7f11-1014-8c2f-a898bdc06a6d		PRE-NEURALISATION EPIBLAST PHASE	PRE NEURALISATION EPIBLAST PHASE	4	1	0.25	0		
LLMarkers	llmarkers|biorxiv|9f961596-7f11-1014-8c2f-a898bdc06a6d	llmarkers|biorxiv|9f961596-7f11-1014-8c2f-a898bdc06a6d	biorxiv:9f961596-7f11-1014-8c2f-a898bdc06a6d		REGIONAL NEURAL PROGENITOR PHASE	REGIONAL NEURAL PROGENITOR PHASE	6	1	0.16666666666666666	0		
LLMarkers	llmarkers|biorxiv|9f961596-7f11-1014-8c2f-a898bdc06a6d	llmarkers|biorxiv|9f961596-7f11-1014-8c2f-a898bdc06a6d	biorxiv:9f961596-7f11-1014-8c2f-a898bdc06a6d		ROSTRAL CELLS	ROSTRAL CELLS	3	0	0.0	0		
LLMarkers	llmarkers|biorxiv|9f961596-7f11-1014-8c2f-a898bdc06a6d	llmarkers|biorxiv|9f961596-7f11-1014-8c2f-a898bdc06a6d	biorxiv:9f961596-7f11-1014-8c2f-a898bdc06a6d		ROSTRAL PRESUMPTIVE NEUROECTODERM	ROSTRAL PRESUMPTIVE NEUROECTODERM	5	2	0.4	0		
LLMarkers	llmarkers|biorxiv|9f9eded3-6d6e-1014-996d-af8f6f192d54	llmarkers|biorxiv|9f9eded3-6d6e-1014-996d-af8f6f192d54	biorxiv:9f9eded3-6d6e-1014-996d-af8f6f192d54		ACTIVATED B CELL	ACTIVATED B CELL	10	4	0.4	1	0.6	0.75
LLMarkers	llmarkers|biorxiv|9f9eded3-6d6e-1014-996d-af8f6f192d54	llmarkers|biorxiv|9f9eded3-6d6e-1014-996d-af8f6f192d54	biorxiv:9f9eded3-6d6e-1014-996d-af8f6f192d54		ACTIVATED CD4+ T CELL	ACTIVATED CD 4 T CELL	4	1	0.25	0		
LLMarkers	llmarkers|biorxiv|9f9eded3-6d6e-1014-996d-af8f6f192d54	llmarkers|biorxiv|9f9eded3-6d6e-1014-996d-af8f6f192d54	biorxiv:9f9eded3-6d6e-1014-996d-af8f6f192d54		ACTIVATED CELL	ACTIVATED CELL	5	1	0.2	0		
LLMarkers	llmarkers|biorxiv|9f9eded3-6d6e-1014-996d-af8f6f192d54	llmarkers|biorxiv|9f9eded3-6d6e-1014-996d-af8f6f192d54	biorxiv:9f9eded3-6d6e-1014-996d-af8f6f192d54		ACTIVATED MEMORY CELL	ACTIVATED MEMORY CELL	5	1	0.2	0		
LLMarkers	llmarkers|biorxiv|9f9eded3-6d6e-1014-996d-af8f6f192d54	llmarkers|biorxiv|9f9eded3-6d6e-1014-996d-af8f6f192d54	biorxiv:9f9eded3-6d6e-1014-996d-af8f6f192d54		ACTIVATED NK CELL	ACTIVATED NK CELL	4	3	0.75	1	0.0	0.0
LLMarkers	llmarkers|biorxiv|9f9eded3-6d6e-1014-996d-af8f6f192d54	llmarkers|biorxiv|9f9eded3-6d6e-1014-996d-af8f6f192d54	biorxiv:9f9eded3-6d6e-1014-996d-af8f6f192d54		ACTIVATED T CELL	ACTIVATED T CELL	7	0	0.0	1	0.7142857142857143	
LLMarkers	llmarkers|biorxiv|9f9eded3-6d6e-1014-996d-af8f6f192d54	llmarkers|biorxiv|9f9eded3-6d6e-1014-996d-af8f6f192d54	biorxiv:9f9eded3-6d6e-1014-996d-af8f6f192d54		AGE-ASSOCIATED B CELL	AGE ASSOCIATED B CELL	3	0	0.0	0		
LLMarkers	llmarkers|biorxiv|9f9eded3-6d6e-1014-996d-af8f6f192d54	llmarkers|biorxiv|9f9eded3-6d6e-1014-996d-af8f6f192d54	biorxiv:9f9eded3-6d6e-1014-996d-af8f6f192d54		CD4+ T CELL	CD 4 T CELL	5	3	0.6	16	0.2	0.3333333333333333
LLMarkers	llmarkers|biorxiv|9f9eded3-6d6e-1014-996d-af8f6f192d54	llmarkers|biorxiv|9f9eded3-6d6e-1014-996d-af8f6f192d54	biorxiv:9f9eded3-6d6e-1014-996d-af8f6f192d54		CLUSTER 3 CELL	CLUSTER 3 CELL	3	1	0.3333333333333333	0		
LLMarkers	llmarkers|biorxiv|9f9eded3-6d6e-1014-996d-af8f6f192d54	llmarkers|biorxiv|9f9eded3-6d6e-1014-996d-af8f6f192d54	biorxiv:9f9eded3-6d6e-1014-996d-af8f6f192d54		DN2 CELL	DN 2 CELL	5	2	0.4	1	0.8	1.0
LLMarkers	llmarkers|biorxiv|9f9eded3-6d6e-1014-996d-af8f6f192d54	llmarkers|biorxiv|9f9eded3-6d6e-1014-996d-af8f6f192d54	biorxiv:9f9eded3-6d6e-1014-996d-af8f6f192d54		LPS2	LPS 2	5	3	0.6	1	0.6	1.0
LLMarkers	llmarkers|biorxiv|9f9eded3-6d6e-1014-996d-af8f6f192d54	llmarkers|biorxiv|9f9eded3-6d6e-1014-996d-af8f6f192d54	biorxiv:9f9eded3-6d6e-1014-996d-af8f6f192d54		LPS3	LPS 3	12	9	0.75	1	0.3333333333333333	0.4444444444444444
LLMarkers	llmarkers|biorxiv|9f9eded3-6d6e-1014-996d-af8f6f192d54	llmarkers|biorxiv|9f9eded3-6d6e-1014-996d-af8f6f192d54	biorxiv:9f9eded3-6d6e-1014-996d-af8f6f192d54		MAIT CELL	MAIT CELL	3	1	0.3333333333333333	1	0.3333333333333333	0.0
LLMarkers	llmarkers|biorxiv|9f9eded3-6d6e-1014-996d-af8f6f192d54	llmarkers|biorxiv|9f9eded3-6d6e-1014-996d-af8f6f192d54	biorxiv:9f9eded3-6d6e-1014-996d-af8f6f192d54		MEMORY CELL	MEMORY CELL	5	2	0.4	0		
LLMarkers	llmarkers|biorxiv|9f9eded3-6d6e-1014-996d-af8f6f192d54	llmarkers|biorxiv|9f9eded3-6d6e-1014-996d-af8f6f192d54	biorxiv:9f9eded3-6d6e-1014-996d-af8f6f192d54		MONOCYTE	MONOCYTE	6	3	0.5	23	0.6666666666666666	0.3333333333333333
LLMarkers	llmarkers|biorxiv|9f9eded3-6d6e-1014-996d-af8f6f192d54	llmarkers|biorxiv|9f9eded3-6d6e-1014-996d-af8f6f192d54	biorxiv:9f9eded3-6d6e-1014-996d-af8f6f192d54		NK CELL	NK CELL	7	4	0.5714285714285714	15	0.7142857142857143	0.75
LLMarkers	llmarkers|biorxiv|9f9eded3-6d6e-1014-996d-af8f6f192d54	llmarkers|biorxiv|9f9eded3-6d6e-1014-996d-af8f6f192d54	biorxiv:9f9eded3-6d6e-1014-996d-af8f6f192d54		NK CELLS IN CLUSTER 4	NK CELLS IN CLUSTER 4	5	1	0.2	0		
LLMarkers	llmarkers|biorxiv|9f9eded3-6d6e-1014-996d-af8f6f192d54	llmarkers|biorxiv|9f9eded3-6d6e-1014-996d-af8f6f192d54	biorxiv:9f9eded3-6d6e-1014-996d-af8f6f192d54		OTHER MEMORY CELL	OTHER MEMORY CELL	3	0	0.0	1	1.0	
LLMarkers	llmarkers|biorxiv|a0900ed8-7609-1014-846c-dd411913591f	llmarkers|biorxiv|a0900ed8-7609-1014-846c-dd411913591f	biorxiv:a0900ed8-7609-1014-846c-dd411913591f		CD34+ CLUSTER	CD 34 CLUSTER	9	7	0.7777777777777778	0		
LLMarkers	llmarkers|biorxiv|a0900ed8-7609-1014-846c-dd411913591f	llmarkers|biorxiv|a0900ed8-7609-1014-846c-dd411913591f	biorxiv:a0900ed8-7609-1014-846c-dd411913591f		CD34+ VASCULAR ENDOTHELIAL CELL	CD 34 VASCULAR ENDOTHELIAL CELL	4	2	0.5	0		
LLMarkers	llmarkers|biorxiv|a0900ed8-7609-1014-846c-dd411913591f	llmarkers|biorxiv|a0900ed8-7609-1014-846c-dd411913591f	biorxiv:a0900ed8-7609-1014-846c-dd411913591f		CD34- LYMPHATIC ENDOTHELIAL CELL	CD 34 LYMPHATIC ENDOTHELIAL CELL	3	0	0.0	0		
LLMarkers	llmarkers|biorxiv|a0900ed8-7609-1014-846c-dd411913591f	llmarkers|biorxiv|a0900ed8-7609-1014-846c-dd411913591f	biorxiv:a0900ed8-7609-1014-846c-dd411913591f		CD34-CLUSTER	CD 34 CLUSTER	6	4	0.6666666666666666	0		
LLMarkers	llmarkers|biorxiv|a0900ed8-7609-1014-846c-dd411913591f	llmarkers|biorxiv|a0900ed8-7609-1014-846c-dd411913591f	biorxiv:a0900ed8-7609-1014-846c-dd411913591f		KSHV-POSITIVE CELL	KSHV POSITIVE CELL	4	3	0.75	0		
LLMarkers	llmarkers|biorxiv|a0900ed8-7609-1014-846c-dd411913591f	llmarkers|biorxiv|a0900ed8-7609-1014-846c-dd411913591f	biorxiv:a0900ed8-7609-1014-846c-dd411913591f		T CELL	T CELL	3	3	1.0	37	1.0	1.0
LLMarkers	llmarkers|biorxiv|a4dfbfd9-7f07-1014-9596-9cebe6ee6cbb	llmarkers|biorxiv|a4dfbfd9-7f07-1014-9596-9cebe6ee6cbb	biorxiv:a4dfbfd9-7f07-1014-9596-9cebe6ee6cbb		TH17 CELL	TH 17 CELL	5	5	1.0	0		
LLMarkers	llmarkers|biorxiv|a54482c5-73e0-1014-b3b0-b8dec8f62e56	llmarkers|biorxiv|a54482c5-73e0-1014-b3b0-b8dec8f62e56	biorxiv:a54482c5-73e0-1014-b3b0-b8dec8f62e56		FIBROBLAST CELL CLUSTER	FIBROBLAST CELL CLUSTER	3	3	1.0	0		
LLMarkers	llmarkers|biorxiv|a63583e3-6c7b-1014-a201-b82bec671474	llmarkers|biorxiv|a63583e3-6c7b-1014-a201-b82bec671474	biorxiv:a63583e3-6c7b-1014-a201-b82bec671474		ADRENAL CORTEX	ADRENAL CORTEX	13	9	0.6923076923076923	0		
LLMarkers	llmarkers|biorxiv|a63583e3-6c7b-1014-a201-b82bec671474	llmarkers|biorxiv|a63583e3-6c7b-1014-a201-b82bec671474	biorxiv:a63583e3-6c7b-1014-a201-b82bec671474		DZ	DZ	4	1	0.25	1	0.0	0.0
LLMarkers	llmarkers|biorxiv|a63583e3-6c7b-1014-a201-b82bec671474	llmarkers|biorxiv|a63583e3-6c7b-1014-a201-b82bec671474	biorxiv:a63583e3-6c7b-1014-a201-b82bec671474		FETAL ZONE	FETAL ZONE	3	3	1.0	0		
LLMarkers	llmarkers|biorxiv|a63583e3-6c7b-1014-a201-b82bec671474	llmarkers|biorxiv|a63583e3-6c7b-1014-a201-b82bec671474	biorxiv:a63583e3-6c7b-1014-a201-b82bec671474		FZ	FZ	8	4	0.5	0		
LLMarkers	llmarkers|biorxiv|a63583e3-6c7b-1014-a201-b82bec671474	llmarkers|biorxiv|a63583e3-6c7b-1014-a201-b82bec671474	biorxiv:a63583e3-6c7b-1014-a201-b82bec671474		MESENCHYME	MESENCHYME	3	2	0.6666666666666666	0		
LLMarkers	llmarkers|biorxiv|a63583e3-6c7b-1014-a201-b82bec671474	llmarkers|biorxiv|a63583e3-6c7b-1014-a201-b82bec671474	biorxiv:a63583e3-6c7b-1014-a201-b82bec671474		ZONA GLOMERULOSA-LIKE CLUSTER	ZONA GLOMERULOSA LIKE CLUSTER	5	2	0.4	0		
LLMarkers	llmarkers|biorxiv|a6f25093-6d09-1014-a4b3-a2ea051baaac	llmarkers|biorxiv|a6f25093-6d09-1014-a4b3-a2ea051baaac	biorxiv:a6f25093-6d09-1014-a4b3-a2ea051baaac		HIGH-SHIFT	HIGH SHIFT	6	6	1.0	0		
LLMarkers	llmarkers|biorxiv|a6ffed23-717d-1014-ae02-d2e67f78dddd	llmarkers|biorxiv|a6ffed23-717d-1014-ae02-d2e67f78dddd	biorxiv:a6ffed23-717d-1014-ae02-d2e67f78dddd		MAST CELL	MAST CELL	3	3	1.0	14	1.0	1.0
LLMarkers	llmarkers|biorxiv|a6ffed23-717d-1014-ae02-d2e67f78dddd	llmarkers|biorxiv|a6ffed23-717d-1014-ae02-d2e67f78dddd	biorxiv:a6ffed23-717d-1014-ae02-d2e67f78dddd		MYELOID CELL	MYELOID CELL	3	3	1.0	9	0.3333333333333333	0.3333333333333333
LLMarkers	llmarkers|biorxiv|a6ffed23-717d-1014-ae02-d2e67f78dddd	llmarkers|biorxiv|a6ffed23-717d-1014-ae02-d2e67f78dddd	biorxiv:a6ffed23-717d-1014-ae02-d2e67f78dddd		T CELL	T CELL	3	3	1.0	37	1.0	1.0
LLMarkers	llmarkers|biorxiv|a83150af-6e3c-1014-8107-a71f7784ca4d	llmarkers|biorxiv|a83150af-6e3c-1014-8107-a71f7784ca4d	biorxiv:a83150af-6e3c-1014-8107-a71f7784ca4d		RPE	RPE	3	3	1.0	2	0.3333333333333333	0.3333333333333333
LLMarkers	llmarkers|biorxiv|a96dba70-6cf7-1014-a294-bf2ca6d364a0	llmarkers|biorxiv|a96dba70-6cf7-1014-a294-bf2ca6d364a0	biorxiv:a96dba70-6cf7-1014-a294-bf2ca6d364a0		CLUSTER 2	CLUSTER 2	9	8	0.8888888888888888	18	0.1111111111111111	0.125
LLMarkers	llmarkers|biorxiv|a96dba70-6cf7-1014-a294-bf2ca6d364a0	llmarkers|biorxiv|a96dba70-6cf7-1014-a294-bf2ca6d364a0	biorxiv:a96dba70-6cf7-1014-a294-bf2ca6d364a0		CLUSTER 3	CLUSTER 3	16	15	0.9375	11	0.0625	0.06666666666666667
LLMarkers	llmarkers|biorxiv|a96dba70-6cf7-1014-a294-bf2ca6d364a0	llmarkers|biorxiv|a96dba70-6cf7-1014-a294-bf2ca6d364a0	biorxiv:a96dba70-6cf7-1014-a294-bf2ca6d364a0		CLUSTER 4	CLUSTER 4	8	8	1.0	10	0.0	0.0
LLMarkers	llmarkers|biorxiv|a9b298c9-7797-1014-9b95-8bbbe23c746a	llmarkers|biorxiv|a9b298c9-7797-1014-9b95-8bbbe23c746a	biorxiv:a9b298c9-7797-1014-9b95-8bbbe23c746a		ACTIVATED NK CELL	ACTIVATED NK CELL	4	4	1.0	1	0.0	0.0
LLMarkers	llmarkers|biorxiv|a9b298c9-7797-1014-9b95-8bbbe23c746a	llmarkers|biorxiv|a9b298c9-7797-1014-9b95-8bbbe23c746a	biorxiv:a9b298c9-7797-1014-9b95-8bbbe23c746a		RESTING NK CELL	RESTING NK CELL	3	3	1.0	0		
LLMarkers	llmarkers|biorxiv|ab05f819-6c04-1014-81aa-9646e853264a	llmarkers|biorxiv|ab05f819-6c04-1014-81aa-9646e853264a	biorxiv:ab05f819-6c04-1014-81aa-9646e853264a		B CELL	B CELL	5	1	0.2	29	0.6	1.0
LLMarkers	llmarkers|biorxiv|ab05f819-6c04-1014-81aa-9646e853264a	llmarkers|biorxiv|ab05f819-6c04-1014-81aa-9646e853264a	biorxiv:ab05f819-6c04-1014-81aa-9646e853264a		CLUSTERS 14-16	CLUSTERS 14 16	3	1	0.3333333333333333	0		
LLMarkers	llmarkers|biorxiv|ab05f819-6c04-1014-81aa-9646e853264a	llmarkers|biorxiv|ab05f819-6c04-1014-81aa-9646e853264a	biorxiv:ab05f819-6c04-1014-81aa-9646e853264a		CLUSTERS 2-4	CLUSTERS 2 4	4	3	0.75	0		
LLMarkers	llmarkers|biorxiv|ab05f819-6c04-1014-81aa-9646e853264a	llmarkers|biorxiv|ab05f819-6c04-1014-81aa-9646e853264a	biorxiv:ab05f819-6c04-1014-81aa-9646e853264a		EXHAUSTED T CELL	EXHAUSTED T CELL	5	5	1.0	0		
LLMarkers	llmarkers|biorxiv|ab05f819-6c04-1014-81aa-9646e853264a	llmarkers|biorxiv|ab05f819-6c04-1014-81aa-9646e853264a	biorxiv:ab05f819-6c04-1014-81aa-9646e853264a		MDC	MDC	3	1	0.3333333333333333	0		
LLMarkers	llmarkers|biorxiv|ab05f819-6c04-1014-81aa-9646e853264a	llmarkers|biorxiv|ab05f819-6c04-1014-81aa-9646e853264a	biorxiv:ab05f819-6c04-1014-81aa-9646e853264a		MDCS AND TISSUE MACROPHAGE	MDCS AND TISSUE MACROPHAGE	3	2	0.6666666666666666	0		
LLMarkers	llmarkers|biorxiv|ab05f819-6c04-1014-81aa-9646e853264a	llmarkers|biorxiv|ab05f819-6c04-1014-81aa-9646e853264a	biorxiv:ab05f819-6c04-1014-81aa-9646e853264a		MONOCYTE	MONOCYTE	3	2	0.6666666666666666	23	0.3333333333333333	0.5
LLMarkers	llmarkers|biorxiv|ab05f819-6c04-1014-81aa-9646e853264a	llmarkers|biorxiv|ab05f819-6c04-1014-81aa-9646e853264a	biorxiv:ab05f819-6c04-1014-81aa-9646e853264a		T CELL	T CELL	6	3	0.5	37	1.0	1.0
LLMarkers	llmarkers|biorxiv|ab05f819-6c04-1014-81aa-9646e853264a	llmarkers|biorxiv|ab05f819-6c04-1014-81aa-9646e853264a	biorxiv:ab05f819-6c04-1014-81aa-9646e853264a		T CELL CLUSTER	T CELL CLUSTER	3	0	0.0	0		
LLMarkers	llmarkers|biorxiv|ab05f819-6c04-1014-81aa-9646e853264a	llmarkers|biorxiv|ab05f819-6c04-1014-81aa-9646e853264a	biorxiv:ab05f819-6c04-1014-81aa-9646e853264a		T FOLLICULAR HELPER (TFH) CELL	T FOLLICULAR HELPER TFH CELL	3	3	1.0	0		
LLMarkers	llmarkers|biorxiv|ab2a1489-7001-1014-b2bf-f5e47d205c33	llmarkers|biorxiv|ab2a1489-7001-1014-b2bf-f5e47d205c33	biorxiv:ab2a1489-7001-1014-b2bf-f5e47d205c33		CANCER-ASSOCIATED FIBROBLAST	CANCER ASSOCIATED FIBROBLAST	5	5	1.0	3	0.0	0.0
LLMarkers	llmarkers|biorxiv|ab2a1489-7001-1014-b2bf-f5e47d205c33	llmarkers|biorxiv|ab2a1489-7001-1014-b2bf-f5e47d205c33	biorxiv:ab2a1489-7001-1014-b2bf-f5e47d205c33		DERMAL PAPILLA	DERMAL PAPILLA	4	4	1.0	0		
LLMarkers	llmarkers|biorxiv|acd52af7-6c95-1014-8d0b-873ff14c4a57	llmarkers|biorxiv|acd52af7-6c95-1014-8d0b-873ff14c4a57	biorxiv:acd52af7-6c95-1014-8d0b-873ff14c4a57		MOL	MOL	12	12	1.0	0		
LLMarkers	llmarkers|biorxiv|acd52af7-6c95-1014-8d0b-873ff14c4a57	llmarkers|biorxiv|acd52af7-6c95-1014-8d0b-873ff14c4a57	biorxiv:acd52af7-6c95-1014-8d0b-873ff14c4a57		NFO	NFO	5	5	1.0	0		
LLMarkers	llmarkers|biorxiv|acd52af7-6c95-1014-8d0b-873ff14c4a57	llmarkers|biorxiv|acd52af7-6c95-1014-8d0b-873ff14c4a57	biorxiv:acd52af7-6c95-1014-8d0b-873ff14c4a57		OPC	OPC	5	5	1.0	4	0.6	0.6
LLMarkers	llmarkers|biorxiv|ae5f009e-6d7a-1014-8ed6-cd1c0d2e0ada	llmarkers|biorxiv|ae5f009e-6d7a-1014-8ed6-cd1c0d2e0ada	biorxiv:ae5f009e-6d7a-1014-8ed6-cd1c0d2e0ada		CD4+ T CELL	CD 4 T CELL	28	3	0.10714285714285714	16	0.5357142857142857	0.0
LLMarkers	llmarkers|biorxiv|ae5f009e-6d7a-1014-8ed6-cd1c0d2e0ada	llmarkers|biorxiv|ae5f009e-6d7a-1014-8ed6-cd1c0d2e0ada	biorxiv:ae5f009e-6d7a-1014-8ed6-cd1c0d2e0ada		CD8+ T CELL	CD 8 T CELL	25	3	0.12	14	0.44	0.0
LLMarkers	llmarkers|biorxiv|ae5f009e-6d7a-1014-8ed6-cd1c0d2e0ada	llmarkers|biorxiv|ae5f009e-6d7a-1014-8ed6-cd1c0d2e0ada	biorxiv:ae5f009e-6d7a-1014-8ed6-cd1c0d2e0ada		CSF-UNEXPANDED T CELL	CSF UNEXPANDED T CELL	6	0	0.0	0		
LLMarkers	llmarkers|biorxiv|ae5f009e-6d7a-1014-8ed6-cd1c0d2e0ada	llmarkers|biorxiv|ae5f009e-6d7a-1014-8ed6-cd1c0d2e0ada	biorxiv:ae5f009e-6d7a-1014-8ed6-cd1c0d2e0ada		CYTOTOXIC EFFECTOR CD8+ T CELL	CYTOTOXIC EFFECTOR CD 8 T CELL	12	2	0.16666666666666666	0		
LLMarkers	llmarkers|biorxiv|ae5f009e-6d7a-1014-8ed6-cd1c0d2e0ada	llmarkers|biorxiv|ae5f009e-6d7a-1014-8ed6-cd1c0d2e0ada	biorxiv:ae5f009e-6d7a-1014-8ed6-cd1c0d2e0ada		HIGHLY EXPANDED T CELL	HIGHLY EXPANDED T CELL	14	4	0.2857142857142857	0		
LLMarkers	llmarkers|biorxiv|b01f00d1-6e6e-1014-8e4a-e846f4b1debe	llmarkers|biorxiv|b01f00d1-6e6e-1014-8e4a-e846f4b1debe	biorxiv:b01f00d1-6e6e-1014-8e4a-e846f4b1debe		CLUSTER-1	CLUSTER 1	13	13	1.0	13	0.23076923076923078	0.23076923076923078
LLMarkers	llmarkers|biorxiv|b01f00d1-6e6e-1014-8e4a-e846f4b1debe	llmarkers|biorxiv|b01f00d1-6e6e-1014-8e4a-e846f4b1debe	biorxiv:b01f00d1-6e6e-1014-8e4a-e846f4b1debe		CLUSTER-2	CLUSTER 2	3	3	1.0	18	0.0	0.0
LLMarkers	llmarkers|biorxiv|b01f00d1-6e6e-1014-8e4a-e846f4b1debe	llmarkers|biorxiv|b01f00d1-6e6e-1014-8e4a-e846f4b1debe	biorxiv:b01f00d1-6e6e-1014-8e4a-e846f4b1debe		CLUSTER-3	CLUSTER 3	15	12	0.8	11	0.06666666666666667	0.08333333333333333
LLMarkers	llmarkers|biorxiv|b01f00d1-6e6e-1014-8e4a-e846f4b1debe	llmarkers|biorxiv|b01f00d1-6e6e-1014-8e4a-e846f4b1debe	biorxiv:b01f00d1-6e6e-1014-8e4a-e846f4b1debe		CLUSTER-4	CLUSTER 4	11	9	0.8181818181818182	10	0.0	0.0
LLMarkers	llmarkers|biorxiv|b01f00d1-6e6e-1014-8e4a-e846f4b1debe	llmarkers|biorxiv|b01f00d1-6e6e-1014-8e4a-e846f4b1debe	biorxiv:b01f00d1-6e6e-1014-8e4a-e846f4b1debe		MYOFIBROBLAST	MYOFIBROBLAST	4	2	0.5	7	0.75	1.0
LLMarkers	llmarkers|biorxiv|b3e65ef0-6e38-1014-8f8f-a6ec49a73092	llmarkers|biorxiv|b3e65ef0-6e38-1014-8f8f-a6ec49a73092	biorxiv:b3e65ef0-6e38-1014-8f8f-a6ec49a73092		NEUTROPHIL	NEUTROPHIL	6	6	1.0	3	0.16666666666666666	0.16666666666666666
LLMarkers	llmarkers|biorxiv|b4865554-70d4-1014-b98c-d54405b178ea	llmarkers|biorxiv|b4865554-70d4-1014-b98c-d54405b178ea	biorxiv:b4865554-70d4-1014-b98c-d54405b178ea		AML BLAST	AML BLAST	4	0	0.0	0		
LLMarkers	llmarkers|biorxiv|b4865554-70d4-1014-b98c-d54405b178ea	llmarkers|biorxiv|b4865554-70d4-1014-b98c-d54405b178ea	biorxiv:b4865554-70d4-1014-b98c-d54405b178ea		LYMPHOCYTE	LYMPHOCYTE	4	0	0.0	4	0.25	
LLMarkers	llmarkers|biorxiv|b4865554-70d4-1014-b98c-d54405b178ea	llmarkers|biorxiv|b4865554-70d4-1014-b98c-d54405b178ea	biorxiv:b4865554-70d4-1014-b98c-d54405b178ea		MONOCYTE	MONOCYTE	4	0	0.0	23	0.0	
LLMarkers	llmarkers|biorxiv|b60c0833-6df2-1014-8865-f92ffff4fcc6	llmarkers|biorxiv|b60c0833-6df2-1014-8865-f92ffff4fcc6	biorxiv:b60c0833-6df2-1014-8865-f92ffff4fcc6		ASTROCYTE	ASTROCYTE	9	6	0.6666666666666666	7	0.4444444444444444	0.6666666666666666
LLMarkers	llmarkers|biorxiv|b60c0833-6df2-1014-8865-f92ffff4fcc6	llmarkers|biorxiv|b60c0833-6df2-1014-8865-f92ffff4fcc6	biorxiv:b60c0833-6df2-1014-8865-f92ffff4fcc6		ENDOTHELIAL CELL	ENDOTHELIAL CELL	22	19	0.8636363636363636	27	0.22727272727272727	0.2631578947368421
LLMarkers	llmarkers|biorxiv|b60c0833-6df2-1014-8865-f92ffff4fcc6	llmarkers|biorxiv|b60c0833-6df2-1014-8865-f92ffff4fcc6	biorxiv:b60c0833-6df2-1014-8865-f92ffff4fcc6		EPENDYMAL CELL	EPENDYMAL CELL	8	5	0.625	0		
LLMarkers	llmarkers|biorxiv|b60c0833-6df2-1014-8865-f92ffff4fcc6	llmarkers|biorxiv|b60c0833-6df2-1014-8865-f92ffff4fcc6	biorxiv:b60c0833-6df2-1014-8865-f92ffff4fcc6		EXCITATORY NEURON	EXCITATORY NEURON	13	6	0.46153846153846156	4	0.15384615384615385	0.3333333333333333
LLMarkers	llmarkers|biorxiv|b60c0833-6df2-1014-8865-f92ffff4fcc6	llmarkers|biorxiv|b60c0833-6df2-1014-8865-f92ffff4fcc6	biorxiv:b60c0833-6df2-1014-8865-f92ffff4fcc6		INHIBITORY NEURON	INHIBITORY NEURON	6	3	0.5	2	0.16666666666666666	0.3333333333333333
LLMarkers	llmarkers|biorxiv|b60c0833-6df2-1014-8865-f92ffff4fcc6	llmarkers|biorxiv|b60c0833-6df2-1014-8865-f92ffff4fcc6	biorxiv:b60c0833-6df2-1014-8865-f92ffff4fcc6		MICROGLIA	MICROGLIA	16	13	0.8125	17	0.5	0.5384615384615384
LLMarkers	llmarkers|biorxiv|b60c0833-6df2-1014-8865-f92ffff4fcc6	llmarkers|biorxiv|b60c0833-6df2-1014-8865-f92ffff4fcc6	biorxiv:b60c0833-6df2-1014-8865-f92ffff4fcc6		OLIGODENDROCYTE	OLIGODENDROCYTE	5	4	0.8	6	0.8	1.0
LLMarkers	llmarkers|biorxiv|b60c0833-6df2-1014-8865-f92ffff4fcc6	llmarkers|biorxiv|b60c0833-6df2-1014-8865-f92ffff4fcc6	biorxiv:b60c0833-6df2-1014-8865-f92ffff4fcc6		OPC	OPC	7	3	0.42857142857142855	4	0.2857142857142857	0.6666666666666666
LLMarkers	llmarkers|biorxiv|b60c0833-6df2-1014-8865-f92ffff4fcc6	llmarkers|biorxiv|b60c0833-6df2-1014-8865-f92ffff4fcc6	biorxiv:b60c0833-6df2-1014-8865-f92ffff4fcc6		T CELL	T CELL	4	4	1.0	37	0.75	0.75
LLMarkers	llmarkers|biorxiv|b629f2a0-6f39-1014-bcfe-d40330cad081	llmarkers|biorxiv|b629f2a0-6f39-1014-bcfe-d40330cad081	biorxiv:b629f2a0-6f39-1014-bcfe-d40330cad081		LUMINAL EPITHELIAL	LUMINAL EPITHELIAL	3	3	1.0	1	0.0	0.0
LLMarkers	llmarkers|biorxiv|b629f2a0-6f39-1014-bcfe-d40330cad081	llmarkers|biorxiv|b629f2a0-6f39-1014-bcfe-d40330cad081	biorxiv:b629f2a0-6f39-1014-bcfe-d40330cad081		NEUROENDOCRINE-LIKE	NEUROENDOCRINE LIKE	5	4	0.8	0		
LLMarkers	llmarkers|biorxiv|b629f2a0-6f39-1014-bcfe-d40330cad081	llmarkers|biorxiv|b629f2a0-6f39-1014-bcfe-d40330cad081	biorxiv:b629f2a0-6f39-1014-bcfe-d40330cad081		STEM-LIKE/PROGENITOR	STEM LIKE PROGENITOR	3	0	0.0	0		
LLMarkers	llmarkers|biorxiv|b629f2a0-6f39-1014-bcfe-d40330cad081	llmarkers|biorxiv|b629f2a0-6f39-1014-bcfe-d40330cad081	biorxiv:b629f2a0-6f39-1014-bcfe-d40330cad081		STEM/PROGENITOR	STEM PROGENITOR	4	0	0.0	0		
LLMarkers	llmarkers|biorxiv|b71d9b5e-6f1d-1014-9408-ec8c7da502b4	llmarkers|biorxiv|b71d9b5e-6f1d-1014-9408-ec8c7da502b4	biorxiv:b71d9b5e-6f1d-1014-9408-ec8c7da502b4		IMMUNE CELL	IMMUNE CELL	4	0	0.0	6	0.25	
LLMarkers	llmarkers|biorxiv|b71d9b5e-6f1d-1014-9408-ec8c7da502b4	llmarkers|biorxiv|b71d9b5e-6f1d-1014-9408-ec8c7da502b4	biorxiv:b71d9b5e-6f1d-1014-9408-ec8c7da502b4		T CELL	T CELL	4	0	0.0	37	0.5	
LLMarkers	llmarkers|biorxiv|b7d0eaf3-6f9e-1014-bc01-ef7867d59c7e	llmarkers|biorxiv|b7d0eaf3-6f9e-1014-bc01-ef7867d59c7e	biorxiv:b7d0eaf3-6f9e-1014-bc01-ef7867d59c7e		BEST4	BEST 4	3	3	1.0	0		
LLMarkers	llmarkers|biorxiv|b7d0eaf3-6f9e-1014-bc01-ef7867d59c7e	llmarkers|biorxiv|b7d0eaf3-6f9e-1014-bc01-ef7867d59c7e	biorxiv:b7d0eaf3-6f9e-1014-bc01-ef7867d59c7e		CN5	CN 5	5	5	1.0	0		
LLMarkers	llmarkers|biorxiv|b7d0eaf3-6f9e-1014-bc01-ef7867d59c7e	llmarkers|biorxiv|b7d0eaf3-6f9e-1014-bc01-ef7867d59c7e	biorxiv:b7d0eaf3-6f9e-1014-bc01-ef7867d59c7e		COLONOCYTE-LIKE	COLONOCYTE LIKE	4	4	1.0	0		
LLMarkers	llmarkers|biorxiv|b7d0eaf3-6f9e-1014-bc01-ef7867d59c7e	llmarkers|biorxiv|b7d0eaf3-6f9e-1014-bc01-ef7867d59c7e	biorxiv:b7d0eaf3-6f9e-1014-bc01-ef7867d59c7e		GOBLET-LIKE	GOBLET LIKE	4	4	1.0	0		
LLMarkers	llmarkers|biorxiv|b7d0eaf3-6f9e-1014-bc01-ef7867d59c7e	llmarkers|biorxiv|b7d0eaf3-6f9e-1014-bc01-ef7867d59c7e	biorxiv:b7d0eaf3-6f9e-1014-bc01-ef7867d59c7e		TA-LIKE	TA LIKE	5	5	1.0	0		
LLMarkers	llmarkers|biorxiv|b7d0eaf3-6f9e-1014-bc01-ef7867d59c7e	llmarkers|biorxiv|b7d0eaf3-6f9e-1014-bc01-ef7867d59c7e	biorxiv:b7d0eaf3-6f9e-1014-bc01-ef7867d59c7e		TAN	TAN	3	3	1.0	0		
LLMarkers	llmarkers|biorxiv|b88cbe76-6c0b-1014-a018-e498be98267a	llmarkers|biorxiv|b88cbe76-6c0b-1014-a018-e498be98267a	biorxiv:b88cbe76-6c0b-1014-a018-e498be98267a		M1	M 1	20	20	1.0	2	0.05	0.05
LLMarkers	llmarkers|biorxiv|b88cbe76-6c0b-1014-a018-e498be98267a	llmarkers|biorxiv|b88cbe76-6c0b-1014-a018-e498be98267a	biorxiv:b88cbe76-6c0b-1014-a018-e498be98267a		M2A	M 2 A	20	15	0.75	0		
LLMarkers	llmarkers|biorxiv|b88cbe76-6c0b-1014-a018-e498be98267a	llmarkers|biorxiv|b88cbe76-6c0b-1014-a018-e498be98267a	biorxiv:b88cbe76-6c0b-1014-a018-e498be98267a		M2C	M 2 C	7	2	0.2857142857142857	0		
LLMarkers	llmarkers|biorxiv|b88cbe76-6c0b-1014-a018-e498be98267a	llmarkers|biorxiv|b88cbe76-6c0b-1014-a018-e498be98267a	biorxiv:b88cbe76-6c0b-1014-a018-e498be98267a		MACROPHAGE	MACROPHAGE	3	3	1.0	28	0.3333333333333333	0.3333333333333333
LLMarkers	llmarkers|biorxiv|b9f9eea1-7c5b-1014-87f0-cbc500249f07	llmarkers|biorxiv|b9f9eea1-7c5b-1014-87f0-cbc500249f07	biorxiv:b9f9eea1-7c5b-1014-87f0-cbc500249f07		DENDRITIC CELL	DENDRITIC CELL	3	3	1.0	6	0.0	0.0
LLMarkers	llmarkers|biorxiv|b9f9eea1-7c5b-1014-87f0-cbc500249f07	llmarkers|biorxiv|b9f9eea1-7c5b-1014-87f0-cbc500249f07	biorxiv:b9f9eea1-7c5b-1014-87f0-cbc500249f07		MACROPHAGE	MACROPHAGE	3	3	1.0	28	0.0	0.0
LLMarkers	llmarkers|biorxiv|ba2fe3cc-7145-1014-8950-ece91a9c7114	llmarkers|biorxiv|ba2fe3cc-7145-1014-8950-ece91a9c7114	biorxiv:ba2fe3cc-7145-1014-8950-ece91a9c7114		T-CELL	T CELL	3	3	1.0	37	1.0	1.0
LLMarkers	llmarkers|biorxiv|bb35967a-6c41-1014-8bd7-fd658527e3eb	llmarkers|biorxiv|bb35967a-6c41-1014-8bd7-fd658527e3eb	biorxiv:bb35967a-6c41-1014-8bd7-fd658527e3eb		EPITHELIAL	EPITHELIAL	4	4	1.0	3	0.0	0.0
LLMarkers	llmarkers|biorxiv|bb90a40e-70a1-1014-887a-db6e99ca95cb	llmarkers|biorxiv|bb90a40e-70a1-1014-887a-db6e99ca95cb	biorxiv:bb90a40e-70a1-1014-887a-db6e99ca95cb		ACINAR CELL	ACINAR CELL	6	6	1.0	6	0.16666666666666666	0.16666666666666666
LLMarkers	llmarkers|biorxiv|bb90a40e-70a1-1014-887a-db6e99ca95cb	llmarkers|biorxiv|bb90a40e-70a1-1014-887a-db6e99ca95cb	biorxiv:bb90a40e-70a1-1014-887a-db6e99ca95cb		B CELL	B CELL	4	3	0.75	29	0.25	0.0
LLMarkers	llmarkers|biorxiv|bb90a40e-70a1-1014-887a-db6e99ca95cb	llmarkers|biorxiv|bb90a40e-70a1-1014-887a-db6e99ca95cb	biorxiv:bb90a40e-70a1-1014-887a-db6e99ca95cb		BETA CELL	BETA CELL	4	2	0.5	9	0.0	0.0
LLMarkers	llmarkers|biorxiv|bb90a40e-70a1-1014-887a-db6e99ca95cb	llmarkers|biorxiv|bb90a40e-70a1-1014-887a-db6e99ca95cb	biorxiv:bb90a40e-70a1-1014-887a-db6e99ca95cb		CD4 T CELL	CD 4 T CELL	4	2	0.5	16	0.25	0.5
LLMarkers	llmarkers|biorxiv|bb90a40e-70a1-1014-887a-db6e99ca95cb	llmarkers|biorxiv|bb90a40e-70a1-1014-887a-db6e99ca95cb	biorxiv:bb90a40e-70a1-1014-887a-db6e99ca95cb		CD4 TCM CELL	CD 4 TCM CELL	5	3	0.6	0		
LLMarkers	llmarkers|biorxiv|bb90a40e-70a1-1014-887a-db6e99ca95cb	llmarkers|biorxiv|bb90a40e-70a1-1014-887a-db6e99ca95cb	biorxiv:bb90a40e-70a1-1014-887a-db6e99ca95cb		CD8 T CELL	CD 8 T CELL	5	5	1.0	14	0.0	0.0
LLMarkers	llmarkers|biorxiv|bb90a40e-70a1-1014-887a-db6e99ca95cb	llmarkers|biorxiv|bb90a40e-70a1-1014-887a-db6e99ca95cb	biorxiv:bb90a40e-70a1-1014-887a-db6e99ca95cb		DUCTAL CELL	DUCTAL CELL	4	3	0.75	4	0.0	0.0
LLMarkers	llmarkers|biorxiv|bb90a40e-70a1-1014-887a-db6e99ca95cb	llmarkers|biorxiv|bb90a40e-70a1-1014-887a-db6e99ca95cb	biorxiv:bb90a40e-70a1-1014-887a-db6e99ca95cb		HSPC	HSPC	5	3	0.6	3	0.0	0.0
LLMarkers	llmarkers|biorxiv|bb90a40e-70a1-1014-887a-db6e99ca95cb	llmarkers|biorxiv|bb90a40e-70a1-1014-887a-db6e99ca95cb	biorxiv:bb90a40e-70a1-1014-887a-db6e99ca95cb		IMMUNE CELL	IMMUNE CELL	6	4	0.6666666666666666	6	0.0	0.0
LLMarkers	llmarkers|biorxiv|bb90a40e-70a1-1014-887a-db6e99ca95cb	llmarkers|biorxiv|bb90a40e-70a1-1014-887a-db6e99ca95cb	biorxiv:bb90a40e-70a1-1014-887a-db6e99ca95cb		MONOCYTE	MONOCYTE	3	3	1.0	23	0.0	0.0
LLMarkers	llmarkers|biorxiv|bb90a40e-70a1-1014-887a-db6e99ca95cb	llmarkers|biorxiv|bb90a40e-70a1-1014-887a-db6e99ca95cb	biorxiv:bb90a40e-70a1-1014-887a-db6e99ca95cb		NK CELL	NK CELL	4	4	1.0	15	0.0	0.0
LLMarkers	llmarkers|biorxiv|bb90a40e-70a1-1014-887a-db6e99ca95cb	llmarkers|biorxiv|bb90a40e-70a1-1014-887a-db6e99ca95cb	biorxiv:bb90a40e-70a1-1014-887a-db6e99ca95cb		OTHER UNCLASSIFIED CELL	OTHER UNCLASSIFIED CELL	3	0	0.0	0		
LLMarkers	llmarkers|biorxiv|bc260922-6c47-1014-a865-fe4e19bf3ea8	llmarkers|biorxiv|bc260922-6c47-1014-a865-fe4e19bf3ea8	biorxiv:bc260922-6c47-1014-a865-fe4e19bf3ea8		BASAL CELL	BASAL CELL	3	2	0.6666666666666666	6	0.6666666666666666	1.0
LLMarkers	llmarkers|biorxiv|bc260922-6c47-1014-a865-fe4e19bf3ea8	llmarkers|biorxiv|bc260922-6c47-1014-a865-fe4e19bf3ea8	biorxiv:bc260922-6c47-1014-a865-fe4e19bf3ea8		BASAL-SCCIS-TUMOR	BASAL SCCIS TUMOR	13	9	0.6923076923076923	0		
LLMarkers	llmarkers|biorxiv|bc260922-6c47-1014-a865-fe4e19bf3ea8	llmarkers|biorxiv|bc260922-6c47-1014-a865-fe4e19bf3ea8	biorxiv:bc260922-6c47-1014-a865-fe4e19bf3ea8		BASAL1	BASAL 1	4	3	0.75	2	0.25	0.3333333333333333
LLMarkers	llmarkers|biorxiv|bc260922-6c47-1014-a865-fe4e19bf3ea8	llmarkers|biorxiv|bc260922-6c47-1014-a865-fe4e19bf3ea8	biorxiv:bc260922-6c47-1014-a865-fe4e19bf3ea8		BASAL2	BASAL 2	3	0	0.0	1	0.0	
LLMarkers	llmarkers|biorxiv|bc260922-6c47-1014-a865-fe4e19bf3ea8	llmarkers|biorxiv|bc260922-6c47-1014-a865-fe4e19bf3ea8	biorxiv:bc260922-6c47-1014-a865-fe4e19bf3ea8		FOLLICULAR CELL	FOLLICULAR CELL	3	1	0.3333333333333333	0		
LLMarkers	llmarkers|biorxiv|bc260922-6c47-1014-a865-fe4e19bf3ea8	llmarkers|biorxiv|bc260922-6c47-1014-a865-fe4e19bf3ea8	biorxiv:bc260922-6c47-1014-a865-fe4e19bf3ea8		FOLLICULAR2	FOLLICULAR 2	3	2	0.6666666666666666	0		
LLMarkers	llmarkers|biorxiv|bc260922-6c47-1014-a865-fe4e19bf3ea8	llmarkers|biorxiv|bc260922-6c47-1014-a865-fe4e19bf3ea8	biorxiv:bc260922-6c47-1014-a865-fe4e19bf3ea8		LANGERHANS CELL	LANGERHANS CELL	3	3	1.0	0		
LLMarkers	llmarkers|biorxiv|bc260922-6c47-1014-a865-fe4e19bf3ea8	llmarkers|biorxiv|bc260922-6c47-1014-a865-fe4e19bf3ea8	biorxiv:bc260922-6c47-1014-a865-fe4e19bf3ea8		SPINOUS2	SPINOUS 2	4	4	1.0	0		
LLMarkers	llmarkers|biorxiv|bc5fc02e-800c-1014-9d28-ba34bfc46990	llmarkers|biorxiv|bc5fc02e-800c-1014-9d28-ba34bfc46990	biorxiv:bc5fc02e-800c-1014-9d28-ba34bfc46990		LHB.2	LHB 2	4	0	0.0	0		
LLMarkers	llmarkers|biorxiv|bc5fc02e-800c-1014-9d28-ba34bfc46990	llmarkers|biorxiv|bc5fc02e-800c-1014-9d28-ba34bfc46990	biorxiv:bc5fc02e-800c-1014-9d28-ba34bfc46990		LHB.7	LHB 7	4	0	0.0	0		
LLMarkers	llmarkers|biorxiv|bc5fc02e-800c-1014-9d28-ba34bfc46990	llmarkers|biorxiv|bc5fc02e-800c-1014-9d28-ba34bfc46990	biorxiv:bc5fc02e-800c-1014-9d28-ba34bfc46990		TSHZ1+ INTERCALATED NEURON	TSHZ 1 INTERCALATED NEURON	3	2	0.6666666666666666	0		
LLMarkers	llmarkers|biorxiv|bc60e3db-6f3b-1014-9d48-bca06f1504df	llmarkers|biorxiv|bc60e3db-6f3b-1014-9d48-bca06f1504df	biorxiv:bc60e3db-6f3b-1014-9d48-bca06f1504df		DEDIFFERENTIATED ACINAR CELL	DEDIFFERENTIATED ACINAR CELL	7	7	1.0	0		
LLMarkers	llmarkers|biorxiv|bc60e3db-6f3b-1014-9d48-bca06f1504df	llmarkers|biorxiv|bc60e3db-6f3b-1014-9d48-bca06f1504df	biorxiv:bc60e3db-6f3b-1014-9d48-bca06f1504df		DUCT CELL	DUCT CELL	8	8	1.0	0		
LLMarkers	llmarkers|biorxiv|bd0ff218-6c18-1014-ac36-a01faa0bb6b7	llmarkers|biorxiv|bd0ff218-6c18-1014-ac36-a01faa0bb6b7	biorxiv:bd0ff218-6c18-1014-ac36-a01faa0bb6b7		CD4⁺DPT	CD 4 DPT	3	2	0.6666666666666666	0		
LLMarkers	llmarkers|biorxiv|bd0ff218-6c18-1014-ac36-a01faa0bb6b7	llmarkers|biorxiv|bd0ff218-6c18-1014-ac36-a01faa0bb6b7	biorxiv:bd0ff218-6c18-1014-ac36-a01faa0bb6b7		CD8⁺DPT	CD 8 DPT	3	2	0.6666666666666666	0		
LLMarkers	llmarkers|biorxiv|bd0ff218-6c18-1014-ac36-a01faa0bb6b7	llmarkers|biorxiv|bd0ff218-6c18-1014-ac36-a01faa0bb6b7	biorxiv:bd0ff218-6c18-1014-ac36-a01faa0bb6b7		DPT	DPT	15	15	1.0	0		
LLMarkers	llmarkers|biorxiv|c07140e5-7138-1014-aa16-8cb2f542cef3	llmarkers|biorxiv|c07140e5-7138-1014-aa16-8cb2f542cef3	biorxiv:c07140e5-7138-1014-aa16-8cb2f542cef3		B NAÏVE	B NAIVE	4	2	0.5	0		
LLMarkers	llmarkers|biorxiv|c07140e5-7138-1014-aa16-8cb2f542cef3	llmarkers|biorxiv|c07140e5-7138-1014-aa16-8cb2f542cef3	biorxiv:c07140e5-7138-1014-aa16-8cb2f542cef3		CD4+ NAÏVE	CD 4 NAIVE	22	20	0.9090909090909091	1	0.0	0.0
LLMarkers	llmarkers|biorxiv|c245f005-7ab6-1014-adbd-b49bd8bfffbc	llmarkers|biorxiv|c245f005-7ab6-1014-adbd-b49bd8bfffbc	biorxiv:c245f005-7ab6-1014-adbd-b49bd8bfffbc		ASTROCYTE MARKER	ASTROCYTE MARKER	3	3	1.0	0		
LLMarkers	llmarkers|biorxiv|c245f005-7ab6-1014-adbd-b49bd8bfffbc	llmarkers|biorxiv|c245f005-7ab6-1014-adbd-b49bd8bfffbc	biorxiv:c245f005-7ab6-1014-adbd-b49bd8bfffbc		CD8+ T CELL	CD 8 T CELL	3	3	1.0	14	1.0	1.0
LLMarkers	llmarkers|biorxiv|c245f005-7ab6-1014-adbd-b49bd8bfffbc	llmarkers|biorxiv|c245f005-7ab6-1014-adbd-b49bd8bfffbc	biorxiv:c245f005-7ab6-1014-adbd-b49bd8bfffbc		HEART MARKER	HEART MARKER	8	8	1.0	0		
LLMarkers	llmarkers|biorxiv|c245f005-7ab6-1014-adbd-b49bd8bfffbc	llmarkers|biorxiv|c245f005-7ab6-1014-adbd-b49bd8bfffbc	biorxiv:c245f005-7ab6-1014-adbd-b49bd8bfffbc		MONOCYTE	MONOCYTE	3	3	1.0	23	1.0	1.0
LLMarkers	llmarkers|biorxiv|c245f005-7ab6-1014-adbd-b49bd8bfffbc	llmarkers|biorxiv|c245f005-7ab6-1014-adbd-b49bd8bfffbc	biorxiv:c245f005-7ab6-1014-adbd-b49bd8bfffbc		NEURONAL MARKER	NEURONAL MARKER	4	4	1.0	0		
LLMarkers	llmarkers|biorxiv|c245f005-7ab6-1014-adbd-b49bd8bfffbc	llmarkers|biorxiv|c245f005-7ab6-1014-adbd-b49bd8bfffbc	biorxiv:c245f005-7ab6-1014-adbd-b49bd8bfffbc		OLIGODENDROCYTE MARKER	OLIGODENDROCYTE MARKER	4	4	1.0	0		
LLMarkers	llmarkers|biorxiv|c245f005-7ab6-1014-adbd-b49bd8bfffbc	llmarkers|biorxiv|c245f005-7ab6-1014-adbd-b49bd8bfffbc	biorxiv:c245f005-7ab6-1014-adbd-b49bd8bfffbc		T CELL	T CELL	3	3	1.0	37	1.0	1.0
LLMarkers	llmarkers|biorxiv|c3556304-707d-1014-b47e-8d7767eb41eb	llmarkers|biorxiv|c3556304-707d-1014-b47e-8d7767eb41eb	biorxiv:c3556304-707d-1014-b47e-8d7767eb41eb		CD8+ T-CELL	CD 8 T CELL	3	3	1.0	14	1.0	1.0
LLMarkers	llmarkers|biorxiv|c37c4c27-6d25-1014-a7a4-b416d496387c	llmarkers|biorxiv|c37c4c27-6d25-1014-a7a4-b416d496387c	biorxiv:c37c4c27-6d25-1014-a7a4-b416d496387c		MESENCHYMAL	MESENCHYMAL	4	4	1.0	6	1.0	1.0
LLMarkers	llmarkers|biorxiv|c55f45c7-7001-1014-966f-865cda24634e	llmarkers|biorxiv|c55f45c7-7001-1014-966f-865cda24634e	biorxiv:c55f45c7-7001-1014-966f-865cda24634e		COL6A6+ FIBROBLAST	COL 6 A 6 FIBROBLAST	7	3	0.42857142857142855	0		
LLMarkers	llmarkers|biorxiv|c55f45c7-7001-1014-966f-865cda24634e	llmarkers|biorxiv|c55f45c7-7001-1014-966f-865cda24634e	biorxiv:c55f45c7-7001-1014-966f-865cda24634e		F2RL2+ FIBROBLAST	F 2 RL 2 FIBROBLAST	17	14	0.8235294117647058	0		
LLMarkers	llmarkers|biorxiv|c55f45c7-7001-1014-966f-865cda24634e	llmarkers|biorxiv|c55f45c7-7001-1014-966f-865cda24634e	biorxiv:c55f45c7-7001-1014-966f-865cda24634e		FIBROBLAST	FIBROBLAST	3	0	0.0	28	0.0	
LLMarkers	llmarkers|biorxiv|c55f45c7-7001-1014-966f-865cda24634e	llmarkers|biorxiv|c55f45c7-7001-1014-966f-865cda24634e	biorxiv:c55f45c7-7001-1014-966f-865cda24634e		MAB21L1+ FIBROBLAST	MAB 21 L 1 FIBROBLAST	9	6	0.6666666666666666	0		
LLMarkers	llmarkers|biorxiv|c55f45c7-7001-1014-966f-865cda24634e	llmarkers|biorxiv|c55f45c7-7001-1014-966f-865cda24634e	biorxiv:c55f45c7-7001-1014-966f-865cda24634e		SUBCLUSTER 1	SUBCLUSTER 1	3	0	0.0	0		
LLMarkers	llmarkers|biorxiv|c6b2e62c-6bf8-1014-b389-a9824584e0b5	llmarkers|biorxiv|c6b2e62c-6bf8-1014-b389-a9824584e0b5	biorxiv:c6b2e62c-6bf8-1014-b389-a9824584e0b5		ASTROCYTE	ASTROCYTE	6	6	1.0	7	0.5	0.5
LLMarkers	llmarkers|biorxiv|c6b2e62c-6bf8-1014-b389-a9824584e0b5	llmarkers|biorxiv|c6b2e62c-6bf8-1014-b389-a9824584e0b5	biorxiv:c6b2e62c-6bf8-1014-b389-a9824584e0b5		CLUSTER 5	CLUSTER 5	3	3	1.0	8	0.3333333333333333	0.3333333333333333
LLMarkers	llmarkers|biorxiv|c704e998-6f4b-1014-8cb1-c3d28b577fb8	llmarkers|biorxiv|c704e998-6f4b-1014-8cb1-c3d28b577fb8	biorxiv:c704e998-6f4b-1014-8cb1-c3d28b577fb8		EPITHELIAL CELL	EPITHELIAL CELL	3	3	1.0	6	0.6666666666666666	0.6666666666666666
LLMarkers	llmarkers|biorxiv|c78d9bda-6cc0-1014-aba5-dba9dd700073	llmarkers|biorxiv|c78d9bda-6cc0-1014-aba5-dba9dd700073	biorxiv:c78d9bda-6cc0-1014-aba5-dba9dd700073		CECS TRANSITIONING TOWARDS A SENESCENT PHENOTYPE	CECS TRANSITIONING TOWARDS A SENESCENT PHENOTYPE	3	1	0.3333333333333333	0		
LLMarkers	llmarkers|biorxiv|c78d9bda-6cc0-1014-aba5-dba9dd700073	llmarkers|biorxiv|c78d9bda-6cc0-1014-aba5-dba9dd700073	biorxiv:c78d9bda-6cc0-1014-aba5-dba9dd700073		FIBROTIC CEC	FIBROTIC CEC	3	0	0.0	0		
LLMarkers	llmarkers|biorxiv|c78d9bda-6cc0-1014-aba5-dba9dd700073	llmarkers|biorxiv|c78d9bda-6cc0-1014-aba5-dba9dd700073	biorxiv:c78d9bda-6cc0-1014-aba5-dba9dd700073		FIBROTIC CELL	FIBROTIC CELL	7	4	0.5714285714285714	0		
LLMarkers	llmarkers|biorxiv|c78d9bda-6cc0-1014-aba5-dba9dd700073	llmarkers|biorxiv|c78d9bda-6cc0-1014-aba5-dba9dd700073	biorxiv:c78d9bda-6cc0-1014-aba5-dba9dd700073		HIGHLY PROLIFERATIVE CEC	HIGHLY PROLIFERATIVE CEC	3	0	0.0	0		
LLMarkers	llmarkers|biorxiv|c78d9bda-6cc0-1014-aba5-dba9dd700073	llmarkers|biorxiv|c78d9bda-6cc0-1014-aba5-dba9dd700073	biorxiv:c78d9bda-6cc0-1014-aba5-dba9dd700073		LOWER QUALITY CECS ENTERING SENESCENCE AND EMT	LOWER QUALITY CECS ENTERING SENESCENCE AND EMT	3	1	0.3333333333333333	0		
LLMarkers	llmarkers|biorxiv|c78d9bda-6cc0-1014-aba5-dba9dd700073	llmarkers|biorxiv|c78d9bda-6cc0-1014-aba5-dba9dd700073	biorxiv:c78d9bda-6cc0-1014-aba5-dba9dd700073		PROLIFERATING CEC	PROLIFERATING CEC	3	0	0.0	0		
LLMarkers	llmarkers|biorxiv|c78d9bda-6cc0-1014-aba5-dba9dd700073	llmarkers|biorxiv|c78d9bda-6cc0-1014-aba5-dba9dd700073	biorxiv:c78d9bda-6cc0-1014-aba5-dba9dd700073		SENESCENT CELL	SENESCENT CELL	4	4	1.0	1	0.0	0.0
LLMarkers	llmarkers|biorxiv|c78d9bda-6cc0-1014-aba5-dba9dd700073	llmarkers|biorxiv|c78d9bda-6cc0-1014-aba5-dba9dd700073	biorxiv:c78d9bda-6cc0-1014-aba5-dba9dd700073		THERAPY-GRADE CEC	THERAPY GRADE CEC	9	9	1.0	0		
LLMarkers	llmarkers|biorxiv|c8264099-6fc3-1014-9d27-9ae05a0c1d33	llmarkers|biorxiv|c8264099-6fc3-1014-9d27-9ae05a0c1d33	biorxiv:c8264099-6fc3-1014-9d27-9ae05a0c1d33		MONOCYTE	MONOCYTE	3	3	1.0	23	1.0	1.0
LLMarkers	llmarkers|biorxiv|c8264099-6fc3-1014-9d27-9ae05a0c1d33	llmarkers|biorxiv|c8264099-6fc3-1014-9d27-9ae05a0c1d33	biorxiv:c8264099-6fc3-1014-9d27-9ae05a0c1d33		T CELL	T CELL	3	3	1.0	37	1.0	1.0
LLMarkers	llmarkers|biorxiv|c94927bb-7bec-1014-9cd8-fedd121e156b	llmarkers|biorxiv|c94927bb-7bec-1014-9cd8-fedd121e156b	biorxiv:c94927bb-7bec-1014-9cd8-fedd121e156b		FIBRO-ADIPOGENIC PROGENITOR	FIBRO ADIPOGENIC PROGENITOR	3	3	1.0	0		
LLMarkers	llmarkers|biorxiv|c94927bb-7bec-1014-9cd8-fedd121e156b	llmarkers|biorxiv|c94927bb-7bec-1014-9cd8-fedd121e156b	biorxiv:c94927bb-7bec-1014-9cd8-fedd121e156b		MX1-ASSOCIATED MICROGLIA	MX 1 ASSOCIATED MICROGLIA	5	5	1.0	0		
LLMarkers	llmarkers|biorxiv|ca1bf343-7250-1014-ba36-aacb127d711a	llmarkers|biorxiv|ca1bf343-7250-1014-ba36-aacb127d711a	biorxiv:ca1bf343-7250-1014-ba36-aacb127d711a		CYTOTOXIC NK CELL	CYTOTOXIC NK CELL	4	0	0.0	0		
LLMarkers	llmarkers|biorxiv|ca1bf343-7250-1014-ba36-aacb127d711a	llmarkers|biorxiv|ca1bf343-7250-1014-ba36-aacb127d711a	biorxiv:ca1bf343-7250-1014-ba36-aacb127d711a		PRE-CYTOTOXIC NK CELL	PRE CYTOTOXIC NK CELL	4	0	0.0	0		
LLMarkers	llmarkers|biorxiv|ca1bf343-7250-1014-ba36-aacb127d711a	llmarkers|biorxiv|ca1bf343-7250-1014-ba36-aacb127d711a	biorxiv:ca1bf343-7250-1014-ba36-aacb127d711a		REGULATORY NK CELL	REGULATORY NK CELL	4	0	0.0	0		
LLMarkers	llmarkers|biorxiv|ca1bf343-7250-1014-ba36-aacb127d711a	llmarkers|biorxiv|ca1bf343-7250-1014-ba36-aacb127d711a	biorxiv:ca1bf343-7250-1014-ba36-aacb127d711a		TOLERANT NK CELL	TOLERANT NK CELL	4	0	0.0	0		
LLMarkers	llmarkers|biorxiv|caef9c14-6e13-1014-bca1-ba3172fec7b3	llmarkers|biorxiv|caef9c14-6e13-1014-bca1-ba3172fec7b3	biorxiv:caef9c14-6e13-1014-bca1-ba3172fec7b3		ANTIGEN PRESENTATION	ANTIGEN PRESENTATION	4	4	1.0	0		
LLMarkers	llmarkers|biorxiv|caef9c14-6e13-1014-bca1-ba3172fec7b3	llmarkers|biorxiv|caef9c14-6e13-1014-bca1-ba3172fec7b3	biorxiv:caef9c14-6e13-1014-bca1-ba3172fec7b3		CAFS	CAFS	3	0	0.0	1	0.0	
LLMarkers	llmarkers|biorxiv|caef9c14-6e13-1014-bca1-ba3172fec7b3	llmarkers|biorxiv|caef9c14-6e13-1014-bca1-ba3172fec7b3	biorxiv:caef9c14-6e13-1014-bca1-ba3172fec7b3		INTERFERON ALPHA/BETA RESPONSE	INTERFERON ALPHA BETA RESPONSE	3	3	1.0	0		
LLMarkers	llmarkers|biorxiv|caef9c14-6e13-1014-bca1-ba3172fec7b3	llmarkers|biorxiv|caef9c14-6e13-1014-bca1-ba3172fec7b3	biorxiv:caef9c14-6e13-1014-bca1-ba3172fec7b3		MES	MES	7	4	0.5714285714285714	1	0.0	0.0
LLMarkers	llmarkers|biorxiv|cc41b42e-6c00-1014-9887-9bb7d49b64ad	llmarkers|biorxiv|cc41b42e-6c00-1014-9887-9bb7d49b64ad	biorxiv:cc41b42e-6c00-1014-9887-9bb7d49b64ad		ST	ST	9	9	1.0	0		
LLMarkers	llmarkers|biorxiv|cc41b42e-6c00-1014-9887-9bb7d49b64ad	llmarkers|biorxiv|cc41b42e-6c00-1014-9887-9bb7d49b64ad	biorxiv:cc41b42e-6c00-1014-9887-9bb7d49b64ad		TE	TE	10	10	1.0	3	0.6	0.6
LLMarkers	llmarkers|biorxiv|cf0d429c-6c7f-1014-a5a8-f09b6915373d	llmarkers|biorxiv|cf0d429c-6c7f-1014-a5a8-f09b6915373d	biorxiv:cf0d429c-6c7f-1014-a5a8-f09b6915373d		"""UNDEFINED RARE"" CELL"	UNDEFINED RARE CELL	8	7	0.875	0		
LLMarkers	llmarkers|biorxiv|cf0d429c-6c7f-1014-a5a8-f09b6915373d	llmarkers|biorxiv|cf0d429c-6c7f-1014-a5a8-f09b6915373d	biorxiv:cf0d429c-6c7f-1014-a5a8-f09b6915373d		AT1	AT 1	3	3	1.0	2	0.0	0.0
LLMarkers	llmarkers|biorxiv|cf0d429c-6c7f-1014-a5a8-f09b6915373d	llmarkers|biorxiv|cf0d429c-6c7f-1014-a5a8-f09b6915373d	biorxiv:cf0d429c-6c7f-1014-a5a8-f09b6915373d		AT2	AT 2	3	3	1.0	9	0.3333333333333333	0.3333333333333333
LLMarkers	llmarkers|biorxiv|cf0d429c-6c7f-1014-a5a8-f09b6915373d	llmarkers|biorxiv|cf0d429c-6c7f-1014-a5a8-f09b6915373d	biorxiv:cf0d429c-6c7f-1014-a5a8-f09b6915373d		B CELL	B CELL	3	3	1.0	29	0.6666666666666666	0.6666666666666666
LLMarkers	llmarkers|biorxiv|cf0d429c-6c7f-1014-a5a8-f09b6915373d	llmarkers|biorxiv|cf0d429c-6c7f-1014-a5a8-f09b6915373d	biorxiv:cf0d429c-6c7f-1014-a5a8-f09b6915373d		BASAL CELL	BASAL CELL	3	1	0.3333333333333333	6	0.6666666666666666	0.0
LLMarkers	llmarkers|biorxiv|cf0d429c-6c7f-1014-a5a8-f09b6915373d	llmarkers|biorxiv|cf0d429c-6c7f-1014-a5a8-f09b6915373d	biorxiv:cf0d429c-6c7f-1014-a5a8-f09b6915373d		BRUSH/TUFT CELL	BRUSH TUFT CELL	5	4	0.8	0		
LLMarkers	llmarkers|biorxiv|cf0d429c-6c7f-1014-a5a8-f09b6915373d	llmarkers|biorxiv|cf0d429c-6c7f-1014-a5a8-f09b6915373d	biorxiv:cf0d429c-6c7f-1014-a5a8-f09b6915373d		CYCLING CELL	CYCLING CELL	3	3	1.0	1	0.6666666666666666	0.6666666666666666
LLMarkers	llmarkers|biorxiv|cf0d429c-6c7f-1014-a5a8-f09b6915373d	llmarkers|biorxiv|cf0d429c-6c7f-1014-a5a8-f09b6915373d	biorxiv:cf0d429c-6c7f-1014-a5a8-f09b6915373d		DEUTEROSOMAL CELL	DEUTEROSOMAL CELL	3	3	1.0	0		
LLMarkers	llmarkers|biorxiv|cf0d429c-6c7f-1014-a5a8-f09b6915373d	llmarkers|biorxiv|cf0d429c-6c7f-1014-a5a8-f09b6915373d	biorxiv:cf0d429c-6c7f-1014-a5a8-f09b6915373d		IONOCYTE	IONOCYTE	4	4	1.0	1	0.75	0.75
LLMarkers	llmarkers|biorxiv|cf0d429c-6c7f-1014-a5a8-f09b6915373d	llmarkers|biorxiv|cf0d429c-6c7f-1014-a5a8-f09b6915373d	biorxiv:cf0d429c-6c7f-1014-a5a8-f09b6915373d		MULTICILIATED CELL	MULTICILIATED CELL	3	3	1.0	0		
LLMarkers	llmarkers|biorxiv|cf0d429c-6c7f-1014-a5a8-f09b6915373d	llmarkers|biorxiv|cf0d429c-6c7f-1014-a5a8-f09b6915373d	biorxiv:cf0d429c-6c7f-1014-a5a8-f09b6915373d		PERICYTE	PERICYTE	5	3	0.6	13	0.6	0.6666666666666666
LLMarkers	llmarkers|biorxiv|cf0d429c-6c7f-1014-a5a8-f09b6915373d	llmarkers|biorxiv|cf0d429c-6c7f-1014-a5a8-f09b6915373d	biorxiv:cf0d429c-6c7f-1014-a5a8-f09b6915373d		SECRETORY N	SECRETORY N	3	3	1.0	0		
LLMarkers	llmarkers|biorxiv|cf0d429c-6c7f-1014-a5a8-f09b6915373d	llmarkers|biorxiv|cf0d429c-6c7f-1014-a5a8-f09b6915373d	biorxiv:cf0d429c-6c7f-1014-a5a8-f09b6915373d		SEROUS CELL	SEROUS CELL	3	3	1.0	0		
LLMarkers	llmarkers|biorxiv|cf0d429c-6c7f-1014-a5a8-f09b6915373d	llmarkers|biorxiv|cf0d429c-6c7f-1014-a5a8-f09b6915373d	biorxiv:cf0d429c-6c7f-1014-a5a8-f09b6915373d		SMOOTH MUSCLE CELL	SMOOTH MUSCLE CELL	4	2	0.5	8	0.5	0.5
LLMarkers	llmarkers|biorxiv|cf0d429c-6c7f-1014-a5a8-f09b6915373d	llmarkers|biorxiv|cf0d429c-6c7f-1014-a5a8-f09b6915373d	biorxiv:cf0d429c-6c7f-1014-a5a8-f09b6915373d		SUPRABASAL CELL	SUPRABASAL CELL	5	3	0.6	0		
LLMarkers	llmarkers|biorxiv|cfb3ce40-7a31-1014-ae9e-8efc9660d536	llmarkers|biorxiv|cfb3ce40-7a31-1014-ae9e-8efc9660d536	biorxiv:cfb3ce40-7a31-1014-ae9e-8efc9660d536		TRABECULAR MYOCARDIUM	TRABECULAR MYOCARDIUM	5	5	1.0	0		
LLMarkers	llmarkers|biorxiv|d00e7bca-700f-1014-91f0-ae4c53ddfbf4	llmarkers|biorxiv|d00e7bca-700f-1014-91f0-ae4c53ddfbf4	biorxiv:d00e7bca-700f-1014-91f0-ae4c53ddfbf4		HGC	HGC	3	0	0.0	0		
LLMarkers	llmarkers|biorxiv|d00e7bca-700f-1014-91f0-ae4c53ddfbf4	llmarkers|biorxiv|d00e7bca-700f-1014-91f0-ae4c53ddfbf4	biorxiv:d00e7bca-700f-1014-91f0-ae4c53ddfbf4		IRF2+ INFLAM	IRF 2 INFLAM	3	3	1.0	0		
LLMarkers	llmarkers|biorxiv|d00e7bca-700f-1014-91f0-ae4c53ddfbf4	llmarkers|biorxiv|d00e7bca-700f-1014-91f0-ae4c53ddfbf4	biorxiv:d00e7bca-700f-1014-91f0-ae4c53ddfbf4		NEPC	NEPC	8	3	0.375	0		
LLMarkers	llmarkers|biorxiv|d00e7bca-700f-1014-91f0-ae4c53ddfbf4	llmarkers|biorxiv|d00e7bca-700f-1014-91f0-ae4c53ddfbf4	biorxiv:d00e7bca-700f-1014-91f0-ae4c53ddfbf4		NEPC–A	NEPCA	3	1	0.3333333333333333	0		
LLMarkers	llmarkers|biorxiv|d00e7bca-700f-1014-91f0-ae4c53ddfbf4	llmarkers|biorxiv|d00e7bca-700f-1014-91f0-ae4c53ddfbf4	biorxiv:d00e7bca-700f-1014-91f0-ae4c53ddfbf4		NEPC–N	NEPCN	5	4	0.8	0		
LLMarkers	llmarkers|biorxiv|d00e7bca-700f-1014-91f0-ae4c53ddfbf4	llmarkers|biorxiv|d00e7bca-700f-1014-91f0-ae4c53ddfbf4	biorxiv:d00e7bca-700f-1014-91f0-ae4c53ddfbf4		PRAD	PRAD	5	3	0.6	0		
LLMarkers	llmarkers|biorxiv|d00e7bca-700f-1014-91f0-ae4c53ddfbf4	llmarkers|biorxiv|d00e7bca-700f-1014-91f0-ae4c53ddfbf4	biorxiv:d00e7bca-700f-1014-91f0-ae4c53ddfbf4		SOX2/4+ EMBRYO/EMT	SOX 2 4 EMBRYO EMT	5	3	0.6	0		
LLMarkers	llmarkers|biorxiv|d00e7bca-700f-1014-91f0-ae4c53ddfbf4	llmarkers|biorxiv|d00e7bca-700f-1014-91f0-ae4c53ddfbf4	biorxiv:d00e7bca-700f-1014-91f0-ae4c53ddfbf4		TCF7L2+	TCF 7 L 2	5	5	1.0	0		
LLMarkers	llmarkers|biorxiv|d2042444-7138-1014-94ac-a1f590fd3173	llmarkers|biorxiv|d2042444-7138-1014-94ac-a1f590fd3173	biorxiv:d2042444-7138-1014-94ac-a1f590fd3173		BILE DUCT CELL	BILE DUCT CELL	3	2	0.6666666666666666	0		
LLMarkers	llmarkers|biorxiv|d2042444-7138-1014-94ac-a1f590fd3173	llmarkers|biorxiv|d2042444-7138-1014-94ac-a1f590fd3173	biorxiv:d2042444-7138-1014-94ac-a1f590fd3173		CD3E+ MACROPHAGE	CD 3 E MACROPHAGE	7	5	0.7142857142857143	0		
LLMarkers	llmarkers|biorxiv|d2042444-7138-1014-94ac-a1f590fd3173	llmarkers|biorxiv|d2042444-7138-1014-94ac-a1f590fd3173	biorxiv:d2042444-7138-1014-94ac-a1f590fd3173		CD8+ PROLIFERATING T CELL	CD 8 PROLIFERATING T CELL	4	3	0.75	0		
LLMarkers	llmarkers|biorxiv|d2042444-7138-1014-94ac-a1f590fd3173	llmarkers|biorxiv|d2042444-7138-1014-94ac-a1f590fd3173	biorxiv:d2042444-7138-1014-94ac-a1f590fd3173		CDC1	CDC 1	3	3	1.0	10	1.0	1.0
LLMarkers	llmarkers|biorxiv|d2042444-7138-1014-94ac-a1f590fd3173	llmarkers|biorxiv|d2042444-7138-1014-94ac-a1f590fd3173	biorxiv:d2042444-7138-1014-94ac-a1f590fd3173		CDC2	CDC 2	3	3	1.0	8	0.6666666666666666	0.6666666666666666
LLMarkers	llmarkers|biorxiv|d2042444-7138-1014-94ac-a1f590fd3173	llmarkers|biorxiv|d2042444-7138-1014-94ac-a1f590fd3173	biorxiv:d2042444-7138-1014-94ac-a1f590fd3173		DEFB1+ CHOLANGIOCYTE	DEFB 1 CHOLANGIOCYTE	8	2	0.25	0		
LLMarkers	llmarkers|biorxiv|d2042444-7138-1014-94ac-a1f590fd3173	llmarkers|biorxiv|d2042444-7138-1014-94ac-a1f590fd3173	biorxiv:d2042444-7138-1014-94ac-a1f590fd3173		ENDOTHELIAL CELL	ENDOTHELIAL CELL	3	3	1.0	27	1.0	1.0
LLMarkers	llmarkers|biorxiv|d2042444-7138-1014-94ac-a1f590fd3173	llmarkers|biorxiv|d2042444-7138-1014-94ac-a1f590fd3173	biorxiv:d2042444-7138-1014-94ac-a1f590fd3173		FOLR2+ MACROPHAGE	FOLR 2 MACROPHAGE	5	5	1.0	0		
LLMarkers	llmarkers|biorxiv|d2042444-7138-1014-94ac-a1f590fd3173	llmarkers|biorxiv|d2042444-7138-1014-94ac-a1f590fd3173	biorxiv:d2042444-7138-1014-94ac-a1f590fd3173		HEPATOCYTE	HEPATOCYTE	3	3	1.0	4	0.3333333333333333	0.3333333333333333
LLMarkers	llmarkers|biorxiv|d2042444-7138-1014-94ac-a1f590fd3173	llmarkers|biorxiv|d2042444-7138-1014-94ac-a1f590fd3173	biorxiv:d2042444-7138-1014-94ac-a1f590fd3173		IFI30+ MACROPHAGE	IFI 30 MACROPHAGE	4	4	1.0	0		
LLMarkers	llmarkers|biorxiv|d2042444-7138-1014-94ac-a1f590fd3173	llmarkers|biorxiv|d2042444-7138-1014-94ac-a1f590fd3173	biorxiv:d2042444-7138-1014-94ac-a1f590fd3173		KRTS+ MACROPHAGE	KRTS MACROPHAGE	3	2	0.6666666666666666	0		
LLMarkers	llmarkers|biorxiv|d2042444-7138-1014-94ac-a1f590fd3173	llmarkers|biorxiv|d2042444-7138-1014-94ac-a1f590fd3173	biorxiv:d2042444-7138-1014-94ac-a1f590fd3173		MONOCYTE	MONOCYTE	3	1	0.3333333333333333	23	1.0	1.0
LLMarkers	llmarkers|biorxiv|d2042444-7138-1014-94ac-a1f590fd3173	llmarkers|biorxiv|d2042444-7138-1014-94ac-a1f590fd3173	biorxiv:d2042444-7138-1014-94ac-a1f590fd3173		PLASMA CELL	PLASMA CELL	3	3	1.0	15	1.0	1.0
LLMarkers	llmarkers|biorxiv|d2042444-7138-1014-94ac-a1f590fd3173	llmarkers|biorxiv|d2042444-7138-1014-94ac-a1f590fd3173	biorxiv:d2042444-7138-1014-94ac-a1f590fd3173		PSCA+ CHOLANGIOCYTE	PSCA CHOLANGIOCYTE	7	1	0.14285714285714285	0		
LLMarkers	llmarkers|biorxiv|d2042444-7138-1014-94ac-a1f590fd3173	llmarkers|biorxiv|d2042444-7138-1014-94ac-a1f590fd3173	biorxiv:d2042444-7138-1014-94ac-a1f590fd3173		PTTG1+ CHOLANGIOCYTE	PTTG 1 CHOLANGIOCYTE	7	1	0.14285714285714285	0		
LLMarkers	llmarkers|biorxiv|d2042444-7138-1014-94ac-a1f590fd3173	llmarkers|biorxiv|d2042444-7138-1014-94ac-a1f590fd3173	biorxiv:d2042444-7138-1014-94ac-a1f590fd3173		TREG	TREG	5	4	0.8	14	1.0	1.0
LLMarkers	llmarkers|biorxiv|d249a77b-6c97-1014-8df4-e171a53e6bf0	llmarkers|biorxiv|d249a77b-6c97-1014-8df4-e171a53e6bf0	biorxiv:d249a77b-6c97-1014-8df4-e171a53e6bf0		CD38++	CD 38	6	6	1.0	0		
LLMarkers	llmarkers|biorxiv|d249a77b-6c97-1014-8df4-e171a53e6bf0	llmarkers|biorxiv|d249a77b-6c97-1014-8df4-e171a53e6bf0	biorxiv:d249a77b-6c97-1014-8df4-e171a53e6bf0		CD38++CD8+ EFFECTOR T-CELL	CD 38 CD 8 EFFECTOR T CELL	3	3	1.0	0		
LLMarkers	llmarkers|biorxiv|d5d99202-6f97-1014-84ab-c6b2cf40b34b	llmarkers|biorxiv|d5d99202-6f97-1014-84ab-c6b2cf40b34b	biorxiv:d5d99202-6f97-1014-84ab-c6b2cf40b34b		CHOROID PLEXUS	CHOROID PLEXUS	5	5	1.0	0		
LLMarkers	llmarkers|biorxiv|d5d99202-6f97-1014-84ab-c6b2cf40b34b	llmarkers|biorxiv|d5d99202-6f97-1014-84ab-c6b2cf40b34b	biorxiv:d5d99202-6f97-1014-84ab-c6b2cf40b34b		INHIBITORY NEURONS	INHIBITORY NEURONS	5	5	1.0	1	0.0	0.0
LLMarkers	llmarkers|biorxiv|d8ee72e2-7047-1014-a159-a9ef37bce7a4	llmarkers|biorxiv|d8ee72e2-7047-1014-a159-a9ef37bce7a4	biorxiv:d8ee72e2-7047-1014-a159-a9ef37bce7a4		CLUSTER 10	CLUSTER 10	3	3	1.0	0		
LLMarkers	llmarkers|biorxiv|d8ee72e2-7047-1014-a159-a9ef37bce7a4	llmarkers|biorxiv|d8ee72e2-7047-1014-a159-a9ef37bce7a4	biorxiv:d8ee72e2-7047-1014-a159-a9ef37bce7a4		DOMAIN 11	DOMAIN 11	3	3	1.0	0		
LLMarkers	llmarkers|biorxiv|d8ee72e2-7047-1014-a159-a9ef37bce7a4	llmarkers|biorxiv|d8ee72e2-7047-1014-a159-a9ef37bce7a4	biorxiv:d8ee72e2-7047-1014-a159-a9ef37bce7a4		DOMAIN 3	DOMAIN 3	4	4	1.0	0		
LLMarkers	llmarkers|biorxiv|d8ee72e2-7047-1014-a159-a9ef37bce7a4	llmarkers|biorxiv|d8ee72e2-7047-1014-a159-a9ef37bce7a4	biorxiv:d8ee72e2-7047-1014-a159-a9ef37bce7a4		DOMAIN 5	DOMAIN 5	3	1	0.3333333333333333	0		
LLMarkers	llmarkers|biorxiv|d8ee72e2-7047-1014-a159-a9ef37bce7a4	llmarkers|biorxiv|d8ee72e2-7047-1014-a159-a9ef37bce7a4	biorxiv:d8ee72e2-7047-1014-a159-a9ef37bce7a4		DOMAIN 6	DOMAIN 6	4	4	1.0	0		
LLMarkers	llmarkers|biorxiv|d8ee72e2-7047-1014-a159-a9ef37bce7a4	llmarkers|biorxiv|d8ee72e2-7047-1014-a159-a9ef37bce7a4	biorxiv:d8ee72e2-7047-1014-a159-a9ef37bce7a4		DOMAIN 9	DOMAIN 9	3	3	1.0	0		
LLMarkers	llmarkers|biorxiv|d8ee72e2-7047-1014-a159-a9ef37bce7a4	llmarkers|biorxiv|d8ee72e2-7047-1014-a159-a9ef37bce7a4	biorxiv:d8ee72e2-7047-1014-a159-a9ef37bce7a4		ENDOTHELIAL CELL	ENDOTHELIAL CELL	3	3	1.0	27	1.0	1.0
LLMarkers	llmarkers|biorxiv|d8ee72e2-7047-1014-a159-a9ef37bce7a4	llmarkers|biorxiv|d8ee72e2-7047-1014-a159-a9ef37bce7a4	biorxiv:d8ee72e2-7047-1014-a159-a9ef37bce7a4		EPITHELIAL CELL-DOMINANT DOMAIN 0	EPITHELIAL CELL DOMINANT DOMAIN 0	3	3	1.0	0		
LLMarkers	llmarkers|biorxiv|d8ee72e2-7047-1014-a159-a9ef37bce7a4	llmarkers|biorxiv|d8ee72e2-7047-1014-a159-a9ef37bce7a4	biorxiv:d8ee72e2-7047-1014-a159-a9ef37bce7a4		FIBROBLAST (COL1A1)	FIBROBLAST COL 1 A 1	3	3	1.0	0		
LLMarkers	llmarkers|biorxiv|d8ee72e2-7047-1014-a159-a9ef37bce7a4	llmarkers|biorxiv|d8ee72e2-7047-1014-a159-a9ef37bce7a4	biorxiv:d8ee72e2-7047-1014-a159-a9ef37bce7a4		FIBROBLAST (DPT)	FIBROBLAST DPT	3	2	0.6666666666666666	0		
LLMarkers	llmarkers|biorxiv|d8ee72e2-7047-1014-a159-a9ef37bce7a4	llmarkers|biorxiv|d8ee72e2-7047-1014-a159-a9ef37bce7a4	biorxiv:d8ee72e2-7047-1014-a159-a9ef37bce7a4		FIBROBLAST (STAR)	FIBROBLAST STAR	3	2	0.6666666666666666	0		
LLMarkers	llmarkers|biorxiv|d8ee72e2-7047-1014-a159-a9ef37bce7a4	llmarkers|biorxiv|d8ee72e2-7047-1014-a159-a9ef37bce7a4	biorxiv:d8ee72e2-7047-1014-a159-a9ef37bce7a4		MACROPHAGE	MACROPHAGE	3	3	1.0	28	1.0	1.0
LLMarkers	llmarkers|biorxiv|d8ee72e2-7047-1014-a159-a9ef37bce7a4	llmarkers|biorxiv|d8ee72e2-7047-1014-a159-a9ef37bce7a4	biorxiv:d8ee72e2-7047-1014-a159-a9ef37bce7a4		MESOTHELIAL CELL	MESOTHELIAL CELL	4	4	1.0	2	0.25	0.25
LLMarkers	llmarkers|biorxiv|d8ee72e2-7047-1014-a159-a9ef37bce7a4	llmarkers|biorxiv|d8ee72e2-7047-1014-a159-a9ef37bce7a4	biorxiv:d8ee72e2-7047-1014-a159-a9ef37bce7a4		NMF CLUSTER 3	NMF CLUSTER 3	4	2	0.5	0		
LLMarkers	llmarkers|biorxiv|d8ee72e2-7047-1014-a159-a9ef37bce7a4	llmarkers|biorxiv|d8ee72e2-7047-1014-a159-a9ef37bce7a4	biorxiv:d8ee72e2-7047-1014-a159-a9ef37bce7a4		NMF CLUSTER 6	NMF CLUSTER 6	4	4	1.0	0		
LLMarkers	llmarkers|biorxiv|d8ee72e2-7047-1014-a159-a9ef37bce7a4	llmarkers|biorxiv|d8ee72e2-7047-1014-a159-a9ef37bce7a4	biorxiv:d8ee72e2-7047-1014-a159-a9ef37bce7a4		PDC	PDC	3	3	1.0	0		
LLMarkers	llmarkers|biorxiv|d95d7dc6-6c35-1014-b1f0-b4af8a20948e	llmarkers|biorxiv|d95d7dc6-6c35-1014-b1f0-b4af8a20948e	biorxiv:d95d7dc6-6c35-1014-b1f0-b4af8a20948e		LGR5(+) CELL	LGR 5 CELL	5	5	1.0	0		
LLMarkers	llmarkers|biorxiv|d95d7dc6-6c35-1014-b1f0-b4af8a20948e	llmarkers|biorxiv|d95d7dc6-6c35-1014-b1f0-b4af8a20948e	biorxiv:d95d7dc6-6c35-1014-b1f0-b4af8a20948e		LGR5(-) CELL	LGR 5 CELL	3	3	1.0	0		
LLMarkers	llmarkers|biorxiv|d95eb71e-714d-1014-9dc7-c3da2c2efb45	llmarkers|biorxiv|d95eb71e-714d-1014-9dc7-c3da2c2efb45	biorxiv:d95eb71e-714d-1014-9dc7-c3da2c2efb45		DTC	DTC	9	8	0.8888888888888888	0		
LLMarkers	llmarkers|biorxiv|d95eb71e-714d-1014-9dc7-c3da2c2efb45	llmarkers|biorxiv|d95eb71e-714d-1014-9dc7-c3da2c2efb45	biorxiv:d95eb71e-714d-1014-9dc7-c3da2c2efb45		GD2-NEG/LOW DTC	GD 2 NEG LOW DTC	3	3	1.0	0		
LLMarkers	llmarkers|biorxiv|d95eb71e-714d-1014-9dc7-c3da2c2efb45	llmarkers|biorxiv|d95eb71e-714d-1014-9dc7-c3da2c2efb45	biorxiv:d95eb71e-714d-1014-9dc7-c3da2c2efb45		TUMOR CELL	TUMOR CELL	3	2	0.6666666666666666	2	0.0	0.0
LLMarkers	llmarkers|biorxiv|db8af155-6c8b-1014-b5f3-cedb7b3b1723	llmarkers|biorxiv|db8af155-6c8b-1014-b5f3-cedb7b3b1723	biorxiv:db8af155-6c8b-1014-b5f3-cedb7b3b1723		MAST CELL	MAST CELL	3	3	1.0	14	1.0	1.0
LLMarkers	llmarkers|biorxiv|dbf486c9-6c54-1014-9bc5-bf4d8f303013	llmarkers|biorxiv|dbf486c9-6c54-1014-9bc5-bf4d8f303013	biorxiv:dbf486c9-6c54-1014-9bc5-bf4d8f303013		B LYMPHOCYTE	B LYMPHOCYTE	3	0	0.0	0		
LLMarkers	llmarkers|biorxiv|dbf486c9-6c54-1014-9bc5-bf4d8f303013	llmarkers|biorxiv|dbf486c9-6c54-1014-9bc5-bf4d8f303013	biorxiv:dbf486c9-6c54-1014-9bc5-bf4d8f303013		DENDRITIC CELL	DENDRITIC CELL	3	0	0.0	6	0.0	
LLMarkers	llmarkers|biorxiv|dbf486c9-6c54-1014-9bc5-bf4d8f303013	llmarkers|biorxiv|dbf486c9-6c54-1014-9bc5-bf4d8f303013	biorxiv:dbf486c9-6c54-1014-9bc5-bf4d8f303013		GRANULOCYTE	GRANULOCYTE	4	0	0.0	1	0.0	
LLMarkers	llmarkers|biorxiv|dbf486c9-6c54-1014-9bc5-bf4d8f303013	llmarkers|biorxiv|dbf486c9-6c54-1014-9bc5-bf4d8f303013	biorxiv:dbf486c9-6c54-1014-9bc5-bf4d8f303013		MONOCYTE	MONOCYTE	4	0	0.0	23	0.0	
LLMarkers	llmarkers|biorxiv|dbf486c9-6c54-1014-9bc5-bf4d8f303013	llmarkers|biorxiv|dbf486c9-6c54-1014-9bc5-bf4d8f303013	biorxiv:dbf486c9-6c54-1014-9bc5-bf4d8f303013		NK CELL	NK CELL	3	0	0.0	15	0.0	
LLMarkers	llmarkers|biorxiv|dbf486c9-6c54-1014-9bc5-bf4d8f303013	llmarkers|biorxiv|dbf486c9-6c54-1014-9bc5-bf4d8f303013	biorxiv:dbf486c9-6c54-1014-9bc5-bf4d8f303013		T LYMPHOCYTE	T LYMPHOCYTE	3	0	0.0	1	0.0	
LLMarkers	llmarkers|biorxiv|dd32f357-70c5-1014-bad0-ccf1b5b647f4	llmarkers|biorxiv|dd32f357-70c5-1014-bad0-ccf1b5b647f4	biorxiv:dd32f357-70c5-1014-bad0-ccf1b5b647f4		ETP	ETP	9	7	0.7777777777777778	1	0.0	0.0
LLMarkers	llmarkers|biorxiv|dd32f357-70c5-1014-bad0-ccf1b5b647f4	llmarkers|biorxiv|dd32f357-70c5-1014-bad0-ccf1b5b647f4	biorxiv:dd32f357-70c5-1014-bad0-ccf1b5b647f4		HSC	HSC	8	6	0.75	4	0.125	0.0
LLMarkers	llmarkers|biorxiv|dd32f357-70c5-1014-bad0-ccf1b5b647f4	llmarkers|biorxiv|dd32f357-70c5-1014-bad0-ccf1b5b647f4	biorxiv:dd32f357-70c5-1014-bad0-ccf1b5b647f4		MEGAKARYOCYTIC (MK) PROGENITOR	MEGAKARYOCYTIC MK PROGENITOR	3	3	1.0	0		
LLMarkers	llmarkers|biorxiv|dd32f357-70c5-1014-bad0-ccf1b5b647f4	llmarkers|biorxiv|dd32f357-70c5-1014-bad0-ccf1b5b647f4	biorxiv:dd32f357-70c5-1014-bad0-ccf1b5b647f4		MULTIPOTENT PROGENITOR (MPP)	MULTIPOTENT PROGENITOR MPP	3	1	0.3333333333333333	0		
LLMarkers	llmarkers|biorxiv|dd32f357-70c5-1014-bad0-ccf1b5b647f4	llmarkers|biorxiv|dd32f357-70c5-1014-bad0-ccf1b5b647f4	biorxiv:dd32f357-70c5-1014-bad0-ccf1b5b647f4		MYELOID (MY) PROGENITOR	MYELOID MY PROGENITOR	3	3	1.0	0		
LLMarkers	llmarkers|biorxiv|dd32f357-70c5-1014-bad0-ccf1b5b647f4	llmarkers|biorxiv|dd32f357-70c5-1014-bad0-ccf1b5b647f4	biorxiv:dd32f357-70c5-1014-bad0-ccf1b5b647f4		T PROGENITOR	T PROGENITOR	4	2	0.5	0		
LLMarkers	llmarkers|biorxiv|dd32f357-70c5-1014-bad0-ccf1b5b647f4	llmarkers|biorxiv|dd32f357-70c5-1014-bad0-ccf1b5b647f4	biorxiv:dd32f357-70c5-1014-bad0-ccf1b5b647f4		TSP	TSP	3	3	1.0	0		
LLMarkers	llmarkers|biorxiv|de5904ff-71b0-1014-b1f7-fe7935302eab	llmarkers|biorxiv|de5904ff-71b0-1014-b1f7-fe7935302eab	biorxiv:de5904ff-71b0-1014-b1f7-fe7935302eab		T CELL	T CELL	11	11	1.0	37	0.36363636363636365	0.36363636363636365
LLMarkers	llmarkers|biorxiv|de6d33dd-734f-1014-a302-e21bedf0ba65	llmarkers|biorxiv|de6d33dd-734f-1014-a302-e21bedf0ba65	biorxiv:de6d33dd-734f-1014-a302-e21bedf0ba65		CD28-HINGE DOMAIN-SPECIFIC CLUSTER	CD 28 HINGE DOMAIN SPECIFIC CLUSTER	4	4	1.0	0		
LLMarkers	llmarkers|biorxiv|de6d33dd-734f-1014-a302-e21bedf0ba65	llmarkers|biorxiv|de6d33dd-734f-1014-a302-e21bedf0ba65	biorxiv:de6d33dd-734f-1014-a302-e21bedf0ba65		CD4+ MONOCYTE	CD 4 MONOCYTE	6	6	1.0	0		
LLMarkers	llmarkers|biorxiv|de6d33dd-734f-1014-a302-e21bedf0ba65	llmarkers|biorxiv|de6d33dd-734f-1014-a302-e21bedf0ba65	biorxiv:de6d33dd-734f-1014-a302-e21bedf0ba65		EXHAUSTION-LIKE CD8+ CAR-T CELL	EXHAUSTION LIKE CD 8 CAR T CELL	5	5	1.0	0		
LLMarkers	llmarkers|biorxiv|e2efdcad-73c4-1014-9c6c-8a89f519fd2d	llmarkers|biorxiv|e2efdcad-73c4-1014-9c6c-8a89f519fd2d	biorxiv:e2efdcad-73c4-1014-9c6c-8a89f519fd2d		CD4.10	CD 4 10	6	0	0.0	0		
LLMarkers	llmarkers|biorxiv|e2efdcad-73c4-1014-9c6c-8a89f519fd2d	llmarkers|biorxiv|e2efdcad-73c4-1014-9c6c-8a89f519fd2d	biorxiv:e2efdcad-73c4-1014-9c6c-8a89f519fd2d		CD4.4	CD 4 4	4	2	0.5	1	0.0	0.0
LLMarkers	llmarkers|biorxiv|e2efdcad-73c4-1014-9c6c-8a89f519fd2d	llmarkers|biorxiv|e2efdcad-73c4-1014-9c6c-8a89f519fd2d	biorxiv:e2efdcad-73c4-1014-9c6c-8a89f519fd2d		CD4.6	CD 4 6	6	6	1.0	0		
LLMarkers	llmarkers|biorxiv|e2efdcad-73c4-1014-9c6c-8a89f519fd2d	llmarkers|biorxiv|e2efdcad-73c4-1014-9c6c-8a89f519fd2d	biorxiv:e2efdcad-73c4-1014-9c6c-8a89f519fd2d		CD4.7	CD 4 7	7	4	0.5714285714285714	0		
LLMarkers	llmarkers|biorxiv|e2efdcad-73c4-1014-9c6c-8a89f519fd2d	llmarkers|biorxiv|e2efdcad-73c4-1014-9c6c-8a89f519fd2d	biorxiv:e2efdcad-73c4-1014-9c6c-8a89f519fd2d		CD4.9	CD 4 9	7	0	0.0	0		
LLMarkers	llmarkers|biorxiv|e2efdcad-73c4-1014-9c6c-8a89f519fd2d	llmarkers|biorxiv|e2efdcad-73c4-1014-9c6c-8a89f519fd2d	biorxiv:e2efdcad-73c4-1014-9c6c-8a89f519fd2d		CD8.2	CD 8 2	5	0	0.0	0		
LLMarkers	llmarkers|biorxiv|e2efdcad-73c4-1014-9c6c-8a89f519fd2d	llmarkers|biorxiv|e2efdcad-73c4-1014-9c6c-8a89f519fd2d	biorxiv:e2efdcad-73c4-1014-9c6c-8a89f519fd2d		CD8.3	CD 8 3	5	0	0.0	0		
LLMarkers	llmarkers|biorxiv|e2efdcad-73c4-1014-9c6c-8a89f519fd2d	llmarkers|biorxiv|e2efdcad-73c4-1014-9c6c-8a89f519fd2d	biorxiv:e2efdcad-73c4-1014-9c6c-8a89f519fd2d		CD8.4	CD 8 4	6	2	0.3333333333333333	1	0.0	0.0
LLMarkers	llmarkers|biorxiv|e2efdcad-73c4-1014-9c6c-8a89f519fd2d	llmarkers|biorxiv|e2efdcad-73c4-1014-9c6c-8a89f519fd2d	biorxiv:e2efdcad-73c4-1014-9c6c-8a89f519fd2d		CD8.5	CD 8 5	5	0	0.0	0		
LLMarkers	llmarkers|biorxiv|e2efdcad-73c4-1014-9c6c-8a89f519fd2d	llmarkers|biorxiv|e2efdcad-73c4-1014-9c6c-8a89f519fd2d	biorxiv:e2efdcad-73c4-1014-9c6c-8a89f519fd2d		CD8.8	CD 8 8	11	1	0.09090909090909091	0		
LLMarkers	llmarkers|biorxiv|e2efdcad-73c4-1014-9c6c-8a89f519fd2d	llmarkers|biorxiv|e2efdcad-73c4-1014-9c6c-8a89f519fd2d	biorxiv:e2efdcad-73c4-1014-9c6c-8a89f519fd2d		CDC2.1	CDC 2 1	5	5	1.0	0		
LLMarkers	llmarkers|biorxiv|e2efdcad-73c4-1014-9c6c-8a89f519fd2d	llmarkers|biorxiv|e2efdcad-73c4-1014-9c6c-8a89f519fd2d	biorxiv:e2efdcad-73c4-1014-9c6c-8a89f519fd2d		CDC2.4	CDC 2 4	4	4	1.0	0		
LLMarkers	llmarkers|biorxiv|e2efdcad-73c4-1014-9c6c-8a89f519fd2d	llmarkers|biorxiv|e2efdcad-73c4-1014-9c6c-8a89f519fd2d	biorxiv:e2efdcad-73c4-1014-9c6c-8a89f519fd2d		CLUB	CLUB	4	4	1.0	0		
LLMarkers	llmarkers|biorxiv|e2efdcad-73c4-1014-9c6c-8a89f519fd2d	llmarkers|biorxiv|e2efdcad-73c4-1014-9c6c-8a89f519fd2d	biorxiv:e2efdcad-73c4-1014-9c6c-8a89f519fd2d		MAC.5	MAC 5	7	7	1.0	0		
LLMarkers	llmarkers|biorxiv|e2efdcad-73c4-1014-9c6c-8a89f519fd2d	llmarkers|biorxiv|e2efdcad-73c4-1014-9c6c-8a89f519fd2d	biorxiv:e2efdcad-73c4-1014-9c6c-8a89f519fd2d		MREGDC	MREGDC	8	7	0.875	2	0.75	0.7142857142857143
LLMarkers	llmarkers|biorxiv|e2efdcad-73c4-1014-9c6c-8a89f519fd2d	llmarkers|biorxiv|e2efdcad-73c4-1014-9c6c-8a89f519fd2d	biorxiv:e2efdcad-73c4-1014-9c6c-8a89f519fd2d		MYOFIBROBLASTS	MYOFIBROBLASTS	10	10	1.0	4	0.2	0.2
LLMarkers	llmarkers|biorxiv|e2efdcad-73c4-1014-9c6c-8a89f519fd2d	llmarkers|biorxiv|e2efdcad-73c4-1014-9c6c-8a89f519fd2d	biorxiv:e2efdcad-73c4-1014-9c6c-8a89f519fd2d		NK.2	NK 2	4	2	0.5	1	0.0	0.0
LLMarkers	llmarkers|biorxiv|e2efdcad-73c4-1014-9c6c-8a89f519fd2d	llmarkers|biorxiv|e2efdcad-73c4-1014-9c6c-8a89f519fd2d	biorxiv:e2efdcad-73c4-1014-9c6c-8a89f519fd2d		NK.6	NK 6	6	2	0.3333333333333333	0		
LLMarkers	llmarkers|biorxiv|e2efdcad-73c4-1014-9c6c-8a89f519fd2d	llmarkers|biorxiv|e2efdcad-73c4-1014-9c6c-8a89f519fd2d	biorxiv:e2efdcad-73c4-1014-9c6c-8a89f519fd2d		PERICYTES/SMOOTH MUSCLE CELLS	PERICYTES SMOOTH MUSCLE CELLS	3	3	1.0	0		
LLMarkers	llmarkers|biorxiv|e2efdcad-73c4-1014-9c6c-8a89f519fd2d	llmarkers|biorxiv|e2efdcad-73c4-1014-9c6c-8a89f519fd2d	biorxiv:e2efdcad-73c4-1014-9c6c-8a89f519fd2d		TREG.1	TREG 1	4	0	0.0	0		
LLMarkers	llmarkers|biorxiv|e2efdcad-73c4-1014-9c6c-8a89f519fd2d	llmarkers|biorxiv|e2efdcad-73c4-1014-9c6c-8a89f519fd2d	biorxiv:e2efdcad-73c4-1014-9c6c-8a89f519fd2d		TREG.2	TREG 2	16	10	0.625	0		
LLMarkers	llmarkers|biorxiv|e3312584-7421-1014-b0a7-823d4471ccf1	llmarkers|biorxiv|e3312584-7421-1014-b0a7-823d4471ccf1	biorxiv:e3312584-7421-1014-b0a7-823d4471ccf1		CLUSTER 0	CLUSTER 0	3	3	1.0	4	0.0	0.0
LLMarkers	llmarkers|biorxiv|e3312584-7421-1014-b0a7-823d4471ccf1	llmarkers|biorxiv|e3312584-7421-1014-b0a7-823d4471ccf1	biorxiv:e3312584-7421-1014-b0a7-823d4471ccf1		CXCL9-POSITIVE	CXCL 9 POSITIVE	4	1	0.25	0		
LLMarkers	llmarkers|biorxiv|e3312584-7421-1014-b0a7-823d4471ccf1	llmarkers|biorxiv|e3312584-7421-1014-b0a7-823d4471ccf1	biorxiv:e3312584-7421-1014-b0a7-823d4471ccf1		EPI1	EPI 1	3	3	1.0	1	0.0	0.0
LLMarkers	llmarkers|biorxiv|e3312584-7421-1014-b0a7-823d4471ccf1	llmarkers|biorxiv|e3312584-7421-1014-b0a7-823d4471ccf1	biorxiv:e3312584-7421-1014-b0a7-823d4471ccf1		EPI4	EPI 4	3	3	1.0	2	0.0	0.0
LLMarkers	llmarkers|biorxiv|e3312584-7421-1014-b0a7-823d4471ccf1	llmarkers|biorxiv|e3312584-7421-1014-b0a7-823d4471ccf1	biorxiv:e3312584-7421-1014-b0a7-823d4471ccf1		MACROPHAGE	MACROPHAGE	3	2	0.6666666666666666	28	1.0	1.0
LLMarkers	llmarkers|biorxiv|e3312584-7421-1014-b0a7-823d4471ccf1	llmarkers|biorxiv|e3312584-7421-1014-b0a7-823d4471ccf1	biorxiv:e3312584-7421-1014-b0a7-823d4471ccf1		NAÏVE T CELL	NAIVE T CELL	6	5	0.8333333333333334	2	0.5	0.6
LLMarkers	llmarkers|biorxiv|e3312584-7421-1014-b0a7-823d4471ccf1	llmarkers|biorxiv|e3312584-7421-1014-b0a7-823d4471ccf1	biorxiv:e3312584-7421-1014-b0a7-823d4471ccf1		NEUTROPHIL CLUSTER	NEUTROPHIL CLUSTER	6	6	1.0	0		
LLMarkers	llmarkers|biorxiv|e3312584-7421-1014-b0a7-823d4471ccf1	llmarkers|biorxiv|e3312584-7421-1014-b0a7-823d4471ccf1	biorxiv:e3312584-7421-1014-b0a7-823d4471ccf1		SPP1-POSITIVE	SPP 1 POSITIVE	4	1	0.25	0		
LLMarkers	llmarkers|biorxiv|e3c88c7c-7fe3-1014-8c3f-f97dd191bd5b	llmarkers|biorxiv|e3c88c7c-7fe3-1014-8c3f-f97dd191bd5b	biorxiv:e3c88c7c-7fe3-1014-8c3f-f97dd191bd5b		DUCTAL	DUCTAL	4	1	0.25	0		
LLMarkers	llmarkers|biorxiv|e3c88c7c-7fe3-1014-8c3f-f97dd191bd5b	llmarkers|biorxiv|e3c88c7c-7fe3-1014-8c3f-f97dd191bd5b	biorxiv:e3c88c7c-7fe3-1014-8c3f-f97dd191bd5b		DUCTAL NEOPLASTIC CELL	DUCTAL NEOPLASTIC CELL	6	1	0.16666666666666666	0		
LLMarkers	llmarkers|biorxiv|e3c88c7c-7fe3-1014-8c3f-f97dd191bd5b	llmarkers|biorxiv|e3c88c7c-7fe3-1014-8c3f-f97dd191bd5b	biorxiv:e3c88c7c-7fe3-1014-8c3f-f97dd191bd5b		DUCTAL TUMOR CELL	DUCTAL TUMOR CELL	5	0	0.0	0		
LLMarkers	llmarkers|biorxiv|e3c88c7c-7fe3-1014-8c3f-f97dd191bd5b	llmarkers|biorxiv|e3c88c7c-7fe3-1014-8c3f-f97dd191bd5b	biorxiv:e3c88c7c-7fe3-1014-8c3f-f97dd191bd5b		HPSC	HPSC	5	5	1.0	0		
LLMarkers	llmarkers|biorxiv|e3c88c7c-7fe3-1014-8c3f-f97dd191bd5b	llmarkers|biorxiv|e3c88c7c-7fe3-1014-8c3f-f97dd191bd5b	biorxiv:e3c88c7c-7fe3-1014-8c3f-f97dd191bd5b		ICAF-LIKE	ICAF LIKE	3	3	1.0	0		
LLMarkers	llmarkers|biorxiv|e3c9e28c-70c5-1014-9616-aa7d906f9d5d	llmarkers|biorxiv|e3c9e28c-70c5-1014-9616-aa7d906f9d5d	biorxiv:e3c9e28c-70c5-1014-9616-aa7d906f9d5d		MICROGLIA	MICROGLIA	4	4	1.0	17	0.75	0.75
LLMarkers	llmarkers|biorxiv|e41f3b4d-7312-1014-8c3d-9c868a469aab	llmarkers|biorxiv|e41f3b4d-7312-1014-8c3d-9c868a469aab	biorxiv:e41f3b4d-7312-1014-8c3d-9c868a469aab		TR1	TR 1	12	12	1.0	0		
LLMarkers	llmarkers|biorxiv|e6391442-6c81-1014-9943-822578d46439	llmarkers|biorxiv|e6391442-6c81-1014-9943-822578d46439	biorxiv:e6391442-6c81-1014-9943-822578d46439		NEUROGENIC	NEUROGENIC	5	5	1.0	0		
LLMarkers	llmarkers|biorxiv|e69e6aa5-6cf9-1014-aa41-9f7e5b3de6e8	llmarkers|biorxiv|e69e6aa5-6cf9-1014-aa41-9f7e5b3de6e8	biorxiv:e69e6aa5-6cf9-1014-aa41-9f7e5b3de6e8		CARDIAC MESODERM	CARDIAC MESODERM	8	7	0.875	0		
LLMarkers	llmarkers|biorxiv|e69e6aa5-6cf9-1014-aa41-9f7e5b3de6e8	llmarkers|biorxiv|e69e6aa5-6cf9-1014-aa41-9f7e5b3de6e8	biorxiv:e69e6aa5-6cf9-1014-aa41-9f7e5b3de6e8		CARDIOMYOCYTE	CARDIOMYOCYTE	7	7	1.0	8	0.5714285714285714	0.5714285714285714
LLMarkers	llmarkers|biorxiv|e69e6aa5-6cf9-1014-aa41-9f7e5b3de6e8	llmarkers|biorxiv|e69e6aa5-6cf9-1014-aa41-9f7e5b3de6e8	biorxiv:e69e6aa5-6cf9-1014-aa41-9f7e5b3de6e8		CMEC	CMEC	16	10	0.625	0		
LLMarkers	llmarkers|biorxiv|e69e6aa5-6cf9-1014-aa41-9f7e5b3de6e8	llmarkers|biorxiv|e69e6aa5-6cf9-1014-aa41-9f7e5b3de6e8	biorxiv:e69e6aa5-6cf9-1014-aa41-9f7e5b3de6e8		CMECS_MT	CMECS MT	10	1	0.1	0		
LLMarkers	llmarkers|biorxiv|e69e6aa5-6cf9-1014-aa41-9f7e5b3de6e8	llmarkers|biorxiv|e69e6aa5-6cf9-1014-aa41-9f7e5b3de6e8	biorxiv:e69e6aa5-6cf9-1014-aa41-9f7e5b3de6e8		ENDOCARDIUM	ENDOCARDIUM	7	6	0.8571428571428571	0		
LLMarkers	llmarkers|biorxiv|e69e6aa5-6cf9-1014-aa41-9f7e5b3de6e8	llmarkers|biorxiv|e69e6aa5-6cf9-1014-aa41-9f7e5b3de6e8	biorxiv:e69e6aa5-6cf9-1014-aa41-9f7e5b3de6e8		INTRAMYOCARDIAL EC	INTRAMYOCARDIAL EC	9	2	0.2222222222222222	0		
LLMarkers	llmarkers|biorxiv|e69e6aa5-6cf9-1014-aa41-9f7e5b3de6e8	llmarkers|biorxiv|e69e6aa5-6cf9-1014-aa41-9f7e5b3de6e8	biorxiv:e69e6aa5-6cf9-1014-aa41-9f7e5b3de6e8		PARAXIAL MESODERM	PARAXIAL MESODERM	8	4	0.5	0		
LLMarkers	llmarkers|biorxiv|e69e6aa5-6cf9-1014-aa41-9f7e5b3de6e8	llmarkers|biorxiv|e69e6aa5-6cf9-1014-aa41-9f7e5b3de6e8	biorxiv:e69e6aa5-6cf9-1014-aa41-9f7e5b3de6e8		PMEC	PMEC	16	7	0.4375	0		
LLMarkers	llmarkers|biorxiv|e69e6aa5-6cf9-1014-aa41-9f7e5b3de6e8	llmarkers|biorxiv|e69e6aa5-6cf9-1014-aa41-9f7e5b3de6e8	biorxiv:e69e6aa5-6cf9-1014-aa41-9f7e5b3de6e8		PMECS_MT	PMECS MT	7	0	0.0	0		
LLMarkers	llmarkers|biorxiv|e6e04172-6c15-1014-9229-c57ac33d21f6	llmarkers|biorxiv|e6e04172-6c15-1014-9229-c57ac33d21f6	biorxiv:e6e04172-6c15-1014-9229-c57ac33d21f6		B-CELL	B CELL	3	3	1.0	29	1.0	1.0
LLMarkers	llmarkers|biorxiv|e6e04172-6c15-1014-9229-c57ac33d21f6	llmarkers|biorxiv|e6e04172-6c15-1014-9229-c57ac33d21f6	biorxiv:e6e04172-6c15-1014-9229-c57ac33d21f6		MONOCYTE	MONOCYTE	4	4	1.0	23	1.0	1.0
LLMarkers	llmarkers|biorxiv|e70d54a8-74bd-1014-b600-d60c5a656b30	llmarkers|biorxiv|e70d54a8-74bd-1014-b600-d60c5a656b30	biorxiv:e70d54a8-74bd-1014-b600-d60c5a656b30		MIX_2	MIX 2	5	5	1.0	0		
LLMarkers	llmarkers|biorxiv|e7144333-745a-1014-ab12-e9455a30c9da	llmarkers|biorxiv|e7144333-745a-1014-ab12-e9455a30c9da	biorxiv:e7144333-745a-1014-ab12-e9455a30c9da		EPI	EPI	7	0	0.0	3	1.0	
LLMarkers	llmarkers|biorxiv|e7144333-745a-1014-ab12-e9455a30c9da	llmarkers|biorxiv|e7144333-745a-1014-ab12-e9455a30c9da	biorxiv:e7144333-745a-1014-ab12-e9455a30c9da		EPIBLAST	EPIBLAST	3	0	0.0	2	0.6666666666666666	
LLMarkers	llmarkers|biorxiv|e7144333-745a-1014-ab12-e9455a30c9da	llmarkers|biorxiv|e7144333-745a-1014-ab12-e9455a30c9da	biorxiv:e7144333-745a-1014-ab12-e9455a30c9da		ICM	ICM	5	0	0.0	1	0.6	
LLMarkers	llmarkers|biorxiv|e7144333-745a-1014-ab12-e9455a30c9da	llmarkers|biorxiv|e7144333-745a-1014-ab12-e9455a30c9da	biorxiv:e7144333-745a-1014-ab12-e9455a30c9da		PRE	PRE	3	3	1.0	1	0.6666666666666666	0.6666666666666666
LLMarkers	llmarkers|biorxiv|e7144333-745a-1014-ab12-e9455a30c9da	llmarkers|biorxiv|e7144333-745a-1014-ab12-e9455a30c9da	biorxiv:e7144333-745a-1014-ab12-e9455a30c9da		TE	TE	3	3	1.0	3	0.3333333333333333	0.3333333333333333
LLMarkers	llmarkers|biorxiv|e78eaa01-6c93-1014-839e-bb3dc2108ab1	llmarkers|biorxiv|e78eaa01-6c93-1014-839e-bb3dc2108ab1	biorxiv:e78eaa01-6c93-1014-839e-bb3dc2108ab1		HTDSC	HTDSC	4	4	1.0	0		
LLMarkers	llmarkers|biorxiv|e78eaa01-6c93-1014-839e-bb3dc2108ab1	llmarkers|biorxiv|e78eaa01-6c93-1014-839e-bb3dc2108ab1	biorxiv:e78eaa01-6c93-1014-839e-bb3dc2108ab1		HTDSCS	HTDSCS	3	3	1.0	0		
LLMarkers	llmarkers|biorxiv|e8350987-7003-1014-ae7a-192d8e5e2a06	llmarkers|biorxiv|e8350987-7003-1014-ae7a-192d8e5e2a06	biorxiv:e8350987-7003-1014-ae7a-192d8e5e2a06		LV CMS	LV CMS	3	0	0.0	0		
LLMarkers	llmarkers|biorxiv|e8350987-7003-1014-ae7a-192d8e5e2a06	llmarkers|biorxiv|e8350987-7003-1014-ae7a-192d8e5e2a06	biorxiv:e8350987-7003-1014-ae7a-192d8e5e2a06		MATURE CMS	MATURE CMS	19	16	0.8421052631578947	0		
LLMarkers	llmarkers|biorxiv|e91c125a-709d-1014-bc43-9d192767cd15	llmarkers|biorxiv|e91c125a-709d-1014-bc43-9d192767cd15	biorxiv:e91c125a-709d-1014-bc43-9d192767cd15		AT2	AT 2	18	7	0.3888888888888889	9	0.0	0.0
LLMarkers	llmarkers|biorxiv|e91c125a-709d-1014-bc43-9d192767cd15	llmarkers|biorxiv|e91c125a-709d-1014-bc43-9d192767cd15	biorxiv:e91c125a-709d-1014-bc43-9d192767cd15		BASAL	BASAL	10	0	0.0	6	0.0	
LLMarkers	llmarkers|biorxiv|e91c125a-709d-1014-bc43-9d192767cd15	llmarkers|biorxiv|e91c125a-709d-1014-bc43-9d192767cd15	biorxiv:e91c125a-709d-1014-bc43-9d192767cd15		FIBROBLAST	FIBROBLAST	24	12	0.5	28	0.0	0.0
LLMarkers	llmarkers|biorxiv|e91c125a-709d-1014-bc43-9d192767cd15	llmarkers|biorxiv|e91c125a-709d-1014-bc43-9d192767cd15	biorxiv:e91c125a-709d-1014-bc43-9d192767cd15		TYPE II PNEUMOCYTE	TYPE II PNEUMOCYTE	5	1	0.2	1	0.0	0.0
LLMarkers	llmarkers|biorxiv|e9d73630-745a-1014-825d-9281d616c32c	llmarkers|biorxiv|e9d73630-745a-1014-825d-9281d616c32c	biorxiv:e9d73630-745a-1014-825d-9281d616c32c		FORMATIVE PLURIPOTENCY	FORMATIVE PLURIPOTENCY	5	5	1.0	0		
LLMarkers	llmarkers|biorxiv|e9d73630-745a-1014-825d-9281d616c32c	llmarkers|biorxiv|e9d73630-745a-1014-825d-9281d616c32c	biorxiv:e9d73630-745a-1014-825d-9281d616c32c		IMPRINTED GENE CLUSTER	IMPRINTED GENE CLUSTER	3	3	1.0	0		
LLMarkers	llmarkers|biorxiv|e9d73630-745a-1014-825d-9281d616c32c	llmarkers|biorxiv|e9d73630-745a-1014-825d-9281d616c32c	biorxiv:e9d73630-745a-1014-825d-9281d616c32c		NAÏVE HPSC	NAIVE HPSC	6	6	1.0	0		
LLMarkers	llmarkers|biorxiv|e9d73630-745a-1014-825d-9281d616c32c	llmarkers|biorxiv|e9d73630-745a-1014-825d-9281d616c32c	biorxiv:e9d73630-745a-1014-825d-9281d616c32c		PRIMED	PRIMED	6	6	1.0	0		
LLMarkers	llmarkers|biorxiv|e9d73630-745a-1014-825d-9281d616c32c	llmarkers|biorxiv|e9d73630-745a-1014-825d-9281d616c32c	biorxiv:e9d73630-745a-1014-825d-9281d616c32c		PRIMED HESC	PRIMED HESC	3	3	1.0	0		
LLMarkers	llmarkers|biorxiv|e9d73630-745a-1014-825d-9281d616c32c	llmarkers|biorxiv|e9d73630-745a-1014-825d-9281d616c32c	biorxiv:e9d73630-745a-1014-825d-9281d616c32c		RSET HESC	RSET HESC	4	4	1.0	0		
LLMarkers	llmarkers|biorxiv|ebaf49e5-7438-1014-8951-c3e925f71d14	llmarkers|biorxiv|ebaf49e5-7438-1014-8951-c3e925f71d14	biorxiv:ebaf49e5-7438-1014-8951-c3e925f71d14		CLUSTER 0	CLUSTER 0	5	4	0.8	4	0.0	0.0
LLMarkers	llmarkers|biorxiv|ebaf49e5-7438-1014-8951-c3e925f71d14	llmarkers|biorxiv|ebaf49e5-7438-1014-8951-c3e925f71d14	biorxiv:ebaf49e5-7438-1014-8951-c3e925f71d14		CLUSTER 2	CLUSTER 2	5	5	1.0	18	0.0	0.0
LLMarkers	llmarkers|biorxiv|ebaf49e5-7438-1014-8951-c3e925f71d14	llmarkers|biorxiv|ebaf49e5-7438-1014-8951-c3e925f71d14	biorxiv:ebaf49e5-7438-1014-8951-c3e925f71d14		CLUSTER 3	CLUSTER 3	6	6	1.0	11	0.0	0.0
LLMarkers	llmarkers|biorxiv|ebaf49e5-7438-1014-8951-c3e925f71d14	llmarkers|biorxiv|ebaf49e5-7438-1014-8951-c3e925f71d14	biorxiv:ebaf49e5-7438-1014-8951-c3e925f71d14		DYSFUNCTIONAL CD14 MONOCYTE	DYSFUNCTIONAL CD 14 MONOCYTE	5	1	0.2	0		
LLMarkers	llmarkers|biorxiv|ebaf49e5-7438-1014-8951-c3e925f71d14	llmarkers|biorxiv|ebaf49e5-7438-1014-8951-c3e925f71d14	biorxiv:ebaf49e5-7438-1014-8951-c3e925f71d14		SHARED	SHARED	7	2	0.2857142857142857	0		
LLMarkers	llmarkers|biorxiv|eceae834-7948-1014-8997-9142ec9c1cd4	llmarkers|biorxiv|eceae834-7948-1014-8997-9142ec9c1cd4	biorxiv:eceae834-7948-1014-8997-9142ec9c1cd4		CARDIOMYOCYTES	CARDIOMYOCYTES	6	5	0.8333333333333334	1	0.16666666666666666	0.2
LLMarkers	llmarkers|biorxiv|eceae834-7948-1014-8997-9142ec9c1cd4	llmarkers|biorxiv|eceae834-7948-1014-8997-9142ec9c1cd4	biorxiv:eceae834-7948-1014-8997-9142ec9c1cd4		EXTRAEMBRYONIC MESODERM-LIKE LINEAGE	EXTRAEMBRYONIC MESODERM LIKE LINEAGE	3	3	1.0	0		
LLMarkers	llmarkers|biorxiv|eceae834-7948-1014-8997-9142ec9c1cd4	llmarkers|biorxiv|eceae834-7948-1014-8997-9142ec9c1cd4	biorxiv:eceae834-7948-1014-8997-9142ec9c1cd4		FHF-LIKE LINEAGE	FHF LIKE LINEAGE	3	2	0.6666666666666666	0		
LLMarkers	llmarkers|biorxiv|eceae834-7948-1014-8997-9142ec9c1cd4	llmarkers|biorxiv|eceae834-7948-1014-8997-9142ec9c1cd4	biorxiv:eceae834-7948-1014-8997-9142ec9c1cd4		FHF/JCF-LIKE LINEAGE	FHF JCF LIKE LINEAGE	5	3	0.6	0		
LLMarkers	llmarkers|biorxiv|eceae834-7948-1014-8997-9142ec9c1cd4	llmarkers|biorxiv|eceae834-7948-1014-8997-9142ec9c1cd4	biorxiv:eceae834-7948-1014-8997-9142ec9c1cd4		GFP+ CELLS	GFP CELLS	3	2	0.6666666666666666	0		
LLMarkers	llmarkers|biorxiv|eceae834-7948-1014-8997-9142ec9c1cd4	llmarkers|biorxiv|eceae834-7948-1014-8997-9142ec9c1cd4	biorxiv:eceae834-7948-1014-8997-9142ec9c1cd4		HAND1-NULL SHF-LIKE LINEAGE	HAND 1 NULL SHF LIKE LINEAGE	3	1	0.3333333333333333	0		
LLMarkers	llmarkers|biorxiv|eceae834-7948-1014-8997-9142ec9c1cd4	llmarkers|biorxiv|eceae834-7948-1014-8997-9142ec9c1cd4	biorxiv:eceae834-7948-1014-8997-9142ec9c1cd4		JCF-LIKE	JCF LIKE	5	2	0.4	0		
LLMarkers	llmarkers|biorxiv|eceae834-7948-1014-8997-9142ec9c1cd4	llmarkers|biorxiv|eceae834-7948-1014-8997-9142ec9c1cd4	biorxiv:eceae834-7948-1014-8997-9142ec9c1cd4		SHF-LIKE LINEAGE	SHF LIKE LINEAGE	8	6	0.75	0		
LLMarkers	llmarkers|biorxiv|eceae834-7948-1014-8997-9142ec9c1cd4	llmarkers|biorxiv|eceae834-7948-1014-8997-9142ec9c1cd4	biorxiv:eceae834-7948-1014-8997-9142ec9c1cd4		SOX17+ POPULATION	SOX 17 POPULATION	3	3	1.0	0		
LLMarkers	llmarkers|biorxiv|eda68d46-7b76-1014-b9f8-bf62f9afae8d	llmarkers|biorxiv|eda68d46-7b76-1014-b9f8-bf62f9afae8d	biorxiv:eda68d46-7b76-1014-b9f8-bf62f9afae8d		FIBROBLAST CLUSTERS	FIBROBLAST CLUSTERS	3	2	0.6666666666666666	0		
LLMarkers	llmarkers|biorxiv|eda68d46-7b76-1014-b9f8-bf62f9afae8d	llmarkers|biorxiv|eda68d46-7b76-1014-b9f8-bf62f9afae8d	biorxiv:eda68d46-7b76-1014-b9f8-bf62f9afae8d		MUSCLE CELL POPULATION	MUSCLE CELL POPULATION	5	5	1.0	0		
LLMarkers	llmarkers|biorxiv|eda68d46-7b76-1014-b9f8-bf62f9afae8d	llmarkers|biorxiv|eda68d46-7b76-1014-b9f8-bf62f9afae8d	biorxiv:eda68d46-7b76-1014-b9f8-bf62f9afae8d		MYB-EXPRESSING STROMAL CELLS	MYB EXPRESSING STROMAL CELLS	3	3	1.0	0		
LLMarkers	llmarkers|biorxiv|eda68d46-7b76-1014-b9f8-bf62f9afae8d	llmarkers|biorxiv|eda68d46-7b76-1014-b9f8-bf62f9afae8d	biorxiv:eda68d46-7b76-1014-b9f8-bf62f9afae8d		NON-MYB STROMAL CELLS	NON MYB STROMAL CELLS	3	2	0.6666666666666666	0		
LLMarkers	llmarkers|biorxiv|eda68d46-7b76-1014-b9f8-bf62f9afae8d	llmarkers|biorxiv|eda68d46-7b76-1014-b9f8-bf62f9afae8d	biorxiv:eda68d46-7b76-1014-b9f8-bf62f9afae8d		NON-MYB-EXPRESSING EPITHELIAL CLUSTERS	NON MYB EXPRESSING EPITHELIAL CLUSTERS	4	4	1.0	0		
LLMarkers	llmarkers|biorxiv|eda68d46-7b76-1014-b9f8-bf62f9afae8d	llmarkers|biorxiv|eda68d46-7b76-1014-b9f8-bf62f9afae8d	biorxiv:eda68d46-7b76-1014-b9f8-bf62f9afae8d		NON-MYB-EXPRESSING EPITHELIAL POPULATIONS	NON MYB EXPRESSING EPITHELIAL POPULATIONS	4	4	1.0	0		
LLMarkers	llmarkers|biorxiv|eda68d46-7b76-1014-b9f8-bf62f9afae8d	llmarkers|biorxiv|eda68d46-7b76-1014-b9f8-bf62f9afae8d	biorxiv:eda68d46-7b76-1014-b9f8-bf62f9afae8d		PLASMA CELL (PC) CLUSTERS	PLASMA CELL PC CLUSTERS	4	4	1.0	0		
LLMarkers	llmarkers|biorxiv|ede8f8d0-6d2d-1014-a8e8-fbbc8a92dcf4	llmarkers|biorxiv|ede8f8d0-6d2d-1014-a8e8-fbbc8a92dcf4	biorxiv:ede8f8d0-6d2d-1014-a8e8-fbbc8a92dcf4		AT2	AT 2	3	0	0.0	9	1.0	
LLMarkers	llmarkers|biorxiv|ede8f8d0-6d2d-1014-a8e8-fbbc8a92dcf4	llmarkers|biorxiv|ede8f8d0-6d2d-1014-a8e8-fbbc8a92dcf4	biorxiv:ede8f8d0-6d2d-1014-a8e8-fbbc8a92dcf4		TRANSIENT SECRETORY CELL	TRANSIENT SECRETORY CELL	4	1	0.25	1	1.0	1.0
LLMarkers	llmarkers|biorxiv|ee1031b0-6c51-1014-b641-cbb0196af9f8	llmarkers|biorxiv|ee1031b0-6c51-1014-b641-cbb0196af9f8	biorxiv:ee1031b0-6c51-1014-b641-cbb0196af9f8		EPITHELIAL CELLS, SECRETORY PRECURSOR AND HORMONE-SENSING CELLS	EPITHELIAL CELLS SECRETORY PRECURSOR AND HORMONE SENSING CELLS	3	3	1.0	0		
LLMarkers	llmarkers|biorxiv|ee1031b0-6c51-1014-b641-cbb0196af9f8	llmarkers|biorxiv|ee1031b0-6c51-1014-b641-cbb0196af9f8	biorxiv:ee1031b0-6c51-1014-b641-cbb0196af9f8		FEMALE-BIASED GENES	FEMALE BIASED GENES	6	5	0.8333333333333334	0		
LLMarkers	llmarkers|biorxiv|ee1031b0-6c51-1014-b641-cbb0196af9f8	llmarkers|biorxiv|ee1031b0-6c51-1014-b641-cbb0196af9f8	biorxiv:ee1031b0-6c51-1014-b641-cbb0196af9f8		GLANDULAR-ENRICHED GENES	GLANDULAR ENRICHED GENES	10	6	0.6	0		
LLMarkers	llmarkers|biorxiv|ee1031b0-6c51-1014-b641-cbb0196af9f8	llmarkers|biorxiv|ee1031b0-6c51-1014-b641-cbb0196af9f8	biorxiv:ee1031b0-6c51-1014-b641-cbb0196af9f8		LUMINAL EPITHELIAL	LUMINAL EPITHELIAL	4	0	0.0	1	0.0	
LLMarkers	llmarkers|biorxiv|ee1031b0-6c51-1014-b641-cbb0196af9f8	llmarkers|biorxiv|ee1031b0-6c51-1014-b641-cbb0196af9f8	biorxiv:ee1031b0-6c51-1014-b641-cbb0196af9f8		MAMMARY EPITHELIAL AND LUMINAL SECRETORY PRECURSOR CELLS	MAMMARY EPITHELIAL AND LUMINAL SECRETORY PRECURSOR CELLS	6	4	0.6666666666666666	0		
LLMarkers	llmarkers|biorxiv|ee1031b0-6c51-1014-b641-cbb0196af9f8	llmarkers|biorxiv|ee1031b0-6c51-1014-b641-cbb0196af9f8	biorxiv:ee1031b0-6c51-1014-b641-cbb0196af9f8		MAMMARY-SPECIFIC GENES	MAMMARY SPECIFIC GENES	17	16	0.9411764705882353	0		
LLMarkers	llmarkers|biorxiv|ef286bb1-6ccb-1014-ab06-ecd5927e269c	llmarkers|biorxiv|ef286bb1-6ccb-1014-ab06-ecd5927e269c	biorxiv:ef286bb1-6ccb-1014-ab06-ecd5927e269c		RPE	RPE	9	9	1.0	2	0.2222222222222222	0.2222222222222222
LLMarkers	llmarkers|biorxiv|efe4cabd-770f-1014-96d7-8e75af964dbd	llmarkers|biorxiv|efe4cabd-770f-1014-96d7-8e75af964dbd	biorxiv:efe4cabd-770f-1014-96d7-8e75af964dbd		ASTRO_S2	ASTRO S 2	3	3	1.0	0		
LLMarkers	llmarkers|biorxiv|efe4cabd-770f-1014-96d7-8e75af964dbd	llmarkers|biorxiv|efe4cabd-770f-1014-96d7-8e75af964dbd	biorxiv:efe4cabd-770f-1014-96d7-8e75af964dbd		ASTRO_S3	ASTRO S 3	3	3	1.0	0		
LLMarkers	llmarkers|biorxiv|efe4cabd-770f-1014-96d7-8e75af964dbd	llmarkers|biorxiv|efe4cabd-770f-1014-96d7-8e75af964dbd	biorxiv:efe4cabd-770f-1014-96d7-8e75af964dbd		EXC_S4	EXC S 4	3	3	1.0	0		
LLMarkers	llmarkers|biorxiv|efe4cabd-770f-1014-96d7-8e75af964dbd	llmarkers|biorxiv|efe4cabd-770f-1014-96d7-8e75af964dbd	biorxiv:efe4cabd-770f-1014-96d7-8e75af964dbd		EXC_S9	EXC S 9	3	2	0.6666666666666666	0		
LLMarkers	llmarkers|biorxiv|efe4cabd-770f-1014-96d7-8e75af964dbd	llmarkers|biorxiv|efe4cabd-770f-1014-96d7-8e75af964dbd	biorxiv:efe4cabd-770f-1014-96d7-8e75af964dbd		INH_S5	INH S 5	3	2	0.6666666666666666	0		
LLMarkers	llmarkers|biorxiv|efe4cabd-770f-1014-96d7-8e75af964dbd	llmarkers|biorxiv|efe4cabd-770f-1014-96d7-8e75af964dbd	biorxiv:efe4cabd-770f-1014-96d7-8e75af964dbd		MICRO_S1	MICRO S 1	5	5	1.0	0		
LLMarkers	llmarkers|biorxiv|f29672cc-6d87-1014-b915-87fbd4bb053f	llmarkers|biorxiv|f29672cc-6d87-1014-b915-87fbd4bb053f	biorxiv:f29672cc-6d87-1014-b915-87fbd4bb053f		CLUSTER 2	CLUSTER 2	4	4	1.0	18	0.0	0.0
LLMarkers	llmarkers|biorxiv|f29672cc-6d87-1014-b915-87fbd4bb053f	llmarkers|biorxiv|f29672cc-6d87-1014-b915-87fbd4bb053f	biorxiv:f29672cc-6d87-1014-b915-87fbd4bb053f		IPSC	IPSC	3	3	1.0	0		
LLMarkers	llmarkers|biorxiv|f29672cc-6d87-1014-b915-87fbd4bb053f	llmarkers|biorxiv|f29672cc-6d87-1014-b915-87fbd4bb053f	biorxiv:f29672cc-6d87-1014-b915-87fbd4bb053f		MIDBRAIN DOPAMINERGIC NEURONS	MIDBRAIN DOPAMINERGIC NEURONS	3	3	1.0	0		
LLMarkers	llmarkers|biorxiv|f29672cc-6d87-1014-b915-87fbd4bb053f	llmarkers|biorxiv|f29672cc-6d87-1014-b915-87fbd4bb053f	biorxiv:f29672cc-6d87-1014-b915-87fbd4bb053f		MIDBRAIN FLOORPLATE PROGENITORS	MIDBRAIN FLOORPLATE PROGENITORS	3	3	1.0	0		
LLMarkers	llmarkers|biorxiv|f29672cc-6d87-1014-b915-87fbd4bb053f	llmarkers|biorxiv|f29672cc-6d87-1014-b915-87fbd4bb053f	biorxiv:f29672cc-6d87-1014-b915-87fbd4bb053f		NEUROBLAST	NEUROBLAST	3	3	1.0	1	0.0	0.0
LLMarkers	llmarkers|biorxiv|f3be1d12-72db-1014-a9a0-ac8d78e3151e	llmarkers|biorxiv|f3be1d12-72db-1014-a9a0-ac8d78e3151e	biorxiv:f3be1d12-72db-1014-a9a0-ac8d78e3151e		CD56DIM_DNAJB1	CD 56 DIM DNAJB 1	4	4	1.0	0		
LLMarkers	llmarkers|biorxiv|f3be1d12-72db-1014-a9a0-ac8d78e3151e	llmarkers|biorxiv|f3be1d12-72db-1014-a9a0-ac8d78e3151e	biorxiv:f3be1d12-72db-1014-a9a0-ac8d78e3151e		CD8T_GZMB	CD 8 T GZMB	3	3	1.0	0		
LLMarkers	llmarkers|biorxiv|f3be1d12-72db-1014-a9a0-ac8d78e3151e	llmarkers|biorxiv|f3be1d12-72db-1014-a9a0-ac8d78e3151e	biorxiv:f3be1d12-72db-1014-a9a0-ac8d78e3151e		CDC	CDC	4	4	1.0	0		
LLMarkers	llmarkers|biorxiv|f3be1d12-72db-1014-a9a0-ac8d78e3151e	llmarkers|biorxiv|f3be1d12-72db-1014-a9a0-ac8d78e3151e	biorxiv:f3be1d12-72db-1014-a9a0-ac8d78e3151e		MALIGNANT GLIOMA CELL	MALIGNANT GLIOMA CELL	4	4	1.0	0		
LLMarkers	llmarkers|biorxiv|f3be1d12-72db-1014-a9a0-ac8d78e3151e	llmarkers|biorxiv|f3be1d12-72db-1014-a9a0-ac8d78e3151e	biorxiv:f3be1d12-72db-1014-a9a0-ac8d78e3151e		MONOCYTE-DERIVED CELL	MONOCYTE DERIVED CELL	3	3	1.0	0		
LLMarkers	llmarkers|biorxiv|f3be1d12-72db-1014-a9a0-ac8d78e3151e	llmarkers|biorxiv|f3be1d12-72db-1014-a9a0-ac8d78e3151e	biorxiv:f3be1d12-72db-1014-a9a0-ac8d78e3151e		MYELOID CELL	MYELOID CELL	3	3	1.0	9	0.3333333333333333	0.3333333333333333
LLMarkers	llmarkers|biorxiv|f3be1d12-72db-1014-a9a0-ac8d78e3151e	llmarkers|biorxiv|f3be1d12-72db-1014-a9a0-ac8d78e3151e	biorxiv:f3be1d12-72db-1014-a9a0-ac8d78e3151e		NK_CD56BRI_CXCR6	NK CD 56 BRI CXCR 6	5	5	1.0	0		
LLMarkers	llmarkers|biorxiv|f3be1d12-72db-1014-a9a0-ac8d78e3151e	llmarkers|biorxiv|f3be1d12-72db-1014-a9a0-ac8d78e3151e	biorxiv:f3be1d12-72db-1014-a9a0-ac8d78e3151e		TAM	TAM	8	8	1.0	2	0.125	0.125
LLMarkers	llmarkers|biorxiv|f3be1d12-72db-1014-a9a0-ac8d78e3151e	llmarkers|biorxiv|f3be1d12-72db-1014-a9a0-ac8d78e3151e	biorxiv:f3be1d12-72db-1014-a9a0-ac8d78e3151e		TAM_ISG15	TAM ISG 15	11	11	1.0	0		
LLMarkers	llmarkers|biorxiv|f3be1d12-72db-1014-a9a0-ac8d78e3151e	llmarkers|biorxiv|f3be1d12-72db-1014-a9a0-ac8d78e3151e	biorxiv:f3be1d12-72db-1014-a9a0-ac8d78e3151e		TAM_MRC1	TAM MRC 1	3	3	1.0	0		
LLMarkers	llmarkers|biorxiv|f59b3cab-6d1a-1014-a9d4-9041ec881993	llmarkers|biorxiv|f59b3cab-6d1a-1014-a9d4-9041ec881993	biorxiv:f59b3cab-6d1a-1014-a9d4-9041ec881993		LIVER	LIVER	3	3	1.0	0		
LLMarkers	llmarkers|biorxiv|f787a6d9-6ce3-1014-a3f6-a662a1333571	llmarkers|biorxiv|f787a6d9-6ce3-1014-a3f6-a662a1333571	biorxiv:f787a6d9-6ce3-1014-a3f6-a662a1333571		AM	AM	7	7	1.0	0		
LLMarkers	llmarkers|biorxiv|f787a6d9-6ce3-1014-a3f6-a662a1333571	llmarkers|biorxiv|f787a6d9-6ce3-1014-a3f6-a662a1333571	biorxiv:f787a6d9-6ce3-1014-a3f6-a662a1333571		CLEC9A+ DCS	CLEC 9 A DCS	4	4	1.0	0		
LLMarkers	llmarkers|biorxiv|f787a6d9-6ce3-1014-a3f6-a662a1333571	llmarkers|biorxiv|f787a6d9-6ce3-1014-a3f6-a662a1333571	biorxiv:f787a6d9-6ce3-1014-a3f6-a662a1333571		DC1	DC 1	3	1	0.3333333333333333	1	0.3333333333333333	0.0
LLMarkers	llmarkers|biorxiv|f787a6d9-6ce3-1014-a3f6-a662a1333571	llmarkers|biorxiv|f787a6d9-6ce3-1014-a3f6-a662a1333571	biorxiv:f787a6d9-6ce3-1014-a3f6-a662a1333571		DCS	DCS	9	7	0.7777777777777778	1	0.2222222222222222	0.2857142857142857
LLMarkers	llmarkers|biorxiv|f787a6d9-6ce3-1014-a3f6-a662a1333571	llmarkers|biorxiv|f787a6d9-6ce3-1014-a3f6-a662a1333571	biorxiv:f787a6d9-6ce3-1014-a3f6-a662a1333571		IM CD1C	IM CD 1 C	5	3	0.6	0		
LLMarkers	llmarkers|biorxiv|f787a6d9-6ce3-1014-a3f6-a662a1333571	llmarkers|biorxiv|f787a6d9-6ce3-1014-a3f6-a662a1333571	biorxiv:f787a6d9-6ce3-1014-a3f6-a662a1333571		LN DCS	LN DCS	4	3	0.75	0		
LLMarkers	llmarkers|biorxiv|f787a6d9-6ce3-1014-a3f6-a662a1333571	llmarkers|biorxiv|f787a6d9-6ce3-1014-a3f6-a662a1333571	biorxiv:f787a6d9-6ce3-1014-a3f6-a662a1333571		LN MONOCYTES	LN MONOCYTES	11	7	0.6363636363636364	0		
LLMarkers	llmarkers|biorxiv|f787a6d9-6ce3-1014-a3f6-a662a1333571	llmarkers|biorxiv|f787a6d9-6ce3-1014-a3f6-a662a1333571	biorxiv:f787a6d9-6ce3-1014-a3f6-a662a1333571		LUNG DCS	LUNG DCS	4	1	0.25	0		
LLMarkers	llmarkers|biorxiv|f787a6d9-6ce3-1014-a3f6-a662a1333571	llmarkers|biorxiv|f787a6d9-6ce3-1014-a3f6-a662a1333571	biorxiv:f787a6d9-6ce3-1014-a3f6-a662a1333571		MONOCYTES	MONOCYTES	3	0	0.0	2	1.0	
LLMarkers	llmarkers|biorxiv|f96f23ec-83f2-1014-ad76-8d430e749668	llmarkers|biorxiv|f96f23ec-83f2-1014-ad76-8d430e749668	biorxiv:f96f23ec-83f2-1014-ad76-8d430e749668		ENDOTHELIAL CELL	ENDOTHELIAL CELL	3	3	1.0	27	0.3333333333333333	0.3333333333333333
LLMarkers	llmarkers|biorxiv|fa200037-7001-1014-b4a8-b2d1b5dda72e	llmarkers|biorxiv|fa200037-7001-1014-b4a8-b2d1b5dda72e	biorxiv:fa200037-7001-1014-b4a8-b2d1b5dda72e		CDC1	CDC 1	6	6	1.0	10	0.6666666666666666	0.6666666666666666
LLMarkers	llmarkers|biorxiv|fa200037-7001-1014-b4a8-b2d1b5dda72e	llmarkers|biorxiv|fa200037-7001-1014-b4a8-b2d1b5dda72e	biorxiv:fa200037-7001-1014-b4a8-b2d1b5dda72e		CDC2	CDC 2	4	4	1.0	8	0.5	0.5
LLMarkers	llmarkers|biorxiv|fbd95004-6cf9-1014-bead-f9f2e4a06d20	llmarkers|biorxiv|fbd95004-6cf9-1014-bead-f9f2e4a06d20	biorxiv:fbd95004-6cf9-1014-bead-f9f2e4a06d20		CYTOTOXIC PLASMA CELL	CYTOTOXIC PLASMA CELL	5	5	1.0	0		
LLMarkers	llmarkers|biorxiv|fbd95004-6cf9-1014-bead-f9f2e4a06d20	llmarkers|biorxiv|fbd95004-6cf9-1014-bead-f9f2e4a06d20	biorxiv:fbd95004-6cf9-1014-bead-f9f2e4a06d20		PLASMA CELL	PLASMA CELL	3	3	1.0	15	0.3333333333333333	0.3333333333333333
LLMarkers	llmarkers|biorxiv|fc7595eb-733c-1014-9892-ed444a916a2a	llmarkers|biorxiv|fc7595eb-733c-1014-9892-ed444a916a2a	biorxiv:fc7595eb-733c-1014-9892-ed444a916a2a		CDC1	CDC 1	3	3	1.0	10	1.0	1.0
LLMarkers	llmarkers|biorxiv|fc7595eb-733c-1014-9892-ed444a916a2a	llmarkers|biorxiv|fc7595eb-733c-1014-9892-ed444a916a2a	biorxiv:fc7595eb-733c-1014-9892-ed444a916a2a		ILC3	ILC 3	6	5	0.8333333333333334	3	0.6666666666666666	0.6
LLMarkers	llmarkers|biorxiv|fc7595eb-733c-1014-9892-ed444a916a2a	llmarkers|biorxiv|fc7595eb-733c-1014-9892-ed444a916a2a	biorxiv:fc7595eb-733c-1014-9892-ed444a916a2a		PLASMACYTOID DC	PLASMACYTOID DC	3	3	1.0	1	0.0	0.0
LLMarkers	llmarkers|biorxiv|fc7595eb-733c-1014-9892-ed444a916a2a	llmarkers|biorxiv|fc7595eb-733c-1014-9892-ed444a916a2a	biorxiv:fc7595eb-733c-1014-9892-ed444a916a2a		TDC	TDC	6	5	0.8333333333333334	0		
LLMarkers	llmarkers|biorxiv|fcdb6ae7-74e0-1014-aa4b-bcf60c40c2cf	llmarkers|biorxiv|fcdb6ae7-74e0-1014-aa4b-bcf60c40c2cf	biorxiv:fcdb6ae7-74e0-1014-aa4b-bcf60c40c2cf		A9-SUBTYPE	A 9 SUBTYPE	3	1	0.3333333333333333	0		
LLMarkers	llmarkers|biorxiv|fcdb6ae7-74e0-1014-aa4b-bcf60c40c2cf	llmarkers|biorxiv|fcdb6ae7-74e0-1014-aa4b-bcf60c40c2cf	biorxiv:fcdb6ae7-74e0-1014-aa4b-bcf60c40c2cf		DA CLUSTER	DA CLUSTER	9	1	0.1111111111111111	0		
LLMarkers	llmarkers|biorxiv|fcdb6ae7-74e0-1014-aa4b-bcf60c40c2cf	llmarkers|biorxiv|fcdb6ae7-74e0-1014-aa4b-bcf60c40c2cf	biorxiv:fcdb6ae7-74e0-1014-aa4b-bcf60c40c2cf		INA CLUSTER	INA CLUSTER	3	3	1.0	0		
LLMarkers	llmarkers|biorxiv|fcdb6ae7-74e0-1014-aa4b-bcf60c40c2cf	llmarkers|biorxiv|fcdb6ae7-74e0-1014-aa4b-bcf60c40c2cf	biorxiv:fcdb6ae7-74e0-1014-aa4b-bcf60c40c2cf		MDA LINEAGE CELL TYPE	MDA LINEAGE CELL TYPE	5	0	0.0	0		
LLMarkers	llmarkers|biorxiv|fcdb6ae7-74e0-1014-aa4b-bcf60c40c2cf	llmarkers|biorxiv|fcdb6ae7-74e0-1014-aa4b-bcf60c40c2cf	biorxiv:fcdb6ae7-74e0-1014-aa4b-bcf60c40c2cf		MDA NEURON	MDA NEURON	16	6	0.375	0		
LLMarkers	llmarkers|biorxiv|fcdb6ae7-74e0-1014-aa4b-bcf60c40c2cf	llmarkers|biorxiv|fcdb6ae7-74e0-1014-aa4b-bcf60c40c2cf	biorxiv:fcdb6ae7-74e0-1014-aa4b-bcf60c40c2cf		MIDBRAIN PROGENITOR	MIDBRAIN PROGENITOR	3	0	0.0	0		
LLMarkers	llmarkers|biorxiv|fcdb6ae7-74e0-1014-aa4b-bcf60c40c2cf	llmarkers|biorxiv|fcdb6ae7-74e0-1014-aa4b-bcf60c40c2cf	biorxiv:fcdb6ae7-74e0-1014-aa4b-bcf60c40c2cf		PROGFP	PROGFP	3	1	0.3333333333333333	0		
LLMarkers	llmarkers|biorxiv|fd4da487-6bfd-1014-9109-ef3323dd2b7b	llmarkers|biorxiv|fd4da487-6bfd-1014-9109-ef3323dd2b7b	biorxiv:fd4da487-6bfd-1014-9109-ef3323dd2b7b		CLEC S2	CLEC S 2	3	3	1.0	0		
LLMarkers	llmarkers|biorxiv|fd4da487-6bfd-1014-9109-ef3323dd2b7b	llmarkers|biorxiv|fd4da487-6bfd-1014-9109-ef3323dd2b7b	biorxiv:fd4da487-6bfd-1014-9109-ef3323dd2b7b		PTX3-LEC	PTX 3 LEC	6	6	1.0	0		
LLMarkers	llmarkers|biorxiv|ffdab866-6d97-1014-b85a-c9e16d463b4e	llmarkers|biorxiv|ffdab866-6d97-1014-b85a-c9e16d463b4e	biorxiv:ffdab866-6d97-1014-b85a-c9e16d463b4e		AD	AD	9	9	1.0	0		
LLMarkers	llmarkers|biorxiv|ffdab866-6d97-1014-b85a-c9e16d463b4e	llmarkers|biorxiv|ffdab866-6d97-1014-b85a-c9e16d463b4e	biorxiv:ffdab866-6d97-1014-b85a-c9e16d463b4e		CONTROL	CONTROL	7	7	1.0	0		
LLMarkers	llmarkers|hca|0001_10.1016_j.celrep.2018.11.086_7aff07407b	llmarkers|hca|0001_10.1016_j.celrep.2018.11.086_7aff07407b	hca:0001_10.1016_j.celrep.2018.11.086_7aff07407b		BASAL	BASAL	3	1	0.3333333333333333	6	1.0	1.0
LLMarkers	llmarkers|hca|0001_10.1016_j.celrep.2018.11.086_7aff07407b	llmarkers|hca|0001_10.1016_j.celrep.2018.11.086_7aff07407b	hca:0001_10.1016_j.celrep.2018.11.086_7aff07407b		BASAL EPITHELIA	BASAL EPITHELIA	5	3	0.6	0		
LLMarkers	llmarkers|hca|0001_10.1016_j.celrep.2018.11.086_7aff07407b	llmarkers|hca|0001_10.1016_j.celrep.2018.11.086_7aff07407b	hca:0001_10.1016_j.celrep.2018.11.086_7aff07407b		FIBROBLAST	FIBROBLAST	7	7	1.0	28	0.42857142857142855	0.42857142857142855
LLMarkers	llmarkers|hca|0001_10.1016_j.celrep.2018.11.086_7aff07407b	llmarkers|hca|0001_10.1016_j.celrep.2018.11.086_7aff07407b	hca:0001_10.1016_j.celrep.2018.11.086_7aff07407b		LE	LE	10	6	0.6	0		
LLMarkers	llmarkers|hca|0001_10.1016_j.celrep.2018.11.086_7aff07407b	llmarkers|hca|0001_10.1016_j.celrep.2018.11.086_7aff07407b	hca:0001_10.1016_j.celrep.2018.11.086_7aff07407b		LUMINAL EPITHELIA	LUMINAL EPITHELIA	6	2	0.3333333333333333	0		
LLMarkers	llmarkers|hca|0001_10.1016_j.celrep.2018.11.086_7aff07407b	llmarkers|hca|0001_10.1016_j.celrep.2018.11.086_7aff07407b	hca:0001_10.1016_j.celrep.2018.11.086_7aff07407b		OTHER EPITHELIA	OTHER EPITHELIA	5	5	1.0	0		
LLMarkers	llmarkers|hca|0001_10.1016_j.celrep.2018.11.086_7aff07407b	llmarkers|hca|0001_10.1016_j.celrep.2018.11.086_7aff07407b	hca:0001_10.1016_j.celrep.2018.11.086_7aff07407b		SMOOTH MUSCLE	SMOOTH MUSCLE	4	4	1.0	1	0.5	0.5
LLMarkers	llmarkers|hca|0002_10.1038_s41586-019-1373-2_de5bb9e220	llmarkers|hca|0002_10.1038_s41586-019-1373-2_de5bb9e220	hca:0002_10.1038_s41586-019-1373-2_de5bb9e220		B CELL SUBSET	B CELL SUBSET	6	6	1.0	0		
LLMarkers	llmarkers|hca|0002_10.1038_s41586-019-1373-2_de5bb9e220	llmarkers|hca|0002_10.1038_s41586-019-1373-2_de5bb9e220	hca:0002_10.1038_s41586-019-1373-2_de5bb9e220		CENTRAL POPULATION	CENTRAL POPULATION	4	2	0.5	0		
LLMarkers	llmarkers|hca|0002_10.1038_s41586-019-1373-2_de5bb9e220	llmarkers|hca|0002_10.1038_s41586-019-1373-2_de5bb9e220	hca:0002_10.1038_s41586-019-1373-2_de5bb9e220		EPCAM+ COMPARTMENT	EPCAM COMPARTMENT	6	5	0.8333333333333334	0		
LLMarkers	llmarkers|hca|0002_10.1038_s41586-019-1373-2_de5bb9e220	llmarkers|hca|0002_10.1038_s41586-019-1373-2_de5bb9e220	hca:0002_10.1038_s41586-019-1373-2_de5bb9e220		HEPATOCYTE	HEPATOCYTE	6	5	0.8333333333333334	4	0.5	0.4
LLMarkers	llmarkers|hca|0002_10.1038_s41586-019-1373-2_de5bb9e220	llmarkers|hca|0002_10.1038_s41586-019-1373-2_de5bb9e220	hca:0002_10.1038_s41586-019-1373-2_de5bb9e220		TROP2 INT POPULATION	TROP 2 INT POPULATION	3	2	0.6666666666666666	0		
LLMarkers	llmarkers|hca|0002_10.1038_s41586-019-1373-2_de5bb9e220	llmarkers|hca|0002_10.1038_s41586-019-1373-2_de5bb9e220	hca:0002_10.1038_s41586-019-1373-2_de5bb9e220		TROP2 LOW CLUSTER	TROP 2 LOW CLUSTER	4	3	0.75	0		
LLMarkers	llmarkers|hca|0003_10.3389_fimmu.2021.645988_480a5ea7f6	llmarkers|hca|0003_10.3389_fimmu.2021.645988_480a5ea7f6	hca:0003_10.3389_fimmu.2021.645988_480a5ea7f6		ENDOTHELIAL CELL	ENDOTHELIAL CELL	13	10	0.7692307692307693	27	0.3076923076923077	0.3
LLMarkers	llmarkers|hca|0003_10.3389_fimmu.2021.645988_480a5ea7f6	llmarkers|hca|0003_10.3389_fimmu.2021.645988_480a5ea7f6	hca:0003_10.3389_fimmu.2021.645988_480a5ea7f6		INTERCALATED CELL	INTERCALATED CELL	4	0	0.0	0		
LLMarkers	llmarkers|hca|0003_10.3389_fimmu.2021.645988_480a5ea7f6	llmarkers|hca|0003_10.3389_fimmu.2021.645988_480a5ea7f6	hca:0003_10.3389_fimmu.2021.645988_480a5ea7f6		LOOP OF HENLE CELL	LOOP OF HENLE CELL	6	5	0.8333333333333334	1	0.0	0.0
LLMarkers	llmarkers|hca|0003_10.3389_fimmu.2021.645988_480a5ea7f6	llmarkers|hca|0003_10.3389_fimmu.2021.645988_480a5ea7f6	hca:0003_10.3389_fimmu.2021.645988_480a5ea7f6		MACROPHAGE	MACROPHAGE	3	3	1.0	28	0.0	0.0
LLMarkers	llmarkers|hca|0003_10.3389_fimmu.2021.645988_480a5ea7f6	llmarkers|hca|0003_10.3389_fimmu.2021.645988_480a5ea7f6	hca:0003_10.3389_fimmu.2021.645988_480a5ea7f6		MESANGIAL CELL	MESANGIAL CELL	13	10	0.7692307692307693	3	0.15384615384615385	0.2
LLMarkers	llmarkers|hca|0003_10.3389_fimmu.2021.645988_480a5ea7f6	llmarkers|hca|0003_10.3389_fimmu.2021.645988_480a5ea7f6	hca:0003_10.3389_fimmu.2021.645988_480a5ea7f6		PODOCYTE	PODOCYTE	5	5	1.0	6	0.0	0.0
LLMarkers	llmarkers|hca|0003_10.3389_fimmu.2021.645988_480a5ea7f6	llmarkers|hca|0003_10.3389_fimmu.2021.645988_480a5ea7f6	hca:0003_10.3389_fimmu.2021.645988_480a5ea7f6		PRINCIPAL CELL	PRINCIPAL CELL	4	0	0.0	2	0.0	
LLMarkers	llmarkers|hca|0006_10.3389_fcell.2022.835445_847c20f209	llmarkers|hca|0006_10.3389_fcell.2022.835445_847c20f209	hca:0006_10.3389_fcell.2022.835445_847c20f209		EPIBLAST	EPIBLAST	4	4	1.0	2	1.0	1.0
LLMarkers	llmarkers|hca|0006_10.3389_fcell.2022.835445_847c20f209	llmarkers|hca|0006_10.3389_fcell.2022.835445_847c20f209	hca:0006_10.3389_fcell.2022.835445_847c20f209		PFCC	PFCC	5	5	1.0	0		
LLMarkers	llmarkers|hca|0006_10.3389_fcell.2022.835445_847c20f209	llmarkers|hca|0006_10.3389_fcell.2022.835445_847c20f209	hca:0006_10.3389_fcell.2022.835445_847c20f209		PRIMITIVE ENDODERM	PRIMITIVE ENDODERM	4	4	1.0	0		
LLMarkers	llmarkers|hca|0006_10.3389_fcell.2022.835445_847c20f209	llmarkers|hca|0006_10.3389_fcell.2022.835445_847c20f209	hca:0006_10.3389_fcell.2022.835445_847c20f209		PSTB2	PSTB 2	8	8	1.0	0		
LLMarkers	llmarkers|hca|0006_10.3389_fcell.2022.835445_847c20f209	llmarkers|hca|0006_10.3389_fcell.2022.835445_847c20f209	hca:0006_10.3389_fcell.2022.835445_847c20f209		TROPHOBLAST	TROPHOBLAST	6	6	1.0	0		
LLMarkers	llmarkers|hca|0008_10.1016_j.cels.2016.09.002_fd6b21337a	llmarkers|hca|0008_10.1016_j.cels.2016.09.002_fd6b21337a	hca:0008_10.1016_j.cels.2016.09.002_fd6b21337a		ALPHA CELL	ALPHA CELL	17	17	1.0	5	0.47058823529411764	0.47058823529411764
LLMarkers	llmarkers|hca|0008_10.1016_j.cels.2016.09.002_fd6b21337a	llmarkers|hca|0008_10.1016_j.cels.2016.09.002_fd6b21337a	hca:0008_10.1016_j.cels.2016.09.002_fd6b21337a		BETA CELL	BETA CELL	16	16	1.0	9	0.5625	0.5625
LLMarkers	llmarkers|hca|0008_10.1016_j.cels.2016.09.002_fd6b21337a	llmarkers|hca|0008_10.1016_j.cels.2016.09.002_fd6b21337a	hca:0008_10.1016_j.cels.2016.09.002_fd6b21337a		DELTA CELL	DELTA CELL	5	5	1.0	4	0.8	0.8
LLMarkers	llmarkers|hca|0010_10.1016_j.cels.2016.08.011_1f66aabffa	llmarkers|hca|0010_10.1016_j.cels.2016.08.011_1f66aabffa	hca:0010_10.1016_j.cels.2016.08.011_1f66aabffa		BETA	BETA	3	0	0.0	1	0.0	
LLMarkers	llmarkers|hca|0010_10.1016_j.cels.2016.08.011_1f66aabffa	llmarkers|hca|0010_10.1016_j.cels.2016.08.011_1f66aabffa	hca:0010_10.1016_j.cels.2016.08.011_1f66aabffa		BETA CELL	BETA CELL	4	4	1.0	9	0.75	0.75
LLMarkers	llmarkers|hca|0010_10.1016_j.cels.2016.08.011_1f66aabffa	llmarkers|hca|0010_10.1016_j.cels.2016.08.011_1f66aabffa	hca:0010_10.1016_j.cels.2016.08.011_1f66aabffa		DELTA	DELTA	3	0	0.0	0		
LLMarkers	llmarkers|hca|0011_10.1038_s41413-021-00163-z_07f1a1af96	llmarkers|hca|0011_10.1038_s41413-021-00163-z_07f1a1af96	hca:0011_10.1038_s41413-021-00163-z_07f1a1af96		C1	C 1	7	3	0.42857142857142855	5	0.0	0.0
LLMarkers	llmarkers|hca|0011_10.1038_s41413-021-00163-z_07f1a1af96	llmarkers|hca|0011_10.1038_s41413-021-00163-z_07f1a1af96	hca:0011_10.1038_s41413-021-00163-z_07f1a1af96		C2	C 2	4	0	0.0	3	0.0	
LLMarkers	llmarkers|hca|0011_10.1038_s41413-021-00163-z_07f1a1af96	llmarkers|hca|0011_10.1038_s41413-021-00163-z_07f1a1af96	hca:0011_10.1038_s41413-021-00163-z_07f1a1af96		C3	C 3	4	0	0.0	3	0.0	
LLMarkers	llmarkers|hca|0011_10.1038_s41413-021-00163-z_07f1a1af96	llmarkers|hca|0011_10.1038_s41413-021-00163-z_07f1a1af96	hca:0011_10.1038_s41413-021-00163-z_07f1a1af96		C4	C 4	4	0	0.0	2	0.0	
LLMarkers	llmarkers|hca|0011_10.1038_s41413-021-00163-z_07f1a1af96	llmarkers|hca|0011_10.1038_s41413-021-00163-z_07f1a1af96	hca:0011_10.1038_s41413-021-00163-z_07f1a1af96		C5	C 5	6	0	0.0	2	0.0	
LLMarkers	llmarkers|hca|0011_10.1038_s41413-021-00163-z_07f1a1af96	llmarkers|hca|0011_10.1038_s41413-021-00163-z_07f1a1af96	hca:0011_10.1038_s41413-021-00163-z_07f1a1af96		C6	C 6	6	0	0.0	3	0.0	
LLMarkers	llmarkers|hca|0011_10.1038_s41413-021-00163-z_07f1a1af96	llmarkers|hca|0011_10.1038_s41413-021-00163-z_07f1a1af96	hca:0011_10.1038_s41413-021-00163-z_07f1a1af96		CHONDROCYTE	CHONDROCYTE	3	0	0.0	2	0.3333333333333333	
LLMarkers	llmarkers|hca|0011_10.1038_s41413-021-00163-z_07f1a1af96	llmarkers|hca|0011_10.1038_s41413-021-00163-z_07f1a1af96	hca:0011_10.1038_s41413-021-00163-z_07f1a1af96		FIB1	FIB 1	6	6	1.0	2	0.0	0.0
LLMarkers	llmarkers|hca|0011_10.1038_s41413-021-00163-z_07f1a1af96	llmarkers|hca|0011_10.1038_s41413-021-00163-z_07f1a1af96	hca:0011_10.1038_s41413-021-00163-z_07f1a1af96		NEU1	NEU 1	4	4	1.0	0		
LLMarkers	llmarkers|hca|0011_10.1038_s41413-021-00163-z_07f1a1af96	llmarkers|hca|0011_10.1038_s41413-021-00163-z_07f1a1af96	hca:0011_10.1038_s41413-021-00163-z_07f1a1af96		NPPC-1	NPPC 1	3	3	1.0	0		
LLMarkers	llmarkers|hca|0011_10.1038_s41413-021-00163-z_07f1a1af96	llmarkers|hca|0011_10.1038_s41413-021-00163-z_07f1a1af96	hca:0011_10.1038_s41413-021-00163-z_07f1a1af96		NPPC-2	NPPC 2	4	4	1.0	0		
LLMarkers	llmarkers|hca|0011_10.1038_s41413-021-00163-z_07f1a1af96	llmarkers|hca|0011_10.1038_s41413-021-00163-z_07f1a1af96	hca:0011_10.1038_s41413-021-00163-z_07f1a1af96		NPPC-3	NPPC 3	6	3	0.5	0		
LLMarkers	llmarkers|hca|0011_10.1038_s41413-021-00163-z_07f1a1af96	llmarkers|hca|0011_10.1038_s41413-021-00163-z_07f1a1af96	hca:0011_10.1038_s41413-021-00163-z_07f1a1af96		NPPC-4	NPPC 4	4	3	0.75	0		
LLMarkers	llmarkers|hca|0011_10.1038_s41413-021-00163-z_07f1a1af96	llmarkers|hca|0011_10.1038_s41413-021-00163-z_07f1a1af96	hca:0011_10.1038_s41413-021-00163-z_07f1a1af96		NUCLEUS PULPOSUS PROGENITOR CELL	NUCLEUS PULPOSUS PROGENITOR CELL	3	1	0.3333333333333333	0		
LLMarkers	llmarkers|hca|0011_10.1038_s41413-021-00163-z_07f1a1af96	llmarkers|hca|0011_10.1038_s41413-021-00163-z_07f1a1af96	hca:0011_10.1038_s41413-021-00163-z_07f1a1af96		OSTEOGENIC CELL	OSTEOGENIC CELL	3	3	1.0	0		
LLMarkers	llmarkers|hca|0011_10.1038_s41413-021-00163-z_07f1a1af96	llmarkers|hca|0011_10.1038_s41413-021-00163-z_07f1a1af96	hca:0011_10.1038_s41413-021-00163-z_07f1a1af96		PERICYTE	PERICYTE	3	3	1.0	13	1.0	1.0
LLMarkers	llmarkers|hca|0011_10.1038_s41413-021-00163-z_07f1a1af96	llmarkers|hca|0011_10.1038_s41413-021-00163-z_07f1a1af96	hca:0011_10.1038_s41413-021-00163-z_07f1a1af96		STROMAL CELL	STROMAL CELL	3	3	1.0	2	0.0	0.0
LLMarkers	llmarkers|hca|0012_10.1164_rccm.202207-1384oc_21f7132a40	llmarkers|hca|0012_10.1164_rccm.202207-1384oc_21f7132a40	hca:0012_10.1164_rccm.202207-1384oc_21f7132a40		AT2	AT 2	3	1	0.3333333333333333	9	0.6666666666666666	1.0
LLMarkers	llmarkers|hca|0012_10.1164_rccm.202207-1384oc_21f7132a40	llmarkers|hca|0012_10.1164_rccm.202207-1384oc_21f7132a40	hca:0012_10.1164_rccm.202207-1384oc_21f7132a40		FB3	FB 3	3	3	1.0	3	0.6666666666666666	0.6666666666666666
LLMarkers	llmarkers|hca|0012_10.1164_rccm.202207-1384oc_21f7132a40	llmarkers|hca|0012_10.1164_rccm.202207-1384oc_21f7132a40	hca:0012_10.1164_rccm.202207-1384oc_21f7132a40		GLI	GLI	3	3	1.0	0		
LLMarkers	llmarkers|hca|0012_10.1164_rccm.202207-1384oc_21f7132a40	llmarkers|hca|0012_10.1164_rccm.202207-1384oc_21f7132a40	hca:0012_10.1164_rccm.202207-1384oc_21f7132a40		SM1	SM 1	3	0	0.0	0		
LLMarkers	llmarkers|hca|0012_10.1164_rccm.202207-1384oc_21f7132a40	llmarkers|hca|0012_10.1164_rccm.202207-1384oc_21f7132a40	hca:0012_10.1164_rccm.202207-1384oc_21f7132a40		SM2	SM 2	3	0	0.0	0		
LLMarkers	llmarkers|hca|0012_10.1164_rccm.202207-1384oc_21f7132a40	llmarkers|hca|0012_10.1164_rccm.202207-1384oc_21f7132a40	hca:0012_10.1164_rccm.202207-1384oc_21f7132a40		TASC	TASC	8	6	0.75	0		
LLMarkers	llmarkers|hca|0013_10.1016_j.cell.2022.01.012_62a71f9225	llmarkers|hca|0013_10.1016_j.cell.2022.01.012_62a71f9225	hca:0013_10.1016_j.cell.2022.01.012_62a71f9225		CMONO	CMONO	5	5	1.0	0		
LLMarkers	llmarkers|hca|0013_10.1016_j.cell.2022.01.012_62a71f9225	llmarkers|hca|0013_10.1016_j.cell.2022.01.012_62a71f9225	hca:0013_10.1016_j.cell.2022.01.012_62a71f9225		NK	NK	5	5	1.0	2	0.0	0.0
LLMarkers	llmarkers|hca|0014_10.1101_2024.09.10.612293_d3a16eb9c8	llmarkers|hca|0014_10.1101_2024.09.10.612293_d3a16eb9c8	hca:0014_10.1101_2024.09.10.612293_d3a16eb9c8		MICROVASCULAR	MICROVASCULAR	3	3	1.0	0		
LLMarkers	llmarkers|hca|0015_10.1126_science.aay3224_2393e60089	llmarkers|hca|0015_10.1126_science.aay3224_2393e60089	hca:0015_10.1126_science.aay3224_2393e60089		ADCS	ADCS	5	5	1.0	0		
LLMarkers	llmarkers|hca|0015_10.1126_science.aay3224_2393e60089	llmarkers|hca|0015_10.1126_science.aay3224_2393e60089	hca:0015_10.1126_science.aay3224_2393e60089		FB1	FB 1	4	4	1.0	5	0.0	0.0
LLMarkers	llmarkers|hca|0015_10.1126_science.aay3224_2393e60089	llmarkers|hca|0015_10.1126_science.aay3224_2393e60089	hca:0015_10.1126_science.aay3224_2393e60089		FB2	FB 2	3	3	1.0	4	0.0	0.0
LLMarkers	llmarkers|hca|0015_10.1126_science.aay3224_2393e60089	llmarkers|hca|0015_10.1126_science.aay3224_2393e60089	hca:0015_10.1126_science.aay3224_2393e60089		TEC(NEURO)S	TEC NEURO S	3	3	1.0	0		
LLMarkers	llmarkers|hca|0017_10.1038_s41467-019-10291-0_971d922fd8	llmarkers|hca|0017_10.1038_s41467-019-10291-0_971d922fd8	hca:0017_10.1038_s41467-019-10291-0_971d922fd8		BEM	BEM	3	3	1.0	0		
LLMarkers	llmarkers|hca|0017_10.1038_s41467-019-10291-0_971d922fd8	llmarkers|hca|0017_10.1038_s41467-019-10291-0_971d922fd8	hca:0017_10.1038_s41467-019-10291-0_971d922fd8		DC	DC	5	5	1.0	4	0.2	0.2
LLMarkers	llmarkers|hca|0017_10.1038_s41467-019-10291-0_971d922fd8	llmarkers|hca|0017_10.1038_s41467-019-10291-0_971d922fd8	hca:0017_10.1038_s41467-019-10291-0_971d922fd8		E	E	4	4	1.0	0		
LLMarkers	llmarkers|hca|0017_10.1038_s41467-019-10291-0_971d922fd8	llmarkers|hca|0017_10.1038_s41467-019-10291-0_971d922fd8	hca:0017_10.1038_s41467-019-10291-0_971d922fd8		G	G	7	6	0.8571428571428571	0		
LLMarkers	llmarkers|hca|0017_10.1038_s41467-019-10291-0_971d922fd8	llmarkers|hca|0017_10.1038_s41467-019-10291-0_971d922fd8	hca:0017_10.1038_s41467-019-10291-0_971d922fd8		HSC	HSC	5	5	1.0	4	0.4	0.4
LLMarkers	llmarkers|hca|0017_10.1038_s41467-019-10291-0_971d922fd8	llmarkers|hca|0017_10.1038_s41467-019-10291-0_971d922fd8	hca:0017_10.1038_s41467-019-10291-0_971d922fd8		LY	LY	3	2	0.6666666666666666	0		
LLMarkers	llmarkers|hca|0017_10.1038_s41467-019-10291-0_971d922fd8	llmarkers|hca|0017_10.1038_s41467-019-10291-0_971d922fd8	hca:0017_10.1038_s41467-019-10291-0_971d922fd8		LY1	LY 1	4	4	1.0	0		
LLMarkers	llmarkers|hca|0017_10.1038_s41467-019-10291-0_971d922fd8	llmarkers|hca|0017_10.1038_s41467-019-10291-0_971d922fd8	hca:0017_10.1038_s41467-019-10291-0_971d922fd8		LY2	LY 2	3	2	0.6666666666666666	0		
LLMarkers	llmarkers|hca|0017_10.1038_s41467-019-10291-0_971d922fd8	llmarkers|hca|0017_10.1038_s41467-019-10291-0_971d922fd8	hca:0017_10.1038_s41467-019-10291-0_971d922fd8		M	M	3	2	0.6666666666666666	0		
LLMarkers	llmarkers|hca|0017_10.1038_s41467-019-10291-0_971d922fd8	llmarkers|hca|0017_10.1038_s41467-019-10291-0_971d922fd8	hca:0017_10.1038_s41467-019-10291-0_971d922fd8		MEG	MEG	4	4	1.0	0		
LLMarkers	llmarkers|hca|0019_10.1126_science.aba7721_1646acb14b	llmarkers|hca|0019_10.1126_science.aba7721_1646acb14b	hca:0019_10.1126_science.aba7721_1646acb14b		ANTIGEN-PRESENTING MACROPHAGE	ANTIGEN PRESENTING MACROPHAGE	3	3	1.0	1	0.0	0.0
LLMarkers	llmarkers|hca|0019_10.1126_science.aba7721_1646acb14b	llmarkers|hca|0019_10.1126_science.aba7721_1646acb14b	hca:0019_10.1126_science.aba7721_1646acb14b		DENDRITIC CELL SUBTYPE	DENDRITIC CELL SUBTYPE	3	3	1.0	0		
LLMarkers	llmarkers|hca|0019_10.1126_science.aba7721_1646acb14b	llmarkers|hca|0019_10.1126_science.aba7721_1646acb14b	hca:0019_10.1126_science.aba7721_1646acb14b		MICROGLIA	MICROGLIA	10	10	1.0	17	0.2	0.2
LLMarkers	llmarkers|hca|0019_10.1126_science.aba7721_1646acb14b	llmarkers|hca|0019_10.1126_science.aba7721_1646acb14b	hca:0019_10.1126_science.aba7721_1646acb14b		NEPHRON PROGENITOR	NEPHRON PROGENITOR	3	3	1.0	3	0.3333333333333333	0.3333333333333333
LLMarkers	llmarkers|hca|0019_10.1126_science.aba7721_1646acb14b	llmarkers|hca|0019_10.1126_science.aba7721_1646acb14b	hca:0019_10.1126_science.aba7721_1646acb14b		PERIVASCULAR MACROPHAGE	PERIVASCULAR MACROPHAGE	4	4	1.0	0		
LLMarkers	llmarkers|hca|0019_10.1126_science.aba7721_1646acb14b	llmarkers|hca|0019_10.1126_science.aba7721_1646acb14b	hca:0019_10.1126_science.aba7721_1646acb14b		PHAGOCYTIC MACROPHAGE	PHAGOCYTIC MACROPHAGE	3	3	1.0	0		
LLMarkers	llmarkers|hca|0020_10.1038_s44161-022-00019-7_10ae5c8129	llmarkers|hca|0020_10.1038_s44161-022-00019-7_10ae5c8129	hca:0020_10.1038_s44161-022-00019-7_10ae5c8129		CARDIOMYOCYTE	CARDIOMYOCYTE	19	18	0.9473684210526315	8	0.3157894736842105	0.3333333333333333
LLMarkers	llmarkers|hca|0020_10.1038_s44161-022-00019-7_10ae5c8129	llmarkers|hca|0020_10.1038_s44161-022-00019-7_10ae5c8129	hca:0020_10.1038_s44161-022-00019-7_10ae5c8129		ENDOTHELIAL CELL	ENDOTHELIAL CELL	4	3	0.75	27	0.5	0.6666666666666666
LLMarkers	llmarkers|hca|0021_10.1038_s41586-023-06806-x_7900919dd3	llmarkers|hca|0021_10.1038_s41586-023-06806-x_7900919dd3	hca:0021_10.1038_s41586-023-06806-x_7900919dd3		AER-BASAL	AER BASAL	3	3	1.0	0		
LLMarkers	llmarkers|hca|0021_10.1038_s41586-023-06806-x_7900919dd3	llmarkers|hca|0021_10.1038_s41586-023-06806-x_7900919dd3	hca:0021_10.1038_s41586-023-06806-x_7900919dd3		DISTAL	DISTAL	4	2	0.5	2	0.0	0.0
LLMarkers	llmarkers|hca|0021_10.1038_s41586-023-06806-x_7900919dd3	llmarkers|hca|0021_10.1038_s41586-023-06806-x_7900919dd3	hca:0021_10.1038_s41586-023-06806-x_7900919dd3		DISTAL MESENCHYME	DISTAL MESENCHYME	4	2	0.5	0		
LLMarkers	llmarkers|hca|0021_10.1038_s41586-023-06806-x_7900919dd3	llmarkers|hca|0021_10.1038_s41586-023-06806-x_7900919dd3	hca:0021_10.1038_s41586-023-06806-x_7900919dd3		HCCS	HCCS	4	4	1.0	0		
LLMarkers	llmarkers|hca|0021_10.1038_s41586-023-06806-x_7900919dd3	llmarkers|hca|0021_10.1038_s41586-023-06806-x_7900919dd3	hca:0021_10.1038_s41586-023-06806-x_7900919dd3		INTERZONE	INTERZONE	3	3	1.0	0		
LLMarkers	llmarkers|hca|0021_10.1038_s41586-023-06806-x_7900919dd3	llmarkers|hca|0021_10.1038_s41586-023-06806-x_7900919dd3	hca:0021_10.1038_s41586-023-06806-x_7900919dd3		PAX7 + SKELETAL PROGENITOR	PAX 7 SKELETAL PROGENITOR	6	6	1.0	0		
LLMarkers	llmarkers|hca|0021_10.1038_s41586-023-06806-x_7900919dd3	llmarkers|hca|0021_10.1038_s41586-023-06806-x_7900919dd3	hca:0021_10.1038_s41586-023-06806-x_7900919dd3		RDH10 + DISTAL	RDH 10 DISTAL	3	1	0.3333333333333333	0		
LLMarkers	llmarkers|hca|0021_10.1038_s41586-023-06806-x_7900919dd3	llmarkers|hca|0021_10.1038_s41586-023-06806-x_7900919dd3	hca:0021_10.1038_s41586-023-06806-x_7900919dd3		TENOCYTE	TENOCYTE	4	4	1.0	0		
LLMarkers	llmarkers|hca|0021_10.1038_s41586-023-06806-x_7900919dd3	llmarkers|hca|0021_10.1038_s41586-023-06806-x_7900919dd3	hca:0021_10.1038_s41586-023-06806-x_7900919dd3		TRANSITIONAL	TRANSITIONAL	3	2	0.6666666666666666	1	0.0	0.0
LLMarkers	llmarkers|hca|0025_10.1038_s41467-020-17876-0_159e232bbb	llmarkers|hca|0025_10.1038_s41467-020-17876-0_159e232bbb	hca:0025_10.1038_s41467-020-17876-0_159e232bbb		GABAERGIC NEURON	GABAERGIC NEURON	4	4	1.0	0		
LLMarkers	llmarkers|hca|0025_10.1038_s41467-020-17876-0_159e232bbb	llmarkers|hca|0025_10.1038_s41467-020-17876-0_159e232bbb	hca:0025_10.1038_s41467-020-17876-0_159e232bbb		OLIGODENDROCYTE	OLIGODENDROCYTE	4	4	1.0	6	0.5	0.5
LLMarkers	llmarkers|hca|0026_10.1038_s41586-020-2922-4_1612ece6e2	llmarkers|hca|0026_10.1038_s41586-020-2922-4_1612ece6e2	hca:0026_10.1038_s41586-020-2922-4_1612ece6e2		ADVF	ADVF	4	4	1.0	0		
LLMarkers	llmarkers|hca|0026_10.1038_s41586-020-2922-4_1612ece6e2	llmarkers|hca|0026_10.1038_s41586-020-2922-4_1612ece6e2	hca:0026_10.1038_s41586-020-2922-4_1612ece6e2		ALVF	ALVF	5	5	1.0	0		
LLMarkers	llmarkers|hca|0026_10.1038_s41586-020-2922-4_1612ece6e2	llmarkers|hca|0026_10.1038_s41586-020-2922-4_1612ece6e2	hca:0026_10.1038_s41586-020-2922-4_1612ece6e2		AT2	AT 2	6	6	1.0	9	0.5	0.5
LLMarkers	llmarkers|hca|0026_10.1038_s41586-020-2922-4_1612ece6e2	llmarkers|hca|0026_10.1038_s41586-020-2922-4_1612ece6e2	hca:0026_10.1038_s41586-020-2922-4_1612ece6e2		BRO1	BRO 1	6	6	1.0	0		
LLMarkers	llmarkers|hca|0026_10.1038_s41586-020-2922-4_1612ece6e2	llmarkers|hca|0026_10.1038_s41586-020-2922-4_1612ece6e2	hca:0026_10.1038_s41586-020-2922-4_1612ece6e2		GOBLET	GOBLET	4	4	1.0	3	0.5	0.5
LLMarkers	llmarkers|hca|0029_10.1016_j.xgen.2023.100298_96b489f506	llmarkers|hca|0029_10.1016_j.xgen.2023.100298_96b489f506	hca:0029_10.1016_j.xgen.2023.100298_96b489f506		IPRGC	IPRGC	3	3	1.0	0		
LLMarkers	llmarkers|hca|0030_10.1016_j.jcmgh.2022.02.007_2ccf593bb9	llmarkers|hca|0030_10.1016_j.jcmgh.2022.02.007_2ccf593bb9	hca:0030_10.1016_j.jcmgh.2022.02.007_2ccf593bb9		BEST4 + CELL	BEST 4 CELL	8	8	1.0	0		
LLMarkers	llmarkers|hca|0030_10.1016_j.jcmgh.2022.02.007_2ccf593bb9	llmarkers|hca|0030_10.1016_j.jcmgh.2022.02.007_2ccf593bb9	hca:0030_10.1016_j.jcmgh.2022.02.007_2ccf593bb9		TUFT CELL	TUFT CELL	11	11	1.0	4	0.18181818181818182	0.18181818181818182
LLMarkers	llmarkers|hca|0031_10.1016_j.jtos.2021.03.010_0c2fa1a2be	llmarkers|hca|0031_10.1016_j.jtos.2021.03.010_0c2fa1a2be	hca:0031_10.1016_j.jtos.2021.03.010_0c2fa1a2be		CORNEAL EPITHELIUM	CORNEAL EPITHELIUM	6	6	1.0	0		
LLMarkers	llmarkers|hca|0031_10.1016_j.jtos.2021.03.010_0c2fa1a2be	llmarkers|hca|0031_10.1016_j.jtos.2021.03.010_0c2fa1a2be	hca:0031_10.1016_j.jtos.2021.03.010_0c2fa1a2be		ENDOTHELIAL CLUSTER	ENDOTHELIAL CLUSTER	4	4	1.0	0		
LLMarkers	llmarkers|hca|0031_10.1016_j.jtos.2021.03.010_0c2fa1a2be	llmarkers|hca|0031_10.1016_j.jtos.2021.03.010_0c2fa1a2be	hca:0031_10.1016_j.jtos.2021.03.010_0c2fa1a2be		LPCS	LPCS	4	4	1.0	0		
LLMarkers	llmarkers|hca|0031_10.1016_j.jtos.2021.03.010_0c2fa1a2be	llmarkers|hca|0031_10.1016_j.jtos.2021.03.010_0c2fa1a2be	hca:0031_10.1016_j.jtos.2021.03.010_0c2fa1a2be		MELANOCYTES	MELANOCYTES	5	5	1.0	1	0.6	0.6
LLMarkers	llmarkers|hca|0031_10.1016_j.jtos.2021.03.010_0c2fa1a2be	llmarkers|hca|0031_10.1016_j.jtos.2021.03.010_0c2fa1a2be	hca:0031_10.1016_j.jtos.2021.03.010_0c2fa1a2be		SUPERFICIAL CONJUNCTIVAL EPITHELIUM	SUPERFICIAL CONJUNCTIVAL EPITHELIUM	3	3	1.0	0		
LLMarkers	llmarkers|hca|0032_10.15252_msb.20209682_ea064ade0e	llmarkers|hca|0032_10.15252_msb.20209682_ea064ade0e	hca:0032_10.15252_msb.20209682_ea064ade0e		CANCER-ASSOCIATED FIBROBLAST	CANCER ASSOCIATED FIBROBLAST	3	3	1.0	3	0.0	0.0
LLMarkers	llmarkers|hca|0032_10.15252_msb.20209682_ea064ade0e	llmarkers|hca|0032_10.15252_msb.20209682_ea064ade0e	hca:0032_10.15252_msb.20209682_ea064ade0e		CARCINOMA CELL	CARCINOMA CELL	3	3	1.0	0		
LLMarkers	llmarkers|hca|0032_10.15252_msb.20209682_ea064ade0e	llmarkers|hca|0032_10.15252_msb.20209682_ea064ade0e	hca:0032_10.15252_msb.20209682_ea064ade0e		COLORECTAL CANCER METASTASIS	COLORECTAL CANCER METASTASIS	3	3	1.0	0		
LLMarkers	llmarkers|hca|0032_10.15252_msb.20209682_ea064ade0e	llmarkers|hca|0032_10.15252_msb.20209682_ea064ade0e	hca:0032_10.15252_msb.20209682_ea064ade0e		CYTOTOXIC T CELL	CYTOTOXIC T CELL	3	3	1.0	1	0.3333333333333333	0.3333333333333333
LLMarkers	llmarkers|hca|0032_10.15252_msb.20209682_ea064ade0e	llmarkers|hca|0032_10.15252_msb.20209682_ea064ade0e	hca:0032_10.15252_msb.20209682_ea064ade0e		KUPFFER CELL	KUPFFER CELL	4	4	1.0	1	0.25	0.25
LLMarkers	llmarkers|hca|0033_10.26508_lsa.202000744_340b92b825	llmarkers|hca|0033_10.26508_lsa.202000744_340b92b825	hca:0033_10.26508_lsa.202000744_340b92b825		EFFERENT DUCT CELL	EFFERENT DUCT CELL	4	4	1.0	0		
LLMarkers	llmarkers|hca|0033_10.26508_lsa.202000744_340b92b825	llmarkers|hca|0033_10.26508_lsa.202000744_340b92b825	hca:0033_10.26508_lsa.202000744_340b92b825		PRINCIPAL CELL	PRINCIPAL CELL	5	5	1.0	2	0.0	0.0
LLMarkers	llmarkers|hca|0033_10.26508_lsa.202000744_340b92b825	llmarkers|hca|0033_10.26508_lsa.202000744_340b92b825	hca:0033_10.26508_lsa.202000744_340b92b825		SPERMATOZOA	SPERMATOZOA	11	11	1.0	0		
LLMarkers	llmarkers|hca|0033_10.26508_lsa.202000744_340b92b825	llmarkers|hca|0033_10.26508_lsa.202000744_340b92b825	hca:0033_10.26508_lsa.202000744_340b92b825		STROMAL/MUSCLE CELL	STROMAL MUSCLE CELL	5	5	1.0	0		
LLMarkers	llmarkers|hca|0035_10.1101_2021.03.02.433590_8f70c6deeb	llmarkers|hca|0035_10.1101_2021.03.02.433590_8f70c6deeb	hca:0035_10.1101_2021.03.02.433590_8f70c6deeb		TRIPLE-NEGATIVE SUBTYPE B	TRIPLE NEGATIVE SUBTYPE B	4	4	1.0	0		
LLMarkers	llmarkers|hca|0036_10.1016_j.cell.2021.10.024_2ce0b899c4	llmarkers|hca|0036_10.1016_j.cell.2021.10.024_2ce0b899c4	hca:0036_10.1016_j.cell.2021.10.024_2ce0b899c4		HEPATOCYTE	HEPATOCYTE	4	4	1.0	4	0.0	0.0
LLMarkers	llmarkers|hca|0036_10.1016_j.cell.2021.10.024_2ce0b899c4	llmarkers|hca|0036_10.1016_j.cell.2021.10.024_2ce0b899c4	hca:0036_10.1016_j.cell.2021.10.024_2ce0b899c4		SKELETAL MYOCYTE	SKELETAL MYOCYTE	6	6	1.0	0		
LLMarkers	llmarkers|hca|0037_10.1038_s41593-019-0539-4_24ef44df9e	llmarkers|hca|0037_10.1038_s41593-019-0539-4_24ef44df9e	hca:0037_10.1038_s41593-019-0539-4_24ef44df9e		MICROGLIA	MICROGLIA	15	15	1.0	17	0.7333333333333333	0.7333333333333333
LLMarkers	llmarkers|hca|0037_10.1038_s41593-019-0539-4_24ef44df9e	llmarkers|hca|0037_10.1038_s41593-019-0539-4_24ef44df9e	hca:0037_10.1038_s41593-019-0539-4_24ef44df9e		NEURONS	NEURONS	5	5	1.0	2	0.0	0.0
LLMarkers	llmarkers|hca|0037_10.1038_s41593-019-0539-4_24ef44df9e	llmarkers|hca|0037_10.1038_s41593-019-0539-4_24ef44df9e	hca:0037_10.1038_s41593-019-0539-4_24ef44df9e		OLIGODENDROCYTES	OLIGODENDROCYTES	3	3	1.0	3	1.0	1.0
LLMarkers	llmarkers|hca|0038_10.1038_s41586-022-04518-2_c7bd3c9981	llmarkers|hca|0038_10.1038_s41586-022-04518-2_c7bd3c9981	hca:0038_10.1038_s41586-022-04518-2_c7bd3c9981		HAD3	HAD 3	4	4	1.0	0		
LLMarkers	llmarkers|hca|0038_10.1038_s41586-022-04518-2_c7bd3c9981	llmarkers|hca|0038_10.1038_s41586-022-04518-2_c7bd3c9981	hca:0038_10.1038_s41586-022-04518-2_c7bd3c9981		HAD4	HAD 4	3	3	1.0	0		
LLMarkers	llmarkers|hca|0038_10.1038_s41586-022-04518-2_c7bd3c9981	llmarkers|hca|0038_10.1038_s41586-022-04518-2_c7bd3c9981	hca:0038_10.1038_s41586-022-04518-2_c7bd3c9981		HAD5	HAD 5	4	4	1.0	0		
LLMarkers	llmarkers|hca|0038_10.1038_s41586-022-04518-2_c7bd3c9981	llmarkers|hca|0038_10.1038_s41586-022-04518-2_c7bd3c9981	hca:0038_10.1038_s41586-022-04518-2_c7bd3c9981		HAD6	HAD 6	5	5	1.0	0		
LLMarkers	llmarkers|hca|0039_10.1016_j.isci.2021.102405_1f6d3fbc60	llmarkers|hca|0039_10.1016_j.isci.2021.102405_1f6d3fbc60	hca:0039_10.1016_j.isci.2021.102405_1f6d3fbc60		DENTAL PULP MSCS	DENTAL PULP MSCS	3	3	1.0	0		
LLMarkers	llmarkers|hca|0039_10.1016_j.isci.2021.102405_1f6d3fbc60	llmarkers|hca|0039_10.1016_j.isci.2021.102405_1f6d3fbc60	hca:0039_10.1016_j.isci.2021.102405_1f6d3fbc60		ECS	ECS	6	6	1.0	2	0.0	0.0
LLMarkers	llmarkers|hca|0039_10.1016_j.isci.2021.102405_1f6d3fbc60	llmarkers|hca|0039_10.1016_j.isci.2021.102405_1f6d3fbc60	hca:0039_10.1016_j.isci.2021.102405_1f6d3fbc60		EPITHELIAL CELLS	EPITHELIAL CELLS	5	4	0.8	0		
LLMarkers	llmarkers|hca|0039_10.1016_j.isci.2021.102405_1f6d3fbc60	llmarkers|hca|0039_10.1016_j.isci.2021.102405_1f6d3fbc60	hca:0039_10.1016_j.isci.2021.102405_1f6d3fbc60		EPITHELIAL-LIKE CELL POPULATION	EPITHELIAL LIKE CELL POPULATION	3	2	0.6666666666666666	0		
LLMarkers	llmarkers|hca|0039_10.1016_j.isci.2021.102405_1f6d3fbc60	llmarkers|hca|0039_10.1016_j.isci.2021.102405_1f6d3fbc60	hca:0039_10.1016_j.isci.2021.102405_1f6d3fbc60		MSCS	MSCS	9	7	0.7777777777777778	1	0.1111111111111111	0.14285714285714285
LLMarkers	llmarkers|hca|0039_10.1016_j.isci.2021.102405_1f6d3fbc60	llmarkers|hca|0039_10.1016_j.isci.2021.102405_1f6d3fbc60	hca:0039_10.1016_j.isci.2021.102405_1f6d3fbc60		MYH11 + MSC SUBCLUSTER	MYH 11 MSC SUBCLUSTER	3	2	0.6666666666666666	0		
LLMarkers	llmarkers|hca|0039_10.1016_j.isci.2021.102405_1f6d3fbc60	llmarkers|hca|0039_10.1016_j.isci.2021.102405_1f6d3fbc60	hca:0039_10.1016_j.isci.2021.102405_1f6d3fbc60		PERIODONTAL FIBROBLASTS	PERIODONTAL FIBROBLASTS	4	3	0.75	0		
LLMarkers	llmarkers|hca|0039_10.1016_j.isci.2021.102405_1f6d3fbc60	llmarkers|hca|0039_10.1016_j.isci.2021.102405_1f6d3fbc60	hca:0039_10.1016_j.isci.2021.102405_1f6d3fbc60		PERIODONTAL MSCS	PERIODONTAL MSCS	7	5	0.7142857142857143	0		
LLMarkers	llmarkers|hca|0039_10.1016_j.isci.2021.102405_1f6d3fbc60	llmarkers|hca|0039_10.1016_j.isci.2021.102405_1f6d3fbc60	hca:0039_10.1016_j.isci.2021.102405_1f6d3fbc60		SCCS	SCCS	4	4	1.0	0		
LLMarkers	llmarkers|hca|0040_10.1016_j.xcrm.2021.100219_d37660c408	llmarkers|hca|0040_10.1016_j.xcrm.2021.100219_d37660c408	hca:0040_10.1016_j.xcrm.2021.100219_d37660c408		BASAL/STEM	BASAL STEM	3	1	0.3333333333333333	0		
LLMarkers	llmarkers|hca|0040_10.1016_j.xcrm.2021.100219_d37660c408	llmarkers|hca|0040_10.1016_j.xcrm.2021.100219_d37660c408	hca:0040_10.1016_j.xcrm.2021.100219_d37660c408		CLUSTER 11	CLUSTER 11	9	8	0.8888888888888888	2	0.0	0.0
LLMarkers	llmarkers|hca|0040_10.1016_j.xcrm.2021.100219_d37660c408	llmarkers|hca|0040_10.1016_j.xcrm.2021.100219_d37660c408	hca:0040_10.1016_j.xcrm.2021.100219_d37660c408		CLUSTER 12	CLUSTER 12	3	1	0.3333333333333333	0		
LLMarkers	llmarkers|hca|0040_10.1016_j.xcrm.2021.100219_d37660c408	llmarkers|hca|0040_10.1016_j.xcrm.2021.100219_d37660c408	hca:0040_10.1016_j.xcrm.2021.100219_d37660c408		CLUSTER 15	CLUSTER 15	3	1	0.3333333333333333	0		
LLMarkers	llmarkers|hca|0040_10.1016_j.xcrm.2021.100219_d37660c408	llmarkers|hca|0040_10.1016_j.xcrm.2021.100219_d37660c408	hca:0040_10.1016_j.xcrm.2021.100219_d37660c408		CLUSTER 2	CLUSTER 2	7	6	0.8571428571428571	18	0.0	0.0
LLMarkers	llmarkers|hca|0040_10.1016_j.xcrm.2021.100219_d37660c408	llmarkers|hca|0040_10.1016_j.xcrm.2021.100219_d37660c408	hca:0040_10.1016_j.xcrm.2021.100219_d37660c408		CLUSTER 4	CLUSTER 4	4	4	1.0	10	0.0	0.0
LLMarkers	llmarkers|hca|0040_10.1016_j.xcrm.2021.100219_d37660c408	llmarkers|hca|0040_10.1016_j.xcrm.2021.100219_d37660c408	hca:0040_10.1016_j.xcrm.2021.100219_d37660c408		CLUSTER 5	CLUSTER 5	3	2	0.6666666666666666	8	0.3333333333333333	0.0
LLMarkers	llmarkers|hca|0040_10.1016_j.xcrm.2021.100219_d37660c408	llmarkers|hca|0040_10.1016_j.xcrm.2021.100219_d37660c408	hca:0040_10.1016_j.xcrm.2021.100219_d37660c408		LUMINAL PROGENITOR	LUMINAL PROGENITOR	4	2	0.5	0		
LLMarkers	llmarkers|hca|0040_10.1016_j.xcrm.2021.100219_d37660c408	llmarkers|hca|0040_10.1016_j.xcrm.2021.100219_d37660c408	hca:0040_10.1016_j.xcrm.2021.100219_d37660c408		LUMINAL PROGENITOR CELL	LUMINAL PROGENITOR CELL	4	4	1.0	0		
LLMarkers	llmarkers|hca|0040_10.1016_j.xcrm.2021.100219_d37660c408	llmarkers|hca|0040_10.1016_j.xcrm.2021.100219_d37660c408	hca:0040_10.1016_j.xcrm.2021.100219_d37660c408		MATURE LUMINAL	MATURE LUMINAL	3	0	0.0	1	0.6666666666666666	
LLMarkers	llmarkers|hca|0040_10.1016_j.xcrm.2021.100219_d37660c408	llmarkers|hca|0040_10.1016_j.xcrm.2021.100219_d37660c408	hca:0040_10.1016_j.xcrm.2021.100219_d37660c408		N0	N 0	4	0	0.0	0		
LLMarkers	llmarkers|hca|0040_10.1016_j.xcrm.2021.100219_d37660c408	llmarkers|hca|0040_10.1016_j.xcrm.2021.100219_d37660c408	hca:0040_10.1016_j.xcrm.2021.100219_d37660c408		N19	N 19	3	2	0.6666666666666666	0		
LLMarkers	llmarkers|hca|0040_10.1016_j.xcrm.2021.100219_d37660c408	llmarkers|hca|0040_10.1016_j.xcrm.2021.100219_d37660c408	hca:0040_10.1016_j.xcrm.2021.100219_d37660c408		N2	N 2	5	0	0.0	0		
LLMarkers	llmarkers|hca|0040_10.1016_j.xcrm.2021.100219_d37660c408	llmarkers|hca|0040_10.1016_j.xcrm.2021.100219_d37660c408	hca:0040_10.1016_j.xcrm.2021.100219_d37660c408		N5	N 5	3	2	0.6666666666666666	0		
LLMarkers	llmarkers|hca|0040_10.1016_j.xcrm.2021.100219_d37660c408	llmarkers|hca|0040_10.1016_j.xcrm.2021.100219_d37660c408	hca:0040_10.1016_j.xcrm.2021.100219_d37660c408		N8	N 8	5	1	0.2	0		
LLMarkers	llmarkers|hca|0041_10.1016_j.xgen.2022.100108_d4824b85dd	llmarkers|hca|0041_10.1016_j.xgen.2022.100108_d4824b85dd	hca:0041_10.1016_j.xgen.2022.100108_d4824b85dd		AT1	AT 1	4	2	0.5	2	0.0	0.0
LLMarkers	llmarkers|hca|0041_10.1016_j.xgen.2022.100108_d4824b85dd	llmarkers|hca|0041_10.1016_j.xgen.2022.100108_d4824b85dd	hca:0041_10.1016_j.xgen.2022.100108_d4824b85dd		AT1.AT2	AT 1 AT 2	9	8	0.8888888888888888	0		
LLMarkers	llmarkers|hca|0041_10.1016_j.xgen.2022.100108_d4824b85dd	llmarkers|hca|0041_10.1016_j.xgen.2022.100108_d4824b85dd	hca:0041_10.1016_j.xgen.2022.100108_d4824b85dd		AT1_2	AT 1 2	3	2	0.6666666666666666	0		
LLMarkers	llmarkers|hca|0041_10.1016_j.xgen.2022.100108_d4824b85dd	llmarkers|hca|0041_10.1016_j.xgen.2022.100108_d4824b85dd	hca:0041_10.1016_j.xgen.2022.100108_d4824b85dd		MATRIX FIBROBLAST	MATRIX FIBROBLAST	3	3	1.0	0		
LLMarkers	llmarkers|hca|0041_10.1016_j.xgen.2022.100108_d4824b85dd	llmarkers|hca|0041_10.1016_j.xgen.2022.100108_d4824b85dd	hca:0041_10.1016_j.xgen.2022.100108_d4824b85dd		MESENCHYMAL PROGENITOR	MESENCHYMAL PROGENITOR	5	5	1.0	0		
LLMarkers	llmarkers|hca|0041_10.1016_j.xgen.2022.100108_d4824b85dd	llmarkers|hca|0041_10.1016_j.xgen.2022.100108_d4824b85dd	hca:0041_10.1016_j.xgen.2022.100108_d4824b85dd		MYOFB_2	MYOFB 2	3	2	0.6666666666666666	0		
LLMarkers	llmarkers|hca|0041_10.1016_j.xgen.2022.100108_d4824b85dd	llmarkers|hca|0041_10.1016_j.xgen.2022.100108_d4824b85dd	hca:0041_10.1016_j.xgen.2022.100108_d4824b85dd		MYOFIBROBLAST	MYOFIBROBLAST	6	5	0.8333333333333334	7	0.3333333333333333	0.2
LLMarkers	llmarkers|hca|0042_10.1126_sciadv.aau4788_744a251f24	llmarkers|hca|0042_10.1126_sciadv.aau4788_744a251f24	hca:0042_10.1126_sciadv.aau4788_744a251f24		APC	APC	5	0	0.0	0		
LLMarkers	llmarkers|hca|0042_10.1126_sciadv.aau4788_744a251f24	llmarkers|hca|0042_10.1126_sciadv.aau4788_744a251f24	hca:0042_10.1126_sciadv.aau4788_744a251f24		DC2	DC 2	3	1	0.3333333333333333	1	0.0	0.0
LLMarkers	llmarkers|hca|0042_10.1126_sciadv.aau4788_744a251f24	llmarkers|hca|0042_10.1126_sciadv.aau4788_744a251f24	hca:0042_10.1126_sciadv.aau4788_744a251f24		DSC	DSC	10	10	1.0	0		
LLMarkers	llmarkers|hca|0042_10.1126_sciadv.aau4788_744a251f24	llmarkers|hca|0042_10.1126_sciadv.aau4788_744a251f24	hca:0042_10.1126_sciadv.aau4788_744a251f24		EB	EB	11	11	1.0	0		
LLMarkers	llmarkers|hca|0042_10.1126_sciadv.aau4788_744a251f24	llmarkers|hca|0042_10.1126_sciadv.aau4788_744a251f24	hca:0042_10.1126_sciadv.aau4788_744a251f24		EEC	EEC	17	17	1.0	2	0.0	0.0
LLMarkers	llmarkers|hca|0042_10.1126_sciadv.aau4788_744a251f24	llmarkers|hca|0042_10.1126_sciadv.aau4788_744a251f24	hca:0042_10.1126_sciadv.aau4788_744a251f24		EVT	EVT	11	6	0.5454545454545454	0		
LLMarkers	llmarkers|hca|0042_10.1126_sciadv.aau4788_744a251f24	llmarkers|hca|0042_10.1126_sciadv.aau4788_744a251f24	hca:0042_10.1126_sciadv.aau4788_744a251f24		FB1	FB 1	8	0	0.0	5	0.375	
LLMarkers	llmarkers|hca|0042_10.1126_sciadv.aau4788_744a251f24	llmarkers|hca|0042_10.1126_sciadv.aau4788_744a251f24	hca:0042_10.1126_sciadv.aau4788_744a251f24		FB2	FB 2	12	6	0.5	4	0.16666666666666666	0.0
LLMarkers	llmarkers|hca|0042_10.1126_sciadv.aau4788_744a251f24	llmarkers|hca|0042_10.1126_sciadv.aau4788_744a251f24	hca:0042_10.1126_sciadv.aau4788_744a251f24		FB3	FB 3	14	5	0.35714285714285715	3	0.14285714285714285	0.0
LLMarkers	llmarkers|hca|0042_10.1126_sciadv.aau4788_744a251f24	llmarkers|hca|0042_10.1126_sciadv.aau4788_744a251f24	hca:0042_10.1126_sciadv.aau4788_744a251f24		HC	HC	15	13	0.8666666666666667	0		
LLMarkers	llmarkers|hca|0042_10.1126_sciadv.aau4788_744a251f24	llmarkers|hca|0042_10.1126_sciadv.aau4788_744a251f24	hca:0042_10.1126_sciadv.aau4788_744a251f24		LEC	LEC	7	6	0.8571428571428571	1	0.14285714285714285	0.0
LLMarkers	llmarkers|hca|0042_10.1126_sciadv.aau4788_744a251f24	llmarkers|hca|0042_10.1126_sciadv.aau4788_744a251f24	hca:0042_10.1126_sciadv.aau4788_744a251f24		MAC	MAC	14	7	0.5	1	0.21428571428571427	0.42857142857142855
LLMarkers	llmarkers|hca|0042_10.1126_sciadv.aau4788_744a251f24	llmarkers|hca|0042_10.1126_sciadv.aau4788_744a251f24	hca:0042_10.1126_sciadv.aau4788_744a251f24		NK CELL	NK CELL	8	7	0.875	15	0.875	0.8571428571428571
LLMarkers	llmarkers|hca|0042_10.1126_sciadv.aau4788_744a251f24	llmarkers|hca|0042_10.1126_sciadv.aau4788_744a251f24	hca:0042_10.1126_sciadv.aau4788_744a251f24		SCT	SCT	12	7	0.5833333333333334	0		
LLMarkers	llmarkers|hca|0042_10.1126_sciadv.aau4788_744a251f24	llmarkers|hca|0042_10.1126_sciadv.aau4788_744a251f24	hca:0042_10.1126_sciadv.aau4788_744a251f24		SMC	SMC	5	4	0.8	4	0.4	0.25
LLMarkers	llmarkers|hca|0042_10.1126_sciadv.aau4788_744a251f24	llmarkers|hca|0042_10.1126_sciadv.aau4788_744a251f24	hca:0042_10.1126_sciadv.aau4788_744a251f24		TC	TC	9	8	0.8888888888888888	3	0.0	0.0
LLMarkers	llmarkers|hca|0042_10.1126_sciadv.aau4788_744a251f24	llmarkers|hca|0042_10.1126_sciadv.aau4788_744a251f24	hca:0042_10.1126_sciadv.aau4788_744a251f24		VCT	VCT	8	5	0.625	1	0.0	0.0
LLMarkers	llmarkers|hca|0042_10.1126_sciadv.aau4788_744a251f24	llmarkers|hca|0042_10.1126_sciadv.aau4788_744a251f24	hca:0042_10.1126_sciadv.aau4788_744a251f24		VEC	VEC	9	8	0.8888888888888888	2	0.1111111111111111	0.125
LLMarkers	llmarkers|hca|0043_10.1038_s41556-023-01108-w_511ea5e6f6	llmarkers|hca|0043_10.1038_s41556-023-01108-w_511ea5e6f6	hca:0043_10.1038_s41556-023-01108-w_511ea5e6f6		DP4	DP 4	3	3	1.0	1	1.0	1.0
LLMarkers	llmarkers|hca|0043_10.1038_s41556-023-01108-w_511ea5e6f6	llmarkers|hca|0043_10.1038_s41556-023-01108-w_511ea5e6f6	hca:0043_10.1038_s41556-023-01108-w_511ea5e6f6		EPITHELIUM	EPITHELIUM	3	3	1.0	0		
LLMarkers	llmarkers|hca|0043_10.1038_s41556-023-01108-w_511ea5e6f6	llmarkers|hca|0043_10.1038_s41556-023-01108-w_511ea5e6f6	hca:0043_10.1038_s41556-023-01108-w_511ea5e6f6		PGC	PGC	7	7	1.0	1	0.0	0.0
LLMarkers	llmarkers|hca|0044_10.1101_2021.11.30.470583_4b4329647c	llmarkers|hca|0044_10.1101_2021.11.30.470583_4b4329647c	hca:0044_10.1101_2021.11.30.470583_4b4329647c		DP4	DP 4	3	3	1.0	1	1.0	1.0
LLMarkers	llmarkers|hca|0045_10.15252_embj.2018100811_a99bb4a451	llmarkers|hca|0045_10.15252_embj.2018100811_a99bb4a451	hca:0045_10.15252_embj.2018100811_a99bb4a451		AMACRINE CELL	AMACRINE CELL	3	3	1.0	1	0.3333333333333333	0.3333333333333333
LLMarkers	llmarkers|hca|0045_10.15252_embj.2018100811_a99bb4a451	llmarkers|hca|0045_10.15252_embj.2018100811_a99bb4a451	hca:0045_10.15252_embj.2018100811_a99bb4a451		BIPOLAR CELL	BIPOLAR CELL	3	3	1.0	3	0.3333333333333333	0.3333333333333333
LLMarkers	llmarkers|hca|0045_10.15252_embj.2018100811_a99bb4a451	llmarkers|hca|0045_10.15252_embj.2018100811_a99bb4a451	hca:0045_10.15252_embj.2018100811_a99bb4a451		CONE PHOTORECEPTOR	CONE PHOTORECEPTOR	10	9	0.9	2	0.2	0.2222222222222222
LLMarkers	llmarkers|hca|0045_10.15252_embj.2018100811_a99bb4a451	llmarkers|hca|0045_10.15252_embj.2018100811_a99bb4a451	hca:0045_10.15252_embj.2018100811_a99bb4a451		L/M‐CONE	L MCONE	7	6	0.8571428571428571	0		
LLMarkers	llmarkers|hca|0045_10.15252_embj.2018100811_a99bb4a451	llmarkers|hca|0045_10.15252_embj.2018100811_a99bb4a451	hca:0045_10.15252_embj.2018100811_a99bb4a451		MICROGLIA	MICROGLIA	3	3	1.0	17	0.3333333333333333	0.3333333333333333
LLMarkers	llmarkers|hca|0045_10.15252_embj.2018100811_a99bb4a451	llmarkers|hca|0045_10.15252_embj.2018100811_a99bb4a451	hca:0045_10.15252_embj.2018100811_a99bb4a451		MÜLLER GLIA	MULLER GLIA	5	2	0.4	3	0.6	1.0
LLMarkers	llmarkers|hca|0045_10.15252_embj.2018100811_a99bb4a451	llmarkers|hca|0045_10.15252_embj.2018100811_a99bb4a451	hca:0045_10.15252_embj.2018100811_a99bb4a451		RETINAL ASTROCYTE	RETINAL ASTROCYTE	5	2	0.4	0		
LLMarkers	llmarkers|hca|0045_10.15252_embj.2018100811_a99bb4a451	llmarkers|hca|0045_10.15252_embj.2018100811_a99bb4a451	hca:0045_10.15252_embj.2018100811_a99bb4a451		RETINAL GANGLION CELL	RETINAL GANGLION CELL	3	3	1.0	1	0.3333333333333333	0.3333333333333333
LLMarkers	llmarkers|hca|0045_10.15252_embj.2018100811_a99bb4a451	llmarkers|hca|0045_10.15252_embj.2018100811_a99bb4a451	hca:0045_10.15252_embj.2018100811_a99bb4a451		ROD PHOTORECEPTOR	ROD PHOTORECEPTOR	9	9	1.0	1	0.1111111111111111	0.1111111111111111
LLMarkers	llmarkers|hca|0045_10.15252_embj.2018100811_a99bb4a451	llmarkers|hca|0045_10.15252_embj.2018100811_a99bb4a451	hca:0045_10.15252_embj.2018100811_a99bb4a451		S‐CONE	SCONE	12	12	1.0	0		
LLMarkers	llmarkers|hca|0046_10.1007_s00018-022-04559-w_6919bd92ba	llmarkers|hca|0046_10.1007_s00018-022-04559-w_6919bd92ba	hca:0046_10.1007_s00018-022-04559-w_6919bd92ba		EC	EC	7	7	1.0	6	0.5714285714285714	0.5714285714285714
LLMarkers	llmarkers|hca|0046_10.1007_s00018-022-04559-w_6919bd92ba	llmarkers|hca|0046_10.1007_s00018-022-04559-w_6919bd92ba	hca:0046_10.1007_s00018-022-04559-w_6919bd92ba		M1	M 1	3	3	1.0	2	0.3333333333333333	0.3333333333333333
LLMarkers	llmarkers|hca|0046_10.1007_s00018-022-04559-w_6919bd92ba	llmarkers|hca|0046_10.1007_s00018-022-04559-w_6919bd92ba	hca:0046_10.1007_s00018-022-04559-w_6919bd92ba		NPE	NPE	11	4	0.36363636363636365	0		
LLMarkers	llmarkers|hca|0046_10.1007_s00018-022-04559-w_6919bd92ba	llmarkers|hca|0046_10.1007_s00018-022-04559-w_6919bd92ba	hca:0046_10.1007_s00018-022-04559-w_6919bd92ba		PE	PE	11	4	0.36363636363636365	2	0.0	0.0
LLMarkers	llmarkers|hca|0047_10.15252_embj.2020107333_a4d0f57474	llmarkers|hca|0047_10.15252_embj.2020107333_a4d0f57474	hca:0047_10.15252_embj.2020107333_a4d0f57474		BASAL	BASAL	4	4	1.0	6	0.25	0.25
LLMarkers	llmarkers|hca|0047_10.15252_embj.2020107333_a4d0f57474	llmarkers|hca|0047_10.15252_embj.2020107333_a4d0f57474	hca:0047_10.15252_embj.2020107333_a4d0f57474		CANCER-ASSOCIATED FIBROBLAST	CANCER ASSOCIATED FIBROBLAST	4	3	0.75	3	0.0	0.0
LLMarkers	llmarkers|hca|0047_10.15252_embj.2020107333_a4d0f57474	llmarkers|hca|0047_10.15252_embj.2020107333_a4d0f57474	hca:0047_10.15252_embj.2020107333_a4d0f57474		CLUSTER 1	CLUSTER 1	5	5	1.0	13	0.4	0.4
LLMarkers	llmarkers|hca|0047_10.15252_embj.2020107333_a4d0f57474	llmarkers|hca|0047_10.15252_embj.2020107333_a4d0f57474	hca:0047_10.15252_embj.2020107333_a4d0f57474		CLUSTER 2	CLUSTER 2	5	5	1.0	18	0.0	0.0
LLMarkers	llmarkers|hca|0047_10.15252_embj.2020107333_a4d0f57474	llmarkers|hca|0047_10.15252_embj.2020107333_a4d0f57474	hca:0047_10.15252_embj.2020107333_a4d0f57474		CYCLING TAM POPULATION	CYCLING TAM POPULATION	8	5	0.625	0		
LLMarkers	llmarkers|hca|0047_10.15252_embj.2020107333_a4d0f57474	llmarkers|hca|0047_10.15252_embj.2020107333_a4d0f57474	hca:0047_10.15252_embj.2020107333_a4d0f57474		CYCLING TAMS	CYCLING TAMS	4	3	0.75	0		
LLMarkers	llmarkers|hca|0047_10.15252_embj.2020107333_a4d0f57474	llmarkers|hca|0047_10.15252_embj.2020107333_a4d0f57474	hca:0047_10.15252_embj.2020107333_a4d0f57474		ENDOTHELIAL CELL	ENDOTHELIAL CELL	3	2	0.6666666666666666	27	0.6666666666666666	0.5
LLMarkers	llmarkers|hca|0047_10.15252_embj.2020107333_a4d0f57474	llmarkers|hca|0047_10.15252_embj.2020107333_a4d0f57474	hca:0047_10.15252_embj.2020107333_a4d0f57474		FIBROBLAST	FIBROBLAST	3	0	0.0	28	0.6666666666666666	
LLMarkers	llmarkers|hca|0047_10.15252_embj.2020107333_a4d0f57474	llmarkers|hca|0047_10.15252_embj.2020107333_a4d0f57474	hca:0047_10.15252_embj.2020107333_a4d0f57474		FIBROBLAST POPULATION	FIBROBLAST POPULATION	8	3	0.375	0		
LLMarkers	llmarkers|hca|0047_10.15252_embj.2020107333_a4d0f57474	llmarkers|hca|0047_10.15252_embj.2020107333_a4d0f57474	hca:0047_10.15252_embj.2020107333_a4d0f57474		MATURE LUMINAL	MATURE LUMINAL	3	3	1.0	1	0.6666666666666666	0.6666666666666666
LLMarkers	llmarkers|hca|0047_10.15252_embj.2020107333_a4d0f57474	llmarkers|hca|0047_10.15252_embj.2020107333_a4d0f57474	hca:0047_10.15252_embj.2020107333_a4d0f57474		MYELOID/MACROPHAGE	MYELOID MACROPHAGE	4	2	0.5	0		
LLMarkers	llmarkers|hca|0047_10.15252_embj.2020107333_a4d0f57474	llmarkers|hca|0047_10.15252_embj.2020107333_a4d0f57474	hca:0047_10.15252_embj.2020107333_a4d0f57474		TREG	TREG	4	1	0.25	14	0.75	1.0
LLMarkers	llmarkers|hca|0047_10.15252_embj.2020107333_a4d0f57474	llmarkers|hca|0047_10.15252_embj.2020107333_a4d0f57474	hca:0047_10.15252_embj.2020107333_a4d0f57474		TREG SUBSET	TREG SUBSET	5	2	0.4	0		
LLMarkers	llmarkers|hca|0047_10.15252_embj.2020107333_a4d0f57474	llmarkers|hca|0047_10.15252_embj.2020107333_a4d0f57474	hca:0047_10.15252_embj.2020107333_a4d0f57474		TUMOR-INFILTRATING MYELOID CELL	TUMOR INFILTRATING MYELOID CELL	4	1	0.25	0		
LLMarkers	llmarkers|hca|0048_10.1038_s41588-022-01243-4_ae2af85553	llmarkers|hca|0048_10.1038_s41588-022-01243-4_ae2af85553	hca:0048_10.1038_s41588-022-01243-4_ae2af85553		CHONDROCYTE	CHONDROCYTE	5	5	1.0	2	1.0	1.0
LLMarkers	llmarkers|hca|0048_10.1038_s41588-022-01243-4_ae2af85553	llmarkers|hca|0048_10.1038_s41588-022-01243-4_ae2af85553	hca:0048_10.1038_s41588-022-01243-4_ae2af85553		IR-VEN-PERI	IR VEN PERI	4	4	1.0	0		
LLMarkers	llmarkers|hca|0048_10.1038_s41588-022-01243-4_ae2af85553	llmarkers|hca|0048_10.1038_s41588-022-01243-4_ae2af85553	hca:0048_10.1038_s41588-022-01243-4_ae2af85553		MACRO-ALV-MT	MACRO ALV MT	3	3	1.0	1	1.0	1.0
LLMarkers	llmarkers|hca|0048_10.1038_s41588-022-01243-4_ae2af85553	llmarkers|hca|0048_10.1038_s41588-022-01243-4_ae2af85553	hca:0048_10.1038_s41588-022-01243-4_ae2af85553		MACRO-CCL	MACRO CCL	3	3	1.0	2	1.0	1.0
LLMarkers	llmarkers|hca|0048_10.1038_s41588-022-01243-4_ae2af85553	llmarkers|hca|0048_10.1038_s41588-022-01243-4_ae2af85553	hca:0048_10.1038_s41588-022-01243-4_ae2af85553		MSCHWANN	MSCHWANN	4	4	1.0	0		
LLMarkers	llmarkers|hca|0048_10.1038_s41588-022-01243-4_ae2af85553	llmarkers|hca|0048_10.1038_s41588-022-01243-4_ae2af85553	hca:0048_10.1038_s41588-022-01243-4_ae2af85553		MYOEPITHELIAL CELL	MYOEPITHELIAL CELL	5	5	1.0	1	0.6	0.6
LLMarkers	llmarkers|hca|0048_10.1038_s41588-022-01243-4_ae2af85553	llmarkers|hca|0048_10.1038_s41588-022-01243-4_ae2af85553	hca:0048_10.1038_s41588-022-01243-4_ae2af85553		NMSCHWANN	NMSCHWANN	5	5	1.0	1	0.0	0.0
LLMarkers	llmarkers|hca|0048_10.1038_s41588-022-01243-4_ae2af85553	llmarkers|hca|0048_10.1038_s41588-022-01243-4_ae2af85553	hca:0048_10.1038_s41588-022-01243-4_ae2af85553		PC-FIBRO	PC FIBRO	3	3	1.0	1	1.0	1.0
LLMarkers	llmarkers|hca|0048_10.1038_s41588-022-01243-4_ae2af85553	llmarkers|hca|0048_10.1038_s41588-022-01243-4_ae2af85553	hca:0048_10.1038_s41588-022-01243-4_ae2af85553		SMG DUCT CELL	SMG DUCT CELL	3	3	1.0	0		
LLMarkers	llmarkers|hca|0048_10.1038_s41588-022-01243-4_ae2af85553	llmarkers|hca|0048_10.1038_s41588-022-01243-4_ae2af85553	hca:0048_10.1038_s41588-022-01243-4_ae2af85553		SMG EPITHELIAL CELL	SMG EPITHELIAL CELL	3	3	1.0	0		
LLMarkers	llmarkers|hca|0049_10.1038_s41586-023-06252-9_3d2f22d6e6	llmarkers|hca|0049_10.1038_s41586-023-06252-9_3d2f22d6e6	hca:0049_10.1038_s41586-023-06252-9_3d2f22d6e6		ADIPOCYTES	ADIPOCYTES	7	7	1.0	0		
LLMarkers	llmarkers|hca|0049_10.1038_s41586-023-06252-9_3d2f22d6e6	llmarkers|hca|0049_10.1038_s41586-023-06252-9_3d2f22d6e6	hca:0049_10.1038_s41586-023-06252-9_3d2f22d6e6		B CELLS	B CELLS	3	3	1.0	4	0.6666666666666666	0.6666666666666666
LLMarkers	llmarkers|hca|0049_10.1038_s41586-023-06252-9_3d2f22d6e6	llmarkers|hca|0049_10.1038_s41586-023-06252-9_3d2f22d6e6	hca:0049_10.1038_s41586-023-06252-9_3d2f22d6e6		FIBRO-MAJOR	FIBRO MAJOR	3	3	1.0	0		
LLMarkers	llmarkers|hca|0049_10.1038_s41586-023-06252-9_3d2f22d6e6	llmarkers|hca|0049_10.1038_s41586-023-06252-9_3d2f22d6e6	hca:0049_10.1038_s41586-023-06252-9_3d2f22d6e6		FIBRO-PREMATRIX	FIBRO PREMATRIX	4	4	1.0	0		
LLMarkers	llmarkers|hca|0049_10.1038_s41586-023-06252-9_3d2f22d6e6	llmarkers|hca|0049_10.1038_s41586-023-06252-9_3d2f22d6e6	hca:0049_10.1038_s41586-023-06252-9_3d2f22d6e6		FIBROBLASTS	FIBROBLASTS	3	3	1.0	5	0.6666666666666666	0.6666666666666666
LLMarkers	llmarkers|hca|0049_10.1038_s41586-023-06252-9_3d2f22d6e6	llmarkers|hca|0049_10.1038_s41586-023-06252-9_3d2f22d6e6	hca:0049_10.1038_s41586-023-06252-9_3d2f22d6e6		LUMHR-SCGB	LUMHR SCGB	4	4	1.0	0		
LLMarkers	llmarkers|hca|0049_10.1038_s41586-023-06252-9_3d2f22d6e6	llmarkers|hca|0049_10.1038_s41586-023-06252-9_3d2f22d6e6	hca:0049_10.1038_s41586-023-06252-9_3d2f22d6e6		LUMINAL HORMONE-RESPONSIVE	LUMINAL HORMONE RESPONSIVE	3	3	1.0	0		
LLMarkers	llmarkers|hca|0049_10.1038_s41586-023-06252-9_3d2f22d6e6	llmarkers|hca|0049_10.1038_s41586-023-06252-9_3d2f22d6e6	hca:0049_10.1038_s41586-023-06252-9_3d2f22d6e6		LUMSEC-BASAL	LUMSEC BASAL	3	3	1.0	0		
LLMarkers	llmarkers|hca|0049_10.1038_s41586-023-06252-9_3d2f22d6e6	llmarkers|hca|0049_10.1038_s41586-023-06252-9_3d2f22d6e6	hca:0049_10.1038_s41586-023-06252-9_3d2f22d6e6		LUMSEC-HLA	LUMSEC HLA	3	2	0.6666666666666666	0		
LLMarkers	llmarkers|hca|0049_10.1038_s41586-023-06252-9_3d2f22d6e6	llmarkers|hca|0049_10.1038_s41586-023-06252-9_3d2f22d6e6	hca:0049_10.1038_s41586-023-06252-9_3d2f22d6e6		LUMSEC-KIT	LUMSEC KIT	4	4	1.0	0		
LLMarkers	llmarkers|hca|0049_10.1038_s41586-023-06252-9_3d2f22d6e6	llmarkers|hca|0049_10.1038_s41586-023-06252-9_3d2f22d6e6	hca:0049_10.1038_s41586-023-06252-9_3d2f22d6e6		MACRO-M1	MACRO M 1	3	3	1.0	0		
LLMarkers	llmarkers|hca|0049_10.1038_s41586-023-06252-9_3d2f22d6e6	llmarkers|hca|0049_10.1038_s41586-023-06252-9_3d2f22d6e6	hca:0049_10.1038_s41586-023-06252-9_3d2f22d6e6		MACRO-M2	MACRO M 2	3	3	1.0	0		
LLMarkers	llmarkers|hca|0049_10.1038_s41586-023-06252-9_3d2f22d6e6	llmarkers|hca|0049_10.1038_s41586-023-06252-9_3d2f22d6e6	hca:0049_10.1038_s41586-023-06252-9_3d2f22d6e6		PERICYTES	PERICYTES	3	3	1.0	4	0.3333333333333333	0.3333333333333333
LLMarkers	llmarkers|hca|0049_10.1038_s41586-023-06252-9_3d2f22d6e6	llmarkers|hca|0049_10.1038_s41586-023-06252-9_3d2f22d6e6	hca:0049_10.1038_s41586-023-06252-9_3d2f22d6e6		T H -LIKE	T H LIKE	3	2	0.6666666666666666	0		
LLMarkers	llmarkers|hca|0049_10.1038_s41586-023-06252-9_3d2f22d6e6	llmarkers|hca|0049_10.1038_s41586-023-06252-9_3d2f22d6e6	hca:0049_10.1038_s41586-023-06252-9_3d2f22d6e6		VSMCS	VSMCS	4	4	1.0	1	0.0	0.0
LLMarkers	llmarkers|hca|0050_10.1073_pnas.1507125112_495172b774	llmarkers|hca|0050_10.1073_pnas.1507125112_495172b774	hca:0050_10.1073_pnas.1507125112_495172b774		ADULT NEURON	ADULT NEURON	3	2	0.6666666666666666	0		
LLMarkers	llmarkers|hca|0050_10.1073_pnas.1507125112_495172b774	llmarkers|hca|0050_10.1073_pnas.1507125112_495172b774	hca:0050_10.1073_pnas.1507125112_495172b774		EXCITATORY COMMUNITY	EXCITATORY COMMUNITY	3	3	1.0	0		
LLMarkers	llmarkers|hca|0050_10.1073_pnas.1507125112_495172b774	llmarkers|hca|0050_10.1073_pnas.1507125112_495172b774	hca:0050_10.1073_pnas.1507125112_495172b774		INHIBITORY NEURON	INHIBITORY NEURON	3	0	0.0	2	0.6666666666666666	
LLMarkers	llmarkers|hca|0050_10.1073_pnas.1507125112_495172b774	llmarkers|hca|0050_10.1073_pnas.1507125112_495172b774	hca:0050_10.1073_pnas.1507125112_495172b774		INTERNEURON	INTERNEURON	7	4	0.5714285714285714	3	0.8571428571428571	0.75
LLMarkers	llmarkers|hca|0050_10.1073_pnas.1507125112_495172b774	llmarkers|hca|0050_10.1073_pnas.1507125112_495172b774	hca:0050_10.1073_pnas.1507125112_495172b774		LAYER THREE NEURON	LAYER THREE NEURON	3	3	1.0	0		
LLMarkers	llmarkers|hca|0050_10.1073_pnas.1507125112_495172b774	llmarkers|hca|0050_10.1073_pnas.1507125112_495172b774	hca:0050_10.1073_pnas.1507125112_495172b774		NEURON	NEURON	3	3	1.0	1	0.3333333333333333	0.3333333333333333
LLMarkers	llmarkers|hca|0050_10.1073_pnas.1507125112_495172b774	llmarkers|hca|0050_10.1073_pnas.1507125112_495172b774	hca:0050_10.1073_pnas.1507125112_495172b774		PVALB NEURON	PVALB NEURON	4	4	1.0	0		
LLMarkers	llmarkers|hca|0051_10.1038_s41588-024-01990-6_8eb62f3200	llmarkers|hca|0051_10.1038_s41588-024-01990-6_8eb62f3200	hca:0051_10.1038_s41588-024-01990-6_8eb62f3200		ASTRO_L1-6_FGFR3_SLC14A1	ASTRO L 1 6 FGFR 3 SLC 14 A 1	4	4	1.0	0		
LLMarkers	llmarkers|hca|0051_10.1038_s41588-024-01990-6_8eb62f3200	llmarkers|hca|0051_10.1038_s41588-024-01990-6_8eb62f3200	hca:0051_10.1038_s41588-024-01990-6_8eb62f3200		EXC_L2-3_LINC00507_FREM3	EXC L 2 3 LINC 00507 FREM 3	7	5	0.7142857142857143	1	0.14285714285714285	0.2
LLMarkers	llmarkers|hca|0051_10.1038_s41588-024-01990-6_8eb62f3200	llmarkers|hca|0051_10.1038_s41588-024-01990-6_8eb62f3200	hca:0051_10.1038_s41588-024-01990-6_8eb62f3200		EXC_L2-4_LINC00507_GLP2R	EXC L 2 4 LINC 00507 GLP 2 R	4	0	0.0	0		
LLMarkers	llmarkers|hca|0051_10.1038_s41588-024-01990-6_8eb62f3200	llmarkers|hca|0051_10.1038_s41588-024-01990-6_8eb62f3200	hca:0051_10.1038_s41588-024-01990-6_8eb62f3200		EXC_L2_LAMP5_LTK	EXC L 2 LAMP 5 LTK	8	3	0.375	0		
LLMarkers	llmarkers|hca|0051_10.1038_s41588-024-01990-6_8eb62f3200	llmarkers|hca|0051_10.1038_s41588-024-01990-6_8eb62f3200	hca:0051_10.1038_s41588-024-01990-6_8eb62f3200		EXC_L3-5_RORB_ESR1	EXC L 3 5 RORB ESR 1	5	2	0.4	0		
LLMarkers	llmarkers|hca|0051_10.1038_s41588-024-01990-6_8eb62f3200	llmarkers|hca|0051_10.1038_s41588-024-01990-6_8eb62f3200	hca:0051_10.1038_s41588-024-01990-6_8eb62f3200		EXC_L4-5_RORB_FOLH1B	EXC L 4 5 RORB FOLH 1 B	3	0	0.0	0		
LLMarkers	llmarkers|hca|0051_10.1038_s41588-024-01990-6_8eb62f3200	llmarkers|hca|0051_10.1038_s41588-024-01990-6_8eb62f3200	hca:0051_10.1038_s41588-024-01990-6_8eb62f3200		EXC_L5-6 _THEMIS_CRABP1	EXC L 5 6 THEMIS CRABP 1	3	3	1.0	0		
LLMarkers	llmarkers|hca|0051_10.1038_s41588-024-01990-6_8eb62f3200	llmarkers|hca|0051_10.1038_s41588-024-01990-6_8eb62f3200	hca:0051_10.1038_s41588-024-01990-6_8eb62f3200		EXC_L5-6_THEMIS_C1QL3	EXC L 5 6 THEMIS C 1 QL 3	5	1	0.2	0		
LLMarkers	llmarkers|hca|0052_10.1016_j.molmet.2022.101595_3242a2c7db	llmarkers|hca|0052_10.1016_j.molmet.2022.101595_3242a2c7db	hca:0052_10.1016_j.molmet.2022.101595_3242a2c7db		IMMATURE Α-CELL	IMMATURE CELL	11	11	1.0	0		
LLMarkers	llmarkers|hca|0052_10.1016_j.molmet.2022.101595_3242a2c7db	llmarkers|hca|0052_10.1016_j.molmet.2022.101595_3242a2c7db	hca:0052_10.1016_j.molmet.2022.101595_3242a2c7db		MATURE Β-CELL	MATURE CELL	3	3	1.0	0		
LLMarkers	llmarkers|hca|0052_10.1016_j.molmet.2022.101595_3242a2c7db	llmarkers|hca|0052_10.1016_j.molmet.2022.101595_3242a2c7db	hca:0052_10.1016_j.molmet.2022.101595_3242a2c7db		MHC/AUTOANTIGEN	MHC AUTOANTIGEN	5	1	0.2	0		
LLMarkers	llmarkers|hca|0052_10.1016_j.molmet.2022.101595_3242a2c7db	llmarkers|hca|0052_10.1016_j.molmet.2022.101595_3242a2c7db	hca:0052_10.1016_j.molmet.2022.101595_3242a2c7db		STRESS I	STRESS I	6	3	0.5	0		
LLMarkers	llmarkers|hca|0052_10.1016_j.molmet.2022.101595_3242a2c7db	llmarkers|hca|0052_10.1016_j.molmet.2022.101595_3242a2c7db	hca:0052_10.1016_j.molmet.2022.101595_3242a2c7db		Α-CELL	CELL	6	5	0.8333333333333334	16	0.6666666666666666	0.6
LLMarkers	llmarkers|hca|0052_10.1016_j.molmet.2022.101595_3242a2c7db	llmarkers|hca|0052_10.1016_j.molmet.2022.101595_3242a2c7db	hca:0052_10.1016_j.molmet.2022.101595_3242a2c7db		Β-CELL	CELL	12	9	0.75	16	0.3333333333333333	0.2222222222222222
LLMarkers	llmarkers|hca|0052_10.1016_j.molmet.2022.101595_3242a2c7db	llmarkers|hca|0052_10.1016_j.molmet.2022.101595_3242a2c7db	hca:0052_10.1016_j.molmet.2022.101595_3242a2c7db		Δ-CELL	CELL	4	2	0.5	16	0.75	1.0
LLMarkers	llmarkers|hca|0056_10.1038_s41586-018-0449-8_fdcc67f757	llmarkers|hca|0056_10.1038_s41586-018-0449-8_fdcc67f757	hca:0056_10.1038_s41586-018-0449-8_fdcc67f757		BASAL	BASAL	3	3	1.0	6	0.6666666666666666	0.6666666666666666
LLMarkers	llmarkers|hca|0056_10.1038_s41586-018-0449-8_fdcc67f757	llmarkers|hca|0056_10.1038_s41586-018-0449-8_fdcc67f757	hca:0056_10.1038_s41586-018-0449-8_fdcc67f757		BASAL CELL	BASAL CELL	4	4	1.0	6	0.5	0.5
LLMarkers	llmarkers|hca|0056_10.1038_s41586-018-0449-8_fdcc67f757	llmarkers|hca|0056_10.1038_s41586-018-0449-8_fdcc67f757	hca:0056_10.1038_s41586-018-0449-8_fdcc67f757		CD4+ T CELL	CD 4 T CELL	4	1	0.25	16	0.0	0.0
LLMarkers	llmarkers|hca|0056_10.1038_s41586-018-0449-8_fdcc67f757	llmarkers|hca|0056_10.1038_s41586-018-0449-8_fdcc67f757	hca:0056_10.1038_s41586-018-0449-8_fdcc67f757		ENDOTHELIAL CELL	ENDOTHELIAL CELL	3	3	1.0	27	0.6666666666666666	0.6666666666666666
LLMarkers	llmarkers|hca|0056_10.1038_s41586-018-0449-8_fdcc67f757	llmarkers|hca|0056_10.1038_s41586-018-0449-8_fdcc67f757	hca:0056_10.1038_s41586-018-0449-8_fdcc67f757		FIBROBLAST	FIBROBLAST	4	4	1.0	28	0.75	0.75
LLMarkers	llmarkers|hca|0056_10.1038_s41586-018-0449-8_fdcc67f757	llmarkers|hca|0056_10.1038_s41586-018-0449-8_fdcc67f757	hca:0056_10.1038_s41586-018-0449-8_fdcc67f757		GLANDULAR CELL	GLANDULAR CELL	5	5	1.0	0		
LLMarkers	llmarkers|hca|0056_10.1038_s41586-018-0449-8_fdcc67f757	llmarkers|hca|0056_10.1038_s41586-018-0449-8_fdcc67f757	hca:0056_10.1038_s41586-018-0449-8_fdcc67f757		MAST CELL	MAST CELL	7	3	0.42857142857142855	14	0.2857142857142857	0.3333333333333333
LLMarkers	llmarkers|hca|0056_10.1038_s41586-018-0449-8_fdcc67f757	llmarkers|hca|0056_10.1038_s41586-018-0449-8_fdcc67f757	hca:0056_10.1038_s41586-018-0449-8_fdcc67f757		MYELOID CELL	MYELOID CELL	5	4	0.8	9	0.2	0.25
LLMarkers	llmarkers|hca|0056_10.1038_s41586-018-0449-8_fdcc67f757	llmarkers|hca|0056_10.1038_s41586-018-0449-8_fdcc67f757	hca:0056_10.1038_s41586-018-0449-8_fdcc67f757		SECRETORY GOBLET CELL	SECRETORY GOBLET CELL	3	3	1.0	0		
LLMarkers	llmarkers|hca|0057_10.1038_s41586-019-0903-2_059a54df94	llmarkers|hca|0057_10.1038_s41586-019-0903-2_059a54df94	hca:0057_10.1038_s41586-019-0903-2_059a54df94		IMOLG	IMOLG	4	4	1.0	0		
LLMarkers	llmarkers|hca|0057_10.1038_s41586-019-0903-2_059a54df94	llmarkers|hca|0057_10.1038_s41586-019-0903-2_059a54df94	hca:0057_10.1038_s41586-019-0903-2_059a54df94		OPC	OPC	4	4	1.0	4	0.5	0.5
LLMarkers	llmarkers|hca|0060_10.3389_fcell.2022.872688_ac00c45d48	llmarkers|hca|0060_10.3389_fcell.2022.872688_ac00c45d48	hca:0060_10.3389_fcell.2022.872688_ac00c45d48		BASAL KERATINOCYTE	BASAL KERATINOCYTE	3	3	1.0	0		
LLMarkers	llmarkers|hca|0060_10.3389_fcell.2022.872688_ac00c45d48	llmarkers|hca|0060_10.3389_fcell.2022.872688_ac00c45d48	hca:0060_10.3389_fcell.2022.872688_ac00c45d48		CLUSTER 4 FIBROBLAST	CLUSTER 4 FIBROBLAST	7	7	1.0	0		
LLMarkers	llmarkers|hca|0060_10.3389_fcell.2022.872688_ac00c45d48	llmarkers|hca|0060_10.3389_fcell.2022.872688_ac00c45d48	hca:0060_10.3389_fcell.2022.872688_ac00c45d48		DIFFERENTIATED GRANULAR KERATINOCYTE CLUSTER (CLUSTER 4)	DIFFERENTIATED GRANULAR KERATINOCYTE CLUSTER CLUSTER 4	7	7	1.0	0		
LLMarkers	llmarkers|hca|0060_10.3389_fcell.2022.872688_ac00c45d48	llmarkers|hca|0060_10.3389_fcell.2022.872688_ac00c45d48	hca:0060_10.3389_fcell.2022.872688_ac00c45d48		INFLAMMATORY	INFLAMMATORY	5	4	0.8	0		
LLMarkers	llmarkers|hca|0060_10.3389_fcell.2022.872688_ac00c45d48	llmarkers|hca|0060_10.3389_fcell.2022.872688_ac00c45d48	hca:0060_10.3389_fcell.2022.872688_ac00c45d48		MACROPHAGE	MACROPHAGE	3	3	1.0	28	1.0	1.0
LLMarkers	llmarkers|hca|0060_10.3389_fcell.2022.872688_ac00c45d48	llmarkers|hca|0060_10.3389_fcell.2022.872688_ac00c45d48	hca:0060_10.3389_fcell.2022.872688_ac00c45d48		MESENCHYMAL	MESENCHYMAL	5	5	1.0	6	0.2	0.2
LLMarkers	llmarkers|hca|0060_10.3389_fcell.2022.872688_ac00c45d48	llmarkers|hca|0060_10.3389_fcell.2022.872688_ac00c45d48	hca:0060_10.3389_fcell.2022.872688_ac00c45d48		PAPILLARY	PAPILLARY	3	3	1.0	0		
LLMarkers	llmarkers|hca|0060_10.3389_fcell.2022.872688_ac00c45d48	llmarkers|hca|0060_10.3389_fcell.2022.872688_ac00c45d48	hca:0060_10.3389_fcell.2022.872688_ac00c45d48		RETICULAR CELL	RETICULAR CELL	3	2	0.6666666666666666	0		
LLMarkers	llmarkers|hca|0060_10.3389_fcell.2022.872688_ac00c45d48	llmarkers|hca|0060_10.3389_fcell.2022.872688_ac00c45d48	hca:0060_10.3389_fcell.2022.872688_ac00c45d48		SECRETORY PAPILLARY	SECRETORY PAPILLARY	5	5	1.0	0		
LLMarkers	llmarkers|hca|0060_10.3389_fcell.2022.872688_ac00c45d48	llmarkers|hca|0060_10.3389_fcell.2022.872688_ac00c45d48	hca:0060_10.3389_fcell.2022.872688_ac00c45d48		SECRETORY RETICULAR	SECRETORY RETICULAR	4	3	0.75	0		
LLMarkers	llmarkers|hca|0060_10.3389_fcell.2022.872688_ac00c45d48	llmarkers|hca|0060_10.3389_fcell.2022.872688_ac00c45d48	hca:0060_10.3389_fcell.2022.872688_ac00c45d48		SECRETORY RETICULAR DERMAL FIBROBLAST	SECRETORY RETICULAR DERMAL FIBROBLAST	4	2	0.5	0		
LLMarkers	llmarkers|hca|0060_10.3389_fcell.2022.872688_ac00c45d48	llmarkers|hca|0060_10.3389_fcell.2022.872688_ac00c45d48	hca:0060_10.3389_fcell.2022.872688_ac00c45d48		VMSC	VMSC	5	5	1.0	0		
LLMarkers	llmarkers|hca|0062_10.1038_s41588-024-01873-w_27bb519849	llmarkers|hca|0062_10.1038_s41588-024-01873-w_27bb519849	hca:0062_10.1038_s41588-024-01873-w_27bb519849		ESTROMAL MMPS	ESTROMAL MMPS	3	3	1.0	0		
LLMarkers	llmarkers|hca|0062_10.1038_s41588-024-01873-w_27bb519849	llmarkers|hca|0062_10.1038_s41588-024-01873-w_27bb519849	hca:0062_10.1038_s41588-024-01873-w_27bb519849		MUC5B	MUC 5 B	4	4	1.0	1	0.75	0.75
LLMarkers	llmarkers|hca|0062_10.1038_s41588-024-01873-w_27bb519849	llmarkers|hca|0062_10.1038_s41588-024-01873-w_27bb519849	hca:0062_10.1038_s41588-024-01873-w_27bb519849		PREGLANDULAR	PREGLANDULAR	4	4	1.0	0		
LLMarkers	llmarkers|hca|0062_10.1038_s41588-024-01873-w_27bb519849	llmarkers|hca|0062_10.1038_s41588-024-01873-w_27bb519849	hca:0062_10.1038_s41588-024-01873-w_27bb519849		SOX9 FUNCTIONALIS I	SOX 9 FUNCTIONALIS I	5	5	1.0	0		
LLMarkers	llmarkers|hca|0062_10.1038_s41588-024-01873-w_27bb519849	llmarkers|hca|0062_10.1038_s41588-024-01873-w_27bb519849	hca:0062_10.1038_s41588-024-01873-w_27bb519849		SOX9 FUNCTIONALIS II	SOX 9 FUNCTIONALIS II	3	3	1.0	0		
LLMarkers	llmarkers|hca|0062_10.1038_s41588-024-01873-w_27bb519849	llmarkers|hca|0062_10.1038_s41588-024-01873-w_27bb519849	hca:0062_10.1038_s41588-024-01873-w_27bb519849		UM1	UM 1	12	4	0.3333333333333333	0		
LLMarkers	llmarkers|hca|0062_10.1038_s41588-024-01873-w_27bb519849	llmarkers|hca|0062_10.1038_s41588-024-01873-w_27bb519849	hca:0062_10.1038_s41588-024-01873-w_27bb519849		UM2	UM 2	13	5	0.38461538461538464	0		
LLMarkers	llmarkers|hca|0063_10.1016_j.cell.2021.04.028_f5e4882de7	llmarkers|hca|0063_10.1016_j.cell.2021.04.028_f5e4882de7	hca:0063_10.1016_j.cell.2021.04.028_f5e4882de7		DEFINITIVE ENDODERM	DEFINITIVE ENDODERM	3	3	1.0	1	0.6666666666666666	0.6666666666666666
LLMarkers	llmarkers|hca|0063_10.1016_j.cell.2021.04.028_f5e4882de7	llmarkers|hca|0063_10.1016_j.cell.2021.04.028_f5e4882de7	hca:0063_10.1016_j.cell.2021.04.028_f5e4882de7		GDF10 +	GDF 10	3	3	1.0	0		
LLMarkers	llmarkers|hca|0063_10.1016_j.cell.2021.04.028_f5e4882de7	llmarkers|hca|0063_10.1016_j.cell.2021.04.028_f5e4882de7	hca:0063_10.1016_j.cell.2021.04.028_f5e4882de7		INTESTINAL STEM CELL	INTESTINAL STEM CELL	3	2	0.6666666666666666	0		
LLMarkers	llmarkers|hca|0063_10.1016_j.cell.2021.04.028_f5e4882de7	llmarkers|hca|0063_10.1016_j.cell.2021.04.028_f5e4882de7	hca:0063_10.1016_j.cell.2021.04.028_f5e4882de7		MESODERM PROGENITOR	MESODERM PROGENITOR	3	2	0.6666666666666666	0		
LLMarkers	llmarkers|hca|0063_10.1016_j.cell.2021.04.028_f5e4882de7	llmarkers|hca|0063_10.1016_j.cell.2021.04.028_f5e4882de7	hca:0063_10.1016_j.cell.2021.04.028_f5e4882de7		PRIMITIVE STREAK	PRIMITIVE STREAK	3	3	1.0	0		
LLMarkers	llmarkers|hca|0063_10.1016_j.cell.2021.04.028_f5e4882de7	llmarkers|hca|0063_10.1016_j.cell.2021.04.028_f5e4882de7	hca:0063_10.1016_j.cell.2021.04.028_f5e4882de7		SUBEPITHELIAL MESENCHYME	SUBEPITHELIAL MESENCHYME	4	4	1.0	0		
LLMarkers	llmarkers|hca|0065_10.1101_2020.12.03.20242412_aa08d1f424	llmarkers|hca|0065_10.1101_2020.12.03.20242412_aa08d1f424	hca:0065_10.1101_2020.12.03.20242412_aa08d1f424		AT2	AT 2	4	4	1.0	9	0.75	0.75
LLMarkers	llmarkers|hca|0068_10.1093_ibd_izac201_351dddd961	llmarkers|hca|0068_10.1093_ibd_izac201_351dddd961	hca:0068_10.1093_ibd_izac201_351dddd961		BEST4+ ENTEROCYTE CELL	BEST 4 ENTEROCYTE CELL	3	2	0.6666666666666666	0		
LLMarkers	llmarkers|hca|0068_10.1093_ibd_izac201_351dddd961	llmarkers|hca|0068_10.1093_ibd_izac201_351dddd961	hca:0068_10.1093_ibd_izac201_351dddd961		EARLY ENTEROCYTE CELL	EARLY ENTEROCYTE CELL	3	2	0.6666666666666666	0		
LLMarkers	llmarkers|hca|0068_10.1093_ibd_izac201_351dddd961	llmarkers|hca|0068_10.1093_ibd_izac201_351dddd961	hca:0068_10.1093_ibd_izac201_351dddd961		ENTEROENDOCRINE CELL (EECS)	ENTEROENDOCRINE CELL EECS	4	4	1.0	0		
LLMarkers	llmarkers|hca|0068_10.1093_ibd_izac201_351dddd961	llmarkers|hca|0068_10.1093_ibd_izac201_351dddd961	hca:0068_10.1093_ibd_izac201_351dddd961		EPITHELIAL CELL	EPITHELIAL CELL	3	3	1.0	6	1.0	1.0
LLMarkers	llmarkers|hca|0068_10.1093_ibd_izac201_351dddd961	llmarkers|hca|0068_10.1093_ibd_izac201_351dddd961	hca:0068_10.1093_ibd_izac201_351dddd961		ERYTHROCYTE	ERYTHROCYTE	3	3	1.0	2	0.6666666666666666	0.6666666666666666
LLMarkers	llmarkers|hca|0068_10.1093_ibd_izac201_351dddd961	llmarkers|hca|0068_10.1093_ibd_izac201_351dddd961	hca:0068_10.1093_ibd_izac201_351dddd961		GOBLET CELL	GOBLET CELL	3	3	1.0	7	1.0	1.0
LLMarkers	llmarkers|hca|0068_10.1093_ibd_izac201_351dddd961	llmarkers|hca|0068_10.1093_ibd_izac201_351dddd961	hca:0068_10.1093_ibd_izac201_351dddd961		INFLAMMATORY MACROPHAGE	INFLAMMATORY MACROPHAGE	4	3	0.75	2	0.5	0.3333333333333333
LLMarkers	llmarkers|hca|0068_10.1093_ibd_izac201_351dddd961	llmarkers|hca|0068_10.1093_ibd_izac201_351dddd961	hca:0068_10.1093_ibd_izac201_351dddd961		MACROPHAGE	MACROPHAGE	3	2	0.6666666666666666	28	1.0	1.0
LLMarkers	llmarkers|hca|0068_10.1093_ibd_izac201_351dddd961	llmarkers|hca|0068_10.1093_ibd_izac201_351dddd961	hca:0068_10.1093_ibd_izac201_351dddd961		PANETH CELL	PANETH CELL	3	3	1.0	1	0.6666666666666666	0.6666666666666666
LLMarkers	llmarkers|hca|0068_10.1093_ibd_izac201_351dddd961	llmarkers|hca|0068_10.1093_ibd_izac201_351dddd961	hca:0068_10.1093_ibd_izac201_351dddd961		PLASMA CELL	PLASMA CELL	4	4	1.0	15	1.0	1.0
LLMarkers	llmarkers|hca|0068_10.1093_ibd_izac201_351dddd961	llmarkers|hca|0068_10.1093_ibd_izac201_351dddd961	hca:0068_10.1093_ibd_izac201_351dddd961		STROMAL CELL	STROMAL CELL	3	3	1.0	2	0.0	0.0
LLMarkers	llmarkers|hca|0068_10.1093_ibd_izac201_351dddd961	llmarkers|hca|0068_10.1093_ibd_izac201_351dddd961	hca:0068_10.1093_ibd_izac201_351dddd961		T CELL	T CELL	3	3	1.0	37	0.6666666666666666	0.6666666666666666
LLMarkers	llmarkers|hca|0068_10.1093_ibd_izac201_351dddd961	llmarkers|hca|0068_10.1093_ibd_izac201_351dddd961	hca:0068_10.1093_ibd_izac201_351dddd961		TA CELL	TA CELL	3	2	0.6666666666666666	0		
LLMarkers	llmarkers|hca|0068_10.1093_ibd_izac201_351dddd961	llmarkers|hca|0068_10.1093_ibd_izac201_351dddd961	hca:0068_10.1093_ibd_izac201_351dddd961		TUFT CELL	TUFT CELL	3	2	0.6666666666666666	4	1.0	1.0
LLMarkers	llmarkers|hca|0069_10.1038_s41467-021-23355-x_92232969b4	llmarkers|hca|0069_10.1038_s41467-021-23355-x_92232969b4	hca:0069_10.1038_s41467-021-23355-x_92232969b4		ACTIVATED SWITCHED MEMORY	ACTIVATED SWITCHED MEMORY	3	1	0.3333333333333333	0		
LLMarkers	llmarkers|hca|0069_10.1038_s41467-021-23355-x_92232969b4	llmarkers|hca|0069_10.1038_s41467-021-23355-x_92232969b4	hca:0069_10.1038_s41467-021-23355-x_92232969b4		ANTIBODY-SECRETING CELL	ANTIBODY SECRETING CELL	3	1	0.3333333333333333	1	0.6666666666666666	0.0
LLMarkers	llmarkers|hca|0069_10.1038_s41467-021-23355-x_92232969b4	llmarkers|hca|0069_10.1038_s41467-021-23355-x_92232969b4	hca:0069_10.1038_s41467-021-23355-x_92232969b4		DZ	DZ	4	2	0.5	1	0.0	0.0
LLMarkers	llmarkers|hca|0069_10.1038_s41467-021-23355-x_92232969b4	llmarkers|hca|0069_10.1038_s41467-021-23355-x_92232969b4	hca:0069_10.1038_s41467-021-23355-x_92232969b4		GC B CELL	GC B CELL	5	0	0.0	3	0.2	
LLMarkers	llmarkers|hca|0069_10.1038_s41467-021-23355-x_92232969b4	llmarkers|hca|0069_10.1038_s41467-021-23355-x_92232969b4	hca:0069_10.1038_s41467-021-23355-x_92232969b4		GC TIL-B	GC TIL B	5	1	0.2	0		
LLMarkers	llmarkers|hca|0069_10.1038_s41467-021-23355-x_92232969b4	llmarkers|hca|0069_10.1038_s41467-021-23355-x_92232969b4	hca:0069_10.1038_s41467-021-23355-x_92232969b4		LZ	LZ	5	3	0.6	0		
LLMarkers	llmarkers|hca|0069_10.1038_s41467-021-23355-x_92232969b4	llmarkers|hca|0069_10.1038_s41467-021-23355-x_92232969b4	hca:0069_10.1038_s41467-021-23355-x_92232969b4		T FH CELL	T FH CELL	4	4	1.0	0		
LLMarkers	llmarkers|hca|0069_10.1038_s41467-021-23355-x_92232969b4	llmarkers|hca|0069_10.1038_s41467-021-23355-x_92232969b4	hca:0069_10.1038_s41467-021-23355-x_92232969b4		TZ	TZ	4	3	0.75	0		
LLMarkers	llmarkers|hca|0071_10.1038_s41586-021-03929-x_6a378f8954	llmarkers|hca|0071_10.1038_s41586-021-03929-x_6a378f8954	hca:0071_10.1038_s41586-021-03929-x_6a378f8954		HSC/MPP	HSC MPP	5	5	1.0	0		
LLMarkers	llmarkers|hca|0071_10.1038_s41586-021-03929-x_6a378f8954	llmarkers|hca|0071_10.1038_s41586-021-03929-x_6a378f8954	hca:0071_10.1038_s41586-021-03929-x_6a378f8954		HSC/MPPS	HSC MPPS	4	3	0.75	1	0.0	0.0
LLMarkers	llmarkers|hca|0071_10.1038_s41586-021-03929-x_6a378f8954	llmarkers|hca|0071_10.1038_s41586-021-03929-x_6a378f8954	hca:0071_10.1038_s41586-021-03929-x_6a378f8954		MK	MK	3	2	0.6666666666666666	1	0.0	0.0
LLMarkers	llmarkers|hca|0071_10.1038_s41586-021-03929-x_6a378f8954	llmarkers|hca|0071_10.1038_s41586-021-03929-x_6a378f8954	hca:0071_10.1038_s41586-021-03929-x_6a378f8954		SINUSOIDAL EC	SINUSOIDAL EC	3	3	1.0	0		
LLMarkers	llmarkers|hca|0071_10.1038_s41586-021-03929-x_6a378f8954	llmarkers|hca|0071_10.1038_s41586-021-03929-x_6a378f8954	hca:0071_10.1038_s41586-021-03929-x_6a378f8954		SINUSOIDAL ECS	SINUSOIDAL ECS	5	5	1.0	0		
LLMarkers	llmarkers|hca|0071_10.1038_s41586-021-03929-x_6a378f8954	llmarkers|hca|0071_10.1038_s41586-021-03929-x_6a378f8954	hca:0071_10.1038_s41586-021-03929-x_6a378f8954		TIP EC	TIP EC	5	5	1.0	0		
LLMarkers	llmarkers|hca|0073_10.1016_j.isci.2021.102482_6ff6d432ab	llmarkers|hca|0073_10.1016_j.isci.2021.102482_6ff6d432ab	hca:0073_10.1016_j.isci.2021.102482_6ff6d432ab		CLUSTER 0/1	CLUSTER 0 1	6	5	0.8333333333333334	0		
LLMarkers	llmarkers|hca|0073_10.1016_j.isci.2021.102482_6ff6d432ab	llmarkers|hca|0073_10.1016_j.isci.2021.102482_6ff6d432ab	hca:0073_10.1016_j.isci.2021.102482_6ff6d432ab		CLUSTER 2	CLUSTER 2	3	2	0.6666666666666666	18	0.0	0.0
LLMarkers	llmarkers|hca|0073_10.1016_j.isci.2021.102482_6ff6d432ab	llmarkers|hca|0073_10.1016_j.isci.2021.102482_6ff6d432ab	hca:0073_10.1016_j.isci.2021.102482_6ff6d432ab		CLUSTER 3	CLUSTER 3	7	6	0.8571428571428571	11	0.0	0.0
LLMarkers	llmarkers|hca|0073_10.1016_j.isci.2021.102482_6ff6d432ab	llmarkers|hca|0073_10.1016_j.isci.2021.102482_6ff6d432ab	hca:0073_10.1016_j.isci.2021.102482_6ff6d432ab		CLUSTERS 2 AND 3	CLUSTERS 2 AND 3	4	2	0.5	0		
LLMarkers	llmarkers|hca|0073_10.1016_j.isci.2021.102482_6ff6d432ab	llmarkers|hca|0073_10.1016_j.isci.2021.102482_6ff6d432ab	hca:0073_10.1016_j.isci.2021.102482_6ff6d432ab		PLASMABLAST	PLASMABLAST	4	3	0.75	3	0.75	1.0
LLMarkers	llmarkers|hca|0074_10.3389_fimmu.2022.846281_c0060ff2e9	llmarkers|hca|0074_10.3389_fimmu.2022.846281_c0060ff2e9	hca:0074_10.3389_fimmu.2022.846281_c0060ff2e9		CTEC	CTEC	4	4	1.0	1	1.0	1.0
LLMarkers	llmarkers|hca|0074_10.3389_fimmu.2022.846281_c0060ff2e9	llmarkers|hca|0074_10.3389_fimmu.2022.846281_c0060ff2e9	hca:0074_10.3389_fimmu.2022.846281_c0060ff2e9		MTEC	MTEC	4	4	1.0	1	0.0	0.0
LLMarkers	llmarkers|hca|0075_10.1126_scitranslmed.abm1375_6de08b3db5	llmarkers|hca|0075_10.1126_scitranslmed.abm1375_6de08b3db5	hca:0075_10.1126_scitranslmed.abm1375_6de08b3db5		CMV-ADAPTIVE NK CELL	CMV ADAPTIVE NK CELL	5	3	0.6	0		
LLMarkers	llmarkers|hca|0075_10.1126_scitranslmed.abm1375_6de08b3db5	llmarkers|hca|0075_10.1126_scitranslmed.abm1375_6de08b3db5	hca:0075_10.1126_scitranslmed.abm1375_6de08b3db5		ML NK CELL	ML NK CELL	19	17	0.8947368421052632	0		
LLMarkers	llmarkers|hca|0076_10.1016_j.cell.2021.01.053_e0734afb82	llmarkers|hca|0076_10.1016_j.cell.2021.01.053_e0734afb82	hca:0076_10.1016_j.cell.2021.01.053_e0734afb82		B CELLS	B CELLS	3	3	1.0	4	0.6666666666666666	0.6666666666666666
LLMarkers	llmarkers|hca|0076_10.1016_j.cell.2021.01.053_e0734afb82	llmarkers|hca|0076_10.1016_j.cell.2021.01.053_e0734afb82	hca:0076_10.1016_j.cell.2021.01.053_e0734afb82		B_C03-CD27-AIM2	B C 03 CD 27 AIM 2	5	5	1.0	0		
LLMarkers	llmarkers|hca|0076_10.1016_j.cell.2021.01.053_e0734afb82	llmarkers|hca|0076_10.1016_j.cell.2021.01.053_e0734afb82	hca:0076_10.1016_j.cell.2021.01.053_e0734afb82		B_C05-MZB1-XBP1	B C 05 MZB 1 XBP 1	4	4	1.0	0		
LLMarkers	llmarkers|hca|0076_10.1016_j.cell.2021.01.053_e0734afb82	llmarkers|hca|0076_10.1016_j.cell.2021.01.053_e0734afb82	hca:0076_10.1016_j.cell.2021.01.053_e0734afb82		CD4 AND CD8 T CELLS	CD 4 AND CD 8 T CELLS	6	6	1.0	0		
LLMarkers	llmarkers|hca|0076_10.1016_j.cell.2021.01.053_e0734afb82	llmarkers|hca|0076_10.1016_j.cell.2021.01.053_e0734afb82	hca:0076_10.1016_j.cell.2021.01.053_e0734afb82		MACRO_C2-CCL3L1	MACRO C 2 CCL 3 L 1	5	5	1.0	0		
LLMarkers	llmarkers|hca|0076_10.1016_j.cell.2021.01.053_e0734afb82	llmarkers|hca|0076_10.1016_j.cell.2021.01.053_e0734afb82	hca:0076_10.1016_j.cell.2021.01.053_e0734afb82		MONO_C1-CD14-CCL3	MONO C 1 CD 14 CCL 3	11	11	1.0	0		
LLMarkers	llmarkers|hca|0076_10.1016_j.cell.2021.01.053_e0734afb82	llmarkers|hca|0076_10.1016_j.cell.2021.01.053_e0734afb82	hca:0076_10.1016_j.cell.2021.01.053_e0734afb82		NEUTROPHILS	NEUTROPHILS	4	4	1.0	2	0.25	0.25
LLMarkers	llmarkers|hca|0076_10.1016_j.cell.2021.01.053_e0734afb82	llmarkers|hca|0076_10.1016_j.cell.2021.01.053_e0734afb82	hca:0076_10.1016_j.cell.2021.01.053_e0734afb82		NK CELLS	NK CELLS	3	2	0.6666666666666666	4	1.0	1.0
LLMarkers	llmarkers|hca|0076_10.1016_j.cell.2021.01.053_e0734afb82	llmarkers|hca|0076_10.1016_j.cell.2021.01.053_e0734afb82	hca:0076_10.1016_j.cell.2021.01.053_e0734afb82		T_CD8_C08-IL2RB	T CD 8 C 08 IL 2 RB	4	3	0.75	0		
LLMarkers	llmarkers|hca|0076_10.1016_j.cell.2021.01.053_e0734afb82	llmarkers|hca|0076_10.1016_j.cell.2021.01.053_e0734afb82	hca:0076_10.1016_j.cell.2021.01.053_e0734afb82		T_CD8_C10-MKI67-GZMK	T CD 8 C 10 MKI 67 GZMK	4	4	1.0	0		
LLMarkers	llmarkers|hca|0077_10.1038_s41587-020-0602-4_e82c5c2835	llmarkers|hca|0077_10.1038_s41587-020-0602-4_e82c5c2835	hca:0077_10.1038_s41587-020-0602-4_e82c5c2835		BASAL-DIFF	BASAL DIFF	3	3	1.0	0		
LLMarkers	llmarkers|hca|0077_10.1038_s41587-020-0602-4_e82c5c2835	llmarkers|hca|0077_10.1038_s41587-020-0602-4_e82c5c2835	hca:0077_10.1038_s41587-020-0602-4_e82c5c2835		CILIATED IFN	CILIATED IFN	5	5	1.0	0		
LLMarkers	llmarkers|hca|0077_10.1038_s41587-020-0602-4_e82c5c2835	llmarkers|hca|0077_10.1038_s41587-020-0602-4_e82c5c2835	hca:0077_10.1038_s41587-020-0602-4_e82c5c2835		CTL	CTL	9	7	0.7777777777777778	0		
LLMarkers	llmarkers|hca|0077_10.1038_s41587-020-0602-4_e82c5c2835	llmarkers|hca|0077_10.1038_s41587-020-0602-4_e82c5c2835	hca:0077_10.1038_s41587-020-0602-4_e82c5c2835		FOXN4 +	FOXN 4	3	3	1.0	0		
LLMarkers	llmarkers|hca|0077_10.1038_s41587-020-0602-4_e82c5c2835	llmarkers|hca|0077_10.1038_s41587-020-0602-4_e82c5c2835	hca:0077_10.1038_s41587-020-0602-4_e82c5c2835		HYBRID	HYBRID	7	7	1.0	0		
LLMarkers	llmarkers|hca|0077_10.1038_s41587-020-0602-4_e82c5c2835	llmarkers|hca|0077_10.1038_s41587-020-0602-4_e82c5c2835	hca:0077_10.1038_s41587-020-0602-4_e82c5c2835		IFNG-RESPONSIVE	IFNG RESPONSIVE	3	2	0.6666666666666666	0		
LLMarkers	llmarkers|hca|0077_10.1038_s41587-020-0602-4_e82c5c2835	llmarkers|hca|0077_10.1038_s41587-020-0602-4_e82c5c2835	hca:0077_10.1038_s41587-020-0602-4_e82c5c2835		MOMA	MOMA	3	0	0.0	0		
LLMarkers	llmarkers|hca|0077_10.1038_s41587-020-0602-4_e82c5c2835	llmarkers|hca|0077_10.1038_s41587-020-0602-4_e82c5c2835	hca:0077_10.1038_s41587-020-0602-4_e82c5c2835		NK CELL	NK CELL	3	2	0.6666666666666666	15	1.0	1.0
LLMarkers	llmarkers|hca|0077_10.1038_s41587-020-0602-4_e82c5c2835	llmarkers|hca|0077_10.1038_s41587-020-0602-4_e82c5c2835	hca:0077_10.1038_s41587-020-0602-4_e82c5c2835		NRMA	NRMA	10	5	0.5	1	0.1	0.0
LLMarkers	llmarkers|hca|0077_10.1038_s41587-020-0602-4_e82c5c2835	llmarkers|hca|0077_10.1038_s41587-020-0602-4_e82c5c2835	hca:0077_10.1038_s41587-020-0602-4_e82c5c2835		PLASMA CELL	PLASMA CELL	3	3	1.0	15	1.0	1.0
LLMarkers	llmarkers|hca|0077_10.1038_s41587-020-0602-4_e82c5c2835	llmarkers|hca|0077_10.1038_s41587-020-0602-4_e82c5c2835	hca:0077_10.1038_s41587-020-0602-4_e82c5c2835		SECRETORY CELL	SECRETORY CELL	5	3	0.6	1	0.2	0.3333333333333333
LLMarkers	llmarkers|hca|0078_10.1038_s41586-021-03570-8_93e4f0be8b	llmarkers|hca|0078_10.1038_s41586-021-03570-8_93e4f0be8b	hca:0078_10.1038_s41586-021-03570-8_93e4f0be8b		AT2	AT 2	6	6	1.0	9	0.16666666666666666	0.16666666666666666
LLMarkers	llmarkers|hca|0078_10.1038_s41586-021-03570-8_93e4f0be8b	llmarkers|hca|0078_10.1038_s41586-021-03570-8_93e4f0be8b	hca:0078_10.1038_s41586-021-03570-8_93e4f0be8b		LDB2 HIGH OSMR HIGH YAP1 HIGH MACROPHAGE	LDB 2 HIGH OSMR HIGH YAP 1 HIGH MACROPHAGE	3	3	1.0	0		
LLMarkers	llmarkers|hca|0078_10.1038_s41586-021-03570-8_93e4f0be8b	llmarkers|hca|0078_10.1038_s41586-021-03570-8_93e4f0be8b	hca:0078_10.1038_s41586-021-03570-8_93e4f0be8b		PATS	PATS	6	6	1.0	0		
LLMarkers	llmarkers|hca|0078_10.1038_s41586-021-03570-8_93e4f0be8b	llmarkers|hca|0078_10.1038_s41586-021-03570-8_93e4f0be8b	hca:0078_10.1038_s41586-021-03570-8_93e4f0be8b		PPARG HIGH CD15L HIGH MACROPHAGE	PPARG HIGH CD 15 L HIGH MACROPHAGE	3	3	1.0	0		
LLMarkers	llmarkers|hca|0080_10.1126_sciadv.abf1444_8cb053b6ed	llmarkers|hca|0080_10.1126_sciadv.abf1444_8cb053b6ed	hca:0080_10.1126_sciadv.abf1444_8cb053b6ed		ATRIAL CARDIOMYOCYTE	ATRIAL CARDIOMYOCYTE	7	7	1.0	2	0.42857142857142855	0.42857142857142855
LLMarkers	llmarkers|hca|0080_10.1126_sciadv.abf1444_8cb053b6ed	llmarkers|hca|0080_10.1126_sciadv.abf1444_8cb053b6ed	hca:0080_10.1126_sciadv.abf1444_8cb053b6ed		CARDIAC FIBROBLAST	CARDIAC FIBROBLAST	6	5	0.8333333333333334	0		
LLMarkers	llmarkers|hca|0080_10.1126_sciadv.abf1444_8cb053b6ed	llmarkers|hca|0080_10.1126_sciadv.abf1444_8cb053b6ed	hca:0080_10.1126_sciadv.abf1444_8cb053b6ed		CARDIOMYOCYTE	CARDIOMYOCYTE	4	2	0.5	8	0.25	0.0
LLMarkers	llmarkers|hca|0080_10.1126_sciadv.abf1444_8cb053b6ed	llmarkers|hca|0080_10.1126_sciadv.abf1444_8cb053b6ed	hca:0080_10.1126_sciadv.abf1444_8cb053b6ed		ENDOCARDIAL CELL	ENDOCARDIAL CELL	3	0	0.0	0		
LLMarkers	llmarkers|hca|0080_10.1126_sciadv.abf1444_8cb053b6ed	llmarkers|hca|0080_10.1126_sciadv.abf1444_8cb053b6ed	hca:0080_10.1126_sciadv.abf1444_8cb053b6ed		ENDOTHELIAL CELL	ENDOTHELIAL CELL	3	2	0.6666666666666666	27	0.3333333333333333	0.5
LLMarkers	llmarkers|hca|0080_10.1126_sciadv.abf1444_8cb053b6ed	llmarkers|hca|0080_10.1126_sciadv.abf1444_8cb053b6ed	hca:0080_10.1126_sciadv.abf1444_8cb053b6ed		MACROPHAGE	MACROPHAGE	3	3	1.0	28	0.3333333333333333	0.3333333333333333
LLMarkers	llmarkers|hca|0080_10.1126_sciadv.abf1444_8cb053b6ed	llmarkers|hca|0080_10.1126_sciadv.abf1444_8cb053b6ed	hca:0080_10.1126_sciadv.abf1444_8cb053b6ed		VENTRICULAR CARDIOMYOCYTE	VENTRICULAR CARDIOMYOCYTE	3	3	1.0	1	1.0	1.0
LLMarkers	llmarkers|hca|0081_10.1038_s41598-020-66092-9_e23219ced0	llmarkers|hca|0081_10.1038_s41598-020-66092-9_e23219ced0	hca:0081_10.1038_s41598-020-66092-9_e23219ced0		BIPOLAR CELL	BIPOLAR CELL	4	3	0.75	3	0.5	0.6666666666666666
LLMarkers	llmarkers|hca|0081_10.1038_s41598-020-66092-9_e23219ced0	llmarkers|hca|0081_10.1038_s41598-020-66092-9_e23219ced0	hca:0081_10.1038_s41598-020-66092-9_e23219ced0		CONE	CONE	4	2	0.5	2	0.5	1.0
LLMarkers	llmarkers|hca|0081_10.1038_s41598-020-66092-9_e23219ced0	llmarkers|hca|0081_10.1038_s41598-020-66092-9_e23219ced0	hca:0081_10.1038_s41598-020-66092-9_e23219ced0		MÜLLER GLIA	MULLER GLIA	8	7	0.875	3	0.375	0.42857142857142855
LLMarkers	llmarkers|hca|0081_10.1038_s41598-020-66092-9_e23219ced0	llmarkers|hca|0081_10.1038_s41598-020-66092-9_e23219ced0	hca:0081_10.1038_s41598-020-66092-9_e23219ced0		ON PARASOL RGC	ON PARASOL RGC	3	3	1.0	0		
LLMarkers	llmarkers|hca|0081_10.1038_s41598-020-66092-9_e23219ced0	llmarkers|hca|0081_10.1038_s41598-020-66092-9_e23219ced0	hca:0081_10.1038_s41598-020-66092-9_e23219ced0		PHOTORECEPTOR	PHOTORECEPTOR	4	3	0.75	0		
LLMarkers	llmarkers|hca|0081_10.1038_s41598-020-66092-9_e23219ced0	llmarkers|hca|0081_10.1038_s41598-020-66092-9_e23219ced0	hca:0081_10.1038_s41598-020-66092-9_e23219ced0		RGC	RGC	27	26	0.9629629629629629	1	0.037037037037037035	0.038461538461538464
LLMarkers	llmarkers|hca|0081_10.1038_s41598-020-66092-9_e23219ced0	llmarkers|hca|0081_10.1038_s41598-020-66092-9_e23219ced0	hca:0081_10.1038_s41598-020-66092-9_e23219ced0		ROD	ROD	5	3	0.6	2	0.4	0.3333333333333333
LLMarkers	llmarkers|hca|0082_10.1016_j.cell.2020.08.013_e864ee2cef	llmarkers|hca|0082_10.1016_j.cell.2020.08.013_e864ee2cef	hca:0082_10.1016_j.cell.2020.08.013_e864ee2cef		AMACRINE CELL	AMACRINE CELL	5	5	1.0	1	0.2	0.2
LLMarkers	llmarkers|hca|0082_10.1016_j.cell.2020.08.013_e864ee2cef	llmarkers|hca|0082_10.1016_j.cell.2020.08.013_e864ee2cef	hca:0082_10.1016_j.cell.2020.08.013_e864ee2cef		BIPOLAR CELL	BIPOLAR CELL	6	6	1.0	3	0.16666666666666666	0.16666666666666666
LLMarkers	llmarkers|hca|0082_10.1016_j.cell.2020.08.013_e864ee2cef	llmarkers|hca|0082_10.1016_j.cell.2020.08.013_e864ee2cef	hca:0082_10.1016_j.cell.2020.08.013_e864ee2cef		CONE	CONE	6	6	1.0	2	0.3333333333333333	0.3333333333333333
LLMarkers	llmarkers|hca|0082_10.1016_j.cell.2020.08.013_e864ee2cef	llmarkers|hca|0082_10.1016_j.cell.2020.08.013_e864ee2cef	hca:0082_10.1016_j.cell.2020.08.013_e864ee2cef		ENDOTHELIAL CELLS, MURAL CELLS AND FIBROBLASTS	ENDOTHELIAL CELLS MURAL CELLS AND FIBROBLASTS	6	6	1.0	0		
LLMarkers	llmarkers|hca|0082_10.1016_j.cell.2020.08.013_e864ee2cef	llmarkers|hca|0082_10.1016_j.cell.2020.08.013_e864ee2cef	hca:0082_10.1016_j.cell.2020.08.013_e864ee2cef		GANGLION CELL	GANGLION CELL	7	7	1.0	0		
LLMarkers	llmarkers|hca|0082_10.1016_j.cell.2020.08.013_e864ee2cef	llmarkers|hca|0082_10.1016_j.cell.2020.08.013_e864ee2cef	hca:0082_10.1016_j.cell.2020.08.013_e864ee2cef		GLIAL CELL	GLIAL CELL	3	3	1.0	3	0.0	0.0
LLMarkers	llmarkers|hca|0082_10.1016_j.cell.2020.08.013_e864ee2cef	llmarkers|hca|0082_10.1016_j.cell.2020.08.013_e864ee2cef	hca:0082_10.1016_j.cell.2020.08.013_e864ee2cef		HORIZONTAL CELL	HORIZONTAL CELL	4	4	1.0	1	0.5	0.5
LLMarkers	llmarkers|hca|0082_10.1016_j.cell.2020.08.013_e864ee2cef	llmarkers|hca|0082_10.1016_j.cell.2020.08.013_e864ee2cef	hca:0082_10.1016_j.cell.2020.08.013_e864ee2cef		IMMUNE CELL	IMMUNE CELL	8	8	1.0	6	0.0	0.0
LLMarkers	llmarkers|hca|0082_10.1016_j.cell.2020.08.013_e864ee2cef	llmarkers|hca|0082_10.1016_j.cell.2020.08.013_e864ee2cef	hca:0082_10.1016_j.cell.2020.08.013_e864ee2cef		MÜLLER CELL	MULLER CELL	14	14	1.0	1	0.07142857142857142	0.07142857142857142
LLMarkers	llmarkers|hca|0082_10.1016_j.cell.2020.08.013_e864ee2cef	llmarkers|hca|0082_10.1016_j.cell.2020.08.013_e864ee2cef	hca:0082_10.1016_j.cell.2020.08.013_e864ee2cef		PIGMENT EPITHELIAL CELL	PIGMENT EPITHELIAL CELL	9	8	0.8888888888888888	0		
LLMarkers	llmarkers|hca|0082_10.1016_j.cell.2020.08.013_e864ee2cef	llmarkers|hca|0082_10.1016_j.cell.2020.08.013_e864ee2cef	hca:0082_10.1016_j.cell.2020.08.013_e864ee2cef		PIGMENTED CELL	PIGMENTED CELL	3	2	0.6666666666666666	0		
LLMarkers	llmarkers|hca|0082_10.1016_j.cell.2020.08.013_e864ee2cef	llmarkers|hca|0082_10.1016_j.cell.2020.08.013_e864ee2cef	hca:0082_10.1016_j.cell.2020.08.013_e864ee2cef		ROD	ROD	4	4	1.0	2	0.25	0.25
LLMarkers	llmarkers|hca|0083_10.1126_sciimmunol.adz8650_c0046d094c	llmarkers|hca|0083_10.1126_sciimmunol.adz8650_c0046d094c	hca:0083_10.1126_sciimmunol.adz8650_c0046d094c		CCR7+ CDCS	CCR 7 CDCS	5	2	0.4	0		
LLMarkers	llmarkers|hca|0083_10.1126_sciimmunol.adz8650_c0046d094c	llmarkers|hca|0083_10.1126_sciimmunol.adz8650_c0046d094c	hca:0083_10.1126_sciimmunol.adz8650_c0046d094c		CDC1	CDC 1	3	0	0.0	10	1.0	
LLMarkers	llmarkers|hca|0083_10.1126_sciimmunol.adz8650_c0046d094c	llmarkers|hca|0083_10.1126_sciimmunol.adz8650_c0046d094c	hca:0083_10.1126_sciimmunol.adz8650_c0046d094c		CDC1S	CDC 1 S	12	9	0.75	1	0.25	0.1111111111111111
LLMarkers	llmarkers|hca|0083_10.1126_sciimmunol.adz8650_c0046d094c	llmarkers|hca|0083_10.1126_sciimmunol.adz8650_c0046d094c	hca:0083_10.1126_sciimmunol.adz8650_c0046d094c		CDC2	CDC 2	5	2	0.4	8	0.8	1.0
LLMarkers	llmarkers|hca|0083_10.1126_sciimmunol.adz8650_c0046d094c	llmarkers|hca|0083_10.1126_sciimmunol.adz8650_c0046d094c	hca:0083_10.1126_sciimmunol.adz8650_c0046d094c		CDC2/DC3-LIKE	CDC 2 DC 3 LIKE	4	3	0.75	0		
LLMarkers	llmarkers|hca|0083_10.1126_sciimmunol.adz8650_c0046d094c	llmarkers|hca|0083_10.1126_sciimmunol.adz8650_c0046d094c	hca:0083_10.1126_sciimmunol.adz8650_c0046d094c		CDC2S	CDC 2 S	7	5	0.7142857142857143	1	0.0	0.0
LLMarkers	llmarkers|hca|0083_10.1126_sciimmunol.adz8650_c0046d094c	llmarkers|hca|0083_10.1126_sciimmunol.adz8650_c0046d094c	hca:0083_10.1126_sciimmunol.adz8650_c0046d094c		DC3	DC 3	3	1	0.3333333333333333	2	0.6666666666666666	1.0
LLMarkers	llmarkers|hca|0083_10.1126_sciimmunol.adz8650_c0046d094c	llmarkers|hca|0083_10.1126_sciimmunol.adz8650_c0046d094c	hca:0083_10.1126_sciimmunol.adz8650_c0046d094c		DC3S	DC 3 S	11	7	0.6363636363636364	0		
LLMarkers	llmarkers|hca|0083_10.1126_sciimmunol.adz8650_c0046d094c	llmarkers|hca|0083_10.1126_sciimmunol.adz8650_c0046d094c	hca:0083_10.1126_sciimmunol.adz8650_c0046d094c		LAMP3+ CDCS	LAMP 3 CDCS	3	1	0.3333333333333333	0		
LLMarkers	llmarkers|hca|0083_10.1126_sciimmunol.adz8650_c0046d094c	llmarkers|hca|0083_10.1126_sciimmunol.adz8650_c0046d094c	hca:0083_10.1126_sciimmunol.adz8650_c0046d094c		M1	M 1	4	3	0.75	2	0.0	0.0
LLMarkers	llmarkers|hca|0083_10.1126_sciimmunol.adz8650_c0046d094c	llmarkers|hca|0083_10.1126_sciimmunol.adz8650_c0046d094c	hca:0083_10.1126_sciimmunol.adz8650_c0046d094c		M6	M 6	3	3	1.0	0		
LLMarkers	llmarkers|hca|0083_10.1126_sciimmunol.adz8650_c0046d094c	llmarkers|hca|0083_10.1126_sciimmunol.adz8650_c0046d094c	hca:0083_10.1126_sciimmunol.adz8650_c0046d094c		M7	M 7	6	5	0.8333333333333334	0		
LLMarkers	llmarkers|hca|0083_10.1126_sciimmunol.adz8650_c0046d094c	llmarkers|hca|0083_10.1126_sciimmunol.adz8650_c0046d094c	hca:0083_10.1126_sciimmunol.adz8650_c0046d094c		M8	M 8	6	6	1.0	0		
LLMarkers	llmarkers|hca|0083_10.1126_sciimmunol.adz8650_c0046d094c	llmarkers|hca|0083_10.1126_sciimmunol.adz8650_c0046d094c	hca:0083_10.1126_sciimmunol.adz8650_c0046d094c		MATURE MACROPHAGES	MATURE MACROPHAGES	4	2	0.5	0		
LLMarkers	llmarkers|hca|0085_10.1073_pnas.2200914119_3dd916fb05	llmarkers|hca|0085_10.1073_pnas.2200914119_3dd916fb05	hca:0085_10.1073_pnas.2200914119_3dd916fb05		BASAL	BASAL	3	2	0.6666666666666666	6	0.3333333333333333	0.0
LLMarkers	llmarkers|hca|0085_10.1073_pnas.2200914119_3dd916fb05	llmarkers|hca|0085_10.1073_pnas.2200914119_3dd916fb05	hca:0085_10.1073_pnas.2200914119_3dd916fb05		CC_VENENDO	CC VENENDO	3	1	0.3333333333333333	0		
LLMarkers	llmarkers|hca|0085_10.1073_pnas.2200914119_3dd916fb05	llmarkers|hca|0085_10.1073_pnas.2200914119_3dd916fb05	hca:0085_10.1073_pnas.2200914119_3dd916fb05		COLLECTOR CHANNELS, AQUEOUS VEINS, AND SCLERAL VENOUS PLEXUSES	COLLECTOR CHANNELS AQUEOUS VEINS AND SCLERAL VENOUS PLEXUSES	4	2	0.5	0		
LLMarkers	llmarkers|hca|0085_10.1073_pnas.2200914119_3dd916fb05	llmarkers|hca|0085_10.1073_pnas.2200914119_3dd916fb05	hca:0085_10.1073_pnas.2200914119_3dd916fb05		CONJUNCTIVAL	CONJUNCTIVAL	8	4	0.5	0		
LLMarkers	llmarkers|hca|0085_10.1073_pnas.2200914119_3dd916fb05	llmarkers|hca|0085_10.1073_pnas.2200914119_3dd916fb05	hca:0085_10.1073_pnas.2200914119_3dd916fb05		CORNEAL	CORNEAL	3	0	0.0	0		
LLMarkers	llmarkers|hca|0085_10.1073_pnas.2200914119_3dd916fb05	llmarkers|hca|0085_10.1073_pnas.2200914119_3dd916fb05	hca:0085_10.1073_pnas.2200914119_3dd916fb05		FIBER CELLS	FIBER CELLS	3	3	1.0	0		
LLMarkers	llmarkers|hca|0085_10.1073_pnas.2200914119_3dd916fb05	llmarkers|hca|0085_10.1073_pnas.2200914119_3dd916fb05	hca:0085_10.1073_pnas.2200914119_3dd916fb05		IMMUNE CELLS	IMMUNE CELLS	4	4	1.0	0		
LLMarkers	llmarkers|hca|0085_10.1073_pnas.2200914119_3dd916fb05	llmarkers|hca|0085_10.1073_pnas.2200914119_3dd916fb05	hca:0085_10.1073_pnas.2200914119_3dd916fb05		IRIS STROMAL FIBROBLASTS	IRIS STROMAL FIBROBLASTS	5	2	0.4	0		
LLMarkers	llmarkers|hca|0085_10.1073_pnas.2200914119_3dd916fb05	llmarkers|hca|0085_10.1073_pnas.2200914119_3dd916fb05	hca:0085_10.1073_pnas.2200914119_3dd916fb05		K_EPI	K EPI	3	2	0.6666666666666666	0		
LLMarkers	llmarkers|hca|0085_10.1073_pnas.2200914119_3dd916fb05	llmarkers|hca|0085_10.1073_pnas.2200914119_3dd916fb05	hca:0085_10.1073_pnas.2200914119_3dd916fb05		LIMBAL WING CELLS	LIMBAL WING CELLS	3	1	0.3333333333333333	0		
LLMarkers	llmarkers|hca|0085_10.1073_pnas.2200914119_3dd916fb05	llmarkers|hca|0085_10.1073_pnas.2200914119_3dd916fb05	hca:0085_10.1073_pnas.2200914119_3dd916fb05		MELANOCYTES	MELANOCYTES	6	6	1.0	1	0.5	0.5
LLMarkers	llmarkers|hca|0085_10.1073_pnas.2200914119_3dd916fb05	llmarkers|hca|0085_10.1073_pnas.2200914119_3dd916fb05	hca:0085_10.1073_pnas.2200914119_3dd916fb05		NPCE	NPCE	11	11	1.0	0		
LLMarkers	llmarkers|hca|0085_10.1073_pnas.2200914119_3dd916fb05	llmarkers|hca|0085_10.1073_pnas.2200914119_3dd916fb05	hca:0085_10.1073_pnas.2200914119_3dd916fb05		PCE	PCE	7	7	1.0	0		
LLMarkers	llmarkers|hca|0085_10.1073_pnas.2200914119_3dd916fb05	llmarkers|hca|0085_10.1073_pnas.2200914119_3dd916fb05	hca:0085_10.1073_pnas.2200914119_3dd916fb05		PERICYTE	PERICYTE	4	0	0.0	13	0.5	
LLMarkers	llmarkers|hca|0085_10.1073_pnas.2200914119_3dd916fb05	llmarkers|hca|0085_10.1073_pnas.2200914119_3dd916fb05	hca:0085_10.1073_pnas.2200914119_3dd916fb05		PERICYTES	PERICYTES	3	0	0.0	4	0.6666666666666666	
LLMarkers	llmarkers|hca|0085_10.1073_pnas.2200914119_3dd916fb05	llmarkers|hca|0085_10.1073_pnas.2200914119_3dd916fb05	hca:0085_10.1073_pnas.2200914119_3dd916fb05		SCHWANN CELLS	SCHWANN CELLS	3	3	1.0	0		
LLMarkers	llmarkers|hca|0085_10.1073_pnas.2200914119_3dd916fb05	llmarkers|hca|0085_10.1073_pnas.2200914119_3dd916fb05	hca:0085_10.1073_pnas.2200914119_3dd916fb05		SUPERFICIAL	SUPERFICIAL	12	9	0.75	0		
LLMarkers	llmarkers|hca|0085_10.1073_pnas.2200914119_3dd916fb05	llmarkers|hca|0085_10.1073_pnas.2200914119_3dd916fb05	hca:0085_10.1073_pnas.2200914119_3dd916fb05		SUPERFICIAL LIMBAL EPITHELIAL CELLS	SUPERFICIAL LIMBAL EPITHELIAL CELLS	3	1	0.3333333333333333	0		
LLMarkers	llmarkers|hca|0085_10.1073_pnas.2200914119_3dd916fb05	llmarkers|hca|0085_10.1073_pnas.2200914119_3dd916fb05	hca:0085_10.1073_pnas.2200914119_3dd916fb05		TM	TM	9	9	1.0	0		
LLMarkers	llmarkers|hca|0085_10.1073_pnas.2200914119_3dd916fb05	llmarkers|hca|0085_10.1073_pnas.2200914119_3dd916fb05	hca:0085_10.1073_pnas.2200914119_3dd916fb05		TRANSIT AMPLIFYING	TRANSIT AMPLIFYING	4	4	1.0	1	0.5	0.5
LLMarkers	llmarkers|hca|0085_10.1073_pnas.2200914119_3dd916fb05	llmarkers|hca|0085_10.1073_pnas.2200914119_3dd916fb05	hca:0085_10.1073_pnas.2200914119_3dd916fb05		TRANSITIONAL	TRANSITIONAL	4	3	0.75	1	0.0	0.0
LLMarkers	llmarkers|hca|0085_10.1073_pnas.2200914119_3dd916fb05	llmarkers|hca|0085_10.1073_pnas.2200914119_3dd916fb05	hca:0085_10.1073_pnas.2200914119_3dd916fb05		UVEAL	UVEAL	13	11	0.8461538461538461	0		
LLMarkers	llmarkers|hca|0085_10.1073_pnas.2200914119_3dd916fb05	llmarkers|hca|0085_10.1073_pnas.2200914119_3dd916fb05	hca:0085_10.1073_pnas.2200914119_3dd916fb05		WING	WING	5	0	0.0	0		
LLMarkers	llmarkers|hca|0086_10.1186_s13059-018-1603-1_27b7304530	llmarkers|hca|0086_10.1186_s13059-018-1603-1_27b7304530	hca:0086_10.1186_s13059-018-1603-1_27b7304530		T CELL	T CELL	3	3	1.0	37	0.6666666666666666	0.6666666666666666
LLMarkers	llmarkers|hca|0089_10.1038_s41586-020-2797-4_6e65d21b5d	llmarkers|hca|0089_10.1038_s41586-020-2797-4_6e65d21b5d	hca:0089_10.1038_s41586-020-2797-4_6e65d21b5d		ACM1	ACM 1	3	3	1.0	0		
LLMarkers	llmarkers|hca|0089_10.1038_s41586-020-2797-4_6e65d21b5d	llmarkers|hca|0089_10.1038_s41586-020-2797-4_6e65d21b5d	hca:0089_10.1038_s41586-020-2797-4_6e65d21b5d		ACM2	ACM 2	5	4	0.8	0		
LLMarkers	llmarkers|hca|0089_10.1038_s41586-020-2797-4_6e65d21b5d	llmarkers|hca|0089_10.1038_s41586-020-2797-4_6e65d21b5d	hca:0089_10.1038_s41586-020-2797-4_6e65d21b5d		ADIP2	ADIP 2	3	3	1.0	0		
LLMarkers	llmarkers|hca|0089_10.1038_s41586-020-2797-4_6e65d21b5d	llmarkers|hca|0089_10.1038_s41586-020-2797-4_6e65d21b5d	hca:0089_10.1038_s41586-020-2797-4_6e65d21b5d		ADIPOCYTE	ADIPOCYTE	4	4	1.0	4	0.5	0.5
LLMarkers	llmarkers|hca|0089_10.1038_s41586-020-2797-4_6e65d21b5d	llmarkers|hca|0089_10.1038_s41586-020-2797-4_6e65d21b5d	hca:0089_10.1038_s41586-020-2797-4_6e65d21b5d		ANTIGEN-PRESENTING MACROPHAGE	ANTIGEN PRESENTING MACROPHAGE	5	5	1.0	1	0.0	0.0
LLMarkers	llmarkers|hca|0089_10.1038_s41586-020-2797-4_6e65d21b5d	llmarkers|hca|0089_10.1038_s41586-020-2797-4_6e65d21b5d	hca:0089_10.1038_s41586-020-2797-4_6e65d21b5d		ATRIAL CARDIOMYOCYTE	ATRIAL CARDIOMYOCYTE	3	2	0.6666666666666666	2	0.0	0.0
LLMarkers	llmarkers|hca|0089_10.1038_s41586-020-2797-4_6e65d21b5d	llmarkers|hca|0089_10.1038_s41586-020-2797-4_6e65d21b5d	hca:0089_10.1038_s41586-020-2797-4_6e65d21b5d		CARDIOMYOCYTE	CARDIOMYOCYTE	6	6	1.0	8	0.16666666666666666	0.16666666666666666
LLMarkers	llmarkers|hca|0089_10.1038_s41586-020-2797-4_6e65d21b5d	llmarkers|hca|0089_10.1038_s41586-020-2797-4_6e65d21b5d	hca:0089_10.1038_s41586-020-2797-4_6e65d21b5d		CD8+T_TEM	CD 8 T TEM	3	3	1.0	0		
LLMarkers	llmarkers|hca|0089_10.1038_s41586-020-2797-4_6e65d21b5d	llmarkers|hca|0089_10.1038_s41586-020-2797-4_6e65d21b5d	hca:0089_10.1038_s41586-020-2797-4_6e65d21b5d		DOCK4+MP1	DOCK 4 MP 1	3	3	1.0	0		
LLMarkers	llmarkers|hca|0089_10.1038_s41586-020-2797-4_6e65d21b5d	llmarkers|hca|0089_10.1038_s41586-020-2797-4_6e65d21b5d	hca:0089_10.1038_s41586-020-2797-4_6e65d21b5d		EC4_IMMUNE	EC 4 IMMUNE	4	4	1.0	0		
LLMarkers	llmarkers|hca|0089_10.1038_s41586-020-2797-4_6e65d21b5d	llmarkers|hca|0089_10.1038_s41586-020-2797-4_6e65d21b5d	hca:0089_10.1038_s41586-020-2797-4_6e65d21b5d		EC5_ART	EC 5 ART	3	3	1.0	0		
LLMarkers	llmarkers|hca|0089_10.1038_s41586-020-2797-4_6e65d21b5d	llmarkers|hca|0089_10.1038_s41586-020-2797-4_6e65d21b5d	hca:0089_10.1038_s41586-020-2797-4_6e65d21b5d		EC8_LN	EC 8 LN	3	3	1.0	0		
LLMarkers	llmarkers|hca|0089_10.1038_s41586-020-2797-4_6e65d21b5d	llmarkers|hca|0089_10.1038_s41586-020-2797-4_6e65d21b5d	hca:0089_10.1038_s41586-020-2797-4_6e65d21b5d		ENDOTHELIAL CELL	ENDOTHELIAL CELL	3	3	1.0	27	1.0	1.0
LLMarkers	llmarkers|hca|0089_10.1038_s41586-020-2797-4_6e65d21b5d	llmarkers|hca|0089_10.1038_s41586-020-2797-4_6e65d21b5d	hca:0089_10.1038_s41586-020-2797-4_6e65d21b5d		FB	FB	3	3	1.0	1	0.3333333333333333	0.3333333333333333
LLMarkers	llmarkers|hca|0089_10.1038_s41586-020-2797-4_6e65d21b5d	llmarkers|hca|0089_10.1038_s41586-020-2797-4_6e65d21b5d	hca:0089_10.1038_s41586-020-2797-4_6e65d21b5d		FB4	FB 4	5	5	1.0	2	0.6	0.6
LLMarkers	llmarkers|hca|0089_10.1038_s41586-020-2797-4_6e65d21b5d	llmarkers|hca|0089_10.1038_s41586-020-2797-4_6e65d21b5d	hca:0089_10.1038_s41586-020-2797-4_6e65d21b5d		MESOTHELIAL CELL	MESOTHELIAL CELL	3	3	1.0	2	0.3333333333333333	0.3333333333333333
LLMarkers	llmarkers|hca|0089_10.1038_s41586-020-2797-4_6e65d21b5d	llmarkers|hca|0089_10.1038_s41586-020-2797-4_6e65d21b5d	hca:0089_10.1038_s41586-020-2797-4_6e65d21b5d		MONOCYTE-DERIVED MACROPHAGE	MONOCYTE DERIVED MACROPHAGE	6	6	1.0	0		
LLMarkers	llmarkers|hca|0089_10.1038_s41586-020-2797-4_6e65d21b5d	llmarkers|hca|0089_10.1038_s41586-020-2797-4_6e65d21b5d	hca:0089_10.1038_s41586-020-2797-4_6e65d21b5d		NC6	NC 6	3	3	1.0	0		
LLMarkers	llmarkers|hca|0089_10.1038_s41586-020-2797-4_6e65d21b5d	llmarkers|hca|0089_10.1038_s41586-020-2797-4_6e65d21b5d	hca:0089_10.1038_s41586-020-2797-4_6e65d21b5d		NEURONAL CELL	NEURONAL CELL	3	3	1.0	2	0.6666666666666666	0.6666666666666666
LLMarkers	llmarkers|hca|0089_10.1038_s41586-020-2797-4_6e65d21b5d	llmarkers|hca|0089_10.1038_s41586-020-2797-4_6e65d21b5d	hca:0089_10.1038_s41586-020-2797-4_6e65d21b5d		PC1_VENT	PC 1 VENT	3	3	1.0	0		
LLMarkers	llmarkers|hca|0089_10.1038_s41586-020-2797-4_6e65d21b5d	llmarkers|hca|0089_10.1038_s41586-020-2797-4_6e65d21b5d	hca:0089_10.1038_s41586-020-2797-4_6e65d21b5d		SMC2_ART	SMC 2 ART	3	2	0.6666666666666666	0		
LLMarkers	llmarkers|hca|0089_10.1038_s41586-020-2797-4_6e65d21b5d	llmarkers|hca|0089_10.1038_s41586-020-2797-4_6e65d21b5d	hca:0089_10.1038_s41586-020-2797-4_6e65d21b5d		VCM2	VCM 2	3	3	1.0	1	0.0	0.0
LLMarkers	llmarkers|hca|0089_10.1038_s41586-020-2797-4_6e65d21b5d	llmarkers|hca|0089_10.1038_s41586-020-2797-4_6e65d21b5d	hca:0089_10.1038_s41586-020-2797-4_6e65d21b5d		VCM3	VCM 3	8	7	0.875	1	0.125	0.14285714285714285
LLMarkers	llmarkers|hca|0089_10.1038_s41586-020-2797-4_6e65d21b5d	llmarkers|hca|0089_10.1038_s41586-020-2797-4_6e65d21b5d	hca:0089_10.1038_s41586-020-2797-4_6e65d21b5d		VCM4	VCM 4	5	5	1.0	0		
LLMarkers	llmarkers|hca|0089_10.1038_s41586-020-2797-4_6e65d21b5d	llmarkers|hca|0089_10.1038_s41586-020-2797-4_6e65d21b5d	hca:0089_10.1038_s41586-020-2797-4_6e65d21b5d		VCM5	VCM 5	5	5	1.0	0		
LLMarkers	llmarkers|hca|0089_10.1038_s41586-020-2797-4_6e65d21b5d	llmarkers|hca|0089_10.1038_s41586-020-2797-4_6e65d21b5d	hca:0089_10.1038_s41586-020-2797-4_6e65d21b5d		VENTRICULAR CARDIOMYOCYTE	VENTRICULAR CARDIOMYOCYTE	10	10	1.0	1	0.3	0.3
LLMarkers	llmarkers|hca|0090_10.1038_s41586-021-03852-1_eec89a5e36	llmarkers|hca|0090_10.1038_s41586-021-03852-1_eec89a5e36	hca:0090_10.1038_s41586-021-03852-1_eec89a5e36		ARTERIAL	ARTERIAL	4	4	1.0	0		
LLMarkers	llmarkers|hca|0090_10.1038_s41586-021-03852-1_eec89a5e36	llmarkers|hca|0090_10.1038_s41586-021-03852-1_eec89a5e36	hca:0090_10.1038_s41586-021-03852-1_eec89a5e36		BEST2 GOBLET CELL	BEST 2 GOBLET CELL	5	5	1.0	0		
LLMarkers	llmarkers|hca|0090_10.1038_s41586-021-03852-1_eec89a5e36	llmarkers|hca|0090_10.1038_s41586-021-03852-1_eec89a5e36	hca:0090_10.1038_s41586-021-03852-1_eec89a5e36		BEST4 ENTEROCYTE	BEST 4 ENTEROCYTE	4	4	1.0	0		
LLMarkers	llmarkers|hca|0090_10.1038_s41586-021-03852-1_eec89a5e36	llmarkers|hca|0090_10.1038_s41586-021-03852-1_eec89a5e36	hca:0090_10.1038_s41586-021-03852-1_eec89a5e36		BRANCH A2	BRANCH A 2	3	3	1.0	0		
LLMarkers	llmarkers|hca|0090_10.1038_s41586-021-03852-1_eec89a5e36	llmarkers|hca|0090_10.1038_s41586-021-03852-1_eec89a5e36	hca:0090_10.1038_s41586-021-03852-1_eec89a5e36		BRANCH B1	BRANCH B 1	3	3	1.0	0		
LLMarkers	llmarkers|hca|0090_10.1038_s41586-021-03852-1_eec89a5e36	llmarkers|hca|0090_10.1038_s41586-021-03852-1_eec89a5e36	hca:0090_10.1038_s41586-021-03852-1_eec89a5e36		BRANCH B3	BRANCH B 3	6	6	1.0	0		
LLMarkers	llmarkers|hca|0090_10.1038_s41586-021-03852-1_eec89a5e36	llmarkers|hca|0090_10.1038_s41586-021-03852-1_eec89a5e36	hca:0090_10.1038_s41586-021-03852-1_eec89a5e36		CLDN10 CELL	CLDN 10 CELL	7	7	1.0	0		
LLMarkers	llmarkers|hca|0090_10.1038_s41586-021-03852-1_eec89a5e36	llmarkers|hca|0090_10.1038_s41586-021-03852-1_eec89a5e36	hca:0090_10.1038_s41586-021-03852-1_eec89a5e36		COLONOCYTE	COLONOCYTE	3	3	1.0	1	0.0	0.0
LLMarkers	llmarkers|hca|0090_10.1038_s41586-021-03852-1_eec89a5e36	llmarkers|hca|0090_10.1038_s41586-021-03852-1_eec89a5e36	hca:0090_10.1038_s41586-021-03852-1_eec89a5e36		DISTAL PROGENITOR	DISTAL PROGENITOR	3	3	1.0	0		
LLMarkers	llmarkers|hca|0090_10.1038_s41586-021-03852-1_eec89a5e36	llmarkers|hca|0090_10.1038_s41586-021-03852-1_eec89a5e36	hca:0090_10.1038_s41586-021-03852-1_eec89a5e36		ENTEROCHROMAFFIN CELL	ENTEROCHROMAFFIN CELL	5	5	1.0	1	0.0	0.0
LLMarkers	llmarkers|hca|0090_10.1038_s41586-021-03852-1_eec89a5e36	llmarkers|hca|0090_10.1038_s41586-021-03852-1_eec89a5e36	hca:0090_10.1038_s41586-021-03852-1_eec89a5e36		ENTEROCYTE	ENTEROCYTE	3	3	1.0	5	1.0	1.0
LLMarkers	llmarkers|hca|0090_10.1038_s41586-021-03852-1_eec89a5e36	llmarkers|hca|0090_10.1038_s41586-021-03852-1_eec89a5e36	hca:0090_10.1038_s41586-021-03852-1_eec89a5e36		ENTEROENDOCRINE CELL	ENTEROENDOCRINE CELL	4	4	1.0	6	0.75	0.75
LLMarkers	llmarkers|hca|0090_10.1038_s41586-021-03852-1_eec89a5e36	llmarkers|hca|0090_10.1038_s41586-021-03852-1_eec89a5e36	hca:0090_10.1038_s41586-021-03852-1_eec89a5e36		GLIA 1	GLIA 1	7	7	1.0	0		
LLMarkers	llmarkers|hca|0090_10.1038_s41586-021-03852-1_eec89a5e36	llmarkers|hca|0090_10.1038_s41586-021-03852-1_eec89a5e36	hca:0090_10.1038_s41586-021-03852-1_eec89a5e36		GLIA 2	GLIA 2	4	4	1.0	0		
LLMarkers	llmarkers|hca|0090_10.1038_s41586-021-03852-1_eec89a5e36	llmarkers|hca|0090_10.1038_s41586-021-03852-1_eec89a5e36	hca:0090_10.1038_s41586-021-03852-1_eec89a5e36		GLIA 3	GLIA 3	4	4	1.0	0		
LLMarkers	llmarkers|hca|0090_10.1038_s41586-021-03852-1_eec89a5e36	llmarkers|hca|0090_10.1038_s41586-021-03852-1_eec89a5e36	hca:0090_10.1038_s41586-021-03852-1_eec89a5e36		GOBLET CELL	GOBLET CELL	5	5	1.0	7	0.6	0.6
LLMarkers	llmarkers|hca|0090_10.1038_s41586-021-03852-1_eec89a5e36	llmarkers|hca|0090_10.1038_s41586-021-03852-1_eec89a5e36	hca:0090_10.1038_s41586-021-03852-1_eec89a5e36		INHIBITORY MOTOR NEURON	INHIBITORY MOTOR NEURON	3	3	1.0	0		
LLMarkers	llmarkers|hca|0090_10.1038_s41586-021-03852-1_eec89a5e36	llmarkers|hca|0090_10.1038_s41586-021-03852-1_eec89a5e36	hca:0090_10.1038_s41586-021-03852-1_eec89a5e36		LEC2	LEC 2	12	11	0.9166666666666666	0		
LLMarkers	llmarkers|hca|0090_10.1038_s41586-021-03852-1_eec89a5e36	llmarkers|hca|0090_10.1038_s41586-021-03852-1_eec89a5e36	hca:0090_10.1038_s41586-021-03852-1_eec89a5e36		LEC5	LEC 5	4	4	1.0	0		
LLMarkers	llmarkers|hca|0090_10.1038_s41586-021-03852-1_eec89a5e36	llmarkers|hca|0090_10.1038_s41586-021-03852-1_eec89a5e36	hca:0090_10.1038_s41586-021-03852-1_eec89a5e36		LTI CELL	LTI CELL	8	8	1.0	0		
LLMarkers	llmarkers|hca|0090_10.1038_s41586-021-03852-1_eec89a5e36	llmarkers|hca|0090_10.1038_s41586-021-03852-1_eec89a5e36	hca:0090_10.1038_s41586-021-03852-1_eec89a5e36		LYMPHATIC ENDOTHELIUM	LYMPHATIC ENDOTHELIUM	3	2	0.6666666666666666	0		
LLMarkers	llmarkers|hca|0090_10.1038_s41586-021-03852-1_eec89a5e36	llmarkers|hca|0090_10.1038_s41586-021-03852-1_eec89a5e36	hca:0090_10.1038_s41586-021-03852-1_eec89a5e36		MICROFOLD CELL	MICROFOLD CELL	3	2	0.6666666666666666	0		
LLMarkers	llmarkers|hca|0090_10.1038_s41586-021-03852-1_eec89a5e36	llmarkers|hca|0090_10.1038_s41586-021-03852-1_eec89a5e36	hca:0090_10.1038_s41586-021-03852-1_eec89a5e36		MLTO	MLTO	3	2	0.6666666666666666	0		
LLMarkers	llmarkers|hca|0090_10.1038_s41586-021-03852-1_eec89a5e36	llmarkers|hca|0090_10.1038_s41586-021-03852-1_eec89a5e36	hca:0090_10.1038_s41586-021-03852-1_eec89a5e36		PANETH	PANETH	3	3	1.0	0		
LLMarkers	llmarkers|hca|0090_10.1038_s41586-021-03852-1_eec89a5e36	llmarkers|hca|0090_10.1038_s41586-021-03852-1_eec89a5e36	hca:0090_10.1038_s41586-021-03852-1_eec89a5e36		STEM CELL	STEM CELL	5	5	1.0	6	1.0	1.0
LLMarkers	llmarkers|hca|0090_10.1038_s41586-021-03852-1_eec89a5e36	llmarkers|hca|0090_10.1038_s41586-021-03852-1_eec89a5e36	hca:0090_10.1038_s41586-021-03852-1_eec89a5e36		TRANSIT-AMPLIFYING	TRANSIT AMPLIFYING	3	3	1.0	1	0.6666666666666666	0.6666666666666666
LLMarkers	llmarkers|hca|0090_10.1038_s41586-021-03852-1_eec89a5e36	llmarkers|hca|0090_10.1038_s41586-021-03852-1_eec89a5e36	hca:0090_10.1038_s41586-021-03852-1_eec89a5e36		TUFT CELL	TUFT CELL	8	8	1.0	4	0.5	0.5
LLMarkers	llmarkers|hca|0091_10.1101_2025.06.19.660575_df9b499d76	llmarkers|hca|0091_10.1101_2025.06.19.660575_df9b499d76	hca:0091_10.1101_2025.06.19.660575_df9b499d76		IMMUNE CELL	IMMUNE CELL	6	6	1.0	6	0.0	0.0
LLMarkers	llmarkers|hca|0091_10.1101_2025.06.19.660575_df9b499d76	llmarkers|hca|0091_10.1101_2025.06.19.660575_df9b499d76	hca:0091_10.1101_2025.06.19.660575_df9b499d76		NEGR1 SCN7A FIBROBLAST	NEGR 1 SCN 7 A FIBROBLAST	5	5	1.0	0		
LLMarkers	llmarkers|hca|0094_10.1073_pnas.2404775121_07bae216d2	llmarkers|hca|0094_10.1073_pnas.2404775121_07bae216d2	hca:0094_10.1073_pnas.2404775121_07bae216d2		CILIATED EPITHELIAL	CILIATED EPITHELIAL	3	0	0.0	0		
LLMarkers	llmarkers|hca|0094_10.1073_pnas.2404775121_07bae216d2	llmarkers|hca|0094_10.1073_pnas.2404775121_07bae216d2	hca:0094_10.1073_pnas.2404775121_07bae216d2		EPI-1	EPI 1	3	0	0.0	1	0.0	
LLMarkers	llmarkers|hca|0094_10.1073_pnas.2404775121_07bae216d2	llmarkers|hca|0094_10.1073_pnas.2404775121_07bae216d2	hca:0094_10.1073_pnas.2404775121_07bae216d2		EPI-2	EPI 2	6	6	1.0	0		
LLMarkers	llmarkers|hca|0094_10.1073_pnas.2404775121_07bae216d2	llmarkers|hca|0094_10.1073_pnas.2404775121_07bae216d2	hca:0094_10.1073_pnas.2404775121_07bae216d2		EPI-3	EPI 3	4	3	0.75	0		
LLMarkers	llmarkers|hca|0094_10.1073_pnas.2404775121_07bae216d2	llmarkers|hca|0094_10.1073_pnas.2404775121_07bae216d2	hca:0094_10.1073_pnas.2404775121_07bae216d2		EPI-4	EPI 4	6	6	1.0	2	0.0	0.0
LLMarkers	llmarkers|hca|0094_10.1073_pnas.2404775121_07bae216d2	llmarkers|hca|0094_10.1073_pnas.2404775121_07bae216d2	hca:0094_10.1073_pnas.2404775121_07bae216d2		EPI-5	EPI 5	5	1	0.2	0		
LLMarkers	llmarkers|hca|0094_10.1073_pnas.2404775121_07bae216d2	llmarkers|hca|0094_10.1073_pnas.2404775121_07bae216d2	hca:0094_10.1073_pnas.2404775121_07bae216d2		EPI-6	EPI 6	8	2	0.25	0		
LLMarkers	llmarkers|hca|0094_10.1073_pnas.2404775121_07bae216d2	llmarkers|hca|0094_10.1073_pnas.2404775121_07bae216d2	hca:0094_10.1073_pnas.2404775121_07bae216d2		EPI-7	EPI 7	12	10	0.8333333333333334	0		
LLMarkers	llmarkers|hca|0094_10.1073_pnas.2404775121_07bae216d2	llmarkers|hca|0094_10.1073_pnas.2404775121_07bae216d2	hca:0094_10.1073_pnas.2404775121_07bae216d2		EPI-8	EPI 8	8	5	0.625	0		
LLMarkers	llmarkers|hca|0094_10.1073_pnas.2404775121_07bae216d2	llmarkers|hca|0094_10.1073_pnas.2404775121_07bae216d2	hca:0094_10.1073_pnas.2404775121_07bae216d2		IMMUNE	IMMUNE	6	4	0.6666666666666666	2	0.16666666666666666	0.0
LLMarkers	llmarkers|hca|0094_10.1073_pnas.2404775121_07bae216d2	llmarkers|hca|0094_10.1073_pnas.2404775121_07bae216d2	hca:0094_10.1073_pnas.2404775121_07bae216d2		LYMPHATIC ENDOTHELIAL	LYMPHATIC ENDOTHELIAL	6	6	1.0	0		
LLMarkers	llmarkers|hca|0094_10.1073_pnas.2404775121_07bae216d2	llmarkers|hca|0094_10.1073_pnas.2404775121_07bae216d2	hca:0094_10.1073_pnas.2404775121_07bae216d2		STRO-1	STRO 1	3	3	1.0	0		
LLMarkers	llmarkers|hca|0094_10.1073_pnas.2404775121_07bae216d2	llmarkers|hca|0094_10.1073_pnas.2404775121_07bae216d2	hca:0094_10.1073_pnas.2404775121_07bae216d2		STRO-11	STRO 11	5	1	0.2	0		
LLMarkers	llmarkers|hca|0094_10.1073_pnas.2404775121_07bae216d2	llmarkers|hca|0094_10.1073_pnas.2404775121_07bae216d2	hca:0094_10.1073_pnas.2404775121_07bae216d2		STRO-2	STRO 2	9	7	0.7777777777777778	0		
LLMarkers	llmarkers|hca|0094_10.1073_pnas.2404775121_07bae216d2	llmarkers|hca|0094_10.1073_pnas.2404775121_07bae216d2	hca:0094_10.1073_pnas.2404775121_07bae216d2		STRO-4	STRO 4	4	4	1.0	0		
LLMarkers	llmarkers|hca|0094_10.1073_pnas.2404775121_07bae216d2	llmarkers|hca|0094_10.1073_pnas.2404775121_07bae216d2	hca:0094_10.1073_pnas.2404775121_07bae216d2		STRO-5	STRO 5	8	4	0.5	0		
LLMarkers	llmarkers|hca|0094_10.1073_pnas.2404775121_07bae216d2	llmarkers|hca|0094_10.1073_pnas.2404775121_07bae216d2	hca:0094_10.1073_pnas.2404775121_07bae216d2		STRO-6	STRO 6	3	0	0.0	0		
LLMarkers	llmarkers|hca|0094_10.1073_pnas.2404775121_07bae216d2	llmarkers|hca|0094_10.1073_pnas.2404775121_07bae216d2	hca:0094_10.1073_pnas.2404775121_07bae216d2		STROMAL	STROMAL	6	0	0.0	3	0.3333333333333333	
LLMarkers	llmarkers|hca|0095_10.1101_2021.09.16.460628_23a839e09f	llmarkers|hca|0095_10.1101_2021.09.16.460628_23a839e09f	hca:0095_10.1101_2021.09.16.460628_23a839e09f		BLOOD ENDOTHELIAL	BLOOD ENDOTHELIAL	3	3	1.0	0		
LLMarkers	llmarkers|hca|0095_10.1101_2021.09.16.460628_23a839e09f	llmarkers|hca|0095_10.1101_2021.09.16.460628_23a839e09f	hca:0095_10.1101_2021.09.16.460628_23a839e09f		CE1-2	CE 1 2	4	4	1.0	0		
LLMarkers	llmarkers|hca|0095_10.1101_2021.09.16.460628_23a839e09f	llmarkers|hca|0095_10.1101_2021.09.16.460628_23a839e09f	hca:0095_10.1101_2021.09.16.460628_23a839e09f		FIBROBLAST	FIBROBLAST	3	3	1.0	28	1.0	1.0
LLMarkers	llmarkers|hca|0095_10.1101_2021.09.16.460628_23a839e09f	llmarkers|hca|0095_10.1101_2021.09.16.460628_23a839e09f	hca:0095_10.1101_2021.09.16.460628_23a839e09f		MACROPHAGE	MACROPHAGE	3	3	1.0	28	0.6666666666666666	0.6666666666666666
LLMarkers	llmarkers|hca|0095_10.1101_2021.09.16.460628_23a839e09f	llmarkers|hca|0095_10.1101_2021.09.16.460628_23a839e09f	hca:0095_10.1101_2021.09.16.460628_23a839e09f		MAST CELL	MAST CELL	3	3	1.0	14	1.0	1.0
LLMarkers	llmarkers|hca|0095_10.1101_2021.09.16.460628_23a839e09f	llmarkers|hca|0095_10.1101_2021.09.16.460628_23a839e09f	hca:0095_10.1101_2021.09.16.460628_23a839e09f		MYOFIBROBLAST	MYOFIBROBLAST	3	2	0.6666666666666666	7	1.0	1.0
LLMarkers	llmarkers|hca|0095_10.1101_2021.09.16.460628_23a839e09f	llmarkers|hca|0095_10.1101_2021.09.16.460628_23a839e09f	hca:0095_10.1101_2021.09.16.460628_23a839e09f		PEG CELL	PEG CELL	3	3	1.0	0		
LLMarkers	llmarkers|hca|0095_10.1101_2021.09.16.460628_23a839e09f	llmarkers|hca|0095_10.1101_2021.09.16.460628_23a839e09f	hca:0095_10.1101_2021.09.16.460628_23a839e09f		SMOOTH MUSCLE	SMOOTH MUSCLE	3	2	0.6666666666666666	1	0.6666666666666666	0.5
LLMarkers	llmarkers|hca|0095_10.1101_2021.09.16.460628_23a839e09f	llmarkers|hca|0095_10.1101_2021.09.16.460628_23a839e09f	hca:0095_10.1101_2021.09.16.460628_23a839e09f		T/NK CELL	T NK CELL	3	3	1.0	0		
LLMarkers	llmarkers|hca|0096_10.1126_sciadv.abo2467_05989af98e	llmarkers|hca|0096_10.1126_sciadv.abo2467_05989af98e	hca:0096_10.1126_sciadv.abo2467_05989af98e		DOPAN	DOPAN	10	8	0.8	0		
LLMarkers	llmarkers|hca|0096_10.1126_sciadv.abo2467_05989af98e	llmarkers|hca|0096_10.1126_sciadv.abo2467_05989af98e	hca:0096_10.1126_sciadv.abo2467_05989af98e		MICROGLIA	MICROGLIA	6	4	0.6666666666666666	17	0.5	0.75
LLMarkers	llmarkers|hca|0096_10.1126_sciadv.abo2467_05989af98e	llmarkers|hca|0096_10.1126_sciadv.abo2467_05989af98e	hca:0096_10.1126_sciadv.abo2467_05989af98e		OLIGODENDROCYTE	OLIGODENDROCYTE	4	4	1.0	6	0.25	0.25
LLMarkers	llmarkers|hca|0097_10.1038_s41586-019-1917-5_7f634d5353	llmarkers|hca|0097_10.1038_s41586-019-1917-5_7f634d5353	hca:0097_10.1038_s41586-019-1917-5_7f634d5353		CGE	CGE	4	4	1.0	0		
LLMarkers	llmarkers|hca|0097_10.1038_s41586-019-1917-5_7f634d5353	llmarkers|hca|0097_10.1038_s41586-019-1917-5_7f634d5353	hca:0097_10.1038_s41586-019-1917-5_7f634d5353		MGE	MGE	3	3	1.0	0		
LLMarkers	llmarkers|hca|0097_10.1038_s41586-019-1917-5_7f634d5353	llmarkers|hca|0097_10.1038_s41586-019-1917-5_7f634d5353	hca:0097_10.1038_s41586-019-1917-5_7f634d5353		P3	P 3	3	0	0.0	0		
LLMarkers	llmarkers|hca|0097_10.1038_s41586-019-1917-5_7f634d5353	llmarkers|hca|0097_10.1038_s41586-019-1917-5_7f634d5353	hca:0097_10.1038_s41586-019-1917-5_7f634d5353		P4	P 4	3	0	0.0	0		
LLMarkers	llmarkers|hca|0098_10.1038_s41586-020-03148-w_f50cb505c0	llmarkers|hca|0098_10.1038_s41586-020-03148-w_f50cb505c0	hca:0098_10.1038_s41586-020-03148-w_f50cb505c0		TRAM2	TRAM 2	7	7	1.0	0		
LLMarkers	llmarkers|hca|0098_10.1038_s41586-020-03148-w_f50cb505c0	llmarkers|hca|0098_10.1038_s41586-020-03148-w_f50cb505c0	hca:0098_10.1038_s41586-020-03148-w_f50cb505c0		TREG	TREG	3	3	1.0	14	1.0	1.0
LLMarkers	llmarkers|hca|0099_10.1126_sciimmunol.abl9165_5f9974d5f2	llmarkers|hca|0099_10.1126_sciimmunol.abl9165_5f9974d5f2	hca:0099_10.1126_sciimmunol.abl9165_5f9974d5f2		CMTREG	CMTREG	7	0	0.0	0		
LLMarkers	llmarkers|hca|0099_10.1126_sciimmunol.abl9165_5f9974d5f2	llmarkers|hca|0099_10.1126_sciimmunol.abl9165_5f9974d5f2	hca:0099_10.1126_sciimmunol.abl9165_5f9974d5f2		CTLAC	CTLAC	8	2	0.25	0		
LLMarkers	llmarkers|hca|0099_10.1126_sciimmunol.abl9165_5f9974d5f2	llmarkers|hca|0099_10.1126_sciimmunol.abl9165_5f9974d5f2	hca:0099_10.1126_sciimmunol.abl9165_5f9974d5f2		CTLEX	CTLEX	7	2	0.2857142857142857	0		
LLMarkers	llmarkers|hca|0099_10.1126_sciimmunol.abl9165_5f9974d5f2	llmarkers|hca|0099_10.1126_sciimmunol.abl9165_5f9974d5f2	hca:0099_10.1126_sciimmunol.abl9165_5f9974d5f2		DC2	DC 2	3	0	0.0	1	0.0	
LLMarkers	llmarkers|hca|0099_10.1126_sciimmunol.abl9165_5f9974d5f2	llmarkers|hca|0099_10.1126_sciimmunol.abl9165_5f9974d5f2	hca:0099_10.1126_sciimmunol.abl9165_5f9974d5f2		DC3	DC 3	3	0	0.0	2	0.3333333333333333	
LLMarkers	llmarkers|hca|0099_10.1126_sciimmunol.abl9165_5f9974d5f2	llmarkers|hca|0099_10.1126_sciimmunol.abl9165_5f9974d5f2	hca:0099_10.1126_sciimmunol.abl9165_5f9974d5f2		ETREG1	ETREG 1	7	0	0.0	0		
LLMarkers	llmarkers|hca|0099_10.1126_sciimmunol.abl9165_5f9974d5f2	llmarkers|hca|0099_10.1126_sciimmunol.abl9165_5f9974d5f2	hca:0099_10.1126_sciimmunol.abl9165_5f9974d5f2		ETREG2	ETREG 2	7	0	0.0	0		
LLMarkers	llmarkers|hca|0099_10.1126_sciimmunol.abl9165_5f9974d5f2	llmarkers|hca|0099_10.1126_sciimmunol.abl9165_5f9974d5f2	hca:0099_10.1126_sciimmunol.abl9165_5f9974d5f2		ILC/NK	ILC NK	4	0	0.0	0		
LLMarkers	llmarkers|hca|0099_10.1126_sciimmunol.abl9165_5f9974d5f2	llmarkers|hca|0099_10.1126_sciimmunol.abl9165_5f9974d5f2	hca:0099_10.1126_sciimmunol.abl9165_5f9974d5f2		INFMONO	INFMONO	3	3	1.0	0		
LLMarkers	llmarkers|hca|0099_10.1126_sciimmunol.abl9165_5f9974d5f2	llmarkers|hca|0099_10.1126_sciimmunol.abl9165_5f9974d5f2	hca:0099_10.1126_sciimmunol.abl9165_5f9974d5f2		MAC1	MAC 1	6	3	0.5	2	0.5	0.0
LLMarkers	llmarkers|hca|0099_10.1126_sciimmunol.abl9165_5f9974d5f2	llmarkers|hca|0099_10.1126_sciimmunol.abl9165_5f9974d5f2	hca:0099_10.1126_sciimmunol.abl9165_5f9974d5f2		MAC2	MAC 2	3	3	1.0	4	1.0	1.0
LLMarkers	llmarkers|hca|0099_10.1126_sciimmunol.abl9165_5f9974d5f2	llmarkers|hca|0099_10.1126_sciimmunol.abl9165_5f9974d5f2	hca:0099_10.1126_sciimmunol.abl9165_5f9974d5f2		MAC3	MAC 3	3	0	0.0	0		
LLMarkers	llmarkers|hca|0099_10.1126_sciimmunol.abl9165_5f9974d5f2	llmarkers|hca|0099_10.1126_sciimmunol.abl9165_5f9974d5f2	hca:0099_10.1126_sciimmunol.abl9165_5f9974d5f2		MAST	MAST	3	3	1.0	0		
LLMarkers	llmarkers|hca|0099_10.1126_sciimmunol.abl9165_5f9974d5f2	llmarkers|hca|0099_10.1126_sciimmunol.abl9165_5f9974d5f2	hca:0099_10.1126_sciimmunol.abl9165_5f9974d5f2		MIGDC	MIGDC	4	3	0.75	1	0.0	0.0
LLMarkers	llmarkers|hca|0099_10.1126_sciimmunol.abl9165_5f9974d5f2	llmarkers|hca|0099_10.1126_sciimmunol.abl9165_5f9974d5f2	hca:0099_10.1126_sciimmunol.abl9165_5f9974d5f2		NK	NK	4	0	0.0	2	1.0	
LLMarkers	llmarkers|hca|0099_10.1126_sciimmunol.abl9165_5f9974d5f2	llmarkers|hca|0099_10.1126_sciimmunol.abl9165_5f9974d5f2	hca:0099_10.1126_sciimmunol.abl9165_5f9974d5f2		TCM	TCM	4	2	0.5	2	0.5	0.0
LLMarkers	llmarkers|hca|0099_10.1126_sciimmunol.abl9165_5f9974d5f2	llmarkers|hca|0099_10.1126_sciimmunol.abl9165_5f9974d5f2	hca:0099_10.1126_sciimmunol.abl9165_5f9974d5f2		TET	TET	3	3	1.0	0		
LLMarkers	llmarkers|hca|0099_10.1126_sciimmunol.abl9165_5f9974d5f2	llmarkers|hca|0099_10.1126_sciimmunol.abl9165_5f9974d5f2	hca:0099_10.1126_sciimmunol.abl9165_5f9974d5f2		TRM1	TRM 1	18	12	0.6666666666666666	0		
LLMarkers	llmarkers|hca|0099_10.1126_sciimmunol.abl9165_5f9974d5f2	llmarkers|hca|0099_10.1126_sciimmunol.abl9165_5f9974d5f2	hca:0099_10.1126_sciimmunol.abl9165_5f9974d5f2		TRM3	TRM 3	4	0	0.0	0		
LLMarkers	llmarkers|hca|0100_10.1038_s41467-021-22804-x_e7667133b9	llmarkers|hca|0100_10.1038_s41467-021-22804-x_e7667133b9	hca:0100_10.1038_s41467-021-22804-x_e7667133b9		B CELL	B CELL	3	2	0.6666666666666666	29	1.0	1.0
LLMarkers	llmarkers|hca|0100_10.1038_s41467-021-22804-x_e7667133b9	llmarkers|hca|0100_10.1038_s41467-021-22804-x_e7667133b9	hca:0100_10.1038_s41467-021-22804-x_e7667133b9		CD4+ T CELL	CD 4 T CELL	6	4	0.6666666666666666	16	0.6666666666666666	0.75
LLMarkers	llmarkers|hca|0100_10.1038_s41467-021-22804-x_e7667133b9	llmarkers|hca|0100_10.1038_s41467-021-22804-x_e7667133b9	hca:0100_10.1038_s41467-021-22804-x_e7667133b9		CD8+ T CELL	CD 8 T CELL	6	4	0.6666666666666666	14	0.5	0.5
LLMarkers	llmarkers|hca|0100_10.1038_s41467-021-22804-x_e7667133b9	llmarkers|hca|0100_10.1038_s41467-021-22804-x_e7667133b9	hca:0100_10.1038_s41467-021-22804-x_e7667133b9		MONOCYTE	MONOCYTE	5	5	1.0	23	0.6	0.6
LLMarkers	llmarkers|hca|0100_10.1038_s41467-021-22804-x_e7667133b9	llmarkers|hca|0100_10.1038_s41467-021-22804-x_e7667133b9	hca:0100_10.1038_s41467-021-22804-x_e7667133b9		PLASMA CELL	PLASMA CELL	13	12	0.9230769230769231	15	0.5384615384615384	0.5
LLMarkers	llmarkers|hca|0100_10.1038_s41467-021-22804-x_e7667133b9	llmarkers|hca|0100_10.1038_s41467-021-22804-x_e7667133b9	hca:0100_10.1038_s41467-021-22804-x_e7667133b9		PRIMITIVE B	PRIMITIVE B	6	6	1.0	0		
LLMarkers	llmarkers|hca|0101_10.1038_s41467-020-15647-5_d22ec8f4b6	llmarkers|hca|0101_10.1038_s41467-020-15647-5_d22ec8f4b6	hca:0101_10.1038_s41467-020-15647-5_d22ec8f4b6		CTHRC1 + CELL	CTHRC 1 CELL	3	0	0.0	0		
LLMarkers	llmarkers|hca|0101_10.1038_s41467-020-15647-5_d22ec8f4b6	llmarkers|hca|0101_10.1038_s41467-020-15647-5_d22ec8f4b6	hca:0101_10.1038_s41467-020-15647-5_d22ec8f4b6		CTHRC1 + FIBROBLAST	CTHRC 1 FIBROBLAST	5	2	0.4	0		
LLMarkers	llmarkers|hca|0101_10.1038_s41467-020-15647-5_d22ec8f4b6	llmarkers|hca|0101_10.1038_s41467-020-15647-5_d22ec8f4b6	hca:0101_10.1038_s41467-020-15647-5_d22ec8f4b6		PERICYTE	PERICYTE	3	3	1.0	13	1.0	1.0
LLMarkers	llmarkers|hca|0102_10.1038_s41586-019-0992-y_40614812e9	llmarkers|hca|0102_10.1038_s41586-019-0992-y_40614812e9	hca:0102_10.1038_s41586-019-0992-y_40614812e9		BEST4/OTOP2 CELL	BEST 4 OTOP 2 CELL	3	3	1.0	1	0.6666666666666666	0.6666666666666666
LLMarkers	llmarkers|hca|0102_10.1038_s41586-019-0992-y_40614812e9	llmarkers|hca|0102_10.1038_s41586-019-0992-y_40614812e9	hca:0102_10.1038_s41586-019-0992-y_40614812e9		COLONOCYTE	COLONOCYTE	3	3	1.0	1	0.0	0.0
LLMarkers	llmarkers|hca|0102_10.1038_s41586-019-0992-y_40614812e9	llmarkers|hca|0102_10.1038_s41586-019-0992-y_40614812e9	hca:0102_10.1038_s41586-019-0992-y_40614812e9		CRYPT-TOP COLONOCYTE	CRYPT TOP COLONOCYTE	4	4	1.0	0		
LLMarkers	llmarkers|hca|0102_10.1038_s41586-019-0992-y_40614812e9	llmarkers|hca|0102_10.1038_s41586-019-0992-y_40614812e9	hca:0102_10.1038_s41586-019-0992-y_40614812e9		ENTEROCHROMAFFIN CELL	ENTEROCHROMAFFIN CELL	3	3	1.0	1	0.0	0.0
LLMarkers	llmarkers|hca|0102_10.1038_s41586-019-0992-y_40614812e9	llmarkers|hca|0102_10.1038_s41586-019-0992-y_40614812e9	hca:0102_10.1038_s41586-019-0992-y_40614812e9		GOBLET CELL	GOBLET CELL	7	7	1.0	7	0.42857142857142855	0.42857142857142855
LLMarkers	llmarkers|hca|0102_10.1038_s41586-019-0992-y_40614812e9	llmarkers|hca|0102_10.1038_s41586-019-0992-y_40614812e9	hca:0102_10.1038_s41586-019-0992-y_40614812e9		UNDIFFERENTIATED EPITHELIA	UNDIFFERENTIATED EPITHELIA	6	6	1.0	0		
LLMarkers	llmarkers|hca|0103_10.1172_jci.insight.151621_2faf375c31	llmarkers|hca|0103_10.1172_jci.insight.151621_2faf375c31	hca:0103_10.1172_jci.insight.151621_2faf375c31		Α CELL	CELL	18	9	0.5	17	0.5555555555555556	0.4444444444444444
LLMarkers	llmarkers|hca|0103_10.1172_jci.insight.151621_2faf375c31	llmarkers|hca|0103_10.1172_jci.insight.151621_2faf375c31	hca:0103_10.1172_jci.insight.151621_2faf375c31		Β CELL	CELL	24	15	0.625	17	0.5	0.4
LLMarkers	llmarkers|hca|0105_10.1038_s41563-020-00853-9_ec3e5ef313	llmarkers|hca|0105_10.1038_s41563-020-00853-9_ec3e5ef313	hca:0105_10.1038_s41563-020-00853-9_ec3e5ef313		CLUSTER 3, NEPHRON PROGENITOR-LIKE	CLUSTER 3 NEPHRON PROGENITOR LIKE	4	2	0.5	0		
LLMarkers	llmarkers|hca|0105_10.1038_s41563-020-00853-9_ec3e5ef313	llmarkers|hca|0105_10.1038_s41563-020-00853-9_ec3e5ef313	hca:0105_10.1038_s41563-020-00853-9_ec3e5ef313		EARLY KIDNEY FORMING MESENCHYME	EARLY KIDNEY FORMING MESENCHYME	6	4	0.6666666666666666	0		
LLMarkers	llmarkers|hca|0105_10.1038_s41563-020-00853-9_ec3e5ef313	llmarkers|hca|0105_10.1038_s41563-020-00853-9_ec3e5ef313	hca:0105_10.1038_s41563-020-00853-9_ec3e5ef313		ENDOTHELIAL	ENDOTHELIAL	3	3	1.0	4	0.6666666666666666	0.6666666666666666
LLMarkers	llmarkers|hca|0105_10.1038_s41563-020-00853-9_ec3e5ef313	llmarkers|hca|0105_10.1038_s41563-020-00853-9_ec3e5ef313	hca:0105_10.1038_s41563-020-00853-9_ec3e5ef313		PODOCYTE	PODOCYTE	3	3	1.0	6	1.0	1.0
LLMarkers	llmarkers|hca|0105_10.1038_s41563-020-00853-9_ec3e5ef313	llmarkers|hca|0105_10.1038_s41563-020-00853-9_ec3e5ef313	hca:0105_10.1038_s41563-020-00853-9_ec3e5ef313		PROXIMAL TUBULAR EPITHELIUM	PROXIMAL TUBULAR EPITHELIUM	4	4	1.0	0		
LLMarkers	llmarkers|hca|0105_10.1038_s41563-020-00853-9_ec3e5ef313	llmarkers|hca|0105_10.1038_s41563-020-00853-9_ec3e5ef313	hca:0105_10.1038_s41563-020-00853-9_ec3e5ef313		PROXIMAL TUBULE	PROXIMAL TUBULE	3	3	1.0	3	1.0	1.0
LLMarkers	llmarkers|hca|0106_10.1101_585901_f6794b9c1b	llmarkers|hca|0106_10.1101_585901_f6794b9c1b	hca:0106_10.1101_585901_f6794b9c1b		CARDIOMYOCYTE 1	CARDIOMYOCYTE 1	4	0	0.0	0		
LLMarkers	llmarkers|hca|0106_10.1101_585901_f6794b9c1b	llmarkers|hca|0106_10.1101_585901_f6794b9c1b	hca:0106_10.1101_585901_f6794b9c1b		CARDIOMYOCYTE 2	CARDIOMYOCYTE 2	4	0	0.0	0		
LLMarkers	llmarkers|hca|0106_10.1101_585901_f6794b9c1b	llmarkers|hca|0106_10.1101_585901_f6794b9c1b	hca:0106_10.1101_585901_f6794b9c1b		CMS	CMS	3	0	0.0	1	0.0	
LLMarkers	llmarkers|hca|0106_10.1101_585901_f6794b9c1b	llmarkers|hca|0106_10.1101_585901_f6794b9c1b	hca:0106_10.1101_585901_f6794b9c1b		MYOFIBROBLASTS	MYOFIBROBLASTS	5	5	1.0	4	0.4	0.4
LLMarkers	llmarkers|hca|0107_10.1101_2022.10.24.513487_4d505f4f68	llmarkers|hca|0107_10.1101_2022.10.24.513487_4d505f4f68	hca:0107_10.1101_2022.10.24.513487_4d505f4f68		BASAL RADIAL GLIA	BASAL RADIAL GLIA	3	3	1.0	0		
LLMarkers	llmarkers|hca|0108_10.1038_s41598-017-14676-3_ca30704700	llmarkers|hca|0108_10.1038_s41598-017-14676-3_ca30704700	hca:0108_10.1038_s41598-017-14676-3_ca30704700		CANCER CELL	CANCER CELL	8	6	0.75	2	0.125	0.16666666666666666
LLMarkers	llmarkers|hca|0108_10.1038_s41598-017-14676-3_ca30704700	llmarkers|hca|0108_10.1038_s41598-017-14676-3_ca30704700	hca:0108_10.1038_s41598-017-14676-3_ca30704700		CANCER STEM-LIKE CELL	CANCER STEM LIKE CELL	3	1	0.3333333333333333	0		
LLMarkers	llmarkers|hca|0108_10.1038_s41598-017-14676-3_ca30704700	llmarkers|hca|0108_10.1038_s41598-017-14676-3_ca30704700	hca:0108_10.1038_s41598-017-14676-3_ca30704700		EA EMT	EA EMT	4	4	1.0	0		
LLMarkers	llmarkers|hca|0108_10.1038_s41598-017-14676-3_ca30704700	llmarkers|hca|0108_10.1038_s41598-017-14676-3_ca30704700	hca:0108_10.1038_s41598-017-14676-3_ca30704700		MACROPHAGE	MACROPHAGE	5	5	1.0	28	0.4	0.4
LLMarkers	llmarkers|hca|0108_10.1038_s41598-017-14676-3_ca30704700	llmarkers|hca|0108_10.1038_s41598-017-14676-3_ca30704700	hca:0108_10.1038_s41598-017-14676-3_ca30704700		SER CELL	SER CELL	3	3	1.0	0		
LLMarkers	llmarkers|hca|0108_10.1038_s41598-017-14676-3_ca30704700	llmarkers|hca|0108_10.1038_s41598-017-14676-3_ca30704700	hca:0108_10.1038_s41598-017-14676-3_ca30704700		SPH CELL	SPH CELL	8	5	0.625	0		
LLMarkers	llmarkers|hca|0108_10.1038_s41598-017-14676-3_ca30704700	llmarkers|hca|0108_10.1038_s41598-017-14676-3_ca30704700	hca:0108_10.1038_s41598-017-14676-3_ca30704700		T CELL	T CELL	3	3	1.0	37	0.6666666666666666	0.6666666666666666
LLMarkers	llmarkers|hca|0109_10.7554_elife.91792.1_056dda27be	llmarkers|hca|0109_10.7554_elife.91792.1_056dda27be	hca:0109_10.7554_elife.91792.1_056dda27be		ARTERIOLAR ENDOTHELIAL CELLS	ARTERIOLAR ENDOTHELIAL CELLS	3	3	1.0	0		
LLMarkers	llmarkers|hca|0109_10.7554_elife.91792.1_056dda27be	llmarkers|hca|0109_10.7554_elife.91792.1_056dda27be	hca:0109_10.7554_elife.91792.1_056dda27be		CD.MONO.FCN1.S100A4	CD MONO FCN 1 S 100 A 4	3	2	0.6666666666666666	0		
LLMarkers	llmarkers|hca|0109_10.7554_elife.91792.1_056dda27be	llmarkers|hca|0109_10.7554_elife.91792.1_056dda27be	hca:0109_10.7554_elife.91792.1_056dda27be		CD.NK.GNLY.FCER1G	CD NK GNLY FCER 1 G	3	2	0.6666666666666666	0		
LLMarkers	llmarkers|hca|0109_10.7554_elife.91792.1_056dda27be	llmarkers|hca|0109_10.7554_elife.91792.1_056dda27be	hca:0109_10.7554_elife.91792.1_056dda27be		CD.NK.MKI67.GZMA	CD NK MKI 67 GZMA	5	4	0.8	0		
LLMarkers	llmarkers|hca|0109_10.7554_elife.91792.1_056dda27be	llmarkers|hca|0109_10.7554_elife.91792.1_056dda27be	hca:0109_10.7554_elife.91792.1_056dda27be		CD.T.MKI67.FOXP3	CD T MKI 67 FOXP 3	4	4	1.0	0		
LLMarkers	llmarkers|hca|0109_10.7554_elife.91792.1_056dda27be	llmarkers|hca|0109_10.7554_elife.91792.1_056dda27be	hca:0109_10.7554_elife.91792.1_056dda27be		CD.T.MKI67.IFNG	CD T MKI 67 IFNG	4	1	0.25	0		
LLMarkers	llmarkers|hca|0109_10.7554_elife.91792.1_056dda27be	llmarkers|hca|0109_10.7554_elife.91792.1_056dda27be	hca:0109_10.7554_elife.91792.1_056dda27be		CD.T.MKI67.IL22	CD T MKI 67 IL 22	6	3	0.5	0		
LLMarkers	llmarkers|hca|0109_10.7554_elife.91792.1_056dda27be	llmarkers|hca|0109_10.7554_elife.91792.1_056dda27be	hca:0109_10.7554_elife.91792.1_056dda27be		CDC1	CDC 1	3	3	1.0	10	1.0	1.0
LLMarkers	llmarkers|hca|0109_10.7554_elife.91792.1_056dda27be	llmarkers|hca|0109_10.7554_elife.91792.1_056dda27be	hca:0109_10.7554_elife.91792.1_056dda27be		CDC2	CDC 2	4	4	1.0	8	1.0	1.0
LLMarkers	llmarkers|hca|0109_10.7554_elife.91792.1_056dda27be	llmarkers|hca|0109_10.7554_elife.91792.1_056dda27be	hca:0109_10.7554_elife.91792.1_056dda27be		ENTEROCYTES	ENTEROCYTES	3	3	1.0	1	0.0	0.0
LLMarkers	llmarkers|hca|0109_10.7554_elife.91792.1_056dda27be	llmarkers|hca|0109_10.7554_elife.91792.1_056dda27be	hca:0109_10.7554_elife.91792.1_056dda27be		FOLLICULAR DENDRITIC CELLS	FOLLICULAR DENDRITIC CELLS	3	3	1.0	0		
LLMarkers	llmarkers|hca|0109_10.7554_elife.91792.1_056dda27be	llmarkers|hca|0109_10.7554_elife.91792.1_056dda27be	hca:0109_10.7554_elife.91792.1_056dda27be		GLIAL CELLS	GLIAL CELLS	5	5	1.0	0		
LLMarkers	llmarkers|hca|0109_10.7554_elife.91792.1_056dda27be	llmarkers|hca|0109_10.7554_elife.91792.1_056dda27be	hca:0109_10.7554_elife.91792.1_056dda27be		ILC CLUSTERS	ILC CLUSTERS	4	1	0.25	0		
LLMarkers	llmarkers|hca|0109_10.7554_elife.91792.1_056dda27be	llmarkers|hca|0109_10.7554_elife.91792.1_056dda27be	hca:0109_10.7554_elife.91792.1_056dda27be		ILCS	ILCS	3	1	0.3333333333333333	1	0.0	0.0
LLMarkers	llmarkers|hca|0109_10.7554_elife.91792.1_056dda27be	llmarkers|hca|0109_10.7554_elife.91792.1_056dda27be	hca:0109_10.7554_elife.91792.1_056dda27be		INFLAMMATORY MONOCYTES	INFLAMMATORY MONOCYTES	4	0	0.0	0		
LLMarkers	llmarkers|hca|0109_10.7554_elife.91792.1_056dda27be	llmarkers|hca|0109_10.7554_elife.91792.1_056dda27be	hca:0109_10.7554_elife.91792.1_056dda27be		MACROPHAGES	MACROPHAGES	4	4	1.0	5	0.5	0.5
LLMarkers	llmarkers|hca|0109_10.7554_elife.91792.1_056dda27be	llmarkers|hca|0109_10.7554_elife.91792.1_056dda27be	hca:0109_10.7554_elife.91792.1_056dda27be		MONOCYTES	MONOCYTES	5	0	0.0	2	0.6	
LLMarkers	llmarkers|hca|0109_10.7554_elife.91792.1_056dda27be	llmarkers|hca|0109_10.7554_elife.91792.1_056dda27be	hca:0109_10.7554_elife.91792.1_056dda27be		MYOFIBROBLASTS	MYOFIBROBLASTS	3	2	0.6666666666666666	4	1.0	1.0
LLMarkers	llmarkers|hca|0109_10.7554_elife.91792.1_056dda27be	llmarkers|hca|0109_10.7554_elife.91792.1_056dda27be	hca:0109_10.7554_elife.91792.1_056dda27be		NK CELLS	NK CELLS	4	2	0.5	4	0.5	0.5
LLMarkers	llmarkers|hca|0109_10.7554_elife.91792.1_056dda27be	llmarkers|hca|0109_10.7554_elife.91792.1_056dda27be	hca:0109_10.7554_elife.91792.1_056dda27be		PANETH CELLS	PANETH CELLS	3	3	1.0	1	0.6666666666666666	0.6666666666666666
LLMarkers	llmarkers|hca|0109_10.7554_elife.91792.1_056dda27be	llmarkers|hca|0109_10.7554_elife.91792.1_056dda27be	hca:0109_10.7554_elife.91792.1_056dda27be		PDCS	PDCS	3	3	1.0	2	1.0	1.0
LLMarkers	llmarkers|hca|0109_10.7554_elife.91792.1_056dda27be	llmarkers|hca|0109_10.7554_elife.91792.1_056dda27be	hca:0109_10.7554_elife.91792.1_056dda27be		PERICYTES	PERICYTES	4	3	0.75	4	0.5	0.3333333333333333
LLMarkers	llmarkers|hca|0109_10.7554_elife.91792.1_056dda27be	llmarkers|hca|0109_10.7554_elife.91792.1_056dda27be	hca:0109_10.7554_elife.91792.1_056dda27be		T CELLS	T CELLS	5	5	1.0	4	0.6	0.6
LLMarkers	llmarkers|hca|0109_10.7554_elife.91792.1_056dda27be	llmarkers|hca|0109_10.7554_elife.91792.1_056dda27be	hca:0109_10.7554_elife.91792.1_056dda27be		TUFT CELLS	TUFT CELLS	4	4	1.0	0		
LLMarkers	llmarkers|hca|0110_10.1038_s41586-019-1506-7_3d44de0941	llmarkers|hca|0110_10.1038_s41586-019-1506-7_3d44de0941	hca:0110_10.1038_s41586-019-1506-7_3d44de0941		ASTRO L1-2 FGFR3 GFAP	ASTRO L 1 2 FGFR 3 GFAP	4	4	1.0	0		
LLMarkers	llmarkers|hca|0110_10.1038_s41586-019-1506-7_3d44de0941	llmarkers|hca|0110_10.1038_s41586-019-1506-7_3d44de0941	hca:0110_10.1038_s41586-019-1506-7_3d44de0941		EXC L2-3 LINC00507 FREM3	EXC L 2 3 LINC 00507 FREM 3	4	4	1.0	1	0.25	0.25
LLMarkers	llmarkers|hca|0110_10.1038_s41586-019-1506-7_3d44de0941	llmarkers|hca|0110_10.1038_s41586-019-1506-7_3d44de0941	hca:0110_10.1038_s41586-019-1506-7_3d44de0941		EXC L4-5 FEZF2 SCN4B	EXC L 4 5 FEZF 2 SCN 4 B	3	3	1.0	0		
LLMarkers	llmarkers|hca|0110_10.1038_s41586-019-1506-7_3d44de0941	llmarkers|hca|0110_10.1038_s41586-019-1506-7_3d44de0941	hca:0110_10.1038_s41586-019-1506-7_3d44de0941		INH L2-5 PVALB SCUBE3	INH L 2 5 PVALB SCUBE 3	5	5	1.0	0		
LLMarkers	llmarkers|hca|0111_10.1038_s41586-020-2157-4_a7b8710c09	llmarkers|hca|0111_10.1038_s41586-020-2157-4_a7b8710c09	hca:0111_10.1038_s41586-020-2157-4_a7b8710c09		C1 ENDOTHELIAL CELL	C 1 ENDOTHELIAL CELL	3	2	0.6666666666666666	0		
LLMarkers	llmarkers|hca|0111_10.1038_s41586-020-2157-4_a7b8710c09	llmarkers|hca|0111_10.1038_s41586-020-2157-4_a7b8710c09	hca:0111_10.1038_s41586-020-2157-4_a7b8710c09		C5 ENDOTHELIAL CELL	C 5 ENDOTHELIAL CELL	3	3	1.0	0		
LLMarkers	llmarkers|hca|0111_10.1038_s41586-020-2157-4_a7b8710c09	llmarkers|hca|0111_10.1038_s41586-020-2157-4_a7b8710c09	hca:0111_10.1038_s41586-020-2157-4_a7b8710c09		C7 ENDOTHELIAL CELL	C 7 ENDOTHELIAL CELL	3	2	0.6666666666666666	0		
LLMarkers	llmarkers|hca|0111_10.1038_s41586-020-2157-4_a7b8710c09	llmarkers|hca|0111_10.1038_s41586-020-2157-4_a7b8710c09	hca:0111_10.1038_s41586-020-2157-4_a7b8710c09		ENDOTHELIAL CELL	ENDOTHELIAL CELL	3	1	0.3333333333333333	27	0.3333333333333333	1.0
LLMarkers	llmarkers|hca|0112_10.1101_2022.02.09.479667_caaafb2f08	llmarkers|hca|0112_10.1101_2022.02.09.479667_caaafb2f08	hca:0112_10.1101_2022.02.09.479667_caaafb2f08		MAIT CELL	MAIT CELL	5	5	1.0	1	0.2	0.2
LLMarkers	llmarkers|hca|0113_10.1101_2021.04.28.441762_c83625bbe4	llmarkers|hca|0113_10.1101_2021.04.28.441762_c83625bbe4	hca:0113_10.1101_2021.04.28.441762_c83625bbe4		CLASSICAL	CLASSICAL	3	1	0.3333333333333333	1	0.0	0.0
LLMarkers	llmarkers|hca|0113_10.1101_2021.04.28.441762_c83625bbe4	llmarkers|hca|0113_10.1101_2021.04.28.441762_c83625bbe4	hca:0113_10.1101_2021.04.28.441762_c83625bbe4		EFFECTOR MEMORY CD8+	EFFECTOR MEMORY CD 8	3	2	0.6666666666666666	0		
LLMarkers	llmarkers|hca|0113_10.1101_2021.04.28.441762_c83625bbe4	llmarkers|hca|0113_10.1101_2021.04.28.441762_c83625bbe4	hca:0113_10.1101_2021.04.28.441762_c83625bbe4		GERMINAL CENTER B CELL	GERMINAL CENTER B CELL	3	3	1.0	0		
LLMarkers	llmarkers|hca|0113_10.1101_2021.04.28.441762_c83625bbe4	llmarkers|hca|0113_10.1101_2021.04.28.441762_c83625bbe4	hca:0113_10.1101_2021.04.28.441762_c83625bbe4		KUPFFER CELL	KUPFFER CELL	4	2	0.5	1	0.25	0.0
LLMarkers	llmarkers|hca|0113_10.1101_2021.04.28.441762_c83625bbe4	llmarkers|hca|0113_10.1101_2021.04.28.441762_c83625bbe4	hca:0113_10.1101_2021.04.28.441762_c83625bbe4		MAC-IV	MAC IV	5	2	0.4	0		
LLMarkers	llmarkers|hca|0113_10.1101_2021.04.28.441762_c83625bbe4	llmarkers|hca|0113_10.1101_2021.04.28.441762_c83625bbe4	hca:0113_10.1101_2021.04.28.441762_c83625bbe4		MEMB_ITGAX	MEMB ITGAX	5	5	1.0	0		
LLMarkers	llmarkers|hca|0113_10.1101_2021.04.28.441762_c83625bbe4	llmarkers|hca|0113_10.1101_2021.04.28.441762_c83625bbe4	hca:0113_10.1101_2021.04.28.441762_c83625bbe4		MEMORY B CELL	MEMORY B CELL	3	3	1.0	4	0.6666666666666666	0.6666666666666666
LLMarkers	llmarkers|hca|0113_10.1101_2021.04.28.441762_c83625bbe4	llmarkers|hca|0113_10.1101_2021.04.28.441762_c83625bbe4	hca:0113_10.1101_2021.04.28.441762_c83625bbe4		MIGDC	MIGDC	8	8	1.0	1	0.0	0.0
LLMarkers	llmarkers|hca|0113_10.1101_2021.04.28.441762_c83625bbe4	llmarkers|hca|0113_10.1101_2021.04.28.441762_c83625bbe4	hca:0113_10.1101_2021.04.28.441762_c83625bbe4		PLASMA CELL	PLASMA CELL	3	0	0.0	15	1.0	
LLMarkers	llmarkers|hca|0113_10.1101_2021.04.28.441762_c83625bbe4	llmarkers|hca|0113_10.1101_2021.04.28.441762_c83625bbe4	hca:0113_10.1101_2021.04.28.441762_c83625bbe4		PLASMABLAST	PLASMABLAST	3	0	0.0	3	0.3333333333333333	
LLMarkers	llmarkers|hca|0113_10.1101_2021.04.28.441762_c83625bbe4	llmarkers|hca|0113_10.1101_2021.04.28.441762_c83625bbe4	hca:0113_10.1101_2021.04.28.441762_c83625bbe4		RED PULP MACROPHAGE	RED PULP MACROPHAGE	3	1	0.3333333333333333	0		
LLMarkers	llmarkers|hca|0113_10.1101_2021.04.28.441762_c83625bbe4	llmarkers|hca|0113_10.1101_2021.04.28.441762_c83625bbe4	hca:0113_10.1101_2021.04.28.441762_c83625bbe4		TRDV1	TRDV 1	4	3	0.75	0		
LLMarkers	llmarkers|hca|0113_10.1101_2021.04.28.441762_c83625bbe4	llmarkers|hca|0113_10.1101_2021.04.28.441762_c83625bbe4	hca:0113_10.1101_2021.04.28.441762_c83625bbe4		TRDV2	TRDV 2	4	4	1.0	0		
LLMarkers	llmarkers|hca|0113_10.1101_2021.04.28.441762_c83625bbe4	llmarkers|hca|0113_10.1101_2021.04.28.441762_c83625bbe4	hca:0113_10.1101_2021.04.28.441762_c83625bbe4		ΓΔ T CELL POPULATION	T CELL POPULATION	4	3	0.75	0		
LLMarkers	llmarkers|hca|0118_10.1016_j.jid.2019.07.726_f70095db05	llmarkers|hca|0118_10.1016_j.jid.2019.07.726_f70095db05	hca:0118_10.1016_j.jid.2019.07.726_f70095db05		BASAL IFE	BASAL IFE	3	3	1.0	0		
LLMarkers	llmarkers|hca|0118_10.1016_j.jid.2019.07.726_f70095db05	llmarkers|hca|0118_10.1016_j.jid.2019.07.726_f70095db05	hca:0118_10.1016_j.jid.2019.07.726_f70095db05		BULGE	BULGE	5	5	1.0	0		
LLMarkers	llmarkers|hca|0120_10.1038_s41467-022-34255-z_c90043e943	llmarkers|hca|0120_10.1038_s41467-022-34255-z_c90043e943	hca:0120_10.1038_s41467-022-34255-z_c90043e943		FR-PTC	FR PTC	3	1	0.3333333333333333	0		
LLMarkers	llmarkers|hca|0120_10.1038_s41467-022-34255-z_c90043e943	llmarkers|hca|0120_10.1038_s41467-022-34255-z_c90043e943	hca:0120_10.1038_s41467-022-34255-z_c90043e943		PKD-CDC1	PKD CDC 1	4	2	0.5	0		
LLMarkers	llmarkers|hca|0120_10.1038_s41467-022-34255-z_c90043e943	llmarkers|hca|0120_10.1038_s41467-022-34255-z_c90043e943	hca:0120_10.1038_s41467-022-34255-z_c90043e943		PKD-CDC2	PKD CDC 2	4	2	0.5	0		
LLMarkers	llmarkers|hca|0120_10.1038_s41467-022-34255-z_c90043e943	llmarkers|hca|0120_10.1038_s41467-022-34255-z_c90043e943	hca:0120_10.1038_s41467-022-34255-z_c90043e943		PT-1	PT 1	3	1	0.3333333333333333	2	0.3333333333333333	0.0
LLMarkers	llmarkers|hca|0120_10.1038_s41467-022-34255-z_c90043e943	llmarkers|hca|0120_10.1038_s41467-022-34255-z_c90043e943	hca:0120_10.1038_s41467-022-34255-z_c90043e943		PT-3	PT 3	5	0	0.0	0		
LLMarkers	llmarkers|hca|0120_10.1038_s41467-022-34255-z_c90043e943	llmarkers|hca|0120_10.1038_s41467-022-34255-z_c90043e943	hca:0120_10.1038_s41467-022-34255-z_c90043e943		PT-4	PT 4	5	0	0.0	0		
LLMarkers	llmarkers|hca|0120_10.1038_s41467-022-34255-z_c90043e943	llmarkers|hca|0120_10.1038_s41467-022-34255-z_c90043e943	hca:0120_10.1038_s41467-022-34255-z_c90043e943		UNKNOWN1	UNKNOWN 1	3	0	0.0	0		
LLMarkers	llmarkers|hca|0120_10.1038_s41467-022-34255-z_c90043e943	llmarkers|hca|0120_10.1038_s41467-022-34255-z_c90043e943	hca:0120_10.1038_s41467-022-34255-z_c90043e943		UNKNOWN2	UNKNOWN 2	3	0	0.0	0		
LLMarkers	llmarkers|hca|0121_10.7554_elife.62810_069377f2ec	llmarkers|hca|0121_10.7554_elife.62810_069377f2ec	hca:0121_10.7554_elife.62810_069377f2ec		S0	S 0	3	3	1.0	0		
LLMarkers	llmarkers|hca|0121_10.7554_elife.62810_069377f2ec	llmarkers|hca|0121_10.7554_elife.62810_069377f2ec	hca:0121_10.7554_elife.62810_069377f2ec		S4	S 4	4	4	1.0	1	0.0	0.0
LLMarkers	llmarkers|hca|0122_10.1038_s41467-020-18512-7_3e94374231	llmarkers|hca|0122_10.1038_s41467-020-18512-7_3e94374231	hca:0122_10.1038_s41467-020-18512-7_3e94374231		APICAL PAPILLA	APICAL PAPILLA	3	3	1.0	0		
LLMarkers	llmarkers|hca|0123_10.1371_journal.pone.0267704_5a8157f0f3	llmarkers|hca|0123_10.1371_journal.pone.0267704_5a8157f0f3	hca:0123_10.1371_journal.pone.0267704_5a8157f0f3		CENTRAL MEMORY T CELL	CENTRAL MEMORY T CELL	3	3	1.0	0		
LLMarkers	llmarkers|hca|0123_10.1371_journal.pone.0267704_5a8157f0f3	llmarkers|hca|0123_10.1371_journal.pone.0267704_5a8157f0f3	hca:0123_10.1371_journal.pone.0267704_5a8157f0f3		CYTOTOXIC T CELL	CYTOTOXIC T CELL	3	3	1.0	1	0.3333333333333333	0.3333333333333333
LLMarkers	llmarkers|hca|0123_10.1371_journal.pone.0267704_5a8157f0f3	llmarkers|hca|0123_10.1371_journal.pone.0267704_5a8157f0f3	hca:0123_10.1371_journal.pone.0267704_5a8157f0f3		FB1	FB 1	14	7	0.5	5	0.2857142857142857	0.14285714285714285
LLMarkers	llmarkers|hca|0123_10.1371_journal.pone.0267704_5a8157f0f3	llmarkers|hca|0123_10.1371_journal.pone.0267704_5a8157f0f3	hca:0123_10.1371_journal.pone.0267704_5a8157f0f3		FB2	FB 2	8	0	0.0	4	0.0	
LLMarkers	llmarkers|hca|0123_10.1371_journal.pone.0267704_5a8157f0f3	llmarkers|hca|0123_10.1371_journal.pone.0267704_5a8157f0f3	hca:0123_10.1371_journal.pone.0267704_5a8157f0f3		FB3	FB 3	4	0	0.0	3	0.0	
LLMarkers	llmarkers|hca|0123_10.1371_journal.pone.0267704_5a8157f0f3	llmarkers|hca|0123_10.1371_journal.pone.0267704_5a8157f0f3	hca:0123_10.1371_journal.pone.0267704_5a8157f0f3		FB4	FB 4	10	8	0.8	2	0.3	0.375
LLMarkers	llmarkers|hca|0123_10.1371_journal.pone.0267704_5a8157f0f3	llmarkers|hca|0123_10.1371_journal.pone.0267704_5a8157f0f3	hca:0123_10.1371_journal.pone.0267704_5a8157f0f3		ISG-HIGH CD4+ T CELL	ISG HIGH CD 4 T CELL	5	5	1.0	0		
LLMarkers	llmarkers|hca|0123_10.1371_journal.pone.0267704_5a8157f0f3	llmarkers|hca|0123_10.1371_journal.pone.0267704_5a8157f0f3	hca:0123_10.1371_journal.pone.0267704_5a8157f0f3		MAC	MAC	3	3	1.0	1	1.0	1.0
LLMarkers	llmarkers|hca|0123_10.1371_journal.pone.0267704_5a8157f0f3	llmarkers|hca|0123_10.1371_journal.pone.0267704_5a8157f0f3	hca:0123_10.1371_journal.pone.0267704_5a8157f0f3		PC2	PC 2	3	1	0.3333333333333333	0		
LLMarkers	llmarkers|hca|0123_10.1371_journal.pone.0267704_5a8157f0f3	llmarkers|hca|0123_10.1371_journal.pone.0267704_5a8157f0f3	hca:0123_10.1371_journal.pone.0267704_5a8157f0f3		PG1	PG 1	3	0	0.0	0		
LLMarkers	llmarkers|hca|0123_10.1371_journal.pone.0267704_5a8157f0f3	llmarkers|hca|0123_10.1371_journal.pone.0267704_5a8157f0f3	hca:0123_10.1371_journal.pone.0267704_5a8157f0f3		PG2	PG 2	3	0	0.0	0		
LLMarkers	llmarkers|hca|0123_10.1371_journal.pone.0267704_5a8157f0f3	llmarkers|hca|0123_10.1371_journal.pone.0267704_5a8157f0f3	hca:0123_10.1371_journal.pone.0267704_5a8157f0f3		PROXIMAL TUBULAR	PROXIMAL TUBULAR	3	3	1.0	0		
LLMarkers	llmarkers|hca|0123_10.1371_journal.pone.0267704_5a8157f0f3	llmarkers|hca|0123_10.1371_journal.pone.0267704_5a8157f0f3	hca:0123_10.1371_journal.pone.0267704_5a8157f0f3		PTC2	PTC 2	3	3	1.0	0		
LLMarkers	llmarkers|hca|0123_10.1371_journal.pone.0267704_5a8157f0f3	llmarkers|hca|0123_10.1371_journal.pone.0267704_5a8157f0f3	hca:0123_10.1371_journal.pone.0267704_5a8157f0f3		TUBULAR PROGENITOR	TUBULAR PROGENITOR	3	3	1.0	0		
LLMarkers	llmarkers|hca|0124_10.1126_science.aba6500_a77c502bf7	llmarkers|hca|0124_10.1126_science.aba6500_a77c502bf7	hca:0124_10.1126_science.aba6500_a77c502bf7		DERMAL T CELLS	DERMAL T CELLS	3	3	1.0	0		
LLMarkers	llmarkers|hca|0124_10.1126_science.aba6500_a77c502bf7	llmarkers|hca|0124_10.1126_science.aba6500_a77c502bf7	hca:0124_10.1126_science.aba6500_a77c502bf7		EMBRYONIC/FETAL LCS	EMBRYONIC FETAL LCS	3	2	0.6666666666666666	0		
LLMarkers	llmarkers|hca|0124_10.1126_science.aba6500_a77c502bf7	llmarkers|hca|0124_10.1126_science.aba6500_a77c502bf7	hca:0124_10.1126_science.aba6500_a77c502bf7		EPIDERMAL T CELLS	EPIDERMAL T CELLS	8	6	0.75	0		
LLMarkers	llmarkers|hca|0124_10.1126_science.aba6500_a77c502bf7	llmarkers|hca|0124_10.1126_science.aba6500_a77c502bf7	hca:0124_10.1126_science.aba6500_a77c502bf7		FB1	FB 1	4	2	0.5	5	0.5	0.0
LLMarkers	llmarkers|hca|0124_10.1126_science.aba6500_a77c502bf7	llmarkers|hca|0124_10.1126_science.aba6500_a77c502bf7	hca:0124_10.1126_science.aba6500_a77c502bf7		FB2	FB 2	5	3	0.6	4	0.4	0.0
LLMarkers	llmarkers|hca|0124_10.1126_science.aba6500_a77c502bf7	llmarkers|hca|0124_10.1126_science.aba6500_a77c502bf7	hca:0124_10.1126_science.aba6500_a77c502bf7		FETAL SKIN ILCS	FETAL SKIN ILCS	3	2	0.6666666666666666	0		
LLMarkers	llmarkers|hca|0124_10.1126_science.aba6500_a77c502bf7	llmarkers|hca|0124_10.1126_science.aba6500_a77c502bf7	hca:0124_10.1126_science.aba6500_a77c502bf7		ILC2	ILC 2	3	2	0.6666666666666666	0		
LLMarkers	llmarkers|hca|0124_10.1126_science.aba6500_a77c502bf7	llmarkers|hca|0124_10.1126_science.aba6500_a77c502bf7	hca:0124_10.1126_science.aba6500_a77c502bf7		INFLAMMATORY DIFFERENTIATED KERATINOCYTES	INFLAMMATORY DIFFERENTIATED KERATINOCYTES	7	6	0.8571428571428571	0		
LLMarkers	llmarkers|hca|0124_10.1126_science.aba6500_a77c502bf7	llmarkers|hca|0124_10.1126_science.aba6500_a77c502bf7	hca:0124_10.1126_science.aba6500_a77c502bf7		LE1	LE 1	3	3	1.0	0		
LLMarkers	llmarkers|hca|0124_10.1126_science.aba6500_a77c502bf7	llmarkers|hca|0124_10.1126_science.aba6500_a77c502bf7	hca:0124_10.1126_science.aba6500_a77c502bf7		MAC1	MAC 1	4	3	0.75	2	0.75	0.6666666666666666
LLMarkers	llmarkers|hca|0124_10.1126_science.aba6500_a77c502bf7	llmarkers|hca|0124_10.1126_science.aba6500_a77c502bf7	hca:0124_10.1126_science.aba6500_a77c502bf7		MAC2	MAC 2	4	2	0.5	4	0.75	0.5
LLMarkers	llmarkers|hca|0124_10.1126_science.aba6500_a77c502bf7	llmarkers|hca|0124_10.1126_science.aba6500_a77c502bf7	hca:0124_10.1126_science.aba6500_a77c502bf7		MIG. DC	MIG DC	16	16	1.0	0		
LLMarkers	llmarkers|hca|0124_10.1126_science.aba6500_a77c502bf7	llmarkers|hca|0124_10.1126_science.aba6500_a77c502bf7	hca:0124_10.1126_science.aba6500_a77c502bf7		NK	NK	5	5	1.0	2	0.8	0.8
LLMarkers	llmarkers|hca|0124_10.1126_science.aba6500_a77c502bf7	llmarkers|hca|0124_10.1126_science.aba6500_a77c502bf7	hca:0124_10.1126_science.aba6500_a77c502bf7		TC IL13/IL22	TC IL 13 IL 22	11	5	0.45454545454545453	0		
LLMarkers	llmarkers|hca|0124_10.1126_science.aba6500_a77c502bf7	llmarkers|hca|0124_10.1126_science.aba6500_a77c502bf7	hca:0124_10.1126_science.aba6500_a77c502bf7		TC17/TH17	TC 17 TH 17	8	6	0.75	0		
LLMarkers	llmarkers|hca|0124_10.1126_science.aba6500_a77c502bf7	llmarkers|hca|0124_10.1126_science.aba6500_a77c502bf7	hca:0124_10.1126_science.aba6500_a77c502bf7		TERMINALLY DIFFERENTIATED KERATINOCYTES	TERMINALLY DIFFERENTIATED KERATINOCYTES	3	3	1.0	0		
LLMarkers	llmarkers|hca|0124_10.1126_science.aba6500_a77c502bf7	llmarkers|hca|0124_10.1126_science.aba6500_a77c502bf7	hca:0124_10.1126_science.aba6500_a77c502bf7		TREG	TREG	3	3	1.0	14	1.0	1.0
LLMarkers	llmarkers|hca|0124_10.1126_science.aba6500_a77c502bf7	llmarkers|hca|0124_10.1126_science.aba6500_a77c502bf7	hca:0124_10.1126_science.aba6500_a77c502bf7		VE3	VE 3	6	5	0.8333333333333334	0		
LLMarkers	llmarkers|hca|0125_10.1016_j.celrep.2023.111994_fd20125b65	llmarkers|hca|0125_10.1016_j.celrep.2023.111994_fd20125b65	hca:0125_10.1016_j.celrep.2023.111994_fd20125b65		FIBROBLAST I	FIBROBLAST I	4	4	1.0	0		
LLMarkers	llmarkers|hca|0125_10.1016_j.celrep.2023.111994_fd20125b65	llmarkers|hca|0125_10.1016_j.celrep.2023.111994_fd20125b65	hca:0125_10.1016_j.celrep.2023.111994_fd20125b65		FIBROBLAST IV	FIBROBLAST IV	7	7	1.0	0		
LLMarkers	llmarkers|hca|0125_10.1016_j.celrep.2023.111994_fd20125b65	llmarkers|hca|0125_10.1016_j.celrep.2023.111994_fd20125b65	hca:0125_10.1016_j.celrep.2023.111994_fd20125b65		MELANOCYTE	MELANOCYTE	3	3	1.0	6	1.0	1.0
LLMarkers	llmarkers|hca|0125_10.1016_j.celrep.2023.111994_fd20125b65	llmarkers|hca|0125_10.1016_j.celrep.2023.111994_fd20125b65	hca:0125_10.1016_j.celrep.2023.111994_fd20125b65		SPINOUS I	SPINOUS I	3	3	1.0	0		
LLMarkers	llmarkers|hca|0127_10.1016_j.cell.2021.11.031_38bd899f1b	llmarkers|hca|0127_10.1016_j.cell.2021.11.031_38bd899f1b	hca:0127_10.1016_j.cell.2021.11.031_38bd899f1b		ASC	ASC	10	9	0.9	1	0.0	0.0
LLMarkers	llmarkers|hca|0127_10.1016_j.cell.2021.11.031_38bd899f1b	llmarkers|hca|0127_10.1016_j.cell.2021.11.031_38bd899f1b	hca:0127_10.1016_j.cell.2021.11.031_38bd899f1b		SSC	SSC	21	20	0.9523809523809523	0		
LLMarkers	llmarkers|hca|0128_10.1016_j.devcel.2020.07.023_7908e44bb1	llmarkers|hca|0128_10.1016_j.devcel.2020.07.023_7908e44bb1	hca:0128_10.1016_j.devcel.2020.07.023_7908e44bb1		ECS	ECS	8	6	0.75	2	0.0	0.0
LLMarkers	llmarkers|hca|0128_10.1016_j.devcel.2020.07.023_7908e44bb1	llmarkers|hca|0128_10.1016_j.devcel.2020.07.023_7908e44bb1	hca:0128_10.1016_j.devcel.2020.07.023_7908e44bb1		ENDOTHELIAL	ENDOTHELIAL	4	2	0.5	4	0.5	0.5
LLMarkers	llmarkers|hca|0128_10.1016_j.devcel.2020.07.023_7908e44bb1	llmarkers|hca|0128_10.1016_j.devcel.2020.07.023_7908e44bb1	hca:0128_10.1016_j.devcel.2020.07.023_7908e44bb1		HIO MESENCHYME	HIO MESENCHYME	3	3	1.0	0		
LLMarkers	llmarkers|hca|0128_10.1016_j.devcel.2020.07.023_7908e44bb1	llmarkers|hca|0128_10.1016_j.devcel.2020.07.023_7908e44bb1	hca:0128_10.1016_j.devcel.2020.07.023_7908e44bb1		INTESTINAL EC-ENRICHED	INTESTINAL EC ENRICHED	3	3	1.0	0		
LLMarkers	llmarkers|hca|0128_10.1016_j.devcel.2020.07.023_7908e44bb1	llmarkers|hca|0128_10.1016_j.devcel.2020.07.023_7908e44bb1	hca:0128_10.1016_j.devcel.2020.07.023_7908e44bb1		KIDNEY EC-ENRICHED	KIDNEY EC ENRICHED	3	3	1.0	0		
LLMarkers	llmarkers|hca|0128_10.1016_j.devcel.2020.07.023_7908e44bb1	llmarkers|hca|0128_10.1016_j.devcel.2020.07.023_7908e44bb1	hca:0128_10.1016_j.devcel.2020.07.023_7908e44bb1		NON-EC	NON EC	3	3	1.0	0		
LLMarkers	llmarkers|hca|0132_10.1038_s41467-020-16239-z_001d78a35b	llmarkers|hca|0132_10.1038_s41467-020-16239-z_001d78a35b	hca:0132_10.1038_s41467-020-16239-z_001d78a35b		BASAL CELL	BASAL CELL	5	2	0.4	6	0.8	0.5
LLMarkers	llmarkers|hca|0132_10.1038_s41467-020-16239-z_001d78a35b	llmarkers|hca|0132_10.1038_s41467-020-16239-z_001d78a35b	hca:0132_10.1038_s41467-020-16239-z_001d78a35b		EARLY CILIATING STATE	EARLY CILIATING STATE	7	7	1.0	0		
LLMarkers	llmarkers|hca|0132_10.1038_s41467-020-16239-z_001d78a35b	llmarkers|hca|0132_10.1038_s41467-020-16239-z_001d78a35b	hca:0132_10.1038_s41467-020-16239-z_001d78a35b		IONOCYTE	IONOCYTE	3	3	1.0	1	1.0	1.0
LLMarkers	llmarkers|hca|0132_10.1038_s41467-020-16239-z_001d78a35b	llmarkers|hca|0132_10.1038_s41467-020-16239-z_001d78a35b	hca:0132_10.1038_s41467-020-16239-z_001d78a35b		KRT8 HIGH	KRT 8 HIGH	4	1	0.25	0		
LLMarkers	llmarkers|hca|0132_10.1038_s41467-020-16239-z_001d78a35b	llmarkers|hca|0132_10.1038_s41467-020-16239-z_001d78a35b	hca:0132_10.1038_s41467-020-16239-z_001d78a35b		LATER CILIATING	LATER CILIATING	6	6	1.0	0		
LLMarkers	llmarkers|hca|0132_10.1038_s41467-020-16239-z_001d78a35b	llmarkers|hca|0132_10.1038_s41467-020-16239-z_001d78a35b	hca:0132_10.1038_s41467-020-16239-z_001d78a35b		MUCUS SECRETORY	MUCUS SECRETORY	8	7	0.875	0		
LLMarkers	llmarkers|hca|0132_10.1038_s41467-020-16239-z_001d78a35b	llmarkers|hca|0132_10.1038_s41467-020-16239-z_001d78a35b	hca:0132_10.1038_s41467-020-16239-z_001d78a35b		SMG BASAL CELL	SMG BASAL CELL	5	3	0.6	0		
LLMarkers	llmarkers|hca|0132_10.1038_s41467-020-16239-z_001d78a35b	llmarkers|hca|0132_10.1038_s41467-020-16239-z_001d78a35b	hca:0132_10.1038_s41467-020-16239-z_001d78a35b		TUFT-LIKE	TUFT LIKE	4	4	1.0	0		
LLMarkers	llmarkers|hca|0134_10.3389_fimmu.2021.636720_9a958ecc4e	llmarkers|hca|0134_10.3389_fimmu.2021.636720_9a958ecc4e	hca:0134_10.3389_fimmu.2021.636720_9a958ecc4e		ACTIVATED B CELL	ACTIVATED B CELL	6	4	0.6666666666666666	1	1.0	1.0
LLMarkers	llmarkers|hca|0134_10.3389_fimmu.2021.636720_9a958ecc4e	llmarkers|hca|0134_10.3389_fimmu.2021.636720_9a958ecc4e	hca:0134_10.3389_fimmu.2021.636720_9a958ecc4e		ACTIVATED MONOCYTE	ACTIVATED MONOCYTE	6	3	0.5	0		
LLMarkers	llmarkers|hca|0134_10.3389_fimmu.2021.636720_9a958ecc4e	llmarkers|hca|0134_10.3389_fimmu.2021.636720_9a958ecc4e	hca:0134_10.3389_fimmu.2021.636720_9a958ecc4e		ACTIVATED T CELL	ACTIVATED T CELL	5	5	1.0	1	1.0	1.0
LLMarkers	llmarkers|hca|0134_10.3389_fimmu.2021.636720_9a958ecc4e	llmarkers|hca|0134_10.3389_fimmu.2021.636720_9a958ecc4e	hca:0134_10.3389_fimmu.2021.636720_9a958ecc4e		DN2 CELL	DN 2 CELL	4	2	0.5	1	1.0	1.0
LLMarkers	llmarkers|hca|0134_10.3389_fimmu.2021.636720_9a958ecc4e	llmarkers|hca|0134_10.3389_fimmu.2021.636720_9a958ecc4e	hca:0134_10.3389_fimmu.2021.636720_9a958ecc4e		LPS2	LPS 2	3	0	0.0	1	1.0	
LLMarkers	llmarkers|hca|0134_10.3389_fimmu.2021.636720_9a958ecc4e	llmarkers|hca|0134_10.3389_fimmu.2021.636720_9a958ecc4e	hca:0134_10.3389_fimmu.2021.636720_9a958ecc4e		LPS3	LPS 3	4	4	1.0	1	1.0	1.0
LLMarkers	llmarkers|hca|0134_10.3389_fimmu.2021.636720_9a958ecc4e	llmarkers|hca|0134_10.3389_fimmu.2021.636720_9a958ecc4e	hca:0134_10.3389_fimmu.2021.636720_9a958ecc4e		NK CELL IN CLUSTER 4	NK CELL IN CLUSTER 4	3	3	1.0	0		
LLMarkers	llmarkers|hca|0134_10.3389_fimmu.2021.636720_9a958ecc4e	llmarkers|hca|0134_10.3389_fimmu.2021.636720_9a958ecc4e	hca:0134_10.3389_fimmu.2021.636720_9a958ecc4e		OTHER MEMORY CELL	OTHER MEMORY CELL	3	3	1.0	1	1.0	1.0
LLMarkers	llmarkers|hca|0136_10.1167_iovs.62.6.18_7e8926eaf2	llmarkers|hca|0136_10.1167_iovs.62.6.18_7e8926eaf2	hca:0136_10.1167_iovs.62.6.18_7e8926eaf2		CONE	CONE	20	20	1.0	2	0.15	0.15
LLMarkers	llmarkers|hca|0137_10.1084_jem.20221350_7ac74dedfd	llmarkers|hca|0137_10.1084_jem.20221350_7ac74dedfd	hca:0137_10.1084_jem.20221350_7ac74dedfd		FIBROBLAST	FIBROBLAST	3	3	1.0	28	1.0	1.0
LLMarkers	llmarkers|hca|0139_10.1038_s41590-020-0602-z_71058e050d	llmarkers|hca|0139_10.1038_s41590-020-0602-z_71058e050d	hca:0139_10.1038_s41590-020-0602-z_71058e050d		CDC1	CDC 1	5	5	1.0	10	0.8	0.8
LLMarkers	llmarkers|hca|0139_10.1038_s41590-020-0602-z_71058e050d	llmarkers|hca|0139_10.1038_s41590-020-0602-z_71058e050d	hca:0139_10.1038_s41590-020-0602-z_71058e050d		FOLLICULAR B CELLS	FOLLICULAR B CELLS	3	2	0.6666666666666666	0		
LLMarkers	llmarkers|hca|0139_10.1038_s41590-020-0602-z_71058e050d	llmarkers|hca|0139_10.1038_s41590-020-0602-z_71058e050d	hca:0139_10.1038_s41590-020-0602-z_71058e050d		IGA+ PLASMA CELLS	IGA PLASMA CELLS	3	3	1.0	0		
LLMarkers	llmarkers|hca|0139_10.1038_s41590-020-0602-z_71058e050d	llmarkers|hca|0139_10.1038_s41590-020-0602-z_71058e050d	hca:0139_10.1038_s41590-020-0602-z_71058e050d		KLRB1+ (ALSO KNOWN AS CD161) T REG CELLS	KLRB 1 ALSO KNOWN AS CD 161 T REG CELLS	6	6	1.0	0		
LLMarkers	llmarkers|hca|0139_10.1038_s41590-020-0602-z_71058e050d	llmarkers|hca|0139_10.1038_s41590-020-0602-z_71058e050d	hca:0139_10.1038_s41590-020-0602-z_71058e050d		LYMPHOID TISSUE-LIKE T REG (LT-LIKE T REG ) CELLS	LYMPHOID TISSUE LIKE T REG LT LIKE T REG CELLS	4	3	0.75	0		
LLMarkers	llmarkers|hca|0139_10.1038_s41590-020-0602-z_71058e050d	llmarkers|hca|0139_10.1038_s41590-020-0602-z_71058e050d	hca:0139_10.1038_s41590-020-0602-z_71058e050d		MEMORY B CELLS	MEMORY B CELLS	4	4	1.0	0		
LLMarkers	llmarkers|hca|0139_10.1038_s41590-020-0602-z_71058e050d	llmarkers|hca|0139_10.1038_s41590-020-0602-z_71058e050d	hca:0139_10.1038_s41590-020-0602-z_71058e050d		NON-LYMPHOID TISSUE T REG (NLT T REG ) CELLS	NON LYMPHOID TISSUE T REG NLT T REG CELLS	3	3	1.0	0		
LLMarkers	llmarkers|hca|0139_10.1038_s41590-020-0602-z_71058e050d	llmarkers|hca|0139_10.1038_s41590-020-0602-z_71058e050d	hca:0139_10.1038_s41590-020-0602-z_71058e050d		PLASMA CELLS	PLASMA CELLS	6	6	1.0	0		
LLMarkers	llmarkers|hca|0139_10.1038_s41590-020-0602-z_71058e050d	llmarkers|hca|0139_10.1038_s41590-020-0602-z_71058e050d	hca:0139_10.1038_s41590-020-0602-z_71058e050d		T H 17	T H 17	3	2	0.6666666666666666	2	0.6666666666666666	0.5
LLMarkers	llmarkers|hca|0139_10.1038_s41590-020-0602-z_71058e050d	llmarkers|hca|0139_10.1038_s41590-020-0602-z_71058e050d	hca:0139_10.1038_s41590-020-0602-z_71058e050d		T REG CELLS	T REG CELLS	7	6	0.8571428571428571	0		
LLMarkers	llmarkers|hca|0140_10.1101_2021.03.01.21252411_572fc1288d	llmarkers|hca|0140_10.1101_2021.03.01.21252411_572fc1288d	hca:0140_10.1101_2021.03.01.21252411_572fc1288d		CD14+ MONOCYTE	CD 14 MONOCYTE	6	4	0.6666666666666666	2	0.3333333333333333	0.5
LLMarkers	llmarkers|hca|0140_10.1101_2021.03.01.21252411_572fc1288d	llmarkers|hca|0140_10.1101_2021.03.01.21252411_572fc1288d	hca:0140_10.1101_2021.03.01.21252411_572fc1288d		CD4+ T CELL	CD 4 T CELL	3	3	1.0	16	1.0	1.0
LLMarkers	llmarkers|hca|0140_10.1101_2021.03.01.21252411_572fc1288d	llmarkers|hca|0140_10.1101_2021.03.01.21252411_572fc1288d	hca:0140_10.1101_2021.03.01.21252411_572fc1288d		DC	DC	4	4	1.0	4	0.0	0.0
LLMarkers	llmarkers|hca|0140_10.1101_2021.03.01.21252411_572fc1288d	llmarkers|hca|0140_10.1101_2021.03.01.21252411_572fc1288d	hca:0140_10.1101_2021.03.01.21252411_572fc1288d		FCGR3A+ MONOCYTE	FCGR 3 A MONOCYTE	4	3	0.75	1	0.25	0.3333333333333333
LLMarkers	llmarkers|hca|0140_10.1101_2021.03.01.21252411_572fc1288d	llmarkers|hca|0140_10.1101_2021.03.01.21252411_572fc1288d	hca:0140_10.1101_2021.03.01.21252411_572fc1288d		PLATELET	PLATELET	8	7	0.875	0		
LLMarkers	llmarkers|hca|0142_10.1016_j.immuni.2023.01.032_b86bd8b65d	llmarkers|hca|0142_10.1016_j.immuni.2023.01.032_b86bd8b65d	hca:0142_10.1016_j.immuni.2023.01.032_b86bd8b65d		CD66C+ AT2S	CD 66 C AT 2 S	3	3	1.0	0		
LLMarkers	llmarkers|hca|0142_10.1016_j.immuni.2023.01.032_b86bd8b65d	llmarkers|hca|0142_10.1016_j.immuni.2023.01.032_b86bd8b65d	hca:0142_10.1016_j.immuni.2023.01.032_b86bd8b65d		CD66C- AT2S	CD 66 C AT 2 S	7	7	1.0	0		
LLMarkers	llmarkers|hca|0142_10.1016_j.immuni.2023.01.032_b86bd8b65d	llmarkers|hca|0142_10.1016_j.immuni.2023.01.032_b86bd8b65d	hca:0142_10.1016_j.immuni.2023.01.032_b86bd8b65d		T CELL	T CELL	5	2	0.4	37	0.6	0.0
LLMarkers	llmarkers|hca|0142_10.1016_j.immuni.2023.01.032_b86bd8b65d	llmarkers|hca|0142_10.1016_j.immuni.2023.01.032_b86bd8b65d	hca:0142_10.1016_j.immuni.2023.01.032_b86bd8b65d		TRLS	TRLS	5	2	0.4	0		
LLMarkers	llmarkers|hca|0144_10.1016_j.ebiom.2025.106036_833fbd27b6	llmarkers|hca|0144_10.1016_j.ebiom.2025.106036_833fbd27b6	hca:0144_10.1016_j.ebiom.2025.106036_833fbd27b6		CD4 + TFH	CD 4 TFH	4	4	1.0	0		
LLMarkers	llmarkers|hca|0146_10.1016_j.cell.2019.01.017_63c175b000	llmarkers|hca|0146_10.1016_j.cell.2019.01.017_63c175b000	hca:0146_10.1016_j.cell.2019.01.017_63c175b000		CAJAL-RETZIUS	CAJAL RETZIUS	3	3	1.0	0		
LLMarkers	llmarkers|hca|0146_10.1016_j.cell.2019.01.017_63c175b000	llmarkers|hca|0146_10.1016_j.cell.2019.01.017_63c175b000	hca:0146_10.1016_j.cell.2019.01.017_63c175b000		CGE-DERIVED PRIMARY INTERNEURON	CGE DERIVED PRIMARY INTERNEURON	3	0	0.0	0		
LLMarkers	llmarkers|hca|0146_10.1016_j.cell.2019.01.017_63c175b000	llmarkers|hca|0146_10.1016_j.cell.2019.01.017_63c175b000	hca:0146_10.1016_j.cell.2019.01.017_63c175b000		LGE- AND CGE-DERIVED	LGE AND CGE DERIVED	4	1	0.25	0		
LLMarkers	llmarkers|hca|0146_10.1016_j.cell.2019.01.017_63c175b000	llmarkers|hca|0146_10.1016_j.cell.2019.01.017_63c175b000	hca:0146_10.1016_j.cell.2019.01.017_63c175b000		MATURE RADIAL GLIA	MATURE RADIAL GLIA	3	3	1.0	0		
LLMarkers	llmarkers|hca|0146_10.1016_j.cell.2019.01.017_63c175b000	llmarkers|hca|0146_10.1016_j.cell.2019.01.017_63c175b000	hca:0146_10.1016_j.cell.2019.01.017_63c175b000		MGE-DERIVED	MGE DERIVED	3	0	0.0	0		
LLMarkers	llmarkers|hca|0146_10.1016_j.cell.2019.01.017_63c175b000	llmarkers|hca|0146_10.1016_j.cell.2019.01.017_63c175b000	hca:0146_10.1016_j.cell.2019.01.017_63c175b000		MGE-DERIVED INTERNEURON	MGE DERIVED INTERNEURON	3	0	0.0	0		
LLMarkers	llmarkers|hca|0146_10.1016_j.cell.2019.01.017_63c175b000	llmarkers|hca|0146_10.1016_j.cell.2019.01.017_63c175b000	hca:0146_10.1016_j.cell.2019.01.017_63c175b000		OUTER SUBVENTRICULAR ZONE RADIAL GLIA	OUTER SUBVENTRICULAR ZONE RADIAL GLIA	4	4	1.0	0		
LLMarkers	llmarkers|hca|0146_10.1016_j.cell.2019.01.017_63c175b000	llmarkers|hca|0146_10.1016_j.cell.2019.01.017_63c175b000	hca:0146_10.1016_j.cell.2019.01.017_63c175b000		RADIAL GLIA	RADIAL GLIA	4	4	1.0	1	0.0	0.0
LLMarkers	llmarkers|hca|0148_10.1113_jp287812_fd3137bc12	llmarkers|hca|0148_10.1113_jp287812_fd3137bc12	hca:0148_10.1113_jp287812_fd3137bc12		ABCA10 HI FIBROBLAST	ABCA 10 HI FIBROBLAST	4	4	1.0	0		
LLMarkers	llmarkers|hca|0148_10.1113_jp287812_fd3137bc12	llmarkers|hca|0148_10.1113_jp287812_fd3137bc12	hca:0148_10.1113_jp287812_fd3137bc12		ADAM12 HI FIBROBLAST	ADAM 12 HI FIBROBLAST	7	5	0.7142857142857143	0		
LLMarkers	llmarkers|hca|0148_10.1113_jp287812_fd3137bc12	llmarkers|hca|0148_10.1113_jp287812_fd3137bc12	hca:0148_10.1113_jp287812_fd3137bc12		ADIPOCYTE	ADIPOCYTE	3	3	1.0	4	0.6666666666666666	0.6666666666666666
LLMarkers	llmarkers|hca|0148_10.1113_jp287812_fd3137bc12	llmarkers|hca|0148_10.1113_jp287812_fd3137bc12	hca:0148_10.1113_jp287812_fd3137bc12		B CELL	B CELL	3	3	1.0	29	0.6666666666666666	0.6666666666666666
LLMarkers	llmarkers|hca|0148_10.1113_jp287812_fd3137bc12	llmarkers|hca|0148_10.1113_jp287812_fd3137bc12	hca:0148_10.1113_jp287812_fd3137bc12		CAPILLARY	CAPILLARY	3	3	1.0	1	0.0	0.0
LLMarkers	llmarkers|hca|0148_10.1113_jp287812_fd3137bc12	llmarkers|hca|0148_10.1113_jp287812_fd3137bc12	hca:0148_10.1113_jp287812_fd3137bc12		CLEC10A HI DC	CLEC 10 A HI DC	3	3	1.0	0		
LLMarkers	llmarkers|hca|0148_10.1113_jp287812_fd3137bc12	llmarkers|hca|0148_10.1113_jp287812_fd3137bc12	hca:0148_10.1113_jp287812_fd3137bc12		CLEC9A HI DC	CLEC 9 A HI DC	3	3	1.0	0		
LLMarkers	llmarkers|hca|0148_10.1113_jp287812_fd3137bc12	llmarkers|hca|0148_10.1113_jp287812_fd3137bc12	hca:0148_10.1113_jp287812_fd3137bc12		DENDRITIC CELL	DENDRITIC CELL	3	2	0.6666666666666666	6	0.0	0.0
LLMarkers	llmarkers|hca|0148_10.1113_jp287812_fd3137bc12	llmarkers|hca|0148_10.1113_jp287812_fd3137bc12	hca:0148_10.1113_jp287812_fd3137bc12		DIVIDING CELL	DIVIDING CELL	4	1	0.25	0		
LLMarkers	llmarkers|hca|0148_10.1113_jp287812_fd3137bc12	llmarkers|hca|0148_10.1113_jp287812_fd3137bc12	hca:0148_10.1113_jp287812_fd3137bc12		DIVIDING FIBROBLASTS/MURAL CELL	DIVIDING FIBROBLASTS MURAL CELL	3	0	0.0	0		
LLMarkers	llmarkers|hca|0148_10.1113_jp287812_fd3137bc12	llmarkers|hca|0148_10.1113_jp287812_fd3137bc12	hca:0148_10.1113_jp287812_fd3137bc12		DIVIDING IMMUNE CELL	DIVIDING IMMUNE CELL	3	0	0.0	0		
LLMarkers	llmarkers|hca|0148_10.1113_jp287812_fd3137bc12	llmarkers|hca|0148_10.1113_jp287812_fd3137bc12	hca:0148_10.1113_jp287812_fd3137bc12		DIVIDING MACROPHAGE	DIVIDING MACROPHAGE	3	0	0.0	0		
LLMarkers	llmarkers|hca|0148_10.1113_jp287812_fd3137bc12	llmarkers|hca|0148_10.1113_jp287812_fd3137bc12	hca:0148_10.1113_jp287812_fd3137bc12		FBLN1 HI FIBROBLAST	FBLN 1 HI FIBROBLAST	4	4	1.0	0		
LLMarkers	llmarkers|hca|0148_10.1113_jp287812_fd3137bc12	llmarkers|hca|0148_10.1113_jp287812_fd3137bc12	hca:0148_10.1113_jp287812_fd3137bc12		FIBROBLAST	FIBROBLAST	3	1	0.3333333333333333	28	1.0	1.0
LLMarkers	llmarkers|hca|0148_10.1113_jp287812_fd3137bc12	llmarkers|hca|0148_10.1113_jp287812_fd3137bc12	hca:0148_10.1113_jp287812_fd3137bc12		GRANULOCYTE	GRANULOCYTE	3	3	1.0	1	0.0	0.0
LLMarkers	llmarkers|hca|0148_10.1113_jp287812_fd3137bc12	llmarkers|hca|0148_10.1113_jp287812_fd3137bc12	hca:0148_10.1113_jp287812_fd3137bc12		LYMPHATIC ENDOTHELIAL CELL	LYMPHATIC ENDOTHELIAL CELL	3	3	1.0	3	0.3333333333333333	0.3333333333333333
LLMarkers	llmarkers|hca|0148_10.1113_jp287812_fd3137bc12	llmarkers|hca|0148_10.1113_jp287812_fd3137bc12	hca:0148_10.1113_jp287812_fd3137bc12		MACROPHAGE	MACROPHAGE	3	3	1.0	28	1.0	1.0
LLMarkers	llmarkers|hca|0148_10.1113_jp287812_fd3137bc12	llmarkers|hca|0148_10.1113_jp287812_fd3137bc12	hca:0148_10.1113_jp287812_fd3137bc12		MERTK HI LYVE1 LO	MERTK HI LYVE 1 LO	6	6	1.0	0		
LLMarkers	llmarkers|hca|0148_10.1113_jp287812_fd3137bc12	llmarkers|hca|0148_10.1113_jp287812_fd3137bc12	hca:0148_10.1113_jp287812_fd3137bc12		MURAL CELL	MURAL CELL	4	3	0.75	0		
LLMarkers	llmarkers|hca|0148_10.1113_jp287812_fd3137bc12	llmarkers|hca|0148_10.1113_jp287812_fd3137bc12	hca:0148_10.1113_jp287812_fd3137bc12		NATURAL KILLER (NK) CELL	NATURAL KILLER NK CELL	3	3	1.0	3	1.0	1.0
LLMarkers	llmarkers|hca|0148_10.1113_jp287812_fd3137bc12	llmarkers|hca|0148_10.1113_jp287812_fd3137bc12	hca:0148_10.1113_jp287812_fd3137bc12		NERVOUS SYSTEM CELL	NERVOUS SYSTEM CELL	3	3	1.0	0		
LLMarkers	llmarkers|hca|0148_10.1113_jp287812_fd3137bc12	llmarkers|hca|0148_10.1113_jp287812_fd3137bc12	hca:0148_10.1113_jp287812_fd3137bc12		NR4A1 HI FIBROBLAST	NR 4 A 1 HI FIBROBLAST	4	4	1.0	0		
LLMarkers	llmarkers|hca|0148_10.1113_jp287812_fd3137bc12	llmarkers|hca|0148_10.1113_jp287812_fd3137bc12	hca:0148_10.1113_jp287812_fd3137bc12		OSTEOBLAST	OSTEOBLAST	3	3	1.0	0		
LLMarkers	llmarkers|hca|0148_10.1113_jp287812_fd3137bc12	llmarkers|hca|0148_10.1113_jp287812_fd3137bc12	hca:0148_10.1113_jp287812_fd3137bc12		OSTEOCLAST	OSTEOCLAST	3	3	1.0	2	1.0	1.0
LLMarkers	llmarkers|hca|0148_10.1113_jp287812_fd3137bc12	llmarkers|hca|0148_10.1113_jp287812_fd3137bc12	hca:0148_10.1113_jp287812_fd3137bc12		PERICYTE	PERICYTE	3	3	1.0	13	0.3333333333333333	0.3333333333333333
LLMarkers	llmarkers|hca|0148_10.1113_jp287812_fd3137bc12	llmarkers|hca|0148_10.1113_jp287812_fd3137bc12	hca:0148_10.1113_jp287812_fd3137bc12		PLASMACYTOID DC	PLASMACYTOID DC	3	2	0.6666666666666666	1	0.0	0.0
LLMarkers	llmarkers|hca|0148_10.1113_jp287812_fd3137bc12	llmarkers|hca|0148_10.1113_jp287812_fd3137bc12	hca:0148_10.1113_jp287812_fd3137bc12		T CELL	T CELL	5	5	1.0	37	0.4	0.4
LLMarkers	llmarkers|hca|0148_10.1113_jp287812_fd3137bc12	llmarkers|hca|0148_10.1113_jp287812_fd3137bc12	hca:0148_10.1113_jp287812_fd3137bc12		VASCULAR ENDOTHELIAL CELL	VASCULAR ENDOTHELIAL CELL	3	0	0.0	1	0.3333333333333333	
LLMarkers	llmarkers|hca|0148_10.1113_jp287812_fd3137bc12	llmarkers|hca|0148_10.1113_jp287812_fd3137bc12	hca:0148_10.1113_jp287812_fd3137bc12		VASCULAR SMOOTH MUSCLE CELL	VASCULAR SMOOTH MUSCLE CELL	3	3	1.0	3	0.3333333333333333	0.3333333333333333
LLMarkers	llmarkers|hca|0148_10.1113_jp287812_fd3137bc12	llmarkers|hca|0148_10.1113_jp287812_fd3137bc12	hca:0148_10.1113_jp287812_fd3137bc12		VEC	VEC	3	1	0.3333333333333333	2	0.6666666666666666	0.0
LLMarkers	llmarkers|hca|0149_10.1038_s41368-023-00238-z_c77e60a0ab	llmarkers|hca|0149_10.1038_s41368-023-00238-z_c77e60a0ab	hca:0149_10.1038_s41368-023-00238-z_c77e60a0ab		B-LYMPHOCYTES	B LYMPHOCYTES	6	6	1.0	0		
LLMarkers	llmarkers|hca|0149_10.1038_s41368-023-00238-z_c77e60a0ab	llmarkers|hca|0149_10.1038_s41368-023-00238-z_c77e60a0ab	hca:0149_10.1038_s41368-023-00238-z_c77e60a0ab		ENDOTHELIAL CELLS	ENDOTHELIAL CELLS	3	3	1.0	3	0.3333333333333333	0.3333333333333333
LLMarkers	llmarkers|hca|0149_10.1038_s41368-023-00238-z_c77e60a0ab	llmarkers|hca|0149_10.1038_s41368-023-00238-z_c77e60a0ab	hca:0149_10.1038_s41368-023-00238-z_c77e60a0ab		FIBROBLAST	FIBROBLAST	3	3	1.0	28	0.3333333333333333	0.3333333333333333
LLMarkers	llmarkers|hca|0149_10.1038_s41368-023-00238-z_c77e60a0ab	llmarkers|hca|0149_10.1038_s41368-023-00238-z_c77e60a0ab	hca:0149_10.1038_s41368-023-00238-z_c77e60a0ab		FIBROBLAST CLUSTER	FIBROBLAST CLUSTER	4	4	1.0	0		
LLMarkers	llmarkers|hca|0149_10.1038_s41368-023-00238-z_c77e60a0ab	llmarkers|hca|0149_10.1038_s41368-023-00238-z_c77e60a0ab	hca:0149_10.1038_s41368-023-00238-z_c77e60a0ab		FIBROBLAST SUBCLUSTER	FIBROBLAST SUBCLUSTER	8	7	0.875	0		
LLMarkers	llmarkers|hca|0149_10.1038_s41368-023-00238-z_c77e60a0ab	llmarkers|hca|0149_10.1038_s41368-023-00238-z_c77e60a0ab	hca:0149_10.1038_s41368-023-00238-z_c77e60a0ab		MEMORY AND NAÏVE B-CELLS	MEMORY AND NAIVE B CELLS	3	3	1.0	0		
LLMarkers	llmarkers|hca|0149_10.1038_s41368-023-00238-z_c77e60a0ab	llmarkers|hca|0149_10.1038_s41368-023-00238-z_c77e60a0ab	hca:0149_10.1038_s41368-023-00238-z_c77e60a0ab		MONOCYTE CELL LINEAGE	MONOCYTE CELL LINEAGE	3	3	1.0	0		
LLMarkers	llmarkers|hca|0149_10.1038_s41368-023-00238-z_c77e60a0ab	llmarkers|hca|0149_10.1038_s41368-023-00238-z_c77e60a0ab	hca:0149_10.1038_s41368-023-00238-z_c77e60a0ab		MSC	MSC	3	1	0.3333333333333333	1	0.0	0.0
LLMarkers	llmarkers|hca|0149_10.1038_s41368-023-00238-z_c77e60a0ab	llmarkers|hca|0149_10.1038_s41368-023-00238-z_c77e60a0ab	hca:0149_10.1038_s41368-023-00238-z_c77e60a0ab		MSC SUBCLUSTER	MSC SUBCLUSTER	6	5	0.8333333333333334	0		
LLMarkers	llmarkers|hca|0149_10.1038_s41368-023-00238-z_c77e60a0ab	llmarkers|hca|0149_10.1038_s41368-023-00238-z_c77e60a0ab	hca:0149_10.1038_s41368-023-00238-z_c77e60a0ab		MYOFIBROBLASTS	MYOFIBROBLASTS	3	1	0.3333333333333333	4	0.3333333333333333	0.0
LLMarkers	llmarkers|hca|0149_10.1038_s41368-023-00238-z_c77e60a0ab	llmarkers|hca|0149_10.1038_s41368-023-00238-z_c77e60a0ab	hca:0149_10.1038_s41368-023-00238-z_c77e60a0ab		T-LYMPHOCYTES	T LYMPHOCYTES	4	4	1.0	0		
LLMarkers	llmarkers|hca|0151_10.1038_s41586-022-04718-w_1bf3167cbc	llmarkers|hca|0151_10.1038_s41586-022-04718-w_1bf3167cbc	hca:0151_10.1038_s41586-022-04718-w_1bf3167cbc		CD14+ CELL	CD 14 CELL	3	3	1.0	0		
LLMarkers	llmarkers|hca|0151_10.1038_s41586-022-04718-w_1bf3167cbc	llmarkers|hca|0151_10.1038_s41586-022-04718-w_1bf3167cbc	hca:0151_10.1038_s41586-022-04718-w_1bf3167cbc		CD4+ T REG	CD 4 T REG	3	1	0.3333333333333333	0		
LLMarkers	llmarkers|hca|0151_10.1038_s41586-022-04718-w_1bf3167cbc	llmarkers|hca|0151_10.1038_s41586-022-04718-w_1bf3167cbc	hca:0151_10.1038_s41586-022-04718-w_1bf3167cbc		CD8+ T CELL	CD 8 T CELL	3	2	0.6666666666666666	14	0.6666666666666666	0.5
LLMarkers	llmarkers|hca|0151_10.1038_s41586-022-04718-w_1bf3167cbc	llmarkers|hca|0151_10.1038_s41586-022-04718-w_1bf3167cbc	hca:0151_10.1038_s41586-022-04718-w_1bf3167cbc		IL1R1+	IL 1 R 1	4	2	0.5	0		
LLMarkers	llmarkers|hca|0151_10.1038_s41586-022-04718-w_1bf3167cbc	llmarkers|hca|0151_10.1038_s41586-022-04718-w_1bf3167cbc	hca:0151_10.1038_s41586-022-04718-w_1bf3167cbc		IL1R1+ T REG CELL	IL 1 R 1 T REG CELL	4	2	0.5	0		
LLMarkers	llmarkers|hca|0151_10.1038_s41586-022-04718-w_1bf3167cbc	llmarkers|hca|0151_10.1038_s41586-022-04718-w_1bf3167cbc	hca:0151_10.1038_s41586-022-04718-w_1bf3167cbc		MREGDCS	MREGDCS	5	5	1.0	1	0.4	0.4
LLMarkers	llmarkers|hca|0151_10.1038_s41586-022-04718-w_1bf3167cbc	llmarkers|hca|0151_10.1038_s41586-022-04718-w_1bf3167cbc	hca:0151_10.1038_s41586-022-04718-w_1bf3167cbc		T REG CELL	T REG CELL	3	2	0.6666666666666666	0		
LLMarkers	llmarkers|hca|0152_10.15252_embr.201847483_d14f9b2105	llmarkers|hca|0152_10.15252_embr.201847483_d14f9b2105	hca:0152_10.15252_embr.201847483_d14f9b2105		HUMAN NEPHRON PROGENITORS	HUMAN NEPHRON PROGENITORS	3	3	1.0	0		
LLMarkers	llmarkers|hca|0152_10.15252_embr.201847483_d14f9b2105	llmarkers|hca|0152_10.15252_embr.201847483_d14f9b2105	hca:0152_10.15252_embr.201847483_d14f9b2105		STROMAL	STROMAL	4	4	1.0	3	0.25	0.25
LLMarkers	llmarkers|hca|0153_10.1038_s41556-020-00607-4_a7b29ac44b	llmarkers|hca|0153_10.1038_s41556-020-00607-4_a7b29ac44b	hca:0153_10.1038_s41556-020-00607-4_a7b29ac44b		HPGC	HPGC	10	9	0.9	0		
LLMarkers	llmarkers|hca|0153_10.1038_s41556-020-00607-4_a7b29ac44b	llmarkers|hca|0153_10.1038_s41556-020-00607-4_a7b29ac44b	hca:0153_10.1038_s41556-020-00607-4_a7b29ac44b		MEIOTIC GERM CELL	MEIOTIC GERM CELL	5	4	0.8	0		
LLMarkers	llmarkers|hca|0155_10.1038_s41467-022-29588-8_ec4c5a4a22	llmarkers|hca|0155_10.1038_s41467-022-29588-8_ec4c5a4a22	hca:0155_10.1038_s41467-022-29588-8_ec4c5a4a22		Α-CELL	CELL	14	12	0.8571428571428571	14	0.6428571428571429	0.5833333333333334
LLMarkers	llmarkers|hca|0155_10.1038_s41467-022-29588-8_ec4c5a4a22	llmarkers|hca|0155_10.1038_s41467-022-29588-8_ec4c5a4a22	hca:0155_10.1038_s41467-022-29588-8_ec4c5a4a22		Β-CELL	CELL	14	14	1.0	14	0.6428571428571429	0.6428571428571429
LLMarkers	llmarkers|hca|0155_10.1038_s41467-022-29588-8_ec4c5a4a22	llmarkers|hca|0155_10.1038_s41467-022-29588-8_ec4c5a4a22	hca:0155_10.1038_s41467-022-29588-8_ec4c5a4a22		Γ-CELL	CELL	9	6	0.6666666666666666	14	0.4444444444444444	0.3333333333333333
LLMarkers	llmarkers|hca|0155_10.1038_s41467-022-29588-8_ec4c5a4a22	llmarkers|hca|0155_10.1038_s41467-022-29588-8_ec4c5a4a22	hca:0155_10.1038_s41467-022-29588-8_ec4c5a4a22		Δ-CELL	CELL	11	10	0.9090909090909091	14	0.36363636363636365	0.4
LLMarkers	llmarkers|hca|0155_10.1038_s41467-022-29588-8_ec4c5a4a22	llmarkers|hca|0155_10.1038_s41467-022-29588-8_ec4c5a4a22	hca:0155_10.1038_s41467-022-29588-8_ec4c5a4a22		Ε-CELL	CELL	8	6	0.75	14	0.125	0.0
LLMarkers	llmarkers|hca|0157_10.1126_science.abg0928_3795ca9b86	llmarkers|hca|0157_10.1126_science.abg0928_3795ca9b86	hca:0157_10.1126_science.abg0928_3795ca9b86		CD4+ T CELL	CD 4 T CELL	5	5	1.0	16	0.0	0.0
LLMarkers	llmarkers|hca|0158_10.2337_db21-0830_d021248f76	llmarkers|hca|0158_10.2337_db21-0830_d021248f76	hca:0158_10.2337_db21-0830_d021248f76		ENDOTHELIAL CELL	ENDOTHELIAL CELL	3	3	1.0	27	1.0	1.0
LLMarkers	llmarkers|hca|0158_10.2337_db21-0830_d021248f76	llmarkers|hca|0158_10.2337_db21-0830_d021248f76	hca:0158_10.2337_db21-0830_d021248f76		FIBRO 1	FIBRO 1	3	3	1.0	0		
LLMarkers	llmarkers|hca|0158_10.2337_db21-0830_d021248f76	llmarkers|hca|0158_10.2337_db21-0830_d021248f76	hca:0158_10.2337_db21-0830_d021248f76		KERA A	KERA A	3	3	1.0	0		
LLMarkers	llmarkers|hca|0158_10.2337_db21-0830_d021248f76	llmarkers|hca|0158_10.2337_db21-0830_d021248f76	hca:0158_10.2337_db21-0830_d021248f76		KERA B	KERA B	3	3	1.0	0		
LLMarkers	llmarkers|hca|0158_10.2337_db21-0830_d021248f76	llmarkers|hca|0158_10.2337_db21-0830_d021248f76	hca:0158_10.2337_db21-0830_d021248f76		LYMPHATIC ENDOTHELIAL CELL	LYMPHATIC ENDOTHELIAL CELL	3	3	1.0	3	0.3333333333333333	0.3333333333333333
LLMarkers	llmarkers|hca|0158_10.2337_db21-0830_d021248f76	llmarkers|hca|0158_10.2337_db21-0830_d021248f76	hca:0158_10.2337_db21-0830_d021248f76		MAST CELL	MAST CELL	3	3	1.0	14	1.0	1.0
LLMarkers	llmarkers|hca|0158_10.2337_db21-0830_d021248f76	llmarkers|hca|0158_10.2337_db21-0830_d021248f76	hca:0158_10.2337_db21-0830_d021248f76		MELANOCYTE	MELANOCYTE	3	3	1.0	6	1.0	1.0
LLMarkers	llmarkers|hca|0158_10.2337_db21-0830_d021248f76	llmarkers|hca|0158_10.2337_db21-0830_d021248f76	hca:0158_10.2337_db21-0830_d021248f76		MYELOID CELL	MYELOID CELL	3	3	1.0	9	0.6666666666666666	0.6666666666666666
LLMarkers	llmarkers|hca|0158_10.2337_db21-0830_d021248f76	llmarkers|hca|0158_10.2337_db21-0830_d021248f76	hca:0158_10.2337_db21-0830_d021248f76		NATURAL KILLER (NK) CELL	NATURAL KILLER NK CELL	3	3	1.0	3	0.6666666666666666	0.6666666666666666
LLMarkers	llmarkers|hca|0158_10.2337_db21-0830_d021248f76	llmarkers|hca|0158_10.2337_db21-0830_d021248f76	hca:0158_10.2337_db21-0830_d021248f76		SMCS	SMCS	4	3	0.75	3	0.5	0.3333333333333333
LLMarkers	llmarkers|hca|0158_10.2337_db21-0830_d021248f76	llmarkers|hca|0158_10.2337_db21-0830_d021248f76	hca:0158_10.2337_db21-0830_d021248f76		SMOOTH MUSCLE CELL	SMOOTH MUSCLE CELL	3	2	0.6666666666666666	8	0.6666666666666666	0.5
LLMarkers	llmarkers|hca|0158_10.2337_db21-0830_d021248f76	llmarkers|hca|0158_10.2337_db21-0830_d021248f76	hca:0158_10.2337_db21-0830_d021248f76		T CELL	T CELL	3	3	1.0	37	0.6666666666666666	0.6666666666666666
LLMarkers	llmarkers|hca|0159_10.1172_jci157279_71a5ff671c	llmarkers|hca|0159_10.1172_jci157279_71a5ff671c	hca:0159_10.1172_jci157279_71a5ff671c		KERA2	KERA 2	5	5	1.0	0		
LLMarkers	llmarkers|hca|0160_10.1016_j.stem.2017.09.003_8fb14888a8	llmarkers|hca|0160_10.1016_j.stem.2017.09.003_8fb14888a8	hca:0160_10.1016_j.stem.2017.09.003_8fb14888a8		C-KIT +	C KIT	4	4	1.0	0		
LLMarkers	llmarkers|hca|0160_10.1016_j.stem.2017.09.003_8fb14888a8	llmarkers|hca|0160_10.1016_j.stem.2017.09.003_8fb14888a8	hca:0160_10.1016_j.stem.2017.09.003_8fb14888a8		C-KIT + SPERMATOGONIA	C KIT SPERMATOGONIA	12	8	0.6666666666666666	0		
LLMarkers	llmarkers|hca|0160_10.1016_j.stem.2017.09.003_8fb14888a8	llmarkers|hca|0160_10.1016_j.stem.2017.09.003_8fb14888a8	hca:0160_10.1016_j.stem.2017.09.003_8fb14888a8		FGFR3 + /SSEA4 +	FGFR 3 SSEA 4	6	5	0.8333333333333334	0		
LLMarkers	llmarkers|hca|0160_10.1016_j.stem.2017.09.003_8fb14888a8	llmarkers|hca|0160_10.1016_j.stem.2017.09.003_8fb14888a8	hca:0160_10.1016_j.stem.2017.09.003_8fb14888a8		SPERMATOGONIA	SPERMATOGONIA	6	2	0.3333333333333333	1	0.0	0.0
LLMarkers	llmarkers|hca|0160_10.1016_j.stem.2017.09.003_8fb14888a8	llmarkers|hca|0160_10.1016_j.stem.2017.09.003_8fb14888a8	hca:0160_10.1016_j.stem.2017.09.003_8fb14888a8		SSEA4 +	SSEA 4	4	3	0.75	0		
LLMarkers	llmarkers|hca|0160_10.1016_j.stem.2017.09.003_8fb14888a8	llmarkers|hca|0160_10.1016_j.stem.2017.09.003_8fb14888a8	hca:0160_10.1016_j.stem.2017.09.003_8fb14888a8		SSEA4 + HSSC	SSEA 4 HSSC	19	17	0.8947368421052632	0		
LLMarkers	llmarkers|hca|0161_10.1681_asn.2020030326_bf5d42b566	llmarkers|hca|0161_10.1681_asn.2020030326_bf5d42b566	hca:0161_10.1681_asn.2020030326_bf5d42b566		DONOR MACROPHAGE	DONOR MACROPHAGE	6	6	1.0	0		
LLMarkers	llmarkers|hca|0161_10.1681_asn.2020030326_bf5d42b566	llmarkers|hca|0161_10.1681_asn.2020030326_bf5d42b566	hca:0161_10.1681_asn.2020030326_bf5d42b566		DONOR-ORIGIN T CELL	DONOR ORIGIN T CELL	6	6	1.0	0		
LLMarkers	llmarkers|hca|0161_10.1681_asn.2020030326_bf5d42b566	llmarkers|hca|0161_10.1681_asn.2020030326_bf5d42b566	hca:0161_10.1681_asn.2020030326_bf5d42b566		RECIPIENT MACROPHAGE	RECIPIENT MACROPHAGE	4	4	1.0	0		
LLMarkers	llmarkers|hca|0161_10.1681_asn.2020030326_bf5d42b566	llmarkers|hca|0161_10.1681_asn.2020030326_bf5d42b566	hca:0161_10.1681_asn.2020030326_bf5d42b566		RECIPIENT T CELL	RECIPIENT T CELL	4	1	0.25	0		
LLMarkers	llmarkers|hca|0161_10.1681_asn.2020030326_bf5d42b566	llmarkers|hca|0161_10.1681_asn.2020030326_bf5d42b566	hca:0161_10.1681_asn.2020030326_bf5d42b566		SUBCLUSTER 2	SUBCLUSTER 2	3	0	0.0	0		
LLMarkers	llmarkers|hca|0162_10.1016_j.kint.2021.11.031_93f85a569c	llmarkers|hca|0162_10.1016_j.kint.2021.11.031_93f85a569c	hca:0162_10.1016_j.kint.2021.11.031_93f85a569c		GECS	GECS	3	3	1.0	0		
LLMarkers	llmarkers|hca|0162_10.1016_j.kint.2021.11.031_93f85a569c	llmarkers|hca|0162_10.1016_j.kint.2021.11.031_93f85a569c	hca:0162_10.1016_j.kint.2021.11.031_93f85a569c		POD	POD	3	0	0.0	0		
LLMarkers	llmarkers|hca|0162_10.1016_j.kint.2021.11.031_93f85a569c	llmarkers|hca|0162_10.1016_j.kint.2021.11.031_93f85a569c	hca:0162_10.1016_j.kint.2021.11.031_93f85a569c		PODOCYTES	PODOCYTES	6	3	0.5	0		
LLMarkers	llmarkers|hca|0163_10.1126_sciimmunol.abb4432_91494cf647	llmarkers|hca|0163_10.1126_sciimmunol.abb4432_91494cf647	hca:0163_10.1126_sciimmunol.abb4432_91494cf647		CD8 + T RM	CD 8 T RM	5	5	1.0	0		
LLMarkers	llmarkers|hca|0163_10.1126_sciimmunol.abb4432_91494cf647	llmarkers|hca|0163_10.1126_sciimmunol.abb4432_91494cf647	hca:0163_10.1126_sciimmunol.abb4432_91494cf647		NAÏVE/MEMORY	NAIVE MEMORY	4	4	1.0	0		
LLMarkers	llmarkers|hca|0163_10.1126_sciimmunol.abb4432_91494cf647	llmarkers|hca|0163_10.1126_sciimmunol.abb4432_91494cf647	hca:0163_10.1126_sciimmunol.abb4432_91494cf647		T FOLLICULAR HELPER (T FH) CELL	T FOLLICULAR HELPER T FH CELL	4	4	1.0	0		
LLMarkers	llmarkers|hca|0163_10.1126_sciimmunol.abb4432_91494cf647	llmarkers|hca|0163_10.1126_sciimmunol.abb4432_91494cf647	hca:0163_10.1126_sciimmunol.abb4432_91494cf647		T REG	T REG	5	4	0.8	2	0.0	0.0
LLMarkers	llmarkers|hca|0163_10.1126_sciimmunol.abb4432_91494cf647	llmarkers|hca|0163_10.1126_sciimmunol.abb4432_91494cf647	hca:0163_10.1126_sciimmunol.abb4432_91494cf647		T10	T 10	3	2	0.6666666666666666	0		
LLMarkers	llmarkers|hca|0163_10.1126_sciimmunol.abb4432_91494cf647	llmarkers|hca|0163_10.1126_sciimmunol.abb4432_91494cf647	hca:0163_10.1126_sciimmunol.abb4432_91494cf647		T16	T 16	3	3	1.0	0		
LLMarkers	llmarkers|hca|0164_10.1177_00220345221147908_13bf485ac8	llmarkers|hca|0164_10.1177_00220345221147908_13bf485ac8	hca:0164_10.1177_00220345221147908_13bf485ac8		ACINAR CELL	ACINAR CELL	5	3	0.6	6	0.0	0.0
LLMarkers	llmarkers|hca|0164_10.1177_00220345221147908_13bf485ac8	llmarkers|hca|0164_10.1177_00220345221147908_13bf485ac8	hca:0164_10.1177_00220345221147908_13bf485ac8		ASCL3+ CELL	ASCL 3 CELL	5	5	1.0	0		
LLMarkers	llmarkers|hca|0164_10.1177_00220345221147908_13bf485ac8	llmarkers|hca|0164_10.1177_00220345221147908_13bf485ac8	hca:0164_10.1177_00220345221147908_13bf485ac8		B CELL	B CELL	4	4	1.0	29	1.0	1.0
LLMarkers	llmarkers|hca|0164_10.1177_00220345221147908_13bf485ac8	llmarkers|hca|0164_10.1177_00220345221147908_13bf485ac8	hca:0164_10.1177_00220345221147908_13bf485ac8		BASAL	BASAL	3	2	0.6666666666666666	6	1.0	1.0
LLMarkers	llmarkers|hca|0164_10.1177_00220345221147908_13bf485ac8	llmarkers|hca|0164_10.1177_00220345221147908_13bf485ac8	hca:0164_10.1177_00220345221147908_13bf485ac8		DUCTAL CELL	DUCTAL CELL	4	4	1.0	4	0.25	0.25
LLMarkers	llmarkers|hca|0164_10.1177_00220345221147908_13bf485ac8	llmarkers|hca|0164_10.1177_00220345221147908_13bf485ac8	hca:0164_10.1177_00220345221147908_13bf485ac8		MONOCYTE	MONOCYTE	3	3	1.0	23	0.3333333333333333	0.3333333333333333
LLMarkers	llmarkers|hca|0164_10.1177_00220345221147908_13bf485ac8	llmarkers|hca|0164_10.1177_00220345221147908_13bf485ac8	hca:0164_10.1177_00220345221147908_13bf485ac8		MUCOUS ACINAR CELL	MUCOUS ACINAR CELL	12	10	0.8333333333333334	0		
LLMarkers	llmarkers|hca|0164_10.1177_00220345221147908_13bf485ac8	llmarkers|hca|0164_10.1177_00220345221147908_13bf485ac8	hca:0164_10.1177_00220345221147908_13bf485ac8		MYOEPITHELIAL CELL	MYOEPITHELIAL CELL	3	2	0.6666666666666666	1	1.0	1.0
LLMarkers	llmarkers|hca|0164_10.1177_00220345221147908_13bf485ac8	llmarkers|hca|0164_10.1177_00220345221147908_13bf485ac8	hca:0164_10.1177_00220345221147908_13bf485ac8		T CELL	T CELL	3	3	1.0	37	1.0	1.0
LLMarkers	llmarkers|hca|0165_10.1111_cpr.13557_b323e8d65a	llmarkers|hca|0165_10.1111_cpr.13557_b323e8d65a	hca:0165_10.1111_cpr.13557_b323e8d65a		CARDIOMYOCYTE	CARDIOMYOCYTE	3	0	0.0	8	0.0	
LLMarkers	llmarkers|hca|0165_10.1111_cpr.13557_b323e8d65a	llmarkers|hca|0165_10.1111_cpr.13557_b323e8d65a	hca:0165_10.1111_cpr.13557_b323e8d65a		CLUSTER 1	CLUSTER 1	4	4	1.0	13	0.0	0.0
LLMarkers	llmarkers|hca|0165_10.1111_cpr.13557_b323e8d65a	llmarkers|hca|0165_10.1111_cpr.13557_b323e8d65a	hca:0165_10.1111_cpr.13557_b323e8d65a		CLUSTER 4	CLUSTER 4	8	8	1.0	10	0.0	0.0
LLMarkers	llmarkers|hca|0165_10.1111_cpr.13557_b323e8d65a	llmarkers|hca|0165_10.1111_cpr.13557_b323e8d65a	hca:0165_10.1111_cpr.13557_b323e8d65a		CLUSTER 5	CLUSTER 5	4	4	1.0	8	0.0	0.0
LLMarkers	llmarkers|hca|0165_10.1111_cpr.13557_b323e8d65a	llmarkers|hca|0165_10.1111_cpr.13557_b323e8d65a	hca:0165_10.1111_cpr.13557_b323e8d65a		HCM CARDIOMYOCYTE	HCM CARDIOMYOCYTE	22	19	0.8636363636363636	0		
LLMarkers	llmarkers|hca|0167_10.1073_pnas.1520760112_985a5e340f	llmarkers|hca|0167_10.1073_pnas.1520760112_985a5e340f	hca:0167_10.1073_pnas.1520760112_985a5e340f		AP1	AP 1	7	1	0.14285714285714285	0		
LLMarkers	llmarkers|hca|0167_10.1073_pnas.1520760112_985a5e340f	llmarkers|hca|0167_10.1073_pnas.1520760112_985a5e340f	hca:0167_10.1073_pnas.1520760112_985a5e340f		AP2	AP 2	6	0	0.0	0		
LLMarkers	llmarkers|hca|0167_10.1073_pnas.1520760112_985a5e340f	llmarkers|hca|0167_10.1073_pnas.1520760112_985a5e340f	hca:0167_10.1073_pnas.1520760112_985a5e340f		BP1	BP 1	7	5	0.7142857142857143	0		
LLMarkers	llmarkers|hca|0167_10.1073_pnas.1520760112_985a5e340f	llmarkers|hca|0167_10.1073_pnas.1520760112_985a5e340f	hca:0167_10.1073_pnas.1520760112_985a5e340f		C1	C 1	5	0	0.0	5	0.0	
LLMarkers	llmarkers|hca|0167_10.1073_pnas.1520760112_985a5e340f	llmarkers|hca|0167_10.1073_pnas.1520760112_985a5e340f	hca:0167_10.1073_pnas.1520760112_985a5e340f		C10	C 10	4	0	0.0	0		
LLMarkers	llmarkers|hca|0167_10.1073_pnas.1520760112_985a5e340f	llmarkers|hca|0167_10.1073_pnas.1520760112_985a5e340f	hca:0167_10.1073_pnas.1520760112_985a5e340f		C11	C 11	4	0	0.0	1	0.0	
LLMarkers	llmarkers|hca|0167_10.1073_pnas.1520760112_985a5e340f	llmarkers|hca|0167_10.1073_pnas.1520760112_985a5e340f	hca:0167_10.1073_pnas.1520760112_985a5e340f		C2	C 2	5	0	0.0	3	0.0	
LLMarkers	llmarkers|hca|0167_10.1073_pnas.1520760112_985a5e340f	llmarkers|hca|0167_10.1073_pnas.1520760112_985a5e340f	hca:0167_10.1073_pnas.1520760112_985a5e340f		C3	C 3	3	0	0.0	3	0.0	
LLMarkers	llmarkers|hca|0167_10.1073_pnas.1520760112_985a5e340f	llmarkers|hca|0167_10.1073_pnas.1520760112_985a5e340f	hca:0167_10.1073_pnas.1520760112_985a5e340f		C4	C 4	9	1	0.1111111111111111	2	0.0	0.0
LLMarkers	llmarkers|hca|0167_10.1073_pnas.1520760112_985a5e340f	llmarkers|hca|0167_10.1073_pnas.1520760112_985a5e340f	hca:0167_10.1073_pnas.1520760112_985a5e340f		C5	C 5	3	0	0.0	2	0.0	
LLMarkers	llmarkers|hca|0167_10.1073_pnas.1520760112_985a5e340f	llmarkers|hca|0167_10.1073_pnas.1520760112_985a5e340f	hca:0167_10.1073_pnas.1520760112_985a5e340f		C6	C 6	3	0	0.0	3	0.0	
LLMarkers	llmarkers|hca|0167_10.1073_pnas.1520760112_985a5e340f	llmarkers|hca|0167_10.1073_pnas.1520760112_985a5e340f	hca:0167_10.1073_pnas.1520760112_985a5e340f		C7	C 7	13	8	0.6153846153846154	1	0.0	0.0
LLMarkers	llmarkers|hca|0167_10.1073_pnas.1520760112_985a5e340f	llmarkers|hca|0167_10.1073_pnas.1520760112_985a5e340f	hca:0167_10.1073_pnas.1520760112_985a5e340f		N1	N 1	3	1	0.3333333333333333	0		
LLMarkers	llmarkers|hca|0168_10.1038_s41586-022-04552-0_f98a6428c8	llmarkers|hca|0168_10.1038_s41586-022-04552-0_f98a6428c8	hca:0168_10.1038_s41586-022-04552-0_f98a6428c8		IRAS CELL	IRAS CELL	3	0	0.0	0		
LLMarkers	llmarkers|hca|0168_10.1038_s41586-022-04552-0_f98a6428c8	llmarkers|hca|0168_10.1038_s41586-022-04552-0_f98a6428c8	hca:0168_10.1038_s41586-022-04552-0_f98a6428c8		RAS CELL	RAS CELL	3	1	0.3333333333333333	0		
LLMarkers	llmarkers|hca|0168_10.1038_s41586-022-04552-0_f98a6428c8	llmarkers|hca|0168_10.1038_s41586-022-04552-0_f98a6428c8	hca:0168_10.1038_s41586-022-04552-0_f98a6428c8		SCGB3A2+ AT2 CELL	SCGB 3 A 2 AT 2 CELL	3	2	0.6666666666666666	0		
LLMarkers	llmarkers|hca|0169_10.1038_s41586-022-04541-3_a47d9e6ca0	llmarkers|hca|0169_10.1038_s41586-022-04541-3_a47d9e6ca0	hca:0169_10.1038_s41586-022-04541-3_a47d9e6ca0		MESENCHYMAL	MESENCHYMAL	3	3	1.0	6	0.6666666666666666	0.6666666666666666
LLMarkers	llmarkers|hca|0170_10.1038_s41556-021-00740-8_a1434832b6	llmarkers|hca|0170_10.1038_s41556-021-00740-8_a1434832b6	hca:0170_10.1038_s41556-021-00740-8_a1434832b6		ADT	ADT	3	3	1.0	0		
LLMarkers	llmarkers|hca|0170_10.1038_s41556-021-00740-8_a1434832b6	llmarkers|hca|0170_10.1038_s41556-021-00740-8_a1434832b6	hca:0170_10.1038_s41556-021-00740-8_a1434832b6		FET	FET	4	0	0.0	0		
LLMarkers	llmarkers|hca|0170_10.1038_s41556-021-00740-8_a1434832b6	llmarkers|hca|0170_10.1038_s41556-021-00740-8_a1434832b6	hca:0170_10.1038_s41556-021-00740-8_a1434832b6		MELANOCYTE	MELANOCYTE	20	20	1.0	6	0.25	0.25
LLMarkers	llmarkers|hca|0170_10.1038_s41556-021-00740-8_a1434832b6	llmarkers|hca|0170_10.1038_s41556-021-00740-8_a1434832b6	hca:0170_10.1038_s41556-021-00740-8_a1434832b6		MSC	MSC	5	1	0.2	1	0.0	0.0
LLMarkers	llmarkers|hca|0170_10.1038_s41556-021-00740-8_a1434832b6	llmarkers|hca|0170_10.1038_s41556-021-00740-8_a1434832b6	hca:0170_10.1038_s41556-021-00740-8_a1434832b6		V-MEL	V MEL	3	3	1.0	0		
LLMarkers	llmarkers|hca|0171_10.1016_j.cell.2021.05.013_6d846f218b	llmarkers|hca|0171_10.1016_j.cell.2021.05.013_6d846f218b	hca:0171_10.1016_j.cell.2021.05.013_6d846f218b		NEUTROPHILS	NEUTROPHILS	4	4	1.0	2	0.0	0.0
LLMarkers	llmarkers|hca|0172_10.1093_hmg_ddab140_444d3c140d	llmarkers|hca|0172_10.1093_hmg_ddab140_444d3c140d	hca:0172_10.1093_hmg_ddab140_444d3c140d		MÜLLER CELL	MULLER CELL	4	4	1.0	1	0.25	0.25
LLMarkers	llmarkers|hca|0172_10.1093_hmg_ddab140_444d3c140d	llmarkers|hca|0172_10.1093_hmg_ddab140_444d3c140d	hca:0172_10.1093_hmg_ddab140_444d3c140d		MÜLLER CELLS	MULLER CELLS	5	5	1.0	0		
LLMarkers	llmarkers|hca|0174_10.1038_s41588-024-02048-3_7311b9bde5	llmarkers|hca|0174_10.1038_s41588-024-02048-3_7311b9bde5	hca:0174_10.1038_s41588-024-02048-3_7311b9bde5		ADIPOCYTE	ADIPOCYTE	4	4	1.0	4	0.75	0.75
LLMarkers	llmarkers|hca|0175_10.1038_s41587-020-00796-1_81545d4d48	llmarkers|hca|0175_10.1038_s41587-020-00796-1_81545d4d48	hca:0175_10.1038_s41587-020-00796-1_81545d4d48		NEU	NEU	4	3	0.75	0		
LLMarkers	llmarkers|hca|0175_10.1038_s41587-020-00796-1_81545d4d48	llmarkers|hca|0175_10.1038_s41587-020-00796-1_81545d4d48	hca:0175_10.1038_s41587-020-00796-1_81545d4d48		NRMA	NRMA	6	5	0.8333333333333334	1	0.16666666666666666	0.2
LLMarkers	llmarkers|hca|0175_10.1038_s41587-020-00796-1_81545d4d48	llmarkers|hca|0175_10.1038_s41587-020-00796-1_81545d4d48	hca:0175_10.1038_s41587-020-00796-1_81545d4d48		SECRETORY	SECRETORY	4	4	1.0	1	0.0	0.0
LLMarkers	llmarkers|hca|0176_10.1126_science.aav2501_7c9d3a1bd2	llmarkers|hca|0176_10.1126_science.aav2501_7c9d3a1bd2	hca:0176_10.1126_science.aav2501_7c9d3a1bd2		GROUP 2	GROUP 2	3	3	1.0	1	0.0	0.0
LLMarkers	llmarkers|hca|0179_10.1038_s41593-021-00906-5_f703d212e4	llmarkers|hca|0179_10.1038_s41593-021-00906-5_f703d212e4	hca:0179_10.1038_s41593-021-00906-5_f703d212e4		INHIBITORY INTERNEURON	INHIBITORY INTERNEURON	3	3	1.0	0		
LLMarkers	llmarkers|hca|0180_10.1016_j.immuni.2019.11.014_dd3bbb9bc1	llmarkers|hca|0180_10.1016_j.immuni.2019.11.014_dd3bbb9bc1	hca:0180_10.1016_j.immuni.2019.11.014_dd3bbb9bc1		CD4+ TREG	CD 4 TREG	7	7	1.0	2	0.2857142857142857	0.2857142857142857
LLMarkers	llmarkers|hca|0180_10.1016_j.immuni.2019.11.014_dd3bbb9bc1	llmarkers|hca|0180_10.1016_j.immuni.2019.11.014_dd3bbb9bc1	hca:0180_10.1016_j.immuni.2019.11.014_dd3bbb9bc1		CD8+ T CELL	CD 8 T CELL	4	4	1.0	14	0.5	0.5
LLMarkers	llmarkers|hca|0180_10.1016_j.immuni.2019.11.014_dd3bbb9bc1	llmarkers|hca|0180_10.1016_j.immuni.2019.11.014_dd3bbb9bc1	hca:0180_10.1016_j.immuni.2019.11.014_dd3bbb9bc1		MYELOID CELL	MYELOID CELL	3	3	1.0	9	0.6666666666666666	0.6666666666666666
LLMarkers	llmarkers|hca|0182_10.1126_sciimmunol.abk1741_33c534a538	llmarkers|hca|0182_10.1126_sciimmunol.abk1741_33c534a538	hca:0182_10.1126_sciimmunol.abk1741_33c534a538		CLUSTER 2	CLUSTER 2	3	3	1.0	18	0.6666666666666666	0.6666666666666666
LLMarkers	llmarkers|hca|0182_10.1126_sciimmunol.abk1741_33c534a538	llmarkers|hca|0182_10.1126_sciimmunol.abk1741_33c534a538	hca:0182_10.1126_sciimmunol.abk1741_33c534a538		CLUSTER 2 CD4+ T CELL	CLUSTER 2 CD 4 T CELL	3	3	1.0	1	0.0	0.0
LLMarkers	llmarkers|hca|0183_10.1126_sciimmunol.abd1554_52a79b9d12	llmarkers|hca|0183_10.1126_sciimmunol.abd1554_52a79b9d12	hca:0183_10.1126_sciimmunol.abd1554_52a79b9d12		RBC	RBC	3	3	1.0	1	0.0	0.0
LLMarkers	llmarkers|hca|0184_10.1016_j.cell.2021.07.023_f621bea088	llmarkers|hca|0184_10.1016_j.cell.2021.07.023_f621bea088	hca:0184_10.1016_j.cell.2021.07.023_f621bea088		B CELL	B CELL	3	3	1.0	29	1.0	1.0
LLMarkers	llmarkers|hca|0184_10.1016_j.cell.2021.07.023_f621bea088	llmarkers|hca|0184_10.1016_j.cell.2021.07.023_f621bea088	hca:0184_10.1016_j.cell.2021.07.023_f621bea088		BPIFA1 HIGH CHEMOKINE HIGH SECRETORY CELL	BPIFA 1 HIGH CHEMOKINE HIGH SECRETORY CELL	4	2	0.5	0		
LLMarkers	llmarkers|hca|0184_10.1016_j.cell.2021.07.023_f621bea088	llmarkers|hca|0184_10.1016_j.cell.2021.07.023_f621bea088	hca:0184_10.1016_j.cell.2021.07.023_f621bea088		CILIATED CELL	CILIATED CELL	4	3	0.75	0		
LLMarkers	llmarkers|hca|0184_10.1016_j.cell.2021.07.023_f621bea088	llmarkers|hca|0184_10.1016_j.cell.2021.07.023_f621bea088	hca:0184_10.1016_j.cell.2021.07.023_f621bea088		EARLY RESPONSE FOXJ1 HIGH CILIATED CELL	EARLY RESPONSE FOXJ 1 HIGH CILIATED CELL	4	0	0.0	0		
LLMarkers	llmarkers|hca|0184_10.1016_j.cell.2021.07.023_f621bea088	llmarkers|hca|0184_10.1016_j.cell.2021.07.023_f621bea088	hca:0184_10.1016_j.cell.2021.07.023_f621bea088		EARLY RESPONSE SECRETORY CELL	EARLY RESPONSE SECRETORY CELL	4	1	0.25	0		
LLMarkers	llmarkers|hca|0184_10.1016_j.cell.2021.07.023_f621bea088	llmarkers|hca|0184_10.1016_j.cell.2021.07.023_f621bea088	hca:0184_10.1016_j.cell.2021.07.023_f621bea088		GOBLET CELL	GOBLET CELL	3	2	0.6666666666666666	7	0.0	0.0
LLMarkers	llmarkers|hca|0184_10.1016_j.cell.2021.07.023_f621bea088	llmarkers|hca|0184_10.1016_j.cell.2021.07.023_f621bea088	hca:0184_10.1016_j.cell.2021.07.023_f621bea088		INFLAMMATORY MACROPHAGE	INFLAMMATORY MACROPHAGE	5	3	0.6	2	0.2	0.3333333333333333
LLMarkers	llmarkers|hca|0184_10.1016_j.cell.2021.07.023_f621bea088	llmarkers|hca|0184_10.1016_j.cell.2021.07.023_f621bea088	hca:0184_10.1016_j.cell.2021.07.023_f621bea088		INTERFERON RESPONSIVE CILIATED CELL	INTERFERON RESPONSIVE CILIATED CELL	3	1	0.3333333333333333	0		
LLMarkers	llmarkers|hca|0184_10.1016_j.cell.2021.07.023_f621bea088	llmarkers|hca|0184_10.1016_j.cell.2021.07.023_f621bea088	hca:0184_10.1016_j.cell.2021.07.023_f621bea088		INTERFERON RESPONSIVE CYTOTOXIC CD8 T CELL	INTERFERON RESPONSIVE CYTOTOXIC CD 8 T CELL	13	12	0.9230769230769231	0		
LLMarkers	llmarkers|hca|0184_10.1016_j.cell.2021.07.023_f621bea088	llmarkers|hca|0184_10.1016_j.cell.2021.07.023_f621bea088	hca:0184_10.1016_j.cell.2021.07.023_f621bea088		INTERFERON RESPONSIVE MACROPHAGE	INTERFERON RESPONSIVE MACROPHAGE	7	5	0.7142857142857143	0		
LLMarkers	llmarkers|hca|0184_10.1016_j.cell.2021.07.023_f621bea088	llmarkers|hca|0184_10.1016_j.cell.2021.07.023_f621bea088	hca:0184_10.1016_j.cell.2021.07.023_f621bea088		INTERFERON RESPONSIVE SECRETORY CELL	INTERFERON RESPONSIVE SECRETORY CELL	3	1	0.3333333333333333	0		
LLMarkers	llmarkers|hca|0184_10.1016_j.cell.2021.07.023_f621bea088	llmarkers|hca|0184_10.1016_j.cell.2021.07.023_f621bea088	hca:0184_10.1016_j.cell.2021.07.023_f621bea088		ITGAX HIGH	ITGAX HIGH	6	5	0.8333333333333334	0		
LLMarkers	llmarkers|hca|0184_10.1016_j.cell.2021.07.023_f621bea088	llmarkers|hca|0184_10.1016_j.cell.2021.07.023_f621bea088	hca:0184_10.1016_j.cell.2021.07.023_f621bea088		MACROPHAGE	MACROPHAGE	3	2	0.6666666666666666	28	0.6666666666666666	1.0
LLMarkers	llmarkers|hca|0184_10.1016_j.cell.2021.07.023_f621bea088	llmarkers|hca|0184_10.1016_j.cell.2021.07.023_f621bea088	hca:0184_10.1016_j.cell.2021.07.023_f621bea088		MSR1 HIGH C1QB HIGH MACROPHAGE	MSR 1 HIGH C 1 QB HIGH MACROPHAGE	8	8	1.0	0		
LLMarkers	llmarkers|hca|0184_10.1016_j.cell.2021.07.023_f621bea088	llmarkers|hca|0184_10.1016_j.cell.2021.07.023_f621bea088	hca:0184_10.1016_j.cell.2021.07.023_f621bea088		SECRETORY CELL	SECRETORY CELL	6	5	0.8333333333333334	1	0.16666666666666666	0.2
LLMarkers	llmarkers|hca|0184_10.1016_j.cell.2021.07.023_f621bea088	llmarkers|hca|0184_10.1016_j.cell.2021.07.023_f621bea088	hca:0184_10.1016_j.cell.2021.07.023_f621bea088		SPRR2D HIGH SQUAMOUS CELL	SPRR 2 D HIGH SQUAMOUS CELL	5	5	1.0	0		
LLMarkers	llmarkers|hca|0184_10.1016_j.cell.2021.07.023_f621bea088	llmarkers|hca|0184_10.1016_j.cell.2021.07.023_f621bea088	hca:0184_10.1016_j.cell.2021.07.023_f621bea088		T CELL	T CELL	3	3	1.0	37	1.0	1.0
LLMarkers	llmarkers|hca|0185_10.1038_s41598-019-45842-4_2aeb7a4d45	llmarkers|hca|0185_10.1038_s41598-019-45842-4_2aeb7a4d45	hca:0185_10.1038_s41598-019-45842-4_2aeb7a4d45		FIBROBLAST	FIBROBLAST	10	10	1.0	28	0.7	0.7
LLMarkers	llmarkers|hca|0186_10.1016_j.devcel.2020.01.033_6afe089f1e	llmarkers|hca|0186_10.1016_j.devcel.2020.01.033_6afe089f1e	hca:0186_10.1016_j.devcel.2020.01.033_6afe089f1e		BASAL CELL	BASAL CELL	6	5	0.8333333333333334	6	0.3333333333333333	0.2
LLMarkers	llmarkers|hca|0186_10.1016_j.devcel.2020.01.033_6afe089f1e	llmarkers|hca|0186_10.1016_j.devcel.2020.01.033_6afe089f1e	hca:0186_10.1016_j.devcel.2020.01.033_6afe089f1e		BUD TIP ADJACENT	BUD TIP ADJACENT	5	2	0.4	0		
LLMarkers	llmarkers|hca|0186_10.1016_j.devcel.2020.01.033_6afe089f1e	llmarkers|hca|0186_10.1016_j.devcel.2020.01.033_6afe089f1e	hca:0186_10.1016_j.devcel.2020.01.033_6afe089f1e		BUD TIP PROGENITOR	BUD TIP PROGENITOR	4	2	0.5	0		
LLMarkers	llmarkers|hca|0186_10.1016_j.devcel.2020.01.033_6afe089f1e	llmarkers|hca|0186_10.1016_j.devcel.2020.01.033_6afe089f1e	hca:0186_10.1016_j.devcel.2020.01.033_6afe089f1e		SECRETORY PROGENITOR CELL	SECRETORY PROGENITOR CELL	3	3	1.0	0		
LLMarkers	llmarkers|hca|0190_10.1038_s41467-019-14118-w_eee71dc5ea	llmarkers|hca|0190_10.1038_s41467-019-14118-w_eee71dc5ea	hca:0190_10.1038_s41467-019-14118-w_eee71dc5ea		B1	B 1	4	2	0.5	0		
LLMarkers	llmarkers|hca|0190_10.1038_s41467-019-14118-w_eee71dc5ea	llmarkers|hca|0190_10.1038_s41467-019-14118-w_eee71dc5ea	hca:0190_10.1038_s41467-019-14118-w_eee71dc5ea		B2	B 2	4	2	0.5	0		
LLMarkers	llmarkers|hca|0190_10.1038_s41467-019-14118-w_eee71dc5ea	llmarkers|hca|0190_10.1038_s41467-019-14118-w_eee71dc5ea	hca:0190_10.1038_s41467-019-14118-w_eee71dc5ea		CD4TC #0	CD 4 TC 0	3	2	0.6666666666666666	0		
LLMarkers	llmarkers|hca|0190_10.1038_s41467-019-14118-w_eee71dc5ea	llmarkers|hca|0190_10.1038_s41467-019-14118-w_eee71dc5ea	hca:0190_10.1038_s41467-019-14118-w_eee71dc5ea		MDC1	MDC 1	3	3	1.0	0		
LLMarkers	llmarkers|hca|0190_10.1038_s41467-019-14118-w_eee71dc5ea	llmarkers|hca|0190_10.1038_s41467-019-14118-w_eee71dc5ea	hca:0190_10.1038_s41467-019-14118-w_eee71dc5ea		MDC2	MDC 2	3	3	1.0	0		
LLMarkers	llmarkers|hca|0190_10.1038_s41467-019-14118-w_eee71dc5ea	llmarkers|hca|0190_10.1038_s41467-019-14118-w_eee71dc5ea	hca:0190_10.1038_s41467-019-14118-w_eee71dc5ea		MONO2	MONO 2	15	15	1.0	1	0.0	0.0
LLMarkers	llmarkers|hca|0190_10.1038_s41467-019-14118-w_eee71dc5ea	llmarkers|hca|0190_10.1038_s41467-019-14118-w_eee71dc5ea	hca:0190_10.1038_s41467-019-14118-w_eee71dc5ea		NK1	NK 1	4	1	0.25	0		
LLMarkers	llmarkers|hca|0190_10.1038_s41467-019-14118-w_eee71dc5ea	llmarkers|hca|0190_10.1038_s41467-019-14118-w_eee71dc5ea	hca:0190_10.1038_s41467-019-14118-w_eee71dc5ea		NK2	NK 2	5	3	0.6	1	0.0	0.0
LLMarkers	llmarkers|hca|0190_10.1038_s41467-019-14118-w_eee71dc5ea	llmarkers|hca|0190_10.1038_s41467-019-14118-w_eee71dc5ea	hca:0190_10.1038_s41467-019-14118-w_eee71dc5ea		PLASMA	PLASMA	4	2	0.5	0		
LLMarkers	llmarkers|hca|0190_10.1038_s41467-019-14118-w_eee71dc5ea	llmarkers|hca|0190_10.1038_s41467-019-14118-w_eee71dc5ea	hca:0190_10.1038_s41467-019-14118-w_eee71dc5ea		ΑΒ T CELL	T CELL	4	4	1.0	37	0.75	0.75
LLMarkers	llmarkers|hca|0191_10.1126_sciimmunol.abh3768_bc0f7a7105	llmarkers|hca|0191_10.1126_sciimmunol.abh3768_bc0f7a7105	hca:0191_10.1126_sciimmunol.abh3768_bc0f7a7105		CYTOTOXIC LYMPHOCYTE	CYTOTOXIC LYMPHOCYTE	5	5	1.0	0		
LLMarkers	llmarkers|hca|0191_10.1126_sciimmunol.abh3768_bc0f7a7105	llmarkers|hca|0191_10.1126_sciimmunol.abh3768_bc0f7a7105	hca:0191_10.1126_sciimmunol.abh3768_bc0f7a7105		GC B CELL	GC B CELL	10	8	0.8	3	0.1	0.0
LLMarkers	llmarkers|hca|0191_10.1126_sciimmunol.abh3768_bc0f7a7105	llmarkers|hca|0191_10.1126_sciimmunol.abh3768_bc0f7a7105	hca:0191_10.1126_sciimmunol.abh3768_bc0f7a7105		IFN-RESPONSIVE B CELL	IFN RESPONSIVE B CELL	3	3	1.0	0		
LLMarkers	llmarkers|hca|0191_10.1126_sciimmunol.abh3768_bc0f7a7105	llmarkers|hca|0191_10.1126_sciimmunol.abh3768_bc0f7a7105	hca:0191_10.1126_sciimmunol.abh3768_bc0f7a7105		NAÏVE, ACTIVATED AND MEMORY B CELL	NAIVE ACTIVATED AND MEMORY B CELL	5	5	1.0	0		
LLMarkers	llmarkers|hca|0191_10.1126_sciimmunol.abh3768_bc0f7a7105	llmarkers|hca|0191_10.1126_sciimmunol.abh3768_bc0f7a7105	hca:0191_10.1126_sciimmunol.abh3768_bc0f7a7105		TFH CELL	TFH CELL	6	4	0.6666666666666666	0		
LLMarkers	llmarkers|hca|0193_10.15252_emmm.202012871_3b35c5fb8f	llmarkers|hca|0193_10.15252_emmm.202012871_3b35c5fb8f	hca:0193_10.15252_emmm.202012871_3b35c5fb8f		ABERRANT BASALOID CELL	ABERRANT BASALOID CELL	7	6	0.8571428571428571	2	0.2857142857142857	0.3333333333333333
LLMarkers	llmarkers|hca|0193_10.15252_emmm.202012871_3b35c5fb8f	llmarkers|hca|0193_10.15252_emmm.202012871_3b35c5fb8f	hca:0193_10.15252_emmm.202012871_3b35c5fb8f		AT2	AT 2	4	3	0.75	9	0.5	0.6666666666666666
LLMarkers	llmarkers|hca|0193_10.15252_emmm.202012871_3b35c5fb8f	llmarkers|hca|0193_10.15252_emmm.202012871_3b35c5fb8f	hca:0193_10.15252_emmm.202012871_3b35c5fb8f		PERICYTE	PERICYTE	6	6	1.0	13	0.3333333333333333	0.3333333333333333
LLMarkers	llmarkers|hca|0195_10.1038_nbt.4038_23df984b1c	llmarkers|hca|0195_10.1038_nbt.4038_23df984b1c	hca:0195_10.1038_nbt.4038_23df984b1c		AST_CER	AST CER	3	3	1.0	0		
LLMarkers	llmarkers|hca|0195_10.1038_nbt.4038_23df984b1c	llmarkers|hca|0195_10.1038_nbt.4038_23df984b1c	hca:0195_10.1038_nbt.4038_23df984b1c		EX3D	EX 3 D	3	3	1.0	0		
LLMarkers	llmarkers|hca|0195_10.1038_nbt.4038_23df984b1c	llmarkers|hca|0195_10.1038_nbt.4038_23df984b1c	hca:0195_10.1038_nbt.4038_23df984b1c		EX6A	EX 6 A	3	3	1.0	0		
LLMarkers	llmarkers|hca|0195_10.1038_nbt.4038_23df984b1c	llmarkers|hca|0195_10.1038_nbt.4038_23df984b1c	hca:0195_10.1038_nbt.4038_23df984b1c		IN	IN	8	5	0.625	0		
LLMarkers	llmarkers|hca|0195_10.1038_nbt.4038_23df984b1c	llmarkers|hca|0195_10.1038_nbt.4038_23df984b1c	hca:0195_10.1038_nbt.4038_23df984b1c		IN1A	IN 1 A	3	2	0.6666666666666666	0		
LLMarkers	llmarkers|hca|0195_10.1038_nbt.4038_23df984b1c	llmarkers|hca|0195_10.1038_nbt.4038_23df984b1c	hca:0195_10.1038_nbt.4038_23df984b1c		IN1D	IN 1 D	3	2	0.6666666666666666	0		
LLMarkers	llmarkers|hca|0195_10.1038_nbt.4038_23df984b1c	llmarkers|hca|0195_10.1038_nbt.4038_23df984b1c	hca:0195_10.1038_nbt.4038_23df984b1c		IOLI	IOLI	3	3	1.0	0		
LLMarkers	llmarkers|hca|0195_10.1038_nbt.4038_23df984b1c	llmarkers|hca|0195_10.1038_nbt.4038_23df984b1c	hca:0195_10.1038_nbt.4038_23df984b1c		MOLI	MOLI	3	3	1.0	0		
LLMarkers	llmarkers|hca|0195_10.1038_nbt.4038_23df984b1c	llmarkers|hca|0195_10.1038_nbt.4038_23df984b1c	hca:0195_10.1038_nbt.4038_23df984b1c		OPC	OPC	9	9	1.0	4	0.4444444444444444	0.4444444444444444
LLMarkers	llmarkers|hca|0195_10.1038_nbt.4038_23df984b1c	llmarkers|hca|0195_10.1038_nbt.4038_23df984b1c	hca:0195_10.1038_nbt.4038_23df984b1c		OPC_CER	OPC CER	3	3	1.0	0		
LLMarkers	llmarkers|hca|0195_10.1038_nbt.4038_23df984b1c	llmarkers|hca|0195_10.1038_nbt.4038_23df984b1c	hca:0195_10.1038_nbt.4038_23df984b1c		PURK	PURK	3	2	0.6666666666666666	0		
LLMarkers	llmarkers|hca|0197_10.3389_fmed.2022.869284_8494fa8c76	llmarkers|hca|0197_10.3389_fmed.2022.869284_8494fa8c76	hca:0197_10.3389_fmed.2022.869284_8494fa8c76		DISTAL TUBULE CELL	DISTAL TUBULE CELL	5	5	1.0	0		
LLMarkers	llmarkers|hca|0197_10.3389_fmed.2022.869284_8494fa8c76	llmarkers|hca|0197_10.3389_fmed.2022.869284_8494fa8c76	hca:0197_10.3389_fmed.2022.869284_8494fa8c76		EC	EC	7	6	0.8571428571428571	6	0.0	0.0
LLMarkers	llmarkers|hca|0197_10.3389_fmed.2022.869284_8494fa8c76	llmarkers|hca|0197_10.3389_fmed.2022.869284_8494fa8c76	hca:0197_10.3389_fmed.2022.869284_8494fa8c76		ENDOTHELIAL CELL	ENDOTHELIAL CELL	8	7	0.875	27	0.375	0.2857142857142857
LLMarkers	llmarkers|hca|0197_10.3389_fmed.2022.869284_8494fa8c76	llmarkers|hca|0197_10.3389_fmed.2022.869284_8494fa8c76	hca:0197_10.3389_fmed.2022.869284_8494fa8c76		LOOP OF HENLE CELL	LOOP OF HENLE CELL	5	5	1.0	1	0.0	0.0
LLMarkers	llmarkers|hca|0197_10.3389_fmed.2022.869284_8494fa8c76	llmarkers|hca|0197_10.3389_fmed.2022.869284_8494fa8c76	hca:0197_10.3389_fmed.2022.869284_8494fa8c76		MES	MES	3	2	0.6666666666666666	1	0.0	0.0
LLMarkers	llmarkers|hca|0197_10.3389_fmed.2022.869284_8494fa8c76	llmarkers|hca|0197_10.3389_fmed.2022.869284_8494fa8c76	hca:0197_10.3389_fmed.2022.869284_8494fa8c76		MESANGIAL CELL	MESANGIAL CELL	3	2	0.6666666666666666	3	0.6666666666666666	1.0
LLMarkers	llmarkers|hca|0197_10.3389_fmed.2022.869284_8494fa8c76	llmarkers|hca|0197_10.3389_fmed.2022.869284_8494fa8c76	hca:0197_10.3389_fmed.2022.869284_8494fa8c76		PC	PC	6	5	0.8333333333333334	4	0.0	0.0
LLMarkers	llmarkers|hca|0197_10.3389_fmed.2022.869284_8494fa8c76	llmarkers|hca|0197_10.3389_fmed.2022.869284_8494fa8c76	hca:0197_10.3389_fmed.2022.869284_8494fa8c76		PT	PT	6	5	0.8333333333333334	0		
LLMarkers	llmarkers|hca|0198_10.1038_s41467-021-27619-4_12529026b3	llmarkers|hca|0198_10.1038_s41467-021-27619-4_12529026b3	hca:0198_10.1038_s41467-021-27619-4_12529026b3		CANCER-ASSOCIATED FIBROBLAST	CANCER ASSOCIATED FIBROBLAST	3	3	1.0	3	0.0	0.0
LLMarkers	llmarkers|hca|0198_10.1038_s41467-021-27619-4_12529026b3	llmarkers|hca|0198_10.1038_s41467-021-27619-4_12529026b3	hca:0198_10.1038_s41467-021-27619-4_12529026b3		CYCLING CD8+ T CELL	CYCLING CD 8 T CELL	3	3	1.0	0		
LLMarkers	llmarkers|hca|0198_10.1038_s41467-021-27619-4_12529026b3	llmarkers|hca|0198_10.1038_s41467-021-27619-4_12529026b3	hca:0198_10.1038_s41467-021-27619-4_12529026b3		ENDOTHELIAL CELL	ENDOTHELIAL CELL	3	3	1.0	27	0.0	0.0
LLMarkers	llmarkers|hca|0198_10.1038_s41467-021-27619-4_12529026b3	llmarkers|hca|0198_10.1038_s41467-021-27619-4_12529026b3	hca:0198_10.1038_s41467-021-27619-4_12529026b3		PRE-DYSFUNCTIONAL	PRE DYSFUNCTIONAL	3	1	0.3333333333333333	0		
LLMarkers	llmarkers|hca|0198_10.1038_s41467-021-27619-4_12529026b3	llmarkers|hca|0198_10.1038_s41467-021-27619-4_12529026b3	hca:0198_10.1038_s41467-021-27619-4_12529026b3		TERMINALLY DYSFUNCTIONAL CELL	TERMINALLY DYSFUNCTIONAL CELL	3	1	0.3333333333333333	0		
LLMarkers	llmarkers|hca|0200_10.1242_dev.172361_e8969b05b0	llmarkers|hca|0200_10.1242_dev.172361_e8969b05b0	hca:0200_10.1242_dev.172361_e8969b05b0		CLUSTER 2	CLUSTER 2	3	3	1.0	18	0.0	0.0
LLMarkers	llmarkers|hca|0200_10.1242_dev.172361_e8969b05b0	llmarkers|hca|0200_10.1242_dev.172361_e8969b05b0	hca:0200_10.1242_dev.172361_e8969b05b0		COMMITTED NEPHRON PROGENITOR	COMMITTED NEPHRON PROGENITOR	6	6	1.0	0		
LLMarkers	llmarkers|hca|0200_10.1242_dev.172361_e8969b05b0	llmarkers|hca|0200_10.1242_dev.172361_e8969b05b0	hca:0200_10.1242_dev.172361_e8969b05b0		NEPHRON PROGENITOR	NEPHRON PROGENITOR	3	3	1.0	3	0.3333333333333333	0.3333333333333333
LLMarkers	llmarkers|hca|0200_10.1242_dev.172361_e8969b05b0	llmarkers|hca|0200_10.1242_dev.172361_e8969b05b0	hca:0200_10.1242_dev.172361_e8969b05b0		PROXIMAL NEPHRON SEGMENT	PROXIMAL NEPHRON SEGMENT	4	1	0.25	0		
LLMarkers	llmarkers|hca|0200_10.1242_dev.172361_e8969b05b0	llmarkers|hca|0200_10.1242_dev.172361_e8969b05b0	hca:0200_10.1242_dev.172361_e8969b05b0		PROXIMAL TUBULE	PROXIMAL TUBULE	3	0	0.0	3	1.0	
LLMarkers	llmarkers|hca|0200_10.1242_dev.172361_e8969b05b0	llmarkers|hca|0200_10.1242_dev.172361_e8969b05b0	hca:0200_10.1242_dev.172361_e8969b05b0		STROMAL	STROMAL	3	3	1.0	3	0.3333333333333333	0.3333333333333333
LLMarkers	llmarkers|hca|0201_10.1038_s41467-019-13382-0_3e98068ead	llmarkers|hca|0201_10.1038_s41467-019-13382-0_3e98068ead	hca:0201_10.1038_s41467-019-13382-0_3e98068ead		DISTAL NEPHRON CELL	DISTAL NEPHRON CELL	3	3	1.0	0		
LLMarkers	llmarkers|hca|0201_10.1038_s41467-019-13382-0_3e98068ead	llmarkers|hca|0201_10.1038_s41467-019-13382-0_3e98068ead	hca:0201_10.1038_s41467-019-13382-0_3e98068ead		MESENCHYMAL-2	MESENCHYMAL 2	3	3	1.0	0		
LLMarkers	llmarkers|hca|0201_10.1038_s41467-019-13382-0_3e98068ead	llmarkers|hca|0201_10.1038_s41467-019-13382-0_3e98068ead	hca:0201_10.1038_s41467-019-13382-0_3e98068ead		MESENCHYMAL-4	MESENCHYMAL 4	7	7	1.0	0		
LLMarkers	llmarkers|hca|0201_10.1038_s41467-019-13382-0_3e98068ead	llmarkers|hca|0201_10.1038_s41467-019-13382-0_3e98068ead	hca:0201_10.1038_s41467-019-13382-0_3e98068ead		MESENCHYMAL-5	MESENCHYMAL 5	6	6	1.0	0		
LLMarkers	llmarkers|hca|0201_10.1038_s41467-019-13382-0_3e98068ead	llmarkers|hca|0201_10.1038_s41467-019-13382-0_3e98068ead	hca:0201_10.1038_s41467-019-13382-0_3e98068ead		NEPHRON PROGENITOR CELL	NEPHRON PROGENITOR CELL	3	3	1.0	1	0.3333333333333333	0.3333333333333333
LLMarkers	llmarkers|hca|0201_10.1038_s41467-019-13382-0_3e98068ead	llmarkers|hca|0201_10.1038_s41467-019-13382-0_3e98068ead	hca:0201_10.1038_s41467-019-13382-0_3e98068ead		PODOCYTE	PODOCYTE	9	9	1.0	6	0.5555555555555556	0.5555555555555556
LLMarkers	llmarkers|hca|0201_10.1038_s41467-019-13382-0_3e98068ead	llmarkers|hca|0201_10.1038_s41467-019-13382-0_3e98068ead	hca:0201_10.1038_s41467-019-13382-0_3e98068ead		PODOCYTE POPULATION	PODOCYTE POPULATION	3	3	1.0	0		
LLMarkers	llmarkers|hca|0205_10.1038_s41588-020-0636-z_f39ba80540	llmarkers|hca|0205_10.1038_s41588-020-0636-z_f39ba80540	hca:0205_10.1038_s41588-020-0636-z_f39ba80540		ENTERIC GLIAL CELL	ENTERIC GLIAL CELL	3	3	1.0	0		
LLMarkers	llmarkers|hca|0205_10.1038_s41588-020-0636-z_f39ba80540	llmarkers|hca|0205_10.1038_s41588-020-0636-z_f39ba80540	hca:0205_10.1038_s41588-020-0636-z_f39ba80540		FIBROBLAST	FIBROBLAST	3	3	1.0	28	1.0	1.0
LLMarkers	llmarkers|hca|0205_10.1038_s41588-020-0636-z_f39ba80540	llmarkers|hca|0205_10.1038_s41588-020-0636-z_f39ba80540	hca:0205_10.1038_s41588-020-0636-z_f39ba80540		PERICYTE	PERICYTE	3	1	0.3333333333333333	13	1.0	1.0
LLMarkers	llmarkers|hca|0205_10.1038_s41588-020-0636-z_f39ba80540	llmarkers|hca|0205_10.1038_s41588-020-0636-z_f39ba80540	hca:0205_10.1038_s41588-020-0636-z_f39ba80540		S2 FIBROBLAST	S 2 FIBROBLAST	5	5	1.0	0		
LLMarkers	llmarkers|hca|0205_10.1038_s41588-020-0636-z_f39ba80540	llmarkers|hca|0205_10.1038_s41588-020-0636-z_f39ba80540	hca:0205_10.1038_s41588-020-0636-z_f39ba80540		VASCULAR SMOOTH MUSCLE CELL	VASCULAR SMOOTH MUSCLE CELL	6	4	0.6666666666666666	3	0.6666666666666666	0.5
LLMarkers	llmarkers|hca|0207_10.1016_j.immuni.2020.11.017_b182001861	llmarkers|hca|0207_10.1016_j.immuni.2020.11.017_b182001861	hca:0207_10.1016_j.immuni.2020.11.017_b182001861		CD4+ T CELL	CD 4 T CELL	3	3	1.0	16	1.0	1.0
LLMarkers	llmarkers|hca|0207_10.1016_j.immuni.2020.11.017_b182001861	llmarkers|hca|0207_10.1016_j.immuni.2020.11.017_b182001861	hca:0207_10.1016_j.immuni.2020.11.017_b182001861		CELL PRECURSOR	CELL PRECURSOR	3	3	1.0	0		
LLMarkers	llmarkers|hca|0207_10.1016_j.immuni.2020.11.017_b182001861	llmarkers|hca|0207_10.1016_j.immuni.2020.11.017_b182001861	hca:0207_10.1016_j.immuni.2020.11.017_b182001861		DENDRITIC CELL	DENDRITIC CELL	3	3	1.0	6	0.0	0.0
LLMarkers	llmarkers|hca|0207_10.1016_j.immuni.2020.11.017_b182001861	llmarkers|hca|0207_10.1016_j.immuni.2020.11.017_b182001861	hca:0207_10.1016_j.immuni.2020.11.017_b182001861		ERYTHROID CELL	ERYTHROID CELL	3	3	1.0	1	0.3333333333333333	0.3333333333333333
LLMarkers	llmarkers|hca|0207_10.1016_j.immuni.2020.11.017_b182001861	llmarkers|hca|0207_10.1016_j.immuni.2020.11.017_b182001861	hca:0207_10.1016_j.immuni.2020.11.017_b182001861		MEGAKARYOCYTE	MEGAKARYOCYTE	3	2	0.6666666666666666	1	0.6666666666666666	0.5
LLMarkers	llmarkers|hca|0207_10.1016_j.immuni.2020.11.017_b182001861	llmarkers|hca|0207_10.1016_j.immuni.2020.11.017_b182001861	hca:0207_10.1016_j.immuni.2020.11.017_b182001861		MK	MK	4	2	0.5	1	0.0	0.0
LLMarkers	llmarkers|hca|0207_10.1016_j.immuni.2020.11.017_b182001861	llmarkers|hca|0207_10.1016_j.immuni.2020.11.017_b182001861	hca:0207_10.1016_j.immuni.2020.11.017_b182001861		MONOCYTE	MONOCYTE	3	3	1.0	23	0.6666666666666666	0.6666666666666666
LLMarkers	llmarkers|hca|0207_10.1016_j.immuni.2020.11.017_b182001861	llmarkers|hca|0207_10.1016_j.immuni.2020.11.017_b182001861	hca:0207_10.1016_j.immuni.2020.11.017_b182001861		NEUTROPHIL-LIKE CELL	NEUTROPHIL LIKE CELL	3	3	1.0	0		
LLMarkers	llmarkers|hca|0207_10.1016_j.immuni.2020.11.017_b182001861	llmarkers|hca|0207_10.1016_j.immuni.2020.11.017_b182001861	hca:0207_10.1016_j.immuni.2020.11.017_b182001861		PB	PB	8	6	0.75	0		
LLMarkers	llmarkers|hca|0207_10.1016_j.immuni.2020.11.017_b182001861	llmarkers|hca|0207_10.1016_j.immuni.2020.11.017_b182001861	hca:0207_10.1016_j.immuni.2020.11.017_b182001861		PLASMABLAST	PLASMABLAST	4	3	0.75	3	0.75	0.6666666666666666
LLMarkers	llmarkers|hca|0208_10.1038_nbt.2967_18c9fd3939	llmarkers|hca|0208_10.1038_nbt.2967_18c9fd3939	hca:0208_10.1038_nbt.2967_18c9fd3939		NEUROEPITHELIAL MARKER	NEUROEPITHELIAL MARKER	3	3	1.0	0		
LLMarkers	llmarkers|hca|0208_10.1038_nbt.2967_18c9fd3939	llmarkers|hca|0208_10.1038_nbt.2967_18c9fd3939	hca:0208_10.1038_nbt.2967_18c9fd3939		NEWBORN NEURON	NEWBORN NEURON	3	3	1.0	0		
LLMarkers	llmarkers|hca|0208_10.1038_nbt.2967_18c9fd3939	llmarkers|hca|0208_10.1038_nbt.2967_18c9fd3939	hca:0208_10.1038_nbt.2967_18c9fd3939		RADIAL GLIA	RADIAL GLIA	6	6	1.0	1	0.0	0.0
LLMarkers	llmarkers|hca|0209_10.1126_scitranslmed.abe4282_13877fdeac	llmarkers|hca|0209_10.1126_scitranslmed.abe4282_13877fdeac	hca:0209_10.1126_scitranslmed.abe4282_13877fdeac		KRT5-KRT17+ EPITHELIAL CELL	KRT 5 KRT 17 EPITHELIAL CELL	20	20	1.0	0		
LLMarkers	llmarkers|hca|0209_10.1126_scitranslmed.abe4282_13877fdeac	llmarkers|hca|0209_10.1126_scitranslmed.abe4282_13877fdeac	hca:0209_10.1126_scitranslmed.abe4282_13877fdeac		MACROPHAGE	MACROPHAGE	8	8	1.0	28	0.25	0.25
LLMarkers	llmarkers|hca|0209_10.1126_scitranslmed.abe4282_13877fdeac	llmarkers|hca|0209_10.1126_scitranslmed.abe4282_13877fdeac	hca:0209_10.1126_scitranslmed.abe4282_13877fdeac		OSTEOCLAST	OSTEOCLAST	4	4	1.0	2	0.25	0.25
LLMarkers	llmarkers|hca|0209_10.1126_scitranslmed.abe4282_13877fdeac	llmarkers|hca|0209_10.1126_scitranslmed.abe4282_13877fdeac	hca:0209_10.1126_scitranslmed.abe4282_13877fdeac		PROFIBROTIC MONOCYTE-DERIVED ALVEOLAR MACROPHAGE	PROFIBROTIC MONOCYTE DERIVED ALVEOLAR MACROPHAGE	4	4	1.0	0		
LLMarkers	llmarkers|hca|0209_10.1126_scitranslmed.abe4282_13877fdeac	llmarkers|hca|0209_10.1126_scitranslmed.abe4282_13877fdeac	hca:0209_10.1126_scitranslmed.abe4282_13877fdeac		TISSUE-RESIDENT HOMEOSTATIC ALVEOLAR MACROPHAGE	TISSUE RESIDENT HOMEOSTATIC ALVEOLAR MACROPHAGE	3	3	1.0	0		
LLMarkers	llmarkers|hca|0210_10.1016_j.stem.2020.11.008_213dabcee4	llmarkers|hca|0210_10.1016_j.stem.2020.11.008_213dabcee4	hca:0210_10.1016_j.stem.2020.11.008_213dabcee4		COL1A1 HI FIBROBLAST	COL 1 A 1 HI FIBROBLAST	3	0	0.0	0		
LLMarkers	llmarkers|hca|0210_10.1016_j.stem.2020.11.008_213dabcee4	llmarkers|hca|0210_10.1016_j.stem.2020.11.008_213dabcee4	hca:0210_10.1016_j.stem.2020.11.008_213dabcee4		ENTEROCYTE	ENTEROCYTE	5	5	1.0	5	0.6	0.6
LLMarkers	llmarkers|hca|0210_10.1016_j.stem.2020.11.008_213dabcee4	llmarkers|hca|0210_10.1016_j.stem.2020.11.008_213dabcee4	hca:0210_10.1016_j.stem.2020.11.008_213dabcee4		ENTEROENDOCRINE CELL	ENTEROENDOCRINE CELL	5	5	1.0	6	0.4	0.4
LLMarkers	llmarkers|hca|0210_10.1016_j.stem.2020.11.008_213dabcee4	llmarkers|hca|0210_10.1016_j.stem.2020.11.008_213dabcee4	hca:0210_10.1016_j.stem.2020.11.008_213dabcee4		F3 HI /PDGFRA HI SUBEPITHELIAL CELL	F 3 HI PDGFRA HI SUBEPITHELIAL CELL	4	3	0.75	0		
LLMarkers	llmarkers|hca|0210_10.1016_j.stem.2020.11.008_213dabcee4	llmarkers|hca|0210_10.1016_j.stem.2020.11.008_213dabcee4	hca:0210_10.1016_j.stem.2020.11.008_213dabcee4		FIBROBLAST	FIBROBLAST	3	3	1.0	28	1.0	1.0
LLMarkers	llmarkers|hca|0210_10.1016_j.stem.2020.11.008_213dabcee4	llmarkers|hca|0210_10.1016_j.stem.2020.11.008_213dabcee4	hca:0210_10.1016_j.stem.2020.11.008_213dabcee4		GOBLET CELL AND GOBLET CELL PRECURSOR	GOBLET CELL AND GOBLET CELL PRECURSOR	3	2	0.6666666666666666	0		
LLMarkers	llmarkers|hca|0210_10.1016_j.stem.2020.11.008_213dabcee4	llmarkers|hca|0210_10.1016_j.stem.2020.11.008_213dabcee4	hca:0210_10.1016_j.stem.2020.11.008_213dabcee4		SUBEPITHELIAL CELL	SUBEPITHELIAL CELL	4	2	0.5	0		
LLMarkers	llmarkers|hca|0210_10.1016_j.stem.2020.11.008_213dabcee4	llmarkers|hca|0210_10.1016_j.stem.2020.11.008_213dabcee4	hca:0210_10.1016_j.stem.2020.11.008_213dabcee4		TAGLN HI /RGS5 - SMOOTH MUSCLE CELL	TAGLN HI RGS 5 SMOOTH MUSCLE CELL	3	0	0.0	0		
LLMarkers	llmarkers|hca|0210_10.1016_j.stem.2020.11.008_213dabcee4	llmarkers|hca|0210_10.1016_j.stem.2020.11.008_213dabcee4	hca:0210_10.1016_j.stem.2020.11.008_213dabcee4		TUFT CELL	TUFT CELL	3	3	1.0	4	0.6666666666666666	0.6666666666666666
LLMarkers	llmarkers|hca|0210_10.1016_j.stem.2020.11.008_213dabcee4	llmarkers|hca|0210_10.1016_j.stem.2020.11.008_213dabcee4	hca:0210_10.1016_j.stem.2020.11.008_213dabcee4		VASCULAR SMOOTH MUSCLE CELL	VASCULAR SMOOTH MUSCLE CELL	3	3	1.0	3	0.6666666666666666	0.6666666666666666
LLMarkers	llmarkers|hca|0211_10.1016_j.cels.2022.06.005_7669df70b6	llmarkers|hca|0211_10.1016_j.cels.2022.06.005_7669df70b6	hca:0211_10.1016_j.cels.2022.06.005_7669df70b6		BASAL/MYOEPITHELIAL	BASAL MYOEPITHELIAL	3	3	1.0	0		
LLMarkers	llmarkers|hca|0211_10.1016_j.cels.2022.06.005_7669df70b6	llmarkers|hca|0211_10.1016_j.cels.2022.06.005_7669df70b6	hca:0211_10.1016_j.cels.2022.06.005_7669df70b6		HR+	HR	9	9	1.0	1	0.2222222222222222	0.2222222222222222
LLMarkers	llmarkers|hca|0212_10.1038_s41586-022-04571-x_30a05d7904	llmarkers|hca|0212_10.1038_s41586-022-04571-x_30a05d7904	hca:0212_10.1038_s41586-022-04571-x_30a05d7904		ARTERIAL ENDOTHELIAL CELLS	ARTERIAL ENDOTHELIAL CELLS	3	3	1.0	0		
LLMarkers	llmarkers|hca|0212_10.1038_s41586-022-04571-x_30a05d7904	llmarkers|hca|0212_10.1038_s41586-022-04571-x_30a05d7904	hca:0212_10.1038_s41586-022-04571-x_30a05d7904		HE	HE	14	3	0.21428571428571427	0		
LLMarkers	llmarkers|hca|0212_10.1038_s41586-022-04571-x_30a05d7904	llmarkers|hca|0212_10.1038_s41586-022-04571-x_30a05d7904	hca:0212_10.1038_s41586-022-04571-x_30a05d7904		HSC	HSC	31	23	0.7419354838709677	4	0.12903225806451613	0.08695652173913043
LLMarkers	llmarkers|hca|0212_10.1038_s41586-022-04571-x_30a05d7904	llmarkers|hca|0212_10.1038_s41586-022-04571-x_30a05d7904	hca:0212_10.1038_s41586-022-04571-x_30a05d7904		PRE-HE	PRE HE	6	1	0.16666666666666666	0		
LLMarkers	llmarkers|hca|0212_10.1038_s41586-022-04571-x_30a05d7904	llmarkers|hca|0212_10.1038_s41586-022-04571-x_30a05d7904	hca:0212_10.1038_s41586-022-04571-x_30a05d7904		SPINK2+ PROGENITORS	SPINK 2 PROGENITORS	6	5	0.8333333333333334	0		
LLMarkers	llmarkers|hca|0213_10.1016_j.ccell.2022.11.001_63fadcc3b4	llmarkers|hca|0213_10.1016_j.ccell.2022.11.001_63fadcc3b4	hca:0213_10.1016_j.ccell.2022.11.001_63fadcc3b4		MHC-II TAM	MHC II TAM	3	3	1.0	0		
LLMarkers	llmarkers|hca|0214_10.1126_science.abo0510_808a3cb920	llmarkers|hca|0214_10.1126_science.abo0510_808a3cb920	hca:0214_10.1126_science.abo0510_808a3cb920		B CELL PROGENITORS	B CELL PROGENITORS	4	4	1.0	0		
LLMarkers	llmarkers|hca|0214_10.1126_science.abo0510_808a3cb920	llmarkers|hca|0214_10.1126_science.abo0510_808a3cb920	hca:0214_10.1126_science.abo0510_808a3cb920		B1 CELLS	B 1 CELLS	4	4	1.0	0		
LLMarkers	llmarkers|hca|0214_10.1126_science.abo0510_808a3cb920	llmarkers|hca|0214_10.1126_science.abo0510_808a3cb920	hca:0214_10.1126_science.abo0510_808a3cb920		PUTATIVE B1 CELLS	PUTATIVE B 1 CELLS	3	3	1.0	0		
LLMarkers	llmarkers|hca|0215_10.1038_s42003-020-01625-6_cc9e14f4ea	llmarkers|hca|0215_10.1038_s42003-020-01625-6_cc9e14f4ea	hca:0215_10.1038_s42003-020-01625-6_cc9e14f4ea		CD4+ T CELL	CD 4 T CELL	8	8	1.0	16	0.625	0.625
LLMarkers	llmarkers|hca|0215_10.1038_s42003-020-01625-6_cc9e14f4ea	llmarkers|hca|0215_10.1038_s42003-020-01625-6_cc9e14f4ea	hca:0215_10.1038_s42003-020-01625-6_cc9e14f4ea		CD4_1	CD 4 1	3	0	0.0	0		
LLMarkers	llmarkers|hca|0215_10.1038_s42003-020-01625-6_cc9e14f4ea	llmarkers|hca|0215_10.1038_s42003-020-01625-6_cc9e14f4ea	hca:0215_10.1038_s42003-020-01625-6_cc9e14f4ea		CD4_3	CD 4 3	3	0	0.0	0		
LLMarkers	llmarkers|hca|0215_10.1038_s42003-020-01625-6_cc9e14f4ea	llmarkers|hca|0215_10.1038_s42003-020-01625-6_cc9e14f4ea	hca:0215_10.1038_s42003-020-01625-6_cc9e14f4ea		CD4_4	CD 4 4	4	3	0.75	1	0.0	0.0
LLMarkers	llmarkers|hca|0215_10.1038_s42003-020-01625-6_cc9e14f4ea	llmarkers|hca|0215_10.1038_s42003-020-01625-6_cc9e14f4ea	hca:0215_10.1038_s42003-020-01625-6_cc9e14f4ea		CD4_5	CD 4 5	7	5	0.7142857142857143	0		
LLMarkers	llmarkers|hca|0215_10.1038_s42003-020-01625-6_cc9e14f4ea	llmarkers|hca|0215_10.1038_s42003-020-01625-6_cc9e14f4ea	hca:0215_10.1038_s42003-020-01625-6_cc9e14f4ea		CD8_0	CD 8 0	6	3	0.5	0		
LLMarkers	llmarkers|hca|0215_10.1038_s42003-020-01625-6_cc9e14f4ea	llmarkers|hca|0215_10.1038_s42003-020-01625-6_cc9e14f4ea	hca:0215_10.1038_s42003-020-01625-6_cc9e14f4ea		CD8_4	CD 8 4	3	0	0.0	1	0.0	
LLMarkers	llmarkers|hca|0215_10.1038_s42003-020-01625-6_cc9e14f4ea	llmarkers|hca|0215_10.1038_s42003-020-01625-6_cc9e14f4ea	hca:0215_10.1038_s42003-020-01625-6_cc9e14f4ea		CD8_6	CD 8 6	4	4	1.0	0		
LLMarkers	llmarkers|hca|0215_10.1038_s42003-020-01625-6_cc9e14f4ea	llmarkers|hca|0215_10.1038_s42003-020-01625-6_cc9e14f4ea	hca:0215_10.1038_s42003-020-01625-6_cc9e14f4ea		MACROPHAGE SUBCLUSTER	MACROPHAGE SUBCLUSTER	4	2	0.5	0		
LLMarkers	llmarkers|hca|0215_10.1038_s42003-020-01625-6_cc9e14f4ea	llmarkers|hca|0215_10.1038_s42003-020-01625-6_cc9e14f4ea	hca:0215_10.1038_s42003-020-01625-6_cc9e14f4ea		PM	PM	3	1	0.3333333333333333	0		
LLMarkers	llmarkers|hca|0215_10.1038_s42003-020-01625-6_cc9e14f4ea	llmarkers|hca|0215_10.1038_s42003-020-01625-6_cc9e14f4ea	hca:0215_10.1038_s42003-020-01625-6_cc9e14f4ea		T CELL	T CELL	4	4	1.0	37	1.0	1.0
LLMarkers	llmarkers|hca|0215_10.1038_s42003-020-01625-6_cc9e14f4ea	llmarkers|hca|0215_10.1038_s42003-020-01625-6_cc9e14f4ea	hca:0215_10.1038_s42003-020-01625-6_cc9e14f4ea		TAM_1	TAM 1	6	6	1.0	0		
LLMarkers	llmarkers|hca|0215_10.1038_s42003-020-01625-6_cc9e14f4ea	llmarkers|hca|0215_10.1038_s42003-020-01625-6_cc9e14f4ea	hca:0215_10.1038_s42003-020-01625-6_cc9e14f4ea		TAM_2	TAM 2	5	5	1.0	0		
LLMarkers	llmarkers|hca|0215_10.1038_s42003-020-01625-6_cc9e14f4ea	llmarkers|hca|0215_10.1038_s42003-020-01625-6_cc9e14f4ea	hca:0215_10.1038_s42003-020-01625-6_cc9e14f4ea		TAM_3	TAM 3	4	3	0.75	0		
LLMarkers	llmarkers|hca|0216_10.1038_s41588-021-00972-2_b07f96cf7c	llmarkers|hca|0216_10.1038_s41588-021-00972-2_b07f96cf7c	hca:0216_10.1038_s41588-021-00972-2_b07f96cf7c		GLANDULAR	GLANDULAR	7	4	0.5714285714285714	0		
LLMarkers	llmarkers|hca|0216_10.1038_s41588-021-00972-2_b07f96cf7c	llmarkers|hca|0216_10.1038_s41588-021-00972-2_b07f96cf7c	hca:0216_10.1038_s41588-021-00972-2_b07f96cf7c		LUMENAL	LUMENAL	3	3	1.0	0		
LLMarkers	llmarkers|hca|0216_10.1038_s41588-021-00972-2_b07f96cf7c	llmarkers|hca|0216_10.1038_s41588-021-00972-2_b07f96cf7c	hca:0216_10.1038_s41588-021-00972-2_b07f96cf7c		SECRETORY	SECRETORY	4	1	0.25	1	0.0	0.0
LLMarkers	llmarkers|hca|0217_10.1186_s40478-023-01568-z_30cfefc163	llmarkers|hca|0217_10.1186_s40478-023-01568-z_30cfefc163	hca:0217_10.1186_s40478-023-01568-z_30cfefc163		AS_9_EP	AS 9 EP	3	3	1.0	0		
LLMarkers	llmarkers|hca|0217_10.1186_s40478-023-01568-z_30cfefc163	llmarkers|hca|0217_10.1186_s40478-023-01568-z_30cfefc163	hca:0217_10.1186_s40478-023-01568-z_30cfefc163		BORDER-ASSOCIATED MACROPHAGE	BORDER ASSOCIATED MACROPHAGE	3	3	1.0	0		
LLMarkers	llmarkers|hca|0217_10.1186_s40478-023-01568-z_30cfefc163	llmarkers|hca|0217_10.1186_s40478-023-01568-z_30cfefc163	hca:0217_10.1186_s40478-023-01568-z_30cfefc163		COMMITTED OLIGODENDROCYTE PRECURSOR (COP) CELL CLUSTER	COMMITTED OLIGODENDROCYTE PRECURSOR COP CELL CLUSTER	3	3	1.0	0		
LLMarkers	llmarkers|hca|0217_10.1186_s40478-023-01568-z_30cfefc163	llmarkers|hca|0217_10.1186_s40478-023-01568-z_30cfefc163	hca:0217_10.1186_s40478-023-01568-z_30cfefc163		MICROGLIA_1	MICROGLIA 1	4	4	1.0	0		
LLMarkers	llmarkers|hca|0217_10.1186_s40478-023-01568-z_30cfefc163	llmarkers|hca|0217_10.1186_s40478-023-01568-z_30cfefc163	hca:0217_10.1186_s40478-023-01568-z_30cfefc163		MICROGLIA_2	MICROGLIA 2	3	1	0.3333333333333333	0		
LLMarkers	llmarkers|hca|0217_10.1186_s40478-023-01568-z_30cfefc163	llmarkers|hca|0217_10.1186_s40478-023-01568-z_30cfefc163	hca:0217_10.1186_s40478-023-01568-z_30cfefc163		MICROGLIA_3	MICROGLIA 3	5	4	0.8	0		
LLMarkers	llmarkers|hca|0217_10.1186_s40478-023-01568-z_30cfefc163	llmarkers|hca|0217_10.1186_s40478-023-01568-z_30cfefc163	hca:0217_10.1186_s40478-023-01568-z_30cfefc163		MICROGLIA_4	MICROGLIA 4	4	2	0.5	0		
LLMarkers	llmarkers|hca|0217_10.1186_s40478-023-01568-z_30cfefc163	llmarkers|hca|0217_10.1186_s40478-023-01568-z_30cfefc163	hca:0217_10.1186_s40478-023-01568-z_30cfefc163		OLIGODENDROCYTE CLUSTER	OLIGODENDROCYTE CLUSTER	3	2	0.6666666666666666	0		
LLMarkers	llmarkers|hca|0217_10.1186_s40478-023-01568-z_30cfefc163	llmarkers|hca|0217_10.1186_s40478-023-01568-z_30cfefc163	hca:0217_10.1186_s40478-023-01568-z_30cfefc163		OLIGO_A	OLIGO A	6	6	1.0	0		
LLMarkers	llmarkers|hca|0217_10.1186_s40478-023-01568-z_30cfefc163	llmarkers|hca|0217_10.1186_s40478-023-01568-z_30cfefc163	hca:0217_10.1186_s40478-023-01568-z_30cfefc163		OLIGO_F	OLIGO F	10	10	1.0	0		
LLMarkers	llmarkers|hca|0217_10.1186_s40478-023-01568-z_30cfefc163	llmarkers|hca|0217_10.1186_s40478-023-01568-z_30cfefc163	hca:0217_10.1186_s40478-023-01568-z_30cfefc163		OPC CLUSTER	OPC CLUSTER	3	3	1.0	0		
LLMarkers	llmarkers|hca|0217_10.1186_s40478-023-01568-z_30cfefc163	llmarkers|hca|0217_10.1186_s40478-023-01568-z_30cfefc163	hca:0217_10.1186_s40478-023-01568-z_30cfefc163		OPC_A	OPC A	3	3	1.0	0		
LLMarkers	llmarkers|hca|0219_10.1016_j.cell.2020.06.026_35457f0d2b	llmarkers|hca|0219_10.1016_j.cell.2020.06.026_35457f0d2b	hca:0219_10.1016_j.cell.2020.06.026_35457f0d2b		CD4+ T CELL	CD 4 T CELL	11	11	1.0	16	0.5454545454545454	0.5454545454545454
LLMarkers	llmarkers|hca|0220_10.1038_s42003-021-02562-8_904d08be85	llmarkers|hca|0220_10.1038_s42003-021-02562-8_904d08be85	hca:0220_10.1038_s42003-021-02562-8_904d08be85		HEPATOCYTE	HEPATOCYTE	4	4	1.0	4	0.5	0.5
LLMarkers	llmarkers|hca|0220_10.1038_s42003-021-02562-8_904d08be85	llmarkers|hca|0220_10.1038_s42003-021-02562-8_904d08be85	hca:0220_10.1038_s42003-021-02562-8_904d08be85		TR2	TR 2	6	6	1.0	0		
LLMarkers	llmarkers|hca|0220_10.1038_s42003-021-02562-8_904d08be85	llmarkers|hca|0220_10.1038_s42003-021-02562-8_904d08be85	hca:0220_10.1038_s42003-021-02562-8_904d08be85		TR3	TR 3	4	4	1.0	0		
LLMarkers	llmarkers|hca|0220_10.1038_s42003-021-02562-8_904d08be85	llmarkers|hca|0220_10.1038_s42003-021-02562-8_904d08be85	hca:0220_10.1038_s42003-021-02562-8_904d08be85		TR4	TR 4	5	3	0.6	0		
LLMarkers	llmarkers|hca|0220_10.1038_s42003-021-02562-8_904d08be85	llmarkers|hca|0220_10.1038_s42003-021-02562-8_904d08be85	hca:0220_10.1038_s42003-021-02562-8_904d08be85		TR4/1	TR 4 1	4	2	0.5	0		
LLMarkers	llmarkers|hca|0220_10.1038_s42003-021-02562-8_904d08be85	llmarkers|hca|0220_10.1038_s42003-021-02562-8_904d08be85	hca:0220_10.1038_s42003-021-02562-8_904d08be85		TR5	TR 5	3	3	1.0	0		
LLMarkers	llmarkers|hca|0221_10.7554_elife.69603_ab573a325d	llmarkers|hca|0221_10.7554_elife.69603_ab573a325d	hca:0221_10.7554_elife.69603_ab573a325d		EPS4	EPS 4	4	4	1.0	0		
LLMarkers	llmarkers|hca|0221_10.7554_elife.69603_ab573a325d	llmarkers|hca|0221_10.7554_elife.69603_ab573a325d	hca:0221_10.7554_elife.69603_ab573a325d		EPS5	EPS 5	4	3	0.75	0		
LLMarkers	llmarkers|hca|0221_10.7554_elife.69603_ab573a325d	llmarkers|hca|0221_10.7554_elife.69603_ab573a325d	hca:0221_10.7554_elife.69603_ab573a325d		SS2	SS 2	3	3	1.0	0		
LLMarkers	llmarkers|hca|0221_10.7554_elife.69603_ab573a325d	llmarkers|hca|0221_10.7554_elife.69603_ab573a325d	hca:0221_10.7554_elife.69603_ab573a325d		SS3	SS 3	5	3	0.6	0		
LLMarkers	llmarkers|hca|0221_10.7554_elife.69603_ab573a325d	llmarkers|hca|0221_10.7554_elife.69603_ab573a325d	hca:0221_10.7554_elife.69603_ab573a325d		SS4	SS 4	10	9	0.9	0		
LLMarkers	llmarkers|hca|0221_10.7554_elife.69603_ab573a325d	llmarkers|hca|0221_10.7554_elife.69603_ab573a325d	hca:0221_10.7554_elife.69603_ab573a325d		SS5	SS 5	19	17	0.8947368421052632	0		
LLMarkers	llmarkers|hca|0223_10.1126_science.abo7257_14645ac97f	llmarkers|hca|0223_10.1126_science.abo7257_14645ac97f	hca:0223_10.1126_science.abo7257_14645ac97f		INN LHX6 HGF STON2	INN LHX 6 HGF STON 2	6	1	0.16666666666666666	0		
LLMarkers	llmarkers|hca|0223_10.1126_science.abo7257_14645ac97f	llmarkers|hca|0223_10.1126_science.abo7257_14645ac97f	hca:0223_10.1126_science.abo7257_14645ac97f		INN SST HGF GABRQ	INN SST HGF GABRQ	8	4	0.5	0		
LLMarkers	llmarkers|hca|0223_10.1126_science.abo7257_14645ac97f	llmarkers|hca|0223_10.1126_science.abo7257_14645ac97f	hca:0223_10.1126_science.abo7257_14645ac97f		INTERLAMINAR ASTROCYTES	INTERLAMINAR ASTROCYTES	4	4	1.0	0		
LLMarkers	llmarkers|hca|0223_10.1126_science.abo7257_14645ac97f	llmarkers|hca|0223_10.1126_science.abo7257_14645ac97f	hca:0223_10.1126_science.abo7257_14645ac97f		L2–3 CUX2 ACVR1C THSD7A	L 23 CUX 2 ACVR 1 C THSD 7 A	3	3	1.0	0		
LLMarkers	llmarkers|hca|0223_10.1126_science.abo7257_14645ac97f	llmarkers|hca|0223_10.1126_science.abo7257_14645ac97f	hca:0223_10.1126_science.abo7257_14645ac97f		L3–5 INTRATELENCEPHALIC	L 35 INTRATELENCEPHALIC	5	4	0.8	0		
LLMarkers	llmarkers|hca|0223_10.1126_science.abo7257_14645ac97f	llmarkers|hca|0223_10.1126_science.abo7257_14645ac97f	hca:0223_10.1126_science.abo7257_14645ac97f		L5 EXTRATELENCEPHALIC	L 5 EXTRATELENCEPHALIC	3	3	1.0	0		
LLMarkers	llmarkers|hca|0223_10.1126_science.abo7257_14645ac97f	llmarkers|hca|0223_10.1126_science.abo7257_14645ac97f	hca:0223_10.1126_science.abo7257_14645ac97f		LAMP5 LHX6	LAMP 5 LHX 6	3	2	0.6666666666666666	0		
LLMarkers	llmarkers|hca|0223_10.1126_science.abo7257_14645ac97f	llmarkers|hca|0223_10.1126_science.abo7257_14645ac97f	hca:0223_10.1126_science.abo7257_14645ac97f		MICROGLIA	MICROGLIA	4	3	0.75	17	0.0	0.0
LLMarkers	llmarkers|hca|0223_10.1126_science.abo7257_14645ac97f	llmarkers|hca|0223_10.1126_science.abo7257_14645ac97f	hca:0223_10.1126_science.abo7257_14645ac97f		SST HGF	SST HGF	3	0	0.0	0		
LLMarkers	llmarkers|hca|0225_10.1016_j.exer.2019.05.001_df51932aea	llmarkers|hca|0225_10.1016_j.exer.2019.05.001_df51932aea	hca:0225_10.1016_j.exer.2019.05.001_df51932aea		CONE PHOTORECEPTOR CELL	CONE PHOTORECEPTOR CELL	3	3	1.0	0		
LLMarkers	llmarkers|hca|0225_10.1016_j.exer.2019.05.001_df51932aea	llmarkers|hca|0225_10.1016_j.exer.2019.05.001_df51932aea	hca:0225_10.1016_j.exer.2019.05.001_df51932aea		RETINAL GANGLION CELL	RETINAL GANGLION CELL	4	4	1.0	1	0.25	0.25
LLMarkers	llmarkers|hca|0226_10.1038_s41593-020-00764-7_dc0bba5691	llmarkers|hca|0226_10.1038_s41593-020-00764-7_dc0bba5691	hca:0226_10.1038_s41593-020-00764-7_dc0bba5691		EXCITATORY NEURON	EXCITATORY NEURON	3	3	1.0	4	0.6666666666666666	0.6666666666666666
LLMarkers	llmarkers|hca|0226_10.1038_s41593-020-00764-7_dc0bba5691	llmarkers|hca|0226_10.1038_s41593-020-00764-7_dc0bba5691	hca:0226_10.1038_s41593-020-00764-7_dc0bba5691		GFAP HIGH ASTROCYTE	GFAP HIGH ASTROCYTE	13	13	1.0	0		
LLMarkers	llmarkers|hca|0228_10.1128_mbio.02583-20_5085db2792	llmarkers|hca|0228_10.1128_mbio.02583-20_5085db2792	hca:0228_10.1128_mbio.02583-20_5085db2792		B CELL	B CELL	4	3	0.75	29	0.25	0.0
LLMarkers	llmarkers|hca|0228_10.1128_mbio.02583-20_5085db2792	llmarkers|hca|0228_10.1128_mbio.02583-20_5085db2792	hca:0228_10.1128_mbio.02583-20_5085db2792		DENDRITIC CELL	DENDRITIC CELL	5	5	1.0	6	0.0	0.0
LLMarkers	llmarkers|hca|0228_10.1128_mbio.02583-20_5085db2792	llmarkers|hca|0228_10.1128_mbio.02583-20_5085db2792	hca:0228_10.1128_mbio.02583-20_5085db2792		MACROPHAGE	MACROPHAGE	3	2	0.6666666666666666	28	0.6666666666666666	0.5
LLMarkers	llmarkers|hca|0228_10.1128_mbio.02583-20_5085db2792	llmarkers|hca|0228_10.1128_mbio.02583-20_5085db2792	hca:0228_10.1128_mbio.02583-20_5085db2792		MEMORY B CELL	MEMORY B CELL	4	2	0.5	4	0.75	0.5
LLMarkers	llmarkers|hca|0228_10.1128_mbio.02583-20_5085db2792	llmarkers|hca|0228_10.1128_mbio.02583-20_5085db2792	hca:0228_10.1128_mbio.02583-20_5085db2792		MONOCYTE	MONOCYTE	4	3	0.75	23	0.25	0.0
LLMarkers	llmarkers|hca|0228_10.1128_mbio.02583-20_5085db2792	llmarkers|hca|0228_10.1128_mbio.02583-20_5085db2792	hca:0228_10.1128_mbio.02583-20_5085db2792		PLASMA CELL	PLASMA CELL	4	1	0.25	15	1.0	1.0
LLMarkers	llmarkers|hca|0228_10.1128_mbio.02583-20_5085db2792	llmarkers|hca|0228_10.1128_mbio.02583-20_5085db2792	hca:0228_10.1128_mbio.02583-20_5085db2792		PLASMABLAST	PLASMABLAST	4	1	0.25	3	1.0	1.0
LLMarkers	llmarkers|hca|0228_10.1128_mbio.02583-20_5085db2792	llmarkers|hca|0228_10.1128_mbio.02583-20_5085db2792	hca:0228_10.1128_mbio.02583-20_5085db2792		T CELL	T CELL	3	3	1.0	37	0.3333333333333333	0.3333333333333333
LLMarkers	llmarkers|hca|0229_10.15252_msb.20178041_0277072a61	llmarkers|hca|0229_10.15252_msb.20178041_0277072a61	hca:0229_10.15252_msb.20178041_0277072a61		B CELLS	B CELLS	4	4	1.0	4	0.5	0.5
LLMarkers	llmarkers|hca|0229_10.15252_msb.20178041_0277072a61	llmarkers|hca|0229_10.15252_msb.20178041_0277072a61	hca:0229_10.15252_msb.20178041_0277072a61		GMP	GMP	4	2	0.5	1	0.0	0.0
LLMarkers	llmarkers|hca|0229_10.15252_msb.20178041_0277072a61	llmarkers|hca|0229_10.15252_msb.20178041_0277072a61	hca:0229_10.15252_msb.20178041_0277072a61		LMPP	LMPP	3	0	0.0	1	0.0	
LLMarkers	llmarkers|hca|0229_10.15252_msb.20178041_0277072a61	llmarkers|hca|0229_10.15252_msb.20178041_0277072a61	hca:0229_10.15252_msb.20178041_0277072a61		MEP	MEP	3	3	1.0	0		
LLMarkers	llmarkers|hca|0229_10.15252_msb.20178041_0277072a61	llmarkers|hca|0229_10.15252_msb.20178041_0277072a61	hca:0229_10.15252_msb.20178041_0277072a61		MK PROGENITOR	MK PROGENITOR	3	3	1.0	0		
LLMarkers	llmarkers|hca|0229_10.15252_msb.20178041_0277072a61	llmarkers|hca|0229_10.15252_msb.20178041_0277072a61	hca:0229_10.15252_msb.20178041_0277072a61		NEU/MO PROGENITORS	NEU MO PROGENITORS	7	3	0.42857142857142855	0		
LLMarkers	llmarkers|hca|0229_10.15252_msb.20178041_0277072a61	llmarkers|hca|0229_10.15252_msb.20178041_0277072a61	hca:0229_10.15252_msb.20178041_0277072a61		T CELL	T CELL	4	4	1.0	37	0.75	0.75
LLMarkers	llmarkers|hca|0231_10.1101_2023.08.08.551504_0d646c9546	llmarkers|hca|0231_10.1101_2023.08.08.551504_0d646c9546	hca:0231_10.1101_2023.08.08.551504_0d646c9546		IFE BASAL K	IFE BASAL K	3	3	1.0	0		
LLMarkers	llmarkers|hca|0231_10.1101_2023.08.08.551504_0d646c9546	llmarkers|hca|0231_10.1101_2023.08.08.551504_0d646c9546	hca:0231_10.1101_2023.08.08.551504_0d646c9546		SPINOUS IFE KERATINOCYTE	SPINOUS IFE KERATINOCYTE	3	3	1.0	0		
LLMarkers	llmarkers|hca|0233_10.1038_s41590-025-02241-4_110ace5bba	llmarkers|hca|0233_10.1038_s41590-025-02241-4_110ace5bba	hca:0233_10.1038_s41590-025-02241-4_110ace5bba		CD4 + AND CD8 + T RM CELL	CD 4 AND CD 8 T RM CELL	5	4	0.8	0		
LLMarkers	llmarkers|hca|0233_10.1038_s41590-025-02241-4_110ace5bba	llmarkers|hca|0233_10.1038_s41590-025-02241-4_110ace5bba	hca:0233_10.1038_s41590-025-02241-4_110ace5bba		CD4 + T CELL	CD 4 T CELL	10	5	0.5	16	0.4	0.4
LLMarkers	llmarkers|hca|0233_10.1038_s41590-025-02241-4_110ace5bba	llmarkers|hca|0233_10.1038_s41590-025-02241-4_110ace5bba	hca:0233_10.1038_s41590-025-02241-4_110ace5bba		CD8 + T CELL	CD 8 T CELL	9	8	0.8888888888888888	14	0.5555555555555556	0.625
LLMarkers	llmarkers|hca|0233_10.1038_s41590-025-02241-4_110ace5bba	llmarkers|hca|0233_10.1038_s41590-025-02241-4_110ace5bba	hca:0233_10.1038_s41590-025-02241-4_110ace5bba		CD8 + T EMRA CELL	CD 8 T EMRA CELL	10	6	0.6	0		
LLMarkers	llmarkers|hca|0233_10.1038_s41590-025-02241-4_110ace5bba	llmarkers|hca|0233_10.1038_s41590-025-02241-4_110ace5bba	hca:0233_10.1038_s41590-025-02241-4_110ace5bba		JEJ MACROPHAGE	JEJ MACROPHAGE	5	5	1.0	0		
LLMarkers	llmarkers|hca|0233_10.1038_s41590-025-02241-4_110ace5bba	llmarkers|hca|0233_10.1038_s41590-025-02241-4_110ace5bba	hca:0233_10.1038_s41590-025-02241-4_110ace5bba		LUNG MACROPHAGE	LUNG MACROPHAGE	6	5	0.8333333333333334	0		
LLMarkers	llmarkers|hca|0233_10.1038_s41590-025-02241-4_110ace5bba	llmarkers|hca|0233_10.1038_s41590-025-02241-4_110ace5bba	hca:0233_10.1038_s41590-025-02241-4_110ace5bba		LUNG T RM CELL	LUNG T RM CELL	5	0	0.0	0		
LLMarkers	llmarkers|hca|0233_10.1038_s41590-025-02241-4_110ace5bba	llmarkers|hca|0233_10.1038_s41590-025-02241-4_110ace5bba	hca:0233_10.1038_s41590-025-02241-4_110ace5bba		MACROPHAGE	MACROPHAGE	14	13	0.9285714285714286	28	0.42857142857142855	0.38461538461538464
LLMarkers	llmarkers|hca|0233_10.1038_s41590-025-02241-4_110ace5bba	llmarkers|hca|0233_10.1038_s41590-025-02241-4_110ace5bba	hca:0233_10.1038_s41590-025-02241-4_110ace5bba		MEMORY B CELL	MEMORY B CELL	13	8	0.6153846153846154	4	0.0	0.0
LLMarkers	llmarkers|hca|0233_10.1038_s41590-025-02241-4_110ace5bba	llmarkers|hca|0233_10.1038_s41590-025-02241-4_110ace5bba	hca:0233_10.1038_s41590-025-02241-4_110ace5bba		NAIVE B CELL	NAIVE B CELL	3	0	0.0	1	0.0	
LLMarkers	llmarkers|hca|0233_10.1038_s41590-025-02241-4_110ace5bba	llmarkers|hca|0233_10.1038_s41590-025-02241-4_110ace5bba	hca:0233_10.1038_s41590-025-02241-4_110ace5bba		NON-CLASSICAL MONOCYTE	NON CLASSICAL MONOCYTE	6	5	0.8333333333333334	1	0.0	0.0
LLMarkers	llmarkers|hca|0233_10.1038_s41590-025-02241-4_110ace5bba	llmarkers|hca|0233_10.1038_s41590-025-02241-4_110ace5bba	hca:0233_10.1038_s41590-025-02241-4_110ace5bba		PLASMA CELL	PLASMA CELL	4	4	1.0	15	0.25	0.25
LLMarkers	llmarkers|hca|0233_10.1038_s41590-025-02241-4_110ace5bba	llmarkers|hca|0233_10.1038_s41590-025-02241-4_110ace5bba	hca:0233_10.1038_s41590-025-02241-4_110ace5bba		T RM CELL	T RM CELL	7	6	0.8571428571428571	0		
LLMarkers	llmarkers|hca|0234_10.1038_s41467-022-32972-z_b918df798f	llmarkers|hca|0234_10.1038_s41467-022-32972-z_b918df798f	hca:0234_10.1038_s41467-022-32972-z_b918df798f		PROXIMAL TUBULE	PROXIMAL TUBULE	9	7	0.7777777777777778	3	0.3333333333333333	0.42857142857142855
LLMarkers	llmarkers|hca|0234_10.1038_s41467-022-32972-z_b918df798f	llmarkers|hca|0234_10.1038_s41467-022-32972-z_b918df798f	hca:0234_10.1038_s41467-022-32972-z_b918df798f		PT_VCAM1	PT VCAM 1	12	10	0.8333333333333334	1	0.25	0.3
LLMarkers	llmarkers|hca|0234_10.1038_s41467-022-32972-z_b918df798f	llmarkers|hca|0234_10.1038_s41467-022-32972-z_b918df798f	hca:0234_10.1038_s41467-022-32972-z_b918df798f		TAL1	TAL 1	3	1	0.3333333333333333	1	0.3333333333333333	1.0
LLMarkers	llmarkers|hca|0235_10.1016_j.isci.2024.111337_a37d387ae6	llmarkers|hca|0235_10.1016_j.isci.2024.111337_a37d387ae6	hca:0235_10.1016_j.isci.2024.111337_a37d387ae6		BALLOON CELL	BALLOON CELL	5	0	0.0	0		
LLMarkers	llmarkers|hca|0235_10.1016_j.isci.2024.111337_a37d387ae6	llmarkers|hca|0235_10.1016_j.isci.2024.111337_a37d387ae6	hca:0235_10.1016_j.isci.2024.111337_a37d387ae6		CD74 +	CD 74	12	12	1.0	0		
LLMarkers	llmarkers|hca|0235_10.1016_j.isci.2024.111337_a37d387ae6	llmarkers|hca|0235_10.1016_j.isci.2024.111337_a37d387ae6	hca:0235_10.1016_j.isci.2024.111337_a37d387ae6		CD83 +	CD 83	6	6	1.0	0		
LLMarkers	llmarkers|hca|0235_10.1016_j.isci.2024.111337_a37d387ae6	llmarkers|hca|0235_10.1016_j.isci.2024.111337_a37d387ae6	hca:0235_10.1016_j.isci.2024.111337_a37d387ae6		DIFFERENTIATED ASTROCYTE	DIFFERENTIATED ASTROCYTE	3	3	1.0	0		
LLMarkers	llmarkers|hca|0235_10.1016_j.isci.2024.111337_a37d387ae6	llmarkers|hca|0235_10.1016_j.isci.2024.111337_a37d387ae6	hca:0235_10.1016_j.isci.2024.111337_a37d387ae6		IMMATURE ASTROCYTE	IMMATURE ASTROCYTE	4	3	0.75	0		
LLMarkers	llmarkers|hca|0235_10.1016_j.isci.2024.111337_a37d387ae6	llmarkers|hca|0235_10.1016_j.isci.2024.111337_a37d387ae6	hca:0235_10.1016_j.isci.2024.111337_a37d387ae6		REACTIVE ASTROCYTE	REACTIVE ASTROCYTE	5	0	0.0	0		
LLMarkers	llmarkers|hca|0238_10.1002_art.41813_55de40d8f6	llmarkers|hca|0238_10.1002_art.41813_55de40d8f6	hca:0238_10.1002_art.41813_55de40d8f6		CCR1+ MACROPHAGE	CCR 1 MACROPHAGE	9	8	0.8888888888888888	0		
LLMarkers	llmarkers|hca|0238_10.1002_art.41813_55de40d8f6	llmarkers|hca|0238_10.1002_art.41813_55de40d8f6	hca:0238_10.1002_art.41813_55de40d8f6		FCGR3A+ MACROPHAGE	FCGR 3 A MACROPHAGE	8	6	0.75	0		
LLMarkers	llmarkers|hca|0238_10.1002_art.41813_55de40d8f6	llmarkers|hca|0238_10.1002_art.41813_55de40d8f6	hca:0238_10.1002_art.41813_55de40d8f6		FCN1+ MO-DC	FCN 1 MO DC	5	5	1.0	0		
LLMarkers	llmarkers|hca|0238_10.1002_art.41813_55de40d8f6	llmarkers|hca|0238_10.1002_art.41813_55de40d8f6	hca:0238_10.1002_art.41813_55de40d8f6		MARCO+ MACROPHAGE	MARCO MACROPHAGE	4	3	0.75	0		
LLMarkers	llmarkers|hca|0238_10.1002_art.41813_55de40d8f6	llmarkers|hca|0238_10.1002_art.41813_55de40d8f6	hca:0238_10.1002_art.41813_55de40d8f6		PROLIFERATING CDC2	PROLIFERATING CDC 2	5	5	1.0	0		
LLMarkers	llmarkers|hca|0239_10.1038_s41467-021-24607-6_2a0350c2e5	llmarkers|hca|0239_10.1038_s41467-021-24607-6_2a0350c2e5	hca:0239_10.1038_s41467-021-24607-6_2a0350c2e5		ANGPTL7 / C2ORF40 / SFRP4 -EXPRESSING CELL	ANGPTL 7 C 2 ORF 40 SFRP 4 EXPRESSING CELL	3	2	0.6666666666666666	0		
LLMarkers	llmarkers|hca|0239_10.1038_s41467-021-24607-6_2a0350c2e5	llmarkers|hca|0239_10.1038_s41467-021-24607-6_2a0350c2e5	hca:0239_10.1038_s41467-021-24607-6_2a0350c2e5		ASPN / POSTN	ASPN POSTN	3	3	1.0	0		
LLMarkers	llmarkers|hca|0239_10.1038_s41467-021-24607-6_2a0350c2e5	llmarkers|hca|0239_10.1038_s41467-021-24607-6_2a0350c2e5	hca:0239_10.1038_s41467-021-24607-6_2a0350c2e5		DERMAL SHEATH CELL	DERMAL SHEATH CELL	3	2	0.6666666666666666	0		
LLMarkers	llmarkers|hca|0239_10.1038_s41467-021-24607-6_2a0350c2e5	llmarkers|hca|0239_10.1038_s41467-021-24607-6_2a0350c2e5	hca:0239_10.1038_s41467-021-24607-6_2a0350c2e5		FIBROBLAST	FIBROBLAST	3	3	1.0	28	1.0	1.0
LLMarkers	llmarkers|hca|0239_10.1038_s41467-021-24607-6_2a0350c2e5	llmarkers|hca|0239_10.1038_s41467-021-24607-6_2a0350c2e5	hca:0239_10.1038_s41467-021-24607-6_2a0350c2e5		MYOFIBROBLAST	MYOFIBROBLAST	11	7	0.6363636363636364	7	0.18181818181818182	0.0
LLMarkers	llmarkers|hca|0239_10.1038_s41467-021-24607-6_2a0350c2e5	llmarkers|hca|0239_10.1038_s41467-021-24607-6_2a0350c2e5	hca:0239_10.1038_s41467-021-24607-6_2a0350c2e5		PERICYTE	PERICYTE	3	3	1.0	13	1.0	1.0
LLMarkers	llmarkers|hca|0239_10.1038_s41467-021-24607-6_2a0350c2e5	llmarkers|hca|0239_10.1038_s41467-021-24607-6_2a0350c2e5	hca:0239_10.1038_s41467-021-24607-6_2a0350c2e5		SFRP2 HI PRSS23 + WIF1 − CELL	SFRP 2 HI PRSS 23 WIF 1 CELL	4	2	0.5	0		
LLMarkers	llmarkers|hca|0243_10.1038_s41586-023-05915-x_2f4aafa6a2	llmarkers|hca|0243_10.1038_s41586-023-05915-x_2f4aafa6a2	hca:0243_10.1038_s41586-023-05915-x_2f4aafa6a2		ADIPOCYTE	ADIPOCYTE	3	3	1.0	4	1.0	1.0
LLMarkers	llmarkers|hca|0243_10.1038_s41586-023-05915-x_2f4aafa6a2	llmarkers|hca|0243_10.1038_s41586-023-05915-x_2f4aafa6a2	hca:0243_10.1038_s41586-023-05915-x_2f4aafa6a2		B CELL	B CELL	3	3	1.0	29	1.0	1.0
LLMarkers	llmarkers|hca|0243_10.1038_s41586-023-05915-x_2f4aafa6a2	llmarkers|hca|0243_10.1038_s41586-023-05915-x_2f4aafa6a2	hca:0243_10.1038_s41586-023-05915-x_2f4aafa6a2		CD4+ AND CD8+ T CELL	CD 4 AND CD 8 T CELL	5	5	1.0	0		
LLMarkers	llmarkers|hca|0243_10.1038_s41586-023-05915-x_2f4aafa6a2	llmarkers|hca|0243_10.1038_s41586-023-05915-x_2f4aafa6a2	hca:0243_10.1038_s41586-023-05915-x_2f4aafa6a2		ENTEROENDOCRINE CELL	ENTEROENDOCRINE CELL	5	3	0.6	6	0.4	0.3333333333333333
LLMarkers	llmarkers|hca|0243_10.1038_s41586-023-05915-x_2f4aafa6a2	llmarkers|hca|0243_10.1038_s41586-023-05915-x_2f4aafa6a2	hca:0243_10.1038_s41586-023-05915-x_2f4aafa6a2		ENTEROENDOCRINE/ENTEROCHROMAFFIN CELL	ENTEROENDOCRINE ENTEROCHROMAFFIN CELL	3	3	1.0	0		
LLMarkers	llmarkers|hca|0243_10.1038_s41586-023-05915-x_2f4aafa6a2	llmarkers|hca|0243_10.1038_s41586-023-05915-x_2f4aafa6a2	hca:0243_10.1038_s41586-023-05915-x_2f4aafa6a2		FIBROBLAST	FIBROBLAST	3	3	1.0	28	0.3333333333333333	0.3333333333333333
LLMarkers	llmarkers|hca|0243_10.1038_s41586-023-05915-x_2f4aafa6a2	llmarkers|hca|0243_10.1038_s41586-023-05915-x_2f4aafa6a2	hca:0243_10.1038_s41586-023-05915-x_2f4aafa6a2		GLIAL CELL	GLIAL CELL	3	3	1.0	3	1.0	1.0
LLMarkers	llmarkers|hca|0243_10.1038_s41586-023-05915-x_2f4aafa6a2	llmarkers|hca|0243_10.1038_s41586-023-05915-x_2f4aafa6a2	hca:0243_10.1038_s41586-023-05915-x_2f4aafa6a2		GOBLET CELL	GOBLET CELL	6	6	1.0	7	0.3333333333333333	0.3333333333333333
LLMarkers	llmarkers|hca|0243_10.1038_s41586-023-05915-x_2f4aafa6a2	llmarkers|hca|0243_10.1038_s41586-023-05915-x_2f4aafa6a2	hca:0243_10.1038_s41586-023-05915-x_2f4aafa6a2		IMMATURE GOBLET CELL	IMMATURE GOBLET CELL	3	3	1.0	0		
LLMarkers	llmarkers|hca|0243_10.1038_s41586-023-05915-x_2f4aafa6a2	llmarkers|hca|0243_10.1038_s41586-023-05915-x_2f4aafa6a2	hca:0243_10.1038_s41586-023-05915-x_2f4aafa6a2		INTERSTITIAL CELL OF CAJAL	INTERSTITIAL CELL OF CAJAL	4	4	1.0	0		
LLMarkers	llmarkers|hca|0243_10.1038_s41586-023-05915-x_2f4aafa6a2	llmarkers|hca|0243_10.1038_s41586-023-05915-x_2f4aafa6a2	hca:0243_10.1038_s41586-023-05915-x_2f4aafa6a2		L CELL	L CELL	3	1	0.3333333333333333	0		
LLMarkers	llmarkers|hca|0243_10.1038_s41586-023-05915-x_2f4aafa6a2	llmarkers|hca|0243_10.1038_s41586-023-05915-x_2f4aafa6a2	hca:0243_10.1038_s41586-023-05915-x_2f4aafa6a2		MAST CELL	MAST CELL	3	3	1.0	14	1.0	1.0
LLMarkers	llmarkers|hca|0243_10.1038_s41586-023-05915-x_2f4aafa6a2	llmarkers|hca|0243_10.1038_s41586-023-05915-x_2f4aafa6a2	hca:0243_10.1038_s41586-023-05915-x_2f4aafa6a2		NEURON	NEURON	3	3	1.0	1	0.3333333333333333	0.3333333333333333
LLMarkers	llmarkers|hca|0243_10.1038_s41586-023-05915-x_2f4aafa6a2	llmarkers|hca|0243_10.1038_s41586-023-05915-x_2f4aafa6a2	hca:0243_10.1038_s41586-023-05915-x_2f4aafa6a2		PERICYTE	PERICYTE	3	3	1.0	13	0.6666666666666666	0.6666666666666666
LLMarkers	llmarkers|hca|0243_10.1038_s41586-023-05915-x_2f4aafa6a2	llmarkers|hca|0243_10.1038_s41586-023-05915-x_2f4aafa6a2	hca:0243_10.1038_s41586-023-05915-x_2f4aafa6a2		PLASMA CELL	PLASMA CELL	3	3	1.0	15	0.0	0.0
LLMarkers	llmarkers|hca|0243_10.1038_s41586-023-05915-x_2f4aafa6a2	llmarkers|hca|0243_10.1038_s41586-023-05915-x_2f4aafa6a2	hca:0243_10.1038_s41586-023-05915-x_2f4aafa6a2		SMOOTH MUSCLE/MYOFIBROBLAST	SMOOTH MUSCLE MYOFIBROBLAST	3	3	1.0	0		
LLMarkers	llmarkers|hca|0243_10.1038_s41586-023-05915-x_2f4aafa6a2	llmarkers|hca|0243_10.1038_s41586-023-05915-x_2f4aafa6a2	hca:0243_10.1038_s41586-023-05915-x_2f4aafa6a2		STEM CELL	STEM CELL	8	8	1.0	6	0.625	0.625
LLMarkers	llmarkers|hca|0243_10.1038_s41586-023-05915-x_2f4aafa6a2	llmarkers|hca|0243_10.1038_s41586-023-05915-x_2f4aafa6a2	hca:0243_10.1038_s41586-023-05915-x_2f4aafa6a2		TUFT CELL	TUFT CELL	8	8	1.0	4	0.5	0.5
LLMarkers	llmarkers|hca|0247_10.1038_s41591-018-0096-5_140f8f392a	llmarkers|hca|0247_10.1038_s41591-018-0096-5_140f8f392a	hca:0247_10.1038_s41591-018-0096-5_140f8f392a		CD8+ T CELL	CD 8 T CELL	11	11	1.0	14	0.6363636363636364	0.6363636363636364
LLMarkers	llmarkers|hca|0247_10.1038_s41591-018-0096-5_140f8f392a	llmarkers|hca|0247_10.1038_s41591-018-0096-5_140f8f392a	hca:0247_10.1038_s41591-018-0096-5_140f8f392a		COPD-INDUCED INJURY	COPD INDUCED INJURY	3	3	1.0	0		
LLMarkers	llmarkers|hca|0247_10.1038_s41591-018-0096-5_140f8f392a	llmarkers|hca|0247_10.1038_s41591-018-0096-5_140f8f392a	hca:0247_10.1038_s41591-018-0096-5_140f8f392a		ERYTHROBLAST	ERYTHROBLAST	3	3	1.0	1	0.0	0.0
LLMarkers	llmarkers|hca|0247_10.1038_s41591-018-0096-5_140f8f392a	llmarkers|hca|0247_10.1038_s41591-018-0096-5_140f8f392a	hca:0247_10.1038_s41591-018-0096-5_140f8f392a		FIBROBLAST CLUSTER 2	FIBROBLAST CLUSTER 2	7	7	1.0	0		
LLMarkers	llmarkers|hca|0251_10.1038_s41588-023-01298-x_c85e8d4857	llmarkers|hca|0251_10.1038_s41588-023-01298-x_c85e8d4857	hca:0251_10.1038_s41588-023-01298-x_c85e8d4857		BASAL	BASAL	3	3	1.0	6	0.0	0.0
LLMarkers	llmarkers|hca|0251_10.1038_s41588-023-01298-x_c85e8d4857	llmarkers|hca|0251_10.1038_s41588-023-01298-x_c85e8d4857	hca:0251_10.1038_s41588-023-01298-x_c85e8d4857		FIBROBLASTS	FIBROBLASTS	8	6	0.75	5	0.0	0.0
LLMarkers	llmarkers|hca|0251_10.1038_s41588-023-01298-x_c85e8d4857	llmarkers|hca|0251_10.1038_s41588-023-01298-x_c85e8d4857	hca:0251_10.1038_s41588-023-01298-x_c85e8d4857		LUMINAL 1	LUMINAL 1	4	4	1.0	0		
LLMarkers	llmarkers|hca|0251_10.1038_s41588-023-01298-x_c85e8d4857	llmarkers|hca|0251_10.1038_s41588-023-01298-x_c85e8d4857	hca:0251_10.1038_s41588-023-01298-x_c85e8d4857		PERICYTES	PERICYTES	9	7	0.7777777777777778	4	0.1111111111111111	0.14285714285714285
LLMarkers	llmarkers|hca|0252_10.1073_pnas.2025813118_95804f2d74	llmarkers|hca|0252_10.1073_pnas.2025813118_95804f2d74	hca:0252_10.1073_pnas.2025813118_95804f2d74		MATURE OLIGODENDROCYTE	MATURE OLIGODENDROCYTE	12	12	1.0	0		
LLMarkers	llmarkers|hca|0252_10.1073_pnas.2025813118_95804f2d74	llmarkers|hca|0252_10.1073_pnas.2025813118_95804f2d74	hca:0252_10.1073_pnas.2025813118_95804f2d74		STRESSED OLIGODENDROCYTE	STRESSED OLIGODENDROCYTE	3	3	1.0	0		
LLMarkers	llmarkers|hca|0252_10.1073_pnas.2025813118_95804f2d74	llmarkers|hca|0252_10.1073_pnas.2025813118_95804f2d74	hca:0252_10.1073_pnas.2025813118_95804f2d74		TH17	TH 17	3	3	1.0	2	0.3333333333333333	0.3333333333333333
LLMarkers	llmarkers|hca|0253_10.1038_s41587-019-0068-4_077f63be55	llmarkers|hca|0253_10.1038_s41587-019-0068-4_077f63be55	hca:0253_10.1038_s41587-019-0068-4_077f63be55		ERYTHROID	ERYTHROID	6	6	1.0	0		
LLMarkers	llmarkers|hca|0255_10.1183_13993003.02441-2018_9965f84ef5	llmarkers|hca|0255_10.1183_13993003.02441-2018_9965f84ef5	hca:0255_10.1183_13993003.02441-2018_9965f84ef5		FCN1 HI MONOCYTE/MACROPHAGES	FCN 1 HI MONOCYTE MACROPHAGES	7	7	1.0	0		
LLMarkers	llmarkers|hca|0255_10.1183_13993003.02441-2018_9965f84ef5	llmarkers|hca|0255_10.1183_13993003.02441-2018_9965f84ef5	hca:0255_10.1183_13993003.02441-2018_9965f84ef5		NK CELLS	NK CELLS	3	3	1.0	4	0.6666666666666666	0.6666666666666666
LLMarkers	llmarkers|hca|0255_10.1183_13993003.02441-2018_9965f84ef5	llmarkers|hca|0255_10.1183_13993003.02441-2018_9965f84ef5	hca:0255_10.1183_13993003.02441-2018_9965f84ef5		PROLIFERATING MACROPHAGES	PROLIFERATING MACROPHAGES	4	4	1.0	0		
LLMarkers	llmarkers|hca|0255_10.1183_13993003.02441-2018_9965f84ef5	llmarkers|hca|0255_10.1183_13993003.02441-2018_9965f84ef5	hca:0255_10.1183_13993003.02441-2018_9965f84ef5		SPP1 HI MACROPHAGES	SPP 1 HI MACROPHAGES	12	12	1.0	0		
LLMarkers	llmarkers|hca|0256_10.1038_nbt.2859_240ea4136e	llmarkers|hca|0256_10.1038_nbt.2859_240ea4136e	hca:0256_10.1038_nbt.2859_240ea4136e		MYOBLAST DIFFERENTIATION	MYOBLAST DIFFERENTIATION	3	3	1.0	0		
LLMarkers	llmarkers|hca|0259_10.1038_s41590-019-0425-y_86ec5764bb	llmarkers|hca|0259_10.1038_s41590-019-0425-y_86ec5764bb	hca:0259_10.1038_s41590-019-0425-y_86ec5764bb		CLUSTER 4	CLUSTER 4	10	2	0.2	10	0.0	0.0
LLMarkers	llmarkers|hca|0259_10.1038_s41590-019-0425-y_86ec5764bb	llmarkers|hca|0259_10.1038_s41590-019-0425-y_86ec5764bb	hca:0259_10.1038_s41590-019-0425-y_86ec5764bb		CLUSTER 5	CLUSTER 5	3	1	0.3333333333333333	8	0.0	0.0
LLMarkers	llmarkers|hca|0259_10.1038_s41590-019-0425-y_86ec5764bb	llmarkers|hca|0259_10.1038_s41590-019-0425-y_86ec5764bb	hca:0259_10.1038_s41590-019-0425-y_86ec5764bb		CLUSTER 7	CLUSTER 7	3	1	0.3333333333333333	4	0.6666666666666666	1.0
LLMarkers	llmarkers|hca|0259_10.1038_s41590-019-0425-y_86ec5764bb	llmarkers|hca|0259_10.1038_s41590-019-0425-y_86ec5764bb	hca:0259_10.1038_s41590-019-0425-y_86ec5764bb		ILC1A	ILC 1 A	16	6	0.375	0		
LLMarkers	llmarkers|hca|0259_10.1038_s41590-019-0425-y_86ec5764bb	llmarkers|hca|0259_10.1038_s41590-019-0425-y_86ec5764bb	hca:0259_10.1038_s41590-019-0425-y_86ec5764bb		ILC1B	ILC 1 B	5	0	0.0	0		
LLMarkers	llmarkers|hca|0259_10.1038_s41590-019-0425-y_86ec5764bb	llmarkers|hca|0259_10.1038_s41590-019-0425-y_86ec5764bb	hca:0259_10.1038_s41590-019-0425-y_86ec5764bb		ILC1S	ILC 1 S	8	1	0.125	0		
LLMarkers	llmarkers|hca|0259_10.1038_s41590-019-0425-y_86ec5764bb	llmarkers|hca|0259_10.1038_s41590-019-0425-y_86ec5764bb	hca:0259_10.1038_s41590-019-0425-y_86ec5764bb		ILC3	ILC 3	9	3	0.3333333333333333	3	0.5555555555555556	0.0
LLMarkers	llmarkers|hca|0259_10.1038_s41590-019-0425-y_86ec5764bb	llmarkers|hca|0259_10.1038_s41590-019-0425-y_86ec5764bb	hca:0259_10.1038_s41590-019-0425-y_86ec5764bb		ILC3A	ILC 3 A	16	7	0.4375	1	0.0	0.0
LLMarkers	llmarkers|hca|0259_10.1038_s41590-019-0425-y_86ec5764bb	llmarkers|hca|0259_10.1038_s41590-019-0425-y_86ec5764bb	hca:0259_10.1038_s41590-019-0425-y_86ec5764bb		ILC3S	ILC 3 S	8	2	0.25	1	0.0	0.0
LLMarkers	llmarkers|hca|0260_10.1084_jem.20190811_d700cd1f81	llmarkers|hca|0260_10.1084_jem.20190811_d700cd1f81	hca:0260_10.1084_jem.20190811_d700cd1f81		ACTIVATED DCS	ACTIVATED DCS	13	6	0.46153846153846156	0		
LLMarkers	llmarkers|hca|0260_10.1084_jem.20190811_d700cd1f81	llmarkers|hca|0260_10.1084_jem.20190811_d700cd1f81	hca:0260_10.1084_jem.20190811_d700cd1f81		ASDCS	ASDCS	4	1	0.25	0		
LLMarkers	llmarkers|hca|0260_10.1084_jem.20190811_d700cd1f81	llmarkers|hca|0260_10.1084_jem.20190811_d700cd1f81	hca:0260_10.1084_jem.20190811_d700cd1f81		PDCS	PDCS	6	2	0.3333333333333333	2	0.3333333333333333	1.0
LLMarkers	llmarkers|hca|0260_10.1084_jem.20190811_d700cd1f81	llmarkers|hca|0260_10.1084_jem.20190811_d700cd1f81	hca:0260_10.1084_jem.20190811_d700cd1f81		SKIN BDCA-2 + CD123 INT DCS	SKIN BDCA 2 CD 123 INT DCS	5	2	0.4	0		
LLMarkers	llmarkers|hca|0261_10.1038_s41467-020-20082-7_77f7a74c30	llmarkers|hca|0261_10.1038_s41467-020-20082-7_77f7a74c30	hca:0261_10.1038_s41467-020-20082-7_77f7a74c30		COMTEC	COMTEC	23	16	0.6956521739130435	0		
LLMarkers	llmarkers|hca|0261_10.1038_s41467-020-20082-7_77f7a74c30	llmarkers|hca|0261_10.1038_s41467-020-20082-7_77f7a74c30	hca:0261_10.1038_s41467-020-20082-7_77f7a74c30		CTEC	CTEC	15	12	0.8	1	0.26666666666666666	0.25
LLMarkers	llmarkers|hca|0261_10.1038_s41467-020-20082-7_77f7a74c30	llmarkers|hca|0261_10.1038_s41467-020-20082-7_77f7a74c30	hca:0261_10.1038_s41467-020-20082-7_77f7a74c30		MTEC	MTEC	6	4	0.6666666666666666	1	0.0	0.0
LLMarkers	llmarkers|hca|0261_10.1038_s41467-020-20082-7_77f7a74c30	llmarkers|hca|0261_10.1038_s41467-020-20082-7_77f7a74c30	hca:0261_10.1038_s41467-020-20082-7_77f7a74c30		TEC	TEC	16	8	0.5	1	0.0	0.0
LLMarkers	llmarkers|hca|0261_10.1038_s41467-020-20082-7_77f7a74c30	llmarkers|hca|0261_10.1038_s41467-020-20082-7_77f7a74c30	hca:0261_10.1038_s41467-020-20082-7_77f7a74c30		TIC	TIC	8	2	0.25	0		
LLMarkers	llmarkers|hca|0262_10.1038_s41586-018-0698-6_e4aeb353b8	llmarkers|hca|0262_10.1038_s41586-018-0698-6_e4aeb353b8	hca:0262_10.1038_s41586-018-0698-6_e4aeb353b8		DS1	DS 1	3	2	0.6666666666666666	0		
LLMarkers	llmarkers|hca|0262_10.1038_s41586-018-0698-6_e4aeb353b8	llmarkers|hca|0262_10.1038_s41586-018-0698-6_e4aeb353b8	hca:0262_10.1038_s41586-018-0698-6_e4aeb353b8		DS2	DS 2	6	0	0.0	0		
LLMarkers	llmarkers|hca|0262_10.1038_s41586-018-0698-6_e4aeb353b8	llmarkers|hca|0262_10.1038_s41586-018-0698-6_e4aeb353b8	hca:0262_10.1038_s41586-018-0698-6_e4aeb353b8		DS3	DS 3	6	0	0.0	0		
LLMarkers	llmarkers|hca|0263_10.1126_science.abq3061_cd915f6391	llmarkers|hca|0263_10.1126_science.abq3061_cd915f6391	hca:0263_10.1126_science.abq3061_cd915f6391		MP/DC	MP DC	13	10	0.7692307692307693	0		
LLMarkers	llmarkers|hca|0263_10.1126_science.abq3061_cd915f6391	llmarkers|hca|0263_10.1126_science.abq3061_cd915f6391	hca:0263_10.1126_science.abq3061_cd915f6391		SPP1+ MACROPHAGE	SPP 1 MACROPHAGE	3	0	0.0	0		
LLMarkers	llmarkers|hca|0264_10.1186_s13059-022-02677-z_ec9d743757	llmarkers|hca|0264_10.1186_s13059-022-02677-z_ec9d743757	hca:0264_10.1186_s13059-022-02677-z_ec9d743757		CAF-S1	CAF S 1	3	1	0.3333333333333333	0		
LLMarkers	llmarkers|hca|0264_10.1186_s13059-022-02677-z_ec9d743757	llmarkers|hca|0264_10.1186_s13059-022-02677-z_ec9d743757	hca:0264_10.1186_s13059-022-02677-z_ec9d743757		CAF-S4	CAF S 4	5	5	1.0	0		
LLMarkers	llmarkers|hca|0264_10.1186_s13059-022-02677-z_ec9d743757	llmarkers|hca|0264_10.1186_s13059-022-02677-z_ec9d743757	hca:0264_10.1186_s13059-022-02677-z_ec9d743757		CD4+ MEMORY CELL	CD 4 MEMORY CELL	3	3	1.0	0		
LLMarkers	llmarkers|hca|0264_10.1186_s13059-022-02677-z_ec9d743757	llmarkers|hca|0264_10.1186_s13059-022-02677-z_ec9d743757	hca:0264_10.1186_s13059-022-02677-z_ec9d743757		CD4+ RESTING CELL	CD 4 RESTING CELL	3	3	1.0	0		
LLMarkers	llmarkers|hca|0264_10.1186_s13059-022-02677-z_ec9d743757	llmarkers|hca|0264_10.1186_s13059-022-02677-z_ec9d743757	hca:0264_10.1186_s13059-022-02677-z_ec9d743757		CD8+ GZMB	CD 8 GZMB	4	3	0.75	0		
LLMarkers	llmarkers|hca|0264_10.1186_s13059-022-02677-z_ec9d743757	llmarkers|hca|0264_10.1186_s13059-022-02677-z_ec9d743757	hca:0264_10.1186_s13059-022-02677-z_ec9d743757		CD8+GZMB	CD 8 GZMB	5	1	0.2	0		
LLMarkers	llmarkers|hca|0264_10.1186_s13059-022-02677-z_ec9d743757	llmarkers|hca|0264_10.1186_s13059-022-02677-z_ec9d743757	hca:0264_10.1186_s13059-022-02677-z_ec9d743757		CD8+GZMK	CD 8 GZMK	6	2	0.3333333333333333	2	0.3333333333333333	0.0
LLMarkers	llmarkers|hca|0264_10.1186_s13059-022-02677-z_ec9d743757	llmarkers|hca|0264_10.1186_s13059-022-02677-z_ec9d743757	hca:0264_10.1186_s13059-022-02677-z_ec9d743757		EPITHELIAL CELL	EPITHELIAL CELL	3	3	1.0	6	1.0	1.0
LLMarkers	llmarkers|hca|0264_10.1186_s13059-022-02677-z_ec9d743757	llmarkers|hca|0264_10.1186_s13059-022-02677-z_ec9d743757	hca:0264_10.1186_s13059-022-02677-z_ec9d743757		FIBROBLAST	FIBROBLAST	4	2	0.5	28	0.75	0.5
LLMarkers	llmarkers|hca|0264_10.1186_s13059-022-02677-z_ec9d743757	llmarkers|hca|0264_10.1186_s13059-022-02677-z_ec9d743757	hca:0264_10.1186_s13059-022-02677-z_ec9d743757		FOXP3 CD4+ TREG	FOXP 3 CD 4 TREG	3	2	0.6666666666666666	0		
LLMarkers	llmarkers|hca|0264_10.1186_s13059-022-02677-z_ec9d743757	llmarkers|hca|0264_10.1186_s13059-022-02677-z_ec9d743757	hca:0264_10.1186_s13059-022-02677-z_ec9d743757		MYELOID CELL	MYELOID CELL	4	4	1.0	9	0.5	0.5
LLMarkers	llmarkers|hca|0264_10.1186_s13059-022-02677-z_ec9d743757	llmarkers|hca|0264_10.1186_s13059-022-02677-z_ec9d743757	hca:0264_10.1186_s13059-022-02677-z_ec9d743757		MYO-FIBROBLASTIC (MYCAF)	MYO FIBROBLASTIC MYCAF	4	0	0.0	0		
LLMarkers	llmarkers|hca|0264_10.1186_s13059-022-02677-z_ec9d743757	llmarkers|hca|0264_10.1186_s13059-022-02677-z_ec9d743757	hca:0264_10.1186_s13059-022-02677-z_ec9d743757		TAM	TAM	3	3	1.0	2	0.3333333333333333	0.3333333333333333
LLMarkers	llmarkers|hca|0264_10.1186_s13059-022-02677-z_ec9d743757	llmarkers|hca|0264_10.1186_s13059-022-02677-z_ec9d743757	hca:0264_10.1186_s13059-022-02677-z_ec9d743757		TGF SS -MYCAF	TGF SS MYCAF	3	2	0.6666666666666666	0		
LLMarkers	llmarkers|hca|0264_10.1186_s13059-022-02677-z_ec9d743757	llmarkers|hca|0264_10.1186_s13059-022-02677-z_ec9d743757	hca:0264_10.1186_s13059-022-02677-z_ec9d743757		WOUND-MYCAF	WOUND MYCAF	3	2	0.6666666666666666	0		
LLMarkers	llmarkers|hca|0265_10.1038_s41591-019-0750-6_ba0c7c2ce5	llmarkers|hca|0265_10.1038_s41591-019-0750-6_ba0c7c2ce5	hca:0265_10.1038_s41591-019-0750-6_ba0c7c2ce5		EPITHELIAL CELL	EPITHELIAL CELL	3	2	0.6666666666666666	6	1.0	1.0
LLMarkers	llmarkers|hca|0265_10.1038_s41591-019-0750-6_ba0c7c2ce5	llmarkers|hca|0265_10.1038_s41591-019-0750-6_ba0c7c2ce5	hca:0265_10.1038_s41591-019-0750-6_ba0c7c2ce5		NEUROENDOCRINE	NEUROENDOCRINE	7	7	1.0	2	0.0	0.0
LLMarkers	llmarkers|hca|0265_10.1038_s41591-019-0750-6_ba0c7c2ce5	llmarkers|hca|0265_10.1038_s41591-019-0750-6_ba0c7c2ce5	hca:0265_10.1038_s41591-019-0750-6_ba0c7c2ce5		NK CELL	NK CELL	4	0	0.0	15	0.75	
LLMarkers	llmarkers|hca|0265_10.1038_s41591-019-0750-6_ba0c7c2ce5	llmarkers|hca|0265_10.1038_s41591-019-0750-6_ba0c7c2ce5	hca:0265_10.1038_s41591-019-0750-6_ba0c7c2ce5		NKT CELL	NKT CELL	4	0	0.0	1	0.25	
LLMarkers	llmarkers|hca|0265_10.1038_s41591-019-0750-6_ba0c7c2ce5	llmarkers|hca|0265_10.1038_s41591-019-0750-6_ba0c7c2ce5	hca:0265_10.1038_s41591-019-0750-6_ba0c7c2ce5		PHENOGRAPH CLUSTER 8	PHENOGRAPH CLUSTER 8	3	2	0.6666666666666666	0		
LLMarkers	llmarkers|hca|0265_10.1038_s41591-019-0750-6_ba0c7c2ce5	llmarkers|hca|0265_10.1038_s41591-019-0750-6_ba0c7c2ce5	hca:0265_10.1038_s41591-019-0750-6_ba0c7c2ce5		TYPE II	TYPE II	3	2	0.6666666666666666	0		
LLMarkers	llmarkers|hca|0266_10.1016_j.neuron.2021.05.003_0cca870e2c	llmarkers|hca|0266_10.1016_j.neuron.2021.05.003_0cca870e2c	hca:0266_10.1016_j.neuron.2021.05.003_0cca870e2c		ASTRO2	ASTRO 2	3	3	1.0	0		
LLMarkers	llmarkers|hca|0266_10.1016_j.neuron.2021.05.003_0cca870e2c	llmarkers|hca|0266_10.1016_j.neuron.2021.05.003_0cca870e2c	hca:0266_10.1016_j.neuron.2021.05.003_0cca870e2c		INHIBITORY NEURON	INHIBITORY NEURON	3	3	1.0	2	0.6666666666666666	0.6666666666666666
LLMarkers	llmarkers|hca|0266_10.1016_j.neuron.2021.05.003_0cca870e2c	llmarkers|hca|0266_10.1016_j.neuron.2021.05.003_0cca870e2c	hca:0266_10.1016_j.neuron.2021.05.003_0cca870e2c		OLIGODENDROCYTE	OLIGODENDROCYTE	3	3	1.0	6	0.6666666666666666	0.6666666666666666
LLMarkers	llmarkers|hca|0267_10.1038_s41586-019-1631-3_36f09e3445	llmarkers|hca|0267_10.1038_s41586-019-1631-3_36f09e3445	hca:0267_10.1038_s41586-019-1631-3_36f09e3445		ENDO(6)	ENDO 6	7	4	0.5714285714285714	0		
LLMarkers	llmarkers|hca|0267_10.1038_s41586-019-1631-3_36f09e3445	llmarkers|hca|0267_10.1038_s41586-019-1631-3_36f09e3445	hca:0267_10.1038_s41586-019-1631-3_36f09e3445		ENDO(7)	ENDO 7	3	1	0.3333333333333333	0		
LLMarkers	llmarkers|hca|0267_10.1038_s41586-019-1631-3_36f09e3445	llmarkers|hca|0267_10.1038_s41586-019-1631-3_36f09e3445	hca:0267_10.1038_s41586-019-1631-3_36f09e3445		KUPFFER CELLS	KUPFFER CELLS	3	3	1.0	0		
LLMarkers	llmarkers|hca|0267_10.1038_s41586-019-1631-3_36f09e3445	llmarkers|hca|0267_10.1038_s41586-019-1631-3_36f09e3445	hca:0267_10.1038_s41586-019-1631-3_36f09e3445		SAENDO	SAENDO	3	3	1.0	0		
LLMarkers	llmarkers|hca|0267_10.1038_s41586-019-1631-3_36f09e3445	llmarkers|hca|0267_10.1038_s41586-019-1631-3_36f09e3445	hca:0267_10.1038_s41586-019-1631-3_36f09e3445		SAMES	SAMES	7	7	1.0	0		
LLMarkers	llmarkers|hca|0267_10.1038_s41586-019-1631-3_36f09e3445	llmarkers|hca|0267_10.1038_s41586-019-1631-3_36f09e3445	hca:0267_10.1038_s41586-019-1631-3_36f09e3445		SAMΦ	SAM	11	10	0.9090909090909091	0		
LLMarkers	llmarkers|hca|0269_10.1016_j.xgen.2022.100142_dd45161589	llmarkers|hca|0269_10.1016_j.xgen.2022.100142_dd45161589	hca:0269_10.1016_j.xgen.2022.100142_dd45161589		RGC	RGC	8	3	0.375	1	0.125	0.0
LLMarkers	llmarkers|hca|0269_10.1016_j.xgen.2022.100142_dd45161589	llmarkers|hca|0269_10.1016_j.xgen.2022.100142_dd45161589	hca:0269_10.1016_j.xgen.2022.100142_dd45161589		RGC1	RGC 1	8	1	0.125	0		
LLMarkers	llmarkers|hca|0269_10.1016_j.xgen.2022.100142_dd45161589	llmarkers|hca|0269_10.1016_j.xgen.2022.100142_dd45161589	hca:0269_10.1016_j.xgen.2022.100142_dd45161589		RGC3	RGC 3	6	0	0.0	0		
LLMarkers	llmarkers|hca|0270_10.1038_s41467-022-30557-4_ba2c76ba96	llmarkers|hca|0270_10.1038_s41467-022-30557-4_ba2c76ba96	hca:0270_10.1038_s41467-022-30557-4_ba2c76ba96		CDC2	CDC 2	5	5	1.0	8	0.4	0.4
LLMarkers	llmarkers|hca|0270_10.1038_s41467-022-30557-4_ba2c76ba96	llmarkers|hca|0270_10.1038_s41467-022-30557-4_ba2c76ba96	hca:0270_10.1038_s41467-022-30557-4_ba2c76ba96		MACROPHAGE	MACROPHAGE	6	6	1.0	28	0.5	0.5
LLMarkers	llmarkers|hca|0270_10.1038_s41467-022-30557-4_ba2c76ba96	llmarkers|hca|0270_10.1038_s41467-022-30557-4_ba2c76ba96	hca:0270_10.1038_s41467-022-30557-4_ba2c76ba96		MP	MP	3	3	1.0	0		
LLMarkers	llmarkers|hca|0271_10.1038_s41591-021-01296-8_efdcdd17f5	llmarkers|hca|0271_10.1038_s41591-021-01296-8_efdcdd17f5	hca:0271_10.1038_s41591-021-01296-8_efdcdd17f5		TYPE 2	TYPE 2	3	3	1.0	0		
LLMarkers	llmarkers|hca|0272_10.1016_j.cell.2020.04.035_15a2d05837	llmarkers|hca|0272_10.1016_j.cell.2020.04.035_15a2d05837	hca:0272_10.1016_j.cell.2020.04.035_15a2d05837		SECRETORY CLUSTER 7	SECRETORY CLUSTER 7	8	6	0.75	0		
LLMarkers	llmarkers|hca|0272_10.1016_j.cell.2020.04.035_15a2d05837	llmarkers|hca|0272_10.1016_j.cell.2020.04.035_15a2d05837	hca:0272_10.1016_j.cell.2020.04.035_15a2d05837		TYPE II PNEUMOCYTE	TYPE II PNEUMOCYTE	5	3	0.6	1	0.0	0.0
LLMarkers	llmarkers|hca|0273_10.15252_embj.20105114_43aa56d0ae	llmarkers|hca|0273_10.15252_embj.20105114_43aa56d0ae	hca:0273_10.15252_embj.20105114_43aa56d0ae		TRANSIENT SECRETORY CELL	TRANSIENT SECRETORY CELL	4	4	1.0	1	1.0	1.0
LLMarkers	llmarkers|hca|0274_10.1016_j.isci.2021.103592_3ec037cca1	llmarkers|hca|0274_10.1016_j.isci.2021.103592_3ec037cca1	hca:0274_10.1016_j.isci.2021.103592_3ec037cca1		C16	C 16	3	2	0.6666666666666666	1	0.0	0.0
LLMarkers	llmarkers|hca|0274_10.1016_j.isci.2021.103592_3ec037cca1	llmarkers|hca|0274_10.1016_j.isci.2021.103592_3ec037cca1	hca:0274_10.1016_j.isci.2021.103592_3ec037cca1		C6	C 6	3	3	1.0	3	0.0	0.0
LLMarkers	llmarkers|hca|0274_10.1016_j.isci.2021.103592_3ec037cca1	llmarkers|hca|0274_10.1016_j.isci.2021.103592_3ec037cca1	hca:0274_10.1016_j.isci.2021.103592_3ec037cca1		ENDOTHELIAL CELLS	ENDOTHELIAL CELLS	3	2	0.6666666666666666	3	0.6666666666666666	0.5
LLMarkers	llmarkers|hca|0274_10.1016_j.isci.2021.103592_3ec037cca1	llmarkers|hca|0274_10.1016_j.isci.2021.103592_3ec037cca1	hca:0274_10.1016_j.isci.2021.103592_3ec037cca1		FIBROBLASTS	FIBROBLASTS	3	3	1.0	5	0.3333333333333333	0.3333333333333333
LLMarkers	llmarkers|hca|0274_10.1016_j.isci.2021.103592_3ec037cca1	llmarkers|hca|0274_10.1016_j.isci.2021.103592_3ec037cca1	hca:0274_10.1016_j.isci.2021.103592_3ec037cca1		LEC	LEC	3	2	0.6666666666666666	1	0.3333333333333333	0.5
LLMarkers	llmarkers|hca|0274_10.1016_j.isci.2021.103592_3ec037cca1	llmarkers|hca|0274_10.1016_j.isci.2021.103592_3ec037cca1	hca:0274_10.1016_j.isci.2021.103592_3ec037cca1		M-ACINAR	M ACINAR	3	3	1.0	0		
LLMarkers	llmarkers|hca|0274_10.1016_j.isci.2021.103592_3ec037cca1	llmarkers|hca|0274_10.1016_j.isci.2021.103592_3ec037cca1	hca:0274_10.1016_j.isci.2021.103592_3ec037cca1		PC	PC	3	3	1.0	4	0.0	0.0
LLMarkers	llmarkers|hca|0274_10.1016_j.isci.2021.103592_3ec037cca1	llmarkers|hca|0274_10.1016_j.isci.2021.103592_3ec037cca1	hca:0274_10.1016_j.isci.2021.103592_3ec037cca1		S-ACINAR	S ACINAR	4	4	1.0	0		
LLMarkers	llmarkers|hca|0274_10.1016_j.isci.2021.103592_3ec037cca1	llmarkers|hca|0274_10.1016_j.isci.2021.103592_3ec037cca1	hca:0274_10.1016_j.isci.2021.103592_3ec037cca1		SMCS	SMCS	3	2	0.6666666666666666	3	0.3333333333333333	0.0
LLMarkers	llmarkers|hca|0275_10.1016_j.cell.2020.08.001_8e5789b307	llmarkers|hca|0275_10.1016_j.cell.2020.08.001_8e5789b307	hca:0275_10.1016_j.cell.2020.08.001_8e5789b307		HLA-DRHI CD83HI MONOCYTE	HLA DRHI CD 83 HI MONOCYTE	3	3	1.0	0		
LLMarkers	llmarkers|hca|0275_10.1016_j.cell.2020.08.001_8e5789b307	llmarkers|hca|0275_10.1016_j.cell.2020.08.001_8e5789b307	hca:0275_10.1016_j.cell.2020.08.001_8e5789b307		IMMATURE NEUTROPHIL	IMMATURE NEUTROPHIL	4	3	0.75	0		
LLMarkers	llmarkers|hca|0275_10.1016_j.cell.2020.08.001_8e5789b307	llmarkers|hca|0275_10.1016_j.cell.2020.08.001_8e5789b307	hca:0275_10.1016_j.cell.2020.08.001_8e5789b307		LDN	LDN	5	5	1.0	0		
LLMarkers	llmarkers|hca|0275_10.1016_j.cell.2020.08.001_8e5789b307	llmarkers|hca|0275_10.1016_j.cell.2020.08.001_8e5789b307	hca:0275_10.1016_j.cell.2020.08.001_8e5789b307		MATURE NEUTROPHIL	MATURE NEUTROPHIL	8	5	0.625	0		
LLMarkers	llmarkers|hca|0275_10.1016_j.cell.2020.08.001_8e5789b307	llmarkers|hca|0275_10.1016_j.cell.2020.08.001_8e5789b307	hca:0275_10.1016_j.cell.2020.08.001_8e5789b307		NEUTROPHIL	NEUTROPHIL	6	2	0.3333333333333333	3	0.0	0.0
LLMarkers	llmarkers|hca|0275_10.1016_j.cell.2020.08.001_8e5789b307	llmarkers|hca|0275_10.1016_j.cell.2020.08.001_8e5789b307	hca:0275_10.1016_j.cell.2020.08.001_8e5789b307		PRE-NEUTROPHIL	PRE NEUTROPHIL	9	5	0.5555555555555556	0		
LLMarkers	llmarkers|hca|0275_10.1016_j.cell.2020.08.001_8e5789b307	llmarkers|hca|0275_10.1016_j.cell.2020.08.001_8e5789b307	hca:0275_10.1016_j.cell.2020.08.001_8e5789b307		PRO-NEUTROPHIL	PRO NEUTROPHIL	8	6	0.75	0		
LLMarkers	llmarkers|hca|0276_10.1161_circulationaha.120.051921_99b9da8ca5	llmarkers|hca|0276_10.1161_circulationaha.120.051921_99b9da8ca5	hca:0276_10.1161_circulationaha.120.051921_99b9da8ca5		CARDIOMYOCYTE	CARDIOMYOCYTE	9	9	1.0	8	0.4444444444444444	0.4444444444444444
LLMarkers	llmarkers|hca|0278_10.1007_s10911-020-09466-z_d1b799dcf6	llmarkers|hca|0278_10.1007_s10911-020-09466-z_d1b799dcf6	hca:0278_10.1007_s10911-020-09466-z_d1b799dcf6		CLUSTER 5	CLUSTER 5	8	8	1.0	8	0.0	0.0
LLMarkers	llmarkers|hca|0278_10.1007_s10911-020-09466-z_d1b799dcf6	llmarkers|hca|0278_10.1007_s10911-020-09466-z_d1b799dcf6	hca:0278_10.1007_s10911-020-09466-z_d1b799dcf6		EARLY DIFFERENTIATED MEC	EARLY DIFFERENTIATED MEC	6	6	1.0	0		
LLMarkers	llmarkers|hca|0278_10.1007_s10911-020-09466-z_d1b799dcf6	llmarkers|hca|0278_10.1007_s10911-020-09466-z_d1b799dcf6	hca:0278_10.1007_s10911-020-09466-z_d1b799dcf6		LUMEC	LUMEC	4	2	0.5	0		
LLMarkers	llmarkers|hca|0278_10.1007_s10911-020-09466-z_d1b799dcf6	llmarkers|hca|0278_10.1007_s10911-020-09466-z_d1b799dcf6	hca:0278_10.1007_s10911-020-09466-z_d1b799dcf6		LUMINAL MEC	LUMINAL MEC	4	2	0.5	0		
LLMarkers	llmarkers|hca|0278_10.1007_s10911-020-09466-z_d1b799dcf6	llmarkers|hca|0278_10.1007_s10911-020-09466-z_d1b799dcf6	hca:0278_10.1007_s10911-020-09466-z_d1b799dcf6		PROGENITOR	PROGENITOR	9	9	1.0	2	0.0	0.0
LLMarkers	llmarkers|hca|0278_10.1007_s10911-020-09466-z_d1b799dcf6	llmarkers|hca|0278_10.1007_s10911-020-09466-z_d1b799dcf6	hca:0278_10.1007_s10911-020-09466-z_d1b799dcf6		PROGENITOR LUMEC	PROGENITOR LUMEC	4	4	1.0	0		
LLMarkers	llmarkers|hca|0278_10.1007_s10911-020-09466-z_d1b799dcf6	llmarkers|hca|0278_10.1007_s10911-020-09466-z_d1b799dcf6	hca:0278_10.1007_s10911-020-09466-z_d1b799dcf6		PROGENITOR SUBCLUSTER	PROGENITOR SUBCLUSTER	5	5	1.0	0		
LLMarkers	llmarkers|hca|0278_10.1007_s10911-020-09466-z_d1b799dcf6	llmarkers|hca|0278_10.1007_s10911-020-09466-z_d1b799dcf6	hca:0278_10.1007_s10911-020-09466-z_d1b799dcf6		SECMEC	SECMEC	7	7	1.0	0		
LLMarkers	llmarkers|hca|0279_10.1186_s12860-019-0199-y_bf14d4299c	llmarkers|hca|0279_10.1186_s12860-019-0199-y_bf14d4299c	hca:0279_10.1186_s12860-019-0199-y_bf14d4299c		CDC1	CDC 1	7	7	1.0	10	0.8571428571428571	0.8571428571428571
LLMarkers	llmarkers|hca|0279_10.1186_s12860-019-0199-y_bf14d4299c	llmarkers|hca|0279_10.1186_s12860-019-0199-y_bf14d4299c	hca:0279_10.1186_s12860-019-0199-y_bf14d4299c		CDC2	CDC 2	5	5	1.0	8	0.4	0.4
LLMarkers	llmarkers|hca|0280_10.1681_asn.2017080890_022062f455	llmarkers|hca|0280_10.1681_asn.2017080890_022062f455	hca:0280_10.1681_asn.2017080890_022062f455		4A	4 A	8	5	0.625	0		
LLMarkers	llmarkers|hca|0280_10.1681_asn.2017080890_022062f455	llmarkers|hca|0280_10.1681_asn.2017080890_022062f455	hca:0280_10.1681_asn.2017080890_022062f455		4B	4 B	6	3	0.5	0		
LLMarkers	llmarkers|hca|0280_10.1681_asn.2017080890_022062f455	llmarkers|hca|0280_10.1681_asn.2017080890_022062f455	hca:0280_10.1681_asn.2017080890_022062f455		HIPCS	HIPCS	7	7	1.0	0		
LLMarkers	llmarkers|hca|0280_10.1681_asn.2017080890_022062f455	llmarkers|hca|0280_10.1681_asn.2017080890_022062f455	hca:0280_10.1681_asn.2017080890_022062f455		INDUCED NPCS	INDUCED NPCS	5	5	1.0	0		
LLMarkers	llmarkers|hca|0280_10.1681_asn.2017080890_022062f455	llmarkers|hca|0280_10.1681_asn.2017080890_022062f455	hca:0280_10.1681_asn.2017080890_022062f455		NPCS	NPCS	13	7	0.5384615384615384	1	0.0	0.0
LLMarkers	llmarkers|hca|0280_10.1681_asn.2017080890_022062f455	llmarkers|hca|0280_10.1681_asn.2017080890_022062f455	hca:0280_10.1681_asn.2017080890_022062f455		PROLIFERATING CELLS	PROLIFERATING CELLS	3	3	1.0	0		
LLMarkers	llmarkers|hca|0281_10.1016_j.devcel.2019.06.001_238d93bfef	llmarkers|hca|0281_10.1016_j.devcel.2019.06.001_238d93bfef	hca:0281_10.1016_j.devcel.2019.06.001_238d93bfef		EARLY AND LATE PODOCYTE	EARLY AND LATE PODOCYTE	3	0	0.0	0		
LLMarkers	llmarkers|hca|0281_10.1016_j.devcel.2019.06.001_238d93bfef	llmarkers|hca|0281_10.1016_j.devcel.2019.06.001_238d93bfef	hca:0281_10.1016_j.devcel.2019.06.001_238d93bfef		EARLY PODOCYTE	EARLY PODOCYTE	8	4	0.5	0		
LLMarkers	llmarkers|hca|0281_10.1016_j.devcel.2019.06.001_238d93bfef	llmarkers|hca|0281_10.1016_j.devcel.2019.06.001_238d93bfef	hca:0281_10.1016_j.devcel.2019.06.001_238d93bfef		ENDOTHELIAL COMPONENT	ENDOTHELIAL COMPONENT	6	6	1.0	0		
LLMarkers	llmarkers|hca|0281_10.1016_j.devcel.2019.06.001_238d93bfef	llmarkers|hca|0281_10.1016_j.devcel.2019.06.001_238d93bfef	hca:0281_10.1016_j.devcel.2019.06.001_238d93bfef		GLOMERULAR VASCULAR CELL	GLOMERULAR VASCULAR CELL	3	3	1.0	0		
LLMarkers	llmarkers|hca|0281_10.1016_j.devcel.2019.06.001_238d93bfef	llmarkers|hca|0281_10.1016_j.devcel.2019.06.001_238d93bfef	hca:0281_10.1016_j.devcel.2019.06.001_238d93bfef		INTERSTITIAL CELL	INTERSTITIAL CELL	3	3	1.0	1	0.0	0.0
LLMarkers	llmarkers|hca|0281_10.1016_j.devcel.2019.06.001_238d93bfef	llmarkers|hca|0281_10.1016_j.devcel.2019.06.001_238d93bfef	hca:0281_10.1016_j.devcel.2019.06.001_238d93bfef		LATE PODOCYTE	LATE PODOCYTE	12	7	0.5833333333333334	0		
LLMarkers	llmarkers|hca|0281_10.1016_j.devcel.2019.06.001_238d93bfef	llmarkers|hca|0281_10.1016_j.devcel.2019.06.001_238d93bfef	hca:0281_10.1016_j.devcel.2019.06.001_238d93bfef		MESANGIAL CELL	MESANGIAL CELL	7	7	1.0	3	0.0	0.0
LLMarkers	llmarkers|hca|0281_10.1016_j.devcel.2019.06.001_238d93bfef	llmarkers|hca|0281_10.1016_j.devcel.2019.06.001_238d93bfef	hca:0281_10.1016_j.devcel.2019.06.001_238d93bfef		PODOCYTE	PODOCYTE	18	13	0.7222222222222222	6	0.3888888888888889	0.46153846153846156
LLMarkers	llmarkers|hca|0281_10.1016_j.devcel.2019.06.001_238d93bfef	llmarkers|hca|0281_10.1016_j.devcel.2019.06.001_238d93bfef	hca:0281_10.1016_j.devcel.2019.06.001_238d93bfef		PODOCYTE PRECURSOR	PODOCYTE PRECURSOR	4	0	0.0	1	1.0	
LLMarkers	llmarkers|hca|0281_10.1016_j.devcel.2019.06.001_238d93bfef	llmarkers|hca|0281_10.1016_j.devcel.2019.06.001_238d93bfef	hca:0281_10.1016_j.devcel.2019.06.001_238d93bfef		PRECURSOR OF THE MEDIAL/DISTAL SEGMENT	PRECURSOR OF THE MEDIAL DISTAL SEGMENT	3	3	1.0	0		
LLMarkers	llmarkers|hca|0283_10.1161_circulationaha.120.052318_08d58c2441	llmarkers|hca|0283_10.1161_circulationaha.120.052318_08d58c2441	hca:0283_10.1161_circulationaha.120.052318_08d58c2441		AEROCYTE	AEROCYTE	7	7	1.0	0		
LLMarkers	llmarkers|hca|0283_10.1161_circulationaha.120.052318_08d58c2441	llmarkers|hca|0283_10.1161_circulationaha.120.052318_08d58c2441	hca:0283_10.1161_circulationaha.120.052318_08d58c2441		ARTERIAL EC	ARTERIAL EC	28	28	1.0	0		
LLMarkers	llmarkers|hca|0283_10.1161_circulationaha.120.052318_08d58c2441	llmarkers|hca|0283_10.1161_circulationaha.120.052318_08d58c2441	hca:0283_10.1161_circulationaha.120.052318_08d58c2441		CAPILLARY EC	CAPILLARY EC	24	24	1.0	0		
LLMarkers	llmarkers|hca|0283_10.1161_circulationaha.120.052318_08d58c2441	llmarkers|hca|0283_10.1161_circulationaha.120.052318_08d58c2441	hca:0283_10.1161_circulationaha.120.052318_08d58c2441		ENDOTHELIAL CELL	ENDOTHELIAL CELL	37	37	1.0	27	0.1891891891891892	0.1891891891891892
LLMarkers	llmarkers|hca|0283_10.1161_circulationaha.120.052318_08d58c2441	llmarkers|hca|0283_10.1161_circulationaha.120.052318_08d58c2441	hca:0283_10.1161_circulationaha.120.052318_08d58c2441		LYMPHATIC EC	LYMPHATIC EC	14	13	0.9285714285714286	1	0.0	0.0
LLMarkers	llmarkers|hca|0283_10.1161_circulationaha.120.052318_08d58c2441	llmarkers|hca|0283_10.1161_circulationaha.120.052318_08d58c2441	hca:0283_10.1161_circulationaha.120.052318_08d58c2441		VASCULAR EC	VASCULAR EC	21	21	1.0	0		
LLMarkers	llmarkers|hca|0283_10.1161_circulationaha.120.052318_08d58c2441	llmarkers|hca|0283_10.1161_circulationaha.120.052318_08d58c2441	hca:0283_10.1161_circulationaha.120.052318_08d58c2441		VENOUS EC	VENOUS EC	13	12	0.9230769230769231	1	0.0	0.0
LLMarkers	llmarkers|hca|0284_10.1002_hep4.1854_fe09f5fe1e	llmarkers|hca|0284_10.1002_hep4.1854_fe09f5fe1e	hca:0284_10.1002_hep4.1854_fe09f5fe1e		CHOLANGIOCYTES	CHOLANGIOCYTES	5	2	0.4	0		
LLMarkers	llmarkers|hca|0284_10.1002_hep4.1854_fe09f5fe1e	llmarkers|hca|0284_10.1002_hep4.1854_fe09f5fe1e	hca:0284_10.1002_hep4.1854_fe09f5fe1e		CHOLANGIOCYTE‐LIKE	CHOLANGIOCYTELIKE	3	1	0.3333333333333333	0		
LLMarkers	llmarkers|hca|0284_10.1002_hep4.1854_fe09f5fe1e	llmarkers|hca|0284_10.1002_hep4.1854_fe09f5fe1e	hca:0284_10.1002_hep4.1854_fe09f5fe1e		CHOL‐1	CHOL 1	13	10	0.7692307692307693	0		
LLMarkers	llmarkers|hca|0284_10.1002_hep4.1854_fe09f5fe1e	llmarkers|hca|0284_10.1002_hep4.1854_fe09f5fe1e	hca:0284_10.1002_hep4.1854_fe09f5fe1e		CHOL‐2	CHOL 2	11	3	0.2727272727272727	0		
LLMarkers	llmarkers|hca|0284_10.1002_hep4.1854_fe09f5fe1e	llmarkers|hca|0284_10.1002_hep4.1854_fe09f5fe1e	hca:0284_10.1002_hep4.1854_fe09f5fe1e		CHOL‐3	CHOL 3	3	2	0.6666666666666666	0		
LLMarkers	llmarkers|hca|0284_10.1002_hep4.1854_fe09f5fe1e	llmarkers|hca|0284_10.1002_hep4.1854_fe09f5fe1e	hca:0284_10.1002_hep4.1854_fe09f5fe1e		CHOL‐4	CHOL 4	8	4	0.5	0		
LLMarkers	llmarkers|hca|0284_10.1002_hep4.1854_fe09f5fe1e	llmarkers|hca|0284_10.1002_hep4.1854_fe09f5fe1e	hca:0284_10.1002_hep4.1854_fe09f5fe1e		CHOL‐5	CHOL 5	6	5	0.8333333333333334	0		
LLMarkers	llmarkers|hca|0284_10.1002_hep4.1854_fe09f5fe1e	llmarkers|hca|0284_10.1002_hep4.1854_fe09f5fe1e	hca:0284_10.1002_hep4.1854_fe09f5fe1e		CHOL‐6	CHOL 6	8	0	0.0	0		
LLMarkers	llmarkers|hca|0284_10.1002_hep4.1854_fe09f5fe1e	llmarkers|hca|0284_10.1002_hep4.1854_fe09f5fe1e	hca:0284_10.1002_hep4.1854_fe09f5fe1e		HEPATOCYTES	HEPATOCYTES	5	5	1.0	0		
LLMarkers	llmarkers|hca|0284_10.1002_hep4.1854_fe09f5fe1e	llmarkers|hca|0284_10.1002_hep4.1854_fe09f5fe1e	hca:0284_10.1002_hep4.1854_fe09f5fe1e		INFLAMMATORY MACROPHAGES	INFLAMMATORY MACROPHAGES	3	3	1.0	0		
LLMarkers	llmarkers|hca|0284_10.1002_hep4.1854_fe09f5fe1e	llmarkers|hca|0284_10.1002_hep4.1854_fe09f5fe1e	hca:0284_10.1002_hep4.1854_fe09f5fe1e		IZ1	IZ 1	7	0	0.0	0		
LLMarkers	llmarkers|hca|0284_10.1002_hep4.1854_fe09f5fe1e	llmarkers|hca|0284_10.1002_hep4.1854_fe09f5fe1e	hca:0284_10.1002_hep4.1854_fe09f5fe1e		IZ2	IZ 2	7	0	0.0	0		
LLMarkers	llmarkers|hca|0284_10.1002_hep4.1854_fe09f5fe1e	llmarkers|hca|0284_10.1002_hep4.1854_fe09f5fe1e	hca:0284_10.1002_hep4.1854_fe09f5fe1e		MES1	MES 1	4	0	0.0	0		
LLMarkers	llmarkers|hca|0284_10.1002_hep4.1854_fe09f5fe1e	llmarkers|hca|0284_10.1002_hep4.1854_fe09f5fe1e	hca:0284_10.1002_hep4.1854_fe09f5fe1e		MES2	MES 2	4	3	0.75	0		
LLMarkers	llmarkers|hca|0284_10.1002_hep4.1854_fe09f5fe1e	llmarkers|hca|0284_10.1002_hep4.1854_fe09f5fe1e	hca:0284_10.1002_hep4.1854_fe09f5fe1e		MES3	MES 3	3	0	0.0	0		
LLMarkers	llmarkers|hca|0284_10.1002_hep4.1854_fe09f5fe1e	llmarkers|hca|0284_10.1002_hep4.1854_fe09f5fe1e	hca:0284_10.1002_hep4.1854_fe09f5fe1e		MES4	MES 4	10	5	0.5	0		
LLMarkers	llmarkers|hca|0284_10.1002_hep4.1854_fe09f5fe1e	llmarkers|hca|0284_10.1002_hep4.1854_fe09f5fe1e	hca:0284_10.1002_hep4.1854_fe09f5fe1e		MES5	MES 5	3	0	0.0	0		
LLMarkers	llmarkers|hca|0284_10.1002_hep4.1854_fe09f5fe1e	llmarkers|hca|0284_10.1002_hep4.1854_fe09f5fe1e	hca:0284_10.1002_hep4.1854_fe09f5fe1e		MES6	MES 6	7	1	0.14285714285714285	0		
LLMarkers	llmarkers|hca|0284_10.1002_hep4.1854_fe09f5fe1e	llmarkers|hca|0284_10.1002_hep4.1854_fe09f5fe1e	hca:0284_10.1002_hep4.1854_fe09f5fe1e		MES7	MES 7	4	1	0.25	0		
LLMarkers	llmarkers|hca|0284_10.1002_hep4.1854_fe09f5fe1e	llmarkers|hca|0284_10.1002_hep4.1854_fe09f5fe1e	hca:0284_10.1002_hep4.1854_fe09f5fe1e		NON‐INFLAMMATORY MACROPHAGES	NONINFLAMMATORY MACROPHAGES	3	3	1.0	0		
LLMarkers	llmarkers|hca|0284_10.1002_hep4.1854_fe09f5fe1e	llmarkers|hca|0284_10.1002_hep4.1854_fe09f5fe1e	hca:0284_10.1002_hep4.1854_fe09f5fe1e		PORTAL ENDOTHELIAL CELLS	PORTAL ENDOTHELIAL CELLS	5	5	1.0	0		
LLMarkers	llmarkers|hca|0285_10.26502_fccm.92920277_c5e967ab20	llmarkers|hca|0285_10.26502_fccm.92920277_c5e967ab20	hca:0285_10.26502_fccm.92920277_c5e967ab20		DENDRITIC CELL	DENDRITIC CELL	11	11	1.0	6	0.0	0.0
LLMarkers	llmarkers|hca|0286_10.1038_s41467-018-06318-7_d818827349	llmarkers|hca|0286_10.1038_s41467-018-06318-7_d818827349	hca:0286_10.1038_s41467-018-06318-7_d818827349		CENTRAL VENOUS LSEC	CENTRAL VENOUS LSEC	3	3	1.0	0		
LLMarkers	llmarkers|hca|0286_10.1038_s41467-018-06318-7_d818827349	llmarkers|hca|0286_10.1038_s41467-018-06318-7_d818827349	hca:0286_10.1038_s41467-018-06318-7_d818827349		CHOLANGIOCYTE	CHOLANGIOCYTE	6	6	1.0	0		
LLMarkers	llmarkers|hca|0286_10.1038_s41467-018-06318-7_d818827349	llmarkers|hca|0286_10.1038_s41467-018-06318-7_d818827349	hca:0286_10.1038_s41467-018-06318-7_d818827349		HEPATOCYTE	HEPATOCYTE	7	7	1.0	4	0.42857142857142855	0.42857142857142855
LLMarkers	llmarkers|hca|0286_10.1038_s41467-018-06318-7_d818827349	llmarkers|hca|0286_10.1038_s41467-018-06318-7_d818827349	hca:0286_10.1038_s41467-018-06318-7_d818827349		INFLAMMATORY MACROPHAGE	INFLAMMATORY MACROPHAGE	10	10	1.0	2	0.1	0.1
LLMarkers	llmarkers|hca|0286_10.1038_s41467-018-06318-7_d818827349	llmarkers|hca|0286_10.1038_s41467-018-06318-7_d818827349	hca:0286_10.1038_s41467-018-06318-7_d818827349		MATURE ANTIGEN INEXPERIENCED B CELL	MATURE ANTIGEN INEXPERIENCED B CELL	5	5	1.0	0		
LLMarkers	llmarkers|hca|0286_10.1038_s41467-018-06318-7_d818827349	llmarkers|hca|0286_10.1038_s41467-018-06318-7_d818827349	hca:0286_10.1038_s41467-018-06318-7_d818827349		NK-LIKE CELL	NK LIKE CELL	6	5	0.8333333333333334	0		
LLMarkers	llmarkers|hca|0286_10.1038_s41467-018-06318-7_d818827349	llmarkers|hca|0286_10.1038_s41467-018-06318-7_d818827349	hca:0286_10.1038_s41467-018-06318-7_d818827349		NON-INFLAMMATORY KC	NON INFLAMMATORY KC	7	7	1.0	0		
LLMarkers	llmarkers|hca|0286_10.1038_s41467-018-06318-7_d818827349	llmarkers|hca|0286_10.1038_s41467-018-06318-7_d818827349	hca:0286_10.1038_s41467-018-06318-7_d818827349		PLASMA CELL	PLASMA CELL	7	7	1.0	15	1.0	1.0
LLMarkers	llmarkers|hca|0286_10.1038_s41467-018-06318-7_d818827349	llmarkers|hca|0286_10.1038_s41467-018-06318-7_d818827349	hca:0286_10.1038_s41467-018-06318-7_d818827349		PROLIFERATING ΓΔ T CELL	PROLIFERATING T CELL	3	3	1.0	1	0.0	0.0
LLMarkers	llmarkers|hca|0286_10.1038_s41467-018-06318-7_d818827349	llmarkers|hca|0286_10.1038_s41467-018-06318-7_d818827349	hca:0286_10.1038_s41467-018-06318-7_d818827349		ΑΒ T CELL	T CELL	7	6	0.8571428571428571	37	0.8571428571428571	0.8333333333333334
LLMarkers	llmarkers|hca|0289_10.1172_jci.insight.93009_72829a2871	llmarkers|hca|0289_10.1172_jci.insight.93009_72829a2871	hca:0289_10.1172_jci.insight.93009_72829a2871		COLLECTING DUCT CELL	COLLECTING DUCT CELL	3	3	1.0	0		
LLMarkers	llmarkers|hca|0289_10.1172_jci.insight.93009_72829a2871	llmarkers|hca|0289_10.1172_jci.insight.93009_72829a2871	hca:0289_10.1172_jci.insight.93009_72829a2871		ENDOTHELIAL CELL	ENDOTHELIAL CELL	10	10	1.0	27	0.6	0.6
LLMarkers	llmarkers|hca|0289_10.1172_jci.insight.93009_72829a2871	llmarkers|hca|0289_10.1172_jci.insight.93009_72829a2871	hca:0289_10.1172_jci.insight.93009_72829a2871		FIBROBLAST	FIBROBLAST	10	10	1.0	28	0.7	0.7
LLMarkers	llmarkers|hca|0289_10.1172_jci.insight.93009_72829a2871	llmarkers|hca|0289_10.1172_jci.insight.93009_72829a2871	hca:0289_10.1172_jci.insight.93009_72829a2871		LEUKOCYTE	LEUKOCYTE	13	13	1.0	0		
LLMarkers	llmarkers|hca|0289_10.1172_jci.insight.93009_72829a2871	llmarkers|hca|0289_10.1172_jci.insight.93009_72829a2871	hca:0289_10.1172_jci.insight.93009_72829a2871		TUBULAR CELL	TUBULAR CELL	29	29	1.0	0		
LLMarkers	llmarkers|hca|0290_10.1101_235499_566cff6e3c	llmarkers|hca|0290_10.1101_235499_566cff6e3c	hca:0290_10.1101_235499_566cff6e3c		C0	C 0	4	0	0.0	0		
LLMarkers	llmarkers|hca|0290_10.1101_235499_566cff6e3c	llmarkers|hca|0290_10.1101_235499_566cff6e3c	hca:0290_10.1101_235499_566cff6e3c		C1	C 1	3	0	0.0	5	0.0	
LLMarkers	llmarkers|hca|0290_10.1101_235499_566cff6e3c	llmarkers|hca|0290_10.1101_235499_566cff6e3c	hca:0290_10.1101_235499_566cff6e3c		C14	C 14	3	3	1.0	0		
LLMarkers	llmarkers|hca|0290_10.1101_235499_566cff6e3c	llmarkers|hca|0290_10.1101_235499_566cff6e3c	hca:0290_10.1101_235499_566cff6e3c		C3	C 3	9	8	0.8888888888888888	3	0.0	0.0
LLMarkers	llmarkers|hca|0290_10.1101_235499_566cff6e3c	llmarkers|hca|0290_10.1101_235499_566cff6e3c	hca:0290_10.1101_235499_566cff6e3c		C9	C 9	3	3	1.0	0		
LLMarkers	llmarkers|hca|0290_10.1101_235499_566cff6e3c	llmarkers|hca|0290_10.1101_235499_566cff6e3c	hca:0290_10.1101_235499_566cff6e3c		CLUSTER C13	CLUSTER C 13	3	3	1.0	0		
LLMarkers	llmarkers|hca|0290_10.1101_235499_566cff6e3c	llmarkers|hca|0290_10.1101_235499_566cff6e3c	hca:0290_10.1101_235499_566cff6e3c		CN0	CN 0	10	6	0.6	0		
LLMarkers	llmarkers|hca|0290_10.1101_235499_566cff6e3c	llmarkers|hca|0290_10.1101_235499_566cff6e3c	hca:0290_10.1101_235499_566cff6e3c		CN3	CN 3	7	1	0.14285714285714285	0		
LLMarkers	llmarkers|hca|0290_10.1101_235499_566cff6e3c	llmarkers|hca|0290_10.1101_235499_566cff6e3c	hca:0290_10.1101_235499_566cff6e3c		CN6	CN 6	3	2	0.6666666666666666	0		
LLMarkers	llmarkers|hca|0290_10.1101_235499_566cff6e3c	llmarkers|hca|0290_10.1101_235499_566cff6e3c	hca:0290_10.1101_235499_566cff6e3c		DISTAL TUBULE	DISTAL TUBULE	3	2	0.6666666666666666	0		
LLMarkers	llmarkers|hca|0290_10.1101_235499_566cff6e3c	llmarkers|hca|0290_10.1101_235499_566cff6e3c	hca:0290_10.1101_235499_566cff6e3c		ENDOTHELIAL	ENDOTHELIAL	3	2	0.6666666666666666	4	0.3333333333333333	0.0
LLMarkers	llmarkers|hca|0290_10.1101_235499_566cff6e3c	llmarkers|hca|0290_10.1101_235499_566cff6e3c	hca:0290_10.1101_235499_566cff6e3c		ENDOTHELIAL CLUSTER C4	ENDOTHELIAL CLUSTER C 4	8	6	0.75	0		
LLMarkers	llmarkers|hca|0290_10.1101_235499_566cff6e3c	llmarkers|hca|0290_10.1101_235499_566cff6e3c	hca:0290_10.1101_235499_566cff6e3c		GLIAL CLUSTER C11	GLIAL CLUSTER C 11	3	3	1.0	0		
LLMarkers	llmarkers|hca|0290_10.1101_235499_566cff6e3c	llmarkers|hca|0290_10.1101_235499_566cff6e3c	hca:0290_10.1101_235499_566cff6e3c		HEMOGENIC ENDOTHELIAL CELL	HEMOGENIC ENDOTHELIAL CELL	4	1	0.25	0		
LLMarkers	llmarkers|hca|0290_10.1101_235499_566cff6e3c	llmarkers|hca|0290_10.1101_235499_566cff6e3c	hca:0290_10.1101_235499_566cff6e3c		HFK-SPECIFIC CN7	HFK SPECIFIC CN 7	7	6	0.8571428571428571	0		
LLMarkers	llmarkers|hca|0290_10.1101_235499_566cff6e3c	llmarkers|hca|0290_10.1101_235499_566cff6e3c	hca:0290_10.1101_235499_566cff6e3c		HFK-SPECIFIC PODOCYTE CLUSTER	HFK SPECIFIC PODOCYTE CLUSTER	5	2	0.4	0		
LLMarkers	llmarkers|hca|0290_10.1101_235499_566cff6e3c	llmarkers|hca|0290_10.1101_235499_566cff6e3c	hca:0290_10.1101_235499_566cff6e3c		IMMUNE CELL CLUSTER	IMMUNE CELL CLUSTER	3	3	1.0	0		
LLMarkers	llmarkers|hca|0290_10.1101_235499_566cff6e3c	llmarkers|hca|0290_10.1101_235499_566cff6e3c	hca:0290_10.1101_235499_566cff6e3c		L10-12	L 10 12	5	0	0.0	0		
LLMarkers	llmarkers|hca|0290_10.1101_235499_566cff6e3c	llmarkers|hca|0290_10.1101_235499_566cff6e3c	hca:0290_10.1101_235499_566cff6e3c		L2	L 2	3	0	0.0	1	0.0	
LLMarkers	llmarkers|hca|0290_10.1101_235499_566cff6e3c	llmarkers|hca|0290_10.1101_235499_566cff6e3c	hca:0290_10.1101_235499_566cff6e3c		L9	L 9	3	2	0.6666666666666666	0		
LLMarkers	llmarkers|hca|0290_10.1101_235499_566cff6e3c	llmarkers|hca|0290_10.1101_235499_566cff6e3c	hca:0290_10.1101_235499_566cff6e3c		MUSCLE PROGENITOR	MUSCLE PROGENITOR	3	3	1.0	0		
LLMarkers	llmarkers|hca|0290_10.1101_235499_566cff6e3c	llmarkers|hca|0290_10.1101_235499_566cff6e3c	hca:0290_10.1101_235499_566cff6e3c		NEPHRON PROGENITOR CELL	NEPHRON PROGENITOR CELL	8	4	0.5	1	0.125	0.0
LLMarkers	llmarkers|hca|0290_10.1101_235499_566cff6e3c	llmarkers|hca|0290_10.1101_235499_566cff6e3c	hca:0290_10.1101_235499_566cff6e3c		NEPHRON PROGENITOR CLUSTER	NEPHRON PROGENITOR CLUSTER	4	2	0.5	0		
LLMarkers	llmarkers|hca|0290_10.1101_235499_566cff6e3c	llmarkers|hca|0290_10.1101_235499_566cff6e3c	hca:0290_10.1101_235499_566cff6e3c		PODOCYTE	PODOCYTE	5	1	0.2	6	1.0	1.0
LLMarkers	llmarkers|hca|0290_10.1101_235499_566cff6e3c	llmarkers|hca|0290_10.1101_235499_566cff6e3c	hca:0290_10.1101_235499_566cff6e3c		PODOCYTE PRECURSOR	PODOCYTE PRECURSOR	6	2	0.3333333333333333	1	0.6666666666666666	1.0
LLMarkers	llmarkers|hca|0290_10.1101_235499_566cff6e3c	llmarkers|hca|0290_10.1101_235499_566cff6e3c	hca:0290_10.1101_235499_566cff6e3c		PROXIMAL TUBULE PRECURSOR	PROXIMAL TUBULE PRECURSOR	4	4	1.0	0		
LLMarkers	llmarkers|hca|0290_10.1101_235499_566cff6e3c	llmarkers|hca|0290_10.1101_235499_566cff6e3c	hca:0290_10.1101_235499_566cff6e3c		STROMAL POPULATION	STROMAL POPULATION	3	1	0.3333333333333333	0		
LLMarkers	llmarkers|hca|0290_10.1101_235499_566cff6e3c	llmarkers|hca|0290_10.1101_235499_566cff6e3c	hca:0290_10.1101_235499_566cff6e3c		URETERIC EPITHELIUM	URETERIC EPITHELIUM	3	0	0.0	0		
LLMarkers	llmarkers|hca|0290_10.1101_235499_566cff6e3c	llmarkers|hca|0290_10.1101_235499_566cff6e3c	hca:0290_10.1101_235499_566cff6e3c		URETERIC EPITHELIUM AND DISTAL NEPHRON	URETERIC EPITHELIUM AND DISTAL NEPHRON	5	4	0.8	0		
LLMarkers	llmarkers|hca|0291_10.1016_j.cell.2019.06.024_7d6cf2f1e2	llmarkers|hca|0291_10.1016_j.cell.2019.06.024_7d6cf2f1e2	hca:0291_10.1016_j.cell.2019.06.024_7d6cf2f1e2		MACROPHAGES	MACROPHAGES	6	6	1.0	5	0.5	0.5
LLMarkers	llmarkers|hca|0291_10.1016_j.cell.2019.06.024_7d6cf2f1e2	llmarkers|hca|0291_10.1016_j.cell.2019.06.024_7d6cf2f1e2	hca:0291_10.1016_j.cell.2019.06.024_7d6cf2f1e2		MES-LIKE	MES LIKE	5	5	1.0	0		
LLMarkers	llmarkers|hca|0291_10.1016_j.cell.2019.06.024_7d6cf2f1e2	llmarkers|hca|0291_10.1016_j.cell.2019.06.024_7d6cf2f1e2	hca:0291_10.1016_j.cell.2019.06.024_7d6cf2f1e2		OLIGODENDROCYTES	OLIGODENDROCYTES	6	6	1.0	3	0.6666666666666666	0.6666666666666666
LLMarkers	llmarkers|hca|0291_10.1016_j.cell.2019.06.024_7d6cf2f1e2	llmarkers|hca|0291_10.1016_j.cell.2019.06.024_7d6cf2f1e2	hca:0291_10.1016_j.cell.2019.06.024_7d6cf2f1e2		T CELLS	T CELLS	4	4	1.0	4	0.75	0.75
LLMarkers	llmarkers|hca|0292_10.1371_journal.pone.0225466_ac5a0b0b14	llmarkers|hca|0292_10.1371_journal.pone.0225466_ac5a0b0b14	hca:0292_10.1371_journal.pone.0225466_ac5a0b0b14		CLUSTER 5	CLUSTER 5	5	5	1.0	8	0.0	0.0
LLMarkers	llmarkers|hca|0293_10.1172_jci.insight.150861_5764a5bfad	llmarkers|hca|0293_10.1172_jci.insight.150861_5764a5bfad	hca:0293_10.1172_jci.insight.150861_5764a5bfad		B CELL	B CELL	3	3	1.0	29	0.3333333333333333	0.3333333333333333
LLMarkers	llmarkers|hca|0293_10.1172_jci.insight.150861_5764a5bfad	llmarkers|hca|0293_10.1172_jci.insight.150861_5764a5bfad	hca:0293_10.1172_jci.insight.150861_5764a5bfad		CO1	CO 1	23	23	1.0	0		
LLMarkers	llmarkers|hca|0293_10.1172_jci.insight.150861_5764a5bfad	llmarkers|hca|0293_10.1172_jci.insight.150861_5764a5bfad	hca:0293_10.1172_jci.insight.150861_5764a5bfad		CO3	CO 3	3	3	1.0	0		
LLMarkers	llmarkers|hca|0293_10.1172_jci.insight.150861_5764a5bfad	llmarkers|hca|0293_10.1172_jci.insight.150861_5764a5bfad	hca:0293_10.1172_jci.insight.150861_5764a5bfad		EC	EC	3	3	1.0	6	0.6666666666666666	0.6666666666666666
LLMarkers	llmarkers|hca|0293_10.1172_jci.insight.150861_5764a5bfad	llmarkers|hca|0293_10.1172_jci.insight.150861_5764a5bfad	hca:0293_10.1172_jci.insight.150861_5764a5bfad		MACROPHAGE	MACROPHAGE	3	3	1.0	28	0.6666666666666666	0.6666666666666666
LLMarkers	llmarkers|hca|0293_10.1172_jci.insight.150861_5764a5bfad	llmarkers|hca|0293_10.1172_jci.insight.150861_5764a5bfad	hca:0293_10.1172_jci.insight.150861_5764a5bfad		MICROGLIA	MICROGLIA	3	3	1.0	17	1.0	1.0
LLMarkers	llmarkers|hca|0293_10.1172_jci.insight.150861_5764a5bfad	llmarkers|hca|0293_10.1172_jci.insight.150861_5764a5bfad	hca:0293_10.1172_jci.insight.150861_5764a5bfad		NEUTROPHIL	NEUTROPHIL	3	3	1.0	3	0.3333333333333333	0.3333333333333333
LLMarkers	llmarkers|hca|0293_10.1172_jci.insight.150861_5764a5bfad	llmarkers|hca|0293_10.1172_jci.insight.150861_5764a5bfad	hca:0293_10.1172_jci.insight.150861_5764a5bfad		PE1	PE 1	11	11	1.0	0		
LLMarkers	llmarkers|hca|0293_10.1172_jci.insight.150861_5764a5bfad	llmarkers|hca|0293_10.1172_jci.insight.150861_5764a5bfad	hca:0293_10.1172_jci.insight.150861_5764a5bfad		PE2	PE 2	6	6	1.0	0		
LLMarkers	llmarkers|hca|0293_10.1172_jci.insight.150861_5764a5bfad	llmarkers|hca|0293_10.1172_jci.insight.150861_5764a5bfad	hca:0293_10.1172_jci.insight.150861_5764a5bfad		T CELL	T CELL	3	3	1.0	37	1.0	1.0
LLMarkers	llmarkers|hca|0293_10.1172_jci.insight.150861_5764a5bfad	llmarkers|hca|0293_10.1172_jci.insight.150861_5764a5bfad	hca:0293_10.1172_jci.insight.150861_5764a5bfad		VASCULAR MURAL CELL	VASCULAR MURAL CELL	3	3	1.0	0		
LLMarkers	llmarkers|hca|0294_10.1038_ni.3368_b6f196ee59	llmarkers|hca|0294_10.1038_ni.3368_b6f196ee59	hca:0294_10.1038_ni.3368_b6f196ee59		ILC1 CELL	ILC 1 CELL	4	4	1.0	0		
LLMarkers	llmarkers|hca|0294_10.1038_ni.3368_b6f196ee59	llmarkers|hca|0294_10.1038_ni.3368_b6f196ee59	hca:0294_10.1038_ni.3368_b6f196ee59		ILC2 CELL	ILC 2 CELL	6	6	1.0	0		
LLMarkers	llmarkers|hca|0294_10.1038_ni.3368_b6f196ee59	llmarkers|hca|0294_10.1038_ni.3368_b6f196ee59	hca:0294_10.1038_ni.3368_b6f196ee59		ILC3 CELL	ILC 3 CELL	11	11	1.0	0		
LLMarkers	llmarkers|hca|0295_10.1016_j.isci.2021.102551_1c1e582cdd	llmarkers|hca|0295_10.1016_j.isci.2021.102551_1c1e582cdd	hca:0295_10.1016_j.isci.2021.102551_1c1e582cdd		EBF1+	EBF 1	4	4	1.0	0		
LLMarkers	llmarkers|hca|0295_10.1016_j.isci.2021.102551_1c1e582cdd	llmarkers|hca|0295_10.1016_j.isci.2021.102551_1c1e582cdd	hca:0295_10.1016_j.isci.2021.102551_1c1e582cdd		LIPOFIBROBLAST	LIPOFIBROBLAST	7	7	1.0	0		
LLMarkers	llmarkers|hca|0295_10.1016_j.isci.2021.102551_1c1e582cdd	llmarkers|hca|0295_10.1016_j.isci.2021.102551_1c1e582cdd	hca:0295_10.1016_j.isci.2021.102551_1c1e582cdd		MYO1	MYO 1	4	4	1.0	0		
LLMarkers	llmarkers|hca|0295_10.1016_j.isci.2021.102551_1c1e582cdd	llmarkers|hca|0295_10.1016_j.isci.2021.102551_1c1e582cdd	hca:0295_10.1016_j.isci.2021.102551_1c1e582cdd		MYO2	MYO 2	4	4	1.0	0		
LLMarkers	llmarkers|hca|0295_10.1016_j.isci.2021.102551_1c1e582cdd	llmarkers|hca|0295_10.1016_j.isci.2021.102551_1c1e582cdd	hca:0295_10.1016_j.isci.2021.102551_1c1e582cdd		PERICYTE	PERICYTE	4	4	1.0	13	0.5	0.5
LLMarkers	llmarkers|hca|0295_10.1016_j.isci.2021.102551_1c1e582cdd	llmarkers|hca|0295_10.1016_j.isci.2021.102551_1c1e582cdd	hca:0295_10.1016_j.isci.2021.102551_1c1e582cdd		SMC	SMC	5	5	1.0	4	0.4	0.4
LLMarkers	llmarkers|hca|0296_10.1038_s41467-021-25328-6_8814b43a21	llmarkers|hca|0296_10.1038_s41467-021-25328-6_8814b43a21	hca:0296_10.1038_s41467-021-25328-6_8814b43a21		CLUSTER [4,7]	CLUSTER 4 7	3	3	1.0	0		
LLMarkers	llmarkers|hca|0296_10.1038_s41467-021-25328-6_8814b43a21	llmarkers|hca|0296_10.1038_s41467-021-25328-6_8814b43a21	hca:0296_10.1038_s41467-021-25328-6_8814b43a21		SCLEROTOME	SCLEROTOME	3	3	1.0	0		
LLMarkers	llmarkers|hca|0296_10.1038_s41467-021-25328-6_8814b43a21	llmarkers|hca|0296_10.1038_s41467-021-25328-6_8814b43a21	hca:0296_10.1038_s41467-021-25328-6_8814b43a21		SYNDETOME	SYNDETOME	13	13	1.0	0		
LLMarkers	llmarkers|hca|0297_10.1038_s42003-021-02223-w_f1c781baae	llmarkers|hca|0297_10.1038_s42003-021-02223-w_f1c781baae	hca:0297_10.1038_s42003-021-02223-w_f1c781baae		ONYCHOFIBROBLAST	ONYCHOFIBROBLAST	8	8	1.0	0		
LLMarkers	llmarkers|hca|0298_10.1101_2021.07.28.453839_0003c16e5c	llmarkers|hca|0298_10.1101_2021.07.28.453839_0003c16e5c	hca:0298_10.1101_2021.07.28.453839_0003c16e5c		B CELLS	B CELLS	4	4	1.0	4	0.25	0.25
LLMarkers	llmarkers|hca|0298_10.1101_2021.07.28.453839_0003c16e5c	llmarkers|hca|0298_10.1101_2021.07.28.453839_0003c16e5c	hca:0298_10.1101_2021.07.28.453839_0003c16e5c		CDC2	CDC 2	11	8	0.7272727272727273	8	0.18181818181818182	0.25
LLMarkers	llmarkers|hca|0298_10.1101_2021.07.28.453839_0003c16e5c	llmarkers|hca|0298_10.1101_2021.07.28.453839_0003c16e5c	hca:0298_10.1101_2021.07.28.453839_0003c16e5c		EC-APCV	EC APCV	8	7	0.875	0		
LLMarkers	llmarkers|hca|0298_10.1101_2021.07.28.453839_0003c16e5c	llmarkers|hca|0298_10.1101_2021.07.28.453839_0003c16e5c	hca:0298_10.1101_2021.07.28.453839_0003c16e5c		EC-TIP	EC TIP	3	3	1.0	0		
LLMarkers	llmarkers|hca|0298_10.1101_2021.07.28.453839_0003c16e5c	llmarkers|hca|0298_10.1101_2021.07.28.453839_0003c16e5c	hca:0298_10.1101_2021.07.28.453839_0003c16e5c		MUC5B +	MUC 5 B	7	6	0.8571428571428571	1	0.42857142857142855	0.5
LLMarkers	llmarkers|hca|0298_10.1101_2021.07.28.453839_0003c16e5c	llmarkers|hca|0298_10.1101_2021.07.28.453839_0003c16e5c	hca:0298_10.1101_2021.07.28.453839_0003c16e5c		MΦ1-LYVE1	M 1 LYVE 1	13	12	0.9230769230769231	0		
LLMarkers	llmarkers|hca|0298_10.1101_2021.07.28.453839_0003c16e5c	llmarkers|hca|0298_10.1101_2021.07.28.453839_0003c16e5c	hca:0298_10.1101_2021.07.28.453839_0003c16e5c		MΦ4-INFILTRATED	M 4 INFILTRATED	3	3	1.0	0		
LLMarkers	llmarkers|hca|0298_10.1101_2021.07.28.453839_0003c16e5c	llmarkers|hca|0298_10.1101_2021.07.28.453839_0003c16e5c	hca:0298_10.1101_2021.07.28.453839_0003c16e5c		PRV-CCL19	PRV CCL 19	10	10	1.0	0		
LLMarkers	llmarkers|hca|0298_10.1101_2021.07.28.453839_0003c16e5c	llmarkers|hca|0298_10.1101_2021.07.28.453839_0003c16e5c	hca:0298_10.1101_2021.07.28.453839_0003c16e5c		T REG	T REG	9	9	1.0	2	0.0	0.0
LLMarkers	llmarkers|hca|0299_10.1038_s41467-019-11266-x_d55119ff52	llmarkers|hca|0299_10.1038_s41467-019-11266-x_d55119ff52	hca:0299_10.1038_s41467-019-11266-x_d55119ff52		ADULT HHYP	ADULT HHYP	9	0	0.0	0		
LLMarkers	llmarkers|hca|0299_10.1038_s41467-019-11266-x_d55119ff52	llmarkers|hca|0299_10.1038_s41467-019-11266-x_d55119ff52	hca:0299_10.1038_s41467-019-11266-x_d55119ff52		BEC	BEC	13	10	0.7692307692307693	0		
LLMarkers	llmarkers|hca|0299_10.1038_s41467-019-11266-x_d55119ff52	llmarkers|hca|0299_10.1038_s41467-019-11266-x_d55119ff52	hca:0299_10.1038_s41467-019-11266-x_d55119ff52		EPCAM + ADULT CELL	EPCAM ADULT CELL	3	0	0.0	0		
LLMarkers	llmarkers|hca|0299_10.1038_s41467-019-11266-x_d55119ff52	llmarkers|hca|0299_10.1038_s41467-019-11266-x_d55119ff52	hca:0299_10.1038_s41467-019-11266-x_d55119ff52		FOETAL HHYP	FOETAL HHYP	11	6	0.5454545454545454	0		
LLMarkers	llmarkers|hca|0299_10.1038_s41467-019-11266-x_d55119ff52	llmarkers|hca|0299_10.1038_s41467-019-11266-x_d55119ff52	hca:0299_10.1038_s41467-019-11266-x_d55119ff52		HHYP	HHYP	24	12	0.5	0		
LLMarkers	llmarkers|hca|0299_10.1038_s41467-019-11266-x_d55119ff52	llmarkers|hca|0299_10.1038_s41467-019-11266-x_d55119ff52	hca:0299_10.1038_s41467-019-11266-x_d55119ff52		PSEUDO STATE 1	PSEUDO STATE 1	4	1	0.25	0		
LLMarkers	llmarkers|hca|0299_10.1038_s41467-019-11266-x_d55119ff52	llmarkers|hca|0299_10.1038_s41467-019-11266-x_d55119ff52	hca:0299_10.1038_s41467-019-11266-x_d55119ff52		PSEUDO STATE 4	PSEUDO STATE 4	3	3	1.0	0		
LLMarkers	llmarkers|hca|0300_10.1186_s13287-023-03256-0_d71fd1c1ed	llmarkers|hca|0300_10.1186_s13287-023-03256-0_d71fd1c1ed	hca:0300_10.1186_s13287-023-03256-0_d71fd1c1ed		CLUSTER 1	CLUSTER 1	4	3	0.75	13	0.0	0.0
LLMarkers	llmarkers|hca|0300_10.1186_s13287-023-03256-0_d71fd1c1ed	llmarkers|hca|0300_10.1186_s13287-023-03256-0_d71fd1c1ed	hca:0300_10.1186_s13287-023-03256-0_d71fd1c1ed		CLUSTER 7	CLUSTER 7	3	3	1.0	4	0.0	0.0
LLMarkers	llmarkers|hca|0300_10.1186_s13287-023-03256-0_d71fd1c1ed	llmarkers|hca|0300_10.1186_s13287-023-03256-0_d71fd1c1ed	hca:0300_10.1186_s13287-023-03256-0_d71fd1c1ed		CLUSTER 8	CLUSTER 8	3	2	0.6666666666666666	3	0.0	0.0
LLMarkers	llmarkers|hca|0301_10.1101_2023.11.07.566105_6b05614dad	llmarkers|hca|0301_10.1101_2023.11.07.566105_6b05614dad	hca:0301_10.1101_2023.11.07.566105_6b05614dad		BB	BB	4	2	0.5	0		
LLMarkers	llmarkers|hca|0301_10.1101_2023.11.07.566105_6b05614dad	llmarkers|hca|0301_10.1101_2023.11.07.566105_6b05614dad	hca:0301_10.1101_2023.11.07.566105_6b05614dad		BC	BC	3	3	1.0	0		
LLMarkers	llmarkers|hca|0301_10.1101_2023.11.07.566105_6b05614dad	llmarkers|hca|0301_10.1101_2023.11.07.566105_6b05614dad	hca:0301_10.1101_2023.11.07.566105_6b05614dad		DB3B	DB 3 B	3	2	0.6666666666666666	0		
LLMarkers	llmarkers|hca|0301_10.1101_2023.11.07.566105_6b05614dad	llmarkers|hca|0301_10.1101_2023.11.07.566105_6b05614dad	hca:0301_10.1101_2023.11.07.566105_6b05614dad		DB4B	DB 4 B	3	2	0.6666666666666666	0		
LLMarkers	llmarkers|hca|0301_10.1101_2023.11.07.566105_6b05614dad	llmarkers|hca|0301_10.1101_2023.11.07.566105_6b05614dad	hca:0301_10.1101_2023.11.07.566105_6b05614dad		GB	GB	5	3	0.6	0		
LLMarkers	llmarkers|hca|0301_10.1101_2023.11.07.566105_6b05614dad	llmarkers|hca|0301_10.1101_2023.11.07.566105_6b05614dad	hca:0301_10.1101_2023.11.07.566105_6b05614dad		RBC	RBC	3	3	1.0	1	0.0	0.0
LLMarkers	llmarkers|hca|0302_10.1016_j.isci.2022.104772_3e028c0be0	llmarkers|hca|0302_10.1016_j.isci.2022.104772_3e028c0be0	hca:0302_10.1016_j.isci.2022.104772_3e028c0be0		ADIPOCYTE	ADIPOCYTE	8	1	0.125	4	0.5	0.0
LLMarkers	llmarkers|hca|0302_10.1016_j.isci.2022.104772_3e028c0be0	llmarkers|hca|0302_10.1016_j.isci.2022.104772_3e028c0be0	hca:0302_10.1016_j.isci.2022.104772_3e028c0be0		ADIPOCYTE 1	ADIPOCYTE 1	12	10	0.8333333333333334	0		
LLMarkers	llmarkers|hca|0302_10.1016_j.isci.2022.104772_3e028c0be0	llmarkers|hca|0302_10.1016_j.isci.2022.104772_3e028c0be0	hca:0302_10.1016_j.isci.2022.104772_3e028c0be0		ADIPOCYTE 2	ADIPOCYTE 2	6	2	0.3333333333333333	0		
LLMarkers	llmarkers|hca|0302_10.1016_j.isci.2022.104772_3e028c0be0	llmarkers|hca|0302_10.1016_j.isci.2022.104772_3e028c0be0	hca:0302_10.1016_j.isci.2022.104772_3e028c0be0		ADIPOCYTE 3	ADIPOCYTE 3	8	7	0.875	0		
LLMarkers	llmarkers|hca|0302_10.1016_j.isci.2022.104772_3e028c0be0	llmarkers|hca|0302_10.1016_j.isci.2022.104772_3e028c0be0	hca:0302_10.1016_j.isci.2022.104772_3e028c0be0		COMMITTED PRE-ADIPOCYTE	COMMITTED PRE ADIPOCYTE	3	0	0.0	0		
LLMarkers	llmarkers|hca|0302_10.1016_j.isci.2022.104772_3e028c0be0	llmarkers|hca|0302_10.1016_j.isci.2022.104772_3e028c0be0	hca:0302_10.1016_j.isci.2022.104772_3e028c0be0		ENDOTHELIAL CELL	ENDOTHELIAL CELL	3	2	0.6666666666666666	27	1.0	1.0
LLMarkers	llmarkers|hca|0302_10.1016_j.isci.2022.104772_3e028c0be0	llmarkers|hca|0302_10.1016_j.isci.2022.104772_3e028c0be0	hca:0302_10.1016_j.isci.2022.104772_3e028c0be0		IMMUNE 1	IMMUNE 1	4	4	1.0	0		
LLMarkers	llmarkers|hca|0302_10.1016_j.isci.2022.104772_3e028c0be0	llmarkers|hca|0302_10.1016_j.isci.2022.104772_3e028c0be0	hca:0302_10.1016_j.isci.2022.104772_3e028c0be0		IMMUNE 2	IMMUNE 2	5	5	1.0	0		
LLMarkers	llmarkers|hca|0302_10.1016_j.isci.2022.104772_3e028c0be0	llmarkers|hca|0302_10.1016_j.isci.2022.104772_3e028c0be0	hca:0302_10.1016_j.isci.2022.104772_3e028c0be0		IMMUNE 4	IMMUNE 4	3	0	0.0	0		
LLMarkers	llmarkers|hca|0302_10.1016_j.isci.2022.104772_3e028c0be0	llmarkers|hca|0302_10.1016_j.isci.2022.104772_3e028c0be0	hca:0302_10.1016_j.isci.2022.104772_3e028c0be0		IMMUNE 5	IMMUNE 5	3	0	0.0	0		
LLMarkers	llmarkers|hca|0302_10.1016_j.isci.2022.104772_3e028c0be0	llmarkers|hca|0302_10.1016_j.isci.2022.104772_3e028c0be0	hca:0302_10.1016_j.isci.2022.104772_3e028c0be0		IMMUNE 7	IMMUNE 7	3	0	0.0	0		
LLMarkers	llmarkers|hca|0302_10.1016_j.isci.2022.104772_3e028c0be0	llmarkers|hca|0302_10.1016_j.isci.2022.104772_3e028c0be0	hca:0302_10.1016_j.isci.2022.104772_3e028c0be0		IMMUNE CELL 3	IMMUNE CELL 3	5	3	0.6	0		
LLMarkers	llmarkers|hca|0302_10.1016_j.isci.2022.104772_3e028c0be0	llmarkers|hca|0302_10.1016_j.isci.2022.104772_3e028c0be0	hca:0302_10.1016_j.isci.2022.104772_3e028c0be0		IMMUNE CLUSTER	IMMUNE CLUSTER	5	2	0.4	0		
LLMarkers	llmarkers|hca|0302_10.1016_j.isci.2022.104772_3e028c0be0	llmarkers|hca|0302_10.1016_j.isci.2022.104772_3e028c0be0	hca:0302_10.1016_j.isci.2022.104772_3e028c0be0		PRE-AD 1	PRE AD 1	3	0	0.0	0		
LLMarkers	llmarkers|hca|0302_10.1016_j.isci.2022.104772_3e028c0be0	llmarkers|hca|0302_10.1016_j.isci.2022.104772_3e028c0be0	hca:0302_10.1016_j.isci.2022.104772_3e028c0be0		PRE-AD 2	PRE AD 2	3	0	0.0	0		
LLMarkers	llmarkers|hca|0302_10.1016_j.isci.2022.104772_3e028c0be0	llmarkers|hca|0302_10.1016_j.isci.2022.104772_3e028c0be0	hca:0302_10.1016_j.isci.2022.104772_3e028c0be0		PRE-ADIPOCYTE	PRE ADIPOCYTE	3	0	0.0	0		
LLMarkers	llmarkers|hca|0302_10.1016_j.isci.2022.104772_3e028c0be0	llmarkers|hca|0302_10.1016_j.isci.2022.104772_3e028c0be0	hca:0302_10.1016_j.isci.2022.104772_3e028c0be0		PRE-ADIPOCYTE 2	PRE ADIPOCYTE 2	3	0	0.0	0		
LLMarkers	llmarkers|hca|0302_10.1016_j.isci.2022.104772_3e028c0be0	llmarkers|hca|0302_10.1016_j.isci.2022.104772_3e028c0be0	hca:0302_10.1016_j.isci.2022.104772_3e028c0be0		STEM CELL	STEM CELL	5	1	0.2	6	0.0	0.0
LLMarkers	llmarkers|hca|0302_10.1016_j.isci.2022.104772_3e028c0be0	llmarkers|hca|0302_10.1016_j.isci.2022.104772_3e028c0be0	hca:0302_10.1016_j.isci.2022.104772_3e028c0be0		STEM CELL 2	STEM CELL 2	3	2	0.6666666666666666	0		
LLMarkers	llmarkers|hca|0304_10.1126_sciimmunol.abg5539_d30f748444	llmarkers|hca|0304_10.1126_sciimmunol.abg5539_d30f748444	hca:0304_10.1126_sciimmunol.abg5539_d30f748444		CDC1S	CDC 1 S	7	7	1.0	1	0.42857142857142855	0.42857142857142855
LLMarkers	llmarkers|hca|0304_10.1126_sciimmunol.abg5539_d30f748444	llmarkers|hca|0304_10.1126_sciimmunol.abg5539_d30f748444	hca:0304_10.1126_sciimmunol.abg5539_d30f748444		D9 HIDCS	D 9 HIDCS	3	3	1.0	0		
LLMarkers	llmarkers|hca|0304_10.1126_sciimmunol.abg5539_d30f748444	llmarkers|hca|0304_10.1126_sciimmunol.abg5539_d30f748444	hca:0304_10.1126_sciimmunol.abg5539_d30f748444		HEFS	HEFS	3	3	1.0	0		
LLMarkers	llmarkers|hca|0305_10.1158_0008-5472.can-19-2306_dd7931fca8	llmarkers|hca|0305_10.1158_0008-5472.can-19-2306_dd7931fca8	hca:0305_10.1158_0008-5472.can-19-2306_dd7931fca8		MCF7	MCF 7	14	14	1.0	0		
LLMarkers	llmarkers|hca|0306_10.1038_s41467-021-22368-w_5524560e05	llmarkers|hca|0306_10.1038_s41467-021-22368-w_5524560e05	hca:0306_10.1038_s41467-021-22368-w_5524560e05		PROXIMAL TUBULE	PROXIMAL TUBULE	5	5	1.0	3	0.6	0.6
LLMarkers	llmarkers|hca|0306_10.1038_s41467-021-22368-w_5524560e05	llmarkers|hca|0306_10.1038_s41467-021-22368-w_5524560e05	hca:0306_10.1038_s41467-021-22368-w_5524560e05		PT_VCAM1	PT VCAM 1	8	8	1.0	1	0.375	0.375
LLMarkers	llmarkers|hca|0306_10.1038_s41467-021-22368-w_5524560e05	llmarkers|hca|0306_10.1038_s41467-021-22368-w_5524560e05	hca:0306_10.1038_s41467-021-22368-w_5524560e05		TAL1	TAL 1	6	6	1.0	1	0.16666666666666666	0.16666666666666666
LLMarkers	llmarkers|hca|0307_10.1038_s41419-021-03724-6_32b837a8da	llmarkers|hca|0307_10.1038_s41419-021-03724-6_32b837a8da	hca:0307_10.1038_s41419-021-03724-6_32b837a8da		ENDOTHELIAL	ENDOTHELIAL	3	3	1.0	4	0.6666666666666666	0.6666666666666666
LLMarkers	llmarkers|hca|0307_10.1038_s41419-021-03724-6_32b837a8da	llmarkers|hca|0307_10.1038_s41419-021-03724-6_32b837a8da	hca:0307_10.1038_s41419-021-03724-6_32b837a8da		EPD_BASAL1	EPD BASAL 1	4	0	0.0	0		
LLMarkers	llmarkers|hca|0307_10.1038_s41419-021-03724-6_32b837a8da	llmarkers|hca|0307_10.1038_s41419-021-03724-6_32b837a8da	hca:0307_10.1038_s41419-021-03724-6_32b837a8da		EPD_BASAL2	EPD BASAL 2	7	0	0.0	0		
LLMarkers	llmarkers|hca|0307_10.1038_s41419-021-03724-6_32b837a8da	llmarkers|hca|0307_10.1038_s41419-021-03724-6_32b837a8da	hca:0307_10.1038_s41419-021-03724-6_32b837a8da		EPD_BASAL3	EPD BASAL 3	7	0	0.0	0		
LLMarkers	llmarkers|hca|0307_10.1038_s41419-021-03724-6_32b837a8da	llmarkers|hca|0307_10.1038_s41419-021-03724-6_32b837a8da	hca:0307_10.1038_s41419-021-03724-6_32b837a8da		EPD_CORNEUM	EPD CORNEUM	3	0	0.0	0		
LLMarkers	llmarkers|hca|0307_10.1038_s41419-021-03724-6_32b837a8da	llmarkers|hca|0307_10.1038_s41419-021-03724-6_32b837a8da	hca:0307_10.1038_s41419-021-03724-6_32b837a8da		EPD_FOLI	EPD FOLI	6	3	0.5	0		
LLMarkers	llmarkers|hca|0307_10.1038_s41419-021-03724-6_32b837a8da	llmarkers|hca|0307_10.1038_s41419-021-03724-6_32b837a8da	hca:0307_10.1038_s41419-021-03724-6_32b837a8da		EPD_GRANUALR/SPINOUS	EPD GRANUALR SPINOUS	3	0	0.0	0		
LLMarkers	llmarkers|hca|0307_10.1038_s41419-021-03724-6_32b837a8da	llmarkers|hca|0307_10.1038_s41419-021-03724-6_32b837a8da	hca:0307_10.1038_s41419-021-03724-6_32b837a8da		EPD_GRANULAR	EPD GRANULAR	3	0	0.0	0		
LLMarkers	llmarkers|hca|0307_10.1038_s41419-021-03724-6_32b837a8da	llmarkers|hca|0307_10.1038_s41419-021-03724-6_32b837a8da	hca:0307_10.1038_s41419-021-03724-6_32b837a8da		EPD_SG	EPD SG	3	3	1.0	0		
LLMarkers	llmarkers|hca|0307_10.1038_s41419-021-03724-6_32b837a8da	llmarkers|hca|0307_10.1038_s41419-021-03724-6_32b837a8da	hca:0307_10.1038_s41419-021-03724-6_32b837a8da		EPD_SPINOUS	EPD SPINOUS	3	0	0.0	0		
LLMarkers	llmarkers|hca|0307_10.1038_s41419-021-03724-6_32b837a8da	llmarkers|hca|0307_10.1038_s41419-021-03724-6_32b837a8da	hca:0307_10.1038_s41419-021-03724-6_32b837a8da		EPIDERMIS	EPIDERMIS	3	0	0.0	0		
LLMarkers	llmarkers|hca|0307_10.1038_s41419-021-03724-6_32b837a8da	llmarkers|hca|0307_10.1038_s41419-021-03724-6_32b837a8da	hca:0307_10.1038_s41419-021-03724-6_32b837a8da		ERYTHROCYTE	ERYTHROCYTE	3	3	1.0	2	1.0	1.0
LLMarkers	llmarkers|hca|0307_10.1038_s41419-021-03724-6_32b837a8da	llmarkers|hca|0307_10.1038_s41419-021-03724-6_32b837a8da	hca:0307_10.1038_s41419-021-03724-6_32b837a8da		IMMUNE	IMMUNE	3	3	1.0	2	0.6666666666666666	0.6666666666666666
LLMarkers	llmarkers|hca|0307_10.1038_s41419-021-03724-6_32b837a8da	llmarkers|hca|0307_10.1038_s41419-021-03724-6_32b837a8da	hca:0307_10.1038_s41419-021-03724-6_32b837a8da		MESENCHYMAL	MESENCHYMAL	3	3	1.0	6	0.6666666666666666	0.6666666666666666
LLMarkers	llmarkers|hca|0307_10.1038_s41419-021-03724-6_32b837a8da	llmarkers|hca|0307_10.1038_s41419-021-03724-6_32b837a8da	hca:0307_10.1038_s41419-021-03724-6_32b837a8da		MES_DP/DS1	MES DP DS 1	4	0	0.0	0		
LLMarkers	llmarkers|hca|0307_10.1038_s41419-021-03724-6_32b837a8da	llmarkers|hca|0307_10.1038_s41419-021-03724-6_32b837a8da	hca:0307_10.1038_s41419-021-03724-6_32b837a8da		MES_FIBRO	MES FIBRO	4	0	0.0	0		
LLMarkers	llmarkers|hca|0307_10.1038_s41419-021-03724-6_32b837a8da	llmarkers|hca|0307_10.1038_s41419-021-03724-6_32b837a8da	hca:0307_10.1038_s41419-021-03724-6_32b837a8da		MES_PERI1	MES PERI 1	4	0	0.0	0		
LLMarkers	llmarkers|hca|0307_10.1038_s41419-021-03724-6_32b837a8da	llmarkers|hca|0307_10.1038_s41419-021-03724-6_32b837a8da	hca:0307_10.1038_s41419-021-03724-6_32b837a8da		MES_PERI2	MES PERI 2	4	0	0.0	0		
LLMarkers	llmarkers|hca|0307_10.1038_s41419-021-03724-6_32b837a8da	llmarkers|hca|0307_10.1038_s41419-021-03724-6_32b837a8da	hca:0307_10.1038_s41419-021-03724-6_32b837a8da		NEURAL CREST-LIKE	NEURAL CREST LIKE	3	3	1.0	0		
LLMarkers	llmarkers|hca|0307_10.1038_s41419-021-03724-6_32b837a8da	llmarkers|hca|0307_10.1038_s41419-021-03724-6_32b837a8da	hca:0307_10.1038_s41419-021-03724-6_32b837a8da		SCHM_DP_NCL	SCHM DP NCL	3	0	0.0	0		
LLMarkers	llmarkers|hca|0307_10.1038_s41419-021-03724-6_32b837a8da	llmarkers|hca|0307_10.1038_s41419-021-03724-6_32b837a8da	hca:0307_10.1038_s41419-021-03724-6_32b837a8da		SCHM_SC	SCHM SC	3	0	0.0	0		
LLMarkers	llmarkers|hca|0308_10.1242_dev.199711_724ab19d33	llmarkers|hca|0308_10.1242_dev.199711_724ab19d33	hca:0308_10.1242_dev.199711_724ab19d33		SENSORY NEURON PRECURSOR	SENSORY NEURON PRECURSOR	3	3	1.0	0		
LLMarkers	llmarkers|hca|0309_10.1101_721258_f9cb0ad906	llmarkers|hca|0309_10.1101_721258_f9cb0ad906	hca:0309_10.1101_721258_f9cb0ad906		B CELL	B CELL	4	4	1.0	29	0.75	0.75
LLMarkers	llmarkers|hca|0309_10.1101_721258_f9cb0ad906	llmarkers|hca|0309_10.1101_721258_f9cb0ad906	hca:0309_10.1101_721258_f9cb0ad906		CD8+ T CELL	CD 8 T CELL	3	3	1.0	14	0.0	0.0
LLMarkers	llmarkers|hca|0309_10.1101_721258_f9cb0ad906	llmarkers|hca|0309_10.1101_721258_f9cb0ad906	hca:0309_10.1101_721258_f9cb0ad906		MAST CELL	MAST CELL	4	4	1.0	14	0.0	0.0
LLMarkers	llmarkers|hca|0309_10.1101_721258_f9cb0ad906	llmarkers|hca|0309_10.1101_721258_f9cb0ad906	hca:0309_10.1101_721258_f9cb0ad906		MYELOID CELL	MYELOID CELL	4	4	1.0	9	0.0	0.0
LLMarkers	llmarkers|hca|0309_10.1101_721258_f9cb0ad906	llmarkers|hca|0309_10.1101_721258_f9cb0ad906	hca:0309_10.1101_721258_f9cb0ad906		PLASMA CELL	PLASMA CELL	3	3	1.0	15	1.0	1.0
LLMarkers	llmarkers|hca|0309_10.1101_721258_f9cb0ad906	llmarkers|hca|0309_10.1101_721258_f9cb0ad906	hca:0309_10.1101_721258_f9cb0ad906		T-CELL	T CELL	3	3	1.0	37	0.6666666666666666	0.6666666666666666
LLMarkers	llmarkers|hca|0313_10.1016_j.celrep.2022.110467_a2771a8ae7	llmarkers|hca|0313_10.1016_j.celrep.2022.110467_a2771a8ae7	hca:0313_10.1016_j.celrep.2022.110467_a2771a8ae7		GONADOTROPE	GONADOTROPE	5	5	1.0	0		
LLMarkers	llmarkers|hca|0313_10.1016_j.celrep.2022.110467_a2771a8ae7	llmarkers|hca|0313_10.1016_j.celrep.2022.110467_a2771a8ae7	hca:0313_10.1016_j.celrep.2022.110467_a2771a8ae7		PSC	PSC	9	7	0.7777777777777778	0		
LLMarkers	llmarkers|hca|0313_10.1016_j.celrep.2022.110467_a2771a8ae7	llmarkers|hca|0313_10.1016_j.celrep.2022.110467_a2771a8ae7	hca:0313_10.1016_j.celrep.2022.110467_a2771a8ae7		STEM CELL	STEM CELL	10	6	0.6	6	0.1	0.0
LLMarkers	llmarkers|hca|0313_10.1016_j.celrep.2022.110467_a2771a8ae7	llmarkers|hca|0313_10.1016_j.celrep.2022.110467_a2771a8ae7	hca:0313_10.1016_j.celrep.2022.110467_a2771a8ae7		UNCOMMITTED PSC	UNCOMMITTED PSC	4	1	0.25	0		
LLMarkers	llmarkers|hca|0314_10.1016_j.cell.2017.09.004_62170aa227	llmarkers|hca|0314_10.1016_j.cell.2017.09.004_62170aa227	hca:0314_10.1016_j.cell.2017.09.004_62170aa227		BETA CELL	BETA CELL	4	4	1.0	9	0.25	0.25
LLMarkers	llmarkers|hca|0315_10.1158_2159-8290.cd-21-0683_4c7216e47a	llmarkers|hca|0315_10.1158_2159-8290.cd-21-0683_4c7216e47a	hca:0315_10.1158_2159-8290.cd-21-0683_4c7216e47a		LONG-LIVED PLASMA CELL	LONG LIVED PLASMA CELL	4	4	1.0	0		
LLMarkers	llmarkers|hca|0315_10.1158_2159-8290.cd-21-0683_4c7216e47a	llmarkers|hca|0315_10.1158_2159-8290.cd-21-0683_4c7216e47a	hca:0315_10.1158_2159-8290.cd-21-0683_4c7216e47a		LT1–2	LT 12	4	4	1.0	0		
LLMarkers	llmarkers|hca|0315_10.1158_2159-8290.cd-21-0683_4c7216e47a	llmarkers|hca|0315_10.1158_2159-8290.cd-21-0683_4c7216e47a	hca:0315_10.1158_2159-8290.cd-21-0683_4c7216e47a		STF1	STF 1	8	0	0.0	0		
LLMarkers	llmarkers|hca|0315_10.1158_2159-8290.cd-21-0683_4c7216e47a	llmarkers|hca|0315_10.1158_2159-8290.cd-21-0683_4c7216e47a	hca:0315_10.1158_2159-8290.cd-21-0683_4c7216e47a		STF2	STF 2	7	6	0.8571428571428571	0		
LLMarkers	llmarkers|hca|0315_10.1158_2159-8290.cd-21-0683_4c7216e47a	llmarkers|hca|0315_10.1158_2159-8290.cd-21-0683_4c7216e47a	hca:0315_10.1158_2159-8290.cd-21-0683_4c7216e47a		STF3	STF 3	9	0	0.0	0		
LLMarkers	llmarkers|hca|0317_10.1016_j.celrep.2019.02.043_aed04e8aae	llmarkers|hca|0317_10.1016_j.celrep.2019.02.043_aed04e8aae	hca:0317_10.1016_j.celrep.2019.02.043_aed04e8aae		ACINAR CELL	ACINAR CELL	4	4	1.0	6	1.0	1.0
LLMarkers	llmarkers|hca|0317_10.1016_j.celrep.2019.02.043_aed04e8aae	llmarkers|hca|0317_10.1016_j.celrep.2019.02.043_aed04e8aae	hca:0317_10.1016_j.celrep.2019.02.043_aed04e8aae		ALPHA CELL	ALPHA CELL	3	3	1.0	5	1.0	1.0
LLMarkers	llmarkers|hca|0317_10.1016_j.celrep.2019.02.043_aed04e8aae	llmarkers|hca|0317_10.1016_j.celrep.2019.02.043_aed04e8aae	hca:0317_10.1016_j.celrep.2019.02.043_aed04e8aae		BETA CELL	BETA CELL	10	10	1.0	9	0.6	0.6
LLMarkers	llmarkers|hca|0317_10.1016_j.celrep.2019.02.043_aed04e8aae	llmarkers|hca|0317_10.1016_j.celrep.2019.02.043_aed04e8aae	hca:0317_10.1016_j.celrep.2019.02.043_aed04e8aae		DELTA CELL	DELTA CELL	8	8	1.0	4	0.625	0.625
LLMarkers	llmarkers|hca|0317_10.1016_j.celrep.2019.02.043_aed04e8aae	llmarkers|hca|0317_10.1016_j.celrep.2019.02.043_aed04e8aae	hca:0317_10.1016_j.celrep.2019.02.043_aed04e8aae		DUCTAL CELL	DUCTAL CELL	6	6	1.0	4	0.16666666666666666	0.16666666666666666
LLMarkers	llmarkers|hca|0317_10.1016_j.celrep.2019.02.043_aed04e8aae	llmarkers|hca|0317_10.1016_j.celrep.2019.02.043_aed04e8aae	hca:0317_10.1016_j.celrep.2019.02.043_aed04e8aae		ENDOCRINE CELL TYPE	ENDOCRINE CELL TYPE	4	4	1.0	0		
LLMarkers	llmarkers|hca|0317_10.1016_j.celrep.2019.02.043_aed04e8aae	llmarkers|hca|0317_10.1016_j.celrep.2019.02.043_aed04e8aae	hca:0317_10.1016_j.celrep.2019.02.043_aed04e8aae		PP CELL	PP CELL	3	3	1.0	1	0.0	0.0
LLMarkers	llmarkers|hca|0318_10.1158_1078-0432.ccr-19-0148_d4eb569329	llmarkers|hca|0318_10.1158_1078-0432.ccr-19-0148_d4eb569329	hca:0318_10.1158_1078-0432.ccr-19-0148_d4eb569329		CD8+ TILS	CD 8 TILS	6	6	1.0	0		
LLMarkers	llmarkers|hca|0319_10.1016_j.cell.2018.05.060_d1a05e99e8	llmarkers|hca|0319_10.1016_j.cell.2018.05.060_d1a05e99e8	hca:0319_10.1016_j.cell.2018.05.060_d1a05e99e8		CYTOTOXIC T, NK	CYTOTOXIC T NK	5	5	1.0	0		
LLMarkers	llmarkers|hca|0319_10.1016_j.cell.2018.05.060_d1a05e99e8	llmarkers|hca|0319_10.1016_j.cell.2018.05.060_d1a05e99e8	hca:0319_10.1016_j.cell.2018.05.060_d1a05e99e8		EXHAUSTED T-CELL, T-REGULATORY CELL	EXHAUSTED T CELL T REGULATORY CELL	6	6	1.0	0		
LLMarkers	llmarkers|hca|0319_10.1016_j.cell.2018.05.060_d1a05e99e8	llmarkers|hca|0319_10.1016_j.cell.2018.05.060_d1a05e99e8	hca:0319_10.1016_j.cell.2018.05.060_d1a05e99e8		MONOCYTIC LINEAGE	MONOCYTIC LINEAGE	7	7	1.0	0		
LLMarkers	llmarkers|hca|0319_10.1016_j.cell.2018.05.060_d1a05e99e8	llmarkers|hca|0319_10.1016_j.cell.2018.05.060_d1a05e99e8	hca:0319_10.1016_j.cell.2018.05.060_d1a05e99e8		NK CELL	NK CELL	3	3	1.0	15	0.6666666666666666	0.6666666666666666
LLMarkers	llmarkers|hca|0319_10.1016_j.cell.2018.05.060_d1a05e99e8	llmarkers|hca|0319_10.1016_j.cell.2018.05.060_d1a05e99e8	hca:0319_10.1016_j.cell.2018.05.060_d1a05e99e8		PLASMACYTOID DENDRITIC CELL	PLASMACYTOID DENDRITIC CELL	3	3	1.0	2	0.6666666666666666	0.6666666666666666
LLMarkers	llmarkers|hca|0319_10.1016_j.cell.2018.05.060_d1a05e99e8	llmarkers|hca|0319_10.1016_j.cell.2018.05.060_d1a05e99e8	hca:0319_10.1016_j.cell.2018.05.060_d1a05e99e8		TREG	TREG	4	4	1.0	14	0.25	0.25
LLMarkers	llmarkers|hca|0321_10.1002_stem.3302_bfd2270715	llmarkers|hca|0321_10.1002_stem.3302_bfd2270715	hca:0321_10.1002_stem.3302_bfd2270715		AT1 CELL	AT 1 CELL	7	3	0.42857142857142855	0		
LLMarkers	llmarkers|hca|0321_10.1002_stem.3302_bfd2270715	llmarkers|hca|0321_10.1002_stem.3302_bfd2270715	hca:0321_10.1002_stem.3302_bfd2270715		COL4A1 + 2D-IAT1	COL 4 A 1 2 D IAT 1	3	1	0.3333333333333333	0		
LLMarkers	llmarkers|hca|0321_10.1002_stem.3302_bfd2270715	llmarkers|hca|0321_10.1002_stem.3302_bfd2270715	hca:0321_10.1002_stem.3302_bfd2270715		FD‐IAT2 CELL	FDIAT 2 CELL	4	4	1.0	0		
LLMarkers	llmarkers|hca|0321_10.1002_stem.3302_bfd2270715	llmarkers|hca|0321_10.1002_stem.3302_bfd2270715	hca:0321_10.1002_stem.3302_bfd2270715		IAT1 CELL	IAT 1 CELL	5	1	0.2	0		
LLMarkers	llmarkers|hca|0321_10.1002_stem.3302_bfd2270715	llmarkers|hca|0321_10.1002_stem.3302_bfd2270715	hca:0321_10.1002_stem.3302_bfd2270715		TP63 + 2D-IAT1	TP 63 2 D IAT 1	3	1	0.3333333333333333	0		
LLMarkers	llmarkers|hca|0322_10.3389_fonc.2021.719564_a0cfb67753	llmarkers|hca|0322_10.3389_fonc.2021.719564_a0cfb67753	hca:0322_10.3389_fonc.2021.719564_a0cfb67753		CAF	CAF	3	3	1.0	1	0.0	0.0
LLMarkers	llmarkers|hca|0322_10.3389_fonc.2021.719564_a0cfb67753	llmarkers|hca|0322_10.3389_fonc.2021.719564_a0cfb67753	hca:0322_10.3389_fonc.2021.719564_a0cfb67753		CAF 2	CAF 2	4	4	1.0	0		
LLMarkers	llmarkers|hca|0322_10.3389_fonc.2021.719564_a0cfb67753	llmarkers|hca|0322_10.3389_fonc.2021.719564_a0cfb67753	hca:0322_10.3389_fonc.2021.719564_a0cfb67753		CCRCC	CCRCC	3	3	1.0	1	0.0	0.0
LLMarkers	llmarkers|hca|0322_10.3389_fonc.2021.719564_a0cfb67753	llmarkers|hca|0322_10.3389_fonc.2021.719564_a0cfb67753	hca:0322_10.3389_fonc.2021.719564_a0cfb67753		CHRCC	CHRCC	3	3	1.0	1	0.3333333333333333	0.3333333333333333
LLMarkers	llmarkers|hca|0322_10.3389_fonc.2021.719564_a0cfb67753	llmarkers|hca|0322_10.3389_fonc.2021.719564_a0cfb67753	hca:0322_10.3389_fonc.2021.719564_a0cfb67753		ENDOTHELIAL CELLS	ENDOTHELIAL CELLS	3	3	1.0	3	0.6666666666666666	0.6666666666666666
LLMarkers	llmarkers|hca|0322_10.3389_fonc.2021.719564_a0cfb67753	llmarkers|hca|0322_10.3389_fonc.2021.719564_a0cfb67753	hca:0322_10.3389_fonc.2021.719564_a0cfb67753		TAM	TAM	3	3	1.0	2	0.0	0.0
LLMarkers	llmarkers|hca|0322_10.3389_fonc.2021.719564_a0cfb67753	llmarkers|hca|0322_10.3389_fonc.2021.719564_a0cfb67753	hca:0322_10.3389_fonc.2021.719564_a0cfb67753		TYPE 2 PRCC	TYPE 2 PRCC	8	8	1.0	0		
LLMarkers	llmarkers|hca|0325_10.1016_j.celrep.2017.10.030_a9d12a5d7c	llmarkers|hca|0325_10.1016_j.celrep.2017.10.030_a9d12a5d7c	hca:0325_10.1016_j.celrep.2017.10.030_a9d12a5d7c		ASTROCYTES	ASTROCYTES	3	3	1.0	5	0.3333333333333333	0.3333333333333333
LLMarkers	llmarkers|hca|0325_10.1016_j.celrep.2017.10.030_a9d12a5d7c	llmarkers|hca|0325_10.1016_j.celrep.2017.10.030_a9d12a5d7c	hca:0325_10.1016_j.celrep.2017.10.030_a9d12a5d7c		GLIOMA STEM CELLS	GLIOMA STEM CELLS	4	4	1.0	0		
LLMarkers	llmarkers|hca|0325_10.1016_j.celrep.2017.10.030_a9d12a5d7c	llmarkers|hca|0325_10.1016_j.celrep.2017.10.030_a9d12a5d7c	hca:0325_10.1016_j.celrep.2017.10.030_a9d12a5d7c		INFILTRATING	INFILTRATING	3	3	1.0	0		
LLMarkers	llmarkers|hca|0325_10.1016_j.celrep.2017.10.030_a9d12a5d7c	llmarkers|hca|0325_10.1016_j.celrep.2017.10.030_a9d12a5d7c	hca:0325_10.1016_j.celrep.2017.10.030_a9d12a5d7c		INFILTRATING CELLS	INFILTRATING CELLS	7	7	1.0	0		
LLMarkers	llmarkers|hca|0325_10.1016_j.celrep.2017.10.030_a9d12a5d7c	llmarkers|hca|0325_10.1016_j.celrep.2017.10.030_a9d12a5d7c	hca:0325_10.1016_j.celrep.2017.10.030_a9d12a5d7c		MACROPHAGES	MACROPHAGES	5	5	1.0	5	0.2	0.2
LLMarkers	llmarkers|hca|0325_10.1016_j.celrep.2017.10.030_a9d12a5d7c	llmarkers|hca|0325_10.1016_j.celrep.2017.10.030_a9d12a5d7c	hca:0325_10.1016_j.celrep.2017.10.030_a9d12a5d7c		MICROGLIA	MICROGLIA	7	7	1.0	17	0.2857142857142857	0.2857142857142857
LLMarkers	llmarkers|hca|0326_10.1016_j.cmet.2016.08.020_b710322bb3	llmarkers|hca|0326_10.1016_j.cmet.2016.08.020_b710322bb3	hca:0326_10.1016_j.cmet.2016.08.020_b710322bb3		ACINAR CELL	ACINAR CELL	5	5	1.0	6	0.2	0.2
LLMarkers	llmarkers|hca|0326_10.1016_j.cmet.2016.08.020_b710322bb3	llmarkers|hca|0326_10.1016_j.cmet.2016.08.020_b710322bb3	hca:0326_10.1016_j.cmet.2016.08.020_b710322bb3		ALPHA CELL	ALPHA CELL	20	19	0.95	5	0.35	0.3157894736842105
LLMarkers	llmarkers|hca|0326_10.1016_j.cmet.2016.08.020_b710322bb3	llmarkers|hca|0326_10.1016_j.cmet.2016.08.020_b710322bb3	hca:0326_10.1016_j.cmet.2016.08.020_b710322bb3		ANTIGEN-PRESENTING MHC CLASS II CELL	ANTIGEN PRESENTING MHC CLASS II CELL	5	5	1.0	0		
LLMarkers	llmarkers|hca|0326_10.1016_j.cmet.2016.08.020_b710322bb3	llmarkers|hca|0326_10.1016_j.cmet.2016.08.020_b710322bb3	hca:0326_10.1016_j.cmet.2016.08.020_b710322bb3		BETA CELL	BETA CELL	19	17	0.8947368421052632	9	0.5789473684210527	0.6470588235294118
LLMarkers	llmarkers|hca|0326_10.1016_j.cmet.2016.08.020_b710322bb3	llmarkers|hca|0326_10.1016_j.cmet.2016.08.020_b710322bb3	hca:0326_10.1016_j.cmet.2016.08.020_b710322bb3		DELTA CELL	DELTA CELL	12	10	0.8333333333333334	4	0.4166666666666667	0.5
LLMarkers	llmarkers|hca|0326_10.1016_j.cmet.2016.08.020_b710322bb3	llmarkers|hca|0326_10.1016_j.cmet.2016.08.020_b710322bb3	hca:0326_10.1016_j.cmet.2016.08.020_b710322bb3		ENDOTHELIAL CELL	ENDOTHELIAL CELL	4	4	1.0	27	1.0	1.0
LLMarkers	llmarkers|hca|0326_10.1016_j.cmet.2016.08.020_b710322bb3	llmarkers|hca|0326_10.1016_j.cmet.2016.08.020_b710322bb3	hca:0326_10.1016_j.cmet.2016.08.020_b710322bb3		EPSILON CELL	EPSILON CELL	8	8	1.0	0		
LLMarkers	llmarkers|hca|0326_10.1016_j.cmet.2016.08.020_b710322bb3	llmarkers|hca|0326_10.1016_j.cmet.2016.08.020_b710322bb3	hca:0326_10.1016_j.cmet.2016.08.020_b710322bb3		GAMMA CELL	GAMMA CELL	8	7	0.875	1	0.0	0.0
LLMarkers	llmarkers|hca|0326_10.1016_j.cmet.2016.08.020_b710322bb3	llmarkers|hca|0326_10.1016_j.cmet.2016.08.020_b710322bb3	hca:0326_10.1016_j.cmet.2016.08.020_b710322bb3		MAST CELL	MAST CELL	3	3	1.0	14	0.6666666666666666	0.6666666666666666
LLMarkers	llmarkers|hca|0326_10.1016_j.cmet.2016.08.020_b710322bb3	llmarkers|hca|0326_10.1016_j.cmet.2016.08.020_b710322bb3	hca:0326_10.1016_j.cmet.2016.08.020_b710322bb3		PANCREATIC STELLATE CELL	PANCREATIC STELLATE CELL	4	4	1.0	0		
LLMarkers	llmarkers|hca|0329_10.1164_rccm.201712-2410oc_fdd97d9097	llmarkers|hca|0329_10.1164_rccm.201712-2410oc_fdd97d9097	hca:0329_10.1164_rccm.201712-2410oc_fdd97d9097		AIRWAY BASAL STEM CELL	AIRWAY BASAL STEM CELL	6	6	1.0	0		
LLMarkers	llmarkers|hca|0329_10.1164_rccm.201712-2410oc_fdd97d9097	llmarkers|hca|0329_10.1164_rccm.201712-2410oc_fdd97d9097	hca:0329_10.1164_rccm.201712-2410oc_fdd97d9097		ALVEOLAR MACROPHAGE	ALVEOLAR MACROPHAGE	16	16	1.0	0		
LLMarkers	llmarkers|hca|0329_10.1164_rccm.201712-2410oc_fdd97d9097	llmarkers|hca|0329_10.1164_rccm.201712-2410oc_fdd97d9097	hca:0329_10.1164_rccm.201712-2410oc_fdd97d9097		LYMPHATIC PROGENITOR	LYMPHATIC PROGENITOR	4	4	1.0	0		
LLMarkers	llmarkers|hca|0329_10.1164_rccm.201712-2410oc_fdd97d9097	llmarkers|hca|0329_10.1164_rccm.201712-2410oc_fdd97d9097	hca:0329_10.1164_rccm.201712-2410oc_fdd97d9097		PLASMACYTOID DENDRITIC CELL	PLASMACYTOID DENDRITIC CELL	4	4	1.0	2	0.5	0.5
LLMarkers	llmarkers|hca|0330_10.1016_j.celrep.2020.01.007_2459125119	llmarkers|hca|0330_10.1016_j.celrep.2020.01.007_2459125119	hca:0330_10.1016_j.celrep.2020.01.007_2459125119		BCS	BCS	3	3	1.0	0		
LLMarkers	llmarkers|hca|0330_10.1016_j.celrep.2020.01.007_2459125119	llmarkers|hca|0330_10.1016_j.celrep.2020.01.007_2459125119	hca:0330_10.1016_j.celrep.2020.01.007_2459125119		MÜLLER GLIA	MULLER GLIA	3	3	1.0	3	0.6666666666666666	0.6666666666666666
LLMarkers	llmarkers|hca|0330_10.1016_j.celrep.2020.01.007_2459125119	llmarkers|hca|0330_10.1016_j.celrep.2020.01.007_2459125119	hca:0330_10.1016_j.celrep.2020.01.007_2459125119		T1	T 1	3	2	0.6666666666666666	1	0.0	0.0
LLMarkers	llmarkers|hca|0330_10.1016_j.celrep.2020.01.007_2459125119	llmarkers|hca|0330_10.1016_j.celrep.2020.01.007_2459125119	hca:0330_10.1016_j.celrep.2020.01.007_2459125119		T2	T 2	3	3	1.0	1	0.0	0.0
LLMarkers	llmarkers|hca|0330_10.1016_j.celrep.2020.01.007_2459125119	llmarkers|hca|0330_10.1016_j.celrep.2020.01.007_2459125119	hca:0330_10.1016_j.celrep.2020.01.007_2459125119		T3	T 3	3	2	0.6666666666666666	0		
LLMarkers	llmarkers|hca|0334_10.1681_asn.2018020125_804c4742d9	llmarkers|hca|0334_10.1681_asn.2018020125_804c4742d9	hca:0334_10.1681_asn.2018020125_804c4742d9		EC	EC	3	3	1.0	6	0.0	0.0
LLMarkers	llmarkers|hca|0338_10.3389_fnmol.2020.00134_d9eafa03d0	llmarkers|hca|0338_10.3389_fnmol.2020.00134_d9eafa03d0	hca:0338_10.3389_fnmol.2020.00134_d9eafa03d0		CLUSTER 0	CLUSTER 0	6	6	1.0	4	0.0	0.0
LLMarkers	llmarkers|hca|0338_10.3389_fnmol.2020.00134_d9eafa03d0	llmarkers|hca|0338_10.3389_fnmol.2020.00134_d9eafa03d0	hca:0338_10.3389_fnmol.2020.00134_d9eafa03d0		CLUSTER 1	CLUSTER 1	3	3	1.0	13	0.0	0.0
LLMarkers	llmarkers|hca|0338_10.3389_fnmol.2020.00134_d9eafa03d0	llmarkers|hca|0338_10.3389_fnmol.2020.00134_d9eafa03d0	hca:0338_10.3389_fnmol.2020.00134_d9eafa03d0		CLUSTER 2	CLUSTER 2	6	5	0.8333333333333334	18	0.0	0.0
LLMarkers	llmarkers|hca|0338_10.3389_fnmol.2020.00134_d9eafa03d0	llmarkers|hca|0338_10.3389_fnmol.2020.00134_d9eafa03d0	hca:0338_10.3389_fnmol.2020.00134_d9eafa03d0		MICROGLIA	MICROGLIA	8	7	0.875	17	0.75	0.8571428571428571
LLMarkers	llmarkers|hca|0339_10.7150_thno.65694_e762e5f2bb	llmarkers|hca|0339_10.7150_thno.65694_e762e5f2bb	hca:0339_10.7150_thno.65694_e762e5f2bb		CD8+ T CELL SUBCLUSTER	CD 8 T CELL SUBCLUSTER	5	5	1.0	0		
LLMarkers	llmarkers|hca|0339_10.7150_thno.65694_e762e5f2bb	llmarkers|hca|0339_10.7150_thno.65694_e762e5f2bb	hca:0339_10.7150_thno.65694_e762e5f2bb		LYMPHATIC EC	LYMPHATIC EC	4	4	1.0	1	0.0	0.0
LLMarkers	llmarkers|hca|0339_10.7150_thno.65694_e762e5f2bb	llmarkers|hca|0339_10.7150_thno.65694_e762e5f2bb	hca:0339_10.7150_thno.65694_e762e5f2bb		MONOCYTE/MACROPHAGE	MONOCYTE MACROPHAGE	4	4	1.0	0		
LLMarkers	llmarkers|hca|0339_10.7150_thno.65694_e762e5f2bb	llmarkers|hca|0339_10.7150_thno.65694_e762e5f2bb	hca:0339_10.7150_thno.65694_e762e5f2bb		OC	OC	4	3	0.75	0		
LLMarkers	llmarkers|hca|0339_10.7150_thno.65694_e762e5f2bb	llmarkers|hca|0339_10.7150_thno.65694_e762e5f2bb	hca:0339_10.7150_thno.65694_e762e5f2bb		OSTEOCLAST PRECURSOR CELL	OSTEOCLAST PRECURSOR CELL	4	3	0.75	0		
LLMarkers	llmarkers|hca|0339_10.7150_thno.65694_e762e5f2bb	llmarkers|hca|0339_10.7150_thno.65694_e762e5f2bb	hca:0339_10.7150_thno.65694_e762e5f2bb		SPON2+ PERICYTE	SPON 2 PERICYTE	5	5	1.0	0		
LLMarkers	llmarkers|hca|0339_10.7150_thno.65694_e762e5f2bb	llmarkers|hca|0339_10.7150_thno.65694_e762e5f2bb	hca:0339_10.7150_thno.65694_e762e5f2bb		TNFRSF21+ FIBROBLAST	TNFRSF 21 FIBROBLAST	6	0	0.0	0		
LLMarkers	llmarkers|hca|0339_10.7150_thno.65694_e762e5f2bb	llmarkers|hca|0339_10.7150_thno.65694_e762e5f2bb	hca:0339_10.7150_thno.65694_e762e5f2bb		TNFRSF21+ SUBCLUSTER	TNFRSF 21 SUBCLUSTER	6	0	0.0	0		
LLMarkers	llmarkers|hca|0339_10.7150_thno.65694_e762e5f2bb	llmarkers|hca|0339_10.7150_thno.65694_e762e5f2bb	hca:0339_10.7150_thno.65694_e762e5f2bb		VENOUS EC	VENOUS EC	6	6	1.0	1	0.0	0.0
LLMarkers	llmarkers|hca|0340_10.1038_s41467-020-16164-1_15fae00c00	llmarkers|hca|0340_10.1038_s41467-020-16164-1_15fae00c00	hca:0340_10.1038_s41467-020-16164-1_15fae00c00		ALVEOLAR	ALVEOLAR	3	3	1.0	1	0.0	0.0
LLMarkers	llmarkers|hca|0340_10.1038_s41467-020-16164-1_15fae00c00	llmarkers|hca|0340_10.1038_s41467-020-16164-1_15fae00c00	hca:0340_10.1038_s41467-020-16164-1_15fae00c00		ANTI-INFLAMMATORY AM	ANTI INFLAMMATORY AM	3	3	1.0	0		
LLMarkers	llmarkers|hca|0340_10.1038_s41467-020-16164-1_15fae00c00	llmarkers|hca|0340_10.1038_s41467-020-16164-1_15fae00c00	hca:0340_10.1038_s41467-020-16164-1_15fae00c00		LN-MAC-S6	LN MAC S 6	5	5	1.0	0		
LLMarkers	llmarkers|hca|0342_10.18632_aging.203124_280d72e18e	llmarkers|hca|0342_10.18632_aging.203124_280d72e18e	hca:0342_10.18632_aging.203124_280d72e18e		B CELL	B CELL	3	3	1.0	29	1.0	1.0
LLMarkers	llmarkers|hca|0342_10.18632_aging.203124_280d72e18e	llmarkers|hca|0342_10.18632_aging.203124_280d72e18e	hca:0342_10.18632_aging.203124_280d72e18e		GZMK + CXCL8 + T CELL	GZMK CXCL 8 T CELL	3	3	1.0	0		
LLMarkers	llmarkers|hca|0343_10.1038_s41597-019-0351-8_0cf4fb36a1	llmarkers|hca|0343_10.1038_s41597-019-0351-8_0cf4fb36a1	hca:0343_10.1038_s41597-019-0351-8_0cf4fb36a1		COLLECTING DUCT INTERCALATED CELL	COLLECTING DUCT INTERCALATED CELL	3	3	1.0	0		
LLMarkers	llmarkers|hca|0343_10.1038_s41597-019-0351-8_0cf4fb36a1	llmarkers|hca|0343_10.1038_s41597-019-0351-8_0cf4fb36a1	hca:0343_10.1038_s41597-019-0351-8_0cf4fb36a1		NKT CELL	NKT CELL	4	2	0.5	1	0.25	0.5
LLMarkers	llmarkers|hca|0343_10.1038_s41597-019-0351-8_0cf4fb36a1	llmarkers|hca|0343_10.1038_s41597-019-0351-8_0cf4fb36a1	hca:0343_10.1038_s41597-019-0351-8_0cf4fb36a1		T CELL	T CELL	3	1	0.3333333333333333	37	1.0	1.0
LLMarkers	llmarkers|hca|0345_10.3389_fimmu.2021.645666_15198bd9bb	llmarkers|hca|0345_10.3389_fimmu.2021.645666_15198bd9bb	hca:0345_10.3389_fimmu.2021.645666_15198bd9bb		B CELL	B CELL	10	10	1.0	29	0.5	0.5
LLMarkers	llmarkers|hca|0345_10.3389_fimmu.2021.645666_15198bd9bb	llmarkers|hca|0345_10.3389_fimmu.2021.645666_15198bd9bb	hca:0345_10.3389_fimmu.2021.645666_15198bd9bb		CD4+ T CELL	CD 4 T CELL	22	1	0.045454545454545456	16	0.3181818181818182	1.0
LLMarkers	llmarkers|hca|0345_10.3389_fimmu.2021.645666_15198bd9bb	llmarkers|hca|0345_10.3389_fimmu.2021.645666_15198bd9bb	hca:0345_10.3389_fimmu.2021.645666_15198bd9bb		CD8+ T CELL	CD 8 T CELL	18	5	0.2777777777777778	14	0.2777777777777778	0.4
LLMarkers	llmarkers|hca|0345_10.3389_fimmu.2021.645666_15198bd9bb	llmarkers|hca|0345_10.3389_fimmu.2021.645666_15198bd9bb	hca:0345_10.3389_fimmu.2021.645666_15198bd9bb		MONOCYTE-MACROPHAGE CELL	MONOCYTE MACROPHAGE CELL	8	0	0.0	0		
LLMarkers	llmarkers|hca|0345_10.3389_fimmu.2021.645666_15198bd9bb	llmarkers|hca|0345_10.3389_fimmu.2021.645666_15198bd9bb	hca:0345_10.3389_fimmu.2021.645666_15198bd9bb		NATURAL KILLER (NK) CELL	NATURAL KILLER NK CELL	4	4	1.0	3	0.5	0.5
LLMarkers	llmarkers|hca|0347_10.1186_s12943-021-01419-2_236ba26890	llmarkers|hca|0347_10.1186_s12943-021-01419-2_236ba26890	hca:0347_10.1186_s12943-021-01419-2_236ba26890		DC-1	DC 1	3	3	1.0	1	0.3333333333333333	0.3333333333333333
LLMarkers	llmarkers|hca|0347_10.1186_s12943-021-01419-2_236ba26890	llmarkers|hca|0347_10.1186_s12943-021-01419-2_236ba26890	hca:0347_10.1186_s12943-021-01419-2_236ba26890		FB-1	FB 1	3	3	1.0	5	1.0	1.0
LLMarkers	llmarkers|hca|0347_10.1186_s12943-021-01419-2_236ba26890	llmarkers|hca|0347_10.1186_s12943-021-01419-2_236ba26890	hca:0347_10.1186_s12943-021-01419-2_236ba26890		FB-3	FB 3	5	5	1.0	3	0.0	0.0
LLMarkers	llmarkers|hca|0347_10.1186_s12943-021-01419-2_236ba26890	llmarkers|hca|0347_10.1186_s12943-021-01419-2_236ba26890	hca:0347_10.1186_s12943-021-01419-2_236ba26890		FB-4	FB 4	4	4	1.0	2	0.0	0.0
LLMarkers	llmarkers|hca|0348_10.1126_sciadv.aba1972_746bae0b3c	llmarkers|hca|0348_10.1126_sciadv.aba1972_746bae0b3c	hca:0348_10.1126_sciadv.aba1972_746bae0b3c		HAS1 HI	HAS 1 HI	3	3	1.0	0		
LLMarkers	llmarkers|hca|0349_10.1038_s41467-023-36296-4_67ae3c1e19	llmarkers|hca|0349_10.1038_s41467-023-36296-4_67ae3c1e19	hca:0349_10.1038_s41467-023-36296-4_67ae3c1e19		C1QC+ MACROPHAGE	C 1 QC MACROPHAGE	3	3	1.0	0		
LLMarkers	llmarkers|hca|0349_10.1038_s41467-023-36296-4_67ae3c1e19	llmarkers|hca|0349_10.1038_s41467-023-36296-4_67ae3c1e19	hca:0349_10.1038_s41467-023-36296-4_67ae3c1e19		CDC3	CDC 3	3	3	1.0	0		
LLMarkers	llmarkers|hca|0349_10.1038_s41467-023-36296-4_67ae3c1e19	llmarkers|hca|0349_10.1038_s41467-023-36296-4_67ae3c1e19	hca:0349_10.1038_s41467-023-36296-4_67ae3c1e19		CTLA4+ CD8+ T CELL	CTLA 4 CD 8 T CELL	4	4	1.0	0		
LLMarkers	llmarkers|hca|0349_10.1038_s41467-023-36296-4_67ae3c1e19	llmarkers|hca|0349_10.1038_s41467-023-36296-4_67ae3c1e19	hca:0349_10.1038_s41467-023-36296-4_67ae3c1e19		ICAF	ICAF	4	4	1.0	1	0.0	0.0
LLMarkers	llmarkers|hca|0349_10.1038_s41467-023-36296-4_67ae3c1e19	llmarkers|hca|0349_10.1038_s41467-023-36296-4_67ae3c1e19	hca:0349_10.1038_s41467-023-36296-4_67ae3c1e19		MDSC	MDSC	3	3	1.0	0		
LLMarkers	llmarkers|hca|0349_10.1038_s41467-023-36296-4_67ae3c1e19	llmarkers|hca|0349_10.1038_s41467-023-36296-4_67ae3c1e19	hca:0349_10.1038_s41467-023-36296-4_67ae3c1e19		PERI-ISLET SCHWANN CELL	PERI ISLET SCHWANN CELL	3	3	1.0	0		
LLMarkers	llmarkers|hca|0349_10.1038_s41467-023-36296-4_67ae3c1e19	llmarkers|hca|0349_10.1038_s41467-023-36296-4_67ae3c1e19	hca:0349_10.1038_s41467-023-36296-4_67ae3c1e19		PERICYTE	PERICYTE	4	4	1.0	13	1.0	1.0
LLMarkers	llmarkers|hca|0350_10.1038_s41421-020-0157-z_3083f6da26	llmarkers|hca|0350_10.1038_s41421-020-0157-z_3083f6da26	hca:0350_10.1038_s41421-020-0157-z_3083f6da26		C7	C 7	7	4	0.5714285714285714	1	0.0	0.0
LLMarkers	llmarkers|hca|0350_10.1038_s41421-020-0157-z_3083f6da26	llmarkers|hca|0350_10.1038_s41421-020-0157-z_3083f6da26	hca:0350_10.1038_s41421-020-0157-z_3083f6da26		CD11C+ ABC	CD 11 C ABC	7	7	1.0	0		
LLMarkers	llmarkers|hca|0350_10.1038_s41421-020-0157-z_3083f6da26	llmarkers|hca|0350_10.1038_s41421-020-0157-z_3083f6da26	hca:0350_10.1038_s41421-020-0157-z_3083f6da26		CD14+ MO	CD 14 MO	6	5	0.8333333333333334	0		
LLMarkers	llmarkers|hca|0350_10.1038_s41421-020-0157-z_3083f6da26	llmarkers|hca|0350_10.1038_s41421-020-0157-z_3083f6da26	hca:0350_10.1038_s41421-020-0157-z_3083f6da26		CD16+ MO	CD 16 MO	4	4	1.0	0		
LLMarkers	llmarkers|hca|0350_10.1038_s41421-020-0157-z_3083f6da26	llmarkers|hca|0350_10.1038_s41421-020-0157-z_3083f6da26	hca:0350_10.1038_s41421-020-0157-z_3083f6da26		CMBC	CMBC	3	3	1.0	0		
LLMarkers	llmarkers|hca|0350_10.1038_s41421-020-0157-z_3083f6da26	llmarkers|hca|0350_10.1038_s41421-020-0157-z_3083f6da26	hca:0350_10.1038_s41421-020-0157-z_3083f6da26		CNK	CNK	11	1	0.09090909090909091	0		
LLMarkers	llmarkers|hca|0350_10.1038_s41421-020-0157-z_3083f6da26	llmarkers|hca|0350_10.1038_s41421-020-0157-z_3083f6da26	hca:0350_10.1038_s41421-020-0157-z_3083f6da26		CYCLING NK & T	CYCLING NK T	4	4	1.0	0		
LLMarkers	llmarkers|hca|0350_10.1038_s41421-020-0157-z_3083f6da26	llmarkers|hca|0350_10.1038_s41421-020-0157-z_3083f6da26	hca:0350_10.1038_s41421-020-0157-z_3083f6da26		GCB	GCB	10	9	0.9	0		
LLMarkers	llmarkers|hca|0350_10.1038_s41421-020-0157-z_3083f6da26	llmarkers|hca|0350_10.1038_s41421-020-0157-z_3083f6da26	hca:0350_10.1038_s41421-020-0157-z_3083f6da26		ILC	ILC	9	7	0.7777777777777778	1	0.1111111111111111	0.14285714285714285
LLMarkers	llmarkers|hca|0350_10.1038_s41421-020-0157-z_3083f6da26	llmarkers|hca|0350_10.1038_s41421-020-0157-z_3083f6da26	hca:0350_10.1038_s41421-020-0157-z_3083f6da26		ISG+ B	ISG B	10	10	1.0	0		
LLMarkers	llmarkers|hca|0350_10.1038_s41421-020-0157-z_3083f6da26	llmarkers|hca|0350_10.1038_s41421-020-0157-z_3083f6da26	hca:0350_10.1038_s41421-020-0157-z_3083f6da26		MAIT	MAIT	12	7	0.5833333333333334	2	0.08333333333333333	0.14285714285714285
LLMarkers	llmarkers|hca|0350_10.1038_s41421-020-0157-z_3083f6da26	llmarkers|hca|0350_10.1038_s41421-020-0157-z_3083f6da26	hca:0350_10.1038_s41421-020-0157-z_3083f6da26		MZB	MZB	9	9	1.0	0		
LLMarkers	llmarkers|hca|0350_10.1038_s41421-020-0157-z_3083f6da26	llmarkers|hca|0350_10.1038_s41421-020-0157-z_3083f6da26	hca:0350_10.1038_s41421-020-0157-z_3083f6da26		NAIVE/CM	NAIVE CM	9	6	0.6666666666666666	0		
LLMarkers	llmarkers|hca|0350_10.1038_s41421-020-0157-z_3083f6da26	llmarkers|hca|0350_10.1038_s41421-020-0157-z_3083f6da26	hca:0350_10.1038_s41421-020-0157-z_3083f6da26		NAÏVE B	NAIVE B	8	8	1.0	0		
LLMarkers	llmarkers|hca|0350_10.1038_s41421-020-0157-z_3083f6da26	llmarkers|hca|0350_10.1038_s41421-020-0157-z_3083f6da26	hca:0350_10.1038_s41421-020-0157-z_3083f6da26		T FC	T FC	3	2	0.6666666666666666	0		
LLMarkers	llmarkers|hca|0350_10.1038_s41421-020-0157-z_3083f6da26	llmarkers|hca|0350_10.1038_s41421-020-0157-z_3083f6da26	hca:0350_10.1038_s41421-020-0157-z_3083f6da26		T FH	T FH	5	3	0.6	1	0.2	0.0
LLMarkers	llmarkers|hca|0350_10.1038_s41421-020-0157-z_3083f6da26	llmarkers|hca|0350_10.1038_s41421-020-0157-z_3083f6da26	hca:0350_10.1038_s41421-020-0157-z_3083f6da26		TC	TC	10	1	0.1	3	0.0	0.0
LLMarkers	llmarkers|hca|0350_10.1038_s41421-020-0157-z_3083f6da26	llmarkers|hca|0350_10.1038_s41421-020-0157-z_3083f6da26	hca:0350_10.1038_s41421-020-0157-z_3083f6da26		TEM	TEM	6	3	0.5	1	0.0	0.0
LLMarkers	llmarkers|hca|0350_10.1038_s41421-020-0157-z_3083f6da26	llmarkers|hca|0350_10.1038_s41421-020-0157-z_3083f6da26	hca:0350_10.1038_s41421-020-0157-z_3083f6da26		TERMINAL DIFFERENTIATION STATE	TERMINAL DIFFERENTIATION STATE	6	0	0.0	0		
LLMarkers	llmarkers|hca|0350_10.1038_s41421-020-0157-z_3083f6da26	llmarkers|hca|0350_10.1038_s41421-020-0157-z_3083f6da26	hca:0350_10.1038_s41421-020-0157-z_3083f6da26		TISSUE RESIDENT LINEAGE	TISSUE RESIDENT LINEAGE	3	0	0.0	0		
LLMarkers	llmarkers|hca|0350_10.1038_s41421-020-0157-z_3083f6da26	llmarkers|hca|0350_10.1038_s41421-020-0157-z_3083f6da26	hca:0350_10.1038_s41421-020-0157-z_3083f6da26		TISSUE-CD14+ MO	TISSUE CD 14 MO	6	5	0.8333333333333334	0		
LLMarkers	llmarkers|hca|0350_10.1038_s41421-020-0157-z_3083f6da26	llmarkers|hca|0350_10.1038_s41421-020-0157-z_3083f6da26	hca:0350_10.1038_s41421-020-0157-z_3083f6da26		TREG	TREG	9	9	1.0	14	0.3333333333333333	0.3333333333333333
LLMarkers	llmarkers|hca|0350_10.1038_s41421-020-0157-z_3083f6da26	llmarkers|hca|0350_10.1038_s41421-020-0157-z_3083f6da26	hca:0350_10.1038_s41421-020-0157-z_3083f6da26		TRM	TRM	14	5	0.35714285714285715	1	0.0	0.0
LLMarkers	llmarkers|hca|0350_10.1038_s41421-020-0157-z_3083f6da26	llmarkers|hca|0350_10.1038_s41421-020-0157-z_3083f6da26	hca:0350_10.1038_s41421-020-0157-z_3083f6da26		TRNK	TRNK	11	5	0.45454545454545453	0		
LLMarkers	llmarkers|hca|0350_10.1038_s41421-020-0157-z_3083f6da26	llmarkers|hca|0350_10.1038_s41421-020-0157-z_3083f6da26	hca:0350_10.1038_s41421-020-0157-z_3083f6da26		ZBTB32+ B	ZBTB 32 B	8	8	1.0	0		
LLMarkers	llmarkers|hca|0350_10.1038_s41421-020-0157-z_3083f6da26	llmarkers|hca|0350_10.1038_s41421-020-0157-z_3083f6da26	hca:0350_10.1038_s41421-020-0157-z_3083f6da26		ΓΔ T	T	5	2	0.4	0		
LLMarkers	llmarkers|hca|0351_10.1038_s41422-018-0103-x_169d6c1666	llmarkers|hca|0351_10.1038_s41422-018-0103-x_169d6c1666	hca:0351_10.1038_s41422-018-0103-x_169d6c1666		3D-HEPLPCS-HEP	3 D HEPLPCS HEP	3	2	0.6666666666666666	0		
LLMarkers	llmarkers|hca|0351_10.1038_s41422-018-0103-x_169d6c1666	llmarkers|hca|0351_10.1038_s41422-018-0103-x_169d6c1666	hca:0351_10.1038_s41422-018-0103-x_169d6c1666		HEPLPC	HEPLPC	8	7	0.875	0		
LLMarkers	llmarkers|hca|0352_10.1038_nature25980_27cde67bed	llmarkers|hca|0352_10.1038_nature25980_27cde67bed	hca:0352_10.1038_nature25980_27cde67bed		ASTROCYTE	ASTROCYTE	3	3	1.0	7	0.6666666666666666	0.6666666666666666
LLMarkers	llmarkers|hca|0352_10.1038_nature25980_27cde67bed	llmarkers|hca|0352_10.1038_nature25980_27cde67bed	hca:0352_10.1038_nature25980_27cde67bed		EXCITATORY NEURON	EXCITATORY NEURON	5	5	1.0	4	0.0	0.0
LLMarkers	llmarkers|hca|0352_10.1038_nature25980_27cde67bed	llmarkers|hca|0352_10.1038_nature25980_27cde67bed	hca:0352_10.1038_nature25980_27cde67bed		INTERNEURON	INTERNEURON	6	6	1.0	3	0.8333333333333334	0.8333333333333334
LLMarkers	llmarkers|hca|0352_10.1038_nature25980_27cde67bed	llmarkers|hca|0352_10.1038_nature25980_27cde67bed	hca:0352_10.1038_nature25980_27cde67bed		INTERNEURON PROGENITOR	INTERNEURON PROGENITOR	3	3	1.0	0		
LLMarkers	llmarkers|hca|0352_10.1038_nature25980_27cde67bed	llmarkers|hca|0352_10.1038_nature25980_27cde67bed	hca:0352_10.1038_nature25980_27cde67bed		IPC	IPC	4	4	1.0	0		
LLMarkers	llmarkers|hca|0352_10.1038_nature25980_27cde67bed	llmarkers|hca|0352_10.1038_nature25980_27cde67bed	hca:0352_10.1038_nature25980_27cde67bed		MICROGLIA	MICROGLIA	3	3	1.0	17	1.0	1.0
LLMarkers	llmarkers|hca|0352_10.1038_nature25980_27cde67bed	llmarkers|hca|0352_10.1038_nature25980_27cde67bed	hca:0352_10.1038_nature25980_27cde67bed		NPC	NPC	3	3	1.0	0		
LLMarkers	llmarkers|hca|0352_10.1038_nature25980_27cde67bed	llmarkers|hca|0352_10.1038_nature25980_27cde67bed	hca:0352_10.1038_nature25980_27cde67bed		OUTER RADIAL GLIA	OUTER RADIAL GLIA	3	3	1.0	0		
LLMarkers	llmarkers|hca|0353_10.1016_j.neuron.2017.02.014_ebc3a9c467	llmarkers|hca|0353_10.1016_j.neuron.2017.02.014_ebc3a9c467	hca:0353_10.1016_j.neuron.2017.02.014_ebc3a9c467		CORTICAL INTERNEURON	CORTICAL INTERNEURON	6	4	0.6666666666666666	0		
LLMarkers	llmarkers|hca|0353_10.1016_j.neuron.2017.02.014_ebc3a9c467	llmarkers|hca|0353_10.1016_j.neuron.2017.02.014_ebc3a9c467	hca:0353_10.1016_j.neuron.2017.02.014_ebc3a9c467		INTERMEDIATE PROGENITOR	INTERMEDIATE PROGENITOR	5	5	1.0	0		
LLMarkers	llmarkers|hca|0353_10.1016_j.neuron.2017.02.014_ebc3a9c467	llmarkers|hca|0353_10.1016_j.neuron.2017.02.014_ebc3a9c467	hca:0353_10.1016_j.neuron.2017.02.014_ebc3a9c467		INTERNEURON	INTERNEURON	3	1	0.3333333333333333	3	0.6666666666666666	0.0
LLMarkers	llmarkers|hca|0353_10.1016_j.neuron.2017.02.014_ebc3a9c467	llmarkers|hca|0353_10.1016_j.neuron.2017.02.014_ebc3a9c467	hca:0353_10.1016_j.neuron.2017.02.014_ebc3a9c467		LGE NEURON	LGE NEURON	3	1	0.3333333333333333	0		
LLMarkers	llmarkers|hca|0353_10.1016_j.neuron.2017.02.014_ebc3a9c467	llmarkers|hca|0353_10.1016_j.neuron.2017.02.014_ebc3a9c467	hca:0353_10.1016_j.neuron.2017.02.014_ebc3a9c467		MATURING INTERNEURON	MATURING INTERNEURON	3	3	1.0	0		
LLMarkers	llmarkers|hca|0353_10.1016_j.neuron.2017.02.014_ebc3a9c467	llmarkers|hca|0353_10.1016_j.neuron.2017.02.014_ebc3a9c467	hca:0353_10.1016_j.neuron.2017.02.014_ebc3a9c467		OLIGODENDROCYTE PRECURSOR	OLIGODENDROCYTE PRECURSOR	4	4	1.0	0		
LLMarkers	llmarkers|hca|0353_10.1016_j.neuron.2017.02.014_ebc3a9c467	llmarkers|hca|0353_10.1016_j.neuron.2017.02.014_ebc3a9c467	hca:0353_10.1016_j.neuron.2017.02.014_ebc3a9c467		PMGE	PMGE	5	4	0.8	0		
LLMarkers	llmarkers|hca|0353_10.1016_j.neuron.2017.02.014_ebc3a9c467	llmarkers|hca|0353_10.1016_j.neuron.2017.02.014_ebc3a9c467	hca:0353_10.1016_j.neuron.2017.02.014_ebc3a9c467		PROGENITOR	PROGENITOR	3	2	0.6666666666666666	2	0.0	0.0
LLMarkers	llmarkers|hca|0353_10.1016_j.neuron.2017.02.014_ebc3a9c467	llmarkers|hca|0353_10.1016_j.neuron.2017.02.014_ebc3a9c467	hca:0353_10.1016_j.neuron.2017.02.014_ebc3a9c467		PTEL	PTEL	4	3	0.75	0		
LLMarkers	llmarkers|hca|0353_10.1016_j.neuron.2017.02.014_ebc3a9c467	llmarkers|hca|0353_10.1016_j.neuron.2017.02.014_ebc3a9c467	hca:0353_10.1016_j.neuron.2017.02.014_ebc3a9c467		RADIAL GLIA AND INTERMEDIATE PRECURSOR	RADIAL GLIA AND INTERMEDIATE PRECURSOR	4	1	0.25	0		
LLMarkers	llmarkers|hca|0354_10.1172_jci128475_002a5124c6	llmarkers|hca|0354_10.1172_jci128475_002a5124c6	hca:0354_10.1172_jci128475_002a5124c6		CD8+ T CELL	CD 8 T CELL	3	3	1.0	14	0.0	0.0
LLMarkers	llmarkers|hca|0355_10.3389_fgene.2021.745483_5f4326fce7	llmarkers|hca|0355_10.3389_fgene.2021.745483_5f4326fce7	hca:0355_10.3389_fgene.2021.745483_5f4326fce7		B CELL	B CELL	3	3	1.0	29	0.0	0.0
LLMarkers	llmarkers|hca|0355_10.3389_fgene.2021.745483_5f4326fce7	llmarkers|hca|0355_10.3389_fgene.2021.745483_5f4326fce7	hca:0355_10.3389_fgene.2021.745483_5f4326fce7		ERYTHROBLAST	ERYTHROBLAST	3	3	1.0	1	0.0	0.0
LLMarkers	llmarkers|hca|0355_10.3389_fgene.2021.745483_5f4326fce7	llmarkers|hca|0355_10.3389_fgene.2021.745483_5f4326fce7	hca:0355_10.3389_fgene.2021.745483_5f4326fce7		HSPC	HSPC	3	3	1.0	3	0.0	0.0
LLMarkers	llmarkers|hca|0355_10.3389_fgene.2021.745483_5f4326fce7	llmarkers|hca|0355_10.3389_fgene.2021.745483_5f4326fce7	hca:0355_10.3389_fgene.2021.745483_5f4326fce7		MONOCYTE	MONOCYTE	4	3	0.75	23	0.75	0.6666666666666666
LLMarkers	llmarkers|hca|0355_10.3389_fgene.2021.745483_5f4326fce7	llmarkers|hca|0355_10.3389_fgene.2021.745483_5f4326fce7	hca:0355_10.3389_fgene.2021.745483_5f4326fce7		NEUTROPHILS AND GRANULOCYTES	NEUTROPHILS AND GRANULOCYTES	3	2	0.6666666666666666	0		
LLMarkers	llmarkers|hca|0356_10.3389_fcell.2020.00384_845548ef53	llmarkers|hca|0356_10.3389_fcell.2020.00384_845548ef53	hca:0356_10.3389_fcell.2020.00384_845548ef53		STIMC1	STIMC 1	6	6	1.0	0		
LLMarkers	llmarkers|hca|0356_10.3389_fcell.2020.00384_845548ef53	llmarkers|hca|0356_10.3389_fcell.2020.00384_845548ef53	hca:0356_10.3389_fcell.2020.00384_845548ef53		STIMC2	STIMC 2	7	0	0.0	0		
LLMarkers	llmarkers|hca|0356_10.3389_fcell.2020.00384_845548ef53	llmarkers|hca|0356_10.3389_fcell.2020.00384_845548ef53	hca:0356_10.3389_fcell.2020.00384_845548ef53		STIMC2-A	STIMC 2 A	5	0	0.0	0		
LLMarkers	llmarkers|hca|0356_10.3389_fcell.2020.00384_845548ef53	llmarkers|hca|0356_10.3389_fcell.2020.00384_845548ef53	hca:0356_10.3389_fcell.2020.00384_845548ef53		STIMC2-B	STIMC 2 B	7	5	0.7142857142857143	0		
LLMarkers	llmarkers|hca|0356_10.3389_fcell.2020.00384_845548ef53	llmarkers|hca|0356_10.3389_fcell.2020.00384_845548ef53	hca:0356_10.3389_fcell.2020.00384_845548ef53		STIMC3	STIMC 3	5	1	0.2	0		
LLMarkers	llmarkers|hca|0356_10.3389_fcell.2020.00384_845548ef53	llmarkers|hca|0356_10.3389_fcell.2020.00384_845548ef53	hca:0356_10.3389_fcell.2020.00384_845548ef53		STIMC5	STIMC 5	7	7	1.0	0		
LLMarkers	llmarkers|hca|0356_10.3389_fcell.2020.00384_845548ef53	llmarkers|hca|0356_10.3389_fcell.2020.00384_845548ef53	hca:0356_10.3389_fcell.2020.00384_845548ef53		UNSTIMC2	UNSTIMC 2	5	5	1.0	0		
LLMarkers	llmarkers|hca|0356_10.3389_fcell.2020.00384_845548ef53	llmarkers|hca|0356_10.3389_fcell.2020.00384_845548ef53	hca:0356_10.3389_fcell.2020.00384_845548ef53		UNSTIMC3	UNSTIMC 3	7	5	0.7142857142857143	0		
LLMarkers	llmarkers|hca|0356_10.3389_fcell.2020.00384_845548ef53	llmarkers|hca|0356_10.3389_fcell.2020.00384_845548ef53	hca:0356_10.3389_fcell.2020.00384_845548ef53		UNSTIMC4	UNSTIMC 4	4	4	1.0	0		
LLMarkers	llmarkers|hca|0357_10.1126_science.abf1970_a409ac73f2	llmarkers|hca|0357_10.1126_science.abf1970_a409ac73f2	hca:0357_10.1126_science.abf1970_a409ac73f2		B ATYPICAL	B ATYPICAL	3	3	1.0	0		
LLMarkers	llmarkers|hca|0357_10.1126_science.abf1970_a409ac73f2	llmarkers|hca|0357_10.1126_science.abf1970_a409ac73f2	hca:0357_10.1126_science.abf1970_a409ac73f2		CD8 GZMH	CD 8 GZMH	5	2	0.4	0		
LLMarkers	llmarkers|hca|0357_10.1126_science.abf1970_a409ac73f2	llmarkers|hca|0357_10.1126_science.abf1970_a409ac73f2	hca:0357_10.1126_science.abf1970_a409ac73f2		CD8 GZMK	CD 8 GZMK	4	1	0.25	2	0.25	1.0
LLMarkers	llmarkers|hca|0358_10.1126_sciadv.aba1983_17b603cdcb	llmarkers|hca|0358_10.1126_sciadv.aba1983_17b603cdcb	hca:0358_10.1126_sciadv.aba1983_17b603cdcb		ABERRANT BASALOID CELL	ABERRANT BASALOID CELL	16	16	1.0	2	0.9375	0.9375
LLMarkers	llmarkers|hca|0358_10.1126_sciadv.aba1983_17b603cdcb	llmarkers|hca|0358_10.1126_sciadv.aba1983_17b603cdcb	hca:0358_10.1126_sciadv.aba1983_17b603cdcb		FIBROBLAST	FIBROBLAST	8	7	0.875	28	1.0	1.0
LLMarkers	llmarkers|hca|0358_10.1126_sciadv.aba1983_17b603cdcb	llmarkers|hca|0358_10.1126_sciadv.aba1983_17b603cdcb	hca:0358_10.1126_sciadv.aba1983_17b603cdcb		IPF MACROPHAGE ARCHETYPE	IPF MACROPHAGE ARCHETYPE	7	7	1.0	0		
LLMarkers	llmarkers|hca|0358_10.1126_sciadv.aba1983_17b603cdcb	llmarkers|hca|0358_10.1126_sciadv.aba1983_17b603cdcb	hca:0358_10.1126_sciadv.aba1983_17b603cdcb		MYOFIBROBLAST	MYOFIBROBLAST	8	7	0.875	7	1.0	1.0
LLMarkers	llmarkers|hca|0358_10.1126_sciadv.aba1983_17b603cdcb	llmarkers|hca|0358_10.1126_sciadv.aba1983_17b603cdcb	hca:0358_10.1126_sciadv.aba1983_17b603cdcb		SMOOTH MUSCLE CELL	SMOOTH MUSCLE CELL	3	3	1.0	8	1.0	1.0
LLMarkers	llmarkers|hca|0359_10.1101_759902_400af2c5fc	llmarkers|hca|0359_10.1101_759902_400af2c5fc	hca:0359_10.1101_759902_400af2c5fc		ABERRANT BASALOID CELL	ABERRANT BASALOID CELL	16	16	1.0	2	0.9375	0.9375
LLMarkers	llmarkers|hca|0359_10.1101_759902_400af2c5fc	llmarkers|hca|0359_10.1101_759902_400af2c5fc	hca:0359_10.1101_759902_400af2c5fc		FIBROBLAST	FIBROBLAST	8	7	0.875	28	1.0	1.0
LLMarkers	llmarkers|hca|0359_10.1101_759902_400af2c5fc	llmarkers|hca|0359_10.1101_759902_400af2c5fc	hca:0359_10.1101_759902_400af2c5fc		MYOFIBROBLAST	MYOFIBROBLAST	9	8	0.8888888888888888	7	0.8888888888888888	0.875
LLMarkers	llmarkers|hca|0359_10.1101_759902_400af2c5fc	llmarkers|hca|0359_10.1101_759902_400af2c5fc	hca:0359_10.1101_759902_400af2c5fc		SMOOTH MUSCLE CELL	SMOOTH MUSCLE CELL	3	3	1.0	8	1.0	1.0
LLMarkers	llmarkers|hca|0361_10.1016_j.gpb.2020.11.002_84c7c58535	llmarkers|hca|0361_10.1016_j.gpb.2020.11.002_84c7c58535	hca:0361_10.1016_j.gpb.2020.11.002_84c7c58535		CD8T EFFECTOR	CD 8 T EFFECTOR	3	2	0.6666666666666666	0		
LLMarkers	llmarkers|hca|0361_10.1016_j.gpb.2020.11.002_84c7c58535	llmarkers|hca|0361_10.1016_j.gpb.2020.11.002_84c7c58535	hca:0361_10.1016_j.gpb.2020.11.002_84c7c58535		DNK1	DNK 1	6	5	0.8333333333333334	0		
LLMarkers	llmarkers|hca|0361_10.1016_j.gpb.2020.11.002_84c7c58535	llmarkers|hca|0361_10.1016_j.gpb.2020.11.002_84c7c58535	hca:0361_10.1016_j.gpb.2020.11.002_84c7c58535		DNK2	DNK 2	3	3	1.0	0		
LLMarkers	llmarkers|hca|0361_10.1016_j.gpb.2020.11.002_84c7c58535	llmarkers|hca|0361_10.1016_j.gpb.2020.11.002_84c7c58535	hca:0361_10.1016_j.gpb.2020.11.002_84c7c58535		DNK3	DNK 3	3	3	1.0	0		
LLMarkers	llmarkers|hca|0361_10.1016_j.gpb.2020.11.002_84c7c58535	llmarkers|hca|0361_10.1016_j.gpb.2020.11.002_84c7c58535	hca:0361_10.1016_j.gpb.2020.11.002_84c7c58535		DNK4	DNK 4	5	3	0.6	0		
LLMarkers	llmarkers|hca|0361_10.1016_j.gpb.2020.11.002_84c7c58535	llmarkers|hca|0361_10.1016_j.gpb.2020.11.002_84c7c58535	hca:0361_10.1016_j.gpb.2020.11.002_84c7c58535		DNKP	DNKP	3	3	1.0	0		
LLMarkers	llmarkers|hca|0361_10.1016_j.gpb.2020.11.002_84c7c58535	llmarkers|hca|0361_10.1016_j.gpb.2020.11.002_84c7c58535	hca:0361_10.1016_j.gpb.2020.11.002_84c7c58535		MAIT	MAIT	3	3	1.0	2	0.3333333333333333	0.3333333333333333
LLMarkers	llmarkers|hca|0362_10.1038_s41591-019-0733-7_d499f1b21b	llmarkers|hca|0362_10.1038_s41591-019-0733-7_d499f1b21b	hca:0362_10.1038_s41591-019-0733-7_d499f1b21b		CCR10 HI CD4+ T CELL	CCR 10 HI CD 4 T CELL	5	4	0.8	0		
LLMarkers	llmarkers|hca|0362_10.1038_s41591-019-0733-7_d499f1b21b	llmarkers|hca|0362_10.1038_s41591-019-0733-7_d499f1b21b	hca:0362_10.1038_s41591-019-0733-7_d499f1b21b		LYMPHOCYTE CLUSTER	LYMPHOCYTE CLUSTER	3	3	1.0	0		
LLMarkers	llmarkers|hca|0362_10.1038_s41591-019-0733-7_d499f1b21b	llmarkers|hca|0362_10.1038_s41591-019-0733-7_d499f1b21b	hca:0362_10.1038_s41591-019-0733-7_d499f1b21b		LYMPHOID CELL	LYMPHOID CELL	3	2	0.6666666666666666	0		
LLMarkers	llmarkers|hca|0362_10.1038_s41591-019-0733-7_d499f1b21b	llmarkers|hca|0362_10.1038_s41591-019-0733-7_d499f1b21b	hca:0362_10.1038_s41591-019-0733-7_d499f1b21b		PBMC T CELL SUBCLUSTER	PBMC T CELL SUBCLUSTER	3	3	1.0	0		
LLMarkers	llmarkers|hca|0363_10.1016_j.omtn.2021.03.017_8083e53d24	llmarkers|hca|0363_10.1016_j.omtn.2021.03.017_8083e53d24	hca:0363_10.1016_j.omtn.2021.03.017_8083e53d24		CLUSTER 1	CLUSTER 1	3	3	1.0	13	0.0	0.0
LLMarkers	llmarkers|hca|0363_10.1016_j.omtn.2021.03.017_8083e53d24	llmarkers|hca|0363_10.1016_j.omtn.2021.03.017_8083e53d24	hca:0363_10.1016_j.omtn.2021.03.017_8083e53d24		EPITHELIAL/CANCER CELL	EPITHELIAL CANCER CELL	4	4	1.0	0		
LLMarkers	llmarkers|hca|0363_10.1016_j.omtn.2021.03.017_8083e53d24	llmarkers|hca|0363_10.1016_j.omtn.2021.03.017_8083e53d24	hca:0363_10.1016_j.omtn.2021.03.017_8083e53d24		TEC	TEC	3	3	1.0	1	0.0	0.0
LLMarkers	llmarkers|hca|0364_10.1161_circulationaha.120.046528_00aa2deb4c	llmarkers|hca|0364_10.1161_circulationaha.120.046528_00aa2deb4c	hca:0364_10.1161_circulationaha.120.046528_00aa2deb4c		CD4_ACTIVE	CD 4 ACTIVE	4	4	1.0	0		
LLMarkers	llmarkers|hca|0364_10.1161_circulationaha.120.046528_00aa2deb4c	llmarkers|hca|0364_10.1161_circulationaha.120.046528_00aa2deb4c	hca:0364_10.1161_circulationaha.120.046528_00aa2deb4c		CD4_EM_REST	CD 4 EM REST	4	4	1.0	0		
LLMarkers	llmarkers|hca|0364_10.1161_circulationaha.120.046528_00aa2deb4c	llmarkers|hca|0364_10.1161_circulationaha.120.046528_00aa2deb4c	hca:0364_10.1161_circulationaha.120.046528_00aa2deb4c		CD4_TREG	CD 4 TREG	7	7	1.0	2	0.42857142857142855	0.42857142857142855
LLMarkers	llmarkers|hca|0364_10.1161_circulationaha.120.046528_00aa2deb4c	llmarkers|hca|0364_10.1161_circulationaha.120.046528_00aa2deb4c	hca:0364_10.1161_circulationaha.120.046528_00aa2deb4c		CD8_ACTIVE	CD 8 ACTIVE	4	3	0.75	0		
LLMarkers	llmarkers|hca|0364_10.1161_circulationaha.120.046528_00aa2deb4c	llmarkers|hca|0364_10.1161_circulationaha.120.046528_00aa2deb4c	hca:0364_10.1161_circulationaha.120.046528_00aa2deb4c		CD8_TEMRA	CD 8 TEMRA	5	5	1.0	0		
LLMarkers	llmarkers|hca|0364_10.1161_circulationaha.120.046528_00aa2deb4c	llmarkers|hca|0364_10.1161_circulationaha.120.046528_00aa2deb4c	hca:0364_10.1161_circulationaha.120.046528_00aa2deb4c		CONTRACTILE SMC	CONTRACTILE SMC	4	2	0.5	0		
LLMarkers	llmarkers|hca|0364_10.1161_circulationaha.120.046528_00aa2deb4c	llmarkers|hca|0364_10.1161_circulationaha.120.046528_00aa2deb4c	hca:0364_10.1161_circulationaha.120.046528_00aa2deb4c		DC	DC	3	3	1.0	4	0.3333333333333333	0.3333333333333333
LLMarkers	llmarkers|hca|0364_10.1161_circulationaha.120.046528_00aa2deb4c	llmarkers|hca|0364_10.1161_circulationaha.120.046528_00aa2deb4c	hca:0364_10.1161_circulationaha.120.046528_00aa2deb4c		EC1	EC 1	3	0	0.0	0		
LLMarkers	llmarkers|hca|0364_10.1161_circulationaha.120.046528_00aa2deb4c	llmarkers|hca|0364_10.1161_circulationaha.120.046528_00aa2deb4c	hca:0364_10.1161_circulationaha.120.046528_00aa2deb4c		EC2	EC 2	3	0	0.0	0		
LLMarkers	llmarkers|hca|0364_10.1161_circulationaha.120.046528_00aa2deb4c	llmarkers|hca|0364_10.1161_circulationaha.120.046528_00aa2deb4c	hca:0364_10.1161_circulationaha.120.046528_00aa2deb4c		FIBROBLAST1	FIBROBLAST 1	5	1	0.2	0		
LLMarkers	llmarkers|hca|0364_10.1161_circulationaha.120.046528_00aa2deb4c	llmarkers|hca|0364_10.1161_circulationaha.120.046528_00aa2deb4c	hca:0364_10.1161_circulationaha.120.046528_00aa2deb4c		FIBROBLAST2	FIBROBLAST 2	5	1	0.2	0		
LLMarkers	llmarkers|hca|0364_10.1161_circulationaha.120.046528_00aa2deb4c	llmarkers|hca|0364_10.1161_circulationaha.120.046528_00aa2deb4c	hca:0364_10.1161_circulationaha.120.046528_00aa2deb4c		FIBROMYOCYTE	FIBROMYOCYTE	4	1	0.25	0		
LLMarkers	llmarkers|hca|0364_10.1161_circulationaha.120.046528_00aa2deb4c	llmarkers|hca|0364_10.1161_circulationaha.120.046528_00aa2deb4c	hca:0364_10.1161_circulationaha.120.046528_00aa2deb4c		M1LIKE1	M 1 LIKE 1	6	5	0.8333333333333334	0		
LLMarkers	llmarkers|hca|0364_10.1161_circulationaha.120.046528_00aa2deb4c	llmarkers|hca|0364_10.1161_circulationaha.120.046528_00aa2deb4c	hca:0364_10.1161_circulationaha.120.046528_00aa2deb4c		M1LIKE2	M 1 LIKE 2	4	4	1.0	0		
LLMarkers	llmarkers|hca|0364_10.1161_circulationaha.120.046528_00aa2deb4c	llmarkers|hca|0364_10.1161_circulationaha.120.046528_00aa2deb4c	hca:0364_10.1161_circulationaha.120.046528_00aa2deb4c		M2LIKE1	M 2 LIKE 1	7	3	0.42857142857142855	0		
LLMarkers	llmarkers|hca|0364_10.1161_circulationaha.120.046528_00aa2deb4c	llmarkers|hca|0364_10.1161_circulationaha.120.046528_00aa2deb4c	hca:0364_10.1161_circulationaha.120.046528_00aa2deb4c		M2LIKE2	M 2 LIKE 2	7	4	0.5714285714285714	0		
LLMarkers	llmarkers|hca|0364_10.1161_circulationaha.120.046528_00aa2deb4c	llmarkers|hca|0364_10.1161_circulationaha.120.046528_00aa2deb4c	hca:0364_10.1161_circulationaha.120.046528_00aa2deb4c		MONOCYTE	MONOCYTE	8	8	1.0	23	0.125	0.125
LLMarkers	llmarkers|hca|0364_10.1161_circulationaha.120.046528_00aa2deb4c	llmarkers|hca|0364_10.1161_circulationaha.120.046528_00aa2deb4c	hca:0364_10.1161_circulationaha.120.046528_00aa2deb4c		MSC1	MSC 1	3	0	0.0	0		
LLMarkers	llmarkers|hca|0364_10.1161_circulationaha.120.046528_00aa2deb4c	llmarkers|hca|0364_10.1161_circulationaha.120.046528_00aa2deb4c	hca:0364_10.1161_circulationaha.120.046528_00aa2deb4c		MSC2	MSC 2	3	0	0.0	0		
LLMarkers	llmarkers|hca|0364_10.1161_circulationaha.120.046528_00aa2deb4c	llmarkers|hca|0364_10.1161_circulationaha.120.046528_00aa2deb4c	hca:0364_10.1161_circulationaha.120.046528_00aa2deb4c		M_IFNRESPONSE	M IFNRESPONSE	4	4	1.0	0		
LLMarkers	llmarkers|hca|0364_10.1161_circulationaha.120.046528_00aa2deb4c	llmarkers|hca|0364_10.1161_circulationaha.120.046528_00aa2deb4c	hca:0364_10.1161_circulationaha.120.046528_00aa2deb4c		M_PROLIFERATING	M PROLIFERATING	6	3	0.5	0		
LLMarkers	llmarkers|hca|0364_10.1161_circulationaha.120.046528_00aa2deb4c	llmarkers|hca|0364_10.1161_circulationaha.120.046528_00aa2deb4c	hca:0364_10.1161_circulationaha.120.046528_00aa2deb4c		M_REMODELING	M REMODELING	9	7	0.7777777777777778	0		
LLMarkers	llmarkers|hca|0364_10.1161_circulationaha.120.046528_00aa2deb4c	llmarkers|hca|0364_10.1161_circulationaha.120.046528_00aa2deb4c	hca:0364_10.1161_circulationaha.120.046528_00aa2deb4c		PROLIFERATING SMC	PROLIFERATING SMC	3	2	0.6666666666666666	0		
LLMarkers	llmarkers|hca|0364_10.1161_circulationaha.120.046528_00aa2deb4c	llmarkers|hca|0364_10.1161_circulationaha.120.046528_00aa2deb4c	hca:0364_10.1161_circulationaha.120.046528_00aa2deb4c		STRESSED SMC	STRESSED SMC	4	2	0.5	0		
LLMarkers	llmarkers|hca|0364_10.1161_circulationaha.120.046528_00aa2deb4c	llmarkers|hca|0364_10.1161_circulationaha.120.046528_00aa2deb4c	hca:0364_10.1161_circulationaha.120.046528_00aa2deb4c		T_GIMAP	T GIMAP	5	4	0.8	0		
LLMarkers	llmarkers|hca|0364_10.1161_circulationaha.120.046528_00aa2deb4c	llmarkers|hca|0364_10.1161_circulationaha.120.046528_00aa2deb4c	hca:0364_10.1161_circulationaha.120.046528_00aa2deb4c		T_HSP	T HSP	6	3	0.5	0		
LLMarkers	llmarkers|hca|0364_10.1161_circulationaha.120.046528_00aa2deb4c	llmarkers|hca|0364_10.1161_circulationaha.120.046528_00aa2deb4c	hca:0364_10.1161_circulationaha.120.046528_00aa2deb4c		T_PROLIFERATION	T PROLIFERATION	5	2	0.4	0		
LLMarkers	llmarkers|hca|0364_10.1161_circulationaha.120.046528_00aa2deb4c	llmarkers|hca|0364_10.1161_circulationaha.120.046528_00aa2deb4c	hca:0364_10.1161_circulationaha.120.046528_00aa2deb4c		T_STRESS	T STRESS	3	1	0.3333333333333333	0		
LLMarkers	llmarkers|hca|0364_10.1161_circulationaha.120.046528_00aa2deb4c	llmarkers|hca|0364_10.1161_circulationaha.120.046528_00aa2deb4c	hca:0364_10.1161_circulationaha.120.046528_00aa2deb4c		T_SWITCHED	T SWITCHED	3	3	1.0	0		
LLMarkers	llmarkers|hca|0365_10.3389_fendo.2022.874915_81de77d539	llmarkers|hca|0365_10.3389_fendo.2022.874915_81de77d539	hca:0365_10.3389_fendo.2022.874915_81de77d539		B CELL	B CELL	3	3	1.0	29	1.0	1.0
LLMarkers	llmarkers|hca|0365_10.3389_fendo.2022.874915_81de77d539	llmarkers|hca|0365_10.3389_fendo.2022.874915_81de77d539	hca:0365_10.3389_fendo.2022.874915_81de77d539		EC	EC	8	5	0.625	6	0.375	0.2
LLMarkers	llmarkers|hca|0365_10.3389_fendo.2022.874915_81de77d539	llmarkers|hca|0365_10.3389_fendo.2022.874915_81de77d539	hca:0365_10.3389_fendo.2022.874915_81de77d539		ECS III	ECS III	3	1	0.3333333333333333	0		
LLMarkers	llmarkers|hca|0365_10.3389_fendo.2022.874915_81de77d539	llmarkers|hca|0365_10.3389_fendo.2022.874915_81de77d539	hca:0365_10.3389_fendo.2022.874915_81de77d539		ENDOTHELIAL SC5	ENDOTHELIAL SC 5	4	2	0.5	0		
LLMarkers	llmarkers|hca|0365_10.3389_fendo.2022.874915_81de77d539	llmarkers|hca|0365_10.3389_fendo.2022.874915_81de77d539	hca:0365_10.3389_fendo.2022.874915_81de77d539		ENDOTHELIAL SC6	ENDOTHELIAL SC 6	3	0	0.0	0		
LLMarkers	llmarkers|hca|0365_10.3389_fendo.2022.874915_81de77d539	llmarkers|hca|0365_10.3389_fendo.2022.874915_81de77d539	hca:0365_10.3389_fendo.2022.874915_81de77d539		FIBROBLAST	FIBROBLAST	5	2	0.4	28	0.8	1.0
LLMarkers	llmarkers|hca|0365_10.3389_fendo.2022.874915_81de77d539	llmarkers|hca|0365_10.3389_fendo.2022.874915_81de77d539	hca:0365_10.3389_fendo.2022.874915_81de77d539		MACROPHAGE	MACROPHAGE	4	4	1.0	28	1.0	1.0
LLMarkers	llmarkers|hca|0365_10.3389_fendo.2022.874915_81de77d539	llmarkers|hca|0365_10.3389_fendo.2022.874915_81de77d539	hca:0365_10.3389_fendo.2022.874915_81de77d539		SC9	SC 9	3	0	0.0	0		
LLMarkers	llmarkers|hca|0365_10.3389_fendo.2022.874915_81de77d539	llmarkers|hca|0365_10.3389_fendo.2022.874915_81de77d539	hca:0365_10.3389_fendo.2022.874915_81de77d539		SMC	SMC	3	3	1.0	4	1.0	1.0
LLMarkers	llmarkers|hca|0366_10.1038_s41467-021-22164-6_097f05776f	llmarkers|hca|0366_10.1038_s41467-021-22164-6_097f05776f	hca:0366_10.1038_s41467-021-22164-6_097f05776f		5–8 1	58 1	3	1	0.3333333333333333	0		
LLMarkers	llmarkers|hca|0366_10.1038_s41467-021-22164-6_097f05776f	llmarkers|hca|0366_10.1038_s41467-021-22164-6_097f05776f	hca:0366_10.1038_s41467-021-22164-6_097f05776f		CLUSTER 0–1 1	CLUSTER 01 1	6	1	0.16666666666666666	0		
LLMarkers	llmarkers|hca|0366_10.1038_s41467-021-22164-6_097f05776f	llmarkers|hca|0366_10.1038_s41467-021-22164-6_097f05776f	hca:0366_10.1038_s41467-021-22164-6_097f05776f		CLUSTER 0–1 2	CLUSTER 01 2	5	3	0.6	0		
LLMarkers	llmarkers|hca|0366_10.1038_s41467-021-22164-6_097f05776f	llmarkers|hca|0366_10.1038_s41467-021-22164-6_097f05776f	hca:0366_10.1038_s41467-021-22164-6_097f05776f		CLUSTER 0–1 3	CLUSTER 01 3	3	0	0.0	0		
LLMarkers	llmarkers|hca|0366_10.1038_s41467-021-22164-6_097f05776f	llmarkers|hca|0366_10.1038_s41467-021-22164-6_097f05776f	hca:0366_10.1038_s41467-021-22164-6_097f05776f		CLUSTER 0–1 4	CLUSTER 01 4	4	3	0.75	0		
LLMarkers	llmarkers|hca|0366_10.1038_s41467-021-22164-6_097f05776f	llmarkers|hca|0366_10.1038_s41467-021-22164-6_097f05776f	hca:0366_10.1038_s41467-021-22164-6_097f05776f		CLUSTER 1	CLUSTER 1	3	1	0.3333333333333333	13	0.0	0.0
LLMarkers	llmarkers|hca|0366_10.1038_s41467-021-22164-6_097f05776f	llmarkers|hca|0366_10.1038_s41467-021-22164-6_097f05776f	hca:0366_10.1038_s41467-021-22164-6_097f05776f		CLUSTER 2	CLUSTER 2	11	4	0.36363636363636365	18	0.36363636363636365	0.25
LLMarkers	llmarkers|hca|0366_10.1038_s41467-021-22164-6_097f05776f	llmarkers|hca|0366_10.1038_s41467-021-22164-6_097f05776f	hca:0366_10.1038_s41467-021-22164-6_097f05776f		CLUSTER 5–8 3	CLUSTER 58 3	4	1	0.25	0		
LLMarkers	llmarkers|hca|0366_10.1038_s41467-021-22164-6_097f05776f	llmarkers|hca|0366_10.1038_s41467-021-22164-6_097f05776f	hca:0366_10.1038_s41467-021-22164-6_097f05776f		CLUSTER 5–8 4	CLUSTER 58 4	5	3	0.6	0		
LLMarkers	llmarkers|hca|0366_10.1038_s41467-021-22164-6_097f05776f	llmarkers|hca|0366_10.1038_s41467-021-22164-6_097f05776f	hca:0366_10.1038_s41467-021-22164-6_097f05776f		CLUSTER 6	CLUSTER 6	7	1	0.14285714285714285	2	0.0	0.0
LLMarkers	llmarkers|hca|0366_10.1038_s41467-021-22164-6_097f05776f	llmarkers|hca|0366_10.1038_s41467-021-22164-6_097f05776f	hca:0366_10.1038_s41467-021-22164-6_097f05776f		CLUSTER 7	CLUSTER 7	7	6	0.8571428571428571	4	0.14285714285714285	0.16666666666666666
LLMarkers	llmarkers|hca|0366_10.1038_s41467-021-22164-6_097f05776f	llmarkers|hca|0366_10.1038_s41467-021-22164-6_097f05776f	hca:0366_10.1038_s41467-021-22164-6_097f05776f		CLUSTER 8	CLUSTER 8	12	3	0.25	3	0.0	0.0
LLMarkers	llmarkers|hca|0366_10.1038_s41467-021-22164-6_097f05776f	llmarkers|hca|0366_10.1038_s41467-021-22164-6_097f05776f	hca:0366_10.1038_s41467-021-22164-6_097f05776f		EFFECTOR CD8+ T CELLS	EFFECTOR CD 8 T CELLS	12	4	0.3333333333333333	0		
LLMarkers	llmarkers|hca|0366_10.1038_s41467-021-22164-6_097f05776f	llmarkers|hca|0366_10.1038_s41467-021-22164-6_097f05776f	hca:0366_10.1038_s41467-021-22164-6_097f05776f		NAÏVE CD4+ T CELL	NAIVE CD 4 T CELL	5	0	0.0	1	0.4	
LLMarkers	llmarkers|hca|0366_10.1038_s41467-021-22164-6_097f05776f	llmarkers|hca|0366_10.1038_s41467-021-22164-6_097f05776f	hca:0366_10.1038_s41467-021-22164-6_097f05776f		NAÏVE T CELLS	NAIVE T CELLS	5	0	0.0	0		
LLMarkers	llmarkers|hca|0366_10.1038_s41467-021-22164-6_097f05776f	llmarkers|hca|0366_10.1038_s41467-021-22164-6_097f05776f	hca:0366_10.1038_s41467-021-22164-6_097f05776f		QUIESCENT T H 17	QUIESCENT T H 17	3	3	1.0	0		
LLMarkers	llmarkers|hca|0366_10.1038_s41467-021-22164-6_097f05776f	llmarkers|hca|0366_10.1038_s41467-021-22164-6_097f05776f	hca:0366_10.1038_s41467-021-22164-6_097f05776f		T FH	T FH	18	3	0.16666666666666666	1	0.05555555555555555	0.0
LLMarkers	llmarkers|hca|0366_10.1038_s41467-021-22164-6_097f05776f	llmarkers|hca|0366_10.1038_s41467-021-22164-6_097f05776f	hca:0366_10.1038_s41467-021-22164-6_097f05776f		T H 17	T H 17	9	6	0.6666666666666666	2	0.3333333333333333	0.3333333333333333
LLMarkers	llmarkers|hca|0366_10.1038_s41467-021-22164-6_097f05776f	llmarkers|hca|0366_10.1038_s41467-021-22164-6_097f05776f	hca:0366_10.1038_s41467-021-22164-6_097f05776f		TREG	TREG	19	8	0.42105263157894735	14	0.42105263157894735	0.375
LLMarkers	llmarkers|hca|0366_10.1038_s41467-021-22164-6_097f05776f	llmarkers|hca|0366_10.1038_s41467-021-22164-6_097f05776f	hca:0366_10.1038_s41467-021-22164-6_097f05776f		ΓΔ T CELLS	T CELLS	9	7	0.7777777777777778	4	0.0	0.0
LLMarkers	llmarkers|hca|0367_10.1073_pnas.2103240118_fda266512b	llmarkers|hca|0367_10.1073_pnas.2103240118_fda266512b	hca:0367_10.1073_pnas.2103240118_fda266512b		AEA/DVR	AEA DVR	4	4	1.0	0		
LLMarkers	llmarkers|hca|0367_10.1073_pnas.2103240118_fda266512b	llmarkers|hca|0367_10.1073_pnas.2103240118_fda266512b	hca:0367_10.1073_pnas.2103240118_fda266512b		CCRCC	CCRCC	9	9	1.0	1	0.0	0.0
LLMarkers	llmarkers|hca|0367_10.1073_pnas.2103240118_fda266512b	llmarkers|hca|0367_10.1073_pnas.2103240118_fda266512b	hca:0367_10.1073_pnas.2103240118_fda266512b		CCRCC-AVR-1	CCRCC AVR 1	3	3	1.0	0		
LLMarkers	llmarkers|hca|0367_10.1073_pnas.2103240118_fda266512b	llmarkers|hca|0367_10.1073_pnas.2103240118_fda266512b	hca:0367_10.1073_pnas.2103240118_fda266512b		CHRCC	CHRCC	3	2	0.6666666666666666	1	0.3333333333333333	0.5
LLMarkers	llmarkers|hca|0367_10.1073_pnas.2103240118_fda266512b	llmarkers|hca|0367_10.1073_pnas.2103240118_fda266512b	hca:0367_10.1073_pnas.2103240118_fda266512b		GC	GC	3	3	1.0	1	0.0	0.0
LLMarkers	llmarkers|hca|0367_10.1073_pnas.2103240118_fda266512b	llmarkers|hca|0367_10.1073_pnas.2103240118_fda266512b	hca:0367_10.1073_pnas.2103240118_fda266512b		IC-PC	IC PC	3	2	0.6666666666666666	0		
LLMarkers	llmarkers|hca|0367_10.1073_pnas.2103240118_fda266512b	llmarkers|hca|0367_10.1073_pnas.2103240118_fda266512b	hca:0367_10.1073_pnas.2103240118_fda266512b		MACROPHAGE-A	MACROPHAGE A	5	5	1.0	0		
LLMarkers	llmarkers|hca|0367_10.1073_pnas.2103240118_fda266512b	llmarkers|hca|0367_10.1073_pnas.2103240118_fda266512b	hca:0367_10.1073_pnas.2103240118_fda266512b		PT-B	PT B	6	3	0.5	0		
LLMarkers	llmarkers|hca|0367_10.1073_pnas.2103240118_fda266512b	llmarkers|hca|0367_10.1073_pnas.2103240118_fda266512b	hca:0367_10.1073_pnas.2103240118_fda266512b		PT-C	PT C	6	3	0.5	0		
LLMarkers	llmarkers|hca|0368_10.1016_j.cell.2019.08.008_98c14c4ebe	llmarkers|hca|0368_10.1016_j.cell.2019.08.008_98c14c4ebe	hca:0368_10.1016_j.cell.2019.08.008_98c14c4ebe		B CELL	B CELL	6	6	1.0	29	1.0	1.0
LLMarkers	llmarkers|hca|0370_10.1038_s41698-022-00251-1_1483c4b104	llmarkers|hca|0370_10.1038_s41698-022-00251-1_1483c4b104	hca:0370_10.1038_s41698-022-00251-1_1483c4b104		C1	C 1	3	0	0.0	5	0.0	
LLMarkers	llmarkers|hca|0370_10.1038_s41698-022-00251-1_1483c4b104	llmarkers|hca|0370_10.1038_s41698-022-00251-1_1483c4b104	hca:0370_10.1038_s41698-022-00251-1_1483c4b104		C2	C 2	3	0	0.0	3	0.0	
LLMarkers	llmarkers|hca|0370_10.1038_s41698-022-00251-1_1483c4b104	llmarkers|hca|0370_10.1038_s41698-022-00251-1_1483c4b104	hca:0370_10.1038_s41698-022-00251-1_1483c4b104		ENDOTHELIAL CELL	ENDOTHELIAL CELL	3	3	1.0	27	0.6666666666666666	0.6666666666666666
LLMarkers	llmarkers|hca|0370_10.1038_s41698-022-00251-1_1483c4b104	llmarkers|hca|0370_10.1038_s41698-022-00251-1_1483c4b104	hca:0370_10.1038_s41698-022-00251-1_1483c4b104		ENTEROENDOCRINE CELL	ENTEROENDOCRINE CELL	3	3	1.0	6	0.3333333333333333	0.3333333333333333
LLMarkers	llmarkers|hca|0370_10.1038_s41698-022-00251-1_1483c4b104	llmarkers|hca|0370_10.1038_s41698-022-00251-1_1483c4b104	hca:0370_10.1038_s41698-022-00251-1_1483c4b104		FIBROBLAST	FIBROBLAST	7	5	0.7142857142857143	28	0.5714285714285714	0.6
LLMarkers	llmarkers|hca|0370_10.1038_s41698-022-00251-1_1483c4b104	llmarkers|hca|0370_10.1038_s41698-022-00251-1_1483c4b104	hca:0370_10.1038_s41698-022-00251-1_1483c4b104		GOBLET	GOBLET	3	3	1.0	3	0.3333333333333333	0.3333333333333333
LLMarkers	llmarkers|hca|0370_10.1038_s41698-022-00251-1_1483c4b104	llmarkers|hca|0370_10.1038_s41698-022-00251-1_1483c4b104	hca:0370_10.1038_s41698-022-00251-1_1483c4b104		ICAF	ICAF	10	10	1.0	1	0.0	0.0
LLMarkers	llmarkers|hca|0370_10.1038_s41698-022-00251-1_1483c4b104	llmarkers|hca|0370_10.1038_s41698-022-00251-1_1483c4b104	hca:0370_10.1038_s41698-022-00251-1_1483c4b104		IM	IM	3	3	1.0	1	0.0	0.0
LLMarkers	llmarkers|hca|0370_10.1038_s41698-022-00251-1_1483c4b104	llmarkers|hca|0370_10.1038_s41698-022-00251-1_1483c4b104	hca:0370_10.1038_s41698-022-00251-1_1483c4b104		INCAF	INCAF	4	2	0.5	0		
LLMarkers	llmarkers|hca|0370_10.1038_s41698-022-00251-1_1483c4b104	llmarkers|hca|0370_10.1038_s41698-022-00251-1_1483c4b104	hca:0370_10.1038_s41698-022-00251-1_1483c4b104		METAPLASTIC-STEM CELL	METAPLASTIC STEM CELL	3	3	1.0	0		
LLMarkers	llmarkers|hca|0370_10.1038_s41698-022-00251-1_1483c4b104	llmarkers|hca|0370_10.1038_s41698-022-00251-1_1483c4b104	hca:0370_10.1038_s41698-022-00251-1_1483c4b104		MYCAF	MYCAF	5	3	0.6	0		
LLMarkers	llmarkers|hca|0370_10.1038_s41698-022-00251-1_1483c4b104	llmarkers|hca|0370_10.1038_s41698-022-00251-1_1483c4b104	hca:0370_10.1038_s41698-022-00251-1_1483c4b104		PIT MUCOUS CELL	PIT MUCOUS CELL	3	3	1.0	0		
LLMarkers	llmarkers|hca|0370_10.1038_s41698-022-00251-1_1483c4b104	llmarkers|hca|0370_10.1038_s41698-022-00251-1_1483c4b104	hca:0370_10.1038_s41698-022-00251-1_1483c4b104		PROLIFERATIVE CELL	PROLIFERATIVE CELL	3	3	1.0	0		
LLMarkers	llmarkers|hca|0370_10.1038_s41698-022-00251-1_1483c4b104	llmarkers|hca|0370_10.1038_s41698-022-00251-1_1483c4b104	hca:0370_10.1038_s41698-022-00251-1_1483c4b104		TUMOR CELL	TUMOR CELL	4	3	0.75	2	0.0	0.0
LLMarkers	llmarkers|hca|0372_10.1016_j.ccell.2021.10.009_d6ab4790aa	llmarkers|hca|0372_10.1016_j.ccell.2021.10.009_d6ab4790aa	hca:0372_10.1016_j.ccell.2021.10.009_d6ab4790aa		AZU1+ MΦ	AZU 1 M	3	3	1.0	0		
LLMarkers	llmarkers|hca|0372_10.1016_j.ccell.2021.10.009_d6ab4790aa	llmarkers|hca|0372_10.1016_j.ccell.2021.10.009_d6ab4790aa	hca:0372_10.1016_j.ccell.2021.10.009_d6ab4790aa		CD4+ T ACTIVATED	CD 4 T ACTIVATED	4	3	0.75	0		
LLMarkers	llmarkers|hca|0372_10.1016_j.ccell.2021.10.009_d6ab4790aa	llmarkers|hca|0372_10.1016_j.ccell.2021.10.009_d6ab4790aa	hca:0372_10.1016_j.ccell.2021.10.009_d6ab4790aa		CDC1	CDC 1	3	3	1.0	10	0.6666666666666666	0.6666666666666666
LLMarkers	llmarkers|hca|0372_10.1016_j.ccell.2021.10.009_d6ab4790aa	llmarkers|hca|0372_10.1016_j.ccell.2021.10.009_d6ab4790aa	hca:0372_10.1016_j.ccell.2021.10.009_d6ab4790aa		CDC2	CDC 2	3	2	0.6666666666666666	8	0.6666666666666666	1.0
LLMarkers	llmarkers|hca|0372_10.1016_j.ccell.2021.10.009_d6ab4790aa	llmarkers|hca|0372_10.1016_j.ccell.2021.10.009_d6ab4790aa	hca:0372_10.1016_j.ccell.2021.10.009_d6ab4790aa		DC3	DC 3	8	7	0.875	2	0.375	0.42857142857142855
LLMarkers	llmarkers|hca|0372_10.1016_j.ccell.2021.10.009_d6ab4790aa	llmarkers|hca|0372_10.1016_j.ccell.2021.10.009_d6ab4790aa	hca:0372_10.1016_j.ccell.2021.10.009_d6ab4790aa		IMΦ	IM	4	3	0.75	1	0.0	0.0
LLMarkers	llmarkers|hca|0372_10.1016_j.ccell.2021.10.009_d6ab4790aa	llmarkers|hca|0372_10.1016_j.ccell.2021.10.009_d6ab4790aa	hca:0372_10.1016_j.ccell.2021.10.009_d6ab4790aa		MOMΦ	MOM	4	3	0.75	0		
LLMarkers	llmarkers|hca|0372_10.1016_j.ccell.2021.10.009_d6ab4790aa	llmarkers|hca|0372_10.1016_j.ccell.2021.10.009_d6ab4790aa	hca:0372_10.1016_j.ccell.2021.10.009_d6ab4790aa		MOMΦ-II	MOM II	8	8	1.0	0		
LLMarkers	llmarkers|hca|0372_10.1016_j.ccell.2021.10.009_d6ab4790aa	llmarkers|hca|0372_10.1016_j.ccell.2021.10.009_d6ab4790aa	hca:0372_10.1016_j.ccell.2021.10.009_d6ab4790aa		MOMΦ-III	MOM III	4	4	1.0	0		
LLMarkers	llmarkers|hca|0372_10.1016_j.ccell.2021.10.009_d6ab4790aa	llmarkers|hca|0372_10.1016_j.ccell.2021.10.009_d6ab4790aa	hca:0372_10.1016_j.ccell.2021.10.009_d6ab4790aa		MREGDC	MREGDC	8	8	1.0	2	0.625	0.625
LLMarkers	llmarkers|hca|0372_10.1016_j.ccell.2021.10.009_d6ab4790aa	llmarkers|hca|0372_10.1016_j.ccell.2021.10.009_d6ab4790aa	hca:0372_10.1016_j.ccell.2021.10.009_d6ab4790aa		NK CELLS	NK CELLS	5	4	0.8	4	0.2	0.25
LLMarkers	llmarkers|hca|0372_10.1016_j.ccell.2021.10.009_d6ab4790aa	llmarkers|hca|0372_10.1016_j.ccell.2021.10.009_d6ab4790aa	hca:0372_10.1016_j.ccell.2021.10.009_d6ab4790aa		T ACTIVATED	T ACTIVATED	7	5	0.7142857142857143	0		
LLMarkers	llmarkers|hca|0372_10.1016_j.ccell.2021.10.009_d6ab4790aa	llmarkers|hca|0372_10.1016_j.ccell.2021.10.009_d6ab4790aa	hca:0372_10.1016_j.ccell.2021.10.009_d6ab4790aa		T CM/NAIVE-LIKE-I	T CM NAIVE LIKE I	4	4	1.0	0		
LLMarkers	llmarkers|hca|0373_10.1038_s41592-018-0253-2_ae3c4efc48	llmarkers|hca|0373_10.1038_s41592-018-0253-2_ae3c4efc48	hca:0373_10.1038_s41592-018-0253-2_ae3c4efc48		NEPHRON PROGENITOR	NEPHRON PROGENITOR	5	5	1.0	3	0.6	0.6
LLMarkers	llmarkers|hca|0373_10.1038_s41592-018-0253-2_ae3c4efc48	llmarkers|hca|0373_10.1038_s41592-018-0253-2_ae3c4efc48	hca:0373_10.1038_s41592-018-0253-2_ae3c4efc48		PODOCYTE CLUSTER	PODOCYTE CLUSTER	3	3	1.0	0		
LLMarkers	llmarkers|hca|0374_10.1136_annrheumdis-2018-214865_9f6cd4034f	llmarkers|hca|0374_10.1136_annrheumdis-2018-214865_9f6cd4034f	hca:0374_10.1136_annrheumdis-2018-214865_9f6cd4034f		FABP4 HI	FABP 4 HI	3	3	1.0	0		
LLMarkers	llmarkers|hca|0374_10.1136_annrheumdis-2018-214865_9f6cd4034f	llmarkers|hca|0374_10.1136_annrheumdis-2018-214865_9f6cd4034f	hca:0374_10.1136_annrheumdis-2018-214865_9f6cd4034f		FCN1 HI	FCN 1 HI	3	3	1.0	0		
LLMarkers	llmarkers|hca|0374_10.1136_annrheumdis-2018-214865_9f6cd4034f	llmarkers|hca|0374_10.1136_annrheumdis-2018-214865_9f6cd4034f	hca:0374_10.1136_annrheumdis-2018-214865_9f6cd4034f		FIBROBLAST	FIBROBLAST	3	3	1.0	28	0.6666666666666666	0.6666666666666666
LLMarkers	llmarkers|hca|0374_10.1136_annrheumdis-2018-214865_9f6cd4034f	llmarkers|hca|0374_10.1136_annrheumdis-2018-214865_9f6cd4034f	hca:0374_10.1136_annrheumdis-2018-214865_9f6cd4034f		MFAP5 HI FIBROBLAST	MFAP 5 HI FIBROBLAST	14	13	0.9285714285714286	0		
LLMarkers	llmarkers|hca|0374_10.1136_annrheumdis-2018-214865_9f6cd4034f	llmarkers|hca|0374_10.1136_annrheumdis-2018-214865_9f6cd4034f	hca:0374_10.1136_annrheumdis-2018-214865_9f6cd4034f		MYOFIBROBLAST	MYOFIBROBLAST	14	12	0.8571428571428571	7	0.21428571428571427	0.16666666666666666
LLMarkers	llmarkers|hca|0374_10.1136_annrheumdis-2018-214865_9f6cd4034f	llmarkers|hca|0374_10.1136_annrheumdis-2018-214865_9f6cd4034f	hca:0374_10.1136_annrheumdis-2018-214865_9f6cd4034f		PERICYTE	PERICYTE	9	9	1.0	13	0.6666666666666666	0.6666666666666666
LLMarkers	llmarkers|hca|0374_10.1136_annrheumdis-2018-214865_9f6cd4034f	llmarkers|hca|0374_10.1136_annrheumdis-2018-214865_9f6cd4034f	hca:0374_10.1136_annrheumdis-2018-214865_9f6cd4034f		SMOOTH MUSCLE CELL	SMOOTH MUSCLE CELL	4	3	0.75	8	1.0	1.0
LLMarkers	llmarkers|hca|0374_10.1136_annrheumdis-2018-214865_9f6cd4034f	llmarkers|hca|0374_10.1136_annrheumdis-2018-214865_9f6cd4034f	hca:0374_10.1136_annrheumdis-2018-214865_9f6cd4034f		SPINT2 HI FIBROBLAST	SPINT 2 HI FIBROBLAST	10	10	1.0	0		
LLMarkers	llmarkers|hca|0374_10.1136_annrheumdis-2018-214865_9f6cd4034f	llmarkers|hca|0374_10.1136_annrheumdis-2018-214865_9f6cd4034f	hca:0374_10.1136_annrheumdis-2018-214865_9f6cd4034f		SPP1 HI	SPP 1 HI	3	3	1.0	0		
LLMarkers	llmarkers|hca|0375_10.1016_j.jaci.2021.07.025_bdc966c89b	llmarkers|hca|0375_10.1016_j.jaci.2021.07.025_bdc966c89b	hca:0375_10.1016_j.jaci.2021.07.025_bdc966c89b		B-CELL LINEAGE	B CELL LINEAGE	4	4	1.0	0		
LLMarkers	llmarkers|hca|0375_10.1016_j.jaci.2021.07.025_bdc966c89b	llmarkers|hca|0375_10.1016_j.jaci.2021.07.025_bdc966c89b	hca:0375_10.1016_j.jaci.2021.07.025_bdc966c89b		ENDOTHELIAL CELL	ENDOTHELIAL CELL	3	3	1.0	27	1.0	1.0
LLMarkers	llmarkers|hca|0375_10.1016_j.jaci.2021.07.025_bdc966c89b	llmarkers|hca|0375_10.1016_j.jaci.2021.07.025_bdc966c89b	hca:0375_10.1016_j.jaci.2021.07.025_bdc966c89b		FIBROBLAST	FIBROBLAST	3	3	1.0	28	0.3333333333333333	0.3333333333333333
LLMarkers	llmarkers|hca|0375_10.1016_j.jaci.2021.07.025_bdc966c89b	llmarkers|hca|0375_10.1016_j.jaci.2021.07.025_bdc966c89b	hca:0375_10.1016_j.jaci.2021.07.025_bdc966c89b		ILC PRECURSOR	ILC PRECURSOR	4	3	0.75	0		
LLMarkers	llmarkers|hca|0375_10.1016_j.jaci.2021.07.025_bdc966c89b	llmarkers|hca|0375_10.1016_j.jaci.2021.07.025_bdc966c89b	hca:0375_10.1016_j.jaci.2021.07.025_bdc966c89b		ILC2S	ILC 2 S	6	6	1.0	0		
LLMarkers	llmarkers|hca|0375_10.1016_j.jaci.2021.07.025_bdc966c89b	llmarkers|hca|0375_10.1016_j.jaci.2021.07.025_bdc966c89b	hca:0375_10.1016_j.jaci.2021.07.025_bdc966c89b		ILC3S	ILC 3 S	4	4	1.0	1	0.0	0.0
LLMarkers	llmarkers|hca|0375_10.1016_j.jaci.2021.07.025_bdc966c89b	llmarkers|hca|0375_10.1016_j.jaci.2021.07.025_bdc966c89b	hca:0375_10.1016_j.jaci.2021.07.025_bdc966c89b		ILCS	ILCS	3	3	1.0	1	0.0	0.0
LLMarkers	llmarkers|hca|0375_10.1016_j.jaci.2021.07.025_bdc966c89b	llmarkers|hca|0375_10.1016_j.jaci.2021.07.025_bdc966c89b	hca:0375_10.1016_j.jaci.2021.07.025_bdc966c89b		KERATINOCYTE	KERATINOCYTE	3	3	1.0	0		
LLMarkers	llmarkers|hca|0375_10.1016_j.jaci.2021.07.025_bdc966c89b	llmarkers|hca|0375_10.1016_j.jaci.2021.07.025_bdc966c89b	hca:0375_10.1016_j.jaci.2021.07.025_bdc966c89b		MELANOCYTE	MELANOCYTE	3	2	0.6666666666666666	6	1.0	1.0
LLMarkers	llmarkers|hca|0375_10.1016_j.jaci.2021.07.025_bdc966c89b	llmarkers|hca|0375_10.1016_j.jaci.2021.07.025_bdc966c89b	hca:0375_10.1016_j.jaci.2021.07.025_bdc966c89b		NK CELL	NK CELL	4	4	1.0	15	0.75	0.75
LLMarkers	llmarkers|hca|0375_10.1016_j.jaci.2021.07.025_bdc966c89b	llmarkers|hca|0375_10.1016_j.jaci.2021.07.025_bdc966c89b	hca:0375_10.1016_j.jaci.2021.07.025_bdc966c89b		PHAGOCYTE	PHAGOCYTE	3	3	1.0	0		
LLMarkers	llmarkers|hca|0376_10.1038_s41590-017-0001-2_5fb0775c07	llmarkers|hca|0376_10.1038_s41590-017-0001-2_5fb0775c07	hca:0376_10.1038_s41590-017-0001-2_5fb0775c07		CLUSTER 1	CLUSTER 1	3	1	0.3333333333333333	13	0.0	0.0
LLMarkers	llmarkers|hca|0376_10.1038_s41590-017-0001-2_5fb0775c07	llmarkers|hca|0376_10.1038_s41590-017-0001-2_5fb0775c07	hca:0376_10.1038_s41590-017-0001-2_5fb0775c07		CLUSTER 3	CLUSTER 3	3	3	1.0	11	0.3333333333333333	0.3333333333333333
LLMarkers	llmarkers|hca|0376_10.1038_s41590-017-0001-2_5fb0775c07	llmarkers|hca|0376_10.1038_s41590-017-0001-2_5fb0775c07	hca:0376_10.1038_s41590-017-0001-2_5fb0775c07		GMP	GMP	4	4	1.0	1	0.0	0.0
LLMarkers	llmarkers|hca|0376_10.1038_s41590-017-0001-2_5fb0775c07	llmarkers|hca|0376_10.1038_s41590-017-0001-2_5fb0775c07	hca:0376_10.1038_s41590-017-0001-2_5fb0775c07		HSC	HSC	3	3	1.0	4	0.6666666666666666	0.6666666666666666
LLMarkers	llmarkers|hca|0376_10.1038_s41590-017-0001-2_5fb0775c07	llmarkers|hca|0376_10.1038_s41590-017-0001-2_5fb0775c07	hca:0376_10.1038_s41590-017-0001-2_5fb0775c07		LMPP	LMPP	7	7	1.0	1	0.0	0.0
LLMarkers	llmarkers|hca|0376_10.1038_s41590-017-0001-2_5fb0775c07	llmarkers|hca|0376_10.1038_s41590-017-0001-2_5fb0775c07	hca:0376_10.1038_s41590-017-0001-2_5fb0775c07		MLP	MLP	9	7	0.7777777777777778	0		
LLMarkers	llmarkers|hca|0377_10.7554_elife.64875_32e53ae733	llmarkers|hca|0377_10.7554_elife.64875_32e53ae733	hca:0377_10.7554_elife.64875_32e53ae733		GABA1	GABA 1	3	3	1.0	0		
LLMarkers	llmarkers|hca|0377_10.7554_elife.64875_32e53ae733	llmarkers|hca|0377_10.7554_elife.64875_32e53ae733	hca:0377_10.7554_elife.64875_32e53ae733		KAP	KAP	3	0	0.0	0		
LLMarkers	llmarkers|hca|0377_10.7554_elife.64875_32e53ae733	llmarkers|hca|0377_10.7554_elife.64875_32e53ae733	hca:0377_10.7554_elife.64875_32e53ae733		KP	KP	4	1	0.25	0		
LLMarkers	llmarkers|hca|0378_10.1101_2022.06.17.496207_92cb140ff3	llmarkers|hca|0378_10.1101_2022.06.17.496207_92cb140ff3	hca:0378_10.1101_2022.06.17.496207_92cb140ff3		BASAL EPITHELIAL CELL	BASAL EPITHELIAL CELL	3	3	1.0	0		
LLMarkers	llmarkers|hca|0378_10.1101_2022.06.17.496207_92cb140ff3	llmarkers|hca|0378_10.1101_2022.06.17.496207_92cb140ff3	hca:0378_10.1101_2022.06.17.496207_92cb140ff3		CD4 T-IFN	CD 4 T IFN	3	3	1.0	0		
LLMarkers	llmarkers|hca|0378_10.1101_2022.06.17.496207_92cb140ff3	llmarkers|hca|0378_10.1101_2022.06.17.496207_92cb140ff3	hca:0378_10.1101_2022.06.17.496207_92cb140ff3		CD4 T-NFΚB	CD 4 T NFB	3	3	1.0	0		
LLMarkers	llmarkers|hca|0378_10.1101_2022.06.17.496207_92cb140ff3	llmarkers|hca|0378_10.1101_2022.06.17.496207_92cb140ff3	hca:0378_10.1101_2022.06.17.496207_92cb140ff3		CD8 TRM	CD 8 TRM	4	0	0.0	0		
LLMarkers	llmarkers|hca|0378_10.1101_2022.06.17.496207_92cb140ff3	llmarkers|hca|0378_10.1101_2022.06.17.496207_92cb140ff3	hca:0378_10.1101_2022.06.17.496207_92cb140ff3		CD8-GZMK	CD 8 GZMK	5	1	0.2	2	0.6	1.0
LLMarkers	llmarkers|hca|0378_10.1101_2022.06.17.496207_92cb140ff3	llmarkers|hca|0378_10.1101_2022.06.17.496207_92cb140ff3	hca:0378_10.1101_2022.06.17.496207_92cb140ff3		GOBLET/CLUB CELL	GOBLET CLUB CELL	5	5	1.0	0		
LLMarkers	llmarkers|hca|0378_10.1101_2022.06.17.496207_92cb140ff3	llmarkers|hca|0378_10.1101_2022.06.17.496207_92cb140ff3	hca:0378_10.1101_2022.06.17.496207_92cb140ff3		MACRO-CCL	MACRO CCL	7	7	1.0	2	0.42857142857142855	0.42857142857142855
LLMarkers	llmarkers|hca|0378_10.1101_2022.06.17.496207_92cb140ff3	llmarkers|hca|0378_10.1101_2022.06.17.496207_92cb140ff3	hca:0378_10.1101_2022.06.17.496207_92cb140ff3		MACROPHAGE	MACROPHAGE	3	3	1.0	28	0.0	0.0
LLMarkers	llmarkers|hca|0378_10.1101_2022.06.17.496207_92cb140ff3	llmarkers|hca|0378_10.1101_2022.06.17.496207_92cb140ff3	hca:0378_10.1101_2022.06.17.496207_92cb140ff3		PLASMA B CELL	PLASMA B CELL	3	3	1.0	0		
LLMarkers	llmarkers|hca|0379_10.1038_s41698-022-00300-9_7bb9a273c6	llmarkers|hca|0379_10.1038_s41698-022-00300-9_7bb9a273c6	hca:0379_10.1038_s41698-022-00300-9_7bb9a273c6		EXHAUSTED CD8+ T CELL	EXHAUSTED CD 8 T CELL	11	6	0.5454545454545454	3	0.36363636363636365	0.3333333333333333
LLMarkers	llmarkers|hca|0379_10.1038_s41698-022-00300-9_7bb9a273c6	llmarkers|hca|0379_10.1038_s41698-022-00300-9_7bb9a273c6	hca:0379_10.1038_s41698-022-00300-9_7bb9a273c6		MEMORY CD8+ T CELL	MEMORY CD 8 T CELL	3	1	0.3333333333333333	0		
LLMarkers	llmarkers|hca|0379_10.1038_s41698-022-00300-9_7bb9a273c6	llmarkers|hca|0379_10.1038_s41698-022-00300-9_7bb9a273c6	hca:0379_10.1038_s41698-022-00300-9_7bb9a273c6		NAÏVE CD4+ T CELL	NAIVE CD 4 T CELL	3	3	1.0	1	0.6666666666666666	0.6666666666666666
LLMarkers	llmarkers|hca|0379_10.1038_s41698-022-00300-9_7bb9a273c6	llmarkers|hca|0379_10.1038_s41698-022-00300-9_7bb9a273c6	hca:0379_10.1038_s41698-022-00300-9_7bb9a273c6		TEX01	TEX 01	4	0	0.0	0		
LLMarkers	llmarkers|hca|0379_10.1038_s41698-022-00300-9_7bb9a273c6	llmarkers|hca|0379_10.1038_s41698-022-00300-9_7bb9a273c6	hca:0379_10.1038_s41698-022-00300-9_7bb9a273c6		TEX03	TEX 03	4	0	0.0	0		
LLMarkers	llmarkers|hca|0379_10.1038_s41698-022-00300-9_7bb9a273c6	llmarkers|hca|0379_10.1038_s41698-022-00300-9_7bb9a273c6	hca:0379_10.1038_s41698-022-00300-9_7bb9a273c6		TREG	TREG	4	1	0.25	14	0.75	0.0
LLMarkers	llmarkers|hca|0382_10.1371_journal.pbio.3002124_f92c982127	llmarkers|hca|0382_10.1371_journal.pbio.3002124_f92c982127	hca:0382_10.1371_journal.pbio.3002124_f92c982127		ACTIVATED T CELLS	ACTIVATED T CELLS	12	8	0.6666666666666666	0		
LLMarkers	llmarkers|hca|0382_10.1371_journal.pbio.3002124_f92c982127	llmarkers|hca|0382_10.1371_journal.pbio.3002124_f92c982127	hca:0382_10.1371_journal.pbio.3002124_f92c982127		ENTEROCYTES	ENTEROCYTES	6	5	0.8333333333333334	1	0.0	0.0
LLMarkers	llmarkers|hca|0382_10.1371_journal.pbio.3002124_f92c982127	llmarkers|hca|0382_10.1371_journal.pbio.3002124_f92c982127	hca:0382_10.1371_journal.pbio.3002124_f92c982127		FIBROBLASTS	FIBROBLASTS	5	1	0.2	5	0.0	0.0
LLMarkers	llmarkers|hca|0382_10.1371_journal.pbio.3002124_f92c982127	llmarkers|hca|0382_10.1371_journal.pbio.3002124_f92c982127	hca:0382_10.1371_journal.pbio.3002124_f92c982127		LYMPHATIC ENDOTHELIAL CELLS	LYMPHATIC ENDOTHELIAL CELLS	13	8	0.6153846153846154	0		
LLMarkers	llmarkers|hca|0382_10.1371_journal.pbio.3002124_f92c982127	llmarkers|hca|0382_10.1371_journal.pbio.3002124_f92c982127	hca:0382_10.1371_journal.pbio.3002124_f92c982127		MACROPHAGES	MACROPHAGES	19	13	0.6842105263157895	5	0.05263157894736842	0.07692307692307693
LLMarkers	llmarkers|hca|0382_10.1371_journal.pbio.3002124_f92c982127	llmarkers|hca|0382_10.1371_journal.pbio.3002124_f92c982127	hca:0382_10.1371_journal.pbio.3002124_f92c982127		REGULATORY T CELLS	REGULATORY T CELLS	8	7	0.875	0		
LLMarkers	llmarkers|hca|0382_10.1371_journal.pbio.3002124_f92c982127	llmarkers|hca|0382_10.1371_journal.pbio.3002124_f92c982127	hca:0382_10.1371_journal.pbio.3002124_f92c982127		VASCULAR ENDOTHELIAL CELLS	VASCULAR ENDOTHELIAL CELLS	5	5	1.0	0		
LLMarkers	llmarkers|hca|0383_10.1126_sciadv.aaw3851_fd6802ffee	llmarkers|hca|0383_10.1126_sciadv.aaw3851_fd6802ffee	hca:0383_10.1126_sciadv.aaw3851_fd6802ffee		ATI	ATI	4	2	0.5	0		
LLMarkers	llmarkers|hca|0383_10.1126_sciadv.aaw3851_fd6802ffee	llmarkers|hca|0383_10.1126_sciadv.aaw3851_fd6802ffee	hca:0383_10.1126_sciadv.aaw3851_fd6802ffee		ATI CELL	ATI CELL	3	1	0.3333333333333333	0		
LLMarkers	llmarkers|hca|0383_10.1126_sciadv.aaw3851_fd6802ffee	llmarkers|hca|0383_10.1126_sciadv.aaw3851_fd6802ffee	hca:0383_10.1126_sciadv.aaw3851_fd6802ffee		ATII CELL	ATII CELL	7	7	1.0	0		
LLMarkers	llmarkers|hca|0383_10.1126_sciadv.aaw3851_fd6802ffee	llmarkers|hca|0383_10.1126_sciadv.aaw3851_fd6802ffee	hca:0383_10.1126_sciadv.aaw3851_fd6802ffee		CAPILLARY ENDOTHELIA	CAPILLARY ENDOTHELIA	3	3	1.0	0		
LLMarkers	llmarkers|hca|0383_10.1126_sciadv.aaw3851_fd6802ffee	llmarkers|hca|0383_10.1126_sciadv.aaw3851_fd6802ffee	hca:0383_10.1126_sciadv.aaw3851_fd6802ffee		COL13A1 + FIBROBLAST	COL 13 A 1 FIBROBLAST	3	3	1.0	0		
LLMarkers	llmarkers|hca|0384_10.1038_s41422-021-00529-2_d6c8237ebe	llmarkers|hca|0384_10.1038_s41422-021-00529-2_d6c8237ebe	hca:0384_10.1038_s41422-021-00529-2_d6c8237ebe		CCR9_ILC2	CCR 9 ILC 2	5	4	0.8	0		
LLMarkers	llmarkers|hca|0384_10.1038_s41422-021-00529-2_d6c8237ebe	llmarkers|hca|0384_10.1038_s41422-021-00529-2_d6c8237ebe	hca:0384_10.1038_s41422-021-00529-2_d6c8237ebe		CRTH2_ILC2	CRTH 2 ILC 2	3	2	0.6666666666666666	0		
LLMarkers	llmarkers|hca|0384_10.1038_s41422-021-00529-2_d6c8237ebe	llmarkers|hca|0384_10.1038_s41422-021-00529-2_d6c8237ebe	hca:0384_10.1038_s41422-021-00529-2_d6c8237ebe		ETP	ETP	4	2	0.5	1	0.0	0.0
LLMarkers	llmarkers|hca|0384_10.1038_s41422-021-00529-2_d6c8237ebe	llmarkers|hca|0384_10.1038_s41422-021-00529-2_d6c8237ebe	hca:0384_10.1038_s41422-021-00529-2_d6c8237ebe		GROUP 1 ILC	GROUP 1 ILC	4	2	0.5	0		
LLMarkers	llmarkers|hca|0384_10.1038_s41422-021-00529-2_d6c8237ebe	llmarkers|hca|0384_10.1038_s41422-021-00529-2_d6c8237ebe	hca:0384_10.1038_s41422-021-00529-2_d6c8237ebe		GROUP 3 ILC	GROUP 3 ILC	3	1	0.3333333333333333	0		
LLMarkers	llmarkers|hca|0384_10.1038_s41422-021-00529-2_d6c8237ebe	llmarkers|hca|0384_10.1038_s41422-021-00529-2_d6c8237ebe	hca:0384_10.1038_s41422-021-00529-2_d6c8237ebe		HSPC	HSPC	3	2	0.6666666666666666	3	0.0	0.0
LLMarkers	llmarkers|hca|0384_10.1038_s41422-021-00529-2_d6c8237ebe	llmarkers|hca|0384_10.1038_s41422-021-00529-2_d6c8237ebe	hca:0384_10.1038_s41422-021-00529-2_d6c8237ebe		ILC1_C	ILC 1 C	3	3	1.0	0		
LLMarkers	llmarkers|hca|0384_10.1038_s41422-021-00529-2_d6c8237ebe	llmarkers|hca|0384_10.1038_s41422-021-00529-2_d6c8237ebe	hca:0384_10.1038_s41422-021-00529-2_d6c8237ebe		ILC1_D	ILC 1 D	3	3	1.0	0		
LLMarkers	llmarkers|hca|0384_10.1038_s41422-021-00529-2_d6c8237ebe	llmarkers|hca|0384_10.1038_s41422-021-00529-2_d6c8237ebe	hca:0384_10.1038_s41422-021-00529-2_d6c8237ebe		ILC3_A	ILC 3 A	4	3	0.75	1	0.0	0.0
LLMarkers	llmarkers|hca|0384_10.1038_s41422-021-00529-2_d6c8237ebe	llmarkers|hca|0384_10.1038_s41422-021-00529-2_d6c8237ebe	hca:0384_10.1038_s41422-021-00529-2_d6c8237ebe		ILC3_B	ILC 3 B	5	2	0.4	0		
LLMarkers	llmarkers|hca|0384_10.1038_s41422-021-00529-2_d6c8237ebe	llmarkers|hca|0384_10.1038_s41422-021-00529-2_d6c8237ebe	hca:0384_10.1038_s41422-021-00529-2_d6c8237ebe		ILC3_C	ILC 3 C	3	0	0.0	0		
LLMarkers	llmarkers|hca|0384_10.1038_s41422-021-00529-2_d6c8237ebe	llmarkers|hca|0384_10.1038_s41422-021-00529-2_d6c8237ebe	hca:0384_10.1038_s41422-021-00529-2_d6c8237ebe		ILC3_D	ILC 3 D	3	0	0.0	0		
LLMarkers	llmarkers|hca|0384_10.1038_s41422-021-00529-2_d6c8237ebe	llmarkers|hca|0384_10.1038_s41422-021-00529-2_d6c8237ebe	hca:0384_10.1038_s41422-021-00529-2_d6c8237ebe		ILC3_E	ILC 3 E	8	3	0.375	0		
LLMarkers	llmarkers|hca|0384_10.1038_s41422-021-00529-2_d6c8237ebe	llmarkers|hca|0384_10.1038_s41422-021-00529-2_d6c8237ebe	hca:0384_10.1038_s41422-021-00529-2_d6c8237ebe		ILCP	ILCP	9	6	0.6666666666666666	0		
LLMarkers	llmarkers|hca|0384_10.1038_s41422-021-00529-2_d6c8237ebe	llmarkers|hca|0384_10.1038_s41422-021-00529-2_d6c8237ebe	hca:0384_10.1038_s41422-021-00529-2_d6c8237ebe		LP1	LP 1	3	0	0.0	0		
LLMarkers	llmarkers|hca|0384_10.1038_s41422-021-00529-2_d6c8237ebe	llmarkers|hca|0384_10.1038_s41422-021-00529-2_d6c8237ebe	hca:0384_10.1038_s41422-021-00529-2_d6c8237ebe		LP2	LP 2	4	0	0.0	0		
LLMarkers	llmarkers|hca|0384_10.1038_s41422-021-00529-2_d6c8237ebe	llmarkers|hca|0384_10.1038_s41422-021-00529-2_d6c8237ebe	hca:0384_10.1038_s41422-021-00529-2_d6c8237ebe		PRE PDC	PRE PDC	3	2	0.6666666666666666	0		
LLMarkers	llmarkers|hca|0384_10.1038_s41422-021-00529-2_d6c8237ebe	llmarkers|hca|0384_10.1038_s41422-021-00529-2_d6c8237ebe	hca:0384_10.1038_s41422-021-00529-2_d6c8237ebe		PRE-ILC1	PRE ILC 1	4	2	0.5	0		
LLMarkers	llmarkers|hca|0384_10.1038_s41422-021-00529-2_d6c8237ebe	llmarkers|hca|0384_10.1038_s41422-021-00529-2_d6c8237ebe	hca:0384_10.1038_s41422-021-00529-2_d6c8237ebe		PRE-ILC2	PRE ILC 2	5	3	0.6	0		
LLMarkers	llmarkers|hca|0384_10.1038_s41422-021-00529-2_d6c8237ebe	llmarkers|hca|0384_10.1038_s41422-021-00529-2_d6c8237ebe	hca:0384_10.1038_s41422-021-00529-2_d6c8237ebe		PRE-ILC3	PRE ILC 3	3	1	0.3333333333333333	0		
LLMarkers	llmarkers|hca|0384_10.1038_s41422-021-00529-2_d6c8237ebe	llmarkers|hca|0384_10.1038_s41422-021-00529-2_d6c8237ebe	hca:0384_10.1038_s41422-021-00529-2_d6c8237ebe		PRE_ILC2B	PRE ILC 2 B	3	0	0.0	0		
LLMarkers	llmarkers|hca|0384_10.1038_s41422-021-00529-2_d6c8237ebe	llmarkers|hca|0384_10.1038_s41422-021-00529-2_d6c8237ebe	hca:0384_10.1038_s41422-021-00529-2_d6c8237ebe		PTGS2_ILC2	PTGS 2 ILC 2	4	3	0.75	0		
LLMarkers	llmarkers|hca|0385_10.1038_s41586-022-04521-7_37f1f319e2	llmarkers|hca|0385_10.1038_s41586-022-04521-7_37f1f319e2	hca:0385_10.1038_s41586-022-04521-7_37f1f319e2		EXCITATORY NEURON	EXCITATORY NEURON	3	3	1.0	4	0.6666666666666666	0.6666666666666666
LLMarkers	llmarkers|hca|0385_10.1038_s41586-022-04521-7_37f1f319e2	llmarkers|hca|0385_10.1038_s41586-022-04521-7_37f1f319e2	hca:0385_10.1038_s41586-022-04521-7_37f1f319e2		MICROGLIA	MICROGLIA	3	3	1.0	17	1.0	1.0
LLMarkers	llmarkers|hca|0385_10.1038_s41586-022-04521-7_37f1f319e2	llmarkers|hca|0385_10.1038_s41586-022-04521-7_37f1f319e2	hca:0385_10.1038_s41586-022-04521-7_37f1f319e2		OLIGODENDROCYTE	OLIGODENDROCYTE	3	3	1.0	6	1.0	1.0
LLMarkers	llmarkers|hca|0385_10.1038_s41586-022-04521-7_37f1f319e2	llmarkers|hca|0385_10.1038_s41586-022-04521-7_37f1f319e2	hca:0385_10.1038_s41586-022-04521-7_37f1f319e2		OPC	OPC	3	3	1.0	4	1.0	1.0
LLMarkers	llmarkers|hca|0385_10.1038_s41586-022-04521-7_37f1f319e2	llmarkers|hca|0385_10.1038_s41586-022-04521-7_37f1f319e2	hca:0385_10.1038_s41586-022-04521-7_37f1f319e2		SMCS	SMCS	4	4	1.0	3	0.0	0.0
LLMarkers	llmarkers|hca|0385_10.1038_s41586-022-04521-7_37f1f319e2	llmarkers|hca|0385_10.1038_s41586-022-04521-7_37f1f319e2	hca:0385_10.1038_s41586-022-04521-7_37f1f319e2		TYPE III	TYPE III	4	4	1.0	0		
LLMarkers	llmarkers|hca|0385_10.1038_s41586-022-04521-7_37f1f319e2	llmarkers|hca|0385_10.1038_s41586-022-04521-7_37f1f319e2	hca:0385_10.1038_s41586-022-04521-7_37f1f319e2		VC-MICROGLIA	VC MICROGLIA	6	6	1.0	0		
LLMarkers	llmarkers|hca|0385_10.1038_s41586-022-04521-7_37f1f319e2	llmarkers|hca|0385_10.1038_s41586-022-04521-7_37f1f319e2	hca:0385_10.1038_s41586-022-04521-7_37f1f319e2		VSMCS	VSMCS	3	3	1.0	1	0.0	0.0
LLMarkers	llmarkers|hca|0387_10.1038_s41593-022-01061-1_5c1bbb5824	llmarkers|hca|0387_10.1038_s41593-022-01061-1_5c1bbb5824	hca:0387_10.1038_s41593-022-01061-1_5c1bbb5824		CALB1_GEM	CALB 1 GEM	4	2	0.5	0		
LLMarkers	llmarkers|hca|0387_10.1038_s41593-022-01061-1_5c1bbb5824	llmarkers|hca|0387_10.1038_s41593-022-01061-1_5c1bbb5824	hca:0387_10.1038_s41593-022-01061-1_5c1bbb5824		CALB1_TRHR	CALB 1 TRHR	3	1	0.3333333333333333	0		
LLMarkers	llmarkers|hca|0387_10.1038_s41593-022-01061-1_5c1bbb5824	llmarkers|hca|0387_10.1038_s41593-022-01061-1_5c1bbb5824	hca:0387_10.1038_s41593-022-01061-1_5c1bbb5824		DA NEURON	DA NEURON	4	4	1.0	0		
LLMarkers	llmarkers|hca|0387_10.1038_s41593-022-01061-1_5c1bbb5824	llmarkers|hca|0387_10.1038_s41593-022-01061-1_5c1bbb5824	hca:0387_10.1038_s41593-022-01061-1_5c1bbb5824		SOX6_AGTR1	SOX 6 AGTR 1	10	10	1.0	0		
LLMarkers	llmarkers|hca|0388_10.1038_s41467-023-40505-5_535df8ab2d	llmarkers|hca|0388_10.1038_s41467-023-40505-5_535df8ab2d	hca:0388_10.1038_s41467-023-40505-5_535df8ab2d		CARDIOMYOCYTE	CARDIOMYOCYTE	4	4	1.0	8	0.5	0.5
LLMarkers	llmarkers|hca|0389_10.1038_s41591-024-02807-z_9d82b71a18	llmarkers|hca|0389_10.1038_s41591-024-02807-z_9d82b71a18	hca:0389_10.1038_s41591-024-02807-z_9d82b71a18		ALVEOLAR TYPE 1	ALVEOLAR TYPE 1	4	4	1.0	0		
LLMarkers	llmarkers|hca|0389_10.1038_s41591-024-02807-z_9d82b71a18	llmarkers|hca|0389_10.1038_s41591-024-02807-z_9d82b71a18	hca:0389_10.1038_s41591-024-02807-z_9d82b71a18		ALVEOLAR TYPE 2	ALVEOLAR TYPE 2	7	7	1.0	1	0.42857142857142855	0.42857142857142855
LLMarkers	llmarkers|hca|0389_10.1038_s41591-024-02807-z_9d82b71a18	llmarkers|hca|0389_10.1038_s41591-024-02807-z_9d82b71a18	hca:0389_10.1038_s41591-024-02807-z_9d82b71a18		BASAL CELL	BASAL CELL	4	3	0.75	6	0.75	0.6666666666666666
LLMarkers	llmarkers|hca|0389_10.1038_s41591-024-02807-z_9d82b71a18	llmarkers|hca|0389_10.1038_s41591-024-02807-z_9d82b71a18	hca:0389_10.1038_s41591-024-02807-z_9d82b71a18		CAP MESENCHYME	CAP MESENCHYME	3	2	0.6666666666666666	0		
LLMarkers	llmarkers|hca|0389_10.1038_s41591-024-02807-z_9d82b71a18	llmarkers|hca|0389_10.1038_s41591-024-02807-z_9d82b71a18	hca:0389_10.1038_s41591-024-02807-z_9d82b71a18		DISTAL	DISTAL	3	2	0.6666666666666666	2	0.0	0.0
LLMarkers	llmarkers|hca|0389_10.1038_s41591-024-02807-z_9d82b71a18	llmarkers|hca|0389_10.1038_s41591-024-02807-z_9d82b71a18	hca:0389_10.1038_s41591-024-02807-z_9d82b71a18		ENTEROCYTE	ENTEROCYTE	6	6	1.0	5	0.3333333333333333	0.3333333333333333
LLMarkers	llmarkers|hca|0389_10.1038_s41591-024-02807-z_9d82b71a18	llmarkers|hca|0389_10.1038_s41591-024-02807-z_9d82b71a18	hca:0389_10.1038_s41591-024-02807-z_9d82b71a18		EPITHELIAL	EPITHELIAL	6	6	1.0	3	0.3333333333333333	0.3333333333333333
LLMarkers	llmarkers|hca|0389_10.1038_s41591-024-02807-z_9d82b71a18	llmarkers|hca|0389_10.1038_s41591-024-02807-z_9d82b71a18	hca:0389_10.1038_s41591-024-02807-z_9d82b71a18		GASTROINTESTINAL	GASTROINTESTINAL	8	5	0.625	0		
LLMarkers	llmarkers|hca|0389_10.1038_s41591-024-02807-z_9d82b71a18	llmarkers|hca|0389_10.1038_s41591-024-02807-z_9d82b71a18	hca:0389_10.1038_s41591-024-02807-z_9d82b71a18		INTESTINAL STEM/PROGENITOR	INTESTINAL STEM PROGENITOR	3	0	0.0	0		
LLMarkers	llmarkers|hca|0389_10.1038_s41591-024-02807-z_9d82b71a18	llmarkers|hca|0389_10.1038_s41591-024-02807-z_9d82b71a18	hca:0389_10.1038_s41591-024-02807-z_9d82b71a18		KIDNEY	KIDNEY	10	3	0.3	0		
LLMarkers	llmarkers|hca|0389_10.1038_s41591-024-02807-z_9d82b71a18	llmarkers|hca|0389_10.1038_s41591-024-02807-z_9d82b71a18	hca:0389_10.1038_s41591-024-02807-z_9d82b71a18		LUNG	LUNG	6	3	0.5	0		
LLMarkers	llmarkers|hca|0389_10.1038_s41591-024-02807-z_9d82b71a18	llmarkers|hca|0389_10.1038_s41591-024-02807-z_9d82b71a18	hca:0389_10.1038_s41591-024-02807-z_9d82b71a18		NEPHRON PROGENITOR	NEPHRON PROGENITOR	4	0	0.0	3	0.25	
LLMarkers	llmarkers|hca|0389_10.1038_s41591-024-02807-z_9d82b71a18	llmarkers|hca|0389_10.1038_s41591-024-02807-z_9d82b71a18	hca:0389_10.1038_s41591-024-02807-z_9d82b71a18		PODOCYTE	PODOCYTE	5	4	0.8	6	1.0	1.0
LLMarkers	llmarkers|hca|0389_10.1038_s41591-024-02807-z_9d82b71a18	llmarkers|hca|0389_10.1038_s41591-024-02807-z_9d82b71a18	hca:0389_10.1038_s41591-024-02807-z_9d82b71a18		PROXIMAL	PROXIMAL	4	4	1.0	1	0.25	0.25
LLMarkers	llmarkers|hca|0389_10.1038_s41591-024-02807-z_9d82b71a18	llmarkers|hca|0389_10.1038_s41591-024-02807-z_9d82b71a18	hca:0389_10.1038_s41591-024-02807-z_9d82b71a18		STEM/PROGENITOR CELL	STEM PROGENITOR CELL	6	2	0.3333333333333333	0		
LLMarkers	llmarkers|hca|0390_10.1038_s41591-020-0901-9_be86edb292	llmarkers|hca|0390_10.1038_s41591-020-0901-9_be86edb292	hca:0390_10.1038_s41591-020-0901-9_be86edb292		CD8 + T CELL	CD 8 T CELL	6	5	0.8333333333333334	14	0.3333333333333333	0.4
LLMarkers	llmarkers|hca|0390_10.1038_s41591-020-0901-9_be86edb292	llmarkers|hca|0390_10.1038_s41591-020-0901-9_be86edb292	hca:0390_10.1038_s41591-020-0901-9_be86edb292		GROUP 1	GROUP 1	5	5	1.0	0		
LLMarkers	llmarkers|hca|0390_10.1038_s41591-020-0901-9_be86edb292	llmarkers|hca|0390_10.1038_s41591-020-0901-9_be86edb292	hca:0390_10.1038_s41591-020-0901-9_be86edb292		GROUP 2	GROUP 2	3	3	1.0	1	0.0	0.0
LLMarkers	llmarkers|hca|0390_10.1038_s41591-020-0901-9_be86edb292	llmarkers|hca|0390_10.1038_s41591-020-0901-9_be86edb292	hca:0390_10.1038_s41591-020-0901-9_be86edb292		GROUP 3	GROUP 3	10	10	1.0	1	0.0	0.0
LLMarkers	llmarkers|hca|0390_10.1038_s41591-020-0901-9_be86edb292	llmarkers|hca|0390_10.1038_s41591-020-0901-9_be86edb292	hca:0390_10.1038_s41591-020-0901-9_be86edb292		GROUP 4	GROUP 4	5	5	1.0	1	0.0	0.0
LLMarkers	llmarkers|hca|0390_10.1038_s41591-020-0901-9_be86edb292	llmarkers|hca|0390_10.1038_s41591-020-0901-9_be86edb292	hca:0390_10.1038_s41591-020-0901-9_be86edb292		ZNF683 + -EXPANDED CLONE	ZNF 683 EXPANDED CLONE	3	2	0.6666666666666666	0		
LLMarkers	llmarkers|hca|0393_10.1038_s42255-022-00531-x_b92878970e	llmarkers|hca|0393_10.1038_s42255-022-00531-x_b92878970e	hca:0393_10.1038_s42255-022-00531-x_b92878970e		DUCTAL CELL	DUCTAL CELL	6	6	1.0	4	0.16666666666666666	0.16666666666666666
LLMarkers	llmarkers|hca|0393_10.1038_s42255-022-00531-x_b92878970e	llmarkers|hca|0393_10.1038_s42255-022-00531-x_b92878970e	hca:0393_10.1038_s42255-022-00531-x_b92878970e		MACROPHAGES	MACROPHAGES	4	4	1.0	5	0.5	0.5
LLMarkers	llmarkers|hca|0394_10.1038_s41591-021-01329-2_7dcc6ae73c	llmarkers|hca|0394_10.1038_s41591-021-01329-2_7dcc6ae73c	hca:0394_10.1038_s41591-021-01329-2_7dcc6ae73c		B CELL	B CELL	4	4	1.0	29	0.75	0.75
LLMarkers	llmarkers|hca|0394_10.1038_s41591-021-01329-2_7dcc6ae73c	llmarkers|hca|0394_10.1038_s41591-021-01329-2_7dcc6ae73c	hca:0394_10.1038_s41591-021-01329-2_7dcc6ae73c		B CELLS	B CELLS	3	3	1.0	4	0.0	0.0
LLMarkers	llmarkers|hca|0394_10.1038_s41591-021-01329-2_7dcc6ae73c	llmarkers|hca|0394_10.1038_s41591-021-01329-2_7dcc6ae73c	hca:0394_10.1038_s41591-021-01329-2_7dcc6ae73c		BAL MACROPHAGES	BAL MACROPHAGES	4	4	1.0	0		
LLMarkers	llmarkers|hca|0394_10.1038_s41591-021-01329-2_7dcc6ae73c	llmarkers|hca|0394_10.1038_s41591-021-01329-2_7dcc6ae73c	hca:0394_10.1038_s41591-021-01329-2_7dcc6ae73c		CD16+C1QA/B/C+	CD 16 C 1 QA B C	4	3	0.75	0		
LLMarkers	llmarkers|hca|0394_10.1038_s41591-021-01329-2_7dcc6ae73c	llmarkers|hca|0394_10.1038_s41591-021-01329-2_7dcc6ae73c	hca:0394_10.1038_s41591-021-01329-2_7dcc6ae73c		NK T	NK T	3	2	0.6666666666666666	0		
LLMarkers	llmarkers|hca|0394_10.1038_s41591-021-01329-2_7dcc6ae73c	llmarkers|hca|0394_10.1038_s41591-021-01329-2_7dcc6ae73c	hca:0394_10.1038_s41591-021-01329-2_7dcc6ae73c		PLASMABLASTS	PLASMABLASTS	4	4	1.0	0		
LLMarkers	llmarkers|hca|0394_10.1038_s41591-021-01329-2_7dcc6ae73c	llmarkers|hca|0394_10.1038_s41591-021-01329-2_7dcc6ae73c	hca:0394_10.1038_s41591-021-01329-2_7dcc6ae73c		T H 1	T H 1	3	3	1.0	0		
LLMarkers	llmarkers|hca|0394_10.1038_s41591-021-01329-2_7dcc6ae73c	llmarkers|hca|0394_10.1038_s41591-021-01329-2_7dcc6ae73c	hca:0394_10.1038_s41591-021-01329-2_7dcc6ae73c		T H 17	T H 17	4	4	1.0	2	0.25	0.25
LLMarkers	llmarkers|hca|0394_10.1038_s41591-021-01329-2_7dcc6ae73c	llmarkers|hca|0394_10.1038_s41591-021-01329-2_7dcc6ae73c	hca:0394_10.1038_s41591-021-01329-2_7dcc6ae73c		T H 2	T H 2	3	3	1.0	0		
LLMarkers	llmarkers|hca|0394_10.1038_s41591-021-01329-2_7dcc6ae73c	llmarkers|hca|0394_10.1038_s41591-021-01329-2_7dcc6ae73c	hca:0394_10.1038_s41591-021-01329-2_7dcc6ae73c		ΑΒ T CELLS	T CELLS	4	4	1.0	4	0.0	0.0
LLMarkers	llmarkers|hca|0396_10.7554_elife.62522_10df7c4591	llmarkers|hca|0396_10.7554_elife.62522_10df7c4591	hca:0396_10.7554_elife.62522_10df7c4591		AT1	AT 1	5	0	0.0	2	0.0	
LLMarkers	llmarkers|hca|0396_10.7554_elife.62522_10df7c4591	llmarkers|hca|0396_10.7554_elife.62522_10df7c4591	hca:0396_10.7554_elife.62522_10df7c4591		AT2	AT 2	6	1	0.16666666666666666	9	0.5	0.0
LLMarkers	llmarkers|hca|0396_10.7554_elife.62522_10df7c4591	llmarkers|hca|0396_10.7554_elife.62522_10df7c4591	hca:0396_10.7554_elife.62522_10df7c4591		M1 MACROPHAGE	M 1 MACROPHAGE	3	0	0.0	0		
LLMarkers	llmarkers|hca|0396_10.7554_elife.62522_10df7c4591	llmarkers|hca|0396_10.7554_elife.62522_10df7c4591	hca:0396_10.7554_elife.62522_10df7c4591		MATRIX FIBROBLAST1	MATRIX FIBROBLAST 1	3	0	0.0	0		
LLMarkers	llmarkers|hca|0397_10.1186_s13059-023-03111-8_05defe1911	llmarkers|hca|0397_10.1186_s13059-023-03111-8_05defe1911	hca:0397_10.1186_s13059-023-03111-8_05defe1911		MG	MG	8	8	1.0	0		
LLMarkers	llmarkers|hca|0397_10.1186_s13059-023-03111-8_05defe1911	llmarkers|hca|0397_10.1186_s13059-023-03111-8_05defe1911	hca:0397_10.1186_s13059-023-03111-8_05defe1911		PHOTORECEPTOR CELL	PHOTORECEPTOR CELL	3	2	0.6666666666666666	0		
LLMarkers	llmarkers|hca|0397_10.1186_s13059-023-03111-8_05defe1911	llmarkers|hca|0397_10.1186_s13059-023-03111-8_05defe1911	hca:0397_10.1186_s13059-023-03111-8_05defe1911		ROD	ROD	7	6	0.8571428571428571	2	0.14285714285714285	0.0
LLMarkers	llmarkers|hca|0398_10.3389_fimmu.2022.1034159_e51dfc8bb5	llmarkers|hca|0398_10.3389_fimmu.2022.1034159_e51dfc8bb5	hca:0398_10.3389_fimmu.2022.1034159_e51dfc8bb5		CD4+ TCM	CD 4 TCM	15	2	0.13333333333333333	0		
LLMarkers	llmarkers|hca|0398_10.3389_fimmu.2022.1034159_e51dfc8bb5	llmarkers|hca|0398_10.3389_fimmu.2022.1034159_e51dfc8bb5	hca:0398_10.3389_fimmu.2022.1034159_e51dfc8bb5		CLASSICAL	CLASSICAL	6	0	0.0	1	0.0	
LLMarkers	llmarkers|hca|0398_10.3389_fimmu.2022.1034159_e51dfc8bb5	llmarkers|hca|0398_10.3389_fimmu.2022.1034159_e51dfc8bb5	hca:0398_10.3389_fimmu.2022.1034159_e51dfc8bb5		CLASSICAL MONOCYTES	CLASSICAL MONOCYTES	18	1	0.05555555555555555	0		
LLMarkers	llmarkers|hca|0398_10.3389_fimmu.2022.1034159_e51dfc8bb5	llmarkers|hca|0398_10.3389_fimmu.2022.1034159_e51dfc8bb5	hca:0398_10.3389_fimmu.2022.1034159_e51dfc8bb5		INTERMEDIATE MONOCYTES	INTERMEDIATE MONOCYTES	7	0	0.0	0		
LLMarkers	llmarkers|hca|0398_10.3389_fimmu.2022.1034159_e51dfc8bb5	llmarkers|hca|0398_10.3389_fimmu.2022.1034159_e51dfc8bb5	hca:0398_10.3389_fimmu.2022.1034159_e51dfc8bb5		MONOCYTES	MONOCYTES	5	3	0.6	2	0.4	0.0
LLMarkers	llmarkers|hca|0398_10.3389_fimmu.2022.1034159_e51dfc8bb5	llmarkers|hca|0398_10.3389_fimmu.2022.1034159_e51dfc8bb5	hca:0398_10.3389_fimmu.2022.1034159_e51dfc8bb5		NK CELLS	NK CELLS	14	0	0.0	4	0.0	
LLMarkers	llmarkers|hca|0399_10.1016_j.immuni.2019.08.008_d590b8282e	llmarkers|hca|0399_10.1016_j.immuni.2019.08.008_d590b8282e	hca:0399_10.1016_j.immuni.2019.08.008_d590b8282e		CDC2S	CDC 2 S	3	3	1.0	1	0.0	0.0
LLMarkers	llmarkers|hca|0400_10.1038_s41467-022-35297-z_0eab5d0ba9	llmarkers|hca|0400_10.1038_s41467-022-35297-z_0eab5d0ba9	hca:0400_10.1038_s41467-022-35297-z_0eab5d0ba9		CS2	CS 2	5	1	0.2	0		
LLMarkers	llmarkers|hca|0400_10.1038_s41467-022-35297-z_0eab5d0ba9	llmarkers|hca|0400_10.1038_s41467-022-35297-z_0eab5d0ba9	hca:0400_10.1038_s41467-022-35297-z_0eab5d0ba9		ENDO1	ENDO 1	4	1	0.25	0		
LLMarkers	llmarkers|hca|0400_10.1038_s41467-022-35297-z_0eab5d0ba9	llmarkers|hca|0400_10.1038_s41467-022-35297-z_0eab5d0ba9	hca:0400_10.1038_s41467-022-35297-z_0eab5d0ba9		ENDO2	ENDO 2	4	4	1.0	0		
LLMarkers	llmarkers|hca|0400_10.1038_s41467-022-35297-z_0eab5d0ba9	llmarkers|hca|0400_10.1038_s41467-022-35297-z_0eab5d0ba9	hca:0400_10.1038_s41467-022-35297-z_0eab5d0ba9		ENDO3	ENDO 3	7	4	0.5714285714285714	0		
LLMarkers	llmarkers|hca|0400_10.1038_s41467-022-35297-z_0eab5d0ba9	llmarkers|hca|0400_10.1038_s41467-022-35297-z_0eab5d0ba9	hca:0400_10.1038_s41467-022-35297-z_0eab5d0ba9		MP1	MP 1	9	5	0.5555555555555556	0		
LLMarkers	llmarkers|hca|0400_10.1038_s41467-022-35297-z_0eab5d0ba9	llmarkers|hca|0400_10.1038_s41467-022-35297-z_0eab5d0ba9	hca:0400_10.1038_s41467-022-35297-z_0eab5d0ba9		MP2	MP 2	5	2	0.4	1	0.0	0.0
LLMarkers	llmarkers|hca|0400_10.1038_s41467-022-35297-z_0eab5d0ba9	llmarkers|hca|0400_10.1038_s41467-022-35297-z_0eab5d0ba9	hca:0400_10.1038_s41467-022-35297-z_0eab5d0ba9		MP3	MP 3	6	6	1.0	1	0.0	0.0
LLMarkers	llmarkers|hca|0400_10.1038_s41467-022-35297-z_0eab5d0ba9	llmarkers|hca|0400_10.1038_s41467-022-35297-z_0eab5d0ba9	hca:0400_10.1038_s41467-022-35297-z_0eab5d0ba9		MP4	MP 4	5	2	0.4	0		
LLMarkers	llmarkers|hca|0400_10.1038_s41467-022-35297-z_0eab5d0ba9	llmarkers|hca|0400_10.1038_s41467-022-35297-z_0eab5d0ba9	hca:0400_10.1038_s41467-022-35297-z_0eab5d0ba9		MP5	MP 5	4	4	1.0	0		
LLMarkers	llmarkers|hca|0400_10.1038_s41467-022-35297-z_0eab5d0ba9	llmarkers|hca|0400_10.1038_s41467-022-35297-z_0eab5d0ba9	hca:0400_10.1038_s41467-022-35297-z_0eab5d0ba9		PT1	PT 1	6	6	1.0	2	0.0	0.0
LLMarkers	llmarkers|hca|0400_10.1038_s41467-022-35297-z_0eab5d0ba9	llmarkers|hca|0400_10.1038_s41467-022-35297-z_0eab5d0ba9	hca:0400_10.1038_s41467-022-35297-z_0eab5d0ba9		PT2	PT 2	4	4	1.0	0		
LLMarkers	llmarkers|hca|0400_10.1038_s41467-022-35297-z_0eab5d0ba9	llmarkers|hca|0400_10.1038_s41467-022-35297-z_0eab5d0ba9	hca:0400_10.1038_s41467-022-35297-z_0eab5d0ba9		PT5	PT 5	5	5	1.0	0		
LLMarkers	llmarkers|hca|0400_10.1038_s41467-022-35297-z_0eab5d0ba9	llmarkers|hca|0400_10.1038_s41467-022-35297-z_0eab5d0ba9	hca:0400_10.1038_s41467-022-35297-z_0eab5d0ba9		T1	T 1	5	5	1.0	1	0.0	0.0
LLMarkers	llmarkers|hca|0400_10.1038_s41467-022-35297-z_0eab5d0ba9	llmarkers|hca|0400_10.1038_s41467-022-35297-z_0eab5d0ba9	hca:0400_10.1038_s41467-022-35297-z_0eab5d0ba9		T2	T 2	9	9	1.0	1	0.0	0.0
LLMarkers	llmarkers|hca|0401_10.21203_rs.3.rs-151881_v1_d8e8733600	llmarkers|hca|0401_10.21203_rs.3.rs-151881_v1_d8e8733600	hca:0401_10.21203_rs.3.rs-151881_v1_d8e8733600		LATE OPCS	LATE OPCS	3	1	0.3333333333333333	0		
LLMarkers	llmarkers|hca|0401_10.21203_rs.3.rs-151881_v1_d8e8733600	llmarkers|hca|0401_10.21203_rs.3.rs-151881_v1_d8e8733600	hca:0401_10.21203_rs.3.rs-151881_v1_d8e8733600		NEURONAL	NEURONAL	5	5	1.0	0		
LLMarkers	llmarkers|hca|0401_10.21203_rs.3.rs-151881_v1_d8e8733600	llmarkers|hca|0401_10.21203_rs.3.rs-151881_v1_d8e8733600	hca:0401_10.21203_rs.3.rs-151881_v1_d8e8733600		PROGENITORS 1	PROGENITORS 1	4	0	0.0	0		
LLMarkers	llmarkers|hca|0401_10.21203_rs.3.rs-151881_v1_d8e8733600	llmarkers|hca|0401_10.21203_rs.3.rs-151881_v1_d8e8733600	hca:0401_10.21203_rs.3.rs-151881_v1_d8e8733600		PROGENITORS 2	PROGENITORS 2	4	0	0.0	0		
LLMarkers	llmarkers|hca|0402_10.1016_j.cell.2021.04.038_26e3dc6d2f	llmarkers|hca|0402_10.1016_j.cell.2021.04.038_26e3dc6d2f	hca:0402_10.1016_j.cell.2021.04.038_26e3dc6d2f		CD8 T CELL	CD 8 T CELL	3	1	0.3333333333333333	14	0.6666666666666666	1.0
LLMarkers	llmarkers|hca|0402_10.1016_j.cell.2021.04.038_26e3dc6d2f	llmarkers|hca|0402_10.1016_j.cell.2021.04.038_26e3dc6d2f	hca:0402_10.1016_j.cell.2021.04.038_26e3dc6d2f		EPITHELIAL CLUSTER	EPITHELIAL CLUSTER	5	5	1.0	0		
LLMarkers	llmarkers|hca|0402_10.1016_j.cell.2021.04.038_26e3dc6d2f	llmarkers|hca|0402_10.1016_j.cell.2021.04.038_26e3dc6d2f	hca:0402_10.1016_j.cell.2021.04.038_26e3dc6d2f		EXHAUSTED CD8 T CELL	EXHAUSTED CD 8 T CELL	5	3	0.6	3	0.2	0.0
LLMarkers	llmarkers|hca|0402_10.1016_j.cell.2021.04.038_26e3dc6d2f	llmarkers|hca|0402_10.1016_j.cell.2021.04.038_26e3dc6d2f	hca:0402_10.1016_j.cell.2021.04.038_26e3dc6d2f		TREG	TREG	9	9	1.0	14	0.5555555555555556	0.5555555555555556
LLMarkers	llmarkers|hca|0402_10.1016_j.cell.2021.04.038_26e3dc6d2f	llmarkers|hca|0402_10.1016_j.cell.2021.04.038_26e3dc6d2f	hca:0402_10.1016_j.cell.2021.04.038_26e3dc6d2f		TUMOR MACROPHAGE	TUMOR MACROPHAGE	5	1	0.2	0		
LLMarkers	llmarkers|hca|0402_10.1016_j.cell.2021.04.038_26e3dc6d2f	llmarkers|hca|0402_10.1016_j.cell.2021.04.038_26e3dc6d2f	hca:0402_10.1016_j.cell.2021.04.038_26e3dc6d2f		TUMOR-INFILTRATING MACROPHAGE	TUMOR INFILTRATING MACROPHAGE	7	3	0.42857142857142855	0		
LLMarkers	llmarkers|hca|0402_10.1016_j.cell.2021.04.038_26e3dc6d2f	llmarkers|hca|0402_10.1016_j.cell.2021.04.038_26e3dc6d2f	hca:0402_10.1016_j.cell.2021.04.038_26e3dc6d2f		TUMOR-SPECIFIC MACROPHAGE	TUMOR SPECIFIC MACROPHAGE	3	0	0.0	0		
LLMarkers	llmarkers|hca|0402_10.1016_j.cell.2021.04.038_26e3dc6d2f	llmarkers|hca|0402_10.1016_j.cell.2021.04.038_26e3dc6d2f	hca:0402_10.1016_j.cell.2021.04.038_26e3dc6d2f		TUMOR-SPECIFIC MACROPHAGE SUBPOPULATION	TUMOR SPECIFIC MACROPHAGE SUBPOPULATION	3	0	0.0	0		
LLMarkers	llmarkers|hca|0403_10.1038_s41467-019-11036-9_eff650140f	llmarkers|hca|0403_10.1038_s41467-019-11036-9_eff650140f	hca:0403_10.1038_s41467-019-11036-9_eff650140f		CL14	CL 14	3	3	1.0	0		
LLMarkers	llmarkers|hca|0403_10.1038_s41467-019-11036-9_eff650140f	llmarkers|hca|0403_10.1038_s41467-019-11036-9_eff650140f	hca:0403_10.1038_s41467-019-11036-9_eff650140f		CL7	CL 7	3	3	1.0	0		
LLMarkers	llmarkers|hca|0403_10.1038_s41467-019-11036-9_eff650140f	llmarkers|hca|0403_10.1038_s41467-019-11036-9_eff650140f	hca:0403_10.1038_s41467-019-11036-9_eff650140f		CUMULUS GC	CUMULUS GC	6	6	1.0	0		
LLMarkers	llmarkers|hca|0403_10.1038_s41467-019-11036-9_eff650140f	llmarkers|hca|0403_10.1038_s41467-019-11036-9_eff650140f	hca:0403_10.1038_s41467-019-11036-9_eff650140f		ENDOTHELIAL CELL	ENDOTHELIAL CELL	7	7	1.0	27	1.0	1.0
LLMarkers	llmarkers|hca|0403_10.1038_s41467-019-11036-9_eff650140f	llmarkers|hca|0403_10.1038_s41467-019-11036-9_eff650140f	hca:0403_10.1038_s41467-019-11036-9_eff650140f		GC	GC	14	14	1.0	1	0.0	0.0
LLMarkers	llmarkers|hca|0403_10.1038_s41467-019-11036-9_eff650140f	llmarkers|hca|0403_10.1038_s41467-019-11036-9_eff650140f	hca:0403_10.1038_s41467-019-11036-9_eff650140f		INNATE IMMUNE CELL	INNATE IMMUNE CELL	3	3	1.0	0		
LLMarkers	llmarkers|hca|0403_10.1038_s41467-019-11036-9_eff650140f	llmarkers|hca|0403_10.1038_s41467-019-11036-9_eff650140f	hca:0403_10.1038_s41467-019-11036-9_eff650140f		MURAL GC	MURAL GC	5	3	0.6	0		
LLMarkers	llmarkers|hca|0403_10.1038_s41467-019-11036-9_eff650140f	llmarkers|hca|0403_10.1038_s41467-019-11036-9_eff650140f	hca:0403_10.1038_s41467-019-11036-9_eff650140f		NK CELL	NK CELL	4	0	0.0	15	0.25	
LLMarkers	llmarkers|hca|0403_10.1038_s41467-019-11036-9_eff650140f	llmarkers|hca|0403_10.1038_s41467-019-11036-9_eff650140f	hca:0403_10.1038_s41467-019-11036-9_eff650140f		PGC	PGC	4	2	0.5	1	0.0	0.0
LLMarkers	llmarkers|hca|0403_10.1038_s41467-019-11036-9_eff650140f	llmarkers|hca|0403_10.1038_s41467-019-11036-9_eff650140f	hca:0403_10.1038_s41467-019-11036-9_eff650140f		STROMA	STROMA	3	0	0.0	0		
LLMarkers	llmarkers|hca|0403_10.1038_s41467-019-11036-9_eff650140f	llmarkers|hca|0403_10.1038_s41467-019-11036-9_eff650140f	hca:0403_10.1038_s41467-019-11036-9_eff650140f		T LYMPHOCYTE	T LYMPHOCYTE	4	0	0.0	1	0.0	
LLMarkers	llmarkers|hca|0403_10.1038_s41467-019-11036-9_eff650140f	llmarkers|hca|0403_10.1038_s41467-019-11036-9_eff650140f	hca:0403_10.1038_s41467-019-11036-9_eff650140f		TC	TC	13	10	0.7692307692307693	3	0.0	0.0
LLMarkers	llmarkers|hca|0404_10.1038_s41586-022-04918-4_6a15fd8ba2	llmarkers|hca|0404_10.1038_s41586-022-04918-4_6a15fd8ba2	hca:0404_10.1038_s41586-022-04918-4_6a15fd8ba2		DEVELOPING GRANULOSA CELLS	DEVELOPING GRANULOSA CELLS	5	5	1.0	0		
LLMarkers	llmarkers|hca|0404_10.1038_s41586-022-04918-4_6a15fd8ba2	llmarkers|hca|0404_10.1038_s41586-022-04918-4_6a15fd8ba2	hca:0404_10.1038_s41586-022-04918-4_6a15fd8ba2		EARLY SOMATIC CELL	EARLY SOMATIC CELL	3	2	0.6666666666666666	0		
LLMarkers	llmarkers|hca|0404_10.1038_s41586-022-04918-4_6a15fd8ba2	llmarkers|hca|0404_10.1038_s41586-022-04918-4_6a15fd8ba2	hca:0404_10.1038_s41586-022-04918-4_6a15fd8ba2		ESGCS	ESGCS	6	4	0.6666666666666666	0		
LLMarkers	llmarkers|hca|0404_10.1038_s41586-022-04918-4_6a15fd8ba2	llmarkers|hca|0404_10.1038_s41586-022-04918-4_6a15fd8ba2	hca:0404_10.1038_s41586-022-04918-4_6a15fd8ba2		OOGONIA	OOGONIA	4	4	1.0	0		
LLMarkers	llmarkers|hca|0404_10.1038_s41586-022-04918-4_6a15fd8ba2	llmarkers|hca|0404_10.1038_s41586-022-04918-4_6a15fd8ba2	hca:0404_10.1038_s41586-022-04918-4_6a15fd8ba2		OSE	OSE	3	3	1.0	0		
LLMarkers	llmarkers|hca|0404_10.1038_s41586-022-04918-4_6a15fd8ba2	llmarkers|hca|0404_10.1038_s41586-022-04918-4_6a15fd8ba2	hca:0404_10.1038_s41586-022-04918-4_6a15fd8ba2		PREGC-IIB	PREGC IIB	6	5	0.8333333333333334	0		
LLMarkers	llmarkers|hca|0404_10.1038_s41586-022-04918-4_6a15fd8ba2	llmarkers|hca|0404_10.1038_s41586-022-04918-4_6a15fd8ba2	hca:0404_10.1038_s41586-022-04918-4_6a15fd8ba2		PRESPERMATOGONIA	PRESPERMATOGONIA	4	4	1.0	0		
LLMarkers	llmarkers|hca|0404_10.1038_s41586-022-04918-4_6a15fd8ba2	llmarkers|hca|0404_10.1038_s41586-022-04918-4_6a15fd8ba2	hca:0404_10.1038_s41586-022-04918-4_6a15fd8ba2		SIGLEC15+ FTMS	SIGLEC 15 FTMS	3	3	1.0	0		
LLMarkers	llmarkers|hca|0405_10.1016_j.ccell.2021.03.007_50f32173d6	llmarkers|hca|0405_10.1016_j.ccell.2021.03.007_50f32173d6	hca:0405_10.1016_j.ccell.2021.03.007_50f32173d6		CD4 + EFFECTOR	CD 4 EFFECTOR	3	3	1.0	0		
LLMarkers	llmarkers|hca|0405_10.1016_j.ccell.2021.03.007_50f32173d6	llmarkers|hca|0405_10.1016_j.ccell.2021.03.007_50f32173d6	hca:0405_10.1016_j.ccell.2021.03.007_50f32173d6		CD4 + NAÏVE	CD 4 NAIVE	3	3	1.0	1	0.0	0.0
LLMarkers	llmarkers|hca|0405_10.1016_j.ccell.2021.03.007_50f32173d6	llmarkers|hca|0405_10.1016_j.ccell.2021.03.007_50f32173d6	hca:0405_10.1016_j.ccell.2021.03.007_50f32173d6		CD4 + TREG	CD 4 TREG	4	4	1.0	2	0.25	0.25
LLMarkers	llmarkers|hca|0405_10.1016_j.ccell.2021.03.007_50f32173d6	llmarkers|hca|0405_10.1016_j.ccell.2021.03.007_50f32173d6	hca:0405_10.1016_j.ccell.2021.03.007_50f32173d6		CD8A + EXHAUSTED	CD 8 A EXHAUSTED	4	2	0.5	0		
LLMarkers	llmarkers|hca|0405_10.1016_j.ccell.2021.03.007_50f32173d6	llmarkers|hca|0405_10.1016_j.ccell.2021.03.007_50f32173d6	hca:0405_10.1016_j.ccell.2021.03.007_50f32173d6		CD8A + EXHAUSTED IMMEDIATE EARLY GENES (IEG)	CD 8 A EXHAUSTED IMMEDIATE EARLY GENES IEG	6	6	1.0	0		
LLMarkers	llmarkers|hca|0405_10.1016_j.ccell.2021.03.007_50f32173d6	llmarkers|hca|0405_10.1016_j.ccell.2021.03.007_50f32173d6	hca:0405_10.1016_j.ccell.2021.03.007_50f32173d6		CD8A + PROLIFERATING	CD 8 A PROLIFERATING	3	3	1.0	0		
LLMarkers	llmarkers|hca|0405_10.1016_j.ccell.2021.03.007_50f32173d6	llmarkers|hca|0405_10.1016_j.ccell.2021.03.007_50f32173d6	hca:0405_10.1016_j.ccell.2021.03.007_50f32173d6		CD8A + TISSUE-RESIDENT	CD 8 A TISSUE RESIDENT	4	2	0.5	0		
LLMarkers	llmarkers|hca|0405_10.1016_j.ccell.2021.03.007_50f32173d6	llmarkers|hca|0405_10.1016_j.ccell.2021.03.007_50f32173d6	hca:0405_10.1016_j.ccell.2021.03.007_50f32173d6		NK-LIKE T CELL	NK LIKE T CELL	5	5	1.0	0		
LLMarkers	llmarkers|hca|0405_10.1016_j.ccell.2021.03.007_50f32173d6	llmarkers|hca|0405_10.1016_j.ccell.2021.03.007_50f32173d6	hca:0405_10.1016_j.ccell.2021.03.007_50f32173d6		TAM HLA HI	TAM HLA HI	3	3	1.0	0		
LLMarkers	llmarkers|hca|0405_10.1016_j.ccell.2021.03.007_50f32173d6	llmarkers|hca|0405_10.1016_j.ccell.2021.03.007_50f32173d6	hca:0405_10.1016_j.ccell.2021.03.007_50f32173d6		TAM HLA INT	TAM HLA INT	5	5	1.0	0		
LLMarkers	llmarkers|hca|0405_10.1016_j.ccell.2021.03.007_50f32173d6	llmarkers|hca|0405_10.1016_j.ccell.2021.03.007_50f32173d6	hca:0405_10.1016_j.ccell.2021.03.007_50f32173d6		TAM ISG HI	TAM ISG HI	6	0	0.0	0		
LLMarkers	llmarkers|hca|0405_10.1016_j.ccell.2021.03.007_50f32173d6	llmarkers|hca|0405_10.1016_j.ccell.2021.03.007_50f32173d6	hca:0405_10.1016_j.ccell.2021.03.007_50f32173d6		TAM ISG INT	TAM ISG INT	6	0	0.0	0		
LLMarkers	llmarkers|hca|0406_10.1093_brain_awab446_1c9ee67691	llmarkers|hca|0406_10.1093_brain_awab446_1c9ee67691	hca:0406_10.1093_brain_awab446_1c9ee67691		ASTROCYTE	ASTROCYTE	3	3	1.0	7	1.0	1.0
LLMarkers	llmarkers|hca|0406_10.1093_brain_awab446_1c9ee67691	llmarkers|hca|0406_10.1093_brain_awab446_1c9ee67691	hca:0406_10.1093_brain_awab446_1c9ee67691		CADPS2 HIGH	CADPS 2 HIGH	4	4	1.0	0		
LLMarkers	llmarkers|hca|0406_10.1093_brain_awab446_1c9ee67691	llmarkers|hca|0406_10.1093_brain_awab446_1c9ee67691	hca:0406_10.1093_brain_awab446_1c9ee67691		MICROGLIA	MICROGLIA	7	7	1.0	17	0.7142857142857143	0.7142857142857143
LLMarkers	llmarkers|hca|0406_10.1093_brain_awab446_1c9ee67691	llmarkers|hca|0406_10.1093_brain_awab446_1c9ee67691	hca:0406_10.1093_brain_awab446_1c9ee67691		OLIGODENDROCYTE	OLIGODENDROCYTE	3	3	1.0	6	0.6666666666666666	0.6666666666666666
LLMarkers	llmarkers|hca|0407_10.1093_humrep_deac183_7b0f560d74	llmarkers|hca|0407_10.1093_humrep_deac183_7b0f560d74	hca:0407_10.1093_humrep_deac183_7b0f560d74		ENDOTHELIAL CELL	ENDOTHELIAL CELL	3	3	1.0	27	0.6666666666666666	0.6666666666666666
LLMarkers	llmarkers|hca|0407_10.1093_humrep_deac183_7b0f560d74	llmarkers|hca|0407_10.1093_humrep_deac183_7b0f560d74	hca:0407_10.1093_humrep_deac183_7b0f560d74		FIBRO CLUSTER 0	FIBRO CLUSTER 0	6	4	0.6666666666666666	0		
LLMarkers	llmarkers|hca|0407_10.1093_humrep_deac183_7b0f560d74	llmarkers|hca|0407_10.1093_humrep_deac183_7b0f560d74	hca:0407_10.1093_humrep_deac183_7b0f560d74		FIBROBLAST CELL	FIBROBLAST CELL	10	9	0.9	0		
LLMarkers	llmarkers|hca|0407_10.1093_humrep_deac183_7b0f560d74	llmarkers|hca|0407_10.1093_humrep_deac183_7b0f560d74	hca:0407_10.1093_humrep_deac183_7b0f560d74		IMMUNE CELL	IMMUNE CELL	8	8	1.0	6	0.0	0.0
LLMarkers	llmarkers|hca|0407_10.1093_humrep_deac183_7b0f560d74	llmarkers|hca|0407_10.1093_humrep_deac183_7b0f560d74	hca:0407_10.1093_humrep_deac183_7b0f560d74		SMCS	SMCS	6	5	0.8333333333333334	3	0.3333333333333333	0.2
LLMarkers	llmarkers|hca|0410_10.3389_fcell.2021.820274_b0973e038f	llmarkers|hca|0410_10.3389_fcell.2021.820274_b0973e038f	hca:0410_10.3389_fcell.2021.820274_b0973e038f		B CELL	B CELL	3	3	1.0	29	0.6666666666666666	0.6666666666666666
LLMarkers	llmarkers|hca|0410_10.3389_fcell.2021.820274_b0973e038f	llmarkers|hca|0410_10.3389_fcell.2021.820274_b0973e038f	hca:0410_10.3389_fcell.2021.820274_b0973e038f		BASAL/STROMAL CELL	BASAL STROMAL CELL	3	1	0.3333333333333333	0		
LLMarkers	llmarkers|hca|0410_10.3389_fcell.2021.820274_b0973e038f	llmarkers|hca|0410_10.3389_fcell.2021.820274_b0973e038f	hca:0410_10.3389_fcell.2021.820274_b0973e038f		BS1	BS 1	4	4	1.0	0		
LLMarkers	llmarkers|hca|0410_10.3389_fcell.2021.820274_b0973e038f	llmarkers|hca|0410_10.3389_fcell.2021.820274_b0973e038f	hca:0410_10.3389_fcell.2021.820274_b0973e038f		BS2	BS 2	5	3	0.6	0		
LLMarkers	llmarkers|hca|0410_10.3389_fcell.2021.820274_b0973e038f	llmarkers|hca|0410_10.3389_fcell.2021.820274_b0973e038f	hca:0410_10.3389_fcell.2021.820274_b0973e038f		ED1	ED 1	3	3	1.0	0		
LLMarkers	llmarkers|hca|0410_10.3389_fcell.2021.820274_b0973e038f	llmarkers|hca|0410_10.3389_fcell.2021.820274_b0973e038f	hca:0410_10.3389_fcell.2021.820274_b0973e038f		ED7	ED 7	5	2	0.4	0		
LLMarkers	llmarkers|hca|0410_10.3389_fcell.2021.820274_b0973e038f	llmarkers|hca|0410_10.3389_fcell.2021.820274_b0973e038f	hca:0410_10.3389_fcell.2021.820274_b0973e038f		ENDOTHELIAL CELL	ENDOTHELIAL CELL	3	3	1.0	27	1.0	1.0
LLMarkers	llmarkers|hca|0410_10.3389_fcell.2021.820274_b0973e038f	llmarkers|hca|0410_10.3389_fcell.2021.820274_b0973e038f	hca:0410_10.3389_fcell.2021.820274_b0973e038f		EP2	EP 2	3	3	1.0	0		
LLMarkers	llmarkers|hca|0410_10.3389_fcell.2021.820274_b0973e038f	llmarkers|hca|0410_10.3389_fcell.2021.820274_b0973e038f	hca:0410_10.3389_fcell.2021.820274_b0973e038f		EPITHELIAL CELL	EPITHELIAL CELL	3	3	1.0	6	0.3333333333333333	0.3333333333333333
LLMarkers	llmarkers|hca|0410_10.3389_fcell.2021.820274_b0973e038f	llmarkers|hca|0410_10.3389_fcell.2021.820274_b0973e038f	hca:0410_10.3389_fcell.2021.820274_b0973e038f		MAST CELL	MAST CELL	4	4	1.0	14	1.0	1.0
LLMarkers	llmarkers|hca|0410_10.3389_fcell.2021.820274_b0973e038f	llmarkers|hca|0410_10.3389_fcell.2021.820274_b0973e038f	hca:0410_10.3389_fcell.2021.820274_b0973e038f		OSTEO-LIKE CELL	OSTEO LIKE CELL	4	4	1.0	0		
LLMarkers	llmarkers|hca|0410_10.3389_fcell.2021.820274_b0973e038f	llmarkers|hca|0410_10.3389_fcell.2021.820274_b0973e038f	hca:0410_10.3389_fcell.2021.820274_b0973e038f		T CELL	T CELL	3	3	1.0	37	1.0	1.0
LLMarkers	llmarkers|hca|0412_10.1038_s41598-019-57110-6_5feef6086a	llmarkers|hca|0412_10.1038_s41598-019-57110-6_5feef6086a	hca:0412_10.1038_s41598-019-57110-6_5feef6086a		PCV ENDOTHELIAL CELL	PCV ENDOTHELIAL CELL	3	3	1.0	0		
LLMarkers	llmarkers|hca|0412_10.1038_s41598-019-57110-6_5feef6086a	llmarkers|hca|0412_10.1038_s41598-019-57110-6_5feef6086a	hca:0412_10.1038_s41598-019-57110-6_5feef6086a		SATELLITE CELL	SATELLITE CELL	4	4	1.0	0		
LLMarkers	llmarkers|hca|0414_10.1186_s13059-020-02210-0_30c1533a3e	llmarkers|hca|0414_10.1186_s13059-020-02210-0_30c1533a3e	hca:0414_10.1186_s13059-020-02210-0_30c1533a3e		B CELL	B CELL	5	4	0.8	29	0.6	0.75
LLMarkers	llmarkers|hca|0414_10.1186_s13059-020-02210-0_30c1533a3e	llmarkers|hca|0414_10.1186_s13059-020-02210-0_30c1533a3e	hca:0414_10.1186_s13059-020-02210-0_30c1533a3e		CLASSICAL MONOCYTE	CLASSICAL MONOCYTE	6	5	0.8333333333333334	1	0.0	0.0
LLMarkers	llmarkers|hca|0414_10.1186_s13059-020-02210-0_30c1533a3e	llmarkers|hca|0414_10.1186_s13059-020-02210-0_30c1533a3e	hca:0414_10.1186_s13059-020-02210-0_30c1533a3e		FCN3_LEC	FCN 3 LEC	6	6	1.0	0		
LLMarkers	llmarkers|hca|0414_10.1186_s13059-020-02210-0_30c1533a3e	llmarkers|hca|0414_10.1186_s13059-020-02210-0_30c1533a3e	hca:0414_10.1186_s13059-020-02210-0_30c1533a3e		FIBROBLAST	FIBROBLAST	5	5	1.0	28	1.0	1.0
LLMarkers	llmarkers|hca|0414_10.1186_s13059-020-02210-0_30c1533a3e	llmarkers|hca|0414_10.1186_s13059-020-02210-0_30c1533a3e	hca:0414_10.1186_s13059-020-02210-0_30c1533a3e		FIBSMO CELL	FIBSMO CELL	6	6	1.0	0		
LLMarkers	llmarkers|hca|0414_10.1186_s13059-020-02210-0_30c1533a3e	llmarkers|hca|0414_10.1186_s13059-020-02210-0_30c1533a3e	hca:0414_10.1186_s13059-020-02210-0_30c1533a3e		MACROPHAGE	MACROPHAGE	8	3	0.375	28	0.375	0.6666666666666666
LLMarkers	llmarkers|hca|0414_10.1186_s13059-020-02210-0_30c1533a3e	llmarkers|hca|0414_10.1186_s13059-020-02210-0_30c1533a3e	hca:0414_10.1186_s13059-020-02210-0_30c1533a3e		MONOCYTE	MONOCYTE	4	4	1.0	23	0.5	0.5
LLMarkers	llmarkers|hca|0414_10.1186_s13059-020-02210-0_30c1533a3e	llmarkers|hca|0414_10.1186_s13059-020-02210-0_30c1533a3e	hca:0414_10.1186_s13059-020-02210-0_30c1533a3e		NON-CLASSICAL MONOCYTE	NON CLASSICAL MONOCYTE	6	0	0.0	1	0.0	
LLMarkers	llmarkers|hca|0414_10.1186_s13059-020-02210-0_30c1533a3e	llmarkers|hca|0414_10.1186_s13059-020-02210-0_30c1533a3e	hca:0414_10.1186_s13059-020-02210-0_30c1533a3e		SMALL INTESTINE EPITHELIAL CELL	SMALL INTESTINE EPITHELIAL CELL	6	5	0.8333333333333334	0		
LLMarkers	llmarkers|hca|0414_10.1186_s13059-020-02210-0_30c1533a3e	llmarkers|hca|0414_10.1186_s13059-020-02210-0_30c1533a3e	hca:0414_10.1186_s13059-020-02210-0_30c1533a3e		SMOOTH MUSCLE CELL	SMOOTH MUSCLE CELL	5	5	1.0	8	0.4	0.4
LLMarkers	llmarkers|hca|0414_10.1186_s13059-020-02210-0_30c1533a3e	llmarkers|hca|0414_10.1186_s13059-020-02210-0_30c1533a3e	hca:0414_10.1186_s13059-020-02210-0_30c1533a3e		T EFF	T EFF	3	2	0.6666666666666666	0		
LLMarkers	llmarkers|hca|0414_10.1186_s13059-020-02210-0_30c1533a3e	llmarkers|hca|0414_10.1186_s13059-020-02210-0_30c1533a3e	hca:0414_10.1186_s13059-020-02210-0_30c1533a3e		T N	T N	4	3	0.75	0		
LLMarkers	llmarkers|hca|0414_10.1186_s13059-020-02210-0_30c1533a3e	llmarkers|hca|0414_10.1186_s13059-020-02210-0_30c1533a3e	hca:0414_10.1186_s13059-020-02210-0_30c1533a3e		TUFF CELL	TUFF CELL	3	3	1.0	0		
LLMarkers	llmarkers|hca|0415_10.1038_s41467-020-20358-y_582bbd075a	llmarkers|hca|0415_10.1038_s41467-020-20358-y_582bbd075a	hca:0415_10.1038_s41467-020-20358-y_582bbd075a		SMOOTH MUSCLE CELL	SMOOTH MUSCLE CELL	3	3	1.0	8	0.6666666666666666	0.6666666666666666
LLMarkers	llmarkers|hca|0416_10.1126_science.aat1699_46d73cdfcb	llmarkers|hca|0416_10.1126_science.aat1699_46d73cdfcb	hca:0416_10.1126_science.aat1699_46d73cdfcb		PT1	PT 1	3	3	1.0	2	0.3333333333333333	0.3333333333333333
LLMarkers	llmarkers|hca|0416_10.1126_science.aat1699_46d73cdfcb	llmarkers|hca|0416_10.1126_science.aat1699_46d73cdfcb	hca:0416_10.1126_science.aat1699_46d73cdfcb		TE1	TE 1	3	2	0.6666666666666666	0		
LLMarkers	llmarkers|hca|0416_10.1126_science.aat1699_46d73cdfcb	llmarkers|hca|0416_10.1126_science.aat1699_46d73cdfcb	hca:0416_10.1126_science.aat1699_46d73cdfcb		TE2	TE 2	3	2	0.6666666666666666	0		
LLMarkers	llmarkers|hca|0417_10.1101_gr.212720.116_ba8d2583ab	llmarkers|hca|0417_10.1101_gr.212720.116_ba8d2583ab	hca:0417_10.1101_gr.212720.116_ba8d2583ab		BETA	BETA	5	5	1.0	1	0.0	0.0
LLMarkers	llmarkers|hca|0417_10.1101_gr.212720.116_ba8d2583ab	llmarkers|hca|0417_10.1101_gr.212720.116_ba8d2583ab	hca:0417_10.1101_gr.212720.116_ba8d2583ab		PP/GAMMA	PP GAMMA	4	4	1.0	0		
LLMarkers	llmarkers|hca|0418_10.1038_s42003-020-0922-4_8904851286	llmarkers|hca|0418_10.1038_s42003-020-0922-4_8904851286	hca:0418_10.1038_s42003-020-0922-4_8904851286		DIFFERENTIATED KERATINOCYTE	DIFFERENTIATED KERATINOCYTE	4	4	1.0	0		
LLMarkers	llmarkers|hca|0418_10.1038_s42003-020-0922-4_8904851286	llmarkers|hca|0418_10.1038_s42003-020-0922-4_8904851286	hca:0418_10.1038_s42003-020-0922-4_8904851286		EPIDERMAL STEM CELL	EPIDERMAL STEM CELL	5	5	1.0	0		
LLMarkers	llmarkers|hca|0418_10.1038_s42003-020-0922-4_8904851286	llmarkers|hca|0418_10.1038_s42003-020-0922-4_8904851286	hca:0418_10.1038_s42003-020-0922-4_8904851286		ERYTHROCYTE	ERYTHROCYTE	3	3	1.0	2	1.0	1.0
LLMarkers	llmarkers|hca|0418_10.1038_s42003-020-0922-4_8904851286	llmarkers|hca|0418_10.1038_s42003-020-0922-4_8904851286	hca:0418_10.1038_s42003-020-0922-4_8904851286		FIBROBLAST	FIBROBLAST	5	5	1.0	28	1.0	1.0
LLMarkers	llmarkers|hca|0418_10.1038_s42003-020-0922-4_8904851286	llmarkers|hca|0418_10.1038_s42003-020-0922-4_8904851286	hca:0418_10.1038_s42003-020-0922-4_8904851286		LYMPHATIC ENDOTHELIAL CELL	LYMPHATIC ENDOTHELIAL CELL	3	2	0.6666666666666666	3	0.6666666666666666	1.0
LLMarkers	llmarkers|hca|0418_10.1038_s42003-020-0922-4_8904851286	llmarkers|hca|0418_10.1038_s42003-020-0922-4_8904851286	hca:0418_10.1038_s42003-020-0922-4_8904851286		MACROPHAGES AND DENDRITIC CELLS	MACROPHAGES AND DENDRITIC CELLS	5	5	1.0	0		
LLMarkers	llmarkers|hca|0418_10.1038_s42003-020-0922-4_8904851286	llmarkers|hca|0418_10.1038_s42003-020-0922-4_8904851286	hca:0418_10.1038_s42003-020-0922-4_8904851286		MELANOCYTE	MELANOCYTE	4	4	1.0	6	1.0	1.0
LLMarkers	llmarkers|hca|0418_10.1038_s42003-020-0922-4_8904851286	llmarkers|hca|0418_10.1038_s42003-020-0922-4_8904851286	hca:0418_10.1038_s42003-020-0922-4_8904851286		PAPILLARY FIBROBLAST	PAPILLARY FIBROBLAST	5	5	1.0	0		
LLMarkers	llmarkers|hca|0418_10.1038_s42003-020-0922-4_8904851286	llmarkers|hca|0418_10.1038_s42003-020-0922-4_8904851286	hca:0418_10.1038_s42003-020-0922-4_8904851286		PERICYTE	PERICYTE	3	3	1.0	13	1.0	1.0
LLMarkers	llmarkers|hca|0418_10.1038_s42003-020-0922-4_8904851286	llmarkers|hca|0418_10.1038_s42003-020-0922-4_8904851286	hca:0418_10.1038_s42003-020-0922-4_8904851286		T CELL	T CELL	4	4	1.0	37	1.0	1.0
LLMarkers	llmarkers|hca|0418_10.1038_s42003-020-0922-4_8904851286	llmarkers|hca|0418_10.1038_s42003-020-0922-4_8904851286	hca:0418_10.1038_s42003-020-0922-4_8904851286		VASCULAR ENDOTHELIAL CELL	VASCULAR ENDOTHELIAL CELL	4	3	0.75	1	0.25	0.3333333333333333
LLMarkers	llmarkers|hca|0419_10.1038_s41588-021-00806-1_d66603cd99	llmarkers|hca|0419_10.1038_s41588-021-00806-1_d66603cd99	hca:0419_10.1038_s41588-021-00806-1_d66603cd99		BRIDGE POPULATION	BRIDGE POPULATION	3	3	1.0	0		
LLMarkers	llmarkers|hca|0419_10.1038_s41588-021-00806-1_d66603cd99	llmarkers|hca|0419_10.1038_s41588-021-00806-1_d66603cd99	hca:0419_10.1038_s41588-021-00806-1_d66603cd99		CHROMAFFIN CELL	CHROMAFFIN CELL	8	8	1.0	0		
LLMarkers	llmarkers|hca|0419_10.1038_s41588-021-00806-1_d66603cd99	llmarkers|hca|0419_10.1038_s41588-021-00806-1_d66603cd99	hca:0419_10.1038_s41588-021-00806-1_d66603cd99		NEUROBLAST	NEUROBLAST	15	15	1.0	1	0.0	0.0
LLMarkers	llmarkers|hca|0419_10.1038_s41588-021-00806-1_d66603cd99	llmarkers|hca|0419_10.1038_s41588-021-00806-1_d66603cd99	hca:0419_10.1038_s41588-021-00806-1_d66603cd99		SCP	SCP	4	4	1.0	0		
LLMarkers	llmarkers|hca|0420_10.1111_cas.15979_052ebae233	llmarkers|hca|0420_10.1111_cas.15979_052ebae233	hca:0420_10.1111_cas.15979_052ebae233		CAF	CAF	5	4	0.8	1	0.0	0.0
LLMarkers	llmarkers|hca|0420_10.1111_cas.15979_052ebae233	llmarkers|hca|0420_10.1111_cas.15979_052ebae233	hca:0420_10.1111_cas.15979_052ebae233		CD8+ CYTOTOXIC T CELL	CD 8 CYTOTOXIC T CELL	5	5	1.0	0		
LLMarkers	llmarkers|hca|0420_10.1111_cas.15979_052ebae233	llmarkers|hca|0420_10.1111_cas.15979_052ebae233	hca:0420_10.1111_cas.15979_052ebae233		ELASTIC FIBROBLAST	ELASTIC FIBROBLAST	3	3	1.0	0		
LLMarkers	llmarkers|hca|0420_10.1111_cas.15979_052ebae233	llmarkers|hca|0420_10.1111_cas.15979_052ebae233	hca:0420_10.1111_cas.15979_052ebae233		EXHAUSTED CD8+ T CELL	EXHAUSTED CD 8 T CELL	6	6	1.0	3	0.5	0.5
LLMarkers	llmarkers|hca|0420_10.1111_cas.15979_052ebae233	llmarkers|hca|0420_10.1111_cas.15979_052ebae233	hca:0420_10.1111_cas.15979_052ebae233		GERM‐LIKE EPITHELIAL CELL	GERMLIKE EPITHELIAL CELL	5	5	1.0	0		
LLMarkers	llmarkers|hca|0420_10.1111_cas.15979_052ebae233	llmarkers|hca|0420_10.1111_cas.15979_052ebae233	hca:0420_10.1111_cas.15979_052ebae233		LYMPHATIC ENDOTHELIAL CELL	LYMPHATIC ENDOTHELIAL CELL	3	2	0.6666666666666666	3	0.3333333333333333	0.5
LLMarkers	llmarkers|hca|0420_10.1111_cas.15979_052ebae233	llmarkers|hca|0420_10.1111_cas.15979_052ebae233	hca:0420_10.1111_cas.15979_052ebae233		MACROPHAGE	MACROPHAGE	3	3	1.0	28	1.0	1.0
LLMarkers	llmarkers|hca|0420_10.1111_cas.15979_052ebae233	llmarkers|hca|0420_10.1111_cas.15979_052ebae233	hca:0420_10.1111_cas.15979_052ebae233		MEMORY B CELL	MEMORY B CELL	3	3	1.0	4	1.0	1.0
LLMarkers	llmarkers|hca|0420_10.1111_cas.15979_052ebae233	llmarkers|hca|0420_10.1111_cas.15979_052ebae233	hca:0420_10.1111_cas.15979_052ebae233		VENOUS ENDOTHELIAL CELL	VENOUS ENDOTHELIAL CELL	3	3	1.0	0		
LLMarkers	llmarkers|hca|0421_10.1101_2022.02.14.480397_c10e165496	llmarkers|hca|0421_10.1101_2022.02.14.480397_c10e165496	hca:0421_10.1101_2022.02.14.480397_c10e165496		ASTROCYTE	ASTROCYTE	8	8	1.0	7	0.25	0.25
LLMarkers	llmarkers|hca|0421_10.1101_2022.02.14.480397_c10e165496	llmarkers|hca|0421_10.1101_2022.02.14.480397_c10e165496	hca:0421_10.1101_2022.02.14.480397_c10e165496		BRAIN-RESIDENT T CELL	BRAIN RESIDENT T CELL	10	4	0.4	0		
LLMarkers	llmarkers|hca|0421_10.1101_2022.02.14.480397_c10e165496	llmarkers|hca|0421_10.1101_2022.02.14.480397_c10e165496	hca:0421_10.1101_2022.02.14.480397_c10e165496		ENDOTHELIAL CELL	ENDOTHELIAL CELL	9	9	1.0	27	0.3333333333333333	0.3333333333333333
LLMarkers	llmarkers|hca|0421_10.1101_2022.02.14.480397_c10e165496	llmarkers|hca|0421_10.1101_2022.02.14.480397_c10e165496	hca:0421_10.1101_2022.02.14.480397_c10e165496		EXCITATORY NEURON	EXCITATORY NEURON	9	9	1.0	4	0.2222222222222222	0.2222222222222222
LLMarkers	llmarkers|hca|0421_10.1101_2022.02.14.480397_c10e165496	llmarkers|hca|0421_10.1101_2022.02.14.480397_c10e165496	hca:0421_10.1101_2022.02.14.480397_c10e165496		EXCITATORY NEURON SUBCLUSTER 1	EXCITATORY NEURON SUBCLUSTER 1	3	3	1.0	0		
LLMarkers	llmarkers|hca|0421_10.1101_2022.02.14.480397_c10e165496	llmarkers|hca|0421_10.1101_2022.02.14.480397_c10e165496	hca:0421_10.1101_2022.02.14.480397_c10e165496		EXCITATORY NEURON SUBCLUSTER 2	EXCITATORY NEURON SUBCLUSTER 2	3	3	1.0	0		
LLMarkers	llmarkers|hca|0421_10.1101_2022.02.14.480397_c10e165496	llmarkers|hca|0421_10.1101_2022.02.14.480397_c10e165496	hca:0421_10.1101_2022.02.14.480397_c10e165496		EXCITATORY NEURON SUBCLUSTER 3	EXCITATORY NEURON SUBCLUSTER 3	3	3	1.0	0		
LLMarkers	llmarkers|hca|0421_10.1101_2022.02.14.480397_c10e165496	llmarkers|hca|0421_10.1101_2022.02.14.480397_c10e165496	hca:0421_10.1101_2022.02.14.480397_c10e165496		INHIBITORY NEURON SUBCLUSTER 1	INHIBITORY NEURON SUBCLUSTER 1	3	3	1.0	0		
LLMarkers	llmarkers|hca|0421_10.1101_2022.02.14.480397_c10e165496	llmarkers|hca|0421_10.1101_2022.02.14.480397_c10e165496	hca:0421_10.1101_2022.02.14.480397_c10e165496		INHIBITORY NEURON SUBCLUSTER 2	INHIBITORY NEURON SUBCLUSTER 2	3	3	1.0	0		
LLMarkers	llmarkers|hca|0421_10.1101_2022.02.14.480397_c10e165496	llmarkers|hca|0421_10.1101_2022.02.14.480397_c10e165496	hca:0421_10.1101_2022.02.14.480397_c10e165496		INHIBITORY NEURON SUBCLUSTER 3	INHIBITORY NEURON SUBCLUSTER 3	3	3	1.0	0		
LLMarkers	llmarkers|hca|0421_10.1101_2022.02.14.480397_c10e165496	llmarkers|hca|0421_10.1101_2022.02.14.480397_c10e165496	hca:0421_10.1101_2022.02.14.480397_c10e165496		MICROGLIA	MICROGLIA	17	17	1.0	17	0.23529411764705882	0.23529411764705882
LLMarkers	llmarkers|hca|0421_10.1101_2022.02.14.480397_c10e165496	llmarkers|hca|0421_10.1101_2022.02.14.480397_c10e165496	hca:0421_10.1101_2022.02.14.480397_c10e165496		OLIGODENDROCYTE	OLIGODENDROCYTE	6	6	1.0	6	0.3333333333333333	0.3333333333333333
LLMarkers	llmarkers|hca|0421_10.1101_2022.02.14.480397_c10e165496	llmarkers|hca|0421_10.1101_2022.02.14.480397_c10e165496	hca:0421_10.1101_2022.02.14.480397_c10e165496		OLIGODENDROCYTE PRECURSOR CELL	OLIGODENDROCYTE PRECURSOR CELL	4	4	1.0	0		
LLMarkers	llmarkers|hca|0421_10.1101_2022.02.14.480397_c10e165496	llmarkers|hca|0421_10.1101_2022.02.14.480397_c10e165496	hca:0421_10.1101_2022.02.14.480397_c10e165496		T CELL	T CELL	6	0	0.0	37	0.5	
LLMarkers	llmarkers|hca|0422_10.1038_s41591-020-1040-z_d966e12866	llmarkers|hca|0422_10.1038_s41591-020-1040-z_d966e12866	hca:0422_10.1038_s41591-020-1040-z_d966e12866		LYMPHOCYTE	LYMPHOCYTE	5	4	0.8	4	0.0	0.0
LLMarkers	llmarkers|hca|0422_10.1038_s41591-020-1040-z_d966e12866	llmarkers|hca|0422_10.1038_s41591-020-1040-z_d966e12866	hca:0422_10.1038_s41591-020-1040-z_d966e12866		SMOOTH MUSCLE CELL	SMOOTH MUSCLE CELL	3	3	1.0	8	0.0	0.0
LLMarkers	llmarkers|hca|0422_10.1038_s41591-020-1040-z_d966e12866	llmarkers|hca|0422_10.1038_s41591-020-1040-z_d966e12866	hca:0422_10.1038_s41591-020-1040-z_d966e12866		STROMAL FIBROBLAST	STROMAL FIBROBLAST	11	11	1.0	0		
LLMarkers	llmarkers|hca|0422_10.1038_s41591-020-1040-z_d966e12866	llmarkers|hca|0422_10.1038_s41591-020-1040-z_d966e12866	hca:0422_10.1038_s41591-020-1040-z_d966e12866		UNCILIATED EPITHELIA	UNCILIATED EPITHELIA	20	19	0.95	0		
LLMarkers	llmarkers|hca|0423_10.1038_s41467-019-12780-8_0da964452a	llmarkers|hca|0423_10.1038_s41467-019-12780-8_0da964452a	hca:0423_10.1038_s41467-019-12780-8_0da964452a		ASTROCYTE	ASTROCYTE	6	3	0.5	7	0.5	0.6666666666666666
LLMarkers	llmarkers|hca|0423_10.1038_s41467-019-12780-8_0da964452a	llmarkers|hca|0423_10.1038_s41467-019-12780-8_0da964452a	hca:0423_10.1038_s41467-019-12780-8_0da964452a		BIPOLAR CELL	BIPOLAR CELL	4	4	1.0	3	0.5	0.5
LLMarkers	llmarkers|hca|0423_10.1038_s41467-019-12780-8_0da964452a	llmarkers|hca|0423_10.1038_s41467-019-12780-8_0da964452a	hca:0423_10.1038_s41467-019-12780-8_0da964452a		CONE PHOTORECEPTOR	CONE PHOTORECEPTOR	4	4	1.0	2	0.5	0.5
LLMarkers	llmarkers|hca|0423_10.1038_s41467-019-12780-8_0da964452a	llmarkers|hca|0423_10.1038_s41467-019-12780-8_0da964452a	hca:0423_10.1038_s41467-019-12780-8_0da964452a		HORIZONTAL CELL	HORIZONTAL CELL	3	3	1.0	1	0.6666666666666666	0.6666666666666666
LLMarkers	llmarkers|hca|0423_10.1038_s41467-019-12780-8_0da964452a	llmarkers|hca|0423_10.1038_s41467-019-12780-8_0da964452a	hca:0423_10.1038_s41467-019-12780-8_0da964452a		MICROGLIA	MICROGLIA	4	4	1.0	17	1.0	1.0
LLMarkers	llmarkers|hca|0423_10.1038_s41467-019-12780-8_0da964452a	llmarkers|hca|0423_10.1038_s41467-019-12780-8_0da964452a	hca:0423_10.1038_s41467-019-12780-8_0da964452a		MÜLLER GLIA	MULLER GLIA	9	6	0.6666666666666666	3	0.3333333333333333	0.16666666666666666
LLMarkers	llmarkers|hca|0423_10.1038_s41467-019-12780-8_0da964452a	llmarkers|hca|0423_10.1038_s41467-019-12780-8_0da964452a	hca:0423_10.1038_s41467-019-12780-8_0da964452a		ROD PHOTORECEPTOR	ROD PHOTORECEPTOR	3	3	1.0	1	0.3333333333333333	0.3333333333333333
LLMarkers	llmarkers|hca|0425_10.1038_s41598-017-05266-4_54c44ec7e0	llmarkers|hca|0425_10.1038_s41598-017-05266-4_54c44ec7e0	hca:0425_10.1038_s41598-017-05266-4_54c44ec7e0		Α-CELL	CELL	26	26	1.0	17	0.23076923076923078	0.23076923076923078
LLMarkers	llmarkers|hca|0425_10.1038_s41598-017-05266-4_54c44ec7e0	llmarkers|hca|0425_10.1038_s41598-017-05266-4_54c44ec7e0	hca:0425_10.1038_s41598-017-05266-4_54c44ec7e0		Β-CELL	CELL	20	20	1.0	17	0.25	0.25
LLMarkers	llmarkers|hca|0426_10.1038_s41467-019-12464-3_0f8440336d	llmarkers|hca|0426_10.1038_s41467-019-12464-3_0f8440336d	hca:0426_10.1038_s41467-019-12464-3_0f8440336d		ACTIVATED TRM/TEM CLUSTER	ACTIVATED TRM TEM CLUSTER	3	0	0.0	0		
LLMarkers	llmarkers|hca|0426_10.1038_s41467-019-12464-3_0f8440336d	llmarkers|hca|0426_10.1038_s41467-019-12464-3_0f8440336d	hca:0426_10.1038_s41467-019-12464-3_0f8440336d		ACTIVATION-ASSOCIATED CLUSTER	ACTIVATION ASSOCIATED CLUSTER	3	1	0.3333333333333333	0		
LLMarkers	llmarkers|hca|0426_10.1038_s41467-019-12464-3_0f8440336d	llmarkers|hca|0426_10.1038_s41467-019-12464-3_0f8440336d	hca:0426_10.1038_s41467-019-12464-3_0f8440336d		CD4 + NAIVE/CENTRAL MEMORY (NV/CM)	CD 4 NAIVE CENTRAL MEMORY NV CM	3	2	0.6666666666666666	0		
LLMarkers	llmarkers|hca|0426_10.1038_s41467-019-12464-3_0f8440336d	llmarkers|hca|0426_10.1038_s41467-019-12464-3_0f8440336d	hca:0426_10.1038_s41467-019-12464-3_0f8440336d		CYTOKINE	CYTOKINE	10	6	0.6	0		
LLMarkers	llmarkers|hca|0426_10.1038_s41467-019-12464-3_0f8440336d	llmarkers|hca|0426_10.1038_s41467-019-12464-3_0f8440336d	hca:0426_10.1038_s41467-019-12464-3_0f8440336d		CYTOTOXIC	CYTOTOXIC	5	4	0.8	2	0.2	0.25
LLMarkers	llmarkers|hca|0426_10.1038_s41467-019-12464-3_0f8440336d	llmarkers|hca|0426_10.1038_s41467-019-12464-3_0f8440336d	hca:0426_10.1038_s41467-019-12464-3_0f8440336d		INTERFERON (IFN) RESPONSE	INTERFERON IFN RESPONSE	6	6	1.0	0		
LLMarkers	llmarkers|hca|0426_10.1038_s41467-019-12464-3_0f8440336d	llmarkers|hca|0426_10.1038_s41467-019-12464-3_0f8440336d	hca:0426_10.1038_s41467-019-12464-3_0f8440336d		NAIVE OR TCM CELL	NAIVE OR TCM CELL	3	2	0.6666666666666666	0		
LLMarkers	llmarkers|hca|0426_10.1038_s41467-019-12464-3_0f8440336d	llmarkers|hca|0426_10.1038_s41467-019-12464-3_0f8440336d	hca:0426_10.1038_s41467-019-12464-3_0f8440336d		PROLIFERATION	PROLIFERATION	5	4	0.8	0		
LLMarkers	llmarkers|hca|0426_10.1038_s41467-019-12464-3_0f8440336d	llmarkers|hca|0426_10.1038_s41467-019-12464-3_0f8440336d	hca:0426_10.1038_s41467-019-12464-3_0f8440336d		REGULATORY T CELL (TREG)	REGULATORY T CELL TREG	3	1	0.3333333333333333	0		
LLMarkers	llmarkers|hca|0426_10.1038_s41467-019-12464-3_0f8440336d	llmarkers|hca|0426_10.1038_s41467-019-12464-3_0f8440336d	hca:0426_10.1038_s41467-019-12464-3_0f8440336d		TEM/TRM-LIKE CLUSTER	TEM TRM LIKE CLUSTER	5	4	0.8	0		
LLMarkers	llmarkers|hca|0426_10.1038_s41467-019-12464-3_0f8440336d	llmarkers|hca|0426_10.1038_s41467-019-12464-3_0f8440336d	hca:0426_10.1038_s41467-019-12464-3_0f8440336d		TREG	TREG	4	2	0.5	14	0.75	0.5
LLMarkers	llmarkers|hca|0427_10.7150_ijbs.58886_44183be8e8	llmarkers|hca|0427_10.7150_ijbs.58886_44183be8e8	hca:0427_10.7150_ijbs.58886_44183be8e8		ACINAR CELL	ACINAR CELL	4	4	1.0	6	1.0	1.0
LLMarkers	llmarkers|hca|0427_10.7150_ijbs.58886_44183be8e8	llmarkers|hca|0427_10.7150_ijbs.58886_44183be8e8	hca:0427_10.7150_ijbs.58886_44183be8e8		C1	C 1	6	3	0.5	5	0.0	0.0
LLMarkers	llmarkers|hca|0427_10.7150_ijbs.58886_44183be8e8	llmarkers|hca|0427_10.7150_ijbs.58886_44183be8e8	hca:0427_10.7150_ijbs.58886_44183be8e8		C2	C 2	3	3	1.0	3	0.0	0.0
LLMarkers	llmarkers|hca|0427_10.7150_ijbs.58886_44183be8e8	llmarkers|hca|0427_10.7150_ijbs.58886_44183be8e8	hca:0427_10.7150_ijbs.58886_44183be8e8		C3	C 3	5	5	1.0	3	0.0	0.0
LLMarkers	llmarkers|hca|0427_10.7150_ijbs.58886_44183be8e8	llmarkers|hca|0427_10.7150_ijbs.58886_44183be8e8	hca:0427_10.7150_ijbs.58886_44183be8e8		C5	C 5	4	4	1.0	2	0.0	0.0
LLMarkers	llmarkers|hca|0427_10.7150_ijbs.58886_44183be8e8	llmarkers|hca|0427_10.7150_ijbs.58886_44183be8e8	hca:0427_10.7150_ijbs.58886_44183be8e8		CANCER CELL	CANCER CELL	10	10	1.0	2	0.1	0.1
LLMarkers	llmarkers|hca|0427_10.7150_ijbs.58886_44183be8e8	llmarkers|hca|0427_10.7150_ijbs.58886_44183be8e8	hca:0427_10.7150_ijbs.58886_44183be8e8		CLUSTER 1	CLUSTER 1	3	0	0.0	13	0.0	
LLMarkers	llmarkers|hca|0427_10.7150_ijbs.58886_44183be8e8	llmarkers|hca|0427_10.7150_ijbs.58886_44183be8e8	hca:0427_10.7150_ijbs.58886_44183be8e8		ENDOTHELIAL CELL	ENDOTHELIAL CELL	3	3	1.0	27	1.0	1.0
LLMarkers	llmarkers|hca|0427_10.7150_ijbs.58886_44183be8e8	llmarkers|hca|0427_10.7150_ijbs.58886_44183be8e8	hca:0427_10.7150_ijbs.58886_44183be8e8		MYELOID CELL	MYELOID CELL	6	6	1.0	9	0.3333333333333333	0.3333333333333333
LLMarkers	llmarkers|hca|0428_10.1073_pnas.1914143116_42027a0378	llmarkers|hca|0428_10.1073_pnas.1914143116_42027a0378	hca:0428_10.1073_pnas.1914143116_42027a0378		ARTERIAL-DERIVED CELL	ARTERIAL DERIVED CELL	3	3	1.0	0		
LLMarkers	llmarkers|hca|0428_10.1073_pnas.1914143116_42027a0378	llmarkers|hca|0428_10.1073_pnas.1914143116_42027a0378	hca:0428_10.1073_pnas.1914143116_42027a0378		CHORIOCAPILLARIS	CHORIOCAPILLARIS	5	2	0.4	0		
LLMarkers	llmarkers|hca|0428_10.1073_pnas.1914143116_42027a0378	llmarkers|hca|0428_10.1073_pnas.1914143116_42027a0378	hca:0428_10.1073_pnas.1914143116_42027a0378		CHORIOCAPILLARIS ENDOTHELIAL CELL	CHORIOCAPILLARIS ENDOTHELIAL CELL	5	1	0.2	0		
LLMarkers	llmarkers|hca|0428_10.1073_pnas.1914143116_42027a0378	llmarkers|hca|0428_10.1073_pnas.1914143116_42027a0378	hca:0428_10.1073_pnas.1914143116_42027a0378		CHOROIDAL ENDOTHELIAL CELL	CHOROIDAL ENDOTHELIAL CELL	5	3	0.6	0		
LLMarkers	llmarkers|hca|0428_10.1073_pnas.1914143116_42027a0378	llmarkers|hca|0428_10.1073_pnas.1914143116_42027a0378	hca:0428_10.1073_pnas.1914143116_42027a0378		ENDOTHELIAL CELL	ENDOTHELIAL CELL	3	3	1.0	27	0.6666666666666666	0.6666666666666666
LLMarkers	llmarkers|hca|0428_10.1073_pnas.1914143116_42027a0378	llmarkers|hca|0428_10.1073_pnas.1914143116_42027a0378	hca:0428_10.1073_pnas.1914143116_42027a0378		MELANOCYTE	MELANOCYTE	4	4	1.0	6	1.0	1.0
LLMarkers	llmarkers|hca|0428_10.1073_pnas.1914143116_42027a0378	llmarkers|hca|0428_10.1073_pnas.1914143116_42027a0378	hca:0428_10.1073_pnas.1914143116_42027a0378		NONMYELINATING SCHWANN CELL	NONMYELINATING SCHWANN CELL	5	5	1.0	0		
LLMarkers	llmarkers|hca|0428_10.1073_pnas.1914143116_42027a0378	llmarkers|hca|0428_10.1073_pnas.1914143116_42027a0378	hca:0428_10.1073_pnas.1914143116_42027a0378		VEIN	VEIN	4	3	0.75	0		
LLMarkers	llmarkers|hca|0430_10.1101_2021.07.06.451312_11ba989c20	llmarkers|hca|0430_10.1101_2021.07.06.451312_11ba989c20	hca:0430_10.1101_2021.07.06.451312_11ba989c20		CAPILLARY	CAPILLARY	5	5	1.0	1	0.0	0.0
LLMarkers	llmarkers|hca|0430_10.1101_2021.07.06.451312_11ba989c20	llmarkers|hca|0430_10.1101_2021.07.06.451312_11ba989c20	hca:0430_10.1101_2021.07.06.451312_11ba989c20		CARDIOMYOCYTE	CARDIOMYOCYTE	7	7	1.0	8	0.7142857142857143	0.7142857142857143
LLMarkers	llmarkers|hca|0430_10.1101_2021.07.06.451312_11ba989c20	llmarkers|hca|0430_10.1101_2021.07.06.451312_11ba989c20	hca:0430_10.1101_2021.07.06.451312_11ba989c20		FIBROBLAST	FIBROBLAST	10	10	1.0	28	0.6	0.6
LLMarkers	llmarkers|hca|0430_10.1101_2021.07.06.451312_11ba989c20	llmarkers|hca|0430_10.1101_2021.07.06.451312_11ba989c20	hca:0430_10.1101_2021.07.06.451312_11ba989c20		FIBROBLAST SUBPOPULATION	FIBROBLAST SUBPOPULATION	5	5	1.0	0		
LLMarkers	llmarkers|hca|0430_10.1101_2021.07.06.451312_11ba989c20	llmarkers|hca|0430_10.1101_2021.07.06.451312_11ba989c20	hca:0430_10.1101_2021.07.06.451312_11ba989c20		LYVE1+ RESIDENT MACROPHAGE	LYVE 1 RESIDENT MACROPHAGE	5	5	1.0	0		
LLMarkers	llmarkers|hca|0431_10.1038_s44161-022-00028-6_b4c8c1227f	llmarkers|hca|0431_10.1038_s44161-022-00028-6_b4c8c1227f	hca:0431_10.1038_s44161-022-00028-6_b4c8c1227f		MAC1	MAC 1	6	5	0.8333333333333334	2	0.16666666666666666	0.2
LLMarkers	llmarkers|hca|0431_10.1038_s44161-022-00028-6_b4c8c1227f	llmarkers|hca|0431_10.1038_s44161-022-00028-6_b4c8c1227f	hca:0431_10.1038_s44161-022-00028-6_b4c8c1227f		MAC2	MAC 2	7	6	0.8571428571428571	4	0.0	0.0
LLMarkers	llmarkers|hca|0432_10.1172_jci.insight.156341_02dc39adcf	llmarkers|hca|0432_10.1172_jci.insight.156341_02dc39adcf	hca:0432_10.1172_jci.insight.156341_02dc39adcf		CLUSTER 11	CLUSTER 11	5	0	0.0	2	0.0	
LLMarkers	llmarkers|hca|0432_10.1172_jci.insight.156341_02dc39adcf	llmarkers|hca|0432_10.1172_jci.insight.156341_02dc39adcf	hca:0432_10.1172_jci.insight.156341_02dc39adcf		CLUSTER 3	CLUSTER 3	4	1	0.25	11	0.25	1.0
LLMarkers	llmarkers|hca|0432_10.1172_jci.insight.156341_02dc39adcf	llmarkers|hca|0432_10.1172_jci.insight.156341_02dc39adcf	hca:0432_10.1172_jci.insight.156341_02dc39adcf		CLUSTER 7	CLUSTER 7	4	0	0.0	4	0.25	
LLMarkers	llmarkers|hca|0432_10.1172_jci.insight.156341_02dc39adcf	llmarkers|hca|0432_10.1172_jci.insight.156341_02dc39adcf	hca:0432_10.1172_jci.insight.156341_02dc39adcf		CLUSTER 9	CLUSTER 9	4	1	0.25	1	0.0	0.0
LLMarkers	llmarkers|hca|0432_10.1172_jci.insight.156341_02dc39adcf	llmarkers|hca|0432_10.1172_jci.insight.156341_02dc39adcf	hca:0432_10.1172_jci.insight.156341_02dc39adcf		ISG-ENRICHED CLUSTER	ISG ENRICHED CLUSTER	5	5	1.0	0		
LLMarkers	llmarkers|hca|0432_10.1172_jci.insight.156341_02dc39adcf	llmarkers|hca|0432_10.1172_jci.insight.156341_02dc39adcf	hca:0432_10.1172_jci.insight.156341_02dc39adcf		LN T CELL	LN T CELL	4	2	0.5	0		
LLMarkers	llmarkers|hca|0432_10.1172_jci.insight.156341_02dc39adcf	llmarkers|hca|0432_10.1172_jci.insight.156341_02dc39adcf	hca:0432_10.1172_jci.insight.156341_02dc39adcf		TPH/TFH	TPH TFH	4	1	0.25	0		
LLMarkers	llmarkers|hca|0432_10.1172_jci.insight.156341_02dc39adcf	llmarkers|hca|0432_10.1172_jci.insight.156341_02dc39adcf	hca:0432_10.1172_jci.insight.156341_02dc39adcf		TPH/TFH CELL	TPH TFH CELL	4	0	0.0	0		
LLMarkers	llmarkers|hca|0432_10.1172_jci.insight.156341_02dc39adcf	llmarkers|hca|0432_10.1172_jci.insight.156341_02dc39adcf	hca:0432_10.1172_jci.insight.156341_02dc39adcf		TPH/TFH CLUSTER	TPH TFH CLUSTER	6	3	0.5	0		
LLMarkers	llmarkers|hca|0432_10.1172_jci.insight.156341_02dc39adcf	llmarkers|hca|0432_10.1172_jci.insight.156341_02dc39adcf	hca:0432_10.1172_jci.insight.156341_02dc39adcf		TREG	TREG	5	3	0.6	14	0.8	0.6666666666666666
LLMarkers	llmarkers|hca|0433_10.15252_embr.201540946_1830154973	llmarkers|hca|0433_10.15252_embr.201540946_1830154973	hca:0433_10.15252_embr.201540946_1830154973		ACINAR CELL	ACINAR CELL	5	5	1.0	6	0.8	0.8
LLMarkers	llmarkers|hca|0433_10.15252_embr.201540946_1830154973	llmarkers|hca|0433_10.15252_embr.201540946_1830154973	hca:0433_10.15252_embr.201540946_1830154973		ALPHA CELL	ALPHA CELL	5	3	0.6	5	0.8	1.0
LLMarkers	llmarkers|hca|0433_10.15252_embr.201540946_1830154973	llmarkers|hca|0433_10.15252_embr.201540946_1830154973	hca:0433_10.15252_embr.201540946_1830154973		BETA CELL	BETA CELL	9	8	0.8888888888888888	9	0.4444444444444444	0.5
LLMarkers	llmarkers|hca|0433_10.15252_embr.201540946_1830154973	llmarkers|hca|0433_10.15252_embr.201540946_1830154973	hca:0433_10.15252_embr.201540946_1830154973		PAN‐ENDOCRINE	PANENDOCRINE	3	3	1.0	0		
LLMarkers	llmarkers|hca|0433_10.15252_embr.201540946_1830154973	llmarkers|hca|0433_10.15252_embr.201540946_1830154973	hca:0433_10.15252_embr.201540946_1830154973		PP CELL	PP CELL	4	3	0.75	1	0.0	0.0
LLMarkers	llmarkers|hca|0436_10.1016_j.jtos.2020.12.004_24ddeb29a4	llmarkers|hca|0436_10.1016_j.jtos.2020.12.004_24ddeb29a4	hca:0436_10.1016_j.jtos.2020.12.004_24ddeb29a4		AMPLIFYING CELL	AMPLIFYING CELL	3	3	1.0	0		
LLMarkers	llmarkers|hca|0436_10.1016_j.jtos.2020.12.004_24ddeb29a4	llmarkers|hca|0436_10.1016_j.jtos.2020.12.004_24ddeb29a4	hca:0436_10.1016_j.jtos.2020.12.004_24ddeb29a4		CONJUNCTIVAL CELL	CONJUNCTIVAL CELL	3	3	1.0	0		
LLMarkers	llmarkers|hca|0436_10.1016_j.jtos.2020.12.004_24ddeb29a4	llmarkers|hca|0436_10.1016_j.jtos.2020.12.004_24ddeb29a4	hca:0436_10.1016_j.jtos.2020.12.004_24ddeb29a4		LIMBAL PROGENITOR CELL	LIMBAL PROGENITOR CELL	4	0	0.0	0		
LLMarkers	llmarkers|hca|0436_10.1016_j.jtos.2020.12.004_24ddeb29a4	llmarkers|hca|0436_10.1016_j.jtos.2020.12.004_24ddeb29a4	hca:0436_10.1016_j.jtos.2020.12.004_24ddeb29a4		LPC	LPC	8	8	1.0	0		
LLMarkers	llmarkers|hca|0436_10.1016_j.jtos.2020.12.004_24ddeb29a4	llmarkers|hca|0436_10.1016_j.jtos.2020.12.004_24ddeb29a4	hca:0436_10.1016_j.jtos.2020.12.004_24ddeb29a4		LSC	LSC	28	24	0.8571428571428571	0		
LLMarkers	llmarkers|hca|0436_10.1016_j.jtos.2020.12.004_24ddeb29a4	llmarkers|hca|0436_10.1016_j.jtos.2020.12.004_24ddeb29a4	hca:0436_10.1016_j.jtos.2020.12.004_24ddeb29a4		MELANOCYTE	MELANOCYTE	3	3	1.0	6	1.0	1.0
LLMarkers	llmarkers|hca|0436_10.1016_j.jtos.2020.12.004_24ddeb29a4	llmarkers|hca|0436_10.1016_j.jtos.2020.12.004_24ddeb29a4	hca:0436_10.1016_j.jtos.2020.12.004_24ddeb29a4		PROGENITOR	PROGENITOR	3	3	1.0	2	0.0	0.0
LLMarkers	llmarkers|hca|0436_10.1016_j.jtos.2020.12.004_24ddeb29a4	llmarkers|hca|0436_10.1016_j.jtos.2020.12.004_24ddeb29a4	hca:0436_10.1016_j.jtos.2020.12.004_24ddeb29a4		TERMINALLY DIFFERENTIATED CELL	TERMINALLY DIFFERENTIATED CELL	6	6	1.0	0		
LLMarkers	llmarkers|hca|0438_10.1016_j.celrep.2023.112086_4947038a16	llmarkers|hca|0438_10.1016_j.celrep.2023.112086_4947038a16	hca:0438_10.1016_j.celrep.2023.112086_4947038a16		CARDIOMYOCYTE	CARDIOMYOCYTE	5	5	1.0	8	0.0	0.0
LLMarkers	llmarkers|hca|0438_10.1016_j.celrep.2023.112086_4947038a16	llmarkers|hca|0438_10.1016_j.celrep.2023.112086_4947038a16	hca:0438_10.1016_j.celrep.2023.112086_4947038a16		EC-ANGIOGENIC	EC ANGIOGENIC	6	4	0.6666666666666666	0		
LLMarkers	llmarkers|hca|0438_10.1016_j.celrep.2023.112086_4947038a16	llmarkers|hca|0438_10.1016_j.celrep.2023.112086_4947038a16	hca:0438_10.1016_j.celrep.2023.112086_4947038a16		EC-KCNIP4	EC KCNIP 4	3	1	0.3333333333333333	0		
LLMarkers	llmarkers|hca|0438_10.1016_j.celrep.2023.112086_4947038a16	llmarkers|hca|0438_10.1016_j.celrep.2023.112086_4947038a16	hca:0438_10.1016_j.celrep.2023.112086_4947038a16		EC-LYMPHATIC	EC LYMPHATIC	3	3	1.0	0		
LLMarkers	llmarkers|hca|0438_10.1016_j.celrep.2023.112086_4947038a16	llmarkers|hca|0438_10.1016_j.celrep.2023.112086_4947038a16	hca:0438_10.1016_j.celrep.2023.112086_4947038a16		FIBROBLAST	FIBROBLAST	8	8	1.0	28	0.0	0.0
LLMarkers	llmarkers|hca|0438_10.1016_j.celrep.2023.112086_4947038a16	llmarkers|hca|0438_10.1016_j.celrep.2023.112086_4947038a16	hca:0438_10.1016_j.celrep.2023.112086_4947038a16		MACROPHAGE	MACROPHAGE	4	4	1.0	28	0.0	0.0
LLMarkers	llmarkers|hca|0439_10.1038_s41586-019-1404-z_d7516e129c	llmarkers|hca|0439_10.1038_s41586-019-1404-z_d7516e129c	hca:0439_10.1038_s41586-019-1404-z_d7516e129c		ASTROCYTE	ASTROCYTE	4	3	0.75	7	0.5	0.3333333333333333
LLMarkers	llmarkers|hca|0439_10.1038_s41586-019-1404-z_d7516e129c	llmarkers|hca|0439_10.1038_s41586-019-1404-z_d7516e129c	hca:0439_10.1038_s41586-019-1404-z_d7516e129c		ASTROCYTES	ASTROCYTES	8	6	0.75	5	0.25	0.16666666666666666
LLMarkers	llmarkers|hca|0439_10.1038_s41586-019-1404-z_d7516e129c	llmarkers|hca|0439_10.1038_s41586-019-1404-z_d7516e129c	hca:0439_10.1038_s41586-019-1404-z_d7516e129c		EN-L2-3	EN L 2 3	24	24	1.0	0		
LLMarkers	llmarkers|hca|0439_10.1038_s41586-019-1404-z_d7516e129c	llmarkers|hca|0439_10.1038_s41586-019-1404-z_d7516e129c	hca:0439_10.1038_s41586-019-1404-z_d7516e129c		INTERNEURON	INTERNEURON	4	4	1.0	3	0.5	0.5
LLMarkers	llmarkers|hca|0439_10.1038_s41586-019-1404-z_d7516e129c	llmarkers|hca|0439_10.1038_s41586-019-1404-z_d7516e129c	hca:0439_10.1038_s41586-019-1404-z_d7516e129c		MICROGLIA	MICROGLIA	12	12	1.0	17	0.4166666666666667	0.4166666666666667
LLMarkers	llmarkers|hca|0439_10.1038_s41586-019-1404-z_d7516e129c	llmarkers|hca|0439_10.1038_s41586-019-1404-z_d7516e129c	hca:0439_10.1038_s41586-019-1404-z_d7516e129c		OL	OL	4	4	1.0	0		
LLMarkers	llmarkers|hca|0439_10.1038_s41586-019-1404-z_d7516e129c	llmarkers|hca|0439_10.1038_s41586-019-1404-z_d7516e129c	hca:0439_10.1038_s41586-019-1404-z_d7516e129c		OLS	OLS	5	4	0.8	0		
LLMarkers	llmarkers|hca|0440_10.1186_s13073-023-01179-2_de903e74e7	llmarkers|hca|0440_10.1186_s13073-023-01179-2_de903e74e7	hca:0440_10.1186_s13073-023-01179-2_de903e74e7		Α-CELL	CELL	5	5	1.0	15	0.6	0.6
LLMarkers	llmarkers|hca|0440_10.1186_s13073-023-01179-2_de903e74e7	llmarkers|hca|0440_10.1186_s13073-023-01179-2_de903e74e7	hca:0440_10.1186_s13073-023-01179-2_de903e74e7		Β-CELL	CELL	7	7	1.0	15	0.2857142857142857	0.2857142857142857
LLMarkers	llmarkers|hca|0440_10.1186_s13073-023-01179-2_de903e74e7	llmarkers|hca|0440_10.1186_s13073-023-01179-2_de903e74e7	hca:0440_10.1186_s13073-023-01179-2_de903e74e7		Γ-CELL	CELL	5	5	1.0	15	0.2	0.2
LLMarkers	llmarkers|hca|0440_10.1186_s13073-023-01179-2_de903e74e7	llmarkers|hca|0440_10.1186_s13073-023-01179-2_de903e74e7	hca:0440_10.1186_s13073-023-01179-2_de903e74e7		Δ-CELL	CELL	5	5	1.0	15	0.2	0.2
LLMarkers	llmarkers|hca|0441_10.1038_s41593-020-0621-y_a3edefca60	llmarkers|hca|0441_10.1038_s41593-020-0621-y_a3edefca60	hca:0441_10.1038_s41593-020-0621-y_a3edefca60		ASTROCYTES	ASTROCYTES	9	9	1.0	5	0.4444444444444444	0.4444444444444444
LLMarkers	llmarkers|hca|0441_10.1038_s41593-020-0621-y_a3edefca60	llmarkers|hca|0441_10.1038_s41593-020-0621-y_a3edefca60	hca:0441_10.1038_s41593-020-0621-y_a3edefca60		EX1	EX 1	4	1	0.25	0		
LLMarkers	llmarkers|hca|0441_10.1038_s41593-020-0621-y_a3edefca60	llmarkers|hca|0441_10.1038_s41593-020-0621-y_a3edefca60	hca:0441_10.1038_s41593-020-0621-y_a3edefca60		EX7	EX 7	8	5	0.625	0		
LLMarkers	llmarkers|hca|0441_10.1038_s41593-020-0621-y_a3edefca60	llmarkers|hca|0441_10.1038_s41593-020-0621-y_a3edefca60	hca:0441_10.1038_s41593-020-0621-y_a3edefca60		EX9	EX 9	3	0	0.0	0		
LLMarkers	llmarkers|hca|0441_10.1038_s41593-020-0621-y_a3edefca60	llmarkers|hca|0441_10.1038_s41593-020-0621-y_a3edefca60	hca:0441_10.1038_s41593-020-0621-y_a3edefca60		EXCITATORY NEURONS	EXCITATORY NEURONS	3	3	1.0	1	0.0	0.0
LLMarkers	llmarkers|hca|0441_10.1038_s41593-020-0621-y_a3edefca60	llmarkers|hca|0441_10.1038_s41593-020-0621-y_a3edefca60	hca:0441_10.1038_s41593-020-0621-y_a3edefca60		INHIBITORY NEURONS	INHIBITORY NEURONS	3	3	1.0	1	0.0	0.0
LLMarkers	llmarkers|hca|0441_10.1038_s41593-020-0621-y_a3edefca60	llmarkers|hca|0441_10.1038_s41593-020-0621-y_a3edefca60	hca:0441_10.1038_s41593-020-0621-y_a3edefca60		NEURONS	NEURONS	3	3	1.0	2	0.0	0.0
LLMarkers	llmarkers|hca|0441_10.1038_s41593-020-0621-y_a3edefca60	llmarkers|hca|0441_10.1038_s41593-020-0621-y_a3edefca60	hca:0441_10.1038_s41593-020-0621-y_a3edefca60		OLIGODENDROCYTES	OLIGODENDROCYTES	5	5	1.0	3	1.0	1.0
LLMarkers	llmarkers|hca|0441_10.1038_s41593-020-0621-y_a3edefca60	llmarkers|hca|0441_10.1038_s41593-020-0621-y_a3edefca60	hca:0441_10.1038_s41593-020-0621-y_a3edefca60		OPC2	OPC 2	3	2	0.6666666666666666	0		
LLMarkers	llmarkers|hca|0441_10.1038_s41593-020-0621-y_a3edefca60	llmarkers|hca|0441_10.1038_s41593-020-0621-y_a3edefca60	hca:0441_10.1038_s41593-020-0621-y_a3edefca60		OPCS	OPCS	6	6	1.0	0		
LLMarkers	llmarkers|hca|0442_10.1038_s41591-024-03011-9_e42f5ec07c	llmarkers|hca|0442_10.1038_s41591-024-03011-9_e42f5ec07c	hca:0442_10.1038_s41591-024-03011-9_e42f5ec07c		BM	BM	5	4	0.8	0		
LLMarkers	llmarkers|hca|0442_10.1038_s41591-024-03011-9_e42f5ec07c	llmarkers|hca|0442_10.1038_s41591-024-03011-9_e42f5ec07c	hca:0442_10.1038_s41591-024-03011-9_e42f5ec07c		ENDOTHELIAL CELLS	ENDOTHELIAL CELLS	5	5	1.0	3	0.0	0.0
LLMarkers	llmarkers|hca|0442_10.1038_s41591-024-03011-9_e42f5ec07c	llmarkers|hca|0442_10.1038_s41591-024-03011-9_e42f5ec07c	hca:0442_10.1038_s41591-024-03011-9_e42f5ec07c		FIBROBLASTS	FIBROBLASTS	4	4	1.0	5	0.0	0.0
LLMarkers	llmarkers|hca|0442_10.1038_s41591-024-03011-9_e42f5ec07c	llmarkers|hca|0442_10.1038_s41591-024-03011-9_e42f5ec07c	hca:0442_10.1038_s41591-024-03011-9_e42f5ec07c		LASP	LASP	9	8	0.8888888888888888	0		
LLMarkers	llmarkers|hca|0442_10.1038_s41591-024-03011-9_e42f5ec07c	llmarkers|hca|0442_10.1038_s41591-024-03011-9_e42f5ec07c	hca:0442_10.1038_s41591-024-03011-9_e42f5ec07c		LHS	LHS	13	13	1.0	0		
LLMarkers	llmarkers|hca|0442_10.1038_s41591-024-03011-9_e42f5ec07c	llmarkers|hca|0442_10.1038_s41591-024-03011-9_e42f5ec07c	hca:0442_10.1038_s41591-024-03011-9_e42f5ec07c		T CELLS	T CELLS	8	8	1.0	4	0.0	0.0
LLMarkers	llmarkers|hca|0448_10.1101_2022.02.15.480622_6cb3eae5b8	llmarkers|hca|0448_10.1101_2022.02.15.480622_6cb3eae5b8	hca:0448_10.1101_2022.02.15.480622_6cb3eae5b8		ASTROCYTES	ASTROCYTES	4	4	1.0	5	0.75	0.75
LLMarkers	llmarkers|hca|0448_10.1101_2022.02.15.480622_6cb3eae5b8	llmarkers|hca|0448_10.1101_2022.02.15.480622_6cb3eae5b8	hca:0448_10.1101_2022.02.15.480622_6cb3eae5b8		MICROGLIA	MICROGLIA	3	3	1.0	17	0.6666666666666666	0.6666666666666666
LLMarkers	llmarkers|hca|0448_10.1101_2022.02.15.480622_6cb3eae5b8	llmarkers|hca|0448_10.1101_2022.02.15.480622_6cb3eae5b8	hca:0448_10.1101_2022.02.15.480622_6cb3eae5b8		OLIGODENDROCYTES	OLIGODENDROCYTES	4	4	1.0	3	1.0	1.0
LLMarkers	llmarkers|hca|0449_10.1084_jem.20202345_e99c99a876	llmarkers|hca|0449_10.1084_jem.20202345_e99c99a876	hca:0449_10.1084_jem.20202345_e99c99a876		CCR1 + MACROPHAGES	CCR 1 MACROPHAGES	3	0	0.0	0		
LLMarkers	llmarkers|hca|0449_10.1084_jem.20202345_e99c99a876	llmarkers|hca|0449_10.1084_jem.20202345_e99c99a876	hca:0449_10.1084_jem.20202345_e99c99a876		CD14 + DC3	CD 14 DC 3	4	2	0.5	0		
LLMarkers	llmarkers|hca|0449_10.1084_jem.20202345_e99c99a876	llmarkers|hca|0449_10.1084_jem.20202345_e99c99a876	hca:0449_10.1084_jem.20202345_e99c99a876		CD14 + DC3S	CD 14 DC 3 S	13	8	0.6153846153846154	0		
LLMarkers	llmarkers|hca|0449_10.1084_jem.20202345_e99c99a876	llmarkers|hca|0449_10.1084_jem.20202345_e99c99a876	hca:0449_10.1084_jem.20202345_e99c99a876		CDC1	CDC 1	3	2	0.6666666666666666	10	0.3333333333333333	0.5
LLMarkers	llmarkers|hca|0449_10.1084_jem.20202345_e99c99a876	llmarkers|hca|0449_10.1084_jem.20202345_e99c99a876	hca:0449_10.1084_jem.20202345_e99c99a876		MARCO + MACROPHAGES	MARCO MACROPHAGES	4	4	1.0	0		
LLMarkers	llmarkers|hca|0449_10.1084_jem.20202345_e99c99a876	llmarkers|hca|0449_10.1084_jem.20202345_e99c99a876	hca:0449_10.1084_jem.20202345_e99c99a876		MREGDC	MREGDC	6	2	0.3333333333333333	2	0.5	0.5
LLMarkers	llmarkers|hca|0449_10.1084_jem.20202345_e99c99a876	llmarkers|hca|0449_10.1084_jem.20202345_e99c99a876	hca:0449_10.1084_jem.20202345_e99c99a876		MREGDCS	MREGDCS	11	8	0.7272727272727273	1	0.18181818181818182	0.25
LLMarkers	llmarkers|hca|0450_10.1101_2020.06.30.174391_27363b5885	llmarkers|hca|0450_10.1101_2020.06.30.174391_27363b5885	hca:0450_10.1101_2020.06.30.174391_27363b5885		ECN/UBC	ECN UBC	9	6	0.6666666666666666	0		
LLMarkers	llmarkers|hca|0450_10.1101_2020.06.30.174391_27363b5885	llmarkers|hca|0450_10.1101_2020.06.30.174391_27363b5885	hca:0450_10.1101_2020.06.30.174391_27363b5885		INHIBITORY CEREBELLAR NEURON	INHIBITORY CEREBELLAR NEURON	4	4	1.0	0		
LLMarkers	llmarkers|hca|0450_10.1101_2020.06.30.174391_27363b5885	llmarkers|hca|0450_10.1101_2020.06.30.174391_27363b5885	hca:0450_10.1101_2020.06.30.174391_27363b5885		PURKINJE CELL	PURKINJE CELL	22	22	1.0	1	0.0	0.0
LLMarkers	llmarkers|hca|0450_10.1101_2020.06.30.174391_27363b5885	llmarkers|hca|0450_10.1101_2020.06.30.174391_27363b5885	hca:0450_10.1101_2020.06.30.174391_27363b5885		RL	RL	13	6	0.46153846153846156	0		
LLMarkers	llmarkers|hca|0450_10.1101_2020.06.30.174391_27363b5885	llmarkers|hca|0450_10.1101_2020.06.30.174391_27363b5885	hca:0450_10.1101_2020.06.30.174391_27363b5885		RLVZ	RLVZ	6	2	0.3333333333333333	0		
LLMarkers	llmarkers|hca|0451_10.1016_j.jid.2018.01.016_d2589a157e	llmarkers|hca|0451_10.1016_j.jid.2018.01.016_d2589a157e	hca:0451_10.1016_j.jid.2018.01.016_d2589a157e		GROUP 3	GROUP 3	3	0	0.0	1	0.0	
LLMarkers	llmarkers|hca|0451_10.1016_j.jid.2018.01.016_d2589a157e	llmarkers|hca|0451_10.1016_j.jid.2018.01.016_d2589a157e	hca:0451_10.1016_j.jid.2018.01.016_d2589a157e		GROUP 4	GROUP 4	3	3	1.0	1	0.0	0.0
LLMarkers	llmarkers|hca|0451_10.1016_j.jid.2018.01.016_d2589a157e	llmarkers|hca|0451_10.1016_j.jid.2018.01.016_d2589a157e	hca:0451_10.1016_j.jid.2018.01.016_d2589a157e		GROUP 5	GROUP 5	5	5	1.0	0		
LLMarkers	llmarkers|hca|0451_10.1016_j.jid.2018.01.016_d2589a157e	llmarkers|hca|0451_10.1016_j.jid.2018.01.016_d2589a157e	hca:0451_10.1016_j.jid.2018.01.016_d2589a157e		PAPILLARY DERMIS	PAPILLARY DERMIS	7	4	0.5714285714285714	0		
LLMarkers	llmarkers|hca|0451_10.1016_j.jid.2018.01.016_d2589a157e	llmarkers|hca|0451_10.1016_j.jid.2018.01.016_d2589a157e	hca:0451_10.1016_j.jid.2018.01.016_d2589a157e		PAPILLARY MARKER	PAPILLARY MARKER	4	3	0.75	0		
LLMarkers	llmarkers|hca|0451_10.1016_j.jid.2018.01.016_d2589a157e	llmarkers|hca|0451_10.1016_j.jid.2018.01.016_d2589a157e	hca:0451_10.1016_j.jid.2018.01.016_d2589a157e		RETICULAR DERMIS	RETICULAR DERMIS	3	3	1.0	0		
LLMarkers	llmarkers|hca|0453_10.1038_s41586-022-05060-x_14fb298894	llmarkers|hca|0453_10.1038_s41586-022-05060-x_14fb298894	hca:0453_10.1038_s41586-022-05060-x_14fb298894		FIB1	FIB 1	3	3	1.0	2	0.3333333333333333	0.3333333333333333
LLMarkers	llmarkers|hca|0453_10.1038_s41586-022-05060-x_14fb298894	llmarkers|hca|0453_10.1038_s41586-022-05060-x_14fb298894	hca:0453_10.1038_s41586-022-05060-x_14fb298894		FIB2	FIB 2	10	10	1.0	1	0.0	0.0
LLMarkers	llmarkers|hca|0453_10.1038_s41586-022-05060-x_14fb298894	llmarkers|hca|0453_10.1038_s41586-022-05060-x_14fb298894	hca:0453_10.1038_s41586-022-05060-x_14fb298894		FIBROBLAST	FIBROBLAST	4	4	1.0	28	0.25	0.25
LLMarkers	llmarkers|hca|0453_10.1038_s41586-022-05060-x_14fb298894	llmarkers|hca|0453_10.1038_s41586-022-05060-x_14fb298894	hca:0453_10.1038_s41586-022-05060-x_14fb298894		MYELOID CELL	MYELOID CELL	3	3	1.0	9	0.0	0.0
LLMarkers	llmarkers|hca|0453_10.1038_s41586-022-05060-x_14fb298894	llmarkers|hca|0453_10.1038_s41586-022-05060-x_14fb298894	hca:0453_10.1038_s41586-022-05060-x_14fb298894		VCM2	VCM 2	5	4	0.8	1	0.0	0.0
LLMarkers	llmarkers|hca|0453_10.1038_s41586-022-05060-x_14fb298894	llmarkers|hca|0453_10.1038_s41586-022-05060-x_14fb298894	hca:0453_10.1038_s41586-022-05060-x_14fb298894		VCM3	VCM 3	6	5	0.8333333333333334	1	0.16666666666666666	0.0
LLMarkers	llmarkers|hca|0454_10.1038_s41586-023-05869-0_c19e7dab1e	llmarkers|hca|0454_10.1038_s41586-023-05869-0_c19e7dab1e	hca:0454_10.1038_s41586-023-05869-0_c19e7dab1e		DM1	DM 1	6	3	0.5	0		
LLMarkers	llmarkers|hca|0454_10.1038_s41586-023-05869-0_c19e7dab1e	llmarkers|hca|0454_10.1038_s41586-023-05869-0_c19e7dab1e	hca:0454_10.1038_s41586-023-05869-0_c19e7dab1e		DM2	DM 2	5	2	0.4	0		
LLMarkers	llmarkers|hca|0454_10.1038_s41586-023-05869-0_c19e7dab1e	llmarkers|hca|0454_10.1038_s41586-023-05869-0_c19e7dab1e	hca:0454_10.1038_s41586-023-05869-0_c19e7dab1e		EEVT	EEVT	7	2	0.2857142857142857	0		
LLMarkers	llmarkers|hca|0454_10.1038_s41586-023-05869-0_c19e7dab1e	llmarkers|hca|0454_10.1038_s41586-023-05869-0_c19e7dab1e	hca:0454_10.1038_s41586-023-05869-0_c19e7dab1e		EEVTS	EEVTS	22	16	0.7272727272727273	0		
LLMarkers	llmarkers|hca|0454_10.1038_s41586-023-05869-0_c19e7dab1e	llmarkers|hca|0454_10.1038_s41586-023-05869-0_c19e7dab1e	hca:0454_10.1038_s41586-023-05869-0_c19e7dab1e		EVTS	EVTS	7	6	0.8571428571428571	0		
LLMarkers	llmarkers|hca|0454_10.1038_s41586-023-05869-0_c19e7dab1e	llmarkers|hca|0454_10.1038_s41586-023-05869-0_c19e7dab1e	hca:0454_10.1038_s41586-023-05869-0_c19e7dab1e		GCS	GCS	8	6	0.75	0		
LLMarkers	llmarkers|hca|0454_10.1038_s41586-023-05869-0_c19e7dab1e	llmarkers|hca|0454_10.1038_s41586-023-05869-0_c19e7dab1e	hca:0454_10.1038_s41586-023-05869-0_c19e7dab1e		IEVTS	IEVTS	19	16	0.8421052631578947	0		
LLMarkers	llmarkers|hca|0454_10.1038_s41586-023-05869-0_c19e7dab1e	llmarkers|hca|0454_10.1038_s41586-023-05869-0_c19e7dab1e	hca:0454_10.1038_s41586-023-05869-0_c19e7dab1e		PV1- AOC3	PV 1 AOC 3	5	5	1.0	0		
LLMarkers	llmarkers|hca|0454_10.1038_s41586-023-05869-0_c19e7dab1e	llmarkers|hca|0454_10.1038_s41586-023-05869-0_c19e7dab1e	hca:0454_10.1038_s41586-023-05869-0_c19e7dab1e		PV1- STEAP4	PV 1 STEAP 4	3	3	1.0	0		
LLMarkers	llmarkers|hca|0454_10.1038_s41586-023-05869-0_c19e7dab1e	llmarkers|hca|0454_10.1038_s41586-023-05869-0_c19e7dab1e	hca:0454_10.1038_s41586-023-05869-0_c19e7dab1e		VCT	VCT	9	6	0.6666666666666666	1	0.0	0.0
LLMarkers	llmarkers|hca|0454_10.1038_s41586-023-05869-0_c19e7dab1e	llmarkers|hca|0454_10.1038_s41586-023-05869-0_c19e7dab1e	hca:0454_10.1038_s41586-023-05869-0_c19e7dab1e		VCT-CCC	VCT CCC	9	8	0.8888888888888888	0		
LLMarkers	llmarkers|hca|0454_10.1038_s41586-023-05869-0_c19e7dab1e	llmarkers|hca|0454_10.1038_s41586-023-05869-0_c19e7dab1e	hca:0454_10.1038_s41586-023-05869-0_c19e7dab1e		VCT-FUSING	VCT FUSING	4	4	1.0	0		
LLMarkers	llmarkers|hca|0454_10.1038_s41586-023-05869-0_c19e7dab1e	llmarkers|hca|0454_10.1038_s41586-023-05869-0_c19e7dab1e	hca:0454_10.1038_s41586-023-05869-0_c19e7dab1e		VCT-P	VCT P	3	0	0.0	0		
LLMarkers	llmarkers|hca|0455_10.1016_j.cell.2021.12.018_c0dc3d5926	llmarkers|hca|0455_10.1016_j.cell.2021.12.018_c0dc3d5926	hca:0455_10.1016_j.cell.2021.12.018_c0dc3d5926		KCS	KCS	7	7	1.0	0		
LLMarkers	llmarkers|hca|0457_10.1101_2024.02.02.578633_57d5a20898	llmarkers|hca|0457_10.1101_2024.02.02.578633_57d5a20898	hca:0457_10.1101_2024.02.02.578633_57d5a20898		HEP 1	HEP 1	3	3	1.0	1	1.0	1.0
LLMarkers	llmarkers|hca|0457_10.1101_2024.02.02.578633_57d5a20898	llmarkers|hca|0457_10.1101_2024.02.02.578633_57d5a20898	hca:0457_10.1101_2024.02.02.578633_57d5a20898		HEP 3	HEP 3	3	3	1.0	1	1.0	1.0
LLMarkers	llmarkers|hca|0457_10.1101_2024.02.02.578633_57d5a20898	llmarkers|hca|0457_10.1101_2024.02.02.578633_57d5a20898	hca:0457_10.1101_2024.02.02.578633_57d5a20898		HEP 4	HEP 4	4	4	1.0	0		
LLMarkers	llmarkers|hca|0457_10.1101_2024.02.02.578633_57d5a20898	llmarkers|hca|0457_10.1101_2024.02.02.578633_57d5a20898	hca:0457_10.1101_2024.02.02.578633_57d5a20898		MAC 2	MAC 2	5	5	1.0	4	0.8	0.8
LLMarkers	llmarkers|hca|0458_10.1038_s41467-024-55325-4_d40c28a5ea	llmarkers|hca|0458_10.1038_s41467-024-55325-4_d40c28a5ea	hca:0458_10.1038_s41467-024-55325-4_d40c28a5ea		FIBROTIC HEP 1	FIBROTIC HEP 1	8	5	0.625	0		
LLMarkers	llmarkers|hca|0458_10.1038_s41467-024-55325-4_d40c28a5ea	llmarkers|hca|0458_10.1038_s41467-024-55325-4_d40c28a5ea	hca:0458_10.1038_s41467-024-55325-4_d40c28a5ea		FIBROTIC HEP 2	FIBROTIC HEP 2	11	8	0.7272727272727273	0		
LLMarkers	llmarkers|hca|0458_10.1038_s41467-024-55325-4_d40c28a5ea	llmarkers|hca|0458_10.1038_s41467-024-55325-4_d40c28a5ea	hca:0458_10.1038_s41467-024-55325-4_d40c28a5ea		FIBROTIC MACROPHAGE	FIBROTIC MACROPHAGE	3	0	0.0	0		
LLMarkers	llmarkers|hca|0458_10.1038_s41467-024-55325-4_d40c28a5ea	llmarkers|hca|0458_10.1038_s41467-024-55325-4_d40c28a5ea	hca:0458_10.1038_s41467-024-55325-4_d40c28a5ea		HEP 1	HEP 1	3	3	1.0	1	1.0	1.0
LLMarkers	llmarkers|hca|0458_10.1038_s41467-024-55325-4_d40c28a5ea	llmarkers|hca|0458_10.1038_s41467-024-55325-4_d40c28a5ea	hca:0458_10.1038_s41467-024-55325-4_d40c28a5ea		HEP 3	HEP 3	3	3	1.0	1	1.0	1.0
LLMarkers	llmarkers|hca|0458_10.1038_s41467-024-55325-4_d40c28a5ea	llmarkers|hca|0458_10.1038_s41467-024-55325-4_d40c28a5ea	hca:0458_10.1038_s41467-024-55325-4_d40c28a5ea		MAC 2	MAC 2	8	5	0.625	4	0.5	0.2
LLMarkers	llmarkers|hca|0460_10.1016_j.cell.2021.08.003_652ffcecb6	llmarkers|hca|0460_10.1016_j.cell.2021.08.003_652ffcecb6	hca:0460_10.1016_j.cell.2021.08.003_652ffcecb6		MACROPHAGE	MACROPHAGE	3	3	1.0	28	0.3333333333333333	0.3333333333333333
LLMarkers	llmarkers|hca|0462_10.1038_s41586-023-06311-1_b735ac2f93	llmarkers|hca|0462_10.1038_s41586-023-06311-1_b735ac2f93	hca:0462_10.1038_s41586-023-06311-1_b735ac2f93		AV BUNDLE CELL	AV BUNDLE CELL	5	1	0.2	0		
LLMarkers	llmarkers|hca|0462_10.1038_s41586-023-06311-1_b735ac2f93	llmarkers|hca|0462_10.1038_s41586-023-06311-1_b735ac2f93	hca:0462_10.1038_s41586-023-06311-1_b735ac2f93		AV_BUNDLE_CELL	AV BUNDLE CELL	3	3	1.0	0		
LLMarkers	llmarkers|hca|0462_10.1038_s41586-023-06311-1_b735ac2f93	llmarkers|hca|0462_10.1038_s41586-023-06311-1_b735ac2f93	hca:0462_10.1038_s41586-023-06311-1_b735ac2f93		FB4_ACTIVATED	FB 4 ACTIVATED	6	6	1.0	0		
LLMarkers	llmarkers|hca|0462_10.1038_s41586-023-06311-1_b735ac2f93	llmarkers|hca|0462_10.1038_s41586-023-06311-1_b735ac2f93	hca:0462_10.1038_s41586-023-06311-1_b735ac2f93		GLIAL CELL	GLIAL CELL	3	0	0.0	3	0.3333333333333333	
LLMarkers	llmarkers|hca|0462_10.1038_s41586-023-06311-1_b735ac2f93	llmarkers|hca|0462_10.1038_s41586-023-06311-1_b735ac2f93	hca:0462_10.1038_s41586-023-06311-1_b735ac2f93		NC2_GLIAL_NGF +	NC 2 GLIAL NGF	7	4	0.5714285714285714	0		
LLMarkers	llmarkers|hca|0462_10.1038_s41586-023-06311-1_b735ac2f93	llmarkers|hca|0462_10.1038_s41586-023-06311-1_b735ac2f93	hca:0462_10.1038_s41586-023-06311-1_b735ac2f93		P CELL	P CELL	34	28	0.8235294117647058	0		
LLMarkers	llmarkers|hca|0462_10.1038_s41586-023-06311-1_b735ac2f93	llmarkers|hca|0462_10.1038_s41586-023-06311-1_b735ac2f93	hca:0462_10.1038_s41586-023-06311-1_b735ac2f93		PURKINJE CELL	PURKINJE CELL	3	3	1.0	1	0.0	0.0
LLMarkers	llmarkers|hca|0462_10.1038_s41586-023-06311-1_b735ac2f93	llmarkers|hca|0462_10.1038_s41586-023-06311-1_b735ac2f93	hca:0462_10.1038_s41586-023-06311-1_b735ac2f93		SAN_P_CELL	SAN P CELL	4	1	0.25	0		
LLMarkers	llmarkers|hca|0462_10.1038_s41586-023-06311-1_b735ac2f93	llmarkers|hca|0462_10.1038_s41586-023-06311-1_b735ac2f93	hca:0462_10.1038_s41586-023-06311-1_b735ac2f93		VCM3_STRESSED	VCM 3 STRESSED	9	9	1.0	0		
LLMarkers	llmarkers|hca|0463_10.7554_elife.81525_0f73520e7f	llmarkers|hca|0463_10.7554_elife.81525_0f73520e7f	hca:0463_10.7554_elife.81525_0f73520e7f		BASAL PROLIFERATIVE EPITHELIAL PROGENITOR LAYER	BASAL PROLIFERATIVE EPITHELIAL PROGENITOR LAYER	4	4	1.0	0		
LLMarkers	llmarkers|hca|0463_10.7554_elife.81525_0f73520e7f	llmarkers|hca|0463_10.7554_elife.81525_0f73520e7f	hca:0463_10.7554_elife.81525_0f73520e7f		FB2	FB 2	3	3	1.0	4	0.0	0.0
LLMarkers	llmarkers|hca|0463_10.7554_elife.81525_0f73520e7f	llmarkers|hca|0463_10.7554_elife.81525_0f73520e7f	hca:0463_10.7554_elife.81525_0f73520e7f		FIBROBLAST 5	FIBROBLAST 5	5	5	1.0	0		
LLMarkers	llmarkers|hca|0463_10.7554_elife.81525_0f73520e7f	llmarkers|hca|0463_10.7554_elife.81525_0f73520e7f	hca:0463_10.7554_elife.81525_0f73520e7f		JUNCTIONAL EPITHELIUM	JUNCTIONAL EPITHELIUM	6	6	1.0	0		
LLMarkers	llmarkers|hca|0464_10.1126_science.aat5031_cfde7f776b	llmarkers|hca|0464_10.1126_science.aat5031_cfde7f776b	hca:0464_10.1126_science.aat5031_cfde7f776b		MNPA	MNPA	6	0	0.0	0		
LLMarkers	llmarkers|hca|0464_10.1126_science.aat5031_cfde7f776b	llmarkers|hca|0464_10.1126_science.aat5031_cfde7f776b	hca:0464_10.1126_science.aat5031_cfde7f776b		MNPB	MNPB	6	1	0.16666666666666666	0		
LLMarkers	llmarkers|hca|0464_10.1126_science.aat5031_cfde7f776b	llmarkers|hca|0464_10.1126_science.aat5031_cfde7f776b	hca:0464_10.1126_science.aat5031_cfde7f776b		MNPD	MNPD	6	1	0.16666666666666666	0		
LLMarkers	llmarkers|hca|0464_10.1126_science.aat5031_cfde7f776b	llmarkers|hca|0464_10.1126_science.aat5031_cfde7f776b	hca:0464_10.1126_science.aat5031_cfde7f776b		MPHAGE1	MPHAGE 1	4	0	0.0	0		
LLMarkers	llmarkers|hca|0464_10.1126_science.aat5031_cfde7f776b	llmarkers|hca|0464_10.1126_science.aat5031_cfde7f776b	hca:0464_10.1126_science.aat5031_cfde7f776b		PE	PE	5	5	1.0	2	0.0	0.0
LLMarkers	llmarkers|hca|0465_10.1016_j.cell.2020.12.016_af8ed7d941	llmarkers|hca|0465_10.1016_j.cell.2020.12.016_af8ed7d941	hca:0465_10.1016_j.cell.2020.12.016_af8ed7d941		B CELL	B CELL	3	3	1.0	29	0.6666666666666666	0.6666666666666666
LLMarkers	llmarkers|hca|0465_10.1016_j.cell.2020.12.016_af8ed7d941	llmarkers|hca|0465_10.1016_j.cell.2020.12.016_af8ed7d941	hca:0465_10.1016_j.cell.2020.12.016_af8ed7d941		BEST4/OTOP2 CELL	BEST 4 OTOP 2 CELL	4	4	1.0	1	0.5	0.5
LLMarkers	llmarkers|hca|0465_10.1016_j.cell.2020.12.016_af8ed7d941	llmarkers|hca|0465_10.1016_j.cell.2020.12.016_af8ed7d941	hca:0465_10.1016_j.cell.2020.12.016_af8ed7d941		BMPER+ PERICYTE	BMPER PERICYTE	3	2	0.6666666666666666	0		
LLMarkers	llmarkers|hca|0465_10.1016_j.cell.2020.12.016_af8ed7d941	llmarkers|hca|0465_10.1016_j.cell.2020.12.016_af8ed7d941	hca:0465_10.1016_j.cell.2020.12.016_af8ed7d941		ENDOTHELIUM	ENDOTHELIUM	3	3	1.0	0		
LLMarkers	llmarkers|hca|0465_10.1016_j.cell.2020.12.016_af8ed7d941	llmarkers|hca|0465_10.1016_j.cell.2020.12.016_af8ed7d941	hca:0465_10.1016_j.cell.2020.12.016_af8ed7d941		ENTEROCYTE	ENTEROCYTE	3	3	1.0	5	0.3333333333333333	0.3333333333333333
LLMarkers	llmarkers|hca|0465_10.1016_j.cell.2020.12.016_af8ed7d941	llmarkers|hca|0465_10.1016_j.cell.2020.12.016_af8ed7d941	hca:0465_10.1016_j.cell.2020.12.016_af8ed7d941		ENTEROENDOCRINE CELL	ENTEROENDOCRINE CELL	3	2	0.6666666666666666	6	0.6666666666666666	0.5
LLMarkers	llmarkers|hca|0465_10.1016_j.cell.2020.12.016_af8ed7d941	llmarkers|hca|0465_10.1016_j.cell.2020.12.016_af8ed7d941	hca:0465_10.1016_j.cell.2020.12.016_af8ed7d941		EXCITORY MOTOR NEURON	EXCITORY MOTOR NEURON	3	3	1.0	0		
LLMarkers	llmarkers|hca|0465_10.1016_j.cell.2020.12.016_af8ed7d941	llmarkers|hca|0465_10.1016_j.cell.2020.12.016_af8ed7d941	hca:0465_10.1016_j.cell.2020.12.016_af8ed7d941		FIBROBLAST	FIBROBLAST	3	1	0.3333333333333333	28	1.0	1.0
LLMarkers	llmarkers|hca|0465_10.1016_j.cell.2020.12.016_af8ed7d941	llmarkers|hca|0465_10.1016_j.cell.2020.12.016_af8ed7d941	hca:0465_10.1016_j.cell.2020.12.016_af8ed7d941		GOBLET CELL	GOBLET CELL	3	3	1.0	7	1.0	1.0
LLMarkers	llmarkers|hca|0465_10.1016_j.cell.2020.12.016_af8ed7d941	llmarkers|hca|0465_10.1016_j.cell.2020.12.016_af8ed7d941	hca:0465_10.1016_j.cell.2020.12.016_af8ed7d941		ILC-3	ILC 3	4	4	1.0	3	0.5	0.5
LLMarkers	llmarkers|hca|0465_10.1016_j.cell.2020.12.016_af8ed7d941	llmarkers|hca|0465_10.1016_j.cell.2020.12.016_af8ed7d941	hca:0465_10.1016_j.cell.2020.12.016_af8ed7d941		LYMPHOID ASSOCIATED GLIAL	LYMPHOID ASSOCIATED GLIAL	6	6	1.0	0		
LLMarkers	llmarkers|hca|0465_10.1016_j.cell.2020.12.016_af8ed7d941	llmarkers|hca|0465_10.1016_j.cell.2020.12.016_af8ed7d941	hca:0465_10.1016_j.cell.2020.12.016_af8ed7d941		MACROPHAGE	MACROPHAGE	3	3	1.0	28	0.3333333333333333	0.3333333333333333
LLMarkers	llmarkers|hca|0465_10.1016_j.cell.2020.12.016_af8ed7d941	llmarkers|hca|0465_10.1016_j.cell.2020.12.016_af8ed7d941	hca:0465_10.1016_j.cell.2020.12.016_af8ed7d941		MAST CELL	MAST CELL	3	3	1.0	14	1.0	1.0
LLMarkers	llmarkers|hca|0465_10.1016_j.cell.2020.12.016_af8ed7d941	llmarkers|hca|0465_10.1016_j.cell.2020.12.016_af8ed7d941	hca:0465_10.1016_j.cell.2020.12.016_af8ed7d941		MONOCYTE	MONOCYTE	3	3	1.0	23	0.6666666666666666	0.6666666666666666
LLMarkers	llmarkers|hca|0465_10.1016_j.cell.2020.12.016_af8ed7d941	llmarkers|hca|0465_10.1016_j.cell.2020.12.016_af8ed7d941	hca:0465_10.1016_j.cell.2020.12.016_af8ed7d941		MYOFIBROBLAST	MYOFIBROBLAST	7	6	0.8571428571428571	7	0.2857142857142857	0.3333333333333333
LLMarkers	llmarkers|hca|0465_10.1016_j.cell.2020.12.016_af8ed7d941	llmarkers|hca|0465_10.1016_j.cell.2020.12.016_af8ed7d941	hca:0465_10.1016_j.cell.2020.12.016_af8ed7d941		NAIVE T CELL	NAIVE T CELL	3	3	1.0	2	0.3333333333333333	0.3333333333333333
LLMarkers	llmarkers|hca|0465_10.1016_j.cell.2020.12.016_af8ed7d941	llmarkers|hca|0465_10.1016_j.cell.2020.12.016_af8ed7d941	hca:0465_10.1016_j.cell.2020.12.016_af8ed7d941		NEURAL/GLIAL	NEURAL GLIAL	3	3	1.0	0		
LLMarkers	llmarkers|hca|0465_10.1016_j.cell.2020.12.016_af8ed7d941	llmarkers|hca|0465_10.1016_j.cell.2020.12.016_af8ed7d941	hca:0465_10.1016_j.cell.2020.12.016_af8ed7d941		NEUROENDOCRINE	NEUROENDOCRINE	4	3	0.75	2	0.0	0.0
LLMarkers	llmarkers|hca|0465_10.1016_j.cell.2020.12.016_af8ed7d941	llmarkers|hca|0465_10.1016_j.cell.2020.12.016_af8ed7d941	hca:0465_10.1016_j.cell.2020.12.016_af8ed7d941		S2	S 2	5	2	0.4	1	0.6	0.5
LLMarkers	llmarkers|hca|0465_10.1016_j.cell.2020.12.016_af8ed7d941	llmarkers|hca|0465_10.1016_j.cell.2020.12.016_af8ed7d941	hca:0465_10.1016_j.cell.2020.12.016_af8ed7d941		S3	S 3	7	7	1.0	1	0.0	0.0
LLMarkers	llmarkers|hca|0465_10.1016_j.cell.2020.12.016_af8ed7d941	llmarkers|hca|0465_10.1016_j.cell.2020.12.016_af8ed7d941	hca:0465_10.1016_j.cell.2020.12.016_af8ed7d941		S4 CXCL13+ SUBTYPE	S 4 CXCL 13 SUBTYPE	6	4	0.6666666666666666	0		
LLMarkers	llmarkers|hca|0465_10.1016_j.cell.2020.12.016_af8ed7d941	llmarkers|hca|0465_10.1016_j.cell.2020.12.016_af8ed7d941	hca:0465_10.1016_j.cell.2020.12.016_af8ed7d941		SECRETORY PROGENITOR	SECRETORY PROGENITOR	3	2	0.6666666666666666	0		
LLMarkers	llmarkers|hca|0465_10.1016_j.cell.2020.12.016_af8ed7d941	llmarkers|hca|0465_10.1016_j.cell.2020.12.016_af8ed7d941	hca:0465_10.1016_j.cell.2020.12.016_af8ed7d941		STEM CELL	STEM CELL	3	3	1.0	6	1.0	1.0
LLMarkers	llmarkers|hca|0465_10.1016_j.cell.2020.12.016_af8ed7d941	llmarkers|hca|0465_10.1016_j.cell.2020.12.016_af8ed7d941	hca:0465_10.1016_j.cell.2020.12.016_af8ed7d941		TRANSIT-AMPLIFYING CELL	TRANSIT AMPLIFYING CELL	3	3	1.0	0		
LLMarkers	llmarkers|hca|0466_10.1038_s41467-020-18957-w_ce0dae83ad	llmarkers|hca|0466_10.1038_s41467-020-18957-w_ce0dae83ad	hca:0466_10.1038_s41467-020-18957-w_ce0dae83ad		EC	EC	11	11	1.0	6	0.09090909090909091	0.09090909090909091
LLMarkers	llmarkers|hca|0467_10.1016_j.cell.2018.08.067_51639edc11	llmarkers|hca|0467_10.1016_j.cell.2018.08.067_51639edc11	hca:0467_10.1016_j.cell.2018.08.067_51639edc11		MYOFIBROBLASTS	MYOFIBROBLASTS	3	3	1.0	4	1.0	1.0
LLMarkers	llmarkers|hca|0467_10.1016_j.cell.2018.08.067_51639edc11	llmarkers|hca|0467_10.1016_j.cell.2018.08.067_51639edc11	hca:0467_10.1016_j.cell.2018.08.067_51639edc11		S1	S 1	14	14	1.0	0		
LLMarkers	llmarkers|hca|0467_10.1016_j.cell.2018.08.067_51639edc11	llmarkers|hca|0467_10.1016_j.cell.2018.08.067_51639edc11	hca:0467_10.1016_j.cell.2018.08.067_51639edc11		S2	S 2	12	12	1.0	1	0.25	0.25
LLMarkers	llmarkers|hca|0467_10.1016_j.cell.2018.08.067_51639edc11	llmarkers|hca|0467_10.1016_j.cell.2018.08.067_51639edc11	hca:0467_10.1016_j.cell.2018.08.067_51639edc11		S3	S 3	3	3	1.0	1	0.0	0.0
LLMarkers	llmarkers|hca|0467_10.1016_j.cell.2018.08.067_51639edc11	llmarkers|hca|0467_10.1016_j.cell.2018.08.067_51639edc11	hca:0467_10.1016_j.cell.2018.08.067_51639edc11		S4	S 4	10	10	1.0	1	0.0	0.0
LLMarkers	llmarkers|hca|0470_10.21203_rs.3.rs-2402606_v1_8de4ac8813	llmarkers|hca|0470_10.21203_rs.3.rs-2402606_v1_8de4ac8813	hca:0470_10.21203_rs.3.rs-2402606_v1_8de4ac8813		PRO-FIBROTIC FIBROBLAST	PRO FIBROTIC FIBROBLAST	4	4	1.0	0		
LLMarkers	llmarkers|hca|0471_10.1038_s41467-019-11947-7_0514f87944	llmarkers|hca|0471_10.1038_s41467-019-11947-7_0514f87944	hca:0471_10.1038_s41467-019-11947-7_0514f87944		ADAPTIVE NK	ADAPTIVE NK	7	7	1.0	0		
LLMarkers	llmarkers|hca|0471_10.1038_s41467-019-11947-7_0514f87944	llmarkers|hca|0471_10.1038_s41467-019-11947-7_0514f87944	hca:0471_10.1038_s41467-019-11947-7_0514f87944		INFLAMED NK	INFLAMED NK	3	3	1.0	0		
LLMarkers	llmarkers|hca|0471_10.1038_s41467-019-11947-7_0514f87944	llmarkers|hca|0471_10.1038_s41467-019-11947-7_0514f87944	hca:0471_10.1038_s41467-019-11947-7_0514f87944		MATURE NK	MATURE NK	4	4	1.0	0		
LLMarkers	llmarkers|hca|0471_10.1038_s41467-019-11947-7_0514f87944	llmarkers|hca|0471_10.1038_s41467-019-11947-7_0514f87944	hca:0471_10.1038_s41467-019-11947-7_0514f87944		TERMINAL NK	TERMINAL NK	3	3	1.0	0		
LLMarkers	llmarkers|hca|0472_10.1016_j.stem.2019.12.005_97b804f298	llmarkers|hca|0472_10.1016_j.stem.2019.12.005_97b804f298	hca:0472_10.1016_j.stem.2019.12.005_97b804f298		SERTOLI	SERTOLI	4	1	0.25	0		
LLMarkers	llmarkers|hca|0472_10.1016_j.stem.2019.12.005_97b804f298	llmarkers|hca|0472_10.1016_j.stem.2019.12.005_97b804f298	hca:0472_10.1016_j.stem.2019.12.005_97b804f298		SERTOLI CELLS	SERTOLI CELLS	7	4	0.5714285714285714	1	0.2857142857142857	0.25
LLMarkers	llmarkers|hca|0472_10.1016_j.stem.2019.12.005_97b804f298	llmarkers|hca|0472_10.1016_j.stem.2019.12.005_97b804f298	hca:0472_10.1016_j.stem.2019.12.005_97b804f298		SPERMATOCYTES	SPERMATOCYTES	3	3	1.0	0		
LLMarkers	llmarkers|hca|0472_10.1016_j.stem.2019.12.005_97b804f298	llmarkers|hca|0472_10.1016_j.stem.2019.12.005_97b804f298	hca:0472_10.1016_j.stem.2019.12.005_97b804f298		SPERMATOGONIA	SPERMATOGONIA	5	4	0.8	1	0.0	0.0
LLMarkers	llmarkers|hca|0472_10.1016_j.stem.2019.12.005_97b804f298	llmarkers|hca|0472_10.1016_j.stem.2019.12.005_97b804f298	hca:0472_10.1016_j.stem.2019.12.005_97b804f298		UNDIFFERENTIATED SPERMATOGONIA	UNDIFFERENTIATED SPERMATOGONIA	4	3	0.75	0		
LLMarkers	llmarkers|hca|0473_10.1016_j.cell.2020.08.003_9ae06495c4	llmarkers|hca|0473_10.1016_j.cell.2020.08.003_9ae06495c4	hca:0473_10.1016_j.cell.2020.08.003_9ae06495c4		ENTERIC NEURON	ENTERIC NEURON	10	9	0.9	0		
LLMarkers	llmarkers|hca|0473_10.1016_j.cell.2020.08.003_9ae06495c4	llmarkers|hca|0473_10.1016_j.cell.2020.08.003_9ae06495c4	hca:0473_10.1016_j.cell.2020.08.003_9ae06495c4		PEMN	PEMN	6	6	1.0	0		
LLMarkers	llmarkers|hca|0473_10.1016_j.cell.2020.08.003_9ae06495c4	llmarkers|hca|0473_10.1016_j.cell.2020.08.003_9ae06495c4	hca:0473_10.1016_j.cell.2020.08.003_9ae06495c4		PIMN	PIMN	5	4	0.8	0		
LLMarkers	llmarkers|hca|0473_10.1016_j.cell.2020.08.003_9ae06495c4	llmarkers|hca|0473_10.1016_j.cell.2020.08.003_9ae06495c4	hca:0473_10.1016_j.cell.2020.08.003_9ae06495c4		PIN	PIN	3	3	1.0	0		
LLMarkers	llmarkers|hca|0473_10.1016_j.cell.2020.08.003_9ae06495c4	llmarkers|hca|0473_10.1016_j.cell.2020.08.003_9ae06495c4	hca:0473_10.1016_j.cell.2020.08.003_9ae06495c4		PSN	PSN	5	5	1.0	0		
LLMarkers	llmarkers|hca|0473_10.1016_j.cell.2020.08.003_9ae06495c4	llmarkers|hca|0473_10.1016_j.cell.2020.08.003_9ae06495c4	hca:0473_10.1016_j.cell.2020.08.003_9ae06495c4		PSVN	PSVN	4	4	1.0	0		
LLMarkers	llmarkers|hca|0474_10.3389_fimmu.2021.689019_ff96e36403	llmarkers|hca|0474_10.3389_fimmu.2021.689019_ff96e36403	hca:0474_10.3389_fimmu.2021.689019_ff96e36403		CD4+ T CELL	CD 4 T CELL	4	2	0.5	16	1.0	1.0
LLMarkers	llmarkers|hca|0474_10.3389_fimmu.2021.689019_ff96e36403	llmarkers|hca|0474_10.3389_fimmu.2021.689019_ff96e36403	hca:0474_10.3389_fimmu.2021.689019_ff96e36403		CD8+ T CELL	CD 8 T CELL	6	1	0.16666666666666666	14	0.6666666666666666	1.0
LLMarkers	llmarkers|hca|0474_10.3389_fimmu.2021.689019_ff96e36403	llmarkers|hca|0474_10.3389_fimmu.2021.689019_ff96e36403	hca:0474_10.3389_fimmu.2021.689019_ff96e36403		CDC1	CDC 1	5	5	1.0	10	0.6	0.6
LLMarkers	llmarkers|hca|0474_10.3389_fimmu.2021.689019_ff96e36403	llmarkers|hca|0474_10.3389_fimmu.2021.689019_ff96e36403	hca:0474_10.3389_fimmu.2021.689019_ff96e36403		CDC2	CDC 2	5	5	1.0	8	0.4	0.4
LLMarkers	llmarkers|hca|0474_10.3389_fimmu.2021.689019_ff96e36403	llmarkers|hca|0474_10.3389_fimmu.2021.689019_ff96e36403	hca:0474_10.3389_fimmu.2021.689019_ff96e36403		CLUSTER 1	CLUSTER 1	5	5	1.0	13	0.0	0.0
LLMarkers	llmarkers|hca|0474_10.3389_fimmu.2021.689019_ff96e36403	llmarkers|hca|0474_10.3389_fimmu.2021.689019_ff96e36403	hca:0474_10.3389_fimmu.2021.689019_ff96e36403		CLUSTER 1 CD8+ T CELL	CLUSTER 1 CD 8 T CELL	6	0	0.0	0		
LLMarkers	llmarkers|hca|0474_10.3389_fimmu.2021.689019_ff96e36403	llmarkers|hca|0474_10.3389_fimmu.2021.689019_ff96e36403	hca:0474_10.3389_fimmu.2021.689019_ff96e36403		CLUSTER 2	CLUSTER 2	8	6	0.75	18	0.5	0.3333333333333333
LLMarkers	llmarkers|hca|0474_10.3389_fimmu.2021.689019_ff96e36403	llmarkers|hca|0474_10.3389_fimmu.2021.689019_ff96e36403	hca:0474_10.3389_fimmu.2021.689019_ff96e36403		CLUSTER 2 CD4+ T CELL	CLUSTER 2 CD 4 T CELL	3	1	0.3333333333333333	1	0.0	0.0
LLMarkers	llmarkers|hca|0474_10.3389_fimmu.2021.689019_ff96e36403	llmarkers|hca|0474_10.3389_fimmu.2021.689019_ff96e36403	hca:0474_10.3389_fimmu.2021.689019_ff96e36403		CLUSTER 3	CLUSTER 3	17	13	0.7647058823529411	11	0.058823529411764705	0.0
LLMarkers	llmarkers|hca|0474_10.3389_fimmu.2021.689019_ff96e36403	llmarkers|hca|0474_10.3389_fimmu.2021.689019_ff96e36403	hca:0474_10.3389_fimmu.2021.689019_ff96e36403		CLUSTER 3 DC	CLUSTER 3 DC	5	5	1.0	0		
LLMarkers	llmarkers|hca|0474_10.3389_fimmu.2021.689019_ff96e36403	llmarkers|hca|0474_10.3389_fimmu.2021.689019_ff96e36403	hca:0474_10.3389_fimmu.2021.689019_ff96e36403		CLUSTER 3 MONOCYTE	CLUSTER 3 MONOCYTE	4	4	1.0	0		
LLMarkers	llmarkers|hca|0474_10.3389_fimmu.2021.689019_ff96e36403	llmarkers|hca|0474_10.3389_fimmu.2021.689019_ff96e36403	hca:0474_10.3389_fimmu.2021.689019_ff96e36403		CLUSTER 4 T CELL	CLUSTER 4 T CELL	4	1	0.25	0		
LLMarkers	llmarkers|hca|0474_10.3389_fimmu.2021.689019_ff96e36403	llmarkers|hca|0474_10.3389_fimmu.2021.689019_ff96e36403	hca:0474_10.3389_fimmu.2021.689019_ff96e36403		CLUSTER 5 DC	CLUSTER 5 DC	5	5	1.0	0		
LLMarkers	llmarkers|hca|0474_10.3389_fimmu.2021.689019_ff96e36403	llmarkers|hca|0474_10.3389_fimmu.2021.689019_ff96e36403	hca:0474_10.3389_fimmu.2021.689019_ff96e36403		DECIDUAL MACROPHAGE	DECIDUAL MACROPHAGE	3	2	0.6666666666666666	0		
LLMarkers	llmarkers|hca|0474_10.3389_fimmu.2021.689019_ff96e36403	llmarkers|hca|0474_10.3389_fimmu.2021.689019_ff96e36403	hca:0474_10.3389_fimmu.2021.689019_ff96e36403		DNK CELL	DNK CELL	3	3	1.0	0		
LLMarkers	llmarkers|hca|0474_10.3389_fimmu.2021.689019_ff96e36403	llmarkers|hca|0474_10.3389_fimmu.2021.689019_ff96e36403	hca:0474_10.3389_fimmu.2021.689019_ff96e36403		MACROPHAGE	MACROPHAGE	7	6	0.8571428571428571	28	1.0	1.0
LLMarkers	llmarkers|hca|0474_10.3389_fimmu.2021.689019_ff96e36403	llmarkers|hca|0474_10.3389_fimmu.2021.689019_ff96e36403	hca:0474_10.3389_fimmu.2021.689019_ff96e36403		TREG	TREG	7	7	1.0	14	0.8571428571428571	0.8571428571428571
LLMarkers	llmarkers|hca|0475_10.1101_2021.07.19.452956_e30bf05aad	llmarkers|hca|0475_10.1101_2021.07.19.452956_e30bf05aad	hca:0475_10.1101_2021.07.19.452956_e30bf05aad		T CELL	T CELL	9	9	1.0	37	1.0	1.0
LLMarkers	llmarkers|hca|0476_10.1126_science.abl4896_6d8fed9731	llmarkers|hca|0476_10.1126_science.abl4896_6d8fed9731	hca:0476_10.1126_science.abl4896_6d8fed9731		T CELL	T CELL	9	9	1.0	37	1.0	1.0
LLMarkers	llmarkers|hca|0477_10.1172_jci157338_273d70a217	llmarkers|hca|0477_10.1172_jci157338_273d70a217	hca:0477_10.1172_jci157338_273d70a217		AEC2	AEC 2	5	4	0.8	0		
LLMarkers	llmarkers|hca|0477_10.1172_jci157338_273d70a217	llmarkers|hca|0477_10.1172_jci157338_273d70a217	hca:0477_10.1172_jci157338_273d70a217		AEC2S	AEC 2 S	10	9	0.9	0		
LLMarkers	llmarkers|hca|0479_10.1016_j.xcrm.2022.100657_bf09154d98	llmarkers|hca|0479_10.1016_j.xcrm.2022.100657_bf09154d98	hca:0479_10.1016_j.xcrm.2022.100657_bf09154d98		ACTIVE B CELL	ACTIVE B CELL	4	2	0.5	0		
LLMarkers	llmarkers|hca|0479_10.1016_j.xcrm.2022.100657_bf09154d98	llmarkers|hca|0479_10.1016_j.xcrm.2022.100657_bf09154d98	hca:0479_10.1016_j.xcrm.2022.100657_bf09154d98		B CELL	B CELL	3	3	1.0	29	1.0	1.0
LLMarkers	llmarkers|hca|0479_10.1016_j.xcrm.2022.100657_bf09154d98	llmarkers|hca|0479_10.1016_j.xcrm.2022.100657_bf09154d98	hca:0479_10.1016_j.xcrm.2022.100657_bf09154d98		CD1C+ MDCS	CD 1 C MDCS	3	2	0.6666666666666666	0		
LLMarkers	llmarkers|hca|0479_10.1016_j.xcrm.2022.100657_bf09154d98	llmarkers|hca|0479_10.1016_j.xcrm.2022.100657_bf09154d98	hca:0479_10.1016_j.xcrm.2022.100657_bf09154d98		CLEC9A+ MDCS	CLEC 9 A MDCS	5	5	1.0	0		
LLMarkers	llmarkers|hca|0479_10.1016_j.xcrm.2022.100657_bf09154d98	llmarkers|hca|0479_10.1016_j.xcrm.2022.100657_bf09154d98	hca:0479_10.1016_j.xcrm.2022.100657_bf09154d98		CTL-4	CTL 4	3	2	0.6666666666666666	0		
LLMarkers	llmarkers|hca|0479_10.1016_j.xcrm.2022.100657_bf09154d98	llmarkers|hca|0479_10.1016_j.xcrm.2022.100657_bf09154d98	hca:0479_10.1016_j.xcrm.2022.100657_bf09154d98		GC B CELL	GC B CELL	7	7	1.0	3	0.0	0.0
LLMarkers	llmarkers|hca|0479_10.1016_j.xcrm.2022.100657_bf09154d98	llmarkers|hca|0479_10.1016_j.xcrm.2022.100657_bf09154d98	hca:0479_10.1016_j.xcrm.2022.100657_bf09154d98		ILC3	ILC 3	4	3	0.75	3	1.0	1.0
LLMarkers	llmarkers|hca|0479_10.1016_j.xcrm.2022.100657_bf09154d98	llmarkers|hca|0479_10.1016_j.xcrm.2022.100657_bf09154d98	hca:0479_10.1016_j.xcrm.2022.100657_bf09154d98		MACRO-1	MACRO 1	4	3	0.75	0		
LLMarkers	llmarkers|hca|0479_10.1016_j.xcrm.2022.100657_bf09154d98	llmarkers|hca|0479_10.1016_j.xcrm.2022.100657_bf09154d98	hca:0479_10.1016_j.xcrm.2022.100657_bf09154d98		MACRO-2	MACRO 2	6	5	0.8333333333333334	0		
LLMarkers	llmarkers|hca|0479_10.1016_j.xcrm.2022.100657_bf09154d98	llmarkers|hca|0479_10.1016_j.xcrm.2022.100657_bf09154d98	hca:0479_10.1016_j.xcrm.2022.100657_bf09154d98		MACRO-3	MACRO 3	3	3	1.0	0		
LLMarkers	llmarkers|hca|0479_10.1016_j.xcrm.2022.100657_bf09154d98	llmarkers|hca|0479_10.1016_j.xcrm.2022.100657_bf09154d98	hca:0479_10.1016_j.xcrm.2022.100657_bf09154d98		MEMORY B CELL	MEMORY B CELL	3	3	1.0	4	0.3333333333333333	0.3333333333333333
LLMarkers	llmarkers|hca|0479_10.1016_j.xcrm.2022.100657_bf09154d98	llmarkers|hca|0479_10.1016_j.xcrm.2022.100657_bf09154d98	hca:0479_10.1016_j.xcrm.2022.100657_bf09154d98		MONO-1	MONO 1	13	6	0.46153846153846156	0		
LLMarkers	llmarkers|hca|0479_10.1016_j.xcrm.2022.100657_bf09154d98	llmarkers|hca|0479_10.1016_j.xcrm.2022.100657_bf09154d98	hca:0479_10.1016_j.xcrm.2022.100657_bf09154d98		MONO-2	MONO 2	9	1	0.1111111111111111	1	0.0	0.0
LLMarkers	llmarkers|hca|0479_10.1016_j.xcrm.2022.100657_bf09154d98	llmarkers|hca|0479_10.1016_j.xcrm.2022.100657_bf09154d98	hca:0479_10.1016_j.xcrm.2022.100657_bf09154d98		MYELOID CELL	MYELOID CELL	4	3	0.75	9	0.5	0.3333333333333333
LLMarkers	llmarkers|hca|0479_10.1016_j.xcrm.2022.100657_bf09154d98	llmarkers|hca|0479_10.1016_j.xcrm.2022.100657_bf09154d98	hca:0479_10.1016_j.xcrm.2022.100657_bf09154d98		NK-ACTIVE	NK ACTIVE	5	4	0.8	0		
LLMarkers	llmarkers|hca|0479_10.1016_j.xcrm.2022.100657_bf09154d98	llmarkers|hca|0479_10.1016_j.xcrm.2022.100657_bf09154d98	hca:0479_10.1016_j.xcrm.2022.100657_bf09154d98		TH17	TH 17	4	3	0.75	2	0.25	0.3333333333333333
LLMarkers	llmarkers|hca|0480_10.1038_s41590-019-0398-x_7e5ee33388	llmarkers|hca|0480_10.1038_s41590-019-0398-x_7e5ee33388	hca:0480_10.1038_s41590-019-0398-x_7e5ee33388		CB0	CB 0	4	4	1.0	0		
LLMarkers	llmarkers|hca|0480_10.1038_s41590-019-0398-x_7e5ee33388	llmarkers|hca|0480_10.1038_s41590-019-0398-x_7e5ee33388	hca:0480_10.1038_s41590-019-0398-x_7e5ee33388		CB2A	CB 2 A	6	6	1.0	0		
LLMarkers	llmarkers|hca|0480_10.1038_s41590-019-0398-x_7e5ee33388	llmarkers|hca|0480_10.1038_s41590-019-0398-x_7e5ee33388	hca:0480_10.1038_s41590-019-0398-x_7e5ee33388		CB2B	CB 2 B	5	4	0.8	0		
LLMarkers	llmarkers|hca|0480_10.1038_s41590-019-0398-x_7e5ee33388	llmarkers|hca|0480_10.1038_s41590-019-0398-x_7e5ee33388	hca:0480_10.1038_s41590-019-0398-x_7e5ee33388		CB3	CB 3	6	1	0.16666666666666666	0		
LLMarkers	llmarkers|hca|0480_10.1038_s41590-019-0398-x_7e5ee33388	llmarkers|hca|0480_10.1038_s41590-019-0398-x_7e5ee33388	hca:0480_10.1038_s41590-019-0398-x_7e5ee33388		CM0	CM 0	7	7	1.0	0		
LLMarkers	llmarkers|hca|0480_10.1038_s41590-019-0398-x_7e5ee33388	llmarkers|hca|0480_10.1038_s41590-019-0398-x_7e5ee33388	hca:0480_10.1038_s41590-019-0398-x_7e5ee33388		CM1	CM 1	7	6	0.8571428571428571	0		
LLMarkers	llmarkers|hca|0480_10.1038_s41590-019-0398-x_7e5ee33388	llmarkers|hca|0480_10.1038_s41590-019-0398-x_7e5ee33388	hca:0480_10.1038_s41590-019-0398-x_7e5ee33388		CM2	CM 2	4	4	1.0	0		
LLMarkers	llmarkers|hca|0480_10.1038_s41590-019-0398-x_7e5ee33388	llmarkers|hca|0480_10.1038_s41590-019-0398-x_7e5ee33388	hca:0480_10.1038_s41590-019-0398-x_7e5ee33388		CM4	CM 4	12	11	0.9166666666666666	0		
LLMarkers	llmarkers|hca|0480_10.1038_s41590-019-0398-x_7e5ee33388	llmarkers|hca|0480_10.1038_s41590-019-0398-x_7e5ee33388	hca:0480_10.1038_s41590-019-0398-x_7e5ee33388		CT0A	CT 0 A	3	3	1.0	0		
LLMarkers	llmarkers|hca|0480_10.1038_s41590-019-0398-x_7e5ee33388	llmarkers|hca|0480_10.1038_s41590-019-0398-x_7e5ee33388	hca:0480_10.1038_s41590-019-0398-x_7e5ee33388		CT0B	CT 0 B	5	4	0.8	0		
LLMarkers	llmarkers|hca|0480_10.1038_s41590-019-0398-x_7e5ee33388	llmarkers|hca|0480_10.1038_s41590-019-0398-x_7e5ee33388	hca:0480_10.1038_s41590-019-0398-x_7e5ee33388		CT1	CT 1	5	3	0.6	0		
LLMarkers	llmarkers|hca|0480_10.1038_s41590-019-0398-x_7e5ee33388	llmarkers|hca|0480_10.1038_s41590-019-0398-x_7e5ee33388	hca:0480_10.1038_s41590-019-0398-x_7e5ee33388		CT3B	CT 3 B	5	5	1.0	0		
LLMarkers	llmarkers|hca|0480_10.1038_s41590-019-0398-x_7e5ee33388	llmarkers|hca|0480_10.1038_s41590-019-0398-x_7e5ee33388	hca:0480_10.1038_s41590-019-0398-x_7e5ee33388		CT5A	CT 5 A	4	4	1.0	0		
LLMarkers	llmarkers|hca|0480_10.1038_s41590-019-0398-x_7e5ee33388	llmarkers|hca|0480_10.1038_s41590-019-0398-x_7e5ee33388	hca:0480_10.1038_s41590-019-0398-x_7e5ee33388		CT5B	CT 5 B	5	3	0.6	0		
LLMarkers	llmarkers|hca|0480_10.1038_s41590-019-0398-x_7e5ee33388	llmarkers|hca|0480_10.1038_s41590-019-0398-x_7e5ee33388	hca:0480_10.1038_s41590-019-0398-x_7e5ee33388		CT6	CT 6	6	1	0.16666666666666666	0		
LLMarkers	llmarkers|hca|0481_10.1016_j.immuni.2023.01.002_2da3d3f446	llmarkers|hca|0481_10.1016_j.immuni.2023.01.002_2da3d3f446	hca:0481_10.1016_j.immuni.2023.01.002_2da3d3f446		B CELL	B CELL	5	4	0.8	29	0.6	0.5
LLMarkers	llmarkers|hca|0481_10.1016_j.immuni.2023.01.002_2da3d3f446	llmarkers|hca|0481_10.1016_j.immuni.2023.01.002_2da3d3f446	hca:0481_10.1016_j.immuni.2023.01.002_2da3d3f446		CYCLING CELL	CYCLING CELL	4	4	1.0	1	0.5	0.5
LLMarkers	llmarkers|hca|0481_10.1016_j.immuni.2023.01.002_2da3d3f446	llmarkers|hca|0481_10.1016_j.immuni.2023.01.002_2da3d3f446	hca:0481_10.1016_j.immuni.2023.01.002_2da3d3f446		ENTEROCYTE	ENTEROCYTE	3	3	1.0	5	1.0	1.0
LLMarkers	llmarkers|hca|0481_10.1016_j.immuni.2023.01.002_2da3d3f446	llmarkers|hca|0481_10.1016_j.immuni.2023.01.002_2da3d3f446	hca:0481_10.1016_j.immuni.2023.01.002_2da3d3f446		ENTEROENDOCRINE CELL	ENTEROENDOCRINE CELL	3	3	1.0	6	1.0	1.0
LLMarkers	llmarkers|hca|0481_10.1016_j.immuni.2023.01.002_2da3d3f446	llmarkers|hca|0481_10.1016_j.immuni.2023.01.002_2da3d3f446	hca:0481_10.1016_j.immuni.2023.01.002_2da3d3f446		EPITHELIAL	EPITHELIAL	3	3	1.0	3	0.6666666666666666	0.6666666666666666
LLMarkers	llmarkers|hca|0481_10.1016_j.immuni.2023.01.002_2da3d3f446	llmarkers|hca|0481_10.1016_j.immuni.2023.01.002_2da3d3f446	hca:0481_10.1016_j.immuni.2023.01.002_2da3d3f446		FIBROBLAST	FIBROBLAST	3	3	1.0	28	0.3333333333333333	0.3333333333333333
LLMarkers	llmarkers|hca|0481_10.1016_j.immuni.2023.01.002_2da3d3f446	llmarkers|hca|0481_10.1016_j.immuni.2023.01.002_2da3d3f446	hca:0481_10.1016_j.immuni.2023.01.002_2da3d3f446		GERMINAL CENTER (GC) B CELL	GERMINAL CENTER GC B CELL	3	3	1.0	0		
LLMarkers	llmarkers|hca|0481_10.1016_j.immuni.2023.01.002_2da3d3f446	llmarkers|hca|0481_10.1016_j.immuni.2023.01.002_2da3d3f446	hca:0481_10.1016_j.immuni.2023.01.002_2da3d3f446		GLIAL CELL	GLIAL CELL	7	7	1.0	3	0.42857142857142855	0.42857142857142855
LLMarkers	llmarkers|hca|0481_10.1016_j.immuni.2023.01.002_2da3d3f446	llmarkers|hca|0481_10.1016_j.immuni.2023.01.002_2da3d3f446	hca:0481_10.1016_j.immuni.2023.01.002_2da3d3f446		GOBLET	GOBLET	5	5	1.0	3	0.4	0.4
LLMarkers	llmarkers|hca|0481_10.1016_j.immuni.2023.01.002_2da3d3f446	llmarkers|hca|0481_10.1016_j.immuni.2023.01.002_2da3d3f446	hca:0481_10.1016_j.immuni.2023.01.002_2da3d3f446		ILC	ILC	6	6	1.0	1	0.16666666666666666	0.16666666666666666
LLMarkers	llmarkers|hca|0481_10.1016_j.immuni.2023.01.002_2da3d3f446	llmarkers|hca|0481_10.1016_j.immuni.2023.01.002_2da3d3f446	hca:0481_10.1016_j.immuni.2023.01.002_2da3d3f446		IMMUNE	IMMUNE	11	7	0.6363636363636364	2	0.09090909090909091	0.0
LLMarkers	llmarkers|hca|0481_10.1016_j.immuni.2023.01.002_2da3d3f446	llmarkers|hca|0481_10.1016_j.immuni.2023.01.002_2da3d3f446	hca:0481_10.1016_j.immuni.2023.01.002_2da3d3f446		MACROPHAGE	MACROPHAGE	3	3	1.0	28	1.0	1.0
LLMarkers	llmarkers|hca|0481_10.1016_j.immuni.2023.01.002_2da3d3f446	llmarkers|hca|0481_10.1016_j.immuni.2023.01.002_2da3d3f446	hca:0481_10.1016_j.immuni.2023.01.002_2da3d3f446		MAST CELL	MAST CELL	3	3	1.0	14	1.0	1.0
LLMarkers	llmarkers|hca|0481_10.1016_j.immuni.2023.01.002_2da3d3f446	llmarkers|hca|0481_10.1016_j.immuni.2023.01.002_2da3d3f446	hca:0481_10.1016_j.immuni.2023.01.002_2da3d3f446		MONOCYTE	MONOCYTE	3	3	1.0	23	0.3333333333333333	0.3333333333333333
LLMarkers	llmarkers|hca|0481_10.1016_j.immuni.2023.01.002_2da3d3f446	llmarkers|hca|0481_10.1016_j.immuni.2023.01.002_2da3d3f446	hca:0481_10.1016_j.immuni.2023.01.002_2da3d3f446		NK CELL	NK CELL	3	3	1.0	15	1.0	1.0
LLMarkers	llmarkers|hca|0481_10.1016_j.immuni.2023.01.002_2da3d3f446	llmarkers|hca|0481_10.1016_j.immuni.2023.01.002_2da3d3f446	hca:0481_10.1016_j.immuni.2023.01.002_2da3d3f446		PANETH CELL	PANETH CELL	3	3	1.0	1	0.6666666666666666	0.6666666666666666
LLMarkers	llmarkers|hca|0481_10.1016_j.immuni.2023.01.002_2da3d3f446	llmarkers|hca|0481_10.1016_j.immuni.2023.01.002_2da3d3f446	hca:0481_10.1016_j.immuni.2023.01.002_2da3d3f446		PLASMA CELL	PLASMA CELL	4	4	1.0	15	0.75	0.75
LLMarkers	llmarkers|hca|0481_10.1016_j.immuni.2023.01.002_2da3d3f446	llmarkers|hca|0481_10.1016_j.immuni.2023.01.002_2da3d3f446	hca:0481_10.1016_j.immuni.2023.01.002_2da3d3f446		STEM CELL	STEM CELL	5	5	1.0	6	1.0	1.0
LLMarkers	llmarkers|hca|0481_10.1016_j.immuni.2023.01.002_2da3d3f446	llmarkers|hca|0481_10.1016_j.immuni.2023.01.002_2da3d3f446	hca:0481_10.1016_j.immuni.2023.01.002_2da3d3f446		STROMAL	STROMAL	5	5	1.0	3	0.2	0.2
LLMarkers	llmarkers|hca|0481_10.1016_j.immuni.2023.01.002_2da3d3f446	llmarkers|hca|0481_10.1016_j.immuni.2023.01.002_2da3d3f446	hca:0481_10.1016_j.immuni.2023.01.002_2da3d3f446		T CELL	T CELL	3	0	0.0	37	1.0	
LLMarkers	llmarkers|hca|0482_10.1016_j.devcel.2022.04.003_a4b7ddcf39	llmarkers|hca|0482_10.1016_j.devcel.2022.04.003_a4b7ddcf39	hca:0482_10.1016_j.devcel.2022.04.003_a4b7ddcf39		LYMPHOCYTE	LYMPHOCYTE	3	3	1.0	4	0.0	0.0
LLMarkers	llmarkers|hca|0482_10.1016_j.devcel.2022.04.003_a4b7ddcf39	llmarkers|hca|0482_10.1016_j.devcel.2022.04.003_a4b7ddcf39	hca:0482_10.1016_j.devcel.2022.04.003_a4b7ddcf39		MESODERM	MESODERM	9	9	1.0	0		
LLMarkers	llmarkers|hca|0482_10.1016_j.devcel.2022.04.003_a4b7ddcf39	llmarkers|hca|0482_10.1016_j.devcel.2022.04.003_a4b7ddcf39	hca:0482_10.1016_j.devcel.2022.04.003_a4b7ddcf39		MYOBLAST	MYOBLAST	6	6	1.0	0		
LLMarkers	llmarkers|hca|0482_10.1016_j.devcel.2022.04.003_a4b7ddcf39	llmarkers|hca|0482_10.1016_j.devcel.2022.04.003_a4b7ddcf39	hca:0482_10.1016_j.devcel.2022.04.003_a4b7ddcf39		MYOCYTE	MYOCYTE	11	11	1.0	0		
LLMarkers	llmarkers|hca|0485_10.1038_s41467-021-26495-2_5e641690ff	llmarkers|hca|0485_10.1038_s41467-021-26495-2_5e641690ff	hca:0485_10.1038_s41467-021-26495-2_5e641690ff		ECS	ECS	3	3	1.0	2	0.0	0.0
LLMarkers	llmarkers|hca|0485_10.1038_s41467-021-26495-2_5e641690ff	llmarkers|hca|0485_10.1038_s41467-021-26495-2_5e641690ff	hca:0485_10.1038_s41467-021-26495-2_5e641690ff		FB1	FB 1	12	12	1.0	5	0.08333333333333333	0.08333333333333333
LLMarkers	llmarkers|hca|0485_10.1038_s41467-021-26495-2_5e641690ff	llmarkers|hca|0485_10.1038_s41467-021-26495-2_5e641690ff	hca:0485_10.1038_s41467-021-26495-2_5e641690ff		FBS	FBS	11	11	1.0	0		
LLMarkers	llmarkers|hca|0485_10.1038_s41467-021-26495-2_5e641690ff	llmarkers|hca|0485_10.1038_s41467-021-26495-2_5e641690ff	hca:0485_10.1038_s41467-021-26495-2_5e641690ff		SMC/PERICYTES	SMC PERICYTES	4	4	1.0	0		
LLMarkers	llmarkers|hca|0486_10.1016_j.xfss.2022.09.001_c256ed6917	llmarkers|hca|0486_10.1016_j.xfss.2022.09.001_c256ed6917	hca:0486_10.1016_j.xfss.2022.09.001_c256ed6917		CLUSTER 0	CLUSTER 0	5	1	0.2	4	0.0	0.0
LLMarkers	llmarkers|hca|0486_10.1016_j.xfss.2022.09.001_c256ed6917	llmarkers|hca|0486_10.1016_j.xfss.2022.09.001_c256ed6917	hca:0486_10.1016_j.xfss.2022.09.001_c256ed6917		CLUSTER 1	CLUSTER 1	5	2	0.4	13	0.0	0.0
LLMarkers	llmarkers|hca|0486_10.1016_j.xfss.2022.09.001_c256ed6917	llmarkers|hca|0486_10.1016_j.xfss.2022.09.001_c256ed6917	hca:0486_10.1016_j.xfss.2022.09.001_c256ed6917		CLUSTER 2	CLUSTER 2	5	4	0.8	18	0.2	0.25
LLMarkers	llmarkers|hca|0486_10.1016_j.xfss.2022.09.001_c256ed6917	llmarkers|hca|0486_10.1016_j.xfss.2022.09.001_c256ed6917	hca:0486_10.1016_j.xfss.2022.09.001_c256ed6917		CLUSTER 3	CLUSTER 3	3	1	0.3333333333333333	11	0.0	0.0
LLMarkers	llmarkers|hca|0486_10.1016_j.xfss.2022.09.001_c256ed6917	llmarkers|hca|0486_10.1016_j.xfss.2022.09.001_c256ed6917	hca:0486_10.1016_j.xfss.2022.09.001_c256ed6917		CLUSTER 4	CLUSTER 4	5	3	0.6	10	0.0	0.0
LLMarkers	llmarkers|hca|0486_10.1016_j.xfss.2022.09.001_c256ed6917	llmarkers|hca|0486_10.1016_j.xfss.2022.09.001_c256ed6917	hca:0486_10.1016_j.xfss.2022.09.001_c256ed6917		CLUSTER 5	CLUSTER 5	5	3	0.6	8	0.2	0.3333333333333333
LLMarkers	llmarkers|hca|0486_10.1016_j.xfss.2022.09.001_c256ed6917	llmarkers|hca|0486_10.1016_j.xfss.2022.09.001_c256ed6917	hca:0486_10.1016_j.xfss.2022.09.001_c256ed6917		CLUSTER 7	CLUSTER 7	5	2	0.4	4	0.0	0.0
LLMarkers	llmarkers|hca|0486_10.1016_j.xfss.2022.09.001_c256ed6917	llmarkers|hca|0486_10.1016_j.xfss.2022.09.001_c256ed6917	hca:0486_10.1016_j.xfss.2022.09.001_c256ed6917		CLUSTER 8	CLUSTER 8	5	4	0.8	3	0.0	0.0
LLMarkers	llmarkers|hca|0486_10.1016_j.xfss.2022.09.001_c256ed6917	llmarkers|hca|0486_10.1016_j.xfss.2022.09.001_c256ed6917	hca:0486_10.1016_j.xfss.2022.09.001_c256ed6917		CLUSTER 9	CLUSTER 9	6	4	0.6666666666666666	1	0.0	0.0
LLMarkers	llmarkers|hca|0486_10.1016_j.xfss.2022.09.001_c256ed6917	llmarkers|hca|0486_10.1016_j.xfss.2022.09.001_c256ed6917	hca:0486_10.1016_j.xfss.2022.09.001_c256ed6917		EMSC	EMSC	3	0	0.0	0		
LLMarkers	llmarkers|hca|0486_10.1016_j.xfss.2022.09.001_c256ed6917	llmarkers|hca|0486_10.1016_j.xfss.2022.09.001_c256ed6917	hca:0486_10.1016_j.xfss.2022.09.001_c256ed6917		ENDOMETRIAL MESENCHYMAL STEM CELL	ENDOMETRIAL MESENCHYMAL STEM CELL	3	0	0.0	0		
LLMarkers	llmarkers|hca|0486_10.1016_j.xfss.2022.09.001_c256ed6917	llmarkers|hca|0486_10.1016_j.xfss.2022.09.001_c256ed6917	hca:0486_10.1016_j.xfss.2022.09.001_c256ed6917		MATURE FIBROBLAST	MATURE FIBROBLAST	3	0	0.0	0		
LLMarkers	llmarkers|hca|0488_10.1073_pnas.1908706116_5dfd6c0233	llmarkers|hca|0488_10.1073_pnas.1908706116_5dfd6c0233	hca:0488_10.1073_pnas.1908706116_5dfd6c0233		ENDOTHELIAL CELL	ENDOTHELIAL CELL	4	2	0.5	27	0.0	0.0
LLMarkers	llmarkers|hca|0488_10.1073_pnas.1908706116_5dfd6c0233	llmarkers|hca|0488_10.1073_pnas.1908706116_5dfd6c0233	hca:0488_10.1073_pnas.1908706116_5dfd6c0233		MESANGIAL CELL	MESANGIAL CELL	4	4	1.0	3	0.0	0.0
LLMarkers	llmarkers|hca|0488_10.1073_pnas.1908706116_5dfd6c0233	llmarkers|hca|0488_10.1073_pnas.1908706116_5dfd6c0233	hca:0488_10.1073_pnas.1908706116_5dfd6c0233		MONOCYTE	MONOCYTE	6	6	1.0	23	0.0	0.0
LLMarkers	llmarkers|hca|0488_10.1073_pnas.1908706116_5dfd6c0233	llmarkers|hca|0488_10.1073_pnas.1908706116_5dfd6c0233	hca:0488_10.1073_pnas.1908706116_5dfd6c0233		PARIETAL EPITHELIAL CELL	PARIETAL EPITHELIAL CELL	4	4	1.0	0		
LLMarkers	llmarkers|hca|0488_10.1073_pnas.1908706116_5dfd6c0233	llmarkers|hca|0488_10.1073_pnas.1908706116_5dfd6c0233	hca:0488_10.1073_pnas.1908706116_5dfd6c0233		PODOCYTE	PODOCYTE	7	5	0.7142857142857143	6	0.0	0.0
LLMarkers	llmarkers|hca|0488_10.1073_pnas.1908706116_5dfd6c0233	llmarkers|hca|0488_10.1073_pnas.1908706116_5dfd6c0233	hca:0488_10.1073_pnas.1908706116_5dfd6c0233		PRINCIPAL CELL	PRINCIPAL CELL	5	5	1.0	2	0.0	0.0
LLMarkers	llmarkers|hca|0489_10.1016_j.cell.2021.02.018_b0761e6af0	llmarkers|hca|0489_10.1016_j.cell.2021.02.018_b0761e6af0	hca:0489_10.1016_j.cell.2021.02.018_b0761e6af0		CD56 DIM CD16 HI NK CELL	CD 56 DIM CD 16 HI NK CELL	5	5	1.0	0		
LLMarkers	llmarkers|hca|0490_10.1038_nsmb.2660_4e6a41d8b9	llmarkers|hca|0490_10.1038_nsmb.2660_4e6a41d8b9	hca:0490_10.1038_nsmb.2660_4e6a41d8b9		EPI	EPI	4	1	0.25	3	0.75	0.0
LLMarkers	llmarkers|hca|0490_10.1038_nsmb.2660_4e6a41d8b9	llmarkers|hca|0490_10.1038_nsmb.2660_4e6a41d8b9	hca:0490_10.1038_nsmb.2660_4e6a41d8b9		HESCS	HESCS	6	5	0.8333333333333334	0		
LLMarkers	llmarkers|hca|0490_10.1038_nsmb.2660_4e6a41d8b9	llmarkers|hca|0490_10.1038_nsmb.2660_4e6a41d8b9	hca:0490_10.1038_nsmb.2660_4e6a41d8b9		ICM	ICM	3	0	0.0	1	1.0	
LLMarkers	llmarkers|hca|0490_10.1038_nsmb.2660_4e6a41d8b9	llmarkers|hca|0490_10.1038_nsmb.2660_4e6a41d8b9	hca:0490_10.1038_nsmb.2660_4e6a41d8b9		TE	TE	7	7	1.0	3	0.5714285714285714	0.5714285714285714
LLMarkers	llmarkers|hca|0491_10.1016_j.celrep.2018.09.006_befb59b9fa	llmarkers|hca|0491_10.1016_j.celrep.2018.09.006_befb59b9fa	hca:0491_10.1016_j.celrep.2018.09.006_befb59b9fa		BASAL1	BASAL 1	4	2	0.5	2	0.25	0.0
LLMarkers	llmarkers|hca|0491_10.1016_j.celrep.2018.09.006_befb59b9fa	llmarkers|hca|0491_10.1016_j.celrep.2018.09.006_befb59b9fa	hca:0491_10.1016_j.celrep.2018.09.006_befb59b9fa		BASAL2	BASAL 2	4	2	0.5	1	0.0	0.0
LLMarkers	llmarkers|hca|0491_10.1016_j.celrep.2018.09.006_befb59b9fa	llmarkers|hca|0491_10.1016_j.celrep.2018.09.006_befb59b9fa	hca:0491_10.1016_j.celrep.2018.09.006_befb59b9fa		CD3+ ΑΒ T CELL	CD 3 T CELL	6	6	1.0	0		
LLMarkers	llmarkers|hca|0491_10.1016_j.celrep.2018.09.006_befb59b9fa	llmarkers|hca|0491_10.1016_j.celrep.2018.09.006_befb59b9fa	hca:0491_10.1016_j.celrep.2018.09.006_befb59b9fa		CHANNEL	CHANNEL	11	11	1.0	0		
LLMarkers	llmarkers|hca|0491_10.1016_j.celrep.2018.09.006_befb59b9fa	llmarkers|hca|0491_10.1016_j.celrep.2018.09.006_befb59b9fa	hca:0491_10.1016_j.celrep.2018.09.006_befb59b9fa		FOLLICULAR	FOLLICULAR	5	4	0.8	0		
LLMarkers	llmarkers|hca|0491_10.1016_j.celrep.2018.09.006_befb59b9fa	llmarkers|hca|0491_10.1016_j.celrep.2018.09.006_befb59b9fa	hca:0491_10.1016_j.celrep.2018.09.006_befb59b9fa		GRANULAR	GRANULAR	3	3	1.0	0		
LLMarkers	llmarkers|hca|0491_10.1016_j.celrep.2018.09.006_befb59b9fa	llmarkers|hca|0491_10.1016_j.celrep.2018.09.006_befb59b9fa	hca:0491_10.1016_j.celrep.2018.09.006_befb59b9fa		HR-WNTI	HR WNTI	10	6	0.6	0		
LLMarkers	llmarkers|hca|0491_10.1016_j.celrep.2018.09.006_befb59b9fa	llmarkers|hca|0491_10.1016_j.celrep.2018.09.006_befb59b9fa	hca:0491_10.1016_j.celrep.2018.09.006_befb59b9fa		MEL1	MEL 1	3	0	0.0	0		
LLMarkers	llmarkers|hca|0491_10.1016_j.celrep.2018.09.006_befb59b9fa	llmarkers|hca|0491_10.1016_j.celrep.2018.09.006_befb59b9fa	hca:0491_10.1016_j.celrep.2018.09.006_befb59b9fa		MEL2	MEL 2	3	0	0.0	0		
LLMarkers	llmarkers|hca|0491_10.1016_j.celrep.2018.09.006_befb59b9fa	llmarkers|hca|0491_10.1016_j.celrep.2018.09.006_befb59b9fa	hca:0491_10.1016_j.celrep.2018.09.006_befb59b9fa		SPINOUS	SPINOUS	4	4	1.0	0		
LLMarkers	llmarkers|hca|0491_10.1016_j.celrep.2018.09.006_befb59b9fa	llmarkers|hca|0491_10.1016_j.celrep.2018.09.006_befb59b9fa	hca:0491_10.1016_j.celrep.2018.09.006_befb59b9fa		UHF DIFF	UHF DIFF	3	2	0.6666666666666666	0		
LLMarkers	llmarkers|hca|0491_10.1016_j.celrep.2018.09.006_befb59b9fa	llmarkers|hca|0491_10.1016_j.celrep.2018.09.006_befb59b9fa	hca:0491_10.1016_j.celrep.2018.09.006_befb59b9fa		WNTI	WNTI	4	0	0.0	0		
LLMarkers	llmarkers|hca|0492_10.1038_s41591-021-01332-7_1dacee7a8b	llmarkers|hca|0492_10.1038_s41591-021-01332-7_1dacee7a8b	hca:0492_10.1038_s41591-021-01332-7_1dacee7a8b		BASAL 1	BASAL 1	3	3	1.0	2	0.6666666666666666	0.6666666666666666
LLMarkers	llmarkers|hca|0492_10.1038_s41591-021-01332-7_1dacee7a8b	llmarkers|hca|0492_10.1038_s41591-021-01332-7_1dacee7a8b	hca:0492_10.1038_s41591-021-01332-7_1dacee7a8b		BASAL3	BASAL 3	3	3	1.0	0		
LLMarkers	llmarkers|hca|0492_10.1038_s41591-021-01332-7_1dacee7a8b	llmarkers|hca|0492_10.1038_s41591-021-01332-7_1dacee7a8b	hca:0492_10.1038_s41591-021-01332-7_1dacee7a8b		BASAL4	BASAL 4	3	3	1.0	0		
LLMarkers	llmarkers|hca|0492_10.1038_s41591-021-01332-7_1dacee7a8b	llmarkers|hca|0492_10.1038_s41591-021-01332-7_1dacee7a8b	hca:0492_10.1038_s41591-021-01332-7_1dacee7a8b		CILIATED1	CILIATED 1	7	4	0.5714285714285714	0		
LLMarkers	llmarkers|hca|0492_10.1038_s41591-021-01332-7_1dacee7a8b	llmarkers|hca|0492_10.1038_s41591-021-01332-7_1dacee7a8b	hca:0492_10.1038_s41591-021-01332-7_1dacee7a8b		CILIATED2	CILIATED 2	4	3	0.75	0		
LLMarkers	llmarkers|hca|0492_10.1038_s41591-021-01332-7_1dacee7a8b	llmarkers|hca|0492_10.1038_s41591-021-01332-7_1dacee7a8b	hca:0492_10.1038_s41591-021-01332-7_1dacee7a8b		CILIATED3	CILIATED 3	5	4	0.8	0		
LLMarkers	llmarkers|hca|0492_10.1038_s41591-021-01332-7_1dacee7a8b	llmarkers|hca|0492_10.1038_s41591-021-01332-7_1dacee7a8b	hca:0492_10.1038_s41591-021-01332-7_1dacee7a8b		SECRETORY2	SECRETORY 2	6	5	0.8333333333333334	0		
LLMarkers	llmarkers|hca|0492_10.1038_s41591-021-01332-7_1dacee7a8b	llmarkers|hca|0492_10.1038_s41591-021-01332-7_1dacee7a8b	hca:0492_10.1038_s41591-021-01332-7_1dacee7a8b		SECRETORY3	SECRETORY 3	4	2	0.5	0		
LLMarkers	llmarkers|hca|0492_10.1038_s41591-021-01332-7_1dacee7a8b	llmarkers|hca|0492_10.1038_s41591-021-01332-7_1dacee7a8b	hca:0492_10.1038_s41591-021-01332-7_1dacee7a8b		SECRETORY4	SECRETORY 4	4	3	0.75	0		
LLMarkers	llmarkers|hca|0493_10.1161_circulationaha.119.045401_814f085618	llmarkers|hca|0493_10.1161_circulationaha.119.045401_814f085618	hca:0493_10.1161_circulationaha.119.045401_814f085618		ATRIAL CARDIOMYOCYTE	ATRIAL CARDIOMYOCYTE	3	3	1.0	2	1.0	1.0
LLMarkers	llmarkers|hca|0493_10.1161_circulationaha.119.045401_814f085618	llmarkers|hca|0493_10.1161_circulationaha.119.045401_814f085618	hca:0493_10.1161_circulationaha.119.045401_814f085618		CARDIAC RESIDENT MACROPHAGE	CARDIAC RESIDENT MACROPHAGE	5	5	1.0	0		
LLMarkers	llmarkers|hca|0493_10.1161_circulationaha.119.045401_814f085618	llmarkers|hca|0493_10.1161_circulationaha.119.045401_814f085618	hca:0493_10.1161_circulationaha.119.045401_814f085618		L-EC	L EC	3	3	1.0	0		
LLMarkers	llmarkers|hca|0493_10.1161_circulationaha.119.045401_814f085618	llmarkers|hca|0493_10.1161_circulationaha.119.045401_814f085618	hca:0493_10.1161_circulationaha.119.045401_814f085618		LYMPHOCYTE	LYMPHOCYTE	3	3	1.0	4	0.3333333333333333	0.3333333333333333
LLMarkers	llmarkers|hca|0493_10.1161_circulationaha.119.045401_814f085618	llmarkers|hca|0493_10.1161_circulationaha.119.045401_814f085618	hca:0493_10.1161_circulationaha.119.045401_814f085618		MAST CELL	MAST CELL	3	3	1.0	14	1.0	1.0
LLMarkers	llmarkers|hca|0493_10.1161_circulationaha.119.045401_814f085618	llmarkers|hca|0493_10.1161_circulationaha.119.045401_814f085618	hca:0493_10.1161_circulationaha.119.045401_814f085618		NEURONAL CELL	NEURONAL CELL	3	3	1.0	2	0.6666666666666666	0.6666666666666666
LLMarkers	llmarkers|hca|0494_10.1038_s41467-021-27895-0_bbe3158fbf	llmarkers|hca|0494_10.1038_s41467-021-27895-0_bbe3158fbf	hca:0494_10.1038_s41467-021-27895-0_bbe3158fbf		FB	FB	3	3	1.0	1	0.3333333333333333	0.3333333333333333
LLMarkers	llmarkers|hca|0494_10.1038_s41467-021-27895-0_bbe3158fbf	llmarkers|hca|0494_10.1038_s41467-021-27895-0_bbe3158fbf	hca:0494_10.1038_s41467-021-27895-0_bbe3158fbf		HR	HR	4	4	1.0	1	0.5	0.5
LLMarkers	llmarkers|hca|0494_10.1038_s41467-021-27895-0_bbe3158fbf	llmarkers|hca|0494_10.1038_s41467-021-27895-0_bbe3158fbf	hca:0494_10.1038_s41467-021-27895-0_bbe3158fbf		LC1	LC 1	10	1	0.1	0		
LLMarkers	llmarkers|hca|0494_10.1038_s41467-021-27895-0_bbe3158fbf	llmarkers|hca|0494_10.1038_s41467-021-27895-0_bbe3158fbf	hca:0494_10.1038_s41467-021-27895-0_bbe3158fbf		LC2	LC 2	10	1	0.1	0		
LLMarkers	llmarkers|hca|0494_10.1038_s41467-021-27895-0_bbe3158fbf	llmarkers|hca|0494_10.1038_s41467-021-27895-0_bbe3158fbf	hca:0494_10.1038_s41467-021-27895-0_bbe3158fbf		MACROPHAGE	MACROPHAGE	3	3	1.0	28	1.0	1.0
LLMarkers	llmarkers|hca|0494_10.1038_s41467-021-27895-0_bbe3158fbf	llmarkers|hca|0494_10.1038_s41467-021-27895-0_bbe3158fbf	hca:0494_10.1038_s41467-021-27895-0_bbe3158fbf		MY	MY	7	7	1.0	0		
LLMarkers	llmarkers|hca|0496_10.1038_s41593-020-00787-0_59956d4662	llmarkers|hca|0496_10.1038_s41593-020-00787-0_59956d4662	hca:0496_10.1038_s41593-020-00787-0_59956d4662		L1	L 1	4	4	1.0	0		
LLMarkers	llmarkers|hca|0496_10.1038_s41593-020-00787-0_59956d4662	llmarkers|hca|0496_10.1038_s41593-020-00787-0_59956d4662	hca:0496_10.1038_s41593-020-00787-0_59956d4662		L2	L 2	3	3	1.0	1	0.0	0.0
LLMarkers	llmarkers|hca|0496_10.1038_s41593-020-00787-0_59956d4662	llmarkers|hca|0496_10.1038_s41593-020-00787-0_59956d4662	hca:0496_10.1038_s41593-020-00787-0_59956d4662		L5	L 5	3	3	1.0	0		
LLMarkers	llmarkers|hca|0496_10.1038_s41593-020-00787-0_59956d4662	llmarkers|hca|0496_10.1038_s41593-020-00787-0_59956d4662	hca:0496_10.1038_s41593-020-00787-0_59956d4662		L6	L 6	3	3	1.0	0		
LLMarkers	llmarkers|hca|0497_10.1016_j.cell.2016.03.023_1e72ea1d04	llmarkers|hca|0497_10.1016_j.cell.2016.03.023_1e72ea1d04	hca:0497_10.1016_j.cell.2016.03.023_1e72ea1d04		EPI	EPI	12	12	1.0	3	0.4166666666666667	0.4166666666666667
LLMarkers	llmarkers|hca|0497_10.1016_j.cell.2016.03.023_1e72ea1d04	llmarkers|hca|0497_10.1016_j.cell.2016.03.023_1e72ea1d04	hca:0497_10.1016_j.cell.2016.03.023_1e72ea1d04		PE	PE	10	10	1.0	2	0.0	0.0
LLMarkers	llmarkers|hca|0497_10.1016_j.cell.2016.03.023_1e72ea1d04	llmarkers|hca|0497_10.1016_j.cell.2016.03.023_1e72ea1d04	hca:0497_10.1016_j.cell.2016.03.023_1e72ea1d04		TE	TE	8	8	1.0	3	0.75	0.75
LLMarkers	llmarkers|hca|0498_10.1038_s41598-017-11044-z_4cb11e808c	llmarkers|hca|0498_10.1038_s41598-017-11044-z_4cb11e808c	hca:0498_10.1038_s41598-017-11044-z_4cb11e808c		FEMALE BLASTOCYST #3	FEMALE BLASTOCYST 3	7	7	1.0	0		
LLMarkers	llmarkers|hca|0500_10.1073_pnas.2306153120_5c49b25904	llmarkers|hca|0500_10.1073_pnas.2306153120_5c49b25904	hca:0500_10.1073_pnas.2306153120_5c49b25904		ASTROCYTE	ASTROCYTE	5	5	1.0	7	0.2	0.2
LLMarkers	llmarkers|hca|0500_10.1073_pnas.2306153120_5c49b25904	llmarkers|hca|0500_10.1073_pnas.2306153120_5c49b25904	hca:0500_10.1073_pnas.2306153120_5c49b25904		C1	C 1	3	2	0.6666666666666666	5	0.0	0.0
LLMarkers	llmarkers|hca|0500_10.1073_pnas.2306153120_5c49b25904	llmarkers|hca|0500_10.1073_pnas.2306153120_5c49b25904	hca:0500_10.1073_pnas.2306153120_5c49b25904		C11	C 11	3	1	0.3333333333333333	1	0.0	0.0
LLMarkers	llmarkers|hca|0500_10.1073_pnas.2306153120_5c49b25904	llmarkers|hca|0500_10.1073_pnas.2306153120_5c49b25904	hca:0500_10.1073_pnas.2306153120_5c49b25904		C12	C 12	3	2	0.6666666666666666	0		
LLMarkers	llmarkers|hca|0500_10.1073_pnas.2306153120_5c49b25904	llmarkers|hca|0500_10.1073_pnas.2306153120_5c49b25904	hca:0500_10.1073_pnas.2306153120_5c49b25904		C15	C 15	4	4	1.0	0		
LLMarkers	llmarkers|hca|0500_10.1073_pnas.2306153120_5c49b25904	llmarkers|hca|0500_10.1073_pnas.2306153120_5c49b25904	hca:0500_10.1073_pnas.2306153120_5c49b25904		C16	C 16	3	2	0.6666666666666666	1	0.0	0.0
LLMarkers	llmarkers|hca|0500_10.1073_pnas.2306153120_5c49b25904	llmarkers|hca|0500_10.1073_pnas.2306153120_5c49b25904	hca:0500_10.1073_pnas.2306153120_5c49b25904		C19	C 19	3	3	1.0	0		
LLMarkers	llmarkers|hca|0500_10.1073_pnas.2306153120_5c49b25904	llmarkers|hca|0500_10.1073_pnas.2306153120_5c49b25904	hca:0500_10.1073_pnas.2306153120_5c49b25904		C20	C 20	3	0	0.0	0		
LLMarkers	llmarkers|hca|0500_10.1073_pnas.2306153120_5c49b25904	llmarkers|hca|0500_10.1073_pnas.2306153120_5c49b25904	hca:0500_10.1073_pnas.2306153120_5c49b25904		C21	C 21	3	2	0.6666666666666666	0		
LLMarkers	llmarkers|hca|0500_10.1073_pnas.2306153120_5c49b25904	llmarkers|hca|0500_10.1073_pnas.2306153120_5c49b25904	hca:0500_10.1073_pnas.2306153120_5c49b25904		C24	C 24	4	2	0.5	0		
LLMarkers	llmarkers|hca|0500_10.1073_pnas.2306153120_5c49b25904	llmarkers|hca|0500_10.1073_pnas.2306153120_5c49b25904	hca:0500_10.1073_pnas.2306153120_5c49b25904		C26	C 26	3	3	1.0	0		
LLMarkers	llmarkers|hca|0500_10.1073_pnas.2306153120_5c49b25904	llmarkers|hca|0500_10.1073_pnas.2306153120_5c49b25904	hca:0500_10.1073_pnas.2306153120_5c49b25904		C27	C 27	3	0	0.0	0		
LLMarkers	llmarkers|hca|0500_10.1073_pnas.2306153120_5c49b25904	llmarkers|hca|0500_10.1073_pnas.2306153120_5c49b25904	hca:0500_10.1073_pnas.2306153120_5c49b25904		C33	C 33	3	3	1.0	0		
LLMarkers	llmarkers|hca|0500_10.1073_pnas.2306153120_5c49b25904	llmarkers|hca|0500_10.1073_pnas.2306153120_5c49b25904	hca:0500_10.1073_pnas.2306153120_5c49b25904		C34	C 34	3	3	1.0	0		
LLMarkers	llmarkers|hca|0500_10.1073_pnas.2306153120_5c49b25904	llmarkers|hca|0500_10.1073_pnas.2306153120_5c49b25904	hca:0500_10.1073_pnas.2306153120_5c49b25904		C35	C 35	3	3	1.0	0		
LLMarkers	llmarkers|hca|0500_10.1073_pnas.2306153120_5c49b25904	llmarkers|hca|0500_10.1073_pnas.2306153120_5c49b25904	hca:0500_10.1073_pnas.2306153120_5c49b25904		C4	C 4	4	2	0.5	2	0.0	0.0
LLMarkers	llmarkers|hca|0500_10.1073_pnas.2306153120_5c49b25904	llmarkers|hca|0500_10.1073_pnas.2306153120_5c49b25904	hca:0500_10.1073_pnas.2306153120_5c49b25904		C6	C 6	3	1	0.3333333333333333	3	0.0	0.0
LLMarkers	llmarkers|hca|0500_10.1073_pnas.2306153120_5c49b25904	llmarkers|hca|0500_10.1073_pnas.2306153120_5c49b25904	hca:0500_10.1073_pnas.2306153120_5c49b25904		C8	C 8	3	1	0.3333333333333333	0		
LLMarkers	llmarkers|hca|0500_10.1073_pnas.2306153120_5c49b25904	llmarkers|hca|0500_10.1073_pnas.2306153120_5c49b25904	hca:0500_10.1073_pnas.2306153120_5c49b25904		MACULAR RPE	MACULAR RPE	3	3	1.0	0		
LLMarkers	llmarkers|hca|0501_10.1126_sciimmunol.abb8786_1f1edec8bd	llmarkers|hca|0501_10.1126_sciimmunol.abb8786_1f1edec8bd	hca:0501_10.1126_sciimmunol.abb8786_1f1edec8bd		CD4 MEMORY BLOOD	CD 4 MEMORY BLOOD	3	1	0.3333333333333333	0		
LLMarkers	llmarkers|hca|0501_10.1126_sciimmunol.abb8786_1f1edec8bd	llmarkers|hca|0501_10.1126_sciimmunol.abb8786_1f1edec8bd	hca:0501_10.1126_sciimmunol.abb8786_1f1edec8bd		CD4 MEMORY CSF.1	CD 4 MEMORY CSF 1	4	3	0.75	0		
LLMarkers	llmarkers|hca|0501_10.1126_sciimmunol.abb8786_1f1edec8bd	llmarkers|hca|0501_10.1126_sciimmunol.abb8786_1f1edec8bd	hca:0501_10.1126_sciimmunol.abb8786_1f1edec8bd		CD4 MEMORY CSF.2	CD 4 MEMORY CSF 2	5	0	0.0	0		
LLMarkers	llmarkers|hca|0501_10.1126_sciimmunol.abb8786_1f1edec8bd	llmarkers|hca|0501_10.1126_sciimmunol.abb8786_1f1edec8bd	hca:0501_10.1126_sciimmunol.abb8786_1f1edec8bd		CD4 MEMORY CSF.3	CD 4 MEMORY CSF 3	9	1	0.1111111111111111	0		
LLMarkers	llmarkers|hca|0501_10.1126_sciimmunol.abb8786_1f1edec8bd	llmarkers|hca|0501_10.1126_sciimmunol.abb8786_1f1edec8bd	hca:0501_10.1126_sciimmunol.abb8786_1f1edec8bd		CD4 NAÏVE BLOOD	CD 4 NAIVE BLOOD	3	0	0.0	0		
LLMarkers	llmarkers|hca|0501_10.1126_sciimmunol.abb8786_1f1edec8bd	llmarkers|hca|0501_10.1126_sciimmunol.abb8786_1f1edec8bd	hca:0501_10.1126_sciimmunol.abb8786_1f1edec8bd		CD8 MEMORY BLOOD	CD 8 MEMORY BLOOD	4	0	0.0	0		
LLMarkers	llmarkers|hca|0501_10.1126_sciimmunol.abb8786_1f1edec8bd	llmarkers|hca|0501_10.1126_sciimmunol.abb8786_1f1edec8bd	hca:0501_10.1126_sciimmunol.abb8786_1f1edec8bd		CD8 MEMORY CSF	CD 8 MEMORY CSF	14	7	0.5	0		
LLMarkers	llmarkers|hca|0501_10.1126_sciimmunol.abb8786_1f1edec8bd	llmarkers|hca|0501_10.1126_sciimmunol.abb8786_1f1edec8bd	hca:0501_10.1126_sciimmunol.abb8786_1f1edec8bd		CD8 NAÏVE BLOOD	CD 8 NAIVE BLOOD	3	0	0.0	0		
LLMarkers	llmarkers|hca|0502_10.1016_j.xcrm.2024.101556_a84a219a11	llmarkers|hca|0502_10.1016_j.xcrm.2024.101556_a84a219a11	hca:0502_10.1016_j.xcrm.2024.101556_a84a219a11		ACAP	ACAP	3	3	1.0	0		
LLMarkers	llmarkers|hca|0502_10.1016_j.xcrm.2024.101556_a84a219a11	llmarkers|hca|0502_10.1016_j.xcrm.2024.101556_a84a219a11	hca:0502_10.1016_j.xcrm.2024.101556_a84a219a11		ART	ART	3	3	1.0	0		
LLMarkers	llmarkers|hca|0502_10.1016_j.xcrm.2024.101556_a84a219a11	llmarkers|hca|0502_10.1016_j.xcrm.2024.101556_a84a219a11	hca:0502_10.1016_j.xcrm.2024.101556_a84a219a11		CA	CA	3	3	1.0	0		
LLMarkers	llmarkers|hca|0502_10.1016_j.xcrm.2024.101556_a84a219a11	llmarkers|hca|0502_10.1016_j.xcrm.2024.101556_a84a219a11	hca:0502_10.1016_j.xcrm.2024.101556_a84a219a11		CAP	CAP	3	3	1.0	0		
LLMarkers	llmarkers|hca|0502_10.1016_j.xcrm.2024.101556_a84a219a11	llmarkers|hca|0502_10.1016_j.xcrm.2024.101556_a84a219a11	hca:0502_10.1016_j.xcrm.2024.101556_a84a219a11		EEC	EEC	4	1	0.25	2	0.0	0.0
LLMarkers	llmarkers|hca|0502_10.1016_j.xcrm.2024.101556_a84a219a11	llmarkers|hca|0502_10.1016_j.xcrm.2024.101556_a84a219a11	hca:0502_10.1016_j.xcrm.2024.101556_a84a219a11		EECS	EECS	3	0	0.0	0		
LLMarkers	llmarkers|hca|0502_10.1016_j.xcrm.2024.101556_a84a219a11	llmarkers|hca|0502_10.1016_j.xcrm.2024.101556_a84a219a11	hca:0502_10.1016_j.xcrm.2024.101556_a84a219a11		MESO	MESO	3	3	1.0	0		
LLMarkers	llmarkers|hca|0502_10.1016_j.xcrm.2024.101556_a84a219a11	llmarkers|hca|0502_10.1016_j.xcrm.2024.101556_a84a219a11	hca:0502_10.1016_j.xcrm.2024.101556_a84a219a11		PER	PER	5	5	1.0	0		
LLMarkers	llmarkers|hca|0502_10.1016_j.xcrm.2024.101556_a84a219a11	llmarkers|hca|0502_10.1016_j.xcrm.2024.101556_a84a219a11	hca:0502_10.1016_j.xcrm.2024.101556_a84a219a11		SMC	SMC	3	3	1.0	4	0.3333333333333333	0.3333333333333333
LLMarkers	llmarkers|hca|0502_10.1016_j.xcrm.2024.101556_a84a219a11	llmarkers|hca|0502_10.1016_j.xcrm.2024.101556_a84a219a11	hca:0502_10.1016_j.xcrm.2024.101556_a84a219a11		TIP	TIP	3	3	1.0	0		
LLMarkers	llmarkers|hca|0502_10.1016_j.xcrm.2024.101556_a84a219a11	llmarkers|hca|0502_10.1016_j.xcrm.2024.101556_a84a219a11	hca:0502_10.1016_j.xcrm.2024.101556_a84a219a11		VCAP	VCAP	3	3	1.0	0		
LLMarkers	llmarkers|hca|0502_10.1016_j.xcrm.2024.101556_a84a219a11	llmarkers|hca|0502_10.1016_j.xcrm.2024.101556_a84a219a11	hca:0502_10.1016_j.xcrm.2024.101556_a84a219a11		VEC	VEC	3	0	0.0	2	0.3333333333333333	
LLMarkers	llmarkers|hca|0502_10.1016_j.xcrm.2024.101556_a84a219a11	llmarkers|hca|0502_10.1016_j.xcrm.2024.101556_a84a219a11	hca:0502_10.1016_j.xcrm.2024.101556_a84a219a11		VECS	VECS	4	1	0.25	0		
LLMarkers	llmarkers|hca|0502_10.1016_j.xcrm.2024.101556_a84a219a11	llmarkers|hca|0502_10.1016_j.xcrm.2024.101556_a84a219a11	hca:0502_10.1016_j.xcrm.2024.101556_a84a219a11		VEN	VEN	3	3	1.0	0		
LLMarkers	llmarkers|hca|0505_10.1126_scitranslmed.abh2624_475f0b05e7	llmarkers|hca|0505_10.1126_scitranslmed.abh2624_475f0b05e7	hca:0505_10.1126_scitranslmed.abh2624_475f0b05e7		CMS	CMS	4	4	1.0	1	0.0	0.0
LLMarkers	llmarkers|hca|0506_10.1038_s41591-022-01680-y_160aaf8b86	llmarkers|hca|0506_10.1038_s41591-022-01680-y_160aaf8b86	hca:0506_10.1038_s41591-022-01680-y_160aaf8b86		ACTIVATED/CYCLING T CELL	ACTIVATED CYCLING T CELL	3	0	0.0	0		
LLMarkers	llmarkers|hca|0506_10.1038_s41591-022-01680-y_160aaf8b86	llmarkers|hca|0506_10.1038_s41591-022-01680-y_160aaf8b86	hca:0506_10.1038_s41591-022-01680-y_160aaf8b86		ACTIVATED/EFFECTOR T CELL	ACTIVATED EFFECTOR T CELL	4	4	1.0	0		
LLMarkers	llmarkers|hca|0506_10.1038_s41591-022-01680-y_160aaf8b86	llmarkers|hca|0506_10.1038_s41591-022-01680-y_160aaf8b86	hca:0506_10.1038_s41591-022-01680-y_160aaf8b86		ATYPICAL MEMORY B CELL	ATYPICAL MEMORY B CELL	3	3	1.0	0		
LLMarkers	llmarkers|hca|0506_10.1038_s41591-022-01680-y_160aaf8b86	llmarkers|hca|0506_10.1038_s41591-022-01680-y_160aaf8b86	hca:0506_10.1038_s41591-022-01680-y_160aaf8b86		B CELL	B CELL	6	5	0.8333333333333334	29	1.0	1.0
LLMarkers	llmarkers|hca|0506_10.1038_s41591-022-01680-y_160aaf8b86	llmarkers|hca|0506_10.1038_s41591-022-01680-y_160aaf8b86	hca:0506_10.1038_s41591-022-01680-y_160aaf8b86		GERMINAL CENTER (GC)-LIKE B CELL	GERMINAL CENTER GC LIKE B CELL	9	7	0.7777777777777778	0		
LLMarkers	llmarkers|hca|0506_10.1038_s41591-022-01680-y_160aaf8b86	llmarkers|hca|0506_10.1038_s41591-022-01680-y_160aaf8b86	hca:0506_10.1038_s41591-022-01680-y_160aaf8b86		NAIVE	NAIVE	3	3	1.0	0		
LLMarkers	llmarkers|hca|0506_10.1038_s41591-022-01680-y_160aaf8b86	llmarkers|hca|0506_10.1038_s41591-022-01680-y_160aaf8b86	hca:0506_10.1038_s41591-022-01680-y_160aaf8b86		PC	PC	6	6	1.0	4	0.5	0.5
LLMarkers	llmarkers|hca|0506_10.1038_s41591-022-01680-y_160aaf8b86	llmarkers|hca|0506_10.1038_s41591-022-01680-y_160aaf8b86	hca:0506_10.1038_s41591-022-01680-y_160aaf8b86		RESIDENT-LIKE MACROPHAGE	RESIDENT LIKE MACROPHAGE	4	4	1.0	0		
LLMarkers	llmarkers|hca|0506_10.1038_s41591-022-01680-y_160aaf8b86	llmarkers|hca|0506_10.1038_s41591-022-01680-y_160aaf8b86	hca:0506_10.1038_s41591-022-01680-y_160aaf8b86		T CELL	T CELL	3	3	1.0	37	0.6666666666666666	0.6666666666666666
LLMarkers	llmarkers|hca|0506_10.1038_s41591-022-01680-y_160aaf8b86	llmarkers|hca|0506_10.1038_s41591-022-01680-y_160aaf8b86	hca:0506_10.1038_s41591-022-01680-y_160aaf8b86		TPH CELL	TPH CELL	13	9	0.6923076923076923	0		
LLMarkers	llmarkers|hca|0506_10.1038_s41591-022-01680-y_160aaf8b86	llmarkers|hca|0506_10.1038_s41591-022-01680-y_160aaf8b86	hca:0506_10.1038_s41591-022-01680-y_160aaf8b86		TREG	TREG	8	4	0.5	14	0.875	0.75
LLMarkers	llmarkers|hca|0508_10.1016_j.devcel.2022.07.004_cfe769c9cf	llmarkers|hca|0508_10.1016_j.devcel.2022.07.004_cfe769c9cf	hca:0508_10.1016_j.devcel.2022.07.004_cfe769c9cf		TISSUE RESIDENT MEMORY T (TRM) CELL	TISSUE RESIDENT MEMORY T TRM CELL	3	3	1.0	0		
LLMarkers	llmarkers|hca|0509_10.1186_s13073-021-00941-8_26def488c5	llmarkers|hca|0509_10.1186_s13073-021-00941-8_26def488c5	hca:0509_10.1186_s13073-021-00941-8_26def488c5		DUCTAL CELL	DUCTAL CELL	3	3	1.0	4	0.6666666666666666	0.6666666666666666
LLMarkers	llmarkers|hca|0509_10.1186_s13073-021-00941-8_26def488c5	llmarkers|hca|0509_10.1186_s13073-021-00941-8_26def488c5	hca:0509_10.1186_s13073-021-00941-8_26def488c5		Β-CELL	CELL	5	5	1.0	18	0.8	0.8
LLMarkers	llmarkers|hca|0511_10.1016_j.jcmgh.2020.12.014_7220e03ee7	llmarkers|hca|0511_10.1016_j.jcmgh.2020.12.014_7220e03ee7	hca:0511_10.1016_j.jcmgh.2020.12.014_7220e03ee7		CHAT+ NEURON	CHAT NEURON	4	4	1.0	0		
LLMarkers	llmarkers|hca|0511_10.1016_j.jcmgh.2020.12.014_7220e03ee7	llmarkers|hca|0511_10.1016_j.jcmgh.2020.12.014_7220e03ee7	hca:0511_10.1016_j.jcmgh.2020.12.014_7220e03ee7		NOS1+/VIP+/GAL+	NOS 1 VIP GAL	3	3	1.0	0		
LLMarkers	llmarkers|hca|0512_10.1016_j.gastha.2022.12.004_3866b352db	llmarkers|hca|0512_10.1016_j.gastha.2022.12.004_3866b352db	hca:0512_10.1016_j.gastha.2022.12.004_3866b352db		ICC	ICC	13	9	0.6923076923076923	0		
LLMarkers	llmarkers|hca|0512_10.1016_j.gastha.2022.12.004_3866b352db	llmarkers|hca|0512_10.1016_j.gastha.2022.12.004_3866b352db	hca:0512_10.1016_j.gastha.2022.12.004_3866b352db		PΑC	PC	15	13	0.8666666666666667	4	0.0	0.0
LLMarkers	llmarkers|hca|0512_10.1016_j.gastha.2022.12.004_3866b352db	llmarkers|hca|0512_10.1016_j.gastha.2022.12.004_3866b352db	hca:0512_10.1016_j.gastha.2022.12.004_3866b352db		SMC	SMC	22	20	0.9090909090909091	4	0.22727272727272727	0.25
LLMarkers	llmarkers|hca|0513_10.1186_s13059-019-1906-x_0a4cb34cd5	llmarkers|hca|0513_10.1186_s13059-019-1906-x_0a4cb34cd5	hca:0513_10.1186_s13059-019-1906-x_0a4cb34cd5		ALVEOLAR TYPE 2	ALVEOLAR TYPE 2	3	3	1.0	1	1.0	1.0
LLMarkers	llmarkers|hca|0513_10.1186_s13059-019-1906-x_0a4cb34cd5	llmarkers|hca|0513_10.1186_s13059-019-1906-x_0a4cb34cd5	hca:0513_10.1186_s13059-019-1906-x_0a4cb34cd5		MACROPHAGE	MACROPHAGE	6	6	1.0	28	0.6666666666666666	0.6666666666666666
LLMarkers	llmarkers|hca|0513_10.1186_s13059-019-1906-x_0a4cb34cd5	llmarkers|hca|0513_10.1186_s13059-019-1906-x_0a4cb34cd5	hca:0513_10.1186_s13059-019-1906-x_0a4cb34cd5		PLASMA CELL	PLASMA CELL	3	3	1.0	15	1.0	1.0
LLMarkers	llmarkers|hca|0514_10.1016_j.stemcr.2021.12.008_8ef526797f	llmarkers|hca|0514_10.1016_j.stemcr.2021.12.008_8ef526797f	hca:0514_10.1016_j.stemcr.2021.12.008_8ef526797f		IPSC.RPE	IPSC RPE	11	0	0.0	0		
LLMarkers	llmarkers|hca|0514_10.1016_j.stemcr.2021.12.008_8ef526797f	llmarkers|hca|0514_10.1016_j.stemcr.2021.12.008_8ef526797f	hca:0514_10.1016_j.stemcr.2021.12.008_8ef526797f		IRPE	IRPE	4	0	0.0	0		
LLMarkers	llmarkers|hca|0514_10.1016_j.stemcr.2021.12.008_8ef526797f	llmarkers|hca|0514_10.1016_j.stemcr.2021.12.008_8ef526797f	hca:0514_10.1016_j.stemcr.2021.12.008_8ef526797f		IRPENC	IRPENC	7	0	0.0	0		
LLMarkers	llmarkers|hca|0514_10.1016_j.stemcr.2021.12.008_8ef526797f	llmarkers|hca|0514_10.1016_j.stemcr.2021.12.008_8ef526797f	hca:0514_10.1016_j.stemcr.2021.12.008_8ef526797f		IRPENC.HQ	IRPENC HQ	13	2	0.15384615384615385	0		
LLMarkers	llmarkers|hca|0514_10.1016_j.stemcr.2021.12.008_8ef526797f	llmarkers|hca|0514_10.1016_j.stemcr.2021.12.008_8ef526797f	hca:0514_10.1016_j.stemcr.2021.12.008_8ef526797f		RPE	RPE	6	2	0.3333333333333333	2	0.5	0.0
LLMarkers	llmarkers|hca|0515_10.1084_jem.20201189_d8d9a9e257	llmarkers|hca|0515_10.1084_jem.20201189_d8d9a9e257	hca:0515_10.1084_jem.20201189_d8d9a9e257		DP ΑΒΓΔ SKIN T CELL	DP SKIN T CELL	5	5	1.0	0		
LLMarkers	llmarkers|hca|0515_10.1084_jem.20201189_d8d9a9e257	llmarkers|hca|0515_10.1084_jem.20201189_d8d9a9e257	hca:0515_10.1084_jem.20201189_d8d9a9e257		DP ΑΒΓΔ T CELL	DP T CELL	11	8	0.7272727272727273	0		
LLMarkers	llmarkers|hca|0515_10.1084_jem.20201189_d8d9a9e257	llmarkers|hca|0515_10.1084_jem.20201189_d8d9a9e257	hca:0515_10.1084_jem.20201189_d8d9a9e257		SP	SP	3	3	1.0	0		
LLMarkers	llmarkers|hca|0515_10.1084_jem.20201189_d8d9a9e257	llmarkers|hca|0515_10.1084_jem.20201189_d8d9a9e257	hca:0515_10.1084_jem.20201189_d8d9a9e257		T REG	T REG	3	3	1.0	2	0.0	0.0
LLMarkers	llmarkers|hca|0515_10.1084_jem.20201189_d8d9a9e257	llmarkers|hca|0515_10.1084_jem.20201189_d8d9a9e257	hca:0515_10.1084_jem.20201189_d8d9a9e257		ΓΔ T CELL	T CELL	3	0	0.0	37	0.0	
CAP	cap|1152	cap|1152|cell_type	Single cell atlas of the human retina - all cells - scRNA-seq	cell_type	amacrine cell	AMACRINE CELL	4	4	1.0	0		
CAP	cap|1152	cap|1152|cell_type	Single cell atlas of the human retina - all cells - scRNA-seq	cell_type	midget ganglion cell of retina	MIDGET GANGLION CELL OF RETINA	3	3	1.0	0		
CAP	cap|1152	cap|1152|cell_type	Single cell atlas of the human retina - all cells - scRNA-seq	cell_type	retinal bipolar neuron	RETINAL BIPOLAR NEURON	5	5	1.0	0		
CAP	cap|1152	cap|1152|cell_type	Single cell atlas of the human retina - all cells - scRNA-seq	cell_type	starburst amacrine cell	STARBURST AMACRINE CELL	3	3	1.0	0		
CAP	cap|1153	cap|1153|author_cell_type	snRNA-seq of human retina - retinal ganglion cell subset	author_cell_type	HRGC10	HRGC 10	11	11	1.0	1	1.0	1.0
CAP	cap|1153	cap|1153|author_cell_type	snRNA-seq of human retina - retinal ganglion cell subset	author_cell_type	HRGC11	HRGC 11	4	4	1.0	1	1.0	1.0
CAP	cap|1153	cap|1153|author_cell_type	snRNA-seq of human retina - retinal ganglion cell subset	author_cell_type	HRGC3	HRGC 3	11	11	1.0	1	1.0	1.0
CAP	cap|1153	cap|1153|author_cell_type	snRNA-seq of human retina - retinal ganglion cell subset	author_cell_type	HRGC4	HRGC 4	3	3	1.0	1	1.0	1.0
CAP	cap|1153	cap|1153|author_cell_type	snRNA-seq of human retina - retinal ganglion cell subset	author_cell_type	HRGC5	HRGC 5	3	3	1.0	1	1.0	1.0
CAP	cap|1153	cap|1153|author_cell_type	snRNA-seq of human retina - retinal ganglion cell subset	author_cell_type	HRGC9	HRGC 9	11	11	1.0	1	1.0	1.0
CAP	cap|1153	cap|1153|author_cell_type	snRNA-seq of human retina - retinal ganglion cell subset	author_cell_type	ipRGC	IPRGC	15	15	1.0	1	1.0	1.0
CAP	cap|1153	cap|1153|author_cell_type	snRNA-seq of human retina - retinal ganglion cell subset	author_cell_type	MG_OFF	MG OFF	10	10	1.0	1	1.0	1.0
CAP	cap|1153	cap|1153|author_cell_type	snRNA-seq of human retina - retinal ganglion cell subset	author_cell_type	MG_ON	MG ON	11	11	1.0	1	1.0	1.0
CAP	cap|1153	cap|1153|author_cell_type	snRNA-seq of human retina - retinal ganglion cell subset	author_cell_type	PG_OFF	PG OFF	8	8	1.0	1	1.0	1.0
CAP	cap|1153	cap|1153|author_cell_type	snRNA-seq of human retina - retinal ganglion cell subset	author_cell_type	PG_ON	PG ON	10	10	1.0	1	1.0	1.0
CAP	cap|1154	cap|1154|author_cell_type	snRNA-seq of human retina - bipolar cell subset	author_cell_type	BB	BB	5	5	1.0	1	1.0	1.0
CAP	cap|1154	cap|1154|author_cell_type	snRNA-seq of human retina - bipolar cell subset	author_cell_type	DB1	DB 1	5	5	1.0	1	1.0	1.0
CAP	cap|1154	cap|1154|author_cell_type	snRNA-seq of human retina - bipolar cell subset	author_cell_type	DB3a	DB 3 A	5	5	1.0	1	1.0	1.0
CAP	cap|1154	cap|1154|author_cell_type	snRNA-seq of human retina - bipolar cell subset	author_cell_type	DB4a	DB 4 A	4	4	1.0	1	1.0	1.0
CAP	cap|1154	cap|1154|author_cell_type	snRNA-seq of human retina - bipolar cell subset	author_cell_type	DB5	DB 5	5	5	1.0	1	1.0	1.0
CAP	cap|1154	cap|1154|author_cell_type	snRNA-seq of human retina - bipolar cell subset	author_cell_type	DB6	DB 6	7	7	1.0	1	1.0	1.0
CAP	cap|1154	cap|1154|author_cell_type	snRNA-seq of human retina - bipolar cell subset	author_cell_type	GB	GB	5	5	1.0	1	1.0	1.0
CAP	cap|1154	cap|1154|author_cell_type	snRNA-seq of human retina - bipolar cell subset	author_cell_type	IMB	IMB	3	3	1.0	1	1.0	1.0
CAP	cap|1154	cap|1154|author_cell_type	snRNA-seq of human retina - bipolar cell subset	author_cell_type	RB	RB	3	3	1.0	1	1.0	1.0
CAP	cap|1155	cap|1155|author_cell_type	snRNA-seq of human retina - amacrine cell subset	author_cell_type	AII	AII	9	2	0.2222222222222222	2	1.0	1.0
CAP	cap|1155	cap|1155|author_cell_type	snRNA-seq of human retina - amacrine cell subset	author_cell_type	AII*	AII	9	0	0.0	2	1.0	
CAP	cap|1155	cap|1155|author_cell_type	snRNA-seq of human retina - amacrine cell subset	author_cell_type	CAI	CAI	8	5	0.625	1	1.0	1.0
CAP	cap|1155	cap|1155|author_cell_type	snRNA-seq of human retina - amacrine cell subset	author_cell_type	CAII	CAII	8	4	0.5	1	1.0	1.0
CAP	cap|1155	cap|1155|author_cell_type	snRNA-seq of human retina - amacrine cell subset	author_cell_type	HAC11	HAC 11	9	2	0.2222222222222222	1	1.0	1.0
CAP	cap|1155	cap|1155|author_cell_type	snRNA-seq of human retina - amacrine cell subset	author_cell_type	HAC12	HAC 12	9	4	0.4444444444444444	1	1.0	1.0
CAP	cap|1155	cap|1155|author_cell_type	snRNA-seq of human retina - amacrine cell subset	author_cell_type	HAC13	HAC 13	7	0	0.0	1	1.0	
CAP	cap|1155	cap|1155|author_cell_type	snRNA-seq of human retina - amacrine cell subset	author_cell_type	HAC14	HAC 14	9	1	0.1111111111111111	1	1.0	1.0
CAP	cap|1155	cap|1155|author_cell_type	snRNA-seq of human retina - amacrine cell subset	author_cell_type	HAC15	HAC 15	9	0	0.0	1	1.0	
CAP	cap|1155	cap|1155|author_cell_type	snRNA-seq of human retina - amacrine cell subset	author_cell_type	HAC17	HAC 17	8	5	0.625	1	1.0	1.0
CAP	cap|1155	cap|1155|author_cell_type	snRNA-seq of human retina - amacrine cell subset	author_cell_type	HAC18	HAC 18	7	0	0.0	1	1.0	
CAP	cap|1155	cap|1155|author_cell_type	snRNA-seq of human retina - amacrine cell subset	author_cell_type	HAC19	HAC 19	9	3	0.3333333333333333	1	1.0	1.0
CAP	cap|1155	cap|1155|author_cell_type	snRNA-seq of human retina - amacrine cell subset	author_cell_type	HAC2	HAC 2	9	3	0.3333333333333333	1	1.0	1.0
CAP	cap|1155	cap|1155|author_cell_type	snRNA-seq of human retina - amacrine cell subset	author_cell_type	HAC20	HAC 20	8	2	0.25	1	1.0	1.0
CAP	cap|1155	cap|1155|author_cell_type	snRNA-seq of human retina - amacrine cell subset	author_cell_type	HAC21	HAC 21	9	6	0.6666666666666666	1	1.0	1.0
CAP	cap|1155	cap|1155|author_cell_type	snRNA-seq of human retina - amacrine cell subset	author_cell_type	HAC23	HAC 23	9	2	0.2222222222222222	1	1.0	1.0
CAP	cap|1155	cap|1155|author_cell_type	snRNA-seq of human retina - amacrine cell subset	author_cell_type	HAC24	HAC 24	10	3	0.3	1	1.0	1.0
CAP	cap|1155	cap|1155|author_cell_type	snRNA-seq of human retina - amacrine cell subset	author_cell_type	HAC26	HAC 26	10	2	0.2	1	1.0	1.0
CAP	cap|1155	cap|1155|author_cell_type	snRNA-seq of human retina - amacrine cell subset	author_cell_type	HAC27	HAC 27	8	2	0.25	1	1.0	1.0
CAP	cap|1155	cap|1155|author_cell_type	snRNA-seq of human retina - amacrine cell subset	author_cell_type	HAC28	HAC 28	9	4	0.4444444444444444	1	1.0	1.0
CAP	cap|1155	cap|1155|author_cell_type	snRNA-seq of human retina - amacrine cell subset	author_cell_type	HAC29	HAC 29	8	3	0.375	1	1.0	1.0
CAP	cap|1155	cap|1155|author_cell_type	snRNA-seq of human retina - amacrine cell subset	author_cell_type	HAC3	HAC 3	7	0	0.0	1	1.0	
CAP	cap|1155	cap|1155|author_cell_type	snRNA-seq of human retina - amacrine cell subset	author_cell_type	HAC30	HAC 30	10	0	0.0	1	1.0	
CAP	cap|1155	cap|1155|author_cell_type	snRNA-seq of human retina - amacrine cell subset	author_cell_type	HAC32	HAC 32	6	1	0.16666666666666666	1	1.0	1.0
CAP	cap|1155	cap|1155|author_cell_type	snRNA-seq of human retina - amacrine cell subset	author_cell_type	HAC33	HAC 33	10	6	0.6	1	1.0	1.0
CAP	cap|1155	cap|1155|author_cell_type	snRNA-seq of human retina - amacrine cell subset	author_cell_type	HAC34	HAC 34	8	2	0.25	1	1.0	1.0
CAP	cap|1155	cap|1155|author_cell_type	snRNA-seq of human retina - amacrine cell subset	author_cell_type	HAC35	HAC 35	9	2	0.2222222222222222	1	1.0	1.0
CAP	cap|1155	cap|1155|author_cell_type	snRNA-seq of human retina - amacrine cell subset	author_cell_type	HAC37	HAC 37	9	1	0.1111111111111111	1	1.0	1.0
CAP	cap|1155	cap|1155|author_cell_type	snRNA-seq of human retina - amacrine cell subset	author_cell_type	HAC38	HAC 38	9	5	0.5555555555555556	1	1.0	1.0
CAP	cap|1155	cap|1155|author_cell_type	snRNA-seq of human retina - amacrine cell subset	author_cell_type	HAC39	HAC 39	10	2	0.2	1	1.0	1.0
CAP	cap|1155	cap|1155|author_cell_type	snRNA-seq of human retina - amacrine cell subset	author_cell_type	HAC4	HAC 4	6	1	0.16666666666666666	1	1.0	1.0
CAP	cap|1155	cap|1155|author_cell_type	snRNA-seq of human retina - amacrine cell subset	author_cell_type	HAC40	HAC 40	7	3	0.42857142857142855	1	1.0	1.0
CAP	cap|1155	cap|1155|author_cell_type	snRNA-seq of human retina - amacrine cell subset	author_cell_type	HAC41	HAC 41	9	3	0.3333333333333333	1	1.0	1.0
CAP	cap|1155	cap|1155|author_cell_type	snRNA-seq of human retina - amacrine cell subset	author_cell_type	HAC42	HAC 42	8	5	0.625	1	1.0	1.0
CAP	cap|1155	cap|1155|author_cell_type	snRNA-seq of human retina - amacrine cell subset	author_cell_type	HAC44	HAC 44	9	3	0.3333333333333333	1	1.0	1.0
CAP	cap|1155	cap|1155|author_cell_type	snRNA-seq of human retina - amacrine cell subset	author_cell_type	HAC45	HAC 45	10	2	0.2	1	1.0	1.0
CAP	cap|1155	cap|1155|author_cell_type	snRNA-seq of human retina - amacrine cell subset	author_cell_type	HAC46	HAC 46	10	5	0.5	1	1.0	1.0
CAP	cap|1155	cap|1155|author_cell_type	snRNA-seq of human retina - amacrine cell subset	author_cell_type	HAC48	HAC 48	9	3	0.3333333333333333	1	1.0	1.0
CAP	cap|1155	cap|1155|author_cell_type	snRNA-seq of human retina - amacrine cell subset	author_cell_type	HAC49	HAC 49	8	2	0.25	1	1.0	1.0
CAP	cap|1155	cap|1155|author_cell_type	snRNA-seq of human retina - amacrine cell subset	author_cell_type	HAC5	HAC 5	8	1	0.125	1	1.0	1.0
CAP	cap|1155	cap|1155|author_cell_type	snRNA-seq of human retina - amacrine cell subset	author_cell_type	HAC50	HAC 50	10	1	0.1	1	1.0	1.0
CAP	cap|1155	cap|1155|author_cell_type	snRNA-seq of human retina - amacrine cell subset	author_cell_type	HAC51	HAC 51	9	0	0.0	1	1.0	
CAP	cap|1155	cap|1155|author_cell_type	snRNA-seq of human retina - amacrine cell subset	author_cell_type	HAC52	HAC 52	10	3	0.3	1	1.0	1.0
CAP	cap|1155	cap|1155|author_cell_type	snRNA-seq of human retina - amacrine cell subset	author_cell_type	HAC53	HAC 53	9	0	0.0	1	1.0	
CAP	cap|1155	cap|1155|author_cell_type	snRNA-seq of human retina - amacrine cell subset	author_cell_type	HAC54	HAC 54	9	4	0.4444444444444444	1	1.0	1.0
CAP	cap|1155	cap|1155|author_cell_type	snRNA-seq of human retina - amacrine cell subset	author_cell_type	HAC55	HAC 55	9	4	0.4444444444444444	1	1.0	1.0
CAP	cap|1155	cap|1155|author_cell_type	snRNA-seq of human retina - amacrine cell subset	author_cell_type	HAC56	HAC 56	9	4	0.4444444444444444	1	1.0	1.0
CAP	cap|1155	cap|1155|author_cell_type	snRNA-seq of human retina - amacrine cell subset	author_cell_type	HAC57	HAC 57	9	2	0.2222222222222222	1	1.0	1.0
CAP	cap|1155	cap|1155|author_cell_type	snRNA-seq of human retina - amacrine cell subset	author_cell_type	HAC59	HAC 59	7	5	0.7142857142857143	1	1.0	1.0
CAP	cap|1155	cap|1155|author_cell_type	snRNA-seq of human retina - amacrine cell subset	author_cell_type	HAC6	HAC 6	8	1	0.125	1	1.0	1.0
CAP	cap|1155	cap|1155|author_cell_type	snRNA-seq of human retina - amacrine cell subset	author_cell_type	HAC60	HAC 60	9	2	0.2222222222222222	1	1.0	1.0
CAP	cap|1155	cap|1155|author_cell_type	snRNA-seq of human retina - amacrine cell subset	author_cell_type	HAC62	HAC 62	10	3	0.3	1	1.0	1.0
CAP	cap|1155	cap|1155|author_cell_type	snRNA-seq of human retina - amacrine cell subset	author_cell_type	HAC63	HAC 63	8	1	0.125	1	1.0	1.0
CAP	cap|1155	cap|1155|author_cell_type	snRNA-seq of human retina - amacrine cell subset	author_cell_type	HAC64	HAC 64	10	4	0.4	1	1.0	1.0
CAP	cap|1155	cap|1155|author_cell_type	snRNA-seq of human retina - amacrine cell subset	author_cell_type	HAC65	HAC 65	8	3	0.375	1	1.0	1.0
CAP	cap|1155	cap|1155|author_cell_type	snRNA-seq of human retina - amacrine cell subset	author_cell_type	HAC66	HAC 66	10	2	0.2	1	1.0	1.0
CAP	cap|1155	cap|1155|author_cell_type	snRNA-seq of human retina - amacrine cell subset	author_cell_type	HAC68	HAC 68	9	0	0.0	1	1.0	
CAP	cap|1155	cap|1155|author_cell_type	snRNA-seq of human retina - amacrine cell subset	author_cell_type	HAC71	HAC 71	9	0	0.0	1	1.0	
CAP	cap|1155	cap|1155|author_cell_type	snRNA-seq of human retina - amacrine cell subset	author_cell_type	HAC72	HAC 72	9	9	1.0	1	1.0	1.0
CAP	cap|1155	cap|1155|author_cell_type	snRNA-seq of human retina - amacrine cell subset	author_cell_type	HAC74	HAC 74	9	1	0.1111111111111111	1	1.0	1.0
CAP	cap|1155	cap|1155|author_cell_type	snRNA-seq of human retina - amacrine cell subset	author_cell_type	HAC75	HAC 75	9	0	0.0	1	1.0	
CAP	cap|1155	cap|1155|author_cell_type	snRNA-seq of human retina - amacrine cell subset	author_cell_type	HAC77	HAC 77	8	1	0.125	1	1.0	1.0
CAP	cap|1155	cap|1155|author_cell_type	snRNA-seq of human retina - amacrine cell subset	author_cell_type	HAC78	HAC 78	7	4	0.5714285714285714	1	1.0	1.0
CAP	cap|1155	cap|1155|author_cell_type	snRNA-seq of human retina - amacrine cell subset	author_cell_type	HAC79	HAC 79	7	0	0.0	1	1.0	
CAP	cap|1155	cap|1155|author_cell_type	snRNA-seq of human retina - amacrine cell subset	author_cell_type	HAC8	HAC 8	8	2	0.25	1	1.0	1.0
CAP	cap|1155	cap|1155|author_cell_type	snRNA-seq of human retina - amacrine cell subset	author_cell_type	HAC80	HAC 80	9	0	0.0	1	1.0	
CAP	cap|1155	cap|1155|author_cell_type	snRNA-seq of human retina - amacrine cell subset	author_cell_type	HAC81	HAC 81	9	1	0.1111111111111111	1	1.0	1.0
CAP	cap|1155	cap|1155|author_cell_type	snRNA-seq of human retina - amacrine cell subset	author_cell_type	HAC82	HAC 82	5	0	0.0	1	1.0	
CAP	cap|1155	cap|1155|author_cell_type	snRNA-seq of human retina - amacrine cell subset	author_cell_type	HAC84	HAC 84	6	0	0.0	1	1.0	
CAP	cap|1155	cap|1155|author_cell_type	snRNA-seq of human retina - amacrine cell subset	author_cell_type	HAC86	HAC 86	7	1	0.14285714285714285	1	1.0	1.0
CAP	cap|1155	cap|1155|author_cell_type	snRNA-seq of human retina - amacrine cell subset	author_cell_type	HAC87	HAC 87	9	1	0.1111111111111111	1	1.0	1.0
CAP	cap|1155	cap|1155|author_cell_type	snRNA-seq of human retina - amacrine cell subset	author_cell_type	HAC88	HAC 88	9	3	0.3333333333333333	1	1.0	1.0
CAP	cap|1155	cap|1155|author_cell_type	snRNA-seq of human retina - amacrine cell subset	author_cell_type	HAC89	HAC 89	9	1	0.1111111111111111	1	1.0	1.0
CAP	cap|1155	cap|1155|author_cell_type	snRNA-seq of human retina - amacrine cell subset	author_cell_type	HAC9	HAC 9	8	1	0.125	1	1.0	1.0
CAP	cap|1155	cap|1155|author_cell_type	snRNA-seq of human retina - amacrine cell subset	author_cell_type	HAC90	HAC 90	8	2	0.25	1	1.0	1.0
CAP	cap|1155	cap|1155|author_cell_type	snRNA-seq of human retina - amacrine cell subset	author_cell_type	HAC91	HAC 91	5	0	0.0	1	1.0	
CAP	cap|1155	cap|1155|author_cell_type	snRNA-seq of human retina - amacrine cell subset	author_cell_type	HAC92	HAC 92	8	1	0.125	1	1.0	1.0
CAP	cap|1155	cap|1155|author_cell_type	snRNA-seq of human retina - amacrine cell subset	author_cell_type	HAC93	HAC 93	9	2	0.2222222222222222	1	1.0	1.0
CAP	cap|1155	cap|1155|author_cell_type	snRNA-seq of human retina - amacrine cell subset	author_cell_type	HAC95	HAC 95	9	2	0.2222222222222222	1	1.0	1.0
CAP	cap|1155	cap|1155|author_cell_type	snRNA-seq of human retina - amacrine cell subset	author_cell_type	nNOS	NNOS	9	1	0.1111111111111111	1	1.0	1.0
CAP	cap|1155	cap|1155|author_cell_type	snRNA-seq of human retina - amacrine cell subset	author_cell_type	OFF-SAC	OFF SAC	10	5	0.5	2	1.0	1.0
CAP	cap|1155	cap|1155|author_cell_type	snRNA-seq of human retina - amacrine cell subset	author_cell_type	OFF-SAC*	OFF SAC	9	2	0.2222222222222222	2	1.0	1.0
CAP	cap|1155	cap|1155|author_cell_type	snRNA-seq of human retina - amacrine cell subset	author_cell_type	ON-SAC	ON SAC	10	7	0.7	1	1.0	1.0
CAP	cap|1155	cap|1155|author_cell_type	snRNA-seq of human retina - amacrine cell subset	author_cell_type	PENK	PENK	10	3	0.3	1	1.0	1.0
CAP	cap|1155	cap|1155|author_cell_type	snRNA-seq of human retina - amacrine cell subset	author_cell_type	SEG	SEG	9	3	0.3333333333333333	2	1.0	1.0
CAP	cap|1155	cap|1155|author_cell_type	snRNA-seq of human retina - amacrine cell subset	author_cell_type	SEG*	SEG	9	1	0.1111111111111111	2	1.0	1.0
CAP	cap|1155	cap|1155|author_cell_type	snRNA-seq of human retina - amacrine cell subset	author_cell_type	VG3	VG 3	7	3	0.42857142857142855	2	1.0	1.0
CAP	cap|1155	cap|1155|author_cell_type	snRNA-seq of human retina - amacrine cell subset	author_cell_type	VG3*	VG 3	8	0	0.0	2	1.0	
CAP	cap|1155	cap|1155|author_cell_type	snRNA-seq of human retina - amacrine cell subset	author_cell_type	VIP	VIP	8	3	0.375	1	1.0	1.0
CAP	cap|1156	cap|1156|author_cell_type	snRNA-seq of human retina - all cells	author_cell_type	AII	AII	9	2	0.2222222222222222	2	1.0	1.0
CAP	cap|1156	cap|1156|author_cell_type	snRNA-seq of human retina - all cells	author_cell_type	AII*	AII	9	0	0.0	2	1.0	
CAP	cap|1156	cap|1156|author_cell_type	snRNA-seq of human retina - all cells	author_cell_type	BB	BB	5	3	0.6	1	1.0	1.0
CAP	cap|1156	cap|1156|author_cell_type	snRNA-seq of human retina - all cells	author_cell_type	CAI	CAI	8	5	0.625	1	1.0	1.0
CAP	cap|1156	cap|1156|author_cell_type	snRNA-seq of human retina - all cells	author_cell_type	CAII	CAII	8	3	0.375	1	1.0	1.0
CAP	cap|1156	cap|1156|author_cell_type	snRNA-seq of human retina - all cells	author_cell_type	DB1	DB 1	5	3	0.6	1	1.0	1.0
CAP	cap|1156	cap|1156|author_cell_type	snRNA-seq of human retina - all cells	author_cell_type	DB3a	DB 3 A	5	4	0.8	1	1.0	1.0
CAP	cap|1156	cap|1156|author_cell_type	snRNA-seq of human retina - all cells	author_cell_type	DB4a	DB 4 A	4	4	1.0	1	1.0	1.0
CAP	cap|1156	cap|1156|author_cell_type	snRNA-seq of human retina - all cells	author_cell_type	DB5	DB 5	5	4	0.8	1	1.0	1.0
CAP	cap|1156	cap|1156|author_cell_type	snRNA-seq of human retina - all cells	author_cell_type	DB6	DB 6	7	5	0.7142857142857143	1	1.0	1.0
CAP	cap|1156	cap|1156|author_cell_type	snRNA-seq of human retina - all cells	author_cell_type	GB	GB	5	4	0.8	1	1.0	1.0
CAP	cap|1156	cap|1156|author_cell_type	snRNA-seq of human retina - all cells	author_cell_type	HAC11	HAC 11	9	2	0.2222222222222222	1	1.0	1.0
CAP	cap|1156	cap|1156|author_cell_type	snRNA-seq of human retina - all cells	author_cell_type	HAC12	HAC 12	9	4	0.4444444444444444	1	1.0	1.0
CAP	cap|1156	cap|1156|author_cell_type	snRNA-seq of human retina - all cells	author_cell_type	HAC13	HAC 13	7	0	0.0	1	1.0	
CAP	cap|1156	cap|1156|author_cell_type	snRNA-seq of human retina - all cells	author_cell_type	HAC14	HAC 14	9	1	0.1111111111111111	1	1.0	1.0
CAP	cap|1156	cap|1156|author_cell_type	snRNA-seq of human retina - all cells	author_cell_type	HAC15	HAC 15	9	0	0.0	1	1.0	
CAP	cap|1156	cap|1156|author_cell_type	snRNA-seq of human retina - all cells	author_cell_type	HAC17	HAC 17	8	5	0.625	1	1.0	1.0
CAP	cap|1156	cap|1156|author_cell_type	snRNA-seq of human retina - all cells	author_cell_type	HAC18	HAC 18	7	0	0.0	1	1.0	
CAP	cap|1156	cap|1156|author_cell_type	snRNA-seq of human retina - all cells	author_cell_type	HAC19	HAC 19	9	3	0.3333333333333333	1	1.0	1.0
CAP	cap|1156	cap|1156|author_cell_type	snRNA-seq of human retina - all cells	author_cell_type	HAC2	HAC 2	9	2	0.2222222222222222	1	1.0	1.0
CAP	cap|1156	cap|1156|author_cell_type	snRNA-seq of human retina - all cells	author_cell_type	HAC20	HAC 20	8	2	0.25	1	1.0	1.0
CAP	cap|1156	cap|1156|author_cell_type	snRNA-seq of human retina - all cells	author_cell_type	HAC21	HAC 21	9	5	0.5555555555555556	1	1.0	1.0
CAP	cap|1156	cap|1156|author_cell_type	snRNA-seq of human retina - all cells	author_cell_type	HAC23	HAC 23	9	2	0.2222222222222222	1	1.0	1.0
CAP	cap|1156	cap|1156|author_cell_type	snRNA-seq of human retina - all cells	author_cell_type	HAC24	HAC 24	10	3	0.3	1	1.0	1.0
CAP	cap|1156	cap|1156|author_cell_type	snRNA-seq of human retina - all cells	author_cell_type	HAC26	HAC 26	10	2	0.2	1	1.0	1.0
CAP	cap|1156	cap|1156|author_cell_type	snRNA-seq of human retina - all cells	author_cell_type	HAC27	HAC 27	8	2	0.25	1	1.0	1.0
CAP	cap|1156	cap|1156|author_cell_type	snRNA-seq of human retina - all cells	author_cell_type	HAC28	HAC 28	9	4	0.4444444444444444	1	1.0	1.0
CAP	cap|1156	cap|1156|author_cell_type	snRNA-seq of human retina - all cells	author_cell_type	HAC29	HAC 29	8	3	0.375	1	1.0	1.0
CAP	cap|1156	cap|1156|author_cell_type	snRNA-seq of human retina - all cells	author_cell_type	HAC3	HAC 3	7	0	0.0	1	1.0	
CAP	cap|1156	cap|1156|author_cell_type	snRNA-seq of human retina - all cells	author_cell_type	HAC30	HAC 30	10	0	0.0	1	1.0	
CAP	cap|1156	cap|1156|author_cell_type	snRNA-seq of human retina - all cells	author_cell_type	HAC32	HAC 32	6	0	0.0	1	1.0	
CAP	cap|1156	cap|1156|author_cell_type	snRNA-seq of human retina - all cells	author_cell_type	HAC33	HAC 33	10	6	0.6	1	1.0	1.0
CAP	cap|1156	cap|1156|author_cell_type	snRNA-seq of human retina - all cells	author_cell_type	HAC34	HAC 34	8	2	0.25	1	1.0	1.0
CAP	cap|1156	cap|1156|author_cell_type	snRNA-seq of human retina - all cells	author_cell_type	HAC35	HAC 35	9	2	0.2222222222222222	1	1.0	1.0
CAP	cap|1156	cap|1156|author_cell_type	snRNA-seq of human retina - all cells	author_cell_type	HAC37	HAC 37	9	1	0.1111111111111111	1	1.0	1.0
CAP	cap|1156	cap|1156|author_cell_type	snRNA-seq of human retina - all cells	author_cell_type	HAC38	HAC 38	9	4	0.4444444444444444	1	1.0	1.0
CAP	cap|1156	cap|1156|author_cell_type	snRNA-seq of human retina - all cells	author_cell_type	HAC39	HAC 39	10	2	0.2	1	1.0	1.0
CAP	cap|1156	cap|1156|author_cell_type	snRNA-seq of human retina - all cells	author_cell_type	HAC4	HAC 4	6	1	0.16666666666666666	1	1.0	1.0
CAP	cap|1156	cap|1156|author_cell_type	snRNA-seq of human retina - all cells	author_cell_type	HAC40	HAC 40	7	3	0.42857142857142855	1	1.0	1.0
CAP	cap|1156	cap|1156|author_cell_type	snRNA-seq of human retina - all cells	author_cell_type	HAC41	HAC 41	9	2	0.2222222222222222	1	1.0	1.0
CAP	cap|1156	cap|1156|author_cell_type	snRNA-seq of human retina - all cells	author_cell_type	HAC42	HAC 42	8	4	0.5	1	1.0	1.0
CAP	cap|1156	cap|1156|author_cell_type	snRNA-seq of human retina - all cells	author_cell_type	HAC44	HAC 44	9	3	0.3333333333333333	1	1.0	1.0
CAP	cap|1156	cap|1156|author_cell_type	snRNA-seq of human retina - all cells	author_cell_type	HAC45	HAC 45	10	2	0.2	1	1.0	1.0
CAP	cap|1156	cap|1156|author_cell_type	snRNA-seq of human retina - all cells	author_cell_type	HAC46	HAC 46	10	4	0.4	1	1.0	1.0
CAP	cap|1156	cap|1156|author_cell_type	snRNA-seq of human retina - all cells	author_cell_type	HAC48	HAC 48	9	3	0.3333333333333333	1	1.0	1.0
CAP	cap|1156	cap|1156|author_cell_type	snRNA-seq of human retina - all cells	author_cell_type	HAC49	HAC 49	8	2	0.25	1	1.0	1.0
CAP	cap|1156	cap|1156|author_cell_type	snRNA-seq of human retina - all cells	author_cell_type	HAC5	HAC 5	8	1	0.125	1	1.0	1.0
CAP	cap|1156	cap|1156|author_cell_type	snRNA-seq of human retina - all cells	author_cell_type	HAC50	HAC 50	10	1	0.1	1	1.0	1.0
CAP	cap|1156	cap|1156|author_cell_type	snRNA-seq of human retina - all cells	author_cell_type	HAC51	HAC 51	9	0	0.0	1	1.0	
CAP	cap|1156	cap|1156|author_cell_type	snRNA-seq of human retina - all cells	author_cell_type	HAC52	HAC 52	10	3	0.3	1	1.0	1.0
CAP	cap|1156	cap|1156|author_cell_type	snRNA-seq of human retina - all cells	author_cell_type	HAC53	HAC 53	9	0	0.0	1	1.0	
CAP	cap|1156	cap|1156|author_cell_type	snRNA-seq of human retina - all cells	author_cell_type	HAC54	HAC 54	9	3	0.3333333333333333	1	1.0	1.0
CAP	cap|1156	cap|1156|author_cell_type	snRNA-seq of human retina - all cells	author_cell_type	HAC55	HAC 55	9	4	0.4444444444444444	1	1.0	1.0
CAP	cap|1156	cap|1156|author_cell_type	snRNA-seq of human retina - all cells	author_cell_type	HAC56	HAC 56	9	3	0.3333333333333333	1	1.0	1.0
CAP	cap|1156	cap|1156|author_cell_type	snRNA-seq of human retina - all cells	author_cell_type	HAC57	HAC 57	9	2	0.2222222222222222	1	1.0	1.0
CAP	cap|1156	cap|1156|author_cell_type	snRNA-seq of human retina - all cells	author_cell_type	HAC59	HAC 59	7	5	0.7142857142857143	1	1.0	1.0
CAP	cap|1156	cap|1156|author_cell_type	snRNA-seq of human retina - all cells	author_cell_type	HAC6	HAC 6	8	1	0.125	1	1.0	1.0
CAP	cap|1156	cap|1156|author_cell_type	snRNA-seq of human retina - all cells	author_cell_type	HAC60	HAC 60	9	2	0.2222222222222222	1	1.0	1.0
CAP	cap|1156	cap|1156|author_cell_type	snRNA-seq of human retina - all cells	author_cell_type	HAC62	HAC 62	10	2	0.2	1	1.0	1.0
CAP	cap|1156	cap|1156|author_cell_type	snRNA-seq of human retina - all cells	author_cell_type	HAC63	HAC 63	8	1	0.125	1	1.0	1.0
CAP	cap|1156	cap|1156|author_cell_type	snRNA-seq of human retina - all cells	author_cell_type	HAC64	HAC 64	10	4	0.4	1	1.0	1.0
CAP	cap|1156	cap|1156|author_cell_type	snRNA-seq of human retina - all cells	author_cell_type	HAC65	HAC 65	8	2	0.25	1	1.0	1.0
CAP	cap|1156	cap|1156|author_cell_type	snRNA-seq of human retina - all cells	author_cell_type	HAC66	HAC 66	10	1	0.1	1	1.0	1.0
CAP	cap|1156	cap|1156|author_cell_type	snRNA-seq of human retina - all cells	author_cell_type	HAC68	HAC 68	9	0	0.0	1	1.0	
CAP	cap|1156	cap|1156|author_cell_type	snRNA-seq of human retina - all cells	author_cell_type	HAC71	HAC 71	9	0	0.0	1	1.0	
CAP	cap|1156	cap|1156|author_cell_type	snRNA-seq of human retina - all cells	author_cell_type	HAC72	HAC 72	9	8	0.8888888888888888	1	1.0	1.0
CAP	cap|1156	cap|1156|author_cell_type	snRNA-seq of human retina - all cells	author_cell_type	HAC74	HAC 74	9	1	0.1111111111111111	1	1.0	1.0
CAP	cap|1156	cap|1156|author_cell_type	snRNA-seq of human retina - all cells	author_cell_type	HAC75	HAC 75	9	0	0.0	1	1.0	
CAP	cap|1156	cap|1156|author_cell_type	snRNA-seq of human retina - all cells	author_cell_type	HAC77	HAC 77	8	1	0.125	1	1.0	1.0
CAP	cap|1156	cap|1156|author_cell_type	snRNA-seq of human retina - all cells	author_cell_type	HAC78	HAC 78	7	4	0.5714285714285714	1	1.0	1.0
CAP	cap|1156	cap|1156|author_cell_type	snRNA-seq of human retina - all cells	author_cell_type	HAC79	HAC 79	7	0	0.0	1	1.0	
CAP	cap|1156	cap|1156|author_cell_type	snRNA-seq of human retina - all cells	author_cell_type	HAC8	HAC 8	8	2	0.25	1	1.0	1.0
CAP	cap|1156	cap|1156|author_cell_type	snRNA-seq of human retina - all cells	author_cell_type	HAC80	HAC 80	9	0	0.0	1	1.0	
CAP	cap|1156	cap|1156|author_cell_type	snRNA-seq of human retina - all cells	author_cell_type	HAC81	HAC 81	9	1	0.1111111111111111	1	1.0	1.0
CAP	cap|1156	cap|1156|author_cell_type	snRNA-seq of human retina - all cells	author_cell_type	HAC82	HAC 82	5	0	0.0	1	1.0	
CAP	cap|1156	cap|1156|author_cell_type	snRNA-seq of human retina - all cells	author_cell_type	HAC84	HAC 84	6	0	0.0	1	1.0	
CAP	cap|1156	cap|1156|author_cell_type	snRNA-seq of human retina - all cells	author_cell_type	HAC86	HAC 86	7	1	0.14285714285714285	1	1.0	1.0
CAP	cap|1156	cap|1156|author_cell_type	snRNA-seq of human retina - all cells	author_cell_type	HAC87	HAC 87	9	1	0.1111111111111111	1	1.0	1.0
CAP	cap|1156	cap|1156|author_cell_type	snRNA-seq of human retina - all cells	author_cell_type	HAC88	HAC 88	9	3	0.3333333333333333	1	1.0	1.0
CAP	cap|1156	cap|1156|author_cell_type	snRNA-seq of human retina - all cells	author_cell_type	HAC89	HAC 89	9	1	0.1111111111111111	1	1.0	1.0
CAP	cap|1156	cap|1156|author_cell_type	snRNA-seq of human retina - all cells	author_cell_type	HAC9	HAC 9	8	1	0.125	1	1.0	1.0
CAP	cap|1156	cap|1156|author_cell_type	snRNA-seq of human retina - all cells	author_cell_type	HAC90	HAC 90	8	2	0.25	1	1.0	1.0
CAP	cap|1156	cap|1156|author_cell_type	snRNA-seq of human retina - all cells	author_cell_type	HAC91	HAC 91	5	0	0.0	1	1.0	
CAP	cap|1156	cap|1156|author_cell_type	snRNA-seq of human retina - all cells	author_cell_type	HAC92	HAC 92	8	1	0.125	1	1.0	1.0
CAP	cap|1156	cap|1156|author_cell_type	snRNA-seq of human retina - all cells	author_cell_type	HAC93	HAC 93	9	1	0.1111111111111111	1	1.0	1.0
CAP	cap|1156	cap|1156|author_cell_type	snRNA-seq of human retina - all cells	author_cell_type	HAC95	HAC 95	9	2	0.2222222222222222	1	1.0	1.0
CAP	cap|1156	cap|1156|author_cell_type	snRNA-seq of human retina - all cells	author_cell_type	HRGC10	HRGC 10	11	6	0.5454545454545454	1	1.0	1.0
CAP	cap|1156	cap|1156|author_cell_type	snRNA-seq of human retina - all cells	author_cell_type	HRGC11	HRGC 11	4	4	1.0	1	1.0	1.0
CAP	cap|1156	cap|1156|author_cell_type	snRNA-seq of human retina - all cells	author_cell_type	HRGC3	HRGC 3	11	8	0.7272727272727273	1	1.0	1.0
CAP	cap|1156	cap|1156|author_cell_type	snRNA-seq of human retina - all cells	author_cell_type	HRGC4	HRGC 4	3	3	1.0	1	1.0	1.0
CAP	cap|1156	cap|1156|author_cell_type	snRNA-seq of human retina - all cells	author_cell_type	HRGC5	HRGC 5	3	3	1.0	1	1.0	1.0
CAP	cap|1156	cap|1156|author_cell_type	snRNA-seq of human retina - all cells	author_cell_type	HRGC9	HRGC 9	11	8	0.7272727272727273	1	1.0	1.0
CAP	cap|1156	cap|1156|author_cell_type	snRNA-seq of human retina - all cells	author_cell_type	IMB	IMB	3	0	0.0	1	1.0	
CAP	cap|1156	cap|1156|author_cell_type	snRNA-seq of human retina - all cells	author_cell_type	ipRGC	IPRGC	15	9	0.6	1	1.0	1.0
CAP	cap|1156	cap|1156|author_cell_type	snRNA-seq of human retina - all cells	author_cell_type	MG_OFF	MG OFF	10	9	0.9	1	1.0	1.0
CAP	cap|1156	cap|1156|author_cell_type	snRNA-seq of human retina - all cells	author_cell_type	MG_ON	MG ON	11	10	0.9090909090909091	1	1.0	1.0
CAP	cap|1156	cap|1156|author_cell_type	snRNA-seq of human retina - all cells	author_cell_type	nNOS	NNOS	9	1	0.1111111111111111	1	1.0	1.0
CAP	cap|1156	cap|1156|author_cell_type	snRNA-seq of human retina - all cells	author_cell_type	OFF-SAC	OFF SAC	10	4	0.4	2	1.0	1.0
CAP	cap|1156	cap|1156|author_cell_type	snRNA-seq of human retina - all cells	author_cell_type	OFF-SAC*	OFF SAC	9	1	0.1111111111111111	2	1.0	1.0
CAP	cap|1156	cap|1156|author_cell_type	snRNA-seq of human retina - all cells	author_cell_type	ON-SAC	ON SAC	10	7	0.7	1	1.0	1.0
CAP	cap|1156	cap|1156|author_cell_type	snRNA-seq of human retina - all cells	author_cell_type	PENK	PENK	10	2	0.2	1	1.0	1.0
CAP	cap|1156	cap|1156|author_cell_type	snRNA-seq of human retina - all cells	author_cell_type	PG_OFF	PG OFF	8	3	0.375	1	1.0	1.0
CAP	cap|1156	cap|1156|author_cell_type	snRNA-seq of human retina - all cells	author_cell_type	PG_ON	PG ON	10	7	0.7	1	1.0	1.0
CAP	cap|1156	cap|1156|author_cell_type	snRNA-seq of human retina - all cells	author_cell_type	RB	RB	3	1	0.3333333333333333	1	1.0	1.0
CAP	cap|1156	cap|1156|author_cell_type	snRNA-seq of human retina - all cells	author_cell_type	SEG	SEG	9	2	0.2222222222222222	2	1.0	1.0
CAP	cap|1156	cap|1156|author_cell_type	snRNA-seq of human retina - all cells	author_cell_type	SEG*	SEG	9	1	0.1111111111111111	2	1.0	1.0
CAP	cap|1156	cap|1156|author_cell_type	snRNA-seq of human retina - all cells	author_cell_type	VG3	VG 3	7	3	0.42857142857142855	2	1.0	1.0
CAP	cap|1156	cap|1156|author_cell_type	snRNA-seq of human retina - all cells	author_cell_type	VG3*	VG 3	8	0	0.0	2	1.0	
CAP	cap|1156	cap|1156|author_cell_type	snRNA-seq of human retina - all cells	author_cell_type	VIP	VIP	8	3	0.375	1	1.0	1.0
CAP	cap|1208	cap|1208|author_cell_type	Single Cell Atlas of Human Ocular Surface scRNA-seq: Cornea, Limbus, Sclera	author_cell_type	B Cells	B CELLS	10	3	0.3	12	0.0	0.0
CAP	cap|1208	cap|1208|author_cell_type	Single Cell Atlas of Human Ocular Surface scRNA-seq: Cornea, Limbus, Sclera	author_cell_type	CC_VenEndo	CC VENENDO	10	4	0.4	1	0.5	0.25
CAP	cap|1208	cap|1208|author_cell_type	Single Cell Atlas of Human Ocular Surface scRNA-seq: Cornea, Limbus, Sclera	author_cell_type	Conj-Epi	CONJ EPI	10	7	0.7	1	0.3	0.42857142857142855
CAP	cap|1208	cap|1208|author_cell_type	Single Cell Atlas of Human Ocular Surface scRNA-seq: Cornea, Limbus, Sclera	author_cell_type	Corneal Endothelium	CORNEAL ENDOTHELIUM	10	10	1.0	0		
CAP	cap|1208	cap|1208|author_cell_type	Single Cell Atlas of Human Ocular Surface scRNA-seq: Cornea, Limbus, Sclera	author_cell_type	Corneal Stromal Keratocytes	CORNEAL STROMAL KERATOCYTES	10	9	0.9	1	0.3	0.2222222222222222
CAP	cap|1208	cap|1208|author_cell_type	Single Cell Atlas of Human Ocular Surface scRNA-seq: Cornea, Limbus, Sclera	author_cell_type	Epi-PMC	EPI PMC	10	8	0.8	1	0.2	0.125
CAP	cap|1208	cap|1208|author_cell_type	Single Cell Atlas of Human Ocular Surface scRNA-seq: Cornea, Limbus, Sclera	author_cell_type	Epi-TDC	EPI TDC	10	6	0.6	1	0.1	0.0
CAP	cap|1208	cap|1208|author_cell_type	Single Cell Atlas of Human Ocular Surface scRNA-seq: Cornea, Limbus, Sclera	author_cell_type	Epi-TDC/PMC	EPI TDC PMC	10	1	0.1	1	0.2	0.0
CAP	cap|1208	cap|1208|author_cell_type	Single Cell Atlas of Human Ocular Surface scRNA-seq: Cornea, Limbus, Sclera	author_cell_type	Fetal Endothelium and Endothelial Progenitors	FETAL ENDOTHELIUM AND ENDOTHELIAL PROGENITORS	10	4	0.4	0		
CAP	cap|1208	cap|1208|author_cell_type	Single Cell Atlas of Human Ocular Surface scRNA-seq: Cornea, Limbus, Sclera	author_cell_type	Fetal Fibroblasts	FETAL FIBROBLASTS	10	7	0.7	0		
CAP	cap|1208	cap|1208|author_cell_type	Single Cell Atlas of Human Ocular Surface scRNA-seq: Cornea, Limbus, Sclera	author_cell_type	Fetal Keratocytes	FETAL KERATOCYTES	10	9	0.9	0		
CAP	cap|1208	cap|1208|author_cell_type	Single Cell Atlas of Human Ocular Surface scRNA-seq: Cornea, Limbus, Sclera	author_cell_type	Fetal_Epi/LSC/LPC	FETAL EPI LSC LPC	10	8	0.8	0		
CAP	cap|1208	cap|1208|author_cell_type	Single Cell Atlas of Human Ocular Surface scRNA-seq: Cornea, Limbus, Sclera	author_cell_type	Limbus/Sclera Fibroblasts - C1	LIMBUS SCLERA FIBROBLASTS C 1	10	7	0.7	0		
CAP	cap|1208	cap|1208|author_cell_type	Single Cell Atlas of Human Ocular Surface scRNA-seq: Cornea, Limbus, Sclera	author_cell_type	Limbus/Sclera Fibroblasts - C2	LIMBUS SCLERA FIBROBLASTS C 2	10	7	0.7	0		
CAP	cap|1208	cap|1208|author_cell_type	Single Cell Atlas of Human Ocular Surface scRNA-seq: Cornea, Limbus, Sclera	author_cell_type	Limbus_Epi-C1	LIMBUS EPI C 1	10	5	0.5	0		
CAP	cap|1208	cap|1208|author_cell_type	Single Cell Atlas of Human Ocular Surface scRNA-seq: Cornea, Limbus, Sclera	author_cell_type	Limbus_Epi-C2	LIMBUS EPI C 2	10	6	0.6	0		
CAP	cap|1208	cap|1208|author_cell_type	Single Cell Atlas of Human Ocular Surface scRNA-seq: Cornea, Limbus, Sclera	author_cell_type	LPC	LPC	10	4	0.4	1	0.3	0.75
CAP	cap|1208	cap|1208|author_cell_type	Single Cell Atlas of Human Ocular Surface scRNA-seq: Cornea, Limbus, Sclera	author_cell_type	Lymphatic Endothelium	LYMPHATIC ENDOTHELIUM	10	7	0.7	3	0.1	0.14285714285714285
CAP	cap|1208	cap|1208|author_cell_type	Single Cell Atlas of Human Ocular Surface scRNA-seq: Cornea, Limbus, Sclera	author_cell_type	Macrophages	MACROPHAGES	10	2	0.2	2	0.0	0.0
CAP	cap|1208	cap|1208|author_cell_type	Single Cell Atlas of Human Ocular Surface scRNA-seq: Cornea, Limbus, Sclera	author_cell_type	Mast Cells	MAST CELLS	10	7	0.7	3	0.4	0.5714285714285714
CAP	cap|1208	cap|1208|author_cell_type	Single Cell Atlas of Human Ocular Surface scRNA-seq: Cornea, Limbus, Sclera	author_cell_type	Melanocytes	MELANOCYTES	10	10	1.0	0		
CAP	cap|1208	cap|1208|author_cell_type	Single Cell Atlas of Human Ocular Surface scRNA-seq: Cornea, Limbus, Sclera	author_cell_type	Monocytes	MONOCYTES	10	5	0.5	3	0.0	0.0
CAP	cap|1208	cap|1208|author_cell_type	Single Cell Atlas of Human Ocular Surface scRNA-seq: Cornea, Limbus, Sclera	author_cell_type	NK/T Cells	NK T CELLS	10	5	0.5	1	0.3	0.6
CAP	cap|1208	cap|1208|author_cell_type	Single Cell Atlas of Human Ocular Surface scRNA-seq: Cornea, Limbus, Sclera	author_cell_type	Pericytes	PERICYTES	10	6	0.6	7	0.2	0.16666666666666666
CAP	cap|1208	cap|1208|author_cell_type	Single Cell Atlas of Human Ocular Surface scRNA-seq: Cornea, Limbus, Sclera	author_cell_type	Schlemm Endothelium	SCHLEMM ENDOTHELIUM	10	5	0.5	1	0.1	0.2
CAP	cap|1208	cap|1208|author_cell_type	Single Cell Atlas of Human Ocular Surface scRNA-seq: Cornea, Limbus, Sclera	author_cell_type	Schwann_M	SCHWANN M	10	7	0.7	1	0.1	0.14285714285714285
CAP	cap|1208	cap|1208|author_cell_type	Single Cell Atlas of Human Ocular Surface scRNA-seq: Cornea, Limbus, Sclera	author_cell_type	Schwann_N	SCHWANN N	10	7	0.7	1	0.6	0.7142857142857143
CAP	cap|1208	cap|1208|author_cell_type	Single Cell Atlas of Human Ocular Surface scRNA-seq: Cornea, Limbus, Sclera	author_cell_type	Smooth Muscle Cells	SMOOTH MUSCLE CELLS	10	8	0.8	2	0.2	0.25
CAP	cap|1208	cap|1208|author_cell_type	Single Cell Atlas of Human Ocular Surface scRNA-seq: Cornea, Limbus, Sclera	author_cell_type	Unknown Epithelium	UNKNOWN EPITHELIUM	10	3	0.3	0		
CAP	cap|1208	cap|1208|author_cell_type	Single Cell Atlas of Human Ocular Surface scRNA-seq: Cornea, Limbus, Sclera	author_cell_type	Unknown-DCN+	UNKNOWN DCN	10	1	0.1	0		
CAP	cap|1208	cap|1208|author_cell_type	Single Cell Atlas of Human Ocular Surface scRNA-seq: Cornea, Limbus, Sclera	author_cell_type	Vascular Endothelium	VASCULAR ENDOTHELIUM	10	0	0.0	3	0.3	
CAP	cap|1209	cap|1209|author_cell_type	Single Cell Atlas of Human Ocular Surface snRNA-seq: Cornea, Limbus, Sclera	author_cell_type	CC_VenEndo	CC VENENDO	10	4	0.4	1	0.5	0.5
CAP	cap|1209	cap|1209|author_cell_type	Single Cell Atlas of Human Ocular Surface snRNA-seq: Cornea, Limbus, Sclera	author_cell_type	Conj-Epi	CONJ EPI	10	8	0.8	1	0.3	0.25
CAP	cap|1209	cap|1209|author_cell_type	Single Cell Atlas of Human Ocular Surface snRNA-seq: Cornea, Limbus, Sclera	author_cell_type	Conj_Melanocytes	CONJ MELANOCYTES	10	5	0.5	0		
CAP	cap|1209	cap|1209|author_cell_type	Single Cell Atlas of Human Ocular Surface snRNA-seq: Cornea, Limbus, Sclera	author_cell_type	Corneal Endothelium_C1	CORNEAL ENDOTHELIUM C 1	10	1	0.1	0		
CAP	cap|1209	cap|1209|author_cell_type	Single Cell Atlas of Human Ocular Surface snRNA-seq: Cornea, Limbus, Sclera	author_cell_type	Corneal Endothelium_C2	CORNEAL ENDOTHELIUM C 2	10	2	0.2	0		
CAP	cap|1209	cap|1209|author_cell_type	Single Cell Atlas of Human Ocular Surface snRNA-seq: Cornea, Limbus, Sclera	author_cell_type	Corneal Stromal Keratocytes	CORNEAL STROMAL KERATOCYTES	10	7	0.7	1	0.3	0.42857142857142855
CAP	cap|1209	cap|1209|author_cell_type	Single Cell Atlas of Human Ocular Surface snRNA-seq: Cornea, Limbus, Sclera	author_cell_type	Corneal_Superficial_Epi	CORNEAL SUPERFICIAL EPI	10	10	1.0	0		
CAP	cap|1209	cap|1209|author_cell_type	Single Cell Atlas of Human Ocular Surface snRNA-seq: Cornea, Limbus, Sclera	author_cell_type	Epi-PMC	EPI PMC	10	9	0.9	1	0.2	0.1111111111111111
CAP	cap|1209	cap|1209|author_cell_type	Single Cell Atlas of Human Ocular Surface snRNA-seq: Cornea, Limbus, Sclera	author_cell_type	Epi-TAC	EPI TAC	10	9	0.9	0		
CAP	cap|1209	cap|1209|author_cell_type	Single Cell Atlas of Human Ocular Surface snRNA-seq: Cornea, Limbus, Sclera	author_cell_type	Epi-TDC	EPI TDC	10	9	0.9	1	0.1	0.1111111111111111
CAP	cap|1209	cap|1209|author_cell_type	Single Cell Atlas of Human Ocular Surface snRNA-seq: Cornea, Limbus, Sclera	author_cell_type	Epi-TDC/PMC	EPI TDC PMC	10	10	1.0	1	0.2	0.2
CAP	cap|1209	cap|1209|author_cell_type	Single Cell Atlas of Human Ocular Surface snRNA-seq: Cornea, Limbus, Sclera	author_cell_type	Goblet	GOBLET	10	8	0.8	1	0.0	0.0
CAP	cap|1209	cap|1209|author_cell_type	Single Cell Atlas of Human Ocular Surface snRNA-seq: Cornea, Limbus, Sclera	author_cell_type	Limbus/Sclera Fibroblasts	LIMBUS SCLERA FIBROBLASTS	10	5	0.5	0		
CAP	cap|1209	cap|1209|author_cell_type	Single Cell Atlas of Human Ocular Surface snRNA-seq: Cornea, Limbus, Sclera	author_cell_type	Limbus_Epi	LIMBUS EPI	10	9	0.9	0		
CAP	cap|1209	cap|1209|author_cell_type	Single Cell Atlas of Human Ocular Surface snRNA-seq: Cornea, Limbus, Sclera	author_cell_type	LPC	LPC	10	9	0.9	1	0.3	0.3333333333333333
CAP	cap|1209	cap|1209|author_cell_type	Single Cell Atlas of Human Ocular Surface snRNA-seq: Cornea, Limbus, Sclera	author_cell_type	Lymphatic Endothelium	LYMPHATIC ENDOTHELIUM	10	5	0.5	3	0.1	0.2
CAP	cap|1209	cap|1209|author_cell_type	Single Cell Atlas of Human Ocular Surface snRNA-seq: Cornea, Limbus, Sclera	author_cell_type	Macrophages/Monocytes	MACROPHAGES MONOCYTES	10	7	0.7	5	0.0	0.0
CAP	cap|1209	cap|1209|author_cell_type	Single Cell Atlas of Human Ocular Surface snRNA-seq: Cornea, Limbus, Sclera	author_cell_type	NK/T Cells	NK T CELLS	10	8	0.8	1	0.3	0.25
CAP	cap|1209	cap|1209|author_cell_type	Single Cell Atlas of Human Ocular Surface snRNA-seq: Cornea, Limbus, Sclera	author_cell_type	Pericytes	PERICYTES	10	8	0.8	7	0.1	0.125
CAP	cap|1209	cap|1209|author_cell_type	Single Cell Atlas of Human Ocular Surface snRNA-seq: Cornea, Limbus, Sclera	author_cell_type	Schlemm Endothelium	SCHLEMM ENDOTHELIUM	10	4	0.4	1	0.1	0.25
CAP	cap|1209	cap|1209|author_cell_type	Single Cell Atlas of Human Ocular Surface snRNA-seq: Cornea, Limbus, Sclera	author_cell_type	Schwann_M	SCHWANN M	10	7	0.7	1	0.1	0.14285714285714285
CAP	cap|1209	cap|1209|author_cell_type	Single Cell Atlas of Human Ocular Surface snRNA-seq: Cornea, Limbus, Sclera	author_cell_type	Schwann_N	SCHWANN N	10	8	0.8	1	0.6	0.625
CAP	cap|1209	cap|1209|author_cell_type	Single Cell Atlas of Human Ocular Surface snRNA-seq: Cornea, Limbus, Sclera	author_cell_type	Smooth Muscle Cells	SMOOTH MUSCLE CELLS	10	9	0.9	2	0.1	0.1111111111111111
CAP	cap|1209	cap|1209|author_cell_type	Single Cell Atlas of Human Ocular Surface snRNA-seq: Cornea, Limbus, Sclera	author_cell_type	Uveal/TM Fibroblasts	UVEAL TM FIBROBLASTS	10	6	0.6	0		
CAP	cap|1209	cap|1209|author_cell_type	Single Cell Atlas of Human Ocular Surface snRNA-seq: Cornea, Limbus, Sclera	author_cell_type	Uveal_Melanocytes	UVEAL MELANOCYTES	10	7	0.7	0		
CAP	cap|1209	cap|1209|author_cell_type	Single Cell Atlas of Human Ocular Surface snRNA-seq: Cornea, Limbus, Sclera	author_cell_type	Vascular Endothelium	VASCULAR ENDOTHELIUM	10	4	0.4	3	0.3	0.25
CAP	cap|1241	cap|1241|author_cell_type	Single cell atlas of the human trabecular meshwork and ciliary body - snRNA-seq	author_cell_type	BeamA	BEAMA	3	2	0.6666666666666666	1	1.0	1.0
CAP	cap|1241	cap|1241|author_cell_type	Single cell atlas of the human trabecular meshwork and ciliary body - snRNA-seq	author_cell_type	CB_Fibro	CB FIBRO	3	2	0.6666666666666666	1	1.0	1.0
CAP	cap|1241	cap|1241|author_cell_type	Single cell atlas of the human trabecular meshwork and ciliary body - snRNA-seq	author_cell_type	CB_NPCE_1	CB NPCE 1	4	3	0.75	1	0.0	0.0
CAP	cap|1241	cap|1241|author_cell_type	Single cell atlas of the human trabecular meshwork and ciliary body - snRNA-seq	author_cell_type	CB_NPCE_2	CB NPCE 2	5	5	1.0	1	0.0	0.0
CAP	cap|1241	cap|1241|author_cell_type	Single cell atlas of the human trabecular meshwork and ciliary body - snRNA-seq	author_cell_type	CB_PCE	CB PCE	4	4	1.0	1	1.0	1.0
CAP	cap|1241	cap|1241|author_cell_type	Single cell atlas of the human trabecular meshwork and ciliary body - snRNA-seq	author_cell_type	Mast Cell	MAST CELL	3	3	1.0	2	1.0	1.0
CAP	cap|1241	cap|1241|author_cell_type	Single cell atlas of the human trabecular meshwork and ciliary body - snRNA-seq	author_cell_type	NK/T Cell	NK T CELL	3	3	1.0	1	0.3333333333333333	0.3333333333333333
CAP	cap|1241	cap|1241|author_cell_type	Single cell atlas of the human trabecular meshwork and ciliary body - snRNA-seq	author_cell_type	Pericyte1	PERICYTE 1	5	5	1.0	1	1.0	1.0
CAP	cap|1241	cap|1241|author_cell_type	Single cell atlas of the human trabecular meshwork and ciliary body - snRNA-seq	author_cell_type	Schwann-my	SCHWANN MY	3	3	1.0	1	1.0	1.0
CAP	cap|1241	cap|1241|author_cell_type	Single cell atlas of the human trabecular meshwork and ciliary body - snRNA-seq	author_cell_type	Uveal_Melanocyte	UVEAL MELANOCYTE	3	3	1.0	1	1.0	1.0
CAP	cap|1241	cap|1241|author_cell_type	Single cell atlas of the human trabecular meshwork and ciliary body - snRNA-seq	author_cell_type	Vascular_Endothelium	VASCULAR ENDOTHELIUM	4	3	0.75	3	1.0	1.0
CAP	cap|1242	cap|1242|author_cell_type	Single cell atlas of the human trabecular meshwork and ciliary body - scRNA-seq	author_cell_type	B Cell	B CELL	3	3	1.0	4	0.6666666666666666	0.6666666666666666
CAP	cap|1242	cap|1242|author_cell_type	Single cell atlas of the human trabecular meshwork and ciliary body - scRNA-seq	author_cell_type	BeamA	BEAMA	3	2	0.6666666666666666	1	1.0	1.0
CAP	cap|1242	cap|1242|author_cell_type	Single cell atlas of the human trabecular meshwork and ciliary body - scRNA-seq	author_cell_type	CB_Fibro	CB FIBRO	3	2	0.6666666666666666	1	1.0	1.0
CAP	cap|1242	cap|1242|author_cell_type	Single cell atlas of the human trabecular meshwork and ciliary body - scRNA-seq	author_cell_type	CB_NPCE_1	CB NPCE 1	5	5	1.0	1	0.0	0.0
CAP	cap|1242	cap|1242|author_cell_type	Single cell atlas of the human trabecular meshwork and ciliary body - scRNA-seq	author_cell_type	CB_NPCE_2	CB NPCE 2	5	5	1.0	1	0.0	0.0
CAP	cap|1242	cap|1242|author_cell_type	Single cell atlas of the human trabecular meshwork and ciliary body - scRNA-seq	author_cell_type	CB_PCE	CB PCE	4	4	1.0	1	1.0	1.0
CAP	cap|1242	cap|1242|author_cell_type	Single cell atlas of the human trabecular meshwork and ciliary body - scRNA-seq	author_cell_type	Mast Cell	MAST CELL	3	3	1.0	2	1.0	1.0
CAP	cap|1242	cap|1242|author_cell_type	Single cell atlas of the human trabecular meshwork and ciliary body - scRNA-seq	author_cell_type	NK/T Cell	NK T CELL	4	4	1.0	1	0.25	0.25
CAP	cap|1242	cap|1242|author_cell_type	Single cell atlas of the human trabecular meshwork and ciliary body - scRNA-seq	author_cell_type	Pericyte1	PERICYTE 1	5	5	1.0	1	1.0	1.0
CAP	cap|1242	cap|1242|author_cell_type	Single cell atlas of the human trabecular meshwork and ciliary body - scRNA-seq	author_cell_type	Pericyte2	PERICYTE 2	3	3	1.0	0		
CAP	cap|1242	cap|1242|author_cell_type	Single cell atlas of the human trabecular meshwork and ciliary body - scRNA-seq	author_cell_type	Schwann-my	SCHWANN MY	3	3	1.0	1	1.0	1.0
CAP	cap|1242	cap|1242|author_cell_type	Single cell atlas of the human trabecular meshwork and ciliary body - scRNA-seq	author_cell_type	Uveal_Melanocyte	UVEAL MELANOCYTE	3	3	1.0	1	1.0	1.0
CAP	cap|1242	cap|1242|author_cell_type	Single cell atlas of the human trabecular meshwork and ciliary body - scRNA-seq	author_cell_type	Vascular_Endothelium	VASCULAR ENDOTHELIUM	4	4	1.0	3	1.0	1.0
CAP	cap|1265	cap|1265|annot_level_1	The Human Neural Organoid Atlas	annot_level_1	Astrocyte	ASTROCYTE	3	3	1.0	0		
CAP	cap|1265	cap|1265|annot_level_1	The Human Neural Organoid Atlas	annot_level_1	Glioblast	GLIOBLAST	3	3	1.0	0		
CAP	cap|1265	cap|1265|annot_level_1	The Human Neural Organoid Atlas	annot_level_1	Neuron	NEURON	3	3	1.0	0		
CAP	cap|1265	cap|1265|annot_level_2	The Human Neural Organoid Atlas	annot_level_2	Astrocyte	ASTROCYTE	3	3	1.0	0		
CAP	cap|1265	cap|1265|annot_level_2	The Human Neural Organoid Atlas	annot_level_2	Dorsal Telencephalic IP	DORSAL TELENCEPHALIC IP	4	2	0.5	0		
CAP	cap|1265	cap|1265|annot_level_2	The Human Neural Organoid Atlas	annot_level_2	Dorsal Telencephalic Neuron	DORSAL TELENCEPHALIC NEURON	3	1	0.3333333333333333	0		
CAP	cap|1265	cap|1265|annot_level_2	The Human Neural Organoid Atlas	annot_level_2	Dorsal Telencephalic NPC	DORSAL TELENCEPHALIC NPC	3	0	0.0	0		
CAP	cap|1265	cap|1265|annot_level_2	The Human Neural Organoid Atlas	annot_level_2	Glioblast	GLIOBLAST	3	3	1.0	0		
CAP	cap|1265	cap|1265|annot_level_2	The Human Neural Organoid Atlas	annot_level_2	Non-telencephalic Neuron	NON TELENCEPHALIC NEURON	7	7	1.0	0		
CAP	cap|1265	cap|1265|annot_level_2	The Human Neural Organoid Atlas	annot_level_2	Non-telencephalic NPC	NON TELENCEPHALIC NPC	5	4	0.8	0		
CAP	cap|1265	cap|1265|annot_level_2	The Human Neural Organoid Atlas	annot_level_2	Ventral Telencephalic Neuron	VENTRAL TELENCEPHALIC NEURON	3	1	0.3333333333333333	0		
CAP	cap|1265	cap|1265|annot_level_2	The Human Neural Organoid Atlas	annot_level_2	Ventral Telencephalic NPC	VENTRAL TELENCEPHALIC NPC	3	0	0.0	0		
CAP	cap|1326	cap|1326|subclass.l1	Single-nucleus RNA-seq of the Adult Human Kidney (Version 1.5)	subclass.l1	ATL	ATL	9	8	0.8888888888888888	1	1.0	1.0
CAP	cap|1326	cap|1326|subclass.l1	Single-nucleus RNA-seq of the Adult Human Kidney (Version 1.5)	subclass.l1	CNT	CNT	4	4	1.0	0		
CAP	cap|1326	cap|1326|subclass.l1	Single-nucleus RNA-seq of the Adult Human Kidney (Version 1.5)	subclass.l1	DCT	DCT	6	6	1.0	0		
CAP	cap|1326	cap|1326|subclass.l1	Single-nucleus RNA-seq of the Adult Human Kidney (Version 1.5)	subclass.l1	DTL	DTL	6	5	0.8333333333333334	0		
CAP	cap|1326	cap|1326|subclass.l1	Single-nucleus RNA-seq of the Adult Human Kidney (Version 1.5)	subclass.l1	EC	EC	6	6	1.0	2	1.0	1.0
CAP	cap|1326	cap|1326|subclass.l1	Single-nucleus RNA-seq of the Adult Human Kidney (Version 1.5)	subclass.l1	FIB	FIB	7	7	1.0	1	0.0	0.0
CAP	cap|1326	cap|1326|subclass.l1	Single-nucleus RNA-seq of the Adult Human Kidney (Version 1.5)	subclass.l1	IC	IC	4	4	1.0	1	1.0	1.0
CAP	cap|1326	cap|1326|subclass.l1	Single-nucleus RNA-seq of the Adult Human Kidney (Version 1.5)	subclass.l1	NEU	NEU	3	3	1.0	0		
CAP	cap|1326	cap|1326|subclass.l1	Single-nucleus RNA-seq of the Adult Human Kidney (Version 1.5)	subclass.l1	PapE	PAPE	5	4	0.8	0		
CAP	cap|1326	cap|1326|subclass.l1	Single-nucleus RNA-seq of the Adult Human Kidney (Version 1.5)	subclass.l1	PC	PC	3	3	1.0	2	1.0	1.0
CAP	cap|1326	cap|1326|subclass.l1	Single-nucleus RNA-seq of the Adult Human Kidney (Version 1.5)	subclass.l1	PEC	PEC	5	4	0.8	1	1.0	1.0
CAP	cap|1326	cap|1326|subclass.l1	Single-nucleus RNA-seq of the Adult Human Kidney (Version 1.5)	subclass.l1	POD	POD	7	7	1.0	1	1.0	1.0
CAP	cap|1326	cap|1326|subclass.l1	Single-nucleus RNA-seq of the Adult Human Kidney (Version 1.5)	subclass.l1	PT	PT	3	3	1.0	1	1.0	1.0
CAP	cap|1326	cap|1326|subclass.l1	Single-nucleus RNA-seq of the Adult Human Kidney (Version 1.5)	subclass.l1	TAL	TAL	3	3	1.0	1	1.0	1.0
CAP	cap|1326	cap|1326|subclass.l1	Single-nucleus RNA-seq of the Adult Human Kidney (Version 1.5)	subclass.l1	VSM/P	VSM P	3	3	1.0	0		
CAP	cap|1326	cap|1326|subclass.l2	Single-nucleus RNA-seq of the Adult Human Kidney (Version 1.5)	subclass.l2	ATL	ATL	9	3	0.3333333333333333	1	1.0	1.0
CAP	cap|1326	cap|1326|subclass.l2	Single-nucleus RNA-seq of the Adult Human Kidney (Version 1.5)	subclass.l2	B	B	4	4	1.0	3	1.0	1.0
CAP	cap|1326	cap|1326|subclass.l2	Single-nucleus RNA-seq of the Adult Human Kidney (Version 1.5)	subclass.l2	C-TAL	C TAL	10	7	0.7	1	1.0	1.0
CAP	cap|1326	cap|1326|subclass.l2	Single-nucleus RNA-seq of the Adult Human Kidney (Version 1.5)	subclass.l2	CCD-IC-A	CCD IC A	6	4	0.6666666666666666	0		
CAP	cap|1326	cap|1326|subclass.l2	Single-nucleus RNA-seq of the Adult Human Kidney (Version 1.5)	subclass.l2	CCD-PC	CCD PC	8	0	0.0	1	1.0	
CAP	cap|1326	cap|1326|subclass.l2	Single-nucleus RNA-seq of the Adult Human Kidney (Version 1.5)	subclass.l2	cDC	CDC	11	7	0.6363636363636364	1	1.0	1.0
CAP	cap|1326	cap|1326|subclass.l2	Single-nucleus RNA-seq of the Adult Human Kidney (Version 1.5)	subclass.l2	CNT-IC-A	CNT IC A	5	0	0.0	1	1.0	
CAP	cap|1326	cap|1326|subclass.l2	Single-nucleus RNA-seq of the Adult Human Kidney (Version 1.5)	subclass.l2	CNT-PC	CNT PC	8	0	0.0	1	1.0	
CAP	cap|1326	cap|1326|subclass.l2	Single-nucleus RNA-seq of the Adult Human Kidney (Version 1.5)	subclass.l2	DCT1	DCT 1	5	4	0.8	1	1.0	1.0
CAP	cap|1326	cap|1326|subclass.l2	Single-nucleus RNA-seq of the Adult Human Kidney (Version 1.5)	subclass.l2	DCT2	DCT 2	5	2	0.4	1	1.0	1.0
CAP	cap|1326	cap|1326|subclass.l2	Single-nucleus RNA-seq of the Adult Human Kidney (Version 1.5)	subclass.l2	DTL1	DTL 1	4	3	0.75	1	1.0	1.0
CAP	cap|1326	cap|1326|subclass.l2	Single-nucleus RNA-seq of the Adult Human Kidney (Version 1.5)	subclass.l2	DTL2	DTL 2	7	4	0.5714285714285714	0		
CAP	cap|1326	cap|1326|subclass.l2	Single-nucleus RNA-seq of the Adult Human Kidney (Version 1.5)	subclass.l2	DTL3	DTL 3	7	1	0.14285714285714285	0		
CAP	cap|1326	cap|1326|subclass.l2	Single-nucleus RNA-seq of the Adult Human Kidney (Version 1.5)	subclass.l2	EC-AEA	EC AEA	12	6	0.5	1	1.0	1.0
CAP	cap|1326	cap|1326|subclass.l2	Single-nucleus RNA-seq of the Adult Human Kidney (Version 1.5)	subclass.l2	EC-AVR	EC AVR	8	4	0.5	1	1.0	1.0
CAP	cap|1326	cap|1326|subclass.l2	Single-nucleus RNA-seq of the Adult Human Kidney (Version 1.5)	subclass.l2	EC-DVR	EC DVR	9	4	0.4444444444444444	0		
CAP	cap|1326	cap|1326|subclass.l2	Single-nucleus RNA-seq of the Adult Human Kidney (Version 1.5)	subclass.l2	EC-GC	EC GC	7	7	1.0	1	1.0	1.0
CAP	cap|1326	cap|1326|subclass.l2	Single-nucleus RNA-seq of the Adult Human Kidney (Version 1.5)	subclass.l2	EC-LYM	EC LYM	5	4	0.8	1	1.0	1.0
CAP	cap|1326	cap|1326|subclass.l2	Single-nucleus RNA-seq of the Adult Human Kidney (Version 1.5)	subclass.l2	EC-PTC	EC PTC	7	4	0.5714285714285714	1	1.0	1.0
CAP	cap|1326	cap|1326|subclass.l2	Single-nucleus RNA-seq of the Adult Human Kidney (Version 1.5)	subclass.l2	FIB	FIB	8	7	0.875	1	1.0	1.0
CAP	cap|1326	cap|1326|subclass.l2	Single-nucleus RNA-seq of the Adult Human Kidney (Version 1.5)	subclass.l2	IC-B	IC B	5	5	1.0	1	1.0	1.0
CAP	cap|1326	cap|1326|subclass.l2	Single-nucleus RNA-seq of the Adult Human Kidney (Version 1.5)	subclass.l2	IMCD	IMCD	6	3	0.5	1	1.0	1.0
CAP	cap|1326	cap|1326|subclass.l2	Single-nucleus RNA-seq of the Adult Human Kidney (Version 1.5)	subclass.l2	M-TAL	M TAL	10	6	0.6	0		
CAP	cap|1326	cap|1326|subclass.l2	Single-nucleus RNA-seq of the Adult Human Kidney (Version 1.5)	subclass.l2	MAC-M2	MAC M 2	7	6	0.8571428571428571	1	1.0	1.0
CAP	cap|1326	cap|1326|subclass.l2	Single-nucleus RNA-seq of the Adult Human Kidney (Version 1.5)	subclass.l2	MAST	MAST	3	2	0.6666666666666666	3	1.0	1.0
CAP	cap|1326	cap|1326|subclass.l2	Single-nucleus RNA-seq of the Adult Human Kidney (Version 1.5)	subclass.l2	MC	MC	7	5	0.7142857142857143	1	1.0	1.0
CAP	cap|1326	cap|1326|subclass.l2	Single-nucleus RNA-seq of the Adult Human Kidney (Version 1.5)	subclass.l2	MD	MD	5	5	1.0	0		
CAP	cap|1326	cap|1326|subclass.l2	Single-nucleus RNA-seq of the Adult Human Kidney (Version 1.5)	subclass.l2	MDC	MDC	6	2	0.3333333333333333	1	1.0	1.0
CAP	cap|1326	cap|1326|subclass.l2	Single-nucleus RNA-seq of the Adult Human Kidney (Version 1.5)	subclass.l2	N	N	5	5	1.0	0		
CAP	cap|1326	cap|1326|subclass.l2	Single-nucleus RNA-seq of the Adult Human Kidney (Version 1.5)	subclass.l2	ncMON	NCMON	7	6	0.8571428571428571	1	1.0	1.0
CAP	cap|1326	cap|1326|subclass.l2	Single-nucleus RNA-seq of the Adult Human Kidney (Version 1.5)	subclass.l2	NKT	NKT	9	7	0.7777777777777778	2	1.0	1.0
CAP	cap|1326	cap|1326|subclass.l2	Single-nucleus RNA-seq of the Adult Human Kidney (Version 1.5)	subclass.l2	OMCD-IC-A	OMCD IC A	7	4	0.5714285714285714	0		
CAP	cap|1326	cap|1326|subclass.l2	Single-nucleus RNA-seq of the Adult Human Kidney (Version 1.5)	subclass.l2	OMCD-PC	OMCD PC	8	4	0.5	0		
CAP	cap|1326	cap|1326|subclass.l2	Single-nucleus RNA-seq of the Adult Human Kidney (Version 1.5)	subclass.l2	PapE	PAPE	5	5	1.0	0		
CAP	cap|1326	cap|1326|subclass.l2	Single-nucleus RNA-seq of the Adult Human Kidney (Version 1.5)	subclass.l2	pDC	PDC	5	5	1.0	12	1.0	1.0
CAP	cap|1326	cap|1326|subclass.l2	Single-nucleus RNA-seq of the Adult Human Kidney (Version 1.5)	subclass.l2	PEC	PEC	5	3	0.6	1	1.0	1.0
CAP	cap|1326	cap|1326|subclass.l2	Single-nucleus RNA-seq of the Adult Human Kidney (Version 1.5)	subclass.l2	PL	PL	6	6	1.0	1	1.0	1.0
CAP	cap|1326	cap|1326|subclass.l2	Single-nucleus RNA-seq of the Adult Human Kidney (Version 1.5)	subclass.l2	POD	POD	7	7	1.0	1	1.0	1.0
CAP	cap|1326	cap|1326|subclass.l2	Single-nucleus RNA-seq of the Adult Human Kidney (Version 1.5)	subclass.l2	PT-S1	PT S 1	6	3	0.5	0		
CAP	cap|1326	cap|1326|subclass.l2	Single-nucleus RNA-seq of the Adult Human Kidney (Version 1.5)	subclass.l2	PT-S2	PT S 2	5	1	0.2	0		
CAP	cap|1326	cap|1326|subclass.l2	Single-nucleus RNA-seq of the Adult Human Kidney (Version 1.5)	subclass.l2	PT-S3	PT S 3	8	6	0.75	1	1.0	1.0
CAP	cap|1326	cap|1326|subclass.l2	Single-nucleus RNA-seq of the Adult Human Kidney (Version 1.5)	subclass.l2	REN	REN	7	4	0.5714285714285714	1	1.0	1.0
CAP	cap|1326	cap|1326|subclass.l2	Single-nucleus RNA-seq of the Adult Human Kidney (Version 1.5)	subclass.l2	SC/NEU	SC NEU	3	3	1.0	0		
CAP	cap|1326	cap|1326|subclass.l2	Single-nucleus RNA-seq of the Adult Human Kidney (Version 1.5)	subclass.l2	T	T	6	4	0.6666666666666666	3	1.0	1.0
CAP	cap|1326	cap|1326|subclass.l2	Single-nucleus RNA-seq of the Adult Human Kidney (Version 1.5)	subclass.l2	VSMC	VSMC	6	5	0.8333333333333334	1	1.0	1.0
CAP	cap|1326	cap|1326|subclass.l2	Single-nucleus RNA-seq of the Adult Human Kidney (Version 1.5)	subclass.l2	VSMC/P	VSMC P	6	5	0.8333333333333334	1	1.0	1.0
CAP	cap|1327	cap|1327|author_cell_type	Single-cell RNA-seq of the Adult Human Kidney (Version 1.5)	author_cell_type	ATL	ATL	9	7	0.7777777777777778	2	1.0	1.0
CAP	cap|1327	cap|1327|author_cell_type	Single-cell RNA-seq of the Adult Human Kidney (Version 1.5)	author_cell_type	B	B	4	4	1.0	2	1.0	1.0
CAP	cap|1327	cap|1327|author_cell_type	Single-cell RNA-seq of the Adult Human Kidney (Version 1.5)	author_cell_type	C-TAL	C TAL	10	10	1.0	1	1.0	1.0
CAP	cap|1327	cap|1327|author_cell_type	Single-cell RNA-seq of the Adult Human Kidney (Version 1.5)	author_cell_type	CCD-PC	CCD PC	8	0	0.0	1	1.0	
CAP	cap|1327	cap|1327|author_cell_type	Single-cell RNA-seq of the Adult Human Kidney (Version 1.5)	author_cell_type	cDC	CDC	11	7	0.6363636363636364	1	1.0	1.0
CAP	cap|1327	cap|1327|author_cell_type	Single-cell RNA-seq of the Adult Human Kidney (Version 1.5)	author_cell_type	CNT-IC-A	CNT IC A	5	2	0.4	1	1.0	1.0
CAP	cap|1327	cap|1327|author_cell_type	Single-cell RNA-seq of the Adult Human Kidney (Version 1.5)	author_cell_type	CNT-PC	CNT PC	8	0	0.0	1	1.0	
CAP	cap|1327	cap|1327|author_cell_type	Single-cell RNA-seq of the Adult Human Kidney (Version 1.5)	author_cell_type	DCT1	DCT 1	5	4	0.8	1	1.0	1.0
CAP	cap|1327	cap|1327|author_cell_type	Single-cell RNA-seq of the Adult Human Kidney (Version 1.5)	author_cell_type	DCT2	DCT 2	5	2	0.4	1	1.0	1.0
CAP	cap|1327	cap|1327|author_cell_type	Single-cell RNA-seq of the Adult Human Kidney (Version 1.5)	author_cell_type	DTL1	DTL 1	4	3	0.75	1	1.0	1.0
CAP	cap|1327	cap|1327|author_cell_type	Single-cell RNA-seq of the Adult Human Kidney (Version 1.5)	author_cell_type	EC-AEA	EC AEA	12	11	0.9166666666666666	1	1.0	1.0
CAP	cap|1327	cap|1327|author_cell_type	Single-cell RNA-seq of the Adult Human Kidney (Version 1.5)	author_cell_type	EC-AVR	EC AVR	8	4	0.5	1	1.0	1.0
CAP	cap|1327	cap|1327|author_cell_type	Single-cell RNA-seq of the Adult Human Kidney (Version 1.5)	author_cell_type	EC-GC	EC GC	7	7	1.0	1	1.0	1.0
CAP	cap|1327	cap|1327|author_cell_type	Single-cell RNA-seq of the Adult Human Kidney (Version 1.5)	author_cell_type	EC-LYM	EC LYM	5	4	0.8	1	1.0	1.0
CAP	cap|1327	cap|1327|author_cell_type	Single-cell RNA-seq of the Adult Human Kidney (Version 1.5)	author_cell_type	EC-PTC	EC PTC	7	4	0.5714285714285714	1	1.0	1.0
CAP	cap|1327	cap|1327|author_cell_type	Single-cell RNA-seq of the Adult Human Kidney (Version 1.5)	author_cell_type	FIB	FIB	8	7	0.875	2	1.0	1.0
CAP	cap|1327	cap|1327|author_cell_type	Single-cell RNA-seq of the Adult Human Kidney (Version 1.5)	author_cell_type	IC-B	IC B	5	5	1.0	1	1.0	1.0
CAP	cap|1327	cap|1327|author_cell_type	Single-cell RNA-seq of the Adult Human Kidney (Version 1.5)	author_cell_type	IMCD	IMCD	6	4	0.6666666666666666	1	1.0	1.0
CAP	cap|1327	cap|1327|author_cell_type	Single-cell RNA-seq of the Adult Human Kidney (Version 1.5)	author_cell_type	MAC-M2	MAC M 2	7	6	0.8571428571428571	1	1.0	1.0
CAP	cap|1327	cap|1327|author_cell_type	Single-cell RNA-seq of the Adult Human Kidney (Version 1.5)	author_cell_type	MAST	MAST	3	3	1.0	3	1.0	1.0
CAP	cap|1327	cap|1327|author_cell_type	Single-cell RNA-seq of the Adult Human Kidney (Version 1.5)	author_cell_type	MC	MC	7	5	0.7142857142857143	1	1.0	1.0
CAP	cap|1327	cap|1327|author_cell_type	Single-cell RNA-seq of the Adult Human Kidney (Version 1.5)	author_cell_type	MDC	MDC	6	2	0.3333333333333333	1	1.0	1.0
CAP	cap|1327	cap|1327|author_cell_type	Single-cell RNA-seq of the Adult Human Kidney (Version 1.5)	author_cell_type	ncMON	NCMON	7	6	0.8571428571428571	1	1.0	1.0
CAP	cap|1327	cap|1327|author_cell_type	Single-cell RNA-seq of the Adult Human Kidney (Version 1.5)	author_cell_type	NKT	NKT	9	7	0.7777777777777778	2	1.0	1.0
CAP	cap|1327	cap|1327|author_cell_type	Single-cell RNA-seq of the Adult Human Kidney (Version 1.5)	author_cell_type	pDC	PDC	5	5	1.0	12	1.0	1.0
CAP	cap|1327	cap|1327|author_cell_type	Single-cell RNA-seq of the Adult Human Kidney (Version 1.5)	author_cell_type	PEC	PEC	5	4	0.8	2	1.0	1.0
CAP	cap|1327	cap|1327|author_cell_type	Single-cell RNA-seq of the Adult Human Kidney (Version 1.5)	author_cell_type	PL	PL	6	6	1.0	1	1.0	1.0
CAP	cap|1327	cap|1327|author_cell_type	Single-cell RNA-seq of the Adult Human Kidney (Version 1.5)	author_cell_type	POD	POD	7	7	1.0	2	1.0	1.0
CAP	cap|1327	cap|1327|author_cell_type	Single-cell RNA-seq of the Adult Human Kidney (Version 1.5)	author_cell_type	PT-S3	PT S 3	8	7	0.875	1	1.0	1.0
CAP	cap|1327	cap|1327|author_cell_type	Single-cell RNA-seq of the Adult Human Kidney (Version 1.5)	author_cell_type	REN	REN	7	4	0.5714285714285714	1	1.0	1.0
CAP	cap|1327	cap|1327|author_cell_type	Single-cell RNA-seq of the Adult Human Kidney (Version 1.5)	author_cell_type	T	T	6	4	0.6666666666666666	2	1.0	1.0
CAP	cap|1327	cap|1327|author_cell_type	Single-cell RNA-seq of the Adult Human Kidney (Version 1.5)	author_cell_type	VSMC	VSMC	6	5	0.8333333333333334	1	1.0	1.0
CAP	cap|1327	cap|1327|author_cell_type	Single-cell RNA-seq of the Adult Human Kidney (Version 1.5)	author_cell_type	VSMC/P	VSMC P	6	5	0.8333333333333334	1	1.0	1.0
CAP	cap|1327	cap|1327|subclass.l1	Single-cell RNA-seq of the Adult Human Kidney (Version 1.5)	subclass.l1	B	B	4	4	1.0	2	1.0	1.0
CAP	cap|1327	cap|1327|subclass.l1	Single-cell RNA-seq of the Adult Human Kidney (Version 1.5)	subclass.l1	EC	EC	6	6	1.0	2	1.0	1.0
CAP	cap|1327	cap|1327|subclass.l1	Single-cell RNA-seq of the Adult Human Kidney (Version 1.5)	subclass.l1	IC	IC	4	4	1.0	1	1.0	1.0
CAP	cap|1327	cap|1327|subclass.l1	Single-cell RNA-seq of the Adult Human Kidney (Version 1.5)	subclass.l1	PC	PC	3	3	1.0	2	1.0	1.0
CAP	cap|1327	cap|1327|subclass.l1	Single-cell RNA-seq of the Adult Human Kidney (Version 1.5)	subclass.l1	PT	PT	3	3	1.0	1	1.0	1.0
CAP	cap|1327	cap|1327|subclass.l1	Single-cell RNA-seq of the Adult Human Kidney (Version 1.5)	subclass.l1	T	T	6	6	1.0	2	1.0	1.0
CAP	cap|1327	cap|1327|subclass.l1	Single-cell RNA-seq of the Adult Human Kidney (Version 1.5)	subclass.l1	TAL	TAL	3	3	1.0	1	1.0	1.0
CAP	cap|1373	cap|1373|level_1	human intestine organoid cell atlas	level_1	endothelial	ENDOTHELIAL	5	5	1.0	2	1.0	1.0
CAP	cap|1373	cap|1373|level_1	human intestine organoid cell atlas	level_1	epithelial	EPITHELIAL	3	3	1.0	4	1.0	1.0
CAP	cap|1373	cap|1373|level_1	human intestine organoid cell atlas	level_1	immune	IMMUNE	5	5	1.0	2	1.0	1.0
CAP	cap|1373	cap|1373|level_1	human intestine organoid cell atlas	level_1	mesenchymal	MESENCHYMAL	5	5	1.0	3	1.0	1.0
CAP	cap|1373	cap|1373|level_1	human intestine organoid cell atlas	level_1	neural	NEURAL	4	4	1.0	1	1.0	1.0
CAP	cap|1373	cap|1373|level_2	human intestine organoid cell atlas	level_2	colonocytes	COLONOCYTES	3	3	1.0	3	1.0	1.0
CAP	cap|1373	cap|1373|level_2	human intestine organoid cell atlas	level_2	cycling endothelial cells	CYCLING ENDOTHELIAL CELLS	3	0	0.0	0		
CAP	cap|1373	cap|1373|level_2	human intestine organoid cell atlas	level_2	cycling stromal cells	CYCLING STROMAL CELLS	3	0	0.0	1	1.0	
CAP	cap|1373	cap|1373|level_2	human intestine organoid cell atlas	level_2	enterocytes	ENTEROCYTES	3	3	1.0	4	1.0	1.0
CAP	cap|1373	cap|1373|level_2	human intestine organoid cell atlas	level_2	goblet cells	GOBLET CELLS	5	5	1.0	2	1.0	1.0
CAP	cap|1373	cap|1373|level_2	human intestine organoid cell atlas	level_2	immune	IMMUNE	5	5	1.0	2	1.0	1.0
CAP	cap|1373	cap|1373|level_2	human intestine organoid cell atlas	level_2	Interstitial cells of Cajal (ICC)	INTERSTITIAL CELLS OF CAJAL ICC	6	6	1.0	1	1.0	1.0
CAP	cap|1373	cap|1373|level_2	human intestine organoid cell atlas	level_2	lymphatic endothelium	LYMPHATIC ENDOTHELIUM	5	5	1.0	3	1.0	1.0
CAP	cap|1373	cap|1373|level_2	human intestine organoid cell atlas	level_2	mesoderm 1 (HAND1)	MESODERM 1 HAND 1	3	3	1.0	1	1.0	1.0
CAP	cap|1373	cap|1373|level_2	human intestine organoid cell atlas	level_2	mesothelial cells	MESOTHELIAL CELLS	4	4	1.0	7	1.0	1.0
CAP	cap|1373	cap|1373|level_2	human intestine organoid cell atlas	level_2	mLTo cells	MLTO CELLS	5	5	1.0	0		
CAP	cap|1373	cap|1373|level_2	human intestine organoid cell atlas	level_2	pericytes	PERICYTES	4	4	1.0	7	1.0	1.0
CAP	cap|1373	cap|1373|level_2	human intestine organoid cell atlas	level_2	smooth muscle cells (SMC)	SMOOTH MUSCLE CELLS SMC	4	4	1.0	3	1.0	1.0
CAP	cap|1373	cap|1373|level_2	human intestine organoid cell atlas	level_2	stem cells	STEM CELLS	6	6	1.0	1	1.0	1.0
CAP	cap|1373	cap|1373|level_2	human intestine organoid cell atlas	level_2	stromal 1 (ADAMDEC1)	STROMAL 1 ADAMDEC 1	5	5	1.0	1	1.0	1.0
CAP	cap|1373	cap|1373|level_2	human intestine organoid cell atlas	level_2	stromal 2 (NPY)	STROMAL 2 NPY	5	5	1.0	1	1.0	1.0
CAP	cap|1373	cap|1373|level_2	human intestine organoid cell atlas	level_2	stromal 3 (C7)	STROMAL 3 C 7	6	6	1.0	1	1.0	1.0
CAP	cap|1373	cap|1373|level_2	human intestine organoid cell atlas	level_2	tuft cells	TUFT CELLS	3	3	1.0	1	1.0	1.0
CAP	cap|1374	cap|1374|level_1	human endoderm organoid cell atlas	level_1	endothelial	ENDOTHELIAL	5	5	1.0	2	1.0	1.0
CAP	cap|1374	cap|1374|level_1	human endoderm organoid cell atlas	level_1	epithelial	EPITHELIAL	3	3	1.0	4	1.0	1.0
CAP	cap|1374	cap|1374|level_1	human endoderm organoid cell atlas	level_1	immune	IMMUNE	5	5	1.0	2	1.0	1.0
CAP	cap|1374	cap|1374|level_1	human endoderm organoid cell atlas	level_1	mesenchymal	MESENCHYMAL	5	5	1.0	3	1.0	1.0
CAP	cap|1374	cap|1374|level_1	human endoderm organoid cell atlas	level_1	neural	NEURAL	4	4	1.0	1	1.0	1.0
CAP	cap|1374	cap|1374|level_2	human endoderm organoid cell atlas	level_2	BEST4+ epithelial	BEST 4 EPITHELIAL	3	3	1.0	0		
CAP	cap|1374	cap|1374|level_2	human endoderm organoid cell atlas	level_2	biliary cells	BILIARY CELLS	4	4	1.0	0		
CAP	cap|1374	cap|1374|level_2	human endoderm organoid cell atlas	level_2	colonocytes	COLONOCYTES	3	3	1.0	3	1.0	1.0
CAP	cap|1374	cap|1374|level_2	human endoderm organoid cell atlas	level_2	cycling stromal cells	CYCLING STROMAL CELLS	3	3	1.0	1	1.0	1.0
CAP	cap|1374	cap|1374|level_2	human endoderm organoid cell atlas	level_2	ductal cells	DUCTAL CELLS	3	3	1.0	0		
CAP	cap|1374	cap|1374|level_2	human endoderm organoid cell atlas	level_2	enterocytes	ENTEROCYTES	3	3	1.0	4	1.0	1.0
CAP	cap|1374	cap|1374|level_2	human endoderm organoid cell atlas	level_2	goblet cells	GOBLET CELLS	5	5	1.0	2	1.0	1.0
CAP	cap|1374	cap|1374|level_2	human endoderm organoid cell atlas	level_2	hepatocytes	HEPATOCYTES	7	7	1.0	2	0.0	0.0
CAP	cap|1374	cap|1374|level_2	human endoderm organoid cell atlas	level_2	immune	IMMUNE	5	5	1.0	2	1.0	1.0
CAP	cap|1374	cap|1374|level_2	human endoderm organoid cell atlas	level_2	Interstitial cells of Cajal (ICC)	INTERSTITIAL CELLS OF CAJAL ICC	6	6	1.0	1	1.0	1.0
CAP	cap|1374	cap|1374|level_2	human endoderm organoid cell atlas	level_2	luminal cells	LUMINAL CELLS	3	3	1.0	0		
CAP	cap|1374	cap|1374|level_2	human endoderm organoid cell atlas	level_2	lymphatic endothelium	LYMPHATIC ENDOTHELIUM	5	5	1.0	3	1.0	1.0
CAP	cap|1374	cap|1374|level_2	human endoderm organoid cell atlas	level_2	mesoderm 1 (HAND1)	MESODERM 1 HAND 1	3	3	1.0	1	1.0	1.0
CAP	cap|1374	cap|1374|level_2	human endoderm organoid cell atlas	level_2	mesothelial cells	MESOTHELIAL CELLS	4	4	1.0	7	1.0	1.0
CAP	cap|1374	cap|1374|level_2	human endoderm organoid cell atlas	level_2	pericytes	PERICYTES	4	3	0.75	7	1.0	1.0
CAP	cap|1374	cap|1374|level_2	human endoderm organoid cell atlas	level_2	smooth muscle cells (SMC)	SMOOTH MUSCLE CELLS SMC	4	2	0.5	3	1.0	1.0
CAP	cap|1374	cap|1374|level_2	human endoderm organoid cell atlas	level_2	stellate cells	STELLATE CELLS	5	2	0.4	1	0.0	0.0
CAP	cap|1374	cap|1374|level_2	human endoderm organoid cell atlas	level_2	stem cells	STEM CELLS	6	6	1.0	1	1.0	1.0
CAP	cap|1374	cap|1374|level_2	human endoderm organoid cell atlas	level_2	stromal 1 (ADAMDEC1)	STROMAL 1 ADAMDEC 1	5	5	1.0	1	1.0	1.0
CAP	cap|1374	cap|1374|level_2	human endoderm organoid cell atlas	level_2	stromal 2 (NPY)	STROMAL 2 NPY	5	5	1.0	1	1.0	1.0
CAP	cap|1374	cap|1374|level_2	human endoderm organoid cell atlas	level_2	stromal 3 (C7)	STROMAL 3 C 7	6	6	1.0	1	1.0	1.0
CAP	cap|1374	cap|1374|level_2	human endoderm organoid cell atlas	level_2	thyrocytes	THYROCYTES	6	6	1.0	0		
CAP	cap|1374	cap|1374|level_2	human endoderm organoid cell atlas	level_2	tuft cells	TUFT CELLS	3	3	1.0	1	1.0	1.0
CAP	cap|1375	cap|1375|level_1	human lung organoid cell atlas	level_1	epithelial	EPITHELIAL	3	3	1.0	4	1.0	1.0
CAP	cap|1375	cap|1375|level_1	human lung organoid cell atlas	level_1	mesenchymal	MESENCHYMAL	5	5	1.0	2	1.0	1.0
CAP	cap|1375	cap|1375|level_2	human lung organoid cell atlas	level_2	enterocytes	ENTEROCYTES	3	3	1.0	4	1.0	1.0
CAP	cap|1375	cap|1375|level_2	human lung organoid cell atlas	level_2	goblet cells	GOBLET CELLS	5	5	1.0	2	1.0	1.0
CAP	cap|1375	cap|1375|level_2	human lung organoid cell atlas	level_2	mesenchymal	MESENCHYMAL	5	5	1.0	2	1.0	1.0
CAP	cap|1426	cap|1426|cell_type	Skin fibroblast scRNA-seq atlas in health	cell_type	F1: Superficial	F 1 SUPERFICIAL	8	8	1.0	1	0.875	0.875
CAP	cap|1426	cap|1426|cell_type	Skin fibroblast scRNA-seq atlas in health	cell_type	F2/3: Perivascular	F 2 3 PERIVASCULAR	9	9	1.0	1	0.7777777777777778	0.7777777777777778
CAP	cap|1426	cap|1426|cell_type	Skin fibroblast scRNA-seq atlas in health	cell_type	F2: Universal	F 2 UNIVERSAL	9	9	1.0	1	0.6666666666666666	0.6666666666666666
CAP	cap|1426	cap|1426|cell_type	Skin fibroblast scRNA-seq atlas in health	cell_type	F3: FRC-like	F 3 FRC LIKE	10	10	1.0	1	0.7	0.7
CAP	cap|1426	cap|1426|cell_type	Skin fibroblast scRNA-seq atlas in health	cell_type	F4: DP_HHIP+	F 4 DP HHIP	5	5	1.0	1	0.8	0.8
CAP	cap|1426	cap|1426|cell_type	Skin fibroblast scRNA-seq atlas in health	cell_type	F4: DS_DPEP1+	F 4 DS DPEP 1	4	4	1.0	1	1.0	1.0
CAP	cap|1426	cap|1426|cell_type	Skin fibroblast scRNA-seq atlas in health	cell_type	F4: TNN+COCH+	F 4 TNN COCH	6	6	1.0	1	0.8333333333333334	0.8333333333333334
CAP	cap|1426	cap|1426|cell_type	Skin fibroblast scRNA-seq atlas in health	cell_type	F5: NGFR+	F 5 NGFR	7	6	0.8571428571428571	1	0.8571428571428571	0.8333333333333334
CAP	cap|1426	cap|1426|cell_type	Skin fibroblast scRNA-seq atlas in health	cell_type	F5: RAMP1+	F 5 RAMP 1	6	5	0.8333333333333334	1	0.8333333333333334	1.0
CAP	cap|1427	cap|1427|cell_type	Skin fibroblasts - Pan-disease fibroblast atlas in skin fibrosis, inflammation, and cancer	cell_type	F1: Superficial	F 1 SUPERFICIAL	8	3	0.375	1	0.875	0.6666666666666666
CAP	cap|1427	cap|1427|cell_type	Skin fibroblasts - Pan-disease fibroblast atlas in skin fibrosis, inflammation, and cancer	cell_type	F1: Superficial CRABP1+	F 1 SUPERFICIAL CRABP 1	11	4	0.36363636363636365	0		
CAP	cap|1427	cap|1427|cell_type	Skin fibroblasts - Pan-disease fibroblast atlas in skin fibrosis, inflammation, and cancer	cell_type	F2/3: Perivascular	F 2 3 PERIVASCULAR	7	4	0.5714285714285714	1	1.0	1.0
CAP	cap|1427	cap|1427|cell_type	Skin fibroblasts - Pan-disease fibroblast atlas in skin fibrosis, inflammation, and cancer	cell_type	F2: Universal	F 2 UNIVERSAL	6	3	0.5	1	1.0	1.0
CAP	cap|1427	cap|1427|cell_type	Skin fibroblasts - Pan-disease fibroblast atlas in skin fibrosis, inflammation, and cancer	cell_type	F3: FRC-like	F 3 FRC LIKE	14	10	0.7142857142857143	1	0.5	0.7
CAP	cap|1427	cap|1427|cell_type	Skin fibroblasts - Pan-disease fibroblast atlas in skin fibrosis, inflammation, and cancer	cell_type	F4: DP_HHIP+	F 4 DP HHIP	9	5	0.5555555555555556	1	0.4444444444444444	0.6
CAP	cap|1427	cap|1427|cell_type	Skin fibroblasts - Pan-disease fibroblast atlas in skin fibrosis, inflammation, and cancer	cell_type	F4: DS_DPEP1+	F 4 DS DPEP 1	5	4	0.8	1	0.8	1.0
CAP	cap|1427	cap|1427|cell_type	Skin fibroblasts - Pan-disease fibroblast atlas in skin fibrosis, inflammation, and cancer	cell_type	F4: TNN+COCH+	F 4 TNN COCH	8	5	0.625	1	0.625	1.0
CAP	cap|1427	cap|1427|cell_type	Skin fibroblasts - Pan-disease fibroblast atlas in skin fibrosis, inflammation, and cancer	cell_type	F5: NGFR+	F 5 NGFR	10	10	1.0	1	0.6	0.6
CAP	cap|1427	cap|1427|cell_type	Skin fibroblasts - Pan-disease fibroblast atlas in skin fibrosis, inflammation, and cancer	cell_type	F5: RAMP1+	F 5 RAMP 1	7	7	1.0	1	0.7142857142857143	0.7142857142857143
CAP	cap|1427	cap|1427|cell_type	Skin fibroblasts - Pan-disease fibroblast atlas in skin fibrosis, inflammation, and cancer	cell_type	F6: Inflammatory myofibroblast	F 6 INFLAMMATORY MYOFIBROBLAST	10	8	0.8	0		
CAP	cap|1427	cap|1427|cell_type	Skin fibroblasts - Pan-disease fibroblast atlas in skin fibrosis, inflammation, and cancer	cell_type	F7: Myofibroblast	F 7 MYOFIBROBLAST	16	13	0.8125	0		
CAP	cap|1427	cap|1427|cell_type	Skin fibroblasts - Pan-disease fibroblast atlas in skin fibrosis, inflammation, and cancer	cell_type	F8: Fascia-like myofibroblast	F 8 FASCIA LIKE MYOFIBROBLAST	5	2	0.4	0		
CAP	cap|1427	cap|1427|cell_type	Skin fibroblasts - Pan-disease fibroblast atlas in skin fibrosis, inflammation, and cancer	cell_type	F_Fascia	F FASCIA	8	3	0.375	0		
CAP	cap|1437	cap|1437|author_cell_type	All cells from human liver dataset	author_cell_type	B cells	B CELLS	8	8	1.0	12	0.875	0.875
CAP	cap|1437	cap|1437|author_cell_type	All cells from human liver dataset	author_cell_type	Basophils	BASOPHILS	9	9	1.0	0		
CAP	cap|1437	cap|1437|author_cell_type	All cells from human liver dataset	author_cell_type	cDC1s	CDC 1 S	10	9	0.9	1	0.6	0.5555555555555556
CAP	cap|1437	cap|1437|author_cell_type	All cells from human liver dataset	author_cell_type	cDC2s	CDC 2 S	10	9	0.9	1	0.4	0.3333333333333333
CAP	cap|1437	cap|1437|author_cell_type	All cells from human liver dataset	author_cell_type	Cholangiocytes	CHOLANGIOCYTES	10	10	1.0	1	0.3	0.3
CAP	cap|1437	cap|1437|author_cell_type	All cells from human liver dataset	author_cell_type	Circulating NK/NKT	CIRCULATING NK NKT	10	9	0.9	0		
CAP	cap|1437	cap|1437|author_cell_type	All cells from human liver dataset	author_cell_type	Endothelial cells	ENDOTHELIAL CELLS	10	10	1.0	2	0.0	0.0
CAP	cap|1437	cap|1437|author_cell_type	All cells from human liver dataset	author_cell_type	Fibroblasts	FIBROBLASTS	10	10	1.0	1	0.3	0.3
CAP	cap|1437	cap|1437|author_cell_type	All cells from human liver dataset	author_cell_type	Hepatocytes	HEPATOCYTES	10	10	1.0	2	0.6	0.6
CAP	cap|1437	cap|1437|author_cell_type	All cells from human liver dataset	author_cell_type	Macrophages	MACROPHAGES	9	9	1.0	2	0.1111111111111111	0.1111111111111111
CAP	cap|1437	cap|1437|author_cell_type	All cells from human liver dataset	author_cell_type	Mig.cDCs	MIG CDCS	10	8	0.8	1	0.7	0.75
CAP	cap|1437	cap|1437|author_cell_type	All cells from human liver dataset	author_cell_type	Mono+mono derived cells	MONO MONO DERIVED CELLS	9	9	1.0	0		
CAP	cap|1437	cap|1437|author_cell_type	All cells from human liver dataset	author_cell_type	Neutrophils	NEUTROPHILS	9	9	1.0	6	0.4444444444444444	0.4444444444444444
CAP	cap|1437	cap|1437|author_cell_type	All cells from human liver dataset	author_cell_type	pDCs	PDCS	10	10	1.0	1	0.7	0.7
CAP	cap|1437	cap|1437|author_cell_type	All cells from human liver dataset	author_cell_type	Plasma cells	PLASMA CELLS	3	3	1.0	3	1.0	1.0
CAP	cap|1437	cap|1437|author_cell_type	All cells from human liver dataset	author_cell_type	Resident NK	RESIDENT NK	10	9	0.9	0		
CAP	cap|1437	cap|1437|author_cell_type	All cells from human liver dataset	author_cell_type	T cells	T CELLS	10	10	1.0	2	0.1	0.1
CAP	cap|1438	cap|1438|author_cell_type	CD45 negative cells from human liver dataset	author_cell_type	Central Vein Endothelial cells	CENTRAL VEIN ENDOTHELIAL CELLS	10	9	0.9	0		
CAP	cap|1438	cap|1438|author_cell_type	CD45 negative cells from human liver dataset	author_cell_type	Cholangiocytes	CHOLANGIOCYTES	10	10	1.0	1	0.3	0.3
CAP	cap|1438	cap|1438|author_cell_type	CD45 negative cells from human liver dataset	author_cell_type	Fibroblasts	FIBROBLASTS	10	10	1.0	1	0.3	0.3
CAP	cap|1438	cap|1438|author_cell_type	CD45 negative cells from human liver dataset	author_cell_type	Hepatocytes	HEPATOCYTES	10	10	1.0	2	0.6	0.6
CAP	cap|1438	cap|1438|author_cell_type	CD45 negative cells from human liver dataset	author_cell_type	LSECs	LSECS	10	10	1.0	0		
CAP	cap|1438	cap|1438|author_cell_type	CD45 negative cells from human liver dataset	author_cell_type	Portal Vein Endothelial cells	PORTAL VEIN ENDOTHELIAL CELLS	10	8	0.8	0		
CAP	cap|1438	cap|1438|author_cell_type	CD45 negative cells from human liver dataset	author_cell_type	Stellate cells	STELLATE CELLS	9	9	1.0	1	0.0	0.0
CAP	cap|1438	cap|1438|author_cell_type	CD45 negative cells from human liver dataset	author_cell_type	VSMCs	VSMCS	10	9	0.9	0		
CAP	cap|1439	cap|1439|author_cell_type	Lymphoid cells from human liver dataset	author_cell_type	B cells	B CELLS	9	9	1.0	12	0.6666666666666666	0.6666666666666666
CAP	cap|1439	cap|1439|author_cell_type	Lymphoid cells from human liver dataset	author_cell_type	CD4+ Th cells	CD 4 TH CELLS	8	0	0.0	0		
CAP	cap|1439	cap|1439|author_cell_type	Lymphoid cells from human liver dataset	author_cell_type	Circulating NK	CIRCULATING NK	10	4	0.4	0		
CAP	cap|1439	cap|1439|author_cell_type	Lymphoid cells from human liver dataset	author_cell_type	Circulating TEM	CIRCULATING TEM	10	6	0.6	0		
CAP	cap|1439	cap|1439|author_cell_type	Lymphoid cells from human liver dataset	author_cell_type	Cytotoxic CD8+	CYTOTOXIC CD 8	10	4	0.4	0		
CAP	cap|1439	cap|1439|author_cell_type	Lymphoid cells from human liver dataset	author_cell_type	Gd T cells	GD T CELLS	8	4	0.5	0		
CAP	cap|1439	cap|1439|author_cell_type	Lymphoid cells from human liver dataset	author_cell_type	Naive/CM CD4+ T cells	NAIVE CM CD 4 T CELLS	10	5	0.5	0		
CAP	cap|1439	cap|1439|author_cell_type	Lymphoid cells from human liver dataset	author_cell_type	NKT	NKT	10	2	0.2	2	0.1	0.0
CAP	cap|1439	cap|1439|author_cell_type	Lymphoid cells from human liver dataset	author_cell_type	pDCs	PDCS	10	10	1.0	1	0.7	0.7
CAP	cap|1439	cap|1439|author_cell_type	Lymphoid cells from human liver dataset	author_cell_type	Plasma cells	PLASMA CELLS	8	8	1.0	3	0.5	0.5
CAP	cap|1439	cap|1439|author_cell_type	Lymphoid cells from human liver dataset	author_cell_type	RM CD8+ T cells	RM CD 8 T CELLS	3	2	0.6666666666666666	0		
CAP	cap|1439	cap|1439|author_cell_type	Lymphoid cells from human liver dataset	author_cell_type	Tissue Resident NK	TISSUE RESIDENT NK	10	7	0.7	0		
CAP	cap|1439	cap|1439|author_cell_type	Lymphoid cells from human liver dataset	author_cell_type	Treg	TREG	9	9	1.0	1	0.2222222222222222	0.2222222222222222
CAP	cap|1440	cap|1440|author_cell_type	Myeloid cells from human liver dataset	author_cell_type	cDC1s	CDC 1 S	10	9	0.9	1	0.6	0.5555555555555556
CAP	cap|1440	cap|1440|author_cell_type	Myeloid cells from human liver dataset	author_cell_type	cDC2s	CDC 2 S	10	10	1.0	1	0.4	0.4
CAP	cap|1440	cap|1440|author_cell_type	Myeloid cells from human liver dataset	author_cell_type	immature LAMs	IMMATURE LAMS	10	6	0.6	0		
CAP	cap|1440	cap|1440|author_cell_type	Myeloid cells from human liver dataset	author_cell_type	Mac1	MAC 1	10	2	0.2	0		
CAP	cap|1440	cap|1440|author_cell_type	Myeloid cells from human liver dataset	author_cell_type	mature LAMs	MATURE LAMS	10	2	0.2	0		
CAP	cap|1440	cap|1440|author_cell_type	Myeloid cells from human liver dataset	author_cell_type	Mig cDCs	MIG CDCS	10	9	0.9	1	0.7	0.6666666666666666
CAP	cap|1440	cap|1440|author_cell_type	Myeloid cells from human liver dataset	author_cell_type	Mono	MONO	9	9	1.0	1	0.2222222222222222	0.2222222222222222
CAP	cap|1440	cap|1440|author_cell_type	Myeloid cells from human liver dataset	author_cell_type	Pat Mono	PAT MONO	10	10	1.0	0		
CAP	cap|1440	cap|1440|author_cell_type	Myeloid cells from human liver dataset	author_cell_type	Pre-moKCs and moKCs	PRE MOKCS AND MOKCS	10	3	0.3	0		
CAP	cap|1440	cap|1440|author_cell_type	Myeloid cells from human liver dataset	author_cell_type	ResKCs	RESKCS	10	10	1.0	0		
CAP	cap|1487	cap|1487|author_cell_type	snRNA-seq of human optic nerve and optic nerve head - oligodendrocytes	author_cell_type	OLIGO_LRRC7-hi	OLIGO LRRC 7 HI	4	1	0.25	1	1.0	1.0
CAP	cap|1487	cap|1487|author_cell_type	snRNA-seq of human optic nerve and optic nerve head - oligodendrocytes	author_cell_type	OLIGO_NAV2-hi	OLIGO NAV 2 HI	4	1	0.25	1	1.0	1.0
CAP	cap|1487	cap|1487|author_cell_type	snRNA-seq of human optic nerve and optic nerve head - oligodendrocytes	author_cell_type	OLIGO_non_specific	OLIGO NON SPECIFIC	3	0	0.0	1	1.0	
CAP	cap|1487	cap|1487|author_cell_type	snRNA-seq of human optic nerve and optic nerve head - oligodendrocytes	author_cell_type	OLIGO_RBFOX1-hi	OLIGO RBFOX 1 HI	4	0	0.0	1	1.0	
CAP	cap|1487	cap|1487|author_cell_type	snRNA-seq of human optic nerve and optic nerve head - oligodendrocytes	author_cell_type	OLIGO_SVEP1-hi	OLIGO SVEP 1 HI	5	1	0.2	1	1.0	1.0
CAP	cap|1489	cap|1489|author_cell_type	snRNA-seq of human optic nerve and optic nerve head - all cells	author_cell_type	Artery/Arteriole	ARTERY ARTERIOLE	4	2	0.5	1	1.0	1.0
CAP	cap|1489	cap|1489|author_cell_type	snRNA-seq of human optic nerve and optic nerve head - all cells	author_cell_type	B_cell	B CELL	3	2	0.6666666666666666	4	0.3333333333333333	0.5
CAP	cap|1489	cap|1489|author_cell_type	snRNA-seq of human optic nerve and optic nerve head - all cells	author_cell_type	B_cell_activated	B CELL ACTIVATED	3	2	0.6666666666666666	0		
CAP	cap|1489	cap|1489|author_cell_type	snRNA-seq of human optic nerve and optic nerve head - all cells	author_cell_type	Capillary_fenestrated	CAPILLARY FENESTRATED	3	3	1.0	1	1.0	1.0
CAP	cap|1489	cap|1489|author_cell_type	snRNA-seq of human optic nerve and optic nerve head - all cells	author_cell_type	Cone_ML	CONE ML	3	3	1.0	0		
CAP	cap|1489	cap|1489|author_cell_type	snRNA-seq of human optic nerve and optic nerve head - all cells	author_cell_type	Dendritic_cell	DENDRITIC CELL	3	3	1.0	0		
CAP	cap|1489	cap|1489|author_cell_type	snRNA-seq of human optic nerve and optic nerve head - all cells	author_cell_type	Fibro_arachnoid	FIBRO ARACHNOID	3	2	0.6666666666666666	1	1.0	1.0
CAP	cap|1489	cap|1489|author_cell_type	snRNA-seq of human optic nerve and optic nerve head - all cells	author_cell_type	Fibro_dura	FIBRO DURA	3	2	0.6666666666666666	1	1.0	1.0
CAP	cap|1489	cap|1489|author_cell_type	snRNA-seq of human optic nerve and optic nerve head - all cells	author_cell_type	Fibro_lamina_cribrosa	FIBRO LAMINA CRIBROSA	3	2	0.6666666666666666	1	1.0	1.0
CAP	cap|1489	cap|1489|author_cell_type	snRNA-seq of human optic nerve and optic nerve head - all cells	author_cell_type	Fibro_perivascular	FIBRO PERIVASCULAR	3	2	0.6666666666666666	1	1.0	1.0
CAP	cap|1489	cap|1489|author_cell_type	snRNA-seq of human optic nerve and optic nerve head - all cells	author_cell_type	Fibro_x	FIBRO X	3	3	1.0	1	1.0	1.0
CAP	cap|1489	cap|1489|author_cell_type	snRNA-seq of human optic nerve and optic nerve head - all cells	author_cell_type	Macrophage_JUN+	MACROPHAGE JUN	3	1	0.3333333333333333	0		
CAP	cap|1489	cap|1489|author_cell_type	snRNA-seq of human optic nerve and optic nerve head - all cells	author_cell_type	Macrophage_RORA+	MACROPHAGE RORA	3	1	0.3333333333333333	0		
CAP	cap|1489	cap|1489|author_cell_type	snRNA-seq of human optic nerve and optic nerve head - all cells	author_cell_type	Macrophage_RRM2+	MACROPHAGE RRM 2	3	1	0.3333333333333333	0		
CAP	cap|1489	cap|1489|author_cell_type	snRNA-seq of human optic nerve and optic nerve head - all cells	author_cell_type	OLIGO_LRRC7-hi	OLIGO LRRC 7 HI	4	1	0.25	1	1.0	1.0
CAP	cap|1489	cap|1489|author_cell_type	snRNA-seq of human optic nerve and optic nerve head - all cells	author_cell_type	OLIGO_NAV2-hi	OLIGO NAV 2 HI	4	1	0.25	1	1.0	1.0
CAP	cap|1489	cap|1489|author_cell_type	snRNA-seq of human optic nerve and optic nerve head - all cells	author_cell_type	OLIGO_non_specific	OLIGO NON SPECIFIC	3	0	0.0	1	1.0	
CAP	cap|1489	cap|1489|author_cell_type	snRNA-seq of human optic nerve and optic nerve head - all cells	author_cell_type	OLIGO_RBFOX1-hi	OLIGO RBFOX 1 HI	4	0	0.0	1	1.0	
CAP	cap|1489	cap|1489|author_cell_type	snRNA-seq of human optic nerve and optic nerve head - all cells	author_cell_type	OLIGO_SVEP1-hi	OLIGO SVEP 1 HI	5	1	0.2	1	1.0	1.0
CAP	cap|1489	cap|1489|author_cell_type	snRNA-seq of human optic nerve and optic nerve head - all cells	author_cell_type	OPC	OPC	3	0	0.0	0		
CAP	cap|1489	cap|1489|author_cell_type	snRNA-seq of human optic nerve and optic nerve head - all cells	author_cell_type	OPC_GPR17+	OPC GPR 17	4	1	0.25	0		
CAP	cap|1489	cap|1489|author_cell_type	snRNA-seq of human optic nerve and optic nerve head - all cells	author_cell_type	OPC_LAMA2+	OPC LAMA 2	4	1	0.25	0		
CAP	cap|1489	cap|1489|author_cell_type	snRNA-seq of human optic nerve and optic nerve head - all cells	author_cell_type	OPC_RNF220+	OPC RNF 220	4	1	0.25	0		
CAP	cap|1489	cap|1489|author_cell_type	snRNA-seq of human optic nerve and optic nerve head - all cells	author_cell_type	Pigmented_cell_1	PIGMENTED CELL 1	4	1	0.25	0		
CAP	cap|1489	cap|1489|author_cell_type	snRNA-seq of human optic nerve and optic nerve head - all cells	author_cell_type	Pigmented_cell_2	PIGMENTED CELL 2	3	0	0.0	0		
CAP	cap|1489	cap|1489|author_cell_type	snRNA-seq of human optic nerve and optic nerve head - all cells	author_cell_type	RPE_2	RPE 2	3	2	0.6666666666666666	0		
CAP	cap|1489	cap|1489|author_cell_type	snRNA-seq of human optic nerve and optic nerve head - all cells	author_cell_type	Schwann_cell_myelinating	SCHWANN CELL MYELINATING	5	4	0.8	0		
CAP	cap|1489	cap|1489|author_cell_type	snRNA-seq of human optic nerve and optic nerve head - all cells	author_cell_type	Schwann_cell_nonmyelinating	SCHWANN CELL NONMYELINATING	3	2	0.6666666666666666	0		
CAP	cap|1489	cap|1489|author_cell_type	snRNA-seq of human optic nerve and optic nerve head - all cells	author_cell_type	vascularSMC_SLC7A2+	VASCULARSMC SLC 7 A 2	3	1	0.3333333333333333	0		
CAP	cap|1489	cap|1489|author_cell_type	snRNA-seq of human optic nerve and optic nerve head - all cells	author_cell_type	vascularSMC_SORBS2+	VASCULARSMC SORBS 2	4	2	0.5	0		
CAP	cap|1489	cap|1489|author_cell_type	snRNA-seq of human optic nerve and optic nerve head - all cells	author_cell_type	Vein/Venule	VEIN VENULE	3	1	0.3333333333333333	1	1.0	1.0
CAP	cap|1490	cap|1490|author_cell_type	snRNA-seq of human optic nerve and optic nerve head - endothelial cells	author_cell_type	Artery/Arteriole	ARTERY ARTERIOLE	4	2	0.5	1	1.0	1.0
CAP	cap|1490	cap|1490|author_cell_type	snRNA-seq of human optic nerve and optic nerve head - endothelial cells	author_cell_type	Capillary_fenestrated	CAPILLARY FENESTRATED	3	3	1.0	1	1.0	1.0
CAP	cap|1490	cap|1490|author_cell_type	snRNA-seq of human optic nerve and optic nerve head - endothelial cells	author_cell_type	Vein/Venule	VEIN VENULE	3	1	0.3333333333333333	1	1.0	1.0
CAP	cap|1491	cap|1491|author_cell_type	snRNA-seq of human optic nerve and optic nerve head - fibroblasts	author_cell_type	Fibro_arachnoid	FIBRO ARACHNOID	3	2	0.6666666666666666	1	1.0	1.0
CAP	cap|1491	cap|1491|author_cell_type	snRNA-seq of human optic nerve and optic nerve head - fibroblasts	author_cell_type	Fibro_dura	FIBRO DURA	3	2	0.6666666666666666	1	1.0	1.0
CAP	cap|1491	cap|1491|author_cell_type	snRNA-seq of human optic nerve and optic nerve head - fibroblasts	author_cell_type	Fibro_lamina_cribrosa	FIBRO LAMINA CRIBROSA	3	2	0.6666666666666666	1	1.0	1.0
CAP	cap|1491	cap|1491|author_cell_type	snRNA-seq of human optic nerve and optic nerve head - fibroblasts	author_cell_type	Fibro_perivascular	FIBRO PERIVASCULAR	3	2	0.6666666666666666	1	1.0	1.0
CAP	cap|1491	cap|1491|author_cell_type	snRNA-seq of human optic nerve and optic nerve head - fibroblasts	author_cell_type	Fibro_x	FIBRO X	3	3	1.0	1	1.0	1.0
CAP	cap|1565	cap|1565|author_cell_type	Human liver cell atlas - cholangiocyte cells	author_cell_type	CXCL8+ Small Keratin	CXCL 8 SMALL KERATIN	3	1	0.3333333333333333	0		
CAP	cap|1565	cap|1565|author_cell_type	Human liver cell atlas - cholangiocyte cells	author_cell_type	LAMC2+ Small	LAMC 2 SMALL	3	1	0.3333333333333333	0		
CAP	cap|1565	cap|1565|author_cell_type	Human liver cell atlas - cholangiocyte cells	author_cell_type	Small ApoLipo	SMALL APOLIPO	5	3	0.6	0		
CAP	cap|1565	cap|1565|author_cell_type	Human liver cell atlas - cholangiocyte cells	author_cell_type	Small Keratin	SMALL KERATIN	5	3	0.6	0		
CAP	cap|1566	cap|1566|author_cell_type	Human liver cell atlas - mesenchyme cells	author_cell_type	CUX2+ Hepatic Stellate Cell	CUX 2 HEPATIC STELLATE CELL	5	1	0.2	0		
CAP	cap|1566	cap|1566|author_cell_type	Human liver cell atlas - mesenchyme cells	author_cell_type	Hepatic Stellate Cell	HEPATIC STELLATE CELL	4	0	0.0	0		
CAP	cap|1566	cap|1566|author_cell_type	Human liver cell atlas - mesenchyme cells	author_cell_type	NRXN1+ Hepatic Stellate Cell	NRXN 1 HEPATIC STELLATE CELL	4	4	1.0	0		
CAP	cap|1566	cap|1566|author_cell_type	Human liver cell atlas - mesenchyme cells	author_cell_type	Portal Fibroblast	PORTAL FIBROBLAST	4	4	1.0	0		
CAP	cap|1566	cap|1566|author_cell_type	Human liver cell atlas - mesenchyme cells	author_cell_type	Vascular Smooth Muscle Cell	VASCULAR SMOOTH MUSCLE CELL	3	3	1.0	0		
CAP	cap|1567	cap|1567|author_cell_type	Human liver cell atlas - myeloid cells	author_cell_type	Activated Monocytes	ACTIVATED MONOCYTES	5	5	1.0	0		
CAP	cap|1567	cap|1567|author_cell_type	Human liver cell atlas - myeloid cells	author_cell_type	BAG3+ Monocytes	BAG 3 MONOCYTES	4	4	1.0	0		
CAP	cap|1567	cap|1567|author_cell_type	Human liver cell atlas - myeloid cells	author_cell_type	Classical Monocytes	CLASSICAL MONOCYTES	4	3	0.75	1	0.25	0.3333333333333333
CAP	cap|1567	cap|1567|author_cell_type	Human liver cell atlas - myeloid cells	author_cell_type	DCmac	DCMAC	3	3	1.0	0		
CAP	cap|1567	cap|1567|author_cell_type	Human liver cell atlas - myeloid cells	author_cell_type	Kupffer Cells	KUPFFER CELLS	5	5	1.0	0		
CAP	cap|1567	cap|1567|author_cell_type	Human liver cell atlas - myeloid cells	author_cell_type	MAMLD1+ Trans Monocytes	MAMLD 1 TRANS MONOCYTES	3	2	0.6666666666666666	0		
CAP	cap|1567	cap|1567|author_cell_type	Human liver cell atlas - myeloid cells	author_cell_type	migDCs	MIGDCS	3	3	1.0	0		
CAP	cap|1567	cap|1567|author_cell_type	Human liver cell atlas - myeloid cells	author_cell_type	Neutrophils	NEUTROPHILS	4	4	1.0	6	0.75	0.75
CAP	cap|1567	cap|1567|author_cell_type	Human liver cell atlas - myeloid cells	author_cell_type	Type 1 cDCs	TYPE 1 CDCS	5	5	1.0	0		
CAP	cap|1567	cap|1567|author_cell_type	Human liver cell atlas - myeloid cells	author_cell_type	Type 2 cDCs	TYPE 2 CDCS	5	5	1.0	0		
CAP	cap|1568	cap|1568|author_cell_type	Human liver cell atlas - lymphocyte cells	author_cell_type	B Cell	B CELL	3	3	1.0	4	0.6666666666666666	0.6666666666666666
CAP	cap|1568	cap|1568|author_cell_type	Human liver cell atlas - lymphocyte cells	author_cell_type	Bright NK Cell	BRIGHT NK CELL	5	3	0.6	0		
CAP	cap|1568	cap|1568|author_cell_type	Human liver cell atlas - lymphocyte cells	author_cell_type	Dim NK Cell	DIM NK CELL	3	1	0.3333333333333333	0		
CAP	cap|1568	cap|1568|author_cell_type	Human liver cell atlas - lymphocyte cells	author_cell_type	Exhausted CD8 T Cell	EXHAUSTED CD 8 T CELL	4	3	0.75	0		
CAP	cap|1568	cap|1568|author_cell_type	Human liver cell atlas - lymphocyte cells	author_cell_type	Regulatory T Cell	REGULATORY T CELL	4	3	0.75	0		
CAP	cap|1569	cap|1569|author_cell_type	Human liver cell atlas - endothelia cells	author_cell_type	Central Venous LSEC	CENTRAL VENOUS LSEC	4	3	0.75	0		
CAP	cap|1569	cap|1569|author_cell_type	Human liver cell atlas - endothelia cells	author_cell_type	Hepatic Artery	HEPATIC ARTERY	3	3	1.0	0		
CAP	cap|1569	cap|1569|author_cell_type	Human liver cell atlas - endothelia cells	author_cell_type	LSEC	LSEC	3	2	0.6666666666666666	0		
CAP	cap|1569	cap|1569|author_cell_type	Human liver cell atlas - endothelia cells	author_cell_type	Portal Vein	PORTAL VEIN	3	3	1.0	0		
CAP	cap|1569	cap|1569|author_cell_type	Human liver cell atlas - endothelia cells	author_cell_type	Vascular Endothelial Cell	VASCULAR ENDOTHELIAL CELL	4	4	1.0	0		
CAP	cap|1570	cap|1570|author_cell_type	Human liver cell atlas - hepatocyte cells	author_cell_type	Mito+ Hepatocyte	MITO HEPATOCYTE	4	4	1.0	0		
CAP	cap|1570	cap|1570|author_cell_type	Human liver cell atlas - hepatocyte cells	author_cell_type	Pericentral Hepatocyte	PERICENTRAL HEPATOCYTE	5	5	1.0	0		
CAP	cap|1570	cap|1570|author_cell_type	Human liver cell atlas - hepatocyte cells	author_cell_type	Periportal Hepatocyte	PERIPORTAL HEPATOCYTE	4	4	1.0	0		
CAP	cap|1570	cap|1570|author_cell_type	Human liver cell atlas - hepatocyte cells	author_cell_type	Ribosomal+ Hepatocyte	RIBOSOMAL HEPATOCYTE	4	4	1.0	0		
CAP	cap|1570	cap|1570|author_cell_type	Human liver cell atlas - hepatocyte cells	author_cell_type	UGT+ Hepatocyte	UGT HEPATOCYTE	3	3	1.0	0		
CAP	cap|1742	cap|1742|AuthorCellType	BoneMarrowMap: A Balanced Single-cell Reference Atlas of Human Hematopoiesis	AuthorCellType	ASDC	ASDC	10	4	0.4	0		
CAP	cap|1742	cap|1742|AuthorCellType	BoneMarrowMap: A Balanced Single-cell Reference Atlas of Human Hematopoiesis	AuthorCellType	Basophilic Erythroblast	BASOPHILIC ERYTHROBLAST	10	4	0.4	0		
CAP	cap|1742	cap|1742|AuthorCellType	BoneMarrowMap: A Balanced Single-cell Reference Atlas of Human Hematopoiesis	AuthorCellType	BFU-E	BFU E	10	6	0.6	0		
CAP	cap|1742	cap|1742|AuthorCellType	BoneMarrowMap: A Balanced Single-cell Reference Atlas of Human Hematopoiesis	AuthorCellType	CD14 Mono	CD 14 MONO	10	5	0.5	1	0.6	0.2
CAP	cap|1742	cap|1742|AuthorCellType	BoneMarrowMap: A Balanced Single-cell Reference Atlas of Human Hematopoiesis	AuthorCellType	CD16 Mono	CD 16 MONO	10	10	1.0	1	0.3	0.3
CAP	cap|1742	cap|1742|AuthorCellType	BoneMarrowMap: A Balanced Single-cell Reference Atlas of Human Hematopoiesis	AuthorCellType	CD4 Central Memory	CD 4 CENTRAL MEMORY	10	3	0.3	0		
CAP	cap|1742	cap|1742|AuthorCellType	BoneMarrowMap: A Balanced Single-cell Reference Atlas of Human Hematopoiesis	AuthorCellType	CD4 Effector Memory	CD 4 EFFECTOR MEMORY	10	4	0.4	0		
CAP	cap|1742	cap|1742|AuthorCellType	BoneMarrowMap: A Balanced Single-cell Reference Atlas of Human Hematopoiesis	AuthorCellType	CD4 Naive	CD 4 NAIVE	10	3	0.3	3	0.3	0.0
CAP	cap|1742	cap|1742|AuthorCellType	BoneMarrowMap: A Balanced Single-cell Reference Atlas of Human Hematopoiesis	AuthorCellType	CD4 Regulatory	CD 4 REGULATORY	10	6	0.6	0		
CAP	cap|1742	cap|1742|AuthorCellType	BoneMarrowMap: A Balanced Single-cell Reference Atlas of Human Hematopoiesis	AuthorCellType	CD8 Central Memory	CD 8 CENTRAL MEMORY	10	1	0.1	0		
CAP	cap|1742	cap|1742|AuthorCellType	BoneMarrowMap: A Balanced Single-cell Reference Atlas of Human Hematopoiesis	AuthorCellType	CD8 Effector Memory 1	CD 8 EFFECTOR MEMORY 1	10	1	0.1	0		
CAP	cap|1742	cap|1742|AuthorCellType	BoneMarrowMap: A Balanced Single-cell Reference Atlas of Human Hematopoiesis	AuthorCellType	CD8 Effector Memory 2	CD 8 EFFECTOR MEMORY 2	10	3	0.3	0		
CAP	cap|1742	cap|1742|AuthorCellType	BoneMarrowMap: A Balanced Single-cell Reference Atlas of Human Hematopoiesis	AuthorCellType	CD8 Naive	CD 8 NAIVE	10	5	0.5	3	0.3	0.0
CAP	cap|1742	cap|1742|AuthorCellType	BoneMarrowMap: A Balanced Single-cell Reference Atlas of Human Hematopoiesis	AuthorCellType	CD8 Tissue Resident Memory	CD 8 TISSUE RESIDENT MEMORY	10	2	0.2	0		
CAP	cap|1742	cap|1742|AuthorCellType	BoneMarrowMap: A Balanced Single-cell Reference Atlas of Human Hematopoiesis	AuthorCellType	cDC1	CDC 1	10	7	0.7	7	0.2	0.2857142857142857
CAP	cap|1742	cap|1742|AuthorCellType	BoneMarrowMap: A Balanced Single-cell Reference Atlas of Human Hematopoiesis	AuthorCellType	cDC2	CDC 2	10	6	0.6	3	0.3	0.3333333333333333
CAP	cap|1742	cap|1742|AuthorCellType	BoneMarrowMap: A Balanced Single-cell Reference Atlas of Human Hematopoiesis	AuthorCellType	CFU-E	CFU E	10	4	0.4	0		
CAP	cap|1742	cap|1742|AuthorCellType	BoneMarrowMap: A Balanced Single-cell Reference Atlas of Human Hematopoiesis	AuthorCellType	CLP	CLP	10	2	0.2	0		
CAP	cap|1742	cap|1742|AuthorCellType	BoneMarrowMap: A Balanced Single-cell Reference Atlas of Human Hematopoiesis	AuthorCellType	Cycling Progenitor	CYCLING PROGENITOR	10	8	0.8	0		
CAP	cap|1742	cap|1742|AuthorCellType	BoneMarrowMap: A Balanced Single-cell Reference Atlas of Human Hematopoiesis	AuthorCellType	Early GMP	EARLY GMP	10	3	0.3	0		
CAP	cap|1742	cap|1742|AuthorCellType	BoneMarrowMap: A Balanced Single-cell Reference Atlas of Human Hematopoiesis	AuthorCellType	Early ProMono	EARLY PROMONO	10	1	0.1	0		
CAP	cap|1742	cap|1742|AuthorCellType	BoneMarrowMap: A Balanced Single-cell Reference Atlas of Human Hematopoiesis	AuthorCellType	EoBasoMast Precursor	EOBASOMAST PRECURSOR	10	9	0.9	0		
CAP	cap|1742	cap|1742|AuthorCellType	BoneMarrowMap: A Balanced Single-cell Reference Atlas of Human Hematopoiesis	AuthorCellType	GMP-Cycle	GMP CYCLE	10	0	0.0	0		
CAP	cap|1742	cap|1742|AuthorCellType	BoneMarrowMap: A Balanced Single-cell Reference Atlas of Human Hematopoiesis	AuthorCellType	GMP-Mono	GMP MONO	10	2	0.2	0		
CAP	cap|1742	cap|1742|AuthorCellType	BoneMarrowMap: A Balanced Single-cell Reference Atlas of Human Hematopoiesis	AuthorCellType	GMP-Neut	GMP NEUT	10	1	0.1	0		
CAP	cap|1742	cap|1742|AuthorCellType	BoneMarrowMap: A Balanced Single-cell Reference Atlas of Human Hematopoiesis	AuthorCellType	HSC	HSC	10	6	0.6	0		
CAP	cap|1742	cap|1742|AuthorCellType	BoneMarrowMap: A Balanced Single-cell Reference Atlas of Human Hematopoiesis	AuthorCellType	Immature B	IMMATURE B	10	5	0.5	0		
CAP	cap|1742	cap|1742|AuthorCellType	BoneMarrowMap: A Balanced Single-cell Reference Atlas of Human Hematopoiesis	AuthorCellType	Large Pre-B	LARGE PRE B	10	4	0.4	0		
CAP	cap|1742	cap|1742|AuthorCellType	BoneMarrowMap: A Balanced Single-cell Reference Atlas of Human Hematopoiesis	AuthorCellType	Late ProMono	LATE PROMONO	10	0	0.0	0		
CAP	cap|1742	cap|1742|AuthorCellType	BoneMarrowMap: A Balanced Single-cell Reference Atlas of Human Hematopoiesis	AuthorCellType	LMPP	LMPP	10	6	0.6	0		
CAP	cap|1742	cap|1742|AuthorCellType	BoneMarrowMap: A Balanced Single-cell Reference Atlas of Human Hematopoiesis	AuthorCellType	Mature B	MATURE B	10	5	0.5	0		
CAP	cap|1742	cap|1742|AuthorCellType	BoneMarrowMap: A Balanced Single-cell Reference Atlas of Human Hematopoiesis	AuthorCellType	Megakaryocyte	MEGAKARYOCYTE	10	10	1.0	0		
CAP	cap|1742	cap|1742|AuthorCellType	BoneMarrowMap: A Balanced Single-cell Reference Atlas of Human Hematopoiesis	AuthorCellType	Megakaryocyte Precursor	MEGAKARYOCYTE PRECURSOR	10	9	0.9	0		
CAP	cap|1742	cap|1742|AuthorCellType	BoneMarrowMap: A Balanced Single-cell Reference Atlas of Human Hematopoiesis	AuthorCellType	MEP	MEP	10	5	0.5	0		
CAP	cap|1742	cap|1742|AuthorCellType	BoneMarrowMap: A Balanced Single-cell Reference Atlas of Human Hematopoiesis	AuthorCellType	MLP	MLP	10	3	0.3	0		
CAP	cap|1742	cap|1742|AuthorCellType	BoneMarrowMap: A Balanced Single-cell Reference Atlas of Human Hematopoiesis	AuthorCellType	MLP-II	MLP II	10	4	0.4	0		
CAP	cap|1742	cap|1742|AuthorCellType	BoneMarrowMap: A Balanced Single-cell Reference Atlas of Human Hematopoiesis	AuthorCellType	MPP-MkEry	MPP MKERY	10	3	0.3	0		
CAP	cap|1742	cap|1742|AuthorCellType	BoneMarrowMap: A Balanced Single-cell Reference Atlas of Human Hematopoiesis	AuthorCellType	MPP-MyLy	MPP MYLY	10	2	0.2	0		
CAP	cap|1742	cap|1742|AuthorCellType	BoneMarrowMap: A Balanced Single-cell Reference Atlas of Human Hematopoiesis	AuthorCellType	NK	NK	10	1	0.1	2	0.7	0.0
CAP	cap|1742	cap|1742|AuthorCellType	BoneMarrowMap: A Balanced Single-cell Reference Atlas of Human Hematopoiesis	AuthorCellType	NK CD56high	NK CD 56 HIGH	10	5	0.5	0		
CAP	cap|1742	cap|1742|AuthorCellType	BoneMarrowMap: A Balanced Single-cell Reference Atlas of Human Hematopoiesis	AuthorCellType	NK Proliferating	NK PROLIFERATING	10	0	0.0	0		
CAP	cap|1742	cap|1742|AuthorCellType	BoneMarrowMap: A Balanced Single-cell Reference Atlas of Human Hematopoiesis	AuthorCellType	Orthochromatic Erythroblast	ORTHOCHROMATIC ERYTHROBLAST	10	8	0.8	0		
CAP	cap|1742	cap|1742|AuthorCellType	BoneMarrowMap: A Balanced Single-cell Reference Atlas of Human Hematopoiesis	AuthorCellType	pDC	PDC	10	6	0.6	12	0.2	0.0
CAP	cap|1742	cap|1742|AuthorCellType	BoneMarrowMap: A Balanced Single-cell Reference Atlas of Human Hematopoiesis	AuthorCellType	Plasma Cell	PLASMA CELL	10	10	1.0	0		
CAP	cap|1742	cap|1742|AuthorCellType	BoneMarrowMap: A Balanced Single-cell Reference Atlas of Human Hematopoiesis	AuthorCellType	Polychromatic Erythroblast	POLYCHROMATIC ERYTHROBLAST	10	5	0.5	0		
CAP	cap|1742	cap|1742|AuthorCellType	BoneMarrowMap: A Balanced Single-cell Reference Atlas of Human Hematopoiesis	AuthorCellType	Pre-cDC	PRE CDC	10	3	0.3	0		
CAP	cap|1742	cap|1742|AuthorCellType	BoneMarrowMap: A Balanced Single-cell Reference Atlas of Human Hematopoiesis	AuthorCellType	Pre-pDC	PRE PDC	10	5	0.5	0		
CAP	cap|1742	cap|1742|AuthorCellType	BoneMarrowMap: A Balanced Single-cell Reference Atlas of Human Hematopoiesis	AuthorCellType	Pre-pDC Cycling	PRE PDC CYCLING	10	6	0.6	0		
CAP	cap|1742	cap|1742|AuthorCellType	BoneMarrowMap: A Balanced Single-cell Reference Atlas of Human Hematopoiesis	AuthorCellType	Pre-ProB	PRE PROB	10	2	0.2	0		
CAP	cap|1742	cap|1742|AuthorCellType	BoneMarrowMap: A Balanced Single-cell Reference Atlas of Human Hematopoiesis	AuthorCellType	Pro-B Cycling	PRO B CYCLING	10	3	0.3	0		
CAP	cap|1742	cap|1742|AuthorCellType	BoneMarrowMap: A Balanced Single-cell Reference Atlas of Human Hematopoiesis	AuthorCellType	Pro-B VDJ	PRO B VDJ	10	5	0.5	0		
CAP	cap|1742	cap|1742|AuthorCellType	BoneMarrowMap: A Balanced Single-cell Reference Atlas of Human Hematopoiesis	AuthorCellType	Pro-Erythroblast	PRO ERYTHROBLAST	10	3	0.3	0		
CAP	cap|1742	cap|1742|AuthorCellType	BoneMarrowMap: A Balanced Single-cell Reference Atlas of Human Hematopoiesis	AuthorCellType	Small Pre-B	SMALL PRE B	10	6	0.6	0		
CAP	cap|1742	cap|1742|AuthorCellType	BoneMarrowMap: A Balanced Single-cell Reference Atlas of Human Hematopoiesis	AuthorCellType	Stromal	STROMAL	10	10	1.0	0		
CAP	cap|1742	cap|1742|AuthorCellType	BoneMarrowMap: A Balanced Single-cell Reference Atlas of Human Hematopoiesis	AuthorCellType	T Proliferating	T PROLIFERATING	10	4	0.4	0		
CAP	cap|1780	cap|1780|ann_finest_level	An integrated cell atlas of the human lung in health and disease (core)	ann_finest_level	Adventitial fibroblasts	ADVENTITIAL FIBROBLASTS	6	3	0.5	0		
CAP	cap|1780	cap|1780|ann_finest_level	An integrated cell atlas of the human lung in health and disease (core)	ann_finest_level	Alveolar fibroblasts	ALVEOLAR FIBROBLASTS	6	3	0.5	0		
CAP	cap|1780	cap|1780|ann_finest_level	An integrated cell atlas of the human lung in health and disease (core)	ann_finest_level	Alveolar macrophages	ALVEOLAR MACROPHAGES	4	0	0.0	0		
CAP	cap|1780	cap|1780|ann_finest_level	An integrated cell atlas of the human lung in health and disease (core)	ann_finest_level	Alveolar Mph CCL3+	ALVEOLAR MPH CCL 3	9	3	0.3333333333333333	0		
CAP	cap|1780	cap|1780|ann_finest_level	An integrated cell atlas of the human lung in health and disease (core)	ann_finest_level	Alveolar Mph MT-positive	ALVEOLAR MPH MT POSITIVE	6	2	0.3333333333333333	0		
CAP	cap|1780	cap|1780|ann_finest_level	An integrated cell atlas of the human lung in health and disease (core)	ann_finest_level	Alveolar Mph proliferating	ALVEOLAR MPH PROLIFERATING	7	0	0.0	0		
CAP	cap|1780	cap|1780|ann_finest_level	An integrated cell atlas of the human lung in health and disease (core)	ann_finest_level	AT0	AT 0	3	0	0.0	0		
CAP	cap|1780	cap|1780|ann_finest_level	An integrated cell atlas of the human lung in health and disease (core)	ann_finest_level	AT1	AT 1	3	3	1.0	0		
CAP	cap|1780	cap|1780|ann_finest_level	An integrated cell atlas of the human lung in health and disease (core)	ann_finest_level	AT2 proliferating	AT 2 PROLIFERATING	3	1	0.3333333333333333	0		
CAP	cap|1780	cap|1780|ann_finest_level	An integrated cell atlas of the human lung in health and disease (core)	ann_finest_level	Basal resting	BASAL RESTING	3	2	0.6666666666666666	0		
CAP	cap|1780	cap|1780|ann_finest_level	An integrated cell atlas of the human lung in health and disease (core)	ann_finest_level	Classical monocytes	CLASSICAL MONOCYTES	5	3	0.6	1	0.2	0.3333333333333333
CAP	cap|1780	cap|1780|ann_finest_level	An integrated cell atlas of the human lung in health and disease (core)	ann_finest_level	DC2	DC 2	4	4	1.0	0		
CAP	cap|1780	cap|1780|ann_finest_level	An integrated cell atlas of the human lung in health and disease (core)	ann_finest_level	Deuterosomal	DEUTEROSOMAL	5	5	1.0	0		
CAP	cap|1780	cap|1780|ann_finest_level	An integrated cell atlas of the human lung in health and disease (core)	ann_finest_level	EC aerocyte capillary	EC AEROCYTE CAPILLARY	6	3	0.5	0		
CAP	cap|1780	cap|1780|ann_finest_level	An integrated cell atlas of the human lung in health and disease (core)	ann_finest_level	EC arterial	EC ARTERIAL	6	5	0.8333333333333334	0		
CAP	cap|1780	cap|1780|ann_finest_level	An integrated cell atlas of the human lung in health and disease (core)	ann_finest_level	EC general capillary	EC GENERAL CAPILLARY	6	3	0.5	0		
CAP	cap|1780	cap|1780|ann_finest_level	An integrated cell atlas of the human lung in health and disease (core)	ann_finest_level	EC venous pulmonary	EC VENOUS PULMONARY	5	2	0.4	0		
CAP	cap|1780	cap|1780|ann_finest_level	An integrated cell atlas of the human lung in health and disease (core)	ann_finest_level	EC venous systemic	EC VENOUS SYSTEMIC	6	3	0.5	0		
CAP	cap|1780	cap|1780|ann_finest_level	An integrated cell atlas of the human lung in health and disease (core)	ann_finest_level	Goblet (bronchial)	GOBLET BRONCHIAL	3	0	0.0	0		
CAP	cap|1780	cap|1780|ann_finest_level	An integrated cell atlas of the human lung in health and disease (core)	ann_finest_level	Goblet (nasal)	GOBLET NASAL	4	1	0.25	0		
CAP	cap|1780	cap|1780|ann_finest_level	An integrated cell atlas of the human lung in health and disease (core)	ann_finest_level	Hillock-like	HILLOCK LIKE	4	4	1.0	0		
CAP	cap|1780	cap|1780|ann_finest_level	An integrated cell atlas of the human lung in health and disease (core)	ann_finest_level	Interstitial Mph perivascular	INTERSTITIAL MPH PERIVASCULAR	5	3	0.6	0		
CAP	cap|1780	cap|1780|ann_finest_level	An integrated cell atlas of the human lung in health and disease (core)	ann_finest_level	Ionocyte	IONOCYTE	4	2	0.5	0		
CAP	cap|1780	cap|1780|ann_finest_level	An integrated cell atlas of the human lung in health and disease (core)	ann_finest_level	Lymphatic EC differentiating	LYMPHATIC EC DIFFERENTIATING	6	2	0.3333333333333333	0		
CAP	cap|1780	cap|1780|ann_finest_level	An integrated cell atlas of the human lung in health and disease (core)	ann_finest_level	Lymphatic EC mature	LYMPHATIC EC MATURE	4	1	0.25	0		
CAP	cap|1780	cap|1780|ann_finest_level	An integrated cell atlas of the human lung in health and disease (core)	ann_finest_level	Lymphatic EC proliferating	LYMPHATIC EC PROLIFERATING	5	0	0.0	0		
CAP	cap|1780	cap|1780|ann_finest_level	An integrated cell atlas of the human lung in health and disease (core)	ann_finest_level	Mast cells	MAST CELLS	3	3	1.0	3	1.0	1.0
CAP	cap|1780	cap|1780|ann_finest_level	An integrated cell atlas of the human lung in health and disease (core)	ann_finest_level	Monocyte-derived Mph	MONOCYTE DERIVED MPH	3	0	0.0	0		
CAP	cap|1780	cap|1780|ann_finest_level	An integrated cell atlas of the human lung in health and disease (core)	ann_finest_level	Myofibroblasts	MYOFIBROBLASTS	6	4	0.6666666666666666	0		
CAP	cap|1780	cap|1780|ann_finest_level	An integrated cell atlas of the human lung in health and disease (core)	ann_finest_level	Neuroendocrine	NEUROENDOCRINE	5	3	0.6	0		
CAP	cap|1780	cap|1780|ann_finest_level	An integrated cell atlas of the human lung in health and disease (core)	ann_finest_level	Non-classical monocytes	NON CLASSICAL MONOCYTES	6	4	0.6666666666666666	0		
CAP	cap|1780	cap|1780|ann_finest_level	An integrated cell atlas of the human lung in health and disease (core)	ann_finest_level	Peribronchial fibroblasts	PERIBRONCHIAL FIBROBLASTS	5	1	0.2	0		
CAP	cap|1780	cap|1780|ann_finest_level	An integrated cell atlas of the human lung in health and disease (core)	ann_finest_level	Pericytes	PERICYTES	8	6	0.75	7	0.375	0.16666666666666666
CAP	cap|1780	cap|1780|ann_finest_level	An integrated cell atlas of the human lung in health and disease (core)	ann_finest_level	pre-TB secretory	PRE TB SECRETORY	6	1	0.16666666666666666	0		
CAP	cap|1780	cap|1780|ann_finest_level	An integrated cell atlas of the human lung in health and disease (core)	ann_finest_level	SM activated stress response	SM ACTIVATED STRESS RESPONSE	9	5	0.5555555555555556	0		
CAP	cap|1780	cap|1780|ann_finest_level	An integrated cell atlas of the human lung in health and disease (core)	ann_finest_level	SMG duct	SMG DUCT	14	9	0.6428571428571429	0		
CAP	cap|1780	cap|1780|ann_finest_level	An integrated cell atlas of the human lung in health and disease (core)	ann_finest_level	SMG mucous	SMG MUCOUS	8	3	0.375	0		
CAP	cap|1780	cap|1780|ann_finest_level	An integrated cell atlas of the human lung in health and disease (core)	ann_finest_level	SMG serous (bronchial)	SMG SEROUS BRONCHIAL	7	0	0.0	0		
CAP	cap|1780	cap|1780|ann_finest_level	An integrated cell atlas of the human lung in health and disease (core)	ann_finest_level	SMG serous (nasal)	SMG SEROUS NASAL	8	1	0.125	0		
CAP	cap|1780	cap|1780|ann_finest_level	An integrated cell atlas of the human lung in health and disease (core)	ann_finest_level	Smooth muscle	SMOOTH MUSCLE	4	0	0.0	1	0.75	
CAP	cap|1780	cap|1780|ann_finest_level	An integrated cell atlas of the human lung in health and disease (core)	ann_finest_level	Suprabasal	SUPRABASAL	3	1	0.3333333333333333	0		
CAP	cap|1780	cap|1780|ann_finest_level	An integrated cell atlas of the human lung in health and disease (core)	ann_finest_level	T cells proliferating	T CELLS PROLIFERATING	5	3	0.6	0		
CAP	cap|2185	cap|2185|final annotation	Human lymph nodes with partial T and B cell depletion	final annotation	CD16hi_NK_cells	CD 16 HI NK CELLS	5	1	0.2	1	1.0	1.0
CAP	cap|2185	cap|2185|final annotation	Human lymph nodes with partial T and B cell depletion	final annotation	CD16low_NK_cells	CD 16 LOW NK CELLS	4	1	0.25	1	1.0	1.0
CAP	cap|2185	cap|2185|final annotation	Human lymph nodes with partial T and B cell depletion	final annotation	DC	DC	7	5	0.7142857142857143	3	1.0	1.0
CAP	cap|2185	cap|2185|final annotation	Human lymph nodes with partial T and B cell depletion	final annotation	Endothelial_cells	ENDOTHELIAL CELLS	5	4	0.8	2	0.8	0.75
CAP	cap|2185	cap|2185|final annotation	Human lymph nodes with partial T and B cell depletion	final annotation	HLA-DRhi_ILC3	HLA DRHI ILC 3	4	0	0.0	1	1.0	
CAP	cap|2185	cap|2185|final annotation	Human lymph nodes with partial T and B cell depletion	final annotation	ILC3	ILC 3	7	2	0.2857142857142857	3	1.0	1.0
CAP	cap|2185	cap|2185|final annotation	Human lymph nodes with partial T and B cell depletion	final annotation	Mast_cells	MAST CELLS	3	3	1.0	3	1.0	1.0
CAP	cap|2185	cap|2185|final annotation	Human lymph nodes with partial T and B cell depletion	final annotation	Monocytes_Macrophages	MONOCYTES MACROPHAGES	4	2	0.5	1	1.0	1.0
CAP	cap|2185	cap|2185|final annotation	Human lymph nodes with partial T and B cell depletion	final annotation	Neutrophil_Granulocytes	NEUTROPHIL GRANULOCYTES	5	5	1.0	0		
CAP	cap|2185	cap|2185|final annotation	Human lymph nodes with partial T and B cell depletion	final annotation	pDC	PDC	6	4	0.6666666666666666	12	1.0	1.0
CAP	cap|2185	cap|2185|final annotation	Human lymph nodes with partial T and B cell depletion	final annotation	Plasma_cells	PLASMA CELLS	7	5	0.7142857142857143	3	1.0	1.0
CAP	cap|2185	cap|2185|final annotation	Human lymph nodes with partial T and B cell depletion	final annotation	Proliferating_cells	PROLIFERATING CELLS	6	5	0.8333333333333334	1	1.0	1.0
CAP	cap|2185	cap|2185|final annotation	Human lymph nodes with partial T and B cell depletion	final annotation	SELL+ID2hi ILC	SELL ID 2 HI ILC	10	6	0.6	1	1.0	1.0
CAP	cap|2185	cap|2185|final annotation	Human lymph nodes with partial T and B cell depletion	final annotation	Stromal_cells	STROMAL CELLS	5	4	0.8	1	1.0	1.0
CAP	cap|2185	cap|2185|final annotation	Human lymph nodes with partial T and B cell depletion	final annotation	T_cells	T CELLS	5	4	0.8	2	0.6	0.5
CAP	cap|2186	cap|2186|final annotation	Human lymph node slices cultured with and without ex vivo stimulation by liposomal TLR4 and QS-21 adjuvant	final annotation	CD16hi_NK_cells	CD 16 HI NK CELLS	5	1	0.2	1	1.0	1.0
CAP	cap|2186	cap|2186|final annotation	Human lymph node slices cultured with and without ex vivo stimulation by liposomal TLR4 and QS-21 adjuvant	final annotation	CD16low_NK_cells	CD 16 LOW NK CELLS	5	1	0.2	1	0.8	1.0
CAP	cap|2186	cap|2186|final annotation	Human lymph node slices cultured with and without ex vivo stimulation by liposomal TLR4 and QS-21 adjuvant	final annotation	CD25+IL22+_ILC3	CD 25 IL 22 ILC 3	6	4	0.6666666666666666	0		
CAP	cap|2186	cap|2186|final annotation	Human lymph node slices cultured with and without ex vivo stimulation by liposomal TLR4 and QS-21 adjuvant	final annotation	DC	DC	7	5	0.7142857142857143	3	1.0	1.0
CAP	cap|2186	cap|2186|final annotation	Human lymph node slices cultured with and without ex vivo stimulation by liposomal TLR4 and QS-21 adjuvant	final annotation	Endothelial_cells	ENDOTHELIAL CELLS	6	5	0.8333333333333334	2	0.6666666666666666	0.6
CAP	cap|2186	cap|2186|final annotation	Human lymph node slices cultured with and without ex vivo stimulation by liposomal TLR4 and QS-21 adjuvant	final annotation	HLA-DRhi_ILC3	HLA DRHI ILC 3	5	1	0.2	1	0.8	0.0
CAP	cap|2186	cap|2186|final annotation	Human lymph node slices cultured with and without ex vivo stimulation by liposomal TLR4 and QS-21 adjuvant	final annotation	HSPhi_ILC	HSPHI ILC	9	5	0.5555555555555556	0		
CAP	cap|2186	cap|2186|final annotation	Human lymph node slices cultured with and without ex vivo stimulation by liposomal TLR4 and QS-21 adjuvant	final annotation	IL2RA+CXCL8+_ILC	IL 2 RA CXCL 8 ILC	3	1	0.3333333333333333	0		
CAP	cap|2186	cap|2186|final annotation	Human lymph node slices cultured with and without ex vivo stimulation by liposomal TLR4 and QS-21 adjuvant	final annotation	ILC3	ILC 3	7	1	0.14285714285714285	3	1.0	1.0
CAP	cap|2186	cap|2186|final annotation	Human lymph node slices cultured with and without ex vivo stimulation by liposomal TLR4 and QS-21 adjuvant	final annotation	Mast_cells	MAST CELLS	3	3	1.0	3	1.0	1.0
CAP	cap|2186	cap|2186|final annotation	Human lymph node slices cultured with and without ex vivo stimulation by liposomal TLR4 and QS-21 adjuvant	final annotation	Monocytes_Macrophages	MONOCYTES MACROPHAGES	4	2	0.5	1	1.0	1.0
CAP	cap|2186	cap|2186|final annotation	Human lymph node slices cultured with and without ex vivo stimulation by liposomal TLR4 and QS-21 adjuvant	final annotation	pDC	PDC	6	4	0.6666666666666666	12	1.0	1.0
CAP	cap|2186	cap|2186|final annotation	Human lymph node slices cultured with and without ex vivo stimulation by liposomal TLR4 and QS-21 adjuvant	final annotation	Plasma_cells	PLASMA CELLS	7	5	0.7142857142857143	3	1.0	1.0
CAP	cap|2186	cap|2186|final annotation	Human lymph node slices cultured with and without ex vivo stimulation by liposomal TLR4 and QS-21 adjuvant	final annotation	Proliferating_cells	PROLIFERATING CELLS	6	5	0.8333333333333334	1	1.0	1.0
CAP	cap|2186	cap|2186|final annotation	Human lymph node slices cultured with and without ex vivo stimulation by liposomal TLR4 and QS-21 adjuvant	final annotation	SELL+ID2hi ILC	SELL ID 2 HI ILC	10	5	0.5	1	1.0	1.0
CAP	cap|2186	cap|2186|final annotation	Human lymph node slices cultured with and without ex vivo stimulation by liposomal TLR4 and QS-21 adjuvant	final annotation	Stromal_cells	STROMAL CELLS	5	4	0.8	1	1.0	1.0
CAP	cap|2186	cap|2186|final annotation	Human lymph node slices cultured with and without ex vivo stimulation by liposomal TLR4 and QS-21 adjuvant	final annotation	T_cells	T CELLS	3	2	0.6666666666666666	2	1.0	1.0
CAP	cap|2708	cap|2708|author_cell_type	Reinisch MHUO 2025 — abdominal visceral adipose tissue	author_cell_type	meMesoCs	MEMESOCS	3	3	1.0	1	1.0	1.0
CAP	cap|2711	cap|2711|author_cell_type	Reinisch MHNO 2025 — abdominal visceral adipose tissue	author_cell_type	meMesoCs	MEMESOCS	3	3	1.0	1	1.0	1.0
CAP	cap|2712	cap|2712|author_cell_type	Hinte NEFA 2024 — abdominal subcutaneous adipose tissue	author_cell_type	APCs	APCS	3	3	1.0	0		
CAP	cap|2712	cap|2712|author_cell_type	Hinte NEFA 2024 — abdominal subcutaneous adipose tissue	author_cell_type	EndoCs	ENDOCS	4	4	1.0	0		
CAP	cap|2726	cap|2726|author_cell_type	Massier 2023 — abdominal subcutaneous and omental adipose tissue	author_cell_type	Adipocyte	ADIPOCYTE	3	3	1.0	1	0.0	0.0
CAP	cap|2726	cap|2726|author_cell_type	Massier 2023 — abdominal subcutaneous and omental adipose tissue	author_cell_type	ASPC	ASPC	5	5	1.0	1	0.2	0.2
CAP	cap|2726	cap|2726|author_cell_type	Massier 2023 — abdominal subcutaneous and omental adipose tissue	author_cell_type	B_cell	B CELL	4	4	1.0	4	0.0	0.0
CAP	cap|2726	cap|2726|author_cell_type	Massier 2023 — abdominal subcutaneous and omental adipose tissue	author_cell_type	Lymphoid	LYMPHOID	4	4	1.0	1	0.0	0.0
CAP	cap|2726	cap|2726|author_cell_type	Massier 2023 — abdominal subcutaneous and omental adipose tissue	author_cell_type	Mast_cell	MAST CELL	4	4	1.0	2	0.5	0.5
CAP	cap|2726	cap|2726|author_cell_type	Massier 2023 — abdominal subcutaneous and omental adipose tissue	author_cell_type	Myeloid	MYELOID	10	10	1.0	2	0.2	0.2
CAP	cap|2726	cap|2726|author_cell_type	Massier 2023 — abdominal subcutaneous and omental adipose tissue	author_cell_type	Vascular	VASCULAR	12	12	1.0	1	0.0	0.0
CAP	cap|2739	cap|2739|author_cell_type	Lazarescu 2025 — abdominal visceral adipose tissue	author_cell_type	adipocyte of omentum tissue	ADIPOCYTE OF OMENTUM TISSUE	4	4	1.0	0		
CAP	cap|2739	cap|2739|author_cell_type	Lazarescu 2025 — abdominal visceral adipose tissue	author_cell_type	myeloid lineage restricted progenitor cell	MYELOID LINEAGE RESTRICTED PROGENITOR CELL	3	3	1.0	0		
CAP	cap|2740	cap|2740|author_cell_type	Lazarescu 2025 — abdominal subcutaneous adipose tissue	author_cell_type	subcutaneous adipocyte	SUBCUTANEOUS ADIPOCYTE	4	4	1.0	0		
CAP	cap|2789	cap|2789|author_cell_type	Single-nucleus RNA-seq of Asian Skeletal Muscle Reveals Ancestry-specific Regulatory Programs Across Metabolic States	author_cell_type	adipocytes	ADIPOCYTES	7	6	0.8571428571428571	0		
CAP	cap|2789	cap|2789|author_cell_type	Single-nucleus RNA-seq of Asian Skeletal Muscle Reveals Ancestry-specific Regulatory Programs Across Metabolic States	author_cell_type	endothelial	ENDOTHELIAL	6	5	0.8333333333333334	2	0.16666666666666666	0.2
CAP	cap|2789	cap|2789|author_cell_type	Single-nucleus RNA-seq of Asian Skeletal Muscle Reveals Ancestry-specific Regulatory Programs Across Metabolic States	author_cell_type	fibroblast	FIBROBLAST	10	10	1.0	0		
CAP	cap|2789	cap|2789|author_cell_type	Single-nucleus RNA-seq of Asian Skeletal Muscle Reveals Ancestry-specific Regulatory Programs Across Metabolic States	author_cell_type	macrophage	MACROPHAGE	8	8	1.0	1	0.125	0.125
CAP	cap|2789	cap|2789|author_cell_type	Single-nucleus RNA-seq of Asian Skeletal Muscle Reveals Ancestry-specific Regulatory Programs Across Metabolic States	author_cell_type	muscle fiber type 1	MUSCLE FIBER TYPE 1	7	7	1.0	0		
CAP	cap|2789	cap|2789|author_cell_type	Single-nucleus RNA-seq of Asian Skeletal Muscle Reveals Ancestry-specific Regulatory Programs Across Metabolic States	author_cell_type	muscle fiber type 2	MUSCLE FIBER TYPE 2	6	6	1.0	0		
CAP	cap|2789	cap|2789|author_cell_type	Single-nucleus RNA-seq of Asian Skeletal Muscle Reveals Ancestry-specific Regulatory Programs Across Metabolic States	author_cell_type	pericytes	PERICYTES	3	3	1.0	7	0.3333333333333333	0.3333333333333333
CAP	cap|2789	cap|2789|author_cell_type	Single-nucleus RNA-seq of Asian Skeletal Muscle Reveals Ancestry-specific Regulatory Programs Across Metabolic States	author_cell_type	satellite cells	SATELLITE CELLS	4	4	1.0	0		
CAP	cap|2789	cap|2789|author_cell_type	Single-nucleus RNA-seq of Asian Skeletal Muscle Reveals Ancestry-specific Regulatory Programs Across Metabolic States	author_cell_type	smooth muscle	SMOOTH MUSCLE	4	4	1.0	1	0.75	0.75
CAP	cap|2789	cap|2789|author_cell_type	Single-nucleus RNA-seq of Asian Skeletal Muscle Reveals Ancestry-specific Regulatory Programs Across Metabolic States	author_cell_type	T cell	T CELL	6	6	1.0	0		
CAP	cap|2854	cap|2854|Prelim annotation	HCA Gut Cell Atlas v1 Myeloid Lineage	Prelim annotation	DC cDC1	DC CDC 1	5	5	1.0	1	1.0	1.0
CAP	cap|2854	cap|2854|Prelim annotation	HCA Gut Cell Atlas v1 Myeloid Lineage	Prelim annotation	DC cDC2	DC CDC 2	6	6	1.0	1	1.0	1.0
CAP	cap|2854	cap|2854|Prelim annotation	HCA Gut Cell Atlas v1 Myeloid Lineage	Prelim annotation	DC migDC	DC MIGDC	5	5	1.0	1	1.0	1.0
CAP	cap|2854	cap|2854|Prelim annotation	HCA Gut Cell Atlas v1 Myeloid Lineage	Prelim annotation	Fibroblasts Follicular Dendritic Cells (fDC)	FIBROBLASTS FOLLICULAR DENDRITIC CELLS FDC	4	4	1.0	1	1.0	1.0
CAP	cap|2854	cap|2854|Prelim annotation	HCA Gut Cell Atlas v1 Myeloid Lineage	Prelim annotation	Granulocytes	GRANULOCYTES	4	3	0.75	2	1.0	1.0
CAP	cap|2854	cap|2854|Prelim annotation	HCA Gut Cell Atlas v1 Myeloid Lineage	Prelim annotation	Granulocytes Mast Cells	GRANULOCYTES MAST CELLS	6	5	0.8333333333333334	1	1.0	1.0
CAP	cap|2854	cap|2854|Prelim annotation	HCA Gut Cell Atlas v1 Myeloid Lineage	Prelim annotation	Macrophages Cycling	MACROPHAGES CYCLING	9	8	0.8888888888888888	1	1.0	1.0
CAP	cap|2854	cap|2854|Prelim annotation	HCA Gut Cell Atlas v1 Myeloid Lineage	Prelim annotation	Macrophages M2	MACROPHAGES M 2	4	4	1.0	1	1.0	1.0
CAP	cap|2854	cap|2854|Prelim annotation	HCA Gut Cell Atlas v1 Myeloid Lineage	Prelim annotation	Macrophages Tissue Resident	MACROPHAGES TISSUE RESIDENT	4	3	0.75	1	1.0	1.0
CAP	cap|2854	cap|2854|Prelim annotation	HCA Gut Cell Atlas v1 Myeloid Lineage	Prelim annotation	Monocytes	MONOCYTES	7	7	1.0	3	1.0	1.0
CAP	cap|2855	cap|2855|Prelim annotation	HCA Gut Cell Atlas v1 Stromal Lineage	Prelim annotation	Fibroblastic reticular cells	FIBROBLASTIC RETICULAR CELLS	4	4	1.0	1	1.0	1.0
CAP	cap|2855	cap|2855|Prelim annotation	HCA Gut Cell Atlas v1 Stromal Lineage	Prelim annotation	Fibroblasts Lamina propria (S1)	FIBROBLASTS LAMINA PROPRIA S 1	3	3	1.0	1	1.0	1.0
CAP	cap|2855	cap|2855|Prelim annotation	HCA Gut Cell Atlas v1 Stromal Lineage	Prelim annotation	Fibroblasts Muscularis Propria	FIBROBLASTS MUSCULARIS PROPRIA	5	3	0.6	1	1.0	1.0
CAP	cap|2855	cap|2855|Prelim annotation	HCA Gut Cell Atlas v1 Stromal Lineage	Prelim annotation	Fibroblasts Myofibroblasts	FIBROBLASTS MYOFIBROBLASTS	3	2	0.6666666666666666	1	1.0	1.0
CAP	cap|2855	cap|2855|Prelim annotation	HCA Gut Cell Atlas v1 Stromal Lineage	Prelim annotation	Fibroblasts Subepithelial (S2)	FIBROBLASTS SUBEPITHELIAL S 2	9	8	0.8888888888888888	1	1.0	1.0
CAP	cap|2855	cap|2855|Prelim annotation	HCA Gut Cell Atlas v1 Stromal Lineage	Prelim annotation	Fibroblasts Submucosal (aka Crypt Support/Trophocytes/S3)	FIBROBLASTS SUBMUCOSAL AKA CRYPT SUPPORT TROPHOCYTES S 3	7	6	0.8571428571428571	1	1.0	1.0
CAP	cap|2855	cap|2855|Prelim annotation	HCA Gut Cell Atlas v1 Stromal Lineage	Prelim annotation	Fibroblasts Subserosal	FIBROBLASTS SUBSEROSAL	3	0	0.0	1	1.0	
CAP	cap|2855	cap|2855|Prelim annotation	HCA Gut Cell Atlas v1 Stromal Lineage	Prelim annotation	Glia Intra-Ganglionic	GLIA INTRA GANGLIONIC	4	4	1.0	1	1.0	1.0
CAP	cap|2855	cap|2855|Prelim annotation	HCA Gut Cell Atlas v1 Stromal Lineage	Prelim annotation	Glia Mucosal/Type III	GLIA MUCOSAL TYPE III	3	2	0.6666666666666666	1	1.0	1.0
CAP	cap|2855	cap|2855|Prelim annotation	HCA Gut Cell Atlas v1 Stromal Lineage	Prelim annotation	Glia Muscularis propria/Type IV	GLIA MUSCULARIS PROPRIA TYPE IV	3	3	1.0	1	1.0	1.0
CAP	cap|2855	cap|2855|Prelim annotation	HCA Gut Cell Atlas v1 Stromal Lineage	Prelim annotation	Pericytes Immature	PERICYTES IMMATURE	3	3	1.0	1	1.0	1.0
CAP	cap|2855	cap|2855|Prelim annotation	HCA Gut Cell Atlas v1 Stromal Lineage	Prelim annotation	Smooth Muscle Cells (SMC)	SMOOTH MUSCLE CELLS SMC	4	3	0.75	3	1.0	1.0
CAP	cap|2855	cap|2855|Prelim annotation	HCA Gut Cell Atlas v1 Stromal Lineage	Prelim annotation	vascular endothelial Arteriolar	VASCULAR ENDOTHELIAL ARTERIOLAR	5	5	1.0	1	1.0	1.0
CAP	cap|2855	cap|2855|Prelim annotation	HCA Gut Cell Atlas v1 Stromal Lineage	Prelim annotation	vascular endothelial Capillary	VASCULAR ENDOTHELIAL CAPILLARY	5	4	0.8	1	1.0	1.0
CAP	cap|2855	cap|2855|Prelim annotation	HCA Gut Cell Atlas v1 Stromal Lineage	Prelim annotation	vascular endothelial Lacteals	VASCULAR ENDOTHELIAL LACTEALS	4	1	0.25	1	1.0	1.0
CAP	cap|2855	cap|2855|Prelim annotation	HCA Gut Cell Atlas v1 Stromal Lineage	Prelim annotation	vascular endothelial Lymphatic	VASCULAR ENDOTHELIAL LYMPHATIC	4	3	0.75	1	1.0	1.0
CAP	cap|2855	cap|2855|Prelim annotation	HCA Gut Cell Atlas v1 Stromal Lineage	Prelim annotation	vascular endothelial Venular	VASCULAR ENDOTHELIAL VENULAR	5	5	1.0	1	1.0	1.0
CAP	cap|2856	cap|2856|Prelim annotation	HCA Gut Cell Atlas v1 Epithelial Lineage	Prelim annotation	Colonocytes	COLONOCYTES	6	2	0.3333333333333333	3	1.0	1.0
CAP	cap|2856	cap|2856|Prelim annotation	HCA Gut Cell Atlas v1 Epithelial Lineage	Prelim annotation	Colonocytes BEST4	COLONOCYTES BEST 4	4	0	0.0	1	1.0	
CAP	cap|2856	cap|2856|Prelim annotation	HCA Gut Cell Atlas v1 Epithelial Lineage	Prelim annotation	Colonocytes Early	COLONOCYTES EARLY	3	2	0.6666666666666666	1	1.0	1.0
CAP	cap|2856	cap|2856|Prelim annotation	HCA Gut Cell Atlas v1 Epithelial Lineage	Prelim annotation	Colonocytes Laminin	COLONOCYTES LAMININ	3	3	1.0	1	1.0	1.0
CAP	cap|2856	cap|2856|Prelim annotation	HCA Gut Cell Atlas v1 Epithelial Lineage	Prelim annotation	Colonocytes Late	COLONOCYTES LATE	7	5	0.7142857142857143	1	1.0	1.0
CAP	cap|2856	cap|2856|Prelim annotation	HCA Gut Cell Atlas v1 Epithelial Lineage	Prelim annotation	Cycling TA	CYCLING TA	7	0	0.0	1	1.0	
CAP	cap|2856	cap|2856|Prelim annotation	HCA Gut Cell Atlas v1 Epithelial Lineage	Prelim annotation	EEC Enterochromaffin Cells	EEC ENTEROCHROMAFFIN CELLS	4	3	0.75	1	1.0	1.0
CAP	cap|2856	cap|2856|Prelim annotation	HCA Gut Cell Atlas v1 Epithelial Lineage	Prelim annotation	EEC L Cells (PYY+)	EEC L CELLS PYY	4	4	1.0	1	1.0	1.0
CAP	cap|2856	cap|2856|Prelim annotation	HCA Gut Cell Atlas v1 Epithelial Lineage	Prelim annotation	Enterocytes	ENTEROCYTES	3	2	0.6666666666666666	4	1.0	1.0
CAP	cap|2856	cap|2856|Prelim annotation	HCA Gut Cell Atlas v1 Epithelial Lineage	Prelim annotation	Enterocytes BEST4	ENTEROCYTES BEST 4	6	2	0.3333333333333333	1	1.0	1.0
CAP	cap|2856	cap|2856|Prelim annotation	HCA Gut Cell Atlas v1 Epithelial Lineage	Prelim annotation	Enterocytes Early	ENTEROCYTES EARLY	5	3	0.6	1	1.0	1.0
CAP	cap|2856	cap|2856|Prelim annotation	HCA Gut Cell Atlas v1 Epithelial Lineage	Prelim annotation	Enterocytes Late	ENTEROCYTES LATE	6	5	0.8333333333333334	1	1.0	1.0
CAP	cap|2856	cap|2856|Prelim annotation	HCA Gut Cell Atlas v1 Epithelial Lineage	Prelim annotation	Enteroendocrine Cells (EEC)	ENTEROENDOCRINE CELLS EEC	10	7	0.7	1	1.0	1.0
CAP	cap|2856	cap|2856|Prelim annotation	HCA Gut Cell Atlas v1 Epithelial Lineage	Prelim annotation	Follicle associated enterocyte (FAE)	FOLLICLE ASSOCIATED ENTEROCYTE FAE	4	1	0.25	1	1.0	1.0
CAP	cap|2856	cap|2856|Prelim annotation	HCA Gut Cell Atlas v1 Epithelial Lineage	Prelim annotation	Microfold Cells (M Cells)	MICROFOLD CELLS M CELLS	12	10	0.8333333333333334	1	1.0	1.0
CAP	cap|2856	cap|2856|Prelim annotation	HCA Gut Cell Atlas v1 Epithelial Lineage	Prelim annotation	Monocytes	MONOCYTES	7	7	1.0	3	1.0	1.0
CAP	cap|2856	cap|2856|Prelim annotation	HCA Gut Cell Atlas v1 Epithelial Lineage	Prelim annotation	Secretory Goblet Cells	SECRETORY GOBLET CELLS	7	0	0.0	1	1.0	
CAP	cap|2856	cap|2856|Prelim annotation	HCA Gut Cell Atlas v1 Epithelial Lineage	Prelim annotation	Secretory Goblet cells Mature	SECRETORY GOBLET CELLS MATURE	7	0	0.0	0		
CAP	cap|2856	cap|2856|Prelim annotation	HCA Gut Cell Atlas v1 Epithelial Lineage	Prelim annotation	Secretory Paneth Cells	SECRETORY PANETH CELLS	7	6	0.8571428571428571	1	1.0	1.0
CAP	cap|2856	cap|2856|Prelim annotation	HCA Gut Cell Atlas v1 Epithelial Lineage	Prelim annotation	Secretory TA	SECRETORY TA	7	5	0.7142857142857143	1	1.0	1.0
CAP	cap|2856	cap|2856|Prelim annotation	HCA Gut Cell Atlas v1 Epithelial Lineage	Prelim annotation	Secretory Tuft Cells	SECRETORY TUFT CELLS	7	5	0.7142857142857143	1	1.0	1.0
CAP	cap|2856	cap|2856|Prelim annotation	HCA Gut Cell Atlas v1 Epithelial Lineage	Prelim annotation	Transiently Amplifying Cells (TA)	TRANSIENTLY AMPLIFYING CELLS TA	7	0	0.0	1	1.0	
CAP	cap|2857	cap|2857|Prelim annotation	HCA Gut Cell Atlas v1 Lymphoid Lineage	Prelim annotation	B Cycling	B CYCLING	4	2	0.5	1	1.0	1.0
CAP	cap|2857	cap|2857|Prelim annotation	HCA Gut Cell Atlas v1 Lymphoid Lineage	Prelim annotation	B Memory	B MEMORY	4	2	0.5	2	1.0	1.0
CAP	cap|2857	cap|2857|Prelim annotation	HCA Gut Cell Atlas v1 Lymphoid Lineage	Prelim annotation	CD4 Naive	CD 4 NAIVE	7	2	0.2857142857142857	3	1.0	1.0
CAP	cap|2857	cap|2857|Prelim annotation	HCA Gut Cell Atlas v1 Lymphoid Lineage	Prelim annotation	CD4 Tfh	CD 4 TFH	4	3	0.75	2	1.0	1.0
CAP	cap|2857	cap|2857|Prelim annotation	HCA Gut Cell Atlas v1 Lymphoid Lineage	Prelim annotation	CD4 Th1	CD 4 TH 1	4	3	0.75	1	1.0	1.0
CAP	cap|2857	cap|2857|Prelim annotation	HCA Gut Cell Atlas v1 Lymphoid Lineage	Prelim annotation	CD4 Th17	CD 4 TH 17	6	5	0.8333333333333334	1	1.0	1.0
CAP	cap|2857	cap|2857|Prelim annotation	HCA Gut Cell Atlas v1 Lymphoid Lineage	Prelim annotation	CD4 Treg	CD 4 TREG	6	4	0.6666666666666666	2	1.0	1.0
CAP	cap|2857	cap|2857|Prelim annotation	HCA Gut Cell Atlas v1 Lymphoid Lineage	Prelim annotation	CD8 Circulating Effector/Memory	CD 8 CIRCULATING EFFECTOR MEMORY	4	3	0.75	1	1.0	1.0
CAP	cap|2857	cap|2857|Prelim annotation	HCA Gut Cell Atlas v1 Lymphoid Lineage	Prelim annotation	CD8 Effector/Memory	CD 8 EFFECTOR MEMORY	5	4	0.8	1	1.0	1.0
CAP	cap|2857	cap|2857|Prelim annotation	HCA Gut Cell Atlas v1 Lymphoid Lineage	Prelim annotation	CD8 IEL	CD 8 IEL	9	8	0.8888888888888888	1	1.0	1.0
CAP	cap|2857	cap|2857|Prelim annotation	HCA Gut Cell Atlas v1 Lymphoid Lineage	Prelim annotation	CD8 Memory/Exhausted	CD 8 MEMORY EXHAUSTED	6	4	0.6666666666666666	1	1.0	1.0
CAP	cap|2857	cap|2857|Prelim annotation	HCA Gut Cell Atlas v1 Lymphoid Lineage	Prelim annotation	CD8 Naive	CD 8 NAIVE	3	0	0.0	3	1.0	
CAP	cap|2857	cap|2857|Prelim annotation	HCA Gut Cell Atlas v1 Lymphoid Lineage	Prelim annotation	CD8 TRM	CD 8 TRM	6	3	0.5	1	1.0	1.0
CAP	cap|2857	cap|2857|Prelim annotation	HCA Gut Cell Atlas v1 Lymphoid Lineage	Prelim annotation	GC B Dark Zone	GC B DARK ZONE	5	5	1.0	1	1.0	1.0
CAP	cap|2857	cap|2857|Prelim annotation	HCA Gut Cell Atlas v1 Lymphoid Lineage	Prelim annotation	GC B Light Zone	GC B LIGHT ZONE	3	3	1.0	1	1.0	1.0
CAP	cap|2857	cap|2857|Prelim annotation	HCA Gut Cell Atlas v1 Lymphoid Lineage	Prelim annotation	ILC NK Cells	ILC NK CELLS	4	0	0.0	1	1.0	
CAP	cap|2857	cap|2857|Prelim annotation	HCA Gut Cell Atlas v1 Lymphoid Lineage	Prelim annotation	ILC NKs	ILC NKS	4	0	0.0	0		
CAP	cap|2857	cap|2857|Prelim annotation	HCA Gut Cell Atlas v1 Lymphoid Lineage	Prelim annotation	ILC2	ILC 2	5	5	1.0	1	1.0	1.0
CAP	cap|2857	cap|2857|Prelim annotation	HCA Gut Cell Atlas v1 Lymphoid Lineage	Prelim annotation	ILC3	ILC 3	3	1	0.3333333333333333	3	1.0	1.0
CAP	cap|2857	cap|2857|Prelim annotation	HCA Gut Cell Atlas v1 Lymphoid Lineage	Prelim annotation	T Cycling	T CYCLING	3	2	0.6666666666666666	1	1.0	1.0
CAP	cap|2857	cap|2857|Prelim annotation	HCA Gut Cell Atlas v1 Lymphoid Lineage	Prelim annotation	T GammaDelta	T GAMMADELTA	6	6	1.0	1	1.0	1.0
CAP	cap|2857	cap|2857|Prelim annotation	HCA Gut Cell Atlas v1 Lymphoid Lineage	Prelim annotation	T MAIT	T MAIT	4	4	1.0	1	1.0	1.0
CAP	cap|2857	cap|2857|Prelim annotation	HCA Gut Cell Atlas v1 Lymphoid Lineage	Prelim annotation	T NKT	T NKT	3	3	1.0	1	1.0	1.0
CAP	cap|2858	cap|2858|hgca_celltype_v0	Human Gut Cell Atlas (HGCA) v1 - All Cells	hgca_celltype_v0	B Cycling	B CYCLING	4	2	0.5	1	1.0	1.0
CAP	cap|2858	cap|2858|hgca_celltype_v0	Human Gut Cell Atlas (HGCA) v1 - All Cells	hgca_celltype_v0	B Memory	B MEMORY	4	2	0.5	2	1.0	1.0
CAP	cap|2858	cap|2858|hgca_celltype_v0	Human Gut Cell Atlas (HGCA) v1 - All Cells	hgca_celltype_v0	CD4 Naive	CD 4 NAIVE	7	2	0.2857142857142857	3	1.0	1.0
CAP	cap|2858	cap|2858|hgca_celltype_v0	Human Gut Cell Atlas (HGCA) v1 - All Cells	hgca_celltype_v0	CD4 Tfh	CD 4 TFH	4	2	0.5	2	1.0	1.0
CAP	cap|2858	cap|2858|hgca_celltype_v0	Human Gut Cell Atlas (HGCA) v1 - All Cells	hgca_celltype_v0	CD4 Th1	CD 4 TH 1	4	3	0.75	1	1.0	1.0
CAP	cap|2858	cap|2858|hgca_celltype_v0	Human Gut Cell Atlas (HGCA) v1 - All Cells	hgca_celltype_v0	CD4 Th17	CD 4 TH 17	6	5	0.8333333333333334	1	1.0	1.0
CAP	cap|2858	cap|2858|hgca_celltype_v0	Human Gut Cell Atlas (HGCA) v1 - All Cells	hgca_celltype_v0	CD4 Treg	CD 4 TREG	6	4	0.6666666666666666	2	1.0	1.0
CAP	cap|2858	cap|2858|hgca_celltype_v0	Human Gut Cell Atlas (HGCA) v1 - All Cells	hgca_celltype_v0	CD8 Circulating Effector/Memory	CD 8 CIRCULATING EFFECTOR MEMORY	4	3	0.75	1	1.0	1.0
CAP	cap|2858	cap|2858|hgca_celltype_v0	Human Gut Cell Atlas (HGCA) v1 - All Cells	hgca_celltype_v0	CD8 Effector/Memory	CD 8 EFFECTOR MEMORY	5	4	0.8	1	1.0	1.0
CAP	cap|2858	cap|2858|hgca_celltype_v0	Human Gut Cell Atlas (HGCA) v1 - All Cells	hgca_celltype_v0	CD8 IEL	CD 8 IEL	9	8	0.8888888888888888	1	1.0	1.0
CAP	cap|2858	cap|2858|hgca_celltype_v0	Human Gut Cell Atlas (HGCA) v1 - All Cells	hgca_celltype_v0	CD8 Memory/Exhausted	CD 8 MEMORY EXHAUSTED	6	4	0.6666666666666666	1	1.0	1.0
CAP	cap|2858	cap|2858|hgca_celltype_v0	Human Gut Cell Atlas (HGCA) v1 - All Cells	hgca_celltype_v0	CD8 Naive	CD 8 NAIVE	3	0	0.0	3	1.0	
CAP	cap|2858	cap|2858|hgca_celltype_v0	Human Gut Cell Atlas (HGCA) v1 - All Cells	hgca_celltype_v0	CD8 TRM	CD 8 TRM	6	3	0.5	1	1.0	1.0
CAP	cap|2858	cap|2858|hgca_celltype_v0	Human Gut Cell Atlas (HGCA) v1 - All Cells	hgca_celltype_v0	Colonocytes	COLONOCYTES	6	2	0.3333333333333333	3	1.0	1.0
CAP	cap|2858	cap|2858|hgca_celltype_v0	Human Gut Cell Atlas (HGCA) v1 - All Cells	hgca_celltype_v0	Colonocytes BEST4	COLONOCYTES BEST 4	4	0	0.0	1	1.0	
CAP	cap|2858	cap|2858|hgca_celltype_v0	Human Gut Cell Atlas (HGCA) v1 - All Cells	hgca_celltype_v0	Colonocytes Early	COLONOCYTES EARLY	3	2	0.6666666666666666	1	1.0	1.0
CAP	cap|2858	cap|2858|hgca_celltype_v0	Human Gut Cell Atlas (HGCA) v1 - All Cells	hgca_celltype_v0	Colonocytes Laminin	COLONOCYTES LAMININ	3	2	0.6666666666666666	1	1.0	1.0
CAP	cap|2858	cap|2858|hgca_celltype_v0	Human Gut Cell Atlas (HGCA) v1 - All Cells	hgca_celltype_v0	Colonocytes Late	COLONOCYTES LATE	7	5	0.7142857142857143	1	1.0	1.0
CAP	cap|2858	cap|2858|hgca_celltype_v0	Human Gut Cell Atlas (HGCA) v1 - All Cells	hgca_celltype_v0	Cycling TA	CYCLING TA	7	0	0.0	1	1.0	
CAP	cap|2858	cap|2858|hgca_celltype_v0	Human Gut Cell Atlas (HGCA) v1 - All Cells	hgca_celltype_v0	DC cDC1	DC CDC 1	5	5	1.0	1	1.0	1.0
CAP	cap|2858	cap|2858|hgca_celltype_v0	Human Gut Cell Atlas (HGCA) v1 - All Cells	hgca_celltype_v0	DC cDC2	DC CDC 2	6	6	1.0	1	1.0	1.0
CAP	cap|2858	cap|2858|hgca_celltype_v0	Human Gut Cell Atlas (HGCA) v1 - All Cells	hgca_celltype_v0	DC migDC	DC MIGDC	5	4	0.8	1	1.0	1.0
CAP	cap|2858	cap|2858|hgca_celltype_v0	Human Gut Cell Atlas (HGCA) v1 - All Cells	hgca_celltype_v0	EEC Enterochromaffin Cells	EEC ENTEROCHROMAFFIN CELLS	4	3	0.75	1	1.0	1.0
CAP	cap|2858	cap|2858|hgca_celltype_v0	Human Gut Cell Atlas (HGCA) v1 - All Cells	hgca_celltype_v0	EEC L Cells (PYY+)	EEC L CELLS PYY	4	4	1.0	1	1.0	1.0
CAP	cap|2858	cap|2858|hgca_celltype_v0	Human Gut Cell Atlas (HGCA) v1 - All Cells	hgca_celltype_v0	Enterocytes	ENTEROCYTES	3	1	0.3333333333333333	4	1.0	1.0
CAP	cap|2858	cap|2858|hgca_celltype_v0	Human Gut Cell Atlas (HGCA) v1 - All Cells	hgca_celltype_v0	Enterocytes BEST4	ENTEROCYTES BEST 4	6	2	0.3333333333333333	1	1.0	1.0
CAP	cap|2858	cap|2858|hgca_celltype_v0	Human Gut Cell Atlas (HGCA) v1 - All Cells	hgca_celltype_v0	Enterocytes Early	ENTEROCYTES EARLY	5	2	0.4	1	1.0	1.0
CAP	cap|2858	cap|2858|hgca_celltype_v0	Human Gut Cell Atlas (HGCA) v1 - All Cells	hgca_celltype_v0	Enterocytes Late	ENTEROCYTES LATE	6	5	0.8333333333333334	1	1.0	1.0
CAP	cap|2858	cap|2858|hgca_celltype_v0	Human Gut Cell Atlas (HGCA) v1 - All Cells	hgca_celltype_v0	Enteroendocrine Cells (EEC)	ENTEROENDOCRINE CELLS EEC	10	7	0.7	1	1.0	1.0
CAP	cap|2858	cap|2858|hgca_celltype_v0	Human Gut Cell Atlas (HGCA) v1 - All Cells	hgca_celltype_v0	Epithelial	EPITHELIAL	5	1	0.2	4	0.0	0.0
CAP	cap|2858	cap|2858|hgca_celltype_v0	Human Gut Cell Atlas (HGCA) v1 - All Cells	hgca_celltype_v0	Fibroblastic reticular cells	FIBROBLASTIC RETICULAR CELLS	4	2	0.5	1	1.0	1.0
CAP	cap|2858	cap|2858|hgca_celltype_v0	Human Gut Cell Atlas (HGCA) v1 - All Cells	hgca_celltype_v0	Fibroblasts Follicular Dendritic Cells (fDC)	FIBROBLASTS FOLLICULAR DENDRITIC CELLS FDC	4	2	0.5	1	1.0	1.0
CAP	cap|2858	cap|2858|hgca_celltype_v0	Human Gut Cell Atlas (HGCA) v1 - All Cells	hgca_celltype_v0	Fibroblasts Lamina propria (S1)	FIBROBLASTS LAMINA PROPRIA S 1	3	2	0.6666666666666666	1	1.0	1.0
CAP	cap|2858	cap|2858|hgca_celltype_v0	Human Gut Cell Atlas (HGCA) v1 - All Cells	hgca_celltype_v0	Fibroblasts Muscularis Propria	FIBROBLASTS MUSCULARIS PROPRIA	5	3	0.6	1	1.0	1.0
CAP	cap|2858	cap|2858|hgca_celltype_v0	Human Gut Cell Atlas (HGCA) v1 - All Cells	hgca_celltype_v0	Fibroblasts Myofibroblasts	FIBROBLASTS MYOFIBROBLASTS	3	2	0.6666666666666666	1	1.0	1.0
CAP	cap|2858	cap|2858|hgca_celltype_v0	Human Gut Cell Atlas (HGCA) v1 - All Cells	hgca_celltype_v0	Fibroblasts Subepithelial (S2)	FIBROBLASTS SUBEPITHELIAL S 2	9	8	0.8888888888888888	1	1.0	1.0
CAP	cap|2858	cap|2858|hgca_celltype_v0	Human Gut Cell Atlas (HGCA) v1 - All Cells	hgca_celltype_v0	Fibroblasts Submucosal (aka Crypt Support/Trophocytes/S3)	FIBROBLASTS SUBMUCOSAL AKA CRYPT SUPPORT TROPHOCYTES S 3	7	6	0.8571428571428571	1	1.0	1.0
CAP	cap|2858	cap|2858|hgca_celltype_v0	Human Gut Cell Atlas (HGCA) v1 - All Cells	hgca_celltype_v0	Fibroblasts Subserosal	FIBROBLASTS SUBSEROSAL	3	0	0.0	1	1.0	
CAP	cap|2858	cap|2858|hgca_celltype_v0	Human Gut Cell Atlas (HGCA) v1 - All Cells	hgca_celltype_v0	Follicle associated enterocyte (FAE)	FOLLICLE ASSOCIATED ENTEROCYTE FAE	4	1	0.25	1	1.0	1.0
CAP	cap|2858	cap|2858|hgca_celltype_v0	Human Gut Cell Atlas (HGCA) v1 - All Cells	hgca_celltype_v0	GC B Dark Zone	GC B DARK ZONE	5	5	1.0	1	1.0	1.0
CAP	cap|2858	cap|2858|hgca_celltype_v0	Human Gut Cell Atlas (HGCA) v1 - All Cells	hgca_celltype_v0	GC B Light Zone	GC B LIGHT ZONE	3	3	1.0	1	1.0	1.0
CAP	cap|2858	cap|2858|hgca_celltype_v0	Human Gut Cell Atlas (HGCA) v1 - All Cells	hgca_celltype_v0	Glia Intra-Ganglionic	GLIA INTRA GANGLIONIC	4	4	1.0	1	1.0	1.0
CAP	cap|2858	cap|2858|hgca_celltype_v0	Human Gut Cell Atlas (HGCA) v1 - All Cells	hgca_celltype_v0	Glia Mucosal/Type III	GLIA MUCOSAL TYPE III	3	2	0.6666666666666666	1	1.0	1.0
CAP	cap|2858	cap|2858|hgca_celltype_v0	Human Gut Cell Atlas (HGCA) v1 - All Cells	hgca_celltype_v0	Glia Muscularis propria/Type IV	GLIA MUSCULARIS PROPRIA TYPE IV	3	3	1.0	1	1.0	1.0
CAP	cap|2858	cap|2858|hgca_celltype_v0	Human Gut Cell Atlas (HGCA) v1 - All Cells	hgca_celltype_v0	Granulocytes	GRANULOCYTES	4	3	0.75	2	1.0	1.0
CAP	cap|2858	cap|2858|hgca_celltype_v0	Human Gut Cell Atlas (HGCA) v1 - All Cells	hgca_celltype_v0	Granulocytes Mast Cells	GRANULOCYTES MAST CELLS	6	4	0.6666666666666666	1	1.0	1.0
CAP	cap|2858	cap|2858|hgca_celltype_v0	Human Gut Cell Atlas (HGCA) v1 - All Cells	hgca_celltype_v0	ILC NK Cells	ILC NK CELLS	4	4	1.0	1	1.0	1.0
CAP	cap|2858	cap|2858|hgca_celltype_v0	Human Gut Cell Atlas (HGCA) v1 - All Cells	hgca_celltype_v0	ILC2	ILC 2	5	4	0.8	1	1.0	1.0
CAP	cap|2858	cap|2858|hgca_celltype_v0	Human Gut Cell Atlas (HGCA) v1 - All Cells	hgca_celltype_v0	ILC3	ILC 3	3	1	0.3333333333333333	3	1.0	1.0
CAP	cap|2858	cap|2858|hgca_celltype_v0	Human Gut Cell Atlas (HGCA) v1 - All Cells	hgca_celltype_v0	Macrophages Cycling	MACROPHAGES CYCLING	9	7	0.7777777777777778	1	1.0	1.0
CAP	cap|2858	cap|2858|hgca_celltype_v0	Human Gut Cell Atlas (HGCA) v1 - All Cells	hgca_celltype_v0	Macrophages M2	MACROPHAGES M 2	4	3	0.75	1	1.0	1.0
CAP	cap|2858	cap|2858|hgca_celltype_v0	Human Gut Cell Atlas (HGCA) v1 - All Cells	hgca_celltype_v0	Macrophages Tissue Resident	MACROPHAGES TISSUE RESIDENT	4	2	0.5	1	1.0	1.0
CAP	cap|2858	cap|2858|hgca_celltype_v0	Human Gut Cell Atlas (HGCA) v1 - All Cells	hgca_celltype_v0	Microfold Cells (M Cells)	MICROFOLD CELLS M CELLS	12	10	0.8333333333333334	1	1.0	1.0
CAP	cap|2858	cap|2858|hgca_celltype_v0	Human Gut Cell Atlas (HGCA) v1 - All Cells	hgca_celltype_v0	Monocytes	MONOCYTES	7	7	1.0	3	1.0	1.0
CAP	cap|2858	cap|2858|hgca_celltype_v0	Human Gut Cell Atlas (HGCA) v1 - All Cells	hgca_celltype_v0	Pericytes Immature	PERICYTES IMMATURE	3	3	1.0	1	1.0	1.0
CAP	cap|2858	cap|2858|hgca_celltype_v0	Human Gut Cell Atlas (HGCA) v1 - All Cells	hgca_celltype_v0	Secretory Goblet Cells	SECRETORY GOBLET CELLS	7	4	0.5714285714285714	1	1.0	1.0
CAP	cap|2858	cap|2858|hgca_celltype_v0	Human Gut Cell Atlas (HGCA) v1 - All Cells	hgca_celltype_v0	Secretory Paneth Cells	SECRETORY PANETH CELLS	7	6	0.8571428571428571	1	1.0	1.0
CAP	cap|2858	cap|2858|hgca_celltype_v0	Human Gut Cell Atlas (HGCA) v1 - All Cells	hgca_celltype_v0	Secretory TA	SECRETORY TA	7	5	0.7142857142857143	1	1.0	1.0
CAP	cap|2858	cap|2858|hgca_celltype_v0	Human Gut Cell Atlas (HGCA) v1 - All Cells	hgca_celltype_v0	Secretory Tuft Cells	SECRETORY TUFT CELLS	7	5	0.7142857142857143	1	1.0	1.0
CAP	cap|2858	cap|2858|hgca_celltype_v0	Human Gut Cell Atlas (HGCA) v1 - All Cells	hgca_celltype_v0	Smooth Muscle Cells (SMC)	SMOOTH MUSCLE CELLS SMC	4	3	0.75	3	1.0	1.0
CAP	cap|2858	cap|2858|hgca_celltype_v0	Human Gut Cell Atlas (HGCA) v1 - All Cells	hgca_celltype_v0	T Cycling	T CYCLING	3	1	0.3333333333333333	1	1.0	1.0
CAP	cap|2858	cap|2858|hgca_celltype_v0	Human Gut Cell Atlas (HGCA) v1 - All Cells	hgca_celltype_v0	T GammaDelta	T GAMMADELTA	6	6	1.0	1	1.0	1.0
CAP	cap|2858	cap|2858|hgca_celltype_v0	Human Gut Cell Atlas (HGCA) v1 - All Cells	hgca_celltype_v0	T MAIT	T MAIT	4	4	1.0	1	1.0	1.0
CAP	cap|2858	cap|2858|hgca_celltype_v0	Human Gut Cell Atlas (HGCA) v1 - All Cells	hgca_celltype_v0	T NKT	T NKT	3	3	1.0	1	1.0	1.0
CAP	cap|2858	cap|2858|hgca_celltype_v0	Human Gut Cell Atlas (HGCA) v1 - All Cells	hgca_celltype_v0	Transiently Amplifying Cells (TA)	TRANSIENTLY AMPLIFYING CELLS TA	7	0	0.0	1	1.0	
CAP	cap|2858	cap|2858|hgca_celltype_v0	Human Gut Cell Atlas (HGCA) v1 - All Cells	hgca_celltype_v0	vascular endothelial Arteriolar	VASCULAR ENDOTHELIAL ARTERIOLAR	5	5	1.0	1	1.0	1.0
CAP	cap|2858	cap|2858|hgca_celltype_v0	Human Gut Cell Atlas (HGCA) v1 - All Cells	hgca_celltype_v0	vascular endothelial Capillary	VASCULAR ENDOTHELIAL CAPILLARY	5	4	0.8	1	1.0	1.0
CAP	cap|2858	cap|2858|hgca_celltype_v0	Human Gut Cell Atlas (HGCA) v1 - All Cells	hgca_celltype_v0	vascular endothelial Lacteals	VASCULAR ENDOTHELIAL LACTEALS	4	1	0.25	1	1.0	1.0
CAP	cap|2858	cap|2858|hgca_celltype_v0	Human Gut Cell Atlas (HGCA) v1 - All Cells	hgca_celltype_v0	vascular endothelial Lymphatic	VASCULAR ENDOTHELIAL LYMPHATIC	4	2	0.5	1	1.0	1.0
CAP	cap|2858	cap|2858|hgca_celltype_v0	Human Gut Cell Atlas (HGCA) v1 - All Cells	hgca_celltype_v0	vascular endothelial Venular	VASCULAR ENDOTHELIAL VENULAR	5	4	0.8	1	1.0	1.0
CAP	cap|2913	cap|2913|author_cell_type	snRNAseq on trained and untrained human skeletal muscle from healthy donors	author_cell_type	Senescent muscle cell	SENESCENT MUSCLE CELL	6	6	1.0	0		
CAP	cap|2926	cap|2926|author_cell_type	Human intercostal skeletal muscle aging atlas (scRNA-seq and snRNA-seq, young vs aged)	author_cell_type	ArtEC	ARTEC	4	4	1.0	0		
CAP	cap|2926	cap|2926|author_cell_type	Human intercostal skeletal muscle aging atlas (scRNA-seq and snRNA-seq, young vs aged)	author_cell_type	B-cell	B CELL	3	3	1.0	4	0.6666666666666666	0.6666666666666666
CAP	cap|2926	cap|2926|author_cell_type	Human intercostal skeletal muscle aging atlas (scRNA-seq and snRNA-seq, young vs aged)	author_cell_type	CapEC	CAPEC	3	3	1.0	0		
CAP	cap|2926	cap|2926|author_cell_type	Human intercostal skeletal muscle aging atlas (scRNA-seq and snRNA-seq, young vs aged)	author_cell_type	CD14+Mono	CD 14 MONO	6	6	1.0	1	1.0	1.0
CAP	cap|2926	cap|2926|author_cell_type	Human intercostal skeletal muscle aging atlas (scRNA-seq and snRNA-seq, young vs aged)	author_cell_type	CD16+Mono	CD 16 MONO	5	4	0.8	1	0.6	0.5
CAP	cap|2926	cap|2926|author_cell_type	Human intercostal skeletal muscle aging atlas (scRNA-seq and snRNA-seq, young vs aged)	author_cell_type	CD16+NK	CD 16 NK	6	4	0.6666666666666666	1	0.8333333333333334	0.75
CAP	cap|2926	cap|2926|author_cell_type	Human intercostal skeletal muscle aging atlas (scRNA-seq and snRNA-seq, young vs aged)	author_cell_type	CD16-NK	CD 16 NK	4	3	0.75	1	0.25	0.0
CAP	cap|2926	cap|2926|author_cell_type	Human intercostal skeletal muscle aging atlas (scRNA-seq and snRNA-seq, young vs aged)	author_cell_type	CD4+T	CD 4 T	4	3	0.75	0		
CAP	cap|2926	cap|2926|author_cell_type	Human intercostal skeletal muscle aging atlas (scRNA-seq and snRNA-seq, young vs aged)	author_cell_type	CD8+T	CD 8 T	4	3	0.75	1	0.75	0.6666666666666666
CAP	cap|2926	cap|2926|author_cell_type	Human intercostal skeletal muscle aging atlas (scRNA-seq and snRNA-seq, young vs aged)	author_cell_type	cDC1	CDC 1	4	4	1.0	7	0.75	0.75
CAP	cap|2926	cap|2926|author_cell_type	Human intercostal skeletal muscle aging atlas (scRNA-seq and snRNA-seq, young vs aged)	author_cell_type	cDC2	CDC 2	3	3	1.0	3	1.0	1.0
CAP	cap|2926	cap|2926|author_cell_type	Human intercostal skeletal muscle aging atlas (scRNA-seq and snRNA-seq, young vs aged)	author_cell_type	EnFB	ENFB	8	8	1.0	0		
CAP	cap|2926	cap|2926|author_cell_type	Human intercostal skeletal muscle aging atlas (scRNA-seq and snRNA-seq, young vs aged)	author_cell_type	Eosinophil	EOSINOPHIL	4	4	1.0	0		
CAP	cap|2926	cap|2926|author_cell_type	Human intercostal skeletal muscle aging atlas (scRNA-seq and snRNA-seq, young vs aged)	author_cell_type	FB	FB	9	9	1.0	0		
CAP	cap|2926	cap|2926|author_cell_type	Human intercostal skeletal muscle aging atlas (scRNA-seq and snRNA-seq, young vs aged)	author_cell_type	Hyb	HYB	6	0	0.0	0		
CAP	cap|2926	cap|2926|author_cell_type	Human intercostal skeletal muscle aging atlas (scRNA-seq and snRNA-seq, young vs aged)	author_cell_type	Macrophage	MACROPHAGE	9	9	1.0	1	0.1111111111111111	0.1111111111111111
CAP	cap|2926	cap|2926|author_cell_type	Human intercostal skeletal muscle aging atlas (scRNA-seq and snRNA-seq, young vs aged)	author_cell_type	Mast	MAST	3	3	1.0	3	1.0	1.0
CAP	cap|2926	cap|2926|author_cell_type	Human intercostal skeletal muscle aging atlas (scRNA-seq and snRNA-seq, young vs aged)	author_cell_type	MF-I	MF I	3	0	0.0	0		
CAP	cap|2926	cap|2926|author_cell_type	Human intercostal skeletal muscle aging atlas (scRNA-seq and snRNA-seq, young vs aged)	author_cell_type	MF-II	MF II	4	0	0.0	0		
CAP	cap|2926	cap|2926|author_cell_type	Human intercostal skeletal muscle aging atlas (scRNA-seq and snRNA-seq, young vs aged)	author_cell_type	MF-IIsc(fg)	MF IISC FG	6	0	0.0	0		
CAP	cap|2926	cap|2926|author_cell_type	Human intercostal skeletal muscle aging atlas (scRNA-seq and snRNA-seq, young vs aged)	author_cell_type	MF-IIsn(fg)	MF IISN FG	6	0	0.0	0		
CAP	cap|2926	cap|2926|author_cell_type	Human intercostal skeletal muscle aging atlas (scRNA-seq and snRNA-seq, young vs aged)	author_cell_type	MF-Isc(fg)	MF ISC FG	5	0	0.0	0		
CAP	cap|2926	cap|2926|author_cell_type	Human intercostal skeletal muscle aging atlas (scRNA-seq and snRNA-seq, young vs aged)	author_cell_type	MF-Isn(fg)	MF ISN FG	5	0	0.0	0		
CAP	cap|2926	cap|2926|author_cell_type	Human intercostal skeletal muscle aging atlas (scRNA-seq and snRNA-seq, young vs aged)	author_cell_type	MF_type-MYH8+	MF TYPE MYH 8	5	5	1.0	0		
CAP	cap|2926	cap|2926|author_cell_type	Human intercostal skeletal muscle aging atlas (scRNA-seq and snRNA-seq, young vs aged)	author_cell_type	MF_type-RASA4+	MF TYPE RASA 4	3	3	1.0	0		
CAP	cap|2926	cap|2926|author_cell_type	Human intercostal skeletal muscle aging atlas (scRNA-seq and snRNA-seq, young vs aged)	author_cell_type	mSchwann	MSCHWANN	4	4	1.0	0		
CAP	cap|2926	cap|2926|author_cell_type	Human intercostal skeletal muscle aging atlas (scRNA-seq and snRNA-seq, young vs aged)	author_cell_type	MTJ	MTJ	3	3	1.0	0		
CAP	cap|2926	cap|2926|author_cell_type	Human intercostal skeletal muscle aging atlas (scRNA-seq and snRNA-seq, young vs aged)	author_cell_type	MuSC	MUSC	3	3	1.0	0		
CAP	cap|2926	cap|2926|author_cell_type	Human intercostal skeletal muscle aging atlas (scRNA-seq and snRNA-seq, young vs aged)	author_cell_type	Neutrophil	NEUTROPHIL	9	9	1.0	0		
CAP	cap|2926	cap|2926|author_cell_type	Human intercostal skeletal muscle aging atlas (scRNA-seq and snRNA-seq, young vs aged)	author_cell_type	NMJ	NMJ	8	8	1.0	0		
CAP	cap|2926	cap|2926|author_cell_type	Human intercostal skeletal muscle aging atlas (scRNA-seq and snRNA-seq, young vs aged)	author_cell_type	NMJ_accessory	NMJ ACCESSORY	14	12	0.8571428571428571	0		
CAP	cap|2926	cap|2926|author_cell_type	Human intercostal skeletal muscle aging atlas (scRNA-seq and snRNA-seq, young vs aged)	author_cell_type	nmSchwann	NMSCHWANN	4	2	0.5	0		
CAP	cap|2926	cap|2926|author_cell_type	Human intercostal skeletal muscle aging atlas (scRNA-seq and snRNA-seq, young vs aged)	author_cell_type	pDC	PDC	4	4	1.0	12	1.0	1.0
CAP	cap|2926	cap|2926|author_cell_type	Human intercostal skeletal muscle aging atlas (scRNA-seq and snRNA-seq, young vs aged)	author_cell_type	Pericyte	PERICYTE	5	5	1.0	0		
CAP	cap|2926	cap|2926|author_cell_type	Human intercostal skeletal muscle aging atlas (scRNA-seq and snRNA-seq, young vs aged)	author_cell_type	PnFB	PNFB	6	6	1.0	0		
CAP	cap|2926	cap|2926|author_cell_type	Human intercostal skeletal muscle aging atlas (scRNA-seq and snRNA-seq, young vs aged)	author_cell_type	SMC	SMC	7	5	0.7142857142857143	0		
CAP	cap|2926	cap|2926|author_cell_type	Human intercostal skeletal muscle aging atlas (scRNA-seq and snRNA-seq, young vs aged)	author_cell_type	Tenocyte	TENOCYTE	4	4	1.0	0		
CAP	cap|2926	cap|2926|author_cell_type	Human intercostal skeletal muscle aging atlas (scRNA-seq and snRNA-seq, young vs aged)	author_cell_type	VenEC	VENEC	8	7	0.875	0		
CAP	cap|2980	cap|2980|author_cell_type	Subcutaneous, omental, mesenteric, mesocolic, and epiploic adipose tissue (Jalkanen et al., 2026, Cell Met)	author_cell_type	adipocyte	ADIPOCYTE	9	8	0.8888888888888888	1	0.0	0.0
CAP	cap|2980	cap|2980|author_cell_type	Subcutaneous, omental, mesenteric, mesocolic, and epiploic adipose tissue (Jalkanen et al., 2026, Cell Met)	author_cell_type	ASPC	ASPC	10	8	0.8	1	0.1	0.0
CAP	cap|2980	cap|2980|author_cell_type	Subcutaneous, omental, mesenteric, mesocolic, and epiploic adipose tissue (Jalkanen et al., 2026, Cell Met)	author_cell_type	lymphoid	LYMPHOID	10	10	1.0	1	0.0	0.0
CAP	cap|2980	cap|2980|author_cell_type	Subcutaneous, omental, mesenteric, mesocolic, and epiploic adipose tissue (Jalkanen et al., 2026, Cell Met)	author_cell_type	mesothelial	MESOTHELIAL	10	9	0.9	0		
CAP	cap|2980	cap|2980|author_cell_type	Subcutaneous, omental, mesenteric, mesocolic, and epiploic adipose tissue (Jalkanen et al., 2026, Cell Met)	author_cell_type	myeloid	MYELOID	10	10	1.0	2	0.2	0.2
CAP	cap|2980	cap|2980|author_cell_type	Subcutaneous, omental, mesenteric, mesocolic, and epiploic adipose tissue (Jalkanen et al., 2026, Cell Met)	author_cell_type	vascular	VASCULAR	10	10	1.0	1	0.0	0.0
CAP	cap|3012	cap|3012|lvl3_cell_types	Human Adipose Tissue Atlas v1.0 — ASPCs	lvl3_cell_types	DPP4⁺ ASPCs	DPP 4 ASPCS	5	3	0.6	4	1.0	1.0
CAP	cap|3012	cap|3012|lvl3_cell_types	Human Adipose Tissue Atlas v1.0 — ASPCs	lvl3_cell_types	EPHA3⁺ ASPCs	EPHA 3 ASPCS	3	1	0.3333333333333333	4	1.0	1.0
CAP	cap|3012	cap|3012|lvl3_cell_types	Human Adipose Tissue Atlas v1.0 — ASPCs	lvl3_cell_types	IGFBP2⁺ ASPCs	IGFBP 2 ASPCS	3	1	0.3333333333333333	4	1.0	1.0
CAP	cap|3012	cap|3012|lvl3_cell_types	Human Adipose Tissue Atlas v1.0 — ASPCs	lvl3_cell_types	PPARG⁺ ASPCs	PPARG ASPCS	3	1	0.3333333333333333	4	1.0	1.0
CAP	cap|3012	cap|3012|lvl3_cell_types	Human Adipose Tissue Atlas v1.0 — ASPCs	lvl3_cell_types	TENM2⁺ ASPCs	TENM 2 ASPCS	4	3	0.75	4	1.0	1.0
CAP	cap|3013	cap|3013|lvl2_cell_types	Human Adipose Tissue Atlas v1.0 — Vascular cells	lvl2_cell_types	ECs	ECS	4	4	1.0	4	1.0	1.0
CAP	cap|3013	cap|3013|lvl2_cell_types	Human Adipose Tissue Atlas v1.0 — Vascular cells	lvl2_cell_types	Mural cells	MURAL CELLS	4	4	1.0	4	1.0	1.0
CAP	cap|3013	cap|3013|lvl3_cell_types	Human Adipose Tissue Atlas v1.0 — Vascular cells	lvl3_cell_types	Arterial ECs	ARTERIAL ECS	7	3	0.42857142857142855	4	1.0	1.0
CAP	cap|3013	cap|3013|lvl3_cell_types	Human Adipose Tissue Atlas v1.0 — Vascular cells	lvl3_cell_types	Capillary ECs	CAPILLARY ECS	7	3	0.42857142857142855	4	1.0	1.0
CAP	cap|3013	cap|3013|lvl3_cell_types	Human Adipose Tissue Atlas v1.0 — Vascular cells	lvl3_cell_types	Lymphatic ECs	LYMPHATIC ECS	6	2	0.3333333333333333	4	1.0	1.0
CAP	cap|3013	cap|3013|lvl3_cell_types	Human Adipose Tissue Atlas v1.0 — Vascular cells	lvl3_cell_types	Venous ECs	VENOUS ECS	5	1	0.2	4	1.0	1.0
CAP	cap|3014	cap|3014|lvl2_cell_types	Human Adipose Tissue Atlas v1.0 — Mesothelial cells	lvl2_cell_types	Mesothelial cells	MESOTHELIAL CELLS	3	3	1.0	6	1.0	1.0
CAP	cap|3014	cap|3014|lvl3_cell_types	Human Adipose Tissue Atlas v1.0 — Mesothelial cells	lvl3_cell_types	Mesothelial cells	MESOTHELIAL CELLS	3	3	1.0	6	1.0	1.0
CAP	cap|3015	cap|3015|lvl2_cell_types	Human Adipose Tissue Atlas v1.0 — Abdominal Subcutaneous WAT	lvl2_cell_types	B cells	B CELLS	5	5	1.0	11	1.0	1.0
CAP	cap|3015	cap|3015|lvl2_cell_types	Human Adipose Tissue Atlas v1.0 — Abdominal Subcutaneous WAT	lvl2_cell_types	ECs	ECS	4	4	1.0	4	1.0	1.0
CAP	cap|3015	cap|3015|lvl2_cell_types	Human Adipose Tissue Atlas v1.0 — Abdominal Subcutaneous WAT	lvl2_cell_types	Macrophages & Monocytes	MACROPHAGES MONOCYTES	3	3	1.0	5	1.0	1.0
CAP	cap|3015	cap|3015|lvl2_cell_types	Human Adipose Tissue Atlas v1.0 — Abdominal Subcutaneous WAT	lvl2_cell_types	Mural cells	MURAL CELLS	4	4	1.0	4	1.0	1.0
CAP	cap|3015	cap|3015|lvl2_cell_types	Human Adipose Tissue Atlas v1.0 — Abdominal Subcutaneous WAT	lvl2_cell_types	T & NK cells	T NK CELLS	4	4	1.0	4	1.0	1.0
CAP	cap|3015	cap|3015|lvl3_cell_types	Human Adipose Tissue Atlas v1.0 — Abdominal Subcutaneous WAT	lvl3_cell_types	Activated DCs	ACTIVATED DCS	5	4	0.8	4	1.0	1.0
CAP	cap|3015	cap|3015|lvl3_cell_types	Human Adipose Tissue Atlas v1.0 — Abdominal Subcutaneous WAT	lvl3_cell_types	Arterial ECs	ARTERIAL ECS	7	3	0.42857142857142855	4	1.0	1.0
CAP	cap|3015	cap|3015|lvl3_cell_types	Human Adipose Tissue Atlas v1.0 — Abdominal Subcutaneous WAT	lvl3_cell_types	B cells	B CELLS	3	3	1.0	11	1.0	1.0
CAP	cap|3015	cap|3015|lvl3_cell_types	Human Adipose Tissue Atlas v1.0 — Abdominal Subcutaneous WAT	lvl3_cell_types	Capillary ECs	CAPILLARY ECS	7	3	0.42857142857142855	4	1.0	1.0
CAP	cap|3015	cap|3015|lvl3_cell_types	Human Adipose Tissue Atlas v1.0 — Abdominal Subcutaneous WAT	lvl3_cell_types	CD14⁺CD16⁺ Monocytes	CD 14 CD 16 MONOCYTES	5	3	0.6	8	1.0	1.0
CAP	cap|3015	cap|3015|lvl3_cell_types	Human Adipose Tissue Atlas v1.0 — Abdominal Subcutaneous WAT	lvl3_cell_types	CD14⁺CD16⁻ Monocytes	CD 14 CD 16 MONOCYTES	4	2	0.5	8	1.0	1.0
CAP	cap|3015	cap|3015|lvl3_cell_types	Human Adipose Tissue Atlas v1.0 — Abdominal Subcutaneous WAT	lvl3_cell_types	CD14⁺S100A8/9⁺ Monocytes	CD 14 S 100 A 8 9 MONOCYTES	3	1	0.3333333333333333	4	1.0	1.0
CAP	cap|3015	cap|3015|lvl3_cell_types	Human Adipose Tissue Atlas v1.0 — Abdominal Subcutaneous WAT	lvl3_cell_types	CD4⁺ T cells	CD 4 T CELLS	5	2	0.4	4	1.0	1.0
CAP	cap|3015	cap|3015|lvl3_cell_types	Human Adipose Tissue Atlas v1.0 — Abdominal Subcutaneous WAT	lvl3_cell_types	CD56⁺CD16⁺ NK cells	CD 56 CD 16 NK CELLS	8	4	0.5	4	1.0	1.0
CAP	cap|3015	cap|3015|lvl3_cell_types	Human Adipose Tissue Atlas v1.0 — Abdominal Subcutaneous WAT	lvl3_cell_types	CD56⁺CD16⁻ Immature NK cells	CD 56 CD 16 IMMATURE NK CELLS	4	2	0.5	4	1.0	1.0
CAP	cap|3015	cap|3015|lvl3_cell_types	Human Adipose Tissue Atlas v1.0 — Abdominal Subcutaneous WAT	lvl3_cell_types	CD8⁺ T cells	CD 8 T CELLS	3	0	0.0	4	1.0	
CAP	cap|3015	cap|3015|lvl3_cell_types	Human Adipose Tissue Atlas v1.0 — Abdominal Subcutaneous WAT	lvl3_cell_types	cDC1	CDC 1	5	3	0.6	7	1.0	1.0
CAP	cap|3015	cap|3015|lvl3_cell_types	Human Adipose Tissue Atlas v1.0 — Abdominal Subcutaneous WAT	lvl3_cell_types	cDC2B	CDC 2 B	5	3	0.6	4	1.0	1.0
CAP	cap|3015	cap|3015|lvl3_cell_types	Human Adipose Tissue Atlas v1.0 — Abdominal Subcutaneous WAT	lvl3_cell_types	Cytotoxic CD8⁺ T cells	CYTOTOXIC CD 8 T CELLS	4	2	0.5	4	1.0	1.0
CAP	cap|3015	cap|3015|lvl3_cell_types	Human Adipose Tissue Atlas v1.0 — Abdominal Subcutaneous WAT	lvl3_cell_types	DPP4⁺ ASPCs	DPP 4 ASPCS	5	2	0.4	4	1.0	1.0
CAP	cap|3015	cap|3015|lvl3_cell_types	Human Adipose Tissue Atlas v1.0 — Abdominal Subcutaneous WAT	lvl3_cell_types	EPHA3⁺ ASPCs	EPHA 3 ASPCS	3	1	0.3333333333333333	4	1.0	1.0
CAP	cap|3015	cap|3015|lvl3_cell_types	Human Adipose Tissue Atlas v1.0 — Abdominal Subcutaneous WAT	lvl3_cell_types	IGFBP2⁺ ASPCs	IGFBP 2 ASPCS	3	1	0.3333333333333333	4	1.0	1.0
CAP	cap|3015	cap|3015|lvl3_cell_types	Human Adipose Tissue Atlas v1.0 — Abdominal Subcutaneous WAT	lvl3_cell_types	Inflammatory macrophages	INFLAMMATORY MACROPHAGES	5	3	0.6	4	1.0	1.0
CAP	cap|3015	cap|3015|lvl3_cell_types	Human Adipose Tissue Atlas v1.0 — Abdominal Subcutaneous WAT	lvl3_cell_types	LAMs	LAMS	5	3	0.6	4	1.0	1.0
CAP	cap|3015	cap|3015|lvl3_cell_types	Human Adipose Tissue Atlas v1.0 — Abdominal Subcutaneous WAT	lvl3_cell_types	Lymphatic ECs	LYMPHATIC ECS	6	1	0.16666666666666666	4	1.0	1.0
CAP	cap|3015	cap|3015|lvl3_cell_types	Human Adipose Tissue Atlas v1.0 — Abdominal Subcutaneous WAT	lvl3_cell_types	Memory CD4⁺ T cells	MEMORY CD 4 T CELLS	3	2	0.6666666666666666	4	1.0	1.0
CAP	cap|3015	cap|3015|lvl3_cell_types	Human Adipose Tissue Atlas v1.0 — Abdominal Subcutaneous WAT	lvl3_cell_types	Mucosal-associated invariant T cells	MUCOSAL ASSOCIATED INVARIANT T CELLS	5	2	0.4	4	1.0	1.0
CAP	cap|3015	cap|3015|lvl3_cell_types	Human Adipose Tissue Atlas v1.0 — Abdominal Subcutaneous WAT	lvl3_cell_types	Neutrophils	NEUTROPHILS	5	4	0.8	6	1.0	1.0
CAP	cap|3015	cap|3015|lvl3_cell_types	Human Adipose Tissue Atlas v1.0 — Abdominal Subcutaneous WAT	lvl3_cell_types	pDC	PDC	7	7	1.0	12	1.0	1.0
CAP	cap|3015	cap|3015|lvl3_cell_types	Human Adipose Tissue Atlas v1.0 — Abdominal Subcutaneous WAT	lvl3_cell_types	PPARG⁺ ASPCs	PPARG ASPCS	3	1	0.3333333333333333	4	1.0	1.0
CAP	cap|3015	cap|3015|lvl3_cell_types	Human Adipose Tissue Atlas v1.0 — Abdominal Subcutaneous WAT	lvl3_cell_types	Proliferating T cells	PROLIFERATING T CELLS	3	1	0.3333333333333333	4	1.0	1.0
CAP	cap|3015	cap|3015|lvl3_cell_types	Human Adipose Tissue Atlas v1.0 — Abdominal Subcutaneous WAT	lvl3_cell_types	PVMs	PVMS	5	2	0.4	4	1.0	1.0
CAP	cap|3015	cap|3015|lvl3_cell_types	Human Adipose Tissue Atlas v1.0 — Abdominal Subcutaneous WAT	lvl3_cell_types	TENM2⁺ ASPCs	TENM 2 ASPCS	4	3	0.75	4	1.0	1.0
CAP	cap|3015	cap|3015|lvl3_cell_types	Human Adipose Tissue Atlas v1.0 — Abdominal Subcutaneous WAT	lvl3_cell_types	Treg cells	TREG CELLS	5	3	0.6	4	1.0	1.0
CAP	cap|3015	cap|3015|lvl3_cell_types	Human Adipose Tissue Atlas v1.0 — Abdominal Subcutaneous WAT	lvl3_cell_types	Venous ECs	VENOUS ECS	5	1	0.2	4	1.0	1.0
CAP	cap|3016	cap|3016|lvl2_cell_types	Human Adipose Tissue Atlas v1.0 — Lymphoid cells	lvl2_cell_types	B cells	B CELLS	5	5	1.0	11	1.0	1.0
CAP	cap|3016	cap|3016|lvl2_cell_types	Human Adipose Tissue Atlas v1.0 — Lymphoid cells	lvl2_cell_types	T & NK cells	T NK CELLS	4	4	1.0	4	1.0	1.0
CAP	cap|3016	cap|3016|lvl3_cell_types	Human Adipose Tissue Atlas v1.0 — Lymphoid cells	lvl3_cell_types	B cells	B CELLS	3	3	1.0	11	1.0	1.0
CAP	cap|3016	cap|3016|lvl3_cell_types	Human Adipose Tissue Atlas v1.0 — Lymphoid cells	lvl3_cell_types	CD4⁺ T cells	CD 4 T CELLS	5	2	0.4	4	1.0	1.0
CAP	cap|3016	cap|3016|lvl3_cell_types	Human Adipose Tissue Atlas v1.0 — Lymphoid cells	lvl3_cell_types	CD56⁺CD16⁺ NK cells	CD 56 CD 16 NK CELLS	8	5	0.625	4	1.0	1.0
CAP	cap|3016	cap|3016|lvl3_cell_types	Human Adipose Tissue Atlas v1.0 — Lymphoid cells	lvl3_cell_types	CD56⁺CD16⁻ Immature NK cells	CD 56 CD 16 IMMATURE NK CELLS	4	2	0.5	4	1.0	1.0
CAP	cap|3016	cap|3016|lvl3_cell_types	Human Adipose Tissue Atlas v1.0 — Lymphoid cells	lvl3_cell_types	CD8⁺ T cells	CD 8 T CELLS	3	0	0.0	4	1.0	
CAP	cap|3016	cap|3016|lvl3_cell_types	Human Adipose Tissue Atlas v1.0 — Lymphoid cells	lvl3_cell_types	Cytotoxic CD8⁺ T cells	CYTOTOXIC CD 8 T CELLS	4	2	0.5	4	1.0	1.0
CAP	cap|3016	cap|3016|lvl3_cell_types	Human Adipose Tissue Atlas v1.0 — Lymphoid cells	lvl3_cell_types	Memory CD4⁺ T cells	MEMORY CD 4 T CELLS	3	2	0.6666666666666666	4	1.0	1.0
CAP	cap|3016	cap|3016|lvl3_cell_types	Human Adipose Tissue Atlas v1.0 — Lymphoid cells	lvl3_cell_types	Mucosal-associated invariant T cells	MUCOSAL ASSOCIATED INVARIANT T CELLS	5	2	0.4	4	1.0	1.0
CAP	cap|3016	cap|3016|lvl3_cell_types	Human Adipose Tissue Atlas v1.0 — Lymphoid cells	lvl3_cell_types	Proliferating T cells	PROLIFERATING T CELLS	3	1	0.3333333333333333	4	1.0	1.0
CAP	cap|3016	cap|3016|lvl3_cell_types	Human Adipose Tissue Atlas v1.0 — Lymphoid cells	lvl3_cell_types	Treg cells	TREG CELLS	5	3	0.6	4	1.0	1.0
CAP	cap|3017	cap|3017|lvl2_cell_types	Human Adipose Tissue Atlas v1.0 — Myeloid cells	lvl2_cell_types	Macrophages & Monocytes	MACROPHAGES MONOCYTES	3	3	1.0	5	1.0	1.0
CAP	cap|3017	cap|3017|lvl3_cell_types	Human Adipose Tissue Atlas v1.0 — Myeloid cells	lvl3_cell_types	Activated DCs	ACTIVATED DCS	5	4	0.8	4	1.0	1.0
CAP	cap|3017	cap|3017|lvl3_cell_types	Human Adipose Tissue Atlas v1.0 — Myeloid cells	lvl3_cell_types	CD14⁺CD16⁺ Monocytes	CD 14 CD 16 MONOCYTES	5	4	0.8	8	1.0	1.0
CAP	cap|3017	cap|3017|lvl3_cell_types	Human Adipose Tissue Atlas v1.0 — Myeloid cells	lvl3_cell_types	CD14⁺CD16⁻ Monocytes	CD 14 CD 16 MONOCYTES	4	2	0.5	8	1.0	1.0
CAP	cap|3017	cap|3017|lvl3_cell_types	Human Adipose Tissue Atlas v1.0 — Myeloid cells	lvl3_cell_types	CD14⁺S100A8/9⁺ Monocytes	CD 14 S 100 A 8 9 MONOCYTES	3	1	0.3333333333333333	4	1.0	1.0
CAP	cap|3017	cap|3017|lvl3_cell_types	Human Adipose Tissue Atlas v1.0 — Myeloid cells	lvl3_cell_types	cDC1	CDC 1	5	4	0.8	7	1.0	1.0
CAP	cap|3017	cap|3017|lvl3_cell_types	Human Adipose Tissue Atlas v1.0 — Myeloid cells	lvl3_cell_types	cDC2B	CDC 2 B	5	3	0.6	4	1.0	1.0
CAP	cap|3017	cap|3017|lvl3_cell_types	Human Adipose Tissue Atlas v1.0 — Myeloid cells	lvl3_cell_types	Inflammatory macrophages	INFLAMMATORY MACROPHAGES	5	3	0.6	4	1.0	1.0
CAP	cap|3017	cap|3017|lvl3_cell_types	Human Adipose Tissue Atlas v1.0 — Myeloid cells	lvl3_cell_types	LAMs	LAMS	5	3	0.6	4	1.0	1.0
CAP	cap|3017	cap|3017|lvl3_cell_types	Human Adipose Tissue Atlas v1.0 — Myeloid cells	lvl3_cell_types	Neutrophils	NEUTROPHILS	5	4	0.8	6	1.0	1.0
CAP	cap|3017	cap|3017|lvl3_cell_types	Human Adipose Tissue Atlas v1.0 — Myeloid cells	lvl3_cell_types	pDC	PDC	7	7	1.0	12	1.0	1.0
CAP	cap|3017	cap|3017|lvl3_cell_types	Human Adipose Tissue Atlas v1.0 — Myeloid cells	lvl3_cell_types	PVMs	PVMS	5	3	0.6	4	1.0	1.0
CAP	cap|3018	cap|3018|lvl2_cell_types	Human Adipose Tissue Atlas v1.0 — Cervical Subcutaneous WAT	lvl2_cell_types	B cells	B CELLS	5	5	1.0	11	1.0	1.0
CAP	cap|3018	cap|3018|lvl2_cell_types	Human Adipose Tissue Atlas v1.0 — Cervical Subcutaneous WAT	lvl2_cell_types	ECs	ECS	4	4	1.0	4	1.0	1.0
CAP	cap|3018	cap|3018|lvl2_cell_types	Human Adipose Tissue Atlas v1.0 — Cervical Subcutaneous WAT	lvl2_cell_types	Macrophages & Monocytes	MACROPHAGES MONOCYTES	3	3	1.0	5	1.0	1.0
CAP	cap|3018	cap|3018|lvl2_cell_types	Human Adipose Tissue Atlas v1.0 — Cervical Subcutaneous WAT	lvl2_cell_types	Mural cells	MURAL CELLS	4	4	1.0	4	1.0	1.0
CAP	cap|3018	cap|3018|lvl2_cell_types	Human Adipose Tissue Atlas v1.0 — Cervical Subcutaneous WAT	lvl2_cell_types	T & NK cells	T NK CELLS	4	4	1.0	4	1.0	1.0
CAP	cap|3018	cap|3018|lvl3_cell_types	Human Adipose Tissue Atlas v1.0 — Cervical Subcutaneous WAT	lvl3_cell_types	Activated DCs	ACTIVATED DCS	5	4	0.8	4	1.0	1.0
CAP	cap|3018	cap|3018|lvl3_cell_types	Human Adipose Tissue Atlas v1.0 — Cervical Subcutaneous WAT	lvl3_cell_types	Arterial ECs	ARTERIAL ECS	7	3	0.42857142857142855	4	1.0	1.0
CAP	cap|3018	cap|3018|lvl3_cell_types	Human Adipose Tissue Atlas v1.0 — Cervical Subcutaneous WAT	lvl3_cell_types	B cells	B CELLS	3	3	1.0	11	1.0	1.0
CAP	cap|3018	cap|3018|lvl3_cell_types	Human Adipose Tissue Atlas v1.0 — Cervical Subcutaneous WAT	lvl3_cell_types	Capillary ECs	CAPILLARY ECS	7	3	0.42857142857142855	4	1.0	1.0
CAP	cap|3018	cap|3018|lvl3_cell_types	Human Adipose Tissue Atlas v1.0 — Cervical Subcutaneous WAT	lvl3_cell_types	CD14⁺CD16⁺ Monocytes	CD 14 CD 16 MONOCYTES	5	3	0.6	8	1.0	1.0
CAP	cap|3018	cap|3018|lvl3_cell_types	Human Adipose Tissue Atlas v1.0 — Cervical Subcutaneous WAT	lvl3_cell_types	CD14⁺CD16⁻ Monocytes	CD 14 CD 16 MONOCYTES	4	2	0.5	8	1.0	1.0
CAP	cap|3018	cap|3018|lvl3_cell_types	Human Adipose Tissue Atlas v1.0 — Cervical Subcutaneous WAT	lvl3_cell_types	CD14⁺S100A8/9⁺ Monocytes	CD 14 S 100 A 8 9 MONOCYTES	3	1	0.3333333333333333	4	1.0	1.0
CAP	cap|3018	cap|3018|lvl3_cell_types	Human Adipose Tissue Atlas v1.0 — Cervical Subcutaneous WAT	lvl3_cell_types	CD4⁺ T cells	CD 4 T CELLS	5	2	0.4	4	1.0	1.0
CAP	cap|3018	cap|3018|lvl3_cell_types	Human Adipose Tissue Atlas v1.0 — Cervical Subcutaneous WAT	lvl3_cell_types	CD56⁺CD16⁺ NK cells	CD 56 CD 16 NK CELLS	8	4	0.5	4	1.0	1.0
CAP	cap|3018	cap|3018|lvl3_cell_types	Human Adipose Tissue Atlas v1.0 — Cervical Subcutaneous WAT	lvl3_cell_types	CD56⁺CD16⁻ Immature NK cells	CD 56 CD 16 IMMATURE NK CELLS	4	2	0.5	4	1.0	1.0
CAP	cap|3018	cap|3018|lvl3_cell_types	Human Adipose Tissue Atlas v1.0 — Cervical Subcutaneous WAT	lvl3_cell_types	CD8⁺ T cells	CD 8 T CELLS	3	0	0.0	4	1.0	
CAP	cap|3018	cap|3018|lvl3_cell_types	Human Adipose Tissue Atlas v1.0 — Cervical Subcutaneous WAT	lvl3_cell_types	cDC1	CDC 1	5	3	0.6	7	1.0	1.0
CAP	cap|3018	cap|3018|lvl3_cell_types	Human Adipose Tissue Atlas v1.0 — Cervical Subcutaneous WAT	lvl3_cell_types	cDC2B	CDC 2 B	5	3	0.6	4	1.0	1.0
CAP	cap|3018	cap|3018|lvl3_cell_types	Human Adipose Tissue Atlas v1.0 — Cervical Subcutaneous WAT	lvl3_cell_types	Cytotoxic CD8⁺ T cells	CYTOTOXIC CD 8 T CELLS	4	2	0.5	4	1.0	1.0
CAP	cap|3018	cap|3018|lvl3_cell_types	Human Adipose Tissue Atlas v1.0 — Cervical Subcutaneous WAT	lvl3_cell_types	DPP4⁺ ASPCs	DPP 4 ASPCS	5	2	0.4	4	1.0	1.0
CAP	cap|3018	cap|3018|lvl3_cell_types	Human Adipose Tissue Atlas v1.0 — Cervical Subcutaneous WAT	lvl3_cell_types	EPHA3⁺ ASPCs	EPHA 3 ASPCS	3	1	0.3333333333333333	4	1.0	1.0
CAP	cap|3018	cap|3018|lvl3_cell_types	Human Adipose Tissue Atlas v1.0 — Cervical Subcutaneous WAT	lvl3_cell_types	IGFBP2⁺ ASPCs	IGFBP 2 ASPCS	3	1	0.3333333333333333	4	1.0	1.0
CAP	cap|3018	cap|3018|lvl3_cell_types	Human Adipose Tissue Atlas v1.0 — Cervical Subcutaneous WAT	lvl3_cell_types	Inflammatory macrophages	INFLAMMATORY MACROPHAGES	5	3	0.6	4	1.0	1.0
CAP	cap|3018	cap|3018|lvl3_cell_types	Human Adipose Tissue Atlas v1.0 — Cervical Subcutaneous WAT	lvl3_cell_types	LAMs	LAMS	5	3	0.6	4	1.0	1.0
CAP	cap|3018	cap|3018|lvl3_cell_types	Human Adipose Tissue Atlas v1.0 — Cervical Subcutaneous WAT	lvl3_cell_types	Lymphatic ECs	LYMPHATIC ECS	6	1	0.16666666666666666	4	1.0	1.0
CAP	cap|3018	cap|3018|lvl3_cell_types	Human Adipose Tissue Atlas v1.0 — Cervical Subcutaneous WAT	lvl3_cell_types	Memory CD4⁺ T cells	MEMORY CD 4 T CELLS	3	2	0.6666666666666666	4	1.0	1.0
CAP	cap|3018	cap|3018|lvl3_cell_types	Human Adipose Tissue Atlas v1.0 — Cervical Subcutaneous WAT	lvl3_cell_types	Mucosal-associated invariant T cells	MUCOSAL ASSOCIATED INVARIANT T CELLS	5	2	0.4	4	1.0	1.0
CAP	cap|3018	cap|3018|lvl3_cell_types	Human Adipose Tissue Atlas v1.0 — Cervical Subcutaneous WAT	lvl3_cell_types	Neutrophils	NEUTROPHILS	5	4	0.8	6	1.0	1.0
CAP	cap|3018	cap|3018|lvl3_cell_types	Human Adipose Tissue Atlas v1.0 — Cervical Subcutaneous WAT	lvl3_cell_types	pDC	PDC	7	7	1.0	12	1.0	1.0
CAP	cap|3018	cap|3018|lvl3_cell_types	Human Adipose Tissue Atlas v1.0 — Cervical Subcutaneous WAT	lvl3_cell_types	PPARG⁺ ASPCs	PPARG ASPCS	3	1	0.3333333333333333	4	1.0	1.0
CAP	cap|3018	cap|3018|lvl3_cell_types	Human Adipose Tissue Atlas v1.0 — Cervical Subcutaneous WAT	lvl3_cell_types	Proliferating T cells	PROLIFERATING T CELLS	3	1	0.3333333333333333	4	1.0	1.0
CAP	cap|3018	cap|3018|lvl3_cell_types	Human Adipose Tissue Atlas v1.0 — Cervical Subcutaneous WAT	lvl3_cell_types	PVMs	PVMS	5	2	0.4	4	1.0	1.0
CAP	cap|3018	cap|3018|lvl3_cell_types	Human Adipose Tissue Atlas v1.0 — Cervical Subcutaneous WAT	lvl3_cell_types	TENM2⁺ ASPCs	TENM 2 ASPCS	4	3	0.75	4	1.0	1.0
CAP	cap|3018	cap|3018|lvl3_cell_types	Human Adipose Tissue Atlas v1.0 — Cervical Subcutaneous WAT	lvl3_cell_types	Treg cells	TREG CELLS	5	3	0.6	4	1.0	1.0
CAP	cap|3018	cap|3018|lvl3_cell_types	Human Adipose Tissue Atlas v1.0 — Cervical Subcutaneous WAT	lvl3_cell_types	Venous ECs	VENOUS ECS	5	1	0.2	4	1.0	1.0
CAP	cap|3019	cap|3019|lvl2_cell_types	Human Adipose Tissue Atlas v1.0 — Abdominal Visceral WAT	lvl2_cell_types	B cells	B CELLS	5	5	1.0	11	1.0	1.0
CAP	cap|3019	cap|3019|lvl2_cell_types	Human Adipose Tissue Atlas v1.0 — Abdominal Visceral WAT	lvl2_cell_types	ECs	ECS	4	4	1.0	4	1.0	1.0
CAP	cap|3019	cap|3019|lvl2_cell_types	Human Adipose Tissue Atlas v1.0 — Abdominal Visceral WAT	lvl2_cell_types	Macrophages & Monocytes	MACROPHAGES MONOCYTES	3	3	1.0	5	1.0	1.0
CAP	cap|3019	cap|3019|lvl2_cell_types	Human Adipose Tissue Atlas v1.0 — Abdominal Visceral WAT	lvl2_cell_types	Mesothelial cells	MESOTHELIAL CELLS	3	3	1.0	6	1.0	1.0
CAP	cap|3019	cap|3019|lvl2_cell_types	Human Adipose Tissue Atlas v1.0 — Abdominal Visceral WAT	lvl2_cell_types	Mural cells	MURAL CELLS	4	4	1.0	4	1.0	1.0
CAP	cap|3019	cap|3019|lvl2_cell_types	Human Adipose Tissue Atlas v1.0 — Abdominal Visceral WAT	lvl2_cell_types	T & NK cells	T NK CELLS	4	4	1.0	4	1.0	1.0
CAP	cap|3019	cap|3019|lvl3_cell_types	Human Adipose Tissue Atlas v1.0 — Abdominal Visceral WAT	lvl3_cell_types	Activated DCs	ACTIVATED DCS	5	4	0.8	4	1.0	1.0
CAP	cap|3019	cap|3019|lvl3_cell_types	Human Adipose Tissue Atlas v1.0 — Abdominal Visceral WAT	lvl3_cell_types	Arterial ECs	ARTERIAL ECS	7	3	0.42857142857142855	4	1.0	1.0
CAP	cap|3019	cap|3019|lvl3_cell_types	Human Adipose Tissue Atlas v1.0 — Abdominal Visceral WAT	lvl3_cell_types	B cells	B CELLS	3	3	1.0	11	1.0	1.0
CAP	cap|3019	cap|3019|lvl3_cell_types	Human Adipose Tissue Atlas v1.0 — Abdominal Visceral WAT	lvl3_cell_types	Capillary ECs	CAPILLARY ECS	7	3	0.42857142857142855	4	1.0	1.0
CAP	cap|3019	cap|3019|lvl3_cell_types	Human Adipose Tissue Atlas v1.0 — Abdominal Visceral WAT	lvl3_cell_types	CD14⁺CD16⁺ Monocytes	CD 14 CD 16 MONOCYTES	5	3	0.6	8	1.0	1.0
CAP	cap|3019	cap|3019|lvl3_cell_types	Human Adipose Tissue Atlas v1.0 — Abdominal Visceral WAT	lvl3_cell_types	CD14⁺CD16⁻ Monocytes	CD 14 CD 16 MONOCYTES	4	2	0.5	8	1.0	1.0
CAP	cap|3019	cap|3019|lvl3_cell_types	Human Adipose Tissue Atlas v1.0 — Abdominal Visceral WAT	lvl3_cell_types	CD14⁺S100A8/9⁺ Monocytes	CD 14 S 100 A 8 9 MONOCYTES	3	1	0.3333333333333333	4	1.0	1.0
CAP	cap|3019	cap|3019|lvl3_cell_types	Human Adipose Tissue Atlas v1.0 — Abdominal Visceral WAT	lvl3_cell_types	CD4⁺ T cells	CD 4 T CELLS	5	2	0.4	4	1.0	1.0
CAP	cap|3019	cap|3019|lvl3_cell_types	Human Adipose Tissue Atlas v1.0 — Abdominal Visceral WAT	lvl3_cell_types	CD56⁺CD16⁺ NK cells	CD 56 CD 16 NK CELLS	8	4	0.5	4	1.0	1.0
CAP	cap|3019	cap|3019|lvl3_cell_types	Human Adipose Tissue Atlas v1.0 — Abdominal Visceral WAT	lvl3_cell_types	CD56⁺CD16⁻ Immature NK cells	CD 56 CD 16 IMMATURE NK CELLS	4	2	0.5	4	1.0	1.0
CAP	cap|3019	cap|3019|lvl3_cell_types	Human Adipose Tissue Atlas v1.0 — Abdominal Visceral WAT	lvl3_cell_types	CD8⁺ T cells	CD 8 T CELLS	3	0	0.0	4	1.0	
CAP	cap|3019	cap|3019|lvl3_cell_types	Human Adipose Tissue Atlas v1.0 — Abdominal Visceral WAT	lvl3_cell_types	cDC1	CDC 1	5	3	0.6	7	1.0	1.0
CAP	cap|3019	cap|3019|lvl3_cell_types	Human Adipose Tissue Atlas v1.0 — Abdominal Visceral WAT	lvl3_cell_types	cDC2B	CDC 2 B	5	3	0.6	4	1.0	1.0
CAP	cap|3019	cap|3019|lvl3_cell_types	Human Adipose Tissue Atlas v1.0 — Abdominal Visceral WAT	lvl3_cell_types	Cytotoxic CD8⁺ T cells	CYTOTOXIC CD 8 T CELLS	4	2	0.5	4	1.0	1.0
CAP	cap|3019	cap|3019|lvl3_cell_types	Human Adipose Tissue Atlas v1.0 — Abdominal Visceral WAT	lvl3_cell_types	DPP4⁺ ASPCs	DPP 4 ASPCS	5	2	0.4	4	1.0	1.0
CAP	cap|3019	cap|3019|lvl3_cell_types	Human Adipose Tissue Atlas v1.0 — Abdominal Visceral WAT	lvl3_cell_types	EPHA3⁺ ASPCs	EPHA 3 ASPCS	3	1	0.3333333333333333	4	1.0	1.0
CAP	cap|3019	cap|3019|lvl3_cell_types	Human Adipose Tissue Atlas v1.0 — Abdominal Visceral WAT	lvl3_cell_types	IGFBP2⁺ ASPCs	IGFBP 2 ASPCS	3	1	0.3333333333333333	4	1.0	1.0
CAP	cap|3019	cap|3019|lvl3_cell_types	Human Adipose Tissue Atlas v1.0 — Abdominal Visceral WAT	lvl3_cell_types	Inflammatory macrophages	INFLAMMATORY MACROPHAGES	5	3	0.6	4	1.0	1.0
CAP	cap|3019	cap|3019|lvl3_cell_types	Human Adipose Tissue Atlas v1.0 — Abdominal Visceral WAT	lvl3_cell_types	LAMs	LAMS	5	3	0.6	4	1.0	1.0
CAP	cap|3019	cap|3019|lvl3_cell_types	Human Adipose Tissue Atlas v1.0 — Abdominal Visceral WAT	lvl3_cell_types	Lymphatic ECs	LYMPHATIC ECS	6	1	0.16666666666666666	4	1.0	1.0
CAP	cap|3019	cap|3019|lvl3_cell_types	Human Adipose Tissue Atlas v1.0 — Abdominal Visceral WAT	lvl3_cell_types	Memory CD4⁺ T cells	MEMORY CD 4 T CELLS	3	2	0.6666666666666666	4	1.0	1.0
CAP	cap|3019	cap|3019|lvl3_cell_types	Human Adipose Tissue Atlas v1.0 — Abdominal Visceral WAT	lvl3_cell_types	Mesothelial cells	MESOTHELIAL CELLS	3	3	1.0	6	1.0	1.0
CAP	cap|3019	cap|3019|lvl3_cell_types	Human Adipose Tissue Atlas v1.0 — Abdominal Visceral WAT	lvl3_cell_types	Mucosal-associated invariant T cells	MUCOSAL ASSOCIATED INVARIANT T CELLS	5	2	0.4	4	1.0	1.0
CAP	cap|3019	cap|3019|lvl3_cell_types	Human Adipose Tissue Atlas v1.0 — Abdominal Visceral WAT	lvl3_cell_types	Neutrophils	NEUTROPHILS	5	4	0.8	6	1.0	1.0
CAP	cap|3019	cap|3019|lvl3_cell_types	Human Adipose Tissue Atlas v1.0 — Abdominal Visceral WAT	lvl3_cell_types	pDC	PDC	7	7	1.0	12	1.0	1.0
CAP	cap|3019	cap|3019|lvl3_cell_types	Human Adipose Tissue Atlas v1.0 — Abdominal Visceral WAT	lvl3_cell_types	PPARG⁺ ASPCs	PPARG ASPCS	3	1	0.3333333333333333	4	1.0	1.0
CAP	cap|3019	cap|3019|lvl3_cell_types	Human Adipose Tissue Atlas v1.0 — Abdominal Visceral WAT	lvl3_cell_types	Proliferating T cells	PROLIFERATING T CELLS	3	1	0.3333333333333333	4	1.0	1.0
CAP	cap|3019	cap|3019|lvl3_cell_types	Human Adipose Tissue Atlas v1.0 — Abdominal Visceral WAT	lvl3_cell_types	PVMs	PVMS	5	2	0.4	4	1.0	1.0
CAP	cap|3019	cap|3019|lvl3_cell_types	Human Adipose Tissue Atlas v1.0 — Abdominal Visceral WAT	lvl3_cell_types	TENM2⁺ ASPCs	TENM 2 ASPCS	4	3	0.75	4	1.0	1.0
CAP	cap|3019	cap|3019|lvl3_cell_types	Human Adipose Tissue Atlas v1.0 — Abdominal Visceral WAT	lvl3_cell_types	Treg cells	TREG CELLS	5	3	0.6	4	1.0	1.0
CAP	cap|3019	cap|3019|lvl3_cell_types	Human Adipose Tissue Atlas v1.0 — Abdominal Visceral WAT	lvl3_cell_types	Venous ECs	VENOUS ECS	5	1	0.2	4	1.0	1.0
CAP	cap|3021	cap|3021|lvl2_cell_types	Human Adipose Tissue Atlas v1.0 — All cells	lvl2_cell_types	B cells	B CELLS	5	5	1.0	11	1.0	1.0
CAP	cap|3021	cap|3021|lvl2_cell_types	Human Adipose Tissue Atlas v1.0 — All cells	lvl2_cell_types	ECs	ECS	4	4	1.0	4	1.0	1.0
CAP	cap|3021	cap|3021|lvl2_cell_types	Human Adipose Tissue Atlas v1.0 — All cells	lvl2_cell_types	Macrophages & Monocytes	MACROPHAGES MONOCYTES	3	3	1.0	5	1.0	1.0
CAP	cap|3021	cap|3021|lvl2_cell_types	Human Adipose Tissue Atlas v1.0 — All cells	lvl2_cell_types	Mesothelial cells	MESOTHELIAL CELLS	3	3	1.0	6	1.0	1.0
CAP	cap|3021	cap|3021|lvl2_cell_types	Human Adipose Tissue Atlas v1.0 — All cells	lvl2_cell_types	Mural cells	MURAL CELLS	4	4	1.0	4	1.0	1.0
CAP	cap|3021	cap|3021|lvl2_cell_types	Human Adipose Tissue Atlas v1.0 — All cells	lvl2_cell_types	T & NK cells	T NK CELLS	4	4	1.0	4	1.0	1.0
CAP	cap|3021	cap|3021|lvl3_cell_types	Human Adipose Tissue Atlas v1.0 — All cells	lvl3_cell_types	Activated DCs	ACTIVATED DCS	5	4	0.8	4	1.0	1.0
CAP	cap|3021	cap|3021|lvl3_cell_types	Human Adipose Tissue Atlas v1.0 — All cells	lvl3_cell_types	Arterial ECs	ARTERIAL ECS	7	3	0.42857142857142855	4	1.0	1.0
CAP	cap|3021	cap|3021|lvl3_cell_types	Human Adipose Tissue Atlas v1.0 — All cells	lvl3_cell_types	B cells	B CELLS	3	3	1.0	11	1.0	1.0
CAP	cap|3021	cap|3021|lvl3_cell_types	Human Adipose Tissue Atlas v1.0 — All cells	lvl3_cell_types	Capillary ECs	CAPILLARY ECS	7	3	0.42857142857142855	4	1.0	1.0
CAP	cap|3021	cap|3021|lvl3_cell_types	Human Adipose Tissue Atlas v1.0 — All cells	lvl3_cell_types	CD14⁺CD16⁺ Monocytes	CD 14 CD 16 MONOCYTES	5	3	0.6	8	1.0	1.0
CAP	cap|3021	cap|3021|lvl3_cell_types	Human Adipose Tissue Atlas v1.0 — All cells	lvl3_cell_types	CD14⁺CD16⁻ Monocytes	CD 14 CD 16 MONOCYTES	4	2	0.5	8	1.0	1.0
CAP	cap|3021	cap|3021|lvl3_cell_types	Human Adipose Tissue Atlas v1.0 — All cells	lvl3_cell_types	CD14⁺S100A8/9⁺ Monocytes	CD 14 S 100 A 8 9 MONOCYTES	3	1	0.3333333333333333	4	1.0	1.0
CAP	cap|3021	cap|3021|lvl3_cell_types	Human Adipose Tissue Atlas v1.0 — All cells	lvl3_cell_types	CD4⁺ T cells	CD 4 T CELLS	5	2	0.4	4	1.0	1.0
CAP	cap|3021	cap|3021|lvl3_cell_types	Human Adipose Tissue Atlas v1.0 — All cells	lvl3_cell_types	CD56⁺CD16⁺ NK cells	CD 56 CD 16 NK CELLS	8	4	0.5	4	1.0	1.0
CAP	cap|3021	cap|3021|lvl3_cell_types	Human Adipose Tissue Atlas v1.0 — All cells	lvl3_cell_types	CD56⁺CD16⁻ Immature NK cells	CD 56 CD 16 IMMATURE NK CELLS	4	2	0.5	4	1.0	1.0
CAP	cap|3021	cap|3021|lvl3_cell_types	Human Adipose Tissue Atlas v1.0 — All cells	lvl3_cell_types	CD8⁺ T cells	CD 8 T CELLS	3	0	0.0	4	1.0	
CAP	cap|3021	cap|3021|lvl3_cell_types	Human Adipose Tissue Atlas v1.0 — All cells	lvl3_cell_types	cDC1	CDC 1	5	3	0.6	7	1.0	1.0
CAP	cap|3021	cap|3021|lvl3_cell_types	Human Adipose Tissue Atlas v1.0 — All cells	lvl3_cell_types	cDC2B	CDC 2 B	5	3	0.6	4	1.0	1.0
CAP	cap|3021	cap|3021|lvl3_cell_types	Human Adipose Tissue Atlas v1.0 — All cells	lvl3_cell_types	Cytotoxic CD8⁺ T cells	CYTOTOXIC CD 8 T CELLS	4	2	0.5	4	1.0	1.0
CAP	cap|3021	cap|3021|lvl3_cell_types	Human Adipose Tissue Atlas v1.0 — All cells	lvl3_cell_types	DPP4⁺ ASPCs	DPP 4 ASPCS	5	2	0.4	4	1.0	1.0
CAP	cap|3021	cap|3021|lvl3_cell_types	Human Adipose Tissue Atlas v1.0 — All cells	lvl3_cell_types	EPHA3⁺ ASPCs	EPHA 3 ASPCS	3	1	0.3333333333333333	4	1.0	1.0
CAP	cap|3021	cap|3021|lvl3_cell_types	Human Adipose Tissue Atlas v1.0 — All cells	lvl3_cell_types	IGFBP2⁺ ASPCs	IGFBP 2 ASPCS	3	1	0.3333333333333333	4	1.0	1.0
CAP	cap|3021	cap|3021|lvl3_cell_types	Human Adipose Tissue Atlas v1.0 — All cells	lvl3_cell_types	Inflammatory macrophages	INFLAMMATORY MACROPHAGES	5	3	0.6	4	1.0	1.0
CAP	cap|3021	cap|3021|lvl3_cell_types	Human Adipose Tissue Atlas v1.0 — All cells	lvl3_cell_types	LAMs	LAMS	5	3	0.6	4	1.0	1.0
CAP	cap|3021	cap|3021|lvl3_cell_types	Human Adipose Tissue Atlas v1.0 — All cells	lvl3_cell_types	Lymphatic ECs	LYMPHATIC ECS	6	1	0.16666666666666666	4	1.0	1.0
CAP	cap|3021	cap|3021|lvl3_cell_types	Human Adipose Tissue Atlas v1.0 — All cells	lvl3_cell_types	Memory CD4⁺ T cells	MEMORY CD 4 T CELLS	3	2	0.6666666666666666	4	1.0	1.0
CAP	cap|3021	cap|3021|lvl3_cell_types	Human Adipose Tissue Atlas v1.0 — All cells	lvl3_cell_types	Mesothelial cells	MESOTHELIAL CELLS	3	3	1.0	6	1.0	1.0
CAP	cap|3021	cap|3021|lvl3_cell_types	Human Adipose Tissue Atlas v1.0 — All cells	lvl3_cell_types	Mucosal-associated invariant T cells	MUCOSAL ASSOCIATED INVARIANT T CELLS	5	2	0.4	4	1.0	1.0
CAP	cap|3021	cap|3021|lvl3_cell_types	Human Adipose Tissue Atlas v1.0 — All cells	lvl3_cell_types	Neutrophils	NEUTROPHILS	5	4	0.8	6	1.0	1.0
CAP	cap|3021	cap|3021|lvl3_cell_types	Human Adipose Tissue Atlas v1.0 — All cells	lvl3_cell_types	pDC	PDC	7	7	1.0	12	1.0	1.0
CAP	cap|3021	cap|3021|lvl3_cell_types	Human Adipose Tissue Atlas v1.0 — All cells	lvl3_cell_types	PPARG⁺ ASPCs	PPARG ASPCS	3	1	0.3333333333333333	4	1.0	1.0
CAP	cap|3021	cap|3021|lvl3_cell_types	Human Adipose Tissue Atlas v1.0 — All cells	lvl3_cell_types	Proliferating T cells	PROLIFERATING T CELLS	3	1	0.3333333333333333	4	1.0	1.0
CAP	cap|3021	cap|3021|lvl3_cell_types	Human Adipose Tissue Atlas v1.0 — All cells	lvl3_cell_types	PVMs	PVMS	5	2	0.4	4	1.0	1.0
CAP	cap|3021	cap|3021|lvl3_cell_types	Human Adipose Tissue Atlas v1.0 — All cells	lvl3_cell_types	TENM2⁺ ASPCs	TENM 2 ASPCS	4	3	0.75	4	1.0	1.0
CAP	cap|3021	cap|3021|lvl3_cell_types	Human Adipose Tissue Atlas v1.0 — All cells	lvl3_cell_types	Treg cells	TREG CELLS	5	3	0.6	4	1.0	1.0
CAP	cap|3021	cap|3021|lvl3_cell_types	Human Adipose Tissue Atlas v1.0 — All cells	lvl3_cell_types	Venous ECs	VENOUS ECS	5	1	0.2	4	1.0	1.0
CAP	cap|3052	cap|3052|author_cell_type	scRNA-seq of the human retinal pigment epithelium and the choroid	author_cell_type	Macrophages_MRC1	MACROPHAGES MRC 1	4	2	0.5	0		
CAP	cap|3052	cap|3052|author_cell_type	scRNA-seq of the human retinal pigment epithelium and the choroid	author_cell_type	Macrophages_PLTP	MACROPHAGES PLTP	4	2	0.5	0		
CAP	cap|3052	cap|3052|author_cell_type	scRNA-seq of the human retinal pigment epithelium and the choroid	author_cell_type	Monocytes_FCN1	MONOCYTES FCN 1	3	3	1.0	0		
CAP	cap|3052	cap|3052|author_cell_type	scRNA-seq of the human retinal pigment epithelium and the choroid	author_cell_type	NK_cells_GNLY	NK CELLS GNLY	3	2	0.6666666666666666	0		
CAP	cap|3052	cap|3052|author_cell_type	scRNA-seq of the human retinal pigment epithelium and the choroid	author_cell_type	NK_cells_XCL1	NK CELLS XCL 1	3	2	0.6666666666666666	0		
CAP	cap|3052	cap|3052|author_cell_type	scRNA-seq of the human retinal pigment epithelium and the choroid	author_cell_type	Pericytes	PERICYTES	5	5	1.0	7	1.0	1.0
CAP	cap|3052	cap|3052|author_cell_type	scRNA-seq of the human retinal pigment epithelium and the choroid	author_cell_type	RPE_CDK2AP2	RPE CDK 2 AP 2	3	3	1.0	0		
CAP	cap|3052	cap|3052|author_cell_type	scRNA-seq of the human retinal pigment epithelium and the choroid	author_cell_type	RPE_Fetal_KCND2	RPE FETAL KCND 2	3	3	1.0	0		
CAP	cap|3053	cap|3053|author_cell_type	snRNA-seq of the human retinal pigment epithelium and the choroid - retinal pigment epithelial cells	author_cell_type	RPE_CST3+	RPE CST 3	3	1	0.3333333333333333	1	1.0	1.0
CAP	cap|3053	cap|3053|author_cell_type	snRNA-seq of the human retinal pigment epithelium and the choroid - retinal pigment epithelial cells	author_cell_type	RPE_INSYN2B+	RPE INSYN 2 B	3	1	0.3333333333333333	1	1.0	1.0
CAP	cap|3053	cap|3053|author_cell_type	snRNA-seq of the human retinal pigment epithelium and the choroid - retinal pigment epithelial cells	author_cell_type	RPE_LGI1+	RPE LGI 1	3	1	0.3333333333333333	1	1.0	1.0
CAP	cap|3053	cap|3053|author_cell_type	snRNA-seq of the human retinal pigment epithelium and the choroid - retinal pigment epithelial cells	author_cell_type	RPE_TENM4+	RPE TENM 4	3	1	0.3333333333333333	1	1.0	1.0
CAP	cap|3053	cap|3053|author_cell_type	snRNA-seq of the human retinal pigment epithelium and the choroid - retinal pigment epithelial cells	author_cell_type	RPE_TUBA1A+	RPE TUBA 1 A	3	1	0.3333333333333333	1	1.0	1.0
CAP	cap|3054	cap|3054|author_cell_type	snRNA-seq of the human retinal pigment epithelium and the choroid	author_cell_type	Arteriole	ARTERIOLE	4	0	0.0	1	1.0	
CAP	cap|3054	cap|3054|author_cell_type	snRNA-seq of the human retinal pigment epithelium and the choroid	author_cell_type	Artery	ARTERY	4	0	0.0	0		
CAP	cap|3054	cap|3054|author_cell_type	snRNA-seq of the human retinal pigment epithelium and the choroid	author_cell_type	Fibroblasts_Fetal_NR2F1_TOP2A	FIBROBLASTS FETAL NR 2 F 1 TOP 2 A	3	3	1.0	0		
CAP	cap|3054	cap|3054|author_cell_type	snRNA-seq of the human retinal pigment epithelium and the choroid	author_cell_type	Macrophages	MACROPHAGES	3	3	1.0	2	0.3333333333333333	0.3333333333333333
CAP	cap|3054	cap|3054|author_cell_type	snRNA-seq of the human retinal pigment epithelium and the choroid	author_cell_type	Pericytes	PERICYTES	3	3	1.0	7	1.0	1.0
CAP	cap|3054	cap|3054|author_cell_type	snRNA-seq of the human retinal pigment epithelium and the choroid	author_cell_type	RPE_EYA4	RPE EYA 4	3	1	0.3333333333333333	0		
CAP	cap|3054	cap|3054|author_cell_type	snRNA-seq of the human retinal pigment epithelium and the choroid	author_cell_type	RPE_Fetal	RPE FETAL	3	3	1.0	0		
CAP	cap|3054	cap|3054|author_cell_type	snRNA-seq of the human retinal pigment epithelium and the choroid	author_cell_type	RPE_PLS1	RPE PLS 1	3	1	0.3333333333333333	0		
CAP	cap|3054	cap|3054|author_cell_type	snRNA-seq of the human retinal pigment epithelium and the choroid	author_cell_type	Schwann_nonmyelinating_Fetal	SCHWANN NONMYELINATING FETAL	3	3	1.0	0		
CAP	cap|3054	cap|3054|author_cell_type	snRNA-seq of the human retinal pigment epithelium and the choroid	author_cell_type	Smooth_muscle_cells	SMOOTH MUSCLE CELLS	3	1	0.3333333333333333	2	0.6666666666666666	0.0
CAP	cap|3054	cap|3054|author_cell_type	snRNA-seq of the human retinal pigment epithelium and the choroid	author_cell_type	Smooth_muscle_cells_DGKI	SMOOTH MUSCLE CELLS DGKI	3	1	0.3333333333333333	1	1.0	1.0
CAP	cap|3055	cap|3055|author_cell_type	snRNA-seq of the human retinal pigment epithelium and the choroid - all cells	author_cell_type	Macrophages proliferating	MACROPHAGES PROLIFERATING	3	3	1.0	0		
CAP	cap|3055	cap|3055|author_cell_type	snRNA-seq of the human retinal pigment epithelium and the choroid - all cells	author_cell_type	Pericytes ADAMTS2+	PERICYTES ADAMTS 2	5	1	0.2	1	0.6	1.0
CAP	cap|3055	cap|3055|author_cell_type	snRNA-seq of the human retinal pigment epithelium and the choroid - all cells	author_cell_type	Pericytes CPM+	PERICYTES CPM	5	1	0.2	1	0.6	1.0
CAP	cap|3055	cap|3055|author_cell_type	snRNA-seq of the human retinal pigment epithelium and the choroid - all cells	author_cell_type	RPE_CST3+	RPE CST 3	3	1	0.3333333333333333	1	1.0	1.0
CAP	cap|3055	cap|3055|author_cell_type	snRNA-seq of the human retinal pigment epithelium and the choroid - all cells	author_cell_type	RPE_INSYN2B+	RPE INSYN 2 B	3	1	0.3333333333333333	1	1.0	1.0
CAP	cap|3055	cap|3055|author_cell_type	snRNA-seq of the human retinal pigment epithelium and the choroid - all cells	author_cell_type	RPE_LGI1+	RPE LGI 1	3	1	0.3333333333333333	1	1.0	1.0
CAP	cap|3055	cap|3055|author_cell_type	snRNA-seq of the human retinal pigment epithelium and the choroid - all cells	author_cell_type	RPE_TENM4+	RPE TENM 4	3	1	0.3333333333333333	1	1.0	1.0
CAP	cap|3055	cap|3055|author_cell_type	snRNA-seq of the human retinal pigment epithelium and the choroid - all cells	author_cell_type	RPE_TUBA1A+	RPE TUBA 1 A	3	1	0.3333333333333333	1	1.0	1.0
CAP	cap|3056	cap|3056|author_cell_type	snRNA-seq of the human retinal pigment epithelium and the choroid - stromal cells	author_cell_type	Pericytes ADAMTS2+	PERICYTES ADAMTS 2	3	1	0.3333333333333333	1	1.0	1.0
CAP	cap|3056	cap|3056|author_cell_type	snRNA-seq of the human retinal pigment epithelium and the choroid - stromal cells	author_cell_type	Pericytes CPM+	PERICYTES CPM	3	1	0.3333333333333333	1	1.0	1.0
CAP	cap|3056	cap|3056|author_cell_type	snRNA-seq of the human retinal pigment epithelium and the choroid - stromal cells	author_cell_type	Smooth muscle cells DGKI+	SMOOTH MUSCLE CELLS DGKI	3	1	0.3333333333333333	1	1.0	1.0
CAP	cap|3056	cap|3056|author_cell_type	snRNA-seq of the human retinal pigment epithelium and the choroid - stromal cells	author_cell_type	Vascular smooth muscle cells	VASCULAR SMOOTH MUSCLE CELLS	3	1	0.3333333333333333	0		
CAP	cap|3057	cap|3057|author_cell_type	snRNA-seq of the human retinal pigment epithelium and the choroid - endothelial cells	author_cell_type	Arterial	ARTERIAL	4	0	0.0	0		
CAP	cap|3057	cap|3057|author_cell_type	snRNA-seq of the human retinal pigment epithelium and the choroid - endothelial cells	author_cell_type	Arteriole	ARTERIOLE	4	0	0.0	1	1.0	
CAP	cap|3057	cap|3057|author_cell_type	snRNA-seq of the human retinal pigment epithelium and the choroid - endothelial cells	author_cell_type	Vein	VEIN	3	2	0.6666666666666666	0		
CAP	cap|3057	cap|3057|author_cell_type	snRNA-seq of the human retinal pigment epithelium and the choroid - endothelial cells	author_cell_type	Venule	VENULE	4	3	0.75	0		
CAP	cap|591	cap|591|author_cell_type	AIDA Phase 1 Data Freeze v2: Chinese, Indian, Japanese, Korean, Malay, and Thai donors in Japan, Singapore, South Korea, Thailand, and India	author_cell_type	atypical_B	ATYPICAL B	6	4	0.6666666666666666	0		
CAP	cap|591	cap|591|author_cell_type	AIDA Phase 1 Data Freeze v2: Chinese, Indian, Japanese, Korean, Malay, and Thai donors in Japan, Singapore, South Korea, Thailand, and India	author_cell_type	CD14+_Monocyte	CD 14 MONOCYTE	6	5	0.8333333333333334	0		
CAP	cap|591	cap|591|author_cell_type	AIDA Phase 1 Data Freeze v2: Chinese, Indian, Japanese, Korean, Malay, and Thai donors in Japan, Singapore, South Korea, Thailand, and India	author_cell_type	CD16+_Monocyte	CD 16 MONOCYTE	6	4	0.6666666666666666	0		
CAP	cap|591	cap|591|author_cell_type	AIDA Phase 1 Data Freeze v2: Chinese, Indian, Japanese, Korean, Malay, and Thai donors in Japan, Singapore, South Korea, Thailand, and India	author_cell_type	CD16+_NK	CD 16 NK	8	2	0.25	2	0.625	0.5
CAP	cap|591	cap|591|author_cell_type	AIDA Phase 1 Data Freeze v2: Chinese, Indian, Japanese, Korean, Malay, and Thai donors in Japan, Singapore, South Korea, Thailand, and India	author_cell_type	CD4+_T_cm	CD 4 T CM	7	0	0.0	0		
CAP	cap|591	cap|591|author_cell_type	AIDA Phase 1 Data Freeze v2: Chinese, Indian, Japanese, Korean, Malay, and Thai donors in Japan, Singapore, South Korea, Thailand, and India	author_cell_type	CD4+_T_cyt	CD 4 T CYT	11	2	0.18181818181818182	0		
CAP	cap|591	cap|591|author_cell_type	AIDA Phase 1 Data Freeze v2: Chinese, Indian, Japanese, Korean, Malay, and Thai donors in Japan, Singapore, South Korea, Thailand, and India	author_cell_type	CD4+_T_naive	CD 4 T NAIVE	9	1	0.1111111111111111	0		
CAP	cap|591	cap|591|author_cell_type	AIDA Phase 1 Data Freeze v2: Chinese, Indian, Japanese, Korean, Malay, and Thai donors in Japan, Singapore, South Korea, Thailand, and India	author_cell_type	CD56+_NK	CD 56 NK	8	4	0.5	0		
CAP	cap|591	cap|591|author_cell_type	AIDA Phase 1 Data Freeze v2: Chinese, Indian, Japanese, Korean, Malay, and Thai donors in Japan, Singapore, South Korea, Thailand, and India	author_cell_type	CD8+_T_GZMKhi	CD 8 T GZMKHI	9	1	0.1111111111111111	0		
CAP	cap|591	cap|591|author_cell_type	AIDA Phase 1 Data Freeze v2: Chinese, Indian, Japanese, Korean, Malay, and Thai donors in Japan, Singapore, South Korea, Thailand, and India	author_cell_type	CD8+_T_naive	CD 8 T NAIVE	9	0	0.0	0		
CAP	cap|591	cap|591|author_cell_type	AIDA Phase 1 Data Freeze v2: Chinese, Indian, Japanese, Korean, Malay, and Thai donors in Japan, Singapore, South Korea, Thailand, and India	author_cell_type	CD8+_T_unknown	CD 8 T UNKNOWN	3	0	0.0	0		
CAP	cap|591	cap|591|author_cell_type	AIDA Phase 1 Data Freeze v2: Chinese, Indian, Japanese, Korean, Malay, and Thai donors in Japan, Singapore, South Korea, Thailand, and India	author_cell_type	cDC2	CDC 2	3	3	1.0	3	1.0	1.0
CAP	cap|591	cap|591|author_cell_type	AIDA Phase 1 Data Freeze v2: Chinese, Indian, Japanese, Korean, Malay, and Thai donors in Japan, Singapore, South Korea, Thailand, and India	author_cell_type	gdT_GZMBhi	GDT GZMBHI	6	0	0.0	0		
CAP	cap|591	cap|591|author_cell_type	AIDA Phase 1 Data Freeze v2: Chinese, Indian, Japanese, Korean, Malay, and Thai donors in Japan, Singapore, South Korea, Thailand, and India	author_cell_type	gdT_GZMKhi	GDT GZMKHI	6	0	0.0	0		
CAP	cap|591	cap|591|author_cell_type	AIDA Phase 1 Data Freeze v2: Chinese, Indian, Japanese, Korean, Malay, and Thai donors in Japan, Singapore, South Korea, Thailand, and India	author_cell_type	MAIT	MAIT	7	3	0.42857142857142855	0		
CAP	cap|591	cap|591|author_cell_type	AIDA Phase 1 Data Freeze v2: Chinese, Indian, Japanese, Korean, Malay, and Thai donors in Japan, Singapore, South Korea, Thailand, and India	author_cell_type	memory_B_IGHMhi	MEMORY B IGHMHI	5	1	0.2	0		
CAP	cap|591	cap|591|author_cell_type	AIDA Phase 1 Data Freeze v2: Chinese, Indian, Japanese, Korean, Malay, and Thai donors in Japan, Singapore, South Korea, Thailand, and India	author_cell_type	memory_B_IGHMlo	MEMORY B IGHMLO	4	0	0.0	0		
CAP	cap|591	cap|591|author_cell_type	AIDA Phase 1 Data Freeze v2: Chinese, Indian, Japanese, Korean, Malay, and Thai donors in Japan, Singapore, South Korea, Thailand, and India	author_cell_type	Platelet	PLATELET	5	5	1.0	0		
CAP	cap|591	cap|591|author_cell_type	AIDA Phase 1 Data Freeze v2: Chinese, Indian, Japanese, Korean, Malay, and Thai donors in Japan, Singapore, South Korea, Thailand, and India	author_cell_type	Treg	TREG	7	4	0.5714285714285714	1	0.2857142857142857	0.5
CAP	cap|816	cap|816|celltype	Concerted changes in the pediatric single-cell intestinal ecosystem before and after anti-TNF blockade	celltype	B	B	4	0	0.0	3	0.25	
CAP	cap|816	cap|816|celltype	Concerted changes in the pediatric single-cell intestinal ecosystem before and after anti-TNF blockade	celltype	B/DZ	B DZ	5	2	0.4	0		
CAP	cap|816	cap|816|celltype	Concerted changes in the pediatric single-cell intestinal ecosystem before and after anti-TNF blockade	celltype	B/GC	B GC	5	0	0.0	0		
CAP	cap|816	cap|816|celltype	Concerted changes in the pediatric single-cell intestinal ecosystem before and after anti-TNF blockade	celltype	B/LZ	B LZ	7	3	0.42857142857142855	0		
CAP	cap|816	cap|816|celltype	Concerted changes in the pediatric single-cell intestinal ecosystem before and after anti-TNF blockade	celltype	cDC1	CDC 1	7	2	0.2857142857142857	7	0.2857142857142857	1.0
CAP	cap|816	cap|816|celltype	Concerted changes in the pediatric single-cell intestinal ecosystem before and after anti-TNF blockade	celltype	cDC2	CDC 2	4	0	0.0	3	0.5	
CAP	cap|816	cap|816|celltype	Concerted changes in the pediatric single-cell intestinal ecosystem before and after anti-TNF blockade	celltype	DC	DC	5	1	0.2	3	0.6	1.0
CAP	cap|816	cap|816|celltype	Concerted changes in the pediatric single-cell intestinal ecosystem before and after anti-TNF blockade	celltype	EC	EC	5	4	0.8	2	0.0	0.0
CAP	cap|816	cap|816|celltype	Concerted changes in the pediatric single-cell intestinal ecosystem before and after anti-TNF blockade	celltype	Endth	ENDTH	3	0	0.0	0		
CAP	cap|816	cap|816|celltype	Concerted changes in the pediatric single-cell intestinal ecosystem before and after anti-TNF blockade	celltype	Endth/Art	ENDTH ART	5	2	0.4	0		
CAP	cap|816	cap|816|celltype	Concerted changes in the pediatric single-cell intestinal ecosystem before and after anti-TNF blockade	celltype	Endth/Cap	ENDTH CAP	5	1	0.2	0		
CAP	cap|816	cap|816|celltype	Concerted changes in the pediatric single-cell intestinal ecosystem before and after anti-TNF blockade	celltype	Endth/Mural	ENDTH MURAL	4	1	0.25	0		
CAP	cap|816	cap|816|celltype	Concerted changes in the pediatric single-cell intestinal ecosystem before and after anti-TNF blockade	celltype	Endth/Ven	ENDTH VEN	7	3	0.42857142857142855	0		
CAP	cap|816	cap|816|celltype	Concerted changes in the pediatric single-cell intestinal ecosystem before and after anti-TNF blockade	celltype	EpithStem	EPITHSTEM	5	1	0.2	0		
CAP	cap|816	cap|816|celltype	Concerted changes in the pediatric single-cell intestinal ecosystem before and after anti-TNF blockade	celltype	Fibro	FIBRO	5	4	0.8	0		
CAP	cap|816	cap|816|celltype	Concerted changes in the pediatric single-cell intestinal ecosystem before and after anti-TNF blockade	celltype	Fibro/fDC	FIBRO FDC	5	3	0.6	0		
CAP	cap|816	cap|816|celltype	Concerted changes in the pediatric single-cell intestinal ecosystem before and after anti-TNF blockade	celltype	Glial	GLIAL	5	4	0.8	0		
CAP	cap|816	cap|816|celltype	Concerted changes in the pediatric single-cell intestinal ecosystem before and after anti-TNF blockade	celltype	Glial/fDC	GLIAL FDC	4	1	0.25	0		
CAP	cap|816	cap|816|celltype	Concerted changes in the pediatric single-cell intestinal ecosystem before and after anti-TNF blockade	celltype	Goblet	GOBLET	3	3	1.0	1	0.0	0.0
CAP	cap|816	cap|816|celltype	Concerted changes in the pediatric single-cell intestinal ecosystem before and after anti-TNF blockade	celltype	Mac	MAC	5	1	0.2	0		
CAP	cap|816	cap|816|celltype	Concerted changes in the pediatric single-cell intestinal ecosystem before and after anti-TNF blockade	celltype	Mac/cDC1	MAC CDC 1	5	2	0.4	0		
CAP	cap|816	cap|816|celltype	Concerted changes in the pediatric single-cell intestinal ecosystem before and after anti-TNF blockade	celltype	Mac/DC	MAC DC	6	1	0.16666666666666666	0		
CAP	cap|816	cap|816|celltype	Concerted changes in the pediatric single-cell intestinal ecosystem before and after anti-TNF blockade	celltype	Mcell	MCELL	5	2	0.4	0		
CAP	cap|816	cap|816|celltype	Concerted changes in the pediatric single-cell intestinal ecosystem before and after anti-TNF blockade	celltype	Mono	MONO	6	4	0.6666666666666666	1	0.3333333333333333	0.5
CAP	cap|816	cap|816|celltype	Concerted changes in the pediatric single-cell intestinal ecosystem before and after anti-TNF blockade	celltype	Mono/cDC2	MONO CDC 2	7	0	0.0	0		
CAP	cap|816	cap|816|celltype	Concerted changes in the pediatric single-cell intestinal ecosystem before and after anti-TNF blockade	celltype	Mono/Mac	MONO MAC	5	1	0.2	0		
CAP	cap|816	cap|816|celltype	Concerted changes in the pediatric single-cell intestinal ecosystem before and after anti-TNF blockade	celltype	Mono/Mac/cDC2	MONO MAC CDC 2	6	0	0.0	0		
CAP	cap|816	cap|816|celltype	Concerted changes in the pediatric single-cell intestinal ecosystem before and after anti-TNF blockade	celltype	Mono/Mac/DC	MONO MAC DC	4	1	0.25	0		
CAP	cap|816	cap|816|celltype	Concerted changes in the pediatric single-cell intestinal ecosystem before and after anti-TNF blockade	celltype	Mstcl	MSTCL	6	6	1.0	0		
CAP	cap|816	cap|816|celltype	Concerted changes in the pediatric single-cell intestinal ecosystem before and after anti-TNF blockade	celltype	Myeloid	MYELOID	3	0	0.0	2	0.0	
CAP	cap|816	cap|816|celltype	Concerted changes in the pediatric single-cell intestinal ecosystem before and after anti-TNF blockade	celltype	MyoFibro	MYOFIBRO	3	2	0.6666666666666666	0		
CAP	cap|816	cap|816|celltype	Concerted changes in the pediatric single-cell intestinal ecosystem before and after anti-TNF blockade	celltype	NK	NK	7	3	0.42857142857142855	2	0.8571428571428571	0.6666666666666666
CAP	cap|816	cap|816|celltype	Concerted changes in the pediatric single-cell intestinal ecosystem before and after anti-TNF blockade	celltype	Paneth	PANETH	4	2	0.5	0		
CAP	cap|816	cap|816|celltype	Concerted changes in the pediatric single-cell intestinal ecosystem before and after anti-TNF blockade	celltype	pDC	PDC	3	1	0.3333333333333333	12	1.0	1.0
CAP	cap|816	cap|816|celltype	Concerted changes in the pediatric single-cell intestinal ecosystem before and after anti-TNF blockade	celltype	Plsma/IgA	PLSMA IGA	3	2	0.6666666666666666	0		
CAP	cap|816	cap|816|celltype	Concerted changes in the pediatric single-cell intestinal ecosystem before and after anti-TNF blockade	celltype	Plsma/IgG	PLSMA IGG	7	4	0.5714285714285714	0		
CAP	cap|816	cap|816|celltype	Concerted changes in the pediatric single-cell intestinal ecosystem before and after anti-TNF blockade	celltype	Plsma/IgM	PLSMA IGM	4	1	0.25	0		
CAP	cap|816	cap|816|celltype	Concerted changes in the pediatric single-cell intestinal ecosystem before and after anti-TNF blockade	celltype	Prolif/EC	PROLIF EC	6	0	0.0	0		
CAP	cap|816	cap|816|celltype	Concerted changes in the pediatric single-cell intestinal ecosystem before and after anti-TNF blockade	celltype	Prolif/Secretory	PROLIF SECRETORY	7	0	0.0	0		
CAP	cap|816	cap|816|celltype	Concerted changes in the pediatric single-cell intestinal ecosystem before and after anti-TNF blockade	celltype	Secretory	SECRETORY	6	2	0.3333333333333333	0		
CAP	cap|816	cap|816|celltype	Concerted changes in the pediatric single-cell intestinal ecosystem before and after anti-TNF blockade	celltype	T	T	3	0	0.0	3	0.0	
CAP	cap|816	cap|816|celltype	Concerted changes in the pediatric single-cell intestinal ecosystem before and after anti-TNF blockade	celltype	T/NK	T NK	9	5	0.5555555555555556	0		
CAP	cap|816	cap|816|celltype	Concerted changes in the pediatric single-cell intestinal ecosystem before and after anti-TNF blockade	celltype	T/NK/ILC	T NK ILC	9	5	0.5555555555555556	0		
CAP	cap|816	cap|816|celltype	Concerted changes in the pediatric single-cell intestinal ecosystem before and after anti-TNF blockade	celltype	TA	TA	5	0	0.0	0		
CAP	cap|816	cap|816|celltype	Concerted changes in the pediatric single-cell intestinal ecosystem before and after anti-TNF blockade	celltype	Tuft	TUFT	5	2	0.4	0		
CAP	cap|825	cap|825|cell_type_azimuth	An Atlas of Cells in the Human Tonsil	cell_type_azimuth	aDC	ADC	6	5	0.8333333333333334	0		
CAP	cap|825	cap|825|cell_type_azimuth	An Atlas of Cells in the Human Tonsil	cell_type_azimuth	B activated	B ACTIVATED	9	5	0.5555555555555556	0		
CAP	cap|825	cap|825|cell_type_azimuth	An Atlas of Cells in the Human Tonsil	cell_type_azimuth	B memory	B MEMORY	6	3	0.5	2	0.16666666666666666	0.0
CAP	cap|825	cap|825|cell_type_azimuth	An Atlas of Cells in the Human Tonsil	cell_type_azimuth	B naive	B NAIVE	6	2	0.3333333333333333	0		
CAP	cap|825	cap|825|cell_type_azimuth	An Atlas of Cells in the Human Tonsil	cell_type_azimuth	CD4 naive	CD 4 NAIVE	8	1	0.125	3	0.625	0.0
CAP	cap|825	cap|825|cell_type_azimuth	An Atlas of Cells in the Human Tonsil	cell_type_azimuth	CD4 Non-TFH	CD 4 NON TFH	4	1	0.25	0		
CAP	cap|825	cap|825|cell_type_azimuth	An Atlas of Cells in the Human Tonsil	cell_type_azimuth	CD4 TCM	CD 4 TCM	8	3	0.375	0		
CAP	cap|825	cap|825|cell_type_azimuth	An Atlas of Cells in the Human Tonsil	cell_type_azimuth	CD4 TFH	CD 4 TFH	10	4	0.4	2	0.2	0.25
CAP	cap|825	cap|825|cell_type_azimuth	An Atlas of Cells in the Human Tonsil	cell_type_azimuth	CD4 TFH Mem	CD 4 TFH MEM	7	2	0.2857142857142857	0		
CAP	cap|825	cap|825|cell_type_azimuth	An Atlas of Cells in the Human Tonsil	cell_type_azimuth	CD4 TREG	CD 4 TREG	8	5	0.625	2	0.375	0.6
CAP	cap|825	cap|825|cell_type_azimuth	An Atlas of Cells in the Human Tonsil	cell_type_azimuth	CD8 naive	CD 8 NAIVE	8	0	0.0	3	0.625	
CAP	cap|825	cap|825|cell_type_azimuth	An Atlas of Cells in the Human Tonsil	cell_type_azimuth	CD8 T	CD 8 T	10	2	0.2	1	0.3	0.0
CAP	cap|825	cap|825|cell_type_azimuth	An Atlas of Cells in the Human Tonsil	cell_type_azimuth	CD8 TCM	CD 8 TCM	7	0	0.0	0		
CAP	cap|825	cap|825|cell_type_azimuth	An Atlas of Cells in the Human Tonsil	cell_type_azimuth	Cycling DZ GCB	CYCLING DZ GCB	6	0	0.0	0		
CAP	cap|825	cap|825|cell_type_azimuth	An Atlas of Cells in the Human Tonsil	cell_type_azimuth	Cycling FDC	CYCLING FDC	6	0	0.0	0		
CAP	cap|825	cap|825|cell_type_azimuth	An Atlas of Cells in the Human Tonsil	cell_type_azimuth	Cycling myeloid	CYCLING MYELOID	5	0	0.0	0		
CAP	cap|825	cap|825|cell_type_azimuth	An Atlas of Cells in the Human Tonsil	cell_type_azimuth	Cycling T	CYCLING T	8	1	0.125	0		
CAP	cap|825	cap|825|cell_type_azimuth	An Atlas of Cells in the Human Tonsil	cell_type_azimuth	DC	DC	6	4	0.6666666666666666	3	0.0	0.0
CAP	cap|825	cap|825|cell_type_azimuth	An Atlas of Cells in the Human Tonsil	cell_type_azimuth	dnT	DNT	6	3	0.5	0		
CAP	cap|825	cap|825|cell_type_azimuth	An Atlas of Cells in the Human Tonsil	cell_type_azimuth	DZ GCB	DZ GCB	5	2	0.4	0		
CAP	cap|825	cap|825|cell_type_azimuth	An Atlas of Cells in the Human Tonsil	cell_type_azimuth	DZtoLZ GCB transition	DZTOLZ GCB TRANSITION	3	0	0.0	0		
CAP	cap|825	cap|825|cell_type_azimuth	An Atlas of Cells in the Human Tonsil	cell_type_azimuth	Epithelial	EPITHELIAL	9	9	1.0	4	0.0	0.0
CAP	cap|825	cap|825|cell_type_azimuth	An Atlas of Cells in the Human Tonsil	cell_type_azimuth	FCRL4/5+ B memory	FCRL 4 5 B MEMORY	7	4	0.5714285714285714	0		
CAP	cap|825	cap|825|cell_type_azimuth	An Atlas of Cells in the Human Tonsil	cell_type_azimuth	FDC	FDC	4	1	0.25	0		
CAP	cap|825	cap|825|cell_type_azimuth	An Atlas of Cells in the Human Tonsil	cell_type_azimuth	Granulocytes	GRANULOCYTES	5	4	0.8	2	0.0	0.0
CAP	cap|825	cap|825|cell_type_azimuth	An Atlas of Cells in the Human Tonsil	cell_type_azimuth	ILC	ILC	6	3	0.5	0		
CAP	cap|825	cap|825|cell_type_azimuth	An Atlas of Cells in the Human Tonsil	cell_type_azimuth	LZ GCB	LZ GCB	5	0	0.0	0		
CAP	cap|825	cap|825|cell_type_azimuth	An Atlas of Cells in the Human Tonsil	cell_type_azimuth	LZtoDZ GCB transition	LZTODZ GCB TRANSITION	5	2	0.4	0		
CAP	cap|825	cap|825|cell_type_azimuth	An Atlas of Cells in the Human Tonsil	cell_type_azimuth	MAIT/TRDV2+ gdT	MAIT TRDV 2 GDT	10	4	0.4	0		
CAP	cap|825	cap|825|cell_type_azimuth	An Atlas of Cells in the Human Tonsil	cell_type_azimuth	Mast	MAST	3	3	1.0	3	1.0	1.0
CAP	cap|825	cap|825|cell_type_azimuth	An Atlas of Cells in the Human Tonsil	cell_type_azimuth	MBC-derived PC / doublets	MBC DERIVED PC DOUBLETS	4	2	0.5	0		
CAP	cap|825	cap|825|cell_type_azimuth	An Atlas of Cells in the Human Tonsil	cell_type_azimuth	Mono/Macro	MONO MACRO	5	2	0.4	0		
CAP	cap|825	cap|825|cell_type_azimuth	An Atlas of Cells in the Human Tonsil	cell_type_azimuth	NK	NK	11	4	0.36363636363636365	2	0.5454545454545454	0.25
CAP	cap|825	cap|825|cell_type_azimuth	An Atlas of Cells in the Human Tonsil	cell_type_azimuth	NK_CD56bright	NK CD 56 BRIGHT	7	3	0.42857142857142855	0		
CAP	cap|825	cap|825|cell_type_azimuth	An Atlas of Cells in the Human Tonsil	cell_type_azimuth	non-TRDV2+ gdT	NON TRDV 2 GDT	6	0	0.0	0		
CAP	cap|825	cap|825|cell_type_azimuth	An Atlas of Cells in the Human Tonsil	cell_type_azimuth	PB	PB	7	2	0.2857142857142857	0		
CAP	cap|825	cap|825|cell_type_azimuth	An Atlas of Cells in the Human Tonsil	cell_type_azimuth	PC	PC	6	2	0.3333333333333333	2	0.0	0.0
CAP	cap|825	cap|825|cell_type_azimuth	An Atlas of Cells in the Human Tonsil	cell_type_azimuth	PDC	PDC	4	3	0.75	12	0.75	1.0
CAP	cap|825	cap|825|cell_type_azimuth	An Atlas of Cells in the Human Tonsil	cell_type_azimuth	preB/T	PREB T	8	8	1.0	0		
CAP	cap|825	cap|825|cell_type_azimuth	An Atlas of Cells in the Human Tonsil	cell_type_azimuth	preGCB	PREGCB	9	2	0.2222222222222222	0		
CAP	cap|825	cap|825|cell_type_azimuth	An Atlas of Cells in the Human Tonsil	cell_type_azimuth	preMBC/doublet	PREMBC DOUBLET	4	2	0.5	0		
CAP	cap|825	cap|825|cell_type_azimuth	An Atlas of Cells in the Human Tonsil	cell_type_azimuth	prePB	PREPB	7	2	0.2857142857142857	0		
