resource	study_uid	study_label	dataset_ids	labelsets	local_contexts	marker_profiles	reported_labels	marker_genes	n_rationale_dois	rationale_dois
CAP	cap|1152	Single cell atlas of the human retina - all cells - scRNA-seq	1152	cell_type	1	4	4	15	0	
CAP	cap|1153	snRNA-seq of human retina - retinal ganglion cell subset	1153	author_cell_type	1	11	11	97	0	
CAP	cap|1154	snRNA-seq of human retina - bipolar cell subset	1154	author_cell_type	1	9	9	42	0	
CAP	cap|1155	snRNA-seq of human retina - amacrine cell subset	1155	author_cell_type	1	89	85	390	0	
CAP	cap|1156	snRNA-seq of human retina - all cells	1156	author_cell_type	1	109	105	489	0	
CAP	cap|1208	Single Cell Atlas of Human Ocular Surface scRNA-seq: Cornea, Limbus, Sclera	1208	author_cell_type	1	31	31	236	0	
CAP	cap|1209	Single Cell Atlas of Human Ocular Surface snRNA-seq: Cornea, Limbus, Sclera	1209	author_cell_type	1	26	26	214	0	
CAP	cap|1241	Single cell atlas of the human trabecular meshwork and ciliary body - snRNA-seq	1241	author_cell_type	1	11	11	38	0	
CAP	cap|1242	Single cell atlas of the human trabecular meshwork and ciliary body - scRNA-seq	1242	author_cell_type	1	13	13	47	0	
CAP	cap|1265	The Human Neural Organoid Atlas	1265	annot_level_1; annot_level_2	2	12	10	25	0	
CAP	cap|1326	Single-nucleus RNA-seq of the Adult Human Kidney (Version 1.5)	1326	subclass.l1; subclass.l2	2	61	56	277	0	
CAP	cap|1327	Single-cell RNA-seq of the Adult Human Kidney (Version 1.5)	1327	author_cell_type; subclass.l1	2	40	38	207	0	
CAP	cap|1373	human intestine organoid cell atlas	1373	level_1; level_2	2	23	22	91	0	
CAP	cap|1374	human endoderm organoid cell atlas	1374	level_1; level_2	2	28	27	114	0	
CAP	cap|1375	human lung organoid cell atlas	1375	level_1; level_2	2	5	4	16	0	
CAP	cap|1426	Skin fibroblast scRNA-seq atlas in health	1426	cell_type	1	9	9	63	5	10.1016/j.jid.2023.09.288; 10.1038/s41586-021-03549-5; 10.1038/s41586-021-03852-1; 10.1038/s41591-023-02327-2; 10.12688/f1000research.143511.1
CAP	cap|1427	Skin fibroblasts - Pan-disease fibroblast atlas in skin fibrosis, inflammation, and cancer	1427	cell_type	1	14	14	101	21	10.1002/jor.22834; 10.1016/j.canlet.2023.216095; 10.1016/j.cell.2019.06.029; 10.1016/j.isci.2020.101019; 10.1016/j.jid.2018.01.016; 10.1016/j.stem.2020.07.008; 10.1038/s41586-019-1794-y; 10.1038/s41586-021-03549-5; 10.1038/s41586-023-06725-x; 10.1038/s41588-022-01243-4; 10.1038/s42003-020-0922-4; 10.1101/2023.10.29.563503; 10.1101/gad.1614408; 10.1111/exd.14244; 10.1111/imr.12981; 10.1242/dev.131797; 10.12688/f1000research.143511.2; 10.1369/0022155414530994; 10.3389/fgene.2021.797747; 10.3389/fimmu.2023.1233800; 10.7554/eLife.43882
CAP	cap|1437	All cells from human liver dataset	1437	author_cell_type	1	17	17	154	0	
CAP	cap|1438	CD45 negative cells from human liver dataset	1438	author_cell_type	1	8	8	77	0	
CAP	cap|1439	Lymphoid cells from human liver dataset	1439	author_cell_type	1	13	13	90	0	
CAP	cap|1440	Myeloid cells from human liver dataset	1440	author_cell_type	1	10	10	84	0	
CAP	cap|1487	snRNA-seq of human optic nerve and optic nerve head - oligodendrocytes	1487	author_cell_type	1	5	5	7	2	10.1016/j.neuron.2022.03.008; 10.1073/pnas.2306153120
CAP	cap|1489	snRNA-seq of human optic nerve and optic nerve head - all cells	1489	author_cell_type	1	31	31	67	4	10.1016/j.neuron.2022.03.008; 10.1038/s41586-021-04369-3; 10.1073/pnas.2306153120; 10.1101/2023.11.07.566105
CAP	cap|1490	snRNA-seq of human optic nerve and optic nerve head - endothelial cells	1490	author_cell_type	1	3	3	8	2	10.1038/s41586-021-04369-3; 10.1073/pnas.2306153120
CAP	cap|1491	snRNA-seq of human optic nerve and optic nerve head - fibroblasts	1491	author_cell_type	1	5	5	12	1	10.1073/pnas.2306153120
CAP	cap|1565	Human liver cell atlas - cholangiocyte cells	1565	author_cell_type	1	4	4	10	0	
CAP	cap|1566	Human liver cell atlas - mesenchyme cells	1566	author_cell_type	1	5	5	16	0	
CAP	cap|1567	Human liver cell atlas - myeloid cells	1567	author_cell_type	1	10	10	40	0	
CAP	cap|1568	Human liver cell atlas - lymphocyte cells	1568	author_cell_type	1	5	5	16	0	
CAP	cap|1569	Human liver cell atlas - endothelia cells	1569	author_cell_type	1	5	5	16	0	
CAP	cap|1570	Human liver cell atlas - hepatocyte cells	1570	author_cell_type	1	5	5	20	0	
CAP	cap|1742	BoneMarrowMap: A Balanced Single-cell Reference Atlas of Human Hematopoiesis	1742	AuthorCellType	1	55	55	362	13	10.1016/j.cell.2019.01.031; 10.1016/j.cell.2021.04.048; 10.1016/j.stem.2014.06.008; 10.1038/s41467-019-10291-0; 10.1038/s41587-019-0332-7; 10.1038/s41590-017-0001-2; 10.1126/sciimmunol.aau7148; 10.1158/2159-8290.CD-21-0145; 10.1158/2643-3230.BCD-20-0155; 10.1158/2643-3230.BCD-24-0342; 10.1182/blood-2014-01-548305; 10.1182/blood-2014-07-588806; 10.26508/lsa.201900309
CAP	cap|1780	An integrated cell atlas of the human lung in health and disease (core)	1780	ann_finest_level	1	42	42	147	8	10.1016/j.celrep.2015.06.011; 10.1038/s41586-018-0394-6; 10.1152/ajplung.00155.2003; 10.1161/CIRCULATIONAHA.120.052318; 10.1164/rccm.201911-2199oc; 10.1165/rcmb.2010-0283OC; 10.1242/dev.116855; 10.7554/eLife.80083
CAP	cap|2185	Human lymph nodes with partial T and B cell depletion	2185	final annotation	1	15	15	64	6	10.1016/j.celrep.2017.09.070; 10.1016/j.ebiom.2025.106036; 10.1016/j.immuni.2024.01.006; 10.1038/ni.3368; 10.1038/s41556-022-00866-3; 10.1084/jem.20210790
CAP	cap|2186	Human lymph node slices cultured with and without ex vivo stimulation by liposomal TLR4 and QS-21 adjuvant	2186	final annotation	1	17	17	69	6	10.1016/j.celrep.2017.09.070; 10.1016/j.ebiom.2025.106036; 10.1016/j.immuni.2024.01.006; 10.1038/ni.3368; 10.1038/s41556-022-00866-3; 10.1084/jem.20210790
CAP	cap|2708	Reinisch MHUO 2025 — abdominal visceral adipose tissue	2708	author_cell_type	1	1	1	3	0	
CAP	cap|2711	Reinisch MHNO 2025 — abdominal visceral adipose tissue	2711	author_cell_type	1	1	1	3	0	
CAP	cap|2712	Hinte NEFA 2024 — abdominal subcutaneous adipose tissue	2712	author_cell_type	1	2	2	7	0	
CAP	cap|2726	Massier 2023 — abdominal subcutaneous and omental adipose tissue	2726	author_cell_type	1	7	7	42	0	
CAP	cap|2739	Lazarescu 2025 — abdominal visceral adipose tissue	2739	author_cell_type	1	2	2	7	0	
CAP	cap|2740	Lazarescu 2025 — abdominal subcutaneous adipose tissue	2740	author_cell_type	1	1	1	4	0	
CAP	cap|2789	Single-nucleus RNA-seq of Asian Skeletal Muscle Reveals Ancestry-specific Regulatory Programs Across Metabolic States	2789	author_cell_type	1	10	10	60	0	
CAP	cap|2854	HCA Gut Cell Atlas v1 Myeloid Lineage	2854	Prelim annotation	1	10	10	52	5	10.1016/j.cell.2019.06.029; 10.1038/s41586-021-03852-1; 10.1084/jem.20222129; 10.1126/science.aah4573; 10.1182/bloodadvances.2022006969
CAP	cap|2855	HCA Gut Cell Atlas v1 Stromal Lineage	2855	Prelim annotation	1	17	17	66	0	
CAP	cap|2856	HCA Gut Cell Atlas v1 Epithelial Lineage	2856	Prelim annotation	1	22	22	100	1	10.1038/s41467-021-27901-5
CAP	cap|2857	HCA Gut Cell Atlas v1 Lymphoid Lineage	2857	Prelim annotation	1	23	23	90	0	
CAP	cap|2858	Human Gut Cell Atlas (HGCA) v1 - All Cells	2858	hgca_celltype_v0	1	70	70	291	6	10.1016/j.cell.2019.06.029; 10.1038/s41467-021-27901-5; 10.1038/s41586-021-03852-1; 10.1084/jem.20222129; 10.1126/science.aah4573; 10.1182/bloodadvances.2022006969
CAP	cap|2913	snRNAseq on trained and untrained human skeletal muscle from healthy donors	2913	author_cell_type	1	1	1	6	3	10.1038/s41586-024-07348-6; 10.1038/s43587-024-00613-3; 10.18632/aging.204435
CAP	cap|2926	Human intercostal skeletal muscle aging atlas (scRNA-seq and snRNA-seq, young vs aged)	2926	author_cell_type	1	38	37	167	24	10.1002/jcsm.13023; 10.1016/0092-8674(88)90463-1; 10.1016/j.cell.2019.05.054; 10.1016/j.celrep.2017.05.054; 10.1016/j.celrep.2017.10.080; 10.1016/j.molcel.2019.02.026; 10.1038/s41467-020-18789-8; 10.1038/s41467-020-20063-w; 10.1038/s41467-020-20064-9; 10.1038/s41586-021-03549-5; 10.1038/s41588-022-01243-4; 10.1038/s41591-024-03376-x; 10.1038/s41598-019-57110-6; 10.1126/science.aau0964; 10.1126/science.abl5197; 10.1128/MCB.00775-15; 10.1152/physrev.00033.2014; 10.1186/s13395-015-0046-6; 10.1186/s13395-020-00236-3; 10.1242/dev.174177; 10.1242/dev.183855; 10.18632/aging.204435; 10.3389/fncel.2021.624826; 10.7554/eLife.51576
CAP	cap|2980	Subcutaneous, omental, mesenteric, mesocolic, and epiploic adipose tissue (Jalkanen et al., 2026, Cell Met)	2980	author_cell_type	1	6	6	57	0	
CAP	cap|3012	Human Adipose Tissue Atlas v1.0 — ASPCs	3012	lvl3_cell_types	1	5	5	11	4	10.1016/j.cmet.2024.04.017; 10.1038/s42255-025-01296-9; 10.1038/s42255-025-01433-4; 10.1152/ajpcell.00838.2025
CAP	cap|3013	Human Adipose Tissue Atlas v1.0 — Vascular cells	3013	lvl2_cell_types; lvl3_cell_types	2	6	6	17	1	10.1038/s42255-025-01296-9
CAP	cap|3014	Human Adipose Tissue Atlas v1.0 — Mesothelial cells	3014	lvl2_cell_types; lvl3_cell_types	2	2	1	3	1	10.1038/s42255-025-01296-9
CAP	cap|3015	Human Adipose Tissue Atlas v1.0 — Abdominal Subcutaneous WAT	3015	lvl2_cell_types; lvl3_cell_types	2	35	33	100	10	10.1016/j.celrep.2018.06.110; 10.1016/j.cmet.2024.04.017; 10.1016/s1074-7613(01)00150-9; 10.1038/s42255-025-01296-9; 10.1038/s42255-025-01433-4; 10.1097/MOH.0000000000000476; 10.1152/ajpcell.00838.2025; 10.2119/molmed.2011.00144; 10.3390/cancers14143545; 10.57785/e9e1-wh09
CAP	cap|3016	Human Adipose Tissue Atlas v1.0 — Lymphoid cells	3016	lvl2_cell_types; lvl3_cell_types	2	12	11	31	3	10.1016/j.celrep.2018.06.110; 10.1038/s42255-025-01296-9; 10.57785/e9e1-wh09
CAP	cap|3017	Human Adipose Tissue Atlas v1.0 — Myeloid cells	3017	lvl2_cell_types; lvl3_cell_types	2	12	11	44	5	10.1016/s1074-7613(01)00150-9; 10.1038/s42255-025-01296-9; 10.1097/MOH.0000000000000476; 10.2119/molmed.2011.00144; 10.3390/cancers14143545
CAP	cap|3018	Human Adipose Tissue Atlas v1.0 — Cervical Subcutaneous WAT	3018	lvl2_cell_types; lvl3_cell_types	2	35	33	100	10	10.1016/j.celrep.2018.06.110; 10.1016/j.cmet.2024.04.017; 10.1016/s1074-7613(01)00150-9; 10.1038/s42255-025-01296-9; 10.1038/s42255-025-01433-4; 10.1097/MOH.0000000000000476; 10.1152/ajpcell.00838.2025; 10.2119/molmed.2011.00144; 10.3390/cancers14143545; 10.57785/e9e1-wh09
CAP	cap|3019	Human Adipose Tissue Atlas v1.0 — Abdominal Visceral WAT	3019	lvl2_cell_types; lvl3_cell_types	2	37	34	103	10	10.1016/j.celrep.2018.06.110; 10.1016/j.cmet.2024.04.017; 10.1016/s1074-7613(01)00150-9; 10.1038/s42255-025-01296-9; 10.1038/s42255-025-01433-4; 10.1097/MOH.0000000000000476; 10.1152/ajpcell.00838.2025; 10.2119/molmed.2011.00144; 10.3390/cancers14143545; 10.57785/e9e1-wh09
CAP	cap|3021	Human Adipose Tissue Atlas v1.0 — All cells	3021	lvl2_cell_types; lvl3_cell_types	2	37	34	103	10	10.1016/j.celrep.2018.06.110; 10.1016/j.cmet.2024.04.017; 10.1016/s1074-7613(01)00150-9; 10.1038/s42255-025-01296-9; 10.1038/s42255-025-01433-4; 10.1097/MOH.0000000000000476; 10.1152/ajpcell.00838.2025; 10.2119/molmed.2011.00144; 10.3390/cancers14143545; 10.57785/e9e1-wh09
CAP	cap|3052	scRNA-seq of the human retinal pigment epithelium and the choroid	3052	author_cell_type	1	8	8	25	0	
CAP	cap|3053	snRNA-seq of the human retinal pigment epithelium and the choroid - retinal pigment epithelial cells	3053	author_cell_type	1	5	5	7	0	
CAP	cap|3054	snRNA-seq of the human retinal pigment epithelium and the choroid	3054	author_cell_type	1	11	11	27	0	
CAP	cap|3055	snRNA-seq of the human retinal pigment epithelium and the choroid - all cells	3055	author_cell_type	1	8	8	16	0	
CAP	cap|3056	snRNA-seq of the human retinal pigment epithelium and the choroid - stromal cells	3056	author_cell_type	1	4	4	8	0	
CAP	cap|3057	snRNA-seq of the human retinal pigment epithelium and the choroid - endothelial cells	3057	author_cell_type	1	4	4	10	0	
CAP	cap|591	AIDA Phase 1 Data Freeze v2: Chinese, Indian, Japanese, Korean, Malay, and Thai donors in Japan, Singapore, South Korea, Thailand, and India	591	author_cell_type	1	19	19	68	0	
CAP	cap|816	Concerted changes in the pediatric single-cell intestinal ecosystem before and after anti-TNF blockade	816	celltype	1	45	45	128	5	10.1002/path.5751; 10.1016/j.immuni.2022.03.001; 10.1038/s41467-021-23587-x; 10.1038/s41467-022-33052-y; 10.1369/0022155417753363
CAP	cap|825	An Atlas of Cells in the Human Tonsil	825	cell_type_azimuth	1	42	42	163	54	10.1002/ctm2.1199; 10.1002/cyto.b.21162; 10.1002/eji.201242540; 10.1002/eji.201343751; 10.1002/eji.201646837; 10.1007/978-981-15-6407-9_1; 10.1016/j.ccell.2024.02.010; 10.1016/j.cell.2018.07.017; 10.1016/j.cell.2021.05.013; 10.1016/j.celrep.2018.07.033; 10.1016/j.celrep.2020.107773; 10.1016/j.immuni.2013.08.031; 10.1016/j.immuni.2014.10.004; 10.1016/j.immuni.2018.04.006; 10.1016/j.immuni.2019.04.011; 10.1016/j.immuni.2020.06.013; 10.1016/j.it.2013.07.002; 10.1016/j.it.2021.02.002; 10.1016/j.it.2022.01.003; 10.1038/ni.2428; 10.1038/nri3795; 10.1038/s41467-018-05784-3; 10.1038/s41467-020-15543-y; 10.1038/s41467-021-22973-9; 10.1038/s41577-020-0282-9; 10.1038/s41590-018-0181-4; 10.1038/s41590-020-0736-z; 10.1038/s41590-023-01575-1; 10.1073/pnas.0704723105; 10.1073/pnas.1705551114; 10.1073/pnas.1818488116; 10.1084/jem.20200483; 10.1084/jem.20210790; 10.1093/intimm/dxaa053; 10.1096/fj.202000181R; 10.1101/630657; 10.1111/bjh.13659; 10.1126/science.aah4573; 10.1126/science.aay3224; 10.1126/sciimmunol.abe6291; 10.1126/sciimmunol.abl5053; 10.1146/annurev-immunol-031210-101400; 10.1146/annurev-immunol-092419-031130; 10.1158/1078-0432.CCR-13-2367; 10.1158/2159-8290.CD-22-0561; 10.1172/JCI46125; 10.1182/blood.2023021990; 10.1182/bloodadvances.2022006969; 10.3389/fimmu.2018.00756; 10.3389/fimmu.2019.02345; 10.3389/fimmu.2020.00812; 10.3389/fimmu.2022.816005; 10.4049/jimmunol.1002828; 10.4049/jimmunol.181.7.4590
LLMarkers	llmarkers|biorxiv|001efeeb-7491-1014-a82f-ef19de5990ad	biorxiv:001efeeb-7491-1014-a82f-ef19de5990ad	001efeeb-7491-1014-a82f-ef19de5990ad		1	1	1	9	0	
LLMarkers	llmarkers|biorxiv|013a7c23-7117-1014-9b42-823175dea768	biorxiv:013a7c23-7117-1014-9b42-823175dea768	013a7c23-7117-1014-9b42-823175dea768		1	1	1	5	0	
LLMarkers	llmarkers|biorxiv|01e5e65d-751c-1014-a8e3-b5f1d7a951ab	biorxiv:01e5e65d-751c-1014-a8e3-b5f1d7a951ab	01e5e65d-751c-1014-a8e3-b5f1d7a951ab		1	5	5	39	0	
LLMarkers	llmarkers|biorxiv|03092aac-75a4-1014-b9cc-d44d468fbd97	biorxiv:03092aac-75a4-1014-b9cc-d44d468fbd97	03092aac-75a4-1014-b9cc-d44d468fbd97		1	11	11	31	0	
LLMarkers	llmarkers|biorxiv|06056998-6fcf-1014-a978-d2cf5726c0ad	biorxiv:06056998-6fcf-1014-a978-d2cf5726c0ad	06056998-6fcf-1014-a978-d2cf5726c0ad		1	1	1	4	0	
LLMarkers	llmarkers|biorxiv|0900c414-6db3-1014-86e7-ea4583587c92	biorxiv:0900c414-6db3-1014-86e7-ea4583587c92	0900c414-6db3-1014-86e7-ea4583587c92		1	1	1	4	0	
LLMarkers	llmarkers|biorxiv|09d40fbc-6c3d-1014-b39f-eee50a07ad3b	biorxiv:09d40fbc-6c3d-1014-b39f-eee50a07ad3b	09d40fbc-6c3d-1014-b39f-eee50a07ad3b		1	6	6	29	0	
LLMarkers	llmarkers|biorxiv|0a537c3c-6dba-1014-a3da-a09fc644eb0b	biorxiv:0a537c3c-6dba-1014-a3da-a09fc644eb0b	0a537c3c-6dba-1014-a3da-a09fc644eb0b		1	1	1	5	0	
LLMarkers	llmarkers|biorxiv|0b080d95-70b5-1014-9f85-f75794076023	biorxiv:0b080d95-70b5-1014-9f85-f75794076023	0b080d95-70b5-1014-9f85-f75794076023		1	1	1	3	0	
LLMarkers	llmarkers|biorxiv|0bcdadb5-70f3-1014-974d-abbf00aa9865	biorxiv:0bcdadb5-70f3-1014-974d-abbf00aa9865	0bcdadb5-70f3-1014-974d-abbf00aa9865		1	2	2	8	0	
LLMarkers	llmarkers|biorxiv|0bd28b37-6e2e-1014-871e-a496f0a6bacd	biorxiv:0bd28b37-6e2e-1014-871e-a496f0a6bacd	0bd28b37-6e2e-1014-871e-a496f0a6bacd		1	7	7	27	0	
LLMarkers	llmarkers|biorxiv|0c5b4463-70b4-1014-b7ae-f953f2710002	biorxiv:0c5b4463-70b4-1014-b7ae-f953f2710002	0c5b4463-70b4-1014-b7ae-f953f2710002		1	3	3	25	0	
LLMarkers	llmarkers|biorxiv|0d005ebb-6c05-1014-a888-cf4cdb861f63	biorxiv:0d005ebb-6c05-1014-a888-cf4cdb861f63	0d005ebb-6c05-1014-a888-cf4cdb861f63		1	1	1	3	0	
LLMarkers	llmarkers|biorxiv|0e94bf21-6c7c-1014-b6a7-bcc9b09c8181	biorxiv:0e94bf21-6c7c-1014-b6a7-bcc9b09c8181	0e94bf21-6c7c-1014-b6a7-bcc9b09c8181		1	15	15	51	0	
LLMarkers	llmarkers|biorxiv|10f6f17d-749e-1014-bdcf-fe1d1407f022	biorxiv:10f6f17d-749e-1014-bdcf-fe1d1407f022	10f6f17d-749e-1014-bdcf-fe1d1407f022		1	5	5	41	0	
LLMarkers	llmarkers|biorxiv|11b72b7e-6c1b-1014-84e4-aaf6df161d14	biorxiv:11b72b7e-6c1b-1014-84e4-aaf6df161d14	11b72b7e-6c1b-1014-84e4-aaf6df161d14		1	2	2	10	0	
LLMarkers	llmarkers|biorxiv|1219c420-6c6a-1014-afb9-e13c88e111ed	biorxiv:1219c420-6c6a-1014-afb9-e13c88e111ed	1219c420-6c6a-1014-afb9-e13c88e111ed		1	4	4	9	0	
LLMarkers	llmarkers|biorxiv|166eb232-7528-1014-af8e-ff8db1c08d2e	biorxiv:166eb232-7528-1014-af8e-ff8db1c08d2e	166eb232-7528-1014-af8e-ff8db1c08d2e		1	1	1	4	0	
LLMarkers	llmarkers|biorxiv|1819420a-7028-1014-9d82-b8532c727b67	biorxiv:1819420a-7028-1014-9d82-b8532c727b67	1819420a-7028-1014-9d82-b8532c727b67		1	2	2	10	0	
LLMarkers	llmarkers|biorxiv|1934a72f-6bf9-1014-9f9e-eb610960180d	biorxiv:1934a72f-6bf9-1014-9f9e-eb610960180d	1934a72f-6bf9-1014-9f9e-eb610960180d		1	1	1	3	0	
LLMarkers	llmarkers|biorxiv|1b938bfc-6db4-1014-bcdd-aff1924d9f72	biorxiv:1b938bfc-6db4-1014-bcdd-aff1924d9f72	1b938bfc-6db4-1014-bcdd-aff1924d9f72		1	2	2	5	0	
LLMarkers	llmarkers|biorxiv|1c7188d4-6df9-1014-ac27-b7cf1f27940e	biorxiv:1c7188d4-6df9-1014-ac27-b7cf1f27940e	1c7188d4-6df9-1014-ac27-b7cf1f27940e		1	6	6	29	0	
LLMarkers	llmarkers|biorxiv|1d26f338-6e4a-1014-b712-c54808557510	biorxiv:1d26f338-6e4a-1014-b712-c54808557510	1d26f338-6e4a-1014-b712-c54808557510		1	6	6	20	0	
LLMarkers	llmarkers|biorxiv|1e0a6787-73c3-1014-991b-bc3d9c192616	biorxiv:1e0a6787-73c3-1014-991b-bc3d9c192616	1e0a6787-73c3-1014-991b-bc3d9c192616		1	7	7	16	0	
LLMarkers	llmarkers|biorxiv|1e500b21-6c04-1014-adde-c104b14bbdad	biorxiv:1e500b21-6c04-1014-adde-c104b14bbdad	1e500b21-6c04-1014-adde-c104b14bbdad		1	4	4	13	0	
LLMarkers	llmarkers|biorxiv|1efd9fbe-6f02-1014-8df4-f37a8d806beb	biorxiv:1efd9fbe-6f02-1014-8df4-f37a8d806beb	1efd9fbe-6f02-1014-8df4-f37a8d806beb		1	2	2	5	0	
LLMarkers	llmarkers|biorxiv|1f87890c-7e00-1014-91de-cf40554be0ec	biorxiv:1f87890c-7e00-1014-91de-cf40554be0ec	1f87890c-7e00-1014-91de-cf40554be0ec		1	2	2	7	0	
LLMarkers	llmarkers|biorxiv|1fa7b83f-6da7-1014-a69d-d257852e8dd1	biorxiv:1fa7b83f-6da7-1014-a69d-d257852e8dd1	1fa7b83f-6da7-1014-a69d-d257852e8dd1		1	3	3	19	0	
LLMarkers	llmarkers|biorxiv|200cf446-75b0-1014-a31c-a786c6d74a08	biorxiv:200cf446-75b0-1014-a31c-a786c6d74a08	200cf446-75b0-1014-a31c-a786c6d74a08		1	1	1	5	0	
LLMarkers	llmarkers|biorxiv|219b21d9-7007-1014-9157-ab439216a355	biorxiv:219b21d9-7007-1014-9157-ab439216a355	219b21d9-7007-1014-9157-ab439216a355		1	24	24	70	0	
LLMarkers	llmarkers|biorxiv|2351d19e-6c56-1014-8708-9339c5f1215f	biorxiv:2351d19e-6c56-1014-8708-9339c5f1215f	2351d19e-6c56-1014-8708-9339c5f1215f		1	1	1	7	0	
LLMarkers	llmarkers|biorxiv|2439b48c-6d2d-1014-8b64-9f8fdc0d5fe9	biorxiv:2439b48c-6d2d-1014-8b64-9f8fdc0d5fe9	2439b48c-6d2d-1014-8b64-9f8fdc0d5fe9		1	6	6	21	0	
LLMarkers	llmarkers|biorxiv|24629940-6c09-1014-990c-ab0ee25195e2	biorxiv:24629940-6c09-1014-990c-ab0ee25195e2	24629940-6c09-1014-990c-ab0ee25195e2		1	2	2	6	0	
LLMarkers	llmarkers|biorxiv|2696a317-6c07-1014-9562-d326b0aa508e	biorxiv:2696a317-6c07-1014-9562-d326b0aa508e	2696a317-6c07-1014-9562-d326b0aa508e		1	4	4	27	0	
LLMarkers	llmarkers|biorxiv|2746af96-6da7-1014-ab14-859a63e4801c	biorxiv:2746af96-6da7-1014-ab14-859a63e4801c	2746af96-6da7-1014-ab14-859a63e4801c		1	1	1	3	0	
LLMarkers	llmarkers|biorxiv|29ae8fb9-6d50-1014-8923-847f08fdc25e	biorxiv:29ae8fb9-6d50-1014-8923-847f08fdc25e	29ae8fb9-6d50-1014-8923-847f08fdc25e		1	2	2	11	0	
LLMarkers	llmarkers|biorxiv|29dae57b-6d36-1014-8489-e77255373be6	biorxiv:29dae57b-6d36-1014-8489-e77255373be6	29dae57b-6d36-1014-8489-e77255373be6		1	2	2	11	0	
LLMarkers	llmarkers|biorxiv|2db922a0-7010-1014-aa5e-9a5620278c90	biorxiv:2db922a0-7010-1014-aa5e-9a5620278c90	2db922a0-7010-1014-aa5e-9a5620278c90		1	13	13	42	0	
LLMarkers	llmarkers|biorxiv|2e0cb1c8-7146-1014-adb8-b57e9dddb191	biorxiv:2e0cb1c8-7146-1014-adb8-b57e9dddb191	2e0cb1c8-7146-1014-adb8-b57e9dddb191		1	4	4	25	0	
LLMarkers	llmarkers|biorxiv|2f0bc005-6d0e-1014-97e7-b0ad1a9b0569	biorxiv:2f0bc005-6d0e-1014-97e7-b0ad1a9b0569	2f0bc005-6d0e-1014-97e7-b0ad1a9b0569		1	1	1	3	0	
LLMarkers	llmarkers|biorxiv|307b2bd7-6cb9-1014-a6b4-a58a7220bba3	biorxiv:307b2bd7-6cb9-1014-a6b4-a58a7220bba3	307b2bd7-6cb9-1014-a6b4-a58a7220bba3		1	6	5	20	0	
LLMarkers	llmarkers|biorxiv|30a348aa-6c75-1014-b586-8a08f0d76748	biorxiv:30a348aa-6c75-1014-b586-8a08f0d76748	30a348aa-6c75-1014-b586-8a08f0d76748		1	2	2	8	0	
LLMarkers	llmarkers|biorxiv|315fa881-726d-1014-9d3d-bbe9b5731a1d	biorxiv:315fa881-726d-1014-9d3d-bbe9b5731a1d	315fa881-726d-1014-9d3d-bbe9b5731a1d		1	6	6	8	0	
LLMarkers	llmarkers|biorxiv|345515b9-73b8-1014-926f-ccb5414f8f48	biorxiv:345515b9-73b8-1014-926f-ccb5414f8f48	345515b9-73b8-1014-926f-ccb5414f8f48		1	1	1	7	0	
LLMarkers	llmarkers|biorxiv|3491a20c-6c0b-1014-8496-82b032785c2c	biorxiv:3491a20c-6c0b-1014-8496-82b032785c2c	3491a20c-6c0b-1014-8496-82b032785c2c		1	3	3	26	0	
LLMarkers	llmarkers|biorxiv|35208be1-70ce-1014-9f75-f7d24dac9096	biorxiv:35208be1-70ce-1014-9f75-f7d24dac9096	35208be1-70ce-1014-9f75-f7d24dac9096		1	11	11	37	0	
LLMarkers	llmarkers|biorxiv|36b52534-7118-1014-9621-c8d35d0ed1df	biorxiv:36b52534-7118-1014-9621-c8d35d0ed1df	36b52534-7118-1014-9621-c8d35d0ed1df		1	1	1	7	0	
LLMarkers	llmarkers|biorxiv|37132c64-6c91-1014-a7ae-a25544128cc2	biorxiv:37132c64-6c91-1014-a7ae-a25544128cc2	37132c64-6c91-1014-a7ae-a25544128cc2		1	4	4	12	0	
LLMarkers	llmarkers|biorxiv|37af1a73-74bd-1014-bb95-96ab82111b0d	biorxiv:37af1a73-74bd-1014-bb95-96ab82111b0d	37af1a73-74bd-1014-bb95-96ab82111b0d		1	1	1	5	0	
LLMarkers	llmarkers|biorxiv|380e1251-6c2c-1014-8b2d-a217f3491f5e	biorxiv:380e1251-6c2c-1014-8b2d-a217f3491f5e	380e1251-6c2c-1014-8b2d-a217f3491f5e		1	4	4	16	0	
LLMarkers	llmarkers|biorxiv|38f92858-6c77-1014-a70a-b9d4e7b85d53	biorxiv:38f92858-6c77-1014-a70a-b9d4e7b85d53	38f92858-6c77-1014-a70a-b9d4e7b85d53		1	3	3	7	0	
LLMarkers	llmarkers|biorxiv|3912ca11-6e98-1014-9c67-9a3ee3e3b07f	biorxiv:3912ca11-6e98-1014-9c67-9a3ee3e3b07f	3912ca11-6e98-1014-9c67-9a3ee3e3b07f		1	1	1	7	0	
LLMarkers	llmarkers|biorxiv|39510275-6e7f-1014-81d5-da3b7edd0de0	biorxiv:39510275-6e7f-1014-81d5-da3b7edd0de0	39510275-6e7f-1014-81d5-da3b7edd0de0		1	1	1	5	0	
LLMarkers	llmarkers|biorxiv|39623bbc-6d42-1014-9e37-a92d75e9c8ca	biorxiv:39623bbc-6d42-1014-9e37-a92d75e9c8ca	39623bbc-6d42-1014-9e37-a92d75e9c8ca		1	6	6	21	0	
LLMarkers	llmarkers|biorxiv|396ad855-6e2e-1014-85f5-9bd33dea0f81	biorxiv:396ad855-6e2e-1014-85f5-9bd33dea0f81	396ad855-6e2e-1014-85f5-9bd33dea0f81		1	3	3	20	0	
LLMarkers	llmarkers|biorxiv|3ae0337b-6d88-1014-9c93-86c75bb9b558	biorxiv:3ae0337b-6d88-1014-9c93-86c75bb9b558	3ae0337b-6d88-1014-9c93-86c75bb9b558		1	2	2	27	0	
LLMarkers	llmarkers|biorxiv|3b950402-6cf0-1014-89b7-e9ca05b505d3	biorxiv:3b950402-6cf0-1014-89b7-e9ca05b505d3	3b950402-6cf0-1014-89b7-e9ca05b505d3		1	1	1	5	0	
LLMarkers	llmarkers|biorxiv|416666f2-6cf5-1014-99b7-f739c447cf39	biorxiv:416666f2-6cf5-1014-99b7-f739c447cf39	416666f2-6cf5-1014-99b7-f739c447cf39		1	1	1	4	0	
LLMarkers	llmarkers|biorxiv|41a5df78-7c74-1014-a3a2-9b6aef50b1e5	biorxiv:41a5df78-7c74-1014-a3a2-9b6aef50b1e5	41a5df78-7c74-1014-a3a2-9b6aef50b1e5		1	2	2	9	0	
LLMarkers	llmarkers|biorxiv|43f76ba1-77d9-1014-bca2-dc4d32e94b3c	biorxiv:43f76ba1-77d9-1014-bca2-dc4d32e94b3c	43f76ba1-77d9-1014-bca2-dc4d32e94b3c		1	1	1	6	0	
LLMarkers	llmarkers|biorxiv|446f40c7-6f7f-1014-8708-b70b3848c315	biorxiv:446f40c7-6f7f-1014-8708-b70b3848c315	446f40c7-6f7f-1014-8708-b70b3848c315		1	20	20	68	0	
LLMarkers	llmarkers|biorxiv|466eace1-7692-1014-9cbc-8d16e477b905	biorxiv:466eace1-7692-1014-9cbc-8d16e477b905	466eace1-7692-1014-9cbc-8d16e477b905		1	3	3	3	0	
LLMarkers	llmarkers|biorxiv|46ff2083-6fc4-1014-a2bb-cccc45a311c7	biorxiv:46ff2083-6fc4-1014-a2bb-cccc45a311c7	46ff2083-6fc4-1014-a2bb-cccc45a311c7		1	4	4	21	0	
LLMarkers	llmarkers|biorxiv|48122146-7aab-1014-a240-edfb3f67c90f	biorxiv:48122146-7aab-1014-a240-edfb3f67c90f	48122146-7aab-1014-a240-edfb3f67c90f		1	6	6	18	0	
LLMarkers	llmarkers|biorxiv|4c4207c3-7213-1014-8a55-9b25fcf723e1	biorxiv:4c4207c3-7213-1014-8a55-9b25fcf723e1	4c4207c3-7213-1014-8a55-9b25fcf723e1		1	2	2	13	0	
LLMarkers	llmarkers|biorxiv|4c59ca94-6c5e-1014-84d0-e9a5aa46ffef	biorxiv:4c59ca94-6c5e-1014-84d0-e9a5aa46ffef	4c59ca94-6c5e-1014-84d0-e9a5aa46ffef		1	4	4	29	0	
LLMarkers	llmarkers|biorxiv|4d508308-6c00-1014-97df-8810bda21050	biorxiv:4d508308-6c00-1014-97df-8810bda21050	4d508308-6c00-1014-97df-8810bda21050		1	5	5	34	0	
LLMarkers	llmarkers|biorxiv|4d82e271-6c19-1014-9dbc-85c7d06c8caf	biorxiv:4d82e271-6c19-1014-9dbc-85c7d06c8caf	4d82e271-6c19-1014-9dbc-85c7d06c8caf		1	3	3	10	0	
LLMarkers	llmarkers|biorxiv|50c888ca-6c09-1014-89ca-dc13eaf87e62	biorxiv:50c888ca-6c09-1014-89ca-dc13eaf87e62	50c888ca-6c09-1014-89ca-dc13eaf87e62		1	4	4	10	0	
LLMarkers	llmarkers|biorxiv|5183da06-6c7a-1014-bb2c-9a559be552c7	biorxiv:5183da06-6c7a-1014-bb2c-9a559be552c7	5183da06-6c7a-1014-bb2c-9a559be552c7		1	1	1	3	0	
LLMarkers	llmarkers|biorxiv|51fac41a-6c0a-1014-9c40-ecb16ebed7ec	biorxiv:51fac41a-6c0a-1014-9c40-ecb16ebed7ec	51fac41a-6c0a-1014-9c40-ecb16ebed7ec		1	2	2	6	0	
LLMarkers	llmarkers|biorxiv|5200cce7-72d7-1014-98f6-994ae061fa4b	biorxiv:5200cce7-72d7-1014-98f6-994ae061fa4b	5200cce7-72d7-1014-98f6-994ae061fa4b		1	3	3	6	0	
LLMarkers	llmarkers|biorxiv|5337c5de-6d7b-1014-83c4-bb815278a53f	biorxiv:5337c5de-6d7b-1014-83c4-bb815278a53f	5337c5de-6d7b-1014-83c4-bb815278a53f		1	1	1	6	0	
LLMarkers	llmarkers|biorxiv|53fe4c58-6d7e-1014-9234-a9ab6cb90679	biorxiv:53fe4c58-6d7e-1014-9234-a9ab6cb90679	53fe4c58-6d7e-1014-9234-a9ab6cb90679		1	7	7	27	0	
LLMarkers	llmarkers|biorxiv|54c905c7-6e9f-1014-9168-935cc2dc841b	biorxiv:54c905c7-6e9f-1014-9168-935cc2dc841b	54c905c7-6e9f-1014-9168-935cc2dc841b		1	2	2	8	0	
LLMarkers	llmarkers|biorxiv|558bd04f-7a31-1014-843e-87e03b8b4f81	biorxiv:558bd04f-7a31-1014-843e-87e03b8b4f81	558bd04f-7a31-1014-843e-87e03b8b4f81		1	1	1	44	0	
LLMarkers	llmarkers|biorxiv|55d0fee5-7079-1014-8ef3-9aa3522a8f21	biorxiv:55d0fee5-7079-1014-8ef3-9aa3522a8f21	55d0fee5-7079-1014-8ef3-9aa3522a8f21		1	4	4	21	0	
LLMarkers	llmarkers|biorxiv|57ac822b-6c7d-1014-a047-d6c2f45edeb7	biorxiv:57ac822b-6c7d-1014-a047-d6c2f45edeb7	57ac822b-6c7d-1014-a047-d6c2f45edeb7		1	1	1	3	0	
LLMarkers	llmarkers|biorxiv|581b3311-6d06-1014-8bb1-e34795ede71e	biorxiv:581b3311-6d06-1014-8bb1-e34795ede71e	581b3311-6d06-1014-8bb1-e34795ede71e		1	3	3	10	0	
LLMarkers	llmarkers|biorxiv|5a3c7d4e-70da-1014-80b6-cd48bfa975fe	biorxiv:5a3c7d4e-70da-1014-80b6-cd48bfa975fe	5a3c7d4e-70da-1014-80b6-cd48bfa975fe		1	10	10	34	0	
LLMarkers	llmarkers|biorxiv|5c1d40eb-7190-1014-a458-8ab6cf3c7650	biorxiv:5c1d40eb-7190-1014-a458-8ab6cf3c7650	5c1d40eb-7190-1014-a458-8ab6cf3c7650		1	5	5	15	0	
LLMarkers	llmarkers|biorxiv|5daa9342-6d02-1014-8cb5-fa421631d820	biorxiv:5daa9342-6d02-1014-8cb5-fa421631d820	5daa9342-6d02-1014-8cb5-fa421631d820		1	3	3	22	0	
LLMarkers	llmarkers|biorxiv|5dff1c13-6c00-1014-9211-b5130fed8524	biorxiv:5dff1c13-6c00-1014-9211-b5130fed8524	5dff1c13-6c00-1014-9211-b5130fed8524		1	2	2	11	0	
LLMarkers	llmarkers|biorxiv|611722dd-8008-1014-b70e-fa0b81b0ac37	biorxiv:611722dd-8008-1014-b70e-fa0b81b0ac37	611722dd-8008-1014-b70e-fa0b81b0ac37		1	6	6	19	0	
LLMarkers	llmarkers|biorxiv|611ca78b-6e32-1014-bb2a-be11d7247499	biorxiv:611ca78b-6e32-1014-bb2a-be11d7247499	611ca78b-6e32-1014-bb2a-be11d7247499		1	1	1	5	0	
LLMarkers	llmarkers|biorxiv|64ab9878-6ed8-1014-99e3-9a1ae6ef730b	biorxiv:64ab9878-6ed8-1014-99e3-9a1ae6ef730b	64ab9878-6ed8-1014-99e3-9a1ae6ef730b		1	1	1	3	0	
LLMarkers	llmarkers|biorxiv|653bfd04-6cbf-1014-864b-c74846f5cd96	biorxiv:653bfd04-6cbf-1014-864b-c74846f5cd96	653bfd04-6cbf-1014-864b-c74846f5cd96		1	2	2	10	0	
LLMarkers	llmarkers|biorxiv|671955ed-77d7-1014-aa23-8c904fbe705b	biorxiv:671955ed-77d7-1014-aa23-8c904fbe705b	671955ed-77d7-1014-aa23-8c904fbe705b		1	1	1	7	0	
LLMarkers	llmarkers|biorxiv|67812075-6cb0-1014-be80-b30d7aa39355	biorxiv:67812075-6cb0-1014-be80-b30d7aa39355	67812075-6cb0-1014-be80-b30d7aa39355		1	1	1	3	0	
LLMarkers	llmarkers|biorxiv|67d3e1aa-726e-1014-b774-e6c3f2e9206c	biorxiv:67d3e1aa-726e-1014-b774-e6c3f2e9206c	67d3e1aa-726e-1014-b774-e6c3f2e9206c		1	1	1	3	0	
LLMarkers	llmarkers|biorxiv|6c7d90a7-6cd2-1014-aa88-ae3f4e676730	biorxiv:6c7d90a7-6cd2-1014-aa88-ae3f4e676730	6c7d90a7-6cd2-1014-aa88-ae3f4e676730		1	3	3	18	0	
LLMarkers	llmarkers|biorxiv|6c878fac-7162-1014-9b25-c2cbd95b5043	biorxiv:6c878fac-7162-1014-9b25-c2cbd95b5043	6c878fac-7162-1014-9b25-c2cbd95b5043		1	1	1	3	0	
LLMarkers	llmarkers|biorxiv|6ca25eee-7853-1014-8aed-fc8cff0a87e5	biorxiv:6ca25eee-7853-1014-8aed-fc8cff0a87e5	6ca25eee-7853-1014-8aed-fc8cff0a87e5		1	15	15	41	0	
LLMarkers	llmarkers|biorxiv|6d9efef4-7eed-1014-969e-94bff073d27f	biorxiv:6d9efef4-7eed-1014-969e-94bff073d27f	6d9efef4-7eed-1014-969e-94bff073d27f		1	1	1	4	0	
LLMarkers	llmarkers|biorxiv|6f28f2e1-6c20-1014-910c-d12c701e7668	biorxiv:6f28f2e1-6c20-1014-910c-d12c701e7668	6f28f2e1-6c20-1014-910c-d12c701e7668		1	8	8	28	0	
LLMarkers	llmarkers|biorxiv|6f8501d1-6fb7-1014-a0e2-ce465eab4dbd	biorxiv:6f8501d1-6fb7-1014-a0e2-ce465eab4dbd	6f8501d1-6fb7-1014-a0e2-ce465eab4dbd		1	3	3	16	0	
LLMarkers	llmarkers|biorxiv|6fb28072-6dd0-1014-8b19-92c97662cd76	biorxiv:6fb28072-6dd0-1014-8b19-92c97662cd76	6fb28072-6dd0-1014-8b19-92c97662cd76		1	1	1	5	0	
LLMarkers	llmarkers|biorxiv|700d25d7-7306-1014-9c30-ec481bfe1ae1	biorxiv:700d25d7-7306-1014-9c30-ec481bfe1ae1	700d25d7-7306-1014-9c30-ec481bfe1ae1		1	2	2	18	0	
LLMarkers	llmarkers|biorxiv|72d8cdf5-6fa5-1014-b805-ea9c7c557043	biorxiv:72d8cdf5-6fa5-1014-b805-ea9c7c557043	72d8cdf5-6fa5-1014-b805-ea9c7c557043		1	3	3	14	0	
LLMarkers	llmarkers|biorxiv|736bec2d-70bc-1014-bc7a-9d003fe8a69f	biorxiv:736bec2d-70bc-1014-bc7a-9d003fe8a69f	736bec2d-70bc-1014-bc7a-9d003fe8a69f		1	4	4	13	0	
LLMarkers	llmarkers|biorxiv|74193868-6d98-1014-a02e-d07ed370ea57	biorxiv:74193868-6d98-1014-a02e-d07ed370ea57	74193868-6d98-1014-a02e-d07ed370ea57		1	1	1	6	0	
LLMarkers	llmarkers|biorxiv|750a2ba6-6eaa-1014-b156-e23e824a62e0	biorxiv:750a2ba6-6eaa-1014-b156-e23e824a62e0	750a2ba6-6eaa-1014-b156-e23e824a62e0		1	3	3	19	0	
LLMarkers	llmarkers|biorxiv|771e3d5c-7119-1014-bcb2-db210f671702	biorxiv:771e3d5c-7119-1014-bcb2-db210f671702	771e3d5c-7119-1014-bcb2-db210f671702		1	1	1	3	0	
LLMarkers	llmarkers|biorxiv|77d5f6bb-6c27-1014-a74d-a25d8b68d181	biorxiv:77d5f6bb-6c27-1014-a74d-a25d8b68d181	77d5f6bb-6c27-1014-a74d-a25d8b68d181		1	4	4	56	0	
LLMarkers	llmarkers|biorxiv|78211bc7-6c0f-1014-bc42-c103d41718b8	biorxiv:78211bc7-6c0f-1014-bc42-c103d41718b8	78211bc7-6c0f-1014-bc42-c103d41718b8		1	12	12	52	0	
LLMarkers	llmarkers|biorxiv|783f7e3b-7683-1014-81ff-bc1eeadb858f	biorxiv:783f7e3b-7683-1014-81ff-bc1eeadb858f	783f7e3b-7683-1014-81ff-bc1eeadb858f		1	2	2	6	0	
LLMarkers	llmarkers|biorxiv|7883a920-6c54-1014-9611-e2c343a4c7dc	biorxiv:7883a920-6c54-1014-9611-e2c343a4c7dc	7883a920-6c54-1014-9611-e2c343a4c7dc		1	5	5	15	0	
LLMarkers	llmarkers|biorxiv|78e3a11a-7eb2-1014-99eb-f342cda99662	biorxiv:78e3a11a-7eb2-1014-99eb-f342cda99662	78e3a11a-7eb2-1014-99eb-f342cda99662		1	5	5	16	0	
LLMarkers	llmarkers|biorxiv|7a206a01-6c0e-1014-b046-f87c164ca53d	biorxiv:7a206a01-6c0e-1014-b046-f87c164ca53d	7a206a01-6c0e-1014-b046-f87c164ca53d		1	5	5	24	0	
LLMarkers	llmarkers|biorxiv|7c2da8c6-7024-1014-8c11-de157ff3a710	biorxiv:7c2da8c6-7024-1014-8c11-de157ff3a710	7c2da8c6-7024-1014-8c11-de157ff3a710		1	2	1	46	0	
LLMarkers	llmarkers|biorxiv|7c369d90-739f-1014-825b-83f20b310b82	biorxiv:7c369d90-739f-1014-825b-83f20b310b82	7c369d90-739f-1014-825b-83f20b310b82		1	1	1	7	0	
LLMarkers	llmarkers|biorxiv|7d48f408-80c3-1014-8100-959ab60f80b6	biorxiv:7d48f408-80c3-1014-8100-959ab60f80b6	7d48f408-80c3-1014-8100-959ab60f80b6		1	4	4	18	0	
LLMarkers	llmarkers|biorxiv|8060bfa3-6d4f-1014-b2ea-be74caad434f	biorxiv:8060bfa3-6d4f-1014-b2ea-be74caad434f	8060bfa3-6d4f-1014-b2ea-be74caad434f		1	1	1	4	0	
LLMarkers	llmarkers|biorxiv|824fd1db-6db8-1014-aa73-9a84848dcec3	biorxiv:824fd1db-6db8-1014-aa73-9a84848dcec3	824fd1db-6db8-1014-aa73-9a84848dcec3		1	3	3	9	0	
LLMarkers	llmarkers|biorxiv|83bdb6b6-6c6e-1014-9f71-e3b544524924	biorxiv:83bdb6b6-6c6e-1014-9f71-e3b544524924	83bdb6b6-6c6e-1014-9f71-e3b544524924		1	6	6	54	0	
LLMarkers	llmarkers|biorxiv|83c8ac0b-6e16-1014-a00e-d78ba7f4ca02	biorxiv:83c8ac0b-6e16-1014-a00e-d78ba7f4ca02	83c8ac0b-6e16-1014-a00e-d78ba7f4ca02		1	3	3	10	0	
LLMarkers	llmarkers|biorxiv|84e54dbc-6c17-1014-b8ff-c69d804e210e	biorxiv:84e54dbc-6c17-1014-b8ff-c69d804e210e	84e54dbc-6c17-1014-b8ff-c69d804e210e		1	2	2	15	0	
LLMarkers	llmarkers|biorxiv|84ed12c4-6e9b-1014-9992-a35711e43c7c	biorxiv:84ed12c4-6e9b-1014-9992-a35711e43c7c	84ed12c4-6e9b-1014-9992-a35711e43c7c		1	1	1	3	0	
LLMarkers	llmarkers|biorxiv|876ca999-6c0e-1014-8ed9-e7563228589e	biorxiv:876ca999-6c0e-1014-8ed9-e7563228589e	876ca999-6c0e-1014-8ed9-e7563228589e		1	14	14	51	0	
LLMarkers	llmarkers|biorxiv|88b6dd17-6fa5-1014-96e8-90837e572e81	biorxiv:88b6dd17-6fa5-1014-96e8-90837e572e81	88b6dd17-6fa5-1014-96e8-90837e572e81		1	4	4	16	0	
LLMarkers	llmarkers|biorxiv|8a79edc5-6e0d-1014-bd87-aa1de4068967	biorxiv:8a79edc5-6e0d-1014-bd87-aa1de4068967	8a79edc5-6e0d-1014-bd87-aa1de4068967		1	4	4	36	0	
LLMarkers	llmarkers|biorxiv|8bff4e38-6c13-1014-bcce-e068e3eafd28	biorxiv:8bff4e38-6c13-1014-bcce-e068e3eafd28	8bff4e38-6c13-1014-bcce-e068e3eafd28		1	6	6	29	0	
LLMarkers	llmarkers|biorxiv|8c3ef8a4-6c0e-1014-9b81-f1618d3e39b1	biorxiv:8c3ef8a4-6c0e-1014-9b81-f1618d3e39b1	8c3ef8a4-6c0e-1014-9b81-f1618d3e39b1		1	5	5	14	0	
LLMarkers	llmarkers|biorxiv|8e460cfc-7020-1014-9694-e5bf39316223	biorxiv:8e460cfc-7020-1014-9694-e5bf39316223	8e460cfc-7020-1014-9694-e5bf39316223		1	1	1	3	0	
LLMarkers	llmarkers|biorxiv|8f45ef4c-6d70-1014-815c-a556cc0c38ce	biorxiv:8f45ef4c-6d70-1014-815c-a556cc0c38ce	8f45ef4c-6d70-1014-815c-a556cc0c38ce		1	3	3	13	0	
LLMarkers	llmarkers|biorxiv|9081da13-83e1-1014-ba34-dc521a45201b	biorxiv:9081da13-83e1-1014-ba34-dc521a45201b	9081da13-83e1-1014-ba34-dc521a45201b		1	2	2	6	0	
LLMarkers	llmarkers|biorxiv|9263ba65-6c09-1014-b701-af82efb9455d	biorxiv:9263ba65-6c09-1014-b701-af82efb9455d	9263ba65-6c09-1014-b701-af82efb9455d		1	1	1	4	0	
LLMarkers	llmarkers|biorxiv|9338c4d5-712d-1014-b47b-dc1970abe2d9	biorxiv:9338c4d5-712d-1014-b47b-dc1970abe2d9	9338c4d5-712d-1014-b47b-dc1970abe2d9		1	6	6	28	0	
LLMarkers	llmarkers|biorxiv|96c0ca44-7598-1014-bd6e-c97aae1f298a	biorxiv:96c0ca44-7598-1014-bd6e-c97aae1f298a	96c0ca44-7598-1014-bd6e-c97aae1f298a		1	8	8	27	0	
LLMarkers	llmarkers|biorxiv|971fc928-7029-1014-9faa-c9d63a921f72	biorxiv:971fc928-7029-1014-9faa-c9d63a921f72	971fc928-7029-1014-9faa-c9d63a921f72		1	1	1	12	0	
LLMarkers	llmarkers|biorxiv|98d19bc0-7b12-1014-9641-857e081ce400	biorxiv:98d19bc0-7b12-1014-9641-857e081ce400	98d19bc0-7b12-1014-9641-857e081ce400		1	7	7	21	0	
LLMarkers	llmarkers|biorxiv|9912495b-7074-1014-acf9-d95bb2127278	biorxiv:9912495b-7074-1014-acf9-d95bb2127278	9912495b-7074-1014-acf9-d95bb2127278		1	1	1	3	0	
LLMarkers	llmarkers|biorxiv|99e5c433-6bf4-1014-a840-83babdf09f03	biorxiv:99e5c433-6bf4-1014-a840-83babdf09f03	99e5c433-6bf4-1014-a840-83babdf09f03		1	3	3	8	0	
LLMarkers	llmarkers|biorxiv|9a5466f2-6c88-1014-bd5d-ff8513618027	biorxiv:9a5466f2-6c88-1014-bd5d-ff8513618027	9a5466f2-6c88-1014-bd5d-ff8513618027		1	4	4	14	0	
LLMarkers	llmarkers|biorxiv|9aa22010-6e01-1014-bc26-9535140d955f	biorxiv:9aa22010-6e01-1014-bc26-9535140d955f	9aa22010-6e01-1014-bc26-9535140d955f		1	13	13	38	0	
LLMarkers	llmarkers|biorxiv|9b741001-784a-1014-b0c0-93f88f9233f4	biorxiv:9b741001-784a-1014-b0c0-93f88f9233f4	9b741001-784a-1014-b0c0-93f88f9233f4		1	3	3	14	0	
LLMarkers	llmarkers|biorxiv|9bdb3107-6c43-1014-b168-b2ab3b1b366a	biorxiv:9bdb3107-6c43-1014-b168-b2ab3b1b366a	9bdb3107-6c43-1014-b168-b2ab3b1b366a		1	1	1	3	0	
LLMarkers	llmarkers|biorxiv|9c7f8281-6c21-1014-a6df-b6c543b29cb8	biorxiv:9c7f8281-6c21-1014-a6df-b6c543b29cb8	9c7f8281-6c21-1014-a6df-b6c543b29cb8		1	3	3	13	0	
LLMarkers	llmarkers|biorxiv|9ca649fd-6cf8-1014-8427-cac0001a663e	biorxiv:9ca649fd-6cf8-1014-8427-cac0001a663e	9ca649fd-6cf8-1014-8427-cac0001a663e		1	1	1	3	0	
LLMarkers	llmarkers|biorxiv|9d923a25-6c34-1014-a848-e326c14e92ee	biorxiv:9d923a25-6c34-1014-a848-e326c14e92ee	9d923a25-6c34-1014-a848-e326c14e92ee		1	7	7	57	0	
LLMarkers	llmarkers|biorxiv|9e5c18fc-76e5-1014-9f81-96148d260e0f	biorxiv:9e5c18fc-76e5-1014-9f81-96148d260e0f	9e5c18fc-76e5-1014-9f81-96148d260e0f		1	4	4	9	0	
LLMarkers	llmarkers|biorxiv|9ea3f9c1-6d62-1014-8a0f-e0eee23ad569	biorxiv:9ea3f9c1-6d62-1014-8a0f-e0eee23ad569	9ea3f9c1-6d62-1014-8a0f-e0eee23ad569		1	2	2	11	0	
LLMarkers	llmarkers|biorxiv|9f961596-7f11-1014-8c2f-a898bdc06a6d	biorxiv:9f961596-7f11-1014-8c2f-a898bdc06a6d	9f961596-7f11-1014-8c2f-a898bdc06a6d		1	14	14	34	0	
LLMarkers	llmarkers|biorxiv|9f9eded3-6d6e-1014-996d-af8f6f192d54	biorxiv:9f9eded3-6d6e-1014-996d-af8f6f192d54	9f9eded3-6d6e-1014-996d-af8f6f192d54		1	18	18	64	0	
LLMarkers	llmarkers|biorxiv|a0900ed8-7609-1014-846c-dd411913591f	biorxiv:a0900ed8-7609-1014-846c-dd411913591f	a0900ed8-7609-1014-846c-dd411913591f		1	6	5	24	0	
LLMarkers	llmarkers|biorxiv|a4dfbfd9-7f07-1014-9596-9cebe6ee6cbb	biorxiv:a4dfbfd9-7f07-1014-9596-9cebe6ee6cbb	a4dfbfd9-7f07-1014-9596-9cebe6ee6cbb		1	1	1	5	0	
LLMarkers	llmarkers|biorxiv|a54482c5-73e0-1014-b3b0-b8dec8f62e56	biorxiv:a54482c5-73e0-1014-b3b0-b8dec8f62e56	a54482c5-73e0-1014-b3b0-b8dec8f62e56		1	1	1	3	0	
LLMarkers	llmarkers|biorxiv|a63583e3-6c7b-1014-a201-b82bec671474	biorxiv:a63583e3-6c7b-1014-a201-b82bec671474	a63583e3-6c7b-1014-a201-b82bec671474		1	6	6	28	0	
LLMarkers	llmarkers|biorxiv|a6f25093-6d09-1014-a4b3-a2ea051baaac	biorxiv:a6f25093-6d09-1014-a4b3-a2ea051baaac	a6f25093-6d09-1014-a4b3-a2ea051baaac		1	1	1	6	0	
LLMarkers	llmarkers|biorxiv|a6ffed23-717d-1014-ae02-d2e67f78dddd	biorxiv:a6ffed23-717d-1014-ae02-d2e67f78dddd	a6ffed23-717d-1014-ae02-d2e67f78dddd		1	3	3	9	0	
LLMarkers	llmarkers|biorxiv|a83150af-6e3c-1014-8107-a71f7784ca4d	biorxiv:a83150af-6e3c-1014-8107-a71f7784ca4d	a83150af-6e3c-1014-8107-a71f7784ca4d		1	1	1	3	0	
LLMarkers	llmarkers|biorxiv|a96dba70-6cf7-1014-a294-bf2ca6d364a0	biorxiv:a96dba70-6cf7-1014-a294-bf2ca6d364a0	a96dba70-6cf7-1014-a294-bf2ca6d364a0		1	3	3	32	0	
LLMarkers	llmarkers|biorxiv|a9b298c9-7797-1014-9b95-8bbbe23c746a	biorxiv:a9b298c9-7797-1014-9b95-8bbbe23c746a	a9b298c9-7797-1014-9b95-8bbbe23c746a		1	2	2	7	0	
LLMarkers	llmarkers|biorxiv|ab05f819-6c04-1014-81aa-9646e853264a	biorxiv:ab05f819-6c04-1014-81aa-9646e853264a	ab05f819-6c04-1014-81aa-9646e853264a		1	10	10	29	0	
LLMarkers	llmarkers|biorxiv|ab2a1489-7001-1014-b2bf-f5e47d205c33	biorxiv:ab2a1489-7001-1014-b2bf-f5e47d205c33	ab2a1489-7001-1014-b2bf-f5e47d205c33		1	2	2	9	0	
LLMarkers	llmarkers|biorxiv|acd52af7-6c95-1014-8d0b-873ff14c4a57	biorxiv:acd52af7-6c95-1014-8d0b-873ff14c4a57	acd52af7-6c95-1014-8d0b-873ff14c4a57		1	3	3	22	0	
LLMarkers	llmarkers|biorxiv|ae5f009e-6d7a-1014-8ed6-cd1c0d2e0ada	biorxiv:ae5f009e-6d7a-1014-8ed6-cd1c0d2e0ada	ae5f009e-6d7a-1014-8ed6-cd1c0d2e0ada		1	5	5	43	0	
LLMarkers	llmarkers|biorxiv|b01f00d1-6e6e-1014-8e4a-e846f4b1debe	biorxiv:b01f00d1-6e6e-1014-8e4a-e846f4b1debe	b01f00d1-6e6e-1014-8e4a-e846f4b1debe		1	5	5	42	0	
LLMarkers	llmarkers|biorxiv|b3e65ef0-6e38-1014-8f8f-a6ec49a73092	biorxiv:b3e65ef0-6e38-1014-8f8f-a6ec49a73092	b3e65ef0-6e38-1014-8f8f-a6ec49a73092		1	1	1	6	0	
LLMarkers	llmarkers|biorxiv|b4865554-70d4-1014-b98c-d54405b178ea	biorxiv:b4865554-70d4-1014-b98c-d54405b178ea	b4865554-70d4-1014-b98c-d54405b178ea		1	3	3	4	0	
LLMarkers	llmarkers|biorxiv|b60c0833-6df2-1014-8865-f92ffff4fcc6	biorxiv:b60c0833-6df2-1014-8865-f92ffff4fcc6	b60c0833-6df2-1014-8865-f92ffff4fcc6		1	9	9	76	0	
LLMarkers	llmarkers|biorxiv|b629f2a0-6f39-1014-bcfe-d40330cad081	biorxiv:b629f2a0-6f39-1014-bcfe-d40330cad081	b629f2a0-6f39-1014-bcfe-d40330cad081		1	4	4	11	0	
LLMarkers	llmarkers|biorxiv|b71d9b5e-6f1d-1014-9408-ec8c7da502b4	biorxiv:b71d9b5e-6f1d-1014-9408-ec8c7da502b4	b71d9b5e-6f1d-1014-9408-ec8c7da502b4		1	2	2	4	0	
LLMarkers	llmarkers|biorxiv|b7d0eaf3-6f9e-1014-bc01-ef7867d59c7e	biorxiv:b7d0eaf3-6f9e-1014-bc01-ef7867d59c7e	b7d0eaf3-6f9e-1014-bc01-ef7867d59c7e		1	6	6	24	0	
LLMarkers	llmarkers|biorxiv|b88cbe76-6c0b-1014-a018-e498be98267a	biorxiv:b88cbe76-6c0b-1014-a018-e498be98267a	b88cbe76-6c0b-1014-a018-e498be98267a		1	4	4	45	0	
LLMarkers	llmarkers|biorxiv|b9f9eea1-7c5b-1014-87f0-cbc500249f07	biorxiv:b9f9eea1-7c5b-1014-87f0-cbc500249f07	b9f9eea1-7c5b-1014-87f0-cbc500249f07		1	2	2	6	0	
LLMarkers	llmarkers|biorxiv|ba2fe3cc-7145-1014-8950-ece91a9c7114	biorxiv:ba2fe3cc-7145-1014-8950-ece91a9c7114	ba2fe3cc-7145-1014-8950-ece91a9c7114		1	1	1	3	0	
LLMarkers	llmarkers|biorxiv|bb35967a-6c41-1014-8bd7-fd658527e3eb	biorxiv:bb35967a-6c41-1014-8bd7-fd658527e3eb	bb35967a-6c41-1014-8bd7-fd658527e3eb		1	1	1	4	0	
LLMarkers	llmarkers|biorxiv|bb90a40e-70a1-1014-887a-db6e99ca95cb	biorxiv:bb90a40e-70a1-1014-887a-db6e99ca95cb	bb90a40e-70a1-1014-887a-db6e99ca95cb		1	12	12	45	0	
LLMarkers	llmarkers|biorxiv|bc260922-6c47-1014-a865-fe4e19bf3ea8	biorxiv:bc260922-6c47-1014-a865-fe4e19bf3ea8	bc260922-6c47-1014-a865-fe4e19bf3ea8		1	8	8	30	0	
LLMarkers	llmarkers|biorxiv|bc5fc02e-800c-1014-9d28-ba34bfc46990	biorxiv:bc5fc02e-800c-1014-9d28-ba34bfc46990	bc5fc02e-800c-1014-9d28-ba34bfc46990		1	3	3	6	0	
LLMarkers	llmarkers|biorxiv|bc60e3db-6f3b-1014-9d48-bca06f1504df	biorxiv:bc60e3db-6f3b-1014-9d48-bca06f1504df	bc60e3db-6f3b-1014-9d48-bca06f1504df		1	2	2	15	0	
LLMarkers	llmarkers|biorxiv|bd0ff218-6c18-1014-ac36-a01faa0bb6b7	biorxiv:bd0ff218-6c18-1014-ac36-a01faa0bb6b7	bd0ff218-6c18-1014-ac36-a01faa0bb6b7		1	3	3	20	0	
LLMarkers	llmarkers|biorxiv|c07140e5-7138-1014-aa16-8cb2f542cef3	biorxiv:c07140e5-7138-1014-aa16-8cb2f542cef3	c07140e5-7138-1014-aa16-8cb2f542cef3		1	2	2	24	0	
LLMarkers	llmarkers|biorxiv|c245f005-7ab6-1014-adbd-b49bd8bfffbc	biorxiv:c245f005-7ab6-1014-adbd-b49bd8bfffbc	c245f005-7ab6-1014-adbd-b49bd8bfffbc		1	7	7	28	0	
LLMarkers	llmarkers|biorxiv|c3556304-707d-1014-b47e-8d7767eb41eb	biorxiv:c3556304-707d-1014-b47e-8d7767eb41eb	c3556304-707d-1014-b47e-8d7767eb41eb		1	1	1	3	0	
LLMarkers	llmarkers|biorxiv|c37c4c27-6d25-1014-a7a4-b416d496387c	biorxiv:c37c4c27-6d25-1014-a7a4-b416d496387c	c37c4c27-6d25-1014-a7a4-b416d496387c		1	1	1	4	0	
LLMarkers	llmarkers|biorxiv|c55f45c7-7001-1014-966f-865cda24634e	biorxiv:c55f45c7-7001-1014-966f-865cda24634e	c55f45c7-7001-1014-966f-865cda24634e		1	5	5	29	0	
LLMarkers	llmarkers|biorxiv|c6b2e62c-6bf8-1014-b389-a9824584e0b5	biorxiv:c6b2e62c-6bf8-1014-b389-a9824584e0b5	c6b2e62c-6bf8-1014-b389-a9824584e0b5		1	2	2	9	0	
LLMarkers	llmarkers|biorxiv|c704e998-6f4b-1014-8cb1-c3d28b577fb8	biorxiv:c704e998-6f4b-1014-8cb1-c3d28b577fb8	c704e998-6f4b-1014-8cb1-c3d28b577fb8		1	1	1	3	0	
LLMarkers	llmarkers|biorxiv|c78d9bda-6cc0-1014-aba5-dba9dd700073	biorxiv:c78d9bda-6cc0-1014-aba5-dba9dd700073	c78d9bda-6cc0-1014-aba5-dba9dd700073		1	8	8	27	0	
LLMarkers	llmarkers|biorxiv|c8264099-6fc3-1014-9d27-9ae05a0c1d33	biorxiv:c8264099-6fc3-1014-9d27-9ae05a0c1d33	c8264099-6fc3-1014-9d27-9ae05a0c1d33		1	2	2	6	0	
LLMarkers	llmarkers|biorxiv|c94927bb-7bec-1014-9cd8-fedd121e156b	biorxiv:c94927bb-7bec-1014-9cd8-fedd121e156b	c94927bb-7bec-1014-9cd8-fedd121e156b		1	2	2	8	0	
LLMarkers	llmarkers|biorxiv|ca1bf343-7250-1014-ba36-aacb127d711a	biorxiv:ca1bf343-7250-1014-ba36-aacb127d711a	ca1bf343-7250-1014-ba36-aacb127d711a		1	4	4	4	0	
LLMarkers	llmarkers|biorxiv|caef9c14-6e13-1014-bca1-ba3172fec7b3	biorxiv:caef9c14-6e13-1014-bca1-ba3172fec7b3	caef9c14-6e13-1014-bca1-ba3172fec7b3		1	4	4	14	0	
LLMarkers	llmarkers|biorxiv|cc41b42e-6c00-1014-9887-9bb7d49b64ad	biorxiv:cc41b42e-6c00-1014-9887-9bb7d49b64ad	cc41b42e-6c00-1014-9887-9bb7d49b64ad		1	2	2	19	0	
LLMarkers	llmarkers|biorxiv|cf0d429c-6c7f-1014-a5a8-f09b6915373d	biorxiv:cf0d429c-6c7f-1014-a5a8-f09b6915373d	cf0d429c-6c7f-1014-a5a8-f09b6915373d		1	15	15	53	0	
LLMarkers	llmarkers|biorxiv|cfb3ce40-7a31-1014-ae9e-8efc9660d536	biorxiv:cfb3ce40-7a31-1014-ae9e-8efc9660d536	cfb3ce40-7a31-1014-ae9e-8efc9660d536		1	1	1	5	0	
LLMarkers	llmarkers|biorxiv|d00e7bca-700f-1014-91f0-ae4c53ddfbf4	biorxiv:d00e7bca-700f-1014-91f0-ae4c53ddfbf4	d00e7bca-700f-1014-91f0-ae4c53ddfbf4		1	8	8	29	0	
LLMarkers	llmarkers|biorxiv|d2042444-7138-1014-94ac-a1f590fd3173	biorxiv:d2042444-7138-1014-94ac-a1f590fd3173	d2042444-7138-1014-94ac-a1f590fd3173		1	16	16	55	0	
LLMarkers	llmarkers|biorxiv|d249a77b-6c97-1014-8df4-e171a53e6bf0	biorxiv:d249a77b-6c97-1014-8df4-e171a53e6bf0	d249a77b-6c97-1014-8df4-e171a53e6bf0		1	2	2	9	0	
LLMarkers	llmarkers|biorxiv|d5d99202-6f97-1014-84ab-c6b2cf40b34b	biorxiv:d5d99202-6f97-1014-84ab-c6b2cf40b34b	d5d99202-6f97-1014-84ab-c6b2cf40b34b		1	2	2	10	0	
LLMarkers	llmarkers|biorxiv|d8ee72e2-7047-1014-a159-a9ef37bce7a4	biorxiv:d8ee72e2-7047-1014-a159-a9ef37bce7a4	d8ee72e2-7047-1014-a159-a9ef37bce7a4		1	16	16	50	0	
LLMarkers	llmarkers|biorxiv|d95d7dc6-6c35-1014-b1f0-b4af8a20948e	biorxiv:d95d7dc6-6c35-1014-b1f0-b4af8a20948e	d95d7dc6-6c35-1014-b1f0-b4af8a20948e		1	2	1	8	0	
LLMarkers	llmarkers|biorxiv|d95eb71e-714d-1014-9dc7-c3da2c2efb45	biorxiv:d95eb71e-714d-1014-9dc7-c3da2c2efb45	d95eb71e-714d-1014-9dc7-c3da2c2efb45		1	3	3	14	0	
LLMarkers	llmarkers|biorxiv|db8af155-6c8b-1014-b5f3-cedb7b3b1723	biorxiv:db8af155-6c8b-1014-b5f3-cedb7b3b1723	db8af155-6c8b-1014-b5f3-cedb7b3b1723		1	1	1	3	0	
LLMarkers	llmarkers|biorxiv|dbf486c9-6c54-1014-9bc5-bf4d8f303013	biorxiv:dbf486c9-6c54-1014-9bc5-bf4d8f303013	dbf486c9-6c54-1014-9bc5-bf4d8f303013		1	6	6	4	0	
LLMarkers	llmarkers|biorxiv|dd32f357-70c5-1014-bad0-ccf1b5b647f4	biorxiv:dd32f357-70c5-1014-bad0-ccf1b5b647f4	dd32f357-70c5-1014-bad0-ccf1b5b647f4		1	7	7	29	0	
LLMarkers	llmarkers|biorxiv|de5904ff-71b0-1014-b1f7-fe7935302eab	biorxiv:de5904ff-71b0-1014-b1f7-fe7935302eab	de5904ff-71b0-1014-b1f7-fe7935302eab		1	1	1	11	0	
LLMarkers	llmarkers|biorxiv|de6d33dd-734f-1014-a302-e21bedf0ba65	biorxiv:de6d33dd-734f-1014-a302-e21bedf0ba65	de6d33dd-734f-1014-a302-e21bedf0ba65		1	3	3	15	0	
LLMarkers	llmarkers|biorxiv|e2efdcad-73c4-1014-9c6c-8a89f519fd2d	biorxiv:e2efdcad-73c4-1014-9c6c-8a89f519fd2d	e2efdcad-73c4-1014-9c6c-8a89f519fd2d		1	21	21	93	0	
LLMarkers	llmarkers|biorxiv|e3312584-7421-1014-b0a7-823d4471ccf1	biorxiv:e3312584-7421-1014-b0a7-823d4471ccf1	e3312584-7421-1014-b0a7-823d4471ccf1		1	8	8	27	0	
LLMarkers	llmarkers|biorxiv|e3c88c7c-7fe3-1014-8c3f-f97dd191bd5b	biorxiv:e3c88c7c-7fe3-1014-8c3f-f97dd191bd5b	e3c88c7c-7fe3-1014-8c3f-f97dd191bd5b		1	5	5	15	0	
LLMarkers	llmarkers|biorxiv|e3c9e28c-70c5-1014-9616-aa7d906f9d5d	biorxiv:e3c9e28c-70c5-1014-9616-aa7d906f9d5d	e3c9e28c-70c5-1014-9616-aa7d906f9d5d		1	1	1	4	0	
LLMarkers	llmarkers|biorxiv|e41f3b4d-7312-1014-8c3d-9c868a469aab	biorxiv:e41f3b4d-7312-1014-8c3d-9c868a469aab	e41f3b4d-7312-1014-8c3d-9c868a469aab		1	1	1	12	0	
LLMarkers	llmarkers|biorxiv|e6391442-6c81-1014-9943-822578d46439	biorxiv:e6391442-6c81-1014-9943-822578d46439	e6391442-6c81-1014-9943-822578d46439		1	1	1	5	0	
LLMarkers	llmarkers|biorxiv|e69e6aa5-6cf9-1014-aa41-9f7e5b3de6e8	biorxiv:e69e6aa5-6cf9-1014-aa41-9f7e5b3de6e8	e69e6aa5-6cf9-1014-aa41-9f7e5b3de6e8		1	9	9	63	0	
LLMarkers	llmarkers|biorxiv|e6e04172-6c15-1014-9229-c57ac33d21f6	biorxiv:e6e04172-6c15-1014-9229-c57ac33d21f6	e6e04172-6c15-1014-9229-c57ac33d21f6		1	2	2	7	0	
LLMarkers	llmarkers|biorxiv|e70d54a8-74bd-1014-b600-d60c5a656b30	biorxiv:e70d54a8-74bd-1014-b600-d60c5a656b30	e70d54a8-74bd-1014-b600-d60c5a656b30		1	1	1	5	0	
LLMarkers	llmarkers|biorxiv|e7144333-745a-1014-ab12-e9455a30c9da	biorxiv:e7144333-745a-1014-ab12-e9455a30c9da	e7144333-745a-1014-ab12-e9455a30c9da		1	5	5	13	0	
LLMarkers	llmarkers|biorxiv|e78eaa01-6c93-1014-839e-bb3dc2108ab1	biorxiv:e78eaa01-6c93-1014-839e-bb3dc2108ab1	e78eaa01-6c93-1014-839e-bb3dc2108ab1		1	2	2	7	0	
LLMarkers	llmarkers|biorxiv|e8350987-7003-1014-ae7a-192d8e5e2a06	biorxiv:e8350987-7003-1014-ae7a-192d8e5e2a06	e8350987-7003-1014-ae7a-192d8e5e2a06		1	2	2	19	0	
LLMarkers	llmarkers|biorxiv|e91c125a-709d-1014-bc43-9d192767cd15	biorxiv:e91c125a-709d-1014-bc43-9d192767cd15	e91c125a-709d-1014-bc43-9d192767cd15		1	4	4	33	0	
LLMarkers	llmarkers|biorxiv|e9d73630-745a-1014-825d-9281d616c32c	biorxiv:e9d73630-745a-1014-825d-9281d616c32c	e9d73630-745a-1014-825d-9281d616c32c		1	6	6	27	0	
LLMarkers	llmarkers|biorxiv|ebaf49e5-7438-1014-8951-c3e925f71d14	biorxiv:ebaf49e5-7438-1014-8951-c3e925f71d14	ebaf49e5-7438-1014-8951-c3e925f71d14		1	5	5	23	0	
LLMarkers	llmarkers|biorxiv|eceae834-7948-1014-8997-9142ec9c1cd4	biorxiv:eceae834-7948-1014-8997-9142ec9c1cd4	eceae834-7948-1014-8997-9142ec9c1cd4		1	9	9	33	0	
LLMarkers	llmarkers|biorxiv|eda68d46-7b76-1014-b9f8-bf62f9afae8d	biorxiv:eda68d46-7b76-1014-b9f8-bf62f9afae8d	eda68d46-7b76-1014-b9f8-bf62f9afae8d		1	7	7	25	0	
LLMarkers	llmarkers|biorxiv|ede8f8d0-6d2d-1014-a8e8-fbbc8a92dcf4	biorxiv:ede8f8d0-6d2d-1014-a8e8-fbbc8a92dcf4	ede8f8d0-6d2d-1014-a8e8-fbbc8a92dcf4		1	2	2	4	0	
LLMarkers	llmarkers|biorxiv|ee1031b0-6c51-1014-b641-cbb0196af9f8	biorxiv:ee1031b0-6c51-1014-b641-cbb0196af9f8	ee1031b0-6c51-1014-b641-cbb0196af9f8		1	6	6	40	0	
LLMarkers	llmarkers|biorxiv|ef286bb1-6ccb-1014-ab06-ecd5927e269c	biorxiv:ef286bb1-6ccb-1014-ab06-ecd5927e269c	ef286bb1-6ccb-1014-ab06-ecd5927e269c		1	1	1	9	0	
LLMarkers	llmarkers|biorxiv|efe4cabd-770f-1014-96d7-8e75af964dbd	biorxiv:efe4cabd-770f-1014-96d7-8e75af964dbd	efe4cabd-770f-1014-96d7-8e75af964dbd		1	6	6	19	0	
LLMarkers	llmarkers|biorxiv|f29672cc-6d87-1014-b915-87fbd4bb053f	biorxiv:f29672cc-6d87-1014-b915-87fbd4bb053f	f29672cc-6d87-1014-b915-87fbd4bb053f		1	5	5	16	0	
LLMarkers	llmarkers|biorxiv|f3be1d12-72db-1014-a9a0-ac8d78e3151e	biorxiv:f3be1d12-72db-1014-a9a0-ac8d78e3151e	f3be1d12-72db-1014-a9a0-ac8d78e3151e		1	10	10	48	0	
LLMarkers	llmarkers|biorxiv|f59b3cab-6d1a-1014-a9d4-9041ec881993	biorxiv:f59b3cab-6d1a-1014-a9d4-9041ec881993	f59b3cab-6d1a-1014-a9d4-9041ec881993		1	1	1	3	0	
LLMarkers	llmarkers|biorxiv|f787a6d9-6ce3-1014-a3f6-a662a1333571	biorxiv:f787a6d9-6ce3-1014-a3f6-a662a1333571	f787a6d9-6ce3-1014-a3f6-a662a1333571		1	9	9	41	0	
LLMarkers	llmarkers|biorxiv|f96f23ec-83f2-1014-ad76-8d430e749668	biorxiv:f96f23ec-83f2-1014-ad76-8d430e749668	f96f23ec-83f2-1014-ad76-8d430e749668		1	1	1	3	0	
LLMarkers	llmarkers|biorxiv|fa200037-7001-1014-b4a8-b2d1b5dda72e	biorxiv:fa200037-7001-1014-b4a8-b2d1b5dda72e	fa200037-7001-1014-b4a8-b2d1b5dda72e		1	2	2	10	0	
LLMarkers	llmarkers|biorxiv|fbd95004-6cf9-1014-bead-f9f2e4a06d20	biorxiv:fbd95004-6cf9-1014-bead-f9f2e4a06d20	fbd95004-6cf9-1014-bead-f9f2e4a06d20		1	2	2	8	0	
LLMarkers	llmarkers|biorxiv|fc7595eb-733c-1014-9892-ed444a916a2a	biorxiv:fc7595eb-733c-1014-9892-ed444a916a2a	fc7595eb-733c-1014-9892-ed444a916a2a		1	4	4	17	0	
LLMarkers	llmarkers|biorxiv|fcdb6ae7-74e0-1014-aa4b-bcf60c40c2cf	biorxiv:fcdb6ae7-74e0-1014-aa4b-bcf60c40c2cf	fcdb6ae7-74e0-1014-aa4b-bcf60c40c2cf		1	7	7	24	0	
LLMarkers	llmarkers|biorxiv|fd4da487-6bfd-1014-9109-ef3323dd2b7b	biorxiv:fd4da487-6bfd-1014-9109-ef3323dd2b7b	fd4da487-6bfd-1014-9109-ef3323dd2b7b		1	2	2	9	0	
LLMarkers	llmarkers|biorxiv|ffdab866-6d97-1014-b85a-c9e16d463b4e	biorxiv:ffdab866-6d97-1014-b85a-c9e16d463b4e	ffdab866-6d97-1014-b85a-c9e16d463b4e		1	2	2	16	0	
LLMarkers	llmarkers|hca|0001_10.1016_j.celrep.2018.11.086_7aff07407b	hca:0001_10.1016_j.celrep.2018.11.086_7aff07407b	0001_10.1016_j.celrep.2018.11.086_7aff07407b		1	7	7	34	0	
LLMarkers	llmarkers|hca|0002_10.1038_s41586-019-1373-2_de5bb9e220	hca:0002_10.1038_s41586-019-1373-2_de5bb9e220	0002_10.1038_s41586-019-1373-2_de5bb9e220		1	6	6	26	0	
LLMarkers	llmarkers|hca|0003_10.3389_fimmu.2021.645988_480a5ea7f6	hca:0003_10.3389_fimmu.2021.645988_480a5ea7f6	0003_10.3389_fimmu.2021.645988_480a5ea7f6		1	7	7	40	0	
LLMarkers	llmarkers|hca|0006_10.3389_fcell.2022.835445_847c20f209	hca:0006_10.3389_fcell.2022.835445_847c20f209	0006_10.3389_fcell.2022.835445_847c20f209		1	5	5	27	0	
LLMarkers	llmarkers|hca|0008_10.1016_j.cels.2016.09.002_fd6b21337a	hca:0008_10.1016_j.cels.2016.09.002_fd6b21337a	0008_10.1016_j.cels.2016.09.002_fd6b21337a		1	3	3	38	0	
LLMarkers	llmarkers|hca|0010_10.1016_j.cels.2016.08.011_1f66aabffa	hca:0010_10.1016_j.cels.2016.08.011_1f66aabffa	0010_10.1016_j.cels.2016.08.011_1f66aabffa		1	3	3	7	0	
LLMarkers	llmarkers|hca|0011_10.1038_s41413-021-00163-z_07f1a1af96	hca:0011_10.1038_s41413-021-00163-z_07f1a1af96	0011_10.1038_s41413-021-00163-z_07f1a1af96		1	17	17	53	0	
LLMarkers	llmarkers|hca|0012_10.1164_rccm.202207-1384oc_21f7132a40	hca:0012_10.1164_rccm.202207-1384oc_21f7132a40	0012_10.1164_rccm.202207-1384oc_21f7132a40		1	6	6	18	0	
LLMarkers	llmarkers|hca|0013_10.1016_j.cell.2022.01.012_62a71f9225	hca:0013_10.1016_j.cell.2022.01.012_62a71f9225	0013_10.1016_j.cell.2022.01.012_62a71f9225		1	2	2	10	0	
LLMarkers	llmarkers|hca|0014_10.1101_2024.09.10.612293_d3a16eb9c8	hca:0014_10.1101_2024.09.10.612293_d3a16eb9c8	0014_10.1101_2024.09.10.612293_d3a16eb9c8		1	1	1	3	0	
LLMarkers	llmarkers|hca|0015_10.1126_science.aay3224_2393e60089	hca:0015_10.1126_science.aay3224_2393e60089	0015_10.1126_science.aay3224_2393e60089		1	4	4	15	0	
LLMarkers	llmarkers|hca|0017_10.1038_s41467-019-10291-0_971d922fd8	hca:0017_10.1038_s41467-019-10291-0_971d922fd8	0017_10.1038_s41467-019-10291-0_971d922fd8		1	10	10	39	0	
LLMarkers	llmarkers|hca|0019_10.1126_science.aba7721_1646acb14b	hca:0019_10.1126_science.aba7721_1646acb14b	0019_10.1126_science.aba7721_1646acb14b		1	6	6	26	0	
LLMarkers	llmarkers|hca|0020_10.1038_s44161-022-00019-7_10ae5c8129	hca:0020_10.1038_s44161-022-00019-7_10ae5c8129	0020_10.1038_s44161-022-00019-7_10ae5c8129		1	2	2	22	0	
LLMarkers	llmarkers|hca|0021_10.1038_s41586-023-06806-x_7900919dd3	hca:0021_10.1038_s41586-023-06806-x_7900919dd3	0021_10.1038_s41586-023-06806-x_7900919dd3		1	9	9	29	0	
LLMarkers	llmarkers|hca|0025_10.1038_s41467-020-17876-0_159e232bbb	hca:0025_10.1038_s41467-020-17876-0_159e232bbb	0025_10.1038_s41467-020-17876-0_159e232bbb		1	2	2	8	0	
LLMarkers	llmarkers|hca|0026_10.1038_s41586-020-2922-4_1612ece6e2	hca:0026_10.1038_s41586-020-2922-4_1612ece6e2	0026_10.1038_s41586-020-2922-4_1612ece6e2		1	5	5	25	0	
LLMarkers	llmarkers|hca|0029_10.1016_j.xgen.2023.100298_96b489f506	hca:0029_10.1016_j.xgen.2023.100298_96b489f506	0029_10.1016_j.xgen.2023.100298_96b489f506		1	1	1	3	0	
LLMarkers	llmarkers|hca|0030_10.1016_j.jcmgh.2022.02.007_2ccf593bb9	hca:0030_10.1016_j.jcmgh.2022.02.007_2ccf593bb9	0030_10.1016_j.jcmgh.2022.02.007_2ccf593bb9		1	2	2	19	0	
LLMarkers	llmarkers|hca|0031_10.1016_j.jtos.2021.03.010_0c2fa1a2be	hca:0031_10.1016_j.jtos.2021.03.010_0c2fa1a2be	0031_10.1016_j.jtos.2021.03.010_0c2fa1a2be		1	5	5	22	0	
LLMarkers	llmarkers|hca|0032_10.15252_msb.20209682_ea064ade0e	hca:0032_10.15252_msb.20209682_ea064ade0e	0032_10.15252_msb.20209682_ea064ade0e		1	5	5	16	0	
LLMarkers	llmarkers|hca|0033_10.26508_lsa.202000744_340b92b825	hca:0033_10.26508_lsa.202000744_340b92b825	0033_10.26508_lsa.202000744_340b92b825		1	4	4	25	0	
LLMarkers	llmarkers|hca|0035_10.1101_2021.03.02.433590_8f70c6deeb	hca:0035_10.1101_2021.03.02.433590_8f70c6deeb	0035_10.1101_2021.03.02.433590_8f70c6deeb		1	1	1	4	0	
LLMarkers	llmarkers|hca|0036_10.1016_j.cell.2021.10.024_2ce0b899c4	hca:0036_10.1016_j.cell.2021.10.024_2ce0b899c4	0036_10.1016_j.cell.2021.10.024_2ce0b899c4		1	2	2	10	0	
LLMarkers	llmarkers|hca|0037_10.1038_s41593-019-0539-4_24ef44df9e	hca:0037_10.1038_s41593-019-0539-4_24ef44df9e	0037_10.1038_s41593-019-0539-4_24ef44df9e		1	3	3	23	0	
LLMarkers	llmarkers|hca|0038_10.1038_s41586-022-04518-2_c7bd3c9981	hca:0038_10.1038_s41586-022-04518-2_c7bd3c9981	0038_10.1038_s41586-022-04518-2_c7bd3c9981		1	4	4	16	0	
LLMarkers	llmarkers|hca|0039_10.1016_j.isci.2021.102405_1f6d3fbc60	hca:0039_10.1016_j.isci.2021.102405_1f6d3fbc60	0039_10.1016_j.isci.2021.102405_1f6d3fbc60		1	9	9	40	0	
LLMarkers	llmarkers|hca|0040_10.1016_j.xcrm.2021.100219_d37660c408	hca:0040_10.1016_j.xcrm.2021.100219_d37660c408	0040_10.1016_j.xcrm.2021.100219_d37660c408		1	15	15	48	0	
LLMarkers	llmarkers|hca|0041_10.1016_j.xgen.2022.100108_d4824b85dd	hca:0041_10.1016_j.xgen.2022.100108_d4824b85dd	0041_10.1016_j.xgen.2022.100108_d4824b85dd		1	7	7	30	0	
LLMarkers	llmarkers|hca|0042_10.1126_sciadv.aau4788_744a251f24	hca:0042_10.1126_sciadv.aau4788_744a251f24	0042_10.1126_sciadv.aau4788_744a251f24		1	18	18	146	0	
LLMarkers	llmarkers|hca|0043_10.1038_s41556-023-01108-w_511ea5e6f6	hca:0043_10.1038_s41556-023-01108-w_511ea5e6f6	0043_10.1038_s41556-023-01108-w_511ea5e6f6		1	3	3	13	0	
LLMarkers	llmarkers|hca|0044_10.1101_2021.11.30.470583_4b4329647c	hca:0044_10.1101_2021.11.30.470583_4b4329647c	0044_10.1101_2021.11.30.470583_4b4329647c		1	1	1	3	0	
LLMarkers	llmarkers|hca|0045_10.15252_embj.2018100811_a99bb4a451	hca:0045_10.15252_embj.2018100811_a99bb4a451	0045_10.15252_embj.2018100811_a99bb4a451		1	10	10	56	0	
LLMarkers	llmarkers|hca|0046_10.1007_s00018-022-04559-w_6919bd92ba	hca:0046_10.1007_s00018-022-04559-w_6919bd92ba	0046_10.1007_s00018-022-04559-w_6919bd92ba		1	4	4	25	0	
LLMarkers	llmarkers|hca|0047_10.15252_embj.2020107333_a4d0f57474	hca:0047_10.15252_embj.2020107333_a4d0f57474	0047_10.15252_embj.2020107333_a4d0f57474		1	14	14	51	0	
LLMarkers	llmarkers|hca|0048_10.1038_s41588-022-01243-4_ae2af85553	hca:0048_10.1038_s41588-022-01243-4_ae2af85553	0048_10.1038_s41588-022-01243-4_ae2af85553		1	10	10	38	0	
LLMarkers	llmarkers|hca|0049_10.1038_s41586-023-06252-9_3d2f22d6e6	hca:0049_10.1038_s41586-023-06252-9_3d2f22d6e6	0049_10.1038_s41586-023-06252-9_3d2f22d6e6		1	15	15	52	0	
LLMarkers	llmarkers|hca|0050_10.1073_pnas.1507125112_495172b774	hca:0050_10.1073_pnas.1507125112_495172b774	0050_10.1073_pnas.1507125112_495172b774		1	7	7	22	0	
LLMarkers	llmarkers|hca|0051_10.1038_s41588-024-01990-6_8eb62f3200	hca:0051_10.1038_s41588-024-01990-6_8eb62f3200	0051_10.1038_s41588-024-01990-6_8eb62f3200		1	8	8	26	0	
LLMarkers	llmarkers|hca|0052_10.1016_j.molmet.2022.101595_3242a2c7db	hca:0052_10.1016_j.molmet.2022.101595_3242a2c7db	0052_10.1016_j.molmet.2022.101595_3242a2c7db		1	7	5	40	0	
LLMarkers	llmarkers|hca|0056_10.1038_s41586-018-0449-8_fdcc67f757	hca:0056_10.1038_s41586-018-0449-8_fdcc67f757	0056_10.1038_s41586-018-0449-8_fdcc67f757		1	9	9	34	0	
LLMarkers	llmarkers|hca|0057_10.1038_s41586-019-0903-2_059a54df94	hca:0057_10.1038_s41586-019-0903-2_059a54df94	0057_10.1038_s41586-019-0903-2_059a54df94		1	2	2	8	0	
LLMarkers	llmarkers|hca|0060_10.3389_fcell.2022.872688_ac00c45d48	hca:0060_10.3389_fcell.2022.872688_ac00c45d48	0060_10.3389_fcell.2022.872688_ac00c45d48		1	12	12	51	0	
LLMarkers	llmarkers|hca|0062_10.1038_s41588-024-01873-w_27bb519849	hca:0062_10.1038_s41588-024-01873-w_27bb519849	0062_10.1038_s41588-024-01873-w_27bb519849		1	7	7	36	0	
LLMarkers	llmarkers|hca|0063_10.1016_j.cell.2021.04.028_f5e4882de7	hca:0063_10.1016_j.cell.2021.04.028_f5e4882de7	0063_10.1016_j.cell.2021.04.028_f5e4882de7		1	6	6	18	0	
LLMarkers	llmarkers|hca|0065_10.1101_2020.12.03.20242412_aa08d1f424	hca:0065_10.1101_2020.12.03.20242412_aa08d1f424	0065_10.1101_2020.12.03.20242412_aa08d1f424		1	1	1	4	0	
LLMarkers	llmarkers|hca|0068_10.1093_ibd_izac201_351dddd961	hca:0068_10.1093_ibd_izac201_351dddd961	0068_10.1093_ibd_izac201_351dddd961		1	14	14	42	0	
LLMarkers	llmarkers|hca|0069_10.1038_s41467-021-23355-x_92232969b4	hca:0069_10.1038_s41467-021-23355-x_92232969b4	0069_10.1038_s41467-021-23355-x_92232969b4		1	8	8	22	0	
LLMarkers	llmarkers|hca|0071_10.1038_s41586-021-03929-x_6a378f8954	hca:0071_10.1038_s41586-021-03929-x_6a378f8954	0071_10.1038_s41586-021-03929-x_6a378f8954		1	6	6	24	0	
LLMarkers	llmarkers|hca|0073_10.1016_j.isci.2021.102482_6ff6d432ab	hca:0073_10.1016_j.isci.2021.102482_6ff6d432ab	0073_10.1016_j.isci.2021.102482_6ff6d432ab		1	5	5	20	0	
LLMarkers	llmarkers|hca|0074_10.3389_fimmu.2022.846281_c0060ff2e9	hca:0074_10.3389_fimmu.2022.846281_c0060ff2e9	0074_10.3389_fimmu.2022.846281_c0060ff2e9		1	2	2	8	0	
LLMarkers	llmarkers|hca|0075_10.1126_scitranslmed.abm1375_6de08b3db5	hca:0075_10.1126_scitranslmed.abm1375_6de08b3db5	0075_10.1126_scitranslmed.abm1375_6de08b3db5		1	2	2	22	0	
LLMarkers	llmarkers|hca|0076_10.1016_j.cell.2021.01.053_e0734afb82	hca:0076_10.1016_j.cell.2021.01.053_e0734afb82	0076_10.1016_j.cell.2021.01.053_e0734afb82		1	10	10	48	0	
LLMarkers	llmarkers|hca|0077_10.1038_s41587-020-0602-4_e82c5c2835	hca:0077_10.1038_s41587-020-0602-4_e82c5c2835	0077_10.1038_s41587-020-0602-4_e82c5c2835		1	11	11	47	0	
LLMarkers	llmarkers|hca|0078_10.1038_s41586-021-03570-8_93e4f0be8b	hca:0078_10.1038_s41586-021-03570-8_93e4f0be8b	0078_10.1038_s41586-021-03570-8_93e4f0be8b		1	4	4	18	0	
LLMarkers	llmarkers|hca|0080_10.1126_sciadv.abf1444_8cb053b6ed	hca:0080_10.1126_sciadv.abf1444_8cb053b6ed	0080_10.1126_sciadv.abf1444_8cb053b6ed		1	7	7	25	0	
LLMarkers	llmarkers|hca|0081_10.1038_s41598-020-66092-9_e23219ced0	hca:0081_10.1038_s41598-020-66092-9_e23219ced0	0081_10.1038_s41598-020-66092-9_e23219ced0		1	7	7	51	0	
LLMarkers	llmarkers|hca|0082_10.1016_j.cell.2020.08.013_e864ee2cef	hca:0082_10.1016_j.cell.2020.08.013_e864ee2cef	0082_10.1016_j.cell.2020.08.013_e864ee2cef		1	12	12	74	0	
LLMarkers	llmarkers|hca|0083_10.1126_sciimmunol.adz8650_c0046d094c	hca:0083_10.1126_sciimmunol.adz8650_c0046d094c	0083_10.1126_sciimmunol.adz8650_c0046d094c		1	14	14	61	0	
LLMarkers	llmarkers|hca|0085_10.1073_pnas.2200914119_3dd916fb05	hca:0085_10.1073_pnas.2200914119_3dd916fb05	0085_10.1073_pnas.2200914119_3dd916fb05		1	23	23	102	0	
LLMarkers	llmarkers|hca|0086_10.1186_s13059-018-1603-1_27b7304530	hca:0086_10.1186_s13059-018-1603-1_27b7304530	0086_10.1186_s13059-018-1603-1_27b7304530		1	1	1	3	0	
LLMarkers	llmarkers|hca|0089_10.1038_s41586-020-2797-4_6e65d21b5d	hca:0089_10.1038_s41586-020-2797-4_6e65d21b5d	0089_10.1038_s41586-020-2797-4_6e65d21b5d		1	26	26	106	0	
LLMarkers	llmarkers|hca|0090_10.1038_s41586-021-03852-1_eec89a5e36	hca:0090_10.1038_s41586-021-03852-1_eec89a5e36	0090_10.1038_s41586-021-03852-1_eec89a5e36		1	27	27	123	0	
LLMarkers	llmarkers|hca|0091_10.1101_2025.06.19.660575_df9b499d76	hca:0091_10.1101_2025.06.19.660575_df9b499d76	0091_10.1101_2025.06.19.660575_df9b499d76		1	2	2	11	0	
LLMarkers	llmarkers|hca|0094_10.1073_pnas.2404775121_07bae216d2	hca:0094_10.1073_pnas.2404775121_07bae216d2	0094_10.1073_pnas.2404775121_07bae216d2		1	18	18	82	0	
LLMarkers	llmarkers|hca|0095_10.1101_2021.09.16.460628_23a839e09f	hca:0095_10.1101_2021.09.16.460628_23a839e09f	0095_10.1101_2021.09.16.460628_23a839e09f		1	9	9	27	0	
LLMarkers	llmarkers|hca|0096_10.1126_sciadv.abo2467_05989af98e	hca:0096_10.1126_sciadv.abo2467_05989af98e	0096_10.1126_sciadv.abo2467_05989af98e		1	3	3	18	0	
LLMarkers	llmarkers|hca|0097_10.1038_s41586-019-1917-5_7f634d5353	hca:0097_10.1038_s41586-019-1917-5_7f634d5353	0097_10.1038_s41586-019-1917-5_7f634d5353		1	4	4	10	0	
LLMarkers	llmarkers|hca|0098_10.1038_s41586-020-03148-w_f50cb505c0	hca:0098_10.1038_s41586-020-03148-w_f50cb505c0	0098_10.1038_s41586-020-03148-w_f50cb505c0		1	2	2	10	0	
LLMarkers	llmarkers|hca|0099_10.1126_sciimmunol.abl9165_5f9974d5f2	hca:0099_10.1126_sciimmunol.abl9165_5f9974d5f2	0099_10.1126_sciimmunol.abl9165_5f9974d5f2		1	19	19	63	0	
LLMarkers	llmarkers|hca|0100_10.1038_s41467-021-22804-x_e7667133b9	hca:0100_10.1038_s41467-021-22804-x_e7667133b9	0100_10.1038_s41467-021-22804-x_e7667133b9		1	6	6	36	0	
LLMarkers	llmarkers|hca|0101_10.1038_s41467-020-15647-5_d22ec8f4b6	hca:0101_10.1038_s41467-020-15647-5_d22ec8f4b6	0101_10.1038_s41467-020-15647-5_d22ec8f4b6		1	3	3	8	0	
LLMarkers	llmarkers|hca|0102_10.1038_s41586-019-0992-y_40614812e9	hca:0102_10.1038_s41586-019-0992-y_40614812e9	0102_10.1038_s41586-019-0992-y_40614812e9		1	6	6	26	0	
LLMarkers	llmarkers|hca|0103_10.1172_jci.insight.151621_2faf375c31	hca:0103_10.1172_jci.insight.151621_2faf375c31	0103_10.1172_jci.insight.151621_2faf375c31		1	2	1	33	0	
LLMarkers	llmarkers|hca|0105_10.1038_s41563-020-00853-9_ec3e5ef313	hca:0105_10.1038_s41563-020-00853-9_ec3e5ef313	0105_10.1038_s41563-020-00853-9_ec3e5ef313		1	6	6	21	0	
LLMarkers	llmarkers|hca|0106_10.1101_585901_f6794b9c1b	hca:0106_10.1101_585901_f6794b9c1b	0106_10.1101_585901_f6794b9c1b		1	4	4	9	0	
LLMarkers	llmarkers|hca|0107_10.1101_2022.10.24.513487_4d505f4f68	hca:0107_10.1101_2022.10.24.513487_4d505f4f68	0107_10.1101_2022.10.24.513487_4d505f4f68		1	1	1	3	0	
LLMarkers	llmarkers|hca|0108_10.1038_s41598-017-14676-3_ca30704700	hca:0108_10.1038_s41598-017-14676-3_ca30704700	0108_10.1038_s41598-017-14676-3_ca30704700		1	7	7	30	0	
LLMarkers	llmarkers|hca|0109_10.7554_elife.91792.1_056dda27be	hca:0109_10.7554_elife.91792.1_056dda27be	0109_10.7554_elife.91792.1_056dda27be		1	24	24	78	0	
LLMarkers	llmarkers|hca|0110_10.1038_s41586-019-1506-7_3d44de0941	hca:0110_10.1038_s41586-019-1506-7_3d44de0941	0110_10.1038_s41586-019-1506-7_3d44de0941		1	4	4	16	0	
LLMarkers	llmarkers|hca|0111_10.1038_s41586-020-2157-4_a7b8710c09	hca:0111_10.1038_s41586-020-2157-4_a7b8710c09	0111_10.1038_s41586-020-2157-4_a7b8710c09		1	4	4	10	0	
LLMarkers	llmarkers|hca|0112_10.1101_2022.02.09.479667_caaafb2f08	hca:0112_10.1101_2022.02.09.479667_caaafb2f08	0112_10.1101_2022.02.09.479667_caaafb2f08		1	1	1	5	0	
LLMarkers	llmarkers|hca|0113_10.1101_2021.04.28.441762_c83625bbe4	hca:0113_10.1101_2021.04.28.441762_c83625bbe4	0113_10.1101_2021.04.28.441762_c83625bbe4		1	14	14	46	0	
LLMarkers	llmarkers|hca|0118_10.1016_j.jid.2019.07.726_f70095db05	hca:0118_10.1016_j.jid.2019.07.726_f70095db05	0118_10.1016_j.jid.2019.07.726_f70095db05		1	2	2	8	0	
LLMarkers	llmarkers|hca|0120_10.1038_s41467-022-34255-z_c90043e943	hca:0120_10.1038_s41467-022-34255-z_c90043e943	0120_10.1038_s41467-022-34255-z_c90043e943		1	8	8	17	0	
LLMarkers	llmarkers|hca|0121_10.7554_elife.62810_069377f2ec	hca:0121_10.7554_elife.62810_069377f2ec	0121_10.7554_elife.62810_069377f2ec		1	2	2	7	0	
LLMarkers	llmarkers|hca|0122_10.1038_s41467-020-18512-7_3e94374231	hca:0122_10.1038_s41467-020-18512-7_3e94374231	0122_10.1038_s41467-020-18512-7_3e94374231		1	1	1	3	0	
LLMarkers	llmarkers|hca|0123_10.1371_journal.pone.0267704_5a8157f0f3	hca:0123_10.1371_journal.pone.0267704_5a8157f0f3	0123_10.1371_journal.pone.0267704_5a8157f0f3		1	14	14	53	0	
LLMarkers	llmarkers|hca|0124_10.1126_science.aba6500_a77c502bf7	hca:0124_10.1126_science.aba6500_a77c502bf7	0124_10.1126_science.aba6500_a77c502bf7		1	18	18	88	0	
LLMarkers	llmarkers|hca|0125_10.1016_j.celrep.2023.111994_fd20125b65	hca:0125_10.1016_j.celrep.2023.111994_fd20125b65	0125_10.1016_j.celrep.2023.111994_fd20125b65		1	4	4	17	0	
LLMarkers	llmarkers|hca|0127_10.1016_j.cell.2021.11.031_38bd899f1b	hca:0127_10.1016_j.cell.2021.11.031_38bd899f1b	0127_10.1016_j.cell.2021.11.031_38bd899f1b		1	2	2	30	0	
LLMarkers	llmarkers|hca|0128_10.1016_j.devcel.2020.07.023_7908e44bb1	hca:0128_10.1016_j.devcel.2020.07.023_7908e44bb1	0128_10.1016_j.devcel.2020.07.023_7908e44bb1		1	6	6	22	0	
LLMarkers	llmarkers|hca|0132_10.1038_s41467-020-16239-z_001d78a35b	hca:0132_10.1038_s41467-020-16239-z_001d78a35b	0132_10.1038_s41467-020-16239-z_001d78a35b		1	8	8	37	0	
LLMarkers	llmarkers|hca|0134_10.3389_fimmu.2021.636720_9a958ecc4e	hca:0134_10.3389_fimmu.2021.636720_9a958ecc4e	0134_10.3389_fimmu.2021.636720_9a958ecc4e		1	8	8	29	0	
LLMarkers	llmarkers|hca|0136_10.1167_iovs.62.6.18_7e8926eaf2	hca:0136_10.1167_iovs.62.6.18_7e8926eaf2	0136_10.1167_iovs.62.6.18_7e8926eaf2		1	1	1	20	0	
LLMarkers	llmarkers|hca|0137_10.1084_jem.20221350_7ac74dedfd	hca:0137_10.1084_jem.20221350_7ac74dedfd	0137_10.1084_jem.20221350_7ac74dedfd		1	1	1	3	0	
LLMarkers	llmarkers|hca|0139_10.1038_s41590-020-0602-z_71058e050d	hca:0139_10.1038_s41590-020-0602-z_71058e050d	0139_10.1038_s41590-020-0602-z_71058e050d		1	10	10	42	0	
LLMarkers	llmarkers|hca|0140_10.1101_2021.03.01.21252411_572fc1288d	hca:0140_10.1101_2021.03.01.21252411_572fc1288d	0140_10.1101_2021.03.01.21252411_572fc1288d		1	5	5	23	0	
LLMarkers	llmarkers|hca|0142_10.1016_j.immuni.2023.01.032_b86bd8b65d	hca:0142_10.1016_j.immuni.2023.01.032_b86bd8b65d	0142_10.1016_j.immuni.2023.01.032_b86bd8b65d		1	4	3	17	0	
LLMarkers	llmarkers|hca|0144_10.1016_j.ebiom.2025.106036_833fbd27b6	hca:0144_10.1016_j.ebiom.2025.106036_833fbd27b6	0144_10.1016_j.ebiom.2025.106036_833fbd27b6		1	1	1	4	0	
LLMarkers	llmarkers|hca|0146_10.1016_j.cell.2019.01.017_63c175b000	hca:0146_10.1016_j.cell.2019.01.017_63c175b000	0146_10.1016_j.cell.2019.01.017_63c175b000		1	8	8	21	0	
LLMarkers	llmarkers|hca|0148_10.1113_jp287812_fd3137bc12	hca:0148_10.1113_jp287812_fd3137bc12	0148_10.1113_jp287812_fd3137bc12		1	30	30	89	0	
LLMarkers	llmarkers|hca|0149_10.1038_s41368-023-00238-z_c77e60a0ab	hca:0149_10.1038_s41368-023-00238-z_c77e60a0ab	0149_10.1038_s41368-023-00238-z_c77e60a0ab		1	11	11	43	0	
LLMarkers	llmarkers|hca|0151_10.1038_s41586-022-04718-w_1bf3167cbc	hca:0151_10.1038_s41586-022-04718-w_1bf3167cbc	0151_10.1038_s41586-022-04718-w_1bf3167cbc		1	7	7	21	0	
LLMarkers	llmarkers|hca|0152_10.15252_embr.201847483_d14f9b2105	hca:0152_10.15252_embr.201847483_d14f9b2105	0152_10.15252_embr.201847483_d14f9b2105		1	2	2	7	0	
LLMarkers	llmarkers|hca|0153_10.1038_s41556-020-00607-4_a7b29ac44b	hca:0153_10.1038_s41556-020-00607-4_a7b29ac44b	0153_10.1038_s41556-020-00607-4_a7b29ac44b		1	2	2	14	0	
LLMarkers	llmarkers|hca|0155_10.1038_s41467-022-29588-8_ec4c5a4a22	hca:0155_10.1038_s41467-022-29588-8_ec4c5a4a22	0155_10.1038_s41467-022-29588-8_ec4c5a4a22		1	5	1	51	0	
LLMarkers	llmarkers|hca|0157_10.1126_science.abg0928_3795ca9b86	hca:0157_10.1126_science.abg0928_3795ca9b86	0157_10.1126_science.abg0928_3795ca9b86		1	1	1	5	0	
LLMarkers	llmarkers|hca|0158_10.2337_db21-0830_d021248f76	hca:0158_10.2337_db21-0830_d021248f76	0158_10.2337_db21-0830_d021248f76		1	12	12	36	0	
LLMarkers	llmarkers|hca|0159_10.1172_jci157279_71a5ff671c	hca:0159_10.1172_jci157279_71a5ff671c	0159_10.1172_jci157279_71a5ff671c		1	1	1	5	0	
LLMarkers	llmarkers|hca|0160_10.1016_j.stem.2017.09.003_8fb14888a8	hca:0160_10.1016_j.stem.2017.09.003_8fb14888a8	0160_10.1016_j.stem.2017.09.003_8fb14888a8		1	6	6	45	0	
LLMarkers	llmarkers|hca|0161_10.1681_asn.2020030326_bf5d42b566	hca:0161_10.1681_asn.2020030326_bf5d42b566	0161_10.1681_asn.2020030326_bf5d42b566		1	5	5	20	0	
LLMarkers	llmarkers|hca|0162_10.1016_j.kint.2021.11.031_93f85a569c	hca:0162_10.1016_j.kint.2021.11.031_93f85a569c	0162_10.1016_j.kint.2021.11.031_93f85a569c		1	3	3	9	0	
LLMarkers	llmarkers|hca|0163_10.1126_sciimmunol.abb4432_91494cf647	hca:0163_10.1126_sciimmunol.abb4432_91494cf647	0163_10.1126_sciimmunol.abb4432_91494cf647		1	6	6	23	0	
LLMarkers	llmarkers|hca|0164_10.1177_00220345221147908_13bf485ac8	hca:0164_10.1177_00220345221147908_13bf485ac8	0164_10.1177_00220345221147908_13bf485ac8		1	9	9	39	0	
LLMarkers	llmarkers|hca|0165_10.1111_cpr.13557_b323e8d65a	hca:0165_10.1111_cpr.13557_b323e8d65a	0165_10.1111_cpr.13557_b323e8d65a		1	5	5	38	0	
LLMarkers	llmarkers|hca|0167_10.1073_pnas.1520760112_985a5e340f	hca:0167_10.1073_pnas.1520760112_985a5e340f	0167_10.1073_pnas.1520760112_985a5e340f		1	13	13	35	0	
LLMarkers	llmarkers|hca|0168_10.1038_s41586-022-04552-0_f98a6428c8	hca:0168_10.1038_s41586-022-04552-0_f98a6428c8	0168_10.1038_s41586-022-04552-0_f98a6428c8		1	3	3	6	0	
LLMarkers	llmarkers|hca|0169_10.1038_s41586-022-04541-3_a47d9e6ca0	hca:0169_10.1038_s41586-022-04541-3_a47d9e6ca0	0169_10.1038_s41586-022-04541-3_a47d9e6ca0		1	1	1	3	0	
LLMarkers	llmarkers|hca|0170_10.1038_s41556-021-00740-8_a1434832b6	hca:0170_10.1038_s41556-021-00740-8_a1434832b6	0170_10.1038_s41556-021-00740-8_a1434832b6		1	5	5	31	0	
LLMarkers	llmarkers|hca|0171_10.1016_j.cell.2021.05.013_6d846f218b	hca:0171_10.1016_j.cell.2021.05.013_6d846f218b	0171_10.1016_j.cell.2021.05.013_6d846f218b		1	1	1	4	0	
LLMarkers	llmarkers|hca|0172_10.1093_hmg_ddab140_444d3c140d	hca:0172_10.1093_hmg_ddab140_444d3c140d	0172_10.1093_hmg_ddab140_444d3c140d		1	2	2	9	0	
LLMarkers	llmarkers|hca|0174_10.1038_s41588-024-02048-3_7311b9bde5	hca:0174_10.1038_s41588-024-02048-3_7311b9bde5	0174_10.1038_s41588-024-02048-3_7311b9bde5		1	1	1	4	0	
LLMarkers	llmarkers|hca|0175_10.1038_s41587-020-00796-1_81545d4d48	hca:0175_10.1038_s41587-020-00796-1_81545d4d48	0175_10.1038_s41587-020-00796-1_81545d4d48		1	3	3	13	0	
LLMarkers	llmarkers|hca|0176_10.1126_science.aav2501_7c9d3a1bd2	hca:0176_10.1126_science.aav2501_7c9d3a1bd2	0176_10.1126_science.aav2501_7c9d3a1bd2		1	1	1	3	0	
LLMarkers	llmarkers|hca|0179_10.1038_s41593-021-00906-5_f703d212e4	hca:0179_10.1038_s41593-021-00906-5_f703d212e4	0179_10.1038_s41593-021-00906-5_f703d212e4		1	1	1	3	0	
LLMarkers	llmarkers|hca|0180_10.1016_j.immuni.2019.11.014_dd3bbb9bc1	hca:0180_10.1016_j.immuni.2019.11.014_dd3bbb9bc1	0180_10.1016_j.immuni.2019.11.014_dd3bbb9bc1		1	3	3	14	0	
LLMarkers	llmarkers|hca|0182_10.1126_sciimmunol.abk1741_33c534a538	hca:0182_10.1126_sciimmunol.abk1741_33c534a538	0182_10.1126_sciimmunol.abk1741_33c534a538		1	2	2	6	0	
LLMarkers	llmarkers|hca|0183_10.1126_sciimmunol.abd1554_52a79b9d12	hca:0183_10.1126_sciimmunol.abd1554_52a79b9d12	0183_10.1126_sciimmunol.abd1554_52a79b9d12		1	1	1	3	0	
LLMarkers	llmarkers|hca|0184_10.1016_j.cell.2021.07.023_f621bea088	hca:0184_10.1016_j.cell.2021.07.023_f621bea088	0184_10.1016_j.cell.2021.07.023_f621bea088		1	17	17	72	0	
LLMarkers	llmarkers|hca|0185_10.1038_s41598-019-45842-4_2aeb7a4d45	hca:0185_10.1038_s41598-019-45842-4_2aeb7a4d45	0185_10.1038_s41598-019-45842-4_2aeb7a4d45		1	1	1	10	0	
LLMarkers	llmarkers|hca|0186_10.1016_j.devcel.2020.01.033_6afe089f1e	hca:0186_10.1016_j.devcel.2020.01.033_6afe089f1e	0186_10.1016_j.devcel.2020.01.033_6afe089f1e		1	4	4	15	0	
LLMarkers	llmarkers|hca|0190_10.1038_s41467-019-14118-w_eee71dc5ea	hca:0190_10.1038_s41467-019-14118-w_eee71dc5ea	0190_10.1038_s41467-019-14118-w_eee71dc5ea		1	10	10	42	0	
LLMarkers	llmarkers|hca|0191_10.1126_sciimmunol.abh3768_bc0f7a7105	hca:0191_10.1126_sciimmunol.abh3768_bc0f7a7105	0191_10.1126_sciimmunol.abh3768_bc0f7a7105		1	5	5	27	0	
LLMarkers	llmarkers|hca|0193_10.15252_emmm.202012871_3b35c5fb8f	hca:0193_10.15252_emmm.202012871_3b35c5fb8f	0193_10.15252_emmm.202012871_3b35c5fb8f		1	3	3	16	0	
LLMarkers	llmarkers|hca|0195_10.1038_nbt.4038_23df984b1c	hca:0195_10.1038_nbt.4038_23df984b1c	0195_10.1038_nbt.4038_23df984b1c		1	11	11	41	0	
LLMarkers	llmarkers|hca|0197_10.3389_fmed.2022.869284_8494fa8c76	hca:0197_10.3389_fmed.2022.869284_8494fa8c76	0197_10.3389_fmed.2022.869284_8494fa8c76		1	8	8	39	0	
LLMarkers	llmarkers|hca|0198_10.1038_s41467-021-27619-4_12529026b3	hca:0198_10.1038_s41467-021-27619-4_12529026b3	0198_10.1038_s41467-021-27619-4_12529026b3		1	5	5	13	0	
LLMarkers	llmarkers|hca|0200_10.1242_dev.172361_e8969b05b0	hca:0200_10.1242_dev.172361_e8969b05b0	0200_10.1242_dev.172361_e8969b05b0		1	6	6	19	0	
LLMarkers	llmarkers|hca|0201_10.1038_s41467-019-13382-0_3e98068ead	hca:0201_10.1038_s41467-019-13382-0_3e98068ead	0201_10.1038_s41467-019-13382-0_3e98068ead		1	7	7	34	0	
LLMarkers	llmarkers|hca|0205_10.1038_s41588-020-0636-z_f39ba80540	hca:0205_10.1038_s41588-020-0636-z_f39ba80540	0205_10.1038_s41588-020-0636-z_f39ba80540		1	5	5	18	0	
LLMarkers	llmarkers|hca|0207_10.1016_j.immuni.2020.11.017_b182001861	hca:0207_10.1016_j.immuni.2020.11.017_b182001861	0207_10.1016_j.immuni.2020.11.017_b182001861		1	10	10	34	0	
LLMarkers	llmarkers|hca|0208_10.1038_nbt.2967_18c9fd3939	hca:0208_10.1038_nbt.2967_18c9fd3939	0208_10.1038_nbt.2967_18c9fd3939		1	3	3	12	0	
LLMarkers	llmarkers|hca|0209_10.1126_scitranslmed.abe4282_13877fdeac	hca:0209_10.1126_scitranslmed.abe4282_13877fdeac	0209_10.1126_scitranslmed.abe4282_13877fdeac		1	5	5	39	0	
LLMarkers	llmarkers|hca|0210_10.1016_j.stem.2020.11.008_213dabcee4	hca:0210_10.1016_j.stem.2020.11.008_213dabcee4	0210_10.1016_j.stem.2020.11.008_213dabcee4		1	10	10	31	0	
LLMarkers	llmarkers|hca|0211_10.1016_j.cels.2022.06.005_7669df70b6	hca:0211_10.1016_j.cels.2022.06.005_7669df70b6	0211_10.1016_j.cels.2022.06.005_7669df70b6		1	2	2	12	0	
LLMarkers	llmarkers|hca|0212_10.1038_s41586-022-04571-x_30a05d7904	hca:0212_10.1038_s41586-022-04571-x_30a05d7904	0212_10.1038_s41586-022-04571-x_30a05d7904		1	5	5	47	0	
LLMarkers	llmarkers|hca|0213_10.1016_j.ccell.2022.11.001_63fadcc3b4	hca:0213_10.1016_j.ccell.2022.11.001_63fadcc3b4	0213_10.1016_j.ccell.2022.11.001_63fadcc3b4		1	1	1	3	0	
LLMarkers	llmarkers|hca|0214_10.1126_science.abo0510_808a3cb920	hca:0214_10.1126_science.abo0510_808a3cb920	0214_10.1126_science.abo0510_808a3cb920		1	3	3	11	0	
LLMarkers	llmarkers|hca|0215_10.1038_s42003-020-01625-6_cc9e14f4ea	hca:0215_10.1038_s42003-020-01625-6_cc9e14f4ea	0215_10.1038_s42003-020-01625-6_cc9e14f4ea		1	14	14	52	0	
LLMarkers	llmarkers|hca|0216_10.1038_s41588-021-00972-2_b07f96cf7c	hca:0216_10.1038_s41588-021-00972-2_b07f96cf7c	0216_10.1038_s41588-021-00972-2_b07f96cf7c		1	3	3	11	0	
LLMarkers	llmarkers|hca|0217_10.1186_s40478-023-01568-z_30cfefc163	hca:0217_10.1186_s40478-023-01568-z_30cfefc163	0217_10.1186_s40478-023-01568-z_30cfefc163		1	12	12	47	0	
LLMarkers	llmarkers|hca|0219_10.1016_j.cell.2020.06.026_35457f0d2b	hca:0219_10.1016_j.cell.2020.06.026_35457f0d2b	0219_10.1016_j.cell.2020.06.026_35457f0d2b		1	1	1	11	0	
LLMarkers	llmarkers|hca|0220_10.1038_s42003-021-02562-8_904d08be85	hca:0220_10.1038_s42003-021-02562-8_904d08be85	0220_10.1038_s42003-021-02562-8_904d08be85		1	6	6	24	0	
LLMarkers	llmarkers|hca|0221_10.7554_elife.69603_ab573a325d	hca:0221_10.7554_elife.69603_ab573a325d	0221_10.7554_elife.69603_ab573a325d		1	6	6	42	0	
LLMarkers	llmarkers|hca|0223_10.1126_science.abo7257_14645ac97f	hca:0223_10.1126_science.abo7257_14645ac97f	0223_10.1126_science.abo7257_14645ac97f		1	9	9	30	0	
LLMarkers	llmarkers|hca|0225_10.1016_j.exer.2019.05.001_df51932aea	hca:0225_10.1016_j.exer.2019.05.001_df51932aea	0225_10.1016_j.exer.2019.05.001_df51932aea		1	2	2	7	0	
LLMarkers	llmarkers|hca|0226_10.1038_s41593-020-00764-7_dc0bba5691	hca:0226_10.1038_s41593-020-00764-7_dc0bba5691	0226_10.1038_s41593-020-00764-7_dc0bba5691		1	2	2	16	0	
LLMarkers	llmarkers|hca|0228_10.1128_mbio.02583-20_5085db2792	hca:0228_10.1128_mbio.02583-20_5085db2792	0228_10.1128_mbio.02583-20_5085db2792		1	8	8	24	0	
LLMarkers	llmarkers|hca|0229_10.15252_msb.20178041_0277072a61	hca:0229_10.15252_msb.20178041_0277072a61	0229_10.15252_msb.20178041_0277072a61		1	7	7	23	0	
LLMarkers	llmarkers|hca|0231_10.1101_2023.08.08.551504_0d646c9546	hca:0231_10.1101_2023.08.08.551504_0d646c9546	0231_10.1101_2023.08.08.551504_0d646c9546		1	2	2	6	0	
LLMarkers	llmarkers|hca|0233_10.1038_s41590-025-02241-4_110ace5bba	hca:0233_10.1038_s41590-025-02241-4_110ace5bba	0233_10.1038_s41590-025-02241-4_110ace5bba		1	13	13	82	0	
LLMarkers	llmarkers|hca|0234_10.1038_s41467-022-32972-z_b918df798f	hca:0234_10.1038_s41467-022-32972-z_b918df798f	0234_10.1038_s41467-022-32972-z_b918df798f		1	3	3	20	0	
LLMarkers	llmarkers|hca|0235_10.1016_j.isci.2024.111337_a37d387ae6	hca:0235_10.1016_j.isci.2024.111337_a37d387ae6	0235_10.1016_j.isci.2024.111337_a37d387ae6		1	6	6	29	0	
LLMarkers	llmarkers|hca|0238_10.1002_art.41813_55de40d8f6	hca:0238_10.1002_art.41813_55de40d8f6	0238_10.1002_art.41813_55de40d8f6		1	5	5	29	0	
LLMarkers	llmarkers|hca|0239_10.1038_s41467-021-24607-6_2a0350c2e5	hca:0239_10.1038_s41467-021-24607-6_2a0350c2e5	0239_10.1038_s41467-021-24607-6_2a0350c2e5		1	7	7	26	0	
LLMarkers	llmarkers|hca|0243_10.1038_s41586-023-05915-x_2f4aafa6a2	hca:0243_10.1038_s41586-023-05915-x_2f4aafa6a2	0243_10.1038_s41586-023-05915-x_2f4aafa6a2		1	18	18	70	0	
LLMarkers	llmarkers|hca|0247_10.1038_s41591-018-0096-5_140f8f392a	hca:0247_10.1038_s41591-018-0096-5_140f8f392a	0247_10.1038_s41591-018-0096-5_140f8f392a		1	4	4	24	0	
LLMarkers	llmarkers|hca|0251_10.1038_s41588-023-01298-x_c85e8d4857	hca:0251_10.1038_s41588-023-01298-x_c85e8d4857	0251_10.1038_s41588-023-01298-x_c85e8d4857		1	4	4	22	0	
LLMarkers	llmarkers|hca|0252_10.1073_pnas.2025813118_95804f2d74	hca:0252_10.1073_pnas.2025813118_95804f2d74	0252_10.1073_pnas.2025813118_95804f2d74		1	3	3	18	0	
LLMarkers	llmarkers|hca|0253_10.1038_s41587-019-0068-4_077f63be55	hca:0253_10.1038_s41587-019-0068-4_077f63be55	0253_10.1038_s41587-019-0068-4_077f63be55		1	1	1	6	0	
LLMarkers	llmarkers|hca|0255_10.1183_13993003.02441-2018_9965f84ef5	hca:0255_10.1183_13993003.02441-2018_9965f84ef5	0255_10.1183_13993003.02441-2018_9965f84ef5		1	4	4	26	0	
LLMarkers	llmarkers|hca|0256_10.1038_nbt.2859_240ea4136e	hca:0256_10.1038_nbt.2859_240ea4136e	0256_10.1038_nbt.2859_240ea4136e		1	1	1	3	0	
LLMarkers	llmarkers|hca|0259_10.1038_s41590-019-0425-y_86ec5764bb	hca:0259_10.1038_s41590-019-0425-y_86ec5764bb	0259_10.1038_s41590-019-0425-y_86ec5764bb		1	9	9	46	0	
LLMarkers	llmarkers|hca|0260_10.1084_jem.20190811_d700cd1f81	hca:0260_10.1084_jem.20190811_d700cd1f81	0260_10.1084_jem.20190811_d700cd1f81		1	4	4	19	0	
LLMarkers	llmarkers|hca|0261_10.1038_s41467-020-20082-7_77f7a74c30	hca:0261_10.1038_s41467-020-20082-7_77f7a74c30	0261_10.1038_s41467-020-20082-7_77f7a74c30		1	5	5	51	0	
LLMarkers	llmarkers|hca|0262_10.1038_s41586-018-0698-6_e4aeb353b8	hca:0262_10.1038_s41586-018-0698-6_e4aeb353b8	0262_10.1038_s41586-018-0698-6_e4aeb353b8		1	3	3	8	0	
LLMarkers	llmarkers|hca|0263_10.1126_science.abq3061_cd915f6391	hca:0263_10.1126_science.abq3061_cd915f6391	0263_10.1126_science.abq3061_cd915f6391		1	2	2	13	0	
LLMarkers	llmarkers|hca|0264_10.1186_s13059-022-02677-z_ec9d743757	hca:0264_10.1186_s13059-022-02677-z_ec9d743757	0264_10.1186_s13059-022-02677-z_ec9d743757		1	15	14	46	0	
LLMarkers	llmarkers|hca|0265_10.1038_s41591-019-0750-6_ba0c7c2ce5	hca:0265_10.1038_s41591-019-0750-6_ba0c7c2ce5	0265_10.1038_s41591-019-0750-6_ba0c7c2ce5		1	6	6	18	0	
LLMarkers	llmarkers|hca|0266_10.1016_j.neuron.2021.05.003_0cca870e2c	hca:0266_10.1016_j.neuron.2021.05.003_0cca870e2c	0266_10.1016_j.neuron.2021.05.003_0cca870e2c		1	3	3	9	0	
LLMarkers	llmarkers|hca|0267_10.1038_s41586-019-1631-3_36f09e3445	hca:0267_10.1038_s41586-019-1631-3_36f09e3445	0267_10.1038_s41586-019-1631-3_36f09e3445		1	6	6	31	0	
LLMarkers	llmarkers|hca|0269_10.1016_j.xgen.2022.100142_dd45161589	hca:0269_10.1016_j.xgen.2022.100142_dd45161589	0269_10.1016_j.xgen.2022.100142_dd45161589		1	3	3	11	0	
LLMarkers	llmarkers|hca|0270_10.1038_s41467-022-30557-4_ba2c76ba96	hca:0270_10.1038_s41467-022-30557-4_ba2c76ba96	0270_10.1038_s41467-022-30557-4_ba2c76ba96		1	3	3	14	0	
LLMarkers	llmarkers|hca|0271_10.1038_s41591-021-01296-8_efdcdd17f5	hca:0271_10.1038_s41591-021-01296-8_efdcdd17f5	0271_10.1038_s41591-021-01296-8_efdcdd17f5		1	1	1	3	0	
LLMarkers	llmarkers|hca|0272_10.1016_j.cell.2020.04.035_15a2d05837	hca:0272_10.1016_j.cell.2020.04.035_15a2d05837	0272_10.1016_j.cell.2020.04.035_15a2d05837		1	2	2	11	0	
LLMarkers	llmarkers|hca|0273_10.15252_embj.20105114_43aa56d0ae	hca:0273_10.15252_embj.20105114_43aa56d0ae	0273_10.15252_embj.20105114_43aa56d0ae		1	1	1	4	0	
LLMarkers	llmarkers|hca|0274_10.1016_j.isci.2021.103592_3ec037cca1	hca:0274_10.1016_j.isci.2021.103592_3ec037cca1	0274_10.1016_j.isci.2021.103592_3ec037cca1		1	9	9	26	0	
LLMarkers	llmarkers|hca|0275_10.1016_j.cell.2020.08.001_8e5789b307	hca:0275_10.1016_j.cell.2020.08.001_8e5789b307	0275_10.1016_j.cell.2020.08.001_8e5789b307		1	7	7	36	0	
LLMarkers	llmarkers|hca|0276_10.1161_circulationaha.120.051921_99b9da8ca5	hca:0276_10.1161_circulationaha.120.051921_99b9da8ca5	0276_10.1161_circulationaha.120.051921_99b9da8ca5		1	1	1	9	0	
LLMarkers	llmarkers|hca|0278_10.1007_s10911-020-09466-z_d1b799dcf6	hca:0278_10.1007_s10911-020-09466-z_d1b799dcf6	0278_10.1007_s10911-020-09466-z_d1b799dcf6		1	8	8	45	0	
LLMarkers	llmarkers|hca|0279_10.1186_s12860-019-0199-y_bf14d4299c	hca:0279_10.1186_s12860-019-0199-y_bf14d4299c	0279_10.1186_s12860-019-0199-y_bf14d4299c		1	2	2	12	0	
LLMarkers	llmarkers|hca|0280_10.1681_asn.2017080890_022062f455	hca:0280_10.1681_asn.2017080890_022062f455	0280_10.1681_asn.2017080890_022062f455		1	6	6	36	0	
LLMarkers	llmarkers|hca|0281_10.1016_j.devcel.2019.06.001_238d93bfef	hca:0281_10.1016_j.devcel.2019.06.001_238d93bfef	0281_10.1016_j.devcel.2019.06.001_238d93bfef		1	10	10	55	0	
LLMarkers	llmarkers|hca|0283_10.1161_circulationaha.120.052318_08d58c2441	hca:0283_10.1161_circulationaha.120.052318_08d58c2441	0283_10.1161_circulationaha.120.052318_08d58c2441		1	7	7	143	0	
LLMarkers	llmarkers|hca|0284_10.1002_hep4.1854_fe09f5fe1e	hca:0284_10.1002_hep4.1854_fe09f5fe1e	0284_10.1002_hep4.1854_fe09f5fe1e		1	21	21	82	0	
LLMarkers	llmarkers|hca|0285_10.26502_fccm.92920277_c5e967ab20	hca:0285_10.26502_fccm.92920277_c5e967ab20	0285_10.26502_fccm.92920277_c5e967ab20		1	1	1	11	0	
LLMarkers	llmarkers|hca|0286_10.1038_s41467-018-06318-7_d818827349	hca:0286_10.1038_s41467-018-06318-7_d818827349	0286_10.1038_s41467-018-06318-7_d818827349		1	10	10	60	0	
LLMarkers	llmarkers|hca|0289_10.1172_jci.insight.93009_72829a2871	hca:0289_10.1172_jci.insight.93009_72829a2871	0289_10.1172_jci.insight.93009_72829a2871		1	5	5	65	0	
LLMarkers	llmarkers|hca|0290_10.1101_235499_566cff6e3c	hca:0290_10.1101_235499_566cff6e3c	0290_10.1101_235499_566cff6e3c		1	29	29	100	0	
LLMarkers	llmarkers|hca|0291_10.1016_j.cell.2019.06.024_7d6cf2f1e2	hca:0291_10.1016_j.cell.2019.06.024_7d6cf2f1e2	0291_10.1016_j.cell.2019.06.024_7d6cf2f1e2		1	4	4	21	0	
LLMarkers	llmarkers|hca|0292_10.1371_journal.pone.0225466_ac5a0b0b14	hca:0292_10.1371_journal.pone.0225466_ac5a0b0b14	0292_10.1371_journal.pone.0225466_ac5a0b0b14		1	1	1	5	0	
LLMarkers	llmarkers|hca|0293_10.1172_jci.insight.150861_5764a5bfad	hca:0293_10.1172_jci.insight.150861_5764a5bfad	0293_10.1172_jci.insight.150861_5764a5bfad		1	11	11	64	0	
LLMarkers	llmarkers|hca|0294_10.1038_ni.3368_b6f196ee59	hca:0294_10.1038_ni.3368_b6f196ee59	0294_10.1038_ni.3368_b6f196ee59		1	3	3	21	0	
LLMarkers	llmarkers|hca|0295_10.1016_j.isci.2021.102551_1c1e582cdd	hca:0295_10.1016_j.isci.2021.102551_1c1e582cdd	0295_10.1016_j.isci.2021.102551_1c1e582cdd		1	6	6	28	0	
LLMarkers	llmarkers|hca|0296_10.1038_s41467-021-25328-6_8814b43a21	hca:0296_10.1038_s41467-021-25328-6_8814b43a21	0296_10.1038_s41467-021-25328-6_8814b43a21		1	3	3	19	0	
LLMarkers	llmarkers|hca|0297_10.1038_s42003-021-02223-w_f1c781baae	hca:0297_10.1038_s42003-021-02223-w_f1c781baae	0297_10.1038_s42003-021-02223-w_f1c781baae		1	1	1	8	0	
LLMarkers	llmarkers|hca|0298_10.1101_2021.07.28.453839_0003c16e5c	hca:0298_10.1101_2021.07.28.453839_0003c16e5c	0298_10.1101_2021.07.28.453839_0003c16e5c		1	9	9	65	0	
LLMarkers	llmarkers|hca|0299_10.1038_s41467-019-11266-x_d55119ff52	hca:0299_10.1038_s41467-019-11266-x_d55119ff52	0299_10.1038_s41467-019-11266-x_d55119ff52		1	7	7	47	0	
LLMarkers	llmarkers|hca|0300_10.1186_s13287-023-03256-0_d71fd1c1ed	hca:0300_10.1186_s13287-023-03256-0_d71fd1c1ed	0300_10.1186_s13287-023-03256-0_d71fd1c1ed		1	3	3	9	0	
LLMarkers	llmarkers|hca|0301_10.1101_2023.11.07.566105_6b05614dad	hca:0301_10.1101_2023.11.07.566105_6b05614dad	0301_10.1101_2023.11.07.566105_6b05614dad		1	6	6	18	0	
LLMarkers	llmarkers|hca|0302_10.1016_j.isci.2022.104772_3e028c0be0	hca:0302_10.1016_j.isci.2022.104772_3e028c0be0	0302_10.1016_j.isci.2022.104772_3e028c0be0		1	19	19	61	0	
LLMarkers	llmarkers|hca|0304_10.1126_sciimmunol.abg5539_d30f748444	hca:0304_10.1126_sciimmunol.abg5539_d30f748444	0304_10.1126_sciimmunol.abg5539_d30f748444		1	3	3	13	0	
LLMarkers	llmarkers|hca|0305_10.1158_0008-5472.can-19-2306_dd7931fca8	hca:0305_10.1158_0008-5472.can-19-2306_dd7931fca8	0305_10.1158_0008-5472.can-19-2306_dd7931fca8		1	1	1	14	0	
LLMarkers	llmarkers|hca|0306_10.1038_s41467-021-22368-w_5524560e05	hca:0306_10.1038_s41467-021-22368-w_5524560e05	0306_10.1038_s41467-021-22368-w_5524560e05		1	3	3	19	0	
LLMarkers	llmarkers|hca|0307_10.1038_s41419-021-03724-6_32b837a8da	hca:0307_10.1038_s41419-021-03724-6_32b837a8da	0307_10.1038_s41419-021-03724-6_32b837a8da		1	21	21	33	0	
LLMarkers	llmarkers|hca|0308_10.1242_dev.199711_724ab19d33	hca:0308_10.1242_dev.199711_724ab19d33	0308_10.1242_dev.199711_724ab19d33		1	1	1	3	0	
LLMarkers	llmarkers|hca|0309_10.1101_721258_f9cb0ad906	hca:0309_10.1101_721258_f9cb0ad906	0309_10.1101_721258_f9cb0ad906		1	6	6	21	0	
LLMarkers	llmarkers|hca|0313_10.1016_j.celrep.2022.110467_a2771a8ae7	hca:0313_10.1016_j.celrep.2022.110467_a2771a8ae7	0313_10.1016_j.celrep.2022.110467_a2771a8ae7		1	4	4	23	0	
LLMarkers	llmarkers|hca|0314_10.1016_j.cell.2017.09.004_62170aa227	hca:0314_10.1016_j.cell.2017.09.004_62170aa227	0314_10.1016_j.cell.2017.09.004_62170aa227		1	1	1	4	0	
LLMarkers	llmarkers|hca|0315_10.1158_2159-8290.cd-21-0683_4c7216e47a	hca:0315_10.1158_2159-8290.cd-21-0683_4c7216e47a	0315_10.1158_2159-8290.cd-21-0683_4c7216e47a		1	5	5	23	0	
LLMarkers	llmarkers|hca|0317_10.1016_j.celrep.2019.02.043_aed04e8aae	hca:0317_10.1016_j.celrep.2019.02.043_aed04e8aae	0317_10.1016_j.celrep.2019.02.043_aed04e8aae		1	7	7	38	0	
LLMarkers	llmarkers|hca|0318_10.1158_1078-0432.ccr-19-0148_d4eb569329	hca:0318_10.1158_1078-0432.ccr-19-0148_d4eb569329	0318_10.1158_1078-0432.ccr-19-0148_d4eb569329		1	1	1	6	0	
LLMarkers	llmarkers|hca|0319_10.1016_j.cell.2018.05.060_d1a05e99e8	hca:0319_10.1016_j.cell.2018.05.060_d1a05e99e8	0319_10.1016_j.cell.2018.05.060_d1a05e99e8		1	6	6	28	0	
LLMarkers	llmarkers|hca|0321_10.1002_stem.3302_bfd2270715	hca:0321_10.1002_stem.3302_bfd2270715	0321_10.1002_stem.3302_bfd2270715		1	5	5	16	0	
LLMarkers	llmarkers|hca|0322_10.3389_fonc.2021.719564_a0cfb67753	hca:0322_10.3389_fonc.2021.719564_a0cfb67753	0322_10.3389_fonc.2021.719564_a0cfb67753		1	7	7	27	0	
LLMarkers	llmarkers|hca|0325_10.1016_j.celrep.2017.10.030_a9d12a5d7c	hca:0325_10.1016_j.celrep.2017.10.030_a9d12a5d7c	0325_10.1016_j.celrep.2017.10.030_a9d12a5d7c		1	6	6	29	0	
LLMarkers	llmarkers|hca|0326_10.1016_j.cmet.2016.08.020_b710322bb3	hca:0326_10.1016_j.cmet.2016.08.020_b710322bb3	0326_10.1016_j.cmet.2016.08.020_b710322bb3		1	10	10	85	0	
LLMarkers	llmarkers|hca|0329_10.1164_rccm.201712-2410oc_fdd97d9097	hca:0329_10.1164_rccm.201712-2410oc_fdd97d9097	0329_10.1164_rccm.201712-2410oc_fdd97d9097		1	4	4	30	0	
LLMarkers	llmarkers|hca|0330_10.1016_j.celrep.2020.01.007_2459125119	hca:0330_10.1016_j.celrep.2020.01.007_2459125119	0330_10.1016_j.celrep.2020.01.007_2459125119		1	5	5	14	0	
LLMarkers	llmarkers|hca|0334_10.1681_asn.2018020125_804c4742d9	hca:0334_10.1681_asn.2018020125_804c4742d9	0334_10.1681_asn.2018020125_804c4742d9		1	1	1	3	0	
LLMarkers	llmarkers|hca|0338_10.3389_fnmol.2020.00134_d9eafa03d0	hca:0338_10.3389_fnmol.2020.00134_d9eafa03d0	0338_10.3389_fnmol.2020.00134_d9eafa03d0		1	4	4	22	0	
LLMarkers	llmarkers|hca|0339_10.7150_thno.65694_e762e5f2bb	hca:0339_10.7150_thno.65694_e762e5f2bb	0339_10.7150_thno.65694_e762e5f2bb		1	9	9	37	0	
LLMarkers	llmarkers|hca|0340_10.1038_s41467-020-16164-1_15fae00c00	hca:0340_10.1038_s41467-020-16164-1_15fae00c00	0340_10.1038_s41467-020-16164-1_15fae00c00		1	3	3	11	0	
LLMarkers	llmarkers|hca|0342_10.18632_aging.203124_280d72e18e	hca:0342_10.18632_aging.203124_280d72e18e	0342_10.18632_aging.203124_280d72e18e		1	2	2	6	0	
LLMarkers	llmarkers|hca|0343_10.1038_s41597-019-0351-8_0cf4fb36a1	hca:0343_10.1038_s41597-019-0351-8_0cf4fb36a1	0343_10.1038_s41597-019-0351-8_0cf4fb36a1		1	3	3	8	0	
LLMarkers	llmarkers|hca|0345_10.3389_fimmu.2021.645666_15198bd9bb	hca:0345_10.3389_fimmu.2021.645666_15198bd9bb	0345_10.3389_fimmu.2021.645666_15198bd9bb		1	5	5	41	0	
LLMarkers	llmarkers|hca|0347_10.1186_s12943-021-01419-2_236ba26890	hca:0347_10.1186_s12943-021-01419-2_236ba26890	0347_10.1186_s12943-021-01419-2_236ba26890		1	4	4	15	0	
LLMarkers	llmarkers|hca|0348_10.1126_sciadv.aba1972_746bae0b3c	hca:0348_10.1126_sciadv.aba1972_746bae0b3c	0348_10.1126_sciadv.aba1972_746bae0b3c		1	1	1	3	0	
LLMarkers	llmarkers|hca|0349_10.1038_s41467-023-36296-4_67ae3c1e19	hca:0349_10.1038_s41467-023-36296-4_67ae3c1e19	0349_10.1038_s41467-023-36296-4_67ae3c1e19		1	7	7	24	0	
LLMarkers	llmarkers|hca|0350_10.1038_s41421-020-0157-z_3083f6da26	hca:0350_10.1038_s41421-020-0157-z_3083f6da26	0350_10.1038_s41421-020-0157-z_3083f6da26		1	26	26	155	0	
LLMarkers	llmarkers|hca|0351_10.1038_s41422-018-0103-x_169d6c1666	hca:0351_10.1038_s41422-018-0103-x_169d6c1666	0351_10.1038_s41422-018-0103-x_169d6c1666		1	2	2	10	0	
LLMarkers	llmarkers|hca|0352_10.1038_nature25980_27cde67bed	hca:0352_10.1038_nature25980_27cde67bed	0352_10.1038_nature25980_27cde67bed		1	8	8	30	0	
LLMarkers	llmarkers|hca|0353_10.1016_j.neuron.2017.02.014_ebc3a9c467	hca:0353_10.1016_j.neuron.2017.02.014_ebc3a9c467	0353_10.1016_j.neuron.2017.02.014_ebc3a9c467		1	10	10	33	0	
LLMarkers	llmarkers|hca|0354_10.1172_jci128475_002a5124c6	hca:0354_10.1172_jci128475_002a5124c6	0354_10.1172_jci128475_002a5124c6		1	1	1	3	0	
LLMarkers	llmarkers|hca|0355_10.3389_fgene.2021.745483_5f4326fce7	hca:0355_10.3389_fgene.2021.745483_5f4326fce7	0355_10.3389_fgene.2021.745483_5f4326fce7		1	5	5	15	0	
LLMarkers	llmarkers|hca|0356_10.3389_fcell.2020.00384_845548ef53	hca:0356_10.3389_fcell.2020.00384_845548ef53	0356_10.3389_fcell.2020.00384_845548ef53		1	9	9	42	0	
LLMarkers	llmarkers|hca|0357_10.1126_science.abf1970_a409ac73f2	hca:0357_10.1126_science.abf1970_a409ac73f2	0357_10.1126_science.abf1970_a409ac73f2		1	3	3	9	0	
LLMarkers	llmarkers|hca|0358_10.1126_sciadv.aba1983_17b603cdcb	hca:0358_10.1126_sciadv.aba1983_17b603cdcb	0358_10.1126_sciadv.aba1983_17b603cdcb		1	5	5	41	0	
LLMarkers	llmarkers|hca|0359_10.1101_759902_400af2c5fc	hca:0359_10.1101_759902_400af2c5fc	0359_10.1101_759902_400af2c5fc		1	4	4	35	0	
LLMarkers	llmarkers|hca|0361_10.1016_j.gpb.2020.11.002_84c7c58535	hca:0361_10.1016_j.gpb.2020.11.002_84c7c58535	0361_10.1016_j.gpb.2020.11.002_84c7c58535		1	7	7	24	0	
LLMarkers	llmarkers|hca|0362_10.1038_s41591-019-0733-7_d499f1b21b	hca:0362_10.1038_s41591-019-0733-7_d499f1b21b	0362_10.1038_s41591-019-0733-7_d499f1b21b		1	4	4	13	0	
LLMarkers	llmarkers|hca|0363_10.1016_j.omtn.2021.03.017_8083e53d24	hca:0363_10.1016_j.omtn.2021.03.017_8083e53d24	0363_10.1016_j.omtn.2021.03.017_8083e53d24		1	3	3	10	0	
LLMarkers	llmarkers|hca|0364_10.1161_circulationaha.120.046528_00aa2deb4c	hca:0364_10.1161_circulationaha.120.046528_00aa2deb4c	0364_10.1161_circulationaha.120.046528_00aa2deb4c		1	29	29	109	0	
LLMarkers	llmarkers|hca|0365_10.3389_fendo.2022.874915_81de77d539	hca:0365_10.3389_fendo.2022.874915_81de77d539	0365_10.3389_fendo.2022.874915_81de77d539		1	9	9	28	0	
LLMarkers	llmarkers|hca|0366_10.1038_s41467-021-22164-6_097f05776f	hca:0366_10.1038_s41467-021-22164-6_097f05776f	0366_10.1038_s41467-021-22164-6_097f05776f		1	20	20	97	0	
LLMarkers	llmarkers|hca|0367_10.1073_pnas.2103240118_fda266512b	hca:0367_10.1073_pnas.2103240118_fda266512b	0367_10.1073_pnas.2103240118_fda266512b		1	9	9	38	0	
LLMarkers	llmarkers|hca|0368_10.1016_j.cell.2019.08.008_98c14c4ebe	hca:0368_10.1016_j.cell.2019.08.008_98c14c4ebe	0368_10.1016_j.cell.2019.08.008_98c14c4ebe		1	1	1	6	0	
LLMarkers	llmarkers|hca|0370_10.1038_s41698-022-00251-1_1483c4b104	hca:0370_10.1038_s41698-022-00251-1_1483c4b104	0370_10.1038_s41698-022-00251-1_1483c4b104		1	14	14	50	0	
LLMarkers	llmarkers|hca|0372_10.1016_j.ccell.2021.10.009_d6ab4790aa	hca:0372_10.1016_j.ccell.2021.10.009_d6ab4790aa	0372_10.1016_j.ccell.2021.10.009_d6ab4790aa		1	13	13	61	0	
LLMarkers	llmarkers|hca|0373_10.1038_s41592-018-0253-2_ae3c4efc48	hca:0373_10.1038_s41592-018-0253-2_ae3c4efc48	0373_10.1038_s41592-018-0253-2_ae3c4efc48		1	2	2	8	0	
LLMarkers	llmarkers|hca|0374_10.1136_annrheumdis-2018-214865_9f6cd4034f	hca:0374_10.1136_annrheumdis-2018-214865_9f6cd4034f	0374_10.1136_annrheumdis-2018-214865_9f6cd4034f		1	9	9	61	0	
LLMarkers	llmarkers|hca|0375_10.1016_j.jaci.2021.07.025_bdc966c89b	hca:0375_10.1016_j.jaci.2021.07.025_bdc966c89b	0375_10.1016_j.jaci.2021.07.025_bdc966c89b		1	11	11	39	0	
LLMarkers	llmarkers|hca|0376_10.1038_s41590-017-0001-2_5fb0775c07	hca:0376_10.1038_s41590-017-0001-2_5fb0775c07	0376_10.1038_s41590-017-0001-2_5fb0775c07		1	6	6	27	0	
LLMarkers	llmarkers|hca|0377_10.7554_elife.64875_32e53ae733	hca:0377_10.7554_elife.64875_32e53ae733	0377_10.7554_elife.64875_32e53ae733		1	3	3	7	0	
LLMarkers	llmarkers|hca|0378_10.1101_2022.06.17.496207_92cb140ff3	hca:0378_10.1101_2022.06.17.496207_92cb140ff3	0378_10.1101_2022.06.17.496207_92cb140ff3		1	9	9	32	0	
LLMarkers	llmarkers|hca|0379_10.1038_s41698-022-00300-9_7bb9a273c6	hca:0379_10.1038_s41698-022-00300-9_7bb9a273c6	0379_10.1038_s41698-022-00300-9_7bb9a273c6		1	6	6	19	0	
LLMarkers	llmarkers|hca|0382_10.1371_journal.pbio.3002124_f92c982127	hca:0382_10.1371_journal.pbio.3002124_f92c982127	0382_10.1371_journal.pbio.3002124_f92c982127		1	7	7	54	0	
LLMarkers	llmarkers|hca|0383_10.1126_sciadv.aaw3851_fd6802ffee	hca:0383_10.1126_sciadv.aaw3851_fd6802ffee	0383_10.1126_sciadv.aaw3851_fd6802ffee		1	5	5	18	0	
LLMarkers	llmarkers|hca|0384_10.1038_s41422-021-00529-2_d6c8237ebe	hca:0384_10.1038_s41422-021-00529-2_d6c8237ebe	0384_10.1038_s41422-021-00529-2_d6c8237ebe		1	22	22	64	0	
LLMarkers	llmarkers|hca|0385_10.1038_s41586-022-04521-7_37f1f319e2	hca:0385_10.1038_s41586-022-04521-7_37f1f319e2	0385_10.1038_s41586-022-04521-7_37f1f319e2		1	8	8	29	0	
LLMarkers	llmarkers|hca|0387_10.1038_s41593-022-01061-1_5c1bbb5824	hca:0387_10.1038_s41593-022-01061-1_5c1bbb5824	0387_10.1038_s41593-022-01061-1_5c1bbb5824		1	4	4	19	0	
LLMarkers	llmarkers|hca|0388_10.1038_s41467-023-40505-5_535df8ab2d	hca:0388_10.1038_s41467-023-40505-5_535df8ab2d	0388_10.1038_s41467-023-40505-5_535df8ab2d		1	1	1	4	0	
LLMarkers	llmarkers|hca|0389_10.1038_s41591-024-02807-z_9d82b71a18	hca:0389_10.1038_s41591-024-02807-z_9d82b71a18	0389_10.1038_s41591-024-02807-z_9d82b71a18		1	15	15	65	0	
LLMarkers	llmarkers|hca|0390_10.1038_s41591-020-0901-9_be86edb292	hca:0390_10.1038_s41591-020-0901-9_be86edb292	0390_10.1038_s41591-020-0901-9_be86edb292		1	6	6	31	0	
LLMarkers	llmarkers|hca|0393_10.1038_s42255-022-00531-x_b92878970e	hca:0393_10.1038_s42255-022-00531-x_b92878970e	0393_10.1038_s42255-022-00531-x_b92878970e		1	2	2	10	0	
LLMarkers	llmarkers|hca|0394_10.1038_s41591-021-01329-2_7dcc6ae73c	hca:0394_10.1038_s41591-021-01329-2_7dcc6ae73c	0394_10.1038_s41591-021-01329-2_7dcc6ae73c		1	10	10	35	0	
LLMarkers	llmarkers|hca|0396_10.7554_elife.62522_10df7c4591	hca:0396_10.7554_elife.62522_10df7c4591	0396_10.7554_elife.62522_10df7c4591		1	4	4	6	0	
LLMarkers	llmarkers|hca|0397_10.1186_s13059-023-03111-8_05defe1911	hca:0397_10.1186_s13059-023-03111-8_05defe1911	0397_10.1186_s13059-023-03111-8_05defe1911		1	3	3	17	0	
LLMarkers	llmarkers|hca|0398_10.3389_fimmu.2022.1034159_e51dfc8bb5	hca:0398_10.3389_fimmu.2022.1034159_e51dfc8bb5	0398_10.3389_fimmu.2022.1034159_e51dfc8bb5		1	6	6	29	0	
LLMarkers	llmarkers|hca|0399_10.1016_j.immuni.2019.08.008_d590b8282e	hca:0399_10.1016_j.immuni.2019.08.008_d590b8282e	0399_10.1016_j.immuni.2019.08.008_d590b8282e		1	1	1	3	0	
LLMarkers	llmarkers|hca|0400_10.1038_s41467-022-35297-z_0eab5d0ba9	hca:0400_10.1038_s41467-022-35297-z_0eab5d0ba9	0400_10.1038_s41467-022-35297-z_0eab5d0ba9		1	14	14	68	0	
LLMarkers	llmarkers|hca|0401_10.21203_rs.3.rs-151881_v1_d8e8733600	hca:0401_10.21203_rs.3.rs-151881_v1_d8e8733600	0401_10.21203_rs.3.rs-151881_v1_d8e8733600		1	4	4	10	0	
LLMarkers	llmarkers|hca|0402_10.1016_j.cell.2021.04.038_26e3dc6d2f	hca:0402_10.1016_j.cell.2021.04.038_26e3dc6d2f	0402_10.1016_j.cell.2021.04.038_26e3dc6d2f		1	8	8	28	0	
LLMarkers	llmarkers|hca|0403_10.1038_s41467-019-11036-9_eff650140f	hca:0403_10.1038_s41467-019-11036-9_eff650140f	0403_10.1038_s41467-019-11036-9_eff650140f		1	12	12	60	0	
LLMarkers	llmarkers|hca|0404_10.1038_s41586-022-04918-4_6a15fd8ba2	hca:0404_10.1038_s41586-022-04918-4_6a15fd8ba2	0404_10.1038_s41586-022-04918-4_6a15fd8ba2		1	8	8	32	0	
LLMarkers	llmarkers|hca|0405_10.1016_j.ccell.2021.03.007_50f32173d6	hca:0405_10.1016_j.ccell.2021.03.007_50f32173d6	0405_10.1016_j.ccell.2021.03.007_50f32173d6		1	12	12	44	0	
LLMarkers	llmarkers|hca|0406_10.1093_brain_awab446_1c9ee67691	hca:0406_10.1093_brain_awab446_1c9ee67691	0406_10.1093_brain_awab446_1c9ee67691		1	4	4	17	0	
LLMarkers	llmarkers|hca|0407_10.1093_humrep_deac183_7b0f560d74	hca:0407_10.1093_humrep_deac183_7b0f560d74	0407_10.1093_humrep_deac183_7b0f560d74		1	5	5	31	0	
LLMarkers	llmarkers|hca|0410_10.3389_fcell.2021.820274_b0973e038f	hca:0410_10.3389_fcell.2021.820274_b0973e038f	0410_10.3389_fcell.2021.820274_b0973e038f		1	12	12	39	0	
LLMarkers	llmarkers|hca|0412_10.1038_s41598-019-57110-6_5feef6086a	hca:0412_10.1038_s41598-019-57110-6_5feef6086a	0412_10.1038_s41598-019-57110-6_5feef6086a		1	2	2	7	0	
LLMarkers	llmarkers|hca|0414_10.1186_s13059-020-02210-0_30c1533a3e	hca:0414_10.1186_s13059-020-02210-0_30c1533a3e	0414_10.1186_s13059-020-02210-0_30c1533a3e		1	13	13	58	0	
LLMarkers	llmarkers|hca|0415_10.1038_s41467-020-20358-y_582bbd075a	hca:0415_10.1038_s41467-020-20358-y_582bbd075a	0415_10.1038_s41467-020-20358-y_582bbd075a		1	1	1	3	0	
LLMarkers	llmarkers|hca|0416_10.1126_science.aat1699_46d73cdfcb	hca:0416_10.1126_science.aat1699_46d73cdfcb	0416_10.1126_science.aat1699_46d73cdfcb		1	3	3	8	0	
LLMarkers	llmarkers|hca|0417_10.1101_gr.212720.116_ba8d2583ab	hca:0417_10.1101_gr.212720.116_ba8d2583ab	0417_10.1101_gr.212720.116_ba8d2583ab		1	2	2	9	0	
LLMarkers	llmarkers|hca|0418_10.1038_s42003-020-0922-4_8904851286	hca:0418_10.1038_s42003-020-0922-4_8904851286	0418_10.1038_s42003-020-0922-4_8904851286		1	11	11	44	0	
LLMarkers	llmarkers|hca|0419_10.1038_s41588-021-00806-1_d66603cd99	hca:0419_10.1038_s41588-021-00806-1_d66603cd99	0419_10.1038_s41588-021-00806-1_d66603cd99		1	4	4	30	0	
LLMarkers	llmarkers|hca|0420_10.1111_cas.15979_052ebae233	hca:0420_10.1111_cas.15979_052ebae233	0420_10.1111_cas.15979_052ebae233		1	9	9	35	0	
LLMarkers	llmarkers|hca|0421_10.1101_2022.02.14.480397_c10e165496	hca:0421_10.1101_2022.02.14.480397_c10e165496	0421_10.1101_2022.02.14.480397_c10e165496		1	14	14	81	0	
LLMarkers	llmarkers|hca|0422_10.1038_s41591-020-1040-z_d966e12866	hca:0422_10.1038_s41591-020-1040-z_d966e12866	0422_10.1038_s41591-020-1040-z_d966e12866		1	4	4	38	0	
LLMarkers	llmarkers|hca|0423_10.1038_s41467-019-12780-8_0da964452a	hca:0423_10.1038_s41467-019-12780-8_0da964452a	0423_10.1038_s41467-019-12780-8_0da964452a		1	7	7	30	0	
LLMarkers	llmarkers|hca|0425_10.1038_s41598-017-05266-4_54c44ec7e0	hca:0425_10.1038_s41598-017-05266-4_54c44ec7e0	0425_10.1038_s41598-017-05266-4_54c44ec7e0		1	2	1	46	0	
LLMarkers	llmarkers|hca|0426_10.1038_s41467-019-12464-3_0f8440336d	hca:0426_10.1038_s41467-019-12464-3_0f8440336d	0426_10.1038_s41467-019-12464-3_0f8440336d		1	11	11	41	0	
LLMarkers	llmarkers|hca|0427_10.7150_ijbs.58886_44183be8e8	hca:0427_10.7150_ijbs.58886_44183be8e8	0427_10.7150_ijbs.58886_44183be8e8		1	9	9	41	0	
LLMarkers	llmarkers|hca|0428_10.1073_pnas.1914143116_42027a0378	hca:0428_10.1073_pnas.1914143116_42027a0378	0428_10.1073_pnas.1914143116_42027a0378		1	8	8	29	0	
LLMarkers	llmarkers|hca|0430_10.1101_2021.07.06.451312_11ba989c20	hca:0430_10.1101_2021.07.06.451312_11ba989c20	0430_10.1101_2021.07.06.451312_11ba989c20		1	5	5	32	0	
LLMarkers	llmarkers|hca|0431_10.1038_s44161-022-00028-6_b4c8c1227f	hca:0431_10.1038_s44161-022-00028-6_b4c8c1227f	0431_10.1038_s44161-022-00028-6_b4c8c1227f		1	2	2	12	0	
LLMarkers	llmarkers|hca|0432_10.1172_jci.insight.156341_02dc39adcf	hca:0432_10.1172_jci.insight.156341_02dc39adcf	0432_10.1172_jci.insight.156341_02dc39adcf		1	10	10	29	0	
LLMarkers	llmarkers|hca|0433_10.15252_embr.201540946_1830154973	hca:0433_10.15252_embr.201540946_1830154973	0433_10.15252_embr.201540946_1830154973		1	5	5	24	0	
LLMarkers	llmarkers|hca|0436_10.1016_j.jtos.2020.12.004_24ddeb29a4	hca:0436_10.1016_j.jtos.2020.12.004_24ddeb29a4	0436_10.1016_j.jtos.2020.12.004_24ddeb29a4		1	8	8	54	0	
LLMarkers	llmarkers|hca|0438_10.1016_j.celrep.2023.112086_4947038a16	hca:0438_10.1016_j.celrep.2023.112086_4947038a16	0438_10.1016_j.celrep.2023.112086_4947038a16		1	6	6	27	0	
LLMarkers	llmarkers|hca|0439_10.1038_s41586-019-1404-z_d7516e129c	hca:0439_10.1038_s41586-019-1404-z_d7516e129c	0439_10.1038_s41586-019-1404-z_d7516e129c		1	7	7	59	0	
LLMarkers	llmarkers|hca|0440_10.1186_s13073-023-01179-2_de903e74e7	hca:0440_10.1186_s13073-023-01179-2_de903e74e7	0440_10.1186_s13073-023-01179-2_de903e74e7		1	4	1	22	0	
LLMarkers	llmarkers|hca|0441_10.1038_s41593-020-0621-y_a3edefca60	hca:0441_10.1038_s41593-020-0621-y_a3edefca60	0441_10.1038_s41593-020-0621-y_a3edefca60		1	10	10	41	0	
LLMarkers	llmarkers|hca|0442_10.1038_s41591-024-03011-9_e42f5ec07c	hca:0442_10.1038_s41591-024-03011-9_e42f5ec07c	0442_10.1038_s41591-024-03011-9_e42f5ec07c		1	6	6	43	0	
LLMarkers	llmarkers|hca|0448_10.1101_2022.02.15.480622_6cb3eae5b8	hca:0448_10.1101_2022.02.15.480622_6cb3eae5b8	0448_10.1101_2022.02.15.480622_6cb3eae5b8		1	3	3	11	0	
LLMarkers	llmarkers|hca|0449_10.1084_jem.20202345_e99c99a876	hca:0449_10.1084_jem.20202345_e99c99a876	0449_10.1084_jem.20202345_e99c99a876		1	7	7	35	0	
LLMarkers	llmarkers|hca|0450_10.1101_2020.06.30.174391_27363b5885	hca:0450_10.1101_2020.06.30.174391_27363b5885	0450_10.1101_2020.06.30.174391_27363b5885		1	5	5	47	0	
LLMarkers	llmarkers|hca|0451_10.1016_j.jid.2018.01.016_d2589a157e	hca:0451_10.1016_j.jid.2018.01.016_d2589a157e	0451_10.1016_j.jid.2018.01.016_d2589a157e		1	6	6	21	0	
LLMarkers	llmarkers|hca|0453_10.1038_s41586-022-05060-x_14fb298894	hca:0453_10.1038_s41586-022-05060-x_14fb298894	0453_10.1038_s41586-022-05060-x_14fb298894		1	6	6	30	0	
LLMarkers	llmarkers|hca|0454_10.1038_s41586-023-05869-0_c19e7dab1e	hca:0454_10.1038_s41586-023-05869-0_c19e7dab1e	0454_10.1038_s41586-023-05869-0_c19e7dab1e		1	13	13	92	0	
LLMarkers	llmarkers|hca|0455_10.1016_j.cell.2021.12.018_c0dc3d5926	hca:0455_10.1016_j.cell.2021.12.018_c0dc3d5926	0455_10.1016_j.cell.2021.12.018_c0dc3d5926		1	1	1	7	0	
LLMarkers	llmarkers|hca|0457_10.1101_2024.02.02.578633_57d5a20898	hca:0457_10.1101_2024.02.02.578633_57d5a20898	0457_10.1101_2024.02.02.578633_57d5a20898		1	4	4	15	0	
LLMarkers	llmarkers|hca|0458_10.1038_s41467-024-55325-4_d40c28a5ea	hca:0458_10.1038_s41467-024-55325-4_d40c28a5ea	0458_10.1038_s41467-024-55325-4_d40c28a5ea		1	6	6	30	0	
LLMarkers	llmarkers|hca|0460_10.1016_j.cell.2021.08.003_652ffcecb6	hca:0460_10.1016_j.cell.2021.08.003_652ffcecb6	0460_10.1016_j.cell.2021.08.003_652ffcecb6		1	1	1	3	0	
LLMarkers	llmarkers|hca|0462_10.1038_s41586-023-06311-1_b735ac2f93	hca:0462_10.1038_s41586-023-06311-1_b735ac2f93	0462_10.1038_s41586-023-06311-1_b735ac2f93		1	9	8	64	0	
LLMarkers	llmarkers|hca|0463_10.7554_elife.81525_0f73520e7f	hca:0463_10.7554_elife.81525_0f73520e7f	0463_10.7554_elife.81525_0f73520e7f		1	4	4	18	0	
LLMarkers	llmarkers|hca|0464_10.1126_science.aat5031_cfde7f776b	hca:0464_10.1126_science.aat5031_cfde7f776b	0464_10.1126_science.aat5031_cfde7f776b		1	5	5	17	0	
LLMarkers	llmarkers|hca|0465_10.1016_j.cell.2020.12.016_af8ed7d941	hca:0465_10.1016_j.cell.2020.12.016_af8ed7d941	0465_10.1016_j.cell.2020.12.016_af8ed7d941		1	24	24	85	0	
LLMarkers	llmarkers|hca|0466_10.1038_s41467-020-18957-w_ce0dae83ad	hca:0466_10.1038_s41467-020-18957-w_ce0dae83ad	0466_10.1038_s41467-020-18957-w_ce0dae83ad		1	1	1	11	0	
LLMarkers	llmarkers|hca|0467_10.1016_j.cell.2018.08.067_51639edc11	hca:0467_10.1016_j.cell.2018.08.067_51639edc11	0467_10.1016_j.cell.2018.08.067_51639edc11		1	5	5	42	0	
LLMarkers	llmarkers|hca|0470_10.21203_rs.3.rs-2402606_v1_8de4ac8813	hca:0470_10.21203_rs.3.rs-2402606_v1_8de4ac8813	0470_10.21203_rs.3.rs-2402606_v1_8de4ac8813		1	1	1	4	0	
LLMarkers	llmarkers|hca|0471_10.1038_s41467-019-11947-7_0514f87944	hca:0471_10.1038_s41467-019-11947-7_0514f87944	0471_10.1038_s41467-019-11947-7_0514f87944		1	4	4	17	0	
LLMarkers	llmarkers|hca|0472_10.1016_j.stem.2019.12.005_97b804f298	hca:0472_10.1016_j.stem.2019.12.005_97b804f298	0472_10.1016_j.stem.2019.12.005_97b804f298		1	5	5	19	0	
LLMarkers	llmarkers|hca|0473_10.1016_j.cell.2020.08.003_9ae06495c4	hca:0473_10.1016_j.cell.2020.08.003_9ae06495c4	0473_10.1016_j.cell.2020.08.003_9ae06495c4		1	6	6	32	0	
LLMarkers	llmarkers|hca|0474_10.3389_fimmu.2021.689019_ff96e36403	hca:0474_10.3389_fimmu.2021.689019_ff96e36403	0474_10.3389_fimmu.2021.689019_ff96e36403		1	17	17	82	0	
LLMarkers	llmarkers|hca|0475_10.1101_2021.07.19.452956_e30bf05aad	hca:0475_10.1101_2021.07.19.452956_e30bf05aad	0475_10.1101_2021.07.19.452956_e30bf05aad		1	1	1	9	0	
LLMarkers	llmarkers|hca|0476_10.1126_science.abl4896_6d8fed9731	hca:0476_10.1126_science.abl4896_6d8fed9731	0476_10.1126_science.abl4896_6d8fed9731		1	1	1	9	0	
LLMarkers	llmarkers|hca|0477_10.1172_jci157338_273d70a217	hca:0477_10.1172_jci157338_273d70a217	0477_10.1172_jci157338_273d70a217		1	2	2	14	0	
LLMarkers	llmarkers|hca|0479_10.1016_j.xcrm.2022.100657_bf09154d98	hca:0479_10.1016_j.xcrm.2022.100657_bf09154d98	0479_10.1016_j.xcrm.2022.100657_bf09154d98		1	16	16	67	0	
LLMarkers	llmarkers|hca|0480_10.1038_s41590-019-0398-x_7e5ee33388	hca:0480_10.1038_s41590-019-0398-x_7e5ee33388	0480_10.1038_s41590-019-0398-x_7e5ee33388		1	15	15	75	0	
LLMarkers	llmarkers|hca|0481_10.1016_j.immuni.2023.01.002_2da3d3f446	hca:0481_10.1016_j.immuni.2023.01.002_2da3d3f446	0481_10.1016_j.immuni.2023.01.002_2da3d3f446		1	20	20	81	0	
LLMarkers	llmarkers|hca|0482_10.1016_j.devcel.2022.04.003_a4b7ddcf39	hca:0482_10.1016_j.devcel.2022.04.003_a4b7ddcf39	0482_10.1016_j.devcel.2022.04.003_a4b7ddcf39		1	4	4	29	0	
LLMarkers	llmarkers|hca|0485_10.1038_s41467-021-26495-2_5e641690ff	hca:0485_10.1038_s41467-021-26495-2_5e641690ff	0485_10.1038_s41467-021-26495-2_5e641690ff		1	4	4	30	0	
LLMarkers	llmarkers|hca|0486_10.1016_j.xfss.2022.09.001_c256ed6917	hca:0486_10.1016_j.xfss.2022.09.001_c256ed6917	0486_10.1016_j.xfss.2022.09.001_c256ed6917		1	12	12	36	0	
LLMarkers	llmarkers|hca|0488_10.1073_pnas.1908706116_5dfd6c0233	hca:0488_10.1073_pnas.1908706116_5dfd6c0233	0488_10.1073_pnas.1908706116_5dfd6c0233		1	6	6	28	0	
LLMarkers	llmarkers|hca|0489_10.1016_j.cell.2021.02.018_b0761e6af0	hca:0489_10.1016_j.cell.2021.02.018_b0761e6af0	0489_10.1016_j.cell.2021.02.018_b0761e6af0		1	1	1	5	0	
LLMarkers	llmarkers|hca|0490_10.1038_nsmb.2660_4e6a41d8b9	hca:0490_10.1038_nsmb.2660_4e6a41d8b9	0490_10.1038_nsmb.2660_4e6a41d8b9		1	4	4	16	0	
LLMarkers	llmarkers|hca|0491_10.1016_j.celrep.2018.09.006_befb59b9fa	hca:0491_10.1016_j.celrep.2018.09.006_befb59b9fa	0491_10.1016_j.celrep.2018.09.006_befb59b9fa		1	12	12	50	0	
LLMarkers	llmarkers|hca|0492_10.1038_s41591-021-01332-7_1dacee7a8b	hca:0492_10.1038_s41591-021-01332-7_1dacee7a8b	0492_10.1038_s41591-021-01332-7_1dacee7a8b		1	9	9	34	0	
LLMarkers	llmarkers|hca|0493_10.1161_circulationaha.119.045401_814f085618	hca:0493_10.1161_circulationaha.119.045401_814f085618	0493_10.1161_circulationaha.119.045401_814f085618		1	6	6	20	0	
LLMarkers	llmarkers|hca|0494_10.1038_s41467-021-27895-0_bbe3158fbf	hca:0494_10.1038_s41467-021-27895-0_bbe3158fbf	0494_10.1038_s41467-021-27895-0_bbe3158fbf		1	6	6	28	0	
LLMarkers	llmarkers|hca|0496_10.1038_s41593-020-00787-0_59956d4662	hca:0496_10.1038_s41593-020-00787-0_59956d4662	0496_10.1038_s41593-020-00787-0_59956d4662		1	4	4	13	0	
LLMarkers	llmarkers|hca|0497_10.1016_j.cell.2016.03.023_1e72ea1d04	hca:0497_10.1016_j.cell.2016.03.023_1e72ea1d04	0497_10.1016_j.cell.2016.03.023_1e72ea1d04		1	3	3	30	0	
LLMarkers	llmarkers|hca|0498_10.1038_s41598-017-11044-z_4cb11e808c	hca:0498_10.1038_s41598-017-11044-z_4cb11e808c	0498_10.1038_s41598-017-11044-z_4cb11e808c		1	1	1	7	0	
LLMarkers	llmarkers|hca|0500_10.1073_pnas.2306153120_5c49b25904	hca:0500_10.1073_pnas.2306153120_5c49b25904	0500_10.1073_pnas.2306153120_5c49b25904		1	19	19	51	0	
LLMarkers	llmarkers|hca|0501_10.1126_sciimmunol.abb8786_1f1edec8bd	hca:0501_10.1126_sciimmunol.abb8786_1f1edec8bd	0501_10.1126_sciimmunol.abb8786_1f1edec8bd		1	8	8	26	0	
LLMarkers	llmarkers|hca|0502_10.1016_j.xcrm.2024.101556_a84a219a11	hca:0502_10.1016_j.xcrm.2024.101556_a84a219a11	0502_10.1016_j.xcrm.2024.101556_a84a219a11		1	14	14	40	0	
LLMarkers	llmarkers|hca|0505_10.1126_scitranslmed.abh2624_475f0b05e7	hca:0505_10.1126_scitranslmed.abh2624_475f0b05e7	0505_10.1126_scitranslmed.abh2624_475f0b05e7		1	1	1	4	0	
LLMarkers	llmarkers|hca|0506_10.1038_s41591-022-01680-y_160aaf8b86	hca:0506_10.1038_s41591-022-01680-y_160aaf8b86	0506_10.1038_s41591-022-01680-y_160aaf8b86		1	11	11	55	0	
LLMarkers	llmarkers|hca|0508_10.1016_j.devcel.2022.07.004_cfe769c9cf	hca:0508_10.1016_j.devcel.2022.07.004_cfe769c9cf	0508_10.1016_j.devcel.2022.07.004_cfe769c9cf		1	1	1	3	0	
LLMarkers	llmarkers|hca|0509_10.1186_s13073-021-00941-8_26def488c5	hca:0509_10.1186_s13073-021-00941-8_26def488c5	0509_10.1186_s13073-021-00941-8_26def488c5		1	2	2	8	0	
LLMarkers	llmarkers|hca|0511_10.1016_j.jcmgh.2020.12.014_7220e03ee7	hca:0511_10.1016_j.jcmgh.2020.12.014_7220e03ee7	0511_10.1016_j.jcmgh.2020.12.014_7220e03ee7		1	2	2	7	0	
LLMarkers	llmarkers|hca|0512_10.1016_j.gastha.2022.12.004_3866b352db	hca:0512_10.1016_j.gastha.2022.12.004_3866b352db	0512_10.1016_j.gastha.2022.12.004_3866b352db		1	3	3	46	0	
LLMarkers	llmarkers|hca|0513_10.1186_s13059-019-1906-x_0a4cb34cd5	hca:0513_10.1186_s13059-019-1906-x_0a4cb34cd5	0513_10.1186_s13059-019-1906-x_0a4cb34cd5		1	3	3	12	0	
LLMarkers	llmarkers|hca|0514_10.1016_j.stemcr.2021.12.008_8ef526797f	hca:0514_10.1016_j.stemcr.2021.12.008_8ef526797f	0514_10.1016_j.stemcr.2021.12.008_8ef526797f		1	5	5	17	0	
LLMarkers	llmarkers|hca|0515_10.1084_jem.20201189_d8d9a9e257	hca:0515_10.1084_jem.20201189_d8d9a9e257	0515_10.1084_jem.20201189_d8d9a9e257		1	5	5	22	0	
