resource	label_basis	profile_idx	normalized_cell_type	cell_type	context_uid	comparison_context	n_local_markers	n_comparison_profiles	observed_global_recovery
LLMarkers	reported label	2	DC	DC	biorxiv|01e5e65d-751c-1014-a8e3-b5f1d7a951ab	biorxiv|01e5e65d-751c-1014-a8e3-b5f1d7a951ab	9	4	0.0
LLMarkers	reported label	12	MAST CELL	MAST CELL	biorxiv|03092aac-75a4-1014-b9cc-d44d468fbd97	biorxiv|03092aac-75a4-1014-b9cc-d44d468fbd97	3	14	1.0
LLMarkers	reported label	14	PLASMA CELL	PLASMA CELL	biorxiv|03092aac-75a4-1014-b9cc-d44d468fbd97	biorxiv|03092aac-75a4-1014-b9cc-d44d468fbd97	3	15	1.0
LLMarkers	reported label	18	B CELL	B CELL	biorxiv|06056998-6fcf-1014-a978-d2cf5726c0ad	biorxiv|06056998-6fcf-1014-a978-d2cf5726c0ad	4	29	0.0
LLMarkers	reported label	20	CLUSTER 3	CLUSTER 3	biorxiv|09d40fbc-6c3d-1014-b39f-eee50a07ad3b	biorxiv|09d40fbc-6c3d-1014-b39f-eee50a07ad3b	3	11	0.0
LLMarkers	reported label	21	CLUSTER 4	CLUSTER 4	biorxiv|09d40fbc-6c3d-1014-b39f-eee50a07ad3b	biorxiv|09d40fbc-6c3d-1014-b39f-eee50a07ad3b	4	10	0.0
LLMarkers	reported label	22	CLUSTER 5	CLUSTER 5	biorxiv|09d40fbc-6c3d-1014-b39f-eee50a07ad3b	biorxiv|09d40fbc-6c3d-1014-b39f-eee50a07ad3b	4	8	0.25
LLMarkers	reported label	56	ACINAR CELL	ACINAR CELL	biorxiv|10f6f17d-749e-1014-bdcf-fe1d1407f022	biorxiv|10f6f17d-749e-1014-bdcf-fe1d1407f022	3	6	0.3333333333333333
LLMarkers	reported label	57	ALPHA CELL	ALPHA CELL	biorxiv|10f6f17d-749e-1014-bdcf-fe1d1407f022	biorxiv|10f6f17d-749e-1014-bdcf-fe1d1407f022	8	5	0.625
LLMarkers	reported label	58	BETA CELL	BETA CELL	biorxiv|10f6f17d-749e-1014-bdcf-fe1d1407f022	biorxiv|10f6f17d-749e-1014-bdcf-fe1d1407f022	19	9	0.3157894736842105
LLMarkers	reported label	59	DELTA CELL	DELTA CELL	biorxiv|10f6f17d-749e-1014-bdcf-fe1d1407f022	biorxiv|10f6f17d-749e-1014-bdcf-fe1d1407f022	5	4	0.2
LLMarkers	reported label	70	CD 4 T CELL	CD4+ T CELL	biorxiv|1934a72f-6bf9-1014-9f9e-eb610960180d	biorxiv|1934a72f-6bf9-1014-9f9e-eb610960180d	3	16	0.6666666666666666
LLMarkers	reported label	72	CLUSTER 3	CLUSTER 3	biorxiv|1b938bfc-6db4-1014-bcdd-aff1924d9f72	biorxiv|1b938bfc-6db4-1014-bcdd-aff1924d9f72	1	11	0.0
LLMarkers	reported label	97	MONOCYTE	MONOCYTE	biorxiv|1efd9fbe-6f02-1014-8df4-f37a8d806beb	biorxiv|1efd9fbe-6f02-1014-8df4-f37a8d806beb	2	23	0.0
LLMarkers	reported label	102	T CELL	T CELL	biorxiv|1fa7b83f-6da7-1014-a69d-d257852e8dd1	biorxiv|1fa7b83f-6da7-1014-a69d-d257852e8dd1	3	37	1.0
LLMarkers	reported label	123	PERICYTE	PERICYTE	biorxiv|219b21d9-7007-1014-9157-ab439216a355	biorxiv|219b21d9-7007-1014-9157-ab439216a355	3	13	1.0
LLMarkers	reported label	131	BASAL CELL	BASAL CELL	biorxiv|2439b48c-6d2d-1014-8b64-9f8fdc0d5fe9	biorxiv|2439b48c-6d2d-1014-8b64-9f8fdc0d5fe9	5	6	0.6
LLMarkers	reported label	132	EPITHELIAL CELL	EPITHELIAL CELL	biorxiv|2439b48c-6d2d-1014-8b64-9f8fdc0d5fe9	biorxiv|2439b48c-6d2d-1014-8b64-9f8fdc0d5fe9	5	6	0.8
LLMarkers	reported label	133	MESENCHYMAL	MESENCHYMAL	biorxiv|2439b48c-6d2d-1014-8b64-9f8fdc0d5fe9	biorxiv|2439b48c-6d2d-1014-8b64-9f8fdc0d5fe9	3	6	0.6666666666666666
LLMarkers	reported label	137	CLUSTER 4	CLUSTER 4	biorxiv|2696a317-6c07-1014-9562-d326b0aa508e	biorxiv|2696a317-6c07-1014-9562-d326b0aa508e	11	10	0.09090909090909091
LLMarkers	reported label	141	EC	EC	biorxiv|2746af96-6da7-1014-ab14-859a63e4801c	biorxiv|2746af96-6da7-1014-ab14-859a63e4801c	3	6	0.6666666666666666
LLMarkers	reported label	164	B CELL	B CELL	biorxiv|307b2bd7-6cb9-1014-a6b4-a58a7220bba3	biorxiv|307b2bd7-6cb9-1014-a6b4-a58a7220bba3	4	29	1.0
LLMarkers	reported label	165	NK CELL	NK CELL	biorxiv|307b2bd7-6cb9-1014-a6b4-a58a7220bba3	biorxiv|307b2bd7-6cb9-1014-a6b4-a58a7220bba3	3	15	0.6666666666666666
LLMarkers	reported label	168	T CELL	T CELL	biorxiv|307b2bd7-6cb9-1014-a6b4-a58a7220bba3	biorxiv|307b2bd7-6cb9-1014-a6b4-a58a7220bba3	2	36	0.5
LLMarkers	reported label	169	T CELL	T-CELL	biorxiv|307b2bd7-6cb9-1014-a6b4-a58a7220bba3	biorxiv|307b2bd7-6cb9-1014-a6b4-a58a7220bba3	1	36	1.0
LLMarkers	reported label	186	HSC	HSC	biorxiv|35208be1-70ce-1014-9f75-f7d24dac9096	biorxiv|35208be1-70ce-1014-9f75-f7d24dac9096	4	4	0.75
LLMarkers	reported label	194	CLUSTER 1	CLUSTER 1	biorxiv|37132c64-6c91-1014-a7ae-a25544128cc2	biorxiv|37132c64-6c91-1014-a7ae-a25544128cc2	1	13	0.0
LLMarkers	reported label	195	CLUSTER 2	CLUSTER 2	biorxiv|37132c64-6c91-1014-a7ae-a25544128cc2	biorxiv|37132c64-6c91-1014-a7ae-a25544128cc2	1	18	1.0
LLMarkers	reported label	198	CELL	Β CELL	biorxiv|37af1a73-74bd-1014-bb95-96ab82111b0d	biorxiv|37af1a73-74bd-1014-bb95-96ab82111b0d	5	18	0.8
LLMarkers	reported label	202	TREG	TREG	biorxiv|380e1251-6c2c-1014-8b2d-a217f3491f5e	biorxiv|380e1251-6c2c-1014-8b2d-a217f3491f5e	2	14	1.0
LLMarkers	reported label	203	CD 4 T CELL	CD4+T CELL	biorxiv|38f92858-6c77-1014-a70a-b9d4e7b85d53	biorxiv|38f92858-6c77-1014-a70a-b9d4e7b85d53	1	16	0.0
LLMarkers	reported label	204	MACROPHAGES	MACROPHAGES	biorxiv|38f92858-6c77-1014-a70a-b9d4e7b85d53	biorxiv|38f92858-6c77-1014-a70a-b9d4e7b85d53	3	5	0.0
LLMarkers	reported label	206	ENDOTHELIAL CELL	ENDOTHELIAL CELL	biorxiv|3912ca11-6e98-1014-9c67-9a3ee3e3b07f	biorxiv|3912ca11-6e98-1014-9c67-9a3ee3e3b07f	7	27	0.42857142857142855
LLMarkers	reported label	207	MONOCYTE	MONOCYTE	biorxiv|39510275-6e7f-1014-81d5-da3b7edd0de0	biorxiv|39510275-6e7f-1014-81d5-da3b7edd0de0	5	23	0.2
LLMarkers	reported label	215	CD 4 T CELL	CD4+ T CELL	biorxiv|396ad855-6e2e-1014-85f5-9bd33dea0f81	biorxiv|396ad855-6e2e-1014-85f5-9bd33dea0f81	7	16	0.5714285714285714
LLMarkers	reported label	220	ENDOTHELIAL	ENDOTHELIAL	biorxiv|416666f2-6cf5-1014-99b7-f739c447cf39	biorxiv|416666f2-6cf5-1014-99b7-f739c447cf39	4	4	0.0
LLMarkers	reported label	227	ENTEROCYTE	ENTEROCYTE	biorxiv|446f40c7-6f7f-1014-8708-b70b3848c315	biorxiv|446f40c7-6f7f-1014-8708-b70b3848c315	3	5	0.6666666666666666
LLMarkers	reported label	228	EPITHELIAL CELL	EPITHELIAL CELL	biorxiv|446f40c7-6f7f-1014-8708-b70b3848c315	biorxiv|446f40c7-6f7f-1014-8708-b70b3848c315	1	6	1.0
LLMarkers	reported label	232	GOBLET CELL	GOBLET CELL	biorxiv|446f40c7-6f7f-1014-8708-b70b3848c315	biorxiv|446f40c7-6f7f-1014-8708-b70b3848c315	2	7	1.0
LLMarkers	reported label	241	PLASMA CELL	PLASMA CELL	biorxiv|446f40c7-6f7f-1014-8708-b70b3848c315	biorxiv|446f40c7-6f7f-1014-8708-b70b3848c315	4	15	1.0
LLMarkers	reported label	243	SMOOTH MUSCLE CELL	SMOOTH MUSCLE CELL	biorxiv|446f40c7-6f7f-1014-8708-b70b3848c315	biorxiv|446f40c7-6f7f-1014-8708-b70b3848c315	4	8	0.5
LLMarkers	reported label	259	ALPHA CELL	ALPHA CELL	biorxiv|4c59ca94-6c5e-1014-84d0-e9a5aa46ffef	biorxiv|4c59ca94-6c5e-1014-84d0-e9a5aa46ffef	10	5	0.4
LLMarkers	reported label	260	BETA CELL	BETA CELL	biorxiv|4c59ca94-6c5e-1014-84d0-e9a5aa46ffef	biorxiv|4c59ca94-6c5e-1014-84d0-e9a5aa46ffef	10	9	0.7
LLMarkers	reported label	261	DELTA CELL	DELTA CELL	biorxiv|4c59ca94-6c5e-1014-84d0-e9a5aa46ffef	biorxiv|4c59ca94-6c5e-1014-84d0-e9a5aa46ffef	3	4	1.0
LLMarkers	reported label	262	IMMUNE CELL	IMMUNE CELL	biorxiv|4c59ca94-6c5e-1014-84d0-e9a5aa46ffef	biorxiv|4c59ca94-6c5e-1014-84d0-e9a5aa46ffef	6	6	0.0
LLMarkers	reported label	271	CLUSTER 2	CLUSTER 2	biorxiv|50c888ca-6c09-1014-89ca-dc13eaf87e62	biorxiv|50c888ca-6c09-1014-89ca-dc13eaf87e62	3	18	0.3333333333333333
LLMarkers	reported label	272	CLUSTER 4	CLUSTER 4	biorxiv|50c888ca-6c09-1014-89ca-dc13eaf87e62	biorxiv|50c888ca-6c09-1014-89ca-dc13eaf87e62	1	10	0.0
LLMarkers	reported label	276	B CELL	B CELL	biorxiv|51fac41a-6c0a-1014-9c40-ecb16ebed7ec	biorxiv|51fac41a-6c0a-1014-9c40-ecb16ebed7ec	3	29	0.6666666666666666
LLMarkers	reported label	277	DENDRITIC CELL	DENDRITIC CELL	biorxiv|51fac41a-6c0a-1014-9c40-ecb16ebed7ec	biorxiv|51fac41a-6c0a-1014-9c40-ecb16ebed7ec	2	6	0.0
LLMarkers	reported label	279	MONOCYTE	MONOCYTE	biorxiv|5200cce7-72d7-1014-98f6-994ae061fa4b	biorxiv|5200cce7-72d7-1014-98f6-994ae061fa4b	3	23	0.6666666666666666
LLMarkers	reported label	288	PERICYTES	PERICYTES	biorxiv|53fe4c58-6d7e-1014-9234-a9ab6cb90679	biorxiv|53fe4c58-6d7e-1014-9234-a9ab6cb90679	4	4	0.75
LLMarkers	reported label	294	LYMPHOCYTE	LYMPHOCYTE	biorxiv|55d0fee5-7079-1014-8ef3-9aa3522a8f21	biorxiv|55d0fee5-7079-1014-8ef3-9aa3522a8f21	3	4	0.0
LLMarkers	reported label	296	B CELL	B CELL	biorxiv|57ac822b-6c7d-1014-a047-d6c2f45edeb7	biorxiv|57ac822b-6c7d-1014-a047-d6c2f45edeb7	3	29	0.6666666666666666
LLMarkers	reported label	302	CLUSTER 4	CLUSTER 4	biorxiv|5a3c7d4e-70da-1014-80b6-cd48bfa975fe	biorxiv|5a3c7d4e-70da-1014-80b6-cd48bfa975fe	3	10	0.3333333333333333
LLMarkers	reported label	304	FIBROBLASTS	FIBROBLASTS	biorxiv|5a3c7d4e-70da-1014-80b6-cd48bfa975fe	biorxiv|5a3c7d4e-70da-1014-80b6-cd48bfa975fe	3	5	0.6666666666666666
LLMarkers	reported label	323	DC	DC	biorxiv|611722dd-8008-1014-b70e-fa0b81b0ac37	biorxiv|611722dd-8008-1014-b70e-fa0b81b0ac37	5	4	0.0
LLMarkers	reported label	327	PLASMA CELL	PLASMA CELL	biorxiv|64ab9878-6ed8-1014-99e3-9a1ae6ef730b	biorxiv|64ab9878-6ed8-1014-99e3-9a1ae6ef730b	3	15	1.0
LLMarkers	reported label	329	PC	PC	biorxiv|653bfd04-6cbf-1014-864b-c74846f5cd96	biorxiv|653bfd04-6cbf-1014-864b-c74846f5cd96	4	4	0.5
LLMarkers	reported label	340	MAST CELL	MAST CELL	biorxiv|6ca25eee-7853-1014-8aed-fc8cff0a87e5	biorxiv|6ca25eee-7853-1014-8aed-fc8cff0a87e5	3	14	1.0
LLMarkers	reported label	359	NK CELL	NK CELL	biorxiv|6f28f2e1-6c20-1014-910c-d12c701e7668	biorxiv|6f28f2e1-6c20-1014-910c-d12c701e7668	3	15	0.3333333333333333
LLMarkers	reported label	363	CELL	Β-CELL	biorxiv|6f8501d1-6fb7-1014-a0e2-ce465eab4dbd	biorxiv|6f8501d1-6fb7-1014-a0e2-ce465eab4dbd	6	18	0.6666666666666666
LLMarkers	reported label	365	ASTROCYTES	ASTROCYTES	biorxiv|700d25d7-7306-1014-9c30-ec481bfe1ae1	biorxiv|700d25d7-7306-1014-9c30-ec481bfe1ae1	1	5	0.0
LLMarkers	reported label	366	MICROGLIA	MICROGLIA	biorxiv|700d25d7-7306-1014-9c30-ec481bfe1ae1	biorxiv|700d25d7-7306-1014-9c30-ec481bfe1ae1	13	17	0.7692307692307693
LLMarkers	reported label	369	MACROPHAGE	MACROPHAGE	biorxiv|72d8cdf5-6fa5-1014-b805-ea9c7c557043	biorxiv|72d8cdf5-6fa5-1014-b805-ea9c7c557043	6	28	0.5
LLMarkers	reported label	408	IMMUNE CELL	IMMUNE CELL	biorxiv|7a206a01-6c0e-1014-b046-f87c164ca53d	biorxiv|7a206a01-6c0e-1014-b046-f87c164ca53d	3	6	0.3333333333333333
LLMarkers	reported label	419	CD 4 T CELL	CD4+ T CELL	biorxiv|8060bfa3-6d4f-1014-b2ea-be74caad434f	biorxiv|8060bfa3-6d4f-1014-b2ea-be74caad434f	4	16	0.75
LLMarkers	reported label	441	MAST CELL	MAST CELL	biorxiv|876ca999-6c0e-1014-8ed9-e7563228589e	biorxiv|876ca999-6c0e-1014-8ed9-e7563228589e	2	14	0.5
LLMarkers	reported label	446	NK CELL	NK CELL	biorxiv|876ca999-6c0e-1014-8ed9-e7563228589e	biorxiv|876ca999-6c0e-1014-8ed9-e7563228589e	4	15	0.25
LLMarkers	reported label	449	ASTROCYTES	ASTROCYTES	biorxiv|88b6dd17-6fa5-1014-96e8-90837e572e81	biorxiv|88b6dd17-6fa5-1014-96e8-90837e572e81	1	5	0.0
LLMarkers	reported label	455	NK CELL	NK CELL	biorxiv|8a79edc5-6e0d-1014-bd87-aa1de4068967	biorxiv|8a79edc5-6e0d-1014-bd87-aa1de4068967	12	15	0.25
LLMarkers	reported label	456	T CELL	T CELL	biorxiv|8a79edc5-6e0d-1014-bd87-aa1de4068967	biorxiv|8a79edc5-6e0d-1014-bd87-aa1de4068967	7	37	0.5714285714285714
LLMarkers	reported label	458	ENTEROENDOCRINE CELL	ENTEROENDOCRINE CELL	biorxiv|8bff4e38-6c13-1014-bcce-e068e3eafd28	biorxiv|8bff4e38-6c13-1014-bcce-e068e3eafd28	3	6	0.6666666666666666
LLMarkers	reported label	460	GOBLET CELL	GOBLET CELL	biorxiv|8bff4e38-6c13-1014-bcce-e068e3eafd28	biorxiv|8bff4e38-6c13-1014-bcce-e068e3eafd28	5	7	0.8
LLMarkers	reported label	462	STEM CELL	STEM CELL	biorxiv|8bff4e38-6c13-1014-bcce-e068e3eafd28	biorxiv|8bff4e38-6c13-1014-bcce-e068e3eafd28	4	6	1.0
LLMarkers	reported label	464	MESENCHYMAL	MESENCHYMAL	biorxiv|8c3ef8a4-6c0e-1014-9b81-f1618d3e39b1	biorxiv|8c3ef8a4-6c0e-1014-9b81-f1618d3e39b1	3	6	1.0
LLMarkers	reported label	468	T CELL	T CELL	biorxiv|8e460cfc-7020-1014-9694-e5bf39316223	biorxiv|8e460cfc-7020-1014-9694-e5bf39316223	3	37	1.0
LLMarkers	reported label	469	B CELL	B-CELL	biorxiv|8f45ef4c-6d70-1014-815c-a556cc0c38ce	biorxiv|8f45ef4c-6d70-1014-815c-a556cc0c38ce	3	29	1.0
LLMarkers	reported label	470	CLUSTER 1	CLUSTER 1	biorxiv|8f45ef4c-6d70-1014-815c-a556cc0c38ce	biorxiv|8f45ef4c-6d70-1014-815c-a556cc0c38ce	5	13	0.0
LLMarkers	reported label	471	CLUSTER 2	CLUSTER 2	biorxiv|8f45ef4c-6d70-1014-815c-a556cc0c38ce	biorxiv|8f45ef4c-6d70-1014-815c-a556cc0c38ce	5	18	0.0
LLMarkers	reported label	483	NK CELL	NK CELL	biorxiv|96c0ca44-7598-1014-bd6e-c97aae1f298a	biorxiv|96c0ca44-7598-1014-bd6e-c97aae1f298a	4	15	0.75
LLMarkers	reported label	487	TREG	TREG	biorxiv|96c0ca44-7598-1014-bd6e-c97aae1f298a	biorxiv|96c0ca44-7598-1014-bd6e-c97aae1f298a	4	14	1.0
LLMarkers	reported label	497	MONOCYTE	MONOCYTE	biorxiv|9912495b-7074-1014-acf9-d95bb2127278	biorxiv|9912495b-7074-1014-acf9-d95bb2127278	3	23	0.0
LLMarkers	reported label	519	MESENCHYMAL	MESENCHYMAL	biorxiv|9b741001-784a-1014-b0c0-93f88f9233f4	biorxiv|9b741001-784a-1014-b0c0-93f88f9233f4	3	6	0.6666666666666666
LLMarkers	reported label	521	BETA CELL	BETA CELL	biorxiv|9bdb3107-6c43-1014-b168-b2ab3b1b366a	biorxiv|9bdb3107-6c43-1014-b168-b2ab3b1b366a	3	9	0.3333333333333333
LLMarkers	reported label	523	B CELL	B CELL	biorxiv|9c7f8281-6c21-1014-a6df-b6c543b29cb8	biorxiv|9c7f8281-6c21-1014-a6df-b6c543b29cb8	3	29	0.3333333333333333
LLMarkers	reported label	530	CLUSTER 2	CLUSTER 2	biorxiv|9d923a25-6c34-1014-a848-e326c14e92ee	biorxiv|9d923a25-6c34-1014-a848-e326c14e92ee	7	18	0.0
LLMarkers	reported label	531	CLUSTER 3	CLUSTER 3	biorxiv|9d923a25-6c34-1014-a848-e326c14e92ee	biorxiv|9d923a25-6c34-1014-a848-e326c14e92ee	1	11	0.0
LLMarkers	reported label	532	CLUSTER 4	CLUSTER 4	biorxiv|9d923a25-6c34-1014-a848-e326c14e92ee	biorxiv|9d923a25-6c34-1014-a848-e326c14e92ee	2	10	0.0
LLMarkers	reported label	535	CLUSTER 5	CLUSTER 5	biorxiv|9e5c18fc-76e5-1014-9f81-96148d260e0f	biorxiv|9e5c18fc-76e5-1014-9f81-96148d260e0f	1	8	0.0
LLMarkers	reported label	537	CLUSTER 1	CLUSTER 1	biorxiv|9ea3f9c1-6d62-1014-8a0f-e0eee23ad569	biorxiv|9ea3f9c1-6d62-1014-8a0f-e0eee23ad569	3	13	0.0
LLMarkers	reported label	538	CLUSTER 2	CLUSTER 2	biorxiv|9ea3f9c1-6d62-1014-8a0f-e0eee23ad569	biorxiv|9ea3f9c1-6d62-1014-8a0f-e0eee23ad569	8	18	0.125
LLMarkers	reported label	560	CD 4 T CELL	CD4+ T CELL	biorxiv|9f9eded3-6d6e-1014-996d-af8f6f192d54	biorxiv|9f9eded3-6d6e-1014-996d-af8f6f192d54	3	16	0.3333333333333333
LLMarkers	reported label	567	MONOCYTE	MONOCYTE	biorxiv|9f9eded3-6d6e-1014-996d-af8f6f192d54	biorxiv|9f9eded3-6d6e-1014-996d-af8f6f192d54	3	23	0.3333333333333333
LLMarkers	reported label	568	NK CELL	NK CELL	biorxiv|9f9eded3-6d6e-1014-996d-af8f6f192d54	biorxiv|9f9eded3-6d6e-1014-996d-af8f6f192d54	4	15	0.75
LLMarkers	reported label	576	T CELL	T CELL	biorxiv|a0900ed8-7609-1014-846c-dd411913591f	biorxiv|a0900ed8-7609-1014-846c-dd411913591f	3	37	1.0
LLMarkers	reported label	586	MAST CELL	MAST CELL	biorxiv|a6ffed23-717d-1014-ae02-d2e67f78dddd	biorxiv|a6ffed23-717d-1014-ae02-d2e67f78dddd	3	14	1.0
LLMarkers	reported label	587	MYELOID CELL	MYELOID CELL	biorxiv|a6ffed23-717d-1014-ae02-d2e67f78dddd	biorxiv|a6ffed23-717d-1014-ae02-d2e67f78dddd	3	9	0.3333333333333333
LLMarkers	reported label	588	T CELL	T CELL	biorxiv|a6ffed23-717d-1014-ae02-d2e67f78dddd	biorxiv|a6ffed23-717d-1014-ae02-d2e67f78dddd	3	37	1.0
LLMarkers	reported label	590	CLUSTER 2	CLUSTER 2	biorxiv|a96dba70-6cf7-1014-a294-bf2ca6d364a0	biorxiv|a96dba70-6cf7-1014-a294-bf2ca6d364a0	8	18	0.125
LLMarkers	reported label	591	CLUSTER 3	CLUSTER 3	biorxiv|a96dba70-6cf7-1014-a294-bf2ca6d364a0	biorxiv|a96dba70-6cf7-1014-a294-bf2ca6d364a0	15	11	0.06666666666666667
LLMarkers	reported label	592	CLUSTER 4	CLUSTER 4	biorxiv|a96dba70-6cf7-1014-a294-bf2ca6d364a0	biorxiv|a96dba70-6cf7-1014-a294-bf2ca6d364a0	8	10	0.0
LLMarkers	reported label	595	B CELL	B CELL	biorxiv|ab05f819-6c04-1014-81aa-9646e853264a	biorxiv|ab05f819-6c04-1014-81aa-9646e853264a	1	29	1.0
LLMarkers	reported label	601	MONOCYTE	MONOCYTE	biorxiv|ab05f819-6c04-1014-81aa-9646e853264a	biorxiv|ab05f819-6c04-1014-81aa-9646e853264a	2	23	0.5
LLMarkers	reported label	602	T CELL	T CELL	biorxiv|ab05f819-6c04-1014-81aa-9646e853264a	biorxiv|ab05f819-6c04-1014-81aa-9646e853264a	3	37	1.0
LLMarkers	reported label	609	OPC	OPC	biorxiv|acd52af7-6c95-1014-8d0b-873ff14c4a57	biorxiv|acd52af7-6c95-1014-8d0b-873ff14c4a57	5	4	0.6
LLMarkers	reported label	610	CD 4 T CELL	CD4+ T CELL	biorxiv|ae5f009e-6d7a-1014-8ed6-cd1c0d2e0ada	biorxiv|ae5f009e-6d7a-1014-8ed6-cd1c0d2e0ada	3	16	0.0
LLMarkers	reported label	611	CD 8 T CELL	CD8+ T CELL	biorxiv|ae5f009e-6d7a-1014-8ed6-cd1c0d2e0ada	biorxiv|ae5f009e-6d7a-1014-8ed6-cd1c0d2e0ada	3	14	0.0
LLMarkers	reported label	615	CLUSTER 1	CLUSTER-1	biorxiv|b01f00d1-6e6e-1014-8e4a-e846f4b1debe	biorxiv|b01f00d1-6e6e-1014-8e4a-e846f4b1debe	13	13	0.23076923076923078
LLMarkers	reported label	616	CLUSTER 2	CLUSTER-2	biorxiv|b01f00d1-6e6e-1014-8e4a-e846f4b1debe	biorxiv|b01f00d1-6e6e-1014-8e4a-e846f4b1debe	3	18	0.0
LLMarkers	reported label	617	CLUSTER 3	CLUSTER-3	biorxiv|b01f00d1-6e6e-1014-8e4a-e846f4b1debe	biorxiv|b01f00d1-6e6e-1014-8e4a-e846f4b1debe	12	11	0.08333333333333333
LLMarkers	reported label	618	CLUSTER 4	CLUSTER-4	biorxiv|b01f00d1-6e6e-1014-8e4a-e846f4b1debe	biorxiv|b01f00d1-6e6e-1014-8e4a-e846f4b1debe	9	10	0.0
LLMarkers	reported label	619	MYOFIBROBLAST	MYOFIBROBLAST	biorxiv|b01f00d1-6e6e-1014-8e4a-e846f4b1debe	biorxiv|b01f00d1-6e6e-1014-8e4a-e846f4b1debe	2	7	1.0
LLMarkers	reported label	624	ASTROCYTE	ASTROCYTE	biorxiv|b60c0833-6df2-1014-8865-f92ffff4fcc6	biorxiv|b60c0833-6df2-1014-8865-f92ffff4fcc6	6	7	0.6666666666666666
LLMarkers	reported label	625	ENDOTHELIAL CELL	ENDOTHELIAL CELL	biorxiv|b60c0833-6df2-1014-8865-f92ffff4fcc6	biorxiv|b60c0833-6df2-1014-8865-f92ffff4fcc6	19	27	0.2631578947368421
LLMarkers	reported label	627	EXCITATORY NEURON	EXCITATORY NEURON	biorxiv|b60c0833-6df2-1014-8865-f92ffff4fcc6	biorxiv|b60c0833-6df2-1014-8865-f92ffff4fcc6	6	4	0.3333333333333333
LLMarkers	reported label	629	MICROGLIA	MICROGLIA	biorxiv|b60c0833-6df2-1014-8865-f92ffff4fcc6	biorxiv|b60c0833-6df2-1014-8865-f92ffff4fcc6	13	17	0.5384615384615384
LLMarkers	reported label	630	OLIGODENDROCYTE	OLIGODENDROCYTE	biorxiv|b60c0833-6df2-1014-8865-f92ffff4fcc6	biorxiv|b60c0833-6df2-1014-8865-f92ffff4fcc6	4	6	1.0
LLMarkers	reported label	631	OPC	OPC	biorxiv|b60c0833-6df2-1014-8865-f92ffff4fcc6	biorxiv|b60c0833-6df2-1014-8865-f92ffff4fcc6	3	4	0.6666666666666666
LLMarkers	reported label	632	T CELL	T CELL	biorxiv|b60c0833-6df2-1014-8865-f92ffff4fcc6	biorxiv|b60c0833-6df2-1014-8865-f92ffff4fcc6	4	37	0.75
LLMarkers	reported label	648	MACROPHAGE	MACROPHAGE	biorxiv|b88cbe76-6c0b-1014-a018-e498be98267a	biorxiv|b88cbe76-6c0b-1014-a018-e498be98267a	3	28	0.3333333333333333
LLMarkers	reported label	649	DENDRITIC CELL	DENDRITIC CELL	biorxiv|b9f9eea1-7c5b-1014-87f0-cbc500249f07	biorxiv|b9f9eea1-7c5b-1014-87f0-cbc500249f07	3	6	0.0
LLMarkers	reported label	650	MACROPHAGE	MACROPHAGE	biorxiv|b9f9eea1-7c5b-1014-87f0-cbc500249f07	biorxiv|b9f9eea1-7c5b-1014-87f0-cbc500249f07	3	28	0.0
LLMarkers	reported label	651	T CELL	T-CELL	biorxiv|ba2fe3cc-7145-1014-8950-ece91a9c7114	biorxiv|ba2fe3cc-7145-1014-8950-ece91a9c7114	3	37	1.0
LLMarkers	reported label	653	ACINAR CELL	ACINAR CELL	biorxiv|bb90a40e-70a1-1014-887a-db6e99ca95cb	biorxiv|bb90a40e-70a1-1014-887a-db6e99ca95cb	6	6	0.16666666666666666
LLMarkers	reported label	654	B CELL	B CELL	biorxiv|bb90a40e-70a1-1014-887a-db6e99ca95cb	biorxiv|bb90a40e-70a1-1014-887a-db6e99ca95cb	3	29	0.0
LLMarkers	reported label	655	BETA CELL	BETA CELL	biorxiv|bb90a40e-70a1-1014-887a-db6e99ca95cb	biorxiv|bb90a40e-70a1-1014-887a-db6e99ca95cb	2	9	0.0
LLMarkers	reported label	656	CD 4 T CELL	CD4 T CELL	biorxiv|bb90a40e-70a1-1014-887a-db6e99ca95cb	biorxiv|bb90a40e-70a1-1014-887a-db6e99ca95cb	2	16	0.5
LLMarkers	reported label	658	CD 8 T CELL	CD8 T CELL	biorxiv|bb90a40e-70a1-1014-887a-db6e99ca95cb	biorxiv|bb90a40e-70a1-1014-887a-db6e99ca95cb	5	14	0.0
LLMarkers	reported label	659	DUCTAL CELL	DUCTAL CELL	biorxiv|bb90a40e-70a1-1014-887a-db6e99ca95cb	biorxiv|bb90a40e-70a1-1014-887a-db6e99ca95cb	3	4	0.0
LLMarkers	reported label	661	IMMUNE CELL	IMMUNE CELL	biorxiv|bb90a40e-70a1-1014-887a-db6e99ca95cb	biorxiv|bb90a40e-70a1-1014-887a-db6e99ca95cb	4	6	0.0
LLMarkers	reported label	662	MONOCYTE	MONOCYTE	biorxiv|bb90a40e-70a1-1014-887a-db6e99ca95cb	biorxiv|bb90a40e-70a1-1014-887a-db6e99ca95cb	3	23	0.0
LLMarkers	reported label	663	NK CELL	NK CELL	biorxiv|bb90a40e-70a1-1014-887a-db6e99ca95cb	biorxiv|bb90a40e-70a1-1014-887a-db6e99ca95cb	4	15	0.0
LLMarkers	reported label	665	BASAL CELL	BASAL CELL	biorxiv|bc260922-6c47-1014-a865-fe4e19bf3ea8	biorxiv|bc260922-6c47-1014-a865-fe4e19bf3ea8	2	6	1.0
LLMarkers	reported label	684	CD 8 T CELL	CD8+ T CELL	biorxiv|c245f005-7ab6-1014-adbd-b49bd8bfffbc	biorxiv|c245f005-7ab6-1014-adbd-b49bd8bfffbc	3	14	1.0
LLMarkers	reported label	686	MONOCYTE	MONOCYTE	biorxiv|c245f005-7ab6-1014-adbd-b49bd8bfffbc	biorxiv|c245f005-7ab6-1014-adbd-b49bd8bfffbc	3	23	1.0
LLMarkers	reported label	689	T CELL	T CELL	biorxiv|c245f005-7ab6-1014-adbd-b49bd8bfffbc	biorxiv|c245f005-7ab6-1014-adbd-b49bd8bfffbc	3	37	1.0
LLMarkers	reported label	690	CD 8 T CELL	CD8+ T-CELL	biorxiv|c3556304-707d-1014-b47e-8d7767eb41eb	biorxiv|c3556304-707d-1014-b47e-8d7767eb41eb	3	14	1.0
LLMarkers	reported label	691	MESENCHYMAL	MESENCHYMAL	biorxiv|c37c4c27-6d25-1014-a7a4-b416d496387c	biorxiv|c37c4c27-6d25-1014-a7a4-b416d496387c	4	6	1.0
LLMarkers	reported label	697	ASTROCYTE	ASTROCYTE	biorxiv|c6b2e62c-6bf8-1014-b389-a9824584e0b5	biorxiv|c6b2e62c-6bf8-1014-b389-a9824584e0b5	6	7	0.5
LLMarkers	reported label	698	CLUSTER 5	CLUSTER 5	biorxiv|c6b2e62c-6bf8-1014-b389-a9824584e0b5	biorxiv|c6b2e62c-6bf8-1014-b389-a9824584e0b5	3	8	0.3333333333333333
LLMarkers	reported label	699	EPITHELIAL CELL	EPITHELIAL CELL	biorxiv|c704e998-6f4b-1014-8cb1-c3d28b577fb8	biorxiv|c704e998-6f4b-1014-8cb1-c3d28b577fb8	3	6	0.6666666666666666
LLMarkers	reported label	708	MONOCYTE	MONOCYTE	biorxiv|c8264099-6fc3-1014-9d27-9ae05a0c1d33	biorxiv|c8264099-6fc3-1014-9d27-9ae05a0c1d33	3	23	1.0
LLMarkers	reported label	709	T CELL	T CELL	biorxiv|c8264099-6fc3-1014-9d27-9ae05a0c1d33	biorxiv|c8264099-6fc3-1014-9d27-9ae05a0c1d33	3	37	1.0
LLMarkers	reported label	724	AT 2	AT2	biorxiv|cf0d429c-6c7f-1014-a5a8-f09b6915373d	biorxiv|cf0d429c-6c7f-1014-a5a8-f09b6915373d	3	9	0.3333333333333333
LLMarkers	reported label	725	B CELL	B CELL	biorxiv|cf0d429c-6c7f-1014-a5a8-f09b6915373d	biorxiv|cf0d429c-6c7f-1014-a5a8-f09b6915373d	3	29	0.6666666666666666
LLMarkers	reported label	726	BASAL CELL	BASAL CELL	biorxiv|cf0d429c-6c7f-1014-a5a8-f09b6915373d	biorxiv|cf0d429c-6c7f-1014-a5a8-f09b6915373d	1	6	0.0
LLMarkers	reported label	732	PERICYTE	PERICYTE	biorxiv|cf0d429c-6c7f-1014-a5a8-f09b6915373d	biorxiv|cf0d429c-6c7f-1014-a5a8-f09b6915373d	3	13	0.6666666666666666
LLMarkers	reported label	735	SMOOTH MUSCLE CELL	SMOOTH MUSCLE CELL	biorxiv|cf0d429c-6c7f-1014-a5a8-f09b6915373d	biorxiv|cf0d429c-6c7f-1014-a5a8-f09b6915373d	2	8	0.5
LLMarkers	reported label	749	CDC 1	CDC1	biorxiv|d2042444-7138-1014-94ac-a1f590fd3173	biorxiv|d2042444-7138-1014-94ac-a1f590fd3173	3	10	1.0
LLMarkers	reported label	750	CDC 2	CDC2	biorxiv|d2042444-7138-1014-94ac-a1f590fd3173	biorxiv|d2042444-7138-1014-94ac-a1f590fd3173	3	8	0.6666666666666666
LLMarkers	reported label	752	ENDOTHELIAL CELL	ENDOTHELIAL CELL	biorxiv|d2042444-7138-1014-94ac-a1f590fd3173	biorxiv|d2042444-7138-1014-94ac-a1f590fd3173	3	27	1.0
LLMarkers	reported label	754	HEPATOCYTE	HEPATOCYTE	biorxiv|d2042444-7138-1014-94ac-a1f590fd3173	biorxiv|d2042444-7138-1014-94ac-a1f590fd3173	3	4	0.3333333333333333
LLMarkers	reported label	757	MONOCYTE	MONOCYTE	biorxiv|d2042444-7138-1014-94ac-a1f590fd3173	biorxiv|d2042444-7138-1014-94ac-a1f590fd3173	1	23	1.0
LLMarkers	reported label	758	PLASMA CELL	PLASMA CELL	biorxiv|d2042444-7138-1014-94ac-a1f590fd3173	biorxiv|d2042444-7138-1014-94ac-a1f590fd3173	3	15	1.0
LLMarkers	reported label	761	TREG	TREG	biorxiv|d2042444-7138-1014-94ac-a1f590fd3173	biorxiv|d2042444-7138-1014-94ac-a1f590fd3173	4	14	1.0
LLMarkers	reported label	772	ENDOTHELIAL CELL	ENDOTHELIAL CELL	biorxiv|d8ee72e2-7047-1014-a159-a9ef37bce7a4	biorxiv|d8ee72e2-7047-1014-a159-a9ef37bce7a4	3	27	1.0
LLMarkers	reported label	777	MACROPHAGE	MACROPHAGE	biorxiv|d8ee72e2-7047-1014-a159-a9ef37bce7a4	biorxiv|d8ee72e2-7047-1014-a159-a9ef37bce7a4	3	28	1.0
LLMarkers	reported label	787	MAST CELL	MAST CELL	biorxiv|db8af155-6c8b-1014-b5f3-cedb7b3b1723	biorxiv|db8af155-6c8b-1014-b5f3-cedb7b3b1723	3	14	1.0
LLMarkers	reported label	795	HSC	HSC	biorxiv|dd32f357-70c5-1014-bad0-ccf1b5b647f4	biorxiv|dd32f357-70c5-1014-bad0-ccf1b5b647f4	6	4	0.0
LLMarkers	reported label	801	T CELL	T CELL	biorxiv|de5904ff-71b0-1014-b1f7-fe7935302eab	biorxiv|de5904ff-71b0-1014-b1f7-fe7935302eab	11	37	0.36363636363636365
LLMarkers	reported label	820	MYOFIBROBLASTS	MYOFIBROBLASTS	biorxiv|e2efdcad-73c4-1014-9c6c-8a89f519fd2d	biorxiv|e2efdcad-73c4-1014-9c6c-8a89f519fd2d	10	4	0.2
LLMarkers	reported label	826	CLUSTER 0	CLUSTER 0	biorxiv|e3312584-7421-1014-b0a7-823d4471ccf1	biorxiv|e3312584-7421-1014-b0a7-823d4471ccf1	3	4	0.0
LLMarkers	reported label	830	MACROPHAGE	MACROPHAGE	biorxiv|e3312584-7421-1014-b0a7-823d4471ccf1	biorxiv|e3312584-7421-1014-b0a7-823d4471ccf1	2	28	1.0
LLMarkers	reported label	839	MICROGLIA	MICROGLIA	biorxiv|e3c9e28c-70c5-1014-9616-aa7d906f9d5d	biorxiv|e3c9e28c-70c5-1014-9616-aa7d906f9d5d	4	17	0.75
LLMarkers	reported label	843	CARDIOMYOCYTE	CARDIOMYOCYTE	biorxiv|e69e6aa5-6cf9-1014-aa41-9f7e5b3de6e8	biorxiv|e69e6aa5-6cf9-1014-aa41-9f7e5b3de6e8	7	8	0.5714285714285714
LLMarkers	reported label	851	B CELL	B-CELL	biorxiv|e6e04172-6c15-1014-9229-c57ac33d21f6	biorxiv|e6e04172-6c15-1014-9229-c57ac33d21f6	3	29	1.0
LLMarkers	reported label	852	MONOCYTE	MONOCYTE	biorxiv|e6e04172-6c15-1014-9229-c57ac33d21f6	biorxiv|e6e04172-6c15-1014-9229-c57ac33d21f6	4	23	1.0
LLMarkers	reported label	863	AT 2	AT2	biorxiv|e91c125a-709d-1014-bc43-9d192767cd15	biorxiv|e91c125a-709d-1014-bc43-9d192767cd15	7	9	0.0
LLMarkers	reported label	865	FIBROBLAST	FIBROBLAST	biorxiv|e91c125a-709d-1014-bc43-9d192767cd15	biorxiv|e91c125a-709d-1014-bc43-9d192767cd15	12	28	0.0
LLMarkers	reported label	873	CLUSTER 0	CLUSTER 0	biorxiv|ebaf49e5-7438-1014-8951-c3e925f71d14	biorxiv|ebaf49e5-7438-1014-8951-c3e925f71d14	4	4	0.0
LLMarkers	reported label	874	CLUSTER 2	CLUSTER 2	biorxiv|ebaf49e5-7438-1014-8951-c3e925f71d14	biorxiv|ebaf49e5-7438-1014-8951-c3e925f71d14	5	18	0.0
LLMarkers	reported label	875	CLUSTER 3	CLUSTER 3	biorxiv|ebaf49e5-7438-1014-8951-c3e925f71d14	biorxiv|ebaf49e5-7438-1014-8951-c3e925f71d14	6	11	0.0
LLMarkers	reported label	909	CLUSTER 2	CLUSTER 2	biorxiv|f29672cc-6d87-1014-b915-87fbd4bb053f	biorxiv|f29672cc-6d87-1014-b915-87fbd4bb053f	4	18	0.0
LLMarkers	reported label	919	MYELOID CELL	MYELOID CELL	biorxiv|f3be1d12-72db-1014-a9a0-ac8d78e3151e	biorxiv|f3be1d12-72db-1014-a9a0-ac8d78e3151e	3	9	0.3333333333333333
LLMarkers	reported label	934	ENDOTHELIAL CELL	ENDOTHELIAL CELL	biorxiv|f96f23ec-83f2-1014-ad76-8d430e749668	biorxiv|f96f23ec-83f2-1014-ad76-8d430e749668	3	27	0.3333333333333333
LLMarkers	reported label	935	CDC 1	CDC1	biorxiv|fa200037-7001-1014-b4a8-b2d1b5dda72e	biorxiv|fa200037-7001-1014-b4a8-b2d1b5dda72e	6	10	0.6666666666666666
LLMarkers	reported label	936	CDC 2	CDC2	biorxiv|fa200037-7001-1014-b4a8-b2d1b5dda72e	biorxiv|fa200037-7001-1014-b4a8-b2d1b5dda72e	4	8	0.5
LLMarkers	reported label	938	PLASMA CELL	PLASMA CELL	biorxiv|fbd95004-6cf9-1014-bead-f9f2e4a06d20	biorxiv|fbd95004-6cf9-1014-bead-f9f2e4a06d20	3	15	0.3333333333333333
LLMarkers	reported label	939	CDC 1	CDC1	biorxiv|fc7595eb-733c-1014-9892-ed444a916a2a	biorxiv|fc7595eb-733c-1014-9892-ed444a916a2a	3	10	1.0
LLMarkers	reported label	954	BASAL	BASAL	hca|0001_10.1016_j.celrep.2018.11.086_7aff07407b	hca|0001_10.1016_j.celrep.2018.11.086_7aff07407b	1	6	1.0
LLMarkers	reported label	956	FIBROBLAST	FIBROBLAST	hca|0001_10.1016_j.celrep.2018.11.086_7aff07407b	hca|0001_10.1016_j.celrep.2018.11.086_7aff07407b	7	28	0.42857142857142855
LLMarkers	reported label	964	HEPATOCYTE	HEPATOCYTE	hca|0002_10.1038_s41586-019-1373-2_de5bb9e220	hca|0002_10.1038_s41586-019-1373-2_de5bb9e220	5	4	0.4
LLMarkers	reported label	967	ENDOTHELIAL CELL	ENDOTHELIAL CELL	hca|0003_10.3389_fimmu.2021.645988_480a5ea7f6	hca|0003_10.3389_fimmu.2021.645988_480a5ea7f6	10	27	0.3
LLMarkers	reported label	970	MACROPHAGE	MACROPHAGE	hca|0003_10.3389_fimmu.2021.645988_480a5ea7f6	hca|0003_10.3389_fimmu.2021.645988_480a5ea7f6	3	28	0.0
LLMarkers	reported label	972	PODOCYTE	PODOCYTE	hca|0003_10.3389_fimmu.2021.645988_480a5ea7f6	hca|0003_10.3389_fimmu.2021.645988_480a5ea7f6	5	6	0.0
LLMarkers	reported label	979	ALPHA CELL	ALPHA CELL	hca|0008_10.1016_j.cels.2016.09.002_fd6b21337a	hca|0008_10.1016_j.cels.2016.09.002_fd6b21337a	17	5	0.47058823529411764
LLMarkers	reported label	980	BETA CELL	BETA CELL	hca|0008_10.1016_j.cels.2016.09.002_fd6b21337a	hca|0008_10.1016_j.cels.2016.09.002_fd6b21337a	16	9	0.5625
LLMarkers	reported label	981	DELTA CELL	DELTA CELL	hca|0008_10.1016_j.cels.2016.09.002_fd6b21337a	hca|0008_10.1016_j.cels.2016.09.002_fd6b21337a	5	4	0.8
LLMarkers	reported label	983	BETA CELL	BETA CELL	hca|0010_10.1016_j.cels.2016.08.011_1f66aabffa	hca|0010_10.1016_j.cels.2016.08.011_1f66aabffa	4	9	0.75
LLMarkers	reported label	985	C 1	C1	hca|0011_10.1038_s41413-021-00163-z_07f1a1af96	hca|0011_10.1038_s41413-021-00163-z_07f1a1af96	3	5	0.0
LLMarkers	reported label	1000	PERICYTE	PERICYTE	hca|0011_10.1038_s41413-021-00163-z_07f1a1af96	hca|0011_10.1038_s41413-021-00163-z_07f1a1af96	3	13	1.0
LLMarkers	reported label	1002	AT 2	AT2	hca|0012_10.1164_rccm.202207-1384oc_21f7132a40	hca|0012_10.1164_rccm.202207-1384oc_21f7132a40	1	9	1.0
LLMarkers	reported label	1012	FB 1	FB1	hca|0015_10.1126_science.aay3224_2393e60089	hca|0015_10.1126_science.aay3224_2393e60089	4	5	0.0
LLMarkers	reported label	1013	FB 2	FB2	hca|0015_10.1126_science.aay3224_2393e60089	hca|0015_10.1126_science.aay3224_2393e60089	3	4	0.0
LLMarkers	reported label	1016	DC	DC	hca|0017_10.1038_s41467-019-10291-0_971d922fd8	hca|0017_10.1038_s41467-019-10291-0_971d922fd8	5	4	0.2
LLMarkers	reported label	1019	HSC	HSC	hca|0017_10.1038_s41467-019-10291-0_971d922fd8	hca|0017_10.1038_s41467-019-10291-0_971d922fd8	5	4	0.4
LLMarkers	reported label	1027	MICROGLIA	MICROGLIA	hca|0019_10.1126_science.aba7721_1646acb14b	hca|0019_10.1126_science.aba7721_1646acb14b	10	17	0.2
LLMarkers	reported label	1031	CARDIOMYOCYTE	CARDIOMYOCYTE	hca|0020_10.1038_s44161-022-00019-7_10ae5c8129	hca|0020_10.1038_s44161-022-00019-7_10ae5c8129	18	8	0.3333333333333333
LLMarkers	reported label	1032	ENDOTHELIAL CELL	ENDOTHELIAL CELL	hca|0020_10.1038_s44161-022-00019-7_10ae5c8129	hca|0020_10.1038_s44161-022-00019-7_10ae5c8129	3	27	0.6666666666666666
LLMarkers	reported label	1043	OLIGODENDROCYTE	OLIGODENDROCYTE	hca|0025_10.1038_s41467-020-17876-0_159e232bbb	hca|0025_10.1038_s41467-020-17876-0_159e232bbb	4	6	0.5
LLMarkers	reported label	1046	AT 2	AT2	hca|0026_10.1038_s41586-020-2922-4_1612ece6e2	hca|0026_10.1038_s41586-020-2922-4_1612ece6e2	6	9	0.5
LLMarkers	reported label	1051	TUFT CELL	TUFT CELL	hca|0030_10.1016_j.jcmgh.2022.02.007_2ccf593bb9	hca|0030_10.1016_j.jcmgh.2022.02.007_2ccf593bb9	11	4	0.18181818181818182
LLMarkers	reported label	1067	HEPATOCYTE	HEPATOCYTE	hca|0036_10.1016_j.cell.2021.10.024_2ce0b899c4	hca|0036_10.1016_j.cell.2021.10.024_2ce0b899c4	4	4	0.0
LLMarkers	reported label	1069	MICROGLIA	MICROGLIA	hca|0037_10.1038_s41593-019-0539-4_24ef44df9e	hca|0037_10.1038_s41593-019-0539-4_24ef44df9e	15	17	0.7333333333333333
LLMarkers	reported label	1089	CLUSTER 2	CLUSTER 2	hca|0040_10.1016_j.xcrm.2021.100219_d37660c408	hca|0040_10.1016_j.xcrm.2021.100219_d37660c408	6	18	0.0
LLMarkers	reported label	1090	CLUSTER 4	CLUSTER 4	hca|0040_10.1016_j.xcrm.2021.100219_d37660c408	hca|0040_10.1016_j.xcrm.2021.100219_d37660c408	4	10	0.0
LLMarkers	reported label	1091	CLUSTER 5	CLUSTER 5	hca|0040_10.1016_j.xcrm.2021.100219_d37660c408	hca|0040_10.1016_j.xcrm.2021.100219_d37660c408	2	8	0.0
LLMarkers	reported label	1106	MYOFIBROBLAST	MYOFIBROBLAST	hca|0041_10.1016_j.xgen.2022.100108_d4824b85dd	hca|0041_10.1016_j.xgen.2022.100108_d4824b85dd	5	7	0.2
LLMarkers	reported label	1114	FB 2	FB2	hca|0042_10.1126_sciadv.aau4788_744a251f24	hca|0042_10.1126_sciadv.aau4788_744a251f24	6	4	0.0
LLMarkers	reported label	1119	NK CELL	NK CELL	hca|0042_10.1126_sciadv.aau4788_744a251f24	hca|0042_10.1126_sciadv.aau4788_744a251f24	7	15	0.8571428571428571
LLMarkers	reported label	1121	SMC	SMC	hca|0042_10.1126_sciadv.aau4788_744a251f24	hca|0042_10.1126_sciadv.aau4788_744a251f24	4	4	0.25
LLMarkers	reported label	1133	MICROGLIA	MICROGLIA	hca|0045_10.15252_embj.2018100811_a99bb4a451	hca|0045_10.15252_embj.2018100811_a99bb4a451	3	17	0.3333333333333333
LLMarkers	reported label	1139	EC	EC	hca|0046_10.1007_s00018-022-04559-w_6919bd92ba	hca|0046_10.1007_s00018-022-04559-w_6919bd92ba	7	6	0.5714285714285714
LLMarkers	reported label	1143	BASAL	BASAL	hca|0047_10.15252_embj.2020107333_a4d0f57474	hca|0047_10.15252_embj.2020107333_a4d0f57474	4	6	0.25
LLMarkers	reported label	1145	CLUSTER 1	CLUSTER 1	hca|0047_10.15252_embj.2020107333_a4d0f57474	hca|0047_10.15252_embj.2020107333_a4d0f57474	5	13	0.4
LLMarkers	reported label	1146	CLUSTER 2	CLUSTER 2	hca|0047_10.15252_embj.2020107333_a4d0f57474	hca|0047_10.15252_embj.2020107333_a4d0f57474	5	18	0.0
LLMarkers	reported label	1149	ENDOTHELIAL CELL	ENDOTHELIAL CELL	hca|0047_10.15252_embj.2020107333_a4d0f57474	hca|0047_10.15252_embj.2020107333_a4d0f57474	2	27	0.5
LLMarkers	reported label	1154	TREG	TREG	hca|0047_10.15252_embj.2020107333_a4d0f57474	hca|0047_10.15252_embj.2020107333_a4d0f57474	1	14	1.0
LLMarkers	reported label	1168	B CELLS	B CELLS	hca|0049_10.1038_s41586-023-06252-9_3d2f22d6e6	hca|0049_10.1038_s41586-023-06252-9_3d2f22d6e6	3	4	0.6666666666666666
LLMarkers	reported label	1171	FIBROBLASTS	FIBROBLASTS	hca|0049_10.1038_s41586-023-06252-9_3d2f22d6e6	hca|0049_10.1038_s41586-023-06252-9_3d2f22d6e6	3	5	0.6666666666666666
LLMarkers	reported label	1179	PERICYTES	PERICYTES	hca|0049_10.1038_s41586-023-06252-9_3d2f22d6e6	hca|0049_10.1038_s41586-023-06252-9_3d2f22d6e6	3	4	0.3333333333333333
LLMarkers	reported label	1201	CELL	Α-CELL	hca|0052_10.1016_j.molmet.2022.101595_3242a2c7db	hca|0052_10.1016_j.molmet.2022.101595_3242a2c7db	5	16	0.6
LLMarkers	reported label	1202	CELL	Β-CELL	hca|0052_10.1016_j.molmet.2022.101595_3242a2c7db	hca|0052_10.1016_j.molmet.2022.101595_3242a2c7db	9	16	0.2222222222222222
LLMarkers	reported label	1203	CELL	Δ-CELL	hca|0052_10.1016_j.molmet.2022.101595_3242a2c7db	hca|0052_10.1016_j.molmet.2022.101595_3242a2c7db	2	16	1.0
LLMarkers	reported label	1204	BASAL	BASAL	hca|0056_10.1038_s41586-018-0449-8_fdcc67f757	hca|0056_10.1038_s41586-018-0449-8_fdcc67f757	3	6	0.6666666666666666
LLMarkers	reported label	1205	BASAL CELL	BASAL CELL	hca|0056_10.1038_s41586-018-0449-8_fdcc67f757	hca|0056_10.1038_s41586-018-0449-8_fdcc67f757	4	6	0.5
LLMarkers	reported label	1206	CD 4 T CELL	CD4+ T CELL	hca|0056_10.1038_s41586-018-0449-8_fdcc67f757	hca|0056_10.1038_s41586-018-0449-8_fdcc67f757	1	16	0.0
LLMarkers	reported label	1207	ENDOTHELIAL CELL	ENDOTHELIAL CELL	hca|0056_10.1038_s41586-018-0449-8_fdcc67f757	hca|0056_10.1038_s41586-018-0449-8_fdcc67f757	3	27	0.6666666666666666
LLMarkers	reported label	1208	FIBROBLAST	FIBROBLAST	hca|0056_10.1038_s41586-018-0449-8_fdcc67f757	hca|0056_10.1038_s41586-018-0449-8_fdcc67f757	4	28	0.75
LLMarkers	reported label	1210	MAST CELL	MAST CELL	hca|0056_10.1038_s41586-018-0449-8_fdcc67f757	hca|0056_10.1038_s41586-018-0449-8_fdcc67f757	3	14	0.3333333333333333
LLMarkers	reported label	1211	MYELOID CELL	MYELOID CELL	hca|0056_10.1038_s41586-018-0449-8_fdcc67f757	hca|0056_10.1038_s41586-018-0449-8_fdcc67f757	4	9	0.25
LLMarkers	reported label	1214	OPC	OPC	hca|0057_10.1038_s41586-019-0903-2_059a54df94	hca|0057_10.1038_s41586-019-0903-2_059a54df94	4	4	0.5
LLMarkers	reported label	1219	MACROPHAGE	MACROPHAGE	hca|0060_10.3389_fcell.2022.872688_ac00c45d48	hca|0060_10.3389_fcell.2022.872688_ac00c45d48	3	28	1.0
LLMarkers	reported label	1220	MESENCHYMAL	MESENCHYMAL	hca|0060_10.3389_fcell.2022.872688_ac00c45d48	hca|0060_10.3389_fcell.2022.872688_ac00c45d48	5	6	0.2
LLMarkers	reported label	1240	AT 2	AT2	hca|0065_10.1101_2020.12.03.20242412_aa08d1f424	hca|0065_10.1101_2020.12.03.20242412_aa08d1f424	4	9	0.75
LLMarkers	reported label	1244	EPITHELIAL CELL	EPITHELIAL CELL	hca|0068_10.1093_ibd_izac201_351dddd961	hca|0068_10.1093_ibd_izac201_351dddd961	3	6	1.0
LLMarkers	reported label	1246	GOBLET CELL	GOBLET CELL	hca|0068_10.1093_ibd_izac201_351dddd961	hca|0068_10.1093_ibd_izac201_351dddd961	3	7	1.0
LLMarkers	reported label	1248	MACROPHAGE	MACROPHAGE	hca|0068_10.1093_ibd_izac201_351dddd961	hca|0068_10.1093_ibd_izac201_351dddd961	2	28	1.0
LLMarkers	reported label	1250	PLASMA CELL	PLASMA CELL	hca|0068_10.1093_ibd_izac201_351dddd961	hca|0068_10.1093_ibd_izac201_351dddd961	4	15	1.0
LLMarkers	reported label	1252	T CELL	T CELL	hca|0068_10.1093_ibd_izac201_351dddd961	hca|0068_10.1093_ibd_izac201_351dddd961	3	37	0.6666666666666666
LLMarkers	reported label	1254	TUFT CELL	TUFT CELL	hca|0068_10.1093_ibd_izac201_351dddd961	hca|0068_10.1093_ibd_izac201_351dddd961	2	4	1.0
LLMarkers	reported label	1270	CLUSTER 2	CLUSTER 2	hca|0073_10.1016_j.isci.2021.102482_6ff6d432ab	hca|0073_10.1016_j.isci.2021.102482_6ff6d432ab	2	18	0.0
LLMarkers	reported label	1271	CLUSTER 3	CLUSTER 3	hca|0073_10.1016_j.isci.2021.102482_6ff6d432ab	hca|0073_10.1016_j.isci.2021.102482_6ff6d432ab	6	11	0.0
LLMarkers	reported label	1278	B CELLS	B CELLS	hca|0076_10.1016_j.cell.2021.01.053_e0734afb82	hca|0076_10.1016_j.cell.2021.01.053_e0734afb82	3	4	0.6666666666666666
LLMarkers	reported label	1285	NK CELLS	NK CELLS	hca|0076_10.1016_j.cell.2021.01.053_e0734afb82	hca|0076_10.1016_j.cell.2021.01.053_e0734afb82	2	4	1.0
LLMarkers	reported label	1295	NK CELL	NK CELL	hca|0077_10.1038_s41587-020-0602-4_e82c5c2835	hca|0077_10.1038_s41587-020-0602-4_e82c5c2835	2	15	1.0
LLMarkers	reported label	1297	PLASMA CELL	PLASMA CELL	hca|0077_10.1038_s41587-020-0602-4_e82c5c2835	hca|0077_10.1038_s41587-020-0602-4_e82c5c2835	3	15	1.0
LLMarkers	reported label	1299	AT 2	AT2	hca|0078_10.1038_s41586-021-03570-8_93e4f0be8b	hca|0078_10.1038_s41586-021-03570-8_93e4f0be8b	6	9	0.16666666666666666
LLMarkers	reported label	1305	CARDIOMYOCYTE	CARDIOMYOCYTE	hca|0080_10.1126_sciadv.abf1444_8cb053b6ed	hca|0080_10.1126_sciadv.abf1444_8cb053b6ed	2	8	0.0
LLMarkers	reported label	1307	ENDOTHELIAL CELL	ENDOTHELIAL CELL	hca|0080_10.1126_sciadv.abf1444_8cb053b6ed	hca|0080_10.1126_sciadv.abf1444_8cb053b6ed	2	27	0.5
LLMarkers	reported label	1308	MACROPHAGE	MACROPHAGE	hca|0080_10.1126_sciadv.abf1444_8cb053b6ed	hca|0080_10.1126_sciadv.abf1444_8cb053b6ed	3	28	0.3333333333333333
LLMarkers	reported label	1324	IMMUNE CELL	IMMUNE CELL	hca|0082_10.1016_j.cell.2020.08.013_e864ee2cef	hca|0082_10.1016_j.cell.2020.08.013_e864ee2cef	8	6	0.0
LLMarkers	reported label	1332	CDC 2	CDC2	hca|0083_10.1126_sciimmunol.adz8650_c0046d094c	hca|0083_10.1126_sciimmunol.adz8650_c0046d094c	2	8	1.0
LLMarkers	reported label	1343	BASAL	BASAL	hca|0085_10.1073_pnas.2200914119_3dd916fb05	hca|0085_10.1073_pnas.2200914119_3dd916fb05	2	6	0.0
LLMarkers	reported label	1366	T CELL	T CELL	hca|0086_10.1186_s13059-018-1603-1_27b7304530	hca|0086_10.1186_s13059-018-1603-1_27b7304530	3	37	0.6666666666666666
LLMarkers	reported label	1370	ADIPOCYTE	ADIPOCYTE	hca|0089_10.1038_s41586-020-2797-4_6e65d21b5d	hca|0089_10.1038_s41586-020-2797-4_6e65d21b5d	4	4	0.5
LLMarkers	reported label	1373	CARDIOMYOCYTE	CARDIOMYOCYTE	hca|0089_10.1038_s41586-020-2797-4_6e65d21b5d	hca|0089_10.1038_s41586-020-2797-4_6e65d21b5d	6	8	0.16666666666666666
LLMarkers	reported label	1379	ENDOTHELIAL CELL	ENDOTHELIAL CELL	hca|0089_10.1038_s41586-020-2797-4_6e65d21b5d	hca|0089_10.1038_s41586-020-2797-4_6e65d21b5d	3	27	1.0
LLMarkers	reported label	1403	ENTEROCYTE	ENTEROCYTE	hca|0090_10.1038_s41586-021-03852-1_eec89a5e36	hca|0090_10.1038_s41586-021-03852-1_eec89a5e36	3	5	1.0
LLMarkers	reported label	1404	ENTEROENDOCRINE CELL	ENTEROENDOCRINE CELL	hca|0090_10.1038_s41586-021-03852-1_eec89a5e36	hca|0090_10.1038_s41586-021-03852-1_eec89a5e36	4	6	0.75
LLMarkers	reported label	1408	GOBLET CELL	GOBLET CELL	hca|0090_10.1038_s41586-021-03852-1_eec89a5e36	hca|0090_10.1038_s41586-021-03852-1_eec89a5e36	5	7	0.6
LLMarkers	reported label	1417	STEM CELL	STEM CELL	hca|0090_10.1038_s41586-021-03852-1_eec89a5e36	hca|0090_10.1038_s41586-021-03852-1_eec89a5e36	5	6	1.0
LLMarkers	reported label	1419	TUFT CELL	TUFT CELL	hca|0090_10.1038_s41586-021-03852-1_eec89a5e36	hca|0090_10.1038_s41586-021-03852-1_eec89a5e36	8	4	0.5
LLMarkers	reported label	1420	IMMUNE CELL	IMMUNE CELL	hca|0091_10.1101_2025.06.19.660575_df9b499d76	hca|0091_10.1101_2025.06.19.660575_df9b499d76	6	6	0.0
LLMarkers	reported label	1442	FIBROBLAST	FIBROBLAST	hca|0095_10.1101_2021.09.16.460628_23a839e09f	hca|0095_10.1101_2021.09.16.460628_23a839e09f	3	28	1.0
LLMarkers	reported label	1443	MACROPHAGE	MACROPHAGE	hca|0095_10.1101_2021.09.16.460628_23a839e09f	hca|0095_10.1101_2021.09.16.460628_23a839e09f	3	28	0.6666666666666666
LLMarkers	reported label	1444	MAST CELL	MAST CELL	hca|0095_10.1101_2021.09.16.460628_23a839e09f	hca|0095_10.1101_2021.09.16.460628_23a839e09f	3	14	1.0
LLMarkers	reported label	1445	MYOFIBROBLAST	MYOFIBROBLAST	hca|0095_10.1101_2021.09.16.460628_23a839e09f	hca|0095_10.1101_2021.09.16.460628_23a839e09f	2	7	1.0
LLMarkers	reported label	1450	MICROGLIA	MICROGLIA	hca|0096_10.1126_sciadv.abo2467_05989af98e	hca|0096_10.1126_sciadv.abo2467_05989af98e	4	17	0.75
LLMarkers	reported label	1451	OLIGODENDROCYTE	OLIGODENDROCYTE	hca|0096_10.1126_sciadv.abo2467_05989af98e	hca|0096_10.1126_sciadv.abo2467_05989af98e	4	6	0.25
LLMarkers	reported label	1457	TREG	TREG	hca|0098_10.1038_s41586-020-03148-w_f50cb505c0	hca|0098_10.1038_s41586-020-03148-w_f50cb505c0	3	14	1.0
LLMarkers	reported label	1468	MAC 2	MAC2	hca|0099_10.1126_sciimmunol.abl9165_5f9974d5f2	hca|0099_10.1126_sciimmunol.abl9165_5f9974d5f2	3	4	1.0
LLMarkers	reported label	1477	B CELL	B CELL	hca|0100_10.1038_s41467-021-22804-x_e7667133b9	hca|0100_10.1038_s41467-021-22804-x_e7667133b9	2	29	1.0
LLMarkers	reported label	1478	CD 4 T CELL	CD4+ T CELL	hca|0100_10.1038_s41467-021-22804-x_e7667133b9	hca|0100_10.1038_s41467-021-22804-x_e7667133b9	4	16	0.75
LLMarkers	reported label	1479	CD 8 T CELL	CD8+ T CELL	hca|0100_10.1038_s41467-021-22804-x_e7667133b9	hca|0100_10.1038_s41467-021-22804-x_e7667133b9	4	14	0.5
LLMarkers	reported label	1480	MONOCYTE	MONOCYTE	hca|0100_10.1038_s41467-021-22804-x_e7667133b9	hca|0100_10.1038_s41467-021-22804-x_e7667133b9	5	23	0.6
LLMarkers	reported label	1481	PLASMA CELL	PLASMA CELL	hca|0100_10.1038_s41467-021-22804-x_e7667133b9	hca|0100_10.1038_s41467-021-22804-x_e7667133b9	12	15	0.5
LLMarkers	reported label	1485	PERICYTE	PERICYTE	hca|0101_10.1038_s41467-020-15647-5_d22ec8f4b6	hca|0101_10.1038_s41467-020-15647-5_d22ec8f4b6	3	13	1.0
LLMarkers	reported label	1490	GOBLET CELL	GOBLET CELL	hca|0102_10.1038_s41586-019-0992-y_40614812e9	hca|0102_10.1038_s41586-019-0992-y_40614812e9	7	7	0.42857142857142855
LLMarkers	reported label	1492	CELL	Α CELL	hca|0103_10.1172_jci.insight.151621_2faf375c31	hca|0103_10.1172_jci.insight.151621_2faf375c31	9	17	0.4444444444444444
LLMarkers	reported label	1493	CELL	Β CELL	hca|0103_10.1172_jci.insight.151621_2faf375c31	hca|0103_10.1172_jci.insight.151621_2faf375c31	15	17	0.4
LLMarkers	reported label	1496	ENDOTHELIAL	ENDOTHELIAL	hca|0105_10.1038_s41563-020-00853-9_ec3e5ef313	hca|0105_10.1038_s41563-020-00853-9_ec3e5ef313	3	4	0.6666666666666666
LLMarkers	reported label	1497	PODOCYTE	PODOCYTE	hca|0105_10.1038_s41563-020-00853-9_ec3e5ef313	hca|0105_10.1038_s41563-020-00853-9_ec3e5ef313	3	6	1.0
LLMarkers	reported label	1503	MYOFIBROBLASTS	MYOFIBROBLASTS	hca|0106_10.1101_585901_f6794b9c1b	hca|0106_10.1101_585901_f6794b9c1b	5	4	0.4
LLMarkers	reported label	1508	MACROPHAGE	MACROPHAGE	hca|0108_10.1038_s41598-017-14676-3_ca30704700	hca|0108_10.1038_s41598-017-14676-3_ca30704700	5	28	0.4
LLMarkers	reported label	1511	T CELL	T CELL	hca|0108_10.1038_s41598-017-14676-3_ca30704700	hca|0108_10.1038_s41598-017-14676-3_ca30704700	3	37	0.6666666666666666
LLMarkers	reported label	1519	CDC 1	CDC1	hca|0109_10.7554_elife.91792.1_056dda27be	hca|0109_10.7554_elife.91792.1_056dda27be	3	10	1.0
LLMarkers	reported label	1520	CDC 2	CDC2	hca|0109_10.7554_elife.91792.1_056dda27be	hca|0109_10.7554_elife.91792.1_056dda27be	4	8	1.0
LLMarkers	reported label	1527	MACROPHAGES	MACROPHAGES	hca|0109_10.7554_elife.91792.1_056dda27be	hca|0109_10.7554_elife.91792.1_056dda27be	4	5	0.5
LLMarkers	reported label	1529	MYOFIBROBLASTS	MYOFIBROBLASTS	hca|0109_10.7554_elife.91792.1_056dda27be	hca|0109_10.7554_elife.91792.1_056dda27be	2	4	1.0
LLMarkers	reported label	1530	NK CELLS	NK CELLS	hca|0109_10.7554_elife.91792.1_056dda27be	hca|0109_10.7554_elife.91792.1_056dda27be	2	4	0.5
LLMarkers	reported label	1533	PERICYTES	PERICYTES	hca|0109_10.7554_elife.91792.1_056dda27be	hca|0109_10.7554_elife.91792.1_056dda27be	3	4	0.3333333333333333
LLMarkers	reported label	1534	T CELLS	T CELLS	hca|0109_10.7554_elife.91792.1_056dda27be	hca|0109_10.7554_elife.91792.1_056dda27be	5	4	0.6
LLMarkers	reported label	1543	ENDOTHELIAL CELL	ENDOTHELIAL CELL	hca|0111_10.1038_s41586-020-2157-4_a7b8710c09	hca|0111_10.1038_s41586-020-2157-4_a7b8710c09	1	27	1.0
LLMarkers	reported label	1551	MEMORY B CELL	MEMORY B CELL	hca|0113_10.1101_2021.04.28.441762_c83625bbe4	hca|0113_10.1101_2021.04.28.441762_c83625bbe4	3	4	0.6666666666666666
LLMarkers	reported label	1574	FB 1	FB1	hca|0123_10.1371_journal.pone.0267704_5a8157f0f3	hca|0123_10.1371_journal.pone.0267704_5a8157f0f3	7	5	0.14285714285714285
LLMarkers	reported label	1589	FB 1	FB1	hca|0124_10.1126_science.aba6500_a77c502bf7	hca|0124_10.1126_science.aba6500_a77c502bf7	2	5	0.0
LLMarkers	reported label	1590	FB 2	FB2	hca|0124_10.1126_science.aba6500_a77c502bf7	hca|0124_10.1126_science.aba6500_a77c502bf7	3	4	0.0
LLMarkers	reported label	1596	MAC 2	MAC2	hca|0124_10.1126_science.aba6500_a77c502bf7	hca|0124_10.1126_science.aba6500_a77c502bf7	2	4	0.5
LLMarkers	reported label	1602	TREG	TREG	hca|0124_10.1126_science.aba6500_a77c502bf7	hca|0124_10.1126_science.aba6500_a77c502bf7	3	14	1.0
LLMarkers	reported label	1606	MELANOCYTE	MELANOCYTE	hca|0125_10.1016_j.celrep.2023.111994_fd20125b65	hca|0125_10.1016_j.celrep.2023.111994_fd20125b65	3	6	1.0
LLMarkers	reported label	1611	ENDOTHELIAL	ENDOTHELIAL	hca|0128_10.1016_j.devcel.2020.07.023_7908e44bb1	hca|0128_10.1016_j.devcel.2020.07.023_7908e44bb1	2	4	0.5
LLMarkers	reported label	1616	BASAL CELL	BASAL CELL	hca|0132_10.1038_s41467-020-16239-z_001d78a35b	hca|0132_10.1038_s41467-020-16239-z_001d78a35b	2	6	0.5
LLMarkers	reported label	1633	FIBROBLAST	FIBROBLAST	hca|0137_10.1084_jem.20221350_7ac74dedfd	hca|0137_10.1084_jem.20221350_7ac74dedfd	3	28	1.0
LLMarkers	reported label	1634	CDC 1	CDC1	hca|0139_10.1038_s41590-020-0602-z_71058e050d	hca|0139_10.1038_s41590-020-0602-z_71058e050d	5	10	0.8
LLMarkers	reported label	1645	CD 4 T CELL	CD4+ T CELL	hca|0140_10.1101_2021.03.01.21252411_572fc1288d	hca|0140_10.1101_2021.03.01.21252411_572fc1288d	3	16	1.0
LLMarkers	reported label	1646	DC	DC	hca|0140_10.1101_2021.03.01.21252411_572fc1288d	hca|0140_10.1101_2021.03.01.21252411_572fc1288d	4	4	0.0
LLMarkers	reported label	1651	T CELL	T CELL	hca|0142_10.1016_j.immuni.2023.01.032_b86bd8b65d	hca|0142_10.1016_j.immuni.2023.01.032_b86bd8b65d	2	37	0.0
LLMarkers	reported label	1664	ADIPOCYTE	ADIPOCYTE	hca|0148_10.1113_jp287812_fd3137bc12	hca|0148_10.1113_jp287812_fd3137bc12	3	4	0.6666666666666666
LLMarkers	reported label	1665	B CELL	B CELL	hca|0148_10.1113_jp287812_fd3137bc12	hca|0148_10.1113_jp287812_fd3137bc12	3	29	0.6666666666666666
LLMarkers	reported label	1669	DENDRITIC CELL	DENDRITIC CELL	hca|0148_10.1113_jp287812_fd3137bc12	hca|0148_10.1113_jp287812_fd3137bc12	2	6	0.0
LLMarkers	reported label	1675	FIBROBLAST	FIBROBLAST	hca|0148_10.1113_jp287812_fd3137bc12	hca|0148_10.1113_jp287812_fd3137bc12	1	28	1.0
LLMarkers	reported label	1678	MACROPHAGE	MACROPHAGE	hca|0148_10.1113_jp287812_fd3137bc12	hca|0148_10.1113_jp287812_fd3137bc12	3	28	1.0
LLMarkers	reported label	1686	PERICYTE	PERICYTE	hca|0148_10.1113_jp287812_fd3137bc12	hca|0148_10.1113_jp287812_fd3137bc12	3	13	0.3333333333333333
LLMarkers	reported label	1688	T CELL	T CELL	hca|0148_10.1113_jp287812_fd3137bc12	hca|0148_10.1113_jp287812_fd3137bc12	5	37	0.4
LLMarkers	reported label	1694	FIBROBLAST	FIBROBLAST	hca|0149_10.1038_s41368-023-00238-z_c77e60a0ab	hca|0149_10.1038_s41368-023-00238-z_c77e60a0ab	3	28	0.3333333333333333
LLMarkers	reported label	1701	MYOFIBROBLASTS	MYOFIBROBLASTS	hca|0149_10.1038_s41368-023-00238-z_c77e60a0ab	hca|0149_10.1038_s41368-023-00238-z_c77e60a0ab	1	4	0.0
LLMarkers	reported label	1705	CD 8 T CELL	CD8+ T CELL	hca|0151_10.1038_s41586-022-04718-w_1bf3167cbc	hca|0151_10.1038_s41586-022-04718-w_1bf3167cbc	2	14	0.5
LLMarkers	reported label	1714	CELL	Α-CELL	hca|0155_10.1038_s41467-022-29588-8_ec4c5a4a22	hca|0155_10.1038_s41467-022-29588-8_ec4c5a4a22	12	14	0.5833333333333334
LLMarkers	reported label	1715	CELL	Β-CELL	hca|0155_10.1038_s41467-022-29588-8_ec4c5a4a22	hca|0155_10.1038_s41467-022-29588-8_ec4c5a4a22	14	14	0.6428571428571429
LLMarkers	reported label	1716	CELL	Γ-CELL	hca|0155_10.1038_s41467-022-29588-8_ec4c5a4a22	hca|0155_10.1038_s41467-022-29588-8_ec4c5a4a22	6	14	0.3333333333333333
LLMarkers	reported label	1717	CELL	Δ-CELL	hca|0155_10.1038_s41467-022-29588-8_ec4c5a4a22	hca|0155_10.1038_s41467-022-29588-8_ec4c5a4a22	10	14	0.4
LLMarkers	reported label	1718	CELL	Ε-CELL	hca|0155_10.1038_s41467-022-29588-8_ec4c5a4a22	hca|0155_10.1038_s41467-022-29588-8_ec4c5a4a22	6	14	0.0
LLMarkers	reported label	1719	CD 4 T CELL	CD4+ T CELL	hca|0157_10.1126_science.abg0928_3795ca9b86	hca|0157_10.1126_science.abg0928_3795ca9b86	5	16	0.0
LLMarkers	reported label	1720	ENDOTHELIAL CELL	ENDOTHELIAL CELL	hca|0158_10.2337_db21-0830_d021248f76	hca|0158_10.2337_db21-0830_d021248f76	3	27	1.0
LLMarkers	reported label	1725	MAST CELL	MAST CELL	hca|0158_10.2337_db21-0830_d021248f76	hca|0158_10.2337_db21-0830_d021248f76	3	14	1.0
LLMarkers	reported label	1726	MELANOCYTE	MELANOCYTE	hca|0158_10.2337_db21-0830_d021248f76	hca|0158_10.2337_db21-0830_d021248f76	3	6	1.0
LLMarkers	reported label	1727	MYELOID CELL	MYELOID CELL	hca|0158_10.2337_db21-0830_d021248f76	hca|0158_10.2337_db21-0830_d021248f76	3	9	0.6666666666666666
LLMarkers	reported label	1730	SMOOTH MUSCLE CELL	SMOOTH MUSCLE CELL	hca|0158_10.2337_db21-0830_d021248f76	hca|0158_10.2337_db21-0830_d021248f76	2	8	0.5
LLMarkers	reported label	1731	T CELL	T CELL	hca|0158_10.2337_db21-0830_d021248f76	hca|0158_10.2337_db21-0830_d021248f76	3	37	0.6666666666666666
LLMarkers	reported label	1753	ACINAR CELL	ACINAR CELL	hca|0164_10.1177_00220345221147908_13bf485ac8	hca|0164_10.1177_00220345221147908_13bf485ac8	3	6	0.0
LLMarkers	reported label	1755	B CELL	B CELL	hca|0164_10.1177_00220345221147908_13bf485ac8	hca|0164_10.1177_00220345221147908_13bf485ac8	4	29	1.0
LLMarkers	reported label	1756	BASAL	BASAL	hca|0164_10.1177_00220345221147908_13bf485ac8	hca|0164_10.1177_00220345221147908_13bf485ac8	2	6	1.0
LLMarkers	reported label	1757	DUCTAL CELL	DUCTAL CELL	hca|0164_10.1177_00220345221147908_13bf485ac8	hca|0164_10.1177_00220345221147908_13bf485ac8	4	4	0.25
LLMarkers	reported label	1758	MONOCYTE	MONOCYTE	hca|0164_10.1177_00220345221147908_13bf485ac8	hca|0164_10.1177_00220345221147908_13bf485ac8	3	23	0.3333333333333333
LLMarkers	reported label	1761	T CELL	T CELL	hca|0164_10.1177_00220345221147908_13bf485ac8	hca|0164_10.1177_00220345221147908_13bf485ac8	3	37	1.0
LLMarkers	reported label	1763	CLUSTER 1	CLUSTER 1	hca|0165_10.1111_cpr.13557_b323e8d65a	hca|0165_10.1111_cpr.13557_b323e8d65a	4	13	0.0
LLMarkers	reported label	1764	CLUSTER 4	CLUSTER 4	hca|0165_10.1111_cpr.13557_b323e8d65a	hca|0165_10.1111_cpr.13557_b323e8d65a	8	10	0.0
LLMarkers	reported label	1765	CLUSTER 5	CLUSTER 5	hca|0165_10.1111_cpr.13557_b323e8d65a	hca|0165_10.1111_cpr.13557_b323e8d65a	4	8	0.0
LLMarkers	reported label	1783	MESENCHYMAL	MESENCHYMAL	hca|0169_10.1038_s41586-022-04541-3_a47d9e6ca0	hca|0169_10.1038_s41586-022-04541-3_a47d9e6ca0	3	6	0.6666666666666666
LLMarkers	reported label	1786	MELANOCYTE	MELANOCYTE	hca|0170_10.1038_s41556-021-00740-8_a1434832b6	hca|0170_10.1038_s41556-021-00740-8_a1434832b6	20	6	0.25
LLMarkers	reported label	1792	ADIPOCYTE	ADIPOCYTE	hca|0174_10.1038_s41588-024-02048-3_7311b9bde5	hca|0174_10.1038_s41588-024-02048-3_7311b9bde5	4	4	0.75
LLMarkers	reported label	1799	CD 8 T CELL	CD8+ T CELL	hca|0180_10.1016_j.immuni.2019.11.014_dd3bbb9bc1	hca|0180_10.1016_j.immuni.2019.11.014_dd3bbb9bc1	4	14	0.5
LLMarkers	reported label	1800	MYELOID CELL	MYELOID CELL	hca|0180_10.1016_j.immuni.2019.11.014_dd3bbb9bc1	hca|0180_10.1016_j.immuni.2019.11.014_dd3bbb9bc1	3	9	0.6666666666666666
LLMarkers	reported label	1801	CLUSTER 2	CLUSTER 2	hca|0182_10.1126_sciimmunol.abk1741_33c534a538	hca|0182_10.1126_sciimmunol.abk1741_33c534a538	3	18	0.6666666666666666
LLMarkers	reported label	1804	B CELL	B CELL	hca|0184_10.1016_j.cell.2021.07.023_f621bea088	hca|0184_10.1016_j.cell.2021.07.023_f621bea088	3	29	1.0
LLMarkers	reported label	1809	GOBLET CELL	GOBLET CELL	hca|0184_10.1016_j.cell.2021.07.023_f621bea088	hca|0184_10.1016_j.cell.2021.07.023_f621bea088	2	7	0.0
LLMarkers	reported label	1816	MACROPHAGE	MACROPHAGE	hca|0184_10.1016_j.cell.2021.07.023_f621bea088	hca|0184_10.1016_j.cell.2021.07.023_f621bea088	2	28	1.0
LLMarkers	reported label	1820	T CELL	T CELL	hca|0184_10.1016_j.cell.2021.07.023_f621bea088	hca|0184_10.1016_j.cell.2021.07.023_f621bea088	3	37	1.0
LLMarkers	reported label	1821	FIBROBLAST	FIBROBLAST	hca|0185_10.1038_s41598-019-45842-4_2aeb7a4d45	hca|0185_10.1038_s41598-019-45842-4_2aeb7a4d45	10	28	0.7
LLMarkers	reported label	1822	BASAL CELL	BASAL CELL	hca|0186_10.1016_j.devcel.2020.01.033_6afe089f1e	hca|0186_10.1016_j.devcel.2020.01.033_6afe089f1e	5	6	0.2
LLMarkers	reported label	1835	T CELL	ΑΒ T CELL	hca|0190_10.1038_s41467-019-14118-w_eee71dc5ea	hca|0190_10.1038_s41467-019-14118-w_eee71dc5ea	4	37	0.75
LLMarkers	reported label	1842	AT 2	AT2	hca|0193_10.15252_emmm.202012871_3b35c5fb8f	hca|0193_10.15252_emmm.202012871_3b35c5fb8f	3	9	0.6666666666666666
LLMarkers	reported label	1843	PERICYTE	PERICYTE	hca|0193_10.15252_emmm.202012871_3b35c5fb8f	hca|0193_10.15252_emmm.202012871_3b35c5fb8f	6	13	0.3333333333333333
LLMarkers	reported label	1852	OPC	OPC	hca|0195_10.1038_nbt.4038_23df984b1c	hca|0195_10.1038_nbt.4038_23df984b1c	9	4	0.4444444444444444
LLMarkers	reported label	1856	EC	EC	hca|0197_10.3389_fmed.2022.869284_8494fa8c76	hca|0197_10.3389_fmed.2022.869284_8494fa8c76	6	6	0.0
LLMarkers	reported label	1857	ENDOTHELIAL CELL	ENDOTHELIAL CELL	hca|0197_10.3389_fmed.2022.869284_8494fa8c76	hca|0197_10.3389_fmed.2022.869284_8494fa8c76	7	27	0.2857142857142857
LLMarkers	reported label	1861	PC	PC	hca|0197_10.3389_fmed.2022.869284_8494fa8c76	hca|0197_10.3389_fmed.2022.869284_8494fa8c76	5	4	0.0
LLMarkers	reported label	1865	ENDOTHELIAL CELL	ENDOTHELIAL CELL	hca|0198_10.1038_s41467-021-27619-4_12529026b3	hca|0198_10.1038_s41467-021-27619-4_12529026b3	3	27	0.0
LLMarkers	reported label	1868	CLUSTER 2	CLUSTER 2	hca|0200_10.1242_dev.172361_e8969b05b0	hca|0200_10.1242_dev.172361_e8969b05b0	3	18	0.0
LLMarkers	reported label	1879	PODOCYTE	PODOCYTE	hca|0201_10.1038_s41467-019-13382-0_3e98068ead	hca|0201_10.1038_s41467-019-13382-0_3e98068ead	9	6	0.5555555555555556
LLMarkers	reported label	1882	FIBROBLAST	FIBROBLAST	hca|0205_10.1038_s41588-020-0636-z_f39ba80540	hca|0205_10.1038_s41588-020-0636-z_f39ba80540	3	28	1.0
LLMarkers	reported label	1883	PERICYTE	PERICYTE	hca|0205_10.1038_s41588-020-0636-z_f39ba80540	hca|0205_10.1038_s41588-020-0636-z_f39ba80540	1	13	1.0
LLMarkers	reported label	1886	CD 4 T CELL	CD4+ T CELL	hca|0207_10.1016_j.immuni.2020.11.017_b182001861	hca|0207_10.1016_j.immuni.2020.11.017_b182001861	3	16	1.0
LLMarkers	reported label	1888	DENDRITIC CELL	DENDRITIC CELL	hca|0207_10.1016_j.immuni.2020.11.017_b182001861	hca|0207_10.1016_j.immuni.2020.11.017_b182001861	3	6	0.0
LLMarkers	reported label	1892	MONOCYTE	MONOCYTE	hca|0207_10.1016_j.immuni.2020.11.017_b182001861	hca|0207_10.1016_j.immuni.2020.11.017_b182001861	3	23	0.6666666666666666
LLMarkers	reported label	1900	MACROPHAGE	MACROPHAGE	hca|0209_10.1126_scitranslmed.abe4282_13877fdeac	hca|0209_10.1126_scitranslmed.abe4282_13877fdeac	8	28	0.25
LLMarkers	reported label	1905	ENTEROCYTE	ENTEROCYTE	hca|0210_10.1016_j.stem.2020.11.008_213dabcee4	hca|0210_10.1016_j.stem.2020.11.008_213dabcee4	5	5	0.6
LLMarkers	reported label	1906	ENTEROENDOCRINE CELL	ENTEROENDOCRINE CELL	hca|0210_10.1016_j.stem.2020.11.008_213dabcee4	hca|0210_10.1016_j.stem.2020.11.008_213dabcee4	5	6	0.4
LLMarkers	reported label	1908	FIBROBLAST	FIBROBLAST	hca|0210_10.1016_j.stem.2020.11.008_213dabcee4	hca|0210_10.1016_j.stem.2020.11.008_213dabcee4	3	28	1.0
LLMarkers	reported label	1912	TUFT CELL	TUFT CELL	hca|0210_10.1016_j.stem.2020.11.008_213dabcee4	hca|0210_10.1016_j.stem.2020.11.008_213dabcee4	3	4	0.6666666666666666
LLMarkers	reported label	1918	HSC	HSC	hca|0212_10.1038_s41586-022-04571-x_30a05d7904	hca|0212_10.1038_s41586-022-04571-x_30a05d7904	23	4	0.08695652173913043
LLMarkers	reported label	1925	CD 4 T CELL	CD4+ T CELL	hca|0215_10.1038_s42003-020-01625-6_cc9e14f4ea	hca|0215_10.1038_s42003-020-01625-6_cc9e14f4ea	8	16	0.625
LLMarkers	reported label	1935	T CELL	T CELL	hca|0215_10.1038_s42003-020-01625-6_cc9e14f4ea	hca|0215_10.1038_s42003-020-01625-6_cc9e14f4ea	4	37	1.0
LLMarkers	reported label	1954	CD 4 T CELL	CD4+ T CELL	hca|0219_10.1016_j.cell.2020.06.026_35457f0d2b	hca|0219_10.1016_j.cell.2020.06.026_35457f0d2b	11	16	0.5454545454545454
LLMarkers	reported label	1955	HEPATOCYTE	HEPATOCYTE	hca|0220_10.1038_s42003-021-02562-8_904d08be85	hca|0220_10.1038_s42003-021-02562-8_904d08be85	4	4	0.5
LLMarkers	reported label	1974	MICROGLIA	MICROGLIA	hca|0223_10.1126_science.abo7257_14645ac97f	hca|0223_10.1126_science.abo7257_14645ac97f	3	17	0.0
LLMarkers	reported label	1978	EXCITATORY NEURON	EXCITATORY NEURON	hca|0226_10.1038_s41593-020-00764-7_dc0bba5691	hca|0226_10.1038_s41593-020-00764-7_dc0bba5691	3	4	0.6666666666666666
LLMarkers	reported label	1980	B CELL	B CELL	hca|0228_10.1128_mbio.02583-20_5085db2792	hca|0228_10.1128_mbio.02583-20_5085db2792	3	29	0.0
LLMarkers	reported label	1981	DENDRITIC CELL	DENDRITIC CELL	hca|0228_10.1128_mbio.02583-20_5085db2792	hca|0228_10.1128_mbio.02583-20_5085db2792	5	6	0.0
LLMarkers	reported label	1982	MACROPHAGE	MACROPHAGE	hca|0228_10.1128_mbio.02583-20_5085db2792	hca|0228_10.1128_mbio.02583-20_5085db2792	2	28	0.5
LLMarkers	reported label	1983	MEMORY B CELL	MEMORY B CELL	hca|0228_10.1128_mbio.02583-20_5085db2792	hca|0228_10.1128_mbio.02583-20_5085db2792	2	4	0.5
LLMarkers	reported label	1984	MONOCYTE	MONOCYTE	hca|0228_10.1128_mbio.02583-20_5085db2792	hca|0228_10.1128_mbio.02583-20_5085db2792	3	23	0.0
LLMarkers	reported label	1985	PLASMA CELL	PLASMA CELL	hca|0228_10.1128_mbio.02583-20_5085db2792	hca|0228_10.1128_mbio.02583-20_5085db2792	1	15	1.0
LLMarkers	reported label	1987	T CELL	T CELL	hca|0228_10.1128_mbio.02583-20_5085db2792	hca|0228_10.1128_mbio.02583-20_5085db2792	3	37	0.3333333333333333
LLMarkers	reported label	1988	B CELLS	B CELLS	hca|0229_10.15252_msb.20178041_0277072a61	hca|0229_10.15252_msb.20178041_0277072a61	4	4	0.5
LLMarkers	reported label	1994	T CELL	T CELL	hca|0229_10.15252_msb.20178041_0277072a61	hca|0229_10.15252_msb.20178041_0277072a61	4	37	0.75
LLMarkers	reported label	1998	CD 4 T CELL	CD4 + T CELL	hca|0233_10.1038_s41590-025-02241-4_110ace5bba	hca|0233_10.1038_s41590-025-02241-4_110ace5bba	5	16	0.4
LLMarkers	reported label	1999	CD 8 T CELL	CD8 + T CELL	hca|0233_10.1038_s41590-025-02241-4_110ace5bba	hca|0233_10.1038_s41590-025-02241-4_110ace5bba	8	14	0.625
LLMarkers	reported label	2004	MACROPHAGE	MACROPHAGE	hca|0233_10.1038_s41590-025-02241-4_110ace5bba	hca|0233_10.1038_s41590-025-02241-4_110ace5bba	13	28	0.38461538461538464
LLMarkers	reported label	2005	MEMORY B CELL	MEMORY B CELL	hca|0233_10.1038_s41590-025-02241-4_110ace5bba	hca|0233_10.1038_s41590-025-02241-4_110ace5bba	8	4	0.0
LLMarkers	reported label	2008	PLASMA CELL	PLASMA CELL	hca|0233_10.1038_s41590-025-02241-4_110ace5bba	hca|0233_10.1038_s41590-025-02241-4_110ace5bba	4	15	0.25
LLMarkers	reported label	2027	FIBROBLAST	FIBROBLAST	hca|0239_10.1038_s41467-021-24607-6_2a0350c2e5	hca|0239_10.1038_s41467-021-24607-6_2a0350c2e5	3	28	1.0
LLMarkers	reported label	2028	MYOFIBROBLAST	MYOFIBROBLAST	hca|0239_10.1038_s41467-021-24607-6_2a0350c2e5	hca|0239_10.1038_s41467-021-24607-6_2a0350c2e5	7	7	0.0
LLMarkers	reported label	2029	PERICYTE	PERICYTE	hca|0239_10.1038_s41467-021-24607-6_2a0350c2e5	hca|0239_10.1038_s41467-021-24607-6_2a0350c2e5	3	13	1.0
LLMarkers	reported label	2031	ADIPOCYTE	ADIPOCYTE	hca|0243_10.1038_s41586-023-05915-x_2f4aafa6a2	hca|0243_10.1038_s41586-023-05915-x_2f4aafa6a2	3	4	1.0
LLMarkers	reported label	2032	B CELL	B CELL	hca|0243_10.1038_s41586-023-05915-x_2f4aafa6a2	hca|0243_10.1038_s41586-023-05915-x_2f4aafa6a2	3	29	1.0
LLMarkers	reported label	2034	ENTEROENDOCRINE CELL	ENTEROENDOCRINE CELL	hca|0243_10.1038_s41586-023-05915-x_2f4aafa6a2	hca|0243_10.1038_s41586-023-05915-x_2f4aafa6a2	3	6	0.3333333333333333
LLMarkers	reported label	2036	FIBROBLAST	FIBROBLAST	hca|0243_10.1038_s41586-023-05915-x_2f4aafa6a2	hca|0243_10.1038_s41586-023-05915-x_2f4aafa6a2	3	28	0.3333333333333333
LLMarkers	reported label	2038	GOBLET CELL	GOBLET CELL	hca|0243_10.1038_s41586-023-05915-x_2f4aafa6a2	hca|0243_10.1038_s41586-023-05915-x_2f4aafa6a2	6	7	0.3333333333333333
LLMarkers	reported label	2042	MAST CELL	MAST CELL	hca|0243_10.1038_s41586-023-05915-x_2f4aafa6a2	hca|0243_10.1038_s41586-023-05915-x_2f4aafa6a2	3	14	1.0
LLMarkers	reported label	2044	PERICYTE	PERICYTE	hca|0243_10.1038_s41586-023-05915-x_2f4aafa6a2	hca|0243_10.1038_s41586-023-05915-x_2f4aafa6a2	3	13	0.6666666666666666
LLMarkers	reported label	2045	PLASMA CELL	PLASMA CELL	hca|0243_10.1038_s41586-023-05915-x_2f4aafa6a2	hca|0243_10.1038_s41586-023-05915-x_2f4aafa6a2	3	15	0.0
LLMarkers	reported label	2047	STEM CELL	STEM CELL	hca|0243_10.1038_s41586-023-05915-x_2f4aafa6a2	hca|0243_10.1038_s41586-023-05915-x_2f4aafa6a2	8	6	0.625
LLMarkers	reported label	2048	TUFT CELL	TUFT CELL	hca|0243_10.1038_s41586-023-05915-x_2f4aafa6a2	hca|0243_10.1038_s41586-023-05915-x_2f4aafa6a2	8	4	0.5
LLMarkers	reported label	2049	CD 8 T CELL	CD8+ T CELL	hca|0247_10.1038_s41591-018-0096-5_140f8f392a	hca|0247_10.1038_s41591-018-0096-5_140f8f392a	11	14	0.6363636363636364
LLMarkers	reported label	2053	BASAL	BASAL	hca|0251_10.1038_s41588-023-01298-x_c85e8d4857	hca|0251_10.1038_s41588-023-01298-x_c85e8d4857	3	6	0.0
LLMarkers	reported label	2054	FIBROBLASTS	FIBROBLASTS	hca|0251_10.1038_s41588-023-01298-x_c85e8d4857	hca|0251_10.1038_s41588-023-01298-x_c85e8d4857	6	5	0.0
LLMarkers	reported label	2056	PERICYTES	PERICYTES	hca|0251_10.1038_s41588-023-01298-x_c85e8d4857	hca|0251_10.1038_s41588-023-01298-x_c85e8d4857	7	4	0.14285714285714285
LLMarkers	reported label	2062	NK CELLS	NK CELLS	hca|0255_10.1183_13993003.02441-2018_9965f84ef5	hca|0255_10.1183_13993003.02441-2018_9965f84ef5	3	4	0.6666666666666666
LLMarkers	reported label	2066	CLUSTER 4	CLUSTER 4	hca|0259_10.1038_s41590-019-0425-y_86ec5764bb	hca|0259_10.1038_s41590-019-0425-y_86ec5764bb	2	10	0.0
LLMarkers	reported label	2067	CLUSTER 5	CLUSTER 5	hca|0259_10.1038_s41590-019-0425-y_86ec5764bb	hca|0259_10.1038_s41590-019-0425-y_86ec5764bb	1	8	0.0
LLMarkers	reported label	2068	CLUSTER 7	CLUSTER 7	hca|0259_10.1038_s41590-019-0425-y_86ec5764bb	hca|0259_10.1038_s41590-019-0425-y_86ec5764bb	1	4	1.0
LLMarkers	reported label	2096	EPITHELIAL CELL	EPITHELIAL CELL	hca|0264_10.1186_s13059-022-02677-z_ec9d743757	hca|0264_10.1186_s13059-022-02677-z_ec9d743757	3	6	1.0
LLMarkers	reported label	2097	FIBROBLAST	FIBROBLAST	hca|0264_10.1186_s13059-022-02677-z_ec9d743757	hca|0264_10.1186_s13059-022-02677-z_ec9d743757	2	28	0.5
LLMarkers	reported label	2099	MYELOID CELL	MYELOID CELL	hca|0264_10.1186_s13059-022-02677-z_ec9d743757	hca|0264_10.1186_s13059-022-02677-z_ec9d743757	4	9	0.5
LLMarkers	reported label	2104	EPITHELIAL CELL	EPITHELIAL CELL	hca|0265_10.1038_s41591-019-0750-6_ba0c7c2ce5	hca|0265_10.1038_s41591-019-0750-6_ba0c7c2ce5	2	6	1.0
LLMarkers	reported label	2112	OLIGODENDROCYTE	OLIGODENDROCYTE	hca|0266_10.1016_j.neuron.2021.05.003_0cca870e2c	hca|0266_10.1016_j.neuron.2021.05.003_0cca870e2c	3	6	0.6666666666666666
LLMarkers	reported label	2122	CDC 2	CDC2	hca|0270_10.1038_s41467-022-30557-4_ba2c76ba96	hca|0270_10.1038_s41467-022-30557-4_ba2c76ba96	5	8	0.4
LLMarkers	reported label	2123	MACROPHAGE	MACROPHAGE	hca|0270_10.1038_s41467-022-30557-4_ba2c76ba96	hca|0270_10.1038_s41467-022-30557-4_ba2c76ba96	6	28	0.5
LLMarkers	reported label	2132	FIBROBLASTS	FIBROBLASTS	hca|0274_10.1016_j.isci.2021.103592_3ec037cca1	hca|0274_10.1016_j.isci.2021.103592_3ec037cca1	3	5	0.3333333333333333
LLMarkers	reported label	2135	PC	PC	hca|0274_10.1016_j.isci.2021.103592_3ec037cca1	hca|0274_10.1016_j.isci.2021.103592_3ec037cca1	3	4	0.0
LLMarkers	reported label	2145	CARDIOMYOCYTE	CARDIOMYOCYTE	hca|0276_10.1161_circulationaha.120.051921_99b9da8ca5	hca|0276_10.1161_circulationaha.120.051921_99b9da8ca5	9	8	0.4444444444444444
LLMarkers	reported label	2146	CLUSTER 5	CLUSTER 5	hca|0278_10.1007_s10911-020-09466-z_d1b799dcf6	hca|0278_10.1007_s10911-020-09466-z_d1b799dcf6	8	8	0.0
LLMarkers	reported label	2154	CDC 1	CDC1	hca|0279_10.1186_s12860-019-0199-y_bf14d4299c	hca|0279_10.1186_s12860-019-0199-y_bf14d4299c	7	10	0.8571428571428571
LLMarkers	reported label	2155	CDC 2	CDC2	hca|0279_10.1186_s12860-019-0199-y_bf14d4299c	hca|0279_10.1186_s12860-019-0199-y_bf14d4299c	5	8	0.4
LLMarkers	reported label	2169	PODOCYTE	PODOCYTE	hca|0281_10.1016_j.devcel.2019.06.001_238d93bfef	hca|0281_10.1016_j.devcel.2019.06.001_238d93bfef	13	6	0.46153846153846156
LLMarkers	reported label	2175	ENDOTHELIAL CELL	ENDOTHELIAL CELL	hca|0283_10.1161_circulationaha.120.052318_08d58c2441	hca|0283_10.1161_circulationaha.120.052318_08d58c2441	37	27	0.1891891891891892
LLMarkers	reported label	2200	DENDRITIC CELL	DENDRITIC CELL	hca|0285_10.26502_fccm.92920277_c5e967ab20	hca|0285_10.26502_fccm.92920277_c5e967ab20	11	6	0.0
LLMarkers	reported label	2203	HEPATOCYTE	HEPATOCYTE	hca|0286_10.1038_s41467-018-06318-7_d818827349	hca|0286_10.1038_s41467-018-06318-7_d818827349	7	4	0.42857142857142855
LLMarkers	reported label	2208	PLASMA CELL	PLASMA CELL	hca|0286_10.1038_s41467-018-06318-7_d818827349	hca|0286_10.1038_s41467-018-06318-7_d818827349	7	15	1.0
LLMarkers	reported label	2210	T CELL	ΑΒ T CELL	hca|0286_10.1038_s41467-018-06318-7_d818827349	hca|0286_10.1038_s41467-018-06318-7_d818827349	6	37	0.8333333333333334
LLMarkers	reported label	2212	ENDOTHELIAL CELL	ENDOTHELIAL CELL	hca|0289_10.1172_jci.insight.93009_72829a2871	hca|0289_10.1172_jci.insight.93009_72829a2871	10	27	0.6
LLMarkers	reported label	2213	FIBROBLAST	FIBROBLAST	hca|0289_10.1172_jci.insight.93009_72829a2871	hca|0289_10.1172_jci.insight.93009_72829a2871	10	28	0.7
LLMarkers	reported label	2226	ENDOTHELIAL	ENDOTHELIAL	hca|0290_10.1101_235499_566cff6e3c	hca|0290_10.1101_235499_566cff6e3c	2	4	0.0
LLMarkers	reported label	2239	PODOCYTE	PODOCYTE	hca|0290_10.1101_235499_566cff6e3c	hca|0290_10.1101_235499_566cff6e3c	1	6	1.0
LLMarkers	reported label	2245	MACROPHAGES	MACROPHAGES	hca|0291_10.1016_j.cell.2019.06.024_7d6cf2f1e2	hca|0291_10.1016_j.cell.2019.06.024_7d6cf2f1e2	6	5	0.5
LLMarkers	reported label	2248	T CELLS	T CELLS	hca|0291_10.1016_j.cell.2019.06.024_7d6cf2f1e2	hca|0291_10.1016_j.cell.2019.06.024_7d6cf2f1e2	4	4	0.75
LLMarkers	reported label	2249	CLUSTER 5	CLUSTER 5	hca|0292_10.1371_journal.pone.0225466_ac5a0b0b14	hca|0292_10.1371_journal.pone.0225466_ac5a0b0b14	5	8	0.0
LLMarkers	reported label	2250	B CELL	B CELL	hca|0293_10.1172_jci.insight.150861_5764a5bfad	hca|0293_10.1172_jci.insight.150861_5764a5bfad	3	29	0.3333333333333333
LLMarkers	reported label	2253	EC	EC	hca|0293_10.1172_jci.insight.150861_5764a5bfad	hca|0293_10.1172_jci.insight.150861_5764a5bfad	3	6	0.6666666666666666
LLMarkers	reported label	2254	MACROPHAGE	MACROPHAGE	hca|0293_10.1172_jci.insight.150861_5764a5bfad	hca|0293_10.1172_jci.insight.150861_5764a5bfad	3	28	0.6666666666666666
LLMarkers	reported label	2255	MICROGLIA	MICROGLIA	hca|0293_10.1172_jci.insight.150861_5764a5bfad	hca|0293_10.1172_jci.insight.150861_5764a5bfad	3	17	1.0
LLMarkers	reported label	2259	T CELL	T CELL	hca|0293_10.1172_jci.insight.150861_5764a5bfad	hca|0293_10.1172_jci.insight.150861_5764a5bfad	3	37	1.0
LLMarkers	reported label	2268	PERICYTE	PERICYTE	hca|0295_10.1016_j.isci.2021.102551_1c1e582cdd	hca|0295_10.1016_j.isci.2021.102551_1c1e582cdd	4	13	0.5
LLMarkers	reported label	2269	SMC	SMC	hca|0295_10.1016_j.isci.2021.102551_1c1e582cdd	hca|0295_10.1016_j.isci.2021.102551_1c1e582cdd	5	4	0.4
LLMarkers	reported label	2274	B CELLS	B CELLS	hca|0298_10.1101_2021.07.28.453839_0003c16e5c	hca|0298_10.1101_2021.07.28.453839_0003c16e5c	4	4	0.25
LLMarkers	reported label	2275	CDC 2	CDC2	hca|0298_10.1101_2021.07.28.453839_0003c16e5c	hca|0298_10.1101_2021.07.28.453839_0003c16e5c	8	8	0.25
LLMarkers	reported label	2290	CLUSTER 1	CLUSTER 1	hca|0300_10.1186_s13287-023-03256-0_d71fd1c1ed	hca|0300_10.1186_s13287-023-03256-0_d71fd1c1ed	3	13	0.0
LLMarkers	reported label	2291	CLUSTER 7	CLUSTER 7	hca|0300_10.1186_s13287-023-03256-0_d71fd1c1ed	hca|0300_10.1186_s13287-023-03256-0_d71fd1c1ed	3	4	0.0
LLMarkers	reported label	2299	ADIPOCYTE	ADIPOCYTE	hca|0302_10.1016_j.isci.2022.104772_3e028c0be0	hca|0302_10.1016_j.isci.2022.104772_3e028c0be0	1	4	0.0
LLMarkers	reported label	2304	ENDOTHELIAL CELL	ENDOTHELIAL CELL	hca|0302_10.1016_j.isci.2022.104772_3e028c0be0	hca|0302_10.1016_j.isci.2022.104772_3e028c0be0	2	27	1.0
LLMarkers	reported label	2316	STEM CELL	STEM CELL	hca|0302_10.1016_j.isci.2022.104772_3e028c0be0	hca|0302_10.1016_j.isci.2022.104772_3e028c0be0	1	6	0.0
LLMarkers	reported label	2325	ENDOTHELIAL	ENDOTHELIAL	hca|0307_10.1038_s41419-021-03724-6_32b837a8da	hca|0307_10.1038_s41419-021-03724-6_32b837a8da	3	4	0.6666666666666666
LLMarkers	reported label	2338	MESENCHYMAL	MESENCHYMAL	hca|0307_10.1038_s41419-021-03724-6_32b837a8da	hca|0307_10.1038_s41419-021-03724-6_32b837a8da	3	6	0.6666666666666666
LLMarkers	reported label	2347	B CELL	B CELL	hca|0309_10.1101_721258_f9cb0ad906	hca|0309_10.1101_721258_f9cb0ad906	4	29	0.75
LLMarkers	reported label	2348	CD 8 T CELL	CD8+ T CELL	hca|0309_10.1101_721258_f9cb0ad906	hca|0309_10.1101_721258_f9cb0ad906	3	14	0.0
LLMarkers	reported label	2349	MAST CELL	MAST CELL	hca|0309_10.1101_721258_f9cb0ad906	hca|0309_10.1101_721258_f9cb0ad906	4	14	0.0
LLMarkers	reported label	2350	MYELOID CELL	MYELOID CELL	hca|0309_10.1101_721258_f9cb0ad906	hca|0309_10.1101_721258_f9cb0ad906	4	9	0.0
LLMarkers	reported label	2351	PLASMA CELL	PLASMA CELL	hca|0309_10.1101_721258_f9cb0ad906	hca|0309_10.1101_721258_f9cb0ad906	3	15	1.0
LLMarkers	reported label	2352	T CELL	T-CELL	hca|0309_10.1101_721258_f9cb0ad906	hca|0309_10.1101_721258_f9cb0ad906	3	37	0.6666666666666666
LLMarkers	reported label	2355	STEM CELL	STEM CELL	hca|0313_10.1016_j.celrep.2022.110467_a2771a8ae7	hca|0313_10.1016_j.celrep.2022.110467_a2771a8ae7	6	6	0.0
LLMarkers	reported label	2357	BETA CELL	BETA CELL	hca|0314_10.1016_j.cell.2017.09.004_62170aa227	hca|0314_10.1016_j.cell.2017.09.004_62170aa227	4	9	0.25
LLMarkers	reported label	2363	ACINAR CELL	ACINAR CELL	hca|0317_10.1016_j.celrep.2019.02.043_aed04e8aae	hca|0317_10.1016_j.celrep.2019.02.043_aed04e8aae	4	6	1.0
LLMarkers	reported label	2364	ALPHA CELL	ALPHA CELL	hca|0317_10.1016_j.celrep.2019.02.043_aed04e8aae	hca|0317_10.1016_j.celrep.2019.02.043_aed04e8aae	3	5	1.0
LLMarkers	reported label	2365	BETA CELL	BETA CELL	hca|0317_10.1016_j.celrep.2019.02.043_aed04e8aae	hca|0317_10.1016_j.celrep.2019.02.043_aed04e8aae	10	9	0.6
LLMarkers	reported label	2366	DELTA CELL	DELTA CELL	hca|0317_10.1016_j.celrep.2019.02.043_aed04e8aae	hca|0317_10.1016_j.celrep.2019.02.043_aed04e8aae	8	4	0.625
LLMarkers	reported label	2367	DUCTAL CELL	DUCTAL CELL	hca|0317_10.1016_j.celrep.2019.02.043_aed04e8aae	hca|0317_10.1016_j.celrep.2019.02.043_aed04e8aae	6	4	0.16666666666666666
LLMarkers	reported label	2374	NK CELL	NK CELL	hca|0319_10.1016_j.cell.2018.05.060_d1a05e99e8	hca|0319_10.1016_j.cell.2018.05.060_d1a05e99e8	3	15	0.6666666666666666
LLMarkers	reported label	2376	TREG	TREG	hca|0319_10.1016_j.cell.2018.05.060_d1a05e99e8	hca|0319_10.1016_j.cell.2018.05.060_d1a05e99e8	4	14	0.25
LLMarkers	reported label	2389	ASTROCYTES	ASTROCYTES	hca|0325_10.1016_j.celrep.2017.10.030_a9d12a5d7c	hca|0325_10.1016_j.celrep.2017.10.030_a9d12a5d7c	3	5	0.3333333333333333
LLMarkers	reported label	2393	MACROPHAGES	MACROPHAGES	hca|0325_10.1016_j.celrep.2017.10.030_a9d12a5d7c	hca|0325_10.1016_j.celrep.2017.10.030_a9d12a5d7c	5	5	0.2
LLMarkers	reported label	2394	MICROGLIA	MICROGLIA	hca|0325_10.1016_j.celrep.2017.10.030_a9d12a5d7c	hca|0325_10.1016_j.celrep.2017.10.030_a9d12a5d7c	7	17	0.2857142857142857
LLMarkers	reported label	2395	ACINAR CELL	ACINAR CELL	hca|0326_10.1016_j.cmet.2016.08.020_b710322bb3	hca|0326_10.1016_j.cmet.2016.08.020_b710322bb3	5	6	0.2
LLMarkers	reported label	2396	ALPHA CELL	ALPHA CELL	hca|0326_10.1016_j.cmet.2016.08.020_b710322bb3	hca|0326_10.1016_j.cmet.2016.08.020_b710322bb3	19	5	0.3157894736842105
LLMarkers	reported label	2398	BETA CELL	BETA CELL	hca|0326_10.1016_j.cmet.2016.08.020_b710322bb3	hca|0326_10.1016_j.cmet.2016.08.020_b710322bb3	17	9	0.6470588235294118
LLMarkers	reported label	2399	DELTA CELL	DELTA CELL	hca|0326_10.1016_j.cmet.2016.08.020_b710322bb3	hca|0326_10.1016_j.cmet.2016.08.020_b710322bb3	10	4	0.5
LLMarkers	reported label	2400	ENDOTHELIAL CELL	ENDOTHELIAL CELL	hca|0326_10.1016_j.cmet.2016.08.020_b710322bb3	hca|0326_10.1016_j.cmet.2016.08.020_b710322bb3	4	27	1.0
LLMarkers	reported label	2403	MAST CELL	MAST CELL	hca|0326_10.1016_j.cmet.2016.08.020_b710322bb3	hca|0326_10.1016_j.cmet.2016.08.020_b710322bb3	3	14	0.6666666666666666
LLMarkers	reported label	2414	EC	EC	hca|0334_10.1681_asn.2018020125_804c4742d9	hca|0334_10.1681_asn.2018020125_804c4742d9	3	6	0.0
LLMarkers	reported label	2415	CLUSTER 0	CLUSTER 0	hca|0338_10.3389_fnmol.2020.00134_d9eafa03d0	hca|0338_10.3389_fnmol.2020.00134_d9eafa03d0	6	4	0.0
LLMarkers	reported label	2416	CLUSTER 1	CLUSTER 1	hca|0338_10.3389_fnmol.2020.00134_d9eafa03d0	hca|0338_10.3389_fnmol.2020.00134_d9eafa03d0	3	13	0.0
LLMarkers	reported label	2417	CLUSTER 2	CLUSTER 2	hca|0338_10.3389_fnmol.2020.00134_d9eafa03d0	hca|0338_10.3389_fnmol.2020.00134_d9eafa03d0	5	18	0.0
LLMarkers	reported label	2418	MICROGLIA	MICROGLIA	hca|0338_10.3389_fnmol.2020.00134_d9eafa03d0	hca|0338_10.3389_fnmol.2020.00134_d9eafa03d0	7	17	0.8571428571428571
LLMarkers	reported label	2431	B CELL	B CELL	hca|0342_10.18632_aging.203124_280d72e18e	hca|0342_10.18632_aging.203124_280d72e18e	3	29	1.0
LLMarkers	reported label	2435	T CELL	T CELL	hca|0343_10.1038_s41597-019-0351-8_0cf4fb36a1	hca|0343_10.1038_s41597-019-0351-8_0cf4fb36a1	1	37	1.0
LLMarkers	reported label	2436	B CELL	B CELL	hca|0345_10.3389_fimmu.2021.645666_15198bd9bb	hca|0345_10.3389_fimmu.2021.645666_15198bd9bb	10	29	0.5
LLMarkers	reported label	2437	CD 4 T CELL	CD4+ T CELL	hca|0345_10.3389_fimmu.2021.645666_15198bd9bb	hca|0345_10.3389_fimmu.2021.645666_15198bd9bb	1	16	1.0
LLMarkers	reported label	2438	CD 8 T CELL	CD8+ T CELL	hca|0345_10.3389_fimmu.2021.645666_15198bd9bb	hca|0345_10.3389_fimmu.2021.645666_15198bd9bb	5	14	0.4
LLMarkers	reported label	2442	FB 1	FB-1	hca|0347_10.1186_s12943-021-01419-2_236ba26890	hca|0347_10.1186_s12943-021-01419-2_236ba26890	3	5	1.0
LLMarkers	reported label	2452	PERICYTE	PERICYTE	hca|0349_10.1038_s41467-023-36296-4_67ae3c1e19	hca|0349_10.1038_s41467-023-36296-4_67ae3c1e19	4	13	1.0
LLMarkers	reported label	2474	TREG	TREG	hca|0350_10.1038_s41421-020-0157-z_3083f6da26	hca|0350_10.1038_s41421-020-0157-z_3083f6da26	9	14	0.3333333333333333
LLMarkers	reported label	2481	ASTROCYTE	ASTROCYTE	hca|0352_10.1038_nature25980_27cde67bed	hca|0352_10.1038_nature25980_27cde67bed	3	7	0.6666666666666666
LLMarkers	reported label	2482	EXCITATORY NEURON	EXCITATORY NEURON	hca|0352_10.1038_nature25980_27cde67bed	hca|0352_10.1038_nature25980_27cde67bed	5	4	0.0
LLMarkers	reported label	2486	MICROGLIA	MICROGLIA	hca|0352_10.1038_nature25980_27cde67bed	hca|0352_10.1038_nature25980_27cde67bed	3	17	1.0
LLMarkers	reported label	2499	CD 8 T CELL	CD8+ T CELL	hca|0354_10.1172_jci128475_002a5124c6	hca|0354_10.1172_jci128475_002a5124c6	3	14	0.0
LLMarkers	reported label	2500	B CELL	B CELL	hca|0355_10.3389_fgene.2021.745483_5f4326fce7	hca|0355_10.3389_fgene.2021.745483_5f4326fce7	3	29	0.0
LLMarkers	reported label	2503	MONOCYTE	MONOCYTE	hca|0355_10.3389_fgene.2021.745483_5f4326fce7	hca|0355_10.3389_fgene.2021.745483_5f4326fce7	3	23	0.6666666666666666
LLMarkers	reported label	2518	FIBROBLAST	FIBROBLAST	hca|0358_10.1126_sciadv.aba1983_17b603cdcb	hca|0358_10.1126_sciadv.aba1983_17b603cdcb	7	28	1.0
LLMarkers	reported label	2520	MYOFIBROBLAST	MYOFIBROBLAST	hca|0358_10.1126_sciadv.aba1983_17b603cdcb	hca|0358_10.1126_sciadv.aba1983_17b603cdcb	7	7	1.0
LLMarkers	reported label	2521	SMOOTH MUSCLE CELL	SMOOTH MUSCLE CELL	hca|0358_10.1126_sciadv.aba1983_17b603cdcb	hca|0358_10.1126_sciadv.aba1983_17b603cdcb	3	8	1.0
LLMarkers	reported label	2523	FIBROBLAST	FIBROBLAST	hca|0359_10.1101_759902_400af2c5fc	hca|0359_10.1101_759902_400af2c5fc	7	28	1.0
LLMarkers	reported label	2524	MYOFIBROBLAST	MYOFIBROBLAST	hca|0359_10.1101_759902_400af2c5fc	hca|0359_10.1101_759902_400af2c5fc	8	7	0.875
LLMarkers	reported label	2525	SMOOTH MUSCLE CELL	SMOOTH MUSCLE CELL	hca|0359_10.1101_759902_400af2c5fc	hca|0359_10.1101_759902_400af2c5fc	3	8	1.0
LLMarkers	reported label	2537	CLUSTER 1	CLUSTER 1	hca|0363_10.1016_j.omtn.2021.03.017_8083e53d24	hca|0363_10.1016_j.omtn.2021.03.017_8083e53d24	3	13	0.0
LLMarkers	reported label	2546	DC	DC	hca|0364_10.1161_circulationaha.120.046528_00aa2deb4c	hca|0364_10.1161_circulationaha.120.046528_00aa2deb4c	3	4	0.3333333333333333
LLMarkers	reported label	2556	MONOCYTE	MONOCYTE	hca|0364_10.1161_circulationaha.120.046528_00aa2deb4c	hca|0364_10.1161_circulationaha.120.046528_00aa2deb4c	8	23	0.125
LLMarkers	reported label	2569	B CELL	B CELL	hca|0365_10.3389_fendo.2022.874915_81de77d539	hca|0365_10.3389_fendo.2022.874915_81de77d539	3	29	1.0
LLMarkers	reported label	2570	EC	EC	hca|0365_10.3389_fendo.2022.874915_81de77d539	hca|0365_10.3389_fendo.2022.874915_81de77d539	5	6	0.2
LLMarkers	reported label	2574	FIBROBLAST	FIBROBLAST	hca|0365_10.3389_fendo.2022.874915_81de77d539	hca|0365_10.3389_fendo.2022.874915_81de77d539	2	28	1.0
LLMarkers	reported label	2575	MACROPHAGE	MACROPHAGE	hca|0365_10.3389_fendo.2022.874915_81de77d539	hca|0365_10.3389_fendo.2022.874915_81de77d539	4	28	1.0
LLMarkers	reported label	2577	SMC	SMC	hca|0365_10.3389_fendo.2022.874915_81de77d539	hca|0365_10.3389_fendo.2022.874915_81de77d539	3	4	1.0
LLMarkers	reported label	2583	CLUSTER 1	CLUSTER 1	hca|0366_10.1038_s41467-021-22164-6_097f05776f	hca|0366_10.1038_s41467-021-22164-6_097f05776f	1	13	0.0
LLMarkers	reported label	2584	CLUSTER 2	CLUSTER 2	hca|0366_10.1038_s41467-021-22164-6_097f05776f	hca|0366_10.1038_s41467-021-22164-6_097f05776f	4	18	0.25
LLMarkers	reported label	2588	CLUSTER 7	CLUSTER 7	hca|0366_10.1038_s41467-021-22164-6_097f05776f	hca|0366_10.1038_s41467-021-22164-6_097f05776f	6	4	0.16666666666666666
LLMarkers	reported label	2596	TREG	TREG	hca|0366_10.1038_s41467-021-22164-6_097f05776f	hca|0366_10.1038_s41467-021-22164-6_097f05776f	8	14	0.375
LLMarkers	reported label	2597	T CELLS	ΓΔ T CELLS	hca|0366_10.1038_s41467-021-22164-6_097f05776f	hca|0366_10.1038_s41467-021-22164-6_097f05776f	7	4	0.0
LLMarkers	reported label	2607	B CELL	B CELL	hca|0368_10.1016_j.cell.2019.08.008_98c14c4ebe	hca|0368_10.1016_j.cell.2019.08.008_98c14c4ebe	6	29	1.0
LLMarkers	reported label	2610	ENDOTHELIAL CELL	ENDOTHELIAL CELL	hca|0370_10.1038_s41698-022-00251-1_1483c4b104	hca|0370_10.1038_s41698-022-00251-1_1483c4b104	3	27	0.6666666666666666
LLMarkers	reported label	2611	ENTEROENDOCRINE CELL	ENTEROENDOCRINE CELL	hca|0370_10.1038_s41698-022-00251-1_1483c4b104	hca|0370_10.1038_s41698-022-00251-1_1483c4b104	3	6	0.3333333333333333
LLMarkers	reported label	2612	FIBROBLAST	FIBROBLAST	hca|0370_10.1038_s41698-022-00251-1_1483c4b104	hca|0370_10.1038_s41698-022-00251-1_1483c4b104	5	28	0.6
LLMarkers	reported label	2624	CDC 1	CDC1	hca|0372_10.1016_j.ccell.2021.10.009_d6ab4790aa	hca|0372_10.1016_j.ccell.2021.10.009_d6ab4790aa	3	10	0.6666666666666666
LLMarkers	reported label	2625	CDC 2	CDC2	hca|0372_10.1016_j.ccell.2021.10.009_d6ab4790aa	hca|0372_10.1016_j.ccell.2021.10.009_d6ab4790aa	2	8	1.0
LLMarkers	reported label	2632	NK CELLS	NK CELLS	hca|0372_10.1016_j.ccell.2021.10.009_d6ab4790aa	hca|0372_10.1016_j.ccell.2021.10.009_d6ab4790aa	4	4	0.25
LLMarkers	reported label	2639	FIBROBLAST	FIBROBLAST	hca|0374_10.1136_annrheumdis-2018-214865_9f6cd4034f	hca|0374_10.1136_annrheumdis-2018-214865_9f6cd4034f	3	28	0.6666666666666666
LLMarkers	reported label	2641	MYOFIBROBLAST	MYOFIBROBLAST	hca|0374_10.1136_annrheumdis-2018-214865_9f6cd4034f	hca|0374_10.1136_annrheumdis-2018-214865_9f6cd4034f	12	7	0.16666666666666666
LLMarkers	reported label	2642	PERICYTE	PERICYTE	hca|0374_10.1136_annrheumdis-2018-214865_9f6cd4034f	hca|0374_10.1136_annrheumdis-2018-214865_9f6cd4034f	9	13	0.6666666666666666
LLMarkers	reported label	2643	SMOOTH MUSCLE CELL	SMOOTH MUSCLE CELL	hca|0374_10.1136_annrheumdis-2018-214865_9f6cd4034f	hca|0374_10.1136_annrheumdis-2018-214865_9f6cd4034f	3	8	1.0
LLMarkers	reported label	2647	ENDOTHELIAL CELL	ENDOTHELIAL CELL	hca|0375_10.1016_j.jaci.2021.07.025_bdc966c89b	hca|0375_10.1016_j.jaci.2021.07.025_bdc966c89b	3	27	1.0
LLMarkers	reported label	2648	FIBROBLAST	FIBROBLAST	hca|0375_10.1016_j.jaci.2021.07.025_bdc966c89b	hca|0375_10.1016_j.jaci.2021.07.025_bdc966c89b	3	28	0.3333333333333333
LLMarkers	reported label	2654	MELANOCYTE	MELANOCYTE	hca|0375_10.1016_j.jaci.2021.07.025_bdc966c89b	hca|0375_10.1016_j.jaci.2021.07.025_bdc966c89b	2	6	1.0
LLMarkers	reported label	2655	NK CELL	NK CELL	hca|0375_10.1016_j.jaci.2021.07.025_bdc966c89b	hca|0375_10.1016_j.jaci.2021.07.025_bdc966c89b	4	15	0.75
LLMarkers	reported label	2657	CLUSTER 1	CLUSTER 1	hca|0376_10.1038_s41590-017-0001-2_5fb0775c07	hca|0376_10.1038_s41590-017-0001-2_5fb0775c07	1	13	0.0
LLMarkers	reported label	2658	CLUSTER 3	CLUSTER 3	hca|0376_10.1038_s41590-017-0001-2_5fb0775c07	hca|0376_10.1038_s41590-017-0001-2_5fb0775c07	3	11	0.3333333333333333
LLMarkers	reported label	2660	HSC	HSC	hca|0376_10.1038_s41590-017-0001-2_5fb0775c07	hca|0376_10.1038_s41590-017-0001-2_5fb0775c07	3	4	0.6666666666666666
LLMarkers	reported label	2673	MACROPHAGE	MACROPHAGE	hca|0378_10.1101_2022.06.17.496207_92cb140ff3	hca|0378_10.1101_2022.06.17.496207_92cb140ff3	3	28	0.0
LLMarkers	reported label	2680	TREG	TREG	hca|0379_10.1038_s41698-022-00300-9_7bb9a273c6	hca|0379_10.1038_s41698-022-00300-9_7bb9a273c6	1	14	0.0
LLMarkers	reported label	2683	FIBROBLASTS	FIBROBLASTS	hca|0382_10.1371_journal.pbio.3002124_f92c982127	hca|0382_10.1371_journal.pbio.3002124_f92c982127	1	5	0.0
LLMarkers	reported label	2685	MACROPHAGES	MACROPHAGES	hca|0382_10.1371_journal.pbio.3002124_f92c982127	hca|0382_10.1371_journal.pbio.3002124_f92c982127	13	5	0.07692307692307693
LLMarkers	reported label	2715	EXCITATORY NEURON	EXCITATORY NEURON	hca|0385_10.1038_s41586-022-04521-7_37f1f319e2	hca|0385_10.1038_s41586-022-04521-7_37f1f319e2	3	4	0.6666666666666666
LLMarkers	reported label	2716	MICROGLIA	MICROGLIA	hca|0385_10.1038_s41586-022-04521-7_37f1f319e2	hca|0385_10.1038_s41586-022-04521-7_37f1f319e2	3	17	1.0
LLMarkers	reported label	2717	OLIGODENDROCYTE	OLIGODENDROCYTE	hca|0385_10.1038_s41586-022-04521-7_37f1f319e2	hca|0385_10.1038_s41586-022-04521-7_37f1f319e2	3	6	1.0
LLMarkers	reported label	2718	OPC	OPC	hca|0385_10.1038_s41586-022-04521-7_37f1f319e2	hca|0385_10.1038_s41586-022-04521-7_37f1f319e2	3	4	1.0
LLMarkers	reported label	2727	CARDIOMYOCYTE	CARDIOMYOCYTE	hca|0388_10.1038_s41467-023-40505-5_535df8ab2d	hca|0388_10.1038_s41467-023-40505-5_535df8ab2d	4	8	0.5
LLMarkers	reported label	2730	BASAL CELL	BASAL CELL	hca|0389_10.1038_s41591-024-02807-z_9d82b71a18	hca|0389_10.1038_s41591-024-02807-z_9d82b71a18	3	6	0.6666666666666666
LLMarkers	reported label	2733	ENTEROCYTE	ENTEROCYTE	hca|0389_10.1038_s41591-024-02807-z_9d82b71a18	hca|0389_10.1038_s41591-024-02807-z_9d82b71a18	6	5	0.3333333333333333
LLMarkers	reported label	2740	PODOCYTE	PODOCYTE	hca|0389_10.1038_s41591-024-02807-z_9d82b71a18	hca|0389_10.1038_s41591-024-02807-z_9d82b71a18	4	6	1.0
LLMarkers	reported label	2743	CD 8 T CELL	CD8 + T CELL	hca|0390_10.1038_s41591-020-0901-9_be86edb292	hca|0390_10.1038_s41591-020-0901-9_be86edb292	5	14	0.4
LLMarkers	reported label	2749	DUCTAL CELL	DUCTAL CELL	hca|0393_10.1038_s42255-022-00531-x_b92878970e	hca|0393_10.1038_s42255-022-00531-x_b92878970e	6	4	0.16666666666666666
LLMarkers	reported label	2750	MACROPHAGES	MACROPHAGES	hca|0393_10.1038_s42255-022-00531-x_b92878970e	hca|0393_10.1038_s42255-022-00531-x_b92878970e	4	5	0.5
LLMarkers	reported label	2751	B CELL	B CELL	hca|0394_10.1038_s41591-021-01329-2_7dcc6ae73c	hca|0394_10.1038_s41591-021-01329-2_7dcc6ae73c	4	29	0.75
LLMarkers	reported label	2752	B CELLS	B CELLS	hca|0394_10.1038_s41591-021-01329-2_7dcc6ae73c	hca|0394_10.1038_s41591-021-01329-2_7dcc6ae73c	3	4	0.0
LLMarkers	reported label	2760	T CELLS	ΑΒ T CELLS	hca|0394_10.1038_s41591-021-01329-2_7dcc6ae73c	hca|0394_10.1038_s41591-021-01329-2_7dcc6ae73c	4	4	0.0
LLMarkers	reported label	2762	AT 2	AT2	hca|0396_10.7554_elife.62522_10df7c4591	hca|0396_10.7554_elife.62522_10df7c4591	1	9	0.0
LLMarkers	reported label	2793	CD 8 T CELL	CD8 T CELL	hca|0402_10.1016_j.cell.2021.04.038_26e3dc6d2f	hca|0402_10.1016_j.cell.2021.04.038_26e3dc6d2f	1	14	1.0
LLMarkers	reported label	2796	TREG	TREG	hca|0402_10.1016_j.cell.2021.04.038_26e3dc6d2f	hca|0402_10.1016_j.cell.2021.04.038_26e3dc6d2f	9	14	0.5555555555555556
LLMarkers	reported label	2804	ENDOTHELIAL CELL	ENDOTHELIAL CELL	hca|0403_10.1038_s41467-019-11036-9_eff650140f	hca|0403_10.1038_s41467-019-11036-9_eff650140f	7	27	1.0
LLMarkers	reported label	2833	ASTROCYTE	ASTROCYTE	hca|0406_10.1093_brain_awab446_1c9ee67691	hca|0406_10.1093_brain_awab446_1c9ee67691	3	7	1.0
LLMarkers	reported label	2835	MICROGLIA	MICROGLIA	hca|0406_10.1093_brain_awab446_1c9ee67691	hca|0406_10.1093_brain_awab446_1c9ee67691	7	17	0.7142857142857143
LLMarkers	reported label	2836	OLIGODENDROCYTE	OLIGODENDROCYTE	hca|0406_10.1093_brain_awab446_1c9ee67691	hca|0406_10.1093_brain_awab446_1c9ee67691	3	6	0.6666666666666666
LLMarkers	reported label	2837	ENDOTHELIAL CELL	ENDOTHELIAL CELL	hca|0407_10.1093_humrep_deac183_7b0f560d74	hca|0407_10.1093_humrep_deac183_7b0f560d74	3	27	0.6666666666666666
LLMarkers	reported label	2840	IMMUNE CELL	IMMUNE CELL	hca|0407_10.1093_humrep_deac183_7b0f560d74	hca|0407_10.1093_humrep_deac183_7b0f560d74	8	6	0.0
LLMarkers	reported label	2842	B CELL	B CELL	hca|0410_10.3389_fcell.2021.820274_b0973e038f	hca|0410_10.3389_fcell.2021.820274_b0973e038f	3	29	0.6666666666666666
LLMarkers	reported label	2848	ENDOTHELIAL CELL	ENDOTHELIAL CELL	hca|0410_10.3389_fcell.2021.820274_b0973e038f	hca|0410_10.3389_fcell.2021.820274_b0973e038f	3	27	1.0
LLMarkers	reported label	2850	EPITHELIAL CELL	EPITHELIAL CELL	hca|0410_10.3389_fcell.2021.820274_b0973e038f	hca|0410_10.3389_fcell.2021.820274_b0973e038f	3	6	0.3333333333333333
LLMarkers	reported label	2851	MAST CELL	MAST CELL	hca|0410_10.3389_fcell.2021.820274_b0973e038f	hca|0410_10.3389_fcell.2021.820274_b0973e038f	4	14	1.0
LLMarkers	reported label	2853	T CELL	T CELL	hca|0410_10.3389_fcell.2021.820274_b0973e038f	hca|0410_10.3389_fcell.2021.820274_b0973e038f	3	37	1.0
LLMarkers	reported label	2856	B CELL	B CELL	hca|0414_10.1186_s13059-020-02210-0_30c1533a3e	hca|0414_10.1186_s13059-020-02210-0_30c1533a3e	4	29	0.75
LLMarkers	reported label	2859	FIBROBLAST	FIBROBLAST	hca|0414_10.1186_s13059-020-02210-0_30c1533a3e	hca|0414_10.1186_s13059-020-02210-0_30c1533a3e	5	28	1.0
LLMarkers	reported label	2861	MACROPHAGE	MACROPHAGE	hca|0414_10.1186_s13059-020-02210-0_30c1533a3e	hca|0414_10.1186_s13059-020-02210-0_30c1533a3e	3	28	0.6666666666666666
LLMarkers	reported label	2862	MONOCYTE	MONOCYTE	hca|0414_10.1186_s13059-020-02210-0_30c1533a3e	hca|0414_10.1186_s13059-020-02210-0_30c1533a3e	4	23	0.5
LLMarkers	reported label	2865	SMOOTH MUSCLE CELL	SMOOTH MUSCLE CELL	hca|0414_10.1186_s13059-020-02210-0_30c1533a3e	hca|0414_10.1186_s13059-020-02210-0_30c1533a3e	5	8	0.4
LLMarkers	reported label	2869	SMOOTH MUSCLE CELL	SMOOTH MUSCLE CELL	hca|0415_10.1038_s41467-020-20358-y_582bbd075a	hca|0415_10.1038_s41467-020-20358-y_582bbd075a	3	8	0.6666666666666666
LLMarkers	reported label	2878	FIBROBLAST	FIBROBLAST	hca|0418_10.1038_s42003-020-0922-4_8904851286	hca|0418_10.1038_s42003-020-0922-4_8904851286	5	28	1.0
LLMarkers	reported label	2881	MELANOCYTE	MELANOCYTE	hca|0418_10.1038_s42003-020-0922-4_8904851286	hca|0418_10.1038_s42003-020-0922-4_8904851286	4	6	1.0
LLMarkers	reported label	2883	PERICYTE	PERICYTE	hca|0418_10.1038_s42003-020-0922-4_8904851286	hca|0418_10.1038_s42003-020-0922-4_8904851286	3	13	1.0
LLMarkers	reported label	2884	T CELL	T CELL	hca|0418_10.1038_s42003-020-0922-4_8904851286	hca|0418_10.1038_s42003-020-0922-4_8904851286	4	37	1.0
LLMarkers	reported label	2896	MACROPHAGE	MACROPHAGE	hca|0420_10.1111_cas.15979_052ebae233	hca|0420_10.1111_cas.15979_052ebae233	3	28	1.0
LLMarkers	reported label	2897	MEMORY B CELL	MEMORY B CELL	hca|0420_10.1111_cas.15979_052ebae233	hca|0420_10.1111_cas.15979_052ebae233	3	4	1.0
LLMarkers	reported label	2899	ASTROCYTE	ASTROCYTE	hca|0421_10.1101_2022.02.14.480397_c10e165496	hca|0421_10.1101_2022.02.14.480397_c10e165496	8	7	0.25
LLMarkers	reported label	2901	ENDOTHELIAL CELL	ENDOTHELIAL CELL	hca|0421_10.1101_2022.02.14.480397_c10e165496	hca|0421_10.1101_2022.02.14.480397_c10e165496	9	27	0.3333333333333333
LLMarkers	reported label	2902	EXCITATORY NEURON	EXCITATORY NEURON	hca|0421_10.1101_2022.02.14.480397_c10e165496	hca|0421_10.1101_2022.02.14.480397_c10e165496	9	4	0.2222222222222222
LLMarkers	reported label	2909	MICROGLIA	MICROGLIA	hca|0421_10.1101_2022.02.14.480397_c10e165496	hca|0421_10.1101_2022.02.14.480397_c10e165496	17	17	0.23529411764705882
LLMarkers	reported label	2910	OLIGODENDROCYTE	OLIGODENDROCYTE	hca|0421_10.1101_2022.02.14.480397_c10e165496	hca|0421_10.1101_2022.02.14.480397_c10e165496	6	6	0.3333333333333333
LLMarkers	reported label	2913	LYMPHOCYTE	LYMPHOCYTE	hca|0422_10.1038_s41591-020-1040-z_d966e12866	hca|0422_10.1038_s41591-020-1040-z_d966e12866	4	4	0.0
LLMarkers	reported label	2914	SMOOTH MUSCLE CELL	SMOOTH MUSCLE CELL	hca|0422_10.1038_s41591-020-1040-z_d966e12866	hca|0422_10.1038_s41591-020-1040-z_d966e12866	3	8	0.0
LLMarkers	reported label	2917	ASTROCYTE	ASTROCYTE	hca|0423_10.1038_s41467-019-12780-8_0da964452a	hca|0423_10.1038_s41467-019-12780-8_0da964452a	3	7	0.6666666666666666
LLMarkers	reported label	2921	MICROGLIA	MICROGLIA	hca|0423_10.1038_s41467-019-12780-8_0da964452a	hca|0423_10.1038_s41467-019-12780-8_0da964452a	4	17	1.0
LLMarkers	reported label	2924	CELL	Α-CELL	hca|0425_10.1038_s41598-017-05266-4_54c44ec7e0	hca|0425_10.1038_s41598-017-05266-4_54c44ec7e0	26	17	0.23076923076923078
LLMarkers	reported label	2925	CELL	Β-CELL	hca|0425_10.1038_s41598-017-05266-4_54c44ec7e0	hca|0425_10.1038_s41598-017-05266-4_54c44ec7e0	20	17	0.25
LLMarkers	reported label	2936	TREG	TREG	hca|0426_10.1038_s41467-019-12464-3_0f8440336d	hca|0426_10.1038_s41467-019-12464-3_0f8440336d	2	14	0.5
LLMarkers	reported label	2937	ACINAR CELL	ACINAR CELL	hca|0427_10.7150_ijbs.58886_44183be8e8	hca|0427_10.7150_ijbs.58886_44183be8e8	4	6	1.0
LLMarkers	reported label	2938	C 1	C1	hca|0427_10.7150_ijbs.58886_44183be8e8	hca|0427_10.7150_ijbs.58886_44183be8e8	3	5	0.0
LLMarkers	reported label	2944	ENDOTHELIAL CELL	ENDOTHELIAL CELL	hca|0427_10.7150_ijbs.58886_44183be8e8	hca|0427_10.7150_ijbs.58886_44183be8e8	3	27	1.0
LLMarkers	reported label	2945	MYELOID CELL	MYELOID CELL	hca|0427_10.7150_ijbs.58886_44183be8e8	hca|0427_10.7150_ijbs.58886_44183be8e8	6	9	0.3333333333333333
LLMarkers	reported label	2950	ENDOTHELIAL CELL	ENDOTHELIAL CELL	hca|0428_10.1073_pnas.1914143116_42027a0378	hca|0428_10.1073_pnas.1914143116_42027a0378	3	27	0.6666666666666666
LLMarkers	reported label	2951	MELANOCYTE	MELANOCYTE	hca|0428_10.1073_pnas.1914143116_42027a0378	hca|0428_10.1073_pnas.1914143116_42027a0378	4	6	1.0
LLMarkers	reported label	2955	CARDIOMYOCYTE	CARDIOMYOCYTE	hca|0430_10.1101_2021.07.06.451312_11ba989c20	hca|0430_10.1101_2021.07.06.451312_11ba989c20	7	8	0.7142857142857143
LLMarkers	reported label	2956	FIBROBLAST	FIBROBLAST	hca|0430_10.1101_2021.07.06.451312_11ba989c20	hca|0430_10.1101_2021.07.06.451312_11ba989c20	10	28	0.6
LLMarkers	reported label	2960	MAC 2	MAC2	hca|0431_10.1038_s44161-022-00028-6_b4c8c1227f	hca|0431_10.1038_s44161-022-00028-6_b4c8c1227f	6	4	0.0
LLMarkers	reported label	2962	CLUSTER 3	CLUSTER 3	hca|0432_10.1172_jci.insight.156341_02dc39adcf	hca|0432_10.1172_jci.insight.156341_02dc39adcf	1	11	1.0
LLMarkers	reported label	2970	TREG	TREG	hca|0432_10.1172_jci.insight.156341_02dc39adcf	hca|0432_10.1172_jci.insight.156341_02dc39adcf	3	14	0.6666666666666666
LLMarkers	reported label	2971	ACINAR CELL	ACINAR CELL	hca|0433_10.15252_embr.201540946_1830154973	hca|0433_10.15252_embr.201540946_1830154973	5	6	0.8
LLMarkers	reported label	2972	ALPHA CELL	ALPHA CELL	hca|0433_10.15252_embr.201540946_1830154973	hca|0433_10.15252_embr.201540946_1830154973	3	5	1.0
LLMarkers	reported label	2973	BETA CELL	BETA CELL	hca|0433_10.15252_embr.201540946_1830154973	hca|0433_10.15252_embr.201540946_1830154973	8	9	0.5
LLMarkers	reported label	2981	MELANOCYTE	MELANOCYTE	hca|0436_10.1016_j.jtos.2020.12.004_24ddeb29a4	hca|0436_10.1016_j.jtos.2020.12.004_24ddeb29a4	3	6	1.0
LLMarkers	reported label	2984	CARDIOMYOCYTE	CARDIOMYOCYTE	hca|0438_10.1016_j.celrep.2023.112086_4947038a16	hca|0438_10.1016_j.celrep.2023.112086_4947038a16	5	8	0.0
LLMarkers	reported label	2988	FIBROBLAST	FIBROBLAST	hca|0438_10.1016_j.celrep.2023.112086_4947038a16	hca|0438_10.1016_j.celrep.2023.112086_4947038a16	8	28	0.0
LLMarkers	reported label	2989	MACROPHAGE	MACROPHAGE	hca|0438_10.1016_j.celrep.2023.112086_4947038a16	hca|0438_10.1016_j.celrep.2023.112086_4947038a16	4	28	0.0
LLMarkers	reported label	2990	ASTROCYTE	ASTROCYTE	hca|0439_10.1038_s41586-019-1404-z_d7516e129c	hca|0439_10.1038_s41586-019-1404-z_d7516e129c	3	7	0.3333333333333333
LLMarkers	reported label	2991	ASTROCYTES	ASTROCYTES	hca|0439_10.1038_s41586-019-1404-z_d7516e129c	hca|0439_10.1038_s41586-019-1404-z_d7516e129c	6	5	0.16666666666666666
LLMarkers	reported label	2994	MICROGLIA	MICROGLIA	hca|0439_10.1038_s41586-019-1404-z_d7516e129c	hca|0439_10.1038_s41586-019-1404-z_d7516e129c	12	17	0.4166666666666667
LLMarkers	reported label	2997	CELL	Α-CELL	hca|0440_10.1186_s13073-023-01179-2_de903e74e7	hca|0440_10.1186_s13073-023-01179-2_de903e74e7	5	15	0.6
LLMarkers	reported label	2998	CELL	Β-CELL	hca|0440_10.1186_s13073-023-01179-2_de903e74e7	hca|0440_10.1186_s13073-023-01179-2_de903e74e7	7	15	0.2857142857142857
LLMarkers	reported label	2999	CELL	Γ-CELL	hca|0440_10.1186_s13073-023-01179-2_de903e74e7	hca|0440_10.1186_s13073-023-01179-2_de903e74e7	5	15	0.2
LLMarkers	reported label	3000	CELL	Δ-CELL	hca|0440_10.1186_s13073-023-01179-2_de903e74e7	hca|0440_10.1186_s13073-023-01179-2_de903e74e7	5	15	0.2
LLMarkers	reported label	3001	ASTROCYTES	ASTROCYTES	hca|0441_10.1038_s41593-020-0621-y_a3edefca60	hca|0441_10.1038_s41593-020-0621-y_a3edefca60	9	5	0.4444444444444444
LLMarkers	reported label	3013	FIBROBLASTS	FIBROBLASTS	hca|0442_10.1038_s41591-024-03011-9_e42f5ec07c	hca|0442_10.1038_s41591-024-03011-9_e42f5ec07c	4	5	0.0
LLMarkers	reported label	3016	T CELLS	T CELLS	hca|0442_10.1038_s41591-024-03011-9_e42f5ec07c	hca|0442_10.1038_s41591-024-03011-9_e42f5ec07c	8	4	0.0
LLMarkers	reported label	3017	ASTROCYTES	ASTROCYTES	hca|0448_10.1101_2022.02.15.480622_6cb3eae5b8	hca|0448_10.1101_2022.02.15.480622_6cb3eae5b8	4	5	0.75
LLMarkers	reported label	3018	MICROGLIA	MICROGLIA	hca|0448_10.1101_2022.02.15.480622_6cb3eae5b8	hca|0448_10.1101_2022.02.15.480622_6cb3eae5b8	3	17	0.6666666666666666
LLMarkers	reported label	3023	CDC 1	CDC1	hca|0449_10.1084_jem.20202345_e99c99a876	hca|0449_10.1084_jem.20202345_e99c99a876	2	10	0.5
LLMarkers	reported label	3040	FIBROBLAST	FIBROBLAST	hca|0453_10.1038_s41586-022-05060-x_14fb298894	hca|0453_10.1038_s41586-022-05060-x_14fb298894	4	28	0.25
LLMarkers	reported label	3041	MYELOID CELL	MYELOID CELL	hca|0453_10.1038_s41586-022-05060-x_14fb298894	hca|0453_10.1038_s41586-022-05060-x_14fb298894	3	9	0.0
LLMarkers	reported label	3061	MAC 2	MAC 2	hca|0457_10.1101_2024.02.02.578633_57d5a20898	hca|0457_10.1101_2024.02.02.578633_57d5a20898	5	4	0.8
LLMarkers	reported label	3067	MAC 2	MAC 2	hca|0458_10.1038_s41467-024-55325-4_d40c28a5ea	hca|0458_10.1038_s41467-024-55325-4_d40c28a5ea	5	4	0.2
LLMarkers	reported label	3068	MACROPHAGE	MACROPHAGE	hca|0460_10.1016_j.cell.2021.08.003_652ffcecb6	hca|0460_10.1016_j.cell.2021.08.003_652ffcecb6	3	28	0.3333333333333333
LLMarkers	reported label	3079	FB 2	FB2	hca|0463_10.7554_elife.81525_0f73520e7f	hca|0463_10.7554_elife.81525_0f73520e7f	3	4	0.0
LLMarkers	reported label	3087	B CELL	B CELL	hca|0465_10.1016_j.cell.2020.12.016_af8ed7d941	hca|0465_10.1016_j.cell.2020.12.016_af8ed7d941	3	29	0.6666666666666666
LLMarkers	reported label	3091	ENTEROCYTE	ENTEROCYTE	hca|0465_10.1016_j.cell.2020.12.016_af8ed7d941	hca|0465_10.1016_j.cell.2020.12.016_af8ed7d941	3	5	0.3333333333333333
LLMarkers	reported label	3092	ENTEROENDOCRINE CELL	ENTEROENDOCRINE CELL	hca|0465_10.1016_j.cell.2020.12.016_af8ed7d941	hca|0465_10.1016_j.cell.2020.12.016_af8ed7d941	2	6	0.5
LLMarkers	reported label	3094	FIBROBLAST	FIBROBLAST	hca|0465_10.1016_j.cell.2020.12.016_af8ed7d941	hca|0465_10.1016_j.cell.2020.12.016_af8ed7d941	1	28	1.0
LLMarkers	reported label	3095	GOBLET CELL	GOBLET CELL	hca|0465_10.1016_j.cell.2020.12.016_af8ed7d941	hca|0465_10.1016_j.cell.2020.12.016_af8ed7d941	3	7	1.0
LLMarkers	reported label	3098	MACROPHAGE	MACROPHAGE	hca|0465_10.1016_j.cell.2020.12.016_af8ed7d941	hca|0465_10.1016_j.cell.2020.12.016_af8ed7d941	3	28	0.3333333333333333
LLMarkers	reported label	3099	MAST CELL	MAST CELL	hca|0465_10.1016_j.cell.2020.12.016_af8ed7d941	hca|0465_10.1016_j.cell.2020.12.016_af8ed7d941	3	14	1.0
LLMarkers	reported label	3100	MONOCYTE	MONOCYTE	hca|0465_10.1016_j.cell.2020.12.016_af8ed7d941	hca|0465_10.1016_j.cell.2020.12.016_af8ed7d941	3	23	0.6666666666666666
LLMarkers	reported label	3101	MYOFIBROBLAST	MYOFIBROBLAST	hca|0465_10.1016_j.cell.2020.12.016_af8ed7d941	hca|0465_10.1016_j.cell.2020.12.016_af8ed7d941	6	7	0.3333333333333333
LLMarkers	reported label	3109	STEM CELL	STEM CELL	hca|0465_10.1016_j.cell.2020.12.016_af8ed7d941	hca|0465_10.1016_j.cell.2020.12.016_af8ed7d941	3	6	1.0
LLMarkers	reported label	3111	EC	EC	hca|0466_10.1038_s41467-020-18957-w_ce0dae83ad	hca|0466_10.1038_s41467-020-18957-w_ce0dae83ad	11	6	0.09090909090909091
LLMarkers	reported label	3112	MYOFIBROBLASTS	MYOFIBROBLASTS	hca|0467_10.1016_j.cell.2018.08.067_51639edc11	hca|0467_10.1016_j.cell.2018.08.067_51639edc11	3	4	1.0
LLMarkers	reported label	3133	CD 4 T CELL	CD4+ T CELL	hca|0474_10.3389_fimmu.2021.689019_ff96e36403	hca|0474_10.3389_fimmu.2021.689019_ff96e36403	2	16	1.0
LLMarkers	reported label	3134	CD 8 T CELL	CD8+ T CELL	hca|0474_10.3389_fimmu.2021.689019_ff96e36403	hca|0474_10.3389_fimmu.2021.689019_ff96e36403	1	14	1.0
LLMarkers	reported label	3135	CDC 1	CDC1	hca|0474_10.3389_fimmu.2021.689019_ff96e36403	hca|0474_10.3389_fimmu.2021.689019_ff96e36403	5	10	0.6
LLMarkers	reported label	3136	CDC 2	CDC2	hca|0474_10.3389_fimmu.2021.689019_ff96e36403	hca|0474_10.3389_fimmu.2021.689019_ff96e36403	5	8	0.4
LLMarkers	reported label	3137	CLUSTER 1	CLUSTER 1	hca|0474_10.3389_fimmu.2021.689019_ff96e36403	hca|0474_10.3389_fimmu.2021.689019_ff96e36403	5	13	0.0
LLMarkers	reported label	3139	CLUSTER 2	CLUSTER 2	hca|0474_10.3389_fimmu.2021.689019_ff96e36403	hca|0474_10.3389_fimmu.2021.689019_ff96e36403	6	18	0.3333333333333333
LLMarkers	reported label	3141	CLUSTER 3	CLUSTER 3	hca|0474_10.3389_fimmu.2021.689019_ff96e36403	hca|0474_10.3389_fimmu.2021.689019_ff96e36403	13	11	0.0
LLMarkers	reported label	3148	MACROPHAGE	MACROPHAGE	hca|0474_10.3389_fimmu.2021.689019_ff96e36403	hca|0474_10.3389_fimmu.2021.689019_ff96e36403	6	28	1.0
LLMarkers	reported label	3149	TREG	TREG	hca|0474_10.3389_fimmu.2021.689019_ff96e36403	hca|0474_10.3389_fimmu.2021.689019_ff96e36403	7	14	0.8571428571428571
LLMarkers	reported label	3150	T CELL	T CELL	hca|0475_10.1101_2021.07.19.452956_e30bf05aad	hca|0475_10.1101_2021.07.19.452956_e30bf05aad	9	37	1.0
LLMarkers	reported label	3151	T CELL	T CELL	hca|0476_10.1126_science.abl4896_6d8fed9731	hca|0476_10.1126_science.abl4896_6d8fed9731	9	37	1.0
LLMarkers	reported label	3155	B CELL	B CELL	hca|0479_10.1016_j.xcrm.2022.100657_bf09154d98	hca|0479_10.1016_j.xcrm.2022.100657_bf09154d98	3	29	1.0
LLMarkers	reported label	3164	MEMORY B CELL	MEMORY B CELL	hca|0479_10.1016_j.xcrm.2022.100657_bf09154d98	hca|0479_10.1016_j.xcrm.2022.100657_bf09154d98	3	4	0.3333333333333333
LLMarkers	reported label	3167	MYELOID CELL	MYELOID CELL	hca|0479_10.1016_j.xcrm.2022.100657_bf09154d98	hca|0479_10.1016_j.xcrm.2022.100657_bf09154d98	3	9	0.3333333333333333
LLMarkers	reported label	3185	B CELL	B CELL	hca|0481_10.1016_j.immuni.2023.01.002_2da3d3f446	hca|0481_10.1016_j.immuni.2023.01.002_2da3d3f446	4	29	0.5
LLMarkers	reported label	3187	ENTEROCYTE	ENTEROCYTE	hca|0481_10.1016_j.immuni.2023.01.002_2da3d3f446	hca|0481_10.1016_j.immuni.2023.01.002_2da3d3f446	3	5	1.0
LLMarkers	reported label	3188	ENTEROENDOCRINE CELL	ENTEROENDOCRINE CELL	hca|0481_10.1016_j.immuni.2023.01.002_2da3d3f446	hca|0481_10.1016_j.immuni.2023.01.002_2da3d3f446	3	6	1.0
LLMarkers	reported label	3190	FIBROBLAST	FIBROBLAST	hca|0481_10.1016_j.immuni.2023.01.002_2da3d3f446	hca|0481_10.1016_j.immuni.2023.01.002_2da3d3f446	3	28	0.3333333333333333
LLMarkers	reported label	3196	MACROPHAGE	MACROPHAGE	hca|0481_10.1016_j.immuni.2023.01.002_2da3d3f446	hca|0481_10.1016_j.immuni.2023.01.002_2da3d3f446	3	28	1.0
LLMarkers	reported label	3197	MAST CELL	MAST CELL	hca|0481_10.1016_j.immuni.2023.01.002_2da3d3f446	hca|0481_10.1016_j.immuni.2023.01.002_2da3d3f446	3	14	1.0
LLMarkers	reported label	3198	MONOCYTE	MONOCYTE	hca|0481_10.1016_j.immuni.2023.01.002_2da3d3f446	hca|0481_10.1016_j.immuni.2023.01.002_2da3d3f446	3	23	0.3333333333333333
LLMarkers	reported label	3199	NK CELL	NK CELL	hca|0481_10.1016_j.immuni.2023.01.002_2da3d3f446	hca|0481_10.1016_j.immuni.2023.01.002_2da3d3f446	3	15	1.0
LLMarkers	reported label	3201	PLASMA CELL	PLASMA CELL	hca|0481_10.1016_j.immuni.2023.01.002_2da3d3f446	hca|0481_10.1016_j.immuni.2023.01.002_2da3d3f446	4	15	0.75
LLMarkers	reported label	3202	STEM CELL	STEM CELL	hca|0481_10.1016_j.immuni.2023.01.002_2da3d3f446	hca|0481_10.1016_j.immuni.2023.01.002_2da3d3f446	5	6	1.0
LLMarkers	reported label	3205	LYMPHOCYTE	LYMPHOCYTE	hca|0482_10.1016_j.devcel.2022.04.003_a4b7ddcf39	hca|0482_10.1016_j.devcel.2022.04.003_a4b7ddcf39	3	4	0.0
LLMarkers	reported label	3210	FB 1	FB1	hca|0485_10.1038_s41467-021-26495-2_5e641690ff	hca|0485_10.1038_s41467-021-26495-2_5e641690ff	12	5	0.08333333333333333
LLMarkers	reported label	3213	CLUSTER 0	CLUSTER 0	hca|0486_10.1016_j.xfss.2022.09.001_c256ed6917	hca|0486_10.1016_j.xfss.2022.09.001_c256ed6917	1	4	0.0
LLMarkers	reported label	3214	CLUSTER 1	CLUSTER 1	hca|0486_10.1016_j.xfss.2022.09.001_c256ed6917	hca|0486_10.1016_j.xfss.2022.09.001_c256ed6917	2	13	0.0
LLMarkers	reported label	3215	CLUSTER 2	CLUSTER 2	hca|0486_10.1016_j.xfss.2022.09.001_c256ed6917	hca|0486_10.1016_j.xfss.2022.09.001_c256ed6917	4	18	0.25
LLMarkers	reported label	3216	CLUSTER 3	CLUSTER 3	hca|0486_10.1016_j.xfss.2022.09.001_c256ed6917	hca|0486_10.1016_j.xfss.2022.09.001_c256ed6917	1	11	0.0
LLMarkers	reported label	3217	CLUSTER 4	CLUSTER 4	hca|0486_10.1016_j.xfss.2022.09.001_c256ed6917	hca|0486_10.1016_j.xfss.2022.09.001_c256ed6917	3	10	0.0
LLMarkers	reported label	3218	CLUSTER 5	CLUSTER 5	hca|0486_10.1016_j.xfss.2022.09.001_c256ed6917	hca|0486_10.1016_j.xfss.2022.09.001_c256ed6917	3	8	0.3333333333333333
LLMarkers	reported label	3219	CLUSTER 7	CLUSTER 7	hca|0486_10.1016_j.xfss.2022.09.001_c256ed6917	hca|0486_10.1016_j.xfss.2022.09.001_c256ed6917	2	4	0.0
LLMarkers	reported label	3225	ENDOTHELIAL CELL	ENDOTHELIAL CELL	hca|0488_10.1073_pnas.1908706116_5dfd6c0233	hca|0488_10.1073_pnas.1908706116_5dfd6c0233	2	27	0.0
LLMarkers	reported label	3227	MONOCYTE	MONOCYTE	hca|0488_10.1073_pnas.1908706116_5dfd6c0233	hca|0488_10.1073_pnas.1908706116_5dfd6c0233	6	23	0.0
LLMarkers	reported label	3229	PODOCYTE	PODOCYTE	hca|0488_10.1073_pnas.1908706116_5dfd6c0233	hca|0488_10.1073_pnas.1908706116_5dfd6c0233	5	6	0.0
LLMarkers	reported label	3260	LYMPHOCYTE	LYMPHOCYTE	hca|0493_10.1161_circulationaha.119.045401_814f085618	hca|0493_10.1161_circulationaha.119.045401_814f085618	3	4	0.3333333333333333
LLMarkers	reported label	3261	MAST CELL	MAST CELL	hca|0493_10.1161_circulationaha.119.045401_814f085618	hca|0493_10.1161_circulationaha.119.045401_814f085618	3	14	1.0
LLMarkers	reported label	3267	MACROPHAGE	MACROPHAGE	hca|0494_10.1038_s41467-021-27895-0_bbe3158fbf	hca|0494_10.1038_s41467-021-27895-0_bbe3158fbf	3	28	1.0
LLMarkers	reported label	3277	ASTROCYTE	ASTROCYTE	hca|0500_10.1073_pnas.2306153120_5c49b25904	hca|0500_10.1073_pnas.2306153120_5c49b25904	5	7	0.2
LLMarkers	reported label	3278	C 1	C1	hca|0500_10.1073_pnas.2306153120_5c49b25904	hca|0500_10.1073_pnas.2306153120_5c49b25904	2	5	0.0
LLMarkers	reported label	3312	SMC	SMC	hca|0502_10.1016_j.xcrm.2024.101556_a84a219a11	hca|0502_10.1016_j.xcrm.2024.101556_a84a219a11	3	4	0.3333333333333333
LLMarkers	reported label	3322	B CELL	B CELL	hca|0506_10.1038_s41591-022-01680-y_160aaf8b86	hca|0506_10.1038_s41591-022-01680-y_160aaf8b86	5	29	1.0
LLMarkers	reported label	3325	PC	PC	hca|0506_10.1038_s41591-022-01680-y_160aaf8b86	hca|0506_10.1038_s41591-022-01680-y_160aaf8b86	6	4	0.5
LLMarkers	reported label	3327	T CELL	T CELL	hca|0506_10.1038_s41591-022-01680-y_160aaf8b86	hca|0506_10.1038_s41591-022-01680-y_160aaf8b86	3	37	0.6666666666666666
LLMarkers	reported label	3329	TREG	TREG	hca|0506_10.1038_s41591-022-01680-y_160aaf8b86	hca|0506_10.1038_s41591-022-01680-y_160aaf8b86	4	14	0.75
LLMarkers	reported label	3331	DUCTAL CELL	DUCTAL CELL	hca|0509_10.1186_s13073-021-00941-8_26def488c5	hca|0509_10.1186_s13073-021-00941-8_26def488c5	3	4	0.6666666666666666
LLMarkers	reported label	3332	CELL	Β-CELL	hca|0509_10.1186_s13073-021-00941-8_26def488c5	hca|0509_10.1186_s13073-021-00941-8_26def488c5	5	18	0.8
LLMarkers	reported label	3336	PC	PΑC	hca|0512_10.1016_j.gastha.2022.12.004_3866b352db	hca|0512_10.1016_j.gastha.2022.12.004_3866b352db	13	4	0.0
LLMarkers	reported label	3337	SMC	SMC	hca|0512_10.1016_j.gastha.2022.12.004_3866b352db	hca|0512_10.1016_j.gastha.2022.12.004_3866b352db	20	4	0.25
LLMarkers	reported label	3339	MACROPHAGE	MACROPHAGE	hca|0513_10.1186_s13059-019-1906-x_0a4cb34cd5	hca|0513_10.1186_s13059-019-1906-x_0a4cb34cd5	6	28	0.6666666666666666
LLMarkers	reported label	3340	PLASMA CELL	PLASMA CELL	hca|0513_10.1186_s13059-019-1906-x_0a4cb34cd5	hca|0513_10.1186_s13059-019-1906-x_0a4cb34cd5	3	15	1.0
CAP	Cell Ontology term	222	B CELL	B cell	cap|1208|author_cell_type	565	3	22	0.0
CAP	Cell Ontology term	223	ENDOTHELIAL CELL	endothelial cell	cap|1208|author_cell_type	565	4	17	0.0
CAP	Cell Ontology term	227	EPITHELIAL CELL	epithelial cell	cap|1208|author_cell_type	565	8	6	0.0
CAP	Cell Ontology term	228	EPITHELIAL CELL	epithelial cell	cap|1208|author_cell_type	565	6	6	0.0
CAP	Cell Ontology term	229	EPITHELIAL CELL	epithelial cell	cap|1208|author_cell_type	565	1	6	0.0
CAP	Cell Ontology term	231	FIBROBLAST	fibroblast	cap|1208|author_cell_type	565	7	29	0.14285714285714285
CAP	Cell Ontology term	234	FIBROBLAST	fibroblast	cap|1208|author_cell_type	565	7	29	0.2857142857142857
CAP	Cell Ontology term	235	FIBROBLAST	fibroblast	cap|1208|author_cell_type	565	7	29	0.14285714285714285
CAP	Cell Ontology term	236	EPITHELIAL CELL	epithelial cell	cap|1208|author_cell_type	565	5	6	0.0
CAP	Cell Ontology term	237	EPITHELIAL CELL	epithelial cell	cap|1208|author_cell_type	565	6	6	0.0
CAP	Cell Ontology term	239	ENDOTHELIAL CELL OF LYMPHATIC VESSEL	endothelial cell of lymphatic vessel	cap|1208|author_cell_type	565	7	15	0.2857142857142857
CAP	Cell Ontology term	240	MACROPHAGE	macrophage	cap|1208|author_cell_type	565	2	14	0.0
CAP	Cell Ontology term	241	MAST CELL	mast cell	cap|1208|author_cell_type	565	7	13	0.7142857142857143
CAP	Cell Ontology term	242	MELANOCYTE	melanocyte	cap|1208|author_cell_type	565	10	2	0.0
CAP	Cell Ontology term	243	MONOCYTE	monocyte	cap|1208|author_cell_type	565	5	13	0.0
CAP	Cell Ontology term	244	LYMPHOCYTE	lymphocyte	cap|1208|author_cell_type	565	5	9	0.2
CAP	Cell Ontology term	245	PERICYTE	pericyte	cap|1208|author_cell_type	565	6	16	0.16666666666666666
CAP	Cell Ontology term	246	ENDOTHELIAL CELL	endothelial cell	cap|1208|author_cell_type	565	5	17	0.2
CAP	Cell Ontology term	247	MYELINATING SCHWANN CELL	myelinating Schwann cell	cap|1208|author_cell_type	565	7	4	0.42857142857142855
CAP	Cell Ontology term	248	NON MYELINATING SCHWANN CELL	non-myelinating Schwann cell	cap|1208|author_cell_type	565	7	3	0.2857142857142857
CAP	Cell Ontology term	249	SMOOTH MUSCLE CELL	smooth muscle cell	cap|1208|author_cell_type	565	8	6	0.25
CAP	Cell Ontology term	250	EPITHELIAL CELL	epithelial cell	cap|1208|author_cell_type	565	3	6	0.0
CAP	Cell Ontology term	251	LEUKOCYTE	leukocyte	cap|1208|author_cell_type	565	1	4	0.0
CAP	Cell Ontology term	253	ENDOTHELIAL CELL	endothelial cell	cap|1209|author_cell_type	565	4	17	0.25
CAP	Cell Ontology term	255	MELANOCYTE	melanocyte	cap|1209|author_cell_type	565	5	2	0.0
CAP	Cell Ontology term	260	EPITHELIAL CELL	epithelial cell	cap|1209|author_cell_type	565	9	6	0.0
CAP	Cell Ontology term	261	EPITHELIAL CELL	epithelial cell	cap|1209|author_cell_type	565	9	6	0.1111111111111111
CAP	Cell Ontology term	262	EPITHELIAL CELL	epithelial cell	cap|1209|author_cell_type	565	9	6	0.1111111111111111
CAP	Cell Ontology term	263	EPITHELIAL CELL	epithelial cell	cap|1209|author_cell_type	565	10	6	0.1
CAP	Cell Ontology term	265	FIBROBLAST	fibroblast	cap|1209|author_cell_type	565	5	29	0.2
CAP	Cell Ontology term	266	EPITHELIAL CELL	epithelial cell	cap|1209|author_cell_type	565	9	6	0.0
CAP	Cell Ontology term	268	ENDOTHELIAL CELL OF LYMPHATIC VESSEL	endothelial cell of lymphatic vessel	cap|1209|author_cell_type	565	5	15	0.2
CAP	Cell Ontology term	269	MYELOID LEUKOCYTE	myeloid leukocyte	cap|1209|author_cell_type	565	7	5	0.0
CAP	Cell Ontology term	270	LYMPHOCYTE	lymphocyte	cap|1209|author_cell_type	565	8	9	0.125
CAP	Cell Ontology term	271	PERICYTE	pericyte	cap|1209|author_cell_type	565	8	16	0.0
CAP	Cell Ontology term	272	ENDOTHELIAL CELL	endothelial cell	cap|1209|author_cell_type	565	4	17	0.25
CAP	Cell Ontology term	273	MYELINATING SCHWANN CELL	myelinating Schwann cell	cap|1209|author_cell_type	565	7	4	0.0
CAP	Cell Ontology term	274	NON MYELINATING SCHWANN CELL	non-myelinating Schwann cell	cap|1209|author_cell_type	565	8	3	0.25
CAP	Cell Ontology term	275	SMOOTH MUSCLE CELL	smooth muscle cell	cap|1209|author_cell_type	565	9	6	0.1111111111111111
CAP	Cell Ontology term	276	FIBROBLAST	fibroblast	cap|1209|author_cell_type	565	6	29	0.0
CAP	Cell Ontology term	277	MELANOCYTE	melanocyte	cap|1209|author_cell_type	565	7	2	0.0
CAP	Cell Ontology term	278	BLOOD VESSEL ENDOTHELIAL CELL	blood vessel endothelial cell	cap|1209|author_cell_type	565	4	7	0.0
CAP	Cell Ontology term	279	FIBROBLAST	fibroblast	cap|1241|author_cell_type	574	2	30	0.0
CAP	Cell Ontology term	280	FIBROBLAST	fibroblast	cap|1241|author_cell_type	574	2	30	1.0
CAP	Cell Ontology term	284	MAST CELL	mast cell	cap|1241|author_cell_type	574	3	12	0.6666666666666666
CAP	Cell Ontology term	285	LYMPHOCYTE	lymphocyte	cap|1241|author_cell_type	574	3	9	0.3333333333333333
CAP	Cell Ontology term	286	PERICYTE	pericyte	cap|1241|author_cell_type	574	5	15	0.4
CAP	Cell Ontology term	287	MYELINATING SCHWANN CELL	myelinating Schwann cell	cap|1241|author_cell_type	574	3	4	1.0
CAP	Cell Ontology term	288	MELANOCYTE	melanocyte	cap|1241|author_cell_type	574	3	3	0.0
CAP	Cell Ontology term	289	BLOOD VESSEL ENDOTHELIAL CELL	blood vessel endothelial cell	cap|1241|author_cell_type	574	3	7	0.0
CAP	Cell Ontology term	290	B CELL	B cell	cap|1242|author_cell_type	574	3	22	0.6666666666666666
CAP	Cell Ontology term	291	FIBROBLAST	fibroblast	cap|1242|author_cell_type	574	2	30	0.0
CAP	Cell Ontology term	292	FIBROBLAST	fibroblast	cap|1242|author_cell_type	574	2	30	1.0
CAP	Cell Ontology term	296	MAST CELL	mast cell	cap|1242|author_cell_type	574	3	12	0.6666666666666666
CAP	Cell Ontology term	297	LYMPHOCYTE	lymphocyte	cap|1242|author_cell_type	574	4	9	0.25
CAP	Cell Ontology term	298	PERICYTE	pericyte	cap|1242|author_cell_type	574	5	15	0.4
CAP	Cell Ontology term	299	PERICYTE	pericyte	cap|1242|author_cell_type	574	3	15	0.3333333333333333
CAP	Cell Ontology term	300	MYELINATING SCHWANN CELL	myelinating Schwann cell	cap|1242|author_cell_type	574	3	4	1.0
CAP	Cell Ontology term	301	MELANOCYTE	melanocyte	cap|1242|author_cell_type	574	3	3	0.0
CAP	Cell Ontology term	302	BLOOD VESSEL ENDOTHELIAL CELL	blood vessel endothelial cell	cap|1242|author_cell_type	574	4	7	0.0
CAP	Cell Ontology term	319	ENDOTHELIAL CELL	endothelial cell	cap|1326|subclass.l1	588	6	19	0.8333333333333334
CAP	Cell Ontology term	320	FIBROBLAST	fibroblast	cap|1326|subclass.l1	588	7	31	0.5714285714285714
CAP	Cell Ontology term	322	NEURAL CELL	neural cell	cap|1326|subclass.l1	588	3	2	0.0
CAP	Cell Ontology term	329	PERICYTE	pericyte	cap|1326|subclass.l1	588	3	15	0.6666666666666666
CAP	Cell Ontology term	331	B CELL	B cell	cap|1326|subclass.l2	588	4	20	0.5
CAP	Cell Ontology term	335	DENDRITIC CELL	dendritic cell	cap|1326|subclass.l2	588	7	19	0.2857142857142857
CAP	Cell Ontology term	343	ENDOTHELIAL CELL OF ARTERIOLE	endothelial cell of arteriole	cap|1326|subclass.l2	588	6	2	0.16666666666666666
CAP	Cell Ontology term	347	ENDOTHELIAL CELL OF LYMPHATIC VESSEL	endothelial cell of lymphatic vessel	cap|1326|subclass.l2	588	4	15	0.75
CAP	Cell Ontology term	349	FIBROBLAST	fibroblast	cap|1326|subclass.l2	588	7	31	0.2857142857142857
CAP	Cell Ontology term	353	ALTERNATIVELY ACTIVATED MACROPHAGE	alternatively activated macrophage	cap|1326|subclass.l2	588	6	2	0.3333333333333333
CAP	Cell Ontology term	354	MAST CELL	mast cell	cap|1326|subclass.l2	588	2	12	1.0
CAP	Cell Ontology term	358	NEUTROPHIL	neutrophil	cap|1326|subclass.l2	588	5	8	0.6
CAP	Cell Ontology term	359	NON CLASSICAL MONOCYTE	non-classical monocyte	cap|1326|subclass.l2	588	6	3	0.3333333333333333
CAP	Cell Ontology term	360	MATURE NK T CELL	mature NK T cell	cap|1326|subclass.l2	588	7	3	0.14285714285714285
CAP	Cell Ontology term	364	PLASMACYTOID DENDRITIC CELL	plasmacytoid dendritic cell	cap|1326|subclass.l2	588	5	12	0.6
CAP	Cell Ontology term	366	PLASMA CELL	plasma cell	cap|1326|subclass.l2	588	6	7	0.3333333333333333
CAP	Cell Ontology term	373	T CELL	T cell	cap|1326|subclass.l2	588	4	8	0.25
CAP	Cell Ontology term	374	VASCULAR ASSOCIATED SMOOTH MUSCLE CELL	vascular associated smooth muscle cell	cap|1326|subclass.l2	588	5	3	0.4
CAP	Cell Ontology term	375	PERICYTE	pericyte	cap|1326|subclass.l2	588	5	15	0.6
CAP	Cell Ontology term	377	B CELL	B cell	cap|1327|author_cell_type	588	4	20	0.5
CAP	Cell Ontology term	380	DENDRITIC CELL	dendritic cell	cap|1327|author_cell_type	588	7	19	0.2857142857142857
CAP	Cell Ontology term	386	ENDOTHELIAL CELL OF ARTERIOLE	endothelial cell of arteriole	cap|1327|author_cell_type	588	11	2	0.09090909090909091
CAP	Cell Ontology term	389	ENDOTHELIAL CELL OF LYMPHATIC VESSEL	endothelial cell of lymphatic vessel	cap|1327|author_cell_type	588	4	15	0.75
CAP	Cell Ontology term	391	FIBROBLAST	fibroblast	cap|1327|author_cell_type	588	7	31	0.2857142857142857
CAP	Cell Ontology term	394	ALTERNATIVELY ACTIVATED MACROPHAGE	alternatively activated macrophage	cap|1327|author_cell_type	588	6	2	0.3333333333333333
CAP	Cell Ontology term	395	MAST CELL	mast cell	cap|1327|author_cell_type	588	3	12	1.0
CAP	Cell Ontology term	398	NON CLASSICAL MONOCYTE	non-classical monocyte	cap|1327|author_cell_type	588	6	3	0.3333333333333333
CAP	Cell Ontology term	399	MATURE NK T CELL	mature NK T cell	cap|1327|author_cell_type	588	7	3	0.14285714285714285
CAP	Cell Ontology term	400	PLASMACYTOID DENDRITIC CELL	plasmacytoid dendritic cell	cap|1327|author_cell_type	588	5	12	0.6
CAP	Cell Ontology term	402	PLASMA CELL	plasma cell	cap|1327|author_cell_type	588	6	7	0.3333333333333333
CAP	Cell Ontology term	406	T CELL	T cell	cap|1327|author_cell_type	588	4	8	0.25
CAP	Cell Ontology term	407	VASCULAR ASSOCIATED SMOOTH MUSCLE CELL	vascular associated smooth muscle cell	cap|1327|author_cell_type	588	5	3	0.4
CAP	Cell Ontology term	408	PERICYTE	pericyte	cap|1327|author_cell_type	588	5	15	0.6
CAP	Cell Ontology term	409	B CELL	B cell	cap|1327|subclass.l1	588	4	20	0.5
CAP	Cell Ontology term	410	ENDOTHELIAL CELL	endothelial cell	cap|1327|subclass.l1	588	6	19	0.8333333333333334
CAP	Cell Ontology term	414	T CELL	T cell	cap|1327|subclass.l1	588	6	8	0.16666666666666666
CAP	Cell Ontology term	416	ENDOTHELIAL CELL	endothelial cell	cap|1373|level_1	604	5	18	0.6
CAP	Cell Ontology term	417	EPITHELIAL CELL	epithelial cell	cap|1373|level_1	604	3	14	0.3333333333333333
CAP	Cell Ontology term	418	LEUKOCYTE	leukocyte	cap|1373|level_1	604	5	1	0.0
CAP	Cell Ontology term	420	NEURAL CELL	neural cell	cap|1373|level_1	604	4	1	0.0
CAP	Cell Ontology term	421	COLONOCYTE	colonocyte	cap|1373|level_2	604	3	8	0.6666666666666666
CAP	Cell Ontology term	424	ENTEROCYTE	enterocyte	cap|1373|level_2	604	3	4	0.0
CAP	Cell Ontology term	425	GOBLET CELL	goblet cell	cap|1373|level_2	604	5	4	0.8
CAP	Cell Ontology term	426	LEUKOCYTE	leukocyte	cap|1373|level_2	604	5	1	0.0
CAP	Cell Ontology term	428	ENDOTHELIAL CELL OF LYMPHATIC VESSEL	endothelial cell of lymphatic vessel	cap|1373|level_2	604	5	15	0.0
CAP	Cell Ontology term	430	MESOTHELIAL CELL	mesothelial cell	cap|1373|level_2	604	4	9	0.5
CAP	Cell Ontology term	432	PERICYTE	pericyte	cap|1373|level_2	604	4	16	0.75
CAP	Cell Ontology term	433	SMOOTH MUSCLE CELL	smooth muscle cell	cap|1373|level_2	604	4	6	0.5
CAP	Cell Ontology term	435	STROMAL CELL	stromal cell	cap|1373|level_2	604	5	2	0.0
CAP	Cell Ontology term	436	STROMAL CELL	stromal cell	cap|1373|level_2	604	5	2	0.0
CAP	Cell Ontology term	437	STROMAL CELL	stromal cell	cap|1373|level_2	604	6	2	0.0
CAP	Cell Ontology term	438	INTESTINAL TUFT CELL	intestinal tuft cell	cap|1373|level_2	604	3	1	0.0
CAP	Cell Ontology term	439	ENDOTHELIAL CELL	endothelial cell	cap|1374|level_1	604	5	18	0.6
CAP	Cell Ontology term	440	EPITHELIAL CELL	epithelial cell	cap|1374|level_1	604	3	14	0.3333333333333333
CAP	Cell Ontology term	441	LEUKOCYTE	leukocyte	cap|1374|level_1	604	5	1	0.0
CAP	Cell Ontology term	443	NEURAL CELL	neural cell	cap|1374|level_1	604	4	1	0.0
CAP	Cell Ontology term	444	BEST 4 ENTEROCYTE	BEST4+ enterocyte	cap|1374|level_2	604	3	2	1.0
CAP	Cell Ontology term	445	CHOLANGIOCYTE	cholangiocyte	cap|1374|level_2	604	4	2	0.25
CAP	Cell Ontology term	446	COLONOCYTE	colonocyte	cap|1374|level_2	604	3	8	0.6666666666666666
CAP	Cell Ontology term	449	ENTEROCYTE	enterocyte	cap|1374|level_2	604	3	4	0.0
CAP	Cell Ontology term	450	GOBLET CELL	goblet cell	cap|1374|level_2	604	5	4	0.8
CAP	Cell Ontology term	451	HEPATOCYTE	hepatocyte	cap|1374|level_2	604	7	5	0.0
CAP	Cell Ontology term	452	LEUKOCYTE	leukocyte	cap|1374|level_2	604	5	1	0.0
CAP	Cell Ontology term	455	ENDOTHELIAL CELL OF LYMPHATIC VESSEL	endothelial cell of lymphatic vessel	cap|1374|level_2	604	5	15	0.0
CAP	Cell Ontology term	457	MESOTHELIAL CELL	mesothelial cell	cap|1374|level_2	604	4	9	0.5
CAP	Cell Ontology term	458	PERICYTE	pericyte	cap|1374|level_2	604	3	16	0.6666666666666666
CAP	Cell Ontology term	459	SMOOTH MUSCLE CELL	smooth muscle cell	cap|1374|level_2	604	2	6	0.0
CAP	Cell Ontology term	460	HEPATIC STELLATE CELL	hepatic stellate cell	cap|1374|level_2	604	2	4	0.0
CAP	Cell Ontology term	462	STROMAL CELL	stromal cell	cap|1374|level_2	604	5	2	0.0
CAP	Cell Ontology term	463	STROMAL CELL	stromal cell	cap|1374|level_2	604	5	2	0.0
CAP	Cell Ontology term	464	STROMAL CELL	stromal cell	cap|1374|level_2	604	6	2	0.0
CAP	Cell Ontology term	466	INTESTINAL TUFT CELL	intestinal tuft cell	cap|1374|level_2	604	3	1	0.0
CAP	Cell Ontology term	467	EPITHELIAL CELL	epithelial cell	cap|1375|level_1	604	3	14	0.3333333333333333
CAP	Cell Ontology term	469	ENTEROCYTE	enterocyte	cap|1375|level_2	604	3	4	0.0
CAP	Cell Ontology term	470	GOBLET CELL	goblet cell	cap|1375|level_2	604	5	4	0.8
CAP	Cell Ontology term	474	FIBROBLAST	fibroblast	cap|1426|cell_type	613	9	32	0.1111111111111111
CAP	Cell Ontology term	475	FIBROBLASTIC RETICULAR CELL	fibroblastic reticular cell	cap|1426|cell_type	613	10	2	0.2
CAP	Cell Ontology term	484	FIBROBLAST	fibroblast	cap|1427|cell_type	613	3	32	0.3333333333333333
CAP	Cell Ontology term	485	FIBROBLASTIC RETICULAR CELL	fibroblastic reticular cell	cap|1427|cell_type	613	10	2	0.2
CAP	Cell Ontology term	491	MYOFIBROBLAST CELL	myofibroblast cell	cap|1427|cell_type	613	8	4	0.0
CAP	Cell Ontology term	492	MYOFIBROBLAST CELL	myofibroblast cell	cap|1427|cell_type	613	13	4	0.23076923076923078
CAP	Cell Ontology term	495	B CELL	B cell	cap|1437|author_cell_type	618	8	21	0.125
CAP	Cell Ontology term	497	CONVENTIONAL DENDRITIC CELL	conventional dendritic cell	cap|1437|author_cell_type	618	9	13	0.5555555555555556
CAP	Cell Ontology term	498	CONVENTIONAL DENDRITIC CELL	conventional dendritic cell	cap|1437|author_cell_type	618	9	13	0.6666666666666666
CAP	Cell Ontology term	499	CHOLANGIOCYTE	cholangiocyte	cap|1437|author_cell_type	618	10	1	0.1
CAP	Cell Ontology term	500	MATURE NATURAL KILLER CELL	mature natural killer cell	cap|1437|author_cell_type	618	9	6	0.1111111111111111
CAP	Cell Ontology term	501	ENDOTHELIAL CELL OF HEPATIC SINUSOID	endothelial cell of hepatic sinusoid	cap|1437|author_cell_type	618	10	1	0.0
CAP	Cell Ontology term	502	FIBROBLAST	fibroblast	cap|1437|author_cell_type	618	10	32	0.3
CAP	Cell Ontology term	503	HEPATOCYTE	hepatocyte	cap|1437|author_cell_type	618	10	4	0.0
CAP	Cell Ontology term	504	MACROPHAGE	macrophage	cap|1437|author_cell_type	618	9	13	0.2222222222222222
CAP	Cell Ontology term	505	CONVENTIONAL DENDRITIC CELL	conventional dendritic cell	cap|1437|author_cell_type	618	8	13	0.0
CAP	Cell Ontology term	506	MONOCYTE	monocyte	cap|1437|author_cell_type	618	9	13	0.3333333333333333
CAP	Cell Ontology term	507	NEUTROPHIL	neutrophil	cap|1437|author_cell_type	618	9	8	0.5555555555555556
CAP	Cell Ontology term	508	PLASMACYTOID DENDRITIC CELL	plasmacytoid dendritic cell	cap|1437|author_cell_type	618	10	12	0.2
CAP	Cell Ontology term	509	PLASMA CELL	plasma cell	cap|1437|author_cell_type	618	3	7	1.0
CAP	Cell Ontology term	511	T CELL	T cell	cap|1437|author_cell_type	618	10	10	0.6
CAP	Cell Ontology term	513	CHOLANGIOCYTE	cholangiocyte	cap|1438|author_cell_type	618	10	1	0.1
CAP	Cell Ontology term	514	FIBROBLAST	fibroblast	cap|1438|author_cell_type	618	10	32	0.5
CAP	Cell Ontology term	515	HEPATOCYTE	hepatocyte	cap|1438|author_cell_type	618	10	4	0.0
CAP	Cell Ontology term	516	ENDOTHELIAL CELL OF HEPATIC SINUSOID	endothelial cell of hepatic sinusoid	cap|1438|author_cell_type	618	10	1	0.1
CAP	Cell Ontology term	518	HEPATIC STELLATE CELL	hepatic stellate cell	cap|1438|author_cell_type	618	9	4	0.1111111111111111
CAP	Cell Ontology term	519	VASCULAR ASSOCIATED SMOOTH MUSCLE CELL	vascular associated smooth muscle cell	cap|1438|author_cell_type	618	9	4	0.1111111111111111
CAP	Cell Ontology term	520	B CELL	B cell	cap|1439|author_cell_type	618	9	21	0.1111111111111111
CAP	Cell Ontology term	522	NATURAL KILLER CELL	natural killer cell	cap|1439|author_cell_type	618	4	10	0.0
CAP	Cell Ontology term	525	GAMMA DELTA T CELL	gamma-delta T cell	cap|1439|author_cell_type	618	4	5	0.0
CAP	Cell Ontology term	526	NAIVE T CELL	naive T cell	cap|1439|author_cell_type	618	5	4	0.6
CAP	Cell Ontology term	527	MATURE NK T CELL	mature NK T cell	cap|1439|author_cell_type	618	2	4	0.0
CAP	Cell Ontology term	528	PLASMACYTOID DENDRITIC CELL	plasmacytoid dendritic cell	cap|1439|author_cell_type	618	10	12	0.3
CAP	Cell Ontology term	529	PLASMA CELL	plasma cell	cap|1439|author_cell_type	618	8	7	0.75
CAP	Cell Ontology term	532	REGULATORY T CELL	regulatory T cell	cap|1439|author_cell_type	618	9	10	0.2222222222222222
CAP	Cell Ontology term	533	CONVENTIONAL DENDRITIC CELL	conventional dendritic cell	cap|1440|author_cell_type	618	9	13	0.5555555555555556
CAP	Cell Ontology term	534	CONVENTIONAL DENDRITIC CELL	conventional dendritic cell	cap|1440|author_cell_type	618	10	13	0.3
CAP	Cell Ontology term	535	LIPID ASSOCIATED MACROPHAGE	lipid-associated macrophage	cap|1440|author_cell_type	618	6	5	0.0
CAP	Cell Ontology term	536	MACROPHAGE	macrophage	cap|1440|author_cell_type	618	2	13	0.0
CAP	Cell Ontology term	537	LIPID ASSOCIATED MACROPHAGE	lipid-associated macrophage	cap|1440|author_cell_type	618	2	5	0.0
CAP	Cell Ontology term	539	CLASSICAL MONOCYTE	classical monocyte	cap|1440|author_cell_type	618	9	2	0.4444444444444444
CAP	Cell Ontology term	540	NON CLASSICAL MONOCYTE	non-classical monocyte	cap|1440|author_cell_type	618	10	4	0.2
CAP	Cell Ontology term	541	KUPFFER CELL	Kupffer cell	cap|1440|author_cell_type	618	3	1	0.0
CAP	Cell Ontology term	542	KUPFFER CELL	Kupffer cell	cap|1440|author_cell_type	618	10	1	0.3
CAP	Cell Ontology term	548	BLOOD VESSEL ENDOTHELIAL CELL	blood vessel endothelial cell	cap|1489|author_cell_type	621	2	5	0.0
CAP	Cell Ontology term	549	B CELL	B cell	cap|1489|author_cell_type	621	2	21	0.5
CAP	Cell Ontology term	550	B CELL	B cell	cap|1489|author_cell_type	621	2	21	0.0
CAP	Cell Ontology term	553	DENDRITIC CELL	dendritic cell	cap|1489|author_cell_type	621	3	20	0.0
CAP	Cell Ontology term	554	FIBROBLAST	fibroblast	cap|1489|author_cell_type	621	2	24	0.0
CAP	Cell Ontology term	555	FIBROBLAST	fibroblast	cap|1489|author_cell_type	621	2	24	0.0
CAP	Cell Ontology term	556	FIBROBLAST	fibroblast	cap|1489|author_cell_type	621	2	24	0.0
CAP	Cell Ontology term	557	FIBROBLAST	fibroblast	cap|1489|author_cell_type	621	2	24	0.5
CAP	Cell Ontology term	558	FIBROBLAST	fibroblast	cap|1489|author_cell_type	621	3	24	0.6666666666666666
CAP	Cell Ontology term	559	MACROPHAGE	macrophage	cap|1489|author_cell_type	621	1	12	0.0
CAP	Cell Ontology term	560	MACROPHAGE	macrophage	cap|1489|author_cell_type	621	1	12	0.0
CAP	Cell Ontology term	561	MACROPHAGE	macrophage	cap|1489|author_cell_type	621	1	12	0.0
CAP	Cell Ontology term	573	RETINAL PIGMENT EPITHELIAL CELL	retinal pigment epithelial cell	cap|1489|author_cell_type	621	2	15	1.0
CAP	Cell Ontology term	574	MYELINATING SCHWANN CELL	myelinating Schwann cell	cap|1489|author_cell_type	621	4	5	0.75
CAP	Cell Ontology term	575	NON MYELINATING SCHWANN CELL	non-myelinating Schwann cell	cap|1489|author_cell_type	621	2	4	0.5
CAP	Cell Ontology term	576	BLOOD VESSEL SMOOTH MUSCLE CELL	blood vessel smooth muscle cell	cap|1489|author_cell_type	621	1	4	0.0
CAP	Cell Ontology term	577	BLOOD VESSEL SMOOTH MUSCLE CELL	blood vessel smooth muscle cell	cap|1489|author_cell_type	621	2	4	0.0
CAP	Cell Ontology term	578	BLOOD VESSEL ENDOTHELIAL CELL	blood vessel endothelial cell	cap|1489|author_cell_type	621	1	5	0.0
CAP	Cell Ontology term	579	BLOOD VESSEL ENDOTHELIAL CELL	blood vessel endothelial cell	cap|1490|author_cell_type	621	2	5	0.0
CAP	Cell Ontology term	581	BLOOD VESSEL ENDOTHELIAL CELL	blood vessel endothelial cell	cap|1490|author_cell_type	621	1	5	0.0
CAP	Cell Ontology term	582	FIBROBLAST	fibroblast	cap|1491|author_cell_type	621	2	24	0.0
CAP	Cell Ontology term	583	FIBROBLAST	fibroblast	cap|1491|author_cell_type	621	2	24	0.0
CAP	Cell Ontology term	584	FIBROBLAST	fibroblast	cap|1491|author_cell_type	621	2	24	0.0
CAP	Cell Ontology term	585	FIBROBLAST	fibroblast	cap|1491|author_cell_type	621	2	24	0.5
CAP	Cell Ontology term	586	FIBROBLAST	fibroblast	cap|1491|author_cell_type	621	3	24	0.6666666666666666
CAP	Cell Ontology term	591	HEPATIC STELLATE CELL	hepatic stellate cell	cap|1566|author_cell_type	645	1	2	0.0
CAP	Cell Ontology term	593	HEPATIC STELLATE CELL	hepatic stellate cell	cap|1566|author_cell_type	645	4	2	0.0
CAP	Cell Ontology term	595	VASCULAR ASSOCIATED SMOOTH MUSCLE CELL	vascular associated smooth muscle cell	cap|1566|author_cell_type	645	3	4	0.6666666666666666
CAP	Cell Ontology term	596	ALTERNATIVELY ACTIVATED MACROPHAGE	alternatively activated macrophage	cap|1567|author_cell_type	645	5	3	0.0
CAP	Cell Ontology term	597	MONOCYTE	monocyte	cap|1567|author_cell_type	645	4	13	0.0
CAP	Cell Ontology term	598	CLASSICAL MONOCYTE	classical monocyte	cap|1567|author_cell_type	645	3	2	0.6666666666666666
CAP	Cell Ontology term	600	KUPFFER CELL	Kupffer cell	cap|1567|author_cell_type	645	5	2	0.8
CAP	Cell Ontology term	601	TYPE EC ENTEROENDOCRINE CELL	type EC enteroendocrine cell	cap|1567|author_cell_type	645	2	2	0.0
CAP	Cell Ontology term	603	NEUTROPHIL	neutrophil	cap|1567|author_cell_type	645	4	8	0.75
CAP	Cell Ontology term	604	CONVENTIONAL DENDRITIC CELL	conventional dendritic cell	cap|1567|author_cell_type	645	5	16	0.8
CAP	Cell Ontology term	605	CONVENTIONAL DENDRITIC CELL	conventional dendritic cell	cap|1567|author_cell_type	645	5	16	1.0
CAP	Cell Ontology term	607	CD 16 NEGATIVE CD 56 BRIGHT NATURAL KILLER CELL HUMAN	CD16-negative, CD56-bright natural killer cell, human	cap|1568|author_cell_type	645	3	4	0.0
CAP	Cell Ontology term	608	CD 16 POSITIVE CD 56 DIM NATURAL KILLER CELL HUMAN	CD16-positive, CD56-dim natural killer cell, human	cap|1568|author_cell_type	645	1	7	0.0
CAP	Cell Ontology term	609	EXHAUSTED T CELL	exhausted T cell	cap|1568|author_cell_type	645	3	2	0.6666666666666666
CAP	Cell Ontology term	610	REGULATORY T CELL	regulatory T cell	cap|1568|author_cell_type	645	3	10	1.0
CAP	Cell Ontology term	613	ENDOTHELIAL CELL OF HEPATIC SINUSOID	endothelial cell of hepatic sinusoid	cap|1569|author_cell_type	645	2	2	0.5
CAP	Cell Ontology term	614	VEIN ENDOTHELIAL CELL	vein endothelial cell	cap|1569|author_cell_type	645	3	12	0.3333333333333333
CAP	Cell Ontology term	615	BLOOD VESSEL ENDOTHELIAL CELL	blood vessel endothelial cell	cap|1569|author_cell_type	645	4	8	0.0
CAP	Cell Ontology term	616	HEPATOCYTE	hepatocyte	cap|1570|author_cell_type	645	4	3	0.0
CAP	Cell Ontology term	619	HEPATOCYTE	hepatocyte	cap|1570|author_cell_type	645	4	3	0.0
CAP	Cell Ontology term	620	HEPATOCYTE	hepatocyte	cap|1570|author_cell_type	645	3	3	0.0
CAP	Cell Ontology term	621	DENDRITIC CELL	dendritic cell	cap|1742|AuthorCellType	672	4	20	0.0
CAP	Cell Ontology term	625	CD 14 POSITIVE CD 16 POSITIVE MONOCYTE	CD14-positive, CD16-positive monocyte	cap|1742|AuthorCellType	672	10	5	0.3
CAP	Cell Ontology term	631	EFFECTOR MEMORY CD 8 POSITIVE ALPHA BETA T CELL	effector memory CD8-positive, alpha-beta T cell	cap|1742|AuthorCellType	672	1	2	0.0
CAP	Cell Ontology term	633	NAIVE THYMUS DERIVED CD 8 POSITIVE ALPHA BETA T CELL	naive thymus-derived CD8-positive, alpha-beta T cell	cap|1742|AuthorCellType	672	5	3	0.0
CAP	Cell Ontology term	635	CONVENTIONAL DENDRITIC CELL	conventional dendritic cell	cap|1742|AuthorCellType	672	7	16	0.7142857142857143
CAP	Cell Ontology term	636	CONVENTIONAL DENDRITIC CELL	conventional dendritic cell	cap|1742|AuthorCellType	672	6	16	0.6666666666666666
CAP	Cell Ontology term	659	NATURAL KILLER CELL	natural killer cell	cap|1742|AuthorCellType	672	1	9	0.0
CAP	Cell Ontology term	660	CD 16 NEGATIVE CD 56 BRIGHT NATURAL KILLER CELL HUMAN	CD16-negative, CD56-bright natural killer cell, human	cap|1742|AuthorCellType	672	5	4	0.6
CAP	Cell Ontology term	664	PLASMA CELL	plasma cell	cap|1742|AuthorCellType	672	10	8	0.6
CAP	Cell Ontology term	675	T CELL	T cell	cap|1742|AuthorCellType	672	4	10	0.25
CAP	Cell Ontology term	686	CLASSICAL MONOCYTE	classical monocyte	cap|1780|ann_finest_level	684	3	2	0.6666666666666666
CAP	Cell Ontology term	687	CD 1 C POSITIVE MYELOID DENDRITIC CELL	CD1c-positive myeloid dendritic cell	cap|1780|ann_finest_level	684	4	5	0.75
CAP	Cell Ontology term	692	VEIN ENDOTHELIAL CELL	vein endothelial cell	cap|1780|ann_finest_level	684	2	11	0.5
CAP	Cell Ontology term	693	VEIN ENDOTHELIAL CELL	vein endothelial cell	cap|1780|ann_finest_level	684	3	11	0.0
CAP	Cell Ontology term	699	ENDOTHELIAL CELL OF LYMPHATIC VESSEL	endothelial cell of lymphatic vessel	cap|1780|ann_finest_level	684	2	15	0.0
CAP	Cell Ontology term	700	ENDOTHELIAL CELL OF LYMPHATIC VESSEL	endothelial cell of lymphatic vessel	cap|1780|ann_finest_level	684	1	15	1.0
CAP	Cell Ontology term	702	MAST CELL	mast cell	cap|1780|ann_finest_level	684	3	13	1.0
CAP	Cell Ontology term	704	MYOFIBROBLAST CELL	myofibroblast cell	cap|1780|ann_finest_level	684	4	5	0.25
CAP	Cell Ontology term	706	NON CLASSICAL MONOCYTE	non-classical monocyte	cap|1780|ann_finest_level	684	4	4	0.25
CAP	Cell Ontology term	709	SECRETORY CELL	secretory cell	cap|1780|ann_finest_level	684	1	2	0.0
CAP	Cell Ontology term	710	SMOOTH MUSCLE CELL	smooth muscle cell	cap|1780|ann_finest_level	684	5	7	0.0
CAP	Cell Ontology term	717	CYCLING T CELL	cycling T cell	cap|1780|ann_finest_level	684	3	7	0.3333333333333333
CAP	Cell Ontology term	718	MATURE NATURAL KILLER CELL	mature natural killer cell	cap|2185|final annotation	789	1	1	0.0
CAP	Cell Ontology term	719	MATURE NATURAL KILLER CELL	mature natural killer cell	cap|2185|final annotation	789	1	1	0.0
CAP	Cell Ontology term	721	ENDOTHELIAL CELL	endothelial cell	cap|2185|final annotation	789	4	19	0.5
CAP	Cell Ontology term	723	GROUP 3 INNATE LYMPHOID CELL HUMAN	group 3 innate lymphoid cell, human	cap|2185|final annotation	789	2	2	0.0
CAP	Cell Ontology term	724	MAST CELL	mast cell	cap|2185|final annotation	789	3	12	0.6666666666666666
CAP	Cell Ontology term	726	GRANULOCYTE	granulocyte	cap|2185|final annotation	789	5	3	0.2
CAP	Cell Ontology term	727	PLASMACYTOID DENDRITIC CELL	plasmacytoid dendritic cell	cap|2185|final annotation	789	4	12	0.75
CAP	Cell Ontology term	728	PLASMA CELL	plasma cell	cap|2185|final annotation	789	5	7	0.6
CAP	Cell Ontology term	729	MATURE NATURAL KILLER CELL	mature natural killer cell	cap|2185|final annotation	789	5	1	0.2
CAP	Cell Ontology term	731	STROMAL CELL	stromal cell	cap|2185|final annotation	789	4	6	0.0
CAP	Cell Ontology term	732	T CELL	T cell	cap|2185|final annotation	789	4	9	0.5
CAP	Cell Ontology term	733	MATURE NATURAL KILLER CELL	mature natural killer cell	cap|2186|final annotation	789	1	1	0.0
CAP	Cell Ontology term	734	MATURE NATURAL KILLER CELL	mature natural killer cell	cap|2186|final annotation	789	1	1	0.0
CAP	Cell Ontology term	737	ENDOTHELIAL CELL	endothelial cell	cap|2186|final annotation	789	5	19	0.6
CAP	Cell Ontology term	742	MAST CELL	mast cell	cap|2186|final annotation	789	3	12	0.6666666666666666
CAP	Cell Ontology term	744	PLASMACYTOID DENDRITIC CELL	plasmacytoid dendritic cell	cap|2186|final annotation	789	4	12	0.75
CAP	Cell Ontology term	745	PLASMA CELL	plasma cell	cap|2186|final annotation	789	5	7	0.6
CAP	Cell Ontology term	746	MATURE NATURAL KILLER CELL	mature natural killer cell	cap|2186|final annotation	789	5	1	0.2
CAP	Cell Ontology term	748	STROMAL CELL	stromal cell	cap|2186|final annotation	789	4	6	0.0
CAP	Cell Ontology term	749	T CELL	T cell	cap|2186|final annotation	789	2	9	1.0
CAP	Cell Ontology term	750	MESOTHELIAL CELL	mesothelial cell	cap|2708|author_cell_type	861	3	9	0.6666666666666666
CAP	Cell Ontology term	751	MESOTHELIAL CELL	mesothelial cell	cap|2711|author_cell_type	861	3	9	0.6666666666666666
CAP	Cell Ontology term	752	FIBRO ADIPOGENIC PROGENITOR CELL	fibro/adipogenic progenitor cell	cap|2712|author_cell_type	862	3	27	0.0
CAP	Cell Ontology term	753	ENDOTHELIAL CELL	endothelial cell	cap|2712|author_cell_type	862	4	20	0.25
CAP	Cell Ontology term	754	ADIPOCYTE	adipocyte	cap|2726|author_cell_type	868	3	2	0.0
CAP	Cell Ontology term	755	FIBRO ADIPOGENIC PROGENITOR CELL	fibro/adipogenic progenitor cell	cap|2726|author_cell_type	868	5	27	0.6
CAP	Cell Ontology term	756	B CELL	B cell	cap|2726|author_cell_type	868	4	22	0.5
CAP	Cell Ontology term	757	LYMPHOCYTE	lymphocyte	cap|2726|author_cell_type	868	4	10	0.25
CAP	Cell Ontology term	758	MAST CELL	mast cell	cap|2726|author_cell_type	868	4	13	0.75
CAP	Cell Ontology term	759	MYELOID CELL	myeloid cell	cap|2726|author_cell_type	868	10	2	0.2
CAP	Cell Ontology term	760	ENDOTHELIAL CELL	endothelial cell	cap|2726|author_cell_type	868	12	20	0.25
CAP	Cell Ontology term	764	ADIPOCYTE	adipocyte	cap|2789|author_cell_type	885	6	2	0.5
CAP	Cell Ontology term	765	ENDOTHELIAL CELL	endothelial cell	cap|2789|author_cell_type	885	5	20	0.6
CAP	Cell Ontology term	767	MACROPHAGE	macrophage	cap|2789|author_cell_type	885	8	14	0.5
CAP	Cell Ontology term	768	SLOW MUSCLE CELL	slow muscle cell	cap|2789|author_cell_type	885	7	3	0.14285714285714285
CAP	Cell Ontology term	769	FAST MUSCLE CELL	fast muscle cell	cap|2789|author_cell_type	885	6	4	0.5
CAP	Cell Ontology term	770	PERICYTE	pericyte	cap|2789|author_cell_type	885	3	17	0.3333333333333333
CAP	Cell Ontology term	772	SMOOTH MUSCLE CELL	smooth muscle cell	cap|2789|author_cell_type	885	4	7	0.75
CAP	Cell Ontology term	773	T CELL	T cell	cap|2789|author_cell_type	885	6	10	0.5
CAP	Cell Ontology term	774	CONVENTIONAL DENDRITIC CELL	conventional dendritic cell	cap|2854|Prelim annotation	901	5	16	0.8
CAP	Cell Ontology term	776	DENDRITIC CELL	dendritic cell	cap|2854|Prelim annotation	901	5	19	0.6
CAP	Cell Ontology term	777	FOLLICULAR DENDRITIC CELL	follicular dendritic cell	cap|2854|Prelim annotation	901	4	4	0.75
CAP	Cell Ontology term	778	GRANULOCYTE	granulocyte	cap|2854|Prelim annotation	901	3	2	0.0
CAP	Cell Ontology term	779	MAST CELL	mast cell	cap|2854|Prelim annotation	901	5	12	0.8
CAP	Cell Ontology term	781	ALTERNATIVELY ACTIVATED MACROPHAGE	alternatively activated macrophage	cap|2854|Prelim annotation	901	4	3	0.5
CAP	Cell Ontology term	783	MONOCYTE	monocyte	cap|2854|Prelim annotation	901	7	11	0.5714285714285714
CAP	Cell Ontology term	784	FIBROBLASTIC RETICULAR CELL	fibroblastic reticular cell	cap|2855|Prelim annotation	901	4	2	0.5
CAP	Cell Ontology term	786	FIBROBLAST	fibroblast	cap|2855|Prelim annotation	901	3	30	0.0
CAP	Cell Ontology term	787	MYOFIBROBLAST CELL	myofibroblast cell	cap|2855|Prelim annotation	901	2	4	0.5
CAP	Cell Ontology term	789	FIBROBLAST	fibroblast	cap|2855|Prelim annotation	901	6	30	0.16666666666666666
CAP	Cell Ontology term	795	SMOOTH MUSCLE CELL	smooth muscle cell	cap|2855|Prelim annotation	901	3	6	0.6666666666666666
CAP	Cell Ontology term	796	ENDOTHELIAL CELL OF ARTERY	endothelial cell of artery	cap|2855|Prelim annotation	901	5	9	0.4
CAP	Cell Ontology term	797	CAPILLARY ENDOTHELIAL CELL	capillary endothelial cell	cap|2855|Prelim annotation	901	4	7	0.25
CAP	Cell Ontology term	798	ENDOTHELIAL CELL OF LYMPHATIC VESSEL	endothelial cell of lymphatic vessel	cap|2855|Prelim annotation	901	1	13	0.0
CAP	Cell Ontology term	799	ENDOTHELIAL CELL OF LYMPHATIC VESSEL	endothelial cell of lymphatic vessel	cap|2855|Prelim annotation	901	3	13	0.6666666666666666
CAP	Cell Ontology term	800	VEIN ENDOTHELIAL CELL	vein endothelial cell	cap|2855|Prelim annotation	901	5	11	0.6
CAP	Cell Ontology term	801	COLONOCYTE	colonocyte	cap|2856|Prelim annotation	901	2	2	0.0
CAP	Cell Ontology term	803	COLONOCYTE	colonocyte	cap|2856|Prelim annotation	901	2	2	0.0
CAP	Cell Ontology term	804	COLONOCYTE	colonocyte	cap|2856|Prelim annotation	901	3	2	0.0
CAP	Cell Ontology term	805	COLONOCYTE	colonocyte	cap|2856|Prelim annotation	901	5	2	0.2
CAP	Cell Ontology term	807	TYPE EC ENTEROENDOCRINE CELL	type EC enteroendocrine cell	cap|2856|Prelim annotation	901	3	1	0.0
CAP	Cell Ontology term	809	ENTEROCYTE	enterocyte	cap|2856|Prelim annotation	901	2	3	0.0
CAP	Cell Ontology term	810	BEST 4 ENTEROCYTE	BEST4+ enterocyte	cap|2856|Prelim annotation	901	2	1	0.0
CAP	Cell Ontology term	815	M CELL OF GUT	M cell of gut	cap|2856|Prelim annotation	901	10	1	0.0
CAP	Cell Ontology term	816	MONOCYTE	monocyte	cap|2856|Prelim annotation	901	7	11	0.5714285714285714
CAP	Cell Ontology term	819	PANETH CELL	paneth cell	cap|2856|Prelim annotation	901	6	1	0.5
CAP	Cell Ontology term	820	TRANSIT AMPLIFYING CELL	transit amplifying cell	cap|2856|Prelim annotation	901	5	1	0.0
CAP	Cell Ontology term	824	MEMORY B CELL	memory B cell	cap|2857|Prelim annotation	901	2	5	0.5
CAP	Cell Ontology term	825	NAIVE T CELL	Naive T cell	cap|2857|Prelim annotation	901	2	3	0.0
CAP	Cell Ontology term	826	T FOLLICULAR HELPER CELL	T follicular helper cell	cap|2857|Prelim annotation	901	3	2	0.6666666666666666
CAP	Cell Ontology term	829	REGULATORY T CELL	regulatory T cell	cap|2857|Prelim annotation	901	4	9	0.75
CAP	Cell Ontology term	830	EFFECTOR MEMORY CD 8 POSITIVE ALPHA BETA T CELL	effector memory CD8-positive, alpha-beta T cell	cap|2857|Prelim annotation	901	3	1	0.0
CAP	Cell Ontology term	833	EXHAUSTED T CELL	exhausted T cell	cap|2857|Prelim annotation	901	4	1	0.25
CAP	Cell Ontology term	836	CENTROBLAST	centroblast	cap|2857|Prelim annotation	901	5	4	0.4
CAP	Cell Ontology term	837	CENTROCYTE	centrocyte	cap|2857|Prelim annotation	901	3	3	0.3333333333333333
CAP	Cell Ontology term	841	GROUP 3 INNATE LYMPHOID CELL HUMAN	group 3 innate lymphoid cell, human	cap|2857|Prelim annotation	901	1	2	0.0
CAP	Cell Ontology term	842	CYCLING T CELL	cycling T cell	cap|2857|Prelim annotation	901	2	6	0.5
CAP	Cell Ontology term	843	GAMMA DELTA T CELL	gamma-delta T cell	cap|2857|Prelim annotation	901	6	4	0.6666666666666666
CAP	Cell Ontology term	844	MUCOSAL ASSOCIATED INVARIANT T CELL	mucosal-associated invariant T cell	cap|2857|Prelim annotation	901	4	5	0.0
CAP	Cell Ontology term	845	MATURE NK T CELL	mature NK T cell	cap|2857|Prelim annotation	901	3	3	0.0
CAP	Cell Ontology term	847	MEMORY B CELL	memory B cell	cap|2858|hgca_celltype_v0	901	2	5	0.5
CAP	Cell Ontology term	848	NAIVE T CELL	naive T cell	cap|2858|hgca_celltype_v0	901	2	3	0.0
CAP	Cell Ontology term	849	T FOLLICULAR HELPER CELL	T follicular helper cell	cap|2858|hgca_celltype_v0	901	2	2	0.5
CAP	Cell Ontology term	852	REGULATORY T CELL	regulatory T cell	cap|2858|hgca_celltype_v0	901	4	9	0.75
CAP	Cell Ontology term	853	EFFECTOR MEMORY CD 8 POSITIVE ALPHA BETA T CELL	effector memory CD8-positive, alpha-beta T cell	cap|2858|hgca_celltype_v0	901	3	1	0.0
CAP	Cell Ontology term	856	EXHAUSTED T CELL	exhausted T cell	cap|2858|hgca_celltype_v0	901	4	1	0.25
CAP	Cell Ontology term	859	COLONOCYTE	colonocyte	cap|2858|hgca_celltype_v0	901	2	2	0.0
CAP	Cell Ontology term	861	COLONOCYTE	colonocyte	cap|2858|hgca_celltype_v0	901	2	2	0.0
CAP	Cell Ontology term	862	COLONOCYTE	colonocyte	cap|2858|hgca_celltype_v0	901	2	2	0.0
CAP	Cell Ontology term	863	COLONOCYTE	colonocyte	cap|2858|hgca_celltype_v0	901	5	2	0.2
CAP	Cell Ontology term	865	CONVENTIONAL DENDRITIC CELL	conventional dendritic cell	cap|2858|hgca_celltype_v0	901	5	16	0.8
CAP	Cell Ontology term	867	DENDRITIC CELL	dendritic cell	cap|2858|hgca_celltype_v0	901	4	19	0.5
CAP	Cell Ontology term	868	TYPE EC ENTEROENDOCRINE CELL	type EC enteroendocrine cell	cap|2858|hgca_celltype_v0	901	3	1	0.0
CAP	Cell Ontology term	870	ENTEROCYTE	enterocyte	cap|2858|hgca_celltype_v0	901	1	3	0.0
CAP	Cell Ontology term	871	BEST 4 ENTEROCYTE	BEST4+ enterocyte	cap|2858|hgca_celltype_v0	901	2	1	0.0
CAP	Cell Ontology term	872	ENTEROCYTE	enterocyte	cap|2858|hgca_celltype_v0	901	2	3	0.0
CAP	Cell Ontology term	873	ENTEROCYTE	enterocyte	cap|2858|hgca_celltype_v0	901	5	3	0.0
CAP	Cell Ontology term	875	EPITHELIAL CELL	epithelial cell	cap|2858|hgca_celltype_v0	901	1	16	0.0
CAP	Cell Ontology term	876	FIBROBLASTIC RETICULAR CELL	fibroblastic reticular cell	cap|2858|hgca_celltype_v0	901	2	2	0.5
CAP	Cell Ontology term	877	FOLLICULAR DENDRITIC CELL	follicular dendritic cell	cap|2858|hgca_celltype_v0	901	2	4	1.0
CAP	Cell Ontology term	879	FIBROBLAST	fibroblast	cap|2858|hgca_celltype_v0	901	3	30	0.0
CAP	Cell Ontology term	880	MYOFIBROBLAST CELL	myofibroblast cell	cap|2858|hgca_celltype_v0	901	2	4	0.5
CAP	Cell Ontology term	882	FIBROBLAST	fibroblast	cap|2858|hgca_celltype_v0	901	6	30	0.16666666666666666
CAP	Cell Ontology term	885	CENTROBLAST	centroblast	cap|2858|hgca_celltype_v0	901	5	4	0.4
CAP	Cell Ontology term	886	CENTROCYTE	centrocyte	cap|2858|hgca_celltype_v0	901	3	3	0.3333333333333333
CAP	Cell Ontology term	890	GRANULOCYTE	granulocyte	cap|2858|hgca_celltype_v0	901	3	2	0.0
CAP	Cell Ontology term	891	MAST CELL	mast cell	cap|2858|hgca_celltype_v0	901	4	12	0.75
CAP	Cell Ontology term	892	NATURAL KILLER CELL	natural killer cell	cap|2858|hgca_celltype_v0	901	4	8	0.75
CAP	Cell Ontology term	894	GROUP 3 INNATE LYMPHOID CELL HUMAN	group 3 innate lymphoid cell, human	cap|2858|hgca_celltype_v0	901	1	2	0.0
CAP	Cell Ontology term	898	M CELL OF GUT	M cell of gut	cap|2858|hgca_celltype_v0	901	10	1	0.0
CAP	Cell Ontology term	899	MONOCYTE	monocyte	cap|2858|hgca_celltype_v0	901	7	11	0.5714285714285714
CAP	Cell Ontology term	901	GOBLET CELL	goblet cell	cap|2858|hgca_celltype_v0	901	4	4	0.75
CAP	Cell Ontology term	902	PANETH CELL	paneth cell	cap|2858|hgca_celltype_v0	901	6	1	0.5
CAP	Cell Ontology term	903	TRANSIT AMPLIFYING CELL	transit amplifying cell	cap|2858|hgca_celltype_v0	901	5	1	0.0
CAP	Cell Ontology term	905	SMOOTH MUSCLE CELL	smooth muscle cell	cap|2858|hgca_celltype_v0	901	3	6	0.6666666666666666
CAP	Cell Ontology term	906	CYCLING T CELL	cycling T cell	cap|2858|hgca_celltype_v0	901	1	6	0.0
CAP	Cell Ontology term	907	GAMMA DELTA T CELL	gamma-delta T cell	cap|2858|hgca_celltype_v0	901	6	4	0.6666666666666666
CAP	Cell Ontology term	908	MUCOSAL ASSOCIATED INVARIANT T CELL	mucosal-associated invariant T cell	cap|2858|hgca_celltype_v0	901	4	5	0.0
CAP	Cell Ontology term	909	MATURE NK T CELL	mature NK T cell	cap|2858|hgca_celltype_v0	901	3	3	0.0
CAP	Cell Ontology term	911	ENDOTHELIAL CELL OF ARTERY	endothelial cell of artery	cap|2858|hgca_celltype_v0	901	5	9	0.4
CAP	Cell Ontology term	912	CAPILLARY ENDOTHELIAL CELL	capillary endothelial cell	cap|2858|hgca_celltype_v0	901	4	7	0.25
CAP	Cell Ontology term	913	ENDOTHELIAL CELL OF LYMPHATIC VESSEL	endothelial cell of lymphatic vessel	cap|2858|hgca_celltype_v0	901	1	13	0.0
CAP	Cell Ontology term	914	ENDOTHELIAL CELL OF LYMPHATIC VESSEL	endothelial cell of lymphatic vessel	cap|2858|hgca_celltype_v0	901	2	13	1.0
CAP	Cell Ontology term	915	VEIN ENDOTHELIAL CELL	vein endothelial cell	cap|2858|hgca_celltype_v0	901	4	11	0.75
CAP	Cell Ontology term	917	ENDOTHELIAL CELL OF ARTERY	endothelial cell of artery	cap|2926|author_cell_type	915	4	10	0.5
CAP	Cell Ontology term	918	B CELL	B cell	cap|2926|author_cell_type	915	3	22	0.6666666666666666
CAP	Cell Ontology term	919	CAPILLARY ENDOTHELIAL CELL	capillary endothelial cell	cap|2926|author_cell_type	915	3	8	0.3333333333333333
CAP	Cell Ontology term	920	CD 14 POSITIVE CD 16 NEGATIVE CLASSICAL MONOCYTE	CD14-positive, CD16-negative classical monocyte	cap|2926|author_cell_type	915	6	5	0.16666666666666666
CAP	Cell Ontology term	921	NON CLASSICAL MONOCYTE	non-classical monocyte	cap|2926|author_cell_type	915	4	4	0.25
CAP	Cell Ontology term	922	CD 16 POSITIVE CD 56 DIM NATURAL KILLER CELL HUMAN	CD16-positive, CD56-dim natural killer cell, human	cap|2926|author_cell_type	915	4	7	0.75
CAP	Cell Ontology term	923	CD 16 NEGATIVE CD 56 BRIGHT NATURAL KILLER CELL HUMAN	CD16-negative, CD56-bright natural killer cell, human	cap|2926|author_cell_type	915	3	4	1.0
CAP	Cell Ontology term	924	CD 4 POSITIVE ALPHA BETA T CELL	CD4-positive, alpha-beta T cell	cap|2926|author_cell_type	915	3	5	0.0
CAP	Cell Ontology term	925	CD 8 POSITIVE ALPHA BETA T CELL	CD8-positive, alpha-beta T cell	cap|2926|author_cell_type	915	3	6	0.3333333333333333
CAP	Cell Ontology term	927	CD 1 C POSITIVE MYELOID DENDRITIC CELL	CD1c-positive myeloid dendritic cell	cap|2926|author_cell_type	915	3	5	1.0
CAP	Cell Ontology term	928	FIBROBLAST	fibroblast	cap|2926|author_cell_type	915	8	32	0.0
CAP	Cell Ontology term	932	MACROPHAGE	macrophage	cap|2926|author_cell_type	915	9	14	0.3333333333333333
CAP	Cell Ontology term	933	MAST CELL	mast cell	cap|2926|author_cell_type	915	3	13	1.0
CAP	Cell Ontology term	941	FAST MUSCLE CELL	fast muscle cell	cap|2926|author_cell_type	915	3	1	0.0
CAP	Cell Ontology term	942	MYELINATING SCHWANN CELL	myelinating Schwann cell	cap|2926|author_cell_type	915	4	5	0.75
CAP	Cell Ontology term	945	NEUTROPHIL	neutrophil	cap|2926|author_cell_type	915	9	8	0.2222222222222222
CAP	Cell Ontology term	948	NON MYELINATING SCHWANN CELL	non-myelinating Schwann cell	cap|2926|author_cell_type	915	2	4	0.0
CAP	Cell Ontology term	949	PLASMACYTOID DENDRITIC CELL	plasmacytoid dendritic cell	cap|2926|author_cell_type	915	4	13	1.0
CAP	Cell Ontology term	950	PERICYTE	pericyte	cap|2926|author_cell_type	915	5	17	0.6
CAP	Cell Ontology term	951	FIBROBLAST	fibroblast	cap|2926|author_cell_type	915	6	32	0.16666666666666666
CAP	Cell Ontology term	952	VASCULAR ASSOCIATED SMOOTH MUSCLE CELL	vascular associated smooth muscle cell	cap|2926|author_cell_type	915	5	4	0.2
CAP	Cell Ontology term	954	VEIN ENDOTHELIAL CELL	vein endothelial cell	cap|2926|author_cell_type	915	7	12	0.2857142857142857
CAP	Cell Ontology term	955	ADIPOCYTE	adipocyte	cap|2980|author_cell_type	927	8	2	0.25
CAP	Cell Ontology term	956	FIBRO ADIPOGENIC PROGENITOR CELL	fibro/adipogenic progenitor cell	cap|2980|author_cell_type	927	8	27	0.25
CAP	Cell Ontology term	957	LYMPHOCYTE	lymphocyte	cap|2980|author_cell_type	927	10	10	0.0
CAP	Cell Ontology term	958	MESOTHELIAL CELL	mesothelial cell	cap|2980|author_cell_type	927	9	10	0.4444444444444444
CAP	Cell Ontology term	959	MYELOID CELL	myeloid cell	cap|2980|author_cell_type	927	10	2	0.2
CAP	Cell Ontology term	960	ENDOTHELIAL CELL	endothelial cell	cap|2980|author_cell_type	927	10	20	0.2
CAP	Cell Ontology term	961	FIBRO ADIPOGENIC PROGENITOR CELL	fibro/adipogenic progenitor cell	cap|3012|lvl3_cell_types	934	3	3	1.0
CAP	Cell Ontology term	962	FIBRO ADIPOGENIC PROGENITOR CELL	fibro/adipogenic progenitor cell	cap|3012|lvl3_cell_types	934	1	3	0.0
CAP	Cell Ontology term	963	FIBRO ADIPOGENIC PROGENITOR CELL	fibro/adipogenic progenitor cell	cap|3012|lvl3_cell_types	934	1	3	1.0
CAP	Cell Ontology term	964	FIBRO ADIPOGENIC PROGENITOR CELL	fibro/adipogenic progenitor cell	cap|3012|lvl3_cell_types	934	1	3	0.0
CAP	Cell Ontology term	965	FIBRO ADIPOGENIC PROGENITOR CELL	fibro/adipogenic progenitor cell	cap|3012|lvl3_cell_types	934	3	3	0.0
CAP	Cell Ontology term	966	ENDOTHELIAL CELL	endothelial cell	cap|3013|lvl2_cell_types	934	4	16	0.75
CAP	Cell Ontology term	967	MURAL CELL	mural cell	cap|3013|lvl2_cell_types	934	4	1	0.0
CAP	Cell Ontology term	968	ENDOTHELIAL CELL OF ARTERY	endothelial cell of artery	cap|3013|lvl3_cell_types	934	3	6	0.3333333333333333
CAP	Cell Ontology term	969	CAPILLARY ENDOTHELIAL CELL	capillary endothelial cell	cap|3013|lvl3_cell_types	934	3	4	0.3333333333333333
CAP	Cell Ontology term	970	ENDOTHELIAL CELL OF LYMPHATIC VESSEL	endothelial cell of lymphatic vessel	cap|3013|lvl3_cell_types	934	2	12	1.0
CAP	Cell Ontology term	971	VEIN ENDOTHELIAL CELL	vein endothelial cell	cap|3013|lvl3_cell_types	934	1	8	1.0
CAP	Cell Ontology term	972	MESOTHELIAL CELL	mesothelial cell	cap|3014|lvl2_cell_types	934	3	5	1.0
CAP	Cell Ontology term	973	MESOTHELIAL CELL	mesothelial cell	cap|3014|lvl3_cell_types	934	3	5	1.0
CAP	Cell Ontology term	974	B CELL	B cell	cap|3015|lvl2_cell_types	934	5	13	0.4
CAP	Cell Ontology term	975	ENDOTHELIAL CELL	endothelial cell	cap|3015|lvl2_cell_types	934	4	16	0.75
CAP	Cell Ontology term	976	MYELOID LEUKOCYTE	myeloid leukocyte	cap|3015|lvl2_cell_types	934	3	1	0.0
CAP	Cell Ontology term	977	MURAL CELL	mural cell	cap|3015|lvl2_cell_types	934	4	1	0.0
CAP	Cell Ontology term	978	LYMPHOCYTE	lymphocyte	cap|3015|lvl2_cell_types	934	4	6	0.25
CAP	Cell Ontology term	979	DENDRITIC CELL	dendritic cell	cap|3015|lvl3_cell_types	934	4	11	0.75
CAP	Cell Ontology term	980	ENDOTHELIAL CELL OF ARTERY	endothelial cell of artery	cap|3015|lvl3_cell_types	934	3	6	0.3333333333333333
CAP	Cell Ontology term	981	B CELL	B cell	cap|3015|lvl3_cell_types	934	3	13	0.6666666666666666
CAP	Cell Ontology term	982	CAPILLARY ENDOTHELIAL CELL	capillary endothelial cell	cap|3015|lvl3_cell_types	934	3	4	0.3333333333333333
CAP	Cell Ontology term	983	CD 14 POSITIVE CD 16 POSITIVE MONOCYTE	CD14-positive, CD16-positive monocyte	cap|3015|lvl3_cell_types	934	3	1	0.6666666666666666
CAP	Cell Ontology term	984	CD 14 POSITIVE CD 16 NEGATIVE CLASSICAL MONOCYTE	CD14-positive, CD16-negative classical monocyte	cap|3015|lvl3_cell_types	934	2	1	0.0
CAP	Cell Ontology term	985	MONOCYTE	monocyte	cap|3015|lvl3_cell_types	934	1	9	1.0
CAP	Cell Ontology term	986	CD 4 POSITIVE ALPHA BETA T CELL	CD4-positive, alpha-beta T cell	cap|3015|lvl3_cell_types	934	2	1	0.0
CAP	Cell Ontology term	987	CD 16 POSITIVE CD 56 DIM NATURAL KILLER CELL HUMAN	CD16-positive, CD56-dim natural killer cell, human	cap|3015|lvl3_cell_types	934	4	3	1.0
CAP	Cell Ontology term	990	CONVENTIONAL DENDRITIC CELL	conventional dendritic cell	cap|3015|lvl3_cell_types	934	3	13	1.0
CAP	Cell Ontology term	991	DENDRITIC CELL	dendritic cell	cap|3015|lvl3_cell_types	934	3	11	0.0
CAP	Cell Ontology term	992	CD 8 POSITIVE ALPHA BETA CYTOTOXIC T CELL	CD8-positive, alpha-beta cytotoxic T cell	cap|3015|lvl3_cell_types	934	2	1	0.0
CAP	Cell Ontology term	993	FIBRO ADIPOGENIC PROGENITOR CELL	fibro/adipogenic progenitor cell	cap|3015|lvl3_cell_types	934	2	3	1.0
CAP	Cell Ontology term	994	FIBRO ADIPOGENIC PROGENITOR CELL	fibro/adipogenic progenitor cell	cap|3015|lvl3_cell_types	934	1	3	0.0
CAP	Cell Ontology term	995	FIBRO ADIPOGENIC PROGENITOR CELL	fibro/adipogenic progenitor cell	cap|3015|lvl3_cell_types	934	1	3	1.0
CAP	Cell Ontology term	997	LIPID ASSOCIATED MACROPHAGE	lipid-associated macrophage	cap|3015|lvl3_cell_types	934	3	2	0.6666666666666666
CAP	Cell Ontology term	998	ENDOTHELIAL CELL OF LYMPHATIC VESSEL	endothelial cell of lymphatic vessel	cap|3015|lvl3_cell_types	934	1	12	1.0
CAP	Cell Ontology term	1000	MUCOSAL ASSOCIATED INVARIANT T CELL	mucosal-associated invariant T cell	cap|3015|lvl3_cell_types	934	2	2	0.0
CAP	Cell Ontology term	1001	NEUTROPHIL	neutrophil	cap|3015|lvl3_cell_types	934	4	4	1.0
CAP	Cell Ontology term	1002	PLASMACYTOID DENDRITIC CELL	plasmacytoid dendritic cell	cap|3015|lvl3_cell_types	934	7	9	0.8571428571428571
CAP	Cell Ontology term	1003	FIBRO ADIPOGENIC PROGENITOR CELL	fibro/adipogenic progenitor cell	cap|3015|lvl3_cell_types	934	1	3	0.0
CAP	Cell Ontology term	1004	CYCLING T CELL	cycling T cell	cap|3015|lvl3_cell_types	934	1	3	1.0
CAP	Cell Ontology term	1006	FIBRO ADIPOGENIC PROGENITOR CELL	fibro/adipogenic progenitor cell	cap|3015|lvl3_cell_types	934	3	3	0.0
CAP	Cell Ontology term	1007	REGULATORY T CELL	regulatory T cell	cap|3015|lvl3_cell_types	934	3	6	1.0
CAP	Cell Ontology term	1008	VEIN ENDOTHELIAL CELL	vein endothelial cell	cap|3015|lvl3_cell_types	934	1	8	1.0
CAP	Cell Ontology term	1009	B CELL	B cell	cap|3016|lvl2_cell_types	934	5	13	0.4
CAP	Cell Ontology term	1010	LYMPHOCYTE	lymphocyte	cap|3016|lvl2_cell_types	934	4	6	0.25
CAP	Cell Ontology term	1011	B CELL	B cell	cap|3016|lvl3_cell_types	934	3	13	0.6666666666666666
CAP	Cell Ontology term	1012	CD 4 POSITIVE ALPHA BETA T CELL	CD4-positive, alpha-beta T cell	cap|3016|lvl3_cell_types	934	2	1	0.0
CAP	Cell Ontology term	1013	CD 16 POSITIVE CD 56 DIM NATURAL KILLER CELL HUMAN	CD16-positive, CD56-dim natural killer cell, human	cap|3016|lvl3_cell_types	934	5	3	1.0
CAP	Cell Ontology term	1016	CD 8 POSITIVE ALPHA BETA CYTOTOXIC T CELL	CD8-positive, alpha-beta cytotoxic T cell	cap|3016|lvl3_cell_types	934	2	1	0.0
CAP	Cell Ontology term	1018	MUCOSAL ASSOCIATED INVARIANT T CELL	mucosal-associated invariant T cell	cap|3016|lvl3_cell_types	934	2	2	0.0
CAP	Cell Ontology term	1019	CYCLING T CELL	cycling T cell	cap|3016|lvl3_cell_types	934	1	3	1.0
CAP	Cell Ontology term	1020	REGULATORY T CELL	regulatory T cell	cap|3016|lvl3_cell_types	934	3	6	1.0
CAP	Cell Ontology term	1021	MYELOID LEUKOCYTE	myeloid leukocyte	cap|3017|lvl2_cell_types	934	3	1	0.0
CAP	Cell Ontology term	1022	DENDRITIC CELL	dendritic cell	cap|3017|lvl3_cell_types	934	4	11	0.75
CAP	Cell Ontology term	1023	CD 14 POSITIVE CD 16 POSITIVE MONOCYTE	CD14-positive, CD16-positive monocyte	cap|3017|lvl3_cell_types	934	4	1	0.75
CAP	Cell Ontology term	1024	CD 14 POSITIVE CD 16 NEGATIVE CLASSICAL MONOCYTE	CD14-positive, CD16-negative classical monocyte	cap|3017|lvl3_cell_types	934	2	1	0.0
CAP	Cell Ontology term	1025	MONOCYTE	monocyte	cap|3017|lvl3_cell_types	934	1	9	1.0
CAP	Cell Ontology term	1026	CONVENTIONAL DENDRITIC CELL	conventional dendritic cell	cap|3017|lvl3_cell_types	934	4	13	0.75
CAP	Cell Ontology term	1027	DENDRITIC CELL	dendritic cell	cap|3017|lvl3_cell_types	934	3	11	0.0
CAP	Cell Ontology term	1029	LIPID ASSOCIATED MACROPHAGE	lipid-associated macrophage	cap|3017|lvl3_cell_types	934	3	2	0.6666666666666666
CAP	Cell Ontology term	1030	NEUTROPHIL	neutrophil	cap|3017|lvl3_cell_types	934	4	4	1.0
CAP	Cell Ontology term	1031	PLASMACYTOID DENDRITIC CELL	plasmacytoid dendritic cell	cap|3017|lvl3_cell_types	934	7	9	0.8571428571428571
CAP	Cell Ontology term	1033	B CELL	B cell	cap|3018|lvl2_cell_types	934	5	13	0.4
CAP	Cell Ontology term	1034	ENDOTHELIAL CELL	endothelial cell	cap|3018|lvl2_cell_types	934	4	16	0.75
CAP	Cell Ontology term	1035	MYELOID LEUKOCYTE	myeloid leukocyte	cap|3018|lvl2_cell_types	934	3	1	0.0
CAP	Cell Ontology term	1036	MURAL CELL	mural cell	cap|3018|lvl2_cell_types	934	4	1	0.0
CAP	Cell Ontology term	1037	LYMPHOCYTE	lymphocyte	cap|3018|lvl2_cell_types	934	4	6	0.25
CAP	Cell Ontology term	1038	DENDRITIC CELL	dendritic cell	cap|3018|lvl3_cell_types	934	4	11	0.75
CAP	Cell Ontology term	1039	ENDOTHELIAL CELL OF ARTERY	endothelial cell of artery	cap|3018|lvl3_cell_types	934	3	6	0.3333333333333333
CAP	Cell Ontology term	1040	B CELL	B cell	cap|3018|lvl3_cell_types	934	3	13	0.6666666666666666
CAP	Cell Ontology term	1041	CAPILLARY ENDOTHELIAL CELL	capillary endothelial cell	cap|3018|lvl3_cell_types	934	3	4	0.3333333333333333
CAP	Cell Ontology term	1042	CD 14 POSITIVE CD 16 POSITIVE MONOCYTE	CD14-positive, CD16-positive monocyte	cap|3018|lvl3_cell_types	934	3	1	0.6666666666666666
CAP	Cell Ontology term	1043	CD 14 POSITIVE CD 16 NEGATIVE CLASSICAL MONOCYTE	CD14-positive, CD16-negative classical monocyte	cap|3018|lvl3_cell_types	934	2	1	0.0
CAP	Cell Ontology term	1044	MONOCYTE	monocyte	cap|3018|lvl3_cell_types	934	1	9	1.0
CAP	Cell Ontology term	1045	CD 4 POSITIVE ALPHA BETA T CELL	CD4-positive, alpha-beta T cell	cap|3018|lvl3_cell_types	934	2	1	0.0
CAP	Cell Ontology term	1046	CD 16 POSITIVE CD 56 DIM NATURAL KILLER CELL HUMAN	CD16-positive, CD56-dim natural killer cell, human	cap|3018|lvl3_cell_types	934	4	3	1.0
CAP	Cell Ontology term	1049	CONVENTIONAL DENDRITIC CELL	conventional dendritic cell	cap|3018|lvl3_cell_types	934	3	13	1.0
CAP	Cell Ontology term	1050	DENDRITIC CELL	dendritic cell	cap|3018|lvl3_cell_types	934	3	11	0.0
CAP	Cell Ontology term	1051	CD 8 POSITIVE ALPHA BETA CYTOTOXIC T CELL	CD8-positive, alpha-beta cytotoxic T cell	cap|3018|lvl3_cell_types	934	2	1	0.0
CAP	Cell Ontology term	1052	FIBRO ADIPOGENIC PROGENITOR CELL	fibro/adipogenic progenitor cell	cap|3018|lvl3_cell_types	934	2	3	1.0
CAP	Cell Ontology term	1053	FIBRO ADIPOGENIC PROGENITOR CELL	fibro/adipogenic progenitor cell	cap|3018|lvl3_cell_types	934	1	3	0.0
CAP	Cell Ontology term	1054	FIBRO ADIPOGENIC PROGENITOR CELL	fibro/adipogenic progenitor cell	cap|3018|lvl3_cell_types	934	1	3	1.0
CAP	Cell Ontology term	1056	LIPID ASSOCIATED MACROPHAGE	lipid-associated macrophage	cap|3018|lvl3_cell_types	934	3	2	0.6666666666666666
CAP	Cell Ontology term	1057	ENDOTHELIAL CELL OF LYMPHATIC VESSEL	endothelial cell of lymphatic vessel	cap|3018|lvl3_cell_types	934	1	12	1.0
CAP	Cell Ontology term	1059	MUCOSAL ASSOCIATED INVARIANT T CELL	mucosal-associated invariant T cell	cap|3018|lvl3_cell_types	934	2	2	0.0
CAP	Cell Ontology term	1060	NEUTROPHIL	neutrophil	cap|3018|lvl3_cell_types	934	4	4	1.0
CAP	Cell Ontology term	1061	PLASMACYTOID DENDRITIC CELL	plasmacytoid dendritic cell	cap|3018|lvl3_cell_types	934	7	9	0.8571428571428571
CAP	Cell Ontology term	1062	FIBRO ADIPOGENIC PROGENITOR CELL	fibro/adipogenic progenitor cell	cap|3018|lvl3_cell_types	934	1	3	0.0
CAP	Cell Ontology term	1063	CYCLING T CELL	cycling T cell	cap|3018|lvl3_cell_types	934	1	3	1.0
CAP	Cell Ontology term	1065	FIBRO ADIPOGENIC PROGENITOR CELL	fibro/adipogenic progenitor cell	cap|3018|lvl3_cell_types	934	3	3	0.0
CAP	Cell Ontology term	1066	REGULATORY T CELL	regulatory T cell	cap|3018|lvl3_cell_types	934	3	6	1.0
CAP	Cell Ontology term	1067	VEIN ENDOTHELIAL CELL	vein endothelial cell	cap|3018|lvl3_cell_types	934	1	8	1.0
CAP	Cell Ontology term	1068	B CELL	B cell	cap|3019|lvl2_cell_types	934	5	13	0.4
CAP	Cell Ontology term	1069	ENDOTHELIAL CELL	endothelial cell	cap|3019|lvl2_cell_types	934	4	16	0.75
CAP	Cell Ontology term	1070	MYELOID LEUKOCYTE	myeloid leukocyte	cap|3019|lvl2_cell_types	934	3	1	0.0
CAP	Cell Ontology term	1071	MESOTHELIAL CELL	mesothelial cell	cap|3019|lvl2_cell_types	934	3	5	1.0
CAP	Cell Ontology term	1072	MURAL CELL	mural cell	cap|3019|lvl2_cell_types	934	4	1	0.0
CAP	Cell Ontology term	1073	LYMPHOCYTE	lymphocyte	cap|3019|lvl2_cell_types	934	4	6	0.25
CAP	Cell Ontology term	1074	DENDRITIC CELL	dendritic cell	cap|3019|lvl3_cell_types	934	4	11	0.75
CAP	Cell Ontology term	1075	ENDOTHELIAL CELL OF ARTERY	endothelial cell of artery	cap|3019|lvl3_cell_types	934	3	6	0.3333333333333333
CAP	Cell Ontology term	1076	B CELL	B cell	cap|3019|lvl3_cell_types	934	3	13	0.6666666666666666
CAP	Cell Ontology term	1077	CAPILLARY ENDOTHELIAL CELL	capillary endothelial cell	cap|3019|lvl3_cell_types	934	3	4	0.3333333333333333
CAP	Cell Ontology term	1078	CD 14 POSITIVE CD 16 POSITIVE MONOCYTE	CD14-positive, CD16-positive monocyte	cap|3019|lvl3_cell_types	934	3	1	0.6666666666666666
CAP	Cell Ontology term	1079	CD 14 POSITIVE CD 16 NEGATIVE CLASSICAL MONOCYTE	CD14-positive, CD16-negative classical monocyte	cap|3019|lvl3_cell_types	934	2	1	0.0
CAP	Cell Ontology term	1080	MONOCYTE	monocyte	cap|3019|lvl3_cell_types	934	1	9	1.0
CAP	Cell Ontology term	1081	CD 4 POSITIVE ALPHA BETA T CELL	CD4-positive, alpha-beta T cell	cap|3019|lvl3_cell_types	934	2	1	0.0
CAP	Cell Ontology term	1082	CD 16 POSITIVE CD 56 DIM NATURAL KILLER CELL HUMAN	CD16-positive, CD56-dim natural killer cell, human	cap|3019|lvl3_cell_types	934	4	3	1.0
CAP	Cell Ontology term	1085	CONVENTIONAL DENDRITIC CELL	conventional dendritic cell	cap|3019|lvl3_cell_types	934	3	13	1.0
CAP	Cell Ontology term	1086	DENDRITIC CELL	dendritic cell	cap|3019|lvl3_cell_types	934	3	11	0.0
CAP	Cell Ontology term	1087	CD 8 POSITIVE ALPHA BETA CYTOTOXIC T CELL	CD8-positive, alpha-beta cytotoxic T cell	cap|3019|lvl3_cell_types	934	2	1	0.0
CAP	Cell Ontology term	1088	FIBRO ADIPOGENIC PROGENITOR CELL	fibro/adipogenic progenitor cell	cap|3019|lvl3_cell_types	934	2	3	1.0
CAP	Cell Ontology term	1089	FIBRO ADIPOGENIC PROGENITOR CELL	fibro/adipogenic progenitor cell	cap|3019|lvl3_cell_types	934	1	3	0.0
CAP	Cell Ontology term	1090	FIBRO ADIPOGENIC PROGENITOR CELL	fibro/adipogenic progenitor cell	cap|3019|lvl3_cell_types	934	1	3	1.0
CAP	Cell Ontology term	1092	LIPID ASSOCIATED MACROPHAGE	lipid-associated macrophage	cap|3019|lvl3_cell_types	934	3	2	0.6666666666666666
CAP	Cell Ontology term	1093	ENDOTHELIAL CELL OF LYMPHATIC VESSEL	endothelial cell of lymphatic vessel	cap|3019|lvl3_cell_types	934	1	12	1.0
CAP	Cell Ontology term	1095	MESOTHELIAL CELL	mesothelial cell	cap|3019|lvl3_cell_types	934	3	5	1.0
CAP	Cell Ontology term	1096	MUCOSAL ASSOCIATED INVARIANT T CELL	mucosal-associated invariant T cell	cap|3019|lvl3_cell_types	934	2	2	0.0
CAP	Cell Ontology term	1097	NEUTROPHIL	neutrophil	cap|3019|lvl3_cell_types	934	4	4	1.0
CAP	Cell Ontology term	1098	PLASMACYTOID DENDRITIC CELL	plasmacytoid dendritic cell	cap|3019|lvl3_cell_types	934	7	9	0.8571428571428571
CAP	Cell Ontology term	1099	FIBRO ADIPOGENIC PROGENITOR CELL	fibro/adipogenic progenitor cell	cap|3019|lvl3_cell_types	934	1	3	0.0
CAP	Cell Ontology term	1100	CYCLING T CELL	cycling T cell	cap|3019|lvl3_cell_types	934	1	3	1.0
CAP	Cell Ontology term	1102	FIBRO ADIPOGENIC PROGENITOR CELL	fibro/adipogenic progenitor cell	cap|3019|lvl3_cell_types	934	3	3	0.0
CAP	Cell Ontology term	1103	REGULATORY T CELL	regulatory T cell	cap|3019|lvl3_cell_types	934	3	6	1.0
CAP	Cell Ontology term	1104	VEIN ENDOTHELIAL CELL	vein endothelial cell	cap|3019|lvl3_cell_types	934	1	8	1.0
CAP	Cell Ontology term	1105	B CELL	B cell	cap|3021|lvl2_cell_types	934	5	13	0.4
CAP	Cell Ontology term	1106	ENDOTHELIAL CELL	endothelial cell	cap|3021|lvl2_cell_types	934	4	16	0.75
CAP	Cell Ontology term	1107	MYELOID LEUKOCYTE	myeloid leukocyte	cap|3021|lvl2_cell_types	934	3	1	0.0
CAP	Cell Ontology term	1108	MESOTHELIAL CELL	mesothelial cell	cap|3021|lvl2_cell_types	934	3	5	1.0
CAP	Cell Ontology term	1109	MURAL CELL	mural cell	cap|3021|lvl2_cell_types	934	4	1	0.0
CAP	Cell Ontology term	1110	LYMPHOCYTE	lymphocyte	cap|3021|lvl2_cell_types	934	4	6	0.25
CAP	Cell Ontology term	1111	DENDRITIC CELL	dendritic cell	cap|3021|lvl3_cell_types	934	4	11	0.75
CAP	Cell Ontology term	1112	ENDOTHELIAL CELL OF ARTERY	endothelial cell of artery	cap|3021|lvl3_cell_types	934	3	6	0.3333333333333333
CAP	Cell Ontology term	1113	B CELL	B cell	cap|3021|lvl3_cell_types	934	3	13	0.6666666666666666
CAP	Cell Ontology term	1114	CAPILLARY ENDOTHELIAL CELL	capillary endothelial cell	cap|3021|lvl3_cell_types	934	3	4	0.3333333333333333
CAP	Cell Ontology term	1115	CD 14 POSITIVE CD 16 POSITIVE MONOCYTE	CD14-positive, CD16-positive monocyte	cap|3021|lvl3_cell_types	934	3	1	0.6666666666666666
CAP	Cell Ontology term	1116	CD 14 POSITIVE CD 16 NEGATIVE CLASSICAL MONOCYTE	CD14-positive, CD16-negative classical monocyte	cap|3021|lvl3_cell_types	934	2	1	0.0
CAP	Cell Ontology term	1117	MONOCYTE	monocyte	cap|3021|lvl3_cell_types	934	1	9	1.0
CAP	Cell Ontology term	1118	CD 4 POSITIVE ALPHA BETA T CELL	CD4-positive, alpha-beta T cell	cap|3021|lvl3_cell_types	934	2	1	0.0
CAP	Cell Ontology term	1119	CD 16 POSITIVE CD 56 DIM NATURAL KILLER CELL HUMAN	CD16-positive, CD56-dim natural killer cell, human	cap|3021|lvl3_cell_types	934	4	3	1.0
CAP	Cell Ontology term	1122	CONVENTIONAL DENDRITIC CELL	conventional dendritic cell	cap|3021|lvl3_cell_types	934	3	13	1.0
CAP	Cell Ontology term	1123	DENDRITIC CELL	dendritic cell	cap|3021|lvl3_cell_types	934	3	11	0.0
CAP	Cell Ontology term	1124	CD 8 POSITIVE ALPHA BETA CYTOTOXIC T CELL	CD8-positive, alpha-beta cytotoxic T cell	cap|3021|lvl3_cell_types	934	2	1	0.0
CAP	Cell Ontology term	1125	FIBRO ADIPOGENIC PROGENITOR CELL	fibro/adipogenic progenitor cell	cap|3021|lvl3_cell_types	934	2	3	1.0
CAP	Cell Ontology term	1126	FIBRO ADIPOGENIC PROGENITOR CELL	fibro/adipogenic progenitor cell	cap|3021|lvl3_cell_types	934	1	3	0.0
CAP	Cell Ontology term	1127	FIBRO ADIPOGENIC PROGENITOR CELL	fibro/adipogenic progenitor cell	cap|3021|lvl3_cell_types	934	1	3	1.0
CAP	Cell Ontology term	1129	LIPID ASSOCIATED MACROPHAGE	lipid-associated macrophage	cap|3021|lvl3_cell_types	934	3	2	0.6666666666666666
CAP	Cell Ontology term	1130	ENDOTHELIAL CELL OF LYMPHATIC VESSEL	endothelial cell of lymphatic vessel	cap|3021|lvl3_cell_types	934	1	12	1.0
CAP	Cell Ontology term	1132	MESOTHELIAL CELL	mesothelial cell	cap|3021|lvl3_cell_types	934	3	5	1.0
CAP	Cell Ontology term	1133	MUCOSAL ASSOCIATED INVARIANT T CELL	mucosal-associated invariant T cell	cap|3021|lvl3_cell_types	934	2	2	0.0
CAP	Cell Ontology term	1134	NEUTROPHIL	neutrophil	cap|3021|lvl3_cell_types	934	4	4	1.0
CAP	Cell Ontology term	1135	PLASMACYTOID DENDRITIC CELL	plasmacytoid dendritic cell	cap|3021|lvl3_cell_types	934	7	9	0.8571428571428571
CAP	Cell Ontology term	1136	FIBRO ADIPOGENIC PROGENITOR CELL	fibro/adipogenic progenitor cell	cap|3021|lvl3_cell_types	934	1	3	0.0
CAP	Cell Ontology term	1137	CYCLING T CELL	cycling T cell	cap|3021|lvl3_cell_types	934	1	3	1.0
CAP	Cell Ontology term	1139	FIBRO ADIPOGENIC PROGENITOR CELL	fibro/adipogenic progenitor cell	cap|3021|lvl3_cell_types	934	3	3	0.0
CAP	Cell Ontology term	1140	REGULATORY T CELL	regulatory T cell	cap|3021|lvl3_cell_types	934	3	6	1.0
CAP	Cell Ontology term	1141	VEIN ENDOTHELIAL CELL	vein endothelial cell	cap|3021|lvl3_cell_types	934	1	8	1.0
CAP	Cell Ontology term	1142	MACROPHAGE	macrophage	cap|3052|author_cell_type	947	2	11	1.0
CAP	Cell Ontology term	1143	MACROPHAGE	macrophage	cap|3052|author_cell_type	947	2	11	1.0
CAP	Cell Ontology term	1144	MONOCYTE	monocyte	cap|3052|author_cell_type	947	3	13	0.6666666666666666
CAP	Cell Ontology term	1145	NATURAL KILLER CELL	natural killer cell	cap|3052|author_cell_type	947	2	9	1.0
CAP	Cell Ontology term	1146	NATURAL KILLER CELL	natural killer cell	cap|3052|author_cell_type	947	2	9	0.0
CAP	Cell Ontology term	1147	PERICYTE	pericyte	cap|3052|author_cell_type	947	5	12	0.8
CAP	Cell Ontology term	1148	RETINAL PIGMENT EPITHELIAL CELL	retinal pigment epithelial cell	cap|3052|author_cell_type	947	3	1	0.6666666666666666
CAP	Cell Ontology term	1149	RETINAL PIGMENT EPITHELIAL CELL	retinal pigment epithelial cell	cap|3052|author_cell_type	947	3	1	0.0
CAP	Cell Ontology term	1150	RETINAL PIGMENT EPITHELIAL CELL	retinal pigment epithelial cell	cap|3053|author_cell_type	947	1	1	0.0
CAP	Cell Ontology term	1151	RETINAL PIGMENT EPITHELIAL CELL	retinal pigment epithelial cell	cap|3053|author_cell_type	947	1	1	0.0
CAP	Cell Ontology term	1152	RETINAL PIGMENT EPITHELIAL CELL	retinal pigment epithelial cell	cap|3053|author_cell_type	947	1	1	0.0
CAP	Cell Ontology term	1153	RETINAL PIGMENT EPITHELIAL CELL	retinal pigment epithelial cell	cap|3053|author_cell_type	947	1	1	0.0
CAP	Cell Ontology term	1154	RETINAL PIGMENT EPITHELIAL CELL	retinal pigment epithelial cell	cap|3053|author_cell_type	947	1	1	0.0
CAP	Cell Ontology term	1157	FIBROBLAST	fibroblast	cap|3054|author_cell_type	947	3	33	0.6666666666666666
CAP	Cell Ontology term	1158	MACROPHAGE	macrophage	cap|3054|author_cell_type	947	3	11	1.0
CAP	Cell Ontology term	1159	PERICYTE	pericyte	cap|3054|author_cell_type	947	3	12	1.0
CAP	Cell Ontology term	1160	RETINAL PIGMENT EPITHELIAL CELL	retinal pigment epithelial cell	cap|3054|author_cell_type	947	1	1	0.0
CAP	Cell Ontology term	1161	RETINAL PIGMENT EPITHELIAL CELL	retinal pigment epithelial cell	cap|3054|author_cell_type	947	3	1	0.0
CAP	Cell Ontology term	1162	RETINAL PIGMENT EPITHELIAL CELL	retinal pigment epithelial cell	cap|3054|author_cell_type	947	1	1	0.0
CAP	Cell Ontology term	1163	NON MYELINATING SCHWANN CELL	non-myelinating Schwann cell	cap|3054|author_cell_type	947	3	4	0.6666666666666666
CAP	Cell Ontology term	1164	BLOOD VESSEL SMOOTH MUSCLE CELL	blood vessel smooth muscle cell	cap|3054|author_cell_type	947	1	2	0.0
CAP	Cell Ontology term	1165	BLOOD VESSEL SMOOTH MUSCLE CELL	blood vessel smooth muscle cell	cap|3054|author_cell_type	947	1	2	0.0
CAP	Cell Ontology term	1166	MACROPHAGE	macrophage	cap|3055|author_cell_type	947	3	11	1.0
CAP	Cell Ontology term	1167	PERICYTE	pericyte	cap|3055|author_cell_type	947	1	12	0.0
CAP	Cell Ontology term	1168	PERICYTE	pericyte	cap|3055|author_cell_type	947	1	12	0.0
CAP	Cell Ontology term	1169	RETINAL PIGMENT EPITHELIAL CELL	retinal pigment epithelial cell	cap|3055|author_cell_type	947	1	1	0.0
CAP	Cell Ontology term	1170	RETINAL PIGMENT EPITHELIAL CELL	retinal pigment epithelial cell	cap|3055|author_cell_type	947	1	1	0.0
CAP	Cell Ontology term	1171	RETINAL PIGMENT EPITHELIAL CELL	retinal pigment epithelial cell	cap|3055|author_cell_type	947	1	1	0.0
CAP	Cell Ontology term	1172	RETINAL PIGMENT EPITHELIAL CELL	retinal pigment epithelial cell	cap|3055|author_cell_type	947	1	1	0.0
CAP	Cell Ontology term	1173	RETINAL PIGMENT EPITHELIAL CELL	retinal pigment epithelial cell	cap|3055|author_cell_type	947	1	1	0.0
CAP	Cell Ontology term	1174	PERICYTE	pericyte	cap|3056|author_cell_type	947	1	12	0.0
CAP	Cell Ontology term	1175	PERICYTE	pericyte	cap|3056|author_cell_type	947	1	12	0.0
CAP	Cell Ontology term	1176	BLOOD VESSEL SMOOTH MUSCLE CELL	blood vessel smooth muscle cell	cap|3056|author_cell_type	947	1	2	0.0
CAP	Cell Ontology term	1177	BLOOD VESSEL SMOOTH MUSCLE CELL	blood vessel smooth muscle cell	cap|3056|author_cell_type	947	1	2	0.0
CAP	Cell Ontology term	1180	VEIN ENDOTHELIAL CELL	vein endothelial cell	cap|3057|author_cell_type	947	2	12	0.5
CAP	Cell Ontology term	1185	CD 16 POSITIVE CD 56 DIM NATURAL KILLER CELL HUMAN	CD16-positive, CD56-dim natural killer cell, human	cap|591|author_cell_type	336	2	7	0.5
CAP	Cell Ontology term	1189	CD 16 NEGATIVE CD 56 BRIGHT NATURAL KILLER CELL HUMAN	CD16-negative, CD56-bright natural killer cell, human	cap|591|author_cell_type	336	4	4	1.0
CAP	Cell Ontology term	1193	CD 1 C POSITIVE MYELOID DENDRITIC CELL	CD1c-positive myeloid dendritic cell	cap|591|author_cell_type	336	3	5	1.0
CAP	Cell Ontology term	1197	MEMORY B CELL	memory B cell	cap|591|author_cell_type	336	1	5	0.0
CAP	Cell Ontology term	1200	REGULATORY T CELL	regulatory T cell	cap|591|author_cell_type	336	4	10	0.75
CAP	Cell Ontology term	1202	CENTROBLAST	centroblast	cap|816|celltype	387	2	5	0.5
CAP	Cell Ontology term	1204	CENTROCYTE	centrocyte	cap|816|celltype	387	3	4	0.3333333333333333
CAP	Cell Ontology term	1205	CONVENTIONAL DENDRITIC CELL	conventional dendritic cell	cap|816|celltype	387	2	16	1.0
CAP	Cell Ontology term	1207	DENDRITIC CELL	dendritic cell	cap|816|celltype	387	1	18	1.0
CAP	Cell Ontology term	1208	EPITHELIAL CELL	epithelial cell	cap|816|celltype	387	4	15	0.25
CAP	Cell Ontology term	1210	ENDOTHELIAL CELL OF ARTERY	endothelial cell of artery	cap|816|celltype	387	2	10	0.0
CAP	Cell Ontology term	1211	CAPILLARY ENDOTHELIAL CELL	capillary endothelial cell	cap|816|celltype	387	1	8	1.0
CAP	Cell Ontology term	1212	MURAL CELL	mural cell	cap|816|celltype	387	1	5	0.0
CAP	Cell Ontology term	1213	VEIN ENDOTHELIAL CELL	vein endothelial cell	cap|816|celltype	387	3	12	1.0
CAP	Cell Ontology term	1215	FIBROBLAST	fibroblast	cap|816|celltype	387	4	33	0.5
CAP	Cell Ontology term	1216	FOLLICULAR DENDRITIC CELL	follicular dendritic cell	cap|816|celltype	387	3	4	0.6666666666666666
CAP	Cell Ontology term	1218	FOLLICULAR DENDRITIC CELL	follicular dendritic cell	cap|816|celltype	387	1	4	0.0
CAP	Cell Ontology term	1219	GOBLET CELL	goblet cell	cap|816|celltype	387	3	6	1.0
CAP	Cell Ontology term	1220	MACROPHAGE	macrophage	cap|816|celltype	387	1	14	1.0
CAP	Cell Ontology term	1221	CONVENTIONAL DENDRITIC CELL	conventional dendritic cell	cap|816|celltype	387	2	16	0.0
CAP	Cell Ontology term	1222	DENDRITIC CELL	dendritic cell	cap|816|celltype	387	1	18	0.0
CAP	Cell Ontology term	1223	M CELL OF GUT	M cell of gut	cap|816|celltype	387	2	2	0.5
CAP	Cell Ontology term	1224	MONOCYTE	monocyte	cap|816|celltype	387	4	12	1.0
CAP	Cell Ontology term	1226	MONOCYTE	monocyte	cap|816|celltype	387	1	12	0.0
CAP	Cell Ontology term	1228	DENDRITIC CELL	dendritic cell	cap|816|celltype	387	1	18	0.0
CAP	Cell Ontology term	1229	MAST CELL	mast cell	cap|816|celltype	387	6	13	0.5
CAP	Cell Ontology term	1231	MYOFIBROBLAST CELL	myofibroblast cell	cap|816|celltype	387	2	5	0.0
CAP	Cell Ontology term	1232	NATURAL KILLER CELL	natural killer cell	cap|816|celltype	387	3	9	0.6666666666666666
CAP	Cell Ontology term	1233	PANETH CELL	paneth cell	cap|816|celltype	387	2	2	1.0
CAP	Cell Ontology term	1234	PLASMACYTOID DENDRITIC CELL	plasmacytoid dendritic cell	cap|816|celltype	387	1	13	1.0
CAP	Cell Ontology term	1240	SECRETORY CELL	secretory cell	cap|816|celltype	387	2	1	0.0
CAP	Cell Ontology term	1242	NATURAL KILLER CELL	natural killer cell	cap|816|celltype	387	5	9	0.2
CAP	Cell Ontology term	1243	T CELL	T cell	cap|816|celltype	387	5	9	0.0
CAP	Cell Ontology term	1245	INTESTINAL TUFT CELL	intestinal tuft cell	cap|816|celltype	387	2	2	0.0
CAP	Cell Ontology term	1246	DENDRITIC CELL	dendritic cell	cap|825|cell_type_azimuth	389	5	19	0.4
CAP	Cell Ontology term	1247	B CELL	B cell	cap|825|cell_type_azimuth	389	5	22	0.0
CAP	Cell Ontology term	1248	MEMORY B CELL	memory B cell	cap|825|cell_type_azimuth	389	3	4	0.0
CAP	Cell Ontology term	1250	NAIVE T CELL	naive T cell	cap|825|cell_type_azimuth	389	1	3	0.0
CAP	Cell Ontology term	1253	T FOLLICULAR HELPER CELL	T follicular helper cell	cap|825|cell_type_azimuth	389	4	2	0.25
CAP	Cell Ontology term	1254	T FOLLICULAR HELPER CELL	T follicular helper cell	cap|825|cell_type_azimuth	389	2	2	0.0
CAP	Cell Ontology term	1255	REGULATORY T CELL	regulatory T cell	cap|825|cell_type_azimuth	389	5	10	0.6
CAP	Cell Ontology term	1257	CD 8 POSITIVE ALPHA BETA CYTOTOXIC T CELL	CD8-positive, alpha-beta cytotoxic T cell	cap|825|cell_type_azimuth	389	2	5	0.0
CAP	Cell Ontology term	1262	T CELL	T cell	cap|825|cell_type_azimuth	389	1	10	0.0
CAP	Cell Ontology term	1263	DENDRITIC CELL	dendritic cell	cap|825|cell_type_azimuth	389	4	19	0.5
CAP	Cell Ontology term	1265	CENTROBLAST	centroblast	cap|825|cell_type_azimuth	389	2	3	0.0
CAP	Cell Ontology term	1268	MEMORY B CELL	memory B cell	cap|825|cell_type_azimuth	389	4	4	0.0
CAP	Cell Ontology term	1269	FOLLICULAR DENDRITIC CELL	follicular dendritic cell	cap|825|cell_type_azimuth	389	1	4	1.0
CAP	Cell Ontology term	1270	GRANULOCYTE	granulocyte	cap|825|cell_type_azimuth	389	4	3	0.25
CAP	Cell Ontology term	1273	CENTROCYTE	centrocyte	cap|825|cell_type_azimuth	389	2	3	0.0
CAP	Cell Ontology term	1275	MAST CELL	mast cell	cap|825|cell_type_azimuth	389	3	13	1.0
CAP	Cell Ontology term	1276	PLASMA CELL	plasma cell	cap|825|cell_type_azimuth	389	2	7	0.0
CAP	Cell Ontology term	1277	MACROPHAGE	macrophage	cap|825|cell_type_azimuth	389	2	13	0.5
CAP	Cell Ontology term	1278	NATURAL KILLER CELL	natural killer cell	cap|825|cell_type_azimuth	389	4	10	0.75
CAP	Cell Ontology term	1279	CD 16 NEGATIVE CD 56 BRIGHT NATURAL KILLER CELL HUMAN	CD16-negative, CD56-bright natural killer cell, human	cap|825|cell_type_azimuth	389	3	4	0.3333333333333333
CAP	Cell Ontology term	1282	PLASMA CELL	plasma cell	cap|825|cell_type_azimuth	389	2	7	0.5
CAP	Cell Ontology term	1283	PLASMACYTOID DENDRITIC CELL	plasmacytoid dendritic cell	cap|825|cell_type_azimuth	389	3	13	1.0
CAP	Cell Ontology term	1286	MEMORY B CELL	memory B cell	cap|825|cell_type_azimuth	389	2	4	0.0
