cluster	profile_idx	profile_uid	paper_key	cell_type	normalized_cell_type	marker_names	marker_ids
1	36	biorxiv|0bd28b37-6e2e-1014-871e-a496f0a6bacd|TUMOR CELL	biorxiv:0bd28b37-6e2e-1014-871e-a496f0a6bacd	TUMOR CELL	TUMOR CELL	KRT17;SFN;KRT5;KRT14;S100A2;S100A14	ENSG00000128422;ENSG00000175793;ENSG00000186081;ENSG00000186847;ENSG00000196754;ENSG00000237632
1	125	biorxiv|219b21d9-7007-1014-9157-ab439216a355|SMC2	biorxiv:219b21d9-7007-1014-9157-ab439216a355	SMC2	SMC 2	ACTA2;CNN1;MYH11;PLN	ENSG00000107796;ENSG00000130176;ENSG00000133392;ENSG00000198523
1	126	biorxiv|219b21d9-7007-1014-9157-ab439216a355|SMC3	biorxiv:219b21d9-7007-1014-9157-ab439216a355	SMC3	SMC 3	ITGA8;ACTA2;MYH10;MYH11;ACTG2	ENSG00000077943;ENSG00000107796;ENSG00000133026;ENSG00000133392;ENSG00000163017
1	131	biorxiv|2439b48c-6d2d-1014-8b64-9f8fdc0d5fe9|BASAL CELL	biorxiv:2439b48c-6d2d-1014-8b64-9f8fdc0d5fe9	BASAL CELL	BASAL CELL	TP63;KRT17;ITGB4;KRT5;KRT14	ENSG00000073282;ENSG00000128422;ENSG00000132470;ENSG00000186081;ENSG00000186847
1	288	biorxiv|53fe4c58-6d7e-1014-9234-a9ab6cb90679|PERICYTES	biorxiv:53fe4c58-6d7e-1014-9234-a9ab6cb90679	PERICYTES	PERICYTES	NOTCH3;PDGFRB;RGS5;NDUFA4L2	ENSG00000074181;ENSG00000113721;ENSG00000143248;ENSG00000185633
1	314	biorxiv|5c1d40eb-7190-1014-a458-8ab6cf3c7650|MYOEPITHELIAL-LIKE CELL	biorxiv:5c1d40eb-7190-1014-a458-8ab6cf3c7650	MYOEPITHELIAL-LIKE CELL	MYOEPITHELIAL LIKE CELL	TP63;ACTA2;CNN1	ENSG00000073282;ENSG00000107796;ENSG00000130176
1	349	biorxiv|6ca25eee-7853-1014-8aed-fc8cff0a87e5|SMG MYOEPITHELIAL CELL	biorxiv:6ca25eee-7853-1014-8aed-fc8cff0a87e5	SMG MYOEPITHELIAL CELL	SMG MYOEPITHELIAL CELL	TP63;ACTA2;KRT5;KRT14	ENSG00000073282;ENSG00000107796;ENSG00000186081;ENSG00000186847
1	350	biorxiv|6ca25eee-7853-1014-8aed-fc8cff0a87e5|SMG MYOEPITHELIAL CELL (MEC)	biorxiv:6ca25eee-7853-1014-8aed-fc8cff0a87e5	SMG MYOEPITHELIAL CELL (MEC)	SMG MYOEPITHELIAL CELL MEC	ACTA2;PLD5;KRT5	ENSG00000107796;ENSG00000180287;ENSG00000186081
1	388	biorxiv|78211bc7-6c0f-1014-bc42-c103d41718b8|MYOEPITHELIAL	biorxiv:78211bc7-6c0f-1014-bc42-c103d41718b8	MYOEPITHELIAL	MYOEPITHELIAL	FHOD3;TAGLN;KRT14	ENSG00000134775;ENSG00000149591;ENSG00000186847
1	420	biorxiv|824fd1db-6db8-1014-aa73-9a84848dcec3|BASAL LINEAGE	biorxiv:824fd1db-6db8-1014-aa73-9a84848dcec3	BASAL LINEAGE	BASAL LINEAGE	ACTA2;KRT5;KRT14	ENSG00000107796;ENSG00000186081;ENSG00000186847
1	422	biorxiv|824fd1db-6db8-1014-aa73-9a84848dcec3|VASCULAR SMOOTH MUSCLE CELL	biorxiv:824fd1db-6db8-1014-aa73-9a84848dcec3	VASCULAR SMOOTH MUSCLE CELL	VASCULAR SMOOTH MUSCLE CELL	MYL9;CNN1;TAGLN	ENSG00000101335;ENSG00000130176;ENSG00000149591
1	490	biorxiv|98d19bc0-7b12-1014-9641-857e081ce400|CONTRACTILE SMCS	biorxiv:98d19bc0-7b12-1014-9641-857e081ce400	CONTRACTILE SMCS	CONTRACTILE SMCS	MYL9;ACTA2;TAGLN	ENSG00000101335;ENSG00000107796;ENSG00000149591
1	665	biorxiv|bc260922-6c47-1014-a865-fe4e19bf3ea8|BASAL CELL	biorxiv:bc260922-6c47-1014-a865-fe4e19bf3ea8	BASAL CELL	BASAL CELL	COL17A1;KRT5;KRT14	ENSG00000065618;ENSG00000186081;ENSG00000186847
1	726	biorxiv|cf0d429c-6c7f-1014-a5a8-f09b6915373d|BASAL CELL	biorxiv:cf0d429c-6c7f-1014-a5a8-f09b6915373d	BASAL CELL	BASAL CELL	TP63;DLK2;KRT5	ENSG00000073282;ENSG00000171462;ENSG00000186081
1	823	biorxiv|e2efdcad-73c4-1014-9c6c-8a89f519fd2d|PERICYTES/SMOOTH MUSCLE CELLS	biorxiv:e2efdcad-73c4-1014-9c6c-8a89f519fd2d	PERICYTES/SMOOTH MUSCLE CELLS	PERICYTES SMOOTH MUSCLE CELLS	ACTA2;MYH11;COL4A1	ENSG00000107796;ENSG00000133392;ENSG00000187498
1	954	hca|0001_10.1016_j.celrep.2018.11.086_7aff07407b|BASAL	hca:0001_10.1016_j.celrep.2018.11.086_7aff07407b	BASAL	BASAL	TP63;KRT5;KRT14	ENSG00000073282;ENSG00000186081;ENSG00000186847
1	960	hca|0001_10.1016_j.celrep.2018.11.086_7aff07407b|SMOOTH MUSCLE	hca:0001_10.1016_j.celrep.2018.11.086_7aff07407b	SMOOTH MUSCLE	SMOOTH MUSCLE	MYL9;ACTA2;MYH11;TPM2	ENSG00000101335;ENSG00000107796;ENSG00000133392;ENSG00000198467
1	1000	hca|0011_10.1038_s41413-021-00163-z_07f1a1af96|PERICYTE	hca:0011_10.1038_s41413-021-00163-z_07f1a1af96	PERICYTE	PERICYTE	MCAM;ACTA2;TAGLN	ENSG00000076706;ENSG00000107796;ENSG00000149591
1	1005	hca|0012_10.1164_rccm.202207-1384oc_21f7132a40|SM1	hca:0012_10.1164_rccm.202207-1384oc_21f7132a40	SM1	SM 1	NOTCH3;PDGFRB;ADIRF	ENSG00000074181;ENSG00000113721;ENSG00000148671
1	1006	hca|0012_10.1164_rccm.202207-1384oc_21f7132a40|SM2	hca:0012_10.1164_rccm.202207-1384oc_21f7132a40	SM2	SM 2	NOTCH3;PDGFRB;ADIRF	ENSG00000074181;ENSG00000113721;ENSG00000148671
1	1079	hca|0039_10.1016_j.isci.2021.102405_1f6d3fbc60|EPITHELIAL-LIKE CELL POPULATION	hca:0039_10.1016_j.isci.2021.102405_1f6d3fbc60	EPITHELIAL-LIKE CELL POPULATION	EPITHELIAL LIKE CELL POPULATION	SFN;KRT5;KRT14	ENSG00000175793;ENSG00000186081;ENSG00000186847
1	1081	hca|0039_10.1016_j.isci.2021.102405_1f6d3fbc60|MYH11 + MSC SUBCLUSTER	hca:0039_10.1016_j.isci.2021.102405_1f6d3fbc60	MYH11 + MSC SUBCLUSTER	MYH 11 MSC SUBCLUSTER	ACTA2;RERGL;PLN	ENSG00000107796;ENSG00000111404;ENSG00000198523
1	1088	hca|0040_10.1016_j.xcrm.2021.100219_d37660c408|CLUSTER 15	hca:0040_10.1016_j.xcrm.2021.100219_d37660c408	CLUSTER 15	CLUSTER 15	TP63;ACTA2;KRT17	ENSG00000073282;ENSG00000107796;ENSG00000128422
1	1105	hca|0041_10.1016_j.xgen.2022.100108_d4824b85dd|MYOFB_2	hca:0041_10.1016_j.xgen.2022.100108_d4824b85dd	MYOFB_2	MYOFB 2	ACTA2;MYH11;MYOCD	ENSG00000107796;ENSG00000133392;ENSG00000141052
1	1150	hca|0047_10.15252_embj.2020107333_a4d0f57474|FIBROBLAST	hca:0047_10.15252_embj.2020107333_a4d0f57474	FIBROBLAST	FIBROBLAST	PDGFRB;POSTN;PDGFRA	ENSG00000113721;ENSG00000133110;ENSG00000134853
1	1162	hca|0048_10.1038_s41588-022-01243-4_ae2af85553|MYOEPITHELIAL CELL	hca:0048_10.1038_s41588-022-01243-4_ae2af85553	MYOEPITHELIAL CELL	MYOEPITHELIAL CELL	TP63;ACTA2;CNN1;TAGLN;KRT14	ENSG00000073282;ENSG00000107796;ENSG00000130176;ENSG00000149591;ENSG00000186847
1	1174	hca|0049_10.1038_s41586-023-06252-9_3d2f22d6e6|LUMSEC-BASAL	hca:0049_10.1038_s41586-023-06252-9_3d2f22d6e6	LUMSEC-BASAL	LUMSEC BASAL	LTF;KRT5;KRT14	ENSG00000012223;ENSG00000186081;ENSG00000186847
1	1204	hca|0056_10.1038_s41586-018-0449-8_fdcc67f757|BASAL	hca:0056_10.1038_s41586-018-0449-8_fdcc67f757	BASAL	BASAL	TP63;KRT5;LYPD2	ENSG00000073282;ENSG00000186081;ENSG00000197353
1	1215	hca|0060_10.3389_fcell.2022.872688_ac00c45d48|BASAL KERATINOCYTE	hca:0060_10.3389_fcell.2022.872688_ac00c45d48	BASAL KERATINOCYTE	BASAL KERATINOCYTE	KRT15;KRT5;KRT14	ENSG00000171346;ENSG00000186081;ENSG00000186847
1	1226	hca|0060_10.3389_fcell.2022.872688_ac00c45d48|VMSC	hca:0060_10.3389_fcell.2022.872688_ac00c45d48	VMSC	VMSC	ACTA2;CNN1;MYH11;TAGLN;TPM2	ENSG00000107796;ENSG00000130176;ENSG00000133392;ENSG00000149591;ENSG00000198467
1	1357	hca|0085_10.1073_pnas.2200914119_3dd916fb05|PERICYTES	hca:0085_10.1073_pnas.2200914119_3dd916fb05	PERICYTES	PERICYTES	NOTCH3;PDGFRB;ADCY3	ENSG00000074181;ENSG00000113721;ENSG00000155897
1	1387	hca|0089_10.1038_s41586-020-2797-4_6e65d21b5d|SMC2_ART	hca:0089_10.1038_s41586-020-2797-4_6e65d21b5d	SMC2_ART	SMC 2 ART	ACTA2;CNN1;TAGLN	ENSG00000107796;ENSG00000130176;ENSG00000149591
1	1438	hca|0094_10.1073_pnas.2404775121_07bae216d2|STRO-6	hca:0094_10.1073_pnas.2404775121_07bae216d2	STRO-6	STRO 6	ACTA2;MYH11;DES	ENSG00000107796;ENSG00000133392;ENSG00000175084
1	1439	hca|0094_10.1073_pnas.2404775121_07bae216d2|STROMAL	hca:0094_10.1073_pnas.2404775121_07bae216d2	STROMAL	STROMAL	ACTA2;COL1A1;PDGFRB;MYH11;THY1;DES	ENSG00000107796;ENSG00000108821;ENSG00000113721;ENSG00000133392;ENSG00000154096;ENSG00000175084
1	1445	hca|0095_10.1101_2021.09.16.460628_23a839e09f|MYOFIBROBLAST	hca:0095_10.1101_2021.09.16.460628_23a839e09f	MYOFIBROBLAST	MYOFIBROBLAST	ACTA2;PDGFRB;POSTN	ENSG00000107796;ENSG00000113721;ENSG00000133110
1	1447	hca|0095_10.1101_2021.09.16.460628_23a839e09f|SMOOTH MUSCLE	hca:0095_10.1101_2021.09.16.460628_23a839e09f	SMOOTH MUSCLE	SMOOTH MUSCLE	ACTA2;MYH11;DES	ENSG00000107796;ENSG00000133392;ENSG00000175084
1	1485	hca|0101_10.1038_s41467-020-15647-5_d22ec8f4b6|PERICYTE	hca:0101_10.1038_s41467-020-15647-5_d22ec8f4b6	PERICYTE	PERICYTE	MCAM;RGS5;CSPG4	ENSG00000076706;ENSG00000143248;ENSG00000173546
1	1529	hca|0109_10.7554_elife.91792.1_056dda27be|MYOFIBROBLASTS	hca:0109_10.7554_elife.91792.1_056dda27be	MYOFIBROBLASTS	MYOFIBROBLASTS	ACTA2;MYH11;ACTG2	ENSG00000107796;ENSG00000133392;ENSG00000163017
1	1559	hca|0118_10.1016_j.jid.2019.07.726_f70095db05|BASAL IFE	hca:0118_10.1016_j.jid.2019.07.726_f70095db05	BASAL IFE	BASAL IFE	COL17A1;KRT5;KRT14	ENSG00000065618;ENSG00000186081;ENSG00000186847
1	1616	hca|0132_10.1038_s41467-020-16239-z_001d78a35b|BASAL CELL	hca:0132_10.1038_s41467-020-16239-z_001d78a35b	BASAL CELL	BASAL CELL	TP63;IL33;KRT13;KRT5;KRT14	ENSG00000073282;ENSG00000137033;ENSG00000171401;ENSG00000186081;ENSG00000186847
1	1699	hca|0149_10.1038_s41368-023-00238-z_c77e60a0ab|MSC	hca:0149_10.1038_s41368-023-00238-z_c77e60a0ab	MSC	MSC	ACTA2;MYH11;THY1	ENSG00000107796;ENSG00000133392;ENSG00000154096
1	1722	hca|0158_10.2337_db21-0830_d021248f76|KERA A	hca:0158_10.2337_db21-0830_d021248f76	KERA A	KERA A	KRT1;KRT10;KRT14	ENSG00000167768;ENSG00000186395;ENSG00000186847
1	1730	hca|0158_10.2337_db21-0830_d021248f76|SMOOTH MUSCLE CELL	hca:0158_10.2337_db21-0830_d021248f76	SMOOTH MUSCLE CELL	SMOOTH MUSCLE CELL	ACTA2;TAGLN;TPM2	ENSG00000107796;ENSG00000149591;ENSG00000198467
1	1756	hca|0164_10.1177_00220345221147908_13bf485ac8|BASAL	hca:0164_10.1177_00220345221147908_13bf485ac8	BASAL	BASAL	TP63;KRT5;KRT14	ENSG00000073282;ENSG00000186081;ENSG00000186847
1	1760	hca|0164_10.1177_00220345221147908_13bf485ac8|MYOEPITHELIAL CELL	hca:0164_10.1177_00220345221147908_13bf485ac8	MYOEPITHELIAL CELL	MYOEPITHELIAL CELL	TP63;ACTA2;CNN1	ENSG00000073282;ENSG00000107796;ENSG00000130176
1	1783	hca|0169_10.1038_s41586-022-04541-3_a47d9e6ca0|MESENCHYMAL	hca:0169_10.1038_s41586-022-04541-3_a47d9e6ca0	MESENCHYMAL	MESENCHYMAL	ACTA2;PDGFRB;PDGFRA	ENSG00000107796;ENSG00000113721;ENSG00000134853
1	1883	hca|0205_10.1038_s41588-020-0636-z_f39ba80540|PERICYTE	hca:0205_10.1038_s41588-020-0636-z_f39ba80540	PERICYTE	PERICYTE	ACTA2;RGS5;TAGLN	ENSG00000107796;ENSG00000143248;ENSG00000149591
1	1885	hca|0205_10.1038_s41588-020-0636-z_f39ba80540|VASCULAR SMOOTH MUSCLE CELL	hca:0205_10.1038_s41588-020-0636-z_f39ba80540	VASCULAR SMOOTH MUSCLE CELL	VASCULAR SMOOTH MUSCLE CELL	ACTA2;CNN1;MYH11;TAGLN;SYNPO2;DES	ENSG00000107796;ENSG00000130176;ENSG00000133392;ENSG00000149591;ENSG00000172403;ENSG00000175084
1	1913	hca|0210_10.1016_j.stem.2020.11.008_213dabcee4|VASCULAR SMOOTH MUSCLE CELL	hca:0210_10.1016_j.stem.2020.11.008_213dabcee4	VASCULAR SMOOTH MUSCLE CELL	VASCULAR SMOOTH MUSCLE CELL	ACTA2;RGS5;TAGLN	ENSG00000107796;ENSG00000143248;ENSG00000149591
1	1914	hca|0211_10.1016_j.cels.2022.06.005_7669df70b6|BASAL/MYOEPITHELIAL	hca:0211_10.1016_j.cels.2022.06.005_7669df70b6	BASAL/MYOEPITHELIAL	BASAL MYOEPITHELIAL	TP63;KRT5;KRT14	ENSG00000073282;ENSG00000186081;ENSG00000186847
1	1996	hca|0231_10.1101_2023.08.08.551504_0d646c9546|SPINOUS IFE KERATINOCYTE	hca:0231_10.1101_2023.08.08.551504_0d646c9546	SPINOUS IFE KERATINOCYTE	SPINOUS IFE KERATINOCYTE	LY6D;KRT1;KRT10	ENSG00000167656;ENSG00000167768;ENSG00000186395
1	2029	hca|0239_10.1038_s41467-021-24607-6_2a0350c2e5|PERICYTE	hca:0239_10.1038_s41467-021-24607-6_2a0350c2e5	PERICYTE	PERICYTE	PDGFRB;RGS5;CSPG4	ENSG00000113721;ENSG00000143248;ENSG00000173546
1	2044	hca|0243_10.1038_s41586-023-05915-x_2f4aafa6a2|PERICYTE	hca:0243_10.1038_s41586-023-05915-x_2f4aafa6a2	PERICYTE	PERICYTE	NOTCH3;RGS5;EBF1	ENSG00000074181;ENSG00000143248;ENSG00000164330
1	2046	hca|0243_10.1038_s41586-023-05915-x_2f4aafa6a2|SMOOTH MUSCLE/MYOFIBROBLAST	hca:0243_10.1038_s41586-023-05915-x_2f4aafa6a2	SMOOTH MUSCLE/MYOFIBROBLAST	SMOOTH MUSCLE MYOFIBROBLAST	ACTA2;MYH11;TAGLN	ENSG00000107796;ENSG00000133392;ENSG00000149591
1	2084	hca|0262_10.1038_s41586-018-0698-6_e4aeb353b8|DS1	hca:0262_10.1038_s41586-018-0698-6_e4aeb353b8	DS1	DS 1	ACTA2;DKK1;TAGLN	ENSG00000107796;ENSG00000107984;ENSG00000149591
1	2090	hca|0264_10.1186_s13059-022-02677-z_ec9d743757|CAF-S4	hca:0264_10.1186_s13059-022-02677-z_ec9d743757	CAF-S4	CAF S 4	PDGFRB;HLF;RGS5;CSPG4;CD248	ENSG00000113721;ENSG00000116016;ENSG00000143248;ENSG00000173546;ENSG00000174807
1	2129	hca|0274_10.1016_j.isci.2021.103592_3ec037cca1|C16	hca:0274_10.1016_j.isci.2021.103592_3ec037cca1	C16	C 16	ACTA2;TAGLN;KRT14	ENSG00000107796;ENSG00000149591;ENSG00000186847
1	2135	hca|0274_10.1016_j.isci.2021.103592_3ec037cca1|PC	hca:0274_10.1016_j.isci.2021.103592_3ec037cca1	PC	PC	NOTCH3;PDGFRB;RGS5	ENSG00000074181;ENSG00000113721;ENSG00000143248
1	2137	hca|0274_10.1016_j.isci.2021.103592_3ec037cca1|SMCS	hca:0274_10.1016_j.isci.2021.103592_3ec037cca1	SMCS	SMCS	MYL9;ACTA2;MYH1	ENSG00000101335;ENSG00000107796;ENSG00000109061
1	2193	hca|0284_10.1002_hep4.1854_fe09f5fe1e|MES3	hca:0284_10.1002_hep4.1854_fe09f5fe1e	MES3	MES 3	MYL9;ACTA2;TAGLN	ENSG00000101335;ENSG00000107796;ENSG00000149591
1	2260	hca|0293_10.1172_jci.insight.150861_5764a5bfad|VASCULAR MURAL CELL	hca:0293_10.1172_jci.insight.150861_5764a5bfad	VASCULAR MURAL CELL	VASCULAR MURAL CELL	NOTCH3;PDGFRB;RGS5	ENSG00000074181;ENSG00000113721;ENSG00000143248
1	2326	hca|0307_10.1038_s41419-021-03724-6_32b837a8da|EPD_BASAL1	hca:0307_10.1038_s41419-021-03724-6_32b837a8da	EPD_BASAL1	EPD BASAL 1	ITGA6;ITGB1;KRT5;KRT14	ENSG00000091409;ENSG00000150093;ENSG00000186081;ENSG00000186847
1	2327	hca|0307_10.1038_s41419-021-03724-6_32b837a8da|EPD_BASAL2	hca:0307_10.1038_s41419-021-03724-6_32b837a8da	EPD_BASAL2	EPD BASAL 2	ITGA6;ITGB1;KRT5;KRT14;HLA-DMA;HLA-DRA;HLA-C	ENSG00000091409;ENSG00000150093;ENSG00000186081;ENSG00000186847;ENSG00000204257;ENSG00000204287;ENSG00000204525
1	2328	hca|0307_10.1038_s41419-021-03724-6_32b837a8da|EPD_BASAL3	hca:0307_10.1038_s41419-021-03724-6_32b837a8da	EPD_BASAL3	EPD BASAL 3	ITGA6;ITGB1;KRT5;KRT14;HLA-DMA;HLA-DRA;HLA-C	ENSG00000091409;ENSG00000150093;ENSG00000186081;ENSG00000186847;ENSG00000204257;ENSG00000204287;ENSG00000204525
1	2329	hca|0307_10.1038_s41419-021-03724-6_32b837a8da|EPD_CORNEUM	hca:0307_10.1038_s41419-021-03724-6_32b837a8da	EPD_CORNEUM	EPD CORNEUM	GRHL1;KRT1;KRT10	ENSG00000134317;ENSG00000167768;ENSG00000186395
1	2331	hca|0307_10.1038_s41419-021-03724-6_32b837a8da|EPD_GRANUALR/SPINOUS	hca:0307_10.1038_s41419-021-03724-6_32b837a8da	EPD_GRANUALR/SPINOUS	EPD GRANUALR SPINOUS	GRHL1;KRT1;KRT10	ENSG00000134317;ENSG00000167768;ENSG00000186395
1	2332	hca|0307_10.1038_s41419-021-03724-6_32b837a8da|EPD_GRANULAR	hca:0307_10.1038_s41419-021-03724-6_32b837a8da	EPD_GRANULAR	EPD GRANULAR	GRHL1;KRT1;KRT10	ENSG00000134317;ENSG00000167768;ENSG00000186395
1	2334	hca|0307_10.1038_s41419-021-03724-6_32b837a8da|EPD_SPINOUS	hca:0307_10.1038_s41419-021-03724-6_32b837a8da	EPD_SPINOUS	EPD SPINOUS	GRHL1;KRT1;KRT10	ENSG00000134317;ENSG00000167768;ENSG00000186395
1	2335	hca|0307_10.1038_s41419-021-03724-6_32b837a8da|EPIDERMIS	hca:0307_10.1038_s41419-021-03724-6_32b837a8da	EPIDERMIS	EPIDERMIS	KRT1;KRT10;KRT14	ENSG00000167768;ENSG00000186395;ENSG00000186847
1	2381	hca|0321_10.1002_stem.3302_bfd2270715|TP63 + 2D-IAT1	hca:0321_10.1002_stem.3302_bfd2270715	TP63 + 2D-IAT1	TP 63 2 D IAT 1	TP63;KRT17;SFN	ENSG00000073282;ENSG00000128422;ENSG00000175793
1	2382	hca|0322_10.3389_fonc.2021.719564_a0cfb67753|CAF	hca:0322_10.3389_fonc.2021.719564_a0cfb67753	CAF	CAF	ACTA2;TGFB1I1;TAGLN	ENSG00000107796;ENSG00000140682;ENSG00000149591
1	2557	hca|0364_10.1161_circulationaha.120.046528_00aa2deb4c|MSC1	hca:0364_10.1161_circulationaha.120.046528_00aa2deb4c	MSC1	MSC 1	PDGFRB;THY1;CSPG4	ENSG00000113721;ENSG00000154096;ENSG00000173546
1	2558	hca|0364_10.1161_circulationaha.120.046528_00aa2deb4c|MSC2	hca:0364_10.1161_circulationaha.120.046528_00aa2deb4c	MSC2	MSC 2	PDGFRB;THY1;CSPG4	ENSG00000113721;ENSG00000154096;ENSG00000173546
1	2568	hca|0364_10.1161_circulationaha.120.046528_00aa2deb4c|T_SWITCHED	hca:0364_10.1161_circulationaha.120.046528_00aa2deb4c	T_SWITCHED	T SWITCHED	MYH11;TPM1;TAGLN	ENSG00000133392;ENSG00000140416;ENSG00000149591
1	2577	hca|0365_10.3389_fendo.2022.874915_81de77d539|SMC	hca:0365_10.3389_fendo.2022.874915_81de77d539	SMC	SMC	ACTA2;MYH11;TAGLN	ENSG00000107796;ENSG00000133392;ENSG00000149591
1	2643	hca|0374_10.1136_annrheumdis-2018-214865_9f6cd4034f|SMOOTH MUSCLE CELL	hca:0374_10.1136_annrheumdis-2018-214865_9f6cd4034f	SMOOTH MUSCLE CELL	SMOOTH MUSCLE CELL	ACTA2;MYH11;DES;PLN	ENSG00000107796;ENSG00000133392;ENSG00000175084;ENSG00000198523
1	2653	hca|0375_10.1016_j.jaci.2021.07.025_bdc966c89b|KERATINOCYTE	hca:0375_10.1016_j.jaci.2021.07.025_bdc966c89b	KERATINOCYTE	KERATINOCYTE	KRT1;KRT5;KRT14	ENSG00000167768;ENSG00000186081;ENSG00000186847
1	2801	hca|0403_10.1038_s41467-019-11036-9_eff650140f|CL14	hca:0403_10.1038_s41467-019-11036-9_eff650140f	CL14	CL 14	ACTA2;MYH11;PLN	ENSG00000107796;ENSG00000133392;ENSG00000198523
1	2841	hca|0407_10.1093_humrep_deac183_7b0f560d74|SMCS	hca:0407_10.1093_humrep_deac183_7b0f560d74	SMCS	SMCS	ACTA2;CALD1;CNN1;MYH11;TAGLN;DES	ENSG00000107796;ENSG00000122786;ENSG00000130176;ENSG00000133392;ENSG00000149591;ENSG00000175084
1	2843	hca|0410_10.3389_fcell.2021.820274_b0973e038f|BASAL/STROMAL CELL	hca:0410_10.3389_fcell.2021.820274_b0973e038f	BASAL/STROMAL CELL	BASAL STROMAL CELL	RGS5;TAGLN;BCAM	ENSG00000143248;ENSG00000149591;ENSG00000187244
1	2845	hca|0410_10.3389_fcell.2021.820274_b0973e038f|BS2	hca:0410_10.3389_fcell.2021.820274_b0973e038f	BS2	BS 2	ACTA2;MYH11;TAGLN;ACTG2;DES	ENSG00000107796;ENSG00000133392;ENSG00000149591;ENSG00000163017;ENSG00000175084
1	2847	hca|0410_10.3389_fcell.2021.820274_b0973e038f|ED7	hca:0410_10.3389_fcell.2021.820274_b0973e038f	ED7	ED 7	DCN;ACTA2;LUM;RGS5;TAGLN	ENSG00000011465;ENSG00000107796;ENSG00000139329;ENSG00000143248;ENSG00000149591
1	2850	hca|0410_10.3389_fcell.2021.820274_b0973e038f|EPITHELIAL CELL	hca:0410_10.3389_fcell.2021.820274_b0973e038f	EPITHELIAL CELL	EPITHELIAL CELL	ODAM;KRT19;KRT14	ENSG00000109205;ENSG00000171345;ENSG00000186847
1	2876	hca|0418_10.1038_s42003-020-0922-4_8904851286|EPIDERMAL STEM CELL	hca:0418_10.1038_s42003-020-0922-4_8904851286	EPIDERMAL STEM CELL	EPIDERMAL STEM CELL	TP63;ITGA6;ITGB1;KRT5;KRT14	ENSG00000073282;ENSG00000091409;ENSG00000150093;ENSG00000186081;ENSG00000186847
1	2883	hca|0418_10.1038_s42003-020-0922-4_8904851286|PERICYTE	hca:0418_10.1038_s42003-020-0922-4_8904851286	PERICYTE	PERICYTE	ACTA2;PDGFRB;RGS5	ENSG00000107796;ENSG00000113721;ENSG00000143248
1	2982	hca|0436_10.1016_j.jtos.2020.12.004_24ddeb29a4|PROGENITOR	hca:0436_10.1016_j.jtos.2020.12.004_24ddeb29a4	PROGENITOR	PROGENITOR	KRT19;KRT15;KRT14	ENSG00000171345;ENSG00000171346;ENSG00000186847
1	3101	hca|0465_10.1016_j.cell.2020.12.016_af8ed7d941|MYOFIBROBLAST	hca:0465_10.1016_j.cell.2020.12.016_af8ed7d941	MYOFIBROBLAST	MYOFIBROBLAST	VIM;FOXF1;ACTA2;MYH11;RSPO2;TAGLN;ACTG2	ENSG00000026025;ENSG00000103241;ENSG00000107796;ENSG00000133392;ENSG00000147655;ENSG00000149591;ENSG00000163017
1	3112	hca|0467_10.1016_j.cell.2018.08.067_51639edc11|MYOFIBROBLASTS	hca:0467_10.1016_j.cell.2018.08.067_51639edc11	MYOFIBROBLASTS	MYOFIBROBLASTS	ACTA2;MYH11;ACTG2	ENSG00000107796;ENSG00000133392;ENSG00000163017
1	3248	hca|0492_10.1038_s41591-021-01332-7_1dacee7a8b|BASAL 1	hca:0492_10.1038_s41591-021-01332-7_1dacee7a8b	BASAL 1	BASAL 1	TP63;KRT15;KRT5	ENSG00000073282;ENSG00000171346;ENSG00000186081
2	8	biorxiv|03092aac-75a4-1014-b9cc-d44d468fbd97|CD8+ EXHAUSTED T CELL (TEXH)	biorxiv:03092aac-75a4-1014-b9cc-d44d468fbd97	CD8+ EXHAUSTED T CELL (TEXH)	CD 8 EXHAUSTED T CELL TEXH	LAG3;HAVCR2;PDCD1	ENSG00000089692;ENSG00000135077;ENSG00000188389
2	94	biorxiv|1e500b21-6c04-1014-adde-c104b14bbdad|TERMINALLY-DIFFERENTIATED	biorxiv:1e500b21-6c04-1014-adde-c104b14bbdad	TERMINALLY-DIFFERENTIATED	TERMINALLY DIFFERENTIATED	LAG3;HAVCR2;ENTPD1;CTLA4;PDCD1	ENSG00000089692;ENSG00000135077;ENSG00000138185;ENSG00000163599;ENSG00000188389
2	95	biorxiv|1e500b21-6c04-1014-adde-c104b14bbdad|TERMINALLY-DIFFERENTIATED PHENOTYPE OF CD8+ T CELL	biorxiv:1e500b21-6c04-1014-adde-c104b14bbdad	TERMINALLY-DIFFERENTIATED PHENOTYPE OF CD8+ T CELL	TERMINALLY DIFFERENTIATED PHENOTYPE OF CD 8 T CELL	LAG3;GZMB;HAVCR2;CXCL13	ENSG00000089692;ENSG00000100453;ENSG00000135077;ENSG00000156234
2	96	biorxiv|1efd9fbe-6f02-1014-8df4-f37a8d806beb|CD197⁺ IL2R/IL7R⁺ MONOCYTE	biorxiv:1efd9fbe-6f02-1014-8df4-f37a8d806beb	CD197⁺ IL2R/IL7R⁺ MONOCYTE	CD 197 IL 2 R IL 7 R MONOCYTE	IL2RA;IL7R;IL3RA	ENSG00000134460;ENSG00000168685;ENSG00000185291
2	202	biorxiv|380e1251-6c2c-1014-8b2d-a217f3491f5e|TREG	biorxiv:380e1251-6c2c-1014-8b2d-a217f3491f5e	TREG	TREG	IL2RA;RORC;IL7R	ENSG00000134460;ENSG00000143365;ENSG00000168685
2	306	biorxiv|5a3c7d4e-70da-1014-80b6-cd48bfa975fe|H-CD8TCD27,LAG3	biorxiv:5a3c7d4e-70da-1014-80b6-cd48bfa975fe	H-CD8TCD27,LAG3	H CD 8 TCD 27 LAG 3	LAG3;CD27;CTLA4;CXCR3;PDCD1;TOX	ENSG00000089692;ENSG00000139193;ENSG00000163599;ENSG00000186810;ENSG00000188389;ENSG00000198846
2	355	biorxiv|6f28f2e1-6c20-1014-910c-d12c701e7668|DYSFUNCTIONAL	biorxiv:6f28f2e1-6c20-1014-910c-d12c701e7668	DYSFUNCTIONAL	DYSFUNCTIONAL	LAG3;HAVCR2;CXCL13;CTLA4	ENSG00000089692;ENSG00000135077;ENSG00000156234;ENSG00000163599
2	368	biorxiv|72d8cdf5-6fa5-1014-b805-ea9c7c557043|EXHAUSTED CD8 T CELL	biorxiv:72d8cdf5-6fa5-1014-b805-ea9c7c557043	EXHAUSTED CD8 T CELL	EXHAUSTED CD 8 T CELL	CXCL13;PDCD1;TOX	ENSG00000156234;ENSG00000188389;ENSG00000198846
2	419	biorxiv|8060bfa3-6d4f-1014-b2ea-be74caad434f|CD4+ T CELL	biorxiv:8060bfa3-6d4f-1014-b2ea-be74caad434f	CD4+ T CELL	CD 4 T CELL	HAVCR2;CTLA4;TIGIT;PDCD1	ENSG00000135077;ENSG00000163599;ENSG00000181847;ENSG00000188389
2	485	biorxiv|96c0ca44-7598-1014-bd6e-c97aae1f298a|TEX	biorxiv:96c0ca44-7598-1014-bd6e-c97aae1f298a	TEX	TEX	IFNG;HAVCR2;CXCL13;PRF1;CXCR3;PDCD1	ENSG00000111537;ENSG00000135077;ENSG00000156234;ENSG00000180644;ENSG00000186810;ENSG00000188389
2	487	biorxiv|96c0ca44-7598-1014-bd6e-c97aae1f298a|TREG	biorxiv:96c0ca44-7598-1014-bd6e-c97aae1f298a	TREG	TREG	FOXP3;BATF;CTLA4;ICOS	ENSG00000049768;ENSG00000156127;ENSG00000163599;ENSG00000163600
2	536	biorxiv|9e5c18fc-76e5-1014-9f81-96148d260e0f|REGULATORY T CELL	biorxiv:9e5c18fc-76e5-1014-9f81-96148d260e0f	REGULATORY T CELL	REGULATORY T CELL	FOXP3;IL2RA;IL7R	ENSG00000049768;ENSG00000134460;ENSG00000168685
2	598	biorxiv|ab05f819-6c04-1014-81aa-9646e853264a|EXHAUSTED T CELL	biorxiv:ab05f819-6c04-1014-81aa-9646e853264a	EXHAUSTED T CELL	EXHAUSTED T CELL	CD38;CD101;HAVCR2;CTLA4;PDCD1	ENSG00000004468;ENSG00000134256;ENSG00000135077;ENSG00000163599;ENSG00000188389
2	748	biorxiv|d2042444-7138-1014-94ac-a1f590fd3173|CD8+ PROLIFERATING T CELL	biorxiv:d2042444-7138-1014-94ac-a1f590fd3173	CD8+ PROLIFERATING T CELL	CD 8 PROLIFERATING T CELL	SIRPG;LAG3;HAVCR2;TIGIT	ENSG00000089012;ENSG00000089692;ENSG00000135077;ENSG00000181847
2	761	biorxiv|d2042444-7138-1014-94ac-a1f590fd3173|TREG	biorxiv:d2042444-7138-1014-94ac-a1f590fd3173	TREG	TREG	IL2RA;CTLA4;TIGIT;TNFRSF4;TNFRSF18	ENSG00000134460;ENSG00000163599;ENSG00000181847;ENSG00000186827;ENSG00000186891
2	804	biorxiv|de6d33dd-734f-1014-a302-e21bedf0ba65|EXHAUSTION-LIKE CD8+ CAR-T CELL	biorxiv:de6d33dd-734f-1014-a302-e21bedf0ba65	EXHAUSTION-LIKE CD8+ CAR-T CELL	EXHAUSTION LIKE CD 8 CAR T CELL	TNFRSF9;HAVCR2;CTLA4;TIGIT;CCL3	ENSG00000049249;ENSG00000135077;ENSG00000163599;ENSG00000181847;ENSG00000274221
2	805	biorxiv|e2efdcad-73c4-1014-9c6c-8a89f519fd2d|CD4.10	biorxiv:e2efdcad-73c4-1014-9c6c-8a89f519fd2d	CD4.10	CD 4 10	LAG3;CXCL13;CTLA4;TIGIT;PDCD1;TOX	ENSG00000089692;ENSG00000156234;ENSG00000163599;ENSG00000181847;ENSG00000188389;ENSG00000198846
2	806	biorxiv|e2efdcad-73c4-1014-9c6c-8a89f519fd2d|CD4.4	biorxiv:e2efdcad-73c4-1014-9c6c-8a89f519fd2d	CD4.4	CD 4 4	IKZF2;FOXP3;IL2RA;CTLA4	ENSG00000030419;ENSG00000049768;ENSG00000134460;ENSG00000163599
2	940	biorxiv|fc7595eb-733c-1014-9892-ed444a916a2a|ILC3	biorxiv:fc7595eb-733c-1014-9892-ed444a916a2a	ILC3	ILC 3	NRP1;IL22;RORC;KIT;IL23R;IL7R	ENSG00000099250;ENSG00000127318;ENSG00000143365;ENSG00000157404;ENSG00000162594;ENSG00000168685
2	1154	hca|0047_10.15252_embj.2020107333_a4d0f57474|TREG	hca:0047_10.15252_embj.2020107333_a4d0f57474	TREG	TREG	FOXP3;HAVCR2;CTLA4;TIGIT	ENSG00000049768;ENSG00000135077;ENSG00000163599;ENSG00000181847
2	1155	hca|0047_10.15252_embj.2020107333_a4d0f57474|TREG SUBSET	hca:0047_10.15252_embj.2020107333_a4d0f57474	TREG SUBSET	TREG SUBSET	LAG3;HAVCR2;BATF;CTLA4;TIGIT	ENSG00000089692;ENSG00000135077;ENSG00000156127;ENSG00000163599;ENSG00000181847
2	1457	hca|0098_10.1038_s41586-020-03148-w_f50cb505c0|TREG	hca:0098_10.1038_s41586-020-03148-w_f50cb505c0	TREG	TREG	FOXP3;IL2RA;IL7R	ENSG00000049768;ENSG00000134460;ENSG00000168685
2	1458	hca|0099_10.1126_sciimmunol.abl9165_5f9974d5f2|CMTREG	hca:0099_10.1126_sciimmunol.abl9165_5f9974d5f2	CMTREG	CMTREG	IKZF2;FOXP3;CCR7;IL2RA;CTLA4;TIGIT;SELL	ENSG00000030419;ENSG00000049768;ENSG00000126353;ENSG00000134460;ENSG00000163599;ENSG00000181847;ENSG00000188404
2	1463	hca|0099_10.1126_sciimmunol.abl9165_5f9974d5f2|ETREG1	hca:0099_10.1126_sciimmunol.abl9165_5f9974d5f2	ETREG1	ETREG 1	IKZF2;FOXP3;PRDM1;IL2RA;CTLA4;TIGIT;TNFRSF18	ENSG00000030419;ENSG00000049768;ENSG00000057657;ENSG00000134460;ENSG00000163599;ENSG00000181847;ENSG00000186891
2	1464	hca|0099_10.1126_sciimmunol.abl9165_5f9974d5f2|ETREG2	hca:0099_10.1126_sciimmunol.abl9165_5f9974d5f2	ETREG2	ETREG 2	IKZF2;FOXP3;PRDM1;IL2RA;CTLA4;TIGIT;TNFRSF18	ENSG00000030419;ENSG00000049768;ENSG00000057657;ENSG00000134460;ENSG00000163599;ENSG00000181847;ENSG00000186891
2	1516	hca|0109_10.7554_elife.91792.1_056dda27be|CD.T.MKI67.FOXP3	hca:0109_10.7554_elife.91792.1_056dda27be	CD.T.MKI67.FOXP3	CD T MKI 67 FOXP 3	FOXP3;IL2RA;BATF;CTLA4	ENSG00000049768;ENSG00000134460;ENSG00000156127;ENSG00000163599
2	1525	hca|0109_10.7554_elife.91792.1_056dda27be|ILCS	hca:0109_10.7554_elife.91792.1_056dda27be	ILCS	ILCS	NCR2;RORC;KIT	ENSG00000096264;ENSG00000143365;ENSG00000157404
2	1591	hca|0124_10.1126_science.aba6500_a77c502bf7|FETAL SKIN ILCS	hca:0124_10.1126_science.aba6500_a77c502bf7	FETAL SKIN ILCS	FETAL SKIN ILCS	RORC;KIT;IL7R	ENSG00000143365;ENSG00000157404;ENSG00000168685
2	1602	hca|0124_10.1126_science.aba6500_a77c502bf7|TREG	hca:0124_10.1126_science.aba6500_a77c502bf7	TREG	TREG	FOXP3;CTLA4;TIGIT	ENSG00000049768;ENSG00000163599;ENSG00000181847
2	1637	hca|0139_10.1038_s41590-020-0602-z_71058e050d|KLRB1+ (ALSO KNOWN AS CD161) T REG CELLS	hca:0139_10.1038_s41590-020-0602-z_71058e050d	KLRB1+ (ALSO KNOWN AS CD161) T REG CELLS	KLRB 1 ALSO KNOWN AS CD 161 T REG CELLS	FOXP3;LAG3;KLRB1;IL2RA;CTLA4;ICOS	ENSG00000049768;ENSG00000089692;ENSG00000111796;ENSG00000134460;ENSG00000163599;ENSG00000163600
2	1704	hca|0151_10.1038_s41586-022-04718-w_1bf3167cbc|CD4+ T REG	hca:0151_10.1038_s41586-022-04718-w_1bf3167cbc	CD4+ T REG	CD 4 T REG	HAVCR2;ICOS;PDCD1	ENSG00000135077;ENSG00000163600;ENSG00000188389
2	1709	hca|0151_10.1038_s41586-022-04718-w_1bf3167cbc|T REG CELL	hca:0151_10.1038_s41586-022-04718-w_1bf3167cbc	T REG CELL	T REG CELL	FOXP3;IL1R1;IL2RA	ENSG00000049768;ENSG00000115594;ENSG00000134460
2	1929	hca|0215_10.1038_s42003-020-01625-6_cc9e14f4ea|CD4_5	hca:0215_10.1038_s42003-020-01625-6_cc9e14f4ea	CD4_5	CD 4 5	FOXP3;IL2RA;CTLA4;CCR8;TIGIT;TNFRSF18;LAYN	ENSG00000049768;ENSG00000134460;ENSG00000163599;ENSG00000179934;ENSG00000181847;ENSG00000186891;ENSG00000204381
2	1930	hca|0215_10.1038_s42003-020-01625-6_cc9e14f4ea|CD8_0	hca:0215_10.1038_s42003-020-01625-6_cc9e14f4ea	CD8_0	CD 8 0	IFNG;HAVCR2;CTLA4;PRF1;TIGIT;PDCD1	ENSG00000111537;ENSG00000135077;ENSG00000163599;ENSG00000180644;ENSG00000181847;ENSG00000188389
2	2093	hca|0264_10.1186_s13059-022-02677-z_ec9d743757|CD8+ GZMB	hca:0264_10.1186_s13059-022-02677-z_ec9d743757	CD8+ GZMB	CD 8 GZMB	LAG3;HAVCR2;CD96;CXCL13	ENSG00000089692;ENSG00000135077;ENSG00000153283;ENSG00000156234
2	2098	hca|0264_10.1186_s13059-022-02677-z_ec9d743757|FOXP3 CD4+ TREG	hca:0264_10.1186_s13059-022-02677-z_ec9d743757	FOXP3 CD4+ TREG	FOXP 3 CD 4 TREG	FOXP3;LAG3;CTLA4	ENSG00000049768;ENSG00000089692;ENSG00000163599
2	2372	hca|0319_10.1016_j.cell.2018.05.060_d1a05e99e8|EXHAUSTED T-CELL, T-REGULATORY CELL	hca:0319_10.1016_j.cell.2018.05.060_d1a05e99e8	EXHAUSTED T-CELL, T-REGULATORY CELL	EXHAUSTED T CELL T REGULATORY CELL	FOXP3;LAG3;CTLA4;TIGIT;TNFRSF4;PDCD1	ENSG00000049768;ENSG00000089692;ENSG00000163599;ENSG00000181847;ENSG00000186827;ENSG00000188389
2	2419	hca|0339_10.7150_thno.65694_e762e5f2bb|CD8+ T CELL SUBCLUSTER	hca:0339_10.7150_thno.65694_e762e5f2bb	CD8+ T CELL SUBCLUSTER	CD 8 T CELL SUBCLUSTER	CD44;CD96;CTLA4;TIGIT;PDCD1	ENSG00000026508;ENSG00000153283;ENSG00000163599;ENSG00000181847;ENSG00000188389
2	2448	hca|0349_10.1038_s41467-023-36296-4_67ae3c1e19|CTLA4+ CD8+ T CELL	hca:0349_10.1038_s41467-023-36296-4_67ae3c1e19	CTLA4+ CD8+ T CELL	CTLA 4 CD 8 T CELL	LAG3;HAVCR2;CTLA4;TIGIT	ENSG00000089692;ENSG00000135077;ENSG00000163599;ENSG00000181847
2	2633	hca|0372_10.1016_j.ccell.2021.10.009_d6ab4790aa|T ACTIVATED	hca:0372_10.1016_j.ccell.2021.10.009_d6ab4790aa	T ACTIVATED	T ACTIVATED	TNFRSF9;LAG3;GZMB;IFNG;HAVCR2;CXCL13;PDCD1	ENSG00000049249;ENSG00000089692;ENSG00000100453;ENSG00000111537;ENSG00000135077;ENSG00000156234;ENSG00000188389
2	2678	hca|0379_10.1038_s41698-022-00300-9_7bb9a273c6|TEX01	hca:0379_10.1038_s41698-022-00300-9_7bb9a273c6	TEX01	TEX 01	HAVCR2;CTLA4;PDCD1;LAYN	ENSG00000135077;ENSG00000163599;ENSG00000188389;ENSG00000204381
2	2679	hca|0379_10.1038_s41698-022-00300-9_7bb9a273c6|TEX03	hca:0379_10.1038_s41698-022-00300-9_7bb9a273c6	TEX03	TEX 03	HAVCR2;CTLA4;PDCD1;LAYN	ENSG00000135077;ENSG00000163599;ENSG00000188389;ENSG00000204381
2	2680	hca|0379_10.1038_s41698-022-00300-9_7bb9a273c6|TREG	hca:0379_10.1038_s41698-022-00300-9_7bb9a273c6	TREG	TREG	TNFRSF9;CD80;CTLA4;TIGIT	ENSG00000049249;ENSG00000121594;ENSG00000163599;ENSG00000181847
2	2686	hca|0382_10.1371_journal.pbio.3002124_f92c982127|REGULATORY T CELLS	hca:0382_10.1371_journal.pbio.3002124_f92c982127	REGULATORY T CELLS	REGULATORY T CELLS	CCR7;IL2RA;CTLA4;ICOS;TIGIT;SOCS1;TNFRSF4;SELL	ENSG00000126353;ENSG00000134460;ENSG00000163599;ENSG00000163600;ENSG00000181847;ENSG00000185338;ENSG00000186827;ENSG00000188404
2	2697	hca|0384_10.1038_s41422-021-00529-2_d6c8237ebe|GROUP 3 ILC	hca:0384_10.1038_s41422-021-00529-2_d6c8237ebe	GROUP 3 ILC	GROUP 3 ILC	RORC;KIT;IL7R	ENSG00000143365;ENSG00000157404;ENSG00000168685
2	2707	hca|0384_10.1038_s41422-021-00529-2_d6c8237ebe|LP1	hca:0384_10.1038_s41422-021-00529-2_d6c8237ebe	LP1	LP 1	IL7R;CD7;IL3RA	ENSG00000168685;ENSG00000173762;ENSG00000185291
2	2793	hca|0402_10.1016_j.cell.2021.04.038_26e3dc6d2f|CD8 T CELL	hca:0402_10.1016_j.cell.2021.04.038_26e3dc6d2f	CD8 T CELL	CD 8 T CELL	LAG3;TOX2;PDCD1	ENSG00000089692;ENSG00000124191;ENSG00000188389
2	2823	hca|0405_10.1016_j.ccell.2021.03.007_50f32173d6|CD4 + TREG	hca:0405_10.1016_j.ccell.2021.03.007_50f32173d6	CD4 + TREG	CD 4 TREG	FOXP3;BATF;CTLA4;TIGIT	ENSG00000049768;ENSG00000156127;ENSG00000163599;ENSG00000181847
2	2824	hca|0405_10.1016_j.ccell.2021.03.007_50f32173d6|CD8A + EXHAUSTED	hca:0405_10.1016_j.ccell.2021.03.007_50f32173d6	CD8A + EXHAUSTED	CD 8 A EXHAUSTED	LAG3;HAVCR2;PDCD1;TOX	ENSG00000089692;ENSG00000135077;ENSG00000188389;ENSG00000198846
2	2893	hca|0420_10.1111_cas.15979_052ebae233|EXHAUSTED CD8+ T CELL	hca:0420_10.1111_cas.15979_052ebae233	EXHAUSTED CD8+ T CELL	EXHAUSTED CD 8 T CELL	LAG3;HAVCR2;CTLA4;TIGIT;PDCD1;LAYN	ENSG00000089692;ENSG00000135077;ENSG00000163599;ENSG00000181847;ENSG00000188389;ENSG00000204381
2	2934	hca|0426_10.1038_s41467-019-12464-3_0f8440336d|REGULATORY T CELL (TREG)	hca:0426_10.1038_s41467-019-12464-3_0f8440336d	REGULATORY T CELL (TREG)	REGULATORY T CELL TREG	FOXP3;IL2RA;CTLA4	ENSG00000049768;ENSG00000134460;ENSG00000163599
2	2969	hca|0432_10.1172_jci.insight.156341_02dc39adcf|TPH/TFH CLUSTER	hca:0432_10.1172_jci.insight.156341_02dc39adcf	TPH/TFH CLUSTER	TPH TFH CLUSTER	LAG3;CXCL13;MAF;TNFRSF18;PDCD1;TOX	ENSG00000089692;ENSG00000156234;ENSG00000178573;ENSG00000186891;ENSG00000188389;ENSG00000198846
2	2970	hca|0432_10.1172_jci.insight.156341_02dc39adcf|TREG	hca:0432_10.1172_jci.insight.156341_02dc39adcf	TREG	TREG	FOXP3;CD27;CTLA4;ICOS;TIGIT	ENSG00000049768;ENSG00000139193;ENSG00000163599;ENSG00000163600;ENSG00000181847
2	3149	hca|0474_10.3389_fimmu.2021.689019_ff96e36403|TREG	hca:0474_10.3389_fimmu.2021.689019_ff96e36403	TREG	TREG	TNFRSF9;FOXP3;IL2RA;CTLA4;ICOS;CD28;TIGIT	ENSG00000049249;ENSG00000049768;ENSG00000134460;ENSG00000163599;ENSG00000163600;ENSG00000178562;ENSG00000181847
2	3160	hca|0479_10.1016_j.xcrm.2022.100657_bf09154d98|ILC3	hca:0479_10.1016_j.xcrm.2022.100657_bf09154d98	ILC3	ILC 3	AHR;RORC;KIT;IL7R	ENSG00000106546;ENSG00000143365;ENSG00000157404;ENSG00000168685
2	3329	hca|0506_10.1038_s41591-022-01680-y_160aaf8b86|TREG	hca:0506_10.1038_s41591-022-01680-y_160aaf8b86	TREG	TREG	IKZF2;FOXP3;IL2RA;BATF;CTLA4;TNFRSF4;TNFRSF18;LAYN	ENSG00000030419;ENSG00000049768;ENSG00000134460;ENSG00000156127;ENSG00000163599;ENSG00000186827;ENSG00000186891;ENSG00000204381
3	166	biorxiv|307b2bd7-6cb9-1014-a6b4-a58a7220bba3|NK T CELL	biorxiv:307b2bd7-6cb9-1014-a6b4-a58a7220bba3	NK T CELL	NK T CELL	GZMH;GNLY;KLRG1;GZMA	ENSG00000100450;ENSG00000115523;ENSG00000139187;ENSG00000145649
3	172	biorxiv|315fa881-726d-1014-9d3d-bbe9b5731a1d|CD4-CTLS	biorxiv:315fa881-726d-1014-9d3d-bbe9b5731a1d	CD4-CTLS	CD 4 CTLS	GZMH;GZMB;NKG7;GNLY;GZMA	ENSG00000100450;ENSG00000100453;ENSG00000105374;ENSG00000115523;ENSG00000145649
3	173	biorxiv|315fa881-726d-1014-9d3d-bbe9b5731a1d|DNT	biorxiv:315fa881-726d-1014-9d3d-bbe9b5731a1d	DNT	DNT	GZMK;GZMA;GZMM	ENSG00000113088;ENSG00000145649;ENSG00000197540
3	174	biorxiv|315fa881-726d-1014-9d3d-bbe9b5731a1d|MAIT	biorxiv:315fa881-726d-1014-9d3d-bbe9b5731a1d	MAIT	MAIT	GZMH;GZMB;GZMK;GZMA;GZMM	ENSG00000100450;ENSG00000100453;ENSG00000113088;ENSG00000145649;ENSG00000197540
3	175	biorxiv|315fa881-726d-1014-9d3d-bbe9b5731a1d|NK-BRIGHT	biorxiv:315fa881-726d-1014-9d3d-bbe9b5731a1d	NK-BRIGHT	NK BRIGHT	GZMH;NKG7;GZMK;GNLY;GZMA;PRF1	ENSG00000100450;ENSG00000105374;ENSG00000113088;ENSG00000115523;ENSG00000145649;ENSG00000180644
3	176	biorxiv|315fa881-726d-1014-9d3d-bbe9b5731a1d|NK-DIM	biorxiv:315fa881-726d-1014-9d3d-bbe9b5731a1d	NK-DIM	NK DIM	GZMH;GZMB;NKG7;GNLY;GZMA;PRF1;GZMM	ENSG00000100450;ENSG00000100453;ENSG00000105374;ENSG00000115523;ENSG00000145649;ENSG00000180644;ENSG00000197540
3	208	biorxiv|39623bbc-6d42-1014-9e37-a92d75e9c8ca|CD8+ T CELLS	biorxiv:39623bbc-6d42-1014-9e37-a92d75e9c8ca	CD8+ T CELLS	CD 8 T CELLS	GZMB;IFNG;PRF1	ENSG00000100453;ENSG00000111537;ENSG00000180644
3	324	biorxiv|611722dd-8008-1014-b70e-fa0b81b0ac37|GZMH+ CD8+ T CELL	biorxiv:611722dd-8008-1014-b70e-fa0b81b0ac37	GZMH+ CD8+ T CELL	GZMH CD 8 T CELL	GZMH;GZMB;FGFBP2;SPON2;PRF1	ENSG00000100450;ENSG00000100453;ENSG00000137441;ENSG00000159674;ENSG00000180644
3	354	biorxiv|6f28f2e1-6c20-1014-910c-d12c701e7668|CYTOTOXIC	biorxiv:6f28f2e1-6c20-1014-910c-d12c701e7668	CYTOTOXIC	CYTOTOXIC	GZMB;GNLY;PRF1	ENSG00000100453;ENSG00000115523;ENSG00000180644
3	360	biorxiv|6f28f2e1-6c20-1014-910c-d12c701e7668|NKCYTO	biorxiv:6f28f2e1-6c20-1014-910c-d12c701e7668	NKCYTO	NKCYTO	GZMB;GNLY;PRF1;FCGR3A	ENSG00000100453;ENSG00000115523;ENSG00000180644;ENSG00000203747
3	481	biorxiv|96c0ca44-7598-1014-bd6e-c97aae1f298a|ACTIVE NK CELL	biorxiv:96c0ca44-7598-1014-bd6e-c97aae1f298a	ACTIVE NK CELL	ACTIVE NK CELL	IFNG;PRF1;TNF	ENSG00000111537;ENSG00000180644;ENSG00000204490
3	556	biorxiv|9f9eded3-6d6e-1014-996d-af8f6f192d54|ACTIVATED MEMORY CELL	biorxiv:9f9eded3-6d6e-1014-996d-af8f6f192d54	ACTIVATED MEMORY CELL	ACTIVATED MEMORY CELL	GZMH;GZMB;IFNG;GNLY;GZMA	ENSG00000100450;ENSG00000100453;ENSG00000111537;ENSG00000115523;ENSG00000145649
3	568	biorxiv|9f9eded3-6d6e-1014-996d-af8f6f192d54|NK CELL	biorxiv:9f9eded3-6d6e-1014-996d-af8f6f192d54	NK CELL	NK CELL	GZMB;IFNG;GNLY;KLF2;NCAM1;PRF1;FCGR3A	ENSG00000100453;ENSG00000111537;ENSG00000115523;ENSG00000127528;ENSG00000149294;ENSG00000180644;ENSG00000203747
3	808	biorxiv|e2efdcad-73c4-1014-9c6c-8a89f519fd2d|CD4.7	biorxiv:e2efdcad-73c4-1014-9c6c-8a89f519fd2d	CD4.7	CD 4 7	GZMH;IFNG;GZMA;PRF1;CCL5;CCL3;CCL4	ENSG00000100450;ENSG00000111537;ENSG00000145649;ENSG00000180644;ENSG00000271503;ENSG00000274221;ENSG00000275302
3	811	biorxiv|e2efdcad-73c4-1014-9c6c-8a89f519fd2d|CD8.3	biorxiv:e2efdcad-73c4-1014-9c6c-8a89f519fd2d	CD8.3	CD 8 3	NKG7;GNLY;FGFBP2;PRF1;FCGR3A	ENSG00000105374;ENSG00000115523;ENSG00000137441;ENSG00000180644;ENSG00000203747
3	813	biorxiv|e2efdcad-73c4-1014-9c6c-8a89f519fd2d|CD8.5	biorxiv:e2efdcad-73c4-1014-9c6c-8a89f519fd2d	CD8.5	CD 8 5	NKG7;GNLY;FGFBP2;PRF1;FCGR3A	ENSG00000105374;ENSG00000115523;ENSG00000137441;ENSG00000180644;ENSG00000203747
3	915	biorxiv|f3be1d12-72db-1014-a9a0-ac8d78e3151e|CD8T_GZMB	biorxiv:f3be1d12-72db-1014-a9a0-ac8d78e3151e	CD8T_GZMB	CD 8 T GZMB	GZMB;GZMA;PRF1	ENSG00000100453;ENSG00000145649;ENSG00000180644
3	1060	hca|0032_10.15252_msb.20209682_ea064ade0e|CYTOTOXIC T CELL	hca:0032_10.15252_msb.20209682_ea064ade0e	CYTOTOXIC T CELL	CYTOTOXIC T CELL	NKG7;GZMK;CCL5	ENSG00000105374;ENSG00000113088;ENSG00000271503
3	1465	hca|0099_10.1126_sciimmunol.abl9165_5f9974d5f2|ILC/NK	hca:0099_10.1126_sciimmunol.abl9165_5f9974d5f2	ILC/NK	ILC NK	GZMB;GNLY;KLRD1;PRF1	ENSG00000100453;ENSG00000115523;ENSG00000134539;ENSG00000180644
3	1472	hca|0099_10.1126_sciimmunol.abl9165_5f9974d5f2|NK	hca:0099_10.1126_sciimmunol.abl9165_5f9974d5f2	NK	NK	GZMB;GNLY;KLRD1;PRF1	ENSG00000100453;ENSG00000115523;ENSG00000134539;ENSG00000180644
3	1573	hca|0123_10.1371_journal.pone.0267704_5a8157f0f3|CYTOTOXIC T CELL	hca:0123_10.1371_journal.pone.0267704_5a8157f0f3	CYTOTOXIC T CELL	CYTOTOXIC T CELL	GZMB;GZMK;PRF1	ENSG00000100453;ENSG00000113088;ENSG00000180644
3	1598	hca|0124_10.1126_science.aba6500_a77c502bf7|NK	hca:0124_10.1126_science.aba6500_a77c502bf7	NK	NK	GZMB;GNLY;KLRD1;PRF1;FCGR3A	ENSG00000100453;ENSG00000115523;ENSG00000134539;ENSG00000180644;ENSG00000203747
3	1742	hca|0161_10.1681_asn.2020030326_bf5d42b566|RECIPIENT T CELL	hca:0161_10.1681_asn.2020030326_bf5d42b566	RECIPIENT T CELL	RECIPIENT T CELL	GZMB;NKG7;GNLY;PRF1	ENSG00000100453;ENSG00000105374;ENSG00000115523;ENSG00000180644
3	1743	hca|0161_10.1681_asn.2020030326_bf5d42b566|SUBCLUSTER 2	hca:0161_10.1681_asn.2020030326_bf5d42b566	SUBCLUSTER 2	SUBCLUSTER 2	GZMB;GNLY;PRF1	ENSG00000100453;ENSG00000115523;ENSG00000180644
3	1801	hca|0182_10.1126_sciimmunol.abk1741_33c534a538|CLUSTER 2	hca:0182_10.1126_sciimmunol.abk1741_33c534a538	CLUSTER 2	CLUSTER 2	CXCR6;PRF1;TNF	ENSG00000172215;ENSG00000180644;ENSG00000204490
3	1828	hca|0190_10.1038_s41467-019-14118-w_eee71dc5ea|CD4TC #0	hca:0190_10.1038_s41467-019-14118-w_eee71dc5ea	CD4TC #0	CD 4 TC 0	GZMB;PRF1;CCL5	ENSG00000100453;ENSG00000180644;ENSG00000271503
3	1832	hca|0190_10.1038_s41467-019-14118-w_eee71dc5ea|NK1	hca:0190_10.1038_s41467-019-14118-w_eee71dc5ea	NK1	NK 1	NKG7;GNLY;PRF1;FCGR3A	ENSG00000105374;ENSG00000115523;ENSG00000180644;ENSG00000203747
3	2003	hca|0233_10.1038_s41590-025-02241-4_110ace5bba|LUNG T RM CELL	hca:0233_10.1038_s41590-025-02241-4_110ace5bba	LUNG T RM CELL	LUNG T RM CELL	GZMH;IFNG;GZMA;CTLA4;PRF1	ENSG00000100450;ENSG00000111537;ENSG00000145649;ENSG00000163599;ENSG00000180644
3	2094	hca|0264_10.1186_s13059-022-02677-z_ec9d743757|CD8+GZMB	hca:0264_10.1186_s13059-022-02677-z_ec9d743757	CD8+GZMB	CD 8 GZMB	GZMH;IFNG;GZMA;PRF1;CCL4	ENSG00000100450;ENSG00000111537;ENSG00000145649;ENSG00000180644;ENSG00000275302
3	2095	hca|0264_10.1186_s13059-022-02677-z_ec9d743757|CD8+GZMK	hca:0264_10.1186_s13059-022-02677-z_ec9d743757	CD8+GZMK	CD 8 GZMK	GZMH;IFNG;KLRG1;GZMA;EOMES;CCL4	ENSG00000100450;ENSG00000111537;ENSG00000139187;ENSG00000145649;ENSG00000163508;ENSG00000275302
3	2370	hca|0318_10.1158_1078-0432.ccr-19-0148_d4eb569329|CD8+ TILS	hca:0318_10.1158_1078-0432.ccr-19-0148_d4eb569329	CD8+ TILS	CD 8 TILS	ITGAE;GZMB;CD69;CD27;GZMA;PRF1	ENSG00000083457;ENSG00000100453;ENSG00000110848;ENSG00000139193;ENSG00000145649;ENSG00000180644
3	2371	hca|0319_10.1016_j.cell.2018.05.060_d1a05e99e8|CYTOTOXIC T, NK	hca:0319_10.1016_j.cell.2018.05.060_d1a05e99e8	CYTOTOXIC T, NK	CYTOTOXIC T NK	GZMH;GZMB;PFN1;GNLY;GZMA	ENSG00000100450;ENSG00000100453;ENSG00000108518;ENSG00000115523;ENSG00000145649
3	2440	hca|0345_10.3389_fimmu.2021.645666_15198bd9bb|NATURAL KILLER (NK) CELL	hca:0345_10.3389_fimmu.2021.645666_15198bd9bb	NATURAL KILLER (NK) CELL	NATURAL KILLER NK CELL	GZMB;NKG7;GNLY;NCR1	ENSG00000100453;ENSG00000105374;ENSG00000115523;ENSG00000189430
3	2471	hca|0350_10.1038_s41421-020-0157-z_3083f6da26|TERMINAL DIFFERENTIATION STATE	hca:0350_10.1038_s41421-020-0157-z_3083f6da26	TERMINAL DIFFERENTIATION STATE	TERMINAL DIFFERENTIATION STATE	GZMB;GNLY;FGFBP2;SPON2;CX3CR1;PRF1	ENSG00000100453;ENSG00000115523;ENSG00000137441;ENSG00000159674;ENSG00000168329;ENSG00000180644
3	2509	hca|0356_10.3389_fcell.2020.00384_845548ef53|STIMC3	hca:0356_10.3389_fcell.2020.00384_845548ef53	STIMC3	STIMC 3	GZMB;KLRD1;XCL1;XCL2;PRF1	ENSG00000100453;ENSG00000134539;ENSG00000143184;ENSG00000143185;ENSG00000180644
3	2512	hca|0356_10.3389_fcell.2020.00384_845548ef53|UNSTIMC3	hca:0356_10.3389_fcell.2020.00384_845548ef53	UNSTIMC3	UNSTIMC 3	GZMH;GZMB;NKG7;GNLY;KLRD1;KLRC1;FGFBP2	ENSG00000100450;ENSG00000100453;ENSG00000105374;ENSG00000115523;ENSG00000134539;ENSG00000134545;ENSG00000137441
3	2515	hca|0357_10.1126_science.abf1970_a409ac73f2|CD8 GZMH	hca:0357_10.1126_science.abf1970_a409ac73f2	CD8 GZMH	CD 8 GZMH	LAG3;GZMH;GZMB;PRF1;CCL5	ENSG00000089692;ENSG00000100450;ENSG00000100453;ENSG00000180644;ENSG00000271503
3	2544	hca|0364_10.1161_circulationaha.120.046528_00aa2deb4c|CD8_TEMRA	hca:0364_10.1161_circulationaha.120.046528_00aa2deb4c	CD8_TEMRA	CD 8 TEMRA	GNLY;KLRD1;HOPX;PRF1;CCL5	ENSG00000115523;ENSG00000134539;ENSG00000171476;ENSG00000180644;ENSG00000271503
3	2581	hca|0366_10.1038_s41467-021-22164-6_097f05776f|CLUSTER 0–1 3	hca:0366_10.1038_s41467-021-22164-6_097f05776f	CLUSTER 0–1 3	CLUSTER 01 3	GZMB;IFNG;KLRC1	ENSG00000100453;ENSG00000111537;ENSG00000134545
3	2590	hca|0366_10.1038_s41467-021-22164-6_097f05776f|EFFECTOR CD8+ T CELLS	hca:0366_10.1038_s41467-021-22164-6_097f05776f	EFFECTOR CD8+ T CELLS	EFFECTOR CD 8 T CELLS	TBX21;GZMH;GZMB;IFNG;GZMK;KLRG1;GZMA;EOMES;PRF1;CCL5;CCL3;CCL4	ENSG00000073861;ENSG00000100450;ENSG00000100453;ENSG00000111537;ENSG00000113088;ENSG00000139187;ENSG00000145649;ENSG00000163508;ENSG00000180644;ENSG00000271503;ENSG00000274221;ENSG00000275302
3	2632	hca|0372_10.1016_j.ccell.2021.10.009_d6ab4790aa|NK CELLS	hca:0372_10.1016_j.ccell.2021.10.009_d6ab4790aa	NK CELLS	NK CELLS	GZMB;KLRD1;SPON2;PRF1;NCR1	ENSG00000100453;ENSG00000134539;ENSG00000159674;ENSG00000180644;ENSG00000189430
3	2669	hca|0378_10.1101_2022.06.17.496207_92cb140ff3|CD8 TRM	hca:0378_10.1101_2022.06.17.496207_92cb140ff3	CD8 TRM	CD 8 TRM	GZMH;GZMB;GZMA;GZMM	ENSG00000100450;ENSG00000100453;ENSG00000145649;ENSG00000197540
3	2670	hca|0378_10.1101_2022.06.17.496207_92cb140ff3|CD8-GZMK	hca:0378_10.1101_2022.06.17.496207_92cb140ff3	CD8-GZMK	CD 8 GZMK	GZMH;GZMB;GZMK;GZMA;GZMM	ENSG00000100450;ENSG00000100453;ENSG00000113088;ENSG00000145649;ENSG00000197540
3	2676	hca|0379_10.1038_s41698-022-00300-9_7bb9a273c6|MEMORY CD8+ T CELL	hca:0379_10.1038_s41698-022-00300-9_7bb9a273c6	MEMORY CD8+ T CELL	MEMORY CD 8 T CELL	GZMB;GZMK;PRF1	ENSG00000100453;ENSG00000113088;ENSG00000180644
3	2757	hca|0394_10.1038_s41591-021-01329-2_7dcc6ae73c|T H 1	hca:0394_10.1038_s41591-021-01329-2_7dcc6ae73c	T H 1	T H 1	TBX21;IFNG;TNF	ENSG00000073861;ENSG00000111537;ENSG00000204490
3	2821	hca|0405_10.1016_j.ccell.2021.03.007_50f32173d6|CD4 + EFFECTOR	hca:0405_10.1016_j.ccell.2021.03.007_50f32173d6	CD4 + EFFECTOR	CD 4 EFFECTOR	NKG7;GZMK;GZMA	ENSG00000105374;ENSG00000113088;ENSG00000145649
3	2891	hca|0420_10.1111_cas.15979_052ebae233|CD8+ CYTOTOXIC T CELL	hca:0420_10.1111_cas.15979_052ebae233	CD8+ CYTOTOXIC T CELL	CD 8 CYTOTOXIC T CELL	GZMB;NKG7;GZMK;GZMA;PRF1	ENSG00000100453;ENSG00000105374;ENSG00000113088;ENSG00000145649;ENSG00000180644
3	2966	hca|0432_10.1172_jci.insight.156341_02dc39adcf|LN T CELL	hca:0432_10.1172_jci.insight.156341_02dc39adcf	LN T CELL	LN T CELL	GZMH;GZMB;GNLY;PRF1	ENSG00000100450;ENSG00000100453;ENSG00000115523;ENSG00000180644
3	3120	hca|0471_10.1038_s41467-019-11947-7_0514f87944|MATURE NK	hca:0471_10.1038_s41467-019-11947-7_0514f87944	MATURE NK	MATURE NK	GZMH;GZMB;GZMA;PRF1	ENSG00000100450;ENSG00000100453;ENSG00000145649;ENSG00000180644
3	3138	hca|0474_10.3389_fimmu.2021.689019_ff96e36403|CLUSTER 1 CD8+ T CELL	hca:0474_10.3389_fimmu.2021.689019_ff96e36403	CLUSTER 1 CD8+ T CELL	CLUSTER 1 CD 8 T CELL	GZMK;XCL1;XCL2;GZMA;GZMM;CCL4	ENSG00000113088;ENSG00000143184;ENSG00000143185;ENSG00000145649;ENSG00000197540;ENSG00000275302
3	3144	hca|0474_10.3389_fimmu.2021.689019_ff96e36403|CLUSTER 4 T CELL	hca:0474_10.3389_fimmu.2021.689019_ff96e36403	CLUSTER 4 T CELL	CLUSTER 4 T CELL	GNLY;FGFBP2;PRF1;FCGR3A	ENSG00000115523;ENSG00000137441;ENSG00000180644;ENSG00000203747
3	3158	hca|0479_10.1016_j.xcrm.2022.100657_bf09154d98|CTL-4	hca:0479_10.1016_j.xcrm.2022.100657_bf09154d98	CTL-4	CTL 4	CD69;IFNG;TNF	ENSG00000110848;ENSG00000111537;ENSG00000204490
3	3180	hca|0480_10.1038_s41590-019-0398-x_7e5ee33388|CT1	hca:0480_10.1038_s41590-019-0398-x_7e5ee33388	CT1	CT 1	TYROBP;GZMB;GNLY;NCAM1;PRF1	ENSG00000011600;ENSG00000100453;ENSG00000115523;ENSG00000149294;ENSG00000180644
3	3301	hca|0501_10.1126_sciimmunol.abb8786_1f1edec8bd|CD8 MEMORY BLOOD	hca:0501_10.1126_sciimmunol.abb8786_1f1edec8bd	CD8 MEMORY BLOOD	CD 8 MEMORY BLOOD	NKG7;GZMK;S100A4;CCL5	ENSG00000105374;ENSG00000113088;ENSG00000196154;ENSG00000271503
3	3320	hca|0506_10.1038_s41591-022-01680-y_160aaf8b86|ACTIVATED/EFFECTOR T CELL	hca:0506_10.1038_s41591-022-01680-y_160aaf8b86	ACTIVATED/EFFECTOR T CELL	ACTIVATED EFFECTOR T CELL	GZMB;CD40LG;GZMA;PRF1	ENSG00000100453;ENSG00000102245;ENSG00000145649;ENSG00000180644
4	32	biorxiv|0bd28b37-6e2e-1014-871e-a496f0a6bacd|EPITHELIAL DIFFERENTIATED	biorxiv:0bd28b37-6e2e-1014-871e-a496f0a6bacd	EPITHELIAL DIFFERENTIATED	EPITHELIAL DIFFERENTIATED	S100A8;S100A9;SPRR1B	ENSG00000143546;ENSG00000163220;ENSG00000169469
4	33	biorxiv|0bd28b37-6e2e-1014-871e-a496f0a6bacd|EPITHELIAL DIFFERENTIATION	biorxiv:0bd28b37-6e2e-1014-871e-a496f0a6bacd	EPITHELIAL DIFFERENTIATION	EPITHELIAL DIFFERENTIATION	S100A8;S100A7;S100A9;SPRR1B;KRT6B;KRT16	ENSG00000143546;ENSG00000143556;ENSG00000163220;ENSG00000169469;ENSG00000185479;ENSG00000186832
4	98	biorxiv|1f87890c-7e00-1014-91de-cf40554be0ec|CD14+ MONOCYTE	biorxiv:1f87890c-7e00-1014-91de-cf40554be0ec	CD14+ MONOCYTE	CD 14 MONOCYTE	LYZ;LGALS3;S100A8;CD14	ENSG00000090382;ENSG00000131981;ENSG00000143546;ENSG00000170458
4	214	biorxiv|396ad855-6e2e-1014-85f5-9bd33dea0f81|CD14+ MONOCYTE	biorxiv:396ad855-6e2e-1014-85f5-9bd33dea0f81	CD14+ MONOCYTE	CD 14 MONOCYTE	VCAN;MS4A6A;LGALS3;S100A8;S100A9;CD14;CD163	ENSG00000038427;ENSG00000110077;ENSG00000131981;ENSG00000143546;ENSG00000163220;ENSG00000170458;ENSG00000177575
4	279	biorxiv|5200cce7-72d7-1014-98f6-994ae061fa4b|MONOCYTE	biorxiv:5200cce7-72d7-1014-98f6-994ae061fa4b	MONOCYTE	MONOCYTE	S100A8;S100A9;LAIR1	ENSG00000143546;ENSG00000163220;ENSG00000167613
4	302	biorxiv|5a3c7d4e-70da-1014-80b6-cd48bfa975fe|CLUSTER 4	biorxiv:5a3c7d4e-70da-1014-80b6-cd48bfa975fe	CLUSTER 4	CLUSTER 4	VCAN;S100A8;S100A12	ENSG00000038427;ENSG00000143546;ENSG00000163221
4	309	biorxiv|5a3c7d4e-70da-1014-80b6-cd48bfa975fe|MNPS	biorxiv:5a3c7d4e-70da-1014-80b6-cd48bfa975fe	MNPS	MNPS	LYZ;CD68;CD14	ENSG00000090382;ENSG00000129226;ENSG00000170458
4	318	biorxiv|5dff1c13-6c00-1014-9211-b5130fed8524|ACTIVATED NEUTROPHILS	biorxiv:5dff1c13-6c00-1014-9211-b5130fed8524	ACTIVATED NEUTROPHILS	ACTIVATED NEUTROPHILS	RETN;S100A8;S100A9;S100A12	ENSG00000104918;ENSG00000143546;ENSG00000163220;ENSG00000163221
4	587	biorxiv|a6ffed23-717d-1014-ae02-d2e67f78dddd|MYELOID CELL	biorxiv:a6ffed23-717d-1014-ae02-d2e67f78dddd	MYELOID CELL	MYELOID CELL	LYZ;C1QB;AIF1	ENSG00000090382;ENSG00000173369;ENSG00000204472
4	601	biorxiv|ab05f819-6c04-1014-81aa-9646e853264a|MONOCYTE	biorxiv:ab05f819-6c04-1014-81aa-9646e853264a	MONOCYTE	MONOCYTE	CD14;CSF1R;TREML4	ENSG00000170458;ENSG00000182578;ENSG00000188056
4	648	biorxiv|b88cbe76-6c0b-1014-a018-e498be98267a|MACROPHAGE	biorxiv:b88cbe76-6c0b-1014-a018-e498be98267a	MACROPHAGE	MACROPHAGE	LYZ;CD14;AIF1	ENSG00000090382;ENSG00000170458;ENSG00000204472
4	668	biorxiv|bc260922-6c47-1014-a865-fe4e19bf3ea8|BASAL2	biorxiv:bc260922-6c47-1014-a865-fe4e19bf3ea8	BASAL2	BASAL 2	S100A8;S100A9;KRT16	ENSG00000143546;ENSG00000163220;ENSG00000186832
4	686	biorxiv|c245f005-7ab6-1014-adbd-b49bd8bfffbc|MONOCYTE	biorxiv:c245f005-7ab6-1014-adbd-b49bd8bfffbc	MONOCYTE	MONOCYTE	LYZ;S100A9;CD14	ENSG00000090382;ENSG00000163220;ENSG00000170458
4	708	biorxiv|c8264099-6fc3-1014-9d27-9ae05a0c1d33|MONOCYTE	biorxiv:c8264099-6fc3-1014-9d27-9ae05a0c1d33	MONOCYTE	MONOCYTE	S100A8;S100A9;CD14	ENSG00000143546;ENSG00000163220;ENSG00000170458
4	757	biorxiv|d2042444-7138-1014-94ac-a1f590fd3173|MONOCYTE	biorxiv:d2042444-7138-1014-94ac-a1f590fd3173	MONOCYTE	MONOCYTE	FCN1;S100A8;S100A9	ENSG00000085265;ENSG00000143546;ENSG00000163220
4	815	biorxiv|e2efdcad-73c4-1014-9c6c-8a89f519fd2d|CDC2.1	biorxiv:e2efdcad-73c4-1014-9c6c-8a89f519fd2d	CDC2.1	CDC 2 1	VCAN;APOE;S100A8;S100A9;CD14	ENSG00000038427;ENSG00000130203;ENSG00000143546;ENSG00000163220;ENSG00000170458
4	830	biorxiv|e3312584-7421-1014-b0a7-823d4471ccf1|MACROPHAGE	biorxiv:e3312584-7421-1014-b0a7-823d4471ccf1	MACROPHAGE	MACROPHAGE	CD14;C1QB;FCGR3A	ENSG00000170458;ENSG00000173369;ENSG00000203747
4	852	biorxiv|e6e04172-6c15-1014-9229-c57ac33d21f6|MONOCYTE	biorxiv:e6e04172-6c15-1014-9229-c57ac33d21f6	MONOCYTE	MONOCYTE	LYZ;S100A8;S100A9;CD14	ENSG00000090382;ENSG00000143546;ENSG00000163220;ENSG00000170458
4	876	biorxiv|ebaf49e5-7438-1014-8951-c3e925f71d14|DYSFUNCTIONAL CD14 MONOCYTE	biorxiv:ebaf49e5-7438-1014-8951-c3e925f71d14	DYSFUNCTIONAL CD14 MONOCYTE	DYSFUNCTIONAL CD 14 MONOCYTE	TSPO;S100A8;S100A9;S100A12;S100A6	ENSG00000100300;ENSG00000143546;ENSG00000163220;ENSG00000163221;ENSG00000197956
4	918	biorxiv|f3be1d12-72db-1014-a9a0-ac8d78e3151e|MONOCYTE-DERIVED CELL	biorxiv:f3be1d12-72db-1014-a9a0-ac8d78e3151e	MONOCYTE-DERIVED CELL	MONOCYTE DERIVED CELL	VCAN;S100A8;S100A9	ENSG00000038427;ENSG00000143546;ENSG00000163220
4	919	biorxiv|f3be1d12-72db-1014-a9a0-ac8d78e3151e|MYELOID CELL	biorxiv:f3be1d12-72db-1014-a9a0-ac8d78e3151e	MYELOID CELL	MYELOID CELL	LYZ;ITGAM;CD14	ENSG00000090382;ENSG00000169896;ENSG00000170458
4	933	biorxiv|f787a6d9-6ce3-1014-a3f6-a662a1333571|MONOCYTES	biorxiv:f787a6d9-6ce3-1014-a3f6-a662a1333571	MONOCYTES	MONOCYTES	S100A8;S100A9;CD14	ENSG00000143546;ENSG00000163220;ENSG00000170458
4	1008	hca|0013_10.1016_j.cell.2022.01.012_62a71f9225|CMONO	hca:0013_10.1016_j.cell.2022.01.012_62a71f9225	CMONO	CMONO	VCAN;S100A8;S100A9;S100A12;HMGB2	ENSG00000038427;ENSG00000143546;ENSG00000163220;ENSG00000163221;ENSG00000164104
4	1219	hca|0060_10.3389_fcell.2022.872688_ac00c45d48|MACROPHAGE	hca:0060_10.3389_fcell.2022.872688_ac00c45d48	MACROPHAGE	MACROPHAGE	CD68;CD14;CD163	ENSG00000129226;ENSG00000170458;ENSG00000177575
4	1338	hca|0083_10.1126_sciimmunol.adz8650_c0046d094c|M1	hca:0083_10.1126_sciimmunol.adz8650_c0046d094c	M1	M 1	VCAN;FCN1;S100A8;S100A9	ENSG00000038427;ENSG00000085265;ENSG00000143546;ENSG00000163220
4	1443	hca|0095_10.1101_2021.09.16.460628_23a839e09f|MACROPHAGE	hca:0095_10.1101_2021.09.16.460628_23a839e09f	MACROPHAGE	MACROPHAGE	CD68;ITGAX;CD163	ENSG00000129226;ENSG00000140678;ENSG00000177575
4	1526	hca|0109_10.7554_elife.91792.1_056dda27be|INFLAMMATORY MONOCYTES	hca:0109_10.7554_elife.91792.1_056dda27be	INFLAMMATORY MONOCYTES	INFLAMMATORY MONOCYTES	S100A8;S100A9;CD14;FCGR3A	ENSG00000143546;ENSG00000163220;ENSG00000170458;ENSG00000203747
4	1528	hca|0109_10.7554_elife.91792.1_056dda27be|MONOCYTES	hca:0109_10.7554_elife.91792.1_056dda27be	MONOCYTES	MONOCYTES	FCN1;S100A8;S100A9;CD14;FCGR3A	ENSG00000085265;ENSG00000143546;ENSG00000163220;ENSG00000170458;ENSG00000203747
4	1545	hca|0113_10.1101_2021.04.28.441762_c83625bbe4|CLASSICAL	hca:0113_10.1101_2021.04.28.441762_c83625bbe4	CLASSICAL	CLASSICAL	S100A8;S100A9;S100A12	ENSG00000143546;ENSG00000163220;ENSG00000163221
4	1698	hca|0149_10.1038_s41368-023-00238-z_c77e60a0ab|MONOCYTE CELL LINEAGE	hca:0149_10.1038_s41368-023-00238-z_c77e60a0ab	MONOCYTE CELL LINEAGE	MONOCYTE CELL LINEAGE	CD14;CD163;CSF1R	ENSG00000170458;ENSG00000177575;ENSG00000182578
4	1758	hca|0164_10.1177_00220345221147908_13bf485ac8|MONOCYTE	hca:0164_10.1177_00220345221147908_13bf485ac8	MONOCYTE	MONOCYTE	CD68;ITGAX;AIF1	ENSG00000129226;ENSG00000140678;ENSG00000204472
4	1802	hca|0182_10.1126_sciimmunol.abk1741_33c534a538|CLUSTER 2 CD4+ T CELL	hca:0182_10.1126_sciimmunol.abk1741_33c534a538	CLUSTER 2 CD4+ T CELL	CLUSTER 2 CD 4 T CELL	LYZ;S100A8;S100A9	ENSG00000090382;ENSG00000143546;ENSG00000163220
4	1816	hca|0184_10.1016_j.cell.2021.07.023_f621bea088|MACROPHAGE	hca:0184_10.1016_j.cell.2021.07.023_f621bea088	MACROPHAGE	MACROPHAGE	VCAN;CD14;FCGR3A	ENSG00000038427;ENSG00000170458;ENSG00000203747
4	1892	hca|0207_10.1016_j.immuni.2020.11.017_b182001861|MONOCYTE	hca:0207_10.1016_j.immuni.2020.11.017_b182001861	MONOCYTE	MONOCYTE	S100A8;ITGAM;CD14	ENSG00000143546;ENSG00000169896;ENSG00000170458
4	1982	hca|0228_10.1128_mbio.02583-20_5085db2792|MACROPHAGE	hca:0228_10.1128_mbio.02583-20_5085db2792	MACROPHAGE	MACROPHAGE	SIGLEC1;CD14;CD163	ENSG00000088827;ENSG00000170458;ENSG00000177575
4	2188	hca|0284_10.1002_hep4.1854_fe09f5fe1e|INFLAMMATORY MACROPHAGES	hca:0284_10.1002_hep4.1854_fe09f5fe1e	INFLAMMATORY MACROPHAGES	INFLAMMATORY MACROPHAGES	LYZ;S100A8;S100A9	ENSG00000090382;ENSG00000143546;ENSG00000163220
4	2307	hca|0302_10.1016_j.isci.2022.104772_3e028c0be0|IMMUNE 4	hca:0302_10.1016_j.isci.2022.104772_3e028c0be0	IMMUNE 4	IMMUNE 4	LGMN;CD14;CD163	ENSG00000100600;ENSG00000170458;ENSG00000177575
4	2308	hca|0302_10.1016_j.isci.2022.104772_3e028c0be0|IMMUNE 5	hca:0302_10.1016_j.isci.2022.104772_3e028c0be0	IMMUNE 5	IMMUNE 5	LGMN;CD14;CD163	ENSG00000100600;ENSG00000170458;ENSG00000177575
4	2393	hca|0325_10.1016_j.celrep.2017.10.030_a9d12a5d7c|MACROPHAGES	hca:0325_10.1016_j.celrep.2017.10.030_a9d12a5d7c	MACROPHAGES	MACROPHAGES	ANXA1;S100A8;S100A9;CD14;CRIP1	ENSG00000135046;ENSG00000143546;ENSG00000163220;ENSG00000170458;ENSG00000213145
4	2450	hca|0349_10.1038_s41467-023-36296-4_67ae3c1e19|MDSC	hca:0349_10.1038_s41467-023-36296-4_67ae3c1e19	MDSC	MDSC	S100A8;S100A9;S100A12	ENSG00000143546;ENSG00000163220;ENSG00000163221
4	2455	hca|0350_10.1038_s41421-020-0157-z_3083f6da26|CD14+ MO	hca:0350_10.1038_s41421-020-0157-z_3083f6da26	CD14+ MO	CD 14 MO	VCAN;LYZ;LGALS3;S100A8;S100A9;S100A12	ENSG00000038427;ENSG00000090382;ENSG00000131981;ENSG00000143546;ENSG00000163220;ENSG00000163221
4	2750	hca|0393_10.1038_s42255-022-00531-x_b92878970e|MACROPHAGES	hca:0393_10.1038_s42255-022-00531-x_b92878970e	MACROPHAGES	MACROPHAGES	SPI1;CD68;CD14;FCGR3A	ENSG00000066336;ENSG00000129226;ENSG00000170458;ENSG00000203747
4	2774	hca|0399_10.1016_j.immuni.2019.08.008_d590b8282e|CDC2S	hca:0399_10.1016_j.immuni.2019.08.008_d590b8282e	CDC2S	CDC 2 S	CD5;CD14;CD163	ENSG00000110448;ENSG00000170458;ENSG00000177575
4	2783	hca|0400_10.1038_s41467-022-35297-z_0eab5d0ba9|MP5	hca:0400_10.1038_s41467-022-35297-z_0eab5d0ba9	MP5	MP 5	VCAN;S100A8;S100A9;CD14	ENSG00000038427;ENSG00000143546;ENSG00000163220;ENSG00000170458
4	2862	hca|0414_10.1186_s13059-020-02210-0_30c1533a3e|MONOCYTE	hca:0414_10.1186_s13059-020-02210-0_30c1533a3e	MONOCYTE	MONOCYTE	VCAN;S100A8;S100A9;S100A12	ENSG00000038427;ENSG00000143546;ENSG00000163220;ENSG00000163221
4	2880	hca|0418_10.1038_s42003-020-0922-4_8904851286|MACROPHAGES AND DENDRITIC CELLS	hca:0418_10.1038_s42003-020-0922-4_8904851286	MACROPHAGES AND DENDRITIC CELLS	MACROPHAGES AND DENDRITIC CELLS	LYZ;CD68;ITGAX;HLA-DRA;AIF1	ENSG00000090382;ENSG00000129226;ENSG00000140678;ENSG00000204287;ENSG00000204472
4	2896	hca|0420_10.1111_cas.15979_052ebae233|MACROPHAGE	hca:0420_10.1111_cas.15979_052ebae233	MACROPHAGE	MACROPHAGE	CD68;CD14;FCGR3A	ENSG00000129226;ENSG00000170458;ENSG00000203747
4	3068	hca|0460_10.1016_j.cell.2021.08.003_652ffcecb6|MACROPHAGE	hca:0460_10.1016_j.cell.2021.08.003_652ffcecb6	MACROPHAGE	MACROPHAGE	S100A8;S100A9;S100A12	ENSG00000143546;ENSG00000163220;ENSG00000163221
4	3082	hca|0464_10.1126_science.aat5031_cfde7f776b|MNPA	hca:0464_10.1126_science.aat5031_cfde7f776b	MNPA	MNPA	LYZ;IL1B;S100A8;S100A9;CX3CR1;CD14	ENSG00000090382;ENSG00000125538;ENSG00000143546;ENSG00000163220;ENSG00000168329;ENSG00000170458
4	3083	hca|0464_10.1126_science.aat5031_cfde7f776b|MNPB	hca:0464_10.1126_science.aat5031_cfde7f776b	MNPB	MNPB	LYZ;IL1B;S100A8;S100A9;CX3CR1;FCGR3A	ENSG00000090382;ENSG00000125538;ENSG00000143546;ENSG00000163220;ENSG00000168329;ENSG00000203747
5	92	biorxiv|1e500b21-6c04-1014-adde-c104b14bbdad|CEFX-SPECIFIC BRAIN METASTASIS-INFILTRATING PD-1+ CD8+ T CELL	biorxiv:1e500b21-6c04-1014-adde-c104b14bbdad	CEFX-SPECIFIC BRAIN METASTASIS-INFILTRATING PD-1+ CD8+ T CELL	CEFX SPECIFIC BRAIN METASTASIS INFILTRATING PD 1 CD 8 T CELL	TCF7;IL7R;TOX	ENSG00000081059;ENSG00000168685;ENSG00000198846
5	101	biorxiv|1fa7b83f-6da7-1014-a69d-d257852e8dd1|NAÏVE T CELL	biorxiv:1fa7b83f-6da7-1014-a69d-d257852e8dd1	NAÏVE T CELL	NAIVE T CELL	TCF7;CCR7;LEF1;SELL	ENSG00000081059;ENSG00000126353;ENSG00000138795;ENSG00000188404
5	140	biorxiv|2696a317-6c07-1014-9562-d326b0aa508e|T CELL CLUSTER 1	biorxiv:2696a317-6c07-1014-9562-d326b0aa508e	T CELL CLUSTER 1	T CELL CLUSTER 1	CD4;TCF7;KLF2;LEF1;IL7R	ENSG00000010610;ENSG00000081059;ENSG00000127528;ENSG00000138795;ENSG00000168685
5	222	biorxiv|41a5df78-7c74-1014-a3a2-9b6aef50b1e5|PROGENITOR-EXHAUSTED–LIKE (TPEX-LIKE) CELLS	biorxiv:41a5df78-7c74-1014-a3a2-9b6aef50b1e5	PROGENITOR-EXHAUSTED–LIKE (TPEX-LIKE) CELLS	PROGENITOR EXHAUSTEDLIKE TPEX LIKE CELLS	TCF7;TOX2;CCR7;KLF2	ENSG00000081059;ENSG00000124191;ENSG00000126353;ENSG00000127528
5	258	biorxiv|4c4207c3-7213-1014-8a55-9b25fcf723e1|WGALOW	biorxiv:4c4207c3-7213-1014-8a55-9b25fcf723e1	WGALOW	WGALOW	CCR7;CD27;SELL	ENSG00000126353;ENSG00000139193;ENSG00000188404
5	358	biorxiv|6f28f2e1-6c20-1014-910c-d12c701e7668|MEMORY	biorxiv:6f28f2e1-6c20-1014-910c-d12c701e7668	MEMORY	MEMORY	TCF7;IL7R;FOS;SELL	ENSG00000081059;ENSG00000168685;ENSG00000170345;ENSG00000188404
5	377	biorxiv|750a2ba6-6eaa-1014-b156-e23e824a62e0|NAIVE T CELLS OR TCMS	biorxiv:750a2ba6-6eaa-1014-b156-e23e824a62e0	NAIVE T CELLS OR TCMS	NAIVE T CELLS OR TCMS	TCF7;CCR7;IL7R;SELL	ENSG00000081059;ENSG00000126353;ENSG00000168685;ENSG00000188404
5	484	biorxiv|96c0ca44-7598-1014-bd6e-c97aae1f298a|TCM	biorxiv:96c0ca44-7598-1014-bd6e-c97aae1f298a	TCM	TCM	TCF7;CCR7;LEF1;SELL	ENSG00000081059;ENSG00000126353;ENSG00000138795;ENSG00000188404
5	486	biorxiv|96c0ca44-7598-1014-bd6e-c97aae1f298a|TN	biorxiv:96c0ca44-7598-1014-bd6e-c97aae1f298a	TN	TN	TCF7;CCR7;LEF1;SELL	ENSG00000081059;ENSG00000126353;ENSG00000138795;ENSG00000188404
5	525	biorxiv|9ca649fd-6cf8-1014-8427-cac0001a663e|MEMORY CD4+ T CELL	biorxiv:9ca649fd-6cf8-1014-8427-cac0001a663e	MEMORY CD4+ T CELL	MEMORY CD 4 T CELL	CCR7;IL7R;S100A4	ENSG00000126353;ENSG00000168685;ENSG00000196154
5	612	biorxiv|ae5f009e-6d7a-1014-8ed6-cd1c0d2e0ada|CSF-UNEXPANDED T CELL	biorxiv:ae5f009e-6d7a-1014-8ed6-cd1c0d2e0ada	CSF-UNEXPANDED T CELL	CSF UNEXPANDED T CELL	TCF7;CCR7;LEF1;ITGB1;IL7R;SELL	ENSG00000081059;ENSG00000126353;ENSG00000138795;ENSG00000150093;ENSG00000168685;ENSG00000188404
5	809	biorxiv|e2efdcad-73c4-1014-9c6c-8a89f519fd2d|CD4.9	biorxiv:e2efdcad-73c4-1014-9c6c-8a89f519fd2d	CD4.9	CD 4 9	TCF7;CCR7;LEF1;TIGIT;PDCD1;SELL;TOX	ENSG00000081059;ENSG00000126353;ENSG00000138795;ENSG00000181847;ENSG00000188389;ENSG00000188404;ENSG00000198846
5	810	biorxiv|e2efdcad-73c4-1014-9c6c-8a89f519fd2d|CD8.2	biorxiv:e2efdcad-73c4-1014-9c6c-8a89f519fd2d	CD8.2	CD 8 2	TCF7;GZMK;CCR7;LEF1;SELL	ENSG00000081059;ENSG00000113088;ENSG00000126353;ENSG00000138795;ENSG00000188404
5	824	biorxiv|e2efdcad-73c4-1014-9c6c-8a89f519fd2d|TREG.1	biorxiv:e2efdcad-73c4-1014-9c6c-8a89f519fd2d	TREG.1	TREG 1	TCF7;CCR7;LEF1;SELL	ENSG00000081059;ENSG00000126353;ENSG00000138795;ENSG00000188404
5	831	biorxiv|e3312584-7421-1014-b0a7-823d4471ccf1|NAÏVE T CELL	biorxiv:e3312584-7421-1014-b0a7-823d4471ccf1	NAÏVE T CELL	NAIVE T CELL	CD4;TCF7;CCR7;IL7R;SELL;LTB	ENSG00000010610;ENSG00000081059;ENSG00000126353;ENSG00000168685;ENSG00000188404;ENSG00000204487
5	1473	hca|0099_10.1126_sciimmunol.abl9165_5f9974d5f2|TCM	hca:0099_10.1126_sciimmunol.abl9165_5f9974d5f2	TCM	TCM	CCR7;KLF2;CD3D;SELL	ENSG00000126353;ENSG00000127528;ENSG00000167286;ENSG00000188404
5	1572	hca|0123_10.1371_journal.pone.0267704_5a8157f0f3|CENTRAL MEMORY T CELL	hca:0123_10.1371_journal.pone.0267704_5a8157f0f3	CENTRAL MEMORY T CELL	CENTRAL MEMORY T CELL	TCF7;CCR7;SELL	ENSG00000081059;ENSG00000126353;ENSG00000188404
5	1645	hca|0140_10.1101_2021.03.01.21252411_572fc1288d|CD4+ T CELL	hca:0140_10.1101_2021.03.01.21252411_572fc1288d	CD4+ T CELL	CD 4 T CELL	CCR7;CD27;IL7R	ENSG00000126353;ENSG00000139193;ENSG00000168685
5	1651	hca|0142_10.1016_j.immuni.2023.01.032_b86bd8b65d|T CELL	hca:0142_10.1016_j.immuni.2023.01.032_b86bd8b65d	T CELL	T CELL	CD44;CD69;CCR7;IL7R;SELL	ENSG00000026508;ENSG00000110848;ENSG00000126353;ENSG00000168685;ENSG00000188404
5	1748	hca|0163_10.1126_sciimmunol.abb4432_91494cf647|NAÏVE/MEMORY	hca:0163_10.1126_sciimmunol.abb4432_91494cf647	NAÏVE/MEMORY	NAIVE MEMORY	TCF7;CCR7;LEF1;SELL	ENSG00000081059;ENSG00000126353;ENSG00000138795;ENSG00000188404
5	1886	hca|0207_10.1016_j.immuni.2020.11.017_b182001861|CD4+ T CELL	hca:0207_10.1016_j.immuni.2020.11.017_b182001861	CD4+ T CELL	CD 4 T CELL	CD4;CCR7;CD3G	ENSG00000010610;ENSG00000126353;ENSG00000289746
5	1926	hca|0215_10.1038_s42003-020-01625-6_cc9e14f4ea|CD4_1	hca:0215_10.1038_s42003-020-01625-6_cc9e14f4ea	CD4_1	CD 4 1	TCF7;CCR7;SELL	ENSG00000081059;ENSG00000126353;ENSG00000188404
5	1927	hca|0215_10.1038_s42003-020-01625-6_cc9e14f4ea|CD4_3	hca:0215_10.1038_s42003-020-01625-6_cc9e14f4ea	CD4_3	CD 4 3	TCF7;CCR7;SELL	ENSG00000081059;ENSG00000126353;ENSG00000188404
5	1931	hca|0215_10.1038_s42003-020-01625-6_cc9e14f4ea|CD8_4	hca:0215_10.1038_s42003-020-01625-6_cc9e14f4ea	CD8_4	CD 8 4	TCF7;CCR7;SELL	ENSG00000081059;ENSG00000126353;ENSG00000188404
5	1997	hca|0233_10.1038_s41590-025-02241-4_110ace5bba|CD4 + AND CD8 + T RM CELL	hca:0233_10.1038_s41590-025-02241-4_110ace5bba	CD4 + AND CD8 + T RM CELL	CD 4 AND CD 8 T RM CELL	TCF7;ITGA6;CCR7;LEF1;SELL	ENSG00000081059;ENSG00000091409;ENSG00000126353;ENSG00000138795;ENSG00000188404
5	2091	hca|0264_10.1186_s13059-022-02677-z_ec9d743757|CD4+ MEMORY CELL	hca:0264_10.1186_s13059-022-02677-z_ec9d743757	CD4+ MEMORY CELL	CD 4 MEMORY CELL	TCF7;CCR7;SELL	ENSG00000081059;ENSG00000126353;ENSG00000188404
5	2499	hca|0354_10.1172_jci128475_002a5124c6|CD8+ T CELL	hca:0354_10.1172_jci128475_002a5124c6	CD8+ T CELL	CD 8 T CELL	TCF7;CCR7;SELL	ENSG00000081059;ENSG00000126353;ENSG00000188404
5	2591	hca|0366_10.1038_s41467-021-22164-6_097f05776f|NAÏVE CD4+ T CELL	hca:0366_10.1038_s41467-021-22164-6_097f05776f	NAÏVE CD4+ T CELL	NAIVE CD 4 T CELL	TCF7;CCR7;KLF2;LEF1;SELL	ENSG00000081059;ENSG00000126353;ENSG00000127528;ENSG00000138795;ENSG00000188404
5	2592	hca|0366_10.1038_s41467-021-22164-6_097f05776f|NAÏVE T CELLS	hca:0366_10.1038_s41467-021-22164-6_097f05776f	NAÏVE T CELLS	NAIVE T CELLS	TCF7;CCR7;KLF2;LEF1;SELL	ENSG00000081059;ENSG00000126353;ENSG00000127528;ENSG00000138795;ENSG00000188404
5	2634	hca|0372_10.1016_j.ccell.2021.10.009_d6ab4790aa|T CM/NAIVE-LIKE-I	hca:0372_10.1016_j.ccell.2021.10.009_d6ab4790aa	T CM/NAIVE-LIKE-I	T CM NAIVE LIKE I	TCF7;LEF1;MAL;SELL	ENSG00000081059;ENSG00000138795;ENSG00000150455;ENSG00000188404
5	2677	hca|0379_10.1038_s41698-022-00300-9_7bb9a273c6|NAÏVE CD4+ T CELL	hca:0379_10.1038_s41698-022-00300-9_7bb9a273c6	NAÏVE CD4+ T CELL	NAIVE CD 4 T CELL	TCF7;IL7R;SELL	ENSG00000081059;ENSG00000168685;ENSG00000188404
5	2787	hca|0400_10.1038_s41467-022-35297-z_0eab5d0ba9|T1	hca:0400_10.1038_s41467-022-35297-z_0eab5d0ba9	T1	T 1	CD40LG;CCR7;IL7R;SELL;LTB	ENSG00000102245;ENSG00000126353;ENSG00000168685;ENSG00000188404;ENSG00000204487
5	2822	hca|0405_10.1016_j.ccell.2021.03.007_50f32173d6|CD4 + NAÏVE	hca:0405_10.1016_j.ccell.2021.03.007_50f32173d6	CD4 + NAÏVE	CD 4 NAIVE	TCF7;CCR7;SELL	ENSG00000081059;ENSG00000126353;ENSG00000188404
5	2867	hca|0414_10.1186_s13059-020-02210-0_30c1533a3e|T N	hca:0414_10.1186_s13059-020-02210-0_30c1533a3e	T N	T N	TCF7;KLF2;MYC;LEF1	ENSG00000081059;ENSG00000127528;ENSG00000136997;ENSG00000138795
5	2928	hca|0426_10.1038_s41467-019-12464-3_0f8440336d|CD4 + NAIVE/CENTRAL MEMORY (NV/CM)	hca:0426_10.1038_s41467-019-12464-3_0f8440336d	CD4 + NAIVE/CENTRAL MEMORY (NV/CM)	CD 4 NAIVE CENTRAL MEMORY NV CM	KLF2;LEF1;SELL	ENSG00000127528;ENSG00000138795;ENSG00000188404
5	2932	hca|0426_10.1038_s41467-019-12464-3_0f8440336d|NAIVE OR TCM CELL	hca:0426_10.1038_s41467-019-12464-3_0f8440336d	NAIVE OR TCM CELL	NAIVE OR TCM CELL	TCF7;CCR7;SELL	ENSG00000081059;ENSG00000126353;ENSG00000188404
5	3102	hca|0465_10.1016_j.cell.2020.12.016_af8ed7d941|NAIVE T CELL	hca:0465_10.1016_j.cell.2020.12.016_af8ed7d941	NAIVE T CELL	NAIVE T CELL	CCR7;CD27;CD3G	ENSG00000126353;ENSG00000139193;ENSG00000289746
5	3133	hca|0474_10.3389_fimmu.2021.689019_ff96e36403|CD4+ T CELL	hca:0474_10.3389_fimmu.2021.689019_ff96e36403	CD4+ T CELL	CD 4 T CELL	CD4;CCR7;LEF1;IL7R	ENSG00000010610;ENSG00000126353;ENSG00000138795;ENSG00000168685
5	3140	hca|0474_10.3389_fimmu.2021.689019_ff96e36403|CLUSTER 2 CD4+ T CELL	hca:0474_10.3389_fimmu.2021.689019_ff96e36403	CLUSTER 2 CD4+ T CELL	CLUSTER 2 CD 4 T CELL	CCR7;IL7R;SELL	ENSG00000126353;ENSG00000168685;ENSG00000188404
5	3179	hca|0480_10.1038_s41590-019-0398-x_7e5ee33388|CT0B	hca:0480_10.1038_s41590-019-0398-x_7e5ee33388	CT0B	CT 0 B	TCF7;CCR7;KLF2;LEF1;SELL	ENSG00000081059;ENSG00000126353;ENSG00000127528;ENSG00000138795;ENSG00000188404
5	3300	hca|0501_10.1126_sciimmunol.abb8786_1f1edec8bd|CD4 NAÏVE BLOOD	hca:0501_10.1126_sciimmunol.abb8786_1f1edec8bd	CD4 NAÏVE BLOOD	CD 4 NAIVE BLOOD	CCR7;LEF1;SELL	ENSG00000126353;ENSG00000138795;ENSG00000188404
5	3303	hca|0501_10.1126_sciimmunol.abb8786_1f1edec8bd|CD8 NAÏVE BLOOD	hca:0501_10.1126_sciimmunol.abb8786_1f1edec8bd	CD8 NAÏVE BLOOD	CD 8 NAIVE BLOOD	CCR7;LEF1;SELL	ENSG00000126353;ENSG00000138795;ENSG00000188404
6	11	biorxiv|03092aac-75a4-1014-b9cc-d44d468fbd97|INFLAMMATORY CANCER-ASSOCIATED FIBROBLAST (ICAFS)	biorxiv:03092aac-75a4-1014-b9cc-d44d468fbd97	INFLAMMATORY CANCER-ASSOCIATED FIBROBLAST (ICAFS)	INFLAMMATORY CANCER ASSOCIATED FIBROBLAST ICAFS	DCN;PDGFRA;CXCL1	ENSG00000011465;ENSG00000134853;ENSG00000163739
6	304	biorxiv|5a3c7d4e-70da-1014-80b6-cd48bfa975fe|FIBROBLASTS	biorxiv:5a3c7d4e-70da-1014-80b6-cd48bfa975fe	FIBROBLASTS	FIBROBLASTS	DCN;PDGFRA;LUM	ENSG00000011465;ENSG00000134853;ENSG00000139329
6	464	biorxiv|8c3ef8a4-6c0e-1014-9b81-f1618d3e39b1|MESENCHYMAL	biorxiv:8c3ef8a4-6c0e-1014-9b81-f1618d3e39b1	MESENCHYMAL	MESENCHYMAL	ASPN;COL1A1;PDGFRA	ENSG00000106819;ENSG00000108821;ENSG00000134853
6	491	biorxiv|98d19bc0-7b12-1014-9641-857e081ce400|FIBROMYOCYTE SMCS	biorxiv:98d19bc0-7b12-1014-9641-857e081ce400	FIBROMYOCYTE SMCS	FIBROMYOCYTE SMCS	DCN;COL1A1;FN1	ENSG00000011465;ENSG00000108821;ENSG00000115414
6	717	biorxiv|caef9c14-6e13-1014-bca1-ba3172fec7b3|CAFS	biorxiv:caef9c14-6e13-1014-bca1-ba3172fec7b3	CAFS	CAFS	DCN;LUM;THY1	ENSG00000011465;ENSG00000139329;ENSG00000154096
6	774	biorxiv|d8ee72e2-7047-1014-a159-a9ef37bce7a4|FIBROBLAST (COL1A1)	biorxiv:d8ee72e2-7047-1014-a159-a9ef37bce7a4	FIBROBLAST (COL1A1)	FIBROBLAST COL 1 A 1	COL1A1;COL1A2;COL3A1	ENSG00000108821;ENSG00000164692;ENSG00000168542
6	775	biorxiv|d8ee72e2-7047-1014-a159-a9ef37bce7a4|FIBROBLAST (DPT)	biorxiv:d8ee72e2-7047-1014-a159-a9ef37bce7a4	FIBROBLAST (DPT)	FIBROBLAST DPT	DCN;LUM;DPT	ENSG00000011465;ENSG00000139329;ENSG00000143196
6	887	biorxiv|eda68d46-7b76-1014-b9f8-bf62f9afae8d|FIBROBLAST CLUSTERS	biorxiv:eda68d46-7b76-1014-b9f8-bf62f9afae8d	FIBROBLAST CLUSTERS	FIBROBLAST CLUSTERS	COL1A1;COL1A2;COL3A1	ENSG00000108821;ENSG00000164692;ENSG00000168542
6	1057	hca|0032_10.15252_msb.20209682_ea064ade0e|CANCER-ASSOCIATED FIBROBLAST	hca:0032_10.15252_msb.20209682_ea064ade0e	CANCER-ASSOCIATED FIBROBLAST	CANCER ASSOCIATED FIBROBLAST	COL1A1;LUM;BGN	ENSG00000108821;ENSG00000139329;ENSG00000182492
6	1171	hca|0049_10.1038_s41586-023-06252-9_3d2f22d6e6|FIBROBLASTS	hca:0049_10.1038_s41586-023-06252-9_3d2f22d6e6	FIBROBLASTS	FIBROBLASTS	DCN;LUM;COL6A1	ENSG00000011465;ENSG00000139329;ENSG00000142156
6	1380	hca|0089_10.1038_s41586-020-2797-4_6e65d21b5d|FB	hca:0089_10.1038_s41586-020-2797-4_6e65d21b5d	FB	FB	DCN;PDGFRA;GSN	ENSG00000011465;ENSG00000134853;ENSG00000148180
6	1442	hca|0095_10.1101_2021.09.16.460628_23a839e09f|FIBROBLAST	hca:0095_10.1101_2021.09.16.460628_23a839e09f	FIBROBLAST	FIBROBLAST	DCN;COL1A1;PDGFRA	ENSG00000011465;ENSG00000108821;ENSG00000134853
6	1483	hca|0101_10.1038_s41467-020-15647-5_d22ec8f4b6|CTHRC1 + CELL	hca:0101_10.1038_s41467-020-15647-5_d22ec8f4b6	CTHRC1 + CELL	CTHRC 1 CELL	TNC;POSTN;COL3A1	ENSG00000041982;ENSG00000133110;ENSG00000168542
6	1484	hca|0101_10.1038_s41467-020-15647-5_d22ec8f4b6|CTHRC1 + FIBROBLAST	hca:0101_10.1038_s41467-020-15647-5_d22ec8f4b6	CTHRC1 + FIBROBLAST	CTHRC 1 FIBROBLAST	TNC;COL1A1;POSTN;CTHRC1;COL3A1	ENSG00000041982;ENSG00000108821;ENSG00000133110;ENSG00000164932;ENSG00000168542
6	1633	hca|0137_10.1084_jem.20221350_7ac74dedfd|FIBROBLAST	hca:0137_10.1084_jem.20221350_7ac74dedfd	FIBROBLAST	FIBROBLAST	DCN;PDGFRA;COL3A1	ENSG00000011465;ENSG00000134853;ENSG00000168542
6	1663	hca|0148_10.1113_jp287812_fd3137bc12|ADAM12 HI FIBROBLAST	hca:0148_10.1113_jp287812_fd3137bc12	ADAM12 HI FIBROBLAST	ADAM 12 HI FIBROBLAST	TNC;FAP;COL1A1;POSTN;ADAM12;COL1A2;COL3A1	ENSG00000041982;ENSG00000078098;ENSG00000108821;ENSG00000133110;ENSG00000148848;ENSG00000164692;ENSG00000168542
6	1675	hca|0148_10.1113_jp287812_fd3137bc12|FIBROBLAST	hca:0148_10.1113_jp287812_fd3137bc12	FIBROBLAST	FIBROBLAST	DCN;COL1A2;COL3A1	ENSG00000011465;ENSG00000164692;ENSG00000168542
6	1771	hca|0167_10.1073_pnas.1520760112_985a5e340f|C10	hca:0167_10.1073_pnas.1520760112_985a5e340f	C10	C 10	DCN;COL5A1;LUM;COL1A2	ENSG00000011465;ENSG00000130635;ENSG00000139329;ENSG00000164692
6	1772	hca|0167_10.1073_pnas.1520760112_985a5e340f|C11	hca:0167_10.1073_pnas.1520760112_985a5e340f	C11	C 11	DCN;COL5A1;LUM;COL1A2	ENSG00000011465;ENSG00000130635;ENSG00000139329;ENSG00000164692
6	1882	hca|0205_10.1038_s41588-020-0636-z_f39ba80540|FIBROBLAST	hca:0205_10.1038_s41588-020-0636-z_f39ba80540	FIBROBLAST	FIBROBLAST	DCN;THY1;COL3A1	ENSG00000011465;ENSG00000154096;ENSG00000168542
6	1908	hca|0210_10.1016_j.stem.2020.11.008_213dabcee4|FIBROBLAST	hca:0210_10.1016_j.stem.2020.11.008_213dabcee4	FIBROBLAST	FIBROBLAST	DCN;COL1A1;COL1A2	ENSG00000011465;ENSG00000108821;ENSG00000164692
6	2027	hca|0239_10.1038_s41467-021-24607-6_2a0350c2e5|FIBROBLAST	hca:0239_10.1038_s41467-021-24607-6_2a0350c2e5	FIBROBLAST	FIBROBLAST	COL1A1;PDGFRA;COL1A2	ENSG00000108821;ENSG00000134853;ENSG00000164692
6	2097	hca|0264_10.1186_s13059-022-02677-z_ec9d743757|FIBROBLAST	hca:0264_10.1186_s13059-022-02677-z_ec9d743757	FIBROBLAST	FIBROBLAST	DCN;COL1A1;C1R;COL1A2	ENSG00000011465;ENSG00000108821;ENSG00000159403;ENSG00000164692
6	2132	hca|0274_10.1016_j.isci.2021.103592_3ec037cca1|FIBROBLASTS	hca:0274_10.1016_j.isci.2021.103592_3ec037cca1	FIBROBLASTS	FIBROBLASTS	DCN;FBLN1;COL1A1	ENSG00000011465;ENSG00000077942;ENSG00000108821
6	2166	hca|0281_10.1016_j.devcel.2019.06.001_238d93bfef|INTERSTITIAL CELL	hca:0281_10.1016_j.devcel.2019.06.001_238d93bfef	INTERSTITIAL CELL	INTERSTITIAL CELL	COL1A1;PDGFRB;ALDH1A2	ENSG00000108821;ENSG00000113721;ENSG00000128918
6	2217	hca|0290_10.1101_235499_566cff6e3c|C1	hca:0290_10.1101_235499_566cff6e3c	C1	C 1	DCN;LUM;SFRP2	ENSG00000011465;ENSG00000139329;ENSG00000145423
6	2224	hca|0290_10.1101_235499_566cff6e3c|CN6	hca:0290_10.1101_235499_566cff6e3c	CN6	CN 6	POSTN;COL3A1;MEG3	ENSG00000133110;ENSG00000168542;ENSG00000214548
6	2234	hca|0290_10.1101_235499_566cff6e3c|L2	hca:0290_10.1101_235499_566cff6e3c	L2	L 2	DCN;LUM;SFRP2	ENSG00000011465;ENSG00000139329;ENSG00000145423
6	2242	hca|0290_10.1101_235499_566cff6e3c|STROMAL POPULATION	hca:0290_10.1101_235499_566cff6e3c	STROMAL POPULATION	STROMAL POPULATION	PDGFRA;MEIS1;COL3A1	ENSG00000134853;ENSG00000143995;ENSG00000168542
6	2338	hca|0307_10.1038_s41419-021-03724-6_32b837a8da|MESENCHYMAL	hca:0307_10.1038_s41419-021-03724-6_32b837a8da	MESENCHYMAL	MESENCHYMAL	COL1A1;PDGFRB;LUM	ENSG00000108821;ENSG00000113721;ENSG00000139329
6	2549	hca|0364_10.1161_circulationaha.120.046528_00aa2deb4c|FIBROBLAST1	hca:0364_10.1161_circulationaha.120.046528_00aa2deb4c	FIBROBLAST1	FIBROBLAST 1	DCN;CLU;LUM;COL1A2;ELN	ENSG00000011465;ENSG00000120885;ENSG00000139329;ENSG00000164692;ENSG00000259120
6	2550	hca|0364_10.1161_circulationaha.120.046528_00aa2deb4c|FIBROBLAST2	hca:0364_10.1161_circulationaha.120.046528_00aa2deb4c	FIBROBLAST2	FIBROBLAST 2	DCN;CLU;LUM;COL1A2;FBN1	ENSG00000011465;ENSG00000120885;ENSG00000139329;ENSG00000164692;ENSG00000166147
6	2573	hca|0365_10.3389_fendo.2022.874915_81de77d539|ENDOTHELIAL SC6	hca:0365_10.3389_fendo.2022.874915_81de77d539	ENDOTHELIAL SC6	ENDOTHELIAL SC 6	DCN;IGF1;LUM	ENSG00000011465;ENSG00000017427;ENSG00000139329
6	2574	hca|0365_10.3389_fendo.2022.874915_81de77d539|FIBROBLAST	hca:0365_10.3389_fendo.2022.874915_81de77d539	FIBROBLAST	FIBROBLAST	DCN;IGF1;PDGFRA;LUM;COL1A2	ENSG00000011465;ENSG00000017427;ENSG00000134853;ENSG00000139329;ENSG00000164692
6	2639	hca|0374_10.1136_annrheumdis-2018-214865_9f6cd4034f|FIBROBLAST	hca:0374_10.1136_annrheumdis-2018-214865_9f6cd4034f	FIBROBLAST	FIBROBLAST	FBLN1;PDGFRA;LUM	ENSG00000077942;ENSG00000134853;ENSG00000139329
6	2878	hca|0418_10.1038_s42003-020-0922-4_8904851286|FIBROBLAST	hca:0418_10.1038_s42003-020-0922-4_8904851286	FIBROBLAST	FIBROBLAST	DCN;VIM;PDGFRA;LUM;COL1A2	ENSG00000011465;ENSG00000026025;ENSG00000134853;ENSG00000139329;ENSG00000164692
6	3071	hca|0462_10.1038_s41586-023-06311-1_b735ac2f93|FB4_ACTIVATED	hca:0462_10.1038_s41586-023-06311-1_b735ac2f93	FB4_ACTIVATED	FB 4 ACTIVATED	TNC;COL1A1;FN1;POSTN;COL1A2;COL3A1	ENSG00000041982;ENSG00000108821;ENSG00000115414;ENSG00000133110;ENSG00000164692;ENSG00000168542
6	3263	hca|0494_10.1038_s41467-021-27895-0_bbe3158fbf|FB	hca:0494_10.1038_s41467-021-27895-0_bbe3158fbf	FB	FB	DCN;COL1A1;LUM	ENSG00000011465;ENSG00000108821;ENSG00000139329
7	63	biorxiv|1219c420-6c6a-1014-afb9-e13c88e111ed|B MATURE	biorxiv:1219c420-6c6a-1014-afb9-e13c88e111ed	B MATURE	B MATURE	CD38;CD19;CD24	ENSG00000004468;ENSG00000177455;ENSG00000272398
7	65	biorxiv|1219c420-6c6a-1014-afb9-e13c88e111ed|B REGULATORY	biorxiv:1219c420-6c6a-1014-afb9-e13c88e111ed	B REGULATORY	B REGULATORY	CD38;CD19;CD24	ENSG00000004468;ENSG00000177455;ENSG00000272398
7	164	biorxiv|307b2bd7-6cb9-1014-a6b4-a58a7220bba3|B CELL	biorxiv:307b2bd7-6cb9-1014-a6b4-a58a7220bba3	B CELL	B CELL	CD79B;CD79A;MS4A1;CD19	ENSG00000007312;ENSG00000105369;ENSG00000156738;ENSG00000177455
7	296	biorxiv|57ac822b-6c7d-1014-a047-d6c2f45edeb7|B CELL	biorxiv:57ac822b-6c7d-1014-a047-d6c2f45edeb7	B CELL	B CELL	CR2;MS4A1;CD19	ENSG00000117322;ENSG00000156738;ENSG00000177455
7	327	biorxiv|64ab9878-6ed8-1014-99e3-9a1ae6ef730b|PLASMA CELL	biorxiv:64ab9878-6ed8-1014-99e3-9a1ae6ef730b	PLASMA CELL	PLASMA CELL	CD38;CD79A;SDC1	ENSG00000004468;ENSG00000105369;ENSG00000115884
7	329	biorxiv|653bfd04-6cbf-1014-864b-c74846f5cd96|PC	biorxiv:653bfd04-6cbf-1014-864b-c74846f5cd96	PC	PC	CD38;PRDM1;SDC1;IRF4;XBP1	ENSG00000004468;ENSG00000057657;ENSG00000115884;ENSG00000137265;ENSG00000249947
7	469	biorxiv|8f45ef4c-6d70-1014-815c-a556cc0c38ce|B-CELL	biorxiv:8f45ef4c-6d70-1014-815c-a556cc0c38ce	B-CELL	B CELL	CD79A;MS4A1;CD19	ENSG00000105369;ENSG00000156738;ENSG00000177455
7	501	biorxiv|9a5466f2-6c88-1014-bd5d-ff8513618027|ANTIBODY-SECRETING CELL	biorxiv:9a5466f2-6c88-1014-bd5d-ff8513618027	ANTIBODY-SECRETING CELL	ANTIBODY SECRETING CELL	CD38;CD27;CD19	ENSG00000004468;ENSG00000139193;ENSG00000177455
7	522	biorxiv|9c7f8281-6c21-1014-a6df-b6c543b29cb8|ASC	biorxiv:9c7f8281-6c21-1014-a6df-b6c543b29cb8	ASC	ASC	CD38;PRDM1;SDC1;IRF4;CD27;XBP1	ENSG00000004468;ENSG00000057657;ENSG00000115884;ENSG00000137265;ENSG00000139193;ENSG00000249947
7	725	biorxiv|cf0d429c-6c7f-1014-a5a8-f09b6915373d|B CELL	biorxiv:cf0d429c-6c7f-1014-a5a8-f09b6915373d	B CELL	B CELL	MS4A1;PAX5;LTB	ENSG00000156738;ENSG00000196092;ENSG00000204487
7	851	biorxiv|e6e04172-6c15-1014-9229-c57ac33d21f6|B-CELL	biorxiv:e6e04172-6c15-1014-9229-c57ac33d21f6	B-CELL	B CELL	CD79B;CD79A;MS4A1	ENSG00000007312;ENSG00000105369;ENSG00000156738
7	1168	hca|0049_10.1038_s41586-023-06252-9_3d2f22d6e6|B CELLS	hca:0049_10.1038_s41586-023-06252-9_3d2f22d6e6	B CELLS	B CELLS	CD79A;MS4A1;CD19	ENSG00000105369;ENSG00000156738;ENSG00000177455
7	1255	hca|0069_10.1038_s41467-021-23355-x_92232969b4|ACTIVATED SWITCHED MEMORY	hca:0069_10.1038_s41467-021-23355-x_92232969b4	ACTIVATED SWITCHED MEMORY	ACTIVATED SWITCHED MEMORY	CD38;CR2;CD27	ENSG00000004468;ENSG00000117322;ENSG00000139193
7	1256	hca|0069_10.1038_s41467-021-23355-x_92232969b4|ANTIBODY-SECRETING CELL	hca:0069_10.1038_s41467-021-23355-x_92232969b4	ANTIBODY-SECRETING CELL	ANTIBODY SECRETING CELL	CD38;CD27;MKI67	ENSG00000004468;ENSG00000139193;ENSG00000148773
7	1269	hca|0073_10.1016_j.isci.2021.102482_6ff6d432ab|CLUSTER 0/1	hca:0073_10.1016_j.isci.2021.102482_6ff6d432ab	CLUSTER 0/1	CLUSTER 0 1	PRDM1;SDC1;JCHAIN;IRF4;IGLC2;XBP1	ENSG00000057657;ENSG00000115884;ENSG00000132465;ENSG00000137265;ENSG00000211677;ENSG00000249947
7	1273	hca|0073_10.1016_j.isci.2021.102482_6ff6d432ab|PLASMABLAST	hca:0073_10.1016_j.isci.2021.102482_6ff6d432ab	PLASMABLAST	PLASMABLAST	CD38;PRDM1;CD27;CD19	ENSG00000004468;ENSG00000057657;ENSG00000139193;ENSG00000177455
7	1278	hca|0076_10.1016_j.cell.2021.01.053_e0734afb82|B CELLS	hca:0076_10.1016_j.cell.2021.01.053_e0734afb82	B CELLS	B CELLS	CD79B;CD79A;MS4A1	ENSG00000007312;ENSG00000105369;ENSG00000156738
7	1280	hca|0076_10.1016_j.cell.2021.01.053_e0734afb82|B_C05-MZB1-XBP1	hca:0076_10.1016_j.cell.2021.01.053_e0734afb82	B_C05-MZB1-XBP1	B C 05 MZB 1 XBP 1	PRDM1;POU2AF1;IRF4;XBP1	ENSG00000057657;ENSG00000110777;ENSG00000137265;ENSG00000249947
7	1297	hca|0077_10.1038_s41587-020-0602-4_e82c5c2835|PLASMA CELL	hca:0077_10.1038_s41587-020-0602-4_e82c5c2835	PLASMA CELL	PLASMA CELL	CD79A;SDC1;CD27	ENSG00000105369;ENSG00000115884;ENSG00000139193
7	1477	hca|0100_10.1038_s41467-021-22804-x_e7667133b9|B CELL	hca:0100_10.1038_s41467-021-22804-x_e7667133b9	B CELL	B CELL	CD79B;CD79A;MS4A1	ENSG00000007312;ENSG00000105369;ENSG00000156738
7	1551	hca|0113_10.1101_2021.04.28.441762_c83625bbe4|MEMORY B CELL	hca:0113_10.1101_2021.04.28.441762_c83625bbe4	MEMORY B CELL	MEMORY B CELL	MS4A1;CD19;TNFRSF13B	ENSG00000156738;ENSG00000177455;ENSG00000240505
7	1553	hca|0113_10.1101_2021.04.28.441762_c83625bbe4|PLASMA CELL	hca:0113_10.1101_2021.04.28.441762_c83625bbe4	PLASMA CELL	PLASMA CELL	CD38;SDC1;XBP1	ENSG00000004468;ENSG00000115884;ENSG00000249947
7	1554	hca|0113_10.1101_2021.04.28.441762_c83625bbe4|PLASMABLAST	hca:0113_10.1101_2021.04.28.441762_c83625bbe4	PLASMABLAST	PLASMABLAST	CD38;SDC1;XBP1	ENSG00000004468;ENSG00000115884;ENSG00000249947
7	1639	hca|0139_10.1038_s41590-020-0602-z_71058e050d|MEMORY B CELLS	hca:0139_10.1038_s41590-020-0602-z_71058e050d	MEMORY B CELLS	MEMORY B CELLS	CD40;MS4A1;CD19;TNFRSF13B	ENSG00000101017;ENSG00000156738;ENSG00000177455;ENSG00000240505
7	1804	hca|0184_10.1016_j.cell.2021.07.023_f621bea088|B CELL	hca:0184_10.1016_j.cell.2021.07.023_f621bea088	B CELL	B CELL	CD79B;CD79A;MS4A1	ENSG00000007312;ENSG00000105369;ENSG00000156738
7	1895	hca|0207_10.1016_j.immuni.2020.11.017_b182001861|PLASMABLAST	hca:0207_10.1016_j.immuni.2020.11.017_b182001861	PLASMABLAST	PLASMABLAST	CD38;TNFRSF17;CD27;MZB1	ENSG00000004468;ENSG00000048462;ENSG00000139193;ENSG00000170476
7	1983	hca|0228_10.1128_mbio.02583-20_5085db2792|MEMORY B CELL	hca:0228_10.1128_mbio.02583-20_5085db2792	MEMORY B CELL	MEMORY B CELL	CD22;CD27;MS4A1;CD19	ENSG00000012124;ENSG00000139193;ENSG00000156738;ENSG00000177455
7	1985	hca|0228_10.1128_mbio.02583-20_5085db2792|PLASMA CELL	hca:0228_10.1128_mbio.02583-20_5085db2792	PLASMA CELL	PLASMA CELL	CD38;SDC1;CD27;CD19	ENSG00000004468;ENSG00000115884;ENSG00000139193;ENSG00000177455
7	1986	hca|0228_10.1128_mbio.02583-20_5085db2792|PLASMABLAST	hca:0228_10.1128_mbio.02583-20_5085db2792	PLASMABLAST	PLASMABLAST	CD38;TNFRSF17;CD27;CD19	ENSG00000004468;ENSG00000048462;ENSG00000139193;ENSG00000177455
7	2032	hca|0243_10.1038_s41586-023-05915-x_2f4aafa6a2|B CELL	hca:0243_10.1038_s41586-023-05915-x_2f4aafa6a2	B CELL	B CELL	MS4A1;CD19;PAX5	ENSG00000156738;ENSG00000177455;ENSG00000196092
7	2205	hca|0286_10.1038_s41467-018-06318-7_d818827349|MATURE ANTIGEN INEXPERIENCED B CELL	hca:0286_10.1038_s41467-018-06318-7_d818827349	MATURE ANTIGEN INEXPERIENCED B CELL	MATURE ANTIGEN INEXPERIENCED B CELL	CD22;MS4A1;CD52;CD19;IGHD	ENSG00000012124;ENSG00000156738;ENSG00000169442;ENSG00000177455;ENSG00000211898
7	2431	hca|0342_10.18632_aging.203124_280d72e18e|B CELL	hca:0342_10.18632_aging.203124_280d72e18e	B CELL	B CELL	CD79A;MS4A1;CD19	ENSG00000105369;ENSG00000156738;ENSG00000177455
7	2842	hca|0410_10.3389_fcell.2021.820274_b0973e038f|B CELL	hca:0410_10.3389_fcell.2021.820274_b0973e038f	B CELL	B CELL	CD79A;CD27;CD19	ENSG00000105369;ENSG00000139193;ENSG00000177455
7	2897	hca|0420_10.1111_cas.15979_052ebae233|MEMORY B CELL	hca:0420_10.1111_cas.15979_052ebae233	MEMORY B CELL	MEMORY B CELL	CD27;MS4A1;CD19	ENSG00000139193;ENSG00000156738;ENSG00000177455
7	3087	hca|0465_10.1016_j.cell.2020.12.016_af8ed7d941|B CELL	hca:0465_10.1016_j.cell.2020.12.016_af8ed7d941	B CELL	B CELL	CD79A;CD19;IGHD	ENSG00000105369;ENSG00000177455;ENSG00000211898
7	3155	hca|0479_10.1016_j.xcrm.2022.100657_bf09154d98|B CELL	hca:0479_10.1016_j.xcrm.2022.100657_bf09154d98	B CELL	B CELL	CD79A;BANK1;MS4A1	ENSG00000105369;ENSG00000153064;ENSG00000156738
8	9	biorxiv|03092aac-75a4-1014-b9cc-d44d468fbd97|CD8+ PROLIFERATING EXHAUSTED T CELL	biorxiv:03092aac-75a4-1014-b9cc-d44d468fbd97	CD8+ PROLIFERATING EXHAUSTED T CELL	CD 8 PROLIFERATING EXHAUSTED T CELL	TOP2A;HAVCR2;MKI67	ENSG00000131747;ENSG00000135077;ENSG00000148773
8	54	biorxiv|0e94bf21-6c7c-1014-b6a7-bcc9b09c8181|TALC-4	biorxiv:0e94bf21-6c7c-1014-b6a7-bcc9b09c8181	TALC-4	TALC 4	GNRH2;TOP2A;MKI67	ENSG00000125787;ENSG00000131747;ENSG00000148773
8	242	biorxiv|446f40c7-6f7f-1014-8708-b70b3848c315|PROLIFERATING CELL	biorxiv:446f40c7-6f7f-1014-8708-b70b3848c315	PROLIFERATING CELL	PROLIFERATING CELL	STMN1;MKI67;HMGB2	ENSG00000117632;ENSG00000148773;ENSG00000164104
8	300	biorxiv|5a3c7d4e-70da-1014-80b6-cd48bfa975fe|B-CD8TCYCLING	biorxiv:5a3c7d4e-70da-1014-80b6-cd48bfa975fe	B-CD8TCYCLING	B CD 8 TCYCLING	STMN1;MKI67;CXCR3	ENSG00000117632;ENSG00000148773;ENSG00000186810
8	312	biorxiv|5c1d40eb-7190-1014-a458-8ab6cf3c7650|DUCTAL-LIKE CELLS UNDERGOING MITOSIS	biorxiv:5c1d40eb-7190-1014-a458-8ab6cf3c7650	DUCTAL-LIKE CELLS UNDERGOING MITOSIS	DUCTAL LIKE CELLS UNDERGOING MITOSIS	TOP2A;PCNA;MKI67;CDK1	ENSG00000131747;ENSG00000132646;ENSG00000148773;ENSG00000170312
8	452	biorxiv|88b6dd17-6fa5-1014-96e8-90837e572e81|IMMATURE ASTROCYTES	biorxiv:88b6dd17-6fa5-1014-96e8-90837e572e81	IMMATURE ASTROCYTES	IMMATURE ASTROCYTES	CENPF;TOP2A;NUSAP1	ENSG00000117724;ENSG00000131747;ENSG00000137804
8	698	biorxiv|c6b2e62c-6bf8-1014-b389-a9824584e0b5|CLUSTER 5	biorxiv:c6b2e62c-6bf8-1014-b389-a9824584e0b5	CLUSTER 5	CLUSTER 5	CENPF;MKI67;HMGB2	ENSG00000117724;ENSG00000148773;ENSG00000164104
8	703	biorxiv|c78d9bda-6cc0-1014-aba5-dba9dd700073|HIGHLY PROLIFERATIVE CEC	biorxiv:c78d9bda-6cc0-1014-aba5-dba9dd700073	HIGHLY PROLIFERATIVE CEC	HIGHLY PROLIFERATIVE CEC	CENPF;MKI67;PTTG1	ENSG00000117724;ENSG00000148773;ENSG00000164611
8	705	biorxiv|c78d9bda-6cc0-1014-aba5-dba9dd700073|PROLIFERATING CEC	biorxiv:c78d9bda-6cc0-1014-aba5-dba9dd700073	PROLIFERATING CEC	PROLIFERATING CEC	CENPF;MKI67;PTTG1	ENSG00000117724;ENSG00000148773;ENSG00000164611
8	728	biorxiv|cf0d429c-6c7f-1014-a5a8-f09b6915373d|CYCLING CELL	biorxiv:cf0d429c-6c7f-1014-a5a8-f09b6915373d	CYCLING CELL	CYCLING CELL	CDC20;TOP2A;MKI67	ENSG00000117399;ENSG00000131747;ENSG00000148773
8	1086	hca|0040_10.1016_j.xcrm.2021.100219_d37660c408|CLUSTER 11	hca:0040_10.1016_j.xcrm.2021.100219_d37660c408	CLUSTER 11	CLUSTER 11	TPX2;CENPF;TOP2A;NUSAP1;CCNA2;MKI67;SPC25;CDK1;UBE2C	ENSG00000088325;ENSG00000117724;ENSG00000131747;ENSG00000137804;ENSG00000145386;ENSG00000148773;ENSG00000152253;ENSG00000170312;ENSG00000175063
8	1096	hca|0040_10.1016_j.xcrm.2021.100219_d37660c408|N19	hca:0040_10.1016_j.xcrm.2021.100219_d37660c408	N19	N 19	BIRC5;MKI67;PCLAF	ENSG00000089685;ENSG00000148773;ENSG00000166803
8	1236	hca|0063_10.1016_j.cell.2021.04.028_f5e4882de7|INTESTINAL STEM CELL	hca:0063_10.1016_j.cell.2021.04.028_f5e4882de7	INTESTINAL STEM CELL	INTESTINAL STEM CELL	OLFM4;LGR5;MKI67	ENSG00000102837;ENSG00000139292;ENSG00000148773
8	1253	hca|0068_10.1093_ibd_izac201_351dddd961|TA CELL	hca:0068_10.1093_ibd_izac201_351dddd961	TA CELL	TA CELL	OLFM4;TOP2A;MKI67	ENSG00000102837;ENSG00000131747;ENSG00000148773
8	1287	hca|0076_10.1016_j.cell.2021.01.053_e0734afb82|T_CD8_C10-MKI67-GZMK	hca:0076_10.1016_j.cell.2021.01.053_e0734afb82	T_CD8_C10-MKI67-GZMK	T CD 8 C 10 MKI 67 GZMK	GZMK;STMN1;MKI67;HMGB2	ENSG00000113088;ENSG00000117632;ENSG00000148773;ENSG00000164104
8	1362	hca|0085_10.1073_pnas.2200914119_3dd916fb05|TRANSIT AMPLIFYING	hca:0085_10.1073_pnas.2200914119_3dd916fb05	TRANSIT AMPLIFYING	TRANSIT AMPLIFYING	BIRC5;TOP2A;MKI67;UBE2C	ENSG00000089685;ENSG00000131747;ENSG00000148773;ENSG00000175063
8	1418	hca|0090_10.1038_s41586-021-03852-1_eec89a5e36|TRANSIT-AMPLIFYING	hca:0090_10.1038_s41586-021-03852-1_eec89a5e36	TRANSIT-AMPLIFYING	TRANSIT AMPLIFYING	TOP2A;PCNA;MKI67	ENSG00000131747;ENSG00000132646;ENSG00000148773
8	1671	hca|0148_10.1113_jp287812_fd3137bc12|DIVIDING FIBROBLASTS/MURAL CELL	hca:0148_10.1113_jp287812_fd3137bc12	DIVIDING FIBROBLASTS/MURAL CELL	DIVIDING FIBROBLASTS MURAL CELL	ASPM;TOP2A;DIAPH3	ENSG00000066279;ENSG00000131747;ENSG00000139734
8	1672	hca|0148_10.1113_jp287812_fd3137bc12|DIVIDING IMMUNE CELL	hca:0148_10.1113_jp287812_fd3137bc12	DIVIDING IMMUNE CELL	DIVIDING IMMUNE CELL	ASPM;TOP2A;DIAPH3	ENSG00000066279;ENSG00000131747;ENSG00000139734
8	1673	hca|0148_10.1113_jp287812_fd3137bc12|DIVIDING MACROPHAGE	hca:0148_10.1113_jp287812_fd3137bc12	DIVIDING MACROPHAGE	DIVIDING MACROPHAGE	ASPM;TOP2A;DIAPH3	ENSG00000066279;ENSG00000131747;ENSG00000139734
8	1864	hca|0198_10.1038_s41467-021-27619-4_12529026b3|CYCLING CD8+ T CELL	hca:0198_10.1038_s41467-021-27619-4_12529026b3	CYCLING CD8+ T CELL	CYCLING CD 8 T CELL	STMN1;TUBA1B;MKI67	ENSG00000117632;ENSG00000123416;ENSG00000148773
8	1932	hca|0215_10.1038_s42003-020-01625-6_cc9e14f4ea|CD8_6	hca:0215_10.1038_s42003-020-01625-6_cc9e14f4ea	CD8_6	CD 8 6	STMN1;TOP2A;MKI67;CDK1	ENSG00000117632;ENSG00000131747;ENSG00000148773;ENSG00000170312
8	2063	hca|0255_10.1183_13993003.02441-2018_9965f84ef5|PROLIFERATING MACROPHAGES	hca:0255_10.1183_13993003.02441-2018_9965f84ef5	PROLIFERATING MACROPHAGES	PROLIFERATING MACROPHAGES	BIRC5;MKI67;PCLAF;UBE2C	ENSG00000089685;ENSG00000148773;ENSG00000166803;ENSG00000175063
8	2161	hca|0280_10.1681_asn.2017080890_022062f455|PROLIFERATING CELLS	hca:0280_10.1681_asn.2017080890_022062f455	PROLIFERATING CELLS	PROLIFERATING CELLS	CENPF;TOP2A;MKI67	ENSG00000117724;ENSG00000131747;ENSG00000148773
8	2209	hca|0286_10.1038_s41467-018-06318-7_d818827349|PROLIFERATING ΓΔ T CELL	hca:0286_10.1038_s41467-018-06318-7_d818827349	PROLIFERATING ΓΔ T CELL	PROLIFERATING T CELL	STMN1;MKI67;TRDC	ENSG00000117632;ENSG00000148773;ENSG00000211829
8	2270	hca|0296_10.1038_s41467-021-25328-6_8814b43a21|CLUSTER [4,7]	hca:0296_10.1038_s41467-021-25328-6_8814b43a21	CLUSTER [4,7]	CLUSTER 4 7	CENPF;TOP2A;MKI67	ENSG00000117724;ENSG00000131747;ENSG00000148773
8	2459	hca|0350_10.1038_s41421-020-0157-z_3083f6da26|CYCLING NK & T	hca:0350_10.1038_s41421-020-0157-z_3083f6da26	CYCLING NK & T	CYCLING NK T	STMN1;MKI67;HMGB2;HIST1H4C	ENSG00000117632;ENSG00000148773;ENSG00000164104;ENSG00000197061
8	2826	hca|0405_10.1016_j.ccell.2021.03.007_50f32173d6|CD8A + PROLIFERATING	hca:0405_10.1016_j.ccell.2021.03.007_50f32173d6	CD8A + PROLIFERATING	CD 8 A PROLIFERATING	STMN1;TOP2A;MKI67	ENSG00000117632;ENSG00000131747;ENSG00000148773
8	2938	hca|0427_10.7150_ijbs.58886_44183be8e8|C1	hca:0427_10.7150_ijbs.58886_44183be8e8	C1	C 1	ASPM;TPX2;CENPF;TOP2A;NUSAP1;UBE2C	ENSG00000066279;ENSG00000088325;ENSG00000117724;ENSG00000131747;ENSG00000137804;ENSG00000175063
8	2943	hca|0427_10.7150_ijbs.58886_44183be8e8|CLUSTER 1	hca:0427_10.7150_ijbs.58886_44183be8e8	CLUSTER 1	CLUSTER 1	ASPM;TOP2A;UBE2C	ENSG00000066279;ENSG00000131747;ENSG00000175063
8	2976	hca|0436_10.1016_j.jtos.2020.12.004_24ddeb29a4|AMPLIFYING CELL	hca:0436_10.1016_j.jtos.2020.12.004_24ddeb29a4	AMPLIFYING CELL	AMPLIFYING CELL	BIRC5;MKI67;RRM2	ENSG00000089685;ENSG00000148773;ENSG00000171848
8	3110	hca|0465_10.1016_j.cell.2020.12.016_af8ed7d941|TRANSIT-AMPLIFYING CELL	hca:0465_10.1016_j.cell.2020.12.016_af8ed7d941	TRANSIT-AMPLIFYING CELL	TRANSIT AMPLIFYING CELL	TOP2A;MKI67;UBE2C	ENSG00000131747;ENSG00000148773;ENSG00000175063
8	3186	hca|0481_10.1016_j.immuni.2023.01.002_2da3d3f446|CYCLING CELL	hca:0481_10.1016_j.immuni.2023.01.002_2da3d3f446	CYCLING CELL	CYCLING CELL	TOP2A;MKI67;HMGB2;UBE2C	ENSG00000131747;ENSG00000148773;ENSG00000164104;ENSG00000175063
9	15	biorxiv|03092aac-75a4-1014-b9cc-d44d468fbd97|STRAD13⁺ MACROPHAGE	biorxiv:03092aac-75a4-1014-b9cc-d44d468fbd97	STRAD13⁺ MACROPHAGE	STRAD 13 MACROPHAGE	STARD13;CD163;MRC1	ENSG00000133121;ENSG00000177575;ENSG00000260314
9	16	biorxiv|03092aac-75a4-1014-b9cc-d44d468fbd97|TREM2HIGH MACROPHAGE	biorxiv:03092aac-75a4-1014-b9cc-d44d468fbd97	TREM2HIGH MACROPHAGE	TREM 2 HIGH MACROPHAGE	TREM2;APOE;SPP1;C1QA	ENSG00000095970;ENSG00000130203;ENSG00000154832;ENSG00000173372
9	17	biorxiv|03092aac-75a4-1014-b9cc-d44d468fbd97|TREM2LOW	biorxiv:03092aac-75a4-1014-b9cc-d44d468fbd97	TREM2LOW	TREM 2 LOW	APOE;C1QC;C1QA	ENSG00000130203;ENSG00000159189;ENSG00000173372
9	290	biorxiv|54c905c7-6e9f-1014-9168-935cc2dc841b|MC3	biorxiv:54c905c7-6e9f-1014-9168-935cc2dc841b	MC3	MC 3	MSR1;CD68;CHI3L1;CHIT1;CD163;MRC1	ENSG00000038945;ENSG00000129226;ENSG00000133048;ENSG00000133063;ENSG00000177575;ENSG00000260314
9	777	biorxiv|d8ee72e2-7047-1014-a159-a9ef37bce7a4|MACROPHAGE	biorxiv:d8ee72e2-7047-1014-a159-a9ef37bce7a4	MACROPHAGE	MACROPHAGE	MSR1;CD68;MRC1	ENSG00000038945;ENSG00000129226;ENSG00000260314
9	816	biorxiv|e2efdcad-73c4-1014-9c6c-8a89f519fd2d|CDC2.4	biorxiv:e2efdcad-73c4-1014-9c6c-8a89f519fd2d	CDC2.4	CDC 2 4	C3;C1QC;C1QB;C1QA	ENSG00000125730;ENSG00000159189;ENSG00000173369;ENSG00000173372
9	923	biorxiv|f3be1d12-72db-1014-a9a0-ac8d78e3151e|TAM_MRC1	biorxiv:f3be1d12-72db-1014-a9a0-ac8d78e3151e	TAM_MRC1	TAM MRC 1	MSR1;CD163;MRC1	ENSG00000038945;ENSG00000177575;ENSG00000260314
9	929	biorxiv|f787a6d9-6ce3-1014-a3f6-a662a1333571|IM CD1C	biorxiv:f787a6d9-6ce3-1014-a3f6-a662a1333571	IM CD1C	IM CD 1 C	CCR6;F13A1;IL1B;C1QC;C1QB	ENSG00000112486;ENSG00000124491;ENSG00000125538;ENSG00000159189;ENSG00000173369
9	1061	hca|0032_10.15252_msb.20209682_ea064ade0e|KUPFFER CELL	hca:0032_10.15252_msb.20209682_ea064ade0e	KUPFFER CELL	KUPFFER CELL	MARCO;CD5L;C1QB;CD163	ENSG00000019169;ENSG00000073754;ENSG00000173369;ENSG00000177575
9	1248	hca|0068_10.1093_ibd_izac201_351dddd961|MACROPHAGE	hca:0068_10.1093_ibd_izac201_351dddd961	MACROPHAGE	MACROPHAGE	S100A8;C1QB;C1QA	ENSG00000143546;ENSG00000173369;ENSG00000173372
9	1467	hca|0099_10.1126_sciimmunol.abl9165_5f9974d5f2|MAC1	hca:0099_10.1126_sciimmunol.abl9165_5f9974d5f2	MAC1	MAC 1	CD68;FCER1G;C1QC;CEBPB;C1QB;CD163	ENSG00000129226;ENSG00000158869;ENSG00000159189;ENSG00000172216;ENSG00000173369;ENSG00000177575
9	1469	hca|0099_10.1126_sciimmunol.abl9165_5f9974d5f2|MAC3	hca:0099_10.1126_sciimmunol.abl9165_5f9974d5f2	MAC3	MAC 3	C1QC;C1QB;CD163	ENSG00000159189;ENSG00000173369;ENSG00000177575
9	1595	hca|0124_10.1126_science.aba6500_a77c502bf7|MAC1	hca:0124_10.1126_science.aba6500_a77c502bf7	MAC1	MAC 1	MARCO;C1QC;C1QB;CD163	ENSG00000019169;ENSG00000159189;ENSG00000173369;ENSG00000177575
9	1678	hca|0148_10.1113_jp287812_fd3137bc12|MACROPHAGE	hca:0148_10.1113_jp287812_fd3137bc12	MACROPHAGE	MACROPHAGE	MSR1;CD163;MRC1	ENSG00000038945;ENSG00000177575;ENSG00000260314
9	1739	hca|0161_10.1681_asn.2020030326_bf5d42b566|DONOR MACROPHAGE	hca:0161_10.1681_asn.2020030326_bf5d42b566	DONOR MACROPHAGE	DONOR MACROPHAGE	F13A1;C1QC;CD14;C1QB;C1QA;KIAA1671	ENSG00000124491;ENSG00000159189;ENSG00000170458;ENSG00000173369;ENSG00000173372;ENSG00000197077
9	1943	hca|0217_10.1186_s40478-023-01568-z_30cfefc163|BORDER-ASSOCIATED MACROPHAGE	hca:0217_10.1186_s40478-023-01568-z_30cfefc163	BORDER-ASSOCIATED MACROPHAGE	BORDER ASSOCIATED MACROPHAGE	LYVE1;CD163;MRC1	ENSG00000133800;ENSG00000177575;ENSG00000260314
9	2101	hca|0264_10.1186_s13059-022-02677-z_ec9d743757|TAM	hca:0264_10.1186_s13059-022-02677-z_ec9d743757	TAM	TAM	APOE;CD163;SELENOP	ENSG00000130203;ENSG00000177575;ENSG00000250722
9	2429	hca|0340_10.1038_s41467-020-16164-1_15fae00c00|ANTI-INFLAMMATORY AM	hca:0340_10.1038_s41467-020-16164-1_15fae00c00	ANTI-INFLAMMATORY AM	ANTI INFLAMMATORY AM	APOE;C1QB;CD163	ENSG00000130203;ENSG00000173369;ENSG00000177575
9	2446	hca|0349_10.1038_s41467-023-36296-4_67ae3c1e19|C1QC+ MACROPHAGE	hca:0349_10.1038_s41467-023-36296-4_67ae3c1e19	C1QC+ MACROPHAGE	C 1 QC MACROPHAGE	C1QC;C1QB;C1QA	ENSG00000159189;ENSG00000173369;ENSG00000173372
9	2555	hca|0364_10.1161_circulationaha.120.046528_00aa2deb4c|M2LIKE2	hca:0364_10.1161_circulationaha.120.046528_00aa2deb4c	M2LIKE2	M 2 LIKE 2	RAB13;MERTK;C1QC;C1QB;C1QA;CD163;MRC1	ENSG00000143545;ENSG00000153208;ENSG00000159189;ENSG00000173369;ENSG00000173372;ENSG00000177575;ENSG00000260314
9	2575	hca|0365_10.3389_fendo.2022.874915_81de77d539|MACROPHAGE	hca:0365_10.3389_fendo.2022.874915_81de77d539	MACROPHAGE	MACROPHAGE	C1QC;C1QB;C1QA;CD163	ENSG00000159189;ENSG00000173369;ENSG00000173372;ENSG00000177575
9	2754	hca|0394_10.1038_s41591-021-01329-2_7dcc6ae73c|CD16+C1QA/B/C+	hca:0394_10.1038_s41591-021-01329-2_7dcc6ae73c	CD16+C1QA/B/C+	CD 16 C 1 QA B C	C1QC;C1QB;C1QA;FCGR3A	ENSG00000159189;ENSG00000173369;ENSG00000173372;ENSG00000203747
9	2799	hca|0402_10.1016_j.cell.2021.04.038_26e3dc6d2f|TUMOR-SPECIFIC MACROPHAGE	hca:0402_10.1016_j.cell.2021.04.038_26e3dc6d2f	TUMOR-SPECIFIC MACROPHAGE	TUMOR SPECIFIC MACROPHAGE	TREM2;LILRB5;APOE	ENSG00000095970;ENSG00000105609;ENSG00000130203
9	2800	hca|0402_10.1016_j.cell.2021.04.038_26e3dc6d2f|TUMOR-SPECIFIC MACROPHAGE SUBPOPULATION	hca:0402_10.1016_j.cell.2021.04.038_26e3dc6d2f	TUMOR-SPECIFIC MACROPHAGE SUBPOPULATION	TUMOR SPECIFIC MACROPHAGE SUBPOPULATION	TREM2;LILRB5;APOE	ENSG00000095970;ENSG00000105609;ENSG00000130203
9	2829	hca|0405_10.1016_j.ccell.2021.03.007_50f32173d6|TAM HLA HI	hca:0405_10.1016_j.ccell.2021.03.007_50f32173d6	TAM HLA HI	TAM HLA HI	TREM2;APOE;C1QA	ENSG00000095970;ENSG00000130203;ENSG00000173372
9	2959	hca|0431_10.1038_s44161-022-00028-6_b4c8c1227f|MAC1	hca:0431_10.1038_s44161-022-00028-6_b4c8c1227f	MAC1	MAC 1	SIGLEC1;TREM2;F13A1;LYVE1;CD163;MRC1	ENSG00000088827;ENSG00000095970;ENSG00000124491;ENSG00000133800;ENSG00000177575;ENSG00000260314
9	3024	hca|0449_10.1084_jem.20202345_e99c99a876|MARCO + MACROPHAGES	hca:0449_10.1084_jem.20202345_e99c99a876	MARCO + MACROPHAGES	MARCO MACROPHAGES	MARCO;F13A1;C1QC;C1QB	ENSG00000019169;ENSG00000124491;ENSG00000159189;ENSG00000173369
9	3163	hca|0479_10.1016_j.xcrm.2022.100657_bf09154d98|MACRO-3	hca:0479_10.1016_j.xcrm.2022.100657_bf09154d98	MACRO-3	MACRO 3	LYVE1;CSF1R;MRC1	ENSG00000133800;ENSG00000182578;ENSG00000260314
9	3196	hca|0481_10.1016_j.immuni.2023.01.002_2da3d3f446|MACROPHAGE	hca:0481_10.1016_j.immuni.2023.01.002_2da3d3f446	MACROPHAGE	MACROPHAGE	C1QC;C1QB;CD163	ENSG00000159189;ENSG00000173369;ENSG00000177575
9	3267	hca|0494_10.1038_s41467-021-27895-0_bbe3158fbf|MACROPHAGE	hca:0494_10.1038_s41467-021-27895-0_bbe3158fbf	MACROPHAGE	MACROPHAGE	MSR1;C1QB;CD163	ENSG00000038945;ENSG00000173369;ENSG00000177575
9	3292	hca|0500_10.1073_pnas.2306153120_5c49b25904|C4	hca:0500_10.1073_pnas.2306153120_5c49b25904	C4	C 4	LYVE1;CD163;CD163L1;MRC1	ENSG00000133800;ENSG00000177575;ENSG00000177675;ENSG00000260314
9	3339	hca|0513_10.1186_s13059-019-1906-x_0a4cb34cd5|MACROPHAGE	hca:0513_10.1186_s13059-019-1906-x_0a4cb34cd5	MACROPHAGE	MACROPHAGE	CD5L;HMOX1;APOE;C1QC;VCAM1;C1QA	ENSG00000073754;ENSG00000100292;ENSG00000130203;ENSG00000159189;ENSG00000162692;ENSG00000173372
10	108	biorxiv|219b21d9-7007-1014-9157-ab439216a355|FIB3	biorxiv:219b21d9-7007-1014-9157-ab439216a355	FIB3	FIB 3	VWF;EGFL7;ACKR1	ENSG00000110799;ENSG00000172889;ENSG00000213088
10	141	biorxiv|2746af96-6da7-1014-ab14-859a63e4801c|EC	biorxiv:2746af96-6da7-1014-ab14-859a63e4801c	EC	EC	CDH5;AQP1;PECAM1	ENSG00000179776;ENSG00000240583;ENSG00000261371
10	272	biorxiv|50c888ca-6c09-1014-89ca-dc13eaf87e62|CLUSTER 4	biorxiv:50c888ca-6c09-1014-89ca-dc13eaf87e62	CLUSTER 4	CLUSTER 4	KDR;SMA;PECAM1	ENSG00000128052;ENSG00000172062;ENSG00000261371
10	752	biorxiv|d2042444-7138-1014-94ac-a1f590fd3173|ENDOTHELIAL CELL	biorxiv:d2042444-7138-1014-94ac-a1f590fd3173	ENDOTHELIAL CELL	ENDOTHELIAL CELL	PTPRB;CDH5;CLDN5	ENSG00000127329;ENSG00000179776;ENSG00000184113
10	1307	hca|0080_10.1126_sciadv.abf1444_8cb053b6ed|ENDOTHELIAL CELL	hca:0080_10.1126_sciadv.abf1444_8cb053b6ed	ENDOTHELIAL CELL	ENDOTHELIAL CELL	VWF;EGFL7;GATA2	ENSG00000110799;ENSG00000172889;ENSG00000179348
10	1379	hca|0089_10.1038_s41586-020-2797-4_6e65d21b5d|ENDOTHELIAL CELL	hca:0089_10.1038_s41586-020-2797-4_6e65d21b5d	ENDOTHELIAL CELL	ENDOTHELIAL CELL	VWF;CDH5;PECAM1	ENSG00000110799;ENSG00000179776;ENSG00000261371
10	1440	hca|0095_10.1101_2021.09.16.460628_23a839e09f|BLOOD ENDOTHELIAL	hca:0095_10.1101_2021.09.16.460628_23a839e09f	BLOOD ENDOTHELIAL	BLOOD ENDOTHELIAL	VWF;KDR;PECAM1	ENSG00000110799;ENSG00000128052;ENSG00000261371
10	1496	hca|0105_10.1038_s41563-020-00853-9_ec3e5ef313|ENDOTHELIAL	hca:0105_10.1038_s41563-020-00853-9_ec3e5ef313	ENDOTHELIAL	ENDOTHELIAL	FLT1;SOX17;PECAM1	ENSG00000102755;ENSG00000164736;ENSG00000261371
10	1689	hca|0148_10.1113_jp287812_fd3137bc12|VASCULAR ENDOTHELIAL CELL	hca:0148_10.1113_jp287812_fd3137bc12	VASCULAR ENDOTHELIAL CELL	VASCULAR ENDOTHELIAL CELL	VWF;PTPRB;PECAM1	ENSG00000110799;ENSG00000127329;ENSG00000261371
10	1691	hca|0148_10.1113_jp287812_fd3137bc12|VEC	hca:0148_10.1113_jp287812_fd3137bc12	VEC	VEC	FLT1;VWF;PECAM1	ENSG00000102755;ENSG00000110799;ENSG00000261371
10	1693	hca|0149_10.1038_s41368-023-00238-z_c77e60a0ab|ENDOTHELIAL CELLS	hca:0149_10.1038_s41368-023-00238-z_c77e60a0ab	ENDOTHELIAL CELLS	ENDOTHELIAL CELLS	ENG;CD34;PECAM1	ENSG00000106991;ENSG00000174059;ENSG00000261371
10	1720	hca|0158_10.2337_db21-0830_d021248f76|ENDOTHELIAL CELL	hca:0158_10.2337_db21-0830_d021248f76	ENDOTHELIAL CELL	ENDOTHELIAL CELL	VWF;CDH5;PECAM1	ENSG00000110799;ENSG00000179776;ENSG00000261371
10	2131	hca|0274_10.1016_j.isci.2021.103592_3ec037cca1|ENDOTHELIAL CELLS	hca:0274_10.1016_j.isci.2021.103592_3ec037cca1	ENDOTHELIAL CELLS	ENDOTHELIAL CELLS	CDH5;AQP1;PECAM1	ENSG00000179776;ENSG00000240583;ENSG00000261371
10	2229	hca|0290_10.1101_235499_566cff6e3c|HEMOGENIC ENDOTHELIAL CELL	hca:0290_10.1101_235499_566cff6e3c	HEMOGENIC ENDOTHELIAL CELL	HEMOGENIC ENDOTHELIAL CELL	KDR;KIT;CDH5;PECAM1	ENSG00000128052;ENSG00000157404;ENSG00000179776;ENSG00000261371
10	2304	hca|0302_10.1016_j.isci.2022.104772_3e028c0be0|ENDOTHELIAL CELL	hca:0302_10.1016_j.isci.2022.104772_3e028c0be0	ENDOTHELIAL CELL	ENDOTHELIAL CELL	VWF;CDH5;PECAM1	ENSG00000110799;ENSG00000179776;ENSG00000261371
10	2325	hca|0307_10.1038_s41419-021-03724-6_32b837a8da|ENDOTHELIAL	hca:0307_10.1038_s41419-021-03724-6_32b837a8da	ENDOTHELIAL	ENDOTHELIAL	CD34;CDH5;PECAM1	ENSG00000174059;ENSG00000179776;ENSG00000261371
10	2386	hca|0322_10.3389_fonc.2021.719564_a0cfb67753|ENDOTHELIAL CELLS	hca:0322_10.3389_fonc.2021.719564_a0cfb67753	ENDOTHELIAL CELLS	ENDOTHELIAL CELLS	KDR;CDH5;PECAM1	ENSG00000128052;ENSG00000179776;ENSG00000261371
10	2547	hca|0364_10.1161_circulationaha.120.046528_00aa2deb4c|EC1	hca:0364_10.1161_circulationaha.120.046528_00aa2deb4c	EC1	EC 1	VWF;IFI27;PECAM1	ENSG00000110799;ENSG00000165949;ENSG00000261371
10	2548	hca|0364_10.1161_circulationaha.120.046528_00aa2deb4c|EC2	hca:0364_10.1161_circulationaha.120.046528_00aa2deb4c	EC2	EC 2	VWF;IFI27;PECAM1	ENSG00000110799;ENSG00000165949;ENSG00000261371
10	2576	hca|0365_10.3389_fendo.2022.874915_81de77d539|SC9	hca:0365_10.3389_fendo.2022.874915_81de77d539	SC9	SC 9	VWF;EMCN;PECAM1	ENSG00000110799;ENSG00000164035;ENSG00000261371
10	2837	hca|0407_10.1093_humrep_deac183_7b0f560d74|ENDOTHELIAL CELL	hca:0407_10.1093_humrep_deac183_7b0f560d74	ENDOTHELIAL CELL	ENDOTHELIAL CELL	VWF;CDH11;PECAM1	ENSG00000110799;ENSG00000140937;ENSG00000261371
10	2848	hca|0410_10.3389_fcell.2021.820274_b0973e038f|ENDOTHELIAL CELL	hca:0410_10.3389_fcell.2021.820274_b0973e038f	ENDOTHELIAL CELL	ENDOTHELIAL CELL	VWF;CDH5;ACKR1	ENSG00000110799;ENSG00000179776;ENSG00000213088
10	3090	hca|0465_10.1016_j.cell.2020.12.016_af8ed7d941|ENDOTHELIUM	hca:0465_10.1016_j.cell.2020.12.016_af8ed7d941	ENDOTHELIUM	ENDOTHELIUM	CDH5;CLDN5;PECAM1	ENSG00000179776;ENSG00000184113;ENSG00000261371
11	102	biorxiv|1fa7b83f-6da7-1014-a69d-d257852e8dd1|T CELL	biorxiv:1fa7b83f-6da7-1014-a69d-d257852e8dd1	T CELL	T CELL	CD3D;CD3E;CD3G	ENSG00000167286;ENSG00000198851;ENSG00000289746
11	168	biorxiv|307b2bd7-6cb9-1014-a6b4-a58a7220bba3|T CELL	biorxiv:307b2bd7-6cb9-1014-a6b4-a58a7220bba3	T CELL	T CELL	CD3D;TRBC1;TRAC;CD3G	ENSG00000167286;ENSG00000211751;ENSG00000277734;ENSG00000289746
11	169	biorxiv|307b2bd7-6cb9-1014-a6b4-a58a7220bba3|T-CELL	biorxiv:307b2bd7-6cb9-1014-a6b4-a58a7220bba3	T-CELL	T CELL	CD3D;CD3E;CD3G	ENSG00000167286;ENSG00000198851;ENSG00000289746
11	468	biorxiv|8e460cfc-7020-1014-9694-e5bf39316223|T CELL	biorxiv:8e460cfc-7020-1014-9694-e5bf39316223	T CELL	T CELL	CD3D;CD3E;CD3G	ENSG00000167286;ENSG00000198851;ENSG00000289746
11	689	biorxiv|c245f005-7ab6-1014-adbd-b49bd8bfffbc|T CELL	biorxiv:c245f005-7ab6-1014-adbd-b49bd8bfffbc	T CELL	T CELL	CD3D;CD3E;TRAC	ENSG00000167286;ENSG00000198851;ENSG00000277734
11	1252	hca|0068_10.1093_ibd_izac201_351dddd961|T CELL	hca:0068_10.1093_ibd_izac201_351dddd961	T CELL	T CELL	NKG7;BTG1;CD3D	ENSG00000105374;ENSG00000133639;ENSG00000167286
11	1281	hca|0076_10.1016_j.cell.2021.01.053_e0734afb82|CD4 AND CD8 T CELLS	hca:0076_10.1016_j.cell.2021.01.053_e0734afb82	CD4 AND CD8 T CELLS	CD 4 AND CD 8 T CELLS	CD40LG;CD8A;CD3D;CD8B;CD3E;CD3G	ENSG00000102245;ENSG00000153563;ENSG00000167286;ENSG00000172116;ENSG00000198851;ENSG00000289746
11	1534	hca|0109_10.7554_elife.91792.1_056dda27be|T CELLS	hca:0109_10.7554_elife.91792.1_056dda27be	T CELLS	T CELLS	CD3D;CD247;CD3E;TRAC;CD3G	ENSG00000167286;ENSG00000198821;ENSG00000198851;ENSG00000277734;ENSG00000289746
11	1761	hca|0164_10.1177_00220345221147908_13bf485ac8|T CELL	hca:0164_10.1177_00220345221147908_13bf485ac8	T CELL	T CELL	CD3D;CD3E;CD3G	ENSG00000167286;ENSG00000198851;ENSG00000289746
11	2248	hca|0291_10.1016_j.cell.2019.06.024_7d6cf2f1e2|T CELLS	hca:0291_10.1016_j.cell.2019.06.024_7d6cf2f1e2	T CELLS	T CELLS	CD2;CD3D;CD3E;CD3G	ENSG00000116824;ENSG00000167286;ENSG00000198851;ENSG00000289746
11	2259	hca|0293_10.1172_jci.insight.150861_5764a5bfad|T CELL	hca:0293_10.1172_jci.insight.150861_5764a5bfad	T CELL	T CELL	GZMK;CD3D;CD3E	ENSG00000113088;ENSG00000167286;ENSG00000198851
11	2435	hca|0343_10.1038_s41597-019-0351-8_0cf4fb36a1|T CELL	hca:0343_10.1038_s41597-019-0351-8_0cf4fb36a1	T CELL	T CELL	CD3D;IL7R;CD3E	ENSG00000167286;ENSG00000168685;ENSG00000198851
11	2853	hca|0410_10.3389_fcell.2021.820274_b0973e038f|T CELL	hca:0410_10.3389_fcell.2021.820274_b0973e038f	T CELL	T CELL	NKG7;CD3D;TRAC	ENSG00000105374;ENSG00000167286;ENSG00000277734
11	2884	hca|0418_10.1038_s42003-020-0922-4_8904851286|T CELL	hca:0418_10.1038_s42003-020-0922-4_8904851286	T CELL	T CELL	CD3D;LCK;CD3E;CD3G	ENSG00000167286;ENSG00000182866;ENSG00000198851;ENSG00000289746
11	3204	hca|0481_10.1016_j.immuni.2023.01.002_2da3d3f446|T CELL	hca:0481_10.1016_j.immuni.2023.01.002_2da3d3f446	T CELL	T CELL	CD3D;CD3E;CD3G	ENSG00000167286;ENSG00000198851;ENSG00000289746
12	630	biorxiv|b60c0833-6df2-1014-8865-f92ffff4fcc6|OLIGODENDROCYTE	biorxiv:b60c0833-6df2-1014-8865-f92ffff4fcc6	OLIGODENDROCYTE	OLIGODENDROCYTE	PLP1;MOG;MOBP;MBP;CR1	ENSG00000123560;ENSG00000137345;ENSG00000168314;ENSG00000197971;ENSG00000203710
12	1071	hca|0037_10.1038_s41593-019-0539-4_24ef44df9e|OLIGODENDROCYTES	hca:0037_10.1038_s41593-019-0539-4_24ef44df9e	OLIGODENDROCYTES	OLIGODENDROCYTES	PLP1;MOBP;MBP	ENSG00000123560;ENSG00000168314;ENSG00000197971
12	1851	hca|0195_10.1038_nbt.4038_23df984b1c|MOLI	hca:0195_10.1038_nbt.4038_23df984b1c	MOLI	MOLI	PLP1;MOG;MBP	ENSG00000123560;ENSG00000137345;ENSG00000197971
12	1881	hca|0205_10.1038_s41588-020-0636-z_f39ba80540|ENTERIC GLIAL CELL	hca:0205_10.1038_s41588-020-0636-z_f39ba80540	ENTERIC GLIAL CELL	ENTERIC GLIAL CELL	SOX10;PLP1;S100B	ENSG00000100146;ENSG00000123560;ENSG00000160307
12	1949	hca|0217_10.1186_s40478-023-01568-z_30cfefc163|OLIGODENDROCYTE CLUSTER	hca:0217_10.1186_s40478-023-01568-z_30cfefc163	OLIGODENDROCYTE CLUSTER	OLIGODENDROCYTE CLUSTER	MAG;PLP1;MBP	ENSG00000105695;ENSG00000123560;ENSG00000197971
12	2037	hca|0243_10.1038_s41586-023-05915-x_2f4aafa6a2|GLIAL CELL	hca:0243_10.1038_s41586-023-05915-x_2f4aafa6a2	GLIAL CELL	GLIAL CELL	CDH19;SOX10;PLP1	ENSG00000071991;ENSG00000100146;ENSG00000123560
12	2247	hca|0291_10.1016_j.cell.2019.06.024_7d6cf2f1e2|OLIGODENDROCYTES	hca:0291_10.1016_j.cell.2019.06.024_7d6cf2f1e2	OLIGODENDROCYTES	OLIGODENDROCYTES	CLDN11;MAG;F3;PLP1;MOG;MBP	ENSG00000013297;ENSG00000105695;ENSG00000117525;ENSG00000123560;ENSG00000137345;ENSG00000197971
12	2343	hca|0307_10.1038_s41419-021-03724-6_32b837a8da|NEURAL CREST-LIKE	hca:0307_10.1038_s41419-021-03724-6_32b837a8da	NEURAL CREST-LIKE	NEURAL CREST LIKE	SOX10;MLANA;S100B	ENSG00000100146;ENSG00000120215;ENSG00000160307
12	2451	hca|0349_10.1038_s41467-023-36296-4_67ae3c1e19|PERI-ISLET SCHWANN CELL	hca:0349_10.1038_s41467-023-36296-4_67ae3c1e19	PERI-ISLET SCHWANN CELL	PERI ISLET SCHWANN CELL	SOX10;PLP1;S100B	ENSG00000100146;ENSG00000123560;ENSG00000160307
12	2717	hca|0385_10.1038_s41586-022-04521-7_37f1f319e2|OLIGODENDROCYTE	hca:0385_10.1038_s41586-022-04521-7_37f1f319e2	OLIGODENDROCYTE	OLIGODENDROCYTE	PLP1;MOBP;MBP	ENSG00000123560;ENSG00000168314;ENSG00000197971
12	2836	hca|0406_10.1093_brain_awab446_1c9ee67691|OLIGODENDROCYTE	hca:0406_10.1093_brain_awab446_1c9ee67691	OLIGODENDROCYTE	OLIGODENDROCYTE	PLP1;S100B;MOBP	ENSG00000123560;ENSG00000160307;ENSG00000168314
12	2889	hca|0419_10.1038_s41588-021-00806-1_d66603cd99|SCP	hca:0419_10.1038_s41588-021-00806-1_d66603cd99	SCP	SCP	ERBB3;CDH19;SOX10;PLP1	ENSG00000065361;ENSG00000071991;ENSG00000100146;ENSG00000123560
12	3008	hca|0441_10.1038_s41593-020-0621-y_a3edefca60|OLIGODENDROCYTES	hca:0441_10.1038_s41593-020-0621-y_a3edefca60	OLIGODENDROCYTES	OLIGODENDROCYTES	MAG;PLP1;MOG;MOBP;MBP	ENSG00000105695;ENSG00000123560;ENSG00000137345;ENSG00000168314;ENSG00000197971
12	3019	hca|0448_10.1101_2022.02.15.480622_6cb3eae5b8|OLIGODENDROCYTES	hca:0448_10.1101_2022.02.15.480622_6cb3eae5b8	OLIGODENDROCYTES	OLIGODENDROCYTES	PLP1;MOG;MOBP;MBP	ENSG00000123560;ENSG00000137345;ENSG00000168314;ENSG00000197971
12	3192	hca|0481_10.1016_j.immuni.2023.01.002_2da3d3f446|GLIAL CELL	hca:0481_10.1016_j.immuni.2023.01.002_2da3d3f446	GLIAL CELL	GLIAL CELL	ERBB3;CDH19;SOX10;PLP1;MPZ;S100B;FOXD3	ENSG00000065361;ENSG00000071991;ENSG00000100146;ENSG00000123560;ENSG00000158887;ENSG00000160307;ENSG00000187140
13	88	biorxiv|1e0a6787-73c3-1014-991b-bc3d9c192616|ISG+ GZMK+ EFFECTOR MEMORY CD8+ T CELL	biorxiv:1e0a6787-73c3-1014-991b-bc3d9c192616	ISG+ GZMK+ EFFECTOR MEMORY CD8+ T CELL	ISG GZMK EFFECTOR MEMORY CD 8 T CELL	GZMK;IFIT3;IFIT2;OASL;IFIT1;ISG15	ENSG00000113088;ENSG00000119917;ENSG00000119922;ENSG00000135114;ENSG00000185745;ENSG00000187608
13	89	biorxiv|1e0a6787-73c3-1014-991b-bc3d9c192616|ISG+ NAIVE CD4+ T CELL	biorxiv:1e0a6787-73c3-1014-991b-bc3d9c192616	ISG+ NAIVE CD4+ T CELL	ISG NAIVE CD 4 T CELL	IFI6;IFI44L;ISG15	ENSG00000126709;ENSG00000137959;ENSG00000187608
13	127	biorxiv|219b21d9-7007-1014-9157-ab439216a355|SMC4	biorxiv:219b21d9-7007-1014-9157-ab439216a355	SMC4	SMC 4	IFIT3;IFI44L;MX1	ENSG00000119917;ENSG00000137959;ENSG00000157601
13	320	biorxiv|611722dd-8008-1014-b70e-fa0b81b0ac37|CD4+ EM	biorxiv:611722dd-8008-1014-b70e-fa0b81b0ac37	CD4+ EM	CD 4 EM	IFI6;IFI44L;IFITM3;IFI27;ISG15	ENSG00000126709;ENSG00000137959;ENSG00000142089;ENSG00000165949;ENSG00000187608
13	498	biorxiv|99e5c433-6bf4-1014-a840-83babdf09f03|BYSTANDER	biorxiv:99e5c433-6bf4-1014-a840-83babdf09f03	BYSTANDER	BYSTANDER	IFIT3;IFI6;IFI44L	ENSG00000119917;ENSG00000126709;ENSG00000137959
13	1578	hca|0123_10.1371_journal.pone.0267704_5a8157f0f3|ISG-HIGH CD4+ T CELL	hca:0123_10.1371_journal.pone.0267704_5a8157f0f3	ISG-HIGH CD4+ T CELL	ISG HIGH CD 4 T CELL	IFIT2;RSAD2;MX1;IFIT1;ISG15	ENSG00000119922;ENSG00000134321;ENSG00000157601;ENSG00000185745;ENSG00000187608
13	1719	hca|0157_10.1126_science.abg0928_3795ca9b86|CD4+ T CELL	hca:0157_10.1126_science.abg0928_3795ca9b86	CD4+ T CELL	CD 4 T CELL	OAS1;IRF1;IFI44L;IFIT1;ISG15	ENSG00000089127;ENSG00000125347;ENSG00000137959;ENSG00000185745;ENSG00000187608
13	1811	hca|0184_10.1016_j.cell.2021.07.023_f621bea088|INTERFERON RESPONSIVE CILIATED CELL	hca:0184_10.1016_j.cell.2021.07.023_f621bea088	INTERFERON RESPONSIVE CILIATED CELL	INTERFERON RESPONSIVE CILIATED CELL	IFIT3;IFI6;IFIT1	ENSG00000119917;ENSG00000126709;ENSG00000185745
13	1838	hca|0191_10.1126_sciimmunol.abh3768_bc0f7a7105|IFN-RESPONSIVE B CELL	hca:0191_10.1126_sciimmunol.abh3768_bc0f7a7105	IFN-RESPONSIVE B CELL	IFN RESPONSIVE B CELL	XAF1;IFI44L;MX1	ENSG00000132530;ENSG00000137959;ENSG00000157601
13	2249	hca|0292_10.1371_journal.pone.0225466_ac5a0b0b14|CLUSTER 5	hca:0292_10.1371_journal.pone.0225466_ac5a0b0b14	CLUSTER 5	CLUSTER 5	IFIT3;IFIT2;ISG20;IFIT1;ISG15	ENSG00000119917;ENSG00000119922;ENSG00000172183;ENSG00000185745;ENSG00000187608
13	2559	hca|0364_10.1161_circulationaha.120.046528_00aa2deb4c|M_IFNRESPONSE	hca:0364_10.1161_circulationaha.120.046528_00aa2deb4c	M_IFNRESPONSE	M IFNRESPONSE	IFI44L;IFITM3;IFIT1;ISG15	ENSG00000137959;ENSG00000142089;ENSG00000185745;ENSG00000187608
13	2667	hca|0378_10.1101_2022.06.17.496207_92cb140ff3|CD4 T-IFN	hca:0378_10.1101_2022.06.17.496207_92cb140ff3	CD4 T-IFN	CD 4 T IFN	IFIT3;RSAD2;IFIT1	ENSG00000119917;ENSG00000134321;ENSG00000185745
13	3173	hca|0480_10.1038_s41590-019-0398-x_7e5ee33388|CB3	hca:0480_10.1038_s41590-019-0398-x_7e5ee33388	CB3	CB 3	OAS3;IFIT3;IFIT2;RSAD2;IFIT1;ISG15	ENSG00000111331;ENSG00000119917;ENSG00000119922;ENSG00000134321;ENSG00000185745;ENSG00000187608
13	3184	hca|0480_10.1038_s41590-019-0398-x_7e5ee33388|CT6	hca:0480_10.1038_s41590-019-0398-x_7e5ee33388	CT6	CT 6	OAS3;IFIT2;RSAD2;MX1;IFIT1;ISG15	ENSG00000111331;ENSG00000119922;ENSG00000134321;ENSG00000157601;ENSG00000185745;ENSG00000187608
14	367	biorxiv|72d8cdf5-6fa5-1014-b805-ea9c7c557043|ALVEOLAR EPITHELIAL CELL	biorxiv:72d8cdf5-6fa5-1014-b805-ea9c7c557043	ALVEOLAR EPITHELIAL CELL	ALVEOLAR EPITHELIAL CELL	HLA-DPA1;HLA-DRB1;HLA-DRB5;HLA-DRA;HLA-DPB1	ENSG00000168384;ENSG00000196126;ENSG00000198502;ENSG00000204287;ENSG00000215048
14	408	biorxiv|7a206a01-6c0e-1014-b046-f87c164ca53d|IMMUNE CELL	biorxiv:7a206a01-6c0e-1014-b046-f87c164ca53d	IMMUNE CELL	IMMUNE CELL	CD4;CD83;HLA-DRA	ENSG00000010610;ENSG00000112149;ENSG00000204287
14	417	biorxiv|7d48f408-80c3-1014-8100-959ab60f80b6|MHC II	biorxiv:7d48f408-80c3-1014-8100-959ab60f80b6	MHC II	MHC II	HLA-DQB1;HLA-DRA;HLA-DPB1	ENSG00000179344;ENSG00000204287;ENSG00000215048
14	1107	hca|0042_10.1126_sciadv.aau4788_744a251f24|APC	hca:0042_10.1126_sciadv.aau4788_744a251f24	APC	APC	CD74;HLA-DPA1;HLA-DRB1;HLA-DRA;HLA-DPB1	ENSG00000019582;ENSG00000168384;ENSG00000196126;ENSG00000204287;ENSG00000215048
14	1133	hca|0045_10.15252_embj.2018100811_a99bb4a451|MICROGLIA	hca:0045_10.15252_embj.2018100811_a99bb4a451	MICROGLIA	MICROGLIA	HLA-DPA1;HLA-DRA;HLA-DPB1	ENSG00000168384;ENSG00000204287;ENSG00000215048
14	1540	hca|0111_10.1038_s41586-020-2157-4_a7b8710c09|C1 ENDOTHELIAL CELL	hca:0111_10.1038_s41586-020-2157-4_a7b8710c09	C1 ENDOTHELIAL CELL	C 1 ENDOTHELIAL CELL	CD74;HLA-DRB1;HLA-DRA	ENSG00000019582;ENSG00000196126;ENSG00000204287
14	1543	hca|0111_10.1038_s41586-020-2157-4_a7b8710c09|ENDOTHELIAL CELL	hca:0111_10.1038_s41586-020-2157-4_a7b8710c09	ENDOTHELIAL CELL	ENDOTHELIAL CELL	HLA-DPA1;HLA-DRA;PECAM1	ENSG00000168384;ENSG00000204287;ENSG00000261371
14	2138	hca|0275_10.1016_j.cell.2020.08.001_8e5789b307|HLA-DRHI CD83HI MONOCYTE	hca:0275_10.1016_j.cell.2020.08.001_8e5789b307	HLA-DRHI CD83HI MONOCYTE	HLA DRHI CD 83 HI MONOCYTE	CD83;HLA-DRB1;HLA-DRA	ENSG00000112149;ENSG00000196126;ENSG00000204287
14	2258	hca|0293_10.1172_jci.insight.150861_5764a5bfad|PE2	hca:0293_10.1172_jci.insight.150861_5764a5bfad	PE2	PE 2	HLA-DPA1;HLA-DRB1;HLA-DRA;HLA-DPB1;CCL3;CCL4	ENSG00000168384;ENSG00000196126;ENSG00000204287;ENSG00000215048;ENSG00000274221;ENSG00000275302
14	2397	hca|0326_10.1016_j.cmet.2016.08.020_b710322bb3|ANTIGEN-PRESENTING MHC CLASS II CELL	hca:0326_10.1016_j.cmet.2016.08.020_b710322bb3	ANTIGEN-PRESENTING MHC CLASS II CELL	ANTIGEN PRESENTING MHC CLASS II CELL	CD74;CD86;HLA-DPA1;HLA-DRA;HLA-DPB1	ENSG00000019582;ENSG00000114013;ENSG00000168384;ENSG00000204287;ENSG00000215048
14	2436	hca|0345_10.3389_fimmu.2021.645666_15198bd9bb|B CELL	hca:0345_10.3389_fimmu.2021.645666_15198bd9bb	B CELL	B CELL	CD79B;CD79A;HLA-DPA1;CD19;HLA-DQB1;HLA-DRB1;HLA-DQA1;HLA-DRB5;HLA-DRA;HLA-DPB1	ENSG00000007312;ENSG00000105369;ENSG00000168384;ENSG00000177455;ENSG00000179344;ENSG00000196126;ENSG00000196735;ENSG00000198502;ENSG00000204287;ENSG00000215048
14	2456	hca|0350_10.1038_s41421-020-0157-z_3083f6da26|CD16+ MO	hca:0350_10.1038_s41421-020-0157-z_3083f6da26	CD16+ MO	CD 16 MO	CD74;MS4A7;HLA-DPA1;HLA-DPB1	ENSG00000019582;ENSG00000166927;ENSG00000168384;ENSG00000215048
15	749	biorxiv|d2042444-7138-1014-94ac-a1f590fd3173|CDC1	biorxiv:d2042444-7138-1014-94ac-a1f590fd3173	CDC1	CDC 1	BATF3;XCR1;CLEC9A	ENSG00000123685;ENSG00000173578;ENSG00000197992
15	926	biorxiv|f787a6d9-6ce3-1014-a3f6-a662a1333571|CLEC9A+ DCS	biorxiv:f787a6d9-6ce3-1014-a3f6-a662a1333571	CLEC9A+ DCS	CLEC 9 A DCS	WDFY4;XCR1;CADM1;CLEC9A	ENSG00000128815;ENSG00000173578;ENSG00000182985;ENSG00000197992
15	935	biorxiv|fa200037-7001-1014-b4a8-b2d1b5dda72e|CDC1	biorxiv:fa200037-7001-1014-b4a8-b2d1b5dda72e	CDC1	CDC 1	TLR3;XCR1;CD141;CADM1;BTLA;CLEC9A	ENSG00000164342;ENSG00000173578;ENSG00000178726;ENSG00000182985;ENSG00000186265;ENSG00000197992
15	939	biorxiv|fc7595eb-733c-1014-9892-ed444a916a2a|CDC1	biorxiv:fc7595eb-733c-1014-9892-ed444a916a2a	CDC1	CDC 1	XCR1;CADM1;CLEC9A	ENSG00000173578;ENSG00000182985;ENSG00000197992
15	1330	hca|0083_10.1126_sciimmunol.adz8650_c0046d094c|CDC1	hca:0083_10.1126_sciimmunol.adz8650_c0046d094c	CDC1	CDC 1	ID2;CADM1;CLEC9A	ENSG00000115738;ENSG00000182985;ENSG00000197992
15	1461	hca|0099_10.1126_sciimmunol.abl9165_5f9974d5f2|DC2	hca:0099_10.1126_sciimmunol.abl9165_5f9974d5f2	DC2	DC 2	CLEC10A;XCR1;CLEC9A	ENSG00000132514;ENSG00000173578;ENSG00000197992
15	1462	hca|0099_10.1126_sciimmunol.abl9165_5f9974d5f2|DC3	hca:0099_10.1126_sciimmunol.abl9165_5f9974d5f2	DC3	DC 3	CLEC10A;XCR1;CLEC9A	ENSG00000132514;ENSG00000173578;ENSG00000197992
15	1519	hca|0109_10.7554_elife.91792.1_056dda27be|CDC1	hca:0109_10.7554_elife.91792.1_056dda27be	CDC1	CDC 1	BATF3;XCR1;CLEC9A	ENSG00000123685;ENSG00000173578;ENSG00000197992
15	1634	hca|0139_10.1038_s41590-020-0602-z_71058e050d|CDC1	hca:0139_10.1038_s41590-020-0602-z_71058e050d	CDC1	CDC 1	BATF3;IDO1;XCR1;CADM1;CLEC9A	ENSG00000123685;ENSG00000131203;ENSG00000173578;ENSG00000182985;ENSG00000197992
15	1829	hca|0190_10.1038_s41467-019-14118-w_eee71dc5ea|MDC1	hca:0190_10.1038_s41467-019-14118-w_eee71dc5ea	MDC1	MDC 1	BATF3;WDFY4;XCR1	ENSG00000123685;ENSG00000128815;ENSG00000173578
15	3135	hca|0474_10.3389_fimmu.2021.689019_ff96e36403|CDC1	hca:0474_10.3389_fimmu.2021.689019_ff96e36403	CDC1	CDC 1	CPVL;SERPINF2;XCR1;CADM1;CLEC9A	ENSG00000106066;ENSG00000167711;ENSG00000173578;ENSG00000182985;ENSG00000197992
15	3157	hca|0479_10.1016_j.xcrm.2022.100657_bf09154d98|CLEC9A+ MDCS	hca:0479_10.1016_j.xcrm.2022.100657_bf09154d98	CLEC9A+ MDCS	CLEC 9 A MDCS	BATF3;WDFY4;CADM1;CLEC9A;RAB7B	ENSG00000123685;ENSG00000128815;ENSG00000182985;ENSG00000197992;ENSG00000276600
16	12	biorxiv|03092aac-75a4-1014-b9cc-d44d468fbd97|MAST CELL	biorxiv:03092aac-75a4-1014-b9cc-d44d468fbd97	MAST CELL	MAST CELL	KIT;TPSAB1;TPSB2	ENSG00000157404;ENSG00000172236;ENSG00000197253
16	340	biorxiv|6ca25eee-7853-1014-8aed-fc8cff0a87e5|MAST CELL	biorxiv:6ca25eee-7853-1014-8aed-fc8cff0a87e5	MAST CELL	MAST CELL	MS4A2;KIT;TPSB2	ENSG00000149534;ENSG00000157404;ENSG00000197253
16	586	biorxiv|a6ffed23-717d-1014-ae02-d2e67f78dddd|MAST CELL	biorxiv:a6ffed23-717d-1014-ae02-d2e67f78dddd	MAST CELL	MAST CELL	CPA3;MS4A2;TPSAB1	ENSG00000128510;ENSG00000149534;ENSG00000172236
16	787	biorxiv|db8af155-6c8b-1014-b5f3-cedb7b3b1723|MAST CELL	biorxiv:db8af155-6c8b-1014-b5f3-cedb7b3b1723	MAST CELL	MAST CELL	CPA3;TPSAB1;TPSB2	ENSG00000128510;ENSG00000172236;ENSG00000197253
16	1444	hca|0095_10.1101_2021.09.16.460628_23a839e09f|MAST CELL	hca:0095_10.1101_2021.09.16.460628_23a839e09f	MAST CELL	MAST CELL	MS4A2;KIT;TPSB2	ENSG00000149534;ENSG00000157404;ENSG00000197253
16	1470	hca|0099_10.1126_sciimmunol.abl9165_5f9974d5f2|MAST	hca:0099_10.1126_sciimmunol.abl9165_5f9974d5f2	MAST	MAST	AREG;TPSAB1;TPSB2	ENSG00000109321;ENSG00000172236;ENSG00000197253
16	1725	hca|0158_10.2337_db21-0830_d021248f76|MAST CELL	hca:0158_10.2337_db21-0830_d021248f76	MAST CELL	MAST CELL	CPA3;TPSAB1;TPSB2	ENSG00000128510;ENSG00000172236;ENSG00000197253
16	2403	hca|0326_10.1016_j.cmet.2016.08.020_b710322bb3|MAST CELL	hca:0326_10.1016_j.cmet.2016.08.020_b710322bb3	MAST CELL	MAST CELL	TPSD1;TPSAB1;TPSB2	ENSG00000095917;ENSG00000172236;ENSG00000197253
16	2851	hca|0410_10.3389_fcell.2021.820274_b0973e038f|MAST CELL	hca:0410_10.3389_fcell.2021.820274_b0973e038f	MAST CELL	MAST CELL	CPA3;KIT;TPSAB1;TPSB2	ENSG00000128510;ENSG00000157404;ENSG00000172236;ENSG00000197253
16	3099	hca|0465_10.1016_j.cell.2020.12.016_af8ed7d941|MAST CELL	hca:0465_10.1016_j.cell.2020.12.016_af8ed7d941	MAST CELL	MAST CELL	CPA3;TPSAB1;TPSB2	ENSG00000128510;ENSG00000172236;ENSG00000197253
16	3261	hca|0493_10.1161_circulationaha.119.045401_814f085618|MAST CELL	hca:0493_10.1161_circulationaha.119.045401_814f085618	MAST CELL	MAST CELL	MS4A2;TPSAB1;TPSB2	ENSG00000149534;ENSG00000172236;ENSG00000197253
17	256	biorxiv|48122146-7aab-1014-a240-edfb3f67c90f|PLURIPOTENT	biorxiv:48122146-7aab-1014-a240-edfb3f67c90f	PLURIPOTENT	PLURIPOTENT	NANOG;SOX2;POU5F1	ENSG00000111704;ENSG00000181449;ENSG00000204531
17	474	biorxiv|9263ba65-6c09-1014-b701-af82efb9455d|CORE PLURIPOTENT POPULATION	biorxiv:9263ba65-6c09-1014-b701-af82efb9455d	CORE PLURIPOTENT POPULATION	CORE PLURIPOTENT POPULATION	NANOG;UTF1;SOX2;POU5F1	ENSG00000111704;ENSG00000171794;ENSG00000181449;ENSG00000204531
17	477	biorxiv|9338c4d5-712d-1014-b47b-dc1970abe2d9|NAÏVE HESC	biorxiv:9338c4d5-712d-1014-b47b-dc1970abe2d9	NAÏVE HESC	NAIVE HESC	TFAP2C;SUSD2;KLF4;KLF17;SOX2;POU5F1	ENSG00000087510;ENSG00000099994;ENSG00000136826;ENSG00000171872;ENSG00000181449;ENSG00000204531
17	478	biorxiv|9338c4d5-712d-1014-b47b-dc1970abe2d9|NAÏVE HPSCS	biorxiv:9338c4d5-712d-1014-b47b-dc1970abe2d9	NAÏVE HPSCS	NAIVE HPSCS	NANOG;KLF4;DNMT3L;KLF17;SOX2;DPPA3;POU5F1	ENSG00000111704;ENSG00000136826;ENSG00000142182;ENSG00000171872;ENSG00000181449;ENSG00000187569;ENSG00000204531
17	480	biorxiv|9338c4d5-712d-1014-b47b-dc1970abe2d9|UXGL HESC	biorxiv:9338c4d5-712d-1014-b47b-dc1970abe2d9	UXGL HESC	UXGL HESC	TFAP2C;KLF5;NANOG;KLF4;DNMT3L;KLF17;SOX2;POU5F1	ENSG00000087510;ENSG00000102554;ENSG00000111704;ENSG00000136826;ENSG00000142182;ENSG00000171872;ENSG00000181449;ENSG00000204531
17	854	biorxiv|e7144333-745a-1014-ab12-e9455a30c9da|EPI	biorxiv:e7144333-745a-1014-ab12-e9455a30c9da	EPI	EPI	NANOG;KLF4;NODAL;KLF17;SOX2;GDF3;POU5F1	ENSG00000111704;ENSG00000136826;ENSG00000156574;ENSG00000171872;ENSG00000181449;ENSG00000184344;ENSG00000204531
17	856	biorxiv|e7144333-745a-1014-ab12-e9455a30c9da|ICM	biorxiv:e7144333-745a-1014-ab12-e9455a30c9da	ICM	ICM	NANOG;KLF4;KLF17;SOX2;POU5F1	ENSG00000111704;ENSG00000136826;ENSG00000171872;ENSG00000181449;ENSG00000204531
17	910	biorxiv|f29672cc-6d87-1014-b915-87fbd4bb053f|IPSC	biorxiv:f29672cc-6d87-1014-b915-87fbd4bb053f	IPSC	IPSC	NANOG;SOX2;POU5F1	ENSG00000111704;ENSG00000181449;ENSG00000204531
17	974	hca|0006_10.3389_fcell.2022.835445_847c20f209|EPIBLAST	hca:0006_10.3389_fcell.2022.835445_847c20f209	EPIBLAST	EPIBLAST	NANOG;PRDM14;SOX2;POU5F1	ENSG00000111704;ENSG00000147596;ENSG00000181449;ENSG00000204531
17	3232	hca|0490_10.1038_nsmb.2660_4e6a41d8b9|EPI	hca:0490_10.1038_nsmb.2660_4e6a41d8b9	EPI	EPI	NANOG;FOXP1;KLF4;SOX2	ENSG00000111704;ENSG00000114861;ENSG00000136826;ENSG00000181449
17	3234	hca|0490_10.1038_nsmb.2660_4e6a41d8b9|ICM	hca:0490_10.1038_nsmb.2660_4e6a41d8b9	ICM	ICM	NANOG;KLF4;SOX2	ENSG00000111704;ENSG00000136826;ENSG00000181449
18	301	biorxiv|5a3c7d4e-70da-1014-80b6-cd48bfa975fe|CD8 T CELLS AND NK CELLS	biorxiv:5a3c7d4e-70da-1014-80b6-cd48bfa975fe	CD8 T CELLS AND NK CELLS	CD 8 T CELLS AND NK CELLS	KLRF1;CD8A;CD3D	ENSG00000150045;ENSG00000153563;ENSG00000167286
18	576	biorxiv|a0900ed8-7609-1014-846c-dd411913591f|T CELL	biorxiv:a0900ed8-7609-1014-846c-dd411913591f	T CELL	T CELL	CD2;CD8A;CD3E	ENSG00000116824;ENSG00000153563;ENSG00000198851
18	588	biorxiv|a6ffed23-717d-1014-ae02-d2e67f78dddd|T CELL	biorxiv:a6ffed23-717d-1014-ae02-d2e67f78dddd	T CELL	T CELL	CD4;CD8A;CD3D	ENSG00000010610;ENSG00000153563;ENSG00000167286
18	602	biorxiv|ab05f819-6c04-1014-81aa-9646e853264a|T CELL	biorxiv:ab05f819-6c04-1014-81aa-9646e853264a	T CELL	T CELL	CD4;TBX21;TCF7;CD8A;EOMES;CD3E	ENSG00000010610;ENSG00000073861;ENSG00000081059;ENSG00000153563;ENSG00000163508;ENSG00000198851
18	603	biorxiv|ab05f819-6c04-1014-81aa-9646e853264a|T CELL CLUSTER	biorxiv:ab05f819-6c04-1014-81aa-9646e853264a	T CELL CLUSTER	T CELL CLUSTER	CD4;CD8A;CD3E	ENSG00000010610;ENSG00000153563;ENSG00000198851
18	651	biorxiv|ba2fe3cc-7145-1014-8950-ece91a9c7114|T-CELL	biorxiv:ba2fe3cc-7145-1014-8950-ece91a9c7114	T-CELL	T CELL	CD4;CD8A;CD3E	ENSG00000010610;ENSG00000153563;ENSG00000198851
18	1366	hca|0086_10.1186_s13059-018-1603-1_27b7304530|T CELL	hca:0086_10.1186_s13059-018-1603-1_27b7304530	T CELL	T CELL	CD4;CD8A;T	ENSG00000010610;ENSG00000153563;ENSG00000164458
18	1820	hca|0184_10.1016_j.cell.2021.07.023_f621bea088|T CELL	hca:0184_10.1016_j.cell.2021.07.023_f621bea088	T CELL	T CELL	CD2;CD3E;TRBC2	ENSG00000116824;ENSG00000198851;ENSG00000211772
18	1935	hca|0215_10.1038_s42003-020-01625-6_cc9e14f4ea|T CELL	hca:0215_10.1038_s42003-020-01625-6_cc9e14f4ea	T CELL	T CELL	CD4;CD8A;IL7R;CD3E	ENSG00000010610;ENSG00000153563;ENSG00000168685;ENSG00000198851
18	2033	hca|0243_10.1038_s41586-023-05915-x_2f4aafa6a2|CD4+ AND CD8+ T CELL	hca:0243_10.1038_s41586-023-05915-x_2f4aafa6a2	CD4+ AND CD8+ T CELL	CD 4 AND CD 8 T CELL	CD4;CD2;CD8A;IL7R;CD3E	ENSG00000010610;ENSG00000116824;ENSG00000153563;ENSG00000168685;ENSG00000198851
18	2534	hca|0362_10.1038_s41591-019-0733-7_d499f1b21b|LYMPHOCYTE CLUSTER	hca:0362_10.1038_s41591-019-0733-7_d499f1b21b	LYMPHOCYTE CLUSTER	LYMPHOCYTE CLUSTER	CD4;CD8A;CD3E	ENSG00000010610;ENSG00000153563;ENSG00000198851
19	432	biorxiv|84e54dbc-6c17-1014-b8ff-c69d804e210e|SUBCLASS B	biorxiv:84e54dbc-6c17-1014-b8ff-c69d804e210e	SUBCLASS B	SUBCLASS B	TYR;MLANA;GPNMB;TP53;PMEL;MITF	ENSG00000077498;ENSG00000120215;ENSG00000136235;ENSG00000141510;ENSG00000185664;ENSG00000187098
19	1055	hca|0031_10.1016_j.jtos.2021.03.010_0c2fa1a2be|MELANOCYTES	hca:0031_10.1016_j.jtos.2021.03.010_0c2fa1a2be	MELANOCYTES	MELANOCYTES	TYR;TYRP1;MLANA;PMEL;MITF	ENSG00000077498;ENSG00000107165;ENSG00000120215;ENSG00000185664;ENSG00000187098
19	1606	hca|0125_10.1016_j.celrep.2023.111994_fd20125b65|MELANOCYTE	hca:0125_10.1016_j.celrep.2023.111994_fd20125b65	MELANOCYTE	MELANOCYTE	TYR;TYRP1;MLANA	ENSG00000077498;ENSG00000107165;ENSG00000120215
19	1726	hca|0158_10.2337_db21-0830_d021248f76|MELANOCYTE	hca:0158_10.2337_db21-0830_d021248f76	MELANOCYTE	MELANOCYTE	DCT;TYRP1;MLANA	ENSG00000080166;ENSG00000107165;ENSG00000120215
19	2654	hca|0375_10.1016_j.jaci.2021.07.025_bdc966c89b|MELANOCYTE	hca:0375_10.1016_j.jaci.2021.07.025_bdc966c89b	MELANOCYTE	MELANOCYTE	MLANA;KIT;PMEL	ENSG00000120215;ENSG00000157404;ENSG00000185664
19	2881	hca|0418_10.1038_s42003-020-0922-4_8904851286|MELANOCYTE	hca:0418_10.1038_s42003-020-0922-4_8904851286	MELANOCYTE	MELANOCYTE	DCT;TYRP1;MLANA;PMEL	ENSG00000080166;ENSG00000107165;ENSG00000120215;ENSG00000185664
19	2951	hca|0428_10.1073_pnas.1914143116_42027a0378|MELANOCYTE	hca:0428_10.1073_pnas.1914143116_42027a0378	MELANOCYTE	MELANOCYTE	DCT;TYRP1;MLANA;PMEL	ENSG00000080166;ENSG00000107165;ENSG00000120215;ENSG00000185664
19	2981	hca|0436_10.1016_j.jtos.2020.12.004_24ddeb29a4|MELANOCYTE	hca:0436_10.1016_j.jtos.2020.12.004_24ddeb29a4	MELANOCYTE	MELANOCYTE	TYR;TYRP1;MLANA	ENSG00000077498;ENSG00000107165;ENSG00000120215
19	3243	hca|0491_10.1016_j.celrep.2018.09.006_befb59b9fa|MEL1	hca:0491_10.1016_j.celrep.2018.09.006_befb59b9fa	MEL1	MEL 1	TYRP1;MLANA;PMEL	ENSG00000107165;ENSG00000120215;ENSG00000185664
19	3244	hca|0491_10.1016_j.celrep.2018.09.006_befb59b9fa|MEL2	hca:0491_10.1016_j.celrep.2018.09.006_befb59b9fa	MEL2	MEL 2	TYRP1;MLANA;PMEL	ENSG00000107165;ENSG00000120215;ENSG00000185664
20	353	biorxiv|6f28f2e1-6c20-1014-910c-d12c701e7668|ACTIVATED	biorxiv:6f28f2e1-6c20-1014-910c-d12c701e7668	ACTIVATED	ACTIVATED	IFNG;CCL3;CCL4	ENSG00000111537;ENSG00000274221;ENSG00000275302
20	569	biorxiv|9f9eded3-6d6e-1014-996d-af8f6f192d54|NK CELLS IN CLUSTER 4	biorxiv:9f9eded3-6d6e-1014-996d-af8f6f192d54	NK CELLS IN CLUSTER 4	NK CELLS IN CLUSTER 4	CD69;CD83;XCL1;CCL3;CCL4	ENSG00000110848;ENSG00000112149;ENSG00000143184;ENSG00000274221;ENSG00000275302
20	1294	hca|0077_10.1038_s41587-020-0602-4_e82c5c2835|MOMA	hca:0077_10.1038_s41587-020-0602-4_e82c5c2835	MOMA	MOMA	CCL2;CXCL10;CCL3	ENSG00000108691;ENSG00000169245;ENSG00000274221
20	1630	hca|0134_10.3389_fimmu.2021.636720_9a958ecc4e|NK CELL IN CLUSTER 4	hca:0134_10.3389_fimmu.2021.636720_9a958ecc4e	NK CELL IN CLUSTER 4	NK CELL IN CLUSTER 4	XCL1;CCL3;CCL4	ENSG00000143184;ENSG00000274221;ENSG00000275302
20	1984	hca|0228_10.1128_mbio.02583-20_5085db2792|MONOCYTE	hca:0228_10.1128_mbio.02583-20_5085db2792	MONOCYTE	MONOCYTE	CCL2;CXCL10;CD14;CCL3	ENSG00000108691;ENSG00000169245;ENSG00000170458;ENSG00000274221
20	2015	hca|0235_10.1016_j.isci.2024.111337_a37d387ae6|CD83 +	hca:0235_10.1016_j.isci.2024.111337_a37d387ae6	CD83 +	CD 83	CCL2;CD83;TNFSF18;IL1B;CCL3;CCL4	ENSG00000108691;ENSG00000112149;ENSG00000120337;ENSG00000125538;ENSG00000274221;ENSG00000275302
20	2745	hca|0390_10.1038_s41591-020-0901-9_be86edb292|GROUP 2	hca:0390_10.1038_s41591-020-0901-9_be86edb292	GROUP 2	GROUP 2	CCL2;CXCL10;CCL3	ENSG00000108691;ENSG00000169245;ENSG00000274221
20	2926	hca|0426_10.1038_s41467-019-12464-3_0f8440336d|ACTIVATED TRM/TEM CLUSTER	hca:0426_10.1038_s41467-019-12464-3_0f8440336d	ACTIVATED TRM/TEM CLUSTER	ACTIVATED TRM TEM CLUSTER	IFNG;CCL3;CCL4	ENSG00000111537;ENSG00000274221;ENSG00000275302
20	3146	hca|0474_10.3389_fimmu.2021.689019_ff96e36403|DECIDUAL MACROPHAGE	hca:0474_10.3389_fimmu.2021.689019_ff96e36403	DECIDUAL MACROPHAGE	DECIDUAL MACROPHAGE	CCL2;CCL3;CCL4	ENSG00000108691;ENSG00000274221;ENSG00000275302
21	332	biorxiv|67d3e1aa-726e-1014-b774-e6c3f2e9206c|CD56DIM NK CELL	biorxiv:67d3e1aa-726e-1014-b774-e6c3f2e9206c	CD56DIM NK CELL	CD 56 DIM NK CELL	PTPRC;NCAM1;FCGR3A	ENSG00000081237;ENSG00000149294;ENSG00000203747
21	342	biorxiv|6ca25eee-7853-1014-8aed-fc8cff0a87e5|NATURAL KILLER (NK) CELL	biorxiv:6ca25eee-7853-1014-8aed-fc8cff0a87e5	NATURAL KILLER (NK) CELL	NATURAL KILLER NK CELL	GNLY;KLRD1;NCAM1	ENSG00000115523;ENSG00000134539;ENSG00000149294
21	343	biorxiv|6ca25eee-7853-1014-8aed-fc8cff0a87e5|NATURAL KILLER T CELL (NKT)	biorxiv:6ca25eee-7853-1014-8aed-fc8cff0a87e5	NATURAL KILLER T CELL (NKT)	NATURAL KILLER T CELL NKT	GNLY;KLRD1;NCAM1	ENSG00000115523;ENSG00000134539;ENSG00000149294
21	1295	hca|0077_10.1038_s41587-020-0602-4_e82c5c2835|NK CELL	hca:0077_10.1038_s41587-020-0602-4_e82c5c2835	NK CELL	NK CELL	KLRD1;NCAM1;FCGR3A	ENSG00000134539;ENSG00000149294;ENSG00000203747
21	1530	hca|0109_10.7554_elife.91792.1_056dda27be|NK CELLS	hca:0109_10.7554_elife.91792.1_056dda27be	NK CELLS	NK CELLS	TYROBP;NCAM1;NCR1;FCGR3A	ENSG00000011600;ENSG00000149294;ENSG00000189430;ENSG00000203747
21	1681	hca|0148_10.1113_jp287812_fd3137bc12|NATURAL KILLER (NK) CELL	hca:0148_10.1113_jp287812_fd3137bc12	NATURAL KILLER (NK) CELL	NATURAL KILLER NK CELL	GNLY;KLRD1;NCAM1	ENSG00000115523;ENSG00000134539;ENSG00000149294
21	2374	hca|0319_10.1016_j.cell.2018.05.060_d1a05e99e8|NK CELL	hca:0319_10.1016_j.cell.2018.05.060_d1a05e99e8	NK CELL	NK CELL	KLRC1;NCAM1;NCR1	ENSG00000134545;ENSG00000149294;ENSG00000189430
21	2755	hca|0394_10.1038_s41591-021-01329-2_7dcc6ae73c|NK T	hca:0394_10.1038_s41591-021-01329-2_7dcc6ae73c	NK T	NK T	NCAM1;NCR1;FCGR3A	ENSG00000149294;ENSG00000189430;ENSG00000203747
22	421	biorxiv|824fd1db-6db8-1014-aa73-9a84848dcec3|LUMHR	biorxiv:824fd1db-6db8-1014-aa73-9a84848dcec3	LUMHR	LUMHR	KRT18;KRT8;KRT19	ENSG00000111057;ENSG00000170421;ENSG00000171345
22	756	biorxiv|d2042444-7138-1014-94ac-a1f590fd3173|KRTS+ MACROPHAGE	biorxiv:d2042444-7138-1014-94ac-a1f590fd3173	KRTS+ MACROPHAGE	KRTS MACROPHAGE	KRT18;KRT8;KRT19	ENSG00000111057;ENSG00000170421;ENSG00000171345
22	1058	hca|0032_10.15252_msb.20209682_ea064ade0e|CARCINOMA CELL	hca:0032_10.15252_msb.20209682_ea064ade0e	CARCINOMA CELL	CARCINOMA CELL	KRT18;EPCAM;KRT8	ENSG00000111057;ENSG00000119888;ENSG00000170421
22	1126	hca|0043_10.1038_s41556-023-01108-w_511ea5e6f6|EPITHELIUM	hca:0043_10.1038_s41556-023-01108-w_511ea5e6f6	EPITHELIUM	EPITHELIUM	KRT18;KRT19;CLDN4	ENSG00000111057;ENSG00000171345;ENSG00000189143
22	1244	hca|0068_10.1093_ibd_izac201_351dddd961|EPITHELIAL CELL	hca:0068_10.1093_ibd_izac201_351dddd961	EPITHELIAL CELL	EPITHELIAL CELL	KRT18;EPCAM;KRT8	ENSG00000111057;ENSG00000119888;ENSG00000170421
22	2053	hca|0251_10.1038_s41588-023-01298-x_c85e8d4857|BASAL	hca:0251_10.1038_s41588-023-01298-x_c85e8d4857	BASAL	BASAL	NGFR;KRT18;KRT8	ENSG00000064300;ENSG00000111057;ENSG00000170421
22	2096	hca|0264_10.1186_s13059-022-02677-z_ec9d743757|EPITHELIAL CELL	hca:0264_10.1186_s13059-022-02677-z_ec9d743757	EPITHELIAL CELL	EPITHELIAL CELL	KRT18;EPCAM;KRT8	ENSG00000111057;ENSG00000119888;ENSG00000170421
22	3189	hca|0481_10.1016_j.immuni.2023.01.002_2da3d3f446|EPITHELIAL	hca:0481_10.1016_j.immuni.2023.01.002_2da3d3f446	EPITHELIAL	EPITHELIAL	KRT18;EPCAM;KRT8	ENSG00000111057;ENSG00000119888;ENSG00000170421
23	766	biorxiv|d8ee72e2-7047-1014-a159-a9ef37bce7a4|CLUSTER 10	biorxiv:d8ee72e2-7047-1014-a159-a9ef37bce7a4	CLUSTER 10	CLUSTER 10	HBA2;HBA1;HBB	ENSG00000188536;ENSG00000206172;ENSG00000244734
23	1245	hca|0068_10.1093_ibd_izac201_351dddd961|ERYTHROCYTE	hca:0068_10.1093_ibd_izac201_351dddd961	ERYTHROCYTE	ERYTHROCYTE	ALAS2;HBA1;HBB	ENSG00000158578;ENSG00000206172;ENSG00000244734
23	1803	hca|0183_10.1126_sciimmunol.abd1554_52a79b9d12|RBC	hca:0183_10.1126_sciimmunol.abd1554_52a79b9d12	RBC	RBC	HBA2;HBA1;HBB	ENSG00000188536;ENSG00000206172;ENSG00000244734
23	1889	hca|0207_10.1016_j.immuni.2020.11.017_b182001861|ERYTHROID CELL	hca:0207_10.1016_j.immuni.2020.11.017_b182001861	ERYTHROID CELL	ERYTHROID CELL	HBA2;HBA1;HBB	ENSG00000188536;ENSG00000206172;ENSG00000244734
23	2051	hca|0247_10.1038_s41591-018-0096-5_140f8f392a|ERYTHROBLAST	hca:0247_10.1038_s41591-018-0096-5_140f8f392a	ERYTHROBLAST	ERYTHROBLAST	SNCA;ALAS2;HBB	ENSG00000145335;ENSG00000158578;ENSG00000244734
23	2221	hca|0290_10.1101_235499_566cff6e3c|CLUSTER C13	hca:0290_10.1101_235499_566cff6e3c	CLUSTER C13	CLUSTER C 13	HBG1;HBA2;HBB	ENSG00000103740;ENSG00000188536;ENSG00000244734
23	2336	hca|0307_10.1038_s41419-021-03724-6_32b837a8da|ERYTHROCYTE	hca:0307_10.1038_s41419-021-03724-6_32b837a8da	ERYTHROCYTE	ERYTHROCYTE	HBA2;HBA1;HBB	ENSG00000188536;ENSG00000206172;ENSG00000244734
23	2877	hca|0418_10.1038_s42003-020-0922-4_8904851286|ERYTHROCYTE	hca:0418_10.1038_s42003-020-0922-4_8904851286	ERYTHROCYTE	ERYTHROCYTE	HBA2;HBA1;HBB	ENSG00000188536;ENSG00000206172;ENSG00000244734
24	48	biorxiv|0e94bf21-6c7c-1014-b6a7-bcc9b09c8181|ISC	biorxiv:0e94bf21-6c7c-1014-b6a7-bcc9b09c8181	ISC	ISC	OLFM4;SMOC2;LGR5;ASCL2	ENSG00000102837;ENSG00000112562;ENSG00000139292;ENSG00000183734
24	462	biorxiv|8bff4e38-6c13-1014-bcce-e068e3eafd28|STEM CELL	biorxiv:8bff4e38-6c13-1014-bcce-e068e3eafd28	STEM CELL	STEM CELL	OLFM4;SMOC2;LGR5;RGMB	ENSG00000102837;ENSG00000112562;ENSG00000139292;ENSG00000174136
24	853	biorxiv|e70d54a8-74bd-1014-b600-d60c5a656b30|MIX_2	biorxiv:e70d54a8-74bd-1014-b600-d60c5a656b30	MIX_2	MIX 2	OLFM4;SMOC2;LGR5;DST;AXIN2	ENSG00000102837;ENSG00000112562;ENSG00000139292;ENSG00000151914;ENSG00000168646
24	1417	hca|0090_10.1038_s41586-021-03852-1_eec89a5e36|STEM CELL	hca:0090_10.1038_s41586-021-03852-1_eec89a5e36	STEM CELL	STEM CELL	OLFM4;SMOC2;LGR5;RGMB;ASCL2	ENSG00000102837;ENSG00000112562;ENSG00000139292;ENSG00000174136;ENSG00000183734
24	2736	hca|0389_10.1038_s41591-024-02807-z_9d82b71a18|INTESTINAL STEM/PROGENITOR	hca:0389_10.1038_s41591-024-02807-z_9d82b71a18	INTESTINAL STEM/PROGENITOR	INTESTINAL STEM PROGENITOR	SMOC2;LGR5;LRIG1	ENSG00000112562;ENSG00000139292;ENSG00000144749
24	3109	hca|0465_10.1016_j.cell.2020.12.016_af8ed7d941|STEM CELL	hca:0465_10.1016_j.cell.2020.12.016_af8ed7d941	STEM CELL	STEM CELL	SMOC2;LGR5;ASCL2	ENSG00000112562;ENSG00000139292;ENSG00000183734
24	3202	hca|0481_10.1016_j.immuni.2023.01.002_2da3d3f446|STEM CELL	hca:0481_10.1016_j.immuni.2023.01.002_2da3d3f446	STEM CELL	STEM CELL	OLFM4;SMOC2;LGR5;RGMB;ASCL2	ENSG00000102837;ENSG00000112562;ENSG00000139292;ENSG00000174136;ENSG00000183734
25	244	biorxiv|466eace1-7692-1014-9cbc-8d16e477b905|EPITHELIAL	biorxiv:466eace1-7692-1014-9cbc-8d16e477b905	EPITHELIAL	EPITHELIAL	PGR;ESR1;ERBB2	ENSG00000082175;ENSG00000091831;ENSG00000141736
25	245	biorxiv|466eace1-7692-1014-9cbc-8d16e477b905|TRIPLE-NEGATIVE-LIKE	biorxiv:466eace1-7692-1014-9cbc-8d16e477b905	TRIPLE-NEGATIVE-LIKE	TRIPLE NEGATIVE LIKE	PGR;ESR1;ERBB2	ENSG00000082175;ENSG00000091831;ENSG00000141736
25	246	biorxiv|466eace1-7692-1014-9cbc-8d16e477b905|TRIPLE-POSITIVE-LIKE	biorxiv:466eace1-7692-1014-9cbc-8d16e477b905	TRIPLE-POSITIVE-LIKE	TRIPLE POSITIVE LIKE	PGR;ESR1;ERBB2	ENSG00000082175;ENSG00000091831;ENSG00000141736
25	1094	hca|0040_10.1016_j.xcrm.2021.100219_d37660c408|MATURE LUMINAL	hca:0040_10.1016_j.xcrm.2021.100219_d37660c408	MATURE LUMINAL	MATURE LUMINAL	ESR1;EPCAM;FOXA1	ENSG00000091831;ENSG00000119888;ENSG00000129514
25	1152	hca|0047_10.15252_embj.2020107333_a4d0f57474|MATURE LUMINAL	hca:0047_10.15252_embj.2020107333_a4d0f57474	MATURE LUMINAL	MATURE LUMINAL	PGR;ESR1;FOXA1	ENSG00000082175;ENSG00000091831;ENSG00000129514
25	1173	hca|0049_10.1038_s41586-023-06252-9_3d2f22d6e6|LUMINAL HORMONE-RESPONSIVE	hca:0049_10.1038_s41586-023-06252-9_3d2f22d6e6	LUMINAL HORMONE-RESPONSIVE	LUMINAL HORMONE RESPONSIVE	PGR;ESR1;AR	ENSG00000082175;ENSG00000091831;ENSG00000169083
25	3264	hca|0494_10.1038_s41467-021-27895-0_bbe3158fbf|HR	hca:0494_10.1038_s41467-021-27895-0_bbe3158fbf	HR	HR	PGR;ESR1;PRLR;FOXA1	ENSG00000082175;ENSG00000091831;ENSG00000113494;ENSG00000129514
26	403	biorxiv|78e3a11a-7eb2-1014-99eb-f342cda99662|IASTROCYTES	biorxiv:78e3a11a-7eb2-1014-99eb-f342cda99662	IASTROCYTES	IASTROCYTES	SOX9;GFAP;S100B	ENSG00000125398;ENSG00000131095;ENSG00000160307
26	534	biorxiv|9e5c18fc-76e5-1014-9f81-96148d260e0f|CLUSTER 3	biorxiv:9e5c18fc-76e5-1014-9f81-96148d260e0f	CLUSTER 3	CLUSTER 3	GFAP;EGFR;S100B	ENSG00000131095;ENSG00000146648;ENSG00000160307
26	683	biorxiv|c245f005-7ab6-1014-adbd-b49bd8bfffbc|ASTROCYTE MARKER	biorxiv:c245f005-7ab6-1014-adbd-b49bd8bfffbc	ASTROCYTE MARKER	ASTROCYTE MARKER	GFAP;S100B;AQP4	ENSG00000131095;ENSG00000160307;ENSG00000171885
26	904	biorxiv|efe4cabd-770f-1014-96d7-8e75af964dbd|ASTRO_S3	biorxiv:efe4cabd-770f-1014-96d7-8e75af964dbd	ASTRO_S3	ASTRO S 3	CD44;TNC;GFAP	ENSG00000026508;ENSG00000041982;ENSG00000131095
26	2017	hca|0235_10.1016_j.isci.2024.111337_a37d387ae6|IMMATURE ASTROCYTE	hca:0235_10.1016_j.isci.2024.111337_a37d387ae6	IMMATURE ASTROCYTE	IMMATURE ASTROCYTE	CD44;VCAN;TNC;GFAP	ENSG00000026508;ENSG00000038427;ENSG00000041982;ENSG00000131095
26	2481	hca|0352_10.1038_nature25980_27cde67bed|ASTROCYTE	hca:0352_10.1038_nature25980_27cde67bed	ASTROCYTE	ASTROCYTE	GFAP;S100B;AQP4	ENSG00000131095;ENSG00000160307;ENSG00000171885
26	2833	hca|0406_10.1093_brain_awab446_1c9ee67691|ASTROCYTE	hca:0406_10.1093_brain_awab446_1c9ee67691	ASTROCYTE	ASTROCYTE	CD44;GFAP;AQP4	ENSG00000026508;ENSG00000131095;ENSG00000171885
27	99	biorxiv|1f87890c-7e00-1014-91de-cf40554be0ec|NATURAL KILLER CELL	biorxiv:1f87890c-7e00-1014-91de-cf40554be0ec	NATURAL KILLER CELL	NATURAL KILLER CELL	NKG7;KLRB1;GNLY	ENSG00000105374;ENSG00000111796;ENSG00000115523
27	177	biorxiv|315fa881-726d-1014-9d3d-bbe9b5731a1d|PLATELETS	biorxiv:315fa881-726d-1014-9d3d-bbe9b5731a1d	PLATELETS	PLATELETS	NKG7;GNLY;GZMA;GZMM	ENSG00000105374;ENSG00000115523;ENSG00000145649;ENSG00000197540
27	937	biorxiv|fbd95004-6cf9-1014-bead-f9f2e4a06d20|CYTOTOXIC PLASMA CELL	biorxiv:fbd95004-6cf9-1014-bead-f9f2e4a06d20	CYTOTOXIC PLASMA CELL	CYTOTOXIC PLASMA CELL	NKG7;GNLY;GZMA;CCL5;CCL4	ENSG00000105374;ENSG00000115523;ENSG00000145649;ENSG00000271503;ENSG00000275302
27	1285	hca|0076_10.1016_j.cell.2021.01.053_e0734afb82|NK CELLS	hca:0076_10.1016_j.cell.2021.01.053_e0734afb82	NK CELLS	NK CELLS	TYROBP;NKG7;GNLY	ENSG00000011600;ENSG00000105374;ENSG00000115523
27	1728	hca|0158_10.2337_db21-0830_d021248f76|NATURAL KILLER (NK) CELL	hca:0158_10.2337_db21-0830_d021248f76	NATURAL KILLER (NK) CELL	NATURAL KILLER NK CELL	NKG7;GNLY;CCL4	ENSG00000105374;ENSG00000115523;ENSG00000275302
27	2062	hca|0255_10.1183_13993003.02441-2018_9965f84ef5|NK CELLS	hca:0255_10.1183_13993003.02441-2018_9965f84ef5	NK CELLS	NK CELLS	NKG7;GNLY;KLRF1	ENSG00000105374;ENSG00000115523;ENSG00000150045
28	543	biorxiv|9f961596-7f11-1014-8c2f-a898bdc06a6d|FOREBRAIN / MIDBRAIN NEURECTODERM	biorxiv:9f961596-7f11-1014-8c2f-a898bdc06a6d	FOREBRAIN / MIDBRAIN NEURECTODERM	FOREBRAIN MIDBRAIN NEURECTODERM	PAX6;OTX2;DLK1	ENSG00000007372;ENSG00000165588;ENSG00000185559
28	1768	hca|0167_10.1073_pnas.1520760112_985a5e340f|AP2	hca:0167_10.1073_pnas.1520760112_985a5e340f	AP2	AP 2	PROM1;PAX6;VIM;GLI3;HES1;SOX2	ENSG00000007062;ENSG00000007372;ENSG00000026025;ENSG00000106571;ENSG00000160221;ENSG00000181449
28	1776	hca|0167_10.1073_pnas.1520760112_985a5e340f|C5	hca:0167_10.1073_pnas.1520760112_985a5e340f	C5	C 5	PAX6;VIM;OTX2	ENSG00000007372;ENSG00000026025;ENSG00000165588
28	1777	hca|0167_10.1073_pnas.1520760112_985a5e340f|C6	hca:0167_10.1073_pnas.1520760112_985a5e340f	C6	C 6	PAX6;VIM;OTX2	ENSG00000007372;ENSG00000026025;ENSG00000165588
28	1896	hca|0208_10.1038_nbt.2967_18c9fd3939|NEUROEPITHELIAL MARKER	hca:0208_10.1038_nbt.2967_18c9fd3939	NEUROEPITHELIAL MARKER	NEUROEPITHELIAL MARKER	PAX6;VIM;SOX2	ENSG00000007372;ENSG00000026025;ENSG00000181449
28	2108	hca|0265_10.1038_s41591-019-0750-6_ba0c7c2ce5|PHENOGRAPH CLUSTER 8	hca:0265_10.1038_s41591-019-0750-6_ba0c7c2ce5	PHENOGRAPH CLUSTER 8	PHENOGRAPH CLUSTER 8	VIM;DKK1;SOX2	ENSG00000026025;ENSG00000107984;ENSG00000181449
29	913	biorxiv|f29672cc-6d87-1014-b915-87fbd4bb053f|NEUROBLAST	biorxiv:f29672cc-6d87-1014-b915-87fbd4bb053f	NEUROBLAST	NEUROBLAST	NEUROD1;NHLH1;NEUROG2	ENSG00000162992;ENSG00000171786;ENSG00000178403
29	1014	hca|0015_10.1126_science.aay3224_2393e60089|TEC(NEURO)S	hca:0015_10.1126_science.aay3224_2393e60089	TEC(NEURO)S	TEC NEURO S	CHGA;NEUROD1;NEUROG1	ENSG00000100604;ENSG00000162992;ENSG00000181965
29	1404	hca|0090_10.1038_s41586-021-03852-1_eec89a5e36|ENTEROENDOCRINE CELL	hca:0090_10.1038_s41586-021-03852-1_eec89a5e36	ENTEROENDOCRINE CELL	ENTEROENDOCRINE CELL	CHGB;CHGA;NEUROG3;NEUROD1	ENSG00000089199;ENSG00000100604;ENSG00000122859;ENSG00000162992
29	2346	hca|0308_10.1242_dev.199711_724ab19d33|SENSORY NEURON PRECURSOR	hca:0308_10.1242_dev.199711_724ab19d33	SENSORY NEURON PRECURSOR	SENSORY NEURON PRECURSOR	NEUROD1;NEUROG2;NEUROG1	ENSG00000162992;ENSG00000178403;ENSG00000181965
29	3092	hca|0465_10.1016_j.cell.2020.12.016_af8ed7d941|ENTEROENDOCRINE CELL	hca:0465_10.1016_j.cell.2020.12.016_af8ed7d941	ENTEROENDOCRINE CELL	ENTEROENDOCRINE CELL	CHGA;TPH1;NEUROD1	ENSG00000100604;ENSG00000129167;ENSG00000162992
29	3188	hca|0481_10.1016_j.immuni.2023.01.002_2da3d3f446|ENTEROENDOCRINE CELL	hca:0481_10.1016_j.immuni.2023.01.002_2da3d3f446	ENTEROENDOCRINE CELL	ENTEROENDOCRINE CELL	CHGB;CHGA;NEUROD1	ENSG00000089199;ENSG00000100604;ENSG00000162992
30	1184	hca|0050_10.1073_pnas.1507125112_495172b774|INHIBITORY NEURON	hca:0050_10.1073_pnas.1507125112_495172b774	INHIBITORY NEURON	INHIBITORY NEURON	GAD1;CALB2;CCK	ENSG00000128683;ENSG00000172137;ENSG00000187094
30	1185	hca|0050_10.1073_pnas.1507125112_495172b774|INTERNEURON	hca:0050_10.1073_pnas.1507125112_495172b774	INTERNEURON	INTERNEURON	GAD1;SST;VIP;CALB2;CCK;RELN;PVALB	ENSG00000128683;ENSG00000157005;ENSG00000160111;ENSG00000172137;ENSG00000187094;ENSG00000189056;ENSG00000198125
30	1847	hca|0195_10.1038_nbt.4038_23df984b1c|IN	hca:0195_10.1038_nbt.4038_23df984b1c	IN	IN	GAD1;GLCE;THSD7B;SST;VIP;CA8;RELN;PVALB	ENSG00000128683;ENSG00000138604;ENSG00000144229;ENSG00000157005;ENSG00000160111;ENSG00000178538;ENSG00000189056;ENSG00000198125
30	2111	hca|0266_10.1016_j.neuron.2021.05.003_0cca870e2c|INHIBITORY NEURON	hca:0266_10.1016_j.neuron.2021.05.003_0cca870e2c	INHIBITORY NEURON	INHIBITORY NEURON	GAD1;SST;CCK	ENSG00000128683;ENSG00000157005;ENSG00000187094
30	2483	hca|0352_10.1038_nature25980_27cde67bed|INTERNEURON	hca:0352_10.1038_nature25980_27cde67bed	INTERNEURON	INTERNEURON	CALB1;GAD1;SST;VIP;CALB2;CCK	ENSG00000104327;ENSG00000128683;ENSG00000157005;ENSG00000160111;ENSG00000172137;ENSG00000187094
30	2491	hca|0353_10.1016_j.neuron.2017.02.014_ebc3a9c467|INTERNEURON	hca:0353_10.1016_j.neuron.2017.02.014_ebc3a9c467	INTERNEURON	INTERNEURON	STMN2;GAD1;SST	ENSG00000104435;ENSG00000128683;ENSG00000157005
31	1520	hca|0109_10.7554_elife.91792.1_056dda27be|CDC2	hca:0109_10.7554_elife.91792.1_056dda27be	CDC2	CDC 2	CLEC10A;IRF4;CD1C;FCER1A	ENSG00000132514;ENSG00000137265;ENSG00000158481;ENSG00000179639
31	1667	hca|0148_10.1113_jp287812_fd3137bc12|CLEC10A HI DC	hca:0148_10.1113_jp287812_fd3137bc12	CLEC10A HI DC	CLEC 10 A HI DC	IL1R2;CLEC10A;CD1C	ENSG00000115590;ENSG00000132514;ENSG00000158481
31	1830	hca|0190_10.1038_s41467-019-14118-w_eee71dc5ea|MDC2	hca:0190_10.1038_s41467-019-14118-w_eee71dc5ea	MDC2	MDC 2	CLEC10A;CD1C;FCER1A	ENSG00000132514;ENSG00000158481;ENSG00000179639
31	1933	hca|0215_10.1038_s42003-020-01625-6_cc9e14f4ea|MACROPHAGE SUBCLUSTER	hca:0215_10.1038_s42003-020-01625-6_cc9e14f4ea	MACROPHAGE SUBCLUSTER	MACROPHAGE SUBCLUSTER	MSR1;CLEC10A;CD1C;FCER1A	ENSG00000038945;ENSG00000132514;ENSG00000158481;ENSG00000179639
31	2625	hca|0372_10.1016_j.ccell.2021.10.009_d6ab4790aa|CDC2	hca:0372_10.1016_j.ccell.2021.10.009_d6ab4790aa	CDC2	CDC 2	CD1C;IL22RA2;FCER1A	ENSG00000158481;ENSG00000164485;ENSG00000179639
31	3156	hca|0479_10.1016_j.xcrm.2022.100657_bf09154d98|CD1C+ MDCS	hca:0479_10.1016_j.xcrm.2022.100657_bf09154d98	CD1C+ MDCS	CD 1 C MDCS	CLEC10A;CD1C;FCER1A	ENSG00000132514;ENSG00000158481;ENSG00000179639
32	7	biorxiv|03092aac-75a4-1014-b9cc-d44d468fbd97|CD4+ TISSUE RESIDENT MEMORY T CELL (TRM)	biorxiv:03092aac-75a4-1014-b9cc-d44d468fbd97	CD4+ TISSUE RESIDENT MEMORY T CELL (TRM)	CD 4 TISSUE RESIDENT MEMORY T CELL TRM	ITGAE;CD69;CXCR6	ENSG00000083457;ENSG00000110848;ENSG00000172215
32	812	biorxiv|e2efdcad-73c4-1014-9c6c-8a89f519fd2d|CD8.4	biorxiv:e2efdcad-73c4-1014-9c6c-8a89f519fd2d	CD8.4	CD 8 4	ITGAE;CD69;KLRC1;CXCR6;ZNF683;ITGA1	ENSG00000083457;ENSG00000110848;ENSG00000134545;ENSG00000172215;ENSG00000176083;ENSG00000213949
32	1705	hca|0151_10.1038_s41586-022-04718-w_1bf3167cbc|CD8+ T CELL	hca:0151_10.1038_s41586-022-04718-w_1bf3167cbc	CD8+ T CELL	CD 8 T CELL	ITGAE;CD69;PDCD1	ENSG00000083457;ENSG00000110848;ENSG00000188389
32	2748	hca|0390_10.1038_s41591-020-0901-9_be86edb292|ZNF683 + -EXPANDED CLONE	hca:0390_10.1038_s41591-020-0901-9_be86edb292	ZNF683 + -EXPANDED CLONE	ZNF 683 EXPANDED CLONE	ITGAE;XCL1;CXCR6	ENSG00000083457;ENSG00000143184;ENSG00000172215
32	3330	hca|0508_10.1016_j.devcel.2022.07.004_cfe769c9cf|TISSUE RESIDENT MEMORY T (TRM) CELL	hca:0508_10.1016_j.devcel.2022.07.004_cfe769c9cf	TISSUE RESIDENT MEMORY T (TRM) CELL	TISSUE RESIDENT MEMORY T TRM CELL	CD69;ZNF683;ITGA1	ENSG00000110848;ENSG00000176083;ENSG00000213949
33	24	biorxiv|09d40fbc-6c3d-1014-b39f-eee50a07ad3b|ICOS	biorxiv:09d40fbc-6c3d-1014-b39f-eee50a07ad3b	ICOS	ICOS	EPCAM;EHF;KRT7;ELF3;KRT19	ENSG00000119888;ENSG00000135373;ENSG00000135480;ENSG00000163435;ENSG00000171345
33	746	biorxiv|d2042444-7138-1014-94ac-a1f590fd3173|BILE DUCT CELL	biorxiv:d2042444-7138-1014-94ac-a1f590fd3173	BILE DUCT CELL	BILE DUCT CELL	EPCAM;KRT7;KRT19	ENSG00000119888;ENSG00000135480;ENSG00000171345
33	1723	hca|0158_10.2337_db21-0830_d021248f76|KERA B	hca:0158_10.2337_db21-0830_d021248f76	KERA B	KERA B	KRT7;AQP5;KRT19	ENSG00000135480;ENSG00000161798;ENSG00000171345
33	2130	hca|0274_10.1016_j.isci.2021.103592_3ec037cca1|C6	hca:0274_10.1016_j.isci.2021.103592_3ec037cca1	C6	C 6	WFDC2;KRT7;KRT19	ENSG00000101443;ENSG00000135480;ENSG00000171345
33	2202	hca|0286_10.1038_s41467-018-06318-7_d818827349|CHOLANGIOCYTE	hca:0286_10.1038_s41467-018-06318-7_d818827349	CHOLANGIOCYTE	CHOLANGIOCYTE	EPCAM;CXCL6;SOX9;CLDN10;KRT7;KRT19	ENSG00000119888;ENSG00000124875;ENSG00000125398;ENSG00000134873;ENSG00000135480;ENSG00000171345
34	85	biorxiv|1e0a6787-73c3-1014-991b-bc3d9c192616|HLA-DR-HIGH INTERMEDIATE MONOCYTES	biorxiv:1e0a6787-73c3-1014-991b-bc3d9c192616	HLA-DR-HIGH INTERMEDIATE MONOCYTES	HLA DR HIGH INTERMEDIATE MONOCYTES	IFI6;IFI44L;MX1;MX2;ISG15	ENSG00000126709;ENSG00000137959;ENSG00000157601;ENSG00000183486;ENSG00000187608
34	86	biorxiv|1e0a6787-73c3-1014-991b-bc3d9c192616|ISG+ AP1 HIGH CLASSICAL MONOCYTES	biorxiv:1e0a6787-73c3-1014-991b-bc3d9c192616	ISG+ AP1 HIGH CLASSICAL MONOCYTES	ISG AP 1 HIGH CLASSICAL MONOCYTES	IFI6;IFI44L;MX1;MX2;ISG15	ENSG00000126709;ENSG00000137959;ENSG00000157601;ENSG00000183486;ENSG00000187608
34	87	biorxiv|1e0a6787-73c3-1014-991b-bc3d9c192616|ISG+ AP1LOW CLASSICAL MONOCYTES	biorxiv:1e0a6787-73c3-1014-991b-bc3d9c192616	ISG+ AP1LOW CLASSICAL MONOCYTES	ISG AP 1 LOW CLASSICAL MONOCYTES	IFI6;IFI44L;MX1;MX2;ISG15	ENSG00000126709;ENSG00000137959;ENSG00000157601;ENSG00000183486;ENSG00000187608
34	90	biorxiv|1e0a6787-73c3-1014-991b-bc3d9c192616|ISG+ NON-CLASSICAL MONOCYTES	biorxiv:1e0a6787-73c3-1014-991b-bc3d9c192616	ISG+ NON-CLASSICAL MONOCYTES	ISG NON CLASSICAL MONOCYTES	IFI6;IFI44L;MX1;MX2;ISG15	ENSG00000126709;ENSG00000137959;ENSG00000157601;ENSG00000183486;ENSG00000187608
34	293	biorxiv|55d0fee5-7079-1014-8ef3-9aa3522a8f21|CORE ISGS	biorxiv:55d0fee5-7079-1014-8ef3-9aa3522a8f21	CORE ISGS	CORE ISGS	IFIT3;IFI6;TRIM22;XAF1;RSAD2;IFI44L;MX1;MX2;IFIT1;ISG15	ENSG00000119917;ENSG00000126709;ENSG00000132274;ENSG00000132530;ENSG00000134321;ENSG00000137959;ENSG00000157601;ENSG00000183486;ENSG00000185745;ENSG00000187608
35	132	biorxiv|2439b48c-6d2d-1014-8b64-9f8fdc0d5fe9|EPITHELIAL CELL	biorxiv:2439b48c-6d2d-1014-8b64-9f8fdc0d5fe9	EPITHELIAL CELL	EPITHELIAL CELL	CDH1;EPCAM;SOX9;NKX2-1;SOX2	ENSG00000105325;ENSG00000119888;ENSG00000125398;ENSG00000136352;ENSG00000181449
35	466	biorxiv|8c3ef8a4-6c0e-1014-9b81-f1618d3e39b1|NEURONAL STEM/PROGENITOR CELL	biorxiv:8c3ef8a4-6c0e-1014-9b81-f1618d3e39b1	NEURONAL STEM/PROGENITOR CELL	NEURONAL STEM PROGENITOR CELL	EFNB3;ASCL1;SOX2	ENSG00000108947;ENSG00000139352;ENSG00000181449
35	699	biorxiv|c704e998-6f4b-1014-8cb1-c3d28b577fb8|EPITHELIAL CELL	biorxiv:c704e998-6f4b-1014-8cb1-c3d28b577fb8	EPITHELIAL CELL	EPITHELIAL CELL	SOX9;ASCL1;SOX2	ENSG00000125398;ENSG00000139352;ENSG00000181449
35	834	biorxiv|e3c88c7c-7fe3-1014-8c3f-f97dd191bd5b|DUCTAL	biorxiv:e3c88c7c-7fe3-1014-8c3f-f97dd191bd5b	DUCTAL	DUCTAL	CDH1;EPCAM;SOX9;KRT19	ENSG00000105325;ENSG00000119888;ENSG00000125398;ENSG00000171345
35	2104	hca|0265_10.1038_s41591-019-0750-6_ba0c7c2ce5|EPITHELIAL CELL	hca:0265_10.1038_s41591-019-0750-6_ba0c7c2ce5	EPITHELIAL CELL	EPITHELIAL CELL	CDH1;SOX9;SOX2	ENSG00000105325;ENSG00000125398;ENSG00000181449
36	398	biorxiv|7883a920-6c54-1014-9611-e2c343a4c7dc|GLOMERULAR CELL	biorxiv:7883a920-6c54-1014-9611-e2c343a4c7dc	GLOMERULAR CELL	GLOMERULAR CELL	PODXL;PTPRO;NPHS1;WT1	ENSG00000128567;ENSG00000151490;ENSG00000161270;ENSG00000184937
36	1497	hca|0105_10.1038_s41563-020-00853-9_ec3e5ef313|PODOCYTE	hca:0105_10.1038_s41563-020-00853-9_ec3e5ef313	PODOCYTE	PODOCYTE	PODXL;NPHS1;MAFB	ENSG00000128567;ENSG00000161270;ENSG00000204103
36	1745	hca|0162_10.1016_j.kint.2021.11.031_93f85a569c|POD	hca:0162_10.1016_j.kint.2021.11.031_93f85a569c	POD	POD	NPHS2;NPHS1;WT1	ENSG00000116218;ENSG00000161270;ENSG00000184937
36	2239	hca|0290_10.1101_235499_566cff6e3c|PODOCYTE	hca:0290_10.1101_235499_566cff6e3c	PODOCYTE	PODOCYTE	VEGFA;TCF21;PODXL;NPHS1;WT1	ENSG00000112715;ENSG00000118526;ENSG00000128567;ENSG00000161270;ENSG00000184937
36	2740	hca|0389_10.1038_s41591-024-02807-z_9d82b71a18|PODOCYTE	hca:0389_10.1038_s41591-024-02807-z_9d82b71a18	PODOCYTE	PODOCYTE	NPHS2;PODXL;NPHS1;WT1;MAFB	ENSG00000116218;ENSG00000128567;ENSG00000161270;ENSG00000184937;ENSG00000204103
37	401	biorxiv|7883a920-6c54-1014-9611-e2c343a4c7dc|PROXIMAL	biorxiv:7883a920-6c54-1014-9611-e2c343a4c7dc	PROXIMAL	PROXIMAL	LRP2;CUBN;HNF1B	ENSG00000081479;ENSG00000107611;ENSG00000275410
37	1499	hca|0105_10.1038_s41563-020-00853-9_ec3e5ef313|PROXIMAL TUBULE	hca:0105_10.1038_s41563-020-00853-9_ec3e5ef313	PROXIMAL TUBULE	PROXIMAL TUBULE	LRP2;HNF4A;CUBN	ENSG00000081479;ENSG00000101076;ENSG00000107611
37	1564	hca|0120_10.1038_s41467-022-34255-z_c90043e943|PT-1	hca:0120_10.1038_s41467-022-34255-z_c90043e943	PT-1	PT 1	LRP2;CUBN;VCAM1	ENSG00000081479;ENSG00000107611;ENSG00000162692
37	1871	hca|0200_10.1242_dev.172361_e8969b05b0|PROXIMAL NEPHRON SEGMENT	hca:0200_10.1242_dev.172361_e8969b05b0	PROXIMAL NEPHRON SEGMENT	PROXIMAL NEPHRON SEGMENT	LRP2;HNF4A;CUBN;EPCAM	ENSG00000081479;ENSG00000101076;ENSG00000107611;ENSG00000119888
37	1872	hca|0200_10.1242_dev.172361_e8969b05b0|PROXIMAL TUBULE	hca:0200_10.1242_dev.172361_e8969b05b0	PROXIMAL TUBULE	PROXIMAL TUBULE	LRP2;HNF4A;CUBN	ENSG00000081479;ENSG00000101076;ENSG00000107611
38	773	biorxiv|d8ee72e2-7047-1014-a159-a9ef37bce7a4|EPITHELIAL CELL-DOMINANT DOMAIN 0	biorxiv:d8ee72e2-7047-1014-a159-a9ef37bce7a4	EPITHELIAL CELL-DOMINANT DOMAIN 0	EPITHELIAL CELL DOMINANT DOMAIN 0	EFNB2;LAMA5;SOX17	ENSG00000125266;ENSG00000130702;ENSG00000164736
38	1512	hca|0109_10.7554_elife.91792.1_056dda27be|ARTERIOLAR ENDOTHELIAL CELLS	hca:0109_10.7554_elife.91792.1_056dda27be	ARTERIOLAR ENDOTHELIAL CELLS	ARTERIOLAR ENDOTHELIAL CELLS	EFNB2;HEY1;SOX17	ENSG00000125266;ENSG00000164683;ENSG00000164736
38	2571	hca|0365_10.3389_fendo.2022.874915_81de77d539|ECS III	hca:0365_10.3389_fendo.2022.874915_81de77d539	ECS III	ECS III	SEMA3G;HEY1;SOX17	ENSG00000010319;ENSG00000164683;ENSG00000164736
38	3284	hca|0500_10.1073_pnas.2306153120_5c49b25904|C20	hca:0500_10.1073_pnas.2306153120_5c49b25904	C20	C 20	SEMA3G;BMX;HEY1	ENSG00000010319;ENSG00000102010;ENSG00000164683
38	3288	hca|0500_10.1073_pnas.2306153120_5c49b25904|C27	hca:0500_10.1073_pnas.2306153120_5c49b25904	C27	C 27	SEMA3G;BMX;HEY1	ENSG00000010319;ENSG00000102010;ENSG00000164683
39	894	biorxiv|ede8f8d0-6d2d-1014-a8e8-fbbc8a92dcf4|AT2	biorxiv:ede8f8d0-6d2d-1014-a8e8-fbbc8a92dcf4	AT2	AT 2	ACE2;FURIN;TMPRSS2	ENSG00000130234;ENSG00000140564;ENSG00000184012
39	895	biorxiv|ede8f8d0-6d2d-1014-a8e8-fbbc8a92dcf4|TRANSIENT SECRETORY CELL	biorxiv:ede8f8d0-6d2d-1014-a8e8-fbbc8a92dcf4	TRANSIENT SECRETORY CELL	TRANSIENT SECRETORY CELL	CIT;ACE2;FURIN;TMPRSS2	ENSG00000122966;ENSG00000130234;ENSG00000140564;ENSG00000184012
39	2128	hca|0273_10.15252_embj.20105114_43aa56d0ae|TRANSIENT SECRETORY CELL	hca:0273_10.15252_embj.20105114_43aa56d0ae	TRANSIENT SECRETORY CELL	TRANSIENT SECRETORY CELL	CIT;ACE2;FURIN;TMPRSS2	ENSG00000122966;ENSG00000130234;ENSG00000140564;ENSG00000184012
39	2761	hca|0396_10.7554_elife.62522_10df7c4591|AT1	hca:0396_10.7554_elife.62522_10df7c4591	AT1	AT 1	ACE2;CTSL;FURIN;BSG;TMPRSS2	ENSG00000130234;ENSG00000135047;ENSG00000140564;ENSG00000172270;ENSG00000184012
39	2762	hca|0396_10.7554_elife.62522_10df7c4591|AT2	hca:0396_10.7554_elife.62522_10df7c4591	AT2	AT 2	ACE2;CTSL;FURIN;SLC6A20;BSG;TMPRSS2	ENSG00000130234;ENSG00000135047;ENSG00000140564;ENSG00000163817;ENSG00000172270;ENSG00000184012
40	20	biorxiv|09d40fbc-6c3d-1014-b39f-eee50a07ad3b|CLUSTER 3	biorxiv:09d40fbc-6c3d-1014-b39f-eee50a07ad3b	CLUSTER 3	CLUSTER 3	GLUL;CYP1A2;CYP3A4	ENSG00000135821;ENSG00000140505;ENSG00000160868
40	964	hca|0002_10.1038_s41586-019-1373-2_de5bb9e220|HEPATOCYTE	hca:0002_10.1038_s41586-019-1373-2_de5bb9e220	HEPATOCYTE	HEPATOCYTE	PCK1;CYP2E1;GLUL;CYP1A2;CPS1;ALB	ENSG00000124253;ENSG00000130649;ENSG00000135821;ENSG00000140505;ENSG00000162877;ENSG00000188878
40	3059	hca|0457_10.1101_2024.02.02.578633_57d5a20898|HEP 3	hca:0457_10.1101_2024.02.02.578633_57d5a20898	HEP 3	HEP 3	CYP2E1;GLUL;CYP1A2	ENSG00000130649;ENSG00000135821;ENSG00000140505
40	3066	hca|0458_10.1038_s41467-024-55325-4_d40c28a5ea|HEP 3	hca:0458_10.1038_s41467-024-55325-4_d40c28a5ea	HEP 3	HEP 3	CYP2E1;GLUL;CYP1A2	ENSG00000130649;ENSG00000135821;ENSG00000140505
41	23	biorxiv|09d40fbc-6c3d-1014-b39f-eee50a07ad3b|DM-ICOS	biorxiv:09d40fbc-6c3d-1014-b39f-eee50a07ad3b	DM-ICOS	DM ICOS	MUC5B;TFF3;TFF1	ENSG00000117983;ENSG00000160180;ENSG00000160182
41	339	biorxiv|6ca25eee-7853-1014-8aed-fc8cff0a87e5|GOBLET	biorxiv:6ca25eee-7853-1014-8aed-fc8cff0a87e5	GOBLET	GOBLET	MUC5B;TFF3;MSMB	ENSG00000117983;ENSG00000160180;ENSG00000263639
41	2134	hca|0274_10.1016_j.isci.2021.103592_3ec037cca1|M-ACINAR	hca:0274_10.1016_j.isci.2021.103592_3ec037cca1	M-ACINAR	M ACINAR	BPIFB2;MUC5B;TFF3	ENSG00000078898;ENSG00000117983;ENSG00000160180
41	3256	hca|0492_10.1038_s41591-021-01332-7_1dacee7a8b|SECRETORY4	hca:0492_10.1038_s41591-021-01332-7_1dacee7a8b	SECRETORY4	SECRETORY 4	MUC5B;TFF3;TFF1;ANG	ENSG00000117983;ENSG00000160180;ENSG00000160182;ENSG00000214274
42	134	biorxiv|2439b48c-6d2d-1014-8b64-9f8fdc0d5fe9|MESENCHYMAL STEM CELL	biorxiv:2439b48c-6d2d-1014-8b64-9f8fdc0d5fe9	MESENCHYMAL STEM CELL	MESENCHYMAL STEM CELL	CD44;ENG;THY1	ENSG00000026508;ENSG00000106991;ENSG00000154096
42	254	biorxiv|48122146-7aab-1014-a240-edfb3f67c90f|IMSCS	biorxiv:48122146-7aab-1014-a240-edfb3f67c90f	IMSCS	IMSCS	CD44;ENG;NT5E;THY1	ENSG00000026508;ENSG00000106991;ENSG00000135318;ENSG00000154096
42	374	biorxiv|74193868-6d98-1014-a02e-d07ed370ea57|MSCS	biorxiv:74193868-6d98-1014-a02e-d07ed370ea57	MSCS	MSCS	CD44;NGFR;ENG;NT5E;THY1;CD47	ENSG00000026508;ENSG00000064300;ENSG00000106991;ENSG00000135318;ENSG00000154096;ENSG00000196776
42	860	biorxiv|e78eaa01-6c93-1014-839e-bb3dc2108ab1|HTDSCS	biorxiv:e78eaa01-6c93-1014-839e-bb3dc2108ab1	HTDSCS	HTDSCS	CD44;ENG;THY1	ENSG00000026508;ENSG00000106991;ENSG00000154096
43	136	biorxiv|24629940-6c09-1014-990c-ab0ee25195e2|HEMATOPOIETIC LINEAGES	biorxiv:24629940-6c09-1014-990c-ab0ee25195e2	HEMATOPOIETIC LINEAGES	HEMATOPOIETIC LINEAGES	GATA1;KLF1;FLI1	ENSG00000102145;ENSG00000105610;ENSG00000177731
43	183	biorxiv|35208be1-70ce-1014-9f75-f7d24dac9096|BASOEB	biorxiv:35208be1-70ce-1014-9f75-f7d24dac9096	BASOEB	BASOEB	GATA1;KLF1;FOXO3	ENSG00000102145;ENSG00000105610;ENSG00000118689
43	1991	hca|0229_10.15252_msb.20178041_0277072a61|MEP	hca:0229_10.15252_msb.20178041_0277072a61	MEP	MEP	GATA1;KLF1;CD36	ENSG00000102145;ENSG00000105610;ENSG00000135218
43	2501	hca|0355_10.3389_fgene.2021.745483_5f4326fce7|ERYTHROBLAST	hca:0355_10.3389_fgene.2021.745483_5f4326fce7	ERYTHROBLAST	ERYTHROBLAST	GATA1;KLF1;GATA2	ENSG00000102145;ENSG00000105610;ENSG00000179348
44	283	biorxiv|53fe4c58-6d7e-1014-9234-a9ab6cb90679|ICAFS	biorxiv:53fe4c58-6d7e-1014-9234-a9ab6cb90679	ICAFS	ICAFS	IL6;CXCL1;MMP1	ENSG00000136244;ENSG00000163739;ENSG00000196611
44	710	biorxiv|c94927bb-7bec-1014-9cd8-fedd121e156b|FIBRO-ADIPOGENIC PROGENITOR	biorxiv:c94927bb-7bec-1014-9cd8-fedd121e156b	FIBRO-ADIPOGENIC PROGENITOR	FIBRO ADIPOGENIC PROGENITOR	IL6;CXCL1;CXCL8	ENSG00000136244;ENSG00000163739;ENSG00000169429
44	826	biorxiv|e3312584-7421-1014-b0a7-823d4471ccf1|CLUSTER 0	biorxiv:e3312584-7421-1014-b0a7-823d4471ccf1	CLUSTER 0	CLUSTER 0	IL24;CXCL1;CXCL8	ENSG00000162892;ENSG00000163739;ENSG00000169429
44	1541	hca|0111_10.1038_s41586-020-2157-4_a7b8710c09|C5 ENDOTHELIAL CELL	hca:0111_10.1038_s41586-020-2157-4_a7b8710c09	C5 ENDOTHELIAL CELL	C 5 ENDOTHELIAL CELL	HMOX1;IL6;CXCL8	ENSG00000100292;ENSG00000136244;ENSG00000169429
45	303	biorxiv|5a3c7d4e-70da-1014-80b6-cd48bfa975fe|DCS	biorxiv:5a3c7d4e-70da-1014-80b6-cd48bfa975fe	DCS	DCS	IRF8;CD1C;CLEC9A	ENSG00000140968;ENSG00000158481;ENSG00000197992
45	1026	hca|0019_10.1126_science.aba7721_1646acb14b|DENDRITIC CELL SUBTYPE	hca:0019_10.1126_science.aba7721_1646acb14b	DENDRITIC CELL SUBTYPE	DENDRITIC CELL SUBTYPE	CD1C;S100A9;CLEC9A	ENSG00000158481;ENSG00000163220;ENSG00000197992
45	2546	hca|0364_10.1161_circulationaha.120.046528_00aa2deb4c|DC	hca:0364_10.1161_circulationaha.120.046528_00aa2deb4c	DC	DC	FLT3;IRF8;CLEC9A	ENSG00000122025;ENSG00000140968;ENSG00000197992
45	2624	hca|0372_10.1016_j.ccell.2021.10.009_d6ab4790aa|CDC1	hca:0372_10.1016_j.ccell.2021.10.009_d6ab4790aa	CDC1	CDC 1	WDFY4;IRF8;CLEC9A	ENSG00000128815;ENSG00000140968;ENSG00000197992
46	338	biorxiv|6ca25eee-7853-1014-8aed-fc8cff0a87e5|AT0	biorxiv:6ca25eee-7853-1014-8aed-fc8cff0a87e5	AT0	AT 0	SCGB3A2;SFTPC;SFTPB	ENSG00000164265;ENSG00000168484;ENSG00000168878
46	345	biorxiv|6ca25eee-7853-1014-8aed-fc8cff0a87e5|PRE-TERMINAL BRONCHIOLE SECRETORY CELL (PRE-TB-SC)	biorxiv:6ca25eee-7853-1014-8aed-fc8cff0a87e5	PRE-TERMINAL BRONCHIOLE SECRETORY CELL (PRE-TB-SC)	PRE TERMINAL BRONCHIOLE SECRETORY CELL PRE TB SC	SCGB1A1;SCGB3A2;SFTPB	ENSG00000149021;ENSG00000164265;ENSG00000168878
46	724	biorxiv|cf0d429c-6c7f-1014-a5a8-f09b6915373d|AT2	biorxiv:cf0d429c-6c7f-1014-a5a8-f09b6915373d	AT2	AT 2	SFTPD;SFTPC;SFTPB	ENSG00000133661;ENSG00000168484;ENSG00000168878
46	1825	hca|0186_10.1016_j.devcel.2020.01.033_6afe089f1e|SECRETORY PROGENITOR CELL	hca:0186_10.1016_j.devcel.2020.01.033_6afe089f1e	SECRETORY PROGENITOR CELL	SECRETORY PROGENITOR CELL	CFTR;SCGB3A2;SFTPB	ENSG00000001626;ENSG00000164265;ENSG00000168878
47	391	biorxiv|78211bc7-6c0f-1014-bc42-c103d41718b8|NMSCWANN	biorxiv:78211bc7-6c0f-1014-bc42-c103d41718b8	NMSCWANN	NMSCWANN	NGFR;SCN7A;NCAM1;CHD2;L1CAM	ENSG00000064300;ENSG00000136546;ENSG00000149294;ENSG00000173575;ENSG00000198910
47	1163	hca|0048_10.1038_s41588-022-01243-4_ae2af85553|NMSCHWANN	hca:0048_10.1038_s41588-022-01243-4_ae2af85553	NMSCHWANN	NMSCHWANN	NGFR;SCN7A;NCAM1;CHD2;L1CAM	ENSG00000064300;ENSG00000136546;ENSG00000149294;ENSG00000173575;ENSG00000198910
47	2952	hca|0428_10.1073_pnas.1914143116_42027a0378|NONMYELINATING SCHWANN CELL	hca:0428_10.1073_pnas.1914143116_42027a0378	NONMYELINATING SCHWANN CELL	NONMYELINATING SCHWANN CELL	NGFR;SCN7A;NCAM1;CFD;L1CAM	ENSG00000064300;ENSG00000136546;ENSG00000149294;ENSG00000197766;ENSG00000198910
47	3281	hca|0500_10.1073_pnas.2306153120_5c49b25904|C15	hca:0500_10.1073_pnas.2306153120_5c49b25904	C15	C 15	NGFR;SCN7A;NCAM1;L1CAM	ENSG00000064300;ENSG00000136546;ENSG00000149294;ENSG00000198910
48	561	biorxiv|9f9eded3-6d6e-1014-996d-af8f6f192d54|CLUSTER 3 CELL	biorxiv:9f9eded3-6d6e-1014-996d-af8f6f192d54	CLUSTER 3 CELL	CLUSTER 3 CELL	KLRB1;CCR6;IL7R	ENSG00000111796;ENSG00000112486;ENSG00000168685
48	1180	hca|0049_10.1038_s41586-023-06252-9_3d2f22d6e6|T H -LIKE	hca:0049_10.1038_s41586-023-06252-9_3d2f22d6e6	T H -LIKE	T H LIKE	CCR6;CCL20;IL7R	ENSG00000112486;ENSG00000115009;ENSG00000168685
48	1642	hca|0139_10.1038_s41590-020-0602-z_71058e050d|T H 17	hca:0139_10.1038_s41590-020-0602-z_71058e050d	T H 17	T H 17	CCR6;CCL20;IL22	ENSG00000112486;ENSG00000115009;ENSG00000127318
48	2652	hca|0375_10.1016_j.jaci.2021.07.025_bdc966c89b|ILCS	hca:0375_10.1016_j.jaci.2021.07.025_bdc966c89b	ILCS	ILCS	PTPRC;KLRB1;IL7R	ENSG00000081237;ENSG00000111796;ENSG00000168685
49	772	biorxiv|d8ee72e2-7047-1014-a159-a9ef37bce7a4|ENDOTHELIAL CELL	biorxiv:d8ee72e2-7047-1014-a159-a9ef37bce7a4	ENDOTHELIAL CELL	ENDOTHELIAL CELL	VWF;CLEC14A;CLDN5	ENSG00000110799;ENSG00000176435;ENSG00000184113
49	1149	hca|0047_10.15252_embj.2020107333_a4d0f57474|ENDOTHELIAL CELL	hca:0047_10.15252_embj.2020107333_a4d0f57474	ENDOTHELIAL CELL	ENDOTHELIAL CELL	VWF;CD36;CD34	ENSG00000110799;ENSG00000135218;ENSG00000174059
49	2253	hca|0293_10.1172_jci.insight.150861_5764a5bfad|EC	hca:0293_10.1172_jci.insight.150861_5764a5bfad	EC	EC	VWF;CD34;CLDN5	ENSG00000110799;ENSG00000174059;ENSG00000184113
49	2950	hca|0428_10.1073_pnas.1914143116_42027a0378|ENDOTHELIAL CELL	hca:0428_10.1073_pnas.1914143116_42027a0378	ENDOTHELIAL CELL	ENDOTHELIAL CELL	ICAM2;VWF;CD34	ENSG00000108622;ENSG00000110799;ENSG00000174059
50	1261	hca|0069_10.1038_s41467-021-23355-x_92232969b4|T FH CELL	hca:0069_10.1038_s41467-021-23355-x_92232969b4	T FH CELL	T FH CELL	CXCL13;CXCR5;ICOS;PDCD1	ENSG00000156234;ENSG00000160683;ENSG00000163600;ENSG00000188389
50	1749	hca|0163_10.1126_sciimmunol.abb4432_91494cf647|T FOLLICULAR HELPER (T FH) CELL	hca:0163_10.1126_sciimmunol.abb4432_91494cf647	T FOLLICULAR HELPER (T FH) CELL	T FOLLICULAR HELPER T FH CELL	BCL6;CXCR5;ICOS;PDCD1	ENSG00000113916;ENSG00000160683;ENSG00000163600;ENSG00000188389
50	2968	hca|0432_10.1172_jci.insight.156341_02dc39adcf|TPH/TFH CELL	hca:0432_10.1172_jci.insight.156341_02dc39adcf	TPH/TFH CELL	TPH TFH CELL	CXCL13;ICOS;MAF;PDCD1	ENSG00000156234;ENSG00000163600;ENSG00000178573;ENSG00000188389
50	3181	hca|0480_10.1038_s41590-019-0398-x_7e5ee33388|CT3B	hca:0480_10.1038_s41590-019-0398-x_7e5ee33388	CT3B	CT 3 B	CD200;CXCL13;CXCR5;MAF;PDCD1	ENSG00000091972;ENSG00000156234;ENSG00000160683;ENSG00000178573;ENSG00000188389
51	1413	hca|0090_10.1038_s41586-021-03852-1_eec89a5e36|LYMPHATIC ENDOTHELIUM	hca:0090_10.1038_s41586-021-03852-1_eec89a5e36	LYMPHATIC ENDOTHELIUM	LYMPHATIC ENDOTHELIUM	PROX1;LYVE1;CCL21	ENSG00000117707;ENSG00000133800;ENSG00000137077
51	1724	hca|0158_10.2337_db21-0830_d021248f76|LYMPHATIC ENDOTHELIAL CELL	hca:0158_10.2337_db21-0830_d021248f76	LYMPHATIC ENDOTHELIAL CELL	LYMPHATIC ENDOTHELIAL CELL	LYVE1;CCL21;TFF3	ENSG00000133800;ENSG00000137077;ENSG00000160180
51	2133	hca|0274_10.1016_j.isci.2021.103592_3ec037cca1|LEC	hca:0274_10.1016_j.isci.2021.103592_3ec037cca1	LEC	LEC	PROX1;LYVE1;PECAM1	ENSG00000117707;ENSG00000133800;ENSG00000261371
51	2879	hca|0418_10.1038_s42003-020-0922-4_8904851286|LYMPHATIC ENDOTHELIAL CELL	hca:0418_10.1038_s42003-020-0922-4_8904851286	LYMPHATIC ENDOTHELIAL CELL	LYMPHATIC ENDOTHELIAL CELL	PROX1;LYVE1;CLDN5	ENSG00000117707;ENSG00000133800;ENSG00000184113
