profile_idx_a	profile_idx_b	paper_key_a	paper_key_b	cell_type_a	cell_type_b	normalized_cell_type_a	normalized_cell_type_b	label_relation	label_linked	n_markers_a	n_markers_b	n_shared	n_union	jaccard	shared_gene_ids	shared_gene_names	weighted_gene_score	weighted_gene_probability
0	1	biorxiv:1f87890c-7e00-1014-91de-cf40554be0ec	biorxiv:396ad855-6e2e-1014-85f5-9bd33dea0f81	CD14+ MONOCYTE	CD14+ MONOCYTE	CD 14 MONOCYTE	CD 14 MONOCYTE	Exact	1	4	7	3	8	0.375	ENSG00000131981;ENSG00000143546;ENSG00000170458	LGALS3;S100A8;CD14	-0.5003157029630767	0.3774664802986703
0	2	biorxiv:1f87890c-7e00-1014-91de-cf40554be0ec	biorxiv:5200cce7-72d7-1014-98f6-994ae061fa4b	CD14+ MONOCYTE	MONOCYTE	CD 14 MONOCYTE	MONOCYTE	Partial	1	4	3	1	6	0.16666666666666666	ENSG00000143546	S100A8	0.0	0.5
0	3	biorxiv:1f87890c-7e00-1014-91de-cf40554be0ec	biorxiv:a6ffed23-717d-1014-ae02-d2e67f78dddd	CD14+ MONOCYTE	MYELOID CELL	CD 14 MONOCYTE	MYELOID CELL	Different	0	4	3	1	6	0.16666666666666666	ENSG00000090382	LYZ	-0.274449251234396	0.4318151381079454
0	4	biorxiv:1f87890c-7e00-1014-91de-cf40554be0ec	biorxiv:b88cbe76-6c0b-1014-a018-e498be98267a	CD14+ MONOCYTE	MACROPHAGE	CD 14 MONOCYTE	MACROPHAGE	Different	0	4	3	2	5	0.4	ENSG00000090382;ENSG00000170458	LYZ;CD14	-0.7747649541974727	0.3154492535055493
0	5	biorxiv:1f87890c-7e00-1014-91de-cf40554be0ec	biorxiv:c245f005-7ab6-1014-adbd-b49bd8bfffbc	CD14+ MONOCYTE	MONOCYTE	CD 14 MONOCYTE	MONOCYTE	Partial	1	4	3	2	5	0.4	ENSG00000090382;ENSG00000170458	LYZ;CD14	-0.7747649541974727	0.3154492535055493
0	6	biorxiv:1f87890c-7e00-1014-91de-cf40554be0ec	biorxiv:c8264099-6fc3-1014-9d27-9ae05a0c1d33	CD14+ MONOCYTE	MONOCYTE	CD 14 MONOCYTE	MONOCYTE	Partial	1	4	3	2	5	0.4	ENSG00000143546;ENSG00000170458	S100A8;CD14	-0.5003157029630767	0.3774664802986703
0	7	biorxiv:1f87890c-7e00-1014-91de-cf40554be0ec	biorxiv:d2042444-7138-1014-94ac-a1f590fd3173	CD14+ MONOCYTE	MONOCYTE	CD 14 MONOCYTE	MONOCYTE	Partial	1	4	3	1	6	0.16666666666666666	ENSG00000143546	S100A8	0.0	0.5
0	8	biorxiv:1f87890c-7e00-1014-91de-cf40554be0ec	biorxiv:e2efdcad-73c4-1014-9c6c-8a89f519fd2d	CD14+ MONOCYTE	CDC2.1	CD 14 MONOCYTE	CDC 2 1	Different	0	4	5	2	7	0.2857142857142857	ENSG00000143546;ENSG00000170458	S100A8;CD14	-0.5003157029630767	0.3774664802986703
0	9	biorxiv:1f87890c-7e00-1014-91de-cf40554be0ec	biorxiv:e6e04172-6c15-1014-9229-c57ac33d21f6	CD14+ MONOCYTE	MONOCYTE	CD 14 MONOCYTE	MONOCYTE	Partial	1	4	4	3	5	0.6	ENSG00000090382;ENSG00000143546;ENSG00000170458	LYZ;S100A8;CD14	-0.7747649541974727	0.3154492535055493
0	10	biorxiv:1f87890c-7e00-1014-91de-cf40554be0ec	biorxiv:ebaf49e5-7438-1014-8951-c3e925f71d14	CD14+ MONOCYTE	DYSFUNCTIONAL CD14 MONOCYTE	CD 14 MONOCYTE	DYSFUNCTIONAL CD 14 MONOCYTE	Partial	1	4	5	1	8	0.125	ENSG00000143546	S100A8	0.0	0.5
0	11	biorxiv:1f87890c-7e00-1014-91de-cf40554be0ec	biorxiv:f3be1d12-72db-1014-a9a0-ac8d78e3151e	CD14+ MONOCYTE	MONOCYTE-DERIVED CELL	CD 14 MONOCYTE	MONOCYTE DERIVED CELL	Partial	1	4	3	1	6	0.16666666666666666	ENSG00000143546	S100A8	0.0	0.5
0	12	biorxiv:1f87890c-7e00-1014-91de-cf40554be0ec	biorxiv:f3be1d12-72db-1014-a9a0-ac8d78e3151e	CD14+ MONOCYTE	MYELOID CELL	CD 14 MONOCYTE	MYELOID CELL	Different	0	4	3	2	5	0.4	ENSG00000090382;ENSG00000170458	LYZ;CD14	-0.7747649541974727	0.3154492535055493
0	13	biorxiv:1f87890c-7e00-1014-91de-cf40554be0ec	biorxiv:f787a6d9-6ce3-1014-a3f6-a662a1333571	CD14+ MONOCYTE	MONOCYTES	CD 14 MONOCYTE	MONOCYTES	Different	0	4	3	2	5	0.4	ENSG00000143546;ENSG00000170458	S100A8;CD14	-0.5003157029630767	0.3774664802986703
0	14	biorxiv:1f87890c-7e00-1014-91de-cf40554be0ec	hca:0109_10.7554_elife.91792.1_056dda27be	CD14+ MONOCYTE	INFLAMMATORY MONOCYTES	CD 14 MONOCYTE	INFLAMMATORY MONOCYTES	Different	0	4	4	2	6	0.3333333333333333	ENSG00000143546;ENSG00000170458	S100A8;CD14	-0.5003157029630767	0.3774664802986703
0	15	biorxiv:1f87890c-7e00-1014-91de-cf40554be0ec	hca:0109_10.7554_elife.91792.1_056dda27be	CD14+ MONOCYTE	MONOCYTES	CD 14 MONOCYTE	MONOCYTES	Different	0	4	5	2	7	0.2857142857142857	ENSG00000143546;ENSG00000170458	S100A8;CD14	-0.5003157029630767	0.3774664802986703
0	16	biorxiv:1f87890c-7e00-1014-91de-cf40554be0ec	hca:0207_10.1016_j.immuni.2020.11.017_b182001861	CD14+ MONOCYTE	MONOCYTE	CD 14 MONOCYTE	MONOCYTE	Partial	1	4	3	2	5	0.4	ENSG00000143546;ENSG00000170458	S100A8;CD14	-0.5003157029630767	0.3774664802986703
0	17	biorxiv:1f87890c-7e00-1014-91de-cf40554be0ec	hca:0284_10.1002_hep4.1854_fe09f5fe1e	CD14+ MONOCYTE	INFLAMMATORY MACROPHAGES	CD 14 MONOCYTE	INFLAMMATORY MACROPHAGES	Different	0	4	3	2	5	0.4	ENSG00000090382;ENSG00000143546	LYZ;S100A8	-0.274449251234396	0.4318151381079454
0	18	biorxiv:1f87890c-7e00-1014-91de-cf40554be0ec	hca:0325_10.1016_j.celrep.2017.10.030_a9d12a5d7c	CD14+ MONOCYTE	MACROPHAGES	CD 14 MONOCYTE	MACROPHAGES	Different	0	4	5	2	7	0.2857142857142857	ENSG00000143546;ENSG00000170458	S100A8;CD14	-0.5003157029630767	0.3774664802986703
0	19	biorxiv:1f87890c-7e00-1014-91de-cf40554be0ec	hca:0349_10.1038_s41467-023-36296-4_67ae3c1e19	CD14+ MONOCYTE	MDSC	CD 14 MONOCYTE	MDSC	Different	0	4	3	1	6	0.16666666666666666	ENSG00000143546	S100A8	0.0	0.5
0	20	biorxiv:1f87890c-7e00-1014-91de-cf40554be0ec	hca:0414_10.1186_s13059-020-02210-0_30c1533a3e	CD14+ MONOCYTE	MONOCYTE	CD 14 MONOCYTE	MONOCYTE	Partial	1	4	4	1	7	0.14285714285714285	ENSG00000143546	S100A8	0.0	0.5
0	21	biorxiv:1f87890c-7e00-1014-91de-cf40554be0ec	hca:0460_10.1016_j.cell.2021.08.003_652ffcecb6	CD14+ MONOCYTE	MACROPHAGE	CD 14 MONOCYTE	MACROPHAGE	Different	0	4	3	1	6	0.16666666666666666	ENSG00000143546	S100A8	0.0	0.5
0	25	biorxiv:1f87890c-7e00-1014-91de-cf40554be0ec	hca:0068_10.1093_ibd_izac201_351dddd961	CD14+ MONOCYTE	MACROPHAGE	CD 14 MONOCYTE	MACROPHAGE	Different	0	4	3	1	6	0.16666666666666666	ENSG00000143546	S100A8	0.0	0.5
0	27	biorxiv:1f87890c-7e00-1014-91de-cf40554be0ec	hca:0161_10.1681_asn.2020030326_bf5d42b566	CD14+ MONOCYTE	DONOR MACROPHAGE	CD 14 MONOCYTE	DONOR MACROPHAGE	Different	0	4	6	1	9	0.1111111111111111	ENSG00000170458	CD14	-0.5003157029630767	0.3774664802986703
0	33	biorxiv:1f87890c-7e00-1014-91de-cf40554be0ec	biorxiv:ab05f819-6c04-1014-81aa-9646e853264a	CD14+ MONOCYTE	MONOCYTE	CD 14 MONOCYTE	MONOCYTE	Partial	1	4	3	1	6	0.16666666666666666	ENSG00000170458	CD14	-0.5003157029630767	0.3774664802986703
0	34	biorxiv:1f87890c-7e00-1014-91de-cf40554be0ec	biorxiv:e3312584-7421-1014-b0a7-823d4471ccf1	CD14+ MONOCYTE	MACROPHAGE	CD 14 MONOCYTE	MACROPHAGE	Different	0	4	3	1	6	0.16666666666666666	ENSG00000170458	CD14	-0.5003157029630767	0.3774664802986703
0	35	biorxiv:1f87890c-7e00-1014-91de-cf40554be0ec	hca:0060_10.3389_fcell.2022.872688_ac00c45d48	CD14+ MONOCYTE	MACROPHAGE	CD 14 MONOCYTE	MACROPHAGE	Different	0	4	3	1	6	0.16666666666666666	ENSG00000170458	CD14	-0.5003157029630767	0.3774664802986703
0	37	biorxiv:1f87890c-7e00-1014-91de-cf40554be0ec	hca:0149_10.1038_s41368-023-00238-z_c77e60a0ab	CD14+ MONOCYTE	MONOCYTE CELL LINEAGE	CD 14 MONOCYTE	MONOCYTE CELL LINEAGE	Partial	1	4	3	1	6	0.16666666666666666	ENSG00000170458	CD14	-0.5003157029630767	0.3774664802986703
0	39	biorxiv:1f87890c-7e00-1014-91de-cf40554be0ec	hca:0184_10.1016_j.cell.2021.07.023_f621bea088	CD14+ MONOCYTE	MACROPHAGE	CD 14 MONOCYTE	MACROPHAGE	Different	0	4	3	1	6	0.16666666666666666	ENSG00000170458	CD14	-0.5003157029630767	0.3774664802986703
0	40	biorxiv:1f87890c-7e00-1014-91de-cf40554be0ec	hca:0228_10.1128_mbio.02583-20_5085db2792	CD14+ MONOCYTE	MACROPHAGE	CD 14 MONOCYTE	MACROPHAGE	Different	0	4	3	1	6	0.16666666666666666	ENSG00000170458	CD14	-0.5003157029630767	0.3774664802986703
0	41	biorxiv:1f87890c-7e00-1014-91de-cf40554be0ec	hca:0393_10.1038_s42255-022-00531-x_b92878970e	CD14+ MONOCYTE	MACROPHAGES	CD 14 MONOCYTE	MACROPHAGES	Different	0	4	4	1	7	0.14285714285714285	ENSG00000170458	CD14	-0.5003157029630767	0.3774664802986703
0	42	biorxiv:1f87890c-7e00-1014-91de-cf40554be0ec	hca:0418_10.1038_s42003-020-0922-4_8904851286	CD14+ MONOCYTE	MACROPHAGES AND DENDRITIC CELLS	CD 14 MONOCYTE	MACROPHAGES AND DENDRITIC CELLS	Different	0	4	5	1	8	0.125	ENSG00000090382	LYZ	-0.274449251234396	0.4318151381079454
0	43	biorxiv:1f87890c-7e00-1014-91de-cf40554be0ec	hca:0420_10.1111_cas.15979_052ebae233	CD14+ MONOCYTE	MACROPHAGE	CD 14 MONOCYTE	MACROPHAGE	Different	0	4	3	1	6	0.16666666666666666	ENSG00000170458	CD14	-0.5003157029630767	0.3774664802986703
1	2	biorxiv:396ad855-6e2e-1014-85f5-9bd33dea0f81	biorxiv:5200cce7-72d7-1014-98f6-994ae061fa4b	CD14+ MONOCYTE	MONOCYTE	CD 14 MONOCYTE	MONOCYTE	Partial	1	7	3	2	8	0.25	ENSG00000143546;ENSG00000163220	S100A8;S100A9	0.0	0.5
1	4	biorxiv:396ad855-6e2e-1014-85f5-9bd33dea0f81	biorxiv:b88cbe76-6c0b-1014-a018-e498be98267a	CD14+ MONOCYTE	MACROPHAGE	CD 14 MONOCYTE	MACROPHAGE	Different	0	7	3	1	9	0.1111111111111111	ENSG00000170458	CD14	-0.5003157029630767	0.3774664802986703
1	5	biorxiv:396ad855-6e2e-1014-85f5-9bd33dea0f81	biorxiv:c245f005-7ab6-1014-adbd-b49bd8bfffbc	CD14+ MONOCYTE	MONOCYTE	CD 14 MONOCYTE	MONOCYTE	Partial	1	7	3	2	8	0.25	ENSG00000163220;ENSG00000170458	S100A9;CD14	-0.5003157029630767	0.3774664802986703
1	6	biorxiv:396ad855-6e2e-1014-85f5-9bd33dea0f81	biorxiv:c8264099-6fc3-1014-9d27-9ae05a0c1d33	CD14+ MONOCYTE	MONOCYTE	CD 14 MONOCYTE	MONOCYTE	Partial	1	7	3	3	7	0.42857142857142855	ENSG00000143546;ENSG00000163220;ENSG00000170458	S100A8;S100A9;CD14	-0.5003157029630767	0.3774664802986703
1	7	biorxiv:396ad855-6e2e-1014-85f5-9bd33dea0f81	biorxiv:d2042444-7138-1014-94ac-a1f590fd3173	CD14+ MONOCYTE	MONOCYTE	CD 14 MONOCYTE	MONOCYTE	Partial	1	7	3	2	8	0.25	ENSG00000143546;ENSG00000163220	S100A8;S100A9	0.0	0.5
1	8	biorxiv:396ad855-6e2e-1014-85f5-9bd33dea0f81	biorxiv:e2efdcad-73c4-1014-9c6c-8a89f519fd2d	CD14+ MONOCYTE	CDC2.1	CD 14 MONOCYTE	CDC 2 1	Different	0	7	5	4	8	0.5	ENSG00000038427;ENSG00000143546;ENSG00000163220;ENSG00000170458	VCAN;S100A8;S100A9;CD14	-0.5003157029630767	0.3774664802986703
1	9	biorxiv:396ad855-6e2e-1014-85f5-9bd33dea0f81	biorxiv:e6e04172-6c15-1014-9229-c57ac33d21f6	CD14+ MONOCYTE	MONOCYTE	CD 14 MONOCYTE	MONOCYTE	Partial	1	7	4	3	8	0.375	ENSG00000143546;ENSG00000163220;ENSG00000170458	S100A8;S100A9;CD14	-0.5003157029630767	0.3774664802986703
1	10	biorxiv:396ad855-6e2e-1014-85f5-9bd33dea0f81	biorxiv:ebaf49e5-7438-1014-8951-c3e925f71d14	CD14+ MONOCYTE	DYSFUNCTIONAL CD14 MONOCYTE	CD 14 MONOCYTE	DYSFUNCTIONAL CD 14 MONOCYTE	Partial	1	7	5	2	10	0.2	ENSG00000143546;ENSG00000163220	S100A8;S100A9	0.0	0.5
1	11	biorxiv:396ad855-6e2e-1014-85f5-9bd33dea0f81	biorxiv:f3be1d12-72db-1014-a9a0-ac8d78e3151e	CD14+ MONOCYTE	MONOCYTE-DERIVED CELL	CD 14 MONOCYTE	MONOCYTE DERIVED CELL	Partial	1	7	3	3	7	0.42857142857142855	ENSG00000038427;ENSG00000143546;ENSG00000163220	VCAN;S100A8;S100A9	0.0	0.5
1	12	biorxiv:396ad855-6e2e-1014-85f5-9bd33dea0f81	biorxiv:f3be1d12-72db-1014-a9a0-ac8d78e3151e	CD14+ MONOCYTE	MYELOID CELL	CD 14 MONOCYTE	MYELOID CELL	Different	0	7	3	1	9	0.1111111111111111	ENSG00000170458	CD14	-0.5003157029630767	0.3774664802986703
1	13	biorxiv:396ad855-6e2e-1014-85f5-9bd33dea0f81	biorxiv:f787a6d9-6ce3-1014-a3f6-a662a1333571	CD14+ MONOCYTE	MONOCYTES	CD 14 MONOCYTE	MONOCYTES	Different	0	7	3	3	7	0.42857142857142855	ENSG00000143546;ENSG00000163220;ENSG00000170458	S100A8;S100A9;CD14	-0.5003157029630767	0.3774664802986703
1	14	biorxiv:396ad855-6e2e-1014-85f5-9bd33dea0f81	hca:0109_10.7554_elife.91792.1_056dda27be	CD14+ MONOCYTE	INFLAMMATORY MONOCYTES	CD 14 MONOCYTE	INFLAMMATORY MONOCYTES	Different	0	7	4	3	8	0.375	ENSG00000143546;ENSG00000163220;ENSG00000170458	S100A8;S100A9;CD14	-0.5003157029630767	0.3774664802986703
1	15	biorxiv:396ad855-6e2e-1014-85f5-9bd33dea0f81	hca:0109_10.7554_elife.91792.1_056dda27be	CD14+ MONOCYTE	MONOCYTES	CD 14 MONOCYTE	MONOCYTES	Different	0	7	5	3	9	0.3333333333333333	ENSG00000143546;ENSG00000163220;ENSG00000170458	S100A8;S100A9;CD14	-0.5003157029630767	0.3774664802986703
1	16	biorxiv:396ad855-6e2e-1014-85f5-9bd33dea0f81	hca:0207_10.1016_j.immuni.2020.11.017_b182001861	CD14+ MONOCYTE	MONOCYTE	CD 14 MONOCYTE	MONOCYTE	Partial	1	7	3	2	8	0.25	ENSG00000143546;ENSG00000170458	S100A8;CD14	-0.5003157029630767	0.3774664802986703
1	17	biorxiv:396ad855-6e2e-1014-85f5-9bd33dea0f81	hca:0284_10.1002_hep4.1854_fe09f5fe1e	CD14+ MONOCYTE	INFLAMMATORY MACROPHAGES	CD 14 MONOCYTE	INFLAMMATORY MACROPHAGES	Different	0	7	3	2	8	0.25	ENSG00000143546;ENSG00000163220	S100A8;S100A9	0.0	0.5
1	18	biorxiv:396ad855-6e2e-1014-85f5-9bd33dea0f81	hca:0325_10.1016_j.celrep.2017.10.030_a9d12a5d7c	CD14+ MONOCYTE	MACROPHAGES	CD 14 MONOCYTE	MACROPHAGES	Different	0	7	5	3	9	0.3333333333333333	ENSG00000143546;ENSG00000163220;ENSG00000170458	S100A8;S100A9;CD14	-0.5003157029630767	0.3774664802986703
1	19	biorxiv:396ad855-6e2e-1014-85f5-9bd33dea0f81	hca:0349_10.1038_s41467-023-36296-4_67ae3c1e19	CD14+ MONOCYTE	MDSC	CD 14 MONOCYTE	MDSC	Different	0	7	3	2	8	0.25	ENSG00000143546;ENSG00000163220	S100A8;S100A9	0.0	0.5
1	20	biorxiv:396ad855-6e2e-1014-85f5-9bd33dea0f81	hca:0414_10.1186_s13059-020-02210-0_30c1533a3e	CD14+ MONOCYTE	MONOCYTE	CD 14 MONOCYTE	MONOCYTE	Partial	1	7	4	3	8	0.375	ENSG00000038427;ENSG00000143546;ENSG00000163220	VCAN;S100A8;S100A9	0.0	0.5
1	21	biorxiv:396ad855-6e2e-1014-85f5-9bd33dea0f81	hca:0460_10.1016_j.cell.2021.08.003_652ffcecb6	CD14+ MONOCYTE	MACROPHAGE	CD 14 MONOCYTE	MACROPHAGE	Different	0	7	3	2	8	0.25	ENSG00000143546;ENSG00000163220	S100A8;S100A9	0.0	0.5
1	22	biorxiv:396ad855-6e2e-1014-85f5-9bd33dea0f81	biorxiv:03092aac-75a4-1014-b9cc-d44d468fbd97	CD14+ MONOCYTE	STRAD13⁺ MACROPHAGE	CD 14 MONOCYTE	STRAD 13 MACROPHAGE	Different	0	7	3	1	9	0.1111111111111111	ENSG00000177575	CD163	1.2596177990672683	0.7789603070011919
1	25	biorxiv:396ad855-6e2e-1014-85f5-9bd33dea0f81	hca:0068_10.1093_ibd_izac201_351dddd961	CD14+ MONOCYTE	MACROPHAGE	CD 14 MONOCYTE	MACROPHAGE	Different	0	7	3	1	9	0.1111111111111111	ENSG00000143546	S100A8	0.0	0.5
1	26	biorxiv:396ad855-6e2e-1014-85f5-9bd33dea0f81	hca:0148_10.1113_jp287812_fd3137bc12	CD14+ MONOCYTE	MACROPHAGE	CD 14 MONOCYTE	MACROPHAGE	Different	0	7	3	1	9	0.1111111111111111	ENSG00000177575	CD163	1.2596177990672683	0.7789603070011919
1	27	biorxiv:396ad855-6e2e-1014-85f5-9bd33dea0f81	hca:0161_10.1681_asn.2020030326_bf5d42b566	CD14+ MONOCYTE	DONOR MACROPHAGE	CD 14 MONOCYTE	DONOR MACROPHAGE	Different	0	7	6	1	12	0.08333333333333333	ENSG00000170458	CD14	-0.5003157029630767	0.3774664802986703
1	28	biorxiv:396ad855-6e2e-1014-85f5-9bd33dea0f81	hca:0217_10.1186_s40478-023-01568-z_30cfefc163	CD14+ MONOCYTE	BORDER-ASSOCIATED MACROPHAGE	CD 14 MONOCYTE	BORDER ASSOCIATED MACROPHAGE	Different	0	7	3	1	9	0.1111111111111111	ENSG00000177575	CD163	1.2596177990672683	0.7789603070011919
1	30	biorxiv:396ad855-6e2e-1014-85f5-9bd33dea0f81	hca:0365_10.3389_fendo.2022.874915_81de77d539	CD14+ MONOCYTE	MACROPHAGE	CD 14 MONOCYTE	MACROPHAGE	Different	0	7	4	1	10	0.1	ENSG00000177575	CD163	1.2596177990672683	0.7789603070011919
1	31	biorxiv:396ad855-6e2e-1014-85f5-9bd33dea0f81	hca:0481_10.1016_j.immuni.2023.01.002_2da3d3f446	CD14+ MONOCYTE	MACROPHAGE	CD 14 MONOCYTE	MACROPHAGE	Different	0	7	3	1	9	0.1111111111111111	ENSG00000177575	CD163	1.2596177990672683	0.7789603070011919
1	32	biorxiv:396ad855-6e2e-1014-85f5-9bd33dea0f81	hca:0494_10.1038_s41467-021-27895-0_bbe3158fbf	CD14+ MONOCYTE	MACROPHAGE	CD 14 MONOCYTE	MACROPHAGE	Different	0	7	3	1	9	0.1111111111111111	ENSG00000177575	CD163	1.2596177990672683	0.7789603070011919
1	33	biorxiv:396ad855-6e2e-1014-85f5-9bd33dea0f81	biorxiv:ab05f819-6c04-1014-81aa-9646e853264a	CD14+ MONOCYTE	MONOCYTE	CD 14 MONOCYTE	MONOCYTE	Partial	1	7	3	1	9	0.1111111111111111	ENSG00000170458	CD14	-0.5003157029630767	0.3774664802986703
1	34	biorxiv:396ad855-6e2e-1014-85f5-9bd33dea0f81	biorxiv:e3312584-7421-1014-b0a7-823d4471ccf1	CD14+ MONOCYTE	MACROPHAGE	CD 14 MONOCYTE	MACROPHAGE	Different	0	7	3	1	9	0.1111111111111111	ENSG00000170458	CD14	-0.5003157029630767	0.3774664802986703
1	35	biorxiv:396ad855-6e2e-1014-85f5-9bd33dea0f81	hca:0060_10.3389_fcell.2022.872688_ac00c45d48	CD14+ MONOCYTE	MACROPHAGE	CD 14 MONOCYTE	MACROPHAGE	Different	0	7	3	2	8	0.25	ENSG00000170458;ENSG00000177575	CD14;CD163	0.7593020961041916	0.6812021921255685
1	36	biorxiv:396ad855-6e2e-1014-85f5-9bd33dea0f81	hca:0095_10.1101_2021.09.16.460628_23a839e09f	CD14+ MONOCYTE	MACROPHAGE	CD 14 MONOCYTE	MACROPHAGE	Different	0	7	3	1	9	0.1111111111111111	ENSG00000177575	CD163	1.2596177990672683	0.7789603070011919
1	37	biorxiv:396ad855-6e2e-1014-85f5-9bd33dea0f81	hca:0149_10.1038_s41368-023-00238-z_c77e60a0ab	CD14+ MONOCYTE	MONOCYTE CELL LINEAGE	CD 14 MONOCYTE	MONOCYTE CELL LINEAGE	Partial	1	7	3	2	8	0.25	ENSG00000170458;ENSG00000177575	CD14;CD163	0.7593020961041916	0.6812021921255685
1	39	biorxiv:396ad855-6e2e-1014-85f5-9bd33dea0f81	hca:0184_10.1016_j.cell.2021.07.023_f621bea088	CD14+ MONOCYTE	MACROPHAGE	CD 14 MONOCYTE	MACROPHAGE	Different	0	7	3	2	8	0.25	ENSG00000038427;ENSG00000170458	VCAN;CD14	-0.5003157029630767	0.3774664802986703
1	40	biorxiv:396ad855-6e2e-1014-85f5-9bd33dea0f81	hca:0228_10.1128_mbio.02583-20_5085db2792	CD14+ MONOCYTE	MACROPHAGE	CD 14 MONOCYTE	MACROPHAGE	Different	0	7	3	2	8	0.25	ENSG00000170458;ENSG00000177575	CD14;CD163	0.7593020961041916	0.6812021921255685
1	41	biorxiv:396ad855-6e2e-1014-85f5-9bd33dea0f81	hca:0393_10.1038_s42255-022-00531-x_b92878970e	CD14+ MONOCYTE	MACROPHAGES	CD 14 MONOCYTE	MACROPHAGES	Different	0	7	4	1	10	0.1	ENSG00000170458	CD14	-0.5003157029630767	0.3774664802986703
1	43	biorxiv:396ad855-6e2e-1014-85f5-9bd33dea0f81	hca:0420_10.1111_cas.15979_052ebae233	CD14+ MONOCYTE	MACROPHAGE	CD 14 MONOCYTE	MACROPHAGE	Different	0	7	3	1	9	0.1111111111111111	ENSG00000170458	CD14	-0.5003157029630767	0.3774664802986703
2	5	biorxiv:5200cce7-72d7-1014-98f6-994ae061fa4b	biorxiv:c245f005-7ab6-1014-adbd-b49bd8bfffbc	MONOCYTE	MONOCYTE	MONOCYTE	MONOCYTE	Exact	1	3	3	1	5	0.2	ENSG00000163220	S100A9	0.0	0.5
2	6	biorxiv:5200cce7-72d7-1014-98f6-994ae061fa4b	biorxiv:c8264099-6fc3-1014-9d27-9ae05a0c1d33	MONOCYTE	MONOCYTE	MONOCYTE	MONOCYTE	Exact	1	3	3	2	4	0.5	ENSG00000143546;ENSG00000163220	S100A8;S100A9	0.0	0.5
2	7	biorxiv:5200cce7-72d7-1014-98f6-994ae061fa4b	biorxiv:d2042444-7138-1014-94ac-a1f590fd3173	MONOCYTE	MONOCYTE	MONOCYTE	MONOCYTE	Exact	1	3	3	2	4	0.5	ENSG00000143546;ENSG00000163220	S100A8;S100A9	0.0	0.5
2	8	biorxiv:5200cce7-72d7-1014-98f6-994ae061fa4b	biorxiv:e2efdcad-73c4-1014-9c6c-8a89f519fd2d	MONOCYTE	CDC2.1	MONOCYTE	CDC 2 1	Different	0	3	5	2	6	0.3333333333333333	ENSG00000143546;ENSG00000163220	S100A8;S100A9	0.0	0.5
2	9	biorxiv:5200cce7-72d7-1014-98f6-994ae061fa4b	biorxiv:e6e04172-6c15-1014-9229-c57ac33d21f6	MONOCYTE	MONOCYTE	MONOCYTE	MONOCYTE	Exact	1	3	4	2	5	0.4	ENSG00000143546;ENSG00000163220	S100A8;S100A9	0.0	0.5
2	10	biorxiv:5200cce7-72d7-1014-98f6-994ae061fa4b	biorxiv:ebaf49e5-7438-1014-8951-c3e925f71d14	MONOCYTE	DYSFUNCTIONAL CD14 MONOCYTE	MONOCYTE	DYSFUNCTIONAL CD 14 MONOCYTE	Partial	1	3	5	2	6	0.3333333333333333	ENSG00000143546;ENSG00000163220	S100A8;S100A9	0.0	0.5
2	11	biorxiv:5200cce7-72d7-1014-98f6-994ae061fa4b	biorxiv:f3be1d12-72db-1014-a9a0-ac8d78e3151e	MONOCYTE	MONOCYTE-DERIVED CELL	MONOCYTE	MONOCYTE DERIVED CELL	Partial	1	3	3	2	4	0.5	ENSG00000143546;ENSG00000163220	S100A8;S100A9	0.0	0.5
2	13	biorxiv:5200cce7-72d7-1014-98f6-994ae061fa4b	biorxiv:f787a6d9-6ce3-1014-a3f6-a662a1333571	MONOCYTE	MONOCYTES	MONOCYTE	MONOCYTES	Different	0	3	3	2	4	0.5	ENSG00000143546;ENSG00000163220	S100A8;S100A9	0.0	0.5
2	14	biorxiv:5200cce7-72d7-1014-98f6-994ae061fa4b	hca:0109_10.7554_elife.91792.1_056dda27be	MONOCYTE	INFLAMMATORY MONOCYTES	MONOCYTE	INFLAMMATORY MONOCYTES	Different	0	3	4	2	5	0.4	ENSG00000143546;ENSG00000163220	S100A8;S100A9	0.0	0.5
2	15	biorxiv:5200cce7-72d7-1014-98f6-994ae061fa4b	hca:0109_10.7554_elife.91792.1_056dda27be	MONOCYTE	MONOCYTES	MONOCYTE	MONOCYTES	Different	0	3	5	2	6	0.3333333333333333	ENSG00000143546;ENSG00000163220	S100A8;S100A9	0.0	0.5
2	16	biorxiv:5200cce7-72d7-1014-98f6-994ae061fa4b	hca:0207_10.1016_j.immuni.2020.11.017_b182001861	MONOCYTE	MONOCYTE	MONOCYTE	MONOCYTE	Exact	1	3	3	1	5	0.2	ENSG00000143546	S100A8	0.0	0.5
2	17	biorxiv:5200cce7-72d7-1014-98f6-994ae061fa4b	hca:0284_10.1002_hep4.1854_fe09f5fe1e	MONOCYTE	INFLAMMATORY MACROPHAGES	MONOCYTE	INFLAMMATORY MACROPHAGES	Different	0	3	3	2	4	0.5	ENSG00000143546;ENSG00000163220	S100A8;S100A9	0.0	0.5
2	18	biorxiv:5200cce7-72d7-1014-98f6-994ae061fa4b	hca:0325_10.1016_j.celrep.2017.10.030_a9d12a5d7c	MONOCYTE	MACROPHAGES	MONOCYTE	MACROPHAGES	Different	0	3	5	2	6	0.3333333333333333	ENSG00000143546;ENSG00000163220	S100A8;S100A9	0.0	0.5
2	19	biorxiv:5200cce7-72d7-1014-98f6-994ae061fa4b	hca:0349_10.1038_s41467-023-36296-4_67ae3c1e19	MONOCYTE	MDSC	MONOCYTE	MDSC	Different	0	3	3	2	4	0.5	ENSG00000143546;ENSG00000163220	S100A8;S100A9	0.0	0.5
2	20	biorxiv:5200cce7-72d7-1014-98f6-994ae061fa4b	hca:0414_10.1186_s13059-020-02210-0_30c1533a3e	MONOCYTE	MONOCYTE	MONOCYTE	MONOCYTE	Exact	1	3	4	2	5	0.4	ENSG00000143546;ENSG00000163220	S100A8;S100A9	0.0	0.5
2	21	biorxiv:5200cce7-72d7-1014-98f6-994ae061fa4b	hca:0460_10.1016_j.cell.2021.08.003_652ffcecb6	MONOCYTE	MACROPHAGE	MONOCYTE	MACROPHAGE	Different	0	3	3	2	4	0.5	ENSG00000143546;ENSG00000163220	S100A8;S100A9	0.0	0.5
2	25	biorxiv:5200cce7-72d7-1014-98f6-994ae061fa4b	hca:0068_10.1093_ibd_izac201_351dddd961	MONOCYTE	MACROPHAGE	MONOCYTE	MACROPHAGE	Different	0	3	3	1	5	0.2	ENSG00000143546	S100A8	0.0	0.5
3	4	biorxiv:a6ffed23-717d-1014-ae02-d2e67f78dddd	biorxiv:b88cbe76-6c0b-1014-a018-e498be98267a	MYELOID CELL	MACROPHAGE	MYELOID CELL	MACROPHAGE	Different	0	3	3	2	4	0.5	ENSG00000090382;ENSG00000204472	LYZ;AIF1	-0.6522481936948097	0.3424830909991417
3	5	biorxiv:a6ffed23-717d-1014-ae02-d2e67f78dddd	biorxiv:c245f005-7ab6-1014-adbd-b49bd8bfffbc	MYELOID CELL	MONOCYTE	MYELOID CELL	MONOCYTE	Different	0	3	3	1	5	0.2	ENSG00000090382	LYZ	-0.274449251234396	0.4318151381079454
3	9	biorxiv:a6ffed23-717d-1014-ae02-d2e67f78dddd	biorxiv:e6e04172-6c15-1014-9229-c57ac33d21f6	MYELOID CELL	MONOCYTE	MYELOID CELL	MONOCYTE	Different	0	3	4	1	6	0.16666666666666666	ENSG00000090382	LYZ	-0.274449251234396	0.4318151381079454
3	12	biorxiv:a6ffed23-717d-1014-ae02-d2e67f78dddd	biorxiv:f3be1d12-72db-1014-a9a0-ac8d78e3151e	MYELOID CELL	MYELOID CELL	MYELOID CELL	MYELOID CELL	Exact	1	3	3	1	5	0.2	ENSG00000090382	LYZ	-0.274449251234396	0.4318151381079454
3	17	biorxiv:a6ffed23-717d-1014-ae02-d2e67f78dddd	hca:0284_10.1002_hep4.1854_fe09f5fe1e	MYELOID CELL	INFLAMMATORY MACROPHAGES	MYELOID CELL	INFLAMMATORY MACROPHAGES	Different	0	3	3	1	5	0.2	ENSG00000090382	LYZ	-0.274449251234396	0.4318151381079454
3	24	biorxiv:a6ffed23-717d-1014-ae02-d2e67f78dddd	biorxiv:e2efdcad-73c4-1014-9c6c-8a89f519fd2d	MYELOID CELL	CDC2.4	MYELOID CELL	CDC 2 4	Different	0	3	4	1	6	0.16666666666666666	ENSG00000173369	C1QB	0.7910454924877002	0.6880557739975584
3	25	biorxiv:a6ffed23-717d-1014-ae02-d2e67f78dddd	hca:0068_10.1093_ibd_izac201_351dddd961	MYELOID CELL	MACROPHAGE	MYELOID CELL	MACROPHAGE	Different	0	3	3	1	5	0.2	ENSG00000173369	C1QB	0.7910454924877002	0.6880557739975584
3	27	biorxiv:a6ffed23-717d-1014-ae02-d2e67f78dddd	hca:0161_10.1681_asn.2020030326_bf5d42b566	MYELOID CELL	DONOR MACROPHAGE	MYELOID CELL	DONOR MACROPHAGE	Different	0	3	6	1	8	0.125	ENSG00000173369	C1QB	0.7910454924877002	0.6880557739975584
3	29	biorxiv:a6ffed23-717d-1014-ae02-d2e67f78dddd	hca:0349_10.1038_s41467-023-36296-4_67ae3c1e19	MYELOID CELL	C1QC+ MACROPHAGE	MYELOID CELL	C 1 QC MACROPHAGE	Different	0	3	3	1	5	0.2	ENSG00000173369	C1QB	0.7910454924877002	0.6880557739975584
3	30	biorxiv:a6ffed23-717d-1014-ae02-d2e67f78dddd	hca:0365_10.3389_fendo.2022.874915_81de77d539	MYELOID CELL	MACROPHAGE	MYELOID CELL	MACROPHAGE	Different	0	3	4	1	6	0.16666666666666666	ENSG00000173369	C1QB	0.7910454924877002	0.6880557739975584
3	31	biorxiv:a6ffed23-717d-1014-ae02-d2e67f78dddd	hca:0481_10.1016_j.immuni.2023.01.002_2da3d3f446	MYELOID CELL	MACROPHAGE	MYELOID CELL	MACROPHAGE	Different	0	3	3	1	5	0.2	ENSG00000173369	C1QB	0.7910454924877002	0.6880557739975584
3	32	biorxiv:a6ffed23-717d-1014-ae02-d2e67f78dddd	hca:0494_10.1038_s41467-021-27895-0_bbe3158fbf	MYELOID CELL	MACROPHAGE	MYELOID CELL	MACROPHAGE	Different	0	3	3	1	5	0.2	ENSG00000173369	C1QB	0.7910454924877002	0.6880557739975584
3	34	biorxiv:a6ffed23-717d-1014-ae02-d2e67f78dddd	biorxiv:e3312584-7421-1014-b0a7-823d4471ccf1	MYELOID CELL	MACROPHAGE	MYELOID CELL	MACROPHAGE	Different	0	3	3	1	5	0.2	ENSG00000173369	C1QB	0.7910454924877002	0.6880557739975584
3	38	biorxiv:a6ffed23-717d-1014-ae02-d2e67f78dddd	hca:0164_10.1177_00220345221147908_13bf485ac8	MYELOID CELL	MONOCYTE	MYELOID CELL	MONOCYTE	Different	0	3	3	1	5	0.2	ENSG00000204472	AIF1	-0.3777989424604136	0.4066578748770686
3	42	biorxiv:a6ffed23-717d-1014-ae02-d2e67f78dddd	hca:0418_10.1038_s42003-020-0922-4_8904851286	MYELOID CELL	MACROPHAGES AND DENDRITIC CELLS	MYELOID CELL	MACROPHAGES AND DENDRITIC CELLS	Different	0	3	5	2	6	0.3333333333333333	ENSG00000090382;ENSG00000204472	LYZ;AIF1	-0.6522481936948097	0.3424830909991417
4	5	biorxiv:b88cbe76-6c0b-1014-a018-e498be98267a	biorxiv:c245f005-7ab6-1014-adbd-b49bd8bfffbc	MACROPHAGE	MONOCYTE	MACROPHAGE	MONOCYTE	Different	0	3	3	2	4	0.5	ENSG00000090382;ENSG00000170458	LYZ;CD14	-0.7747649541974727	0.3154492535055493
4	6	biorxiv:b88cbe76-6c0b-1014-a018-e498be98267a	biorxiv:c8264099-6fc3-1014-9d27-9ae05a0c1d33	MACROPHAGE	MONOCYTE	MACROPHAGE	MONOCYTE	Different	0	3	3	1	5	0.2	ENSG00000170458	CD14	-0.5003157029630767	0.3774664802986703
4	8	biorxiv:b88cbe76-6c0b-1014-a018-e498be98267a	biorxiv:e2efdcad-73c4-1014-9c6c-8a89f519fd2d	MACROPHAGE	CDC2.1	MACROPHAGE	CDC 2 1	Different	0	3	5	1	7	0.14285714285714285	ENSG00000170458	CD14	-0.5003157029630767	0.3774664802986703
4	9	biorxiv:b88cbe76-6c0b-1014-a018-e498be98267a	biorxiv:e6e04172-6c15-1014-9229-c57ac33d21f6	MACROPHAGE	MONOCYTE	MACROPHAGE	MONOCYTE	Different	0	3	4	2	5	0.4	ENSG00000090382;ENSG00000170458	LYZ;CD14	-0.7747649541974727	0.3154492535055493
4	12	biorxiv:b88cbe76-6c0b-1014-a018-e498be98267a	biorxiv:f3be1d12-72db-1014-a9a0-ac8d78e3151e	MACROPHAGE	MYELOID CELL	MACROPHAGE	MYELOID CELL	Different	0	3	3	2	4	0.5	ENSG00000090382;ENSG00000170458	LYZ;CD14	-0.7747649541974727	0.3154492535055493
4	13	biorxiv:b88cbe76-6c0b-1014-a018-e498be98267a	biorxiv:f787a6d9-6ce3-1014-a3f6-a662a1333571	MACROPHAGE	MONOCYTES	MACROPHAGE	MONOCYTES	Different	0	3	3	1	5	0.2	ENSG00000170458	CD14	-0.5003157029630767	0.3774664802986703
4	14	biorxiv:b88cbe76-6c0b-1014-a018-e498be98267a	hca:0109_10.7554_elife.91792.1_056dda27be	MACROPHAGE	INFLAMMATORY MONOCYTES	MACROPHAGE	INFLAMMATORY MONOCYTES	Different	0	3	4	1	6	0.16666666666666666	ENSG00000170458	CD14	-0.5003157029630767	0.3774664802986703
4	15	biorxiv:b88cbe76-6c0b-1014-a018-e498be98267a	hca:0109_10.7554_elife.91792.1_056dda27be	MACROPHAGE	MONOCYTES	MACROPHAGE	MONOCYTES	Different	0	3	5	1	7	0.14285714285714285	ENSG00000170458	CD14	-0.5003157029630767	0.3774664802986703
4	16	biorxiv:b88cbe76-6c0b-1014-a018-e498be98267a	hca:0207_10.1016_j.immuni.2020.11.017_b182001861	MACROPHAGE	MONOCYTE	MACROPHAGE	MONOCYTE	Different	0	3	3	1	5	0.2	ENSG00000170458	CD14	-0.5003157029630767	0.3774664802986703
4	17	biorxiv:b88cbe76-6c0b-1014-a018-e498be98267a	hca:0284_10.1002_hep4.1854_fe09f5fe1e	MACROPHAGE	INFLAMMATORY MACROPHAGES	MACROPHAGE	INFLAMMATORY MACROPHAGES	Different	0	3	3	1	5	0.2	ENSG00000090382	LYZ	-0.274449251234396	0.4318151381079454
4	18	biorxiv:b88cbe76-6c0b-1014-a018-e498be98267a	hca:0325_10.1016_j.celrep.2017.10.030_a9d12a5d7c	MACROPHAGE	MACROPHAGES	MACROPHAGE	MACROPHAGES	Different	0	3	5	1	7	0.14285714285714285	ENSG00000170458	CD14	-0.5003157029630767	0.3774664802986703
4	27	biorxiv:b88cbe76-6c0b-1014-a018-e498be98267a	hca:0161_10.1681_asn.2020030326_bf5d42b566	MACROPHAGE	DONOR MACROPHAGE	MACROPHAGE	DONOR MACROPHAGE	Partial	1	3	6	1	8	0.125	ENSG00000170458	CD14	-0.5003157029630767	0.3774664802986703
4	33	biorxiv:b88cbe76-6c0b-1014-a018-e498be98267a	biorxiv:ab05f819-6c04-1014-81aa-9646e853264a	MACROPHAGE	MONOCYTE	MACROPHAGE	MONOCYTE	Different	0	3	3	1	5	0.2	ENSG00000170458	CD14	-0.5003157029630767	0.3774664802986703
4	34	biorxiv:b88cbe76-6c0b-1014-a018-e498be98267a	biorxiv:e3312584-7421-1014-b0a7-823d4471ccf1	MACROPHAGE	MACROPHAGE	MACROPHAGE	MACROPHAGE	Exact	1	3	3	1	5	0.2	ENSG00000170458	CD14	-0.5003157029630767	0.3774664802986703
4	35	biorxiv:b88cbe76-6c0b-1014-a018-e498be98267a	hca:0060_10.3389_fcell.2022.872688_ac00c45d48	MACROPHAGE	MACROPHAGE	MACROPHAGE	MACROPHAGE	Exact	1	3	3	1	5	0.2	ENSG00000170458	CD14	-0.5003157029630767	0.3774664802986703
4	37	biorxiv:b88cbe76-6c0b-1014-a018-e498be98267a	hca:0149_10.1038_s41368-023-00238-z_c77e60a0ab	MACROPHAGE	MONOCYTE CELL LINEAGE	MACROPHAGE	MONOCYTE CELL LINEAGE	Different	0	3	3	1	5	0.2	ENSG00000170458	CD14	-0.5003157029630767	0.3774664802986703
4	38	biorxiv:b88cbe76-6c0b-1014-a018-e498be98267a	hca:0164_10.1177_00220345221147908_13bf485ac8	MACROPHAGE	MONOCYTE	MACROPHAGE	MONOCYTE	Different	0	3	3	1	5	0.2	ENSG00000204472	AIF1	-0.3777989424604136	0.4066578748770686
4	39	biorxiv:b88cbe76-6c0b-1014-a018-e498be98267a	hca:0184_10.1016_j.cell.2021.07.023_f621bea088	MACROPHAGE	MACROPHAGE	MACROPHAGE	MACROPHAGE	Exact	1	3	3	1	5	0.2	ENSG00000170458	CD14	-0.5003157029630767	0.3774664802986703
4	40	biorxiv:b88cbe76-6c0b-1014-a018-e498be98267a	hca:0228_10.1128_mbio.02583-20_5085db2792	MACROPHAGE	MACROPHAGE	MACROPHAGE	MACROPHAGE	Exact	1	3	3	1	5	0.2	ENSG00000170458	CD14	-0.5003157029630767	0.3774664802986703
4	41	biorxiv:b88cbe76-6c0b-1014-a018-e498be98267a	hca:0393_10.1038_s42255-022-00531-x_b92878970e	MACROPHAGE	MACROPHAGES	MACROPHAGE	MACROPHAGES	Different	0	3	4	1	6	0.16666666666666666	ENSG00000170458	CD14	-0.5003157029630767	0.3774664802986703
4	42	biorxiv:b88cbe76-6c0b-1014-a018-e498be98267a	hca:0418_10.1038_s42003-020-0922-4_8904851286	MACROPHAGE	MACROPHAGES AND DENDRITIC CELLS	MACROPHAGE	MACROPHAGES AND DENDRITIC CELLS	Different	0	3	5	2	6	0.3333333333333333	ENSG00000090382;ENSG00000204472	LYZ;AIF1	-0.6522481936948097	0.3424830909991417
4	43	biorxiv:b88cbe76-6c0b-1014-a018-e498be98267a	hca:0420_10.1111_cas.15979_052ebae233	MACROPHAGE	MACROPHAGE	MACROPHAGE	MACROPHAGE	Exact	1	3	3	1	5	0.2	ENSG00000170458	CD14	-0.5003157029630767	0.3774664802986703
5	6	biorxiv:c245f005-7ab6-1014-adbd-b49bd8bfffbc	biorxiv:c8264099-6fc3-1014-9d27-9ae05a0c1d33	MONOCYTE	MONOCYTE	MONOCYTE	MONOCYTE	Exact	1	3	3	2	4	0.5	ENSG00000163220;ENSG00000170458	S100A9;CD14	-0.5003157029630767	0.3774664802986703
5	7	biorxiv:c245f005-7ab6-1014-adbd-b49bd8bfffbc	biorxiv:d2042444-7138-1014-94ac-a1f590fd3173	MONOCYTE	MONOCYTE	MONOCYTE	MONOCYTE	Exact	1	3	3	1	5	0.2	ENSG00000163220	S100A9	0.0	0.5
5	8	biorxiv:c245f005-7ab6-1014-adbd-b49bd8bfffbc	biorxiv:e2efdcad-73c4-1014-9c6c-8a89f519fd2d	MONOCYTE	CDC2.1	MONOCYTE	CDC 2 1	Different	0	3	5	2	6	0.3333333333333333	ENSG00000163220;ENSG00000170458	S100A9;CD14	-0.5003157029630767	0.3774664802986703
5	9	biorxiv:c245f005-7ab6-1014-adbd-b49bd8bfffbc	biorxiv:e6e04172-6c15-1014-9229-c57ac33d21f6	MONOCYTE	MONOCYTE	MONOCYTE	MONOCYTE	Exact	1	3	4	3	4	0.75	ENSG00000090382;ENSG00000163220;ENSG00000170458	LYZ;S100A9;CD14	-0.7747649541974727	0.3154492535055493
5	10	biorxiv:c245f005-7ab6-1014-adbd-b49bd8bfffbc	biorxiv:ebaf49e5-7438-1014-8951-c3e925f71d14	MONOCYTE	DYSFUNCTIONAL CD14 MONOCYTE	MONOCYTE	DYSFUNCTIONAL CD 14 MONOCYTE	Partial	1	3	5	1	7	0.14285714285714285	ENSG00000163220	S100A9	0.0	0.5
5	11	biorxiv:c245f005-7ab6-1014-adbd-b49bd8bfffbc	biorxiv:f3be1d12-72db-1014-a9a0-ac8d78e3151e	MONOCYTE	MONOCYTE-DERIVED CELL	MONOCYTE	MONOCYTE DERIVED CELL	Partial	1	3	3	1	5	0.2	ENSG00000163220	S100A9	0.0	0.5
5	12	biorxiv:c245f005-7ab6-1014-adbd-b49bd8bfffbc	biorxiv:f3be1d12-72db-1014-a9a0-ac8d78e3151e	MONOCYTE	MYELOID CELL	MONOCYTE	MYELOID CELL	Different	0	3	3	2	4	0.5	ENSG00000090382;ENSG00000170458	LYZ;CD14	-0.7747649541974727	0.3154492535055493
5	13	biorxiv:c245f005-7ab6-1014-adbd-b49bd8bfffbc	biorxiv:f787a6d9-6ce3-1014-a3f6-a662a1333571	MONOCYTE	MONOCYTES	MONOCYTE	MONOCYTES	Different	0	3	3	2	4	0.5	ENSG00000163220;ENSG00000170458	S100A9;CD14	-0.5003157029630767	0.3774664802986703
5	14	biorxiv:c245f005-7ab6-1014-adbd-b49bd8bfffbc	hca:0109_10.7554_elife.91792.1_056dda27be	MONOCYTE	INFLAMMATORY MONOCYTES	MONOCYTE	INFLAMMATORY MONOCYTES	Different	0	3	4	2	5	0.4	ENSG00000163220;ENSG00000170458	S100A9;CD14	-0.5003157029630767	0.3774664802986703
5	15	biorxiv:c245f005-7ab6-1014-adbd-b49bd8bfffbc	hca:0109_10.7554_elife.91792.1_056dda27be	MONOCYTE	MONOCYTES	MONOCYTE	MONOCYTES	Different	0	3	5	2	6	0.3333333333333333	ENSG00000163220;ENSG00000170458	S100A9;CD14	-0.5003157029630767	0.3774664802986703
5	16	biorxiv:c245f005-7ab6-1014-adbd-b49bd8bfffbc	hca:0207_10.1016_j.immuni.2020.11.017_b182001861	MONOCYTE	MONOCYTE	MONOCYTE	MONOCYTE	Exact	1	3	3	1	5	0.2	ENSG00000170458	CD14	-0.5003157029630767	0.3774664802986703
5	17	biorxiv:c245f005-7ab6-1014-adbd-b49bd8bfffbc	hca:0284_10.1002_hep4.1854_fe09f5fe1e	MONOCYTE	INFLAMMATORY MACROPHAGES	MONOCYTE	INFLAMMATORY MACROPHAGES	Different	0	3	3	2	4	0.5	ENSG00000090382;ENSG00000163220	LYZ;S100A9	-0.274449251234396	0.4318151381079454
5	18	biorxiv:c245f005-7ab6-1014-adbd-b49bd8bfffbc	hca:0325_10.1016_j.celrep.2017.10.030_a9d12a5d7c	MONOCYTE	MACROPHAGES	MONOCYTE	MACROPHAGES	Different	0	3	5	2	6	0.3333333333333333	ENSG00000163220;ENSG00000170458	S100A9;CD14	-0.5003157029630767	0.3774664802986703
5	19	biorxiv:c245f005-7ab6-1014-adbd-b49bd8bfffbc	hca:0349_10.1038_s41467-023-36296-4_67ae3c1e19	MONOCYTE	MDSC	MONOCYTE	MDSC	Different	0	3	3	1	5	0.2	ENSG00000163220	S100A9	0.0	0.5
5	20	biorxiv:c245f005-7ab6-1014-adbd-b49bd8bfffbc	hca:0414_10.1186_s13059-020-02210-0_30c1533a3e	MONOCYTE	MONOCYTE	MONOCYTE	MONOCYTE	Exact	1	3	4	1	6	0.16666666666666666	ENSG00000163220	S100A9	0.0	0.5
5	21	biorxiv:c245f005-7ab6-1014-adbd-b49bd8bfffbc	hca:0460_10.1016_j.cell.2021.08.003_652ffcecb6	MONOCYTE	MACROPHAGE	MONOCYTE	MACROPHAGE	Different	0	3	3	1	5	0.2	ENSG00000163220	S100A9	0.0	0.5
5	27	biorxiv:c245f005-7ab6-1014-adbd-b49bd8bfffbc	hca:0161_10.1681_asn.2020030326_bf5d42b566	MONOCYTE	DONOR MACROPHAGE	MONOCYTE	DONOR MACROPHAGE	Different	0	3	6	1	8	0.125	ENSG00000170458	CD14	-0.5003157029630767	0.3774664802986703
5	33	biorxiv:c245f005-7ab6-1014-adbd-b49bd8bfffbc	biorxiv:ab05f819-6c04-1014-81aa-9646e853264a	MONOCYTE	MONOCYTE	MONOCYTE	MONOCYTE	Exact	1	3	3	1	5	0.2	ENSG00000170458	CD14	-0.5003157029630767	0.3774664802986703
5	34	biorxiv:c245f005-7ab6-1014-adbd-b49bd8bfffbc	biorxiv:e3312584-7421-1014-b0a7-823d4471ccf1	MONOCYTE	MACROPHAGE	MONOCYTE	MACROPHAGE	Different	0	3	3	1	5	0.2	ENSG00000170458	CD14	-0.5003157029630767	0.3774664802986703
5	35	biorxiv:c245f005-7ab6-1014-adbd-b49bd8bfffbc	hca:0060_10.3389_fcell.2022.872688_ac00c45d48	MONOCYTE	MACROPHAGE	MONOCYTE	MACROPHAGE	Different	0	3	3	1	5	0.2	ENSG00000170458	CD14	-0.5003157029630767	0.3774664802986703
5	37	biorxiv:c245f005-7ab6-1014-adbd-b49bd8bfffbc	hca:0149_10.1038_s41368-023-00238-z_c77e60a0ab	MONOCYTE	MONOCYTE CELL LINEAGE	MONOCYTE	MONOCYTE CELL LINEAGE	Partial	1	3	3	1	5	0.2	ENSG00000170458	CD14	-0.5003157029630767	0.3774664802986703
5	39	biorxiv:c245f005-7ab6-1014-adbd-b49bd8bfffbc	hca:0184_10.1016_j.cell.2021.07.023_f621bea088	MONOCYTE	MACROPHAGE	MONOCYTE	MACROPHAGE	Different	0	3	3	1	5	0.2	ENSG00000170458	CD14	-0.5003157029630767	0.3774664802986703
5	40	biorxiv:c245f005-7ab6-1014-adbd-b49bd8bfffbc	hca:0228_10.1128_mbio.02583-20_5085db2792	MONOCYTE	MACROPHAGE	MONOCYTE	MACROPHAGE	Different	0	3	3	1	5	0.2	ENSG00000170458	CD14	-0.5003157029630767	0.3774664802986703
5	41	biorxiv:c245f005-7ab6-1014-adbd-b49bd8bfffbc	hca:0393_10.1038_s42255-022-00531-x_b92878970e	MONOCYTE	MACROPHAGES	MONOCYTE	MACROPHAGES	Different	0	3	4	1	6	0.16666666666666666	ENSG00000170458	CD14	-0.5003157029630767	0.3774664802986703
5	42	biorxiv:c245f005-7ab6-1014-adbd-b49bd8bfffbc	hca:0418_10.1038_s42003-020-0922-4_8904851286	MONOCYTE	MACROPHAGES AND DENDRITIC CELLS	MONOCYTE	MACROPHAGES AND DENDRITIC CELLS	Different	0	3	5	1	7	0.14285714285714285	ENSG00000090382	LYZ	-0.274449251234396	0.4318151381079454
5	43	biorxiv:c245f005-7ab6-1014-adbd-b49bd8bfffbc	hca:0420_10.1111_cas.15979_052ebae233	MONOCYTE	MACROPHAGE	MONOCYTE	MACROPHAGE	Different	0	3	3	1	5	0.2	ENSG00000170458	CD14	-0.5003157029630767	0.3774664802986703
6	7	biorxiv:c8264099-6fc3-1014-9d27-9ae05a0c1d33	biorxiv:d2042444-7138-1014-94ac-a1f590fd3173	MONOCYTE	MONOCYTE	MONOCYTE	MONOCYTE	Exact	1	3	3	2	4	0.5	ENSG00000143546;ENSG00000163220	S100A8;S100A9	0.0	0.5
6	8	biorxiv:c8264099-6fc3-1014-9d27-9ae05a0c1d33	biorxiv:e2efdcad-73c4-1014-9c6c-8a89f519fd2d	MONOCYTE	CDC2.1	MONOCYTE	CDC 2 1	Different	0	3	5	3	5	0.6	ENSG00000143546;ENSG00000163220;ENSG00000170458	S100A8;S100A9;CD14	-0.5003157029630767	0.3774664802986703
6	9	biorxiv:c8264099-6fc3-1014-9d27-9ae05a0c1d33	biorxiv:e6e04172-6c15-1014-9229-c57ac33d21f6	MONOCYTE	MONOCYTE	MONOCYTE	MONOCYTE	Exact	1	3	4	3	4	0.75	ENSG00000143546;ENSG00000163220;ENSG00000170458	S100A8;S100A9;CD14	-0.5003157029630767	0.3774664802986703
6	10	biorxiv:c8264099-6fc3-1014-9d27-9ae05a0c1d33	biorxiv:ebaf49e5-7438-1014-8951-c3e925f71d14	MONOCYTE	DYSFUNCTIONAL CD14 MONOCYTE	MONOCYTE	DYSFUNCTIONAL CD 14 MONOCYTE	Partial	1	3	5	2	6	0.3333333333333333	ENSG00000143546;ENSG00000163220	S100A8;S100A9	0.0	0.5
6	11	biorxiv:c8264099-6fc3-1014-9d27-9ae05a0c1d33	biorxiv:f3be1d12-72db-1014-a9a0-ac8d78e3151e	MONOCYTE	MONOCYTE-DERIVED CELL	MONOCYTE	MONOCYTE DERIVED CELL	Partial	1	3	3	2	4	0.5	ENSG00000143546;ENSG00000163220	S100A8;S100A9	0.0	0.5
6	12	biorxiv:c8264099-6fc3-1014-9d27-9ae05a0c1d33	biorxiv:f3be1d12-72db-1014-a9a0-ac8d78e3151e	MONOCYTE	MYELOID CELL	MONOCYTE	MYELOID CELL	Different	0	3	3	1	5	0.2	ENSG00000170458	CD14	-0.5003157029630767	0.3774664802986703
6	13	biorxiv:c8264099-6fc3-1014-9d27-9ae05a0c1d33	biorxiv:f787a6d9-6ce3-1014-a3f6-a662a1333571	MONOCYTE	MONOCYTES	MONOCYTE	MONOCYTES	Different	0	3	3	3	3	1.0	ENSG00000143546;ENSG00000163220;ENSG00000170458	S100A8;S100A9;CD14	-0.5003157029630767	0.3774664802986703
6	14	biorxiv:c8264099-6fc3-1014-9d27-9ae05a0c1d33	hca:0109_10.7554_elife.91792.1_056dda27be	MONOCYTE	INFLAMMATORY MONOCYTES	MONOCYTE	INFLAMMATORY MONOCYTES	Different	0	3	4	3	4	0.75	ENSG00000143546;ENSG00000163220;ENSG00000170458	S100A8;S100A9;CD14	-0.5003157029630767	0.3774664802986703
6	15	biorxiv:c8264099-6fc3-1014-9d27-9ae05a0c1d33	hca:0109_10.7554_elife.91792.1_056dda27be	MONOCYTE	MONOCYTES	MONOCYTE	MONOCYTES	Different	0	3	5	3	5	0.6	ENSG00000143546;ENSG00000163220;ENSG00000170458	S100A8;S100A9;CD14	-0.5003157029630767	0.3774664802986703
6	16	biorxiv:c8264099-6fc3-1014-9d27-9ae05a0c1d33	hca:0207_10.1016_j.immuni.2020.11.017_b182001861	MONOCYTE	MONOCYTE	MONOCYTE	MONOCYTE	Exact	1	3	3	2	4	0.5	ENSG00000143546;ENSG00000170458	S100A8;CD14	-0.5003157029630767	0.3774664802986703
6	17	biorxiv:c8264099-6fc3-1014-9d27-9ae05a0c1d33	hca:0284_10.1002_hep4.1854_fe09f5fe1e	MONOCYTE	INFLAMMATORY MACROPHAGES	MONOCYTE	INFLAMMATORY MACROPHAGES	Different	0	3	3	2	4	0.5	ENSG00000143546;ENSG00000163220	S100A8;S100A9	0.0	0.5
6	18	biorxiv:c8264099-6fc3-1014-9d27-9ae05a0c1d33	hca:0325_10.1016_j.celrep.2017.10.030_a9d12a5d7c	MONOCYTE	MACROPHAGES	MONOCYTE	MACROPHAGES	Different	0	3	5	3	5	0.6	ENSG00000143546;ENSG00000163220;ENSG00000170458	S100A8;S100A9;CD14	-0.5003157029630767	0.3774664802986703
6	19	biorxiv:c8264099-6fc3-1014-9d27-9ae05a0c1d33	hca:0349_10.1038_s41467-023-36296-4_67ae3c1e19	MONOCYTE	MDSC	MONOCYTE	MDSC	Different	0	3	3	2	4	0.5	ENSG00000143546;ENSG00000163220	S100A8;S100A9	0.0	0.5
6	20	biorxiv:c8264099-6fc3-1014-9d27-9ae05a0c1d33	hca:0414_10.1186_s13059-020-02210-0_30c1533a3e	MONOCYTE	MONOCYTE	MONOCYTE	MONOCYTE	Exact	1	3	4	2	5	0.4	ENSG00000143546;ENSG00000163220	S100A8;S100A9	0.0	0.5
6	21	biorxiv:c8264099-6fc3-1014-9d27-9ae05a0c1d33	hca:0460_10.1016_j.cell.2021.08.003_652ffcecb6	MONOCYTE	MACROPHAGE	MONOCYTE	MACROPHAGE	Different	0	3	3	2	4	0.5	ENSG00000143546;ENSG00000163220	S100A8;S100A9	0.0	0.5
6	25	biorxiv:c8264099-6fc3-1014-9d27-9ae05a0c1d33	hca:0068_10.1093_ibd_izac201_351dddd961	MONOCYTE	MACROPHAGE	MONOCYTE	MACROPHAGE	Different	0	3	3	1	5	0.2	ENSG00000143546	S100A8	0.0	0.5
6	27	biorxiv:c8264099-6fc3-1014-9d27-9ae05a0c1d33	hca:0161_10.1681_asn.2020030326_bf5d42b566	MONOCYTE	DONOR MACROPHAGE	MONOCYTE	DONOR MACROPHAGE	Different	0	3	6	1	8	0.125	ENSG00000170458	CD14	-0.5003157029630767	0.3774664802986703
6	33	biorxiv:c8264099-6fc3-1014-9d27-9ae05a0c1d33	biorxiv:ab05f819-6c04-1014-81aa-9646e853264a	MONOCYTE	MONOCYTE	MONOCYTE	MONOCYTE	Exact	1	3	3	1	5	0.2	ENSG00000170458	CD14	-0.5003157029630767	0.3774664802986703
6	34	biorxiv:c8264099-6fc3-1014-9d27-9ae05a0c1d33	biorxiv:e3312584-7421-1014-b0a7-823d4471ccf1	MONOCYTE	MACROPHAGE	MONOCYTE	MACROPHAGE	Different	0	3	3	1	5	0.2	ENSG00000170458	CD14	-0.5003157029630767	0.3774664802986703
6	35	biorxiv:c8264099-6fc3-1014-9d27-9ae05a0c1d33	hca:0060_10.3389_fcell.2022.872688_ac00c45d48	MONOCYTE	MACROPHAGE	MONOCYTE	MACROPHAGE	Different	0	3	3	1	5	0.2	ENSG00000170458	CD14	-0.5003157029630767	0.3774664802986703
6	37	biorxiv:c8264099-6fc3-1014-9d27-9ae05a0c1d33	hca:0149_10.1038_s41368-023-00238-z_c77e60a0ab	MONOCYTE	MONOCYTE CELL LINEAGE	MONOCYTE	MONOCYTE CELL LINEAGE	Partial	1	3	3	1	5	0.2	ENSG00000170458	CD14	-0.5003157029630767	0.3774664802986703
6	39	biorxiv:c8264099-6fc3-1014-9d27-9ae05a0c1d33	hca:0184_10.1016_j.cell.2021.07.023_f621bea088	MONOCYTE	MACROPHAGE	MONOCYTE	MACROPHAGE	Different	0	3	3	1	5	0.2	ENSG00000170458	CD14	-0.5003157029630767	0.3774664802986703
6	40	biorxiv:c8264099-6fc3-1014-9d27-9ae05a0c1d33	hca:0228_10.1128_mbio.02583-20_5085db2792	MONOCYTE	MACROPHAGE	MONOCYTE	MACROPHAGE	Different	0	3	3	1	5	0.2	ENSG00000170458	CD14	-0.5003157029630767	0.3774664802986703
6	41	biorxiv:c8264099-6fc3-1014-9d27-9ae05a0c1d33	hca:0393_10.1038_s42255-022-00531-x_b92878970e	MONOCYTE	MACROPHAGES	MONOCYTE	MACROPHAGES	Different	0	3	4	1	6	0.16666666666666666	ENSG00000170458	CD14	-0.5003157029630767	0.3774664802986703
6	43	biorxiv:c8264099-6fc3-1014-9d27-9ae05a0c1d33	hca:0420_10.1111_cas.15979_052ebae233	MONOCYTE	MACROPHAGE	MONOCYTE	MACROPHAGE	Different	0	3	3	1	5	0.2	ENSG00000170458	CD14	-0.5003157029630767	0.3774664802986703
7	8	biorxiv:d2042444-7138-1014-94ac-a1f590fd3173	biorxiv:e2efdcad-73c4-1014-9c6c-8a89f519fd2d	MONOCYTE	CDC2.1	MONOCYTE	CDC 2 1	Different	0	3	5	2	6	0.3333333333333333	ENSG00000143546;ENSG00000163220	S100A8;S100A9	0.0	0.5
7	9	biorxiv:d2042444-7138-1014-94ac-a1f590fd3173	biorxiv:e6e04172-6c15-1014-9229-c57ac33d21f6	MONOCYTE	MONOCYTE	MONOCYTE	MONOCYTE	Exact	1	3	4	2	5	0.4	ENSG00000143546;ENSG00000163220	S100A8;S100A9	0.0	0.5
7	10	biorxiv:d2042444-7138-1014-94ac-a1f590fd3173	biorxiv:ebaf49e5-7438-1014-8951-c3e925f71d14	MONOCYTE	DYSFUNCTIONAL CD14 MONOCYTE	MONOCYTE	DYSFUNCTIONAL CD 14 MONOCYTE	Partial	1	3	5	2	6	0.3333333333333333	ENSG00000143546;ENSG00000163220	S100A8;S100A9	0.0	0.5
7	11	biorxiv:d2042444-7138-1014-94ac-a1f590fd3173	biorxiv:f3be1d12-72db-1014-a9a0-ac8d78e3151e	MONOCYTE	MONOCYTE-DERIVED CELL	MONOCYTE	MONOCYTE DERIVED CELL	Partial	1	3	3	2	4	0.5	ENSG00000143546;ENSG00000163220	S100A8;S100A9	0.0	0.5
7	13	biorxiv:d2042444-7138-1014-94ac-a1f590fd3173	biorxiv:f787a6d9-6ce3-1014-a3f6-a662a1333571	MONOCYTE	MONOCYTES	MONOCYTE	MONOCYTES	Different	0	3	3	2	4	0.5	ENSG00000143546;ENSG00000163220	S100A8;S100A9	0.0	0.5
7	14	biorxiv:d2042444-7138-1014-94ac-a1f590fd3173	hca:0109_10.7554_elife.91792.1_056dda27be	MONOCYTE	INFLAMMATORY MONOCYTES	MONOCYTE	INFLAMMATORY MONOCYTES	Different	0	3	4	2	5	0.4	ENSG00000143546;ENSG00000163220	S100A8;S100A9	0.0	0.5
7	15	biorxiv:d2042444-7138-1014-94ac-a1f590fd3173	hca:0109_10.7554_elife.91792.1_056dda27be	MONOCYTE	MONOCYTES	MONOCYTE	MONOCYTES	Different	0	3	5	3	5	0.6	ENSG00000085265;ENSG00000143546;ENSG00000163220	FCN1;S100A8;S100A9	0.0	0.5
7	16	biorxiv:d2042444-7138-1014-94ac-a1f590fd3173	hca:0207_10.1016_j.immuni.2020.11.017_b182001861	MONOCYTE	MONOCYTE	MONOCYTE	MONOCYTE	Exact	1	3	3	1	5	0.2	ENSG00000143546	S100A8	0.0	0.5
7	17	biorxiv:d2042444-7138-1014-94ac-a1f590fd3173	hca:0284_10.1002_hep4.1854_fe09f5fe1e	MONOCYTE	INFLAMMATORY MACROPHAGES	MONOCYTE	INFLAMMATORY MACROPHAGES	Different	0	3	3	2	4	0.5	ENSG00000143546;ENSG00000163220	S100A8;S100A9	0.0	0.5
7	18	biorxiv:d2042444-7138-1014-94ac-a1f590fd3173	hca:0325_10.1016_j.celrep.2017.10.030_a9d12a5d7c	MONOCYTE	MACROPHAGES	MONOCYTE	MACROPHAGES	Different	0	3	5	2	6	0.3333333333333333	ENSG00000143546;ENSG00000163220	S100A8;S100A9	0.0	0.5
7	19	biorxiv:d2042444-7138-1014-94ac-a1f590fd3173	hca:0349_10.1038_s41467-023-36296-4_67ae3c1e19	MONOCYTE	MDSC	MONOCYTE	MDSC	Different	0	3	3	2	4	0.5	ENSG00000143546;ENSG00000163220	S100A8;S100A9	0.0	0.5
7	20	biorxiv:d2042444-7138-1014-94ac-a1f590fd3173	hca:0414_10.1186_s13059-020-02210-0_30c1533a3e	MONOCYTE	MONOCYTE	MONOCYTE	MONOCYTE	Exact	1	3	4	2	5	0.4	ENSG00000143546;ENSG00000163220	S100A8;S100A9	0.0	0.5
7	21	biorxiv:d2042444-7138-1014-94ac-a1f590fd3173	hca:0460_10.1016_j.cell.2021.08.003_652ffcecb6	MONOCYTE	MACROPHAGE	MONOCYTE	MACROPHAGE	Different	0	3	3	2	4	0.5	ENSG00000143546;ENSG00000163220	S100A8;S100A9	0.0	0.5
7	25	biorxiv:d2042444-7138-1014-94ac-a1f590fd3173	hca:0068_10.1093_ibd_izac201_351dddd961	MONOCYTE	MACROPHAGE	MONOCYTE	MACROPHAGE	Different	0	3	3	1	5	0.2	ENSG00000143546	S100A8	0.0	0.5
8	9	biorxiv:e2efdcad-73c4-1014-9c6c-8a89f519fd2d	biorxiv:e6e04172-6c15-1014-9229-c57ac33d21f6	CDC2.1	MONOCYTE	CDC 2 1	MONOCYTE	Different	0	5	4	3	6	0.5	ENSG00000143546;ENSG00000163220;ENSG00000170458	S100A8;S100A9;CD14	-0.5003157029630767	0.3774664802986703
8	10	biorxiv:e2efdcad-73c4-1014-9c6c-8a89f519fd2d	biorxiv:ebaf49e5-7438-1014-8951-c3e925f71d14	CDC2.1	DYSFUNCTIONAL CD14 MONOCYTE	CDC 2 1	DYSFUNCTIONAL CD 14 MONOCYTE	Different	0	5	5	2	8	0.25	ENSG00000143546;ENSG00000163220	S100A8;S100A9	0.0	0.5
8	11	biorxiv:e2efdcad-73c4-1014-9c6c-8a89f519fd2d	biorxiv:f3be1d12-72db-1014-a9a0-ac8d78e3151e	CDC2.1	MONOCYTE-DERIVED CELL	CDC 2 1	MONOCYTE DERIVED CELL	Different	0	5	3	3	5	0.6	ENSG00000038427;ENSG00000143546;ENSG00000163220	VCAN;S100A8;S100A9	0.0	0.5
8	12	biorxiv:e2efdcad-73c4-1014-9c6c-8a89f519fd2d	biorxiv:f3be1d12-72db-1014-a9a0-ac8d78e3151e	CDC2.1	MYELOID CELL	CDC 2 1	MYELOID CELL	Different	0	5	3	1	7	0.14285714285714285	ENSG00000170458	CD14	-0.5003157029630767	0.3774664802986703
8	13	biorxiv:e2efdcad-73c4-1014-9c6c-8a89f519fd2d	biorxiv:f787a6d9-6ce3-1014-a3f6-a662a1333571	CDC2.1	MONOCYTES	CDC 2 1	MONOCYTES	Different	0	5	3	3	5	0.6	ENSG00000143546;ENSG00000163220;ENSG00000170458	S100A8;S100A9;CD14	-0.5003157029630767	0.3774664802986703
8	14	biorxiv:e2efdcad-73c4-1014-9c6c-8a89f519fd2d	hca:0109_10.7554_elife.91792.1_056dda27be	CDC2.1	INFLAMMATORY MONOCYTES	CDC 2 1	INFLAMMATORY MONOCYTES	Different	0	5	4	3	6	0.5	ENSG00000143546;ENSG00000163220;ENSG00000170458	S100A8;S100A9;CD14	-0.5003157029630767	0.3774664802986703
8	15	biorxiv:e2efdcad-73c4-1014-9c6c-8a89f519fd2d	hca:0109_10.7554_elife.91792.1_056dda27be	CDC2.1	MONOCYTES	CDC 2 1	MONOCYTES	Different	0	5	5	3	7	0.42857142857142855	ENSG00000143546;ENSG00000163220;ENSG00000170458	S100A8;S100A9;CD14	-0.5003157029630767	0.3774664802986703
8	16	biorxiv:e2efdcad-73c4-1014-9c6c-8a89f519fd2d	hca:0207_10.1016_j.immuni.2020.11.017_b182001861	CDC2.1	MONOCYTE	CDC 2 1	MONOCYTE	Different	0	5	3	2	6	0.3333333333333333	ENSG00000143546;ENSG00000170458	S100A8;CD14	-0.5003157029630767	0.3774664802986703
8	17	biorxiv:e2efdcad-73c4-1014-9c6c-8a89f519fd2d	hca:0284_10.1002_hep4.1854_fe09f5fe1e	CDC2.1	INFLAMMATORY MACROPHAGES	CDC 2 1	INFLAMMATORY MACROPHAGES	Different	0	5	3	2	6	0.3333333333333333	ENSG00000143546;ENSG00000163220	S100A8;S100A9	0.0	0.5
8	18	biorxiv:e2efdcad-73c4-1014-9c6c-8a89f519fd2d	hca:0325_10.1016_j.celrep.2017.10.030_a9d12a5d7c	CDC2.1	MACROPHAGES	CDC 2 1	MACROPHAGES	Different	0	5	5	3	7	0.42857142857142855	ENSG00000143546;ENSG00000163220;ENSG00000170458	S100A8;S100A9;CD14	-0.5003157029630767	0.3774664802986703
8	19	biorxiv:e2efdcad-73c4-1014-9c6c-8a89f519fd2d	hca:0349_10.1038_s41467-023-36296-4_67ae3c1e19	CDC2.1	MDSC	CDC 2 1	MDSC	Different	0	5	3	2	6	0.3333333333333333	ENSG00000143546;ENSG00000163220	S100A8;S100A9	0.0	0.5
8	20	biorxiv:e2efdcad-73c4-1014-9c6c-8a89f519fd2d	hca:0414_10.1186_s13059-020-02210-0_30c1533a3e	CDC2.1	MONOCYTE	CDC 2 1	MONOCYTE	Different	0	5	4	3	6	0.5	ENSG00000038427;ENSG00000143546;ENSG00000163220	VCAN;S100A8;S100A9	0.0	0.5
8	21	biorxiv:e2efdcad-73c4-1014-9c6c-8a89f519fd2d	hca:0460_10.1016_j.cell.2021.08.003_652ffcecb6	CDC2.1	MACROPHAGE	CDC 2 1	MACROPHAGE	Different	0	5	3	2	6	0.3333333333333333	ENSG00000143546;ENSG00000163220	S100A8;S100A9	0.0	0.5
8	25	biorxiv:e2efdcad-73c4-1014-9c6c-8a89f519fd2d	hca:0068_10.1093_ibd_izac201_351dddd961	CDC2.1	MACROPHAGE	CDC 2 1	MACROPHAGE	Different	0	5	3	1	7	0.14285714285714285	ENSG00000143546	S100A8	0.0	0.5
8	27	biorxiv:e2efdcad-73c4-1014-9c6c-8a89f519fd2d	hca:0161_10.1681_asn.2020030326_bf5d42b566	CDC2.1	DONOR MACROPHAGE	CDC 2 1	DONOR MACROPHAGE	Different	0	5	6	1	10	0.1	ENSG00000170458	CD14	-0.5003157029630767	0.3774664802986703
8	33	biorxiv:e2efdcad-73c4-1014-9c6c-8a89f519fd2d	biorxiv:ab05f819-6c04-1014-81aa-9646e853264a	CDC2.1	MONOCYTE	CDC 2 1	MONOCYTE	Different	0	5	3	1	7	0.14285714285714285	ENSG00000170458	CD14	-0.5003157029630767	0.3774664802986703
8	34	biorxiv:e2efdcad-73c4-1014-9c6c-8a89f519fd2d	biorxiv:e3312584-7421-1014-b0a7-823d4471ccf1	CDC2.1	MACROPHAGE	CDC 2 1	MACROPHAGE	Different	0	5	3	1	7	0.14285714285714285	ENSG00000170458	CD14	-0.5003157029630767	0.3774664802986703
8	35	biorxiv:e2efdcad-73c4-1014-9c6c-8a89f519fd2d	hca:0060_10.3389_fcell.2022.872688_ac00c45d48	CDC2.1	MACROPHAGE	CDC 2 1	MACROPHAGE	Different	0	5	3	1	7	0.14285714285714285	ENSG00000170458	CD14	-0.5003157029630767	0.3774664802986703
8	37	biorxiv:e2efdcad-73c4-1014-9c6c-8a89f519fd2d	hca:0149_10.1038_s41368-023-00238-z_c77e60a0ab	CDC2.1	MONOCYTE CELL LINEAGE	CDC 2 1	MONOCYTE CELL LINEAGE	Different	0	5	3	1	7	0.14285714285714285	ENSG00000170458	CD14	-0.5003157029630767	0.3774664802986703
8	39	biorxiv:e2efdcad-73c4-1014-9c6c-8a89f519fd2d	hca:0184_10.1016_j.cell.2021.07.023_f621bea088	CDC2.1	MACROPHAGE	CDC 2 1	MACROPHAGE	Different	0	5	3	2	6	0.3333333333333333	ENSG00000038427;ENSG00000170458	VCAN;CD14	-0.5003157029630767	0.3774664802986703
8	40	biorxiv:e2efdcad-73c4-1014-9c6c-8a89f519fd2d	hca:0228_10.1128_mbio.02583-20_5085db2792	CDC2.1	MACROPHAGE	CDC 2 1	MACROPHAGE	Different	0	5	3	1	7	0.14285714285714285	ENSG00000170458	CD14	-0.5003157029630767	0.3774664802986703
8	41	biorxiv:e2efdcad-73c4-1014-9c6c-8a89f519fd2d	hca:0393_10.1038_s42255-022-00531-x_b92878970e	CDC2.1	MACROPHAGES	CDC 2 1	MACROPHAGES	Different	0	5	4	1	8	0.125	ENSG00000170458	CD14	-0.5003157029630767	0.3774664802986703
8	43	biorxiv:e2efdcad-73c4-1014-9c6c-8a89f519fd2d	hca:0420_10.1111_cas.15979_052ebae233	CDC2.1	MACROPHAGE	CDC 2 1	MACROPHAGE	Different	0	5	3	1	7	0.14285714285714285	ENSG00000170458	CD14	-0.5003157029630767	0.3774664802986703
9	10	biorxiv:e6e04172-6c15-1014-9229-c57ac33d21f6	biorxiv:ebaf49e5-7438-1014-8951-c3e925f71d14	MONOCYTE	DYSFUNCTIONAL CD14 MONOCYTE	MONOCYTE	DYSFUNCTIONAL CD 14 MONOCYTE	Partial	1	4	5	2	7	0.2857142857142857	ENSG00000143546;ENSG00000163220	S100A8;S100A9	0.0	0.5
9	11	biorxiv:e6e04172-6c15-1014-9229-c57ac33d21f6	biorxiv:f3be1d12-72db-1014-a9a0-ac8d78e3151e	MONOCYTE	MONOCYTE-DERIVED CELL	MONOCYTE	MONOCYTE DERIVED CELL	Partial	1	4	3	2	5	0.4	ENSG00000143546;ENSG00000163220	S100A8;S100A9	0.0	0.5
9	12	biorxiv:e6e04172-6c15-1014-9229-c57ac33d21f6	biorxiv:f3be1d12-72db-1014-a9a0-ac8d78e3151e	MONOCYTE	MYELOID CELL	MONOCYTE	MYELOID CELL	Different	0	4	3	2	5	0.4	ENSG00000090382;ENSG00000170458	LYZ;CD14	-0.7747649541974727	0.3154492535055493
9	13	biorxiv:e6e04172-6c15-1014-9229-c57ac33d21f6	biorxiv:f787a6d9-6ce3-1014-a3f6-a662a1333571	MONOCYTE	MONOCYTES	MONOCYTE	MONOCYTES	Different	0	4	3	3	4	0.75	ENSG00000143546;ENSG00000163220;ENSG00000170458	S100A8;S100A9;CD14	-0.5003157029630767	0.3774664802986703
9	14	biorxiv:e6e04172-6c15-1014-9229-c57ac33d21f6	hca:0109_10.7554_elife.91792.1_056dda27be	MONOCYTE	INFLAMMATORY MONOCYTES	MONOCYTE	INFLAMMATORY MONOCYTES	Different	0	4	4	3	5	0.6	ENSG00000143546;ENSG00000163220;ENSG00000170458	S100A8;S100A9;CD14	-0.5003157029630767	0.3774664802986703
9	15	biorxiv:e6e04172-6c15-1014-9229-c57ac33d21f6	hca:0109_10.7554_elife.91792.1_056dda27be	MONOCYTE	MONOCYTES	MONOCYTE	MONOCYTES	Different	0	4	5	3	6	0.5	ENSG00000143546;ENSG00000163220;ENSG00000170458	S100A8;S100A9;CD14	-0.5003157029630767	0.3774664802986703
9	16	biorxiv:e6e04172-6c15-1014-9229-c57ac33d21f6	hca:0207_10.1016_j.immuni.2020.11.017_b182001861	MONOCYTE	MONOCYTE	MONOCYTE	MONOCYTE	Exact	1	4	3	2	5	0.4	ENSG00000143546;ENSG00000170458	S100A8;CD14	-0.5003157029630767	0.3774664802986703
9	17	biorxiv:e6e04172-6c15-1014-9229-c57ac33d21f6	hca:0284_10.1002_hep4.1854_fe09f5fe1e	MONOCYTE	INFLAMMATORY MACROPHAGES	MONOCYTE	INFLAMMATORY MACROPHAGES	Different	0	4	3	3	4	0.75	ENSG00000090382;ENSG00000143546;ENSG00000163220	LYZ;S100A8;S100A9	-0.274449251234396	0.4318151381079454
9	18	biorxiv:e6e04172-6c15-1014-9229-c57ac33d21f6	hca:0325_10.1016_j.celrep.2017.10.030_a9d12a5d7c	MONOCYTE	MACROPHAGES	MONOCYTE	MACROPHAGES	Different	0	4	5	3	6	0.5	ENSG00000143546;ENSG00000163220;ENSG00000170458	S100A8;S100A9;CD14	-0.5003157029630767	0.3774664802986703
9	19	biorxiv:e6e04172-6c15-1014-9229-c57ac33d21f6	hca:0349_10.1038_s41467-023-36296-4_67ae3c1e19	MONOCYTE	MDSC	MONOCYTE	MDSC	Different	0	4	3	2	5	0.4	ENSG00000143546;ENSG00000163220	S100A8;S100A9	0.0	0.5
9	20	biorxiv:e6e04172-6c15-1014-9229-c57ac33d21f6	hca:0414_10.1186_s13059-020-02210-0_30c1533a3e	MONOCYTE	MONOCYTE	MONOCYTE	MONOCYTE	Exact	1	4	4	2	6	0.3333333333333333	ENSG00000143546;ENSG00000163220	S100A8;S100A9	0.0	0.5
9	21	biorxiv:e6e04172-6c15-1014-9229-c57ac33d21f6	hca:0460_10.1016_j.cell.2021.08.003_652ffcecb6	MONOCYTE	MACROPHAGE	MONOCYTE	MACROPHAGE	Different	0	4	3	2	5	0.4	ENSG00000143546;ENSG00000163220	S100A8;S100A9	0.0	0.5
9	25	biorxiv:e6e04172-6c15-1014-9229-c57ac33d21f6	hca:0068_10.1093_ibd_izac201_351dddd961	MONOCYTE	MACROPHAGE	MONOCYTE	MACROPHAGE	Different	0	4	3	1	6	0.16666666666666666	ENSG00000143546	S100A8	0.0	0.5
9	27	biorxiv:e6e04172-6c15-1014-9229-c57ac33d21f6	hca:0161_10.1681_asn.2020030326_bf5d42b566	MONOCYTE	DONOR MACROPHAGE	MONOCYTE	DONOR MACROPHAGE	Different	0	4	6	1	9	0.1111111111111111	ENSG00000170458	CD14	-0.5003157029630767	0.3774664802986703
9	33	biorxiv:e6e04172-6c15-1014-9229-c57ac33d21f6	biorxiv:ab05f819-6c04-1014-81aa-9646e853264a	MONOCYTE	MONOCYTE	MONOCYTE	MONOCYTE	Exact	1	4	3	1	6	0.16666666666666666	ENSG00000170458	CD14	-0.5003157029630767	0.3774664802986703
9	34	biorxiv:e6e04172-6c15-1014-9229-c57ac33d21f6	biorxiv:e3312584-7421-1014-b0a7-823d4471ccf1	MONOCYTE	MACROPHAGE	MONOCYTE	MACROPHAGE	Different	0	4	3	1	6	0.16666666666666666	ENSG00000170458	CD14	-0.5003157029630767	0.3774664802986703
9	35	biorxiv:e6e04172-6c15-1014-9229-c57ac33d21f6	hca:0060_10.3389_fcell.2022.872688_ac00c45d48	MONOCYTE	MACROPHAGE	MONOCYTE	MACROPHAGE	Different	0	4	3	1	6	0.16666666666666666	ENSG00000170458	CD14	-0.5003157029630767	0.3774664802986703
9	37	biorxiv:e6e04172-6c15-1014-9229-c57ac33d21f6	hca:0149_10.1038_s41368-023-00238-z_c77e60a0ab	MONOCYTE	MONOCYTE CELL LINEAGE	MONOCYTE	MONOCYTE CELL LINEAGE	Partial	1	4	3	1	6	0.16666666666666666	ENSG00000170458	CD14	-0.5003157029630767	0.3774664802986703
9	39	biorxiv:e6e04172-6c15-1014-9229-c57ac33d21f6	hca:0184_10.1016_j.cell.2021.07.023_f621bea088	MONOCYTE	MACROPHAGE	MONOCYTE	MACROPHAGE	Different	0	4	3	1	6	0.16666666666666666	ENSG00000170458	CD14	-0.5003157029630767	0.3774664802986703
9	40	biorxiv:e6e04172-6c15-1014-9229-c57ac33d21f6	hca:0228_10.1128_mbio.02583-20_5085db2792	MONOCYTE	MACROPHAGE	MONOCYTE	MACROPHAGE	Different	0	4	3	1	6	0.16666666666666666	ENSG00000170458	CD14	-0.5003157029630767	0.3774664802986703
9	41	biorxiv:e6e04172-6c15-1014-9229-c57ac33d21f6	hca:0393_10.1038_s42255-022-00531-x_b92878970e	MONOCYTE	MACROPHAGES	MONOCYTE	MACROPHAGES	Different	0	4	4	1	7	0.14285714285714285	ENSG00000170458	CD14	-0.5003157029630767	0.3774664802986703
9	42	biorxiv:e6e04172-6c15-1014-9229-c57ac33d21f6	hca:0418_10.1038_s42003-020-0922-4_8904851286	MONOCYTE	MACROPHAGES AND DENDRITIC CELLS	MONOCYTE	MACROPHAGES AND DENDRITIC CELLS	Different	0	4	5	1	8	0.125	ENSG00000090382	LYZ	-0.274449251234396	0.4318151381079454
9	43	biorxiv:e6e04172-6c15-1014-9229-c57ac33d21f6	hca:0420_10.1111_cas.15979_052ebae233	MONOCYTE	MACROPHAGE	MONOCYTE	MACROPHAGE	Different	0	4	3	1	6	0.16666666666666666	ENSG00000170458	CD14	-0.5003157029630767	0.3774664802986703
10	11	biorxiv:ebaf49e5-7438-1014-8951-c3e925f71d14	biorxiv:f3be1d12-72db-1014-a9a0-ac8d78e3151e	DYSFUNCTIONAL CD14 MONOCYTE	MONOCYTE-DERIVED CELL	DYSFUNCTIONAL CD 14 MONOCYTE	MONOCYTE DERIVED CELL	Partial	1	5	3	2	6	0.3333333333333333	ENSG00000143546;ENSG00000163220	S100A8;S100A9	0.0	0.5
10	13	biorxiv:ebaf49e5-7438-1014-8951-c3e925f71d14	biorxiv:f787a6d9-6ce3-1014-a3f6-a662a1333571	DYSFUNCTIONAL CD14 MONOCYTE	MONOCYTES	DYSFUNCTIONAL CD 14 MONOCYTE	MONOCYTES	Different	0	5	3	2	6	0.3333333333333333	ENSG00000143546;ENSG00000163220	S100A8;S100A9	0.0	0.5
10	14	biorxiv:ebaf49e5-7438-1014-8951-c3e925f71d14	hca:0109_10.7554_elife.91792.1_056dda27be	DYSFUNCTIONAL CD14 MONOCYTE	INFLAMMATORY MONOCYTES	DYSFUNCTIONAL CD 14 MONOCYTE	INFLAMMATORY MONOCYTES	Different	0	5	4	2	7	0.2857142857142857	ENSG00000143546;ENSG00000163220	S100A8;S100A9	0.0	0.5
10	15	biorxiv:ebaf49e5-7438-1014-8951-c3e925f71d14	hca:0109_10.7554_elife.91792.1_056dda27be	DYSFUNCTIONAL CD14 MONOCYTE	MONOCYTES	DYSFUNCTIONAL CD 14 MONOCYTE	MONOCYTES	Different	0	5	5	2	8	0.25	ENSG00000143546;ENSG00000163220	S100A8;S100A9	0.0	0.5
10	16	biorxiv:ebaf49e5-7438-1014-8951-c3e925f71d14	hca:0207_10.1016_j.immuni.2020.11.017_b182001861	DYSFUNCTIONAL CD14 MONOCYTE	MONOCYTE	DYSFUNCTIONAL CD 14 MONOCYTE	MONOCYTE	Partial	1	5	3	1	7	0.14285714285714285	ENSG00000143546	S100A8	0.0	0.5
10	17	biorxiv:ebaf49e5-7438-1014-8951-c3e925f71d14	hca:0284_10.1002_hep4.1854_fe09f5fe1e	DYSFUNCTIONAL CD14 MONOCYTE	INFLAMMATORY MACROPHAGES	DYSFUNCTIONAL CD 14 MONOCYTE	INFLAMMATORY MACROPHAGES	Different	0	5	3	2	6	0.3333333333333333	ENSG00000143546;ENSG00000163220	S100A8;S100A9	0.0	0.5
10	18	biorxiv:ebaf49e5-7438-1014-8951-c3e925f71d14	hca:0325_10.1016_j.celrep.2017.10.030_a9d12a5d7c	DYSFUNCTIONAL CD14 MONOCYTE	MACROPHAGES	DYSFUNCTIONAL CD 14 MONOCYTE	MACROPHAGES	Different	0	5	5	2	8	0.25	ENSG00000143546;ENSG00000163220	S100A8;S100A9	0.0	0.5
10	19	biorxiv:ebaf49e5-7438-1014-8951-c3e925f71d14	hca:0349_10.1038_s41467-023-36296-4_67ae3c1e19	DYSFUNCTIONAL CD14 MONOCYTE	MDSC	DYSFUNCTIONAL CD 14 MONOCYTE	MDSC	Different	0	5	3	3	5	0.6	ENSG00000143546;ENSG00000163220;ENSG00000163221	S100A8;S100A9;S100A12	0.0	0.5
10	20	biorxiv:ebaf49e5-7438-1014-8951-c3e925f71d14	hca:0414_10.1186_s13059-020-02210-0_30c1533a3e	DYSFUNCTIONAL CD14 MONOCYTE	MONOCYTE	DYSFUNCTIONAL CD 14 MONOCYTE	MONOCYTE	Partial	1	5	4	3	6	0.5	ENSG00000143546;ENSG00000163220;ENSG00000163221	S100A8;S100A9;S100A12	0.0	0.5
10	21	biorxiv:ebaf49e5-7438-1014-8951-c3e925f71d14	hca:0460_10.1016_j.cell.2021.08.003_652ffcecb6	DYSFUNCTIONAL CD14 MONOCYTE	MACROPHAGE	DYSFUNCTIONAL CD 14 MONOCYTE	MACROPHAGE	Different	0	5	3	3	5	0.6	ENSG00000143546;ENSG00000163220;ENSG00000163221	S100A8;S100A9;S100A12	0.0	0.5
10	25	biorxiv:ebaf49e5-7438-1014-8951-c3e925f71d14	hca:0068_10.1093_ibd_izac201_351dddd961	DYSFUNCTIONAL CD14 MONOCYTE	MACROPHAGE	DYSFUNCTIONAL CD 14 MONOCYTE	MACROPHAGE	Different	0	5	3	1	7	0.14285714285714285	ENSG00000143546	S100A8	0.0	0.5
11	13	biorxiv:f3be1d12-72db-1014-a9a0-ac8d78e3151e	biorxiv:f787a6d9-6ce3-1014-a3f6-a662a1333571	MONOCYTE-DERIVED CELL	MONOCYTES	MONOCYTE DERIVED CELL	MONOCYTES	Different	0	3	3	2	4	0.5	ENSG00000143546;ENSG00000163220	S100A8;S100A9	0.0	0.5
11	14	biorxiv:f3be1d12-72db-1014-a9a0-ac8d78e3151e	hca:0109_10.7554_elife.91792.1_056dda27be	MONOCYTE-DERIVED CELL	INFLAMMATORY MONOCYTES	MONOCYTE DERIVED CELL	INFLAMMATORY MONOCYTES	Different	0	3	4	2	5	0.4	ENSG00000143546;ENSG00000163220	S100A8;S100A9	0.0	0.5
11	15	biorxiv:f3be1d12-72db-1014-a9a0-ac8d78e3151e	hca:0109_10.7554_elife.91792.1_056dda27be	MONOCYTE-DERIVED CELL	MONOCYTES	MONOCYTE DERIVED CELL	MONOCYTES	Different	0	3	5	2	6	0.3333333333333333	ENSG00000143546;ENSG00000163220	S100A8;S100A9	0.0	0.5
11	16	biorxiv:f3be1d12-72db-1014-a9a0-ac8d78e3151e	hca:0207_10.1016_j.immuni.2020.11.017_b182001861	MONOCYTE-DERIVED CELL	MONOCYTE	MONOCYTE DERIVED CELL	MONOCYTE	Partial	1	3	3	1	5	0.2	ENSG00000143546	S100A8	0.0	0.5
11	17	biorxiv:f3be1d12-72db-1014-a9a0-ac8d78e3151e	hca:0284_10.1002_hep4.1854_fe09f5fe1e	MONOCYTE-DERIVED CELL	INFLAMMATORY MACROPHAGES	MONOCYTE DERIVED CELL	INFLAMMATORY MACROPHAGES	Different	0	3	3	2	4	0.5	ENSG00000143546;ENSG00000163220	S100A8;S100A9	0.0	0.5
11	18	biorxiv:f3be1d12-72db-1014-a9a0-ac8d78e3151e	hca:0325_10.1016_j.celrep.2017.10.030_a9d12a5d7c	MONOCYTE-DERIVED CELL	MACROPHAGES	MONOCYTE DERIVED CELL	MACROPHAGES	Different	0	3	5	2	6	0.3333333333333333	ENSG00000143546;ENSG00000163220	S100A8;S100A9	0.0	0.5
11	19	biorxiv:f3be1d12-72db-1014-a9a0-ac8d78e3151e	hca:0349_10.1038_s41467-023-36296-4_67ae3c1e19	MONOCYTE-DERIVED CELL	MDSC	MONOCYTE DERIVED CELL	MDSC	Different	0	3	3	2	4	0.5	ENSG00000143546;ENSG00000163220	S100A8;S100A9	0.0	0.5
11	20	biorxiv:f3be1d12-72db-1014-a9a0-ac8d78e3151e	hca:0414_10.1186_s13059-020-02210-0_30c1533a3e	MONOCYTE-DERIVED CELL	MONOCYTE	MONOCYTE DERIVED CELL	MONOCYTE	Partial	1	3	4	3	4	0.75	ENSG00000038427;ENSG00000143546;ENSG00000163220	VCAN;S100A8;S100A9	0.0	0.5
11	21	biorxiv:f3be1d12-72db-1014-a9a0-ac8d78e3151e	hca:0460_10.1016_j.cell.2021.08.003_652ffcecb6	MONOCYTE-DERIVED CELL	MACROPHAGE	MONOCYTE DERIVED CELL	MACROPHAGE	Different	0	3	3	2	4	0.5	ENSG00000143546;ENSG00000163220	S100A8;S100A9	0.0	0.5
11	25	biorxiv:f3be1d12-72db-1014-a9a0-ac8d78e3151e	hca:0068_10.1093_ibd_izac201_351dddd961	MONOCYTE-DERIVED CELL	MACROPHAGE	MONOCYTE DERIVED CELL	MACROPHAGE	Different	0	3	3	1	5	0.2	ENSG00000143546	S100A8	0.0	0.5
11	39	biorxiv:f3be1d12-72db-1014-a9a0-ac8d78e3151e	hca:0184_10.1016_j.cell.2021.07.023_f621bea088	MONOCYTE-DERIVED CELL	MACROPHAGE	MONOCYTE DERIVED CELL	MACROPHAGE	Different	0	3	3	1	5	0.2	ENSG00000038427	VCAN	0.0	0.5
12	13	biorxiv:f3be1d12-72db-1014-a9a0-ac8d78e3151e	biorxiv:f787a6d9-6ce3-1014-a3f6-a662a1333571	MYELOID CELL	MONOCYTES	MYELOID CELL	MONOCYTES	Different	0	3	3	1	5	0.2	ENSG00000170458	CD14	-0.5003157029630767	0.3774664802986703
12	14	biorxiv:f3be1d12-72db-1014-a9a0-ac8d78e3151e	hca:0109_10.7554_elife.91792.1_056dda27be	MYELOID CELL	INFLAMMATORY MONOCYTES	MYELOID CELL	INFLAMMATORY MONOCYTES	Different	0	3	4	1	6	0.16666666666666666	ENSG00000170458	CD14	-0.5003157029630767	0.3774664802986703
12	15	biorxiv:f3be1d12-72db-1014-a9a0-ac8d78e3151e	hca:0109_10.7554_elife.91792.1_056dda27be	MYELOID CELL	MONOCYTES	MYELOID CELL	MONOCYTES	Different	0	3	5	1	7	0.14285714285714285	ENSG00000170458	CD14	-0.5003157029630767	0.3774664802986703
12	16	biorxiv:f3be1d12-72db-1014-a9a0-ac8d78e3151e	hca:0207_10.1016_j.immuni.2020.11.017_b182001861	MYELOID CELL	MONOCYTE	MYELOID CELL	MONOCYTE	Different	0	3	3	2	4	0.5	ENSG00000169896;ENSG00000170458	ITGAM;CD14	-0.5003157029630767	0.3774664802986703
12	17	biorxiv:f3be1d12-72db-1014-a9a0-ac8d78e3151e	hca:0284_10.1002_hep4.1854_fe09f5fe1e	MYELOID CELL	INFLAMMATORY MACROPHAGES	MYELOID CELL	INFLAMMATORY MACROPHAGES	Different	0	3	3	1	5	0.2	ENSG00000090382	LYZ	-0.274449251234396	0.4318151381079454
12	18	biorxiv:f3be1d12-72db-1014-a9a0-ac8d78e3151e	hca:0325_10.1016_j.celrep.2017.10.030_a9d12a5d7c	MYELOID CELL	MACROPHAGES	MYELOID CELL	MACROPHAGES	Different	0	3	5	1	7	0.14285714285714285	ENSG00000170458	CD14	-0.5003157029630767	0.3774664802986703
12	27	biorxiv:f3be1d12-72db-1014-a9a0-ac8d78e3151e	hca:0161_10.1681_asn.2020030326_bf5d42b566	MYELOID CELL	DONOR MACROPHAGE	MYELOID CELL	DONOR MACROPHAGE	Different	0	3	6	1	8	0.125	ENSG00000170458	CD14	-0.5003157029630767	0.3774664802986703
12	33	biorxiv:f3be1d12-72db-1014-a9a0-ac8d78e3151e	biorxiv:ab05f819-6c04-1014-81aa-9646e853264a	MYELOID CELL	MONOCYTE	MYELOID CELL	MONOCYTE	Different	0	3	3	1	5	0.2	ENSG00000170458	CD14	-0.5003157029630767	0.3774664802986703
12	34	biorxiv:f3be1d12-72db-1014-a9a0-ac8d78e3151e	biorxiv:e3312584-7421-1014-b0a7-823d4471ccf1	MYELOID CELL	MACROPHAGE	MYELOID CELL	MACROPHAGE	Different	0	3	3	1	5	0.2	ENSG00000170458	CD14	-0.5003157029630767	0.3774664802986703
12	35	biorxiv:f3be1d12-72db-1014-a9a0-ac8d78e3151e	hca:0060_10.3389_fcell.2022.872688_ac00c45d48	MYELOID CELL	MACROPHAGE	MYELOID CELL	MACROPHAGE	Different	0	3	3	1	5	0.2	ENSG00000170458	CD14	-0.5003157029630767	0.3774664802986703
12	37	biorxiv:f3be1d12-72db-1014-a9a0-ac8d78e3151e	hca:0149_10.1038_s41368-023-00238-z_c77e60a0ab	MYELOID CELL	MONOCYTE CELL LINEAGE	MYELOID CELL	MONOCYTE CELL LINEAGE	Different	0	3	3	1	5	0.2	ENSG00000170458	CD14	-0.5003157029630767	0.3774664802986703
12	39	biorxiv:f3be1d12-72db-1014-a9a0-ac8d78e3151e	hca:0184_10.1016_j.cell.2021.07.023_f621bea088	MYELOID CELL	MACROPHAGE	MYELOID CELL	MACROPHAGE	Different	0	3	3	1	5	0.2	ENSG00000170458	CD14	-0.5003157029630767	0.3774664802986703
12	40	biorxiv:f3be1d12-72db-1014-a9a0-ac8d78e3151e	hca:0228_10.1128_mbio.02583-20_5085db2792	MYELOID CELL	MACROPHAGE	MYELOID CELL	MACROPHAGE	Different	0	3	3	1	5	0.2	ENSG00000170458	CD14	-0.5003157029630767	0.3774664802986703
12	41	biorxiv:f3be1d12-72db-1014-a9a0-ac8d78e3151e	hca:0393_10.1038_s42255-022-00531-x_b92878970e	MYELOID CELL	MACROPHAGES	MYELOID CELL	MACROPHAGES	Different	0	3	4	1	6	0.16666666666666666	ENSG00000170458	CD14	-0.5003157029630767	0.3774664802986703
12	42	biorxiv:f3be1d12-72db-1014-a9a0-ac8d78e3151e	hca:0418_10.1038_s42003-020-0922-4_8904851286	MYELOID CELL	MACROPHAGES AND DENDRITIC CELLS	MYELOID CELL	MACROPHAGES AND DENDRITIC CELLS	Different	0	3	5	1	7	0.14285714285714285	ENSG00000090382	LYZ	-0.274449251234396	0.4318151381079454
12	43	biorxiv:f3be1d12-72db-1014-a9a0-ac8d78e3151e	hca:0420_10.1111_cas.15979_052ebae233	MYELOID CELL	MACROPHAGE	MYELOID CELL	MACROPHAGE	Different	0	3	3	1	5	0.2	ENSG00000170458	CD14	-0.5003157029630767	0.3774664802986703
13	14	biorxiv:f787a6d9-6ce3-1014-a3f6-a662a1333571	hca:0109_10.7554_elife.91792.1_056dda27be	MONOCYTES	INFLAMMATORY MONOCYTES	MONOCYTES	INFLAMMATORY MONOCYTES	Partial	1	3	4	3	4	0.75	ENSG00000143546;ENSG00000163220;ENSG00000170458	S100A8;S100A9;CD14	-0.5003157029630767	0.3774664802986703
13	15	biorxiv:f787a6d9-6ce3-1014-a3f6-a662a1333571	hca:0109_10.7554_elife.91792.1_056dda27be	MONOCYTES	MONOCYTES	MONOCYTES	MONOCYTES	Exact	1	3	5	3	5	0.6	ENSG00000143546;ENSG00000163220;ENSG00000170458	S100A8;S100A9;CD14	-0.5003157029630767	0.3774664802986703
13	16	biorxiv:f787a6d9-6ce3-1014-a3f6-a662a1333571	hca:0207_10.1016_j.immuni.2020.11.017_b182001861	MONOCYTES	MONOCYTE	MONOCYTES	MONOCYTE	Different	0	3	3	2	4	0.5	ENSG00000143546;ENSG00000170458	S100A8;CD14	-0.5003157029630767	0.3774664802986703
13	17	biorxiv:f787a6d9-6ce3-1014-a3f6-a662a1333571	hca:0284_10.1002_hep4.1854_fe09f5fe1e	MONOCYTES	INFLAMMATORY MACROPHAGES	MONOCYTES	INFLAMMATORY MACROPHAGES	Different	0	3	3	2	4	0.5	ENSG00000143546;ENSG00000163220	S100A8;S100A9	0.0	0.5
13	18	biorxiv:f787a6d9-6ce3-1014-a3f6-a662a1333571	hca:0325_10.1016_j.celrep.2017.10.030_a9d12a5d7c	MONOCYTES	MACROPHAGES	MONOCYTES	MACROPHAGES	Different	0	3	5	3	5	0.6	ENSG00000143546;ENSG00000163220;ENSG00000170458	S100A8;S100A9;CD14	-0.5003157029630767	0.3774664802986703
13	19	biorxiv:f787a6d9-6ce3-1014-a3f6-a662a1333571	hca:0349_10.1038_s41467-023-36296-4_67ae3c1e19	MONOCYTES	MDSC	MONOCYTES	MDSC	Different	0	3	3	2	4	0.5	ENSG00000143546;ENSG00000163220	S100A8;S100A9	0.0	0.5
13	20	biorxiv:f787a6d9-6ce3-1014-a3f6-a662a1333571	hca:0414_10.1186_s13059-020-02210-0_30c1533a3e	MONOCYTES	MONOCYTE	MONOCYTES	MONOCYTE	Different	0	3	4	2	5	0.4	ENSG00000143546;ENSG00000163220	S100A8;S100A9	0.0	0.5
13	21	biorxiv:f787a6d9-6ce3-1014-a3f6-a662a1333571	hca:0460_10.1016_j.cell.2021.08.003_652ffcecb6	MONOCYTES	MACROPHAGE	MONOCYTES	MACROPHAGE	Different	0	3	3	2	4	0.5	ENSG00000143546;ENSG00000163220	S100A8;S100A9	0.0	0.5
13	25	biorxiv:f787a6d9-6ce3-1014-a3f6-a662a1333571	hca:0068_10.1093_ibd_izac201_351dddd961	MONOCYTES	MACROPHAGE	MONOCYTES	MACROPHAGE	Different	0	3	3	1	5	0.2	ENSG00000143546	S100A8	0.0	0.5
13	27	biorxiv:f787a6d9-6ce3-1014-a3f6-a662a1333571	hca:0161_10.1681_asn.2020030326_bf5d42b566	MONOCYTES	DONOR MACROPHAGE	MONOCYTES	DONOR MACROPHAGE	Different	0	3	6	1	8	0.125	ENSG00000170458	CD14	-0.5003157029630767	0.3774664802986703
13	33	biorxiv:f787a6d9-6ce3-1014-a3f6-a662a1333571	biorxiv:ab05f819-6c04-1014-81aa-9646e853264a	MONOCYTES	MONOCYTE	MONOCYTES	MONOCYTE	Different	0	3	3	1	5	0.2	ENSG00000170458	CD14	-0.5003157029630767	0.3774664802986703
13	34	biorxiv:f787a6d9-6ce3-1014-a3f6-a662a1333571	biorxiv:e3312584-7421-1014-b0a7-823d4471ccf1	MONOCYTES	MACROPHAGE	MONOCYTES	MACROPHAGE	Different	0	3	3	1	5	0.2	ENSG00000170458	CD14	-0.5003157029630767	0.3774664802986703
13	35	biorxiv:f787a6d9-6ce3-1014-a3f6-a662a1333571	hca:0060_10.3389_fcell.2022.872688_ac00c45d48	MONOCYTES	MACROPHAGE	MONOCYTES	MACROPHAGE	Different	0	3	3	1	5	0.2	ENSG00000170458	CD14	-0.5003157029630767	0.3774664802986703
13	37	biorxiv:f787a6d9-6ce3-1014-a3f6-a662a1333571	hca:0149_10.1038_s41368-023-00238-z_c77e60a0ab	MONOCYTES	MONOCYTE CELL LINEAGE	MONOCYTES	MONOCYTE CELL LINEAGE	Different	0	3	3	1	5	0.2	ENSG00000170458	CD14	-0.5003157029630767	0.3774664802986703
13	39	biorxiv:f787a6d9-6ce3-1014-a3f6-a662a1333571	hca:0184_10.1016_j.cell.2021.07.023_f621bea088	MONOCYTES	MACROPHAGE	MONOCYTES	MACROPHAGE	Different	0	3	3	1	5	0.2	ENSG00000170458	CD14	-0.5003157029630767	0.3774664802986703
13	40	biorxiv:f787a6d9-6ce3-1014-a3f6-a662a1333571	hca:0228_10.1128_mbio.02583-20_5085db2792	MONOCYTES	MACROPHAGE	MONOCYTES	MACROPHAGE	Different	0	3	3	1	5	0.2	ENSG00000170458	CD14	-0.5003157029630767	0.3774664802986703
13	41	biorxiv:f787a6d9-6ce3-1014-a3f6-a662a1333571	hca:0393_10.1038_s42255-022-00531-x_b92878970e	MONOCYTES	MACROPHAGES	MONOCYTES	MACROPHAGES	Different	0	3	4	1	6	0.16666666666666666	ENSG00000170458	CD14	-0.5003157029630767	0.3774664802986703
13	43	biorxiv:f787a6d9-6ce3-1014-a3f6-a662a1333571	hca:0420_10.1111_cas.15979_052ebae233	MONOCYTES	MACROPHAGE	MONOCYTES	MACROPHAGE	Different	0	3	3	1	5	0.2	ENSG00000170458	CD14	-0.5003157029630767	0.3774664802986703
14	16	hca:0109_10.7554_elife.91792.1_056dda27be	hca:0207_10.1016_j.immuni.2020.11.017_b182001861	INFLAMMATORY MONOCYTES	MONOCYTE	INFLAMMATORY MONOCYTES	MONOCYTE	Different	0	4	3	2	5	0.4	ENSG00000143546;ENSG00000170458	S100A8;CD14	-0.5003157029630767	0.3774664802986703
14	17	hca:0109_10.7554_elife.91792.1_056dda27be	hca:0284_10.1002_hep4.1854_fe09f5fe1e	INFLAMMATORY MONOCYTES	INFLAMMATORY MACROPHAGES	INFLAMMATORY MONOCYTES	INFLAMMATORY MACROPHAGES	Partial	1	4	3	2	5	0.4	ENSG00000143546;ENSG00000163220	S100A8;S100A9	0.0	0.5
14	18	hca:0109_10.7554_elife.91792.1_056dda27be	hca:0325_10.1016_j.celrep.2017.10.030_a9d12a5d7c	INFLAMMATORY MONOCYTES	MACROPHAGES	INFLAMMATORY MONOCYTES	MACROPHAGES	Different	0	4	5	3	6	0.5	ENSG00000143546;ENSG00000163220;ENSG00000170458	S100A8;S100A9;CD14	-0.5003157029630767	0.3774664802986703
14	19	hca:0109_10.7554_elife.91792.1_056dda27be	hca:0349_10.1038_s41467-023-36296-4_67ae3c1e19	INFLAMMATORY MONOCYTES	MDSC	INFLAMMATORY MONOCYTES	MDSC	Different	0	4	3	2	5	0.4	ENSG00000143546;ENSG00000163220	S100A8;S100A9	0.0	0.5
14	20	hca:0109_10.7554_elife.91792.1_056dda27be	hca:0414_10.1186_s13059-020-02210-0_30c1533a3e	INFLAMMATORY MONOCYTES	MONOCYTE	INFLAMMATORY MONOCYTES	MONOCYTE	Different	0	4	4	2	6	0.3333333333333333	ENSG00000143546;ENSG00000163220	S100A8;S100A9	0.0	0.5
14	21	hca:0109_10.7554_elife.91792.1_056dda27be	hca:0460_10.1016_j.cell.2021.08.003_652ffcecb6	INFLAMMATORY MONOCYTES	MACROPHAGE	INFLAMMATORY MONOCYTES	MACROPHAGE	Different	0	4	3	2	5	0.4	ENSG00000143546;ENSG00000163220	S100A8;S100A9	0.0	0.5
14	25	hca:0109_10.7554_elife.91792.1_056dda27be	hca:0068_10.1093_ibd_izac201_351dddd961	INFLAMMATORY MONOCYTES	MACROPHAGE	INFLAMMATORY MONOCYTES	MACROPHAGE	Different	0	4	3	1	6	0.16666666666666666	ENSG00000143546	S100A8	0.0	0.5
14	27	hca:0109_10.7554_elife.91792.1_056dda27be	hca:0161_10.1681_asn.2020030326_bf5d42b566	INFLAMMATORY MONOCYTES	DONOR MACROPHAGE	INFLAMMATORY MONOCYTES	DONOR MACROPHAGE	Different	0	4	6	1	9	0.1111111111111111	ENSG00000170458	CD14	-0.5003157029630767	0.3774664802986703
14	33	hca:0109_10.7554_elife.91792.1_056dda27be	biorxiv:ab05f819-6c04-1014-81aa-9646e853264a	INFLAMMATORY MONOCYTES	MONOCYTE	INFLAMMATORY MONOCYTES	MONOCYTE	Different	0	4	3	1	6	0.16666666666666666	ENSG00000170458	CD14	-0.5003157029630767	0.3774664802986703
14	34	hca:0109_10.7554_elife.91792.1_056dda27be	biorxiv:e3312584-7421-1014-b0a7-823d4471ccf1	INFLAMMATORY MONOCYTES	MACROPHAGE	INFLAMMATORY MONOCYTES	MACROPHAGE	Different	0	4	3	2	5	0.4	ENSG00000170458;ENSG00000203747	CD14;FCGR3A	-0.5003157029630767	0.3774664802986703
14	35	hca:0109_10.7554_elife.91792.1_056dda27be	hca:0060_10.3389_fcell.2022.872688_ac00c45d48	INFLAMMATORY MONOCYTES	MACROPHAGE	INFLAMMATORY MONOCYTES	MACROPHAGE	Different	0	4	3	1	6	0.16666666666666666	ENSG00000170458	CD14	-0.5003157029630767	0.3774664802986703
14	37	hca:0109_10.7554_elife.91792.1_056dda27be	hca:0149_10.1038_s41368-023-00238-z_c77e60a0ab	INFLAMMATORY MONOCYTES	MONOCYTE CELL LINEAGE	INFLAMMATORY MONOCYTES	MONOCYTE CELL LINEAGE	Different	0	4	3	1	6	0.16666666666666666	ENSG00000170458	CD14	-0.5003157029630767	0.3774664802986703
14	39	hca:0109_10.7554_elife.91792.1_056dda27be	hca:0184_10.1016_j.cell.2021.07.023_f621bea088	INFLAMMATORY MONOCYTES	MACROPHAGE	INFLAMMATORY MONOCYTES	MACROPHAGE	Different	0	4	3	2	5	0.4	ENSG00000170458;ENSG00000203747	CD14;FCGR3A	-0.5003157029630767	0.3774664802986703
14	40	hca:0109_10.7554_elife.91792.1_056dda27be	hca:0228_10.1128_mbio.02583-20_5085db2792	INFLAMMATORY MONOCYTES	MACROPHAGE	INFLAMMATORY MONOCYTES	MACROPHAGE	Different	0	4	3	1	6	0.16666666666666666	ENSG00000170458	CD14	-0.5003157029630767	0.3774664802986703
14	41	hca:0109_10.7554_elife.91792.1_056dda27be	hca:0393_10.1038_s42255-022-00531-x_b92878970e	INFLAMMATORY MONOCYTES	MACROPHAGES	INFLAMMATORY MONOCYTES	MACROPHAGES	Different	0	4	4	2	6	0.3333333333333333	ENSG00000170458;ENSG00000203747	CD14;FCGR3A	-0.5003157029630767	0.3774664802986703
14	43	hca:0109_10.7554_elife.91792.1_056dda27be	hca:0420_10.1111_cas.15979_052ebae233	INFLAMMATORY MONOCYTES	MACROPHAGE	INFLAMMATORY MONOCYTES	MACROPHAGE	Different	0	4	3	2	5	0.4	ENSG00000170458;ENSG00000203747	CD14;FCGR3A	-0.5003157029630767	0.3774664802986703
15	16	hca:0109_10.7554_elife.91792.1_056dda27be	hca:0207_10.1016_j.immuni.2020.11.017_b182001861	MONOCYTES	MONOCYTE	MONOCYTES	MONOCYTE	Different	0	5	3	2	6	0.3333333333333333	ENSG00000143546;ENSG00000170458	S100A8;CD14	-0.5003157029630767	0.3774664802986703
15	17	hca:0109_10.7554_elife.91792.1_056dda27be	hca:0284_10.1002_hep4.1854_fe09f5fe1e	MONOCYTES	INFLAMMATORY MACROPHAGES	MONOCYTES	INFLAMMATORY MACROPHAGES	Different	0	5	3	2	6	0.3333333333333333	ENSG00000143546;ENSG00000163220	S100A8;S100A9	0.0	0.5
15	18	hca:0109_10.7554_elife.91792.1_056dda27be	hca:0325_10.1016_j.celrep.2017.10.030_a9d12a5d7c	MONOCYTES	MACROPHAGES	MONOCYTES	MACROPHAGES	Different	0	5	5	3	7	0.42857142857142855	ENSG00000143546;ENSG00000163220;ENSG00000170458	S100A8;S100A9;CD14	-0.5003157029630767	0.3774664802986703
15	19	hca:0109_10.7554_elife.91792.1_056dda27be	hca:0349_10.1038_s41467-023-36296-4_67ae3c1e19	MONOCYTES	MDSC	MONOCYTES	MDSC	Different	0	5	3	2	6	0.3333333333333333	ENSG00000143546;ENSG00000163220	S100A8;S100A9	0.0	0.5
15	20	hca:0109_10.7554_elife.91792.1_056dda27be	hca:0414_10.1186_s13059-020-02210-0_30c1533a3e	MONOCYTES	MONOCYTE	MONOCYTES	MONOCYTE	Different	0	5	4	2	7	0.2857142857142857	ENSG00000143546;ENSG00000163220	S100A8;S100A9	0.0	0.5
15	21	hca:0109_10.7554_elife.91792.1_056dda27be	hca:0460_10.1016_j.cell.2021.08.003_652ffcecb6	MONOCYTES	MACROPHAGE	MONOCYTES	MACROPHAGE	Different	0	5	3	2	6	0.3333333333333333	ENSG00000143546;ENSG00000163220	S100A8;S100A9	0.0	0.5
15	25	hca:0109_10.7554_elife.91792.1_056dda27be	hca:0068_10.1093_ibd_izac201_351dddd961	MONOCYTES	MACROPHAGE	MONOCYTES	MACROPHAGE	Different	0	5	3	1	7	0.14285714285714285	ENSG00000143546	S100A8	0.0	0.5
15	27	hca:0109_10.7554_elife.91792.1_056dda27be	hca:0161_10.1681_asn.2020030326_bf5d42b566	MONOCYTES	DONOR MACROPHAGE	MONOCYTES	DONOR MACROPHAGE	Different	0	5	6	1	10	0.1	ENSG00000170458	CD14	-0.5003157029630767	0.3774664802986703
15	33	hca:0109_10.7554_elife.91792.1_056dda27be	biorxiv:ab05f819-6c04-1014-81aa-9646e853264a	MONOCYTES	MONOCYTE	MONOCYTES	MONOCYTE	Different	0	5	3	1	7	0.14285714285714285	ENSG00000170458	CD14	-0.5003157029630767	0.3774664802986703
15	34	hca:0109_10.7554_elife.91792.1_056dda27be	biorxiv:e3312584-7421-1014-b0a7-823d4471ccf1	MONOCYTES	MACROPHAGE	MONOCYTES	MACROPHAGE	Different	0	5	3	2	6	0.3333333333333333	ENSG00000170458;ENSG00000203747	CD14;FCGR3A	-0.5003157029630767	0.3774664802986703
15	35	hca:0109_10.7554_elife.91792.1_056dda27be	hca:0060_10.3389_fcell.2022.872688_ac00c45d48	MONOCYTES	MACROPHAGE	MONOCYTES	MACROPHAGE	Different	0	5	3	1	7	0.14285714285714285	ENSG00000170458	CD14	-0.5003157029630767	0.3774664802986703
15	37	hca:0109_10.7554_elife.91792.1_056dda27be	hca:0149_10.1038_s41368-023-00238-z_c77e60a0ab	MONOCYTES	MONOCYTE CELL LINEAGE	MONOCYTES	MONOCYTE CELL LINEAGE	Different	0	5	3	1	7	0.14285714285714285	ENSG00000170458	CD14	-0.5003157029630767	0.3774664802986703
15	39	hca:0109_10.7554_elife.91792.1_056dda27be	hca:0184_10.1016_j.cell.2021.07.023_f621bea088	MONOCYTES	MACROPHAGE	MONOCYTES	MACROPHAGE	Different	0	5	3	2	6	0.3333333333333333	ENSG00000170458;ENSG00000203747	CD14;FCGR3A	-0.5003157029630767	0.3774664802986703
15	40	hca:0109_10.7554_elife.91792.1_056dda27be	hca:0228_10.1128_mbio.02583-20_5085db2792	MONOCYTES	MACROPHAGE	MONOCYTES	MACROPHAGE	Different	0	5	3	1	7	0.14285714285714285	ENSG00000170458	CD14	-0.5003157029630767	0.3774664802986703
15	41	hca:0109_10.7554_elife.91792.1_056dda27be	hca:0393_10.1038_s42255-022-00531-x_b92878970e	MONOCYTES	MACROPHAGES	MONOCYTES	MACROPHAGES	Different	0	5	4	2	7	0.2857142857142857	ENSG00000170458;ENSG00000203747	CD14;FCGR3A	-0.5003157029630767	0.3774664802986703
15	43	hca:0109_10.7554_elife.91792.1_056dda27be	hca:0420_10.1111_cas.15979_052ebae233	MONOCYTES	MACROPHAGE	MONOCYTES	MACROPHAGE	Different	0	5	3	2	6	0.3333333333333333	ENSG00000170458;ENSG00000203747	CD14;FCGR3A	-0.5003157029630767	0.3774664802986703
16	17	hca:0207_10.1016_j.immuni.2020.11.017_b182001861	hca:0284_10.1002_hep4.1854_fe09f5fe1e	MONOCYTE	INFLAMMATORY MACROPHAGES	MONOCYTE	INFLAMMATORY MACROPHAGES	Different	0	3	3	1	5	0.2	ENSG00000143546	S100A8	0.0	0.5
16	18	hca:0207_10.1016_j.immuni.2020.11.017_b182001861	hca:0325_10.1016_j.celrep.2017.10.030_a9d12a5d7c	MONOCYTE	MACROPHAGES	MONOCYTE	MACROPHAGES	Different	0	3	5	2	6	0.3333333333333333	ENSG00000143546;ENSG00000170458	S100A8;CD14	-0.5003157029630767	0.3774664802986703
16	19	hca:0207_10.1016_j.immuni.2020.11.017_b182001861	hca:0349_10.1038_s41467-023-36296-4_67ae3c1e19	MONOCYTE	MDSC	MONOCYTE	MDSC	Different	0	3	3	1	5	0.2	ENSG00000143546	S100A8	0.0	0.5
16	20	hca:0207_10.1016_j.immuni.2020.11.017_b182001861	hca:0414_10.1186_s13059-020-02210-0_30c1533a3e	MONOCYTE	MONOCYTE	MONOCYTE	MONOCYTE	Exact	1	3	4	1	6	0.16666666666666666	ENSG00000143546	S100A8	0.0	0.5
16	21	hca:0207_10.1016_j.immuni.2020.11.017_b182001861	hca:0460_10.1016_j.cell.2021.08.003_652ffcecb6	MONOCYTE	MACROPHAGE	MONOCYTE	MACROPHAGE	Different	0	3	3	1	5	0.2	ENSG00000143546	S100A8	0.0	0.5
16	25	hca:0207_10.1016_j.immuni.2020.11.017_b182001861	hca:0068_10.1093_ibd_izac201_351dddd961	MONOCYTE	MACROPHAGE	MONOCYTE	MACROPHAGE	Different	0	3	3	1	5	0.2	ENSG00000143546	S100A8	0.0	0.5
16	27	hca:0207_10.1016_j.immuni.2020.11.017_b182001861	hca:0161_10.1681_asn.2020030326_bf5d42b566	MONOCYTE	DONOR MACROPHAGE	MONOCYTE	DONOR MACROPHAGE	Different	0	3	6	1	8	0.125	ENSG00000170458	CD14	-0.5003157029630767	0.3774664802986703
16	33	hca:0207_10.1016_j.immuni.2020.11.017_b182001861	biorxiv:ab05f819-6c04-1014-81aa-9646e853264a	MONOCYTE	MONOCYTE	MONOCYTE	MONOCYTE	Exact	1	3	3	1	5	0.2	ENSG00000170458	CD14	-0.5003157029630767	0.3774664802986703
16	34	hca:0207_10.1016_j.immuni.2020.11.017_b182001861	biorxiv:e3312584-7421-1014-b0a7-823d4471ccf1	MONOCYTE	MACROPHAGE	MONOCYTE	MACROPHAGE	Different	0	3	3	1	5	0.2	ENSG00000170458	CD14	-0.5003157029630767	0.3774664802986703
16	35	hca:0207_10.1016_j.immuni.2020.11.017_b182001861	hca:0060_10.3389_fcell.2022.872688_ac00c45d48	MONOCYTE	MACROPHAGE	MONOCYTE	MACROPHAGE	Different	0	3	3	1	5	0.2	ENSG00000170458	CD14	-0.5003157029630767	0.3774664802986703
16	37	hca:0207_10.1016_j.immuni.2020.11.017_b182001861	hca:0149_10.1038_s41368-023-00238-z_c77e60a0ab	MONOCYTE	MONOCYTE CELL LINEAGE	MONOCYTE	MONOCYTE CELL LINEAGE	Partial	1	3	3	1	5	0.2	ENSG00000170458	CD14	-0.5003157029630767	0.3774664802986703
16	39	hca:0207_10.1016_j.immuni.2020.11.017_b182001861	hca:0184_10.1016_j.cell.2021.07.023_f621bea088	MONOCYTE	MACROPHAGE	MONOCYTE	MACROPHAGE	Different	0	3	3	1	5	0.2	ENSG00000170458	CD14	-0.5003157029630767	0.3774664802986703
16	40	hca:0207_10.1016_j.immuni.2020.11.017_b182001861	hca:0228_10.1128_mbio.02583-20_5085db2792	MONOCYTE	MACROPHAGE	MONOCYTE	MACROPHAGE	Different	0	3	3	1	5	0.2	ENSG00000170458	CD14	-0.5003157029630767	0.3774664802986703
16	41	hca:0207_10.1016_j.immuni.2020.11.017_b182001861	hca:0393_10.1038_s42255-022-00531-x_b92878970e	MONOCYTE	MACROPHAGES	MONOCYTE	MACROPHAGES	Different	0	3	4	1	6	0.16666666666666666	ENSG00000170458	CD14	-0.5003157029630767	0.3774664802986703
16	43	hca:0207_10.1016_j.immuni.2020.11.017_b182001861	hca:0420_10.1111_cas.15979_052ebae233	MONOCYTE	MACROPHAGE	MONOCYTE	MACROPHAGE	Different	0	3	3	1	5	0.2	ENSG00000170458	CD14	-0.5003157029630767	0.3774664802986703
17	18	hca:0284_10.1002_hep4.1854_fe09f5fe1e	hca:0325_10.1016_j.celrep.2017.10.030_a9d12a5d7c	INFLAMMATORY MACROPHAGES	MACROPHAGES	INFLAMMATORY MACROPHAGES	MACROPHAGES	Partial	1	3	5	2	6	0.3333333333333333	ENSG00000143546;ENSG00000163220	S100A8;S100A9	0.0	0.5
17	19	hca:0284_10.1002_hep4.1854_fe09f5fe1e	hca:0349_10.1038_s41467-023-36296-4_67ae3c1e19	INFLAMMATORY MACROPHAGES	MDSC	INFLAMMATORY MACROPHAGES	MDSC	Different	0	3	3	2	4	0.5	ENSG00000143546;ENSG00000163220	S100A8;S100A9	0.0	0.5
17	20	hca:0284_10.1002_hep4.1854_fe09f5fe1e	hca:0414_10.1186_s13059-020-02210-0_30c1533a3e	INFLAMMATORY MACROPHAGES	MONOCYTE	INFLAMMATORY MACROPHAGES	MONOCYTE	Different	0	3	4	2	5	0.4	ENSG00000143546;ENSG00000163220	S100A8;S100A9	0.0	0.5
17	21	hca:0284_10.1002_hep4.1854_fe09f5fe1e	hca:0460_10.1016_j.cell.2021.08.003_652ffcecb6	INFLAMMATORY MACROPHAGES	MACROPHAGE	INFLAMMATORY MACROPHAGES	MACROPHAGE	Different	0	3	3	2	4	0.5	ENSG00000143546;ENSG00000163220	S100A8;S100A9	0.0	0.5
17	25	hca:0284_10.1002_hep4.1854_fe09f5fe1e	hca:0068_10.1093_ibd_izac201_351dddd961	INFLAMMATORY MACROPHAGES	MACROPHAGE	INFLAMMATORY MACROPHAGES	MACROPHAGE	Different	0	3	3	1	5	0.2	ENSG00000143546	S100A8	0.0	0.5
17	42	hca:0284_10.1002_hep4.1854_fe09f5fe1e	hca:0418_10.1038_s42003-020-0922-4_8904851286	INFLAMMATORY MACROPHAGES	MACROPHAGES AND DENDRITIC CELLS	INFLAMMATORY MACROPHAGES	MACROPHAGES AND DENDRITIC CELLS	Partial	1	3	5	1	7	0.14285714285714285	ENSG00000090382	LYZ	-0.274449251234396	0.4318151381079454
18	19	hca:0325_10.1016_j.celrep.2017.10.030_a9d12a5d7c	hca:0349_10.1038_s41467-023-36296-4_67ae3c1e19	MACROPHAGES	MDSC	MACROPHAGES	MDSC	Different	0	5	3	2	6	0.3333333333333333	ENSG00000143546;ENSG00000163220	S100A8;S100A9	0.0	0.5
18	20	hca:0325_10.1016_j.celrep.2017.10.030_a9d12a5d7c	hca:0414_10.1186_s13059-020-02210-0_30c1533a3e	MACROPHAGES	MONOCYTE	MACROPHAGES	MONOCYTE	Different	0	5	4	2	7	0.2857142857142857	ENSG00000143546;ENSG00000163220	S100A8;S100A9	0.0	0.5
18	21	hca:0325_10.1016_j.celrep.2017.10.030_a9d12a5d7c	hca:0460_10.1016_j.cell.2021.08.003_652ffcecb6	MACROPHAGES	MACROPHAGE	MACROPHAGES	MACROPHAGE	Different	0	5	3	2	6	0.3333333333333333	ENSG00000143546;ENSG00000163220	S100A8;S100A9	0.0	0.5
18	25	hca:0325_10.1016_j.celrep.2017.10.030_a9d12a5d7c	hca:0068_10.1093_ibd_izac201_351dddd961	MACROPHAGES	MACROPHAGE	MACROPHAGES	MACROPHAGE	Different	0	5	3	1	7	0.14285714285714285	ENSG00000143546	S100A8	0.0	0.5
18	27	hca:0325_10.1016_j.celrep.2017.10.030_a9d12a5d7c	hca:0161_10.1681_asn.2020030326_bf5d42b566	MACROPHAGES	DONOR MACROPHAGE	MACROPHAGES	DONOR MACROPHAGE	Different	0	5	6	1	10	0.1	ENSG00000170458	CD14	-0.5003157029630767	0.3774664802986703
18	33	hca:0325_10.1016_j.celrep.2017.10.030_a9d12a5d7c	biorxiv:ab05f819-6c04-1014-81aa-9646e853264a	MACROPHAGES	MONOCYTE	MACROPHAGES	MONOCYTE	Different	0	5	3	1	7	0.14285714285714285	ENSG00000170458	CD14	-0.5003157029630767	0.3774664802986703
18	34	hca:0325_10.1016_j.celrep.2017.10.030_a9d12a5d7c	biorxiv:e3312584-7421-1014-b0a7-823d4471ccf1	MACROPHAGES	MACROPHAGE	MACROPHAGES	MACROPHAGE	Different	0	5	3	1	7	0.14285714285714285	ENSG00000170458	CD14	-0.5003157029630767	0.3774664802986703
18	35	hca:0325_10.1016_j.celrep.2017.10.030_a9d12a5d7c	hca:0060_10.3389_fcell.2022.872688_ac00c45d48	MACROPHAGES	MACROPHAGE	MACROPHAGES	MACROPHAGE	Different	0	5	3	1	7	0.14285714285714285	ENSG00000170458	CD14	-0.5003157029630767	0.3774664802986703
18	37	hca:0325_10.1016_j.celrep.2017.10.030_a9d12a5d7c	hca:0149_10.1038_s41368-023-00238-z_c77e60a0ab	MACROPHAGES	MONOCYTE CELL LINEAGE	MACROPHAGES	MONOCYTE CELL LINEAGE	Different	0	5	3	1	7	0.14285714285714285	ENSG00000170458	CD14	-0.5003157029630767	0.3774664802986703
18	39	hca:0325_10.1016_j.celrep.2017.10.030_a9d12a5d7c	hca:0184_10.1016_j.cell.2021.07.023_f621bea088	MACROPHAGES	MACROPHAGE	MACROPHAGES	MACROPHAGE	Different	0	5	3	1	7	0.14285714285714285	ENSG00000170458	CD14	-0.5003157029630767	0.3774664802986703
18	40	hca:0325_10.1016_j.celrep.2017.10.030_a9d12a5d7c	hca:0228_10.1128_mbio.02583-20_5085db2792	MACROPHAGES	MACROPHAGE	MACROPHAGES	MACROPHAGE	Different	0	5	3	1	7	0.14285714285714285	ENSG00000170458	CD14	-0.5003157029630767	0.3774664802986703
18	41	hca:0325_10.1016_j.celrep.2017.10.030_a9d12a5d7c	hca:0393_10.1038_s42255-022-00531-x_b92878970e	MACROPHAGES	MACROPHAGES	MACROPHAGES	MACROPHAGES	Exact	1	5	4	1	8	0.125	ENSG00000170458	CD14	-0.5003157029630767	0.3774664802986703
18	43	hca:0325_10.1016_j.celrep.2017.10.030_a9d12a5d7c	hca:0420_10.1111_cas.15979_052ebae233	MACROPHAGES	MACROPHAGE	MACROPHAGES	MACROPHAGE	Different	0	5	3	1	7	0.14285714285714285	ENSG00000170458	CD14	-0.5003157029630767	0.3774664802986703
19	20	hca:0349_10.1038_s41467-023-36296-4_67ae3c1e19	hca:0414_10.1186_s13059-020-02210-0_30c1533a3e	MDSC	MONOCYTE	MDSC	MONOCYTE	Different	0	3	4	3	4	0.75	ENSG00000143546;ENSG00000163220;ENSG00000163221	S100A8;S100A9;S100A12	0.0	0.5
19	21	hca:0349_10.1038_s41467-023-36296-4_67ae3c1e19	hca:0460_10.1016_j.cell.2021.08.003_652ffcecb6	MDSC	MACROPHAGE	MDSC	MACROPHAGE	Different	0	3	3	3	3	1.0	ENSG00000143546;ENSG00000163220;ENSG00000163221	S100A8;S100A9;S100A12	0.0	0.5
19	25	hca:0349_10.1038_s41467-023-36296-4_67ae3c1e19	hca:0068_10.1093_ibd_izac201_351dddd961	MDSC	MACROPHAGE	MDSC	MACROPHAGE	Different	0	3	3	1	5	0.2	ENSG00000143546	S100A8	0.0	0.5
20	21	hca:0414_10.1186_s13059-020-02210-0_30c1533a3e	hca:0460_10.1016_j.cell.2021.08.003_652ffcecb6	MONOCYTE	MACROPHAGE	MONOCYTE	MACROPHAGE	Different	0	4	3	3	4	0.75	ENSG00000143546;ENSG00000163220;ENSG00000163221	S100A8;S100A9;S100A12	0.0	0.5
20	25	hca:0414_10.1186_s13059-020-02210-0_30c1533a3e	hca:0068_10.1093_ibd_izac201_351dddd961	MONOCYTE	MACROPHAGE	MONOCYTE	MACROPHAGE	Different	0	4	3	1	6	0.16666666666666666	ENSG00000143546	S100A8	0.0	0.5
20	39	hca:0414_10.1186_s13059-020-02210-0_30c1533a3e	hca:0184_10.1016_j.cell.2021.07.023_f621bea088	MONOCYTE	MACROPHAGE	MONOCYTE	MACROPHAGE	Different	0	4	3	1	6	0.16666666666666666	ENSG00000038427	VCAN	0.0	0.5
21	25	hca:0460_10.1016_j.cell.2021.08.003_652ffcecb6	hca:0068_10.1093_ibd_izac201_351dddd961	MACROPHAGE	MACROPHAGE	MACROPHAGE	MACROPHAGE	Exact	1	3	3	1	5	0.2	ENSG00000143546	S100A8	0.0	0.5
22	23	biorxiv:03092aac-75a4-1014-b9cc-d44d468fbd97	biorxiv:d8ee72e2-7047-1014-a159-a9ef37bce7a4	STRAD13⁺ MACROPHAGE	MACROPHAGE	STRAD 13 MACROPHAGE	MACROPHAGE	Partial	1	3	3	1	5	0.2	ENSG00000260314	MRC1	1.0052717564834928	0.732093805472436
22	26	biorxiv:03092aac-75a4-1014-b9cc-d44d468fbd97	hca:0148_10.1113_jp287812_fd3137bc12	STRAD13⁺ MACROPHAGE	MACROPHAGE	STRAD 13 MACROPHAGE	MACROPHAGE	Partial	1	3	3	2	4	0.5	ENSG00000177575;ENSG00000260314	CD163;MRC1	2.264889555550761	0.9059271622075171
22	28	biorxiv:03092aac-75a4-1014-b9cc-d44d468fbd97	hca:0217_10.1186_s40478-023-01568-z_30cfefc163	STRAD13⁺ MACROPHAGE	BORDER-ASSOCIATED MACROPHAGE	STRAD 13 MACROPHAGE	BORDER ASSOCIATED MACROPHAGE	Partial	1	3	3	2	4	0.5	ENSG00000177575;ENSG00000260314	CD163;MRC1	2.264889555550761	0.9059271622075171
22	30	biorxiv:03092aac-75a4-1014-b9cc-d44d468fbd97	hca:0365_10.3389_fendo.2022.874915_81de77d539	STRAD13⁺ MACROPHAGE	MACROPHAGE	STRAD 13 MACROPHAGE	MACROPHAGE	Partial	1	3	4	1	6	0.16666666666666666	ENSG00000177575	CD163	1.2596177990672683	0.7789603070011919
22	31	biorxiv:03092aac-75a4-1014-b9cc-d44d468fbd97	hca:0481_10.1016_j.immuni.2023.01.002_2da3d3f446	STRAD13⁺ MACROPHAGE	MACROPHAGE	STRAD 13 MACROPHAGE	MACROPHAGE	Partial	1	3	3	1	5	0.2	ENSG00000177575	CD163	1.2596177990672683	0.7789603070011919
22	32	biorxiv:03092aac-75a4-1014-b9cc-d44d468fbd97	hca:0494_10.1038_s41467-021-27895-0_bbe3158fbf	STRAD13⁺ MACROPHAGE	MACROPHAGE	STRAD 13 MACROPHAGE	MACROPHAGE	Partial	1	3	3	1	5	0.2	ENSG00000177575	CD163	1.2596177990672683	0.7789603070011919
22	35	biorxiv:03092aac-75a4-1014-b9cc-d44d468fbd97	hca:0060_10.3389_fcell.2022.872688_ac00c45d48	STRAD13⁺ MACROPHAGE	MACROPHAGE	STRAD 13 MACROPHAGE	MACROPHAGE	Partial	1	3	3	1	5	0.2	ENSG00000177575	CD163	1.2596177990672683	0.7789603070011919
22	36	biorxiv:03092aac-75a4-1014-b9cc-d44d468fbd97	hca:0095_10.1101_2021.09.16.460628_23a839e09f	STRAD13⁺ MACROPHAGE	MACROPHAGE	STRAD 13 MACROPHAGE	MACROPHAGE	Partial	1	3	3	1	5	0.2	ENSG00000177575	CD163	1.2596177990672683	0.7789603070011919
22	37	biorxiv:03092aac-75a4-1014-b9cc-d44d468fbd97	hca:0149_10.1038_s41368-023-00238-z_c77e60a0ab	STRAD13⁺ MACROPHAGE	MONOCYTE CELL LINEAGE	STRAD 13 MACROPHAGE	MONOCYTE CELL LINEAGE	Different	0	3	3	1	5	0.2	ENSG00000177575	CD163	1.2596177990672683	0.7789603070011919
22	40	biorxiv:03092aac-75a4-1014-b9cc-d44d468fbd97	hca:0228_10.1128_mbio.02583-20_5085db2792	STRAD13⁺ MACROPHAGE	MACROPHAGE	STRAD 13 MACROPHAGE	MACROPHAGE	Partial	1	3	3	1	5	0.2	ENSG00000177575	CD163	1.2596177990672683	0.7789603070011919
23	26	biorxiv:d8ee72e2-7047-1014-a159-a9ef37bce7a4	hca:0148_10.1113_jp287812_fd3137bc12	MACROPHAGE	MACROPHAGE	MACROPHAGE	MACROPHAGE	Exact	1	3	3	2	4	0.5	ENSG00000038945;ENSG00000260314	MSR1;MRC1	1.0052717564834928	0.732093805472436
23	28	biorxiv:d8ee72e2-7047-1014-a159-a9ef37bce7a4	hca:0217_10.1186_s40478-023-01568-z_30cfefc163	MACROPHAGE	BORDER-ASSOCIATED MACROPHAGE	MACROPHAGE	BORDER ASSOCIATED MACROPHAGE	Partial	1	3	3	1	5	0.2	ENSG00000260314	MRC1	1.0052717564834928	0.732093805472436
23	32	biorxiv:d8ee72e2-7047-1014-a159-a9ef37bce7a4	hca:0494_10.1038_s41467-021-27895-0_bbe3158fbf	MACROPHAGE	MACROPHAGE	MACROPHAGE	MACROPHAGE	Exact	1	3	3	1	5	0.2	ENSG00000038945	MSR1	0.0	0.5
23	35	biorxiv:d8ee72e2-7047-1014-a159-a9ef37bce7a4	hca:0060_10.3389_fcell.2022.872688_ac00c45d48	MACROPHAGE	MACROPHAGE	MACROPHAGE	MACROPHAGE	Exact	1	3	3	1	5	0.2	ENSG00000129226	CD68	0.0	0.5
23	36	biorxiv:d8ee72e2-7047-1014-a159-a9ef37bce7a4	hca:0095_10.1101_2021.09.16.460628_23a839e09f	MACROPHAGE	MACROPHAGE	MACROPHAGE	MACROPHAGE	Exact	1	3	3	1	5	0.2	ENSG00000129226	CD68	0.0	0.5
23	38	biorxiv:d8ee72e2-7047-1014-a159-a9ef37bce7a4	hca:0164_10.1177_00220345221147908_13bf485ac8	MACROPHAGE	MONOCYTE	MACROPHAGE	MONOCYTE	Different	0	3	3	1	5	0.2	ENSG00000129226	CD68	0.0	0.5
23	41	biorxiv:d8ee72e2-7047-1014-a159-a9ef37bce7a4	hca:0393_10.1038_s42255-022-00531-x_b92878970e	MACROPHAGE	MACROPHAGES	MACROPHAGE	MACROPHAGES	Different	0	3	4	1	6	0.16666666666666666	ENSG00000129226	CD68	0.0	0.5
23	42	biorxiv:d8ee72e2-7047-1014-a159-a9ef37bce7a4	hca:0418_10.1038_s42003-020-0922-4_8904851286	MACROPHAGE	MACROPHAGES AND DENDRITIC CELLS	MACROPHAGE	MACROPHAGES AND DENDRITIC CELLS	Different	0	3	5	1	7	0.14285714285714285	ENSG00000129226	CD68	0.0	0.5
23	43	biorxiv:d8ee72e2-7047-1014-a159-a9ef37bce7a4	hca:0420_10.1111_cas.15979_052ebae233	MACROPHAGE	MACROPHAGE	MACROPHAGE	MACROPHAGE	Exact	1	3	3	1	5	0.2	ENSG00000129226	CD68	0.0	0.5
24	25	biorxiv:e2efdcad-73c4-1014-9c6c-8a89f519fd2d	hca:0068_10.1093_ibd_izac201_351dddd961	CDC2.4	MACROPHAGE	CDC 2 4	MACROPHAGE	Different	0	4	3	2	5	0.4	ENSG00000173369;ENSG00000173372	C1QB;C1QA	0.7910454924877002	0.6880557739975584
24	27	biorxiv:e2efdcad-73c4-1014-9c6c-8a89f519fd2d	hca:0161_10.1681_asn.2020030326_bf5d42b566	CDC2.4	DONOR MACROPHAGE	CDC 2 4	DONOR MACROPHAGE	Different	0	4	6	3	7	0.42857142857142855	ENSG00000159189;ENSG00000173369;ENSG00000173372	C1QC;C1QB;C1QA	0.7910454924877002	0.6880557739975584
24	29	biorxiv:e2efdcad-73c4-1014-9c6c-8a89f519fd2d	hca:0349_10.1038_s41467-023-36296-4_67ae3c1e19	CDC2.4	C1QC+ MACROPHAGE	CDC 2 4	C 1 QC MACROPHAGE	Different	0	4	3	3	4	0.75	ENSG00000159189;ENSG00000173369;ENSG00000173372	C1QC;C1QB;C1QA	0.7910454924877002	0.6880557739975584
24	30	biorxiv:e2efdcad-73c4-1014-9c6c-8a89f519fd2d	hca:0365_10.3389_fendo.2022.874915_81de77d539	CDC2.4	MACROPHAGE	CDC 2 4	MACROPHAGE	Different	0	4	4	3	5	0.6	ENSG00000159189;ENSG00000173369;ENSG00000173372	C1QC;C1QB;C1QA	0.7910454924877002	0.6880557739975584
24	31	biorxiv:e2efdcad-73c4-1014-9c6c-8a89f519fd2d	hca:0481_10.1016_j.immuni.2023.01.002_2da3d3f446	CDC2.4	MACROPHAGE	CDC 2 4	MACROPHAGE	Different	0	4	3	2	5	0.4	ENSG00000159189;ENSG00000173369	C1QC;C1QB	0.7910454924877002	0.6880557739975584
24	32	biorxiv:e2efdcad-73c4-1014-9c6c-8a89f519fd2d	hca:0494_10.1038_s41467-021-27895-0_bbe3158fbf	CDC2.4	MACROPHAGE	CDC 2 4	MACROPHAGE	Different	0	4	3	1	6	0.16666666666666666	ENSG00000173369	C1QB	0.7910454924877002	0.6880557739975584
24	34	biorxiv:e2efdcad-73c4-1014-9c6c-8a89f519fd2d	biorxiv:e3312584-7421-1014-b0a7-823d4471ccf1	CDC2.4	MACROPHAGE	CDC 2 4	MACROPHAGE	Different	0	4	3	1	6	0.16666666666666666	ENSG00000173369	C1QB	0.7910454924877002	0.6880557739975584
25	27	hca:0068_10.1093_ibd_izac201_351dddd961	hca:0161_10.1681_asn.2020030326_bf5d42b566	MACROPHAGE	DONOR MACROPHAGE	MACROPHAGE	DONOR MACROPHAGE	Partial	1	3	6	2	7	0.2857142857142857	ENSG00000173369;ENSG00000173372	C1QB;C1QA	0.7910454924877002	0.6880557739975584
25	29	hca:0068_10.1093_ibd_izac201_351dddd961	hca:0349_10.1038_s41467-023-36296-4_67ae3c1e19	MACROPHAGE	C1QC+ MACROPHAGE	MACROPHAGE	C 1 QC MACROPHAGE	Partial	1	3	3	2	4	0.5	ENSG00000173369;ENSG00000173372	C1QB;C1QA	0.7910454924877002	0.6880557739975584
25	30	hca:0068_10.1093_ibd_izac201_351dddd961	hca:0365_10.3389_fendo.2022.874915_81de77d539	MACROPHAGE	MACROPHAGE	MACROPHAGE	MACROPHAGE	Exact	1	3	4	2	5	0.4	ENSG00000173369;ENSG00000173372	C1QB;C1QA	0.7910454924877002	0.6880557739975584
25	31	hca:0068_10.1093_ibd_izac201_351dddd961	hca:0481_10.1016_j.immuni.2023.01.002_2da3d3f446	MACROPHAGE	MACROPHAGE	MACROPHAGE	MACROPHAGE	Exact	1	3	3	1	5	0.2	ENSG00000173369	C1QB	0.7910454924877002	0.6880557739975584
25	32	hca:0068_10.1093_ibd_izac201_351dddd961	hca:0494_10.1038_s41467-021-27895-0_bbe3158fbf	MACROPHAGE	MACROPHAGE	MACROPHAGE	MACROPHAGE	Exact	1	3	3	1	5	0.2	ENSG00000173369	C1QB	0.7910454924877002	0.6880557739975584
25	34	hca:0068_10.1093_ibd_izac201_351dddd961	biorxiv:e3312584-7421-1014-b0a7-823d4471ccf1	MACROPHAGE	MACROPHAGE	MACROPHAGE	MACROPHAGE	Exact	1	3	3	1	5	0.2	ENSG00000173369	C1QB	0.7910454924877002	0.6880557739975584
26	28	hca:0148_10.1113_jp287812_fd3137bc12	hca:0217_10.1186_s40478-023-01568-z_30cfefc163	MACROPHAGE	BORDER-ASSOCIATED MACROPHAGE	MACROPHAGE	BORDER ASSOCIATED MACROPHAGE	Partial	1	3	3	2	4	0.5	ENSG00000177575;ENSG00000260314	CD163;MRC1	2.264889555550761	0.9059271622075171
26	30	hca:0148_10.1113_jp287812_fd3137bc12	hca:0365_10.3389_fendo.2022.874915_81de77d539	MACROPHAGE	MACROPHAGE	MACROPHAGE	MACROPHAGE	Exact	1	3	4	1	6	0.16666666666666666	ENSG00000177575	CD163	1.2596177990672683	0.7789603070011919
26	31	hca:0148_10.1113_jp287812_fd3137bc12	hca:0481_10.1016_j.immuni.2023.01.002_2da3d3f446	MACROPHAGE	MACROPHAGE	MACROPHAGE	MACROPHAGE	Exact	1	3	3	1	5	0.2	ENSG00000177575	CD163	1.2596177990672683	0.7789603070011919
26	32	hca:0148_10.1113_jp287812_fd3137bc12	hca:0494_10.1038_s41467-021-27895-0_bbe3158fbf	MACROPHAGE	MACROPHAGE	MACROPHAGE	MACROPHAGE	Exact	1	3	3	2	4	0.5	ENSG00000038945;ENSG00000177575	MSR1;CD163	1.2596177990672683	0.7789603070011919
26	35	hca:0148_10.1113_jp287812_fd3137bc12	hca:0060_10.3389_fcell.2022.872688_ac00c45d48	MACROPHAGE	MACROPHAGE	MACROPHAGE	MACROPHAGE	Exact	1	3	3	1	5	0.2	ENSG00000177575	CD163	1.2596177990672683	0.7789603070011919
26	36	hca:0148_10.1113_jp287812_fd3137bc12	hca:0095_10.1101_2021.09.16.460628_23a839e09f	MACROPHAGE	MACROPHAGE	MACROPHAGE	MACROPHAGE	Exact	1	3	3	1	5	0.2	ENSG00000177575	CD163	1.2596177990672683	0.7789603070011919
26	37	hca:0148_10.1113_jp287812_fd3137bc12	hca:0149_10.1038_s41368-023-00238-z_c77e60a0ab	MACROPHAGE	MONOCYTE CELL LINEAGE	MACROPHAGE	MONOCYTE CELL LINEAGE	Different	0	3	3	1	5	0.2	ENSG00000177575	CD163	1.2596177990672683	0.7789603070011919
26	40	hca:0148_10.1113_jp287812_fd3137bc12	hca:0228_10.1128_mbio.02583-20_5085db2792	MACROPHAGE	MACROPHAGE	MACROPHAGE	MACROPHAGE	Exact	1	3	3	1	5	0.2	ENSG00000177575	CD163	1.2596177990672683	0.7789603070011919
27	29	hca:0161_10.1681_asn.2020030326_bf5d42b566	hca:0349_10.1038_s41467-023-36296-4_67ae3c1e19	DONOR MACROPHAGE	C1QC+ MACROPHAGE	DONOR MACROPHAGE	C 1 QC MACROPHAGE	Partial	1	6	3	3	6	0.5	ENSG00000159189;ENSG00000173369;ENSG00000173372	C1QC;C1QB;C1QA	0.7910454924877002	0.6880557739975584
27	30	hca:0161_10.1681_asn.2020030326_bf5d42b566	hca:0365_10.3389_fendo.2022.874915_81de77d539	DONOR MACROPHAGE	MACROPHAGE	DONOR MACROPHAGE	MACROPHAGE	Partial	1	6	4	3	7	0.42857142857142855	ENSG00000159189;ENSG00000173369;ENSG00000173372	C1QC;C1QB;C1QA	0.7910454924877002	0.6880557739975584
27	31	hca:0161_10.1681_asn.2020030326_bf5d42b566	hca:0481_10.1016_j.immuni.2023.01.002_2da3d3f446	DONOR MACROPHAGE	MACROPHAGE	DONOR MACROPHAGE	MACROPHAGE	Partial	1	6	3	2	7	0.2857142857142857	ENSG00000159189;ENSG00000173369	C1QC;C1QB	0.7910454924877002	0.6880557739975584
27	32	hca:0161_10.1681_asn.2020030326_bf5d42b566	hca:0494_10.1038_s41467-021-27895-0_bbe3158fbf	DONOR MACROPHAGE	MACROPHAGE	DONOR MACROPHAGE	MACROPHAGE	Partial	1	6	3	1	8	0.125	ENSG00000173369	C1QB	0.7910454924877002	0.6880557739975584
27	33	hca:0161_10.1681_asn.2020030326_bf5d42b566	biorxiv:ab05f819-6c04-1014-81aa-9646e853264a	DONOR MACROPHAGE	MONOCYTE	DONOR MACROPHAGE	MONOCYTE	Different	0	6	3	1	8	0.125	ENSG00000170458	CD14	-0.5003157029630767	0.3774664802986703
27	34	hca:0161_10.1681_asn.2020030326_bf5d42b566	biorxiv:e3312584-7421-1014-b0a7-823d4471ccf1	DONOR MACROPHAGE	MACROPHAGE	DONOR MACROPHAGE	MACROPHAGE	Partial	1	6	3	2	7	0.2857142857142857	ENSG00000170458;ENSG00000173369	CD14;C1QB	0.29072978952462347	0.572174788095324
27	35	hca:0161_10.1681_asn.2020030326_bf5d42b566	hca:0060_10.3389_fcell.2022.872688_ac00c45d48	DONOR MACROPHAGE	MACROPHAGE	DONOR MACROPHAGE	MACROPHAGE	Partial	1	6	3	1	8	0.125	ENSG00000170458	CD14	-0.5003157029630767	0.3774664802986703
27	37	hca:0161_10.1681_asn.2020030326_bf5d42b566	hca:0149_10.1038_s41368-023-00238-z_c77e60a0ab	DONOR MACROPHAGE	MONOCYTE CELL LINEAGE	DONOR MACROPHAGE	MONOCYTE CELL LINEAGE	Different	0	6	3	1	8	0.125	ENSG00000170458	CD14	-0.5003157029630767	0.3774664802986703
27	39	hca:0161_10.1681_asn.2020030326_bf5d42b566	hca:0184_10.1016_j.cell.2021.07.023_f621bea088	DONOR MACROPHAGE	MACROPHAGE	DONOR MACROPHAGE	MACROPHAGE	Partial	1	6	3	1	8	0.125	ENSG00000170458	CD14	-0.5003157029630767	0.3774664802986703
27	40	hca:0161_10.1681_asn.2020030326_bf5d42b566	hca:0228_10.1128_mbio.02583-20_5085db2792	DONOR MACROPHAGE	MACROPHAGE	DONOR MACROPHAGE	MACROPHAGE	Partial	1	6	3	1	8	0.125	ENSG00000170458	CD14	-0.5003157029630767	0.3774664802986703
27	41	hca:0161_10.1681_asn.2020030326_bf5d42b566	hca:0393_10.1038_s42255-022-00531-x_b92878970e	DONOR MACROPHAGE	MACROPHAGES	DONOR MACROPHAGE	MACROPHAGES	Different	0	6	4	1	9	0.1111111111111111	ENSG00000170458	CD14	-0.5003157029630767	0.3774664802986703
27	43	hca:0161_10.1681_asn.2020030326_bf5d42b566	hca:0420_10.1111_cas.15979_052ebae233	DONOR MACROPHAGE	MACROPHAGE	DONOR MACROPHAGE	MACROPHAGE	Partial	1	6	3	1	8	0.125	ENSG00000170458	CD14	-0.5003157029630767	0.3774664802986703
28	30	hca:0217_10.1186_s40478-023-01568-z_30cfefc163	hca:0365_10.3389_fendo.2022.874915_81de77d539	BORDER-ASSOCIATED MACROPHAGE	MACROPHAGE	BORDER ASSOCIATED MACROPHAGE	MACROPHAGE	Partial	1	3	4	1	6	0.16666666666666666	ENSG00000177575	CD163	1.2596177990672683	0.7789603070011919
28	31	hca:0217_10.1186_s40478-023-01568-z_30cfefc163	hca:0481_10.1016_j.immuni.2023.01.002_2da3d3f446	BORDER-ASSOCIATED MACROPHAGE	MACROPHAGE	BORDER ASSOCIATED MACROPHAGE	MACROPHAGE	Partial	1	3	3	1	5	0.2	ENSG00000177575	CD163	1.2596177990672683	0.7789603070011919
28	32	hca:0217_10.1186_s40478-023-01568-z_30cfefc163	hca:0494_10.1038_s41467-021-27895-0_bbe3158fbf	BORDER-ASSOCIATED MACROPHAGE	MACROPHAGE	BORDER ASSOCIATED MACROPHAGE	MACROPHAGE	Partial	1	3	3	1	5	0.2	ENSG00000177575	CD163	1.2596177990672683	0.7789603070011919
28	35	hca:0217_10.1186_s40478-023-01568-z_30cfefc163	hca:0060_10.3389_fcell.2022.872688_ac00c45d48	BORDER-ASSOCIATED MACROPHAGE	MACROPHAGE	BORDER ASSOCIATED MACROPHAGE	MACROPHAGE	Partial	1	3	3	1	5	0.2	ENSG00000177575	CD163	1.2596177990672683	0.7789603070011919
28	36	hca:0217_10.1186_s40478-023-01568-z_30cfefc163	hca:0095_10.1101_2021.09.16.460628_23a839e09f	BORDER-ASSOCIATED MACROPHAGE	MACROPHAGE	BORDER ASSOCIATED MACROPHAGE	MACROPHAGE	Partial	1	3	3	1	5	0.2	ENSG00000177575	CD163	1.2596177990672683	0.7789603070011919
28	37	hca:0217_10.1186_s40478-023-01568-z_30cfefc163	hca:0149_10.1038_s41368-023-00238-z_c77e60a0ab	BORDER-ASSOCIATED MACROPHAGE	MONOCYTE CELL LINEAGE	BORDER ASSOCIATED MACROPHAGE	MONOCYTE CELL LINEAGE	Different	0	3	3	1	5	0.2	ENSG00000177575	CD163	1.2596177990672683	0.7789603070011919
28	40	hca:0217_10.1186_s40478-023-01568-z_30cfefc163	hca:0228_10.1128_mbio.02583-20_5085db2792	BORDER-ASSOCIATED MACROPHAGE	MACROPHAGE	BORDER ASSOCIATED MACROPHAGE	MACROPHAGE	Partial	1	3	3	1	5	0.2	ENSG00000177575	CD163	1.2596177990672683	0.7789603070011919
29	30	hca:0349_10.1038_s41467-023-36296-4_67ae3c1e19	hca:0365_10.3389_fendo.2022.874915_81de77d539	C1QC+ MACROPHAGE	MACROPHAGE	C 1 QC MACROPHAGE	MACROPHAGE	Partial	1	3	4	3	4	0.75	ENSG00000159189;ENSG00000173369;ENSG00000173372	C1QC;C1QB;C1QA	0.7910454924877002	0.6880557739975584
29	31	hca:0349_10.1038_s41467-023-36296-4_67ae3c1e19	hca:0481_10.1016_j.immuni.2023.01.002_2da3d3f446	C1QC+ MACROPHAGE	MACROPHAGE	C 1 QC MACROPHAGE	MACROPHAGE	Partial	1	3	3	2	4	0.5	ENSG00000159189;ENSG00000173369	C1QC;C1QB	0.7910454924877002	0.6880557739975584
29	32	hca:0349_10.1038_s41467-023-36296-4_67ae3c1e19	hca:0494_10.1038_s41467-021-27895-0_bbe3158fbf	C1QC+ MACROPHAGE	MACROPHAGE	C 1 QC MACROPHAGE	MACROPHAGE	Partial	1	3	3	1	5	0.2	ENSG00000173369	C1QB	0.7910454924877002	0.6880557739975584
29	34	hca:0349_10.1038_s41467-023-36296-4_67ae3c1e19	biorxiv:e3312584-7421-1014-b0a7-823d4471ccf1	C1QC+ MACROPHAGE	MACROPHAGE	C 1 QC MACROPHAGE	MACROPHAGE	Partial	1	3	3	1	5	0.2	ENSG00000173369	C1QB	0.7910454924877002	0.6880557739975584
30	31	hca:0365_10.3389_fendo.2022.874915_81de77d539	hca:0481_10.1016_j.immuni.2023.01.002_2da3d3f446	MACROPHAGE	MACROPHAGE	MACROPHAGE	MACROPHAGE	Exact	1	4	3	3	4	0.75	ENSG00000159189;ENSG00000173369;ENSG00000177575	C1QC;C1QB;CD163	2.0506632915549687	0.8860146234856271
30	32	hca:0365_10.3389_fendo.2022.874915_81de77d539	hca:0494_10.1038_s41467-021-27895-0_bbe3158fbf	MACROPHAGE	MACROPHAGE	MACROPHAGE	MACROPHAGE	Exact	1	4	3	2	5	0.4	ENSG00000173369;ENSG00000177575	C1QB;CD163	2.0506632915549687	0.8860146234856271
30	34	hca:0365_10.3389_fendo.2022.874915_81de77d539	biorxiv:e3312584-7421-1014-b0a7-823d4471ccf1	MACROPHAGE	MACROPHAGE	MACROPHAGE	MACROPHAGE	Exact	1	4	3	1	6	0.16666666666666666	ENSG00000173369	C1QB	0.7910454924877002	0.6880557739975584
30	35	hca:0365_10.3389_fendo.2022.874915_81de77d539	hca:0060_10.3389_fcell.2022.872688_ac00c45d48	MACROPHAGE	MACROPHAGE	MACROPHAGE	MACROPHAGE	Exact	1	4	3	1	6	0.16666666666666666	ENSG00000177575	CD163	1.2596177990672683	0.7789603070011919
30	36	hca:0365_10.3389_fendo.2022.874915_81de77d539	hca:0095_10.1101_2021.09.16.460628_23a839e09f	MACROPHAGE	MACROPHAGE	MACROPHAGE	MACROPHAGE	Exact	1	4	3	1	6	0.16666666666666666	ENSG00000177575	CD163	1.2596177990672683	0.7789603070011919
30	37	hca:0365_10.3389_fendo.2022.874915_81de77d539	hca:0149_10.1038_s41368-023-00238-z_c77e60a0ab	MACROPHAGE	MONOCYTE CELL LINEAGE	MACROPHAGE	MONOCYTE CELL LINEAGE	Different	0	4	3	1	6	0.16666666666666666	ENSG00000177575	CD163	1.2596177990672683	0.7789603070011919
30	40	hca:0365_10.3389_fendo.2022.874915_81de77d539	hca:0228_10.1128_mbio.02583-20_5085db2792	MACROPHAGE	MACROPHAGE	MACROPHAGE	MACROPHAGE	Exact	1	4	3	1	6	0.16666666666666666	ENSG00000177575	CD163	1.2596177990672683	0.7789603070011919
31	32	hca:0481_10.1016_j.immuni.2023.01.002_2da3d3f446	hca:0494_10.1038_s41467-021-27895-0_bbe3158fbf	MACROPHAGE	MACROPHAGE	MACROPHAGE	MACROPHAGE	Exact	1	3	3	2	4	0.5	ENSG00000173369;ENSG00000177575	C1QB;CD163	2.0506632915549687	0.8860146234856271
31	34	hca:0481_10.1016_j.immuni.2023.01.002_2da3d3f446	biorxiv:e3312584-7421-1014-b0a7-823d4471ccf1	MACROPHAGE	MACROPHAGE	MACROPHAGE	MACROPHAGE	Exact	1	3	3	1	5	0.2	ENSG00000173369	C1QB	0.7910454924877002	0.6880557739975584
31	35	hca:0481_10.1016_j.immuni.2023.01.002_2da3d3f446	hca:0060_10.3389_fcell.2022.872688_ac00c45d48	MACROPHAGE	MACROPHAGE	MACROPHAGE	MACROPHAGE	Exact	1	3	3	1	5	0.2	ENSG00000177575	CD163	1.2596177990672683	0.7789603070011919
31	36	hca:0481_10.1016_j.immuni.2023.01.002_2da3d3f446	hca:0095_10.1101_2021.09.16.460628_23a839e09f	MACROPHAGE	MACROPHAGE	MACROPHAGE	MACROPHAGE	Exact	1	3	3	1	5	0.2	ENSG00000177575	CD163	1.2596177990672683	0.7789603070011919
31	37	hca:0481_10.1016_j.immuni.2023.01.002_2da3d3f446	hca:0149_10.1038_s41368-023-00238-z_c77e60a0ab	MACROPHAGE	MONOCYTE CELL LINEAGE	MACROPHAGE	MONOCYTE CELL LINEAGE	Different	0	3	3	1	5	0.2	ENSG00000177575	CD163	1.2596177990672683	0.7789603070011919
31	40	hca:0481_10.1016_j.immuni.2023.01.002_2da3d3f446	hca:0228_10.1128_mbio.02583-20_5085db2792	MACROPHAGE	MACROPHAGE	MACROPHAGE	MACROPHAGE	Exact	1	3	3	1	5	0.2	ENSG00000177575	CD163	1.2596177990672683	0.7789603070011919
32	34	hca:0494_10.1038_s41467-021-27895-0_bbe3158fbf	biorxiv:e3312584-7421-1014-b0a7-823d4471ccf1	MACROPHAGE	MACROPHAGE	MACROPHAGE	MACROPHAGE	Exact	1	3	3	1	5	0.2	ENSG00000173369	C1QB	0.7910454924877002	0.6880557739975584
32	35	hca:0494_10.1038_s41467-021-27895-0_bbe3158fbf	hca:0060_10.3389_fcell.2022.872688_ac00c45d48	MACROPHAGE	MACROPHAGE	MACROPHAGE	MACROPHAGE	Exact	1	3	3	1	5	0.2	ENSG00000177575	CD163	1.2596177990672683	0.7789603070011919
32	36	hca:0494_10.1038_s41467-021-27895-0_bbe3158fbf	hca:0095_10.1101_2021.09.16.460628_23a839e09f	MACROPHAGE	MACROPHAGE	MACROPHAGE	MACROPHAGE	Exact	1	3	3	1	5	0.2	ENSG00000177575	CD163	1.2596177990672683	0.7789603070011919
32	37	hca:0494_10.1038_s41467-021-27895-0_bbe3158fbf	hca:0149_10.1038_s41368-023-00238-z_c77e60a0ab	MACROPHAGE	MONOCYTE CELL LINEAGE	MACROPHAGE	MONOCYTE CELL LINEAGE	Different	0	3	3	1	5	0.2	ENSG00000177575	CD163	1.2596177990672683	0.7789603070011919
32	40	hca:0494_10.1038_s41467-021-27895-0_bbe3158fbf	hca:0228_10.1128_mbio.02583-20_5085db2792	MACROPHAGE	MACROPHAGE	MACROPHAGE	MACROPHAGE	Exact	1	3	3	1	5	0.2	ENSG00000177575	CD163	1.2596177990672683	0.7789603070011919
33	34	biorxiv:ab05f819-6c04-1014-81aa-9646e853264a	biorxiv:e3312584-7421-1014-b0a7-823d4471ccf1	MONOCYTE	MACROPHAGE	MONOCYTE	MACROPHAGE	Different	0	3	3	1	5	0.2	ENSG00000170458	CD14	-0.5003157029630767	0.3774664802986703
33	35	biorxiv:ab05f819-6c04-1014-81aa-9646e853264a	hca:0060_10.3389_fcell.2022.872688_ac00c45d48	MONOCYTE	MACROPHAGE	MONOCYTE	MACROPHAGE	Different	0	3	3	1	5	0.2	ENSG00000170458	CD14	-0.5003157029630767	0.3774664802986703
33	37	biorxiv:ab05f819-6c04-1014-81aa-9646e853264a	hca:0149_10.1038_s41368-023-00238-z_c77e60a0ab	MONOCYTE	MONOCYTE CELL LINEAGE	MONOCYTE	MONOCYTE CELL LINEAGE	Partial	1	3	3	2	4	0.5	ENSG00000170458;ENSG00000182578	CD14;CSF1R	-0.5003157029630767	0.3774664802986703
33	39	biorxiv:ab05f819-6c04-1014-81aa-9646e853264a	hca:0184_10.1016_j.cell.2021.07.023_f621bea088	MONOCYTE	MACROPHAGE	MONOCYTE	MACROPHAGE	Different	0	3	3	1	5	0.2	ENSG00000170458	CD14	-0.5003157029630767	0.3774664802986703
33	40	biorxiv:ab05f819-6c04-1014-81aa-9646e853264a	hca:0228_10.1128_mbio.02583-20_5085db2792	MONOCYTE	MACROPHAGE	MONOCYTE	MACROPHAGE	Different	0	3	3	1	5	0.2	ENSG00000170458	CD14	-0.5003157029630767	0.3774664802986703
33	41	biorxiv:ab05f819-6c04-1014-81aa-9646e853264a	hca:0393_10.1038_s42255-022-00531-x_b92878970e	MONOCYTE	MACROPHAGES	MONOCYTE	MACROPHAGES	Different	0	3	4	1	6	0.16666666666666666	ENSG00000170458	CD14	-0.5003157029630767	0.3774664802986703
33	43	biorxiv:ab05f819-6c04-1014-81aa-9646e853264a	hca:0420_10.1111_cas.15979_052ebae233	MONOCYTE	MACROPHAGE	MONOCYTE	MACROPHAGE	Different	0	3	3	1	5	0.2	ENSG00000170458	CD14	-0.5003157029630767	0.3774664802986703
34	35	biorxiv:e3312584-7421-1014-b0a7-823d4471ccf1	hca:0060_10.3389_fcell.2022.872688_ac00c45d48	MACROPHAGE	MACROPHAGE	MACROPHAGE	MACROPHAGE	Exact	1	3	3	1	5	0.2	ENSG00000170458	CD14	-0.5003157029630767	0.3774664802986703
34	37	biorxiv:e3312584-7421-1014-b0a7-823d4471ccf1	hca:0149_10.1038_s41368-023-00238-z_c77e60a0ab	MACROPHAGE	MONOCYTE CELL LINEAGE	MACROPHAGE	MONOCYTE CELL LINEAGE	Different	0	3	3	1	5	0.2	ENSG00000170458	CD14	-0.5003157029630767	0.3774664802986703
34	39	biorxiv:e3312584-7421-1014-b0a7-823d4471ccf1	hca:0184_10.1016_j.cell.2021.07.023_f621bea088	MACROPHAGE	MACROPHAGE	MACROPHAGE	MACROPHAGE	Exact	1	3	3	2	4	0.5	ENSG00000170458;ENSG00000203747	CD14;FCGR3A	-0.5003157029630767	0.3774664802986703
34	40	biorxiv:e3312584-7421-1014-b0a7-823d4471ccf1	hca:0228_10.1128_mbio.02583-20_5085db2792	MACROPHAGE	MACROPHAGE	MACROPHAGE	MACROPHAGE	Exact	1	3	3	1	5	0.2	ENSG00000170458	CD14	-0.5003157029630767	0.3774664802986703
34	41	biorxiv:e3312584-7421-1014-b0a7-823d4471ccf1	hca:0393_10.1038_s42255-022-00531-x_b92878970e	MACROPHAGE	MACROPHAGES	MACROPHAGE	MACROPHAGES	Different	0	3	4	2	5	0.4	ENSG00000170458;ENSG00000203747	CD14;FCGR3A	-0.5003157029630767	0.3774664802986703
34	43	biorxiv:e3312584-7421-1014-b0a7-823d4471ccf1	hca:0420_10.1111_cas.15979_052ebae233	MACROPHAGE	MACROPHAGE	MACROPHAGE	MACROPHAGE	Exact	1	3	3	2	4	0.5	ENSG00000170458;ENSG00000203747	CD14;FCGR3A	-0.5003157029630767	0.3774664802986703
35	36	hca:0060_10.3389_fcell.2022.872688_ac00c45d48	hca:0095_10.1101_2021.09.16.460628_23a839e09f	MACROPHAGE	MACROPHAGE	MACROPHAGE	MACROPHAGE	Exact	1	3	3	2	4	0.5	ENSG00000129226;ENSG00000177575	CD68;CD163	1.2596177990672683	0.7789603070011919
35	37	hca:0060_10.3389_fcell.2022.872688_ac00c45d48	hca:0149_10.1038_s41368-023-00238-z_c77e60a0ab	MACROPHAGE	MONOCYTE CELL LINEAGE	MACROPHAGE	MONOCYTE CELL LINEAGE	Different	0	3	3	2	4	0.5	ENSG00000170458;ENSG00000177575	CD14;CD163	0.7593020961041916	0.6812021921255685
35	38	hca:0060_10.3389_fcell.2022.872688_ac00c45d48	hca:0164_10.1177_00220345221147908_13bf485ac8	MACROPHAGE	MONOCYTE	MACROPHAGE	MONOCYTE	Different	0	3	3	1	5	0.2	ENSG00000129226	CD68	0.0	0.5
35	39	hca:0060_10.3389_fcell.2022.872688_ac00c45d48	hca:0184_10.1016_j.cell.2021.07.023_f621bea088	MACROPHAGE	MACROPHAGE	MACROPHAGE	MACROPHAGE	Exact	1	3	3	1	5	0.2	ENSG00000170458	CD14	-0.5003157029630767	0.3774664802986703
35	40	hca:0060_10.3389_fcell.2022.872688_ac00c45d48	hca:0228_10.1128_mbio.02583-20_5085db2792	MACROPHAGE	MACROPHAGE	MACROPHAGE	MACROPHAGE	Exact	1	3	3	2	4	0.5	ENSG00000170458;ENSG00000177575	CD14;CD163	0.7593020961041916	0.6812021921255685
35	41	hca:0060_10.3389_fcell.2022.872688_ac00c45d48	hca:0393_10.1038_s42255-022-00531-x_b92878970e	MACROPHAGE	MACROPHAGES	MACROPHAGE	MACROPHAGES	Different	0	3	4	2	5	0.4	ENSG00000129226;ENSG00000170458	CD68;CD14	-0.5003157029630767	0.3774664802986703
35	42	hca:0060_10.3389_fcell.2022.872688_ac00c45d48	hca:0418_10.1038_s42003-020-0922-4_8904851286	MACROPHAGE	MACROPHAGES AND DENDRITIC CELLS	MACROPHAGE	MACROPHAGES AND DENDRITIC CELLS	Different	0	3	5	1	7	0.14285714285714285	ENSG00000129226	CD68	0.0	0.5
35	43	hca:0060_10.3389_fcell.2022.872688_ac00c45d48	hca:0420_10.1111_cas.15979_052ebae233	MACROPHAGE	MACROPHAGE	MACROPHAGE	MACROPHAGE	Exact	1	3	3	2	4	0.5	ENSG00000129226;ENSG00000170458	CD68;CD14	-0.5003157029630767	0.3774664802986703
36	37	hca:0095_10.1101_2021.09.16.460628_23a839e09f	hca:0149_10.1038_s41368-023-00238-z_c77e60a0ab	MACROPHAGE	MONOCYTE CELL LINEAGE	MACROPHAGE	MONOCYTE CELL LINEAGE	Different	0	3	3	1	5	0.2	ENSG00000177575	CD163	1.2596177990672683	0.7789603070011919
36	38	hca:0095_10.1101_2021.09.16.460628_23a839e09f	hca:0164_10.1177_00220345221147908_13bf485ac8	MACROPHAGE	MONOCYTE	MACROPHAGE	MONOCYTE	Different	0	3	3	2	4	0.5	ENSG00000129226;ENSG00000140678	CD68;ITGAX	0.0	0.5
36	40	hca:0095_10.1101_2021.09.16.460628_23a839e09f	hca:0228_10.1128_mbio.02583-20_5085db2792	MACROPHAGE	MACROPHAGE	MACROPHAGE	MACROPHAGE	Exact	1	3	3	1	5	0.2	ENSG00000177575	CD163	1.2596177990672683	0.7789603070011919
36	41	hca:0095_10.1101_2021.09.16.460628_23a839e09f	hca:0393_10.1038_s42255-022-00531-x_b92878970e	MACROPHAGE	MACROPHAGES	MACROPHAGE	MACROPHAGES	Different	0	3	4	1	6	0.16666666666666666	ENSG00000129226	CD68	0.0	0.5
36	42	hca:0095_10.1101_2021.09.16.460628_23a839e09f	hca:0418_10.1038_s42003-020-0922-4_8904851286	MACROPHAGE	MACROPHAGES AND DENDRITIC CELLS	MACROPHAGE	MACROPHAGES AND DENDRITIC CELLS	Different	0	3	5	2	6	0.3333333333333333	ENSG00000129226;ENSG00000140678	CD68;ITGAX	0.0	0.5
36	43	hca:0095_10.1101_2021.09.16.460628_23a839e09f	hca:0420_10.1111_cas.15979_052ebae233	MACROPHAGE	MACROPHAGE	MACROPHAGE	MACROPHAGE	Exact	1	3	3	1	5	0.2	ENSG00000129226	CD68	0.0	0.5
37	39	hca:0149_10.1038_s41368-023-00238-z_c77e60a0ab	hca:0184_10.1016_j.cell.2021.07.023_f621bea088	MONOCYTE CELL LINEAGE	MACROPHAGE	MONOCYTE CELL LINEAGE	MACROPHAGE	Different	0	3	3	1	5	0.2	ENSG00000170458	CD14	-0.5003157029630767	0.3774664802986703
37	40	hca:0149_10.1038_s41368-023-00238-z_c77e60a0ab	hca:0228_10.1128_mbio.02583-20_5085db2792	MONOCYTE CELL LINEAGE	MACROPHAGE	MONOCYTE CELL LINEAGE	MACROPHAGE	Different	0	3	3	2	4	0.5	ENSG00000170458;ENSG00000177575	CD14;CD163	0.7593020961041916	0.6812021921255685
37	41	hca:0149_10.1038_s41368-023-00238-z_c77e60a0ab	hca:0393_10.1038_s42255-022-00531-x_b92878970e	MONOCYTE CELL LINEAGE	MACROPHAGES	MONOCYTE CELL LINEAGE	MACROPHAGES	Different	0	3	4	1	6	0.16666666666666666	ENSG00000170458	CD14	-0.5003157029630767	0.3774664802986703
37	43	hca:0149_10.1038_s41368-023-00238-z_c77e60a0ab	hca:0420_10.1111_cas.15979_052ebae233	MONOCYTE CELL LINEAGE	MACROPHAGE	MONOCYTE CELL LINEAGE	MACROPHAGE	Different	0	3	3	1	5	0.2	ENSG00000170458	CD14	-0.5003157029630767	0.3774664802986703
38	41	hca:0164_10.1177_00220345221147908_13bf485ac8	hca:0393_10.1038_s42255-022-00531-x_b92878970e	MONOCYTE	MACROPHAGES	MONOCYTE	MACROPHAGES	Different	0	3	4	1	6	0.16666666666666666	ENSG00000129226	CD68	0.0	0.5
38	42	hca:0164_10.1177_00220345221147908_13bf485ac8	hca:0418_10.1038_s42003-020-0922-4_8904851286	MONOCYTE	MACROPHAGES AND DENDRITIC CELLS	MONOCYTE	MACROPHAGES AND DENDRITIC CELLS	Different	0	3	5	3	5	0.6	ENSG00000129226;ENSG00000140678;ENSG00000204472	CD68;ITGAX;AIF1	-0.3777989424604136	0.4066578748770686
38	43	hca:0164_10.1177_00220345221147908_13bf485ac8	hca:0420_10.1111_cas.15979_052ebae233	MONOCYTE	MACROPHAGE	MONOCYTE	MACROPHAGE	Different	0	3	3	1	5	0.2	ENSG00000129226	CD68	0.0	0.5
39	40	hca:0184_10.1016_j.cell.2021.07.023_f621bea088	hca:0228_10.1128_mbio.02583-20_5085db2792	MACROPHAGE	MACROPHAGE	MACROPHAGE	MACROPHAGE	Exact	1	3	3	1	5	0.2	ENSG00000170458	CD14	-0.5003157029630767	0.3774664802986703
39	41	hca:0184_10.1016_j.cell.2021.07.023_f621bea088	hca:0393_10.1038_s42255-022-00531-x_b92878970e	MACROPHAGE	MACROPHAGES	MACROPHAGE	MACROPHAGES	Different	0	3	4	2	5	0.4	ENSG00000170458;ENSG00000203747	CD14;FCGR3A	-0.5003157029630767	0.3774664802986703
39	43	hca:0184_10.1016_j.cell.2021.07.023_f621bea088	hca:0420_10.1111_cas.15979_052ebae233	MACROPHAGE	MACROPHAGE	MACROPHAGE	MACROPHAGE	Exact	1	3	3	2	4	0.5	ENSG00000170458;ENSG00000203747	CD14;FCGR3A	-0.5003157029630767	0.3774664802986703
40	41	hca:0228_10.1128_mbio.02583-20_5085db2792	hca:0393_10.1038_s42255-022-00531-x_b92878970e	MACROPHAGE	MACROPHAGES	MACROPHAGE	MACROPHAGES	Different	0	3	4	1	6	0.16666666666666666	ENSG00000170458	CD14	-0.5003157029630767	0.3774664802986703
40	43	hca:0228_10.1128_mbio.02583-20_5085db2792	hca:0420_10.1111_cas.15979_052ebae233	MACROPHAGE	MACROPHAGE	MACROPHAGE	MACROPHAGE	Exact	1	3	3	1	5	0.2	ENSG00000170458	CD14	-0.5003157029630767	0.3774664802986703
41	42	hca:0393_10.1038_s42255-022-00531-x_b92878970e	hca:0418_10.1038_s42003-020-0922-4_8904851286	MACROPHAGES	MACROPHAGES AND DENDRITIC CELLS	MACROPHAGES	MACROPHAGES AND DENDRITIC CELLS	Partial	1	4	5	1	8	0.125	ENSG00000129226	CD68	0.0	0.5
41	43	hca:0393_10.1038_s42255-022-00531-x_b92878970e	hca:0420_10.1111_cas.15979_052ebae233	MACROPHAGES	MACROPHAGE	MACROPHAGES	MACROPHAGE	Different	0	4	3	3	4	0.75	ENSG00000129226;ENSG00000170458;ENSG00000203747	CD68;CD14;FCGR3A	-0.5003157029630767	0.3774664802986703
42	43	hca:0418_10.1038_s42003-020-0922-4_8904851286	hca:0420_10.1111_cas.15979_052ebae233	MACROPHAGES AND DENDRITIC CELLS	MACROPHAGE	MACROPHAGES AND DENDRITIC CELLS	MACROPHAGE	Different	0	5	3	1	7	0.14285714285714285	ENSG00000129226	CD68	0.0	0.5
