source_corpus	paper_id	paper_key	relation	relation_label	marker_scope	marker_scope_label	n_profiles_with_comparison	paper_n_profiles	local_marker_lb_log2	atlas_marker_lb_log2	marker_lb_gap_log2	median_observed_union_recall	median_expected_union_recall	median_union_recall_lift	median_observed_mean_profile_recall	median_expected_mean_profile_recall	median_mean_profile_recall_lift
biorxiv	5a3c7d4e-70da-1014-80b6-cd48bfa975fe	biorxiv:5a3c7d4e-70da-1014-80b6-cd48bfa975fe	same_broad_neighborhood	Same broad lineage	all_reported_markers	All reported markers	1	10	4	12	8	0.333333333333	0.0371910068631	8.96274022804	0.0666666666667	0.00758256011174	8.79210526316
biorxiv	06056998-6fcf-1014-a978-d2cf5726c0ad	biorxiv:06056998-6fcf-1014-a978-d2cf5726c0ad	same_broad_neighborhood	Same broad lineage	all_reported_markers	All reported markers	1	1	0	12	12	0.75	0.104700335267	7.16330084417	0.0298913043478	0.00134328358209	22.2524154589
biorxiv	fc7595eb-733c-1014-9892-ed444a916a2a	biorxiv:fc7595eb-733c-1014-9892-ed444a916a2a	same_broad_neighborhood	Same broad lineage	all_reported_markers	All reported markers	1	4	2	12	10	1	0.157060174658	6.36698642527	0.175	0.00428244198785	40.8645348837
biorxiv	ede8f8d0-6d2d-1014-a8e8-fbbc8a92dcf4	biorxiv:ede8f8d0-6d2d-1014-a8e8-fbbc8a92dcf4	same_broad_neighborhood	Same broad lineage	all_reported_markers	All reported markers	1	2	1	12	11	1	0.157196350794	6.36147082898	0.0121951219512	0.00141833383099	8.59820282413
hca	0083_10.1126_sciimmunol.adz8650_c0046d094c	hca:0083_10.1126_sciimmunol.adz8650_c0046d094c	same_broad_neighborhood	Same broad lineage	all_reported_markers	All reported markers	4	14	4	12	8	0.9	0.136925014556	6.06714455044	0.0473619072434	0.00392568175007	16.4654605263
biorxiv	fa200037-7001-1014-b4a8-b2d1b5dda72e	biorxiv:fa200037-7001-1014-b4a8-b2d1b5dda72e	same_broad_neighborhood	Same broad lineage	all_reported_markers	All reported markers	2	2	1	12	11	0.583333333333	0.0974630363893	6.02521935682	0.0886752136752	0.00274957698816	32.4771531887
hca	0295_10.1016_j.isci.2021.102551_1c1e582cdd	hca:0295_10.1016_j.isci.2021.102551_1c1e582cdd	same_broad_neighborhood	Same broad lineage	all_reported_markers	All reported markers	2	6	3	12	9	0.9	0.204497457185	5.90301353296	0.0109797297297	0.00169656203288	7.76473487229
biorxiv	b7d0eaf3-6f9e-1014-bc01-ef7867d59c7e	biorxiv:b7d0eaf3-6f9e-1014-bc01-ef7867d59c7e	same_broad_neighborhood	Same broad lineage	all_reported_markers	All reported markers	1	6	3	12	9	1	0.172619656005	5.79308303088	0.0325203252033	0.001644245142	19.77827051
hca	0273_10.15252_embj.20105114_43aa56d0ae	hca:0273_10.15252_embj.20105114_43aa56d0ae	same_broad_neighborhood	Same broad lineage	all_reported_markers	All reported markers	1	1	0	12	12	1	0.178892835469	5.58993878866	0.0121951219512	0.00164179104478	7.42793791574
hca	0442_10.1038_s41591-024-03011-9_e42f5ec07c	hca:0442_10.1038_s41591-024-03011-9_e42f5ec07c	same_broad_neighborhood	Same broad lineage	all_reported_markers	All reported markers	2	6	3	12	9	0.8375	0.337777273084	4.95137862925	0.030537890832	0.00453662182362	9.61682177919
hca	0090_10.1038_s41586-021-03852-1_eec89a5e36	hca:0090_10.1038_s41586-021-03852-1_eec89a5e36	same_broad_neighborhood	Same broad lineage	all_reported_markers	All reported markers	5	27	5	12	7	1	0.17590392027	4.89069238917	0.0194444444444	0.00165463297232	10.0680335508
hca	0281_10.1016_j.devcel.2019.06.001_238d93bfef	hca:0281_10.1016_j.devcel.2019.06.001_238d93bfef	same_broad_neighborhood	Same broad lineage	all_reported_markers	All reported markers	2	10	4	12	8	0.25	0.126703576592	4.62857014442	0.0559360730594	0.00274368951412	14.3755707763
biorxiv	36b52534-7118-1014-9621-c8d35d0ed1df	biorxiv:36b52534-7118-1014-9621-c8d35d0ed1df	same_broad_neighborhood	Same broad lineage	all_reported_markers	All reported markers	1	1	0	12	12	0.428571428571	0.0929217649688	4.61217486253	0.002828854314	0.000511727078891	5.52805280528
hca	0279_10.1186_s12860-019-0199-y_bf14d4299c	hca:0279_10.1186_s12860-019-0199-y_bf14d4299c	same_broad_neighborhood	Same broad lineage	all_reported_markers	All reported markers	2	2	1	12	11	0.628571428571	0.148966892968	4.58846058218	0.0791208791209	0.00422727466621	19.8151122313
hca	0412_10.1038_s41598-019-57110-6_5feef6086a	hca:0412_10.1038_s41598-019-57110-6_5feef6086a	same_broad_neighborhood	Same broad lineage	all_reported_markers	All reported markers	1	2	1	12	11	1	0.220205656296	4.54120941678	0.045045045045	0.00348362695332	12.9305019305
hca	0075_10.1126_scitranslmed.abm1375_6de08b3db5	hca:0075_10.1126_scitranslmed.abm1375_6de08b3db5	same_broad_neighborhood	Same broad lineage	all_reported_markers	All reported markers	2	2	1	12	11	0.563157894737	0.177564985128	4.40617613594	0.014649122807	0.00367588125285	4.88410378014
biorxiv	8bff4e38-6c13-1014-bcce-e068e3eafd28	biorxiv:8bff4e38-6c13-1014-bcce-e068e3eafd28	same_broad_neighborhood	Same broad lineage	all_reported_markers	All reported markers	1	6	3	12	9	0.857142857143	0.21546723968	3.97806579978	0.0278745644599	0.00217809096733	12.7977044476
hca	0002_10.1038_s41586-019-1373-2_de5bb9e220	hca:0002_10.1038_s41586-019-1373-2_de5bb9e220	same_broad_neighborhood	Same broad lineage	all_reported_markers	All reported markers	1	6	3	12	9	0.666666666667	0.170771758734	3.90384611372	0.0670289855072	0.00239162929746	28.0264945652
hca	0513_10.1186_s13059-019-1906-x_0a4cb34cd5	hca:0513_10.1186_s13059-019-1906-x_0a4cb34cd5	same_broad_neighborhood	Same broad lineage	all_reported_markers	All reported markers	2	3	2	12	10	1	0.431322519431	3.74092930595	0.0455768402927	0.00457984866587	14.9900777892
hca	0128_10.1016_j.devcel.2020.07.023_7908e44bb1	hca:0128_10.1016_j.devcel.2020.07.023_7908e44bb1	same_broad_neighborhood	Same broad lineage	all_reported_markers	All reported markers	1	6	3	12	9	1	0.27095968973	3.69058586167	0.0945945945946	0.00448430493274	21.0945945946
hca	0319_10.1016_j.cell.2018.05.060_d1a05e99e8	hca:0319_10.1016_j.cell.2018.05.060_d1a05e99e8	same_broad_neighborhood	Same broad lineage	all_reported_markers	All reported markers	5	6	3	12	9	1	0.149495857352	3.58617294108	0.0938320209974	0.00568011958146	19.5804878049
hca	0272_10.1016_j.cell.2020.04.035_15a2d05837	hca:0272_10.1016_j.cell.2020.04.035_15a2d05837	same_broad_neighborhood	Same broad lineage	all_reported_markers	All reported markers	1	2	1	12	11	0.5	0.143912874896	3.47432431157	0.010162601626	0.00130636010749	7.77932636469
hca	0309_10.1101_721258_f9cb0ad906	hca:0309_10.1101_721258_f9cb0ad906	same_broad_neighborhood	Same broad lineage	all_reported_markers	All reported markers	5	6	3	12	9	1	0.216186663825	3.4692241729	0.0284653465347	0.00284005979073	6.77125506073
hca	0384_10.1038_s41422-021-00529-2_d6c8237ebe	hca:0384_10.1038_s41422-021-00529-2_d6c8237ebe	same_broad_neighborhood	Same broad lineage	all_reported_markers	All reported markers	1	22	5	12	7	0.666666666667	0.192769706651	3.45835804935	0.0333333333333	0.00560728947632	5.94464285714
biorxiv	f96f23ec-83f2-1014-ad76-8d430e749668	biorxiv:f96f23ec-83f2-1014-ad76-8d430e749668	same_broad_neighborhood	Same broad lineage	all_reported_markers	All reported markers	1	1	0	12	12	0.666666666667	0.195773163725	3.40530159487	0.0135135135135	0.00298507462687	4.52702702703
biorxiv	30a348aa-6c75-1014-b586-8a08f0d76748	biorxiv:30a348aa-6c75-1014-b586-8a08f0d76748	same_broad_neighborhood	Same broad lineage	all_reported_markers	All reported markers	1	2	1	12	11	0.666666666667	0.195963876189	3.40198754807	0.0089485458613	0.00149298297999	5.9937360179
biorxiv	51fac41a-6c0a-1014-9c40-ecb16ebed7ec	biorxiv:51fac41a-6c0a-1014-9c40-ecb16ebed7ec	same_broad_neighborhood	Same broad lineage	all_reported_markers	All reported markers	2	2	1	12	11	0.375	0.128550329265	3.27219086375	0.0122282608696	0.00261272021499	9.10054347826
hca	0372_10.1016_j.ccell.2021.10.009_d6ab4790aa	hca:0372_10.1016_j.ccell.2021.10.009_d6ab4790aa	same_broad_neighborhood	Same broad lineage	all_reported_markers	All reported markers	4	13	4	12	8	0.666666666667	0.275707755202	3.24814450956	0.106837606838	0.00415668064709	19.6741376121
hca	0283_10.1161_circulationaha.120.052318_08d58c2441	hca:0283_10.1161_circulationaha.120.052318_08d58c2441	same_broad_neighborhood	Same broad lineage	all_reported_markers	All reported markers	3	7	3	12	9	0.297297297297	0.0991496985473	3.09961516992	0.0213963963964	0.00170535367904	9.2151675485
hca	0026_10.1038_s41586-020-2922-4_1612ece6e2	hca:0026_10.1038_s41586-020-2922-4_1612ece6e2	same_broad_neighborhood	Same broad lineage	all_reported_markers	All reported markers	1	5	3	12	9	0.75	0.242618472681	3.09127327245	0.0284552845528	0.00239091452481	11.9014227642
hca	0186_10.1016_j.devcel.2020.01.033_6afe089f1e	hca:0186_10.1016_j.devcel.2020.01.033_6afe089f1e	same_broad_neighborhood	Same broad lineage	all_reported_markers	All reported markers	2	4	2	12	10	0.833333333333	0.302263693576	2.98606992717	0.00819672131148	0.00313713773529	2.81799269423
hca	0370_10.1038_s41698-022-00251-1_1483c4b104	hca:0370_10.1038_s41698-022-00251-1_1483c4b104	same_broad_neighborhood	Same broad lineage	all_reported_markers	All reported markers	3	14	4	12	8	1	0.232759174783	2.9712516916	0.0479386385427	0.00369593447208	13.5650406504
hca	0329_10.1164_rccm.201712-2410oc_fdd97d9097	hca:0329_10.1164_rccm.201712-2410oc_fdd97d9097	same_broad_neighborhood	Same broad lineage	all_reported_markers	All reported markers	4	4	2	12	10	0.708333333333	0.379823619434	2.95629554021	0.0356418918919	0.00477106363908	9.73986973414
hca	0069_10.1038_s41467-021-23355-x_92232969b4	hca:0069_10.1038_s41467-021-23355-x_92232969b4	same_broad_neighborhood	Same broad lineage	all_reported_markers	All reported markers	1	8	3	12	9	1	0.342980331161	2.915619087	0.0478260869565	0.00490577325755	9.74893955461
hca	0368_10.1016_j.cell.2019.08.008_98c14c4ebe	hca:0368_10.1016_j.cell.2019.08.008_98c14c4ebe	same_broad_neighborhood	Same broad lineage	all_reported_markers	All reported markers	1	1	0	12	12	1	0.353607088957	2.82799760307	0.121376811594	0.00517412935323	23.45840301
biorxiv	78211bc7-6c0f-1014-bc42-c103d41718b8	biorxiv:78211bc7-6c0f-1014-bc42-c103d41718b8	same_broad_neighborhood	Same broad lineage	all_reported_markers	All reported markers	1	12	4	12	8	0.5	0.178049653511	2.80820540866	0.00819672131148	0.00381850853549	2.14657666345
hca	0427_10.7150_ijbs.58886_44183be8e8	hca:0427_10.7150_ijbs.58886_44183be8e8	same_broad_neighborhood	Same broad lineage	all_reported_markers	All reported markers	2	9	4	12	8	0.916666666667	0.376039933674	2.74355109722	0.0531397734368	0.00481248753242	11.710600225
hca	0488_10.1073_pnas.1908706116_5dfd6c0233	hca:0488_10.1073_pnas.1908706116_5dfd6c0233	same_broad_neighborhood	Same broad lineage	all_reported_markers	All reported markers	3	6	3	12	9	0.25	0.20663865161	2.74335225216	0.00337837837838	0.00231689088191	3.5232778597
hca	0214_10.1126_science.abo0510_808a3cb920	hca:0214_10.1126_science.abo0510_808a3cb920	same_broad_neighborhood	Same broad lineage	all_reported_markers	All reported markers	1	3	2	12	10	0.5	0.184264821832	2.71348592222	0.0054347826087	0.00261350059737	2.07950310559
biorxiv	446f40c7-6f7f-1014-8708-b70b3848c315	biorxiv:446f40c7-6f7f-1014-8708-b70b3848c315	same_broad_neighborhood	Same broad lineage	all_reported_markers	All reported markers	6	20	5	12	7	0.875	0.307374865412	2.69865400084	0.0424002874596	0.00375262683879	8.24411342293
hca	0475_10.1101_2021.07.19.452956_e30bf05aad	hca:0475_10.1101_2021.07.19.452956_e30bf05aad	same_broad_neighborhood	Same broad lineage	all_reported_markers	All reported markers	1	1	0	12	12	1	0.371904580444	2.6888617473	0.00610021786492	0.00225538971808	2.7047289504
hca	0476_10.1126_science.abl4896_6d8fed9731	hca:0476_10.1126_science.abl4896_6d8fed9731	same_broad_neighborhood	Same broad lineage	all_reported_markers	All reported markers	1	1	0	12	12	1	0.371904580444	2.6888617473	0.00610021786492	0.00225538971808	2.7047289504
biorxiv	3912ca11-6e98-1014-9c67-9a3ee3e3b07f	biorxiv:3912ca11-6e98-1014-9c67-9a3ee3e3b07f	same_broad_neighborhood	Same broad lineage	all_reported_markers	All reported markers	1	1	0	12	12	0.857142857143	0.32192920079	2.66251975602	0.102316602317	0.00601279317697	17.0164845697
hca	0359_10.1101_759902_400af2c5fc	hca:0359_10.1101_759902_400af2c5fc	same_broad_neighborhood	Same broad lineage	all_reported_markers	All reported markers	2	4	2	12	10	1	0.38085526163	2.62682518586	0.0281531531532	0.00387785081167	7.41606114033
hca	0415_10.1038_s41467-020-20358-y_582bbd075a	hca:0415_10.1038_s41467-020-20358-y_582bbd075a	same_broad_neighborhood	Same broad lineage	all_reported_markers	All reported markers	1	1	0	12	12	1	0.381431274066	2.62170427018	0.0335570469799	0.00477611940299	7.02600671141
hca	0315_10.1158_2159-8290.cd-21-0683_4c7216e47a	hca:0315_10.1158_2159-8290.cd-21-0683_4c7216e47a	same_broad_neighborhood	Same broad lineage	all_reported_markers	All reported markers	1	5	3	12	9	0.5	0.192246023048	2.60083403586	0.0380434782609	0.00239091452481	15.9116847826
hca	0231_10.1101_2023.08.08.551504_0d646c9546	hca:0231_10.1101_2023.08.08.551504_0d646c9546	same_broad_neighborhood	Same broad lineage	all_reported_markers	All reported markers	2	2	1	12	11	0.833333333333	0.417715941628	2.59352404601	0.0368852459016	0.00567333532398	7.0533356102
hca	0358_10.1126_sciadv.aba1983_17b603cdcb	hca:0358_10.1126_sciadv.aba1983_17b603cdcb	same_broad_neighborhood	Same broad lineage	all_reported_markers	All reported markers	3	5	3	12	9	1	0.372929059036	2.57114070558	0.027027027027	0.00338712891014	6.18341418341
biorxiv	9c7f8281-6c21-1014-a6df-b6c543b29cb8	biorxiv:9c7f8281-6c21-1014-a6df-b6c543b29cb8	same_broad_neighborhood	Same broad lineage	all_reported_markers	All reported markers	2	3	2	12	10	0.75	0.284161943027	2.56782070413	0.0315934065934	0.0038082437276	7.97367467697
hca	0438_10.1016_j.celrep.2023.112086_4947038a16	hca:0438_10.1016_j.celrep.2023.112086_4947038a16	same_broad_neighborhood	Same broad lineage	all_reported_markers	All reported markers	3	6	3	12	9	0.375	0.141819996174	2.52877711315	0.00335570469799	0.00142002989537	2.36312257153
biorxiv	0a537c3c-6dba-1014-a3da-a09fc644eb0b	biorxiv:0a537c3c-6dba-1014-a3da-a09fc644eb0b	same_broad_neighborhood	Same broad lineage	all_reported_markers	All reported markers	1	1	0	12	12	0.4	0.158211321826	2.52826406722	0.00313725490196	0.000716417910448	4.37908496732
hca	0326_10.1016_j.cmet.2016.08.020_b710322bb3	hca:0326_10.1016_j.cmet.2016.08.020_b710322bb3	same_broad_neighborhood	Same broad lineage	all_reported_markers	All reported markers	1	10	4	12	8	1	0.396435681976	2.52247727807	0.162162162162	0.00770727327148	21.0401469431
biorxiv	dbf486c9-6c54-1014-9bc5-bf4d8f303013	biorxiv:dbf486c9-6c54-1014-9bc5-bf4d8f303013	same_broad_neighborhood	Same broad lineage	all_reported_markers	All reported markers	3	6	3	12	9	0.25	0.0460109141189	2.47746557419	0.00247524752475	0.00079720976582	4.13985148515
biorxiv	54c905c7-6e9f-1014-9168-935cc2dc841b	biorxiv:54c905c7-6e9f-1014-9168-935cc2dc841b	same_broad_neighborhood	Same broad lineage	all_reported_markers	All reported markers	1	2	1	12	11	1	0.405236917768	2.46769224657	0.0148514851485	0.00268736936399	5.52640264026
hca	0175_10.1038_s41587-020-00796-1_81545d4d48	hca:0175_10.1038_s41587-020-00796-1_81545d4d48	same_broad_neighborhood	Same broad lineage	all_reported_markers	All reported markers	1	3	2	12	10	1	0.407340836081	2.45494659858	0.0121951219512	0.0055256869773	2.20698747528
hca	0102_10.1038_s41586-019-0992-y_40614812e9	hca:0102_10.1038_s41586-019-0992-y_40614812e9	same_broad_neighborhood	Same broad lineage	all_reported_markers	All reported markers	1	6	3	12	9	0.714285714286	0.29152658534	2.45015635007	0.0197444831591	0.00341661328208	5.77896341463
biorxiv	9b741001-784a-1014-b0c0-93f88f9233f4	biorxiv:9b741001-784a-1014-b0c0-93f88f9233f4	same_broad_neighborhood	Same broad lineage	all_reported_markers	All reported markers	1	3	2	12	10	0.666666666667	0.272887486184	2.44300930024	0.00447427293065	0.00219036240542	2.04270896888
hca	0338_10.3389_fnmol.2020.00134_d9eafa03d0	hca:0338_10.3389_fnmol.2020.00134_d9eafa03d0	same_broad_neighborhood	Same broad lineage	all_reported_markers	All reported markers	1	4	2	12	10	1	0.413719387885	2.41709726274	0.0247524752475	0.00399611592471	6.19413343203
hca	0037_10.1038_s41593-019-0539-4_24ef44df9e	hca:0037_10.1038_s41593-019-0539-4_24ef44df9e	same_broad_neighborhood	Same broad lineage	all_reported_markers	All reported markers	1	3	2	12	10	0.866666666667	0.361254231365	2.39904917762	0.0181518151815	0.00300677021107	6.03698118156
hca	0020_10.1038_s44161-022-00019-7_10ae5c8129	hca:0020_10.1038_s44161-022-00019-7_10ae5c8129	same_broad_neighborhood	Same broad lineage	all_reported_markers	All reported markers	1	2	1	12	11	0.75	0.313419298688	2.39296049459	0.131756756757	0.00627052851597	21.0120656371
hca	0212_10.1038_s41586-022-04571-x_30a05d7904	hca:0212_10.1038_s41586-022-04571-x_30a05d7904	same_broad_neighborhood	Same broad lineage	all_reported_markers	All reported markers	1	5	3	12	9	0.666666666667	0.280329423494	2.37815445256	0.018018018018	0.00458258617254	3.93184488837
hca	0105_10.1038_s41563-020-00853-9_ec3e5ef313	hca:0105_10.1038_s41563-020-00853-9_ec3e5ef313	same_broad_neighborhood	Same broad lineage	all_reported_markers	All reported markers	1	6	3	12	9	1	0.434805164938	2.29988068367	0.144144144144	0.00847035376183	17.0174880763
hca	0091_10.1101_2025.06.19.660575_df9b499d76	hca:0091_10.1101_2025.06.19.660575_df9b499d76	same_broad_neighborhood	Same broad lineage	all_reported_markers	All reported markers	1	2	1	12	11	0.2	0.0872734763659	2.29164699664	0.00134228187919	0.000656912511197	2.04331909701
hca	0113_10.1101_2021.04.28.441762_c83625bbe4	hca:0113_10.1101_2021.04.28.441762_c83625bbe4	same_broad_neighborhood	Same broad lineage	all_reported_markers	All reported markers	8	14	4	12	8	1	0.416118552503	2.27819119235	0.0493096316172	0.00609329737289	5.87987147595
biorxiv	876ca999-6c0e-1014-8ed9-e7563228589e	biorxiv:876ca999-6c0e-1014-8ed9-e7563228589e	same_broad_neighborhood	Same broad lineage	all_reported_markers	All reported markers	3	14	4	12	8	0.666666666667	0.329433199577	2.27663757315	0.03125	0.00679252821896	8.69010416667
hca	0479_10.1016_j.xcrm.2022.100657_bf09154d98	hca:0479_10.1016_j.xcrm.2022.100657_bf09154d98	same_broad_neighborhood	Same broad lineage	all_reported_markers	All reported markers	6	16	4	12	8	0.857142857143	0.316771845432	2.27627232568	0.0383895131086	0.00564467766117	8.37739049537
hca	0109_10.7554_elife.91792.1_056dda27be	hca:0109_10.7554_elife.91792.1_056dda27be	same_broad_neighborhood	Same broad lineage	all_reported_markers	All reported markers	11	24	5	12	7	1	0.36797894969	2.26896408103	0.104	0.00613165013526	7.3306779661
biorxiv	6ca25eee-7853-1014-8aed-fc8cff0a87e5	biorxiv:6ca25eee-7853-1014-8aed-fc8cff0a87e5	same_broad_neighborhood	Same broad lineage	all_reported_markers	All reported markers	5	15	4	12	8	0.666666666667	0.176483124429	2.24113965312	0.016393442623	0.00359712230216	6.83606557377
hca	0274_10.1016_j.isci.2021.103592_3ec037cca1	hca:0274_10.1016_j.isci.2021.103592_3ec037cca1	same_broad_neighborhood	Same broad lineage	all_reported_markers	All reported markers	1	9	4	12	8	1	0.446690179	2.23868812661	0.18018018018	0.00877717933373	20.5282555283
hca	0197_10.3389_fmed.2022.869284_8494fa8c76	hca:0197_10.3389_fmed.2022.869284_8494fa8c76	same_broad_neighborhood	Same broad lineage	all_reported_markers	All reported markers	1	8	3	12	9	0.375	0.173472429841	2.16172679627	0.0168918918919	0.00265480107688	6.36277122193
hca	0139_10.1038_s41590-020-0602-z_71058e050d	hca:0139_10.1038_s41590-020-0602-z_71058e050d	same_broad_neighborhood	Same broad lineage	all_reported_markers	All reported markers	5	10	4	12	8	0.8	0.15517109379	2.14816642192	0.0730337078652	0.00353187668363	6.93854837851
biorxiv	c55f45c7-7001-1014-966f-865cda24634e	biorxiv:c55f45c7-7001-1014-966f-865cda24634e	same_broad_neighborhood	Same broad lineage	all_reported_markers	All reported markers	4	5	3	12	9	0.565359477124	0.310289236686	2.14523846374	0.0151951191435	0.00305770843902	7.36487036162
hca	0229_10.15252_msb.20178041_0277072a61	hca:0229_10.15252_msb.20178041_0277072a61	same_broad_neighborhood	Same broad lineage	all_reported_markers	All reported markers	2	7	3	12	9	1	0.475688581745	2.12541510716	0.0943361040068	0.00538277511962	16.2049214675
hca	0243_10.1038_s41586-023-05915-x_2f4aafa6a2	hca:0243_10.1038_s41586-023-05915-x_2f4aafa6a2	same_broad_neighborhood	Same broad lineage	all_reported_markers	All reported markers	8	18	5	12	7	0.833333333333	0.327325299802	2.09610688633	0.0302033381659	0.00400040004	8.40184078003
biorxiv	219b21d9-7007-1014-9157-ab439216a355	biorxiv:219b21d9-7007-1014-9157-ab439216a355	same_broad_neighborhood	Same broad lineage	all_reported_markers	All reported markers	1	24	5	12	7	1	0.481490725517	2.07688320253	0.0335570469799	0.00490932772267	6.83536501849
hca	0361_10.1016_j.gpb.2020.11.002_84c7c58535	hca:0361_10.1016_j.gpb.2020.11.002_84c7c58535	same_broad_neighborhood	Same broad lineage	all_reported_markers	All reported markers	1	7	3	12	9	1	0.482735329385	2.07152851496	0.00522875816993	0.00259170653907	2.01749622926
hca	0134_10.3389_fimmu.2021.636720_9a958ecc4e	hca:0134_10.3389_fimmu.2021.636720_9a958ecc4e	same_broad_neighborhood	Same broad lineage	all_reported_markers	All reported markers	5	8	3	12	9	1	0.403503901236	2.04794565389	0.0288778877888	0.00430750822614	6.81450203844
biorxiv	c37c4c27-6d25-1014-a7a4-b416d496387c	biorxiv:c37c4c27-6d25-1014-a7a4-b416d496387c	same_broad_neighborhood	Same broad lineage	all_reported_markers	All reported markers	1	1	0	12	12	1	0.489507906484	2.04286792257	0.0134228187919	0.00589552238806	2.27678192167
hca	0056_10.1038_s41586-018-0449-8_fdcc67f757	hca:0056_10.1038_s41586-018-0449-8_fdcc67f757	same_broad_neighborhood	Same broad lineage	all_reported_markers	All reported markers	7	9	4	12	8	0.8	0.357238261324	2.02164338755	0.0247933884298	0.00411430281269	7.33273102736
biorxiv	f3be1d12-72db-1014-a9a0-ac8d78e3151e	biorxiv:f3be1d12-72db-1014-a9a0-ac8d78e3151e	same_broad_neighborhood	Same broad lineage	all_reported_markers	All reported markers	4	10	4	12	8	1	0.593287062277	2.01700355197	0.0945273631841	0.00990721340916	7.55798783858
hca	0251_10.1038_s41588-023-01298-x_c85e8d4857	hca:0251_10.1038_s41588-023-01298-x_c85e8d4857	same_broad_neighborhood	Same broad lineage	all_reported_markers	All reported markers	1	4	2	12	10	1	0.496226685645	2.01520802675	0.0325203252033	0.00577631709989	5.629941127
hca	0013_10.1016_j.cell.2022.01.012_62a71f9225	hca:0013_10.1016_j.cell.2022.01.012_62a71f9225	same_broad_neighborhood	Same broad lineage	all_reported_markers	All reported markers	1	2	1	12	11	0.6	0.298798808642	2.00804013486	0.0229508196721	0.00650940579277	3.52579335238
hca	0148_10.1113_jp287812_fd3137bc12	hca:0148_10.1113_jp287812_fd3137bc12	same_broad_neighborhood	Same broad lineage	all_reported_markers	All reported markers	15	30	5	12	7	0.666666666667	0.361732914616	1.99047126879	0.037296037296	0.0038141122152	6.68231297005
biorxiv	64ab9878-6ed8-1014-99e3-9a1ae6ef730b	biorxiv:64ab9878-6ed8-1014-99e3-9a1ae6ef730b	same_broad_neighborhood	Same broad lineage	all_reported_markers	All reported markers	1	1	0	12	12	1	0.503311501712	1.9868411443	0.166666666667	0.00786069651741	21.2025316456
biorxiv	a9b298c9-7797-1014-9b95-8bbbe23c746a	biorxiv:a9b298c9-7797-1014-9b95-8bbbe23c746a	same_broad_neighborhood	Same broad lineage	all_reported_markers	All reported markers	2	2	1	12	11	0.541666666667	0.263944090383	1.98633198654	0.0229166666667	0.00613367174281	3.66906759907
hca	0132_10.1038_s41467-020-16239-z_001d78a35b	hca:0132_10.1038_s41467-020-16239-z_001d78a35b	same_broad_neighborhood	Same broad lineage	all_reported_markers	All reported markers	3	8	3	12	9	0.625	0.435491146644	1.97067880921	0.0677685950413	0.00598265031409	11.3275206612
biorxiv	67d3e1aa-726e-1014-b774-e6c3f2e9206c	biorxiv:67d3e1aa-726e-1014-b774-e6c3f2e9206c	same_broad_neighborhood	Same broad lineage	all_reported_markers	All reported markers	1	1	0	12	12	1	0.511206699381	1.95615589782	0.180327868852	0.012039800995	14.9776453055
hca	0403_10.1038_s41467-019-11036-9_eff650140f	hca:0403_10.1038_s41467-019-11036-9_eff650140f	same_broad_neighborhood	Same broad lineage	all_reported_markers	All reported markers	2	12	4	12	8	0.875	0.472513463303	1.95112185551	0.089499335401	0.0105891413169	10.2981992829
biorxiv	e3c9e28c-70c5-1014-9616-aa7d906f9d5d	biorxiv:e3c9e28c-70c5-1014-9616-aa7d906f9d5d	same_broad_neighborhood	Same broad lineage	all_reported_markers	All reported markers	1	1	0	12	12	1	0.514175149187	1.94486256596	0.0259900990099	0.00417910447761	6.21905940594
hca	0289_10.1172_jci.insight.93009_72829a2871	hca:0289_10.1172_jci.insight.93009_72829a2871	same_broad_neighborhood	Same broad lineage	all_reported_markers	All reported markers	2	5	3	12	9	0.8	0.4238050897	1.9368043193	0.0765009976419	0.00648535564854	12.1455184231
hca	0471_10.1038_s41467-019-11947-7_0514f87944	hca:0471_10.1038_s41467-019-11947-7_0514f87944	same_broad_neighborhood	Same broad lineage	all_reported_markers	All reported markers	4	4	2	12	10	0.690476190476	0.282203327442	1.92559546637	0.0131362889984	0.00592570461109	2.26177213591
hca	0448_10.1101_2022.02.15.480622_6cb3eae5b8	hca:0448_10.1101_2022.02.15.480622_6cb3eae5b8	same_broad_neighborhood	Same broad lineage	all_reported_markers	All reported markers	1	3	2	12	10	1	0.52041002035	1.92156177033	0.0181518151815	0.00467941059339	3.87908152517
hca	0515_10.1084_jem.20201189_d8d9a9e257	hca:0515_10.1084_jem.20201189_d8d9a9e257	same_broad_neighborhood	Same broad lineage	all_reported_markers	All reported markers	3	5	3	12	9	0.8	0.383068987562	1.89854243201	0.0104204096299	0.00266260935717	4.22775869889
hca	0019_10.1126_science.aba7721_1646acb14b	hca:0019_10.1126_science.aba7721_1646acb14b	same_broad_neighborhood	Same broad lineage	all_reported_markers	All reported markers	5	6	3	12	9	0.75	0.36975323661	1.89605983423	0.0138190954774	0.00336322869955	4.10887772194
hca	0077_10.1038_s41587-020-0602-4_e82c5c2835	hca:0077_10.1038_s41587-020-0602-4_e82c5c2835	same_broad_neighborhood	Same broad lineage	all_reported_markers	All reported markers	5	11	4	12	8	0.8	0.357265201819	1.8857388808	0.0099173553719	0.00389221556886	2.80711584255
hca	0042_10.1126_sciadv.aau4788_744a251f24	hca:0042_10.1126_sciadv.aau4788_744a251f24	same_broad_neighborhood	Same broad lineage	all_reported_markers	All reported markers	3	18	5	12	7	1	0.531099336164	1.88288693265	0.0738255033557	0.00966096609661	7.64162741256
hca	0396_10.7554_elife.62522_10df7c4591	hca:0396_10.7554_elife.62522_10df7c4591	same_broad_neighborhood	Same broad lineage	all_reported_markers	All reported markers	1	4	2	12	10	0.333333333333	0.177941115677	1.87327887692	0.0049504950495	0.00099591674136	4.97079207921
hca	0439_10.1038_s41586-019-1404-z_d7516e129c	hca:0439_10.1038_s41586-019-1404-z_d7516e129c	same_broad_neighborhood	Same broad lineage	all_reported_markers	All reported markers	1	7	3	12	9	0.666666666667	0.355979388356	1.8727676053	0.0243399339934	0.00321471291866	7.57141760688
biorxiv	307b2bd7-6cb9-1014-a6b4-a58a7220bba3	biorxiv:307b2bd7-6cb9-1014-a6b4-a58a7220bba3	same_broad_neighborhood	Same broad lineage	all_reported_markers	All reported markers	5	6	3	12	9	0.8	0.489386820211	1.86602704789	0.104918032787	0.00857000498256	10.507509571
hca	0298_10.1101_2021.07.28.453839_0003c16e5c	hca:0298_10.1101_2021.07.28.453839_0003c16e5c	same_broad_neighborhood	Same broad lineage	all_reported_markers	All reported markers	2	9	4	12	8	0.590909090909	0.280797959734	1.85290994786	0.0559782608696	0.00568861868234	10.6386684887
hca	0428_10.1073_pnas.1914143116_42027a0378	hca:0428_10.1073_pnas.1914143116_42027a0378	same_broad_neighborhood	Same broad lineage	all_reported_markers	All reported markers	3	8	3	12	9	0.6	0.360710552704	1.84820394543	0.0166666666667	0.0065809153455	5.68537414966
hca	0210_10.1016_j.stem.2020.11.008_213dabcee4	hca:0210_10.1016_j.stem.2020.11.008_213dabcee4	same_broad_neighborhood	Same broad lineage	all_reported_markers	All reported markers	6	10	4	12	8	0.8	0.227848045051	1.84787171401	0.0303278688525	0.00204529581961	7.86349050691
hca	0302_10.1016_j.isci.2022.104772_3e028c0be0	hca:0302_10.1016_j.isci.2022.104772_3e028c0be0	same_broad_neighborhood	Same broad lineage	all_reported_markers	All reported markers	1	19	5	12	7	1	0.541651041144	1.84620710391	0.252252252252	0.0108043217287	23.3473473473
hca	0094_10.1073_pnas.2404775121_07bae216d2	hca:0094_10.1073_pnas.2404775121_07bae216d2	same_broad_neighborhood	Same broad lineage	all_reported_markers	All reported markers	3	18	5	12	7	0.666666666667	0.363714039435	1.83294180148	0.0292792792793	0.004700470047	7.3509853677
hca	0465_10.1016_j.cell.2020.12.016_af8ed7d941	hca:0465_10.1016_j.cell.2020.12.016_af8ed7d941	same_broad_neighborhood	Same broad lineage	all_reported_markers	All reported markers	9	24	5	12	7	1	0.364397860483	1.82950214302	0.0495867768595	0.00460875663761	6.87396694215
hca	0190_10.1038_s41467-019-14118-w_eee71dc5ea	hca:0190_10.1038_s41467-019-14118-w_eee71dc5ea	same_broad_neighborhood	Same broad lineage	all_reported_markers	All reported markers	2	10	4	12	8	0.75	0.415712848916	1.81964963229	0.0705242966752	0.00523795270877	12.4493612121
hca	0270_10.1038_s41467-022-30557-4_ba2c76ba96	hca:0270_10.1038_s41467-022-30557-4_ba2c76ba96	same_broad_neighborhood	Same broad lineage	all_reported_markers	All reported markers	2	3	2	12	10	0.616666666667	0.439039439418	1.81676191826	0.0605528052805	0.00681999203505	10.3166345243
hca	0118_10.1016_j.jid.2019.07.726_f70095db05	hca:0118_10.1016_j.jid.2019.07.726_f70095db05	same_broad_neighborhood	Same broad lineage	all_reported_markers	All reported markers	1	2	1	12	11	1	0.55429673935	1.80408782699	0.113821138211	0.00816164029063	13.9458655562
biorxiv	bb35967a-6c41-1014-8bd7-fd658527e3eb	biorxiv:bb35967a-6c41-1014-8bd7-fd658527e3eb	same_broad_neighborhood	Same broad lineage	all_reported_markers	All reported markers	1	1	0	12	12	0.5	0.278329776498	1.7964301423	0.0467479674797	0.00365671641791	12.7841380455
hca	0286_10.1038_s41467-018-06318-7_d818827349	hca:0286_10.1038_s41467-018-06318-7_d818827349	same_broad_neighborhood	Same broad lineage	all_reported_markers	All reported markers	6	10	4	12	8	0.916666666667	0.521328427134	1.78080821803	0.0948652022893	0.00823106854235	11.3956873048
hca	0207_10.1016_j.immuni.2020.11.017_b182001861	hca:0207_10.1016_j.immuni.2020.11.017_b182001861	same_broad_neighborhood	Same broad lineage	all_reported_markers	All reported markers	4	10	4	12	8	1	0.637469951932	1.77697743955	0.099394359193	0.00904170408061	12.0086199769
biorxiv	bc260922-6c47-1014-a865-fe4e19bf3ea8	biorxiv:bc260922-6c47-1014-a865-fe4e19bf3ea8	same_broad_neighborhood	Same broad lineage	all_reported_markers	All reported markers	2	8	3	12	9	0.807692307692	0.451134427688	1.77648092385	0.0636822194199	0.0065809153455	8.34402190188
biorxiv	8f45ef4c-6d70-1014-815c-a556cc0c38ce	biorxiv:8f45ef4c-6d70-1014-815c-a556cc0c38ce	same_broad_neighborhood	Same broad lineage	all_reported_markers	All reported markers	1	3	2	12	10	1	0.563005613308	1.77618122513	0.253623188406	0.0089605734767	28.3043478261
biorxiv	9f9eded3-6d6e-1014-996d-af8f6f192d54	biorxiv:9f9eded3-6d6e-1014-996d-af8f6f192d54	same_broad_neighborhood	Same broad lineage	all_reported_markers	All reported markers	11	18	5	12	7	1	0.455515973026	1.77333342967	0.0289115646259	0.00670067006701	6.09851694915
hca	0307_10.1038_s41419-021-03724-6_32b837a8da	hca:0307_10.1038_s41419-021-03724-6_32b837a8da	same_broad_neighborhood	Same broad lineage	all_reported_markers	All reported markers	3	21	5	12	7	1	0.565315026298	1.76892520715	0.10514541387	0.0115115115115	12.9951219512
hca	0389_10.1038_s41591-024-02807-z_9d82b71a18	hca:0389_10.1038_s41591-024-02807-z_9d82b71a18	same_broad_neighborhood	Same broad lineage	all_reported_markers	All reported markers	3	15	4	12	8	0.75	0.51168028242	1.76698721547	0.0385674931129	0.00674460431655	5.25147579693
hca	0080_10.1126_sciadv.abf1444_8cb053b6ed	hca:0080_10.1126_sciadv.abf1444_8cb053b6ed	same_broad_neighborhood	Same broad lineage	all_reported_markers	All reported markers	3	7	3	12	9	1	0.576907483889	1.73338018301	0.0478547854785	0.00742623604466	6.40105610561
hca	0073_10.1016_j.isci.2021.102482_6ff6d432ab	hca:0073_10.1016_j.isci.2021.102482_6ff6d432ab	same_broad_neighborhood	Same broad lineage	all_reported_markers	All reported markers	1	5	3	12	9	1	0.577839242818	1.73058512801	0.14402173913	0.00956365809922	15.0592730978
hca	0238_10.1002_art.41813_55de40d8f6	hca:0238_10.1002_art.41813_55de40d8f6	same_broad_neighborhood	Same broad lineage	all_reported_markers	All reported markers	4	5	3	12	9	0.777777777778	0.408396470195	1.72517209581	0.0265625	0.00533472803347	5.42282758621
hca	0099_10.1126_sciimmunol.abl9165_5f9974d5f2	hca:0099_10.1126_sciimmunol.abl9165_5f9974d5f2	same_broad_neighborhood	Same broad lineage	all_reported_markers	All reported markers	3	19	5	12	7	1	0.58005364089	1.7239784901	0.170833333333	0.014930972389	11.4415410385
hca	0325_10.1016_j.celrep.2017.10.030_a9d12a5d7c	hca:0325_10.1016_j.celrep.2017.10.030_a9d12a5d7c	same_broad_neighborhood	Same broad lineage	all_reported_markers	All reported markers	2	6	3	12	9	0.442857142857	0.403007986386	1.70264888155	0.0466240227434	0.00579115951313	8.43911589593
biorxiv	b60c0833-6df2-1014-8865-f92ffff4fcc6	biorxiv:b60c0833-6df2-1014-8865-f92ffff4fcc6	same_broad_neighborhood	Same broad lineage	all_reported_markers	All reported markers	3	9	4	12	8	0.625	0.37774929321	1.69065858103	0.0362407862408	0.0031605326152	8.41365286855
hca	0363_10.1016_j.omtn.2021.03.017_8083e53d24	hca:0363_10.1016_j.omtn.2021.03.017_8083e53d24	same_broad_neighborhood	Same broad lineage	all_reported_markers	All reported markers	1	3	2	12	10	1	0.592125573248	1.68883095948	0.0487804878049	0.00776583034648	6.28142589118
hca	0089_10.1038_s41586-020-2797-4_6e65d21b5d	hca:0089_10.1038_s41586-020-2797-4_6e65d21b5d	same_broad_neighborhood	Same broad lineage	all_reported_markers	All reported markers	4	26	5	12	7	0.9	0.526627267483	1.68468728318	0.0408789386401	0.00689223057644	5.98711651092
hca	0374_10.1136_annrheumdis-2018-214865_9f6cd4034f	hca:0374_10.1136_annrheumdis-2018-214865_9f6cd4034f	same_broad_neighborhood	Same broad lineage	all_reported_markers	All reported markers	5	9	4	12	8	0.666666666667	0.348396973425	1.68383648837	0.032183908046	0.00395638007846	7.63187942453
hca	0414_10.1186_s13059-020-02210-0_30c1533a3e	hca:0414_10.1186_s13059-020-02210-0_30c1533a3e	same_broad_neighborhood	Same broad lineage	all_reported_markers	All reported markers	8	13	4	12	8	0.708333333333	0.34858134136	1.67562812162	0.0384286296347	0.00382339724386	6.21674764898
biorxiv	c94927bb-7bec-1014-9cd8-fedd121e156b	biorxiv:c94927bb-7bec-1014-9cd8-fedd121e156b	same_broad_neighborhood	Same broad lineage	all_reported_markers	All reported markers	1	2	1	12	11	0.6	0.358426781928	1.67398205227	0.00891089108911	0.00280680800239	3.17474194228
hca	0322_10.3389_fonc.2021.719564_a0cfb67753	hca:0322_10.3389_fonc.2021.719564_a0cfb67753	same_broad_neighborhood	Same broad lineage	all_reported_markers	All reported markers	3	7	3	12	9	0.75	0.486576711213	1.67103966533	0.0833333333333	0.00956937799043	6.28571428571
hca	0420_10.1111_cas.15979_052ebae233	hca:0420_10.1111_cas.15979_052ebae233	same_broad_neighborhood	Same broad lineage	all_reported_markers	All reported markers	9	9	4	12	8	1	0.381873986617	1.65305723686	0.0456621004566	0.00538599640934	7.37655294192
biorxiv	700d25d7-7306-1014-9c30-ec481bfe1ae1	biorxiv:700d25d7-7306-1014-9c30-ec481bfe1ae1	same_broad_neighborhood	Same broad lineage	all_reported_markers	All reported markers	1	2	1	12	11	0.705882352941	0.428239071783	1.64833710759	0.0206755969715	0.00435599740045	4.74646678378
hca	0410_10.3389_fcell.2021.820274_b0973e038f	hca:0410_10.3389_fcell.2021.820274_b0973e038f	same_broad_neighborhood	Same broad lineage	all_reported_markers	All reported markers	5	12	4	12	8	1	0.513189925093	1.64105892378	0.0628415300546	0.00768693221523	8.17511177347
hca	0375_10.1016_j.jaci.2021.07.025_bdc966c89b	hca:0375_10.1016_j.jaci.2021.07.025_bdc966c89b	same_broad_neighborhood	Same broad lineage	all_reported_markers	All reported markers	5	11	4	12	8	1	0.424596670775	1.64059855517	0.116531165312	0.00548902195609	13.1195761396
hca	0492_10.1038_s41591-021-01332-7_1dacee7a8b	hca:0492_10.1038_s41591-021-01332-7_1dacee7a8b	same_broad_neighborhood	Same broad lineage	all_reported_markers	All reported markers	1	9	4	12	8	1	0.613599401596	1.62972779536	0.0975609756098	0.00837821663674	11.6445993031
biorxiv	1934a72f-6bf9-1014-9f9e-eb610960180d	biorxiv:1934a72f-6bf9-1014-9f9e-eb610960180d	same_broad_neighborhood	Same broad lineage	all_reported_markers	All reported markers	1	1	0	12	12	1	0.616926622678	1.62093831461	0.0078431372549	0.00497512437811	1.57647058824
hca	0068_10.1093_ibd_izac201_351dddd961	hca:0068_10.1093_ibd_izac201_351dddd961	same_broad_neighborhood	Same broad lineage	all_reported_markers	All reported markers	9	14	4	12	8	1	0.569751141005	1.61881351203	0.0535947712418	0.00816601738088	7.29171218979
hca	0149_10.1038_s41368-023-00238-z_c77e60a0ab	hca:0149_10.1038_s41368-023-00238-z_c77e60a0ab	same_broad_neighborhood	Same broad lineage	all_reported_markers	All reported markers	6	11	4	12	8	0.833333333333	0.369789779837	1.61078350111	0.0419254658385	0.00485279441118	7.09744095883
hca	0101_10.1038_s41467-020-15647-5_d22ec8f4b6	hca:0101_10.1038_s41467-020-15647-5_d22ec8f4b6	same_broad_neighborhood	Same broad lineage	all_reported_markers	All reported markers	2	3	2	12	10	1	0.62886605695	1.60733656356	0.0558558558559	0.00781561131023	7.44362450225
hca	0209_10.1126_scitranslmed.abe4282_13877fdeac	hca:0209_10.1126_scitranslmed.abe4282_13877fdeac	same_broad_neighborhood	Same broad lineage	all_reported_markers	All reported markers	4	5	3	12	9	0.708333333333	0.43472451044	1.60493101407	0.0177083333333	0.00418410041841	4.55154411765
biorxiv	1c7188d4-6df9-1014-ac27-b7cf1f27940e	biorxiv:1c7188d4-6df9-1014-ac27-b7cf1f27940e	same_broad_neighborhood	Same broad lineage	all_reported_markers	All reported markers	2	6	3	12	9	0.469696969697	0.28087448801	1.60228505153	0.00361827227499	0.00228291887485	1.56016791045
biorxiv	e6e04172-6c15-1014-9229-c57ac33d21f6	biorxiv:e6e04172-6c15-1014-9229-c57ac33d21f6	same_broad_neighborhood	Same broad lineage	all_reported_markers	All reported markers	2	2	1	12	11	1	0.708702941763	1.60026345164	0.164612928684	0.0113715536976	18.2442355381
hca	0096_10.1126_sciadv.abo2467_05989af98e	hca:0096_10.1126_sciadv.abo2467_05989af98e	same_broad_neighborhood	Same broad lineage	all_reported_markers	All reported markers	1	3	2	12	10	0.5	0.312639718488	1.59928496103	0.0115511551155	0.00258861011549	4.46230007616
hca	0385_10.1038_s41586-022-04521-7_37f1f319e2	hca:0385_10.1038_s41586-022-04521-7_37f1f319e2	same_broad_neighborhood	Same broad lineage	all_reported_markers	All reported markers	2	8	3	12	9	0.75	0.475946420289	1.59923542773	0.0186567164179	0.00401336125237	3.51905411965
biorxiv	29ae8fb9-6d50-1014-8923-847f08fdc25e	biorxiv:29ae8fb9-6d50-1014-8923-847f08fdc25e	same_broad_neighborhood	Same broad lineage	all_reported_markers	All reported markers	1	2	1	12	11	0.666666666667	0.417234855843	1.5978211248	0.0425055928412	0.00547427092664	7.76461256864
biorxiv	99e5c433-6bf4-1014-a840-83babdf09f03	biorxiv:99e5c433-6bf4-1014-a840-83babdf09f03	same_broad_neighborhood	Same broad lineage	all_reported_markers	All reported markers	2	3	2	12	10	0.583333333333	0.365040154755	1.59316473532	0.0128205128205	0.00568747510952	2.24797031327
hca	0228_10.1128_mbio.02583-20_5085db2792	hca:0228_10.1128_mbio.02583-20_5085db2792	same_broad_neighborhood	Same broad lineage	all_reported_markers	All reported markers	8	8	3	12	9	1	0.502076990622	1.5929634545	0.082504145937	0.0083009273108	12.1941530121
hca	0423_10.1038_s41467-019-12780-8_0da964452a	hca:0423_10.1038_s41467-019-12780-8_0da964452a	same_broad_neighborhood	Same broad lineage	all_reported_markers	All reported markers	1	7	3	12	9	1	0.630154580401	1.58691221345	0.0581683168317	0.00770035885167	7.55397481496
hca	0406_10.1093_brain_awab446_1c9ee67691	hca:0406_10.1093_brain_awab446_1c9ee67691	same_broad_neighborhood	Same broad lineage	all_reported_markers	All reported markers	1	4	2	12	10	0.857142857143	0.541075621975	1.58414613842	0.0332390381895	0.005121857527	6.48964521452
hca	0481_10.1016_j.immuni.2023.01.002_2da3d3f446	hca:0481_10.1016_j.immuni.2023.01.002_2da3d3f446	same_broad_neighborhood	Same broad lineage	all_reported_markers	All reported markers	12	20	5	12	7	1	0.491457168379	1.57868313092	0.0502252252252	0.00540378264785	8.76253151311
hca	0390_10.1038_s41591-020-0901-9_be86edb292	hca:0390_10.1038_s41591-020-0901-9_be86edb292	same_broad_neighborhood	Same broad lineage	all_reported_markers	All reported markers	1	6	3	12	9	1	0.64239863261	1.55666582903	0.0516339869281	0.00747384155456	6.90862745098
hca	0378_10.1101_2022.06.17.496207_92cb140ff3	hca:0378_10.1101_2022.06.17.496207_92cb140ff3	same_broad_neighborhood	Same broad lineage	all_reported_markers	All reported markers	8	9	4	12	8	0.833333333333	0.508064309705	1.55566045088	0.0480852632492	0.00369040494714	7.26547969469
hca	0421_10.1101_2022.02.14.480397_c10e165496	hca:0421_10.1101_2022.02.14.480397_c10e165496	same_broad_neighborhood	Same broad lineage	all_reported_markers	All reported markers	4	14	4	12	8	0.514705882353	0.36321764901	1.5516066954	0.0238610880542	0.0043628479261	5.39045477761
hca	0486_10.1016_j.xfss.2022.09.001_c256ed6917	hca:0486_10.1016_j.xfss.2022.09.001_c256ed6917	same_broad_neighborhood	Same broad lineage	all_reported_markers	All reported markers	2	12	4	12	8	0.833333333333	0.537507647378	1.55101379774	0.0337837837838	0.00603973245483	5.25358847654
hca	0394_10.1038_s41591-021-01329-2_7dcc6ae73c	hca:0394_10.1038_s41591-021-01329-2_7dcc6ae73c	same_broad_neighborhood	Same broad lineage	all_reported_markers	All reported markers	5	10	4	12	8	1	0.423027355455	1.5473076679	0.0686274509804	0.00763244537564	7.70703575548
hca	0265_10.1038_s41591-019-0750-6_ba0c7c2ce5	hca:0265_10.1038_s41591-019-0750-6_ba0c7c2ce5	same_broad_neighborhood	Same broad lineage	all_reported_markers	All reported markers	2	6	3	12	9	0.875	0.585592568427	1.54032158902	0.1016648896	0.0111858495267	9.45497940714
hca	0293_10.1172_jci.insight.150861_5764a5bfad	hca:0293_10.1172_jci.insight.150861_5764a5bfad	same_broad_neighborhood	Same broad lineage	all_reported_markers	All reported markers	5	11	4	12	8	1	0.467419928795	1.53846218742	0.0480928689884	0.00818363273453	7.20066334992
biorxiv	57ac822b-6c7d-1014-a047-d6c2f45edeb7	biorxiv:57ac822b-6c7d-1014-a047-d6c2f45edeb7	same_broad_neighborhood	Same broad lineage	all_reported_markers	All reported markers	1	1	0	12	12	0.666666666667	0.433507603876	1.5378430752	0.166666666667	0.00666666666667	25
biorxiv	1f87890c-7e00-1014-91de-cf40554be0ec	biorxiv:1f87890c-7e00-1014-91de-cf40554be0ec	same_broad_neighborhood	Same broad lineage	all_reported_markers	All reported markers	2	2	1	12	11	1	0.691307568942	1.51863277953	0.124513066061	0.0129143027769	9.61345523897
hca	0158_10.2337_db21-0830_d021248f76	hca:0158_10.2337_db21-0830_d021248f76	same_broad_neighborhood	Same broad lineage	all_reported_markers	All reported markers	6	12	4	12	8	1	0.660493694705	1.51832178206	0.0774525439121	0.0117799740441	6.12723402692
hca	0422_10.1038_s41591-020-1040-z_d966e12866	hca:0422_10.1038_s41591-020-1040-z_d966e12866	same_broad_neighborhood	Same broad lineage	all_reported_markers	All reported markers	2	4	2	12	10	0.681818181818	0.425033859541	1.51752225353	0.0370597870598	0.00559071443446	6.15395285839
hca	0041_10.1016_j.xgen.2022.100108_d4824b85dd	hca:0041_10.1016_j.xgen.2022.100108_d4824b85dd	same_broad_neighborhood	Same broad lineage	all_reported_markers	All reported markers	2	7	3	12	9	0.633333333333	0.421173967596	1.51552346526	0.0308558558559	0.00513357256778	4.85637065637
hca	0449_10.1084_jem.20202345_e99c99a876	hca:0449_10.1084_jem.20202345_e99c99a876	same_broad_neighborhood	Same broad lineage	all_reported_markers	All reported markers	3	7	3	12	9	1	0.659963686247	1.51523488465	0.047263681592	0.00590610047847	8.00251905032
biorxiv	fbd95004-6cf9-1014-bead-f9f2e4a06d20	biorxiv:fbd95004-6cf9-1014-bead-f9f2e4a06d20	same_broad_neighborhood	Same broad lineage	all_reported_markers	All reported markers	2	2	1	12	11	0.266666666667	0.436799991153	1.51341417753	0.0194139194139	0.0084701901065	11.5722864198
hca	0457_10.1101_2024.02.02.578633_57d5a20898	hca:0457_10.1101_2024.02.02.578633_57d5a20898	same_broad_neighborhood	Same broad lineage	all_reported_markers	All reported markers	1	4	2	12	10	1	0.661786006484	1.51106247367	0.0475247524752	0.00633403047505	7.50308238371
biorxiv	6f28f2e1-6c20-1014-910c-d12c701e7668	biorxiv:6f28f2e1-6c20-1014-910c-d12c701e7668	same_broad_neighborhood	Same broad lineage	all_reported_markers	All reported markers	3	8	3	12	9	0.833333333333	0.551517005064	1.51098393283	0.0414593698176	0.00648120450693	6.39686184462
hca	0076_10.1016_j.cell.2021.01.053_e0734afb82	hca:0076_10.1016_j.cell.2021.01.053_e0734afb82	same_broad_neighborhood	Same broad lineage	all_reported_markers	All reported markers	5	10	4	12	8	1	0.500244326778	1.49926737766	0.0619235836627	0.00708370747281	8.74169125424
hca	0049_10.1038_s41586-023-06252-9_3d2f22d6e6	hca:0049_10.1038_s41586-023-06252-9_3d2f22d6e6	same_broad_neighborhood	Same broad lineage	all_reported_markers	All reported markers	2	15	4	12	8	0.833333333333	0.55442362414	1.49817817319	0.181012136208	0.00854316546763	20.7982273543
hca	0255_10.1183_13993003.02441-2018_9965f84ef5	hca:0255_10.1183_13993003.02441-2018_9965f84ef5	same_broad_neighborhood	Same broad lineage	all_reported_markers	All reported markers	4	4	2	12	10	0.577380952381	0.472471474262	1.4930991359	0.0266964285714	0.00629028127534	5.86405182147
hca	0493_10.1161_circulationaha.119.045401_814f085618	hca:0493_10.1161_circulationaha.119.045401_814f085618	same_broad_neighborhood	Same broad lineage	all_reported_markers	All reported markers	1	6	3	12	9	0.6	0.405095621366	1.4811317831	0.0336633663366	0.00579970104634	5.80432785547
biorxiv	cf0d429c-6c7f-1014-a5a8-f09b6915373d	biorxiv:cf0d429c-6c7f-1014-a5a8-f09b6915373d	same_broad_neighborhood	Same broad lineage	all_reported_markers	All reported markers	5	15	4	12	8	0.666666666667	0.47832524843	1.47294371302	0.077027027027	0.00689448441247	7.17771402688
hca	0031_10.1016_j.jtos.2021.03.010_0c2fa1a2be	hca:0031_10.1016_j.jtos.2021.03.010_0c2fa1a2be	same_broad_neighborhood	Same broad lineage	all_reported_markers	All reported markers	1	5	3	12	9	0.25	0.170012605584	1.47047919853	0.0236486486486	0.00261506276151	9.04324324324
hca	0402_10.1016_j.cell.2021.04.038_26e3dc6d2f	hca:0402_10.1016_j.cell.2021.04.038_26e3dc6d2f	same_broad_neighborhood	Same broad lineage	all_reported_markers	All reported markers	8	8	3	12	9	0.733333333333	0.550630367181	1.46900217726	0.0321608040201	0.00562369129524	5.18792491871
hca	0045_10.15252_embj.2018100811_a99bb4a451	hca:0045_10.15252_embj.2018100811_a99bb4a451	same_broad_neighborhood	Same broad lineage	all_reported_markers	All reported markers	1	10	4	12	8	1	0.682040525642	1.46618853632	0.0181518151815	0.00628554325052	2.88786735816
hca	0512_10.1016_j.gastha.2022.12.004_3866b352db	hca:0512_10.1016_j.gastha.2022.12.004_3866b352db	same_broad_neighborhood	Same broad lineage	all_reported_markers	All reported markers	1	3	2	12	10	0.363636363636	0.248848042649	1.46127877787	0.0213544844417	0.00340773324644	6.26647771331
biorxiv	0bd28b37-6e2e-1014-871e-a496f0a6bacd	biorxiv:0bd28b37-6e2e-1014-871e-a496f0a6bacd	same_broad_neighborhood	Same broad lineage	all_reported_markers	All reported markers	2	7	3	12	9	0.666666666667	0.486928858879	1.45879220362	0.00819672131148	0.00849780701754	1.05335320417
hca	0163_10.1126_sciimmunol.abb4432_91494cf647	hca:0163_10.1126_sciimmunol.abb4432_91494cf647	same_broad_neighborhood	Same broad lineage	all_reported_markers	All reported markers	1	6	3	12	9	1	0.687964224582	1.45356395619	0.0282352941176	0.00603886397608	4.67559697146
hca	0112_10.1101_2022.02.09.479667_caaafb2f08	hca:0112_10.1101_2022.02.09.479667_caaafb2f08	same_broad_neighborhood	Same broad lineage	all_reported_markers	All reported markers	1	1	0	12	12	0.8	0.550382350836	1.45353498125	0.0101960784314	0.00477611940299	2.13480392157
hca	0458_10.1038_s41467-024-55325-4_d40c28a5ea	hca:0458_10.1038_s41467-024-55325-4_d40c28a5ea	same_broad_neighborhood	Same broad lineage	all_reported_markers	All reported markers	2	6	3	12	9	0.875	0.600404718021	1.4500862022	0.0463308457711	0.00614723467862	7.5112017552
hca	0100_10.1038_s41467-021-22804-x_e7667133b9	hca:0100_10.1038_s41467-021-22804-x_e7667133b9	same_broad_neighborhood	Same broad lineage	all_reported_markers	All reported markers	5	6	3	12	9	0.833333333333	0.514050408826	1.44820677197	0.070297029703	0.00697558545092	7.60892388451
hca	0290_10.1101_235499_566cff6e3c	hca:0290_10.1101_235499_566cff6e3c	same_broad_neighborhood	Same broad lineage	all_reported_markers	All reported markers	4	29	5	12	7	0.8125	0.396575968416	1.44413017091	0.0957463335819	0.00770118402569	14.6992465729
hca	0352_10.1038_nature25980_27cde67bed	hca:0352_10.1038_nature25980_27cde67bed	same_broad_neighborhood	Same broad lineage	all_reported_markers	All reported markers	1	8	3	12	9	1	0.693604077763	1.44174469566	0.0412541254125	0.00628178282979	6.56726386924
hca	0506_10.1038_s41591-022-01680-y_160aaf8b86	hca:0506_10.1038_s41591-022-01680-y_160aaf8b86	same_broad_neighborhood	Same broad lineage	all_reported_markers	All reported markers	8	11	4	12	8	1	0.699208321888	1.43019022344	0.047985750956	0.0063248502994	6.78437549246
hca	0247_10.1038_s41591-018-0096-5_140f8f392a	hca:0247_10.1038_s41591-018-0096-5_140f8f392a	same_broad_neighborhood	Same broad lineage	all_reported_markers	All reported markers	2	4	2	12	10	0.928571428571	0.700667592561	1.4277781512	0.0690362539158	0.00993523954384	6.95709369158
hca	0430_10.1101_2021.07.06.451312_11ba989c20	hca:0430_10.1101_2021.07.06.451312_11ba989c20	same_broad_neighborhood	Same broad lineage	all_reported_markers	All reported markers	3	5	3	12	9	0.8	0.516079596466	1.42228672417	0.0267326732673	0.00567842199641	4.70776446066
hca	0485_10.1038_s41467-021-26495-2_5e641690ff	hca:0485_10.1038_s41467-021-26495-2_5e641690ff	same_broad_neighborhood	Same broad lineage	all_reported_markers	All reported markers	1	4	2	12	10	0.25	0.176145022281	1.41928506842	0.00167785234899	0.00134448760084	1.24794929157
biorxiv	315fa881-726d-1014-9d3d-bbe9b5731a1d	biorxiv:315fa881-726d-1014-9d3d-bbe9b5731a1d	same_broad_neighborhood	Same broad lineage	all_reported_markers	All reported markers	4	6	3	12	9	1	0.712800371216	1.4024305265	0.09848143982	0.0135561249911	7.81114783233
biorxiv	824fd1db-6db8-1014-aa73-9a84848dcec3	biorxiv:824fd1db-6db8-1014-aa73-9a84848dcec3	same_broad_neighborhood	Same broad lineage	all_reported_markers	All reported markers	2	3	2	12	10	1	0.729439345652	1.39840272902	0.0801640566741	0.0121963361211	6.60326310061
hca	0164_10.1177_00220345221147908_13bf485ac8	hca:0164_10.1177_00220345221147908_13bf485ac8	same_broad_neighborhood	Same broad lineage	all_reported_markers	All reported markers	4	9	4	12	8	1	0.717112627352	1.39596119023	0.111637175195	0.00777977259126	11.1134831094
biorxiv	8c3ef8a4-6c0e-1014-9b81-f1618d3e39b1	biorxiv:8c3ef8a4-6c0e-1014-9b81-f1618d3e39b1	same_broad_neighborhood	Same broad lineage	all_reported_markers	All reported markers	1	5	3	12	9	1	0.71841156489	1.39195977469	0.0961968680089	0.0124526798167	7.72499328859
hca	0263_10.1126_science.abq3061_cd915f6391	hca:0263_10.1126_science.abq3061_cd915f6391	same_broad_neighborhood	Same broad lineage	all_reported_markers	All reported markers	1	2	1	12	11	1	0.71863715869	1.39152281218	0.0346534653465	0.00656912511197	5.27520252025
biorxiv	39510275-6e7f-1014-81d5-da3b7edd0de0	biorxiv:39510275-6e7f-1014-81d5-da3b7edd0de0	same_broad_neighborhood	Same broad lineage	all_reported_markers	All reported markers	1	1	0	12	12	0.4	0.287964855949	1.38905839285	0.0237623762376	0.00286567164179	8.29207920792
hca	0040_10.1016_j.xcrm.2021.100219_d37660c408	hca:0040_10.1016_j.xcrm.2021.100219_d37660c408	same_broad_neighborhood	Same broad lineage	all_reported_markers	All reported markers	1	15	4	12	8	0.666666666667	0.481606018311	1.38425734173	0.0406504065041	0.00589528377298	6.89541132699
hca	0184_10.1016_j.cell.2021.07.023_f621bea088	hca:0184_10.1016_j.cell.2021.07.023_f621bea088	same_broad_neighborhood	Same broad lineage	all_reported_markers	All reported markers	15	17	5	12	7	0.75	0.491925043905	1.37970975006	0.0122038765255	0.00569886022795	2.542982771
biorxiv	2439b48c-6d2d-1014-8b64-9f8fdc0d5fe9	biorxiv:2439b48c-6d2d-1014-8b64-9f8fdc0d5fe9	same_broad_neighborhood	Same broad lineage	all_reported_markers	All reported markers	4	6	3	12	9	0.9	0.646001770809	1.3758748191	0.0240695613646	0.00944693572496	2.54114966754
hca	0418_10.1038_s42003-020-0922-4_8904851286	hca:0418_10.1038_s42003-020-0922-4_8904851286	same_broad_neighborhood	Same broad lineage	all_reported_markers	All reported markers	8	11	4	12	8	1	0.542482335093	1.37173803417	0.0752417405318	0.00692365269461	8.40495547813
biorxiv	ebaf49e5-7438-1014-8951-c3e925f71d14	biorxiv:ebaf49e5-7438-1014-8951-c3e925f71d14	same_broad_neighborhood	Same broad lineage	all_reported_markers	All reported markers	1	5	3	12	9	0.8	0.583250816336	1.37162259802	0.0594059405941	0.0077106993425	7.70435183053
biorxiv	11b72b7e-6c1b-1014-84e4-aaf6df161d14	biorxiv:11b72b7e-6c1b-1014-84e4-aaf6df161d14	same_broad_neighborhood	Same broad lineage	all_reported_markers	All reported markers	1	2	1	12	11	1	0.731253725135	1.36751440113	0.0712871287129	0.00979396834876	7.27867664815
biorxiv	ab2a1489-7001-1014-b2bf-f5e47d205c33	biorxiv:ab2a1489-7001-1014-b2bf-f5e47d205c33	same_broad_neighborhood	Same broad lineage	all_reported_markers	All reported markers	1	2	1	12	11	0.6	0.439608769834	1.36484993288	0.0281879194631	0.00441922962078	6.3784690731
hca	0407_10.1093_humrep_deac183_7b0f560d74	hca:0407_10.1093_humrep_deac183_7b0f560d74	same_broad_neighborhood	Same broad lineage	all_reported_markers	All reported markers	2	5	3	12	9	0.733333333333	0.567348229978	1.36051256683	0.126138218756	0.00943415022913	14.2039665174
hca	0157_10.1126_science.abg0928_3795ca9b86	hca:0157_10.1126_science.abg0928_3795ca9b86	same_broad_neighborhood	Same broad lineage	all_reported_markers	All reported markers	1	1	0	12	12	0.8	0.588560476736	1.35924859317	0.00941176470588	0.00435820895522	2.15954875101
hca	0001_10.1016_j.celrep.2018.11.086_7aff07407b	hca:0001_10.1016_j.celrep.2018.11.086_7aff07407b	same_broad_neighborhood	Same broad lineage	all_reported_markers	All reported markers	4	7	3	12	9	0.785714285714	0.544640691815	1.3589004369	0.0742218653079	0.00815390749601	9.34659420215
hca	0342_10.18632_aging.203124_280d72e18e	hca:0342_10.18632_aging.203124_280d72e18e	same_broad_neighborhood	Same broad lineage	all_reported_markers	All reported markers	2	2	1	12	11	0.833333333333	0.637961593354	1.35575286889	0.148380221654	0.00910719617796	16.4865084931
hca	0124_10.1126_science.aba6500_a77c502bf7	hca:0124_10.1126_science.aba6500_a77c502bf7	same_broad_neighborhood	Same broad lineage	all_reported_markers	All reported markers	4	18	5	12	7	0.833333333333	0.523691258221	1.35136257976	0.0596179183136	0.00811331133113	5.7005713225
hca	0508_10.1016_j.devcel.2022.07.004_cfe769c9cf	hca:0508_10.1016_j.devcel.2022.07.004_cfe769c9cf	same_broad_neighborhood	Same broad lineage	all_reported_markers	All reported markers	1	1	0	12	12	1	0.742909851705	1.34605833764	0.0339869281046	0.00676616915423	5.02306805075
hca	0211_10.1016_j.cels.2022.06.005_7669df70b6	hca:0211_10.1016_j.cels.2022.06.005_7669df70b6	same_broad_neighborhood	Same broad lineage	all_reported_markers	All reported markers	1	2	1	12	11	1	0.743456519829	1.34506857271	0.140921409214	0.011048074052	12.7552918772
biorxiv	8a79edc5-6e0d-1014-bd87-aa1de4068967	biorxiv:8a79edc5-6e0d-1014-bd87-aa1de4068967	same_broad_neighborhood	Same broad lineage	all_reported_markers	All reported markers	3	4	2	12	10	0.875	0.447491424473	1.34233237013	0.0677595628415	0.00902300567673	6.40648926237
hca	0345_10.3389_fimmu.2021.645666_15198bd9bb	hca:0345_10.3389_fimmu.2021.645666_15198bd9bb	same_broad_neighborhood	Same broad lineage	all_reported_markers	All reported markers	5	5	3	12	9	0.5	0.341051399634	1.33628908496	0.0293088363955	0.00408447897988	7.17566096921
biorxiv	a0900ed8-7609-1014-846c-dd411913591f	biorxiv:a0900ed8-7609-1014-846c-dd411913591f	same_broad_neighborhood	Same broad lineage	all_reported_markers	All reported markers	3	6	3	12	9	0.75	0.561446637826	1.33583487632	0.0718954248366	0.00807174887892	8.9070442992
hca	0489_10.1016_j.cell.2021.02.018_b0761e6af0	hca:0489_10.1016_j.cell.2021.02.018_b0761e6af0	same_broad_neighborhood	Same broad lineage	all_reported_markers	All reported markers	1	1	0	12	12	0.4	0.303394038365	1.31841746844	0.0229508196721	0.00632835820896	3.62666254253
hca	0239_10.1038_s41467-021-24607-6_2a0350c2e5	hca:0239_10.1038_s41467-021-24607-6_2a0350c2e5	same_broad_neighborhood	Same broad lineage	all_reported_markers	All reported markers	2	7	3	12	9	1	0.774784343139	1.31820400709	0.102477477477	0.0118620414673	8.75418275418
hca	0108_10.1038_s41598-017-14676-3_ca30704700	hca:0108_10.1038_s41598-017-14676-3_ca30704700	same_broad_neighborhood	Same broad lineage	all_reported_markers	All reported markers	2	7	3	12	9	0.733333333333	0.565117700397	1.31740280384	0.0359638905067	0.00583133971292	6.48626286158
hca	0032_10.15252_msb.20209682_ea064ade0e	hca:0032_10.15252_msb.20209682_ea064ade0e	same_broad_neighborhood	Same broad lineage	all_reported_markers	All reported markers	2	5	3	12	9	1	0.79766843053	1.31630411144	0.0760407071106	0.011755329747	6.57021859176
hca	0085_10.1073_pnas.2200914119_3dd916fb05	hca:0085_10.1073_pnas.2200914119_3dd916fb05	same_broad_neighborhood	Same broad lineage	all_reported_markers	All reported markers	4	23	5	12	7	0.416666666667	0.363786715178	1.31375239133	0.0359797297297	0.00492037259615	6.69843928435
hca	0494_10.1038_s41467-021-27895-0_bbe3158fbf	hca:0494_10.1038_s41467-021-27895-0_bbe3158fbf	same_broad_neighborhood	Same broad lineage	all_reported_markers	All reported markers	1	6	3	12	9	1	0.764711196234	1.3076832207	0.0660066006601	0.00976581963129	6.75894120024
biorxiv	f787a6d9-6ce3-1014-a3f6-a662a1333571	biorxiv:f787a6d9-6ce3-1014-a3f6-a662a1333571	same_broad_neighborhood	Same broad lineage	all_reported_markers	All reported markers	2	9	4	12	8	1	0.808947163377	1.28425204405	0.0964872606664	0.0123089059355	7.51431454935
hca	0152_10.15252_embr.201847483_d14f9b2105	hca:0152_10.15252_embr.201847483_d14f9b2105	same_broad_neighborhood	Same broad lineage	all_reported_markers	All reported markers	1	2	1	12	11	1	0.791052664381	1.26413833747	0.102348993289	0.012466407883	8.20998271913
biorxiv	c8264099-6fc3-1014-9d27-9ae05a0c1d33	biorxiv:c8264099-6fc3-1014-9d27-9ae05a0c1d33	same_broad_neighborhood	Same broad lineage	all_reported_markers	All reported markers	2	2	1	12	11	1	0.820037662019	1.26039461258	0.0948294829483	0.011048074052	8.64377279833
biorxiv	bb90a40e-70a1-1014-887a-db6e99ca95cb	biorxiv:bb90a40e-70a1-1014-887a-db6e99ca95cb	same_broad_neighborhood	Same broad lineage	all_reported_markers	All reported markers	6	12	4	12	8	0.25	0.138696516024	1.25993194598	0.00323495107886	0.00062893081761	2.46720959478
hca	0233_10.1038_s41590-025-02241-4_110ace5bba	hca:0233_10.1038_s41590-025-02241-4_110ace5bba	same_broad_neighborhood	Same broad lineage	all_reported_markers	All reported markers	11	13	4	12	8	0.642857142857	0.374050821485	1.25837729085	0.0305555555556	0.00429398841622	4.93348186647
hca	0284_10.1002_hep4.1854_fe09f5fe1e	hca:0284_10.1002_hep4.1854_fe09f5fe1e	same_broad_neighborhood	Same broad lineage	all_reported_markers	All reported markers	3	21	5	12	7	1	0.797217528218	1.25436278632	0.0675675675676	0.00850850850851	7.83582089552
biorxiv	b88cbe76-6c0b-1014-a018-e498be98267a	biorxiv:b88cbe76-6c0b-1014-a018-e498be98267a	same_broad_neighborhood	Same broad lineage	all_reported_markers	All reported markers	1	4	2	12	10	1	0.799777501002	1.2503477514	0.102310231023	0.0112538591774	9.09112415666
biorxiv	96c0ca44-7598-1014-bd6e-c97aae1f298a	biorxiv:96c0ca44-7598-1014-bd6e-c97aae1f298a	same_broad_neighborhood	Same broad lineage	all_reported_markers	All reported markers	7	8	3	12	9	1	0.640419858731	1.24918050103	0.0777777777778	0.00889919234221	7.69197679072
biorxiv	380e1251-6c2c-1014-8b2d-a217f3491f5e	biorxiv:380e1251-6c2c-1014-8b2d-a217f3491f5e	same_broad_neighborhood	Same broad lineage	all_reported_markers	All reported markers	4	4	2	12	10	0.863636363636	0.694106786898	1.24849193869	0.0402236652237	0.00782247331396	4.91260401737
hca	0382_10.1371_journal.pbio.3002124_f92c982127	hca:0382_10.1371_journal.pbio.3002124_f92c982127	same_broad_neighborhood	Same broad lineage	all_reported_markers	All reported markers	5	7	3	12	9	0.631578947368	0.513807430205	1.24127597181	0.0246062992126	0.00555590531352	3.64354824651
hca	0033_10.26508_lsa.202000744_340b92b825	hca:0033_10.26508_lsa.202000744_340b92b825	same_broad_neighborhood	Same broad lineage	all_reported_markers	All reported markers	1	4	2	12	10	0.6	0.485785713838	1.2351124846	0.0241610738255	0.0058559904392	4.12587316806
hca	0349_10.1038_s41467-023-36296-4_67ae3c1e19	hca:0349_10.1038_s41467-023-36296-4_67ae3c1e19	same_broad_neighborhood	Same broad lineage	all_reported_markers	All reported markers	4	7	3	12	9	1	0.813286236301	1.22974909682	0.0866737342371	0.0116252990431	7.92529963016
hca	0217_10.1186_s40478-023-01568-z_30cfefc163	hca:0217_10.1186_s40478-023-01568-z_30cfefc163	same_broad_neighborhood	Same broad lineage	all_reported_markers	All reported markers	5	12	4	12	8	0.75	0.610687349689	1.22812434281	0.0429292929293	0.00636418089248	5.16788856305
biorxiv	a54482c5-73e0-1014-b3b0-b8dec8f62e56	biorxiv:a54482c5-73e0-1014-b3b0-b8dec8f62e56	same_broad_neighborhood	Same broad lineage	all_reported_markers	All reported markers	1	1	0	12	12	0.666666666667	0.545052617659	1.22312350233	0.0380313199105	0.00587064676617	6.47821635764
biorxiv	a6ffed23-717d-1014-ae02-d2e67f78dddd	biorxiv:a6ffed23-717d-1014-ae02-d2e67f78dddd	same_broad_neighborhood	Same broad lineage	all_reported_markers	All reported markers	2	3	2	12	10	1	0.828878720604	1.21972351522	0.07335468841	0.00876144962166	8.36373242366
biorxiv	466eace1-7692-1014-9cbc-8d16e477b905	biorxiv:466eace1-7692-1014-9cbc-8d16e477b905	same_broad_neighborhood	Same broad lineage	all_reported_markers	All reported markers	1	3	2	12	10	0.333333333333	0.273782958023	1.21750943061	0.00271002710027	0.00268817204301	1.0081300813
hca	0291_10.1016_j.cell.2019.06.024_7d6cf2f1e2	hca:0291_10.1016_j.cell.2019.06.024_7d6cf2f1e2	same_broad_neighborhood	Same broad lineage	all_reported_markers	All reported markers	2	4	2	12	10	0.916666666667	0.751766068503	1.21709971368	0.0650747427684	0.00820386415696	8.04792300611
hca	0460_10.1016_j.cell.2021.08.003_652ffcecb6	hca:0460_10.1016_j.cell.2021.08.003_652ffcecb6	same_broad_neighborhood	Same broad lineage	all_reported_markers	All reported markers	1	1	0	12	12	1	0.823473656904	1.21436792983	0.0973597359736	0.0121393034826	8.02020775848
hca	0393_10.1038_s42255-022-00531-x_b92878970e	hca:0393_10.1038_s42255-022-00531-x_b92878970e	same_broad_neighborhood	Same broad lineage	all_reported_markers	All reported markers	1	2	1	12	11	1	0.824883741633	1.21229204739	0.0928217821782	0.012466407883	7.44575206024
hca	0200_10.1242_dev.172361_e8969b05b0	hca:0200_10.1242_dev.172361_e8969b05b0	same_broad_neighborhood	Same broad lineage	all_reported_markers	All reported markers	1	6	3	12	9	0.666666666667	0.551761194623	1.20825218077	0.0425055928412	0.00677628300947	6.27270035531
biorxiv	d2042444-7138-1014-94ac-a1f590fd3173	biorxiv:d2042444-7138-1014-94ac-a1f590fd3173	same_broad_neighborhood	Same broad lineage	all_reported_markers	All reported markers	11	16	4	12	8	1	0.690172439373	1.20824054511	0.0760869565217	0.00647676161919	8.07371232991
biorxiv	c245f005-7ab6-1014-adbd-b49bd8bfffbc	biorxiv:c245f005-7ab6-1014-adbd-b49bd8bfffbc	same_broad_neighborhood	Same broad lineage	all_reported_markers	All reported markers	3	7	3	12	9	1	0.828785281772	1.20658513368	0.0761154855643	0.0091706539075	8.29989729545
biorxiv	c3556304-707d-1014-b47e-8d7767eb41eb	biorxiv:c3556304-707d-1014-b47e-8d7767eb41eb	same_broad_neighborhood	Same broad lineage	all_reported_markers	All reported markers	1	1	0	12	12	1	0.829262172439	1.20589125277	0.0758169934641	0.00915422885572	8.28218243819
hca	0205_10.1038_s41588-020-0636-z_f39ba80540	hca:0205_10.1038_s41588-020-0636-z_f39ba80540	same_broad_neighborhood	Same broad lineage	all_reported_markers	All reported markers	4	5	3	12	9	0.916666666667	0.705788925936	1.20023376666	0.0861872146119	0.0113568439928	6.87973656001
hca	0474_10.3389_fimmu.2021.689019_ff96e36403	hca:0474_10.3389_fimmu.2021.689019_ff96e36403	same_broad_neighborhood	Same broad lineage	all_reported_markers	All reported markers	11	17	5	12	7	1	0.836354805047	1.19566479916	0.054	0.0100979804039	6.9077739726
biorxiv	d8ee72e2-7047-1014-a159-a9ef37bce7a4	biorxiv:d8ee72e2-7047-1014-a159-a9ef37bce7a4	same_broad_neighborhood	Same broad lineage	all_reported_markers	All reported markers	7	16	4	12	8	0.666666666667	0.399626280741	1.19286100587	0.0676567656766	0.00619690154923	8.05025235901
biorxiv	7d48f408-80c3-1014-8100-959ab60f80b6	biorxiv:7d48f408-80c3-1014-8100-959ab60f80b6	same_broad_neighborhood	Same broad lineage	all_reported_markers	All reported markers	1	4	2	12	10	1	0.838653181187	1.19238801263	0.0792079207921	0.0115028383627	6.88594573743
hca	0047_10.15252_embj.2020107333_a4d0f57474	hca:0047_10.15252_embj.2020107333_a4d0f57474	same_broad_neighborhood	Same broad lineage	all_reported_markers	All reported markers	9	14	4	12	8	1	0.630584715296	1.18937231082	0.0833333333333	0.00981420437519	8.19180176007
biorxiv	72d8cdf5-6fa5-1014-b805-ea9c7c557043	biorxiv:72d8cdf5-6fa5-1014-b805-ea9c7c557043	same_broad_neighborhood	Same broad lineage	all_reported_markers	All reported markers	3	3	2	12	10	0.833333333333	0.704184172214	1.18340253334	0.03300330033	0.0071186778176	4.63615592328
hca	0095_10.1101_2021.09.16.460628_23a839e09f	hca:0095_10.1101_2021.09.16.460628_23a839e09f	same_broad_neighborhood	Same broad lineage	all_reported_markers	All reported markers	5	9	4	12	8	1	0.754207521906	1.18229007331	0.105855855856	0.0114701775384	7.37021396396
hca	0140_10.1101_2021.03.01.21252411_572fc1288d	hca:0140_10.1101_2021.03.01.21252411_572fc1288d	same_broad_neighborhood	Same broad lineage	all_reported_markers	All reported markers	3	5	3	12	9	0.833333333333	0.70923359258	1.17497724593	0.0597014925373	0.010460251046	5.70746268657
hca	0180_10.1016_j.immuni.2019.11.014_dd3bbb9bc1	hca:0180_10.1016_j.immuni.2019.11.014_dd3bbb9bc1	same_broad_neighborhood	Same broad lineage	all_reported_markers	All reported markers	3	3	2	12	10	1	0.776193965183	1.17246967763	0.0472440944882	0.00888590203106	5.27244094488
biorxiv	8e460cfc-7020-1014-9694-e5bf39316223	biorxiv:8e460cfc-7020-1014-9694-e5bf39316223	same_broad_neighborhood	Same broad lineage	all_reported_markers	All reported markers	1	1	0	12	12	1	0.853026694483	1.17229625575	0.0823529411765	0.00875621890547	9.4050802139
biorxiv	eda68d46-7b76-1014-b9f8-bf62f9afae8d	biorxiv:eda68d46-7b76-1014-b9f8-bf62f9afae8d	same_broad_neighborhood	Same broad lineage	all_reported_markers	All reported markers	6	7	3	12	9	0.541666666667	0.226902729129	1.16834445435	0.0231200997862	0.0022552830941	7.49127427348
biorxiv	9aa22010-6e01-1014-bc26-9535140d955f	biorxiv:9aa22010-6e01-1014-bc26-9535140d955f	same_broad_neighborhood	Same broad lineage	all_reported_markers	All reported markers	6	13	4	12	8	0.4375	0.439147715985	1.16625141854	0.0249058301006	0.00580437387657	2.87479549671
hca	0191_10.1126_sciimmunol.abh3768_bc0f7a7105	hca:0191_10.1126_sciimmunol.abh3768_bc0f7a7105	same_broad_neighborhood	Same broad lineage	all_reported_markers	All reported markers	3	5	3	12	9	0.2	0.171659520581	1.16509704398	0.00444444444444	0.00239091452481	1.85888888889
hca	0264_10.1186_s13059-022-02677-z_ec9d743757	hca:0264_10.1186_s13059-022-02677-z_ec9d743757	same_broad_neighborhood	Same broad lineage	all_reported_markers	All reported markers	11	15	4	12	8	1	0.802443715197	1.16206177386	0.0634920634921	0.0113908872902	6.83256528418
hca	0350_10.1038_s41421-020-0157-z_3083f6da26	hca:0350_10.1038_s41421-020-0157-z_3083f6da26	same_broad_neighborhood	Same broad lineage	all_reported_markers	All reported markers	5	26	5	12	7	0.857142857143	0.522361980581	1.16166630103	0.031179138322	0.00681704260652	4.85089869281
hca	0365_10.3389_fendo.2022.874915_81de77d539	hca:0365_10.3389_fendo.2022.874915_81de77d539	same_broad_neighborhood	Same broad lineage	all_reported_markers	All reported markers	6	9	4	12	8	0.9	0.617391043703	1.15996407629	0.0831315226117	0.0100738080989	6.91955472371
hca	0502_10.1016_j.xcrm.2024.101556_a84a219a11	hca:0502_10.1016_j.xcrm.2024.101556_a84a219a11	same_broad_neighborhood	Same broad lineage	all_reported_markers	All reported markers	1	14	4	12	8	0.333333333333	0.287389807817	1.15986483955	0.0335570469799	0.00389571471381	8.6138358286
hca	0039_10.1016_j.isci.2021.102405_1f6d3fbc60	hca:0039_10.1016_j.isci.2021.102405_1f6d3fbc60	same_broad_neighborhood	Same broad lineage	all_reported_markers	All reported markers	2	9	4	12	8	0.533333333333	0.45801982629	1.15703139201	0.0680327868852	0.00681228805107	9.22353586038
biorxiv	ca1bf343-7250-1014-ba36-aacb127d711a	biorxiv:ca1bf343-7250-1014-ba36-aacb127d711a	same_broad_neighborhood	Same broad lineage	all_reported_markers	All reported markers	4	4	2	12	10	0.5	0.433304188896	1.1539237626	0.10775862069	0.0103077382731	10.454147926
biorxiv	2696a317-6c07-1014-9562-d326b0aa508e	biorxiv:2696a317-6c07-1014-9562-d326b0aa508e	same_broad_neighborhood	Same broad lineage	all_reported_markers	All reported markers	2	4	2	12	10	1	0.87127763407	1.15160508913	0.0688976377953	0.0107559008067	6.37601465831
biorxiv	ab05f819-6c04-1014-81aa-9646e853264a	biorxiv:ab05f819-6c04-1014-81aa-9646e853264a	same_broad_neighborhood	Same broad lineage	all_reported_markers	All reported markers	6	10	4	12	8	0.9	0.673995879021	1.14815146917	0.0712396515446	0.00882969170907	7.72012468063
biorxiv	558bd04f-7a31-1014-843e-87e03b8b4f81	biorxiv:558bd04f-7a31-1014-843e-87e03b8b4f81	same_broad_neighborhood	Same broad lineage	all_reported_markers	All reported markers	1	1	0	12	12	0.5	0.43624830813	1.14613625012	0.0119261926193	0.00455223880597	2.61985214915
hca	0137_10.1084_jem.20221350_7ac74dedfd	hca:0137_10.1084_jem.20221350_7ac74dedfd	same_broad_neighborhood	Same broad lineage	all_reported_markers	All reported markers	1	1	0	12	12	1	0.87420815336	1.14389232834	0.134228187919	0.0146268656716	9.17682509245
biorxiv	e2efdcad-73c4-1014-9c6c-8a89f519fd2d	biorxiv:e2efdcad-73c4-1014-9c6c-8a89f519fd2d	same_broad_neighborhood	Same broad lineage	all_reported_markers	All reported markers	18	21	5	12	7	1	0.775640563794	1.13914351128	0.0471567622951	0.00990990990991	5.51978769733
biorxiv	03092aac-75a4-1014-b9cc-d44d468fbd97	biorxiv:03092aac-75a4-1014-b9cc-d44d468fbd97	same_broad_neighborhood	Same broad lineage	all_reported_markers	All reported markers	8	11	4	12	8	1	0.836335964439	1.1386338091	0.0596342611268	0.00998003992016	6.05342396645
biorxiv	ae5f009e-6d7a-1014-8ed6-cd1c0d2e0ada	biorxiv:ae5f009e-6d7a-1014-8ed6-cd1c0d2e0ada	same_broad_neighborhood	Same broad lineage	all_reported_markers	All reported markers	5	5	3	12	9	0.916666666667	0.794241625544	1.13746972087	0.0552077404667	0.0102361028093	5.57877492463
hca	0123_10.1371_journal.pone.0267704_5a8157f0f3	hca:0123_10.1371_journal.pone.0267704_5a8157f0f3	same_broad_neighborhood	Same broad lineage	all_reported_markers	All reported markers	4	14	4	12	8	1	0.810212720393	1.13432832252	0.0594679033121	0.0106782539207	6.94161997688
hca	0339_10.7150_thno.65694_e762e5f2bb	hca:0339_10.7150_thno.65694_e762e5f2bb	same_broad_neighborhood	Same broad lineage	all_reported_markers	All reported markers	5	9	4	12	8	0.2	0.4218454859	1.13254160422	0.00135135135135	0.00438858966687	1.32829888712
biorxiv	1e0a6787-73c3-1014-991b-bc3d9c192616	biorxiv:1e0a6787-73c3-1014-991b-bc3d9c192616	same_broad_neighborhood	Same broad lineage	all_reported_markers	All reported markers	6	7	3	12	9	0.6	0.531397852051	1.12909752586	0.00502512562814	0.00436602870813	1.15096028086
hca	0185_10.1038_s41598-019-45842-4_2aeb7a4d45	hca:0185_10.1038_s41598-019-45842-4_2aeb7a4d45	same_broad_neighborhood	Same broad lineage	all_reported_markers	All reported markers	1	1	0	12	12	0.9	0.798936844121	1.12649705245	0.0926174496644	0.0134328358209	6.89485458613
hca	0003_10.3389_fimmu.2021.645988_480a5ea7f6	hca:0003_10.3389_fimmu.2021.645988_480a5ea7f6	same_broad_neighborhood	Same broad lineage	all_reported_markers	All reported markers	2	7	3	12	9	0.230769230769	0.23227343812	1.12289495375	0.0171517671518	0.00267605201816	4.68944416114
hca	0151_10.1038_s41586-022-04718-w_1bf3167cbc	hca:0151_10.1038_s41586-022-04718-w_1bf3167cbc	same_broad_neighborhood	Same broad lineage	all_reported_markers	All reported markers	2	7	3	12	9	1	0.891295013739	1.12229490197	0.0629921259843	0.0100677830941	6.27896092428
biorxiv	1e500b21-6c04-1014-adde-c104b14bbdad	biorxiv:1e500b21-6c04-1014-adde-c104b14bbdad	same_broad_neighborhood	Same broad lineage	all_reported_markers	All reported markers	2	4	2	12	10	1	0.898585518045	1.11341925167	0.0785761154856	0.0121875311224	6.43559036163
biorxiv	c07140e5-7138-1014-aa16-8cb2f542cef3	biorxiv:c07140e5-7138-1014-aa16-8cb2f542cef3	same_broad_neighborhood	Same broad lineage	all_reported_markers	All reported markers	1	2	1	12	11	0.590909090909	0.533071962996	1.10849778628	0.0156862745098	0.00495398897907	3.16639269406
hca	0086_10.1186_s13059-018-1603-1_27b7304530	hca:0086_10.1186_s13059-018-1603-1_27b7304530	same_broad_neighborhood	Same broad lineage	all_reported_markers	All reported markers	1	1	0	12	12	0.666666666667	0.601521818853	1.10830005791	0.0496732026144	0.00606965174129	8.18386370942
biorxiv	1fa7b83f-6da7-1014-a69d-d257852e8dd1	biorxiv:1fa7b83f-6da7-1014-a69d-d257852e8dd1	same_broad_neighborhood	Same broad lineage	all_reported_markers	All reported markers	2	3	2	12	10	1	0.907355237208	1.1061854427	0.0989173228346	0.0116985264835	8.65239105664
biorxiv	9a5466f2-6c88-1014-bd5d-ff8513618027	biorxiv:9a5466f2-6c88-1014-bd5d-ff8513618027	same_broad_neighborhood	Same broad lineage	all_reported_markers	All reported markers	3	4	2	12	10	0.363636363636	0.329670193859	1.10303075744	0.0570107858243	0.00744221419453	7.66046022516
biorxiv	ba2fe3cc-7145-1014-8950-ece91a9c7114	biorxiv:ba2fe3cc-7145-1014-8950-ece91a9c7114	same_broad_neighborhood	Same broad lineage	all_reported_markers	All reported markers	1	1	0	12	12	1	0.913654877299	1.09450518445	0.0823529411765	0.00965174129353	8.5324439054
hca	0405_10.1016_j.ccell.2021.03.007_50f32173d6	hca:0405_10.1016_j.ccell.2021.03.007_50f32173d6	same_broad_neighborhood	Same broad lineage	all_reported_markers	All reported markers	4	12	4	12	8	1	0.918935584594	1.09287481426	0.116600790514	0.0138264949586	8.34200887769
biorxiv	9ca649fd-6cf8-1014-8427-cac0001a663e	biorxiv:9ca649fd-6cf8-1014-8427-cac0001a663e	same_broad_neighborhood	Same broad lineage	all_reported_markers	All reported markers	1	1	0	12	12	1	0.918659364879	1.08854275941	0.0980392156863	0.0157213930348	6.23603871929
hca	0355_10.3389_fgene.2021.745483_5f4326fce7	hca:0355_10.3389_fgene.2021.745483_5f4326fce7	same_broad_neighborhood	Same broad lineage	all_reported_markers	All reported markers	2	5	3	12	9	0.5	0.46008391716	1.08675826594	0.0371287128713	0.00672444710102	5.52145214521
hca	0366_10.1038_s41467-021-22164-6_097f05776f	hca:0366_10.1038_s41467-021-22164-6_097f05776f	same_broad_neighborhood	Same broad lineage	all_reported_markers	All reported markers	5	20	5	12	7	1	0.920398547817	1.08648585156	0.0677290836653	0.0125838086661	6.46628218006
biorxiv	396ad855-6e2e-1014-85f5-9bd33dea0f81	biorxiv:396ad855-6e2e-1014-85f5-9bd33dea0f81	same_broad_neighborhood	Same broad lineage	all_reported_markers	All reported markers	3	3	2	12	10	0.714285714286	0.65830082681	1.08504453465	0.0616246498599	0.00836320191159	7.11253949232
hca	0169_10.1038_s41586-022-04541-3_a47d9e6ca0	hca:0169_10.1038_s41586-022-04541-3_a47d9e6ca0	same_broad_neighborhood	Same broad lineage	all_reported_markers	All reported markers	1	1	0	12	12	1	0.924693778504	1.08143909178	0.147651006711	0.0194029850746	7.60970573051
biorxiv	e3312584-7421-1014-b0a7-823d4471ccf1	biorxiv:e3312584-7421-1014-b0a7-823d4471ccf1	same_broad_neighborhood	Same broad lineage	all_reported_markers	All reported markers	2	8	3	12	9	1	0.926103700612	1.08016553564	0.100485342652	0.0143085053345	7.02321460087
hca	0501_10.1126_sciimmunol.abb8786_1f1edec8bd	hca:0501_10.1126_sciimmunol.abb8786_1f1edec8bd	same_broad_neighborhood	Same broad lineage	all_reported_markers	All reported markers	8	8	3	12	9	0.928571428571	0.836361840111	1.07324640008	0.0481630824373	0.00883509251741	5.29249077531
hca	0364_10.1161_circulationaha.120.046528_00aa2deb4c	hca:0364_10.1161_circulationaha.120.046528_00aa2deb4c	same_broad_neighborhood	Same broad lineage	all_reported_markers	All reported markers	9	29	5	12	7	0.5	0.572546528079	1.07190081424	0.0449630051224	0.00769760041283	5.63203580632
biorxiv	de5904ff-71b0-1014-b1f7-fe7935302eab	biorxiv:de5904ff-71b0-1014-b1f7-fe7935302eab	same_broad_neighborhood	Same broad lineage	all_reported_markers	All reported markers	1	1	0	12	12	0.909090909091	0.848590462225	1.07129522374	0.0459893048128	0.0103934871099	4.42481953617
hca	0432_10.1172_jci.insight.156341_02dc39adcf	hca:0432_10.1172_jci.insight.156341_02dc39adcf	same_broad_neighborhood	Same broad lineage	all_reported_markers	All reported markers	2	10	4	12	8	1	0.937217058062	1.06801418177	0.0754921259843	0.0132220891949	5.90487528599
hca	0383_10.1126_sciadv.aaw3851_fd6802ffee	hca:0383_10.1126_sciadv.aaw3851_fd6802ffee	same_broad_neighborhood	Same broad lineage	all_reported_markers	All reported markers	1	5	3	12	9	0.666666666667	0.625746571672	1.06539403785	0.0514541387025	0.00956365809922	5.38017337808
hca	0340_10.1038_s41467-020-16164-1_15fae00c00	hca:0340_10.1038_s41467-020-16164-1_15fae00c00	same_broad_neighborhood	Same broad lineage	all_reported_markers	All reported markers	1	3	2	12	10	0.8	0.753849177199	1.0612202337	0.0257425742574	0.00818399044205	3.14547951145
hca	0318_10.1158_1078-0432.ccr-19-0148_d4eb569329	hca:0318_10.1158_1078-0432.ccr-19-0148_d4eb569329	same_broad_neighborhood	Same broad lineage	all_reported_markers	All reported markers	1	1	0	12	12	1	0.946009068019	1.05707231971	0.0718954248366	0.0139800995025	5.14269764845
hca	0098_10.1038_s41586-020-03148-w_f50cb505c0	hca:0098_10.1038_s41586-020-03148-w_f50cb505c0	same_broad_neighborhood	Same broad lineage	all_reported_markers	All reported markers	1	2	1	12	11	1	0.946782107139	1.05620922962	0.0954248366013	0.0136359112173	6.99805352798
biorxiv	9e5c18fc-76e5-1014-9f81-96148d260e0f	biorxiv:9e5c18fc-76e5-1014-9f81-96148d260e0f	same_broad_neighborhood	Same broad lineage	all_reported_markers	All reported markers	1	4	2	12	10	1	0.946866176146	1.05611545242	0.0954248366013	0.0136440593566	6.99387433806
biorxiv	8060bfa3-6d4f-1014-b2ea-be74caad434f	biorxiv:8060bfa3-6d4f-1014-b2ea-be74caad434f	same_broad_neighborhood	Same broad lineage	all_reported_markers	All reported markers	1	1	0	12	12	1	0.948071103839	1.05477320841	0.100980392157	0.0126119402985	8.00672931895
hca	0219_10.1016_j.cell.2020.06.026_35457f0d2b	hca:0219_10.1016_j.cell.2020.06.026_35457f0d2b	same_broad_neighborhood	Same broad lineage	all_reported_markers	All reported markers	1	1	0	12	12	0.909090909091	0.865698847362	1.05012373744	0.0659536541889	0.0104748982361	6.29635273799
hca	0426_10.1038_s41467-019-12464-3_0f8440336d	hca:0426_10.1038_s41467-019-12464-3_0f8440336d	same_broad_neighborhood	Same broad lineage	all_reported_markers	All reported markers	6	11	4	12	8	1	0.925210718535	1.04821587523	0.0725333333333	0.0119161676647	7.1494918229
hca	0343_10.1038_s41597-019-0351-8_0cf4fb36a1	hca:0343_10.1038_s41597-019-0351-8_0cf4fb36a1	same_broad_neighborhood	Same broad lineage	all_reported_markers	All reported markers	1	3	2	12	10	1	0.954452277149	1.04772132032	0.108496732026	0.0140382317802	7.72866082603
biorxiv	39623bbc-6d42-1014-9e37-a92d75e9c8ca	biorxiv:39623bbc-6d42-1014-9e37-a92d75e9c8ca	same_broad_neighborhood	Same broad lineage	all_reported_markers	All reported markers	2	6	3	12	9	0.785714285714	0.757941958697	1.04513450943	0.0462572020678	0.0122428642608	3.20299031342
hca	0379_10.1038_s41698-022-00300-9_7bb9a273c6	hca:0379_10.1038_s41698-022-00300-9_7bb9a273c6	same_broad_neighborhood	Same broad lineage	all_reported_markers	All reported markers	4	6	3	12	9	0.909090909091	0.872809830568	1.044289492	0.0841600529101	0.0126919418399	6.74692831678
hca	0161_10.1681_asn.2020030326_bf5d42b566	hca:0161_10.1681_asn.2020030326_bf5d42b566	same_broad_neighborhood	Same broad lineage	all_reported_markers	All reported markers	4	5	3	12	9	0.666666666667	0.570519194396	1.04244942327	0.0541044776119	0.0073097230524	5.24270366757
hca	0357_10.1126_science.abf1970_a409ac73f2	hca:0357_10.1126_science.abf1970_a409ac73f2	same_broad_neighborhood	Same broad lineage	all_reported_markers	All reported markers	2	3	2	12	10	1	0.961987511959	1.03954259346	0.0876968503937	0.013903823178	6.3078469805
hca	0193_10.15252_emmm.202012871_3b35c5fb8f	hca:0193_10.15252_emmm.202012871_3b35c5fb8f	same_broad_neighborhood	Same broad lineage	all_reported_markers	All reported markers	1	3	2	12	10	0.333333333333	0.321675636019	1.03624053552	0.0212527964206	0.00378335324572	5.61744966443
hca	0491_10.1016_j.celrep.2018.09.006_befb59b9fa	hca:0491_10.1016_j.celrep.2018.09.006_befb59b9fa	same_broad_neighborhood	Same broad lineage	all_reported_markers	All reported markers	1	12	4	12	8	0.833333333333	0.806716380712	1.03299418886	0.0562091503268	0.0114305680343	4.91744156178
hca	0215_10.1038_s42003-020-01625-6_cc9e14f4ea	hca:0215_10.1038_s42003-020-01625-6_cc9e14f4ea	same_broad_neighborhood	Same broad lineage	all_reported_markers	All reported markers	10	14	4	12	8	1	0.879701494059	1.02794420129	0.0786099865047	0.0112001798022	7.31071653364
biorxiv	750a2ba6-6eaa-1014-b156-e23e824a62e0	biorxiv:750a2ba6-6eaa-1014-b156-e23e824a62e0	same_broad_neighborhood	Same broad lineage	all_reported_markers	All reported markers	2	3	2	12	10	1	0.975674198766	1.02498188464	0.109005905512	0.0166704002389	6.51047720852
hca	0201_10.1038_s41467-019-13382-0_3e98068ead	hca:0201_10.1038_s41467-019-13382-0_3e98068ead	same_broad_neighborhood	Same broad lineage	all_reported_markers	All reported markers	3	7	3	12	9	0.333333333333	0.325914791447	1.02276221295	0.0113378684807	0.00309011164274	3.66908053544
hca	0142_10.1016_j.immuni.2023.01.032_b86bd8b65d	hca:0142_10.1016_j.immuni.2023.01.032_b86bd8b65d	same_broad_neighborhood	Same broad lineage	all_reported_markers	All reported markers	1	4	2	12	10	1	0.979082546854	1.02136434074	0.101960784314	0.0166118912459	6.13781915644
hca	0354_10.1172_jci128475_002a5124c6	hca:0354_10.1172_jci128475_002a5124c6	same_broad_neighborhood	Same broad lineage	all_reported_markers	All reported markers	1	1	0	12	12	1	0.979280566243	1.02115781163	0.130718954248	0.0163184079602	8.01052128168
biorxiv	5200cce7-72d7-1014-98f6-994ae061fa4b	biorxiv:5200cce7-72d7-1014-98f6-994ae061fa4b	same_broad_neighborhood	Same broad lineage	all_reported_markers	All reported markers	1	3	2	12	10	0.666666666667	0.661686826219	1.00752597793	0.0874587458746	0.0109518120271	7.98577857786
hca	0367_10.1073_pnas.2103240118_fda266512b	hca:0367_10.1073_pnas.2103240118_fda266512b	same_broad_neighborhood	Same broad lineage	all_reported_markers	All reported markers	1	9	4	12	8	0.8	0.802157301269	0.997310625652	0.039603960396	0.0110712148414	3.57720096334
biorxiv	55d0fee5-7079-1014-8ef3-9aa3522a8f21	biorxiv:55d0fee5-7079-1014-8ef3-9aa3522a8f21	same_broad_neighborhood	Same broad lineage	all_reported_markers	All reported markers	2	4	2	12	10	0.380952380952	0.38600456332	0.990986032061	0.00734423122483	0.00334343477457	2.19746276358
hca	0398_10.3389_fimmu.2022.1034159_e51dfc8bb5	hca:0398_10.3389_fimmu.2022.1034159_e51dfc8bb5	same_broad_neighborhood	Same broad lineage	all_reported_markers	All reported markers	5	6	3	12	9	0.4	0.585854834946	0.986052633332	0.0128805620609	0.00621823617339	3.2605228179
biorxiv	c704e998-6f4b-1014-8cb1-c3d28b577fb8	biorxiv:c704e998-6f4b-1014-8cb1-c3d28b577fb8	same_broad_neighborhood	Same broad lineage	all_reported_markers	All reported markers	1	1	0	12	12	0.666666666667	0.686377402707	0.971282947308	0.0162601626016	0.011144278607	1.45905923345
hca	0078_10.1038_s41586-021-03570-8_93e4f0be8b	hca:0078_10.1038_s41586-021-03570-8_93e4f0be8b	same_broad_neighborhood	Same broad lineage	all_reported_markers	All reported markers	2	4	2	12	10	0.5	0.346958591989	0.957389374334	0.00912106135987	0.00258938352754	2.18058516939
hca	0060_10.3389_fcell.2022.872688_ac00c45d48	hca:0060_10.3389_fcell.2022.872688_ac00c45d48	same_broad_neighborhood	Same broad lineage	all_reported_markers	All reported markers	8	12	4	12	8	0.142857142857	0.256709981658	0.950278417699	0.0016831056747	0.00262803234501	1.86900834658
hca	0144_10.1016_j.ebiom.2025.106036_833fbd27b6	hca:0144_10.1016_j.ebiom.2025.106036_833fbd27b6	same_broad_neighborhood	Same broad lineage	all_reported_markers	All reported markers	1	1	0	12	12	0.75	0.79629730297	0.941859274422	0.0617647058824	0.010671641791	5.78774167009
hca	0275_10.1016_j.cell.2020.08.001_8e5789b307	hca:0275_10.1016_j.cell.2020.08.001_8e5789b307	same_broad_neighborhood	Same broad lineage	all_reported_markers	All reported markers	1	7	3	12	9	0.666666666667	0.708569853186	0.940862306898	0.016501650165	0.00657894736842	2.50825082508
hca	0470_10.21203_rs.3.rs-2402606_v1_8de4ac8813	hca:0470_10.21203_rs.3.rs-2402606_v1_8de4ac8813	same_broad_neighborhood	Same broad lineage	all_reported_markers	All reported markers	1	1	0	12	12	0.5	0.533319312377	0.937524646861	0.0251677852349	0.00723880597015	3.47678682626
hca	0198_10.1038_s41467-021-27619-4_12529026b3	hca:0198_10.1038_s41467-021-27619-4_12529026b3	same_broad_neighborhood	Same broad lineage	all_reported_markers	All reported markers	3	5	3	12	9	0.666666666667	0.511942449707	0.913141113696	0.0130718954248	0.00747160789002	1.42625745951
biorxiv	5daa9342-6d02-1014-8cb5-fa421631d820	biorxiv:5daa9342-6d02-1014-8cb5-fa421631d820	same_broad_neighborhood	Same broad lineage	all_reported_markers	All reported markers	1	3	2	12	10	0.375	0.421128313998	0.890464942714	0.0446078431373	0.00601105137395	7.42097186701
biorxiv	611722dd-8008-1014-b70e-fa0b81b0ac37	biorxiv:611722dd-8008-1014-b70e-fa0b81b0ac37	same_broad_neighborhood	Same broad lineage	all_reported_markers	All reported markers	3	6	3	12	9	0.6	0.70516347689	0.850866529058	0.00629921259843	0.00520179372197	1.21096931849
hca	0453_10.1038_s41586-022-05060-x_14fb298894	hca:0453_10.1038_s41586-022-05060-x_14fb298894	same_broad_neighborhood	Same broad lineage	all_reported_markers	All reported markers	2	6	3	12	9	0.416666666667	0.484955454406	0.850508346839	0.0209454670299	0.00759840558047	2.74897653733
hca	0107_10.1101_2022.10.24.513487_4d505f4f68	hca:0107_10.1101_2022.10.24.513487_4d505f4f68	same_broad_neighborhood	Same broad lineage	all_reported_markers	All reported markers	1	1	0	12	12	0.333333333333	0.3970408196	0.839544240487	0.00271002710027	0.00477611940299	0.567411924119
biorxiv	de6d33dd-734f-1014-a302-e21bedf0ba65	biorxiv:de6d33dd-734f-1014-a302-e21bedf0ba65	same_broad_neighborhood	Same broad lineage	all_reported_markers	All reported markers	2	3	2	12	10	0.666666666667	0.751916509963	0.837532069246	0.0385170603675	0.0100457984867	3.64916207621
biorxiv	b71d9b5e-6f1d-1014-9408-ec8c7da502b4	biorxiv:b71d9b5e-6f1d-1014-9408-ec8c7da502b4	same_broad_neighborhood	Same broad lineage	all_reported_markers	All reported markers	1	2	1	12	11	0.75	0.909229000551	0.824874701033	0.0588235294118	0.00948044192296	6.20472440945
biorxiv	2351d19e-6c56-1014-8708-9339c5f1215f	biorxiv:2351d19e-6c56-1014-8708-9339c5f1215f	same_broad_neighborhood	Same broad lineage	all_reported_markers	All reported markers	1	1	0	12	12	0.142857142857	0.17845040197	0.8005425669	0.000560224089636	0.00089552238806	0.62558356676
hca	0362_10.1038_s41591-019-0733-7_d499f1b21b	hca:0362_10.1038_s41591-019-0733-7_d499f1b21b	same_broad_neighborhood	Same broad lineage	all_reported_markers	All reported markers	2	4	2	12	10	0.366666666667	0.486681765898	0.753037517865	0.0290026246719	0.00659296882781	3.95831422878
hca	0111_10.1038_s41586-020-2157-4_a7b8710c09	hca:0111_10.1038_s41586-020-2157-4_a7b8710c09	same_broad_neighborhood	Same broad lineage	all_reported_markers	All reported markers	4	4	2	12	10	0.333333333333	0.421962969517	0.745357947555	0.00704225352113	0.00811672144209	0.854258744858
biorxiv	41a5df78-7c74-1014-a3a2-9b6aef50b1e5	biorxiv:41a5df78-7c74-1014-a3a2-9b6aef50b1e5	same_broad_neighborhood	Same broad lineage	all_reported_markers	All reported markers	1	2	1	12	11	0.333333333333	0.449224956607	0.742018733445	0.0261437908497	0.00492684383398	5.3063973064
hca	0223_10.1126_science.abo7257_14645ac97f	hca:0223_10.1126_science.abo7257_14645ac97f	same_broad_neighborhood	Same broad lineage	all_reported_markers	All reported markers	1	9	4	12	8	0.25	0.338459620186	0.738640549978	0.00990099009901	0.00239377618193	4.13613861386
hca	0082_10.1016_j.cell.2020.08.013_e864ee2cef	hca:0082_10.1016_j.cell.2020.08.013_e864ee2cef	same_broad_neighborhood	Same broad lineage	all_reported_markers	All reported markers	2	12	4	12	8	0.333333333333	0.332792987055	0.719527420099	0.0236486486486	0.00635586170177	2.19341216216
hca	0125_10.1016_j.celrep.2023.111994_fd20125b65	hca:0125_10.1016_j.celrep.2023.111994_fd20125b65	same_broad_neighborhood	Same broad lineage	all_reported_markers	All reported markers	2	4	2	12	10	0.196428571429	0.290004388566	0.686627737432	0.00349903474903	0.00330253105126	1.07346356676
hca	0011_10.1038_s41413-021-00163-z_07f1a1af96	hca:0011_10.1038_s41413-021-00163-z_07f1a1af96	same_broad_neighborhood	Same broad lineage	all_reported_markers	All reported markers	2	17	5	12	7	0.5	0.534825403982	0.628127909446	0.0484234234234	0.00869826034793	3.18638869132
biorxiv	1efd9fbe-6f02-1014-8df4-f37a8d806beb	biorxiv:1efd9fbe-6f02-1014-8df4-f37a8d806beb	same_broad_neighborhood	Same broad lineage	all_reported_markers	All reported markers	2	2	1	12	11	0.366666666667	0.686707245193	0.550705850838	0.00182421227197	0.00949537175276	0.203247059658
biorxiv	ee1031b0-6c51-1014-b641-cbb0196af9f8	biorxiv:ee1031b0-6c51-1014-b641-cbb0196af9f8	same_broad_neighborhood	Same broad lineage	all_reported_markers	All reported markers	3	6	3	12	9	0.25	0.439939989471	0.506790048167	0.00275482093664	0.00548081714001	0.265813731723
biorxiv	dd32f357-70c5-1014-bad0-ccf1b5b647f4	biorxiv:dd32f357-70c5-1014-bad0-ccf1b5b647f4	same_broad_neighborhood	Same broad lineage	all_reported_markers	All reported markers	1	7	3	12	9	0.333333333333	0.6762085317	0.492944583967	0.0280528052805	0.00677830940989	4.13861386139
biorxiv	38f92858-6c77-1014-a70a-b9d4e7b85d53	biorxiv:38f92858-6c77-1014-a70a-b9d4e7b85d53	same_broad_neighborhood	Same broad lineage	all_reported_markers	All reported markers	3	3	2	12	10	0.2	0.700375484264	0.419735451507	0.0119402985075	0.00858721624851	1.86804296276
hca	0463_10.7554_elife.81525_0f73520e7f	hca:0463_10.7554_elife.81525_0f73520e7f	same_broad_neighborhood	Same broad lineage	all_reported_markers	All reported markers	2	4	2	12	10	0.125	0.339071941835	0.364456821365	0.00609756097561	0.00388407529131	1.70071138211
biorxiv	b4865554-70d4-1014-b98c-d54405b178ea	biorxiv:b4865554-70d4-1014-b98c-d54405b178ea	same_broad_neighborhood	Same broad lineage	all_reported_markers	All reported markers	1	3	2	12	10	0.25	0.861999613388	0.290023331933	0.0049504950495	0.00993130227001	0.498473907541
biorxiv	e91c125a-709d-1014-bc43-9d192767cd15	biorxiv:e91c125a-709d-1014-bc43-9d192767cd15	same_broad_neighborhood	Same broad lineage	all_reported_markers	All reported markers	2	4	2	12	10	0.0208333333333	0.0801353076107	0.23015554128	0.000139821029083	0.000670998904492	0.204209884076
biorxiv	001efeeb-7491-1014-a82f-ef19de5990ad	biorxiv:001efeeb-7491-1014-a82f-ef19de5990ad	same_broad_neighborhood	Same broad lineage	all_reported_markers	All reported markers	1	1	0	12	12	0	0.0385355429766	0	0	0.000331674958541	0
biorxiv	0c5b4463-70b4-1014-b7ae-f953f2710002	biorxiv:0c5b4463-70b4-1014-b7ae-f953f2710002	same_broad_neighborhood	Same broad lineage	all_reported_markers	All reported markers	1	3	2	12	10	0	0.022736715655	0	0	0.000328554360812	0
biorxiv	416666f2-6cf5-1014-99b7-f739c447cf39	biorxiv:416666f2-6cf5-1014-99b7-f739c447cf39	same_broad_neighborhood	Same broad lineage	all_reported_markers	All reported markers	1	1	0	12	12	0	0.220341539809	0	0	0.00380597014925	0
biorxiv	6fb28072-6dd0-1014-8b19-92c97662cd76	biorxiv:6fb28072-6dd0-1014-8b19-92c97662cd76	same_broad_neighborhood	Same broad lineage	all_reported_markers	All reported markers	1	1	0	12	12	0	0.0282511735706	0	0	0.000119402985075	0
biorxiv	9912495b-7074-1014-acf9-d95bb2127278	biorxiv:9912495b-7074-1014-acf9-d95bb2127278	same_broad_neighborhood	Same broad lineage	all_reported_markers	All reported markers	1	1	0	12	12	0	0.0195083409974	0	0	9.95024875622e-05	0
biorxiv	b629f2a0-6f39-1014-bcfe-d40330cad081	biorxiv:b629f2a0-6f39-1014-bcfe-d40330cad081	same_broad_neighborhood	Same broad lineage	all_reported_markers	All reported markers	1	4	2	12	10	0	0.23600042854	0	0	0.00219101683099	0
biorxiv	b9f9eea1-7c5b-1014-87f0-cbc500249f07	biorxiv:b9f9eea1-7c5b-1014-87f0-cbc500249f07	same_broad_neighborhood	Same broad lineage	all_reported_markers	All reported markers	2	2	1	12	11	0	0.0136486869178	0	0	0.000348362695332	0
biorxiv	bd0ff218-6c18-1014-ac36-a01faa0bb6b7	biorxiv:bd0ff218-6c18-1014-ac36-a01faa0bb6b7	same_broad_neighborhood	Same broad lineage	all_reported_markers	All reported markers	2	3	2	12	10	0	0.165087213353	0	0	0.00089605734767	0
biorxiv	d249a77b-6c97-1014-8df4-e171a53e6bf0	biorxiv:d249a77b-6c97-1014-8df4-e171a53e6bf0	same_broad_neighborhood	Same broad lineage	all_reported_markers	All reported markers	1	2	1	12	11	0	0.0715403259521	0	0	0.000298596595999	0
hca	0021_10.1038_s41586-023-06806-x_7900919dd3	hca:0021_10.1038_s41586-023-06806-x_7900919dd3	same_broad_neighborhood	Same broad lineage	all_reported_markers	All reported markers	1	9	4	12	8	0	0.0929800390674	0	0	0.000797925393976	0
hca	0048_10.1038_s41588-022-01243-4_ae2af85553	hca:0048_10.1038_s41588-022-01243-4_ae2af85553	same_broad_neighborhood	Same broad lineage	all_reported_markers	All reported markers	1	10	4	12	8	0	0.188947324369	0	0	0.00179586950015	0
hca	0120_10.1038_s41467-022-34255-z_c90043e943	hca:0120_10.1038_s41467-022-34255-z_c90043e943	same_broad_neighborhood	Same broad lineage	all_reported_markers	All reported markers	2	8	3	12	9	0	0.0786363466175	0	0	0.00224349386778	0
hca	0182_10.1126_sciimmunol.abk1741_33c534a538	hca:0182_10.1126_sciimmunol.abk1741_33c534a538	same_broad_neighborhood	Same broad lineage	all_reported_markers	All reported markers	1	2	1	12	11	0	0.972837115237	0	0	0.0147307654026	0
hca	0216_10.1038_s41588-021-00972-2_b07f96cf7c	hca:0216_10.1038_s41588-021-00972-2_b07f96cf7c	same_broad_neighborhood	Same broad lineage	all_reported_markers	All reported markers	1	3	2	12	10	0	0.233595327073	0	0	0.00224014336918	0
hca	0285_10.26502_fccm.92920277_c5e967ab20	hca:0285_10.26502_fccm.92920277_c5e967ab20	same_broad_neighborhood	Same broad lineage	all_reported_markers	All reported markers	1	1	0	12	12	0	0.191133995556	0	0	0.00553595658073	0
biorxiv	ede8f8d0-6d2d-1014-a8e8-fbbc8a92dcf4	biorxiv:ede8f8d0-6d2d-1014-a8e8-fbbc8a92dcf4	same_broad_neighborhood	Same broad lineage	local_private_markers	Local-only markers	1	2	1	12	11	1	0.0360663993476	27.7266380367	0.00813008130081	0.000298596595999	27.2276422764
biorxiv	5a3c7d4e-70da-1014-80b6-cd48bfa975fe	biorxiv:5a3c7d4e-70da-1014-80b6-cd48bfa975fe	same_broad_neighborhood	Same broad lineage	local_private_markers	Local-only markers	1	10	4	12	8	0.333333333333	0.0371910068631	8.96274022804	0.0666666666667	0.00758256011174	8.79210526316
hca	0384_10.1038_s41422-021-00529-2_d6c8237ebe	hca:0384_10.1038_s41422-021-00529-2_d6c8237ebe	same_broad_neighborhood	Same broad lineage	local_private_markers	Local-only markers	1	22	5	12	7	1	0.112813365151	8.86419794907	0.05	0.0030039050766	16.645
biorxiv	06056998-6fcf-1014-a978-d2cf5726c0ad	biorxiv:06056998-6fcf-1014-a978-d2cf5726c0ad	same_broad_neighborhood	Same broad lineage	local_private_markers	Local-only markers	1	1	0	12	12	0.75	0.104700335267	7.16330084417	0.0298913043478	0.00134328358209	22.2524154589
biorxiv	fc7595eb-733c-1014-9892-ed444a916a2a	biorxiv:fc7595eb-733c-1014-9892-ed444a916a2a	same_broad_neighborhood	Same broad lineage	local_private_markers	Local-only markers	1	4	2	12	10	1	0.157060174658	6.36698642527	0.175	0.00428244198785	40.8645348837
hca	0128_10.1016_j.devcel.2020.07.023_7908e44bb1	hca:0128_10.1016_j.devcel.2020.07.023_7908e44bb1	same_broad_neighborhood	Same broad lineage	local_private_markers	Local-only markers	1	6	3	12	9	1	0.16553128053	6.04115425675	0.0472972972973	0.00254110612855	18.6128775835
biorxiv	fa200037-7001-1014-b4a8-b2d1b5dda72e	biorxiv:fa200037-7001-1014-b4a8-b2d1b5dda72e	same_broad_neighborhood	Same broad lineage	local_private_markers	Local-only markers	2	2	1	12	11	0.583333333333	0.0974630363893	6.02521935682	0.0886752136752	0.00274957698816	32.4771531887
hca	0295_10.1016_j.isci.2021.102551_1c1e582cdd	hca:0295_10.1016_j.isci.2021.102551_1c1e582cdd	same_broad_neighborhood	Same broad lineage	local_private_markers	Local-only markers	2	6	3	12	9	0.9	0.204497457185	5.90301353296	0.0109797297297	0.00169656203288	7.76473487229
biorxiv	b7d0eaf3-6f9e-1014-bc01-ef7867d59c7e	biorxiv:b7d0eaf3-6f9e-1014-bc01-ef7867d59c7e	same_broad_neighborhood	Same broad lineage	local_private_markers	Local-only markers	1	6	3	12	9	1	0.172619656005	5.79308303088	0.0325203252033	0.001644245142	19.77827051
hca	0273_10.15252_embj.20105114_43aa56d0ae	hca:0273_10.15252_embj.20105114_43aa56d0ae	same_broad_neighborhood	Same broad lineage	local_private_markers	Local-only markers	1	1	0	12	12	1	0.178892835469	5.58993878866	0.0121951219512	0.00164179104478	7.42793791574
biorxiv	0bd28b37-6e2e-1014-871e-a496f0a6bacd	biorxiv:0bd28b37-6e2e-1014-871e-a496f0a6bacd	same_broad_neighborhood	Same broad lineage	local_private_markers	Local-only markers	1	7	3	12	9	0.666666666667	0.124764334535	5.34340738601	0.00819672131148	0.00109649122807	7.47540983607
hca	0442_10.1038_s41591-024-03011-9_e42f5ec07c	hca:0442_10.1038_s41591-024-03011-9_e42f5ec07c	same_broad_neighborhood	Same broad lineage	local_private_markers	Local-only markers	2	6	3	12	9	0.8375	0.337777273084	4.95137862925	0.030537890832	0.00453662182362	9.61682177919
hca	0090_10.1038_s41586-021-03852-1_eec89a5e36	hca:0090_10.1038_s41586-021-03852-1_eec89a5e36	same_broad_neighborhood	Same broad lineage	local_private_markers	Local-only markers	5	27	5	12	7	1	0.17590392027	4.89069238917	0.0194444444444	0.00165463297232	9.35810810811
hca	0281_10.1016_j.devcel.2019.06.001_238d93bfef	hca:0281_10.1016_j.devcel.2019.06.001_238d93bfef	same_broad_neighborhood	Same broad lineage	local_private_markers	Local-only markers	2	10	4	12	8	0.25	0.126703576592	4.62857014442	0.0559360730594	0.00274368951412	14.3755707763
biorxiv	36b52534-7118-1014-9621-c8d35d0ed1df	biorxiv:36b52534-7118-1014-9621-c8d35d0ed1df	same_broad_neighborhood	Same broad lineage	local_private_markers	Local-only markers	1	1	0	12	12	0.428571428571	0.0929217649688	4.61217486253	0.002828854314	0.000511727078891	5.52805280528
hca	0279_10.1186_s12860-019-0199-y_bf14d4299c	hca:0279_10.1186_s12860-019-0199-y_bf14d4299c	same_broad_neighborhood	Same broad lineage	local_private_markers	Local-only markers	2	2	1	12	11	0.628571428571	0.148966892968	4.58846058218	0.0791208791209	0.00422727466621	19.8151122313
hca	0412_10.1038_s41598-019-57110-6_5feef6086a	hca:0412_10.1038_s41598-019-57110-6_5feef6086a	same_broad_neighborhood	Same broad lineage	local_private_markers	Local-only markers	1	2	1	12	11	1	0.220205656296	4.54120941678	0.045045045045	0.00348362695332	12.9305019305
hca	0075_10.1126_scitranslmed.abm1375_6de08b3db5	hca:0075_10.1126_scitranslmed.abm1375_6de08b3db5	same_broad_neighborhood	Same broad lineage	local_private_markers	Local-only markers	2	2	1	12	11	0.598039215686	0.192825260296	4.39863724936	0.0158496732026	0.00400763470512	4.91131944444
biorxiv	8bff4e38-6c13-1014-bcce-e068e3eafd28	biorxiv:8bff4e38-6c13-1014-bcce-e068e3eafd28	same_broad_neighborhood	Same broad lineage	local_private_markers	Local-only markers	1	6	3	12	9	1	0.229733267053	4.35287415195	0.0292682926829	0.00239162929746	12.237804878
hca	0449_10.1084_jem.20202345_e99c99a876	hca:0449_10.1084_jem.20202345_e99c99a876	same_broad_neighborhood	Same broad lineage	local_private_markers	Local-only markers	2	7	3	12	9	0.75	0.369023485453	3.9593270155	0.067381840796	0.00399970095694	24.9012595252
hca	0002_10.1038_s41586-019-1373-2_de5bb9e220	hca:0002_10.1038_s41586-019-1373-2_de5bb9e220	same_broad_neighborhood	Same broad lineage	local_private_markers	Local-only markers	1	6	3	12	9	0.666666666667	0.170771758734	3.90384611372	0.0670289855072	0.00239162929746	28.0264945652
hca	0513_10.1186_s13059-019-1906-x_0a4cb34cd5	hca:0513_10.1186_s13059-019-1906-x_0a4cb34cd5	same_broad_neighborhood	Same broad lineage	local_private_markers	Local-only markers	2	3	2	12	10	1	0.431322519431	3.74092930595	0.0455768402927	0.00457984866587	14.9900777892
hca	0319_10.1016_j.cell.2018.05.060_d1a05e99e8	hca:0319_10.1016_j.cell.2018.05.060_d1a05e99e8	same_broad_neighborhood	Same broad lineage	local_private_markers	Local-only markers	5	6	3	12	9	1	0.149495857352	3.58617294108	0.0938320209974	0.00568011958146	19.5804878049
biorxiv	30a348aa-6c75-1014-b586-8a08f0d76748	biorxiv:30a348aa-6c75-1014-b586-8a08f0d76748	same_broad_neighborhood	Same broad lineage	local_private_markers	Local-only markers	1	2	1	12	11	0.5	0.144058535497	3.47081134954	0.00671140939597	0.001045088086	6.42186001918
hca	0309_10.1101_721258_f9cb0ad906	hca:0309_10.1101_721258_f9cb0ad906	same_broad_neighborhood	Same broad lineage	local_private_markers	Local-only markers	5	6	3	12	9	1	0.216186663825	3.4692241729	0.0284653465347	0.00284005979073	6.77125506073
biorxiv	f96f23ec-83f2-1014-ad76-8d430e749668	biorxiv:f96f23ec-83f2-1014-ad76-8d430e749668	same_broad_neighborhood	Same broad lineage	local_private_markers	Local-only markers	1	1	0	12	12	0.666666666667	0.195773163725	3.40530159487	0.0135135135135	0.00298507462687	4.52702702703
hca	0372_10.1016_j.ccell.2021.10.009_d6ab4790aa	hca:0372_10.1016_j.ccell.2021.10.009_d6ab4790aa	same_broad_neighborhood	Same broad lineage	local_private_markers	Local-only markers	4	13	4	12	8	0.708333333333	0.253768612565	3.38885969149	0.119080145719	0.00464349910126	21.5615251565
hca	0283_10.1161_circulationaha.120.052318_08d58c2441	hca:0283_10.1161_circulationaha.120.052318_08d58c2441	same_broad_neighborhood	Same broad lineage	local_private_markers	Local-only markers	3	7	3	12	9	0.297297297297	0.0991496985473	3.27553900806	0.0213963963964	0.00170535367904	9.67592592593
biorxiv	51fac41a-6c0a-1014-9c40-ecb16ebed7ec	biorxiv:51fac41a-6c0a-1014-9c40-ecb16ebed7ec	same_broad_neighborhood	Same broad lineage	local_private_markers	Local-only markers	2	2	1	12	11	0.333333333333	0.140624198537	3.26450727896	0.0144927536232	0.00306061510899	12.134057971
hca	0094_10.1073_pnas.2404775121_07bae216d2	hca:0094_10.1073_pnas.2404775121_07bae216d2	same_broad_neighborhood	Same broad lineage	local_private_markers	Local-only markers	1	18	5	12	7	0.666666666667	0.211856743799	3.14678048341	0.0292792792793	0.0034503450345	8.48589894242
hca	0109_10.7554_elife.91792.1_056dda27be	hca:0109_10.7554_elife.91792.1_056dda27be	same_broad_neighborhood	Same broad lineage	local_private_markers	Local-only markers	9	24	5	12	7	1	0.256399289002	3.09494089438	0.0572549019608	0.00435828073339	9.33760092272
hca	0026_10.1038_s41586-020-2922-4_1612ece6e2	hca:0026_10.1038_s41586-020-2922-4_1612ece6e2	same_broad_neighborhood	Same broad lineage	local_private_markers	Local-only markers	1	5	3	12	9	0.75	0.242618472681	3.09127327245	0.0284552845528	0.00239091452481	11.9014227642
hca	0274_10.1016_j.isci.2021.103592_3ec037cca1	hca:0274_10.1016_j.isci.2021.103592_3ec037cca1	same_broad_neighborhood	Same broad lineage	local_private_markers	Local-only markers	1	9	4	12	8	1	0.333913095666	2.99479119861	0.108108108108	0.00568521843208	19.0156472262
hca	0186_10.1016_j.devcel.2020.01.033_6afe089f1e	hca:0186_10.1016_j.devcel.2020.01.033_6afe089f1e	same_broad_neighborhood	Same broad lineage	local_private_markers	Local-only markers	2	4	2	12	10	0.8	0.28325298502	2.99105622764	0.00737704918033	0.00287819938253	2.73521640819
hca	0370_10.1038_s41698-022-00251-1_1483c4b104	hca:0370_10.1038_s41698-022-00251-1_1483c4b104	same_broad_neighborhood	Same broad lineage	local_private_markers	Local-only markers	3	14	4	12	8	1	0.232759174783	2.9712516916	0.029810298103	0.00369593447208	13.5650406504
hca	0329_10.1164_rccm.201712-2410oc_fdd97d9097	hca:0329_10.1164_rccm.201712-2410oc_fdd97d9097	same_broad_neighborhood	Same broad lineage	local_private_markers	Local-only markers	4	4	2	12	10	0.708333333333	0.379823619434	2.95629554021	0.0356418918919	0.00477106363908	9.73986973414
hca	0359_10.1101_759902_400af2c5fc	hca:0359_10.1101_759902_400af2c5fc	same_broad_neighborhood	Same broad lineage	local_private_markers	Local-only markers	2	4	2	12	10	1	0.346136171792	2.9336985346	0.0213963963964	0.00325095679144	6.49197873337
hca	0368_10.1016_j.cell.2019.08.008_98c14c4ebe	hca:0368_10.1016_j.cell.2019.08.008_98c14c4ebe	same_broad_neighborhood	Same broad lineage	local_private_markers	Local-only markers	1	1	0	12	12	1	0.353607088957	2.82799760307	0.121376811594	0.00517412935323	23.45840301
biorxiv	78211bc7-6c0f-1014-bc42-c103d41718b8	biorxiv:78211bc7-6c0f-1014-bc42-c103d41718b8	same_broad_neighborhood	Same broad lineage	local_private_markers	Local-only markers	1	12	4	12	8	0.5	0.178049653511	2.80820540866	0.00819672131148	0.00381850853549	2.14657666345
hca	0338_10.3389_fnmol.2020.00134_d9eafa03d0	hca:0338_10.3389_fnmol.2020.00134_d9eafa03d0	same_broad_neighborhood	Same broad lineage	local_private_markers	Local-only markers	1	4	2	12	10	1	0.357783979971	2.79498260397	0.0190947666195	0.00341457168466	5.59214108911
hca	0427_10.7150_ijbs.58886_44183be8e8	hca:0427_10.7150_ijbs.58886_44183be8e8	same_broad_neighborhood	Same broad lineage	local_private_markers	Local-only markers	2	9	4	12	8	0.916666666667	0.376039933674	2.74355109722	0.0531397734368	0.00481248753242	11.710600225
hca	0488_10.1073_pnas.1908706116_5dfd6c0233	hca:0488_10.1073_pnas.1908706116_5dfd6c0233	same_broad_neighborhood	Same broad lineage	local_private_markers	Local-only markers	3	6	3	12	9	0.5	0.20663865161	2.74335225216	0.00675675675676	0.00231689088191	3.5232778597
biorxiv	54c905c7-6e9f-1014-9168-935cc2dc841b	biorxiv:54c905c7-6e9f-1014-9168-935cc2dc841b	same_broad_neighborhood	Same broad lineage	local_private_markers	Local-only markers	1	2	1	12	11	1	0.36510179372	2.73896216672	0.0049504950495	0.00238877276799	2.0724009901
hca	0214_10.1126_science.abo0510_808a3cb920	hca:0214_10.1126_science.abo0510_808a3cb920	same_broad_neighborhood	Same broad lineage	local_private_markers	Local-only markers	1	3	2	12	10	0.5	0.184264821832	2.71348592222	0.0054347826087	0.00261350059737	2.07950310559
hca	0475_10.1101_2021.07.19.452956_e30bf05aad	hca:0475_10.1101_2021.07.19.452956_e30bf05aad	same_broad_neighborhood	Same broad lineage	local_private_markers	Local-only markers	1	1	0	12	12	1	0.371904580444	2.6888617473	0.00610021786492	0.00225538971808	2.7047289504
hca	0476_10.1126_science.abl4896_6d8fed9731	hca:0476_10.1126_science.abl4896_6d8fed9731	same_broad_neighborhood	Same broad lineage	local_private_markers	Local-only markers	1	1	0	12	12	1	0.371904580444	2.6888617473	0.00610021786492	0.00225538971808	2.7047289504
biorxiv	3912ca11-6e98-1014-9c67-9a3ee3e3b07f	biorxiv:3912ca11-6e98-1014-9c67-9a3ee3e3b07f	same_broad_neighborhood	Same broad lineage	local_private_markers	Local-only markers	1	1	0	12	12	0.857142857143	0.32192920079	2.66251975602	0.102316602317	0.00601279317697	17.0164845697
biorxiv	446f40c7-6f7f-1014-8708-b70b3848c315	biorxiv:446f40c7-6f7f-1014-8708-b70b3848c315	same_broad_neighborhood	Same broad lineage	local_private_markers	Local-only markers	6	20	5	12	7	1	0.359258544558	2.65784472125	0.0443901371462	0.00435304713299	8.24411342293
hca	0272_10.1016_j.cell.2020.04.035_15a2d05837	hca:0272_10.1016_j.cell.2020.04.035_15a2d05837	same_broad_neighborhood	Same broad lineage	local_private_markers	Local-only markers	1	2	1	12	11	0.333333333333	0.126086004215	2.64369812819	0.00813008130081	0.00114462028466	7.10286320255
hca	0415_10.1038_s41467-020-20358-y_582bbd075a	hca:0415_10.1038_s41467-020-20358-y_582bbd075a	same_broad_neighborhood	Same broad lineage	local_private_markers	Local-only markers	1	1	0	12	12	1	0.381431274066	2.62170427018	0.0335570469799	0.00477611940299	7.02600671141
hca	0315_10.1158_2159-8290.cd-21-0683_4c7216e47a	hca:0315_10.1158_2159-8290.cd-21-0683_4c7216e47a	same_broad_neighborhood	Same broad lineage	local_private_markers	Local-only markers	1	5	3	12	9	0.5	0.192246023048	2.60083403586	0.0380434782609	0.00239091452481	15.9116847826
hca	0231_10.1101_2023.08.08.551504_0d646c9546	hca:0231_10.1101_2023.08.08.551504_0d646c9546	same_broad_neighborhood	Same broad lineage	local_private_markers	Local-only markers	2	2	1	12	11	0.833333333333	0.417715941628	2.59352404601	0.0368852459016	0.00567333532398	7.0533356102
hca	0358_10.1126_sciadv.aba1983_17b603cdcb	hca:0358_10.1126_sciadv.aba1983_17b603cdcb	same_broad_neighborhood	Same broad lineage	local_private_markers	Local-only markers	3	5	3	12	9	1	0.347374274784	2.57114070558	0.0135135135135	0.00311672786269	4.33580155498
biorxiv	9c7f8281-6c21-1014-a6df-b6c543b29cb8	biorxiv:9c7f8281-6c21-1014-a6df-b6c543b29cb8	same_broad_neighborhood	Same broad lineage	local_private_markers	Local-only markers	2	3	2	12	10	0.666666666667	0.244139641704	2.55731315189	0.0311355311355	0.00318598168061	9.11418581419
hca	0403_10.1038_s41467-019-11036-9_eff650140f	hca:0403_10.1038_s41467-019-11036-9_eff650140f	same_broad_neighborhood	Same broad lineage	local_private_markers	Local-only markers	1	12	4	12	8	1	0.39322823656	2.54305237271	0.121621621622	0.00740170281949	16.4315731917
hca	0438_10.1016_j.celrep.2023.112086_4947038a16	hca:0438_10.1016_j.celrep.2023.112086_4947038a16	same_broad_neighborhood	Same broad lineage	local_private_markers	Local-only markers	3	6	3	12	9	0.375	0.141819996174	2.52877711315	0.00335570469799	0.00142002989537	2.36312257153
biorxiv	0a537c3c-6dba-1014-a3da-a09fc644eb0b	biorxiv:0a537c3c-6dba-1014-a3da-a09fc644eb0b	same_broad_neighborhood	Same broad lineage	local_private_markers	Local-only markers	1	1	0	12	12	0.4	0.158211321826	2.52826406722	0.00313725490196	0.000716417910448	4.37908496732
hca	0326_10.1016_j.cmet.2016.08.020_b710322bb3	hca:0326_10.1016_j.cmet.2016.08.020_b710322bb3	same_broad_neighborhood	Same broad lineage	local_private_markers	Local-only markers	1	10	4	12	8	1	0.396435681976	2.52247727807	0.162162162162	0.00770727327148	21.0401469431
hca	0132_10.1038_s41467-020-16239-z_001d78a35b	hca:0132_10.1038_s41467-020-16239-z_001d78a35b	same_broad_neighborhood	Same broad lineage	local_private_markers	Local-only markers	3	8	3	12	9	0.571428571429	0.226615838107	2.52157385027	0.00826446280992	0.00226486047605	5.02329075883
hca	0175_10.1038_s41587-020-00796-1_81545d4d48	hca:0175_10.1038_s41587-020-00796-1_81545d4d48	same_broad_neighborhood	Same broad lineage	local_private_markers	Local-only markers	1	3	2	12	10	1	0.407340836081	2.45494659858	0.0121951219512	0.0055256869773	2.20698747528
hca	0102_10.1038_s41586-019-0992-y_40614812e9	hca:0102_10.1038_s41586-019-0992-y_40614812e9	same_broad_neighborhood	Same broad lineage	local_private_markers	Local-only markers	1	6	3	12	9	0.714285714286	0.29152658534	2.45015635007	0.0197444831591	0.00341661328208	5.77896341463
biorxiv	9b741001-784a-1014-b0c0-93f88f9233f4	biorxiv:9b741001-784a-1014-b0c0-93f88f9233f4	same_broad_neighborhood	Same broad lineage	local_private_markers	Local-only markers	1	3	2	12	10	0.666666666667	0.272887486184	2.44300930024	0.00447427293065	0.00219036240542	2.04270896888
hca	0037_10.1038_s41593-019-0539-4_24ef44df9e	hca:0037_10.1038_s41593-019-0539-4_24ef44df9e	same_broad_neighborhood	Same broad lineage	local_private_markers	Local-only markers	1	3	2	12	10	0.866666666667	0.361254231365	2.39904917762	0.0181518151815	0.00300677021107	6.03698118156
hca	0020_10.1038_s44161-022-00019-7_10ae5c8129	hca:0020_10.1038_s44161-022-00019-7_10ae5c8129	same_broad_neighborhood	Same broad lineage	local_private_markers	Local-only markers	1	2	1	12	11	1	0.41789239825	2.39296049459	0.175675675676	0.00836070468797	21.0120656371
biorxiv	96c0ca44-7598-1014-bd6e-c97aae1f298a	biorxiv:96c0ca44-7598-1014-bd6e-c97aae1f298a	same_broad_neighborhood	Same broad lineage	local_private_markers	Local-only markers	5	8	3	12	9	1	0.36261724984	2.38664237702	0.0465346534653	0.00747831289261	5.67756739178
biorxiv	ebaf49e5-7438-1014-8951-c3e925f71d14	biorxiv:ebaf49e5-7438-1014-8951-c3e925f71d14	same_broad_neighborhood	Same broad lineage	local_private_markers	Local-only markers	1	5	3	12	9	1	0.419617183473	2.38312452251	0.0049504950495	0.00268977884041	1.8404840484
hca	0212_10.1038_s41586-022-04571-x_30a05d7904	hca:0212_10.1038_s41586-022-04571-x_30a05d7904	same_broad_neighborhood	Same broad lineage	local_private_markers	Local-only markers	1	5	3	12	9	0.666666666667	0.280329423494	2.37815445256	0.018018018018	0.00458258617254	3.93184488837
hca	0190_10.1038_s41467-019-14118-w_eee71dc5ea	hca:0190_10.1038_s41467-019-14118-w_eee71dc5ea	same_broad_neighborhood	Same broad lineage	local_private_markers	Local-only markers	2	10	4	12	8	0.875	0.373284084055	2.34795508288	0.0596547314578	0.00460191559413	12.2533276499
hca	0105_10.1038_s41563-020-00853-9_ec3e5ef313	hca:0105_10.1038_s41563-020-00853-9_ec3e5ef313	same_broad_neighborhood	Same broad lineage	local_private_markers	Local-only markers	1	6	3	12	9	1	0.434805164938	2.29988068367	0.144144144144	0.00847035376183	17.0174880763
hca	0091_10.1101_2025.06.19.660575_df9b499d76	hca:0091_10.1101_2025.06.19.660575_df9b499d76	same_broad_neighborhood	Same broad lineage	local_private_markers	Local-only markers	1	2	1	12	11	0.2	0.0872734763659	2.29164699664	0.00134228187919	0.000656912511197	2.04331909701
hca	0479_10.1016_j.xcrm.2022.100657_bf09154d98	hca:0479_10.1016_j.xcrm.2022.100657_bf09154d98	same_broad_neighborhood	Same broad lineage	local_private_markers	Local-only markers	6	16	4	12	8	0.857142857143	0.239183090784	2.28000193628	0.0383895131086	0.0045852073963	10.7741644298
biorxiv	876ca999-6c0e-1014-8ed9-e7563228589e	biorxiv:876ca999-6c0e-1014-8ed9-e7563228589e	same_broad_neighborhood	Same broad lineage	local_private_markers	Local-only markers	3	14	4	12	8	0.75	0.329433199577	2.27663757315	0.0416666666667	0.00711717111178	8.875
biorxiv	6ca25eee-7853-1014-8aed-fc8cff0a87e5	biorxiv:6ca25eee-7853-1014-8aed-fc8cff0a87e5	same_broad_neighborhood	Same broad lineage	local_private_markers	Local-only markers	3	15	4	12	8	0.666666666667	0.167224253351	2.24113965312	0.016393442623	0.00149880095923	4.55737704918
hca	0229_10.15252_msb.20178041_0277072a61	hca:0229_10.15252_msb.20178041_0277072a61	same_broad_neighborhood	Same broad lineage	local_private_markers	Local-only markers	2	7	3	12	9	1	0.475688581745	2.12541510716	0.0943361040068	0.00538277511962	16.2049214675
hca	0210_10.1016_j.stem.2020.11.008_213dabcee4	hca:0210_10.1016_j.stem.2020.11.008_213dabcee4	same_broad_neighborhood	Same broad lineage	local_private_markers	Local-only markers	4	10	4	12	8	1	0.580043492522	2.11957203587	0.0887229583053	0.00927865908411	8.69415077513
hca	0302_10.1016_j.isci.2022.104772_3e028c0be0	hca:0302_10.1016_j.isci.2022.104772_3e028c0be0	same_broad_neighborhood	Same broad lineage	local_private_markers	Local-only markers	1	19	5	12	7	1	0.475802521512	2.10171227513	0.216216216216	0.00870348139256	24.8424976701
hca	0243_10.1038_s41586-023-05915-x_2f4aafa6a2	hca:0243_10.1038_s41586-023-05915-x_2f4aafa6a2	same_broad_neighborhood	Same broad lineage	local_private_markers	Local-only markers	8	18	5	12	7	0.833333333333	0.327325299802	2.09610688633	0.0302033381659	0.00400040004	8.40184078003
biorxiv	219b21d9-7007-1014-9157-ab439216a355	biorxiv:219b21d9-7007-1014-9157-ab439216a355	same_broad_neighborhood	Same broad lineage	local_private_markers	Local-only markers	1	24	5	12	7	1	0.481490725517	2.07688320253	0.0335570469799	0.00490932772267	6.83536501849
hca	0361_10.1016_j.gpb.2020.11.002_84c7c58535	hca:0361_10.1016_j.gpb.2020.11.002_84c7c58535	same_broad_neighborhood	Same broad lineage	local_private_markers	Local-only markers	1	7	3	12	9	1	0.482735329385	2.07152851496	0.00522875816993	0.00259170653907	2.01749622926
hca	0228_10.1128_mbio.02583-20_5085db2792	hca:0228_10.1128_mbio.02583-20_5085db2792	same_broad_neighborhood	Same broad lineage	local_private_markers	Local-only markers	8	8	3	12	9	1	0.347803029421	2.05356444708	0.0460013218771	0.00501046963805	7.01392318362
hca	0134_10.3389_fimmu.2021.636720_9a958ecc4e	hca:0134_10.3389_fimmu.2021.636720_9a958ecc4e	same_broad_neighborhood	Same broad lineage	local_private_markers	Local-only markers	5	8	3	12	9	1	0.481582107777	2.04794565389	0.0478547854785	0.0065809153455	7.27175217522
hca	0465_10.1016_j.cell.2020.12.016_af8ed7d941	hca:0465_10.1016_j.cell.2020.12.016_af8ed7d941	same_broad_neighborhood	Same broad lineage	local_private_markers	Local-only markers	9	24	5	12	7	1	0.338750545245	2.04468292448	0.0495867768595	0.00440837591424	8.67022032694
biorxiv	c37c4c27-6d25-1014-a7a4-b416d496387c	biorxiv:c37c4c27-6d25-1014-a7a4-b416d496387c	same_broad_neighborhood	Same broad lineage	local_private_markers	Local-only markers	1	1	0	12	12	1	0.489507906484	2.04286792257	0.0134228187919	0.00589552238806	2.27678192167
biorxiv	307b2bd7-6cb9-1014-a6b4-a58a7220bba3	biorxiv:307b2bd7-6cb9-1014-a6b4-a58a7220bba3	same_broad_neighborhood	Same broad lineage	local_private_markers	Local-only markers	5	6	3	12	9	0.666666666667	0.367353070633	2.0288822519	0.131147540984	0.00837070254111	15.6674473068
hca	0298_10.1101_2021.07.28.453839_0003c16e5c	hca:0298_10.1101_2021.07.28.453839_0003c16e5c	same_broad_neighborhood	Same broad lineage	local_private_markers	Local-only markers	2	9	4	12	8	0.625	0.278891997807	2.02718836139	0.0606657608696	0.00561041292639	11.4431093289
hca	0056_10.1038_s41586-018-0449-8_fdcc67f757	hca:0056_10.1038_s41586-018-0449-8_fdcc67f757	same_broad_neighborhood	Same broad lineage	local_private_markers	Local-only markers	7	9	4	12	8	0.75	0.357238261324	2.02164338755	0.0247933884298	0.00411430281269	7.33273102736
biorxiv	f3be1d12-72db-1014-a9a0-ac8d78e3151e	biorxiv:f3be1d12-72db-1014-a9a0-ac8d78e3151e	same_broad_neighborhood	Same broad lineage	local_private_markers	Local-only markers	4	10	4	12	8	1	0.593287062277	2.01700355197	0.0945273631841	0.00990721340916	7.55798783858
hca	0251_10.1038_s41588-023-01298-x_c85e8d4857	hca:0251_10.1038_s41588-023-01298-x_c85e8d4857	same_broad_neighborhood	Same broad lineage	local_private_markers	Local-only markers	1	4	2	12	10	1	0.496226685645	2.01520802675	0.0325203252033	0.00577631709989	5.629941127
hca	0013_10.1016_j.cell.2022.01.012_62a71f9225	hca:0013_10.1016_j.cell.2022.01.012_62a71f9225	same_broad_neighborhood	Same broad lineage	local_private_markers	Local-only markers	1	2	1	12	11	0.6	0.298798808642	2.00804013486	0.0229508196721	0.00650940579277	3.52579335238
biorxiv	64ab9878-6ed8-1014-99e3-9a1ae6ef730b	biorxiv:64ab9878-6ed8-1014-99e3-9a1ae6ef730b	same_broad_neighborhood	Same broad lineage	local_private_markers	Local-only markers	1	1	0	12	12	1	0.503311501712	1.9868411443	0.166666666667	0.00786069651741	21.2025316456
biorxiv	a9b298c9-7797-1014-9b95-8bbbe23c746a	biorxiv:a9b298c9-7797-1014-9b95-8bbbe23c746a	same_broad_neighborhood	Same broad lineage	local_private_markers	Local-only markers	2	2	1	12	11	0.541666666667	0.263944090383	1.98633198654	0.0229166666667	0.00613367174281	3.66906759907
hca	0207_10.1016_j.immuni.2020.11.017_b182001861	hca:0207_10.1016_j.immuni.2020.11.017_b182001861	same_broad_neighborhood	Same broad lineage	local_private_markers	Local-only markers	4	10	4	12	8	1	0.607545795838	1.97559530806	0.0953182722364	0.00853038012571	12.6794675888
biorxiv	67d3e1aa-726e-1014-b774-e6c3f2e9206c	biorxiv:67d3e1aa-726e-1014-b774-e6c3f2e9206c	same_broad_neighborhood	Same broad lineage	local_private_markers	Local-only markers	1	1	0	12	12	1	0.511206699381	1.95615589782	0.180327868852	0.012039800995	14.9776453055
hca	0410_10.3389_fcell.2021.820274_b0973e038f	hca:0410_10.3389_fcell.2021.820274_b0973e038f	same_broad_neighborhood	Same broad lineage	local_private_markers	Local-only markers	5	12	4	12	8	1	0.513189925093	1.94859632098	0.0628415300546	0.00768693221523	8.17511177347
biorxiv	e3c9e28c-70c5-1014-9616-aa7d906f9d5d	biorxiv:e3c9e28c-70c5-1014-9616-aa7d906f9d5d	same_broad_neighborhood	Same broad lineage	local_private_markers	Local-only markers	1	1	0	12	12	1	0.514175149187	1.94486256596	0.0259900990099	0.00417910447761	6.21905940594
hca	0289_10.1172_jci.insight.93009_72829a2871	hca:0289_10.1172_jci.insight.93009_72829a2871	same_broad_neighborhood	Same broad lineage	local_private_markers	Local-only markers	2	5	3	12	9	0.8	0.4238050897	1.9368043193	0.0765009976419	0.00648535564854	12.1455184231
hca	0042_10.1126_sciadv.aau4788_744a251f24	hca:0042_10.1126_sciadv.aau4788_744a251f24	same_broad_neighborhood	Same broad lineage	local_private_markers	Local-only markers	3	18	5	12	7	1	0.444117350488	1.93476861654	0.0486577181208	0.00532553255326	9.13668588713
hca	0471_10.1038_s41467-019-11947-7_0514f87944	hca:0471_10.1038_s41467-019-11947-7_0514f87944	same_broad_neighborhood	Same broad lineage	local_private_markers	Local-only markers	4	4	2	12	10	0.690476190476	0.282203327442	1.92559546637	0.0131362889984	0.00592570461109	2.26177213591
hca	0448_10.1101_2022.02.15.480622_6cb3eae5b8	hca:0448_10.1101_2022.02.15.480622_6cb3eae5b8	same_broad_neighborhood	Same broad lineage	local_private_markers	Local-only markers	1	3	2	12	10	1	0.52041002035	1.92156177033	0.0181518151815	0.00467941059339	3.87908152517
hca	0374_10.1136_annrheumdis-2018-214865_9f6cd4034f	hca:0374_10.1136_annrheumdis-2018-214865_9f6cd4034f	same_broad_neighborhood	Same broad lineage	local_private_markers	Local-only markers	5	9	4	12	8	0.666666666667	0.348396973425	1.91352599913	0.032183908046	0.00395638007846	8.13468559838
hca	0019_10.1126_science.aba7721_1646acb14b	hca:0019_10.1126_science.aba7721_1646acb14b	same_broad_neighborhood	Same broad lineage	local_private_markers	Local-only markers	5	6	3	12	9	0.75	0.36975323661	1.89605983423	0.0138190954774	0.00336322869955	4.10887772194
biorxiv	9f9eded3-6d6e-1014-996d-af8f6f192d54	biorxiv:9f9eded3-6d6e-1014-996d-af8f6f192d54	same_broad_neighborhood	Same broad lineage	local_private_markers	Local-only markers	9	18	5	12	7	1	0.494085920648	1.89375023795	0.0238095238095	0.00540054005401	8.81746031746
hca	0439_10.1038_s41586-019-1404-z_d7516e129c	hca:0439_10.1038_s41586-019-1404-z_d7516e129c	same_broad_neighborhood	Same broad lineage	local_private_markers	Local-only markers	1	7	3	12	9	0.666666666667	0.355979388356	1.8727676053	0.0243399339934	0.00321471291866	7.57141760688
hca	0270_10.1038_s41467-022-30557-4_ba2c76ba96	hca:0270_10.1038_s41467-022-30557-4_ba2c76ba96	same_broad_neighborhood	Same broad lineage	local_private_markers	Local-only markers	2	3	2	12	10	0.616666666667	0.439039439418	1.81676191826	0.0605528052805	0.00681999203505	10.3166345243
hca	0118_10.1016_j.jid.2019.07.726_f70095db05	hca:0118_10.1016_j.jid.2019.07.726_f70095db05	same_broad_neighborhood	Same broad lineage	local_private_markers	Local-only markers	1	2	1	12	11	1	0.55429673935	1.80408782699	0.113821138211	0.00816164029063	13.9458655562
hca	0286_10.1038_s41467-018-06318-7_d818827349	hca:0286_10.1038_s41467-018-06318-7_d818827349	same_broad_neighborhood	Same broad lineage	local_private_markers	Local-only markers	6	10	4	12	8	0.9	0.521328427134	1.80221594996	0.0906938487085	0.00766237653397	13.4027055622
biorxiv	bb35967a-6c41-1014-8bd7-fd658527e3eb	biorxiv:bb35967a-6c41-1014-8bd7-fd658527e3eb	same_broad_neighborhood	Same broad lineage	local_private_markers	Local-only markers	1	1	0	12	12	0.5	0.278329776498	1.7964301423	0.0467479674797	0.00365671641791	12.7841380455
hca	0148_10.1113_jp287812_fd3137bc12	hca:0148_10.1113_jp287812_fd3137bc12	same_broad_neighborhood	Same broad lineage	local_private_markers	Local-only markers	13	30	5	12	7	0.666666666667	0.243401246342	1.7822415127	0.037296037296	0.00361336946703	6.23486341876
hca	0077_10.1038_s41587-020-0602-4_e82c5c2835	hca:0077_10.1038_s41587-020-0602-4_e82c5c2835	same_broad_neighborhood	Same broad lineage	local_private_markers	Local-only markers	5	11	4	12	8	0.666666666667	0.357265201819	1.77914228646	0.0099173553719	0.00389221556886	6.90082644628
biorxiv	f787a6d9-6ce3-1014-a3f6-a662a1333571	biorxiv:f787a6d9-6ce3-1014-a3f6-a662a1333571	same_broad_neighborhood	Same broad lineage	local_private_markers	Local-only markers	1	9	4	12	8	1	0.562345251948	1.77826699263	0.0177683013504	0.00487304437035	3.64624247185
biorxiv	8f45ef4c-6d70-1014-815c-a556cc0c38ce	biorxiv:8f45ef4c-6d70-1014-815c-a556cc0c38ce	same_broad_neighborhood	Same broad lineage	local_private_markers	Local-only markers	1	3	2	12	10	1	0.563005613308	1.77618122513	0.253623188406	0.0089605734767	28.3043478261
biorxiv	cf0d429c-6c7f-1014-a5a8-f09b6915373d	biorxiv:cf0d429c-6c7f-1014-a5a8-f09b6915373d	same_broad_neighborhood	Same broad lineage	local_private_markers	Local-only markers	5	15	4	12	8	0.5	0.23167523697	1.77555343019	0.0202702702703	0.00209832134293	9.03544055783
hca	0083_10.1126_sciimmunol.adz8650_c0046d094c	hca:0083_10.1126_sciimmunol.adz8650_c0046d094c	same_broad_neighborhood	Same broad lineage	local_private_markers	Local-only markers	3	14	4	12	8	1	0.066041228816	1.76938527114	0.0148514851485	0.00179802217561	3.53995756719
hca	0389_10.1038_s41591-024-02807-z_9d82b71a18	hca:0389_10.1038_s41591-024-02807-z_9d82b71a18	same_broad_neighborhood	Same broad lineage	local_private_markers	Local-only markers	3	15	4	12	8	0.666666666667	0.45274887581	1.76698721547	0.0385674931129	0.00579536370903	5.25147579693
hca	0197_10.3389_fmed.2022.869284_8494fa8c76	hca:0197_10.3389_fmed.2022.869284_8494fa8c76	same_broad_neighborhood	Same broad lineage	local_private_markers	Local-only markers	1	8	3	12	9	0.285714285714	0.162470901073	1.75855666355	0.011583011583	0.00247852655869	4.67334575955
hca	0096_10.1126_sciadv.abo2467_05989af98e	hca:0096_10.1126_sciadv.abo2467_05989af98e	same_broad_neighborhood	Same broad lineage	local_private_markers	Local-only markers	1	3	2	12	10	0.75	0.427550743249	1.75417774812	0.0173267326733	0.00365890083632	4.73550212164
hca	0080_10.1126_sciadv.abf1444_8cb053b6ed	hca:0080_10.1126_sciadv.abf1444_8cb053b6ed	same_broad_neighborhood	Same broad lineage	local_private_markers	Local-only markers	3	7	3	12	9	1	0.576907483889	1.73338018301	0.0563758389262	0.00747607655502	6.73288590604
hca	0378_10.1101_2022.06.17.496207_92cb140ff3	hca:0378_10.1101_2022.06.17.496207_92cb140ff3	same_broad_neighborhood	Same broad lineage	local_private_markers	Local-only markers	7	9	4	12	8	0.666666666667	0.480463990738	1.72377328214	0.0251322751323	0.00369040494714	8.33713471133
hca	0158_10.2337_db21-0830_d021248f76	hca:0158_10.2337_db21-0830_d021248f76	same_broad_neighborhood	Same broad lineage	local_private_markers	Local-only markers	6	12	4	12	8	1	0.588297422305	1.70658385097	0.057357794603	0.0093840471199	6.08264162716
hca	0325_10.1016_j.celrep.2017.10.030_a9d12a5d7c	hca:0325_10.1016_j.celrep.2017.10.030_a9d12a5d7c	same_broad_neighborhood	Same broad lineage	local_private_markers	Local-only markers	2	6	3	12	9	0.442857142857	0.403007986386	1.70264888155	0.0466240227434	0.00579115951313	8.43911589593
biorxiv	b60c0833-6df2-1014-8865-f92ffff4fcc6	biorxiv:b60c0833-6df2-1014-8865-f92ffff4fcc6	same_broad_neighborhood	Same broad lineage	local_private_markers	Local-only markers	3	9	4	12	8	0.692307692308	0.447647774643	1.69065858103	0.0419630156472	0.00379781798094	8.41365286855
hca	0363_10.1016_j.omtn.2021.03.017_8083e53d24	hca:0363_10.1016_j.omtn.2021.03.017_8083e53d24	same_broad_neighborhood	Same broad lineage	local_private_markers	Local-only markers	1	3	2	12	10	1	0.592125573248	1.68883095948	0.0487804878049	0.00776583034648	6.28142589118
hca	0089_10.1038_s41586-020-2797-4_6e65d21b5d	hca:0089_10.1038_s41586-020-2797-4_6e65d21b5d	same_broad_neighborhood	Same broad lineage	local_private_markers	Local-only markers	4	26	5	12	7	0.9	0.526627267483	1.68468728318	0.0408789386401	0.00689223057644	5.98711651092
hca	0101_10.1038_s41467-020-15647-5_d22ec8f4b6	hca:0101_10.1038_s41467-020-15647-5_d22ec8f4b6	same_broad_neighborhood	Same broad lineage	local_private_markers	Local-only markers	2	3	2	12	10	1	0.596878384529	1.68052447914	0.0619369369369	0.00803962564715	7.89665302484
biorxiv	c94927bb-7bec-1014-9cd8-fedd121e156b	biorxiv:c94927bb-7bec-1014-9cd8-fedd121e156b	same_broad_neighborhood	Same broad lineage	local_private_markers	Local-only markers	1	2	1	12	11	0.6	0.358426781928	1.67398205227	0.00891089108911	0.00280680800239	3.17474194228
hca	0322_10.3389_fonc.2021.719564_a0cfb67753	hca:0322_10.3389_fonc.2021.719564_a0cfb67753	same_broad_neighborhood	Same broad lineage	local_private_markers	Local-only markers	3	7	3	12	9	0.75	0.486576711213	1.67103966533	0.0833333333333	0.00956937799043	6.28571428571
hca	0506_10.1038_s41591-022-01680-y_160aaf8b86	hca:0506_10.1038_s41591-022-01680-y_160aaf8b86	same_broad_neighborhood	Same broad lineage	local_private_markers	Local-only markers	7	11	4	12	8	1	0.600802722366	1.66443986149	0.0470297029703	0.00502994011976	8.12339989759
biorxiv	700d25d7-7306-1014-9c30-ec481bfe1ae1	biorxiv:700d25d7-7306-1014-9c30-ec481bfe1ae1	same_broad_neighborhood	Same broad lineage	local_private_markers	Local-only markers	1	2	1	12	11	0.923076923077	0.555501710863	1.6616995142	0.0270373191165	0.00567333532398	4.76568324849
hca	0420_10.1111_cas.15979_052ebae233	hca:0420_10.1111_cas.15979_052ebae233	same_broad_neighborhood	Same broad lineage	local_private_markers	Local-only markers	9	9	4	12	8	1	0.32140626918	1.65305723686	0.0479452054795	0.00478755236385	7.37655294192
hca	0390_10.1038_s41591-020-0901-9_be86edb292	hca:0390_10.1038_s41591-020-0901-9_be86edb292	same_broad_neighborhood	Same broad lineage	local_private_markers	Local-only markers	1	6	3	12	9	1	0.605307329001	1.65205334892	0.0556862745098	0.00759342301943	7.3334877258
hca	0375_10.1016_j.jaci.2021.07.025_bdc966c89b	hca:0375_10.1016_j.jaci.2021.07.025_bdc966c89b	same_broad_neighborhood	Same broad lineage	local_private_markers	Local-only markers	5	11	4	12	8	1	0.424596670775	1.64059855517	0.116531165312	0.00548902195609	13.1195761396
hca	0492_10.1038_s41591-021-01332-7_1dacee7a8b	hca:0492_10.1038_s41591-021-01332-7_1dacee7a8b	same_broad_neighborhood	Same broad lineage	local_private_markers	Local-only markers	1	9	4	12	8	1	0.613599401596	1.62972779536	0.0975609756098	0.00837821663674	11.6445993031
hca	0345_10.3389_fimmu.2021.645666_15198bd9bb	hca:0345_10.3389_fimmu.2021.645666_15198bd9bb	same_broad_neighborhood	Same broad lineage	local_private_markers	Local-only markers	4	5	3	12	9	0.9	0.486089348781	1.62435039856	0.0664113317357	0.0068141063957	10.3324156215
biorxiv	1934a72f-6bf9-1014-9f9e-eb610960180d	biorxiv:1934a72f-6bf9-1014-9f9e-eb610960180d	same_broad_neighborhood	Same broad lineage	local_private_markers	Local-only markers	1	1	0	12	12	1	0.616926622678	1.62093831461	0.0078431372549	0.00497512437811	1.57647058824
hca	0068_10.1093_ibd_izac201_351dddd961	hca:0068_10.1093_ibd_izac201_351dddd961	same_broad_neighborhood	Same broad lineage	local_private_markers	Local-only markers	9	14	4	12	8	1	0.437440237015	1.61881351203	0.0472222222222	0.00529417640595	6.26490190557
hca	0076_10.1016_j.cell.2021.01.053_e0734afb82	hca:0076_10.1016_j.cell.2021.01.053_e0734afb82	same_broad_neighborhood	Same broad lineage	local_private_markers	Local-only markers	5	10	4	12	8	1	0.622715193973	1.60587056439	0.0619235836627	0.00708370747281	8.74169125424
hca	0209_10.1126_scitranslmed.abe4282_13877fdeac	hca:0209_10.1126_scitranslmed.abe4282_13877fdeac	same_broad_neighborhood	Same broad lineage	local_private_markers	Local-only markers	4	5	3	12	9	0.708333333333	0.43472451044	1.60493101407	0.0177083333333	0.00418410041841	4.55154411765
hca	0073_10.1016_j.isci.2021.102482_6ff6d432ab	hca:0073_10.1016_j.isci.2021.102482_6ff6d432ab	same_broad_neighborhood	Same broad lineage	local_private_markers	Local-only markers	1	5	3	12	9	1	0.623896397676	1.60283021945	0.173913043478	0.0106594939231	16.315318976
biorxiv	e6e04172-6c15-1014-9229-c57ac33d21f6	biorxiv:e6e04172-6c15-1014-9229-c57ac33d21f6	same_broad_neighborhood	Same broad lineage	local_private_markers	Local-only markers	2	2	1	12	11	1	0.708702941763	1.60026345164	0.164612928684	0.0113715536976	18.2442355381
hca	0385_10.1038_s41586-022-04521-7_37f1f319e2	hca:0385_10.1038_s41586-022-04521-7_37f1f319e2	same_broad_neighborhood	Same broad lineage	local_private_markers	Local-only markers	2	8	3	12	9	0.75	0.475946420289	1.59923542773	0.0186567164179	0.00401336125237	3.51905411965
biorxiv	29ae8fb9-6d50-1014-8923-847f08fdc25e	biorxiv:29ae8fb9-6d50-1014-8923-847f08fdc25e	same_broad_neighborhood	Same broad lineage	local_private_markers	Local-only markers	1	2	1	12	11	0.666666666667	0.417234855843	1.5978211248	0.0425055928412	0.00547427092664	7.76461256864
biorxiv	1efd9fbe-6f02-1014-8df4-f37a8d806beb	biorxiv:1efd9fbe-6f02-1014-8df4-f37a8d806beb	same_broad_neighborhood	Same broad lineage	local_private_markers	Local-only markers	1	2	1	12	11	0.5	0.31356227582	1.59457957337	0.00248756218905	0.00209017617199	1.19012082445
biorxiv	c55f45c7-7001-1014-966f-865cda24634e	biorxiv:c55f45c7-7001-1014-966f-865cda24634e	same_broad_neighborhood	Same broad lineage	local_private_markers	Local-only markers	3	5	3	12	9	0.666666666667	0.308122669603	1.59352224901	0.00913242009132	0.00313807531381	5.72945205479
hca	0481_10.1016_j.immuni.2023.01.002_2da3d3f446	hca:0481_10.1016_j.immuni.2023.01.002_2da3d3f446	same_broad_neighborhood	Same broad lineage	local_private_markers	Local-only markers	11	20	5	12	7	1	0.424953299387	1.58856642518	0.0486486486486	0.00420294205944	7.84326371826
hca	0423_10.1038_s41467-019-12780-8_0da964452a	hca:0423_10.1038_s41467-019-12780-8_0da964452a	same_broad_neighborhood	Same broad lineage	local_private_markers	Local-only markers	1	7	3	12	9	1	0.630154580401	1.58691221345	0.0581683168317	0.00770035885167	7.55397481496
hca	0406_10.1093_brain_awab446_1c9ee67691	hca:0406_10.1093_brain_awab446_1c9ee67691	same_broad_neighborhood	Same broad lineage	local_private_markers	Local-only markers	1	4	2	12	10	0.857142857143	0.541075621975	1.58414613842	0.0332390381895	0.005121857527	6.48964521452
hca	0124_10.1126_science.aba6500_a77c502bf7	hca:0124_10.1126_science.aba6500_a77c502bf7	same_broad_neighborhood	Same broad lineage	local_private_markers	Local-only markers	4	18	5	12	7	0.833333333333	0.51743450041	1.57432158216	0.0612648221344	0.00822582258226	6.03542023791
hca	0394_10.1038_s41591-021-01329-2_7dcc6ae73c	hca:0394_10.1038_s41591-021-01329-2_7dcc6ae73c	same_broad_neighborhood	Same broad lineage	local_private_markers	Local-only markers	5	10	4	12	8	1	0.312845736056	1.5473076679	0.0686274509804	0.00658485483388	7.70703575548
hca	0293_10.1172_jci.insight.150861_5764a5bfad	hca:0293_10.1172_jci.insight.150861_5764a5bfad	same_broad_neighborhood	Same broad lineage	local_private_markers	Local-only markers	5	11	4	12	8	1	0.467419928795	1.53846218742	0.0480928689884	0.00818363273453	7.20066334992
biorxiv	57ac822b-6c7d-1014-a047-d6c2f45edeb7	biorxiv:57ac822b-6c7d-1014-a047-d6c2f45edeb7	same_broad_neighborhood	Same broad lineage	local_private_markers	Local-only markers	1	1	0	12	12	0.666666666667	0.433507603876	1.5378430752	0.166666666667	0.00666666666667	25
biorxiv	bc260922-6c47-1014-a865-fe4e19bf3ea8	biorxiv:bc260922-6c47-1014-a865-fe4e19bf3ea8	same_broad_neighborhood	Same broad lineage	local_private_markers	Local-only markers	2	8	3	12	9	0.722222222222	0.507880136921	1.52910928549	0.0860655737705	0.00731212816166	8.41153751694
hca	0238_10.1002_art.41813_55de40d8f6	hca:0238_10.1002_art.41813_55de40d8f6	same_broad_neighborhood	Same broad lineage	local_private_markers	Local-only markers	4	5	3	12	9	0.75	0.433377084337	1.52600727183	0.0325	0.00590755130504	5.94714452214
hca	0184_10.1016_j.cell.2021.07.023_f621bea088	hca:0184_10.1016_j.cell.2021.07.023_f621bea088	same_broad_neighborhood	Same broad lineage	local_private_markers	Local-only markers	14	17	5	12	7	1	0.504456445711	1.51941734206	0.0301724137931	0.00512397520496	4.52482328483
biorxiv	1f87890c-7e00-1014-91de-cf40554be0ec	biorxiv:1f87890c-7e00-1014-91de-cf40554be0ec	same_broad_neighborhood	Same broad lineage	local_private_markers	Local-only markers	2	2	1	12	11	1	0.691307568942	1.51863277953	0.124513066061	0.0129143027769	9.61345523897
hca	0422_10.1038_s41591-020-1040-z_d966e12866	hca:0422_10.1038_s41591-020-1040-z_d966e12866	same_broad_neighborhood	Same broad lineage	local_private_markers	Local-only markers	2	4	2	12	10	0.681818181818	0.425033859541	1.51752225353	0.0370597870598	0.00559071443446	6.15395285839
hca	0041_10.1016_j.xgen.2022.100108_d4824b85dd	hca:0041_10.1016_j.xgen.2022.100108_d4824b85dd	same_broad_neighborhood	Same broad lineage	local_private_markers	Local-only markers	2	7	3	12	9	0.633333333333	0.421173967596	1.51552346526	0.0308558558559	0.00513357256778	4.85637065637
biorxiv	fbd95004-6cf9-1014-bead-f9f2e4a06d20	biorxiv:fbd95004-6cf9-1014-bead-f9f2e4a06d20	same_broad_neighborhood	Same broad lineage	local_private_markers	Local-only markers	2	2	1	12	11	0.266666666667	0.436799991153	1.51341417753	0.0194139194139	0.0084701901065	11.5722864198
hca	0457_10.1101_2024.02.02.578633_57d5a20898	hca:0457_10.1101_2024.02.02.578633_57d5a20898	same_broad_neighborhood	Same broad lineage	local_private_markers	Local-only markers	1	4	2	12	10	1	0.661786006484	1.51106247367	0.0475247524752	0.00633403047505	7.50308238371
biorxiv	6f28f2e1-6c20-1014-910c-d12c701e7668	biorxiv:6f28f2e1-6c20-1014-910c-d12c701e7668	same_broad_neighborhood	Same broad lineage	local_private_markers	Local-only markers	3	8	3	12	9	0.833333333333	0.551517005064	1.51098393283	0.0414593698176	0.00648120450693	6.39686184462
hca	0421_10.1101_2022.02.14.480397_c10e165496	hca:0421_10.1101_2022.02.14.480397_c10e165496	same_broad_neighborhood	Same broad lineage	local_private_markers	Local-only markers	3	14	4	12	8	0.529411764706	0.408186898134	1.50412046319	0.0221316249272	0.00453031077579	5.05059459459
hca	0049_10.1038_s41586-023-06252-9_3d2f22d6e6	hca:0049_10.1038_s41586-023-06252-9_3d2f22d6e6	same_broad_neighborhood	Same broad lineage	local_private_markers	Local-only markers	2	15	4	12	8	0.833333333333	0.55442362414	1.49817817319	0.181012136208	0.00854316546763	20.7982273543
hca	0255_10.1183_13993003.02441-2018_9965f84ef5	hca:0255_10.1183_13993003.02441-2018_9965f84ef5	same_broad_neighborhood	Same broad lineage	local_private_markers	Local-only markers	4	4	2	12	10	0.577380952381	0.472471474262	1.4930991359	0.0266964285714	0.00629028127534	5.86405182147
hca	0113_10.1101_2021.04.28.441762_c83625bbe4	hca:0113_10.1101_2021.04.28.441762_c83625bbe4	same_broad_neighborhood	Same broad lineage	local_private_markers	Local-only markers	6	14	4	12	8	1	0.432250725271	1.49300398627	0.0191366004623	0.00544401158725	3.12742391604
hca	0149_10.1038_s41368-023-00238-z_c77e60a0ab	hca:0149_10.1038_s41368-023-00238-z_c77e60a0ab	same_broad_neighborhood	Same broad lineage	local_private_markers	Local-only markers	6	11	4	12	8	0.833333333333	0.367972112486	1.4900061294	0.0419254658385	0.00484744796122	7.09744095883
biorxiv	11b72b7e-6c1b-1014-84e4-aaf6df161d14	biorxiv:11b72b7e-6c1b-1014-84e4-aaf6df161d14	same_broad_neighborhood	Same broad lineage	local_private_markers	Local-only markers	1	2	1	12	11	1	0.671400675546	1.4894235833	0.0631188118812	0.00791280979397	7.97678871661
hca	0493_10.1161_circulationaha.119.045401_814f085618	hca:0493_10.1161_circulationaha.119.045401_814f085618	same_broad_neighborhood	Same broad lineage	local_private_markers	Local-only markers	1	6	3	12	9	0.6	0.405095621366	1.4811317831	0.0336633663366	0.00579970104634	5.80432785547
hca	0382_10.1371_journal.pbio.3002124_f92c982127	hca:0382_10.1371_journal.pbio.3002124_f92c982127	same_broad_neighborhood	Same broad lineage	local_private_markers	Local-only markers	5	7	3	12	9	0.692307692308	0.448831482125	1.47793240195	0.0260826771654	0.00455465587045	4.2807593836
hca	0307_10.1038_s41419-021-03724-6_32b837a8da	hca:0307_10.1038_s41419-021-03724-6_32b837a8da	same_broad_neighborhood	Same broad lineage	local_private_markers	Local-only markers	2	21	5	12	7	1	0.706334290856	1.47453506719	0.153924058286	0.0125125125125	12.6947281393
hca	0512_10.1016_j.gastha.2022.12.004_3866b352db	hca:0512_10.1016_j.gastha.2022.12.004_3866b352db	same_broad_neighborhood	Same broad lineage	local_private_markers	Local-only markers	1	3	2	12	10	0.4	0.271556109023	1.47299208786	0.0234899328859	0.00373357228196	6.29154362416
hca	0414_10.1186_s13059-020-02210-0_30c1533a3e	hca:0414_10.1186_s13059-020-02210-0_30c1533a3e	same_broad_neighborhood	Same broad lineage	local_private_markers	Local-only markers	7	13	4	12	8	0.8	0.536347682763	1.47061620813	0.0567567567568	0.00629119233074	7.14022816787
hca	0031_10.1016_j.jtos.2021.03.010_0c2fa1a2be	hca:0031_10.1016_j.jtos.2021.03.010_0c2fa1a2be	same_broad_neighborhood	Same broad lineage	local_private_markers	Local-only markers	1	5	3	12	9	0.25	0.170012605584	1.47047919853	0.0236486486486	0.00261506276151	9.04324324324
hca	0045_10.15252_embj.2018100811_a99bb4a451	hca:0045_10.15252_embj.2018100811_a99bb4a451	same_broad_neighborhood	Same broad lineage	local_private_markers	Local-only markers	1	10	4	12	8	1	0.682040525642	1.46618853632	0.0181518151815	0.00628554325052	2.88786735816
hca	0366_10.1038_s41467-021-22164-6_097f05776f	hca:0366_10.1038_s41467-021-22164-6_097f05776f	same_broad_neighborhood	Same broad lineage	local_private_markers	Local-only markers	3	20	5	12	7	0.75	0.51494787694	1.45645808748	0.0258964143426	0.00446562593816	3.86243087352
hca	0163_10.1126_sciimmunol.abb4432_91494cf647	hca:0163_10.1126_sciimmunol.abb4432_91494cf647	same_broad_neighborhood	Same broad lineage	local_private_markers	Local-only markers	1	6	3	12	9	1	0.687964224582	1.45356395619	0.0282352941176	0.00603886397608	4.67559697146
hca	0112_10.1101_2022.02.09.479667_caaafb2f08	hca:0112_10.1101_2022.02.09.479667_caaafb2f08	same_broad_neighborhood	Same broad lineage	local_private_markers	Local-only markers	1	1	0	12	12	0.8	0.550382350836	1.45353498125	0.0101960784314	0.00477611940299	2.13480392157
biorxiv	d2042444-7138-1014-94ac-a1f590fd3173	biorxiv:d2042444-7138-1014-94ac-a1f590fd3173	same_broad_neighborhood	Same broad lineage	local_private_markers	Local-only markers	11	16	4	12	8	1	0.565228172786	1.44891326131	0.0551181102362	0.00529735132434	7.99212598425
hca	0100_10.1038_s41467-021-22804-x_e7667133b9	hca:0100_10.1038_s41467-021-22804-x_e7667133b9	same_broad_neighborhood	Same broad lineage	local_private_markers	Local-only markers	5	6	3	12	9	0.75	0.414466394639	1.44820677197	0.0679133858268	0.00612855007474	7.72980143786
hca	0352_10.1038_nature25980_27cde67bed	hca:0352_10.1038_nature25980_27cde67bed	same_broad_neighborhood	Same broad lineage	local_private_markers	Local-only markers	1	8	3	12	9	1	0.693604077763	1.44174469566	0.0412541254125	0.00628178282979	6.56726386924
hca	0265_10.1038_s41591-019-0750-6_ba0c7c2ce5	hca:0265_10.1038_s41591-019-0750-6_ba0c7c2ce5	same_broad_neighborhood	Same broad lineage	local_private_markers	Local-only markers	1	6	3	12	9	1	0.694010641376	1.44090009631	0.0284552845528	0.0107623318386	2.6439701897
hca	0139_10.1038_s41590-020-0602-z_71058e050d	hca:0139_10.1038_s41590-020-0602-z_71058e050d	same_broad_neighborhood	Same broad lineage	local_private_markers	Local-only markers	5	10	4	12	8	0.8	0.130864874822	1.4320235473	0.0730337078652	0.00353187668363	6.93854837851
hca	0402_10.1016_j.cell.2021.04.038_26e3dc6d2f	hca:0402_10.1016_j.cell.2021.04.038_26e3dc6d2f	same_broad_neighborhood	Same broad lineage	local_private_markers	Local-only markers	6	8	3	12	9	0.633333333333	0.421919205939	1.42902057699	0.0282305838134	0.00430750822614	5.74429304254
hca	0247_10.1038_s41591-018-0096-5_140f8f392a	hca:0247_10.1038_s41591-018-0096-5_140f8f392a	same_broad_neighborhood	Same broad lineage	local_private_markers	Local-only markers	2	4	2	12	10	0.928571428571	0.700667592561	1.4277781512	0.0690362539158	0.00993523954384	6.95709369158
hca	0111_10.1038_s41586-020-2157-4_a7b8710c09	hca:0111_10.1038_s41586-020-2157-4_a7b8710c09	same_broad_neighborhood	Same broad lineage	local_private_markers	Local-only markers	4	4	2	12	10	0.583333333333	0.401671519111	1.42398636288	0.00821596244131	0.00764366098994	1.07193652873
hca	0430_10.1101_2021.07.06.451312_11ba989c20	hca:0430_10.1101_2021.07.06.451312_11ba989c20	same_broad_neighborhood	Same broad lineage	local_private_markers	Local-only markers	3	5	3	12	9	0.8	0.516079596466	1.42228672417	0.0267326732673	0.00567842199641	4.70776446066
hca	0485_10.1038_s41467-021-26495-2_5e641690ff	hca:0485_10.1038_s41467-021-26495-2_5e641690ff	same_broad_neighborhood	Same broad lineage	local_private_markers	Local-only markers	1	4	2	12	10	0.25	0.176145022281	1.41928506842	0.00167785234899	0.00134448760084	1.24794929157
hca	0428_10.1073_pnas.1914143116_42027a0378	hca:0428_10.1073_pnas.1914143116_42027a0378	same_broad_neighborhood	Same broad lineage	local_private_markers	Local-only markers	3	8	3	12	9	0.333333333333	0.344337726725	1.40812290255	0.00462962962963	0.00608236115266	8.67174895915
biorxiv	e2efdcad-73c4-1014-9c6c-8a89f519fd2d	biorxiv:e2efdcad-73c4-1014-9c6c-8a89f519fd2d	same_broad_neighborhood	Same broad lineage	local_private_markers	Local-only markers	12	21	5	12	7	1	0.450579758746	1.40507212975	0.0133196721311	0.00533033033033	4.2074315594
biorxiv	824fd1db-6db8-1014-aa73-9a84848dcec3	biorxiv:824fd1db-6db8-1014-aa73-9a84848dcec3	same_broad_neighborhood	Same broad lineage	local_private_markers	Local-only markers	2	3	2	12	10	1	0.729439345652	1.39840272902	0.0801640566741	0.0121963361211	6.60326310061
biorxiv	8c3ef8a4-6c0e-1014-9b81-f1618d3e39b1	biorxiv:8c3ef8a4-6c0e-1014-9b81-f1618d3e39b1	same_broad_neighborhood	Same broad lineage	local_private_markers	Local-only markers	1	5	3	12	9	1	0.71841156489	1.39195977469	0.0961968680089	0.0124526798167	7.72499328859
hca	0001_10.1016_j.celrep.2018.11.086_7aff07407b	hca:0001_10.1016_j.celrep.2018.11.086_7aff07407b	same_broad_neighborhood	Same broad lineage	local_private_markers	Local-only markers	4	7	3	12	9	0.785714285714	0.544640691815	1.39123493019	0.0604488416988	0.00739063568011	7.16020663814
biorxiv	39510275-6e7f-1014-81d5-da3b7edd0de0	biorxiv:39510275-6e7f-1014-81d5-da3b7edd0de0	same_broad_neighborhood	Same broad lineage	local_private_markers	Local-only markers	1	1	0	12	12	0.4	0.287964855949	1.38905839285	0.0237623762376	0.00286567164179	8.29207920792
biorxiv	1e0a6787-73c3-1014-991b-bc3d9c192616	biorxiv:1e0a6787-73c3-1014-991b-bc3d9c192616	same_broad_neighborhood	Same broad lineage	local_private_markers	Local-only markers	1	7	3	12	9	0.8	0.576995785357	1.38649192993	0.0307086614173	0.00526315789474	5.83464566929
biorxiv	2439b48c-6d2d-1014-8b64-9f8fdc0d5fe9	biorxiv:2439b48c-6d2d-1014-8b64-9f8fdc0d5fe9	same_broad_neighborhood	Same broad lineage	local_private_markers	Local-only markers	4	6	3	12	9	0.9	0.646001770809	1.3758748191	0.0240695613646	0.00944693572496	2.54114966754
hca	0164_10.1177_00220345221147908_13bf485ac8	hca:0164_10.1177_00220345221147908_13bf485ac8	same_broad_neighborhood	Same broad lineage	local_private_markers	Local-only markers	4	9	4	12	8	1	0.728786380729	1.37532063412	0.122477283596	0.00777977259126	11.6581644444
hca	0418_10.1038_s42003-020-0922-4_8904851286	hca:0418_10.1038_s42003-020-0922-4_8904851286	same_broad_neighborhood	Same broad lineage	local_private_markers	Local-only markers	8	11	4	12	8	1	0.547852605439	1.37173803417	0.0661093204405	0.00718562874251	8.40495547813
biorxiv	ab2a1489-7001-1014-b2bf-f5e47d205c33	biorxiv:ab2a1489-7001-1014-b2bf-f5e47d205c33	same_broad_neighborhood	Same broad lineage	local_private_markers	Local-only markers	1	2	1	12	11	0.6	0.439608769834	1.36484993288	0.0281879194631	0.00441922962078	6.3784690731
hca	0407_10.1093_humrep_deac183_7b0f560d74	hca:0407_10.1093_humrep_deac183_7b0f560d74	same_broad_neighborhood	Same broad lineage	local_private_markers	Local-only markers	2	5	3	12	9	0.722222222222	0.556548760157	1.36175920874	0.121067376101	0.00909875805273	13.8918888766
hca	0157_10.1126_science.abg0928_3795ca9b86	hca:0157_10.1126_science.abg0928_3795ca9b86	same_broad_neighborhood	Same broad lineage	local_private_markers	Local-only markers	1	1	0	12	12	0.8	0.588560476736	1.35924859317	0.00941176470588	0.00435820895522	2.15954875101
hca	0342_10.18632_aging.203124_280d72e18e	hca:0342_10.18632_aging.203124_280d72e18e	same_broad_neighborhood	Same broad lineage	local_private_markers	Local-only markers	2	2	1	12	11	0.833333333333	0.637961593354	1.35575286889	0.148380221654	0.00910719617796	16.4865084931
hca	0508_10.1016_j.devcel.2022.07.004_cfe769c9cf	hca:0508_10.1016_j.devcel.2022.07.004_cfe769c9cf	same_broad_neighborhood	Same broad lineage	local_private_markers	Local-only markers	1	1	0	12	12	1	0.742909851705	1.34605833764	0.0339869281046	0.00676616915423	5.02306805075
hca	0211_10.1016_j.cels.2022.06.005_7669df70b6	hca:0211_10.1016_j.cels.2022.06.005_7669df70b6	same_broad_neighborhood	Same broad lineage	local_private_markers	Local-only markers	1	2	1	12	11	1	0.743456519829	1.34506857271	0.140921409214	0.011048074052	12.7552918772
hca	0205_10.1038_s41588-020-0636-z_f39ba80540	hca:0205_10.1038_s41588-020-0636-z_f39ba80540	same_broad_neighborhood	Same broad lineage	local_private_markers	Local-only markers	4	5	3	12	9	0.875	0.552750132695	1.33140685145	0.0616438356164	0.00631350866707	8.2856691254
hca	0217_10.1186_s40478-023-01568-z_30cfefc163	hca:0217_10.1186_s40478-023-01568-z_30cfefc163	same_broad_neighborhood	Same broad lineage	local_private_markers	Local-only markers	5	12	4	12	8	0.5	0.376612705271	1.32762382416	0.00883838383838	0.00314465408805	4.21590909091
hca	0489_10.1016_j.cell.2021.02.018_b0761e6af0	hca:0489_10.1016_j.cell.2021.02.018_b0761e6af0	same_broad_neighborhood	Same broad lineage	local_private_markers	Local-only markers	1	1	0	12	12	0.4	0.303394038365	1.31841746844	0.0229508196721	0.00632835820896	3.62666254253
hca	0239_10.1038_s41467-021-24607-6_2a0350c2e5	hca:0239_10.1038_s41467-021-24607-6_2a0350c2e5	same_broad_neighborhood	Same broad lineage	local_private_markers	Local-only markers	2	7	3	12	9	1	0.774784343139	1.31820400709	0.102477477477	0.0118620414673	8.75418275418
hca	0108_10.1038_s41598-017-14676-3_ca30704700	hca:0108_10.1038_s41598-017-14676-3_ca30704700	same_broad_neighborhood	Same broad lineage	local_private_markers	Local-only markers	2	7	3	12	9	0.733333333333	0.565117700397	1.31740280384	0.0359638905067	0.00583133971292	6.48626286158
hca	0032_10.15252_msb.20209682_ea064ade0e	hca:0032_10.15252_msb.20209682_ea064ade0e	same_broad_neighborhood	Same broad lineage	local_private_markers	Local-only markers	2	5	3	12	9	1	0.79766843053	1.31630411144	0.0760407071106	0.011755329747	6.57021859176
biorxiv	55d0fee5-7079-1014-8ef3-9aa3522a8f21	biorxiv:55d0fee5-7079-1014-8ef3-9aa3522a8f21	same_broad_neighborhood	Same broad lineage	local_private_markers	Local-only markers	1	4	2	12	10	0.5	0.380877373398	1.31275847536	0.00746268656716	0.00303754606115	2.45681428921
hca	0494_10.1038_s41467-021-27895-0_bbe3158fbf	hca:0494_10.1038_s41467-021-27895-0_bbe3158fbf	same_broad_neighborhood	Same broad lineage	local_private_markers	Local-only markers	1	6	3	12	9	1	0.764711196234	1.3076832207	0.0660066006601	0.00976581963129	6.75894120024
hca	0047_10.15252_embj.2020107333_a4d0f57474	hca:0047_10.15252_embj.2020107333_a4d0f57474	same_broad_neighborhood	Same broad lineage	local_private_markers	Local-only markers	8	14	4	12	8	1	0.510280285697	1.30346634947	0.0505848680936	0.00666766556788	8.0665711042
biorxiv	8a79edc5-6e0d-1014-bd87-aa1de4068967	biorxiv:8a79edc5-6e0d-1014-bd87-aa1de4068967	same_broad_neighborhood	Same broad lineage	local_private_markers	Local-only markers	3	4	2	12	10	0.857142857143	0.495170671725	1.29338118017	0.0616246498599	0.00844039438303	6.44555322129
biorxiv	d8ee72e2-7047-1014-a159-a9ef37bce7a4	biorxiv:d8ee72e2-7047-1014-a159-a9ef37bce7a4	same_broad_neighborhood	Same broad lineage	local_private_markers	Local-only markers	7	16	4	12	8	0.5	0.316874653201	1.28500742532	0.030612244898	0.00464767616192	6.58657011192
hca	0339_10.7150_thno.65694_e762e5f2bb	hca:0339_10.7150_thno.65694_e762e5f2bb	same_broad_neighborhood	Same broad lineage	local_private_markers	Local-only markers	4	9	4	12	8	0.6	0.421819845158	1.27967031967	0.0155271608242	0.00504937163375	2.61056761479
hca	0152_10.15252_embr.201847483_d14f9b2105	hca:0152_10.15252_embr.201847483_d14f9b2105	same_broad_neighborhood	Same broad lineage	local_private_markers	Local-only markers	1	2	1	12	11	1	0.791052664381	1.26413833747	0.102348993289	0.012466407883	8.20998271913
biorxiv	c8264099-6fc3-1014-9d27-9ae05a0c1d33	biorxiv:c8264099-6fc3-1014-9d27-9ae05a0c1d33	same_broad_neighborhood	Same broad lineage	local_private_markers	Local-only markers	2	2	1	12	11	1	0.820037662019	1.26039461258	0.0948294829483	0.011048074052	8.64377279833
hca	0284_10.1002_hep4.1854_fe09f5fe1e	hca:0284_10.1002_hep4.1854_fe09f5fe1e	same_broad_neighborhood	Same broad lineage	local_private_markers	Local-only markers	3	21	5	12	7	1	0.797217528218	1.25436278632	0.0675675675676	0.00850850850851	7.83582089552
biorxiv	b88cbe76-6c0b-1014-a018-e498be98267a	biorxiv:b88cbe76-6c0b-1014-a018-e498be98267a	same_broad_neighborhood	Same broad lineage	local_private_markers	Local-only markers	1	4	2	12	10	1	0.799777501002	1.2503477514	0.102310231023	0.0112538591774	9.09112415666
hca	0233_10.1038_s41590-025-02241-4_110ace5bba	hca:0233_10.1038_s41590-025-02241-4_110ace5bba	same_broad_neighborhood	Same broad lineage	local_private_markers	Local-only markers	10	13	4	12	8	0.557692307692	0.392073028798	1.24247243224	0.0253280290341	0.00467345715998	4.87240966738
biorxiv	7d48f408-80c3-1014-8100-959ab60f80b6	biorxiv:7d48f408-80c3-1014-8100-959ab60f80b6	same_broad_neighborhood	Same broad lineage	local_private_markers	Local-only markers	1	4	2	12	10	1	0.806517661775	1.23989845157	0.0792079207921	0.0108554924808	7.29657552911
hca	0033_10.26508_lsa.202000744_340b92b825	hca:0033_10.26508_lsa.202000744_340b92b825	same_broad_neighborhood	Same broad lineage	local_private_markers	Local-only markers	1	4	2	12	10	0.6	0.485785713838	1.2351124846	0.0241610738255	0.0058559904392	4.12587316806
hca	0349_10.1038_s41467-023-36296-4_67ae3c1e19	hca:0349_10.1038_s41467-023-36296-4_67ae3c1e19	same_broad_neighborhood	Same broad lineage	local_private_markers	Local-only markers	4	7	3	12	9	1	0.813286236301	1.22974909682	0.0866737342371	0.0116252990431	7.92529963016
hca	0398_10.3389_fimmu.2022.1034159_e51dfc8bb5	hca:0398_10.3389_fimmu.2022.1034159_e51dfc8bb5	same_broad_neighborhood	Same broad lineage	local_private_markers	Local-only markers	3	6	3	12	9	0.5	0.407029441323	1.22841236834	0.00196078431373	0.00249128051819	0.936974789916
hca	0458_10.1038_s41467-024-55325-4_d40c28a5ea	hca:0458_10.1038_s41467-024-55325-4_d40c28a5ea	same_broad_neighborhood	Same broad lineage	local_private_markers	Local-only markers	1	6	3	12	9	0.6	0.489740012385	1.22513983915	0.0278606965174	0.00585949177877	4.75479744136
biorxiv	a54482c5-73e0-1014-b3b0-b8dec8f62e56	biorxiv:a54482c5-73e0-1014-b3b0-b8dec8f62e56	same_broad_neighborhood	Same broad lineage	local_private_markers	Local-only markers	1	1	0	12	12	0.666666666667	0.545052617659	1.22312350233	0.0380313199105	0.00587064676617	6.47821635764
biorxiv	a6ffed23-717d-1014-ae02-d2e67f78dddd	biorxiv:a6ffed23-717d-1014-ae02-d2e67f78dddd	same_broad_neighborhood	Same broad lineage	local_private_markers	Local-only markers	2	3	2	12	10	1	0.828878720604	1.21972351522	0.07335468841	0.00876144962166	8.36373242366
hca	0291_10.1016_j.cell.2019.06.024_7d6cf2f1e2	hca:0291_10.1016_j.cell.2019.06.024_7d6cf2f1e2	same_broad_neighborhood	Same broad lineage	local_private_markers	Local-only markers	2	4	2	12	10	0.916666666667	0.751766068503	1.21709971368	0.0650747427684	0.00820386415696	8.04792300611
hca	0460_10.1016_j.cell.2021.08.003_652ffcecb6	hca:0460_10.1016_j.cell.2021.08.003_652ffcecb6	same_broad_neighborhood	Same broad lineage	local_private_markers	Local-only markers	1	1	0	12	12	1	0.823473656904	1.21436792983	0.0973597359736	0.0121393034826	8.02020775848
hca	0393_10.1038_s42255-022-00531-x_b92878970e	hca:0393_10.1038_s42255-022-00531-x_b92878970e	same_broad_neighborhood	Same broad lineage	local_private_markers	Local-only markers	1	2	1	12	11	1	0.824883741633	1.21229204739	0.0928217821782	0.012466407883	7.44575206024
hca	0474_10.3389_fimmu.2021.689019_ff96e36403	hca:0474_10.3389_fimmu.2021.689019_ff96e36403	same_broad_neighborhood	Same broad lineage	local_private_markers	Local-only markers	10	17	5	12	7	1	0.827447662537	1.20996453076	0.0668571428571	0.00876253320764	7.64022367324
hca	0200_10.1242_dev.172361_e8969b05b0	hca:0200_10.1242_dev.172361_e8969b05b0	same_broad_neighborhood	Same broad lineage	local_private_markers	Local-only markers	1	6	3	12	9	0.666666666667	0.551761194623	1.20825218077	0.0425055928412	0.00677628300947	6.27270035531
biorxiv	c245f005-7ab6-1014-adbd-b49bd8bfffbc	biorxiv:c245f005-7ab6-1014-adbd-b49bd8bfffbc	same_broad_neighborhood	Same broad lineage	local_private_markers	Local-only markers	3	7	3	12	9	1	0.828785281772	1.20658513368	0.0761154855643	0.0091706539075	8.29989729545
biorxiv	c3556304-707d-1014-b47e-8d7767eb41eb	biorxiv:c3556304-707d-1014-b47e-8d7767eb41eb	same_broad_neighborhood	Same broad lineage	local_private_markers	Local-only markers	1	1	0	12	12	1	0.829262172439	1.20589125277	0.0758169934641	0.00915422885572	8.28218243819
biorxiv	eda68d46-7b76-1014-b9f8-bf62f9afae8d	biorxiv:eda68d46-7b76-1014-b9f8-bf62f9afae8d	same_broad_neighborhood	Same broad lineage	local_private_markers	Local-only markers	6	7	3	12	9	0.541666666667	0.147139339303	1.20251275972	0.00523214750381	0.00153259569378	4.67186384264
hca	0003_10.3389_fimmu.2021.645988_480a5ea7f6	hca:0003_10.3389_fimmu.2021.645988_480a5ea7f6	same_broad_neighborhood	Same broad lineage	local_private_markers	Local-only markers	2	7	3	12	9	0.25	0.234219302419	1.19386175861	0.0216216216216	0.00276116427432	5.64864864865
biorxiv	9a5466f2-6c88-1014-bd5d-ff8513618027	biorxiv:9a5466f2-6c88-1014-bd5d-ff8513618027	same_broad_neighborhood	Same broad lineage	local_private_markers	Local-only markers	1	4	2	12	10	0.333333333333	0.281367632653	1.18468968939	0.101694915254	0.00587590877403	17.3070956622
biorxiv	72d8cdf5-6fa5-1014-b805-ea9c7c557043	biorxiv:72d8cdf5-6fa5-1014-b805-ea9c7c557043	same_broad_neighborhood	Same broad lineage	local_private_markers	Local-only markers	3	3	2	12	10	0.833333333333	0.704184172214	1.18340253334	0.03300330033	0.0071186778176	4.63615592328
hca	0095_10.1101_2021.09.16.460628_23a839e09f	hca:0095_10.1101_2021.09.16.460628_23a839e09f	same_broad_neighborhood	Same broad lineage	local_private_markers	Local-only markers	5	9	4	12	8	1	0.639341984417	1.18229007331	0.0808580858086	0.0099740674247	8.48422121544
hca	0365_10.3389_fendo.2022.874915_81de77d539	hca:0365_10.3389_fendo.2022.874915_81de77d539	same_broad_neighborhood	Same broad lineage	local_private_markers	Local-only markers	5	9	4	12	8	1	0.847284736787	1.18024078162	0.117117117117	0.0104727707959	6.97234794908
hca	0180_10.1016_j.immuni.2019.11.014_dd3bbb9bc1	hca:0180_10.1016_j.immuni.2019.11.014_dd3bbb9bc1	same_broad_neighborhood	Same broad lineage	local_private_markers	Local-only markers	3	3	2	12	10	1	0.776193965183	1.17246967763	0.0472440944882	0.00888590203106	5.27244094488
biorxiv	8e460cfc-7020-1014-9694-e5bf39316223	biorxiv:8e460cfc-7020-1014-9694-e5bf39316223	same_broad_neighborhood	Same broad lineage	local_private_markers	Local-only markers	1	1	0	12	12	1	0.853026694483	1.17229625575	0.0823529411765	0.00875621890547	9.4050802139
hca	0191_10.1126_sciimmunol.abh3768_bc0f7a7105	hca:0191_10.1126_sciimmunol.abh3768_bc0f7a7105	same_broad_neighborhood	Same broad lineage	local_private_markers	Local-only markers	3	5	3	12	9	0.125	0.171659520581	1.16509704398	0.00138888888889	0.00239091452481	1.48711111111
biorxiv	2696a317-6c07-1014-9562-d326b0aa508e	biorxiv:2696a317-6c07-1014-9562-d326b0aa508e	same_broad_neighborhood	Same broad lineage	local_private_markers	Local-only markers	2	4	2	12	10	1	0.862126564997	1.16259390281	0.0625	0.00965043322378	6.48026769163
hca	0501_10.1126_sciimmunol.abb8786_1f1edec8bd	hca:0501_10.1126_sciimmunol.abb8786_1f1edec8bd	same_broad_neighborhood	Same broad lineage	local_private_markers	Local-only markers	4	8	3	12	9	0.928571428571	0.683231106786	1.16243780818	0.010752688172	0.00640998247938	2.99551971326
hca	0264_10.1186_s13059-022-02677-z_ec9d743757	hca:0264_10.1186_s13059-022-02677-z_ec9d743757	same_broad_neighborhood	Same broad lineage	local_private_markers	Local-only markers	11	15	4	12	8	1	0.813433724167	1.16206177386	0.075495049505	0.00884292565947	6.6276706618
hca	0502_10.1016_j.xcrm.2024.101556_a84a219a11	hca:0502_10.1016_j.xcrm.2024.101556_a84a219a11	same_broad_neighborhood	Same broad lineage	local_private_markers	Local-only markers	1	14	4	12	8	0.333333333333	0.287389807817	1.15986483955	0.0335570469799	0.00389571471381	8.6138358286
hca	0223_10.1126_science.abo7257_14645ac97f	hca:0223_10.1126_science.abo7257_14645ac97f	same_broad_neighborhood	Same broad lineage	local_private_markers	Local-only markers	1	9	4	12	8	0.333333333333	0.289204822107	1.15258566889	0.013201320132	0.00209455415919	6.3026874116
biorxiv	558bd04f-7a31-1014-843e-87e03b8b4f81	biorxiv:558bd04f-7a31-1014-843e-87e03b8b4f81	same_broad_neighborhood	Same broad lineage	local_private_markers	Local-only markers	1	1	0	12	12	0.5	0.43624830813	1.14613625012	0.0119261926193	0.00455223880597	2.61985214915
hca	0137_10.1084_jem.20221350_7ac74dedfd	hca:0137_10.1084_jem.20221350_7ac74dedfd	same_broad_neighborhood	Same broad lineage	local_private_markers	Local-only markers	1	1	0	12	12	1	0.87420815336	1.14389232834	0.134228187919	0.0146268656716	9.17682509245
biorxiv	03092aac-75a4-1014-b9cc-d44d468fbd97	biorxiv:03092aac-75a4-1014-b9cc-d44d468fbd97	same_broad_neighborhood	Same broad lineage	local_private_markers	Local-only markers	8	11	4	12	8	1	0.820486309811	1.1386338091	0.057768589485	0.00998003992016	6.00665042674
hca	0123_10.1371_journal.pone.0267704_5a8157f0f3	hca:0123_10.1371_journal.pone.0267704_5a8157f0f3	same_broad_neighborhood	Same broad lineage	local_private_markers	Local-only markers	4	14	4	12	8	1	0.810212720393	1.13432832252	0.0594679033121	0.0106782539207	6.94161997688
hca	0151_10.1038_s41586-022-04718-w_1bf3167cbc	hca:0151_10.1038_s41586-022-04718-w_1bf3167cbc	same_broad_neighborhood	Same broad lineage	local_private_markers	Local-only markers	2	7	3	12	9	1	0.882109431447	1.1337501893	0.0570866141732	0.00882177033493	6.49188161825
biorxiv	ab05f819-6c04-1014-81aa-9646e853264a	biorxiv:ab05f819-6c04-1014-81aa-9646e853264a	same_broad_neighborhood	Same broad lineage	local_private_markers	Local-only markers	5	10	4	12	8	1	0.551590889569	1.12915945778	0.0632411067194	0.00927865908411	6.28834933183
hca	0185_10.1038_s41598-019-45842-4_2aeb7a4d45	hca:0185_10.1038_s41598-019-45842-4_2aeb7a4d45	same_broad_neighborhood	Same broad lineage	local_private_markers	Local-only markers	1	1	0	12	12	0.9	0.798936844121	1.12649705245	0.0926174496644	0.0134328358209	6.89485458613
hca	0099_10.1126_sciimmunol.abl9165_5f9974d5f2	hca:0099_10.1126_sciimmunol.abl9165_5f9974d5f2	same_broad_neighborhood	Same broad lineage	local_private_markers	Local-only markers	1	19	5	12	7	1	0.897736252983	1.1139129078	0.0607843137255	0.0093037214886	6.53333333333
biorxiv	1e500b21-6c04-1014-adde-c104b14bbdad	biorxiv:1e500b21-6c04-1014-adde-c104b14bbdad	same_broad_neighborhood	Same broad lineage	local_private_markers	Local-only markers	2	4	2	12	10	1	0.900278150028	1.11142124438	0.0731627296588	0.0130465093118	5.64150994413
hca	0086_10.1186_s13059-018-1603-1_27b7304530	hca:0086_10.1186_s13059-018-1603-1_27b7304530	same_broad_neighborhood	Same broad lineage	local_private_markers	Local-only markers	1	1	0	12	12	0.666666666667	0.601521818853	1.10830005791	0.0496732026144	0.00606965174129	8.18386370942
biorxiv	1fa7b83f-6da7-1014-a69d-d257852e8dd1	biorxiv:1fa7b83f-6da7-1014-a69d-d257852e8dd1	same_broad_neighborhood	Same broad lineage	local_private_markers	Local-only markers	2	3	2	12	10	1	0.907355237208	1.1061854427	0.0989173228346	0.0116985264835	8.65239105664
hca	0515_10.1084_jem.20201189_d8d9a9e257	hca:0515_10.1084_jem.20201189_d8d9a9e257	same_broad_neighborhood	Same broad lineage	local_private_markers	Local-only markers	2	5	3	12	9	0.7125	0.709347970128	1.10248058397	0.0370059288538	0.00895472205619	3.97136480488
biorxiv	ba2fe3cc-7145-1014-8950-ece91a9c7114	biorxiv:ba2fe3cc-7145-1014-8950-ece91a9c7114	same_broad_neighborhood	Same broad lineage	local_private_markers	Local-only markers	1	1	0	12	12	1	0.913654877299	1.09450518445	0.0823529411765	0.00965174129353	8.5324439054
hca	0405_10.1016_j.ccell.2021.03.007_50f32173d6	hca:0405_10.1016_j.ccell.2021.03.007_50f32173d6	same_broad_neighborhood	Same broad lineage	local_private_markers	Local-only markers	4	12	4	12	8	1	0.918935584594	1.09287481426	0.116600790514	0.0138264949586	8.34200887769
biorxiv	9ca649fd-6cf8-1014-8427-cac0001a663e	biorxiv:9ca649fd-6cf8-1014-8427-cac0001a663e	same_broad_neighborhood	Same broad lineage	local_private_markers	Local-only markers	1	1	0	12	12	1	0.918659364879	1.08854275941	0.0980392156863	0.0157213930348	6.23603871929
hca	0355_10.3389_fgene.2021.745483_5f4326fce7	hca:0355_10.3389_fgene.2021.745483_5f4326fce7	same_broad_neighborhood	Same broad lineage	local_private_markers	Local-only markers	2	5	3	12	9	0.5	0.460590195994	1.08556370576	0.042904290429	0.00692368997808	6.19673765938
biorxiv	396ad855-6e2e-1014-85f5-9bd33dea0f81	biorxiv:396ad855-6e2e-1014-85f5-9bd33dea0f81	same_broad_neighborhood	Same broad lineage	local_private_markers	Local-only markers	3	3	2	12	10	0.714285714286	0.65830082681	1.08504453465	0.0616246498599	0.00836320191159	7.11253949232
hca	0169_10.1038_s41586-022-04541-3_a47d9e6ca0	hca:0169_10.1038_s41586-022-04541-3_a47d9e6ca0	same_broad_neighborhood	Same broad lineage	local_private_markers	Local-only markers	1	1	0	12	12	1	0.924693778504	1.08143909178	0.147651006711	0.0194029850746	7.60970573051
hca	0426_10.1038_s41467-019-12464-3_0f8440336d	hca:0426_10.1038_s41467-019-12464-3_0f8440336d	same_broad_neighborhood	Same broad lineage	local_private_markers	Local-only markers	5	11	4	12	8	1	0.890691032312	1.07737797222	0.057	0.0104790419162	5.39087719298
hca	0215_10.1038_s42003-020-01625-6_cc9e14f4ea	hca:0215_10.1038_s42003-020-01625-6_cc9e14f4ea	same_broad_neighborhood	Same broad lineage	local_private_markers	Local-only markers	7	14	4	12	8	1	0.785861109771	1.07592995387	0.0425101214575	0.00854060533413	5.78193069307
biorxiv	de5904ff-71b0-1014-b1f7-fe7935302eab	biorxiv:de5904ff-71b0-1014-b1f7-fe7935302eab	same_broad_neighborhood	Same broad lineage	local_private_markers	Local-only markers	1	1	0	12	12	0.909090909091	0.848590462225	1.07129522374	0.0459893048128	0.0103934871099	4.42481953617
hca	0383_10.1126_sciadv.aaw3851_fd6802ffee	hca:0383_10.1126_sciadv.aaw3851_fd6802ffee	same_broad_neighborhood	Same broad lineage	local_private_markers	Local-only markers	1	5	3	12	9	0.666666666667	0.625746571672	1.06539403785	0.0514541387025	0.00956365809922	5.38017337808
hca	0340_10.1038_s41467-020-16164-1_15fae00c00	hca:0340_10.1038_s41467-020-16164-1_15fae00c00	same_broad_neighborhood	Same broad lineage	local_private_markers	Local-only markers	1	3	2	12	10	0.8	0.753849177199	1.0612202337	0.0257425742574	0.00818399044205	3.14547951145
hca	0364_10.1161_circulationaha.120.046528_00aa2deb4c	hca:0364_10.1161_circulationaha.120.046528_00aa2deb4c	same_broad_neighborhood	Same broad lineage	local_private_markers	Local-only markers	9	29	5	12	7	0.5	0.435946640238	1.06119875078	0.0318725099602	0.00531808147702	4.32165216684
hca	0140_10.1101_2021.03.01.21252411_572fc1288d	hca:0140_10.1101_2021.03.01.21252411_572fc1288d	same_broad_neighborhood	Same broad lineage	local_private_markers	Local-only markers	3	5	3	12	9	1	0.94551924299	1.05761993467	0.0883084577114	0.0150179318589	5.87208319792
hca	0318_10.1158_1078-0432.ccr-19-0148_d4eb569329	hca:0318_10.1158_1078-0432.ccr-19-0148_d4eb569329	same_broad_neighborhood	Same broad lineage	local_private_markers	Local-only markers	1	1	0	12	12	1	0.946009068019	1.05707231971	0.0718954248366	0.0139800995025	5.14269764845
hca	0098_10.1038_s41586-020-03148-w_f50cb505c0	hca:0098_10.1038_s41586-020-03148-w_f50cb505c0	same_broad_neighborhood	Same broad lineage	local_private_markers	Local-only markers	1	2	1	12	11	1	0.946782107139	1.05620922962	0.0954248366013	0.0136359112173	6.99805352798
biorxiv	9e5c18fc-76e5-1014-9f81-96148d260e0f	biorxiv:9e5c18fc-76e5-1014-9f81-96148d260e0f	same_broad_neighborhood	Same broad lineage	local_private_markers	Local-only markers	1	4	2	12	10	1	0.946866176146	1.05611545242	0.0954248366013	0.0136440593566	6.99387433806
hca	0432_10.1172_jci.insight.156341_02dc39adcf	hca:0432_10.1172_jci.insight.156341_02dc39adcf	same_broad_neighborhood	Same broad lineage	local_private_markers	Local-only markers	2	10	4	12	8	1	0.947397121216	1.05555729453	0.0685695538058	0.0127955701886	5.35198663608
biorxiv	ae5f009e-6d7a-1014-8ed6-cd1c0d2e0ada	biorxiv:ae5f009e-6d7a-1014-8ed6-cd1c0d2e0ada	same_broad_neighborhood	Same broad lineage	local_private_markers	Local-only markers	4	5	3	12	9	0.583333333333	0.489712849852	1.05545558965	0.0114541832669	0.00400976290098	3.73662924061
biorxiv	8060bfa3-6d4f-1014-b2ea-be74caad434f	biorxiv:8060bfa3-6d4f-1014-b2ea-be74caad434f	same_broad_neighborhood	Same broad lineage	local_private_markers	Local-only markers	1	1	0	12	12	1	0.948071103839	1.05477320841	0.100980392157	0.0126119402985	8.00672931895
hca	0219_10.1016_j.cell.2020.06.026_35457f0d2b	hca:0219_10.1016_j.cell.2020.06.026_35457f0d2b	same_broad_neighborhood	Same broad lineage	local_private_markers	Local-only markers	1	1	0	12	12	0.909090909091	0.865698847362	1.05012373744	0.0659536541889	0.0104748982361	6.29635273799
hca	0161_10.1681_asn.2020030326_bf5d42b566	hca:0161_10.1681_asn.2020030326_bf5d42b566	same_broad_neighborhood	Same broad lineage	local_private_markers	Local-only markers	4	5	3	12	9	0.666666666667	0.570519194396	1.04573831422	0.0532622321464	0.0073097230524	5.1328983177
biorxiv	611722dd-8008-1014-b70e-fa0b81b0ac37	biorxiv:611722dd-8008-1014-b70e-fa0b81b0ac37	same_broad_neighborhood	Same broad lineage	local_private_markers	Local-only markers	1	6	3	12	9	0.8	0.765202960958	1.04547426084	0.0527559055118	0.0102242152466	5.15989777594
biorxiv	750a2ba6-6eaa-1014-b156-e23e824a62e0	biorxiv:750a2ba6-6eaa-1014-b156-e23e824a62e0	same_broad_neighborhood	Same broad lineage	local_private_markers	Local-only markers	2	3	2	12	10	1	0.957828292195	1.04403165612	0.0822834645669	0.0135902031063	6.20498152017
hca	0357_10.1126_science.abf1970_a409ac73f2	hca:0357_10.1126_science.abf1970_a409ac73f2	same_broad_neighborhood	Same broad lineage	local_private_markers	Local-only markers	2	3	2	12	10	1	0.960104677393	1.04178634741	0.100393700787	0.0142622461171	7.03136655615
biorxiv	380e1251-6c2c-1014-8b2d-a217f3491f5e	biorxiv:380e1251-6c2c-1014-8b2d-a217f3491f5e	same_broad_neighborhood	Same broad lineage	local_private_markers	Local-only markers	3	4	2	12	10	1	0.962210504555	1.03927362595	0.10119047619	0.0156856886764	6.45113378685
hca	0193_10.15252_emmm.202012871_3b35c5fb8f	hca:0193_10.15252_emmm.202012871_3b35c5fb8f	same_broad_neighborhood	Same broad lineage	local_private_markers	Local-only markers	1	3	2	12	10	0.333333333333	0.321675636019	1.03624053552	0.0212527964206	0.00378335324572	5.61744966443
biorxiv	e3312584-7421-1014-b0a7-823d4471ccf1	biorxiv:e3312584-7421-1014-b0a7-823d4471ccf1	same_broad_neighborhood	Same broad lineage	local_private_markers	Local-only markers	2	8	3	12	9	1	0.965185194069	1.03614041512	0.113523587653	0.016646724499	6.83028852965
hca	0039_10.1016_j.isci.2021.102405_1f6d3fbc60	hca:0039_10.1016_j.isci.2021.102405_1f6d3fbc60	same_broad_neighborhood	Same broad lineage	local_private_markers	Local-only markers	2	9	4	12	8	0.375	0.357094092458	1.03492242808	0.046106557377	0.00516157989228	7.27102334379
hca	0491_10.1016_j.celrep.2018.09.006_befb59b9fa	hca:0491_10.1016_j.celrep.2018.09.006_befb59b9fa	same_broad_neighborhood	Same broad lineage	local_private_markers	Local-only markers	1	12	4	12	8	0.833333333333	0.806716380712	1.03299418886	0.0562091503268	0.0114305680343	4.91744156178
hca	0201_10.1038_s41467-019-13382-0_3e98068ead	hca:0201_10.1038_s41467-019-13382-0_3e98068ead	same_broad_neighborhood	Same broad lineage	local_private_markers	Local-only markers	3	7	3	12	9	0.333333333333	0.325914791447	1.02276221295	0.0113378684807	0.00309011164274	3.66908053544
hca	0354_10.1172_jci128475_002a5124c6	hca:0354_10.1172_jci128475_002a5124c6	same_broad_neighborhood	Same broad lineage	local_private_markers	Local-only markers	1	1	0	12	12	1	0.979280566243	1.02115781163	0.130718954248	0.0163184079602	8.01052128168
hca	0142_10.1016_j.immuni.2023.01.032_b86bd8b65d	hca:0142_10.1016_j.immuni.2023.01.032_b86bd8b65d	same_broad_neighborhood	Same broad lineage	local_private_markers	Local-only markers	1	4	2	12	10	1	0.988997199056	1.01112520941	0.145098039216	0.0182252763669	7.96136290582
hca	0350_10.1038_s41421-020-0157-z_3083f6da26	hca:0350_10.1038_s41421-020-0157-z_3083f6da26	same_broad_neighborhood	Same broad lineage	local_private_markers	Local-only markers	5	26	5	12	7	0.6	0.437218726406	1.00869212377	0.00963718820862	0.00414369256475	2.65405491699
hca	0379_10.1038_s41698-022-00300-9_7bb9a273c6	hca:0379_10.1038_s41698-022-00300-9_7bb9a273c6	same_broad_neighborhood	Same broad lineage	local_private_markers	Local-only markers	4	6	3	12	9	0.833333333333	0.82215523214	1.00806158209	0.0737433862434	0.0100398604883	5.87615283267
biorxiv	5200cce7-72d7-1014-98f6-994ae061fa4b	biorxiv:5200cce7-72d7-1014-98f6-994ae061fa4b	same_broad_neighborhood	Same broad lineage	local_private_markers	Local-only markers	1	3	2	12	10	0.666666666667	0.661686826219	1.00752597793	0.0874587458746	0.0109518120271	7.98577857786
biorxiv	c07140e5-7138-1014-aa16-8cb2f542cef3	biorxiv:c07140e5-7138-1014-aa16-8cb2f542cef3	same_broad_neighborhood	Same broad lineage	local_private_markers	Local-only markers	1	2	1	12	11	0.55	0.547355742425	1.00483096708	0.0166666666667	0.00525530008958	3.17140151515
hca	0343_10.1038_s41597-019-0351-8_0cf4fb36a1	hca:0343_10.1038_s41597-019-0351-8_0cf4fb36a1	same_broad_neighborhood	Same broad lineage	local_private_markers	Local-only markers	1	3	2	12	10	1	0.995429197272	1.0045917909	0.129411764706	0.020908004779	6.18957983193
hca	0367_10.1073_pnas.2103240118_fda266512b	hca:0367_10.1073_pnas.2103240118_fda266512b	same_broad_neighborhood	Same broad lineage	local_private_markers	Local-only markers	1	9	4	12	8	0.8	0.802157301269	0.997310625652	0.039603960396	0.0110712148414	3.57720096334
biorxiv	c704e998-6f4b-1014-8cb1-c3d28b577fb8	biorxiv:c704e998-6f4b-1014-8cb1-c3d28b577fb8	same_broad_neighborhood	Same broad lineage	local_private_markers	Local-only markers	1	1	0	12	12	0.666666666667	0.686377402707	0.971282947308	0.0162601626016	0.011144278607	1.45905923345
biorxiv	a0900ed8-7609-1014-846c-dd411913591f	biorxiv:a0900ed8-7609-1014-846c-dd411913591f	same_broad_neighborhood	Same broad lineage	local_private_markers	Local-only markers	2	6	3	12	9	0.75	0.760598283299	0.964794791878	0.11813949324	0.0121076233184	9.54484635051
hca	0078_10.1038_s41586-021-03570-8_93e4f0be8b	hca:0078_10.1038_s41586-021-03570-8_93e4f0be8b	same_broad_neighborhood	Same broad lineage	local_private_markers	Local-only markers	2	4	2	12	10	0.5	0.346958591989	0.957389374334	0.00912106135987	0.00258938352754	2.18058516939
hca	0060_10.3389_fcell.2022.872688_ac00c45d48	hca:0060_10.3389_fcell.2022.872688_ac00c45d48	same_broad_neighborhood	Same broad lineage	local_private_markers	Local-only markers	8	12	4	12	8	0.142857142857	0.28080252969	0.950278417699	0.0016831056747	0.00296495956873	1.86900834658
hca	0144_10.1016_j.ebiom.2025.106036_833fbd27b6	hca:0144_10.1016_j.ebiom.2025.106036_833fbd27b6	same_broad_neighborhood	Same broad lineage	local_private_markers	Local-only markers	1	1	0	12	12	0.75	0.79629730297	0.941859274422	0.0617647058824	0.010671641791	5.78774167009
hca	0275_10.1016_j.cell.2020.08.001_8e5789b307	hca:0275_10.1016_j.cell.2020.08.001_8e5789b307	same_broad_neighborhood	Same broad lineage	local_private_markers	Local-only markers	1	7	3	12	9	0.666666666667	0.708569853186	0.940862306898	0.016501650165	0.00657894736842	2.50825082508
hca	0470_10.21203_rs.3.rs-2402606_v1_8de4ac8813	hca:0470_10.21203_rs.3.rs-2402606_v1_8de4ac8813	same_broad_neighborhood	Same broad lineage	local_private_markers	Local-only markers	1	1	0	12	12	0.5	0.533319312377	0.937524646861	0.0251677852349	0.00723880597015	3.47678682626
hca	0362_10.1038_s41591-019-0733-7_d499f1b21b	hca:0362_10.1038_s41591-019-0733-7_d499f1b21b	same_broad_neighborhood	Same broad lineage	local_private_markers	Local-only markers	2	4	2	12	10	0.416666666667	0.457153670845	0.925285017508	0.0296916010499	0.00666019320785	4.06663715481
hca	0198_10.1038_s41467-021-27619-4_12529026b3	hca:0198_10.1038_s41467-021-27619-4_12529026b3	same_broad_neighborhood	Same broad lineage	local_private_markers	Local-only markers	3	5	3	12	9	0.666666666667	0.511942449707	0.913141113696	0.0130718954248	0.00747160789002	1.42625745951
biorxiv	5daa9342-6d02-1014-8cb5-fa421631d820	biorxiv:5daa9342-6d02-1014-8cb5-fa421631d820	same_broad_neighborhood	Same broad lineage	local_private_markers	Local-only markers	1	3	2	12	10	0.375	0.421128313998	0.890464942714	0.0446078431373	0.00601105137395	7.42097186701
biorxiv	1c7188d4-6df9-1014-ac27-b7cf1f27940e	biorxiv:1c7188d4-6df9-1014-ac27-b7cf1f27940e	same_broad_neighborhood	Same broad lineage	local_private_markers	Local-only markers	1	6	3	12	9	0.125	0.141406564211	0.883975936316	0.00124378109453	0.00209267563528	0.594349680171
hca	0453_10.1038_s41586-022-05060-x_14fb298894	hca:0453_10.1038_s41586-022-05060-x_14fb298894	same_broad_neighborhood	Same broad lineage	local_private_markers	Local-only markers	2	6	3	12	9	0.416666666667	0.484955454406	0.850508346839	0.0209454670299	0.00759840558047	2.74897653733
hca	0107_10.1101_2022.10.24.513487_4d505f4f68	hca:0107_10.1101_2022.10.24.513487_4d505f4f68	same_broad_neighborhood	Same broad lineage	local_private_markers	Local-only markers	1	1	0	12	12	0.333333333333	0.3970408196	0.839544240487	0.00271002710027	0.00477611940299	0.567411924119
biorxiv	de6d33dd-734f-1014-a302-e21bedf0ba65	biorxiv:de6d33dd-734f-1014-a302-e21bedf0ba65	same_broad_neighborhood	Same broad lineage	local_private_markers	Local-only markers	2	3	2	12	10	0.666666666667	0.751916509963	0.837532069246	0.0385170603675	0.0100457984867	3.64916207621
biorxiv	2351d19e-6c56-1014-8708-9339c5f1215f	biorxiv:2351d19e-6c56-1014-8708-9339c5f1215f	same_broad_neighborhood	Same broad lineage	local_private_markers	Local-only markers	1	1	0	12	12	0.142857142857	0.17845040197	0.8005425669	0.000560224089636	0.00089552238806	0.62558356676
hca	0082_10.1016_j.cell.2020.08.013_e864ee2cef	hca:0082_10.1016_j.cell.2020.08.013_e864ee2cef	same_broad_neighborhood	Same broad lineage	local_private_markers	Local-only markers	2	12	4	12	8	0.333333333333	0.329468696776	0.719527420099	0.0236486486486	0.00632674453429	2.19341216216
hca	0125_10.1016_j.celrep.2023.111994_fd20125b65	hca:0125_10.1016_j.celrep.2023.111994_fd20125b65	same_broad_neighborhood	Same broad lineage	local_private_markers	Local-only markers	2	4	2	12	10	0.196428571429	0.290004388566	0.686627737432	0.00349903474903	0.00330253105126	1.07346356676
biorxiv	e91c125a-709d-1014-bc43-9d192767cd15	biorxiv:e91c125a-709d-1014-bc43-9d192767cd15	same_broad_neighborhood	Same broad lineage	local_private_markers	Local-only markers	1	4	2	12	10	0.0833333333333	0.124830893885	0.667569787735	0.000559284116331	0.000971018822826	0.575976596111
hca	0011_10.1038_s41413-021-00163-z_07f1a1af96	hca:0011_10.1038_s41413-021-00163-z_07f1a1af96	same_broad_neighborhood	Same broad lineage	local_private_markers	Local-only markers	2	17	5	12	7	0.5	0.534825403982	0.628127909446	0.0484234234234	0.00869826034793	3.18638869132
hca	0290_10.1101_235499_566cff6e3c	hca:0290_10.1101_235499_566cff6e3c	same_broad_neighborhood	Same broad lineage	local_private_markers	Local-only markers	4	29	5	12	7	0.416666666667	0.429818192452	0.541047372155	0.0300925925926	0.0085791691752	4.30260214294
biorxiv	41a5df78-7c74-1014-a3a2-9b6aef50b1e5	biorxiv:41a5df78-7c74-1014-a3a2-9b6aef50b1e5	same_broad_neighborhood	Same broad lineage	local_private_markers	Local-only markers	1	2	1	12	11	0.2	0.371024889734	0.539047394215	0.0266666666667	0.00447894893998	5.95377777778
biorxiv	39623bbc-6d42-1014-9e37-a92d75e9c8ca	biorxiv:39623bbc-6d42-1014-9e37-a92d75e9c8ca	same_broad_neighborhood	Same broad lineage	local_private_markers	Local-only markers	2	6	3	12	9	0.5	0.760331023952	0.508308008963	0.0398692810458	0.011783756851	2.36738600766
biorxiv	bb90a40e-70a1-1014-887a-db6e99ca95cb	biorxiv:bb90a40e-70a1-1014-887a-db6e99ca95cb	same_broad_neighborhood	Same broad lineage	local_private_markers	Local-only markers	6	12	4	12	8	0.125	0.152625014314	0.502551573242	0.00118577075099	0.000778676250374	0.667532986805
biorxiv	dd32f357-70c5-1014-bad0-ccf1b5b647f4	biorxiv:dd32f357-70c5-1014-bad0-ccf1b5b647f4	same_broad_neighborhood	Same broad lineage	local_private_markers	Local-only markers	1	7	3	12	9	0.333333333333	0.6762085317	0.492944583967	0.0280528052805	0.00677830940989	4.13861386139
biorxiv	9aa22010-6e01-1014-bc26-9535140d955f	biorxiv:9aa22010-6e01-1014-bc26-9535140d955f	same_broad_neighborhood	Same broad lineage	local_private_markers	Local-only markers	4	13	4	12	8	0.166666666667	0.254009955318	0.480242069204	0.00206611570248	0.00264629518674	0.725967812092
hca	0463_10.7554_elife.81525_0f73520e7f	hca:0463_10.7554_elife.81525_0f73520e7f	same_broad_neighborhood	Same broad lineage	local_private_markers	Local-only markers	2	4	2	12	10	0.125	0.339071941835	0.364456821365	0.00609756097561	0.00388407529131	1.70071138211
biorxiv	ee1031b0-6c51-1014-b641-cbb0196af9f8	biorxiv:ee1031b0-6c51-1014-b641-cbb0196af9f8	same_broad_neighborhood	Same broad lineage	local_private_markers	Local-only markers	2	6	3	12	9	0.166666666667	0.571613705032	0.253395024084	0.00137741046832	0.00839561534629	0.132906865861
biorxiv	001efeeb-7491-1014-a82f-ef19de5990ad	biorxiv:001efeeb-7491-1014-a82f-ef19de5990ad	same_broad_neighborhood	Same broad lineage	local_private_markers	Local-only markers	1	1	0	12	12	0	0.0385355429766	0	0	0.000331674958541	0
biorxiv	0c5b4463-70b4-1014-b7ae-f953f2710002	biorxiv:0c5b4463-70b4-1014-b7ae-f953f2710002	same_broad_neighborhood	Same broad lineage	local_private_markers	Local-only markers	1	3	2	12	10	0	0.022736715655	0	0	0.000328554360812	0
biorxiv	38f92858-6c77-1014-a70a-b9d4e7b85d53	biorxiv:38f92858-6c77-1014-a70a-b9d4e7b85d53	same_broad_neighborhood	Same broad lineage	local_private_markers	Local-only markers	2	3	2	12	10	0	0.410733235088	0	0	0.00258861011549	0
biorxiv	416666f2-6cf5-1014-99b7-f739c447cf39	biorxiv:416666f2-6cf5-1014-99b7-f739c447cf39	same_broad_neighborhood	Same broad lineage	local_private_markers	Local-only markers	1	1	0	12	12	0	0.220341539809	0	0	0.00380597014925	0
biorxiv	6fb28072-6dd0-1014-8b19-92c97662cd76	biorxiv:6fb28072-6dd0-1014-8b19-92c97662cd76	same_broad_neighborhood	Same broad lineage	local_private_markers	Local-only markers	1	1	0	12	12	0	0.0282511735706	0	0	0.000119402985075	0
biorxiv	9912495b-7074-1014-acf9-d95bb2127278	biorxiv:9912495b-7074-1014-acf9-d95bb2127278	same_broad_neighborhood	Same broad lineage	local_private_markers	Local-only markers	1	1	0	12	12	0	0.0195083409974	0	0	9.95024875622e-05	0
biorxiv	99e5c433-6bf4-1014-a840-83babdf09f03	biorxiv:99e5c433-6bf4-1014-a840-83babdf09f03	same_broad_neighborhood	Same broad lineage	local_private_markers	Local-only markers	2	3	2	12	10	0	0.146288004299	0	0	0.00179211469534	0
biorxiv	b629f2a0-6f39-1014-bcfe-d40330cad081	biorxiv:b629f2a0-6f39-1014-bcfe-d40330cad081	same_broad_neighborhood	Same broad lineage	local_private_markers	Local-only markers	1	4	2	12	10	0	0.23600042854	0	0	0.00219101683099	0
biorxiv	b9f9eea1-7c5b-1014-87f0-cbc500249f07	biorxiv:b9f9eea1-7c5b-1014-87f0-cbc500249f07	same_broad_neighborhood	Same broad lineage	local_private_markers	Local-only markers	2	2	1	12	11	0	0.0136486869178	0	0	0.000348362695332	0
biorxiv	d249a77b-6c97-1014-8df4-e171a53e6bf0	biorxiv:d249a77b-6c97-1014-8df4-e171a53e6bf0	same_broad_neighborhood	Same broad lineage	local_private_markers	Local-only markers	1	2	1	12	11	0	0.0715403259521	0	0	0.000298596595999	0
hca	0021_10.1038_s41586-023-06806-x_7900919dd3	hca:0021_10.1038_s41586-023-06806-x_7900919dd3	same_broad_neighborhood	Same broad lineage	local_private_markers	Local-only markers	1	9	4	12	8	0	0.0929800390674	0	0	0.000797925393976	0
hca	0040_10.1016_j.xcrm.2021.100219_d37660c408	hca:0040_10.1016_j.xcrm.2021.100219_d37660c408	same_broad_neighborhood	Same broad lineage	local_private_markers	Local-only markers	1	15	4	12	8	0	0.2276864713	0	0	0.00209832134293	0
hca	0048_10.1038_s41588-022-01243-4_ae2af85553	hca:0048_10.1038_s41588-022-01243-4_ae2af85553	same_broad_neighborhood	Same broad lineage	local_private_markers	Local-only markers	1	10	4	12	8	0	0.188947324369	0	0	0.00179586950015	0
hca	0085_10.1073_pnas.2200914119_3dd916fb05	hca:0085_10.1073_pnas.2200914119_3dd916fb05	same_broad_neighborhood	Same broad lineage	local_private_markers	Local-only markers	3	23	5	12	7	0	0.320850482686	0	0	0.00345552884615	0
hca	0120_10.1038_s41467-022-34255-z_c90043e943	hca:0120_10.1038_s41467-022-34255-z_c90043e943	same_broad_neighborhood	Same broad lineage	local_private_markers	Local-only markers	2	8	3	12	9	0	0.151472639635	0	0	0.00433742147771	0
hca	0182_10.1126_sciimmunol.abk1741_33c534a538	hca:0182_10.1126_sciimmunol.abk1741_33c534a538	same_broad_neighborhood	Same broad lineage	local_private_markers	Local-only markers	1	2	1	12	11	0	0.972837115237	0	0	0.0147307654026	0
hca	0216_10.1038_s41588-021-00972-2_b07f96cf7c	hca:0216_10.1038_s41588-021-00972-2_b07f96cf7c	same_broad_neighborhood	Same broad lineage	local_private_markers	Local-only markers	1	3	2	12	10	0	0.226970198479	0	0	0.0020908004779	0
hca	0285_10.26502_fccm.92920277_c5e967ab20	hca:0285_10.26502_fccm.92920277_c5e967ab20	same_broad_neighborhood	Same broad lineage	local_private_markers	Local-only markers	1	1	0	12	12	0	0.191133995556	0	0	0.00553595658073	0
biorxiv	bd0ff218-6c18-1014-ac36-a01faa0bb6b7	biorxiv:bd0ff218-6c18-1014-ac36-a01faa0bb6b7	same_broad_neighborhood	Same broad lineage	local_private_markers	Local-only markers	2	3	2	12	10	0	0	NA	0	0	NA
biorxiv	a83150af-6e3c-1014-8107-a71f7784ca4d	biorxiv:a83150af-6e3c-1014-8107-a71f7784ca4d	same_exact_label	Same reported label	all_reported_markers	All reported markers	1	1	0	12	12	0.333333333333	0.000994282319745	335.250186707	0.166666666667	0.000497512437811	335
hca	0081_10.1038_s41598-020-66092-9_e23219ced0	hca:0081_10.1038_s41598-020-66092-9_e23219ced0	same_exact_label	Same reported label	all_reported_markers	All reported markers	4	7	3	12	9	0.45	0.00158380145258	305.419776401	0.183333333333	0.000792464114833	364.920634921
biorxiv	78211bc7-6c0f-1014-bc42-c103d41718b8	biorxiv:78211bc7-6c0f-1014-bc42-c103d41718b8	same_exact_label	Same reported label	all_reported_markers	All reported markers	2	12	4	12	8	1	0.0137703848949	251.740761821	0.8	0.00692822202256	317.37890625
hca	0048_10.1038_s41588-022-01243-4_ae2af85553	hca:0048_10.1038_s41588-022-01243-4_ae2af85553	same_exact_label	Same reported label	all_reported_markers	All reported markers	2	10	4	12	8	1	0.0138609931071	251.739063513	0.8	0.00697395989225	317.265503876
hca	0082_10.1016_j.cell.2020.08.013_e864ee2cef	hca:0082_10.1016_j.cell.2020.08.013_e864ee2cef	same_exact_label	Same reported label	all_reported_markers	All reported markers	5	12	4	12	8	0.166666666667	0.0011974551917	222.693357829	0.0555555555556	0.000598981731057	222.6
hca	0174_10.1038_s41588-024-02048-3_7311b9bde5	hca:0174_10.1038_s41588-024-02048-3_7311b9bde5	same_exact_label	Same reported label	all_reported_markers	All reported markers	1	1	0	12	12	0.75	0.00387325259837	193.635705638	0.4375	0.000970149253731	450.961538462
hca	0226_10.1038_s41593-020-00764-7_dc0bba5691	hca:0226_10.1038_s41593-020-00764-7_dc0bba5691	same_exact_label	Same reported label	all_reported_markers	All reported markers	1	2	1	12	11	0.666666666667	0.00516374098598	129.105365369	0.333333333333	0.00129391858266	257.615384615
biorxiv	5337c5de-6d7b-1014-83c4-bb815278a53f	biorxiv:5337c5de-6d7b-1014-83c4-bb815278a53f	same_exact_label	Same reported label	all_reported_markers	All reported markers	1	1	0	12	12	0.166666666667	0.00129253731343	128.945342571	0.166666666667	0.000646766169154	257.692307692
hca	0493_10.1161_circulationaha.119.045401_814f085618	hca:0493_10.1161_circulationaha.119.045401_814f085618	same_exact_label	Same reported label	all_reported_markers	All reported markers	4	6	3	12	9	0.833333333333	0.00809390055272	126.247218651	0.404761904762	0.00214250124564	207.071428571
hca	0209_10.1126_scitranslmed.abe4282_13877fdeac	hca:0209_10.1126_scitranslmed.abe4282_13877fdeac	same_exact_label	Same reported label	all_reported_markers	All reported markers	2	5	3	12	9	0.25	0.0551817490921	120.707262282	0.0870535714286	0.00254034668261	124.887295082
hca	0306_10.1038_s41467-021-22368-w_5524560e05	hca:0306_10.1038_s41467-021-22368-w_5524560e05	same_exact_label	Same reported label	all_reported_markers	All reported markers	1	3	2	12	10	0.6	0.00553593991318	108.382679258	0.4	0.00185185185185	216
hca	0514_10.1016_j.stemcr.2021.12.008_8ef526797f	hca:0514_10.1016_j.stemcr.2021.12.008_8ef526797f	same_exact_label	Same reported label	all_reported_markers	All reported markers	1	5	3	12	9	0.5	0.0047728672884	104.758831492	0.25	0.00239091452481	104.5625
hca	0373_10.1038_s41592-018-0253-2_ae3c4efc48	hca:0373_10.1038_s41592-018-0253-2_ae3c4efc48	same_exact_label	Same reported label	all_reported_markers	All reported markers	1	2	1	12	11	0.6	0.00589815551195	101.726717579	0.2	0.00197073753359	101.484848485
hca	0050_10.1073_pnas.1507125112_495172b774	hca:0050_10.1073_pnas.1507125112_495172b774	same_exact_label	Same reported label	all_reported_markers	All reported markers	2	7	3	12	9	0.761904761905	0.00770723848576	101.209151632	0.464285714286	0.00307587149692	151.383783784
biorxiv	29dae57b-6d36-1014-8489-e77255373be6	biorxiv:29dae57b-6d36-1014-8489-e77255373be6	same_exact_label	Same reported label	all_reported_markers	All reported markers	1	2	1	12	11	0.25	0.00268420418658	93.13747488	0.125	0.00134368468199	93.0277777778
hca	0329_10.1164_rccm.201712-2410oc_fdd97d9097	hca:0329_10.1164_rccm.201712-2410oc_fdd97d9097	same_exact_label	Same reported label	all_reported_markers	All reported markers	1	4	2	12	10	0.5	0.00566507614568	88.2600669687	0.25	0.00283836271288	88.0789473684
hca	0220_10.1038_s42003-021-02562-8_904d08be85	hca:0220_10.1038_s42003-021-02562-8_904d08be85	same_exact_label	Same reported label	all_reported_markers	All reported markers	1	6	3	12	9	0.5	0.00595900243039	83.9066615328	0.1875	0.00149476831091	125.4375
hca	0006_10.3389_fcell.2022.835445_847c20f209	hca:0006_10.3389_fcell.2022.835445_847c20f209	same_exact_label	Same reported label	all_reported_markers	All reported markers	1	5	3	12	9	1	0.0129337641291	77.3170122805	0.625	0.00650029886432	96.1494252874
hca	0002_10.1038_s41586-019-1373-2_de5bb9e220	hca:0002_10.1038_s41586-019-1373-2_de5bb9e220	same_exact_label	Same reported label	all_reported_markers	All reported markers	1	6	3	12	9	0.5	0.00654871676752	76.3508360111	0.166666666667	0.001644245142	101.363636364
hca	0330_10.1016_j.celrep.2020.01.007_2459125119	hca:0330_10.1016_j.celrep.2020.01.007_2459125119	same_exact_label	Same reported label	all_reported_markers	All reported markers	1	5	3	12	9	0.666666666667	0.00893684514286	74.5975404083	0.333333333333	0.00298864315601	111.533333333
hca	0234_10.1038_s41467-022-32972-z_b918df798f	hca:0234_10.1038_s41467-022-32972-z_b918df798f	same_exact_label	Same reported label	all_reported_markers	All reported markers	1	3	2	12	10	0.333333333333	0.00456565294311	73.0089074853	0.222222222222	0.00152661622196	145.565217391
biorxiv	ef286bb1-6ccb-1014-ab06-ecd5927e269c	biorxiv:ef286bb1-6ccb-1014-ab06-ecd5927e269c	same_exact_label	Same reported label	all_reported_markers	All reported markers	1	1	0	12	12	0.222222222222	0.00311320016831	71.3806405653	0.111111111111	0.00155887230514	71.2765957447
biorxiv	e7144333-745a-1014-ab12-e9455a30c9da	biorxiv:e7144333-745a-1014-ab12-e9455a30c9da	same_exact_label	Same reported label	all_reported_markers	All reported markers	3	5	3	12	9	0.666666666667	0.0109901702015	69.7072992389	0.5	0.00368599322574	108.572271386
biorxiv	9338c4d5-712d-1014-b47b-dc1970abe2d9	biorxiv:9338c4d5-712d-1014-b47b-dc1970abe2d9	same_exact_label	Same reported label	all_reported_markers	All reported markers	1	6	3	12	9	0.384615384615	0.0055895706868	68.8094678763	0.230769230769	0.0028055651374	82.2540983607
hca	0449_10.1084_jem.20202345_e99c99a876	hca:0449_10.1084_jem.20202345_e99c99a876	same_exact_label	Same reported label	all_reported_markers	All reported markers	2	7	3	12	9	0.416666666667	0.0114801939362	67.3319303836	0.241666666667	0.00201854066986	119.925581395
hca	0416_10.1126_science.aat1699_46d73cdfcb	hca:0416_10.1126_science.aat1699_46d73cdfcb	same_exact_label	Same reported label	all_reported_markers	All reported markers	1	3	2	12	10	0.333333333333	0.00496093770445	67.1915982808	0.166666666667	0.00248904818797	66.96
hca	0497_10.1016_j.cell.2016.03.023_1e72ea1d04	hca:0497_10.1016_j.cell.2016.03.023_1e72ea1d04	same_exact_label	Same reported label	all_reported_markers	All reported markers	3	3	2	12	10	0.416666666667	0.00951164339273	67.0682655212	0.25	0.00321087216249	103.813953488
hca	0361_10.1016_j.gpb.2020.11.002_84c7c58535	hca:0361_10.1016_j.gpb.2020.11.002_84c7c58535	same_exact_label	Same reported label	all_reported_markers	All reported markers	1	7	3	12	9	0.333333333333	0.00517661664492	64.3921225383	0.166666666667	0.00259170653907	64.3076923077
hca	0008_10.1016_j.cels.2016.09.002_fd6b21337a	hca:0008_10.1016_j.cels.2016.09.002_fd6b21337a	same_exact_label	Same reported label	all_reported_markers	All reported markers	3	3	2	12	10	0.5625	0.0106770994979	64.0949776835	0.223529411765	0.00196012544803	151.457142857
hca	0317_10.1016_j.celrep.2019.02.043_aed04e8aae	hca:0317_10.1016_j.celrep.2019.02.043_aed04e8aae	same_exact_label	Same reported label	all_reported_markers	All reported markers	5	7	3	12	9	0.625	0.0158402557672	63.1302937715	0.25	0.00227272727273	177.872340426
biorxiv	ede8f8d0-6d2d-1014-a8e8-fbbc8a92dcf4	biorxiv:ede8f8d0-6d2d-1014-a8e8-fbbc8a92dcf4	same_exact_label	Same reported label	all_reported_markers	All reported markers	1	2	1	12	11	1	0.0160070335207	62.4725373823	0.148148148148	0.00179157957599	82.6913580247
hca	0266_10.1016_j.neuron.2021.05.003_0cca870e2c	hca:0266_10.1016_j.neuron.2021.05.003_0cca870e2c	same_exact_label	Same reported label	all_reported_markers	All reported markers	2	3	2	12	10	0.666666666667	0.011096015557	61.0069877985	0.444444444444	0.00348466746316	144.244897959
hca	0448_10.1101_2022.02.15.480622_6cb3eae5b8	hca:0448_10.1101_2022.02.15.480622_6cb3eae5b8	same_exact_label	Same reported label	all_reported_markers	All reported markers	3	3	2	12	10	0.75	0.01315012819	57.7449468764	0.2	0.00440561529271	76.5257142857
biorxiv	4c59ca94-6c5e-1014-84d0-e9a5aa46ffef	biorxiv:4c59ca94-6c5e-1014-84d0-e9a5aa46ffef	same_exact_label	Same reported label	all_reported_markers	All reported markers	4	4	2	12	10	0.55	0.00934558956282	57.3678103882	0.182222222222	0.00141918135644	117.030823587
hca	0136_10.1167_iovs.62.6.18_7e8926eaf2	hca:0136_10.1167_iovs.62.6.18_7e8926eaf2	same_exact_label	Same reported label	all_reported_markers	All reported markers	1	1	0	12	12	0.15	0.00277067943863	54.1383452408	0.1	0.00138805970149	72.0430107527
hca	0260_10.1084_jem.20190811_d700cd1f81	hca:0260_10.1084_jem.20190811_d700cd1f81	same_exact_label	Same reported label	all_reported_markers	All reported markers	1	4	2	12	10	0.333333333333	0.00646157149473	51.58703786	0.166666666667	0.00323672940942	51.4923076923
hca	0252_10.1073_pnas.2025813118_95804f2d74	hca:0252_10.1073_pnas.2025813118_95804f2d74	same_exact_label	Same reported label	all_reported_markers	All reported markers	1	3	2	12	10	0.333333333333	0.00655577228415	50.8457766508	0.166666666667	0.00328554360812	50.7272727273
hca	0125_10.1016_j.celrep.2023.111994_fd20125b65	hca:0125_10.1016_j.celrep.2023.111994_fd20125b65	same_exact_label	Same reported label	all_reported_markers	All reported markers	1	4	2	12	10	1	0.0201407950044	49.6504730713	0.666666666667	0.00338611692063	196.882352941
hca	0120_10.1038_s41467-022-34255-z_c90043e943	hca:0120_10.1038_s41467-022-34255-z_c90043e943	same_exact_label	Same reported label	all_reported_markers	All reported markers	1	8	3	12	9	0.333333333333	0.00696183282063	47.8801117352	0.166666666667	0.00348987934989	47.7571428571
hca	0090_10.1038_s41586-021-03852-1_eec89a5e36	hca:0090_10.1038_s41586-021-03852-1_eec89a5e36	same_exact_label	Same reported label	all_reported_markers	All reported markers	5	27	5	12	7	0.75	0.0137873730511	47.5135618697	0.416666666667	0.00198555956679	150.237288136
hca	0433_10.15252_embr.201540946_1830154973	hca:0433_10.15252_embr.201540946_1830154973	same_exact_label	Same reported label	all_reported_markers	All reported markers	3	5	3	12	9	0.8	0.0168622527343	47.4432457279	0.233333333333	0.0025569502557	140.884210526
biorxiv	10f6f17d-749e-1014-bdcf-fe1d1407f022	biorxiv:10f6f17d-749e-1014-bdcf-fe1d1407f022	same_exact_label	Same reported label	all_reported_markers	All reported markers	4	5	3	12	9	0.333333333333	0.00708858002685	47.2939867188	0.0972222222222	0.00124882589019	72.2901234568
hca	0045_10.15252_embj.2018100811_a99bb4a451	hca:0045_10.15252_embj.2018100811_a99bb4a451	same_exact_label	Same reported label	all_reported_markers	All reported markers	4	10	4	12	8	0.333333333333	0.0102746196569	44.9401591808	0.130555555556	0.0034520602614	52.3518518519
biorxiv	8bff4e38-6c13-1014-bcce-e068e3eafd28	biorxiv:8bff4e38-6c13-1014-bcce-e068e3eafd28	same_exact_label	Same reported label	all_reported_markers	All reported markers	3	6	3	12	9	0.714285714286	0.017736450309	44.2889223387	0.388888888889	0.00298953662182	130.083333333
biorxiv	dd32f357-70c5-1014-bad0-ccf1b5b647f4	biorxiv:dd32f357-70c5-1014-bad0-ccf1b5b647f4	same_exact_label	Same reported label	all_reported_markers	All reported markers	1	7	3	12	9	0.125	0.0028353478224	44.0863018684	0.03125	0.000710227272727	44
hca	0065_10.1101_2020.12.03.20242412_aa08d1f424	hca:0065_10.1101_2020.12.03.20242412_aa08d1f424	same_exact_label	Same reported label	all_reported_markers	All reported markers	1	1	0	12	12	0.75	0.0172699542073	43.4280248225	0.166666666667	0.00194029850746	85.8974358974
hca	0295_10.1016_j.isci.2021.102551_1c1e582cdd	hca:0295_10.1016_j.isci.2021.102551_1c1e582cdd	same_exact_label	Same reported label	all_reported_markers	All reported markers	2	6	3	12	9	0.45	0.0104117306054	43.1501383618	0.0692307692308	0.00169656203288	42.8392828102
biorxiv	cc41b42e-6c00-1014-9887-9bb7d49b64ad	biorxiv:cc41b42e-6c00-1014-9887-9bb7d49b64ad	same_exact_label	Same reported label	all_reported_markers	All reported markers	1	2	1	12	11	0.6	0.0139547495137	42.9961139332	0.3	0.00468796655718	63.9936305732
biorxiv	219b21d9-7007-1014-9157-ab439216a355	biorxiv:219b21d9-7007-1014-9157-ab439216a355	same_exact_label	Same reported label	all_reported_markers	All reported markers	2	24	5	12	7	0.666666666667	0.0331379261696	42.8385206235	0.198717948718	0.00365694820158	58.1593897174
biorxiv	e2efdcad-73c4-1014-9c6c-8a89f519fd2d	biorxiv:e2efdcad-73c4-1014-9c6c-8a89f519fd2d	same_exact_label	Same reported label	all_reported_markers	All reported markers	2	21	5	12	7	0.475	0.0158461857931	42.6406443002	0.2125	0.00525525525526	42.3409090909
hca	0026_10.1038_s41586-020-2922-4_1612ece6e2	hca:0026_10.1038_s41586-020-2922-4_1612ece6e2	same_exact_label	Same reported label	all_reported_markers	All reported markers	2	5	3	12	9	0.5	0.020788296865	42.23002965	0.148148148148	0.00316298067344	51.3253340366
hca	0017_10.1038_s41467-019-10291-0_971d922fd8	hca:0017_10.1038_s41467-019-10291-0_971d922fd8	same_exact_label	Same reported label	all_reported_markers	All reported markers	2	10	4	12	8	0.3	0.00834148896444	41.7618186682	0.125	0.00209518108351	73.7414772727
hca	0490_10.1038_nsmb.2660_4e6a41d8b9	hca:0490_10.1038_nsmb.2660_4e6a41d8b9	same_exact_label	Same reported label	all_reported_markers	All reported markers	2	4	2	12	10	0.660714285714	0.0165160054215	40.8220194241	0.458333333333	0.00555401425584	81.5719725819
hca	0089_10.1038_s41586-020-2797-4_6e65d21b5d	hca:0089_10.1038_s41586-020-2797-4_6e65d21b5d	same_exact_label	Same reported label	all_reported_markers	All reported markers	7	26	5	12	7	0.5	0.00419958166092	40.406509265	0.3	0.00160401002506	49.875
hca	0492_10.1038_s41591-021-01332-7_1dacee7a8b	hca:0492_10.1038_s41591-021-01332-7_1dacee7a8b	same_exact_label	Same reported label	all_reported_markers	All reported markers	1	9	4	12	8	0.666666666667	0.0166757931473	39.9781084341	0.333333333333	0.00837821663674	39.7857142857
hca	0139_10.1038_s41590-020-0602-z_71058e050d	hca:0139_10.1038_s41590-020-0602-z_71058e050d	same_exact_label	Same reported label	all_reported_markers	All reported markers	2	10	4	12	8	0.733333333333	0.023210219847	39.9501946797	0.386666666667	0.0047091689115	90.6033898305
biorxiv	1f87890c-7e00-1014-91de-cf40554be0ec	biorxiv:1f87890c-7e00-1014-91de-cf40554be0ec	same_exact_label	Same reported label	all_reported_markers	All reported markers	1	2	1	12	11	1	0.0251854949994	39.7053939191	0.625	0.0126903553299	49.25
hca	0430_10.1101_2021.07.06.451312_11ba989c20	hca:0430_10.1101_2021.07.06.451312_11ba989c20	same_exact_label	Same reported label	all_reported_markers	All reported markers	2	5	3	12	9	0.657142857143	0.0847942778789	39.4525347981	0.0892857142857	0.00391512253437	44.0723536036
biorxiv	446f40c7-6f7f-1014-8708-b70b3848c315	biorxiv:446f40c7-6f7f-1014-8708-b70b3848c315	same_exact_label	Same reported label	all_reported_markers	All reported markers	5	20	5	12	7	0.666666666667	0.0240303192995	39.134212451	0.133333333333	0.00340238166717	77.2405797101
hca	0010_10.1016_j.cels.2016.08.011_1f66aabffa	hca:0010_10.1016_j.cels.2016.08.011_1f66aabffa	same_exact_label	Same reported label	all_reported_markers	All reported markers	1	3	2	12	10	0.75	0.019315946804	38.8280216139	0.222222222222	0.00216547192354	102.620689655
hca	0105_10.1038_s41563-020-00853-9_ec3e5ef313	hca:0105_10.1038_s41563-020-00853-9_ec3e5ef313	same_exact_label	Same reported label	all_reported_markers	All reported markers	3	6	3	12	9	1	0.0264947969736	37.7432595916	0.5	0.00448430493274	111.5
hca	0025_10.1038_s41467-020-17876-0_159e232bbb	hca:0025_10.1038_s41467-020-17876-0_159e232bbb	same_exact_label	Same reported label	all_reported_markers	All reported markers	1	2	1	12	11	0.5	0.0137765371183	36.293590741	0.291666666667	0.00231412361899	126.037634409
hca	0397_10.1186_s13059-023-03111-8_05defe1911	hca:0397_10.1186_s13059-023-03111-8_05defe1911	same_exact_label	Same reported label	all_reported_markers	All reported markers	1	3	2	12	10	0.142857142857	0.00408841139947	34.9419686276	0.0714285714286	0.00204813108039	34.875
hca	0200_10.1242_dev.172361_e8969b05b0	hca:0200_10.1242_dev.172361_e8969b05b0	same_exact_label	Same reported label	all_reported_markers	All reported markers	4	6	3	12	9	0.333333333333	0.0138716691371	34.8887260524	0.111111111111	0.00244145490782	34.7461484594
hca	0423_10.1038_s41467-019-12780-8_0da964452a	hca:0423_10.1038_s41467-019-12780-8_0da964452a	same_exact_label	Same reported label	all_reported_markers	All reported markers	5	7	3	12	9	0.5	0.00979289432091	34.0382855579	0.166666666667	0.00328947368421	33.7777777778
biorxiv	b3e65ef0-6e38-1014-8f8f-a6ec49a73092	biorxiv:b3e65ef0-6e38-1014-8f8f-a6ec49a73092	same_exact_label	Same reported label	all_reported_markers	All reported markers	1	1	0	12	12	0.166666666667	0.00491411178902	33.9159290269	0.111111111111	0.00164179104478	67.6767676768
hca	0388_10.1038_s41467-023-40505-5_535df8ab2d	hca:0388_10.1038_s41467-023-40505-5_535df8ab2d	same_exact_label	Same reported label	all_reported_markers	All reported markers	1	1	0	12	12	0.5	0.0147797141898	33.8301535184	0.15625	0.00186567164179	83.75
hca	0099_10.1126_sciimmunol.abl9165_5f9974d5f2	hca:0099_10.1126_sciimmunol.abl9165_5f9974d5f2	same_exact_label	Same reported label	all_reported_markers	All reported markers	5	19	5	12	7	0.5	0.0206342815487	33.7596505512	0.333333333333	0.00810324129652	40.6341463415
hca	0462_10.1038_s41586-023-06311-1_b735ac2f93	hca:0462_10.1038_s41586-023-06311-1_b735ac2f93	same_exact_label	Same reported label	all_reported_markers	All reported markers	1	9	4	12	8	0.333333333333	0.0101210069777	32.9347992812	0.222222222222	0.0033911829244	65.5294117647
hca	0457_10.1101_2024.02.02.578633_57d5a20898	hca:0457_10.1101_2024.02.02.578633_57d5a20898	same_exact_label	Same reported label	all_reported_markers	All reported markers	1	4	2	12	10	0.8	0.0250308114204	31.9606099285	0.2	0.00633403047505	31.5754716981
hca	0358_10.1126_sciadv.aba1983_17b603cdcb	hca:0358_10.1126_sciadv.aba1983_17b603cdcb	same_exact_label	Same reported label	all_reported_markers	All reported markers	4	5	3	12	9	1	0.0324447994224	31.7997191341	0.28869047619	0.00491258218769	67.7261148008
hca	0359_10.1101_759902_400af2c5fc	hca:0359_10.1101_759902_400af2c5fc	same_exact_label	Same reported label	all_reported_markers	All reported markers	4	4	2	12	10	0.96875	0.0312403628036	31.1314904289	0.272817460317	0.00489036616539	66.5351487988
biorxiv	6ca25eee-7853-1014-8aed-fc8cff0a87e5	biorxiv:6ca25eee-7853-1014-8aed-fc8cff0a87e5	same_exact_label	Same reported label	all_reported_markers	All reported markers	5	15	4	12	8	0.333333333333	0.0107395218342	31.038005088	0.333333333333	0.00359712230216	60.6545454545
biorxiv	824fd1db-6db8-1014-aa73-9a84848dcec3	biorxiv:824fd1db-6db8-1014-aa73-9a84848dcec3	same_exact_label	Same reported label	all_reported_markers	All reported markers	1	3	2	12	10	0.666666666667	0.0219062569804	30.4327054715	0.333333333333	0.0073675826364	45.2432432432
biorxiv	f787a6d9-6ce3-1014-a3f6-a662a1333571	biorxiv:f787a6d9-6ce3-1014-a3f6-a662a1333571	same_exact_label	Same reported label	all_reported_markers	All reported markers	1	9	4	12	8	1	0.0332305962606	30.092749229	0.833333333333	0.0167564332735	49.7321428571
hca	0276_10.1161_circulationaha.120.051921_99b9da8ca5	hca:0276_10.1161_circulationaha.120.051921_99b9da8ca5	same_exact_label	Same reported label	all_reported_markers	All reported markers	1	1	0	12	12	0.444444444444	0.0150054764825	29.6188158346	0.0555555555556	0.00189054726368	29.3859649123
hca	0106_10.1101_585901_f6794b9c1b	hca:0106_10.1101_585901_f6794b9c1b	same_exact_label	Same reported label	all_reported_markers	All reported markers	1	4	2	12	10	0.4	0.0136475356557	29.3093207514	0.1	0.00346579025993	28.8534482759
hca	0201_10.1038_s41467-019-13382-0_3e98068ead	hca:0201_10.1038_s41467-019-13382-0_3e98068ead	same_exact_label	Same reported label	all_reported_markers	All reported markers	1	7	3	12	9	0.555555555556	0.0191098938347	29.0716191499	0.203703703704	0.00322301967039	63.2027491409
biorxiv	c37c4c27-6d25-1014-a7a4-b416d496387c	biorxiv:c37c4c27-6d25-1014-a7a4-b416d496387c	same_exact_label	Same reported label	all_reported_markers	All reported markers	1	1	0	12	12	1	0.0344818441044	29.0007691286	0.166666666667	0.00589552238806	28.2700421941
hca	0307_10.1038_s41419-021-03724-6_32b837a8da	hca:0307_10.1038_s41419-021-03724-6_32b837a8da	same_exact_label	Same reported label	all_reported_markers	All reported markers	4	21	5	12	7	0.666666666667	0.0306750594619	28.0208237169	0.291666666667	0.00980980980981	31.4142512077
hca	0326_10.1016_j.cmet.2016.08.020_b710322bb3	hca:0326_10.1016_j.cmet.2016.08.020_b710322bb3	same_exact_label	Same reported label	all_reported_markers	All reported markers	6	10	4	12	8	0.497807017544	0.0167153129498	27.3628916921	0.184166666667	0.00209518108351	101.702328739
hca	0428_10.1073_pnas.1914143116_42027a0378	hca:0428_10.1073_pnas.1914143116_42027a0378	same_exact_label	Same reported label	all_reported_markers	All reported markers	2	8	3	12	9	0.833333333333	0.0930019162308	26.9945949369	0.425925925926	0.00517249975072	112.317724868
hca	0319_10.1016_j.cell.2018.05.060_d1a05e99e8	hca:0319_10.1016_j.cell.2018.05.060_d1a05e99e8	same_exact_label	Same reported label	all_reported_markers	All reported markers	3	6	3	12	9	0.666666666667	0.00935028487493	26.7371532893	0.177777777778	0.00229197807673	31.298245614
hca	0191_10.1126_sciimmunol.abh3768_bc0f7a7105	hca:0191_10.1126_sciimmunol.abh3768_bc0f7a7105	same_exact_label	Same reported label	all_reported_markers	All reported markers	1	5	3	12	9	0.1	0.00375252545391	26.6487199696	0.0666666666667	0.00125523012552	53.1111111111
hca	0385_10.1038_s41586-022-04521-7_37f1f319e2	hca:0385_10.1038_s41586-022-04521-7_37f1f319e2	same_exact_label	Same reported label	all_reported_markers	All reported markers	5	8	3	12	9	1	0.0295057485093	26.6215285462	0.333333333333	0.00498554192841	78.3515625
hca	0325_10.1016_j.celrep.2017.10.030_a9d12a5d7c	hca:0325_10.1016_j.celrep.2017.10.030_a9d12a5d7c	same_exact_label	Same reported label	all_reported_markers	All reported markers	3	6	3	12	9	0.285714285714	0.010768245864	26.5330388369	0.0672268907563	0.00119581464873	55.75
hca	0148_10.1113_jp287812_fd3137bc12	hca:0148_10.1113_jp287812_fd3137bc12	same_exact_label	Same reported label	all_reported_markers	All reported markers	12	30	5	12	7	0.666666666667	0.0162394380512	26.5253855885	0.197318007663	0.00411522633745	33.6312397709
biorxiv	53fe4c58-6d7e-1014-9234-a9ab6cb90679	biorxiv:53fe4c58-6d7e-1014-9234-a9ab6cb90679	same_exact_label	Same reported label	all_reported_markers	All reported markers	1	7	3	12	9	0.75	0.028298849952	26.5028438	0.25	0.00717703349282	34.8333333333
biorxiv	fc7595eb-733c-1014-9892-ed444a916a2a	biorxiv:fc7595eb-733c-1014-9892-ed444a916a2a	same_exact_label	Same reported label	all_reported_markers	All reported markers	2	4	2	12	10	0.833333333333	0.0325471025931	26.3260494859	0.566666666667	0.00605019420376	105.923055844
biorxiv	b60c0833-6df2-1014-8865-f92ffff4fcc6	biorxiv:b60c0833-6df2-1014-8865-f92ffff4fcc6	same_exact_label	Same reported label	all_reported_markers	All reported markers	8	9	4	12	8	0.365079365079	0.0180853352252	26.1407896415	0.178571428571	0.0028723614058	82.5473033545
biorxiv	653bfd04-6cbf-1014-864b-c74846f5cd96	biorxiv:653bfd04-6cbf-1014-864b-c74846f5cd96	same_exact_label	Same reported label	all_reported_markers	All reported markers	1	2	1	12	11	0.6	0.0231705019503	25.8949936124	0.15	0.00585249328158	25.6301020408
biorxiv	9b741001-784a-1014-b0c0-93f88f9233f4	biorxiv:9b741001-784a-1014-b0c0-93f88f9233f4	same_exact_label	Same reported label	all_reported_markers	All reported markers	2	3	2	12	10	0.333333333333	0.0120810482741	25.5241755362	0.0555555555556	0.00388291517324	25.3636363636
hca	0396_10.7554_elife.62522_10df7c4591	hca:0396_10.7554_elife.62522_10df7c4591	same_exact_label	Same reported label	all_reported_markers	All reported markers	2	4	2	12	10	0.25	0.00621242024832	25.5162152787	0.037037037037	0.00120505925705	33.8080808081
biorxiv	9bdb3107-6c43-1014-b168-b2ab3b1b366a	biorxiv:9bdb3107-6c43-1014-b168-b2ab3b1b366a	same_exact_label	Same reported label	all_reported_markers	All reported markers	1	1	0	12	12	0.333333333333	0.0131947445166	25.2625833652	0.222222222222	0.00149253731343	148.888888889
biorxiv	db8af155-6c8b-1014-b5f3-cedb7b3b1723	biorxiv:db8af155-6c8b-1014-b5f3-cedb7b3b1723	same_exact_label	Same reported label	all_reported_markers	All reported markers	1	1	0	12	12	1	0.0396367821608	25.2290914016	0.52380952381	0.0028855721393	181.527093596
hca	0291_10.1016_j.cell.2019.06.024_7d6cf2f1e2	hca:0291_10.1016_j.cell.2019.06.024_7d6cf2f1e2	same_exact_label	Same reported label	all_reported_markers	All reported markers	3	4	2	12	10	0.666666666667	0.0297694145248	25.1936429376	0.1875	0.00754406931581	24.853960396
hca	0012_10.1164_rccm.202207-1384oc_21f7132a40	hca:0012_10.1164_rccm.202207-1384oc_21f7132a40	same_exact_label	Same reported label	all_reported_markers	All reported markers	2	6	3	12	9	0.666666666667	0.0323919491669	25.1087982765	0.203703703704	0.00891878425511	51.3029937713
biorxiv	acd52af7-6c95-1014-8d0b-873ff14c4a57	biorxiv:acd52af7-6c95-1014-8d0b-873ff14c4a57	same_exact_label	Same reported label	all_reported_markers	All reported markers	1	3	2	12	10	0.6	0.0241738172081	24.8202422826	0.45	0.00615292712067	73.1359223301
hca	0436_10.1016_j.jtos.2020.12.004_24ddeb29a4	hca:0436_10.1016_j.jtos.2020.12.004_24ddeb29a4	same_exact_label	Same reported label	all_reported_markers	All reported markers	2	8	3	12	9	0.5	0.0189108973061	24.79582578	0.333333333333	0.00613221657194	98.3235294118
hca	0096_10.1126_sciadv.abo2467_05989af98e	hca:0096_10.1126_sciadv.abo2467_05989af98e	same_exact_label	Same reported label	all_reported_markers	All reported markers	2	3	2	12	10	0.375	0.0242773406153	24.6754251363	0.148284313725	0.00185434090004	110.042986425
hca	0378_10.1101_2022.06.17.496207_92cb140ff3	hca:0378_10.1101_2022.06.17.496207_92cb140ff3	same_exact_label	Same reported label	all_reported_markers	All reported markers	3	9	4	12	8	0.428571428571	0.0244718489557	24.5179676078	0.3	0.00713858254253	24.3349514563
hca	0372_10.1016_j.ccell.2021.10.009_d6ab4790aa	hca:0372_10.1016_j.ccell.2021.10.009_d6ab4790aa	same_exact_label	Same reported label	all_reported_markers	All reported markers	5	13	4	12	8	0.625	0.0273491465324	24.3761415325	0.3	0.00460605152786	67.8455284553
hca	0353_10.1016_j.neuron.2017.02.014_ebc3a9c467	hca:0353_10.1016_j.neuron.2017.02.014_ebc3a9c467	same_exact_label	Same reported label	all_reported_markers	All reported markers	2	10	4	12	8	0.333333333333	0.0142878473965	24.3394389176	0.277777777778	0.00603611693106	60.5253623188
biorxiv	fa200037-7001-1014-b4a8-b2d1b5dda72e	biorxiv:fa200037-7001-1014-b4a8-b2d1b5dda72e	same_exact_label	Same reported label	all_reported_markers	All reported markers	2	2	1	12	11	0.583333333333	0.0241072264892	24.08029947	0.307291666667	0.00274957698816	112.706730769
hca	0068_10.1093_ibd_izac201_351dddd961	hca:0068_10.1093_ibd_izac201_351dddd961	same_exact_label	Same reported label	all_reported_markers	All reported markers	9	14	4	12	8	1	0.0254780275111	23.9723122394	0.25	0.00816601738088	30.6146788991
hca	0076_10.1016_j.cell.2021.01.053_e0734afb82	hca:0076_10.1016_j.cell.2021.01.053_e0734afb82	same_exact_label	Same reported label	all_reported_markers	All reported markers	3	10	4	12	8	0.666666666667	0.0279989802666	23.8103909614	0.25	0.00708370747281	30.9351851852
hca	0083_10.1126_sciimmunol.adz8650_c0046d094c	hca:0083_10.1126_sciimmunol.adz8650_c0046d094c	same_exact_label	Same reported label	all_reported_markers	All reported markers	4	14	4	12	8	0.733333333333	0.0266921775638	23.721854626	0.304166666667	0.0077539706323	53.2360162815
hca	0170_10.1038_s41556-021-00740-8_a1434832b6	hca:0170_10.1038_s41556-021-00740-8_a1434832b6	same_exact_label	Same reported label	all_reported_markers	All reported markers	1	5	3	12	9	0.25	0.0112071889474	22.3071102998	0.116666666667	0.00189778840406	61.4750656168
biorxiv	77d5f6bb-6c27-1014-a74d-a25d8b68d181	biorxiv:77d5f6bb-6c27-1014-a74d-a25d8b68d181	same_exact_label	Same reported label	all_reported_markers	All reported markers	1	4	2	12	10	0.0967741935484	0.00442110479306	21.8891426642	0.0752688172043	0.00148423720809	50.7121212121
hca	0502_10.1016_j.xcrm.2024.101556_a84a219a11	hca:0502_10.1016_j.xcrm.2024.101556_a84a219a11	same_exact_label	Same reported label	all_reported_markers	All reported markers	3	14	4	12	8	0.333333333333	0.00616621686178	21.7505351141	0.166666666667	0.00309659374688	53.8225806452
hca	0243_10.1038_s41586-023-05915-x_2f4aafa6a2	hca:0243_10.1038_s41586-023-05915-x_2f4aafa6a2	same_exact_label	Same reported label	all_reported_markers	All reported markers	11	18	5	12	7	0.625	0.0165540667198	21.6115245529	0.233333333333	0.002400240024	78.608490566
biorxiv	bc260922-6c47-1014-a865-fe4e19bf3ea8	biorxiv:bc260922-6c47-1014-a865-fe4e19bf3ea8	same_exact_label	Same reported label	all_reported_markers	All reported markers	2	8	3	12	9	0.458333333333	0.0278774880013	21.5418847687	0.229166666667	0.00620699970087	35.0452852278
hca	0057_10.1038_s41586-019-0903-2_059a54df94	hca:0057_10.1038_s41586-019-0903-2_059a54df94	same_exact_label	Same reported label	all_reported_markers	All reported markers	1	2	1	12	11	0.5	0.0234259642916	21.3438385621	0.3125	0.00597193191998	52.328125
hca	0109_10.7554_elife.91792.1_056dda27be	hca:0109_10.7554_elife.91792.1_056dda27be	same_exact_label	Same reported label	all_reported_markers	All reported markers	9	24	5	12	7	0.6	0.0336534714592	21.3179415443	0.333333333333	0.00646227832882	24.4632352941
hca	0458_10.1038_s41467-024-55325-4_d40c28a5ea	hca:0458_10.1038_s41467-024-55325-4_d40c28a5ea	same_exact_label	Same reported label	all_reported_markers	All reported markers	1	6	3	12	9	0.5	0.0236725664291	21.1214952759	0.125	0.00601644245142	20.7763975155
hca	0389_10.1038_s41591-024-02807-z_9d82b71a18	hca:0389_10.1038_s41591-024-02807-z_9d82b71a18	same_exact_label	Same reported label	all_reported_markers	All reported markers	6	15	4	12	8	0.333333333333	0.0162977570902	21.1043910838	0.0972222222222	0.00392685851319	36.2944444444
hca	0195_10.1038_nbt.4038_23df984b1c	hca:0195_10.1038_nbt.4038_23df984b1c	same_exact_label	Same reported label	all_reported_markers	All reported markers	1	11	4	12	8	0.444444444444	0.0212819473616	20.8836361115	0.277777777778	0.00542248835662	51.226993865
biorxiv	d2042444-7138-1014-94ac-a1f590fd3173	biorxiv:d2042444-7138-1014-94ac-a1f590fd3173	same_exact_label	Same reported label	all_reported_markers	All reported markers	7	16	4	12	8	1	0.0482526537282	20.7242487767	0.222222222222	0.00379810094953	52.109375
hca	0019_10.1126_science.aba7721_1646acb14b	hca:0019_10.1126_science.aba7721_1646acb14b	same_exact_label	Same reported label	all_reported_markers	All reported markers	2	6	3	12	9	0.266666666667	0.0259548848962	20.3885873336	0.0732026143791	0.0028898854011	24.5426944972
hca	0193_10.15252_emmm.202012871_3b35c5fb8f	hca:0193_10.15252_emmm.202012871_3b35c5fb8f	same_exact_label	Same reported label	all_reported_markers	All reported markers	3	3	2	12	10	0.333333333333	0.0250977761994	19.9220837746	0.138888888889	0.00378335324572	48.9473684211
hca	0132_10.1038_s41467-020-16239-z_001d78a35b	hca:0132_10.1038_s41467-020-16239-z_001d78a35b	same_exact_label	Same reported label	all_reported_markers	All reported markers	1	8	3	12	9	0.8	0.041324478802	19.3589858406	0.333333333333	0.00705952737063	47.2175141243
hca	0124_10.1126_science.aba6500_a77c502bf7	hca:0124_10.1126_science.aba6500_a77c502bf7	same_exact_label	Same reported label	all_reported_markers	All reported markers	6	18	5	12	7	0.75	0.031800953468	19.0057668084	0.29375	0.00896339633963	34.2225727678
hca	0418_10.1038_s42003-020-0922-4_8904851286	hca:0418_10.1038_s42003-020-0922-4_8904851286	same_exact_label	Same reported label	all_reported_markers	All reported markers	6	11	4	12	8	1	0.104511236072	18.9047294479	0.371794871795	0.00684880239521	44.0425183903
hca	0491_10.1016_j.celrep.2018.09.006_befb59b9fa	hca:0491_10.1016_j.celrep.2018.09.006_befb59b9fa	same_exact_label	Same reported label	all_reported_markers	All reported markers	1	12	4	12	8	0.25	0.0132587494341	18.8554736057	0.125	0.00666367175801	18.7584269663
hca	0440_10.1186_s13073-023-01179-2_de903e74e7	hca:0440_10.1186_s13073-023-01179-2_de903e74e7	same_exact_label	Same reported label	all_reported_markers	All reported markers	4	4	2	12	10	0.242857142857	0.0215832637625	18.6987291592	0.0533333333333	0.00148960689743	29.7511111111
hca	0364_10.1161_circulationaha.120.046528_00aa2deb4c	hca:0364_10.1161_circulationaha.120.046528_00aa2deb4c	same_exact_label	Same reported label	all_reported_markers	All reported markers	3	29	5	12	7	0.333333333333	0.0179175157393	18.6037695283	0.0833333333333	0.00451535219747	18.4555555556
hca	0113_10.1101_2021.04.28.441762_c83625bbe4	hca:0113_10.1101_2021.04.28.441762_c83625bbe4	same_exact_label	Same reported label	all_reported_markers	All reported markers	3	14	4	12	8	0.666666666667	0.0240513020128	18.3682393085	0.333333333333	0.00609329737289	54.7049180328
hca	0102_10.1038_s41586-019-0992-y_40614812e9	hca:0102_10.1038_s41586-019-0992-y_40614812e9	same_exact_label	Same reported label	all_reported_markers	All reported markers	1	6	3	12	9	0.428571428571	0.0234120571235	18.3055861478	0.163265306122	0.00341661328208	47.7857142857
hca	0420_10.1111_cas.15979_052ebae233	hca:0420_10.1111_cas.15979_052ebae233	same_exact_label	Same reported label	all_reported_markers	All reported markers	4	9	4	12	8	0.75	0.0358342897941	18.2817068794	0.25	0.0104229004588	33.6436483212
hca	0513_10.1186_s13059-019-1906-x_0a4cb34cd5	hca:0513_10.1186_s13059-019-1906-x_0a4cb34cd5	same_exact_label	Same reported label	all_reported_markers	All reported markers	2	3	2	12	10	0.833333333333	0.103341728779	18.2272871134	0.118650793651	0.00457984866587	46.7245472837
biorxiv	876ca999-6c0e-1014-8ed9-e7563228589e	biorxiv:876ca999-6c0e-1014-8ed9-e7563228589e	same_exact_label	Same reported label	all_reported_markers	All reported markers	3	14	4	12	8	0.5	0.036705027949	18.1628159388	0.0714285714286	0.00359604435121	26.4841269841
hca	0415_10.1038_s41467-020-20358-y_582bbd075a	hca:0415_10.1038_s41467-020-20358-y_582bbd075a	same_exact_label	Same reported label	all_reported_markers	All reported markers	1	1	0	12	12	0.666666666667	0.0368681894984	18.0824357186	0.208333333333	0.00477611940299	43.6197916667
hca	0467_10.1016_j.cell.2018.08.067_51639edc11	hca:0467_10.1016_j.cell.2018.08.067_51639edc11	same_exact_label	Same reported label	all_reported_markers	All reported markers	1	5	3	12	9	1	0.0555792033185	17.9923413848	0.333333333333	0.0143454871488	23.2361111111
hca	0279_10.1186_s12860-019-0199-y_bf14d4299c	hca:0279_10.1186_s12860-019-0199-y_bf14d4299c	same_exact_label	Same reported label	all_reported_markers	All reported markers	2	2	1	12	11	0.628571428571	0.0365381838475	17.6666830289	0.2625	0.00422727466621	65.5800727299
biorxiv	03092aac-75a4-1014-b9cc-d44d468fbd97	biorxiv:03092aac-75a4-1014-b9cc-d44d468fbd97	same_exact_label	Same reported label	all_reported_markers	All reported markers	2	11	4	12	8	1	0.0627365838271	17.538674179	0.349206349206	0.00459081836327	75.5903737839
hca	0020_10.1038_s44161-022-00019-7_10ae5c8129	hca:0020_10.1038_s44161-022-00019-7_10ae5c8129	same_exact_label	Same reported label	all_reported_markers	All reported markers	2	2	1	12	11	0.407894736842	0.07794744313	17.2050419177	0.12219785575	0.00377960428093	37.7396371037
hca	0406_10.1093_brain_awab446_1c9ee67691	hca:0406_10.1093_brain_awab446_1c9ee67691	same_exact_label	Same reported label	all_reported_markers	All reported markers	3	4	2	12	10	0.714285714286	0.0586790669635	17.0418524313	0.444444444444	0.00517876705507	54.9589490969
biorxiv	35208be1-70ce-1014-9f75-f7d24dac9096	biorxiv:35208be1-70ce-1014-9f75-f7d24dac9096	same_exact_label	Same reported label	all_reported_markers	All reported markers	2	11	4	12	8	0.285714285714	0.0123839075683	16.4326034258	0.125	0.0034377673225	28.3737864078
biorxiv	6f28f2e1-6c20-1014-910c-d12c701e7668	biorxiv:6f28f2e1-6c20-1014-910c-d12c701e7668	same_exact_label	Same reported label	all_reported_markers	All reported markers	2	8	3	12	9	0.666666666667	0.0584659905783	16.4014453212	0.411111111111	0.0116661681125	32.4431687565
hca	0155_10.1038_s41467-022-29588-8_ec4c5a4a22	hca:0155_10.1038_s41467-022-29588-8_ec4c5a4a22	same_exact_label	Same reported label	all_reported_markers	All reported markers	5	5	3	12	9	0.444444444444	0.0290858523119	16.1231710447	0.0555555555556	0.00211339766032	27.4262295082
hca	0439_10.1038_s41586-019-1404-z_d7516e129c	hca:0439_10.1038_s41586-019-1404-z_d7516e129c	same_exact_label	Same reported label	all_reported_markers	All reported markers	4	7	3	12	9	0.458333333333	0.0233827857046	16.0600732524	0.077380952381	0.00317733253589	20.923145072
hca	0509_10.1186_s13073-021-00941-8_26def488c5	hca:0509_10.1186_s13073-021-00941-8_26def488c5	same_exact_label	Same reported label	all_reported_markers	All reported markers	2	2	1	12	11	0.733333333333	0.0466856081583	16.0047852776	0.208333333333	0.00643973325371	38.7882143312
hca	0210_10.1016_j.stem.2020.11.008_213dabcee4	hca:0210_10.1016_j.stem.2020.11.008_213dabcee4	same_exact_label	Same reported label	all_reported_markers	All reported markers	5	10	4	12	8	0.666666666667	0.0251641172448	15.8956499888	0.333333333333	0.00425022448369	70.5845070423
biorxiv	e69e6aa5-6cf9-1014-aa41-9f7e5b3de6e8	biorxiv:e69e6aa5-6cf9-1014-aa41-9f7e5b3de6e8	same_exact_label	Same reported label	all_reported_markers	All reported markers	1	9	4	12	8	0.571428571429	0.0366877362671	15.5754655253	0.107142857143	0.00495853637685	21.6077586207
hca	0441_10.1038_s41593-020-0621-y_a3edefca60	hca:0441_10.1038_s41593-020-0621-y_a3edefca60	same_exact_label	Same reported label	all_reported_markers	All reported markers	3	10	4	12	8	0.444444444444	0.0110803094427	15.2497457244	0.111111111111	0.00371146363364	18.6648044693
hca	0255_10.1183_13993003.02441-2018_9965f84ef5	hca:0255_10.1183_13993003.02441-2018_9965f84ef5	same_exact_label	Same reported label	all_reported_markers	All reported markers	1	4	2	12	10	0.666666666667	0.0440128652969	15.1470862478	0.166666666667	0.0112538591774	14.8097345133
hca	0425_10.1038_s41598-017-05266-4_54c44ec7e0	hca:0425_10.1038_s41598-017-05266-4_54c44ec7e0	same_exact_label	Same reported label	all_reported_markers	All reported markers	2	2	1	12	11	0.240384615385	0.0189261303535	15.0997836008	0.0408371040724	0.00114328042814	45.6204131977
hca	0037_10.1038_s41593-019-0539-4_24ef44df9e	hca:0037_10.1038_s41593-019-0539-4_24ef44df9e	same_exact_label	Same reported label	all_reported_markers	All reported markers	3	3	2	12	10	0.733333333333	0.0148525520041	15.0704556923	0.0901960784314	0.00300677021107	29.9976626412
hca	0281_10.1016_j.devcel.2019.06.001_238d93bfef	hca:0281_10.1016_j.devcel.2019.06.001_238d93bfef	same_exact_label	Same reported label	all_reported_markers	All reported markers	2	10	4	12	8	0.194444444444	0.00999619916904	14.8212692596	0.0740740740741	0.00226027755211	33.4937343358
hca	0049_10.1038_s41586-023-06252-9_3d2f22d6e6	hca:0049_10.1038_s41586-023-06252-9_3d2f22d6e6	same_exact_label	Same reported label	all_reported_markers	All reported markers	3	15	4	12	8	0.666666666667	0.0354885491729	14.5711557609	0.2	0.0089928057554	21.2936170213
hca	0030_10.1016_j.jcmgh.2022.02.007_2ccf593bb9	hca:0030_10.1016_j.jcmgh.2022.02.007_2ccf593bb9	same_exact_label	Same reported label	all_reported_markers	All reported markers	1	2	1	12	11	0.181818181818	0.012544490513	14.4938673779	0.0909090909091	0.00320312712071	28.3813559322
hca	0103_10.1172_jci.insight.151621_2faf375c31	hca:0103_10.1172_jci.insight.151621_2faf375c31	same_exact_label	Same reported label	all_reported_markers	All reported markers	2	2	1	12	11	0.527777777778	0.0365469745985	14.4433005295	0.0849673202614	0.00222910653263	38.3237978165
biorxiv	fbd95004-6cf9-1014-bead-f9f2e4a06d20	biorxiv:fbd95004-6cf9-1014-bead-f9f2e4a06d20	same_exact_label	Same reported label	all_reported_markers	All reported markers	1	2	1	12	11	0.333333333333	0.0231959229415	14.370341468	0.155555555556	0.00159251517866	97.6791666667
hca	0264_10.1186_s13059-022-02677-z_ec9d743757	hca:0264_10.1186_s13059-022-02677-z_ec9d743757	same_exact_label	Same reported label	all_reported_markers	All reported markers	5	15	4	12	8	0.5	0.0492566132338	14.2898639118	0.194444444444	0.0114908073541	17.0701754386
biorxiv	72d8cdf5-6fa5-1014-b805-ea9c7c557043	biorxiv:72d8cdf5-6fa5-1014-b805-ea9c7c557043	same_exact_label	Same reported label	all_reported_markers	All reported markers	2	3	2	12	10	0.583333333333	0.10166730052	14.2282779639	0.181547619048	0.00794006371963	21.1131368631
hca	0158_10.2337_db21-0830_d021248f76	hca:0158_10.2337_db21-0830_d021248f76	same_exact_label	Same reported label	all_reported_markers	All reported markers	9	12	4	12	8	0.666666666667	0.0471564532145	14.137336912	0.259259259259	0.00988319856244	27.4156688334
hca	0186_10.1016_j.devcel.2020.01.033_6afe089f1e	hca:0186_10.1016_j.devcel.2020.01.033_6afe089f1e	same_exact_label	Same reported label	all_reported_markers	All reported markers	1	4	2	12	10	0.333333333333	0.0235928528935	14.1285725316	0.0555555555556	0.00398366696544	13.9458333333
hca	0128_10.1016_j.devcel.2020.07.023_7908e44bb1	hca:0128_10.1016_j.devcel.2020.07.023_7908e44bb1	same_exact_label	Same reported label	all_reported_markers	All reported markers	2	6	3	12	9	0.25	0.0139125466085	14.0599173513	0.0625	0.00476457399103	13.9375
biorxiv	8c3ef8a4-6c0e-1014-9b81-f1618d3e39b1	biorxiv:8c3ef8a4-6c0e-1014-9b81-f1618d3e39b1	same_exact_label	Same reported label	all_reported_markers	All reported markers	1	5	3	12	9	1	0.0716992944412	13.9471386405	0.166666666667	0.0124526798167	13.384
hca	0101_10.1038_s41467-020-15647-5_d22ec8f4b6	hca:0101_10.1038_s41467-020-15647-5_d22ec8f4b6	same_exact_label	Same reported label	all_reported_markers	All reported markers	1	3	2	12	10	1	0.0723388248145	13.8238352996	0.333333333333	0.0057745917961	57.724137931
hca	0069_10.1038_s41467-021-23355-x_92232969b4	hca:0069_10.1038_s41467-021-23355-x_92232969b4	same_exact_label	Same reported label	all_reported_markers	All reported markers	1	8	3	12	9	0.2	0.0146214621028	13.6785226124	0.133333333333	0.00490577325755	27.1788617886
hca	0352_10.1038_nature25980_27cde67bed	hca:0352_10.1038_nature25980_27cde67bed	same_exact_label	Same reported label	all_reported_markers	All reported markers	4	8	3	12	9	0.75	0.0249382055	13.6256984911	0.312324929972	0.00471133712235	53.9831849406
hca	0046_10.1007_s00018-022-04559-w_6919bd92ba	hca:0046_10.1007_s00018-022-04559-w_6919bd92ba	same_exact_label	Same reported label	all_reported_markers	All reported markers	3	4	2	12	10	0.333333333333	0.00537018421663	13.5168849286	0.166666666667	0.00268897520167	26.4063116371
hca	0465_10.1016_j.cell.2020.12.016_af8ed7d941	hca:0465_10.1016_j.cell.2020.12.016_af8ed7d941	same_exact_label	Same reported label	all_reported_markers	All reported markers	13	24	5	12	7	0.666666666667	0.0255081802186	13.3095361773	0.32183908046	0.00440837591424	46.5547226387
hca	0479_10.1016_j.xcrm.2022.100657_bf09154d98	hca:0479_10.1016_j.xcrm.2022.100657_bf09154d98	same_exact_label	Same reported label	all_reported_markers	All reported markers	6	16	4	12	8	0.416666666667	0.0238288873977	12.9463171984	0.180555555556	0.00614692653673	29.8114098837
biorxiv	2746af96-6da7-1014-ab14-859a63e4801c	biorxiv:2746af96-6da7-1014-ab14-859a63e4801c	same_exact_label	Same reported label	all_reported_markers	All reported markers	1	1	0	12	12	0.666666666667	0.0516237525197	12.9139520885	0.277777777778	0.00885572139303	31.3670411985
hca	0475_10.1101_2021.07.19.452956_e30bf05aad	hca:0475_10.1101_2021.07.19.452956_e30bf05aad	same_exact_label	Same reported label	all_reported_markers	All reported markers	1	1	0	12	12	1	0.0774581474642	12.9101977357	0.03003003003	0.00225538971808	13.3147853736
hca	0476_10.1126_science.abl4896_6d8fed9731	hca:0476_10.1126_science.abl4896_6d8fed9731	same_exact_label	Same reported label	all_reported_markers	All reported markers	1	1	0	12	12	1	0.0774581474642	12.9101977357	0.03003003003	0.00225538971808	13.3147853736
hca	0398_10.3389_fimmu.2022.1034159_e51dfc8bb5	hca:0398_10.3389_fimmu.2022.1034159_e51dfc8bb5	same_exact_label	Same reported label	all_reported_markers	All reported markers	2	6	3	12	9	0.2	0.0156014646781	12.7571025286	0.2	0.00592141789451	25.3409090909
hca	0085_10.1073_pnas.2200914119_3dd916fb05	hca:0085_10.1073_pnas.2200914119_3dd916fb05	same_exact_label	Same reported label	all_reported_markers	All reported markers	3	23	5	12	7	0.5	0.0263591424816	12.6458337393	0.134615384615	0.00533353365385	25.2394366197
biorxiv	37af1a73-74bd-1014-bb95-96ab82111b0d	biorxiv:37af1a73-74bd-1014-bb95-96ab82111b0d	same_exact_label	Same reported label	all_reported_markers	All reported markers	1	1	0	12	12	0.8	0.0632886861814	12.6404899243	0.222222222222	0.00364179104478	61.0200364299
hca	0229_10.15252_msb.20178041_0277072a61	hca:0229_10.15252_msb.20178041_0277072a61	same_exact_label	Same reported label	all_reported_markers	All reported markers	2	7	3	12	9	0.625	0.0835034239998	12.589665132	0.240709459459	0.00538277511962	43.736196815
biorxiv	2439b48c-6d2d-1014-8b64-9f8fdc0d5fe9	biorxiv:2439b48c-6d2d-1014-8b64-9f8fdc0d5fe9	same_exact_label	Same reported label	all_reported_markers	All reported markers	4	6	3	12	9	0.633333333333	0.0508019001117	12.4755391272	0.172222222222	0.00869955156951	18.1141888733
hca	0405_10.1016_j.ccell.2021.03.007_50f32173d6	hca:0405_10.1016_j.ccell.2021.03.007_50f32173d6	same_exact_label	Same reported label	all_reported_markers	All reported markers	1	12	4	12	8	0.25	0.0202406582664	12.3513769518	0.125	0.010182689428	12.2757352941
biorxiv	9c7f8281-6c21-1014-a6df-b6c543b29cb8	biorxiv:9c7f8281-6c21-1014-a6df-b6c543b29cb8	same_exact_label	Same reported label	all_reported_markers	All reported markers	2	3	2	12	10	0.375	0.04704593966	12.0253733609	0.113505747126	0.0038082437276	28.0750284199
biorxiv	1fa7b83f-6da7-1014-a69d-d257852e8dd1	biorxiv:1fa7b83f-6da7-1014-a69d-d257852e8dd1	same_exact_label	Same reported label	all_reported_markers	All reported markers	3	3	2	12	10	0.75	0.0290401891177	12.0170975907	0.351351351351	0.0104788928714	34.1632653061
biorxiv	c6b2e62c-6bf8-1014-b389-a9824584e0b5	biorxiv:c6b2e62c-6bf8-1014-b389-a9824584e0b5	same_exact_label	Same reported label	all_reported_markers	All reported markers	2	2	1	12	11	0.416666666667	0.0462166914734	11.8837725126	0.127976190476	0.00627052851597	30.0075391562
hca	0078_10.1038_s41586-021-03570-8_93e4f0be8b	hca:0078_10.1038_s41586-021-03570-8_93e4f0be8b	same_exact_label	Same reported label	all_reported_markers	All reported markers	1	4	2	12	10	0.166666666667	0.0141324722381	11.7931713474	0.0185185185185	0.00159346678618	11.6215277778
hca	0322_10.3389_fonc.2021.719564_a0cfb67753	hca:0322_10.3389_fonc.2021.719564_a0cfb67753	same_exact_label	Same reported label	all_reported_markers	All reported markers	2	7	3	12	9	0.333333333333	0.0170774737712	11.7442107709	0.166666666667	0.00623006379585	17.4166666667
hca	0481_10.1016_j.immuni.2023.01.002_2da3d3f446	hca:0481_10.1016_j.immuni.2023.01.002_2da3d3f446	same_exact_label	Same reported label	all_reported_markers	All reported markers	16	20	5	12	7	0.708333333333	0.0338801482894	11.6962287939	0.221455938697	0.00414290003002	47.6796283099
biorxiv	396ad855-6e2e-1014-85f5-9bd33dea0f81	biorxiv:396ad855-6e2e-1014-85f5-9bd33dea0f81	same_exact_label	Same reported label	all_reported_markers	All reported markers	2	3	2	12	10	0.5	0.071780607045	11.6092402372	0.209821428571	0.0100273084144	20.2259934083
hca	0212_10.1038_s41586-022-04571-x_30a05d7904	hca:0212_10.1038_s41586-022-04571-x_30a05d7904	same_exact_label	Same reported label	all_reported_markers	All reported markers	1	5	3	12	9	0.129032258065	0.0112629125718	11.4563845934	0.0564516129032	0.00284403139039	19.8491525424
hca	0080_10.1126_sciadv.abf1444_8cb053b6ed	hca:0080_10.1126_sciadv.abf1444_8cb053b6ed	same_exact_label	Same reported label	all_reported_markers	All reported markers	4	7	3	12	9	0.333333333333	0.0711745208464	11.3363677954	0.139770723104	0.00342653508772	35.0941399621
biorxiv	e3c9e28c-70c5-1014-9616-aa7d906f9d5d	biorxiv:e3c9e28c-70c5-1014-9616-aa7d906f9d5d	same_exact_label	Same reported label	all_reported_markers	All reported markers	1	1	0	12	12	0.75	0.0678016584667	11.0616763212	0.102941176471	0.00417910447761	24.6323529412
hca	0052_10.1016_j.molmet.2022.101595_3242a2c7db	hca:0052_10.1016_j.molmet.2022.101595_3242a2c7db	same_exact_label	Same reported label	all_reported_markers	All reported markers	3	7	3	12	9	0.666666666667	0.045300601014	10.9668773525	0.09375	0.00294059011164	38.9661016949
hca	0421_10.1101_2022.02.14.480397_c10e165496	hca:0421_10.1101_2022.02.14.480397_c10e165496	same_exact_label	Same reported label	all_reported_markers	All reported markers	6	14	4	12	8	0.291666666667	0.0422668777133	10.928163198	0.0720164609053	0.00325475310492	33.5382962963
hca	0379_10.1038_s41698-022-00300-9_7bb9a273c6	hca:0379_10.1038_s41698-022-00300-9_7bb9a273c6	same_exact_label	Same reported label	all_reported_markers	All reported markers	2	6	3	12	9	0.556818181818	0.0630673774746	10.6281596663	0.269480519481	0.00831974453051	33.3641219347
biorxiv	c704e998-6f4b-1014-8cb1-c3d28b577fb8	biorxiv:c704e998-6f4b-1014-8cb1-c3d28b577fb8	same_exact_label	Same reported label	all_reported_markers	All reported markers	1	1	0	12	12	0.666666666667	0.0646480799942	10.3122423238	0.222222222222	0.011144278607	19.9404761905
biorxiv	51fac41a-6c0a-1014-9c40-ecb16ebed7ec	biorxiv:51fac41a-6c0a-1014-9c40-ecb16ebed7ec	same_exact_label	Same reported label	all_reported_markers	All reported markers	2	2	1	12	11	0.375	0.0305450908972	9.85318132649	0.0387931034483	0.00261272021499	28.8706896552
hca	0314_10.1016_j.cell.2017.09.004_62170aa227	hca:0314_10.1016_j.cell.2017.09.004_62170aa227	same_exact_label	Same reported label	all_reported_markers	All reported markers	1	1	0	12	12	0.25	0.0258512888608	9.67069771053	0.166666666667	0.00291044776119	57.264957265
hca	0001_10.1016_j.celrep.2018.11.086_7aff07407b	hca:0001_10.1016_j.celrep.2018.11.086_7aff07407b	same_exact_label	Same reported label	all_reported_markers	All reported markers	2	7	3	12	9	0.714285714286	0.0922124612221	9.65285447031	0.232709750567	0.00788904078378	25.6848443406
hca	0056_10.1038_s41586-018-0449-8_fdcc67f757	hca:0056_10.1038_s41586-018-0449-8_fdcc67f757	same_exact_label	Same reported label	all_reported_markers	All reported markers	7	9	4	12	8	0.5	0.04196966621	9.56041930495	0.0833333333333	0.00411430281269	13.7530864198
hca	0374_10.1136_annrheumdis-2018-214865_9f6cd4034f	hca:0374_10.1136_annrheumdis-2018-214865_9f6cd4034f	same_exact_label	Same reported label	all_reported_markers	All reported markers	4	9	4	12	8	0.666666666667	0.0666220494644	9.52100196212	0.162851037851	0.00688210652304	26.5834065414
hca	0357_10.1126_science.abf1970_a409ac73f2	hca:0357_10.1126_science.abf1970_a409ac73f2	same_exact_label	Same reported label	all_reported_markers	All reported markers	1	3	2	12	10	0.25	0.0275799475141	9.06455677163	0.125	0.0138888888889	9
biorxiv	64ab9878-6ed8-1014-99e3-9a1ae6ef730b	biorxiv:64ab9878-6ed8-1014-99e3-9a1ae6ef730b	same_exact_label	Same reported label	all_reported_markers	All reported markers	1	1	0	12	12	1	0.111069939484	9.00333613794	0.288888888889	0.00786069651741	36.7510548523
biorxiv	f3be1d12-72db-1014-a9a0-ac8d78e3151e	biorxiv:f3be1d12-72db-1014-a9a0-ac8d78e3151e	same_exact_label	Same reported label	all_reported_markers	All reported markers	2	10	4	12	8	0.229166666667	0.0539370669932	8.91517158488	0.142361111111	0.00800658485483	16.718949553
hca	0286_10.1038_s41467-018-06318-7_d818827349	hca:0286_10.1038_s41467-018-06318-7_d818827349	same_exact_label	Same reported label	all_reported_markers	All reported markers	4	10	4	12	8	0.642857142857	0.0511662206784	8.90821793989	0.144787644788	0.00709796040535	25.0761511512
biorxiv	1934a72f-6bf9-1014-9f9e-eb610960180d	biorxiv:1934a72f-6bf9-1014-9f9e-eb610960180d	same_exact_label	Same reported label	all_reported_markers	All reported markers	1	1	0	12	12	0.666666666667	0.0754781376996	8.83257969771	0.0625	0.00497512437811	12.5625
biorxiv	380e1251-6c2c-1014-8b2d-a217f3491f5e	biorxiv:380e1251-6c2c-1014-8b2d-a217f3491f5e	same_exact_label	Same reported label	all_reported_markers	All reported markers	2	4	2	12	10	0.458333333333	0.0896918923973	8.66132280857	0.208333333333	0.0111044716662	19.6628014272
biorxiv	6f8501d1-6fb7-1014-a0e2-ce465eab4dbd	biorxiv:6f8501d1-6fb7-1014-a0e2-ce465eab4dbd	same_exact_label	Same reported label	all_reported_markers	All reported markers	1	3	2	12	10	0.571428571429	0.0660827987565	8.64716056495	0.15873015873	0.00384024577573	41.3333333333
biorxiv	96c0ca44-7598-1014-bd6e-c97aae1f298a	biorxiv:96c0ca44-7598-1014-bd6e-c97aae1f298a	same_exact_label	Same reported label	all_reported_markers	All reported markers	3	8	3	12	9	0.75	0.099504012382	8.64099416792	0.375	0.00889919234221	28.4510638298
hca	0393_10.1038_s42255-022-00531-x_b92878970e	hca:0393_10.1038_s42255-022-00531-x_b92878970e	same_exact_label	Same reported label	all_reported_markers	All reported markers	2	2	1	12	11	0.333333333333	0.039470062359	8.64054324877	0.116666666667	0.00857221061013	14.9230825583
hca	0512_10.1016_j.gastha.2022.12.004_3866b352db	hca:0512_10.1016_j.gastha.2022.12.004_3866b352db	same_exact_label	Same reported label	all_reported_markers	All reported markers	2	3	2	12	10	0.113636363636	0.0099505914239	8.52559199227	0.0454545454545	0.00254018681438	13.3386454183
hca	0149_10.1038_s41368-023-00238-z_c77e60a0ab	hca:0149_10.1038_s41368-023-00238-z_c77e60a0ab	same_exact_label	Same reported label	all_reported_markers	All reported markers	3	11	4	12	8	0.333333333333	0.0396149253526	8.41433702996	0.166666666667	0.00958083832335	16.213592233
hca	0426_10.1038_s41467-019-12464-3_0f8440336d	hca:0426_10.1038_s41467-019-12464-3_0f8440336d	same_exact_label	Same reported label	all_reported_markers	All reported markers	2	11	4	12	8	0.475	0.0659287366506	8.40779004839	0.314285714286	0.00927395209581	34.9546509017
biorxiv	c3556304-707d-1014-b47e-8d7767eb41eb	biorxiv:c3556304-707d-1014-b47e-8d7767eb41eb	same_exact_label	Same reported label	all_reported_markers	All reported markers	1	1	0	12	12	1	0.119226523366	8.38739545335	0.261904761905	0.00915422885572	28.6102484472
hca	0506_10.1038_s41591-022-01680-y_160aaf8b86	hca:0506_10.1038_s41591-022-01680-y_160aaf8b86	same_exact_label	Same reported label	all_reported_markers	All reported markers	4	11	4	12	8	0.770833333333	0.11914403434	8.31423948591	0.223050636844	0.00588822355289	37.911366777
hca	0293_10.1172_jci.insight.150861_5764a5bfad	hca:0293_10.1172_jci.insight.150861_5764a5bfad	same_exact_label	Same reported label	all_reported_markers	All reported markers	6	11	4	12	8	0.666666666667	0.0829770530211	8.06686001984	0.194050033807	0.0062375249501	32.7708116634
hca	0290_10.1101_235499_566cff6e3c	hca:0290_10.1101_235499_566cff6e3c	same_exact_label	Same reported label	all_reported_markers	All reported markers	4	29	5	12	7	0.166666666667	0.0219874624225	8.00401858809	0.0833333333333	0.006538898923	15.6698113208
hca	0094_10.1073_pnas.2404775121_07bae216d2	hca:0094_10.1073_pnas.2404775121_07bae216d2	same_exact_label	Same reported label	all_reported_markers	All reported markers	3	18	5	12	7	0.166666666667	0.0157168132055	7.99353254305	0.0833333333333	0.00790079007901	10.5474683544
hca	0402_10.1016_j.cell.2021.04.038_26e3dc6d2f	hca:0402_10.1016_j.cell.2021.04.038_26e3dc6d2f	same_exact_label	Same reported label	all_reported_markers	All reported markers	3	8	3	12	9	0.555555555556	0.0702823097783	7.90462859442	0.166666666667	0.00538438528268	48.6415343915
hca	0365_10.3389_fendo.2022.874915_81de77d539	hca:0365_10.3389_fendo.2022.874915_81de77d539	same_exact_label	Same reported label	all_reported_markers	All reported markers	5	9	4	12	8	1	0.126759335964	7.88896527733	0.206896551724	0.0104727707959	29.3157894737
hca	0349_10.1038_s41467-023-36296-4_67ae3c1e19	hca:0349_10.1038_s41467-023-36296-4_67ae3c1e19	same_exact_label	Same reported label	all_reported_markers	All reported markers	1	7	3	12	9	1	0.130147002925	7.68361911936	0.307692307692	0.0112141148325	27.4379487179
hca	0180_10.1016_j.immuni.2019.11.014_dd3bbb9bc1	hca:0180_10.1016_j.immuni.2019.11.014_dd3bbb9bc1	same_exact_label	Same reported label	all_reported_markers	All reported markers	3	3	2	12	10	0.5	0.0899474011355	7.41173906361	0.142857142857	0.00888590203106	24.5660377358
hca	0368_10.1016_j.cell.2019.08.008_98c14c4ebe	hca:0368_10.1016_j.cell.2019.08.008_98c14c4ebe	same_exact_label	Same reported label	all_reported_markers	All reported markers	1	1	0	12	12	1	0.13618317893	7.34305079276	0.264367816092	0.00517412935323	51.0941644562
biorxiv	d8ee72e2-7047-1014-a159-a9ef37bce7a4	biorxiv:d8ee72e2-7047-1014-a159-a9ef37bce7a4	same_exact_label	Same reported label	all_reported_markers	All reported markers	3	16	4	12	8	1	0.136840166279	7.30779585551	0.246913580247	0.00562218890555	44.1137566138
hca	0123_10.1371_journal.pone.0267704_5a8157f0f3	hca:0123_10.1371_journal.pone.0267704_5a8157f0f3	same_exact_label	Same reported label	all_reported_markers	All reported markers	4	14	4	12	8	0.142857142857	0.0161042112654	7.23467657883	0.0285714285714	0.00398668607389	7.13796791444
hca	0077_10.1038_s41587-020-0602-4_e82c5c2835	hca:0077_10.1038_s41587-020-0602-4_e82c5c2835	same_exact_label	Same reported label	all_reported_markers	All reported markers	2	11	4	12	8	1	0.141515569979	7.20933510744	0.288888888889	0.0102295409182	28.9015520488
hca	0190_10.1038_s41467-019-14118-w_eee71dc5ea	hca:0190_10.1038_s41467-019-14118-w_eee71dc5ea	same_exact_label	Same reported label	all_reported_markers	All reported markers	1	10	4	12	8	0.75	0.10682072276	7.02110958082	0.135135135135	0.00336725531278	40.1321321321
hca	0270_10.1038_s41467-022-30557-4_ba2c76ba96	hca:0270_10.1038_s41467-022-30557-4_ba2c76ba96	same_exact_label	Same reported label	all_reported_markers	All reported markers	2	3	2	12	10	0.45	0.125685451869	6.8410603716	0.139285714286	0.00681999203505	28.0343012422
hca	0152_10.15252_embr.201847483_d14f9b2105	hca:0152_10.15252_embr.201847483_d14f9b2105	same_exact_label	Same reported label	all_reported_markers	All reported markers	1	2	1	12	11	0.25	0.0368550614051	6.78332881479	0.166666666667	0.012466407883	13.369261477
biorxiv	5a3c7d4e-70da-1014-80b6-cd48bfa975fe	biorxiv:5a3c7d4e-70da-1014-80b6-cd48bfa975fe	same_exact_label	Same reported label	all_reported_markers	All reported markers	2	10	4	12	8	0.5	0.0798433656239	6.65910120713	0.116666666667	0.0119225780704	8.74919507576
hca	0042_10.1126_sciadv.aau4788_744a251f24	hca:0042_10.1126_sciadv.aau4788_744a251f24	same_exact_label	Same reported label	all_reported_markers	All reported markers	8	18	5	12	7	0.154761904762	0.030577726462	6.63141680428	0.0515873015873	0.00860443187176	8.71948853616
hca	0375_10.1016_j.jaci.2021.07.025_bdc966c89b	hca:0375_10.1016_j.jaci.2021.07.025_bdc966c89b	same_exact_label	Same reported label	all_reported_markers	All reported markers	4	11	4	12	8	0.875	0.122979040029	6.62627920684	0.159259259259	0.0061377245509	27.8234973643
hca	0259_10.1038_s41590-019-0425-y_86ec5764bb	hca:0259_10.1038_s41590-019-0425-y_86ec5764bb	same_exact_label	Same reported label	all_reported_markers	All reported markers	4	9	4	12	8	0.277777777778	0.0380901587263	6.42562667264	0.0833333333333	0.00831006050934	6.28195488722
hca	0350_10.1038_s41421-020-0157-z_3083f6da26	hca:0350_10.1038_s41421-020-0157-z_3083f6da26	same_exact_label	Same reported label	all_reported_markers	All reported markers	3	26	5	12	7	0.0833333333333	0.0254455676866	6.23724641624	0.0416666666667	0.00458646616541	9.08469945355
biorxiv	b88cbe76-6c0b-1014-a018-e498be98267a	biorxiv:b88cbe76-6c0b-1014-a018-e498be98267a	same_exact_label	Same reported label	all_reported_markers	All reported markers	2	4	2	12	10	0.191666666667	0.132752125333	6.19760250566	0.0541666666667	0.00675480529828	9.2438243568
hca	0345_10.3389_fimmu.2021.645666_15198bd9bb	hca:0345_10.3389_fimmu.2021.645666_15198bd9bb	same_exact_label	Same reported label	all_reported_markers	All reported markers	4	5	3	12	9	0.409090909091	0.0491760350352	6.13561055636	0.0850999216301	0.00452281330942	19.3325815306
hca	0239_10.1038_s41467-021-24607-6_2a0350c2e5	hca:0239_10.1038_s41467-021-24607-6_2a0350c2e5	same_exact_label	Same reported label	all_reported_markers	All reported markers	3	7	3	12	9	1	0.102452836139	6.12270169079	0.309523809524	0.00837320574163	23.3031358885
hca	0169_10.1038_s41586-022-04541-3_a47d9e6ca0	hca:0169_10.1038_s41586-022-04541-3_a47d9e6ca0	same_exact_label	Same reported label	all_reported_markers	All reported markers	1	1	0	12	12	0.666666666667	0.110402864679	6.03849065514	0.111111111111	0.0194029850746	5.7264957265
biorxiv	cf0d429c-6c7f-1014-a5a8-f09b6915373d	biorxiv:cf0d429c-6c7f-1014-a5a8-f09b6915373d	same_exact_label	Same reported label	all_reported_markers	All reported markers	6	15	4	12	8	0.55	0.05521764487	5.96477382613	0.186057692308	0.00649480415667	25.9579665671
hca	0098_10.1038_s41586-020-03148-w_f50cb505c0	hca:0098_10.1038_s41586-020-03148-w_f50cb505c0	same_exact_label	Same reported label	all_reported_markers	All reported markers	1	2	1	12	11	1	0.172852743728	5.78527119923	0.404761904762	0.0136359112173	29.6835245047
hca	0274_10.1016_j.isci.2021.103592_3ec037cca1	hca:0274_10.1016_j.isci.2021.103592_3ec037cca1	same_exact_label	Same reported label	all_reported_markers	All reported markers	5	9	4	12	8	0.333333333333	0.0333209589237	5.66359598435	0.133333333333	0.00887692000798	10.9573770492
hca	0060_10.3389_fcell.2022.872688_ac00c45d48	hca:0060_10.3389_fcell.2022.872688_ac00c45d48	same_exact_label	Same reported label	all_reported_markers	All reported markers	2	12	4	12	8	0.6	0.191187314269	5.5835368566	0.147619047619	0.0099730458221	12.3419117647
hca	0205_10.1038_s41588-020-0636-z_f39ba80540	hca:0205_10.1038_s41588-020-0636-z_f39ba80540	same_exact_label	Same reported label	all_reported_markers	All reported markers	3	5	3	12	9	1	0.180611609361	5.53674264647	0.277777777778	0.0129507870094	19.6727094561
hca	0095_10.1101_2021.09.16.460628_23a839e09f	hca:0095_10.1101_2021.09.16.460628_23a839e09f	same_exact_label	Same reported label	all_reported_markers	All reported markers	4	9	4	12	8	1	0.193942628163	5.5024539257	0.339285714286	0.0143626570916	24.511420405
hca	0100_10.1038_s41467-021-22804-x_e7667133b9	hca:0100_10.1038_s41467-021-22804-x_e7667133b9	same_exact_label	Same reported label	all_reported_markers	All reported markers	5	6	3	12	9	0.6	0.140197326601	5.5016759237	0.123076923077	0.00697558545092	21.2380952381
hca	0410_10.3389_fcell.2021.820274_b0973e038f	hca:0410_10.3389_fcell.2021.820274_b0973e038f	same_exact_label	Same reported label	all_reported_markers	All reported markers	5	12	4	12	8	1	0.182742977997	5.4721664874	0.271604938272	0.00768693221523	31.2996317375
hca	0184_10.1016_j.cell.2021.07.023_f621bea088	hca:0184_10.1016_j.cell.2021.07.023_f621bea088	same_exact_label	Same reported label	all_reported_markers	All reported markers	5	17	5	12	7	0.666666666667	0.158814274416	5.41828927725	0.119047619048	0.00709858028394	11.1879194631
hca	0474_10.3389_fimmu.2021.689019_ff96e36403	hca:0474_10.3389_fimmu.2021.689019_ff96e36403	same_exact_label	Same reported label	all_reported_markers	All reported markers	9	17	5	12	7	0.6	0.0929978759	5.37646688337	0.0833333333333	0.00569886022795	13.0489236791
hca	0414_10.1186_s13059-020-02210-0_30c1533a3e	hca:0414_10.1186_s13059-020-02210-0_30c1533a3e	same_exact_label	Same reported label	all_reported_markers	All reported markers	5	13	4	12	8	0.5	0.113836662917	5.27070966967	0.125	0.00659077291791	13.4596774194
hca	0265_10.1038_s41591-019-0750-6_ba0c7c2ce5	hca:0265_10.1038_s41591-019-0750-6_ba0c7c2ce5	same_exact_label	Same reported label	all_reported_markers	All reported markers	3	6	3	12	9	0.75	0.068290288548	5.19980072598	0.233333333333	0.0106128550075	21.985915493
biorxiv	307b2bd7-6cb9-1014-a6b4-a58a7220bba3	biorxiv:307b2bd7-6cb9-1014-a6b4-a58a7220bba3	same_exact_label	Same reported label	all_reported_markers	All reported markers	5	6	3	12	9	0.75	0.137185295569	5.07174188164	0.342592592593	0.00762331838565	43.1398809524
hca	0164_10.1177_00220345221147908_13bf485ac8	hca:0164_10.1177_00220345221147908_13bf485ac8	same_exact_label	Same reported label	all_reported_markers	All reported markers	6	9	4	12	8	0.666666666667	0.103264637589	5.06777810819	0.196120689655	0.00634600039896	30.1928765265
hca	0431_10.1038_s44161-022-00028-6_b4c8c1227f	hca:0431_10.1038_s44161-022-00028-6_b4c8c1227f	same_exact_label	Same reported label	all_reported_markers	All reported markers	2	2	1	12	11	0.0833333333333	0.0299364284856	4.95334559915	0.0833333333333	0.00971149881272	9.85
biorxiv	a6ffed23-717d-1014-ae02-d2e67f78dddd	biorxiv:a6ffed23-717d-1014-ae02-d2e67f78dddd	same_exact_label	Same reported label	all_reported_markers	All reported markers	3	3	2	12	10	1	0.0673888421765	4.9464172787	0.288288288288	0.00776583034648	29.5466078323
hca	0376_10.1038_s41590-017-0001-2_5fb0775c07	hca:0376_10.1038_s41590-017-0001-2_5fb0775c07	same_exact_label	Same reported label	all_reported_markers	All reported markers	3	6	3	12	9	0.333333333333	0.0329944663252	4.87722482472	0.030303030303	0.00259093173891	4.60743801653
biorxiv	88b6dd17-6fa5-1014-96e8-90837e572e81	biorxiv:88b6dd17-6fa5-1014-96e8-90837e572e81	same_exact_label	Same reported label	all_reported_markers	All reported markers	1	4	2	12	10	0.166666666667	0.0346161246559	4.81471188134	0.0666666666667	0.00707100886366	9.42816901408
hca	0151_10.1038_s41586-022-04718-w_1bf3167cbc	hca:0151_10.1038_s41586-022-04718-w_1bf3167cbc	same_exact_label	Same reported label	all_reported_markers	All reported markers	1	7	3	12	9	0.666666666667	0.138548064642	4.81180786168	0.119047619048	0.0106658692185	11.1615487316
hca	0108_10.1038_s41598-017-14676-3_ca30704700	hca:0108_10.1038_s41598-017-14676-3_ca30704700	same_exact_label	Same reported label	all_reported_markers	All reported markers	3	7	3	12	9	0.4	0.140755834292	4.73633416349	0.0625	0.00717703349282	5.97142857143
hca	0485_10.1038_s41467-021-26495-2_5e641690ff	hca:0485_10.1038_s41467-021-26495-2_5e641690ff	same_exact_label	Same reported label	all_reported_markers	All reported markers	2	4	2	12	10	0.0416666666667	0.00534344093965	4.68413569638	0.00833333333333	0.00134448760084	4.64861111111
hca	0041_10.1016_j.xgen.2022.100108_d4824b85dd	hca:0041_10.1016_j.xgen.2022.100108_d4824b85dd	same_exact_label	Same reported label	all_reported_markers	All reported markers	2	7	3	12	9	0.166666666667	0.018930411639	4.56422588678	0.107142857143	0.00312749202552	19.193877551
biorxiv	c8264099-6fc3-1014-9d27-9ae05a0c1d33	biorxiv:c8264099-6fc3-1014-9d27-9ae05a0c1d33	same_exact_label	Same reported label	all_reported_markers	All reported markers	2	2	1	12	11	1	0.246963026143	4.51050221732	0.210732471602	0.011048074052	20.4769208568
hca	0283_10.1161_circulationaha.120.052318_08d58c2441	hca:0283_10.1161_circulationaha.120.052318_08d58c2441	same_exact_label	Same reported label	all_reported_markers	All reported markers	1	7	3	12	9	0.189189189189	0.0422959379861	4.47298719918	0.03003003003	0.00170535367904	17.6092680358
hca	0207_10.1016_j.immuni.2020.11.017_b182001861	hca:0207_10.1016_j.immuni.2020.11.017_b182001861	same_exact_label	Same reported label	all_reported_markers	All reported markers	4	10	4	12	8	0.708333333333	0.0907029518621	4.38188388627	0.226449275362	0.00904170408061	18.6194344691
biorxiv	ae5f009e-6d7a-1014-8ed6-cd1c0d2e0ada	biorxiv:ae5f009e-6d7a-1014-8ed6-cd1c0d2e0ada	same_exact_label	Same reported label	all_reported_markers	All reported markers	2	5	3	12	9	0.487857142857	0.111253557415	4.38074974077	0.0607589285714	0.0079999573051	7.61894467724
biorxiv	e6e04172-6c15-1014-9229-c57ac33d21f6	biorxiv:e6e04172-6c15-1014-9229-c57ac33d21f6	same_exact_label	Same reported label	all_reported_markers	All reported markers	2	2	1	12	11	1	0.243660926268	4.36747457091	0.326149425287	0.0113715536976	36.4378697472
hca	0342_10.18632_aging.203124_280d72e18e	hca:0342_10.18632_aging.203124_280d72e18e	same_exact_label	Same reported label	all_reported_markers	All reported markers	1	2	1	12	11	1	0.229661307511	4.35423803356	0.471264367816	0.00895789787996	52.6088122605
hca	0494_10.1038_s41467-021-27895-0_bbe3158fbf	hca:0494_10.1038_s41467-021-27895-0_bbe3158fbf	same_exact_label	Same reported label	all_reported_markers	All reported markers	1	6	3	12	9	1	0.230392129623	4.34042604509	0.202380952381	0.00976581963129	20.7233965015
biorxiv	f96f23ec-83f2-1014-ad76-8d430e749668	biorxiv:f96f23ec-83f2-1014-ad76-8d430e749668	same_exact_label	Same reported label	all_reported_markers	All reported markers	1	1	0	12	12	0.333333333333	0.0771408697167	4.3210989785	0.0123456790123	0.00298507462687	4.13580246914
biorxiv	700d25d7-7306-1014-9c30-ec481bfe1ae1	biorxiv:700d25d7-7306-1014-9c30-ec481bfe1ae1	same_exact_label	Same reported label	all_reported_markers	All reported markers	2	2	1	12	11	0.294117647059	0.0357290329485	4.29452314934	0.0536332179931	0.00247659529623	12.3125
hca	0313_10.1016_j.celrep.2022.110467_a2771a8ae7	hca:0313_10.1016_j.celrep.2022.110467_a2771a8ae7	same_exact_label	Same reported label	all_reported_markers	All reported markers	1	4	2	12	10	0.1	0.023703701579	4.21875037816	0.0166666666667	0.00406334030475	4.10171568627
hca	0289_10.1172_jci.insight.93009_72829a2871	hca:0289_10.1172_jci.insight.93009_72829a2871	same_exact_label	Same reported label	all_reported_markers	All reported markers	2	5	3	12	9	0.65	0.155539745103	4.17968168634	0.134656084656	0.00648535564854	20.9853150702
hca	0247_10.1038_s41591-018-0096-5_140f8f392a	hca:0247_10.1038_s41591-018-0096-5_140f8f392a	same_exact_label	Same reported label	all_reported_markers	All reported markers	1	4	2	12	10	0.636363636364	0.154758724208	4.11197261816	0.11038961039	0.012059646359	9.15363577864
biorxiv	8060bfa3-6d4f-1014-b2ea-be74caad434f	biorxiv:8060bfa3-6d4f-1014-b2ea-be74caad434f	same_exact_label	Same reported label	all_reported_markers	All reported markers	1	1	0	12	12	0.75	0.182889187062	4.10084386097	0.0625	0.0126119402985	4.95562130178
biorxiv	c245f005-7ab6-1014-adbd-b49bd8bfffbc	biorxiv:c245f005-7ab6-1014-adbd-b49bd8bfffbc	same_exact_label	Same reported label	all_reported_markers	All reported markers	3	7	3	12	9	1	0.243916951048	4.0997560674	0.261904761905	0.0091706539075	28.5590062112
hca	0140_10.1101_2021.03.01.21252411_572fc1288d	hca:0140_10.1101_2021.03.01.21252411_572fc1288d	same_exact_label	Same reported label	all_reported_markers	All reported markers	3	5	3	12	9	0.333333333333	0.0260102047097	3.98136549809	0.208333333333	0.010460251046	11.5538674033
hca	0302_10.1016_j.isci.2022.104772_3e028c0be0	hca:0302_10.1016_j.isci.2022.104772_3e028c0be0	same_exact_label	Same reported label	all_reported_markers	All reported markers	3	19	5	12	7	0.5	0.0748563049346	3.97115901107	0.25	0.0108043217287	37.70781893
biorxiv	a0900ed8-7609-1014-846c-dd411913591f	biorxiv:a0900ed8-7609-1014-846c-dd411913591f	same_exact_label	Same reported label	all_reported_markers	All reported markers	1	6	3	12	9	1	0.254465286275	3.92980910928	0.261261261261	0.00807174887892	32.3673673674
hca	0233_10.1038_s41590-025-02241-4_110ace5bba	hca:0233_10.1038_s41590-025-02241-4_110ace5bba	same_exact_label	Same reported label	all_reported_markers	All reported markers	5	13	4	12	8	0.4	0.0898923224248	3.92749334167	0.0375	0.00357356843277	7.13857998289
hca	0215_10.1038_s42003-020-01625-6_cc9e14f4ea	hca:0215_10.1038_s42003-020-01625-6_cc9e14f4ea	same_exact_label	Same reported label	all_reported_markers	All reported markers	2	14	4	12	8	0.8125	0.243673740792	3.88261747345	0.142208614865	0.0105259214864	12.382552751
biorxiv	57ac822b-6c7d-1014-a047-d6c2f45edeb7	biorxiv:57ac822b-6c7d-1014-a047-d6c2f45edeb7	same_exact_label	Same reported label	all_reported_markers	All reported markers	1	1	0	12	12	0.666666666667	0.172680125866	3.86070292296	0.298850574713	0.00666666666667	44.8275862069
hca	0182_10.1126_sciimmunol.abk1741_33c534a538	hca:0182_10.1126_sciimmunol.abk1741_33c534a538	same_exact_label	Same reported label	all_reported_markers	All reported markers	1	2	1	12	11	0.666666666667	0.173801970009	3.83578314234	0.037037037037	0.010749477456	3.44547325103
hca	0394_10.1038_s41591-021-01329-2_7dcc6ae73c	hca:0394_10.1038_s41591-021-01329-2_7dcc6ae73c	same_exact_label	Same reported label	all_reported_markers	All reported markers	4	10	4	12	8	0.125	0.0199514353508	3.78392621003	0.0625	0.00314277162526	24.5661764706
hca	0298_10.1101_2021.07.28.453839_0003c16e5c	hca:0298_10.1101_2021.07.28.453839_0003c16e5c	same_exact_label	Same reported label	all_reported_markers	All reported markers	3	9	4	12	8	0.181818181818	0.0198587416646	3.7067793236	0.0909090909091	0.00636526848376	14.2820512821
biorxiv	9f9eded3-6d6e-1014-996d-af8f6f192d54	biorxiv:9f9eded3-6d6e-1014-996d-af8f6f192d54	same_exact_label	Same reported label	all_reported_markers	All reported markers	3	18	5	12	7	0.666666666667	0.194697967033	3.66868604315	0.115942028986	0.010301030103	11.2553820177
biorxiv	8e460cfc-7020-1014-9694-e5bf39316223	biorxiv:8e460cfc-7020-1014-9694-e5bf39316223	same_exact_label	Same reported label	all_reported_markers	All reported markers	1	1	0	12	12	1	0.273159719889	3.66086185915	0.351351351351	0.00875621890547	40.1259213759
hca	0219_10.1016_j.cell.2020.06.026_35457f0d2b	hca:0219_10.1016_j.cell.2020.06.026_35457f0d2b	same_exact_label	Same reported label	all_reported_markers	All reported markers	1	1	0	12	12	0.545454545455	0.152386827563	3.57940744733	0.0909090909091	0.0104748982361	8.67875647668
biorxiv	7a206a01-6c0e-1014-b046-f87c164ca53d	biorxiv:7a206a01-6c0e-1014-b046-f87c164ca53d	same_exact_label	Same reported label	all_reported_markers	All reported markers	2	5	3	12	9	0.166666666667	0.0261954777761	3.55947764412	0.0277777777778	0.00537955768081	3.48541666667
biorxiv	a96dba70-6cf7-1014-a294-bf2ca6d364a0	biorxiv:a96dba70-6cf7-1014-a294-bf2ca6d364a0	same_exact_label	Same reported label	all_reported_markers	All reported markers	3	3	2	12	10	0.0625	0.0147236012405	3.49913464738	0.00568181818182	0.00149342891278	3.41981613892
hca	0086_10.1186_s13059-018-1603-1_27b7304530	hca:0086_10.1186_s13059-018-1603-1_27b7304530	same_exact_label	Same reported label	all_reported_markers	All reported markers	1	1	0	12	12	0.666666666667	0.191332712051	3.48433187154	0.126126126126	0.00606965174129	20.7797961896
hca	0390_10.1038_s41591-020-0901-9_be86edb292	hca:0390_10.1038_s41591-020-0901-9_be86edb292	same_exact_label	Same reported label	all_reported_markers	All reported markers	1	6	3	12	9	0.333333333333	0.0966026505047	3.4505609483	0.0833333333333	0.00747384155456	11.15
hca	0407_10.1093_humrep_deac183_7b0f560d74	hca:0407_10.1093_humrep_deac183_7b0f560d74	same_exact_label	Same reported label	all_reported_markers	All reported markers	3	5	3	12	9	0.333333333333	0.0430665158146	3.41520920657	0.166666666667	0.00846782227535	16.73
biorxiv	39510275-6e7f-1014-81d5-da3b7edd0de0	biorxiv:39510275-6e7f-1014-81d5-da3b7edd0de0	same_exact_label	Same reported label	all_reported_markers	All reported markers	1	1	0	12	12	0.2	0.0597187753863	3.34903049679	0.00869565217391	0.00286567164179	3.03442028986
biorxiv	ab05f819-6c04-1014-81aa-9646e853264a	biorxiv:ab05f819-6c04-1014-81aa-9646e853264a	same_exact_label	Same reported label	all_reported_markers	All reported markers	3	10	4	12	8	0.6	0.161675918143	3.33971125043	0.144144144144	0.00828095380625	14.8943995542
biorxiv	ba2fe3cc-7145-1014-8950-ece91a9c7114	biorxiv:ba2fe3cc-7145-1014-8950-ece91a9c7114	same_exact_label	Same reported label	all_reported_markers	All reported markers	1	1	0	12	12	1	0.301173245666	3.32034805345	0.261261261261	0.00965174129353	27.0688213987
hca	0370_10.1038_s41698-022-00251-1_1483c4b104	hca:0370_10.1038_s41698-022-00251-1_1483c4b104	same_exact_label	Same reported label	all_reported_markers	All reported markers	7	14	4	12	8	0.333333333333	0.0175783114451	3.30676809467	0.0617283950617	0.00349615423035	10.1737804878
hca	0047_10.15252_embj.2020107333_a4d0f57474	hca:0047_10.15252_embj.2020107333_a4d0f57474	same_exact_label	Same reported label	all_reported_markers	All reported markers	7	14	4	12	8	0.4	0.107608773724	3.26531047801	0.125	0.0084906602737	10.8344155844
biorxiv	b4865554-70d4-1014-b98c-d54405b178ea	biorxiv:b4865554-70d4-1014-b98c-d54405b178ea	same_exact_label	Same reported label	all_reported_markers	All reported markers	2	3	2	12	10	0.125	0.121946841244	3.1947033254	0.03125	0.00993130227001	3.14661654135
biorxiv	5200cce7-72d7-1014-98f6-994ae061fa4b	biorxiv:5200cce7-72d7-1014-98f6-994ae061fa4b	same_exact_label	Same reported label	all_reported_markers	All reported markers	1	3	2	12	10	0.666666666667	0.211826084677	3.14723593973	0.188405797101	0.0109518120271	17.2031620553
biorxiv	b71d9b5e-6f1d-1014-9408-ec8c7da502b4	biorxiv:b71d9b5e-6f1d-1014-9408-ec8c7da502b4	same_exact_label	Same reported label	all_reported_markers	All reported markers	2	2	1	12	11	0.375	0.176061163046	3.09365524075	0.0681306306306	0.00948044192296	7.18644037739
hca	0432_10.1172_jci.insight.156341_02dc39adcf	hca:0432_10.1172_jci.insight.156341_02dc39adcf	same_exact_label	Same reported label	all_reported_markers	All reported markers	4	10	4	12	8	0.25	0.100316798205	3.00671793499	0.0426136363636	0.0125486381323	2.89862083929
biorxiv	9e5c18fc-76e5-1014-9f81-96148d260e0f	biorxiv:9e5c18fc-76e5-1014-9f81-96148d260e0f	same_exact_label	Same reported label	all_reported_markers	All reported markers	3	4	2	12	10	0.333333333333	0.0728440249332	2.9972949247	0.0277777777778	0.00946120904292	2.71451743715
biorxiv	3912ca11-6e98-1014-9c67-9a3ee3e3b07f	biorxiv:3912ca11-6e98-1014-9c67-9a3ee3e3b07f	same_exact_label	Same reported label	all_reported_markers	All reported markers	1	1	0	12	12	0.428571428571	0.1434688754	2.98720839189	0.153439153439	0.00601279317697	25.5187811925
hca	0137_10.1084_jem.20221350_7ac74dedfd	hca:0137_10.1084_jem.20221350_7ac74dedfd	same_exact_label	Same reported label	all_reported_markers	All reported markers	1	1	0	12	12	1	0.335417803606	2.98135635392	0.309523809524	0.0146268656716	21.1613216715
biorxiv	37132c64-6c91-1014-a7ae-a25544128cc2	biorxiv:37132c64-6c91-1014-a7ae-a25544128cc2	same_exact_label	Same reported label	all_reported_markers	All reported markers	2	4	2	12	10	0.333333333333	0.112583164674	2.97332756059	0.0220797720798	0.00786774225675	2.78913193277
hca	0197_10.3389_fmed.2022.869284_8494fa8c76	hca:0197_10.3389_fmed.2022.869284_8494fa8c76	same_exact_label	Same reported label	all_reported_markers	All reported markers	4	8	3	12	9	0.1875	0.0149037075792	2.73672357022	0.0115740740741	0.00241709755993	4.35967657799
biorxiv	8a79edc5-6e0d-1014-bd87-aa1de4068967	biorxiv:8a79edc5-6e0d-1014-bd87-aa1de4068967	same_exact_label	Same reported label	all_reported_markers	All reported markers	3	4	2	12	10	0.333333333333	0.124792372004	2.6711034335	0.0625	0.00902300567673	10.3439293598
hca	0228_10.1128_mbio.02583-20_5085db2792	hca:0228_10.1128_mbio.02583-20_5085db2792	same_exact_label	Same reported label	all_reported_markers	All reported markers	8	8	3	12	9	0.5	0.101764829357	2.66122870205	0.157224958949	0.0083009273108	21.1957153512
hca	0343_10.1038_s41597-019-0351-8_0cf4fb36a1	hca:0343_10.1038_s41597-019-0351-8_0cf4fb36a1	same_exact_label	Same reported label	all_reported_markers	All reported markers	1	3	2	12	10	1	0.398084414851	2.51203001849	0.342342342342	0.0140382317802	24.3864289822
hca	0185_10.1038_s41598-019-45842-4_2aeb7a4d45	hca:0185_10.1038_s41598-019-45842-4_2aeb7a4d45	same_exact_label	Same reported label	all_reported_markers	All reported markers	1	1	0	12	12	0.7	0.303958990747	2.30294224322	0.139285714286	0.0134328358209	10.369047619
hca	0466_10.1038_s41467-020-18957-w_ce0dae83ad	hca:0466_10.1038_s41467-020-18957-w_ce0dae83ad	same_exact_label	Same reported label	all_reported_markers	All reported markers	1	1	0	12	12	0.0909090909091	0.0398764519977	2.27976879473	0.0454545454545	0.00689280868385	6.59448818898
biorxiv	b01f00d1-6e6e-1014-8e4a-e846f4b1debe	biorxiv:b01f00d1-6e6e-1014-8e4a-e846f4b1debe	same_exact_label	Same reported label	all_reported_markers	All reported markers	5	5	3	12	9	0.0666666666667	0.069012773975	2.19190504384	0.00606060606061	0.00558646374546	2.11237373737
biorxiv	9a5466f2-6c88-1014-bd5d-ff8513618027	biorxiv:9a5466f2-6c88-1014-bd5d-ff8513618027	same_exact_label	Same reported label	all_reported_markers	All reported markers	1	4	2	12	10	0.166666666667	0.0912422020644	1.82664011714	0.0111111111111	0.00652325465591	1.70330788804
hca	0366_10.1038_s41467-021-22164-6_097f05776f	hca:0366_10.1038_s41467-021-22164-6_097f05776f	same_exact_label	Same reported label	all_reported_markers	All reported markers	8	20	5	12	7	0.0714285714286	0.0223423441262	1.7862170677	0.010101010101	0.00535725885313	1.6304454234
biorxiv	1b938bfc-6db4-1014-bcdd-aff1924d9f72	biorxiv:1b938bfc-6db4-1014-bcdd-aff1924d9f72	same_exact_label	Same reported label	all_reported_markers	All reported markers	2	2	1	12	11	0.1	0.0407192640576	1.58489573974	0.00909090909091	0.00530008957898	1.52227272727
biorxiv	e3312584-7421-1014-b0a7-823d4471ccf1	biorxiv:e3312584-7421-1014-b0a7-823d4471ccf1	same_exact_label	Same reported label	all_reported_markers	All reported markers	4	8	3	12	9	0.25	0.0280877514357	1.53111395771	0.0892857142857	0.0106690597268	6.21837797619
hca	0111_10.1038_s41586-020-2157-4_a7b8710c09	hca:0111_10.1038_s41586-020-2157-4_a7b8710c09	same_exact_label	Same reported label	all_reported_markers	All reported markers	1	4	2	12	10	0.333333333333	0.232103228434	1.43614259734	0.16049382716	0.0099591674136	16.1151851852
hca	0355_10.3389_fgene.2021.745483_5f4326fce7	hca:0355_10.3389_fgene.2021.745483_5f4326fce7	same_exact_label	Same reported label	all_reported_markers	All reported markers	3	5	3	12	9	0	0.0188361746978	1.41253840359	0	0.00637577206615	4.44516908213
hca	0453_10.1038_s41586-022-05060-x_14fb298894	hca:0453_10.1038_s41586-022-05060-x_14fb298894	same_exact_label	Same reported label	all_reported_markers	All reported markers	3	6	3	12	9	0.25	0.0631272105909	1.38732085978	0.0892857142857	0.00757349277529	11.7121848739
hca	0403_10.1038_s41467-019-11036-9_eff650140f	hca:0403_10.1038_s41467-019-11036-9_eff650140f	same_exact_label	Same reported label	all_reported_markers	All reported markers	3	12	4	12	8	0.25	0.176177767072	1.34558550071	0.0833333333333	0.00740170281949	6.04891304348
hca	0142_10.1016_j.immuni.2023.01.032_b86bd8b65d	hca:0142_10.1016_j.immuni.2023.01.032_b86bd8b65d	same_exact_label	Same reported label	all_reported_markers	All reported markers	1	4	2	12	10	0.6	0.457159250794	1.31245293398	0.0378378378378	0.0166118912459	2.27775617344
hca	0460_10.1016_j.cell.2021.08.003_652ffcecb6	hca:0460_10.1016_j.cell.2021.08.003_652ffcecb6	same_exact_label	Same reported label	all_reported_markers	All reported markers	1	1	0	12	12	0.333333333333	0.279795051164	1.19134820987	0.0119047619048	0.0121393034826	0.980679156909
biorxiv	de5904ff-71b0-1014-b1f7-fe7935302eab	biorxiv:de5904ff-71b0-1014-b1f7-fe7935302eab	same_exact_label	Same reported label	all_reported_markers	All reported markers	1	1	0	12	12	0.363636363636	0.308813677452	1.17752674246	0.00982800982801	0.0103934871099	0.945593112695
hca	0382_10.1371_journal.pbio.3002124_f92c982127	hca:0382_10.1371_journal.pbio.3002124_f92c982127	same_exact_label	Same reported label	all_reported_markers	All reported markers	2	7	3	12	9	0.0263157894737	0.0270914465435	0.967107879973	0.00526315789474	0.00552914882901	0.94730878187
hca	0309_10.1101_721258_f9cb0ad906	hca:0309_10.1101_721258_f9cb0ad906	same_exact_label	Same reported label	all_reported_markers	All reported markers	6	6	3	12	9	0.333333333333	0.0506208544807	0.920780661914	0.0215517241379	0.00336322869955	2.37908961593
biorxiv	9d923a25-6c34-1014-a848-e326c14e92ee	biorxiv:9d923a25-6c34-1014-a848-e326c14e92ee	same_exact_label	Same reported label	all_reported_markers	All reported markers	3	7	3	12	9	0.0769230769231	0.0921242074402	0.696802969244	0.0042735042735	0.0066019506809	0.647309330236
biorxiv	2696a317-6c07-1014-9562-d326b0aa508e	biorxiv:2696a317-6c07-1014-9562-d326b0aa508e	same_exact_label	Same reported label	all_reported_markers	All reported markers	2	4	2	12	10	0.0454545454545	0.0518798178514	0.539976332741	0.00454545454545	0.00776233028997	0.510213414634
biorxiv	9ea3f9c1-6d62-1014-8a0f-e0eee23ad569	biorxiv:9ea3f9c1-6d62-1014-8a0f-e0eee23ad569	same_exact_label	Same reported label	all_reported_markers	All reported markers	2	2	1	12	11	0.0625	0.156142273818	0.400139176575	0.00347222222222	0.0113528914104	0.359180609181
biorxiv	013a7c23-7117-1014-9b42-823175dea768	biorxiv:013a7c23-7117-1014-9b42-823175dea768	same_exact_label	Same reported label	all_reported_markers	All reported markers	1	1	0	12	12	0	0.00214747159724	0	0	0.00107462686567	0
biorxiv	01e5e65d-751c-1014-a8e3-b5f1d7a951ab	biorxiv:01e5e65d-751c-1014-a8e3-b5f1d7a951ab	same_exact_label	Same reported label	all_reported_markers	All reported markers	2	5	3	12	9	0	0.0079491040956	0	0	0.00230374576609	0
biorxiv	06056998-6fcf-1014-a978-d2cf5726c0ad	biorxiv:06056998-6fcf-1014-a978-d2cf5726c0ad	same_exact_label	Same reported label	all_reported_markers	All reported markers	1	1	0	12	12	0	0.0369549178982	0	0	0.00134328358209	0
biorxiv	09d40fbc-6c3d-1014-b39f-eee50a07ad3b	biorxiv:09d40fbc-6c3d-1014-b39f-eee50a07ad3b	same_exact_label	Same reported label	all_reported_markers	All reported markers	3	6	3	12	9	0	0.0204887066109	0	0	0.00189337319382	0
biorxiv	0bd28b37-6e2e-1014-871e-a496f0a6bacd	biorxiv:0bd28b37-6e2e-1014-871e-a496f0a6bacd	same_exact_label	Same reported label	all_reported_markers	All reported markers	2	7	3	12	9	0	0.00617811803068	0	0	0.00310257177033	0
biorxiv	0e94bf21-6c7c-1014-b6a7-bcc9b09c8181	biorxiv:0e94bf21-6c7c-1014-b6a7-bcc9b09c8181	same_exact_label	Same reported label	all_reported_markers	All reported markers	1	15	4	12	8	0	0.00433895239923	0	0	0.00217326139089	0
biorxiv	1219c420-6c6a-1014-afb9-e13c88e111ed	biorxiv:1219c420-6c6a-1014-afb9-e13c88e111ed	same_exact_label	Same reported label	all_reported_markers	All reported markers	1	4	2	12	10	0	0.00905166022772	0	0	0.0045413803406	0
biorxiv	1d26f338-6e4a-1014-b712-c54808557510	biorxiv:1d26f338-6e4a-1014-b712-c54808557510	same_exact_label	Same reported label	all_reported_markers	All reported markers	1	6	3	12	9	0	0.000597758368878	0	0	0.000298953662182	0
biorxiv	1e500b21-6c04-1014-adde-c104b14bbdad	biorxiv:1e500b21-6c04-1014-adde-c104b14bbdad	same_exact_label	Same reported label	all_reported_markers	All reported markers	1	4	2	12	10	0	0.0229838733794	0	0	0.0115775321183	0
biorxiv	1efd9fbe-6f02-1014-8df4-f37a8d806beb	biorxiv:1efd9fbe-6f02-1014-8df4-f37a8d806beb	same_exact_label	Same reported label	all_reported_markers	All reported markers	1	2	1	12	11	0	0.1510887066	0	0	0.00764407285757	0
biorxiv	315fa881-726d-1014-9d3d-bbe9b5731a1d	biorxiv:315fa881-726d-1014-9d3d-bbe9b5731a1d	same_exact_label	Same reported label	all_reported_markers	All reported markers	1	6	3	12	9	0	0.0231504532343	0	0	0.0116591928251	0
biorxiv	345515b9-73b8-1014-926f-ccb5414f8f48	biorxiv:345515b9-73b8-1014-926f-ccb5414f8f48	same_exact_label	Same reported label	all_reported_markers	All reported markers	1	1	0	12	12	0	0.00238597205868	0	0	0.00119402985075	0
biorxiv	38f92858-6c77-1014-a70a-b9d4e7b85d53	biorxiv:38f92858-6c77-1014-a70a-b9d4e7b85d53	same_exact_label	Same reported label	all_reported_markers	All reported markers	2	3	2	12	10	0	0.0780186836449	0	0	0.00748954599761	0
biorxiv	416666f2-6cf5-1014-99b7-f739c447cf39	biorxiv:416666f2-6cf5-1014-99b7-f739c447cf39	same_exact_label	Same reported label	all_reported_markers	All reported markers	1	1	0	12	12	0	0.0150636023205	0	0	0.00380597014925	0
biorxiv	466eace1-7692-1014-9cbc-8d16e477b905	biorxiv:466eace1-7692-1014-9cbc-8d16e477b905	same_exact_label	Same reported label	all_reported_markers	All reported markers	1	3	2	12	10	0	0.00803840807887	0	0	0.00268817204301	0
biorxiv	50c888ca-6c09-1014-89ca-dc13eaf87e62	biorxiv:50c888ca-6c09-1014-89ca-dc13eaf87e62	same_exact_label	Same reported label	all_reported_markers	All reported markers	3	4	2	12	10	0	0.0632061674759	0	0	0.00597550044816	0
biorxiv	55d0fee5-7079-1014-8ef3-9aa3522a8f21	biorxiv:55d0fee5-7079-1014-8ef3-9aa3522a8f21	same_exact_label	Same reported label	all_reported_markers	All reported markers	2	4	2	12	10	0	0.0479970578099	0	0	0.00393387112837	0
biorxiv	611722dd-8008-1014-b70e-fa0b81b0ac37	biorxiv:611722dd-8008-1014-b70e-fa0b81b0ac37	same_exact_label	Same reported label	all_reported_markers	All reported markers	2	6	3	12	9	0	0.0280723962463	0	0	0.00373692077728	0
biorxiv	7883a920-6c54-1014-9611-e2c343a4c7dc	biorxiv:7883a920-6c54-1014-9611-e2c343a4c7dc	same_exact_label	Same reported label	all_reported_markers	All reported markers	1	5	3	12	9	0	0.0109999664157	0	0	0.00552898983861	0
biorxiv	8f45ef4c-6d70-1014-815c-a556cc0c38ce	biorxiv:8f45ef4c-6d70-1014-815c-a556cc0c38ce	same_exact_label	Same reported label	all_reported_markers	All reported markers	3	3	2	12	10	0	0.148993322919	0	0	0.0089605734767	0
biorxiv	9912495b-7074-1014-acf9-d95bb2127278	biorxiv:9912495b-7074-1014-acf9-d95bb2127278	same_exact_label	Same reported label	all_reported_markers	All reported markers	1	1	0	12	12	0	0.00228105822733	0	0	9.95024875622e-05	0
biorxiv	9aa22010-6e01-1014-bc26-9535140d955f	biorxiv:9aa22010-6e01-1014-bc26-9535140d955f	same_exact_label	Same reported label	all_reported_markers	All reported markers	1	13	4	12	8	0	0.0184335848326	0	0	0.00928699820252	0
biorxiv	ab2a1489-7001-1014-b2bf-f5e47d205c33	biorxiv:ab2a1489-7001-1014-b2bf-f5e47d205c33	same_exact_label	Same reported label	all_reported_markers	All reported markers	1	2	1	12	11	0	0.0131785761009	0	0	0.00441922962078	0
biorxiv	b9f9eea1-7c5b-1014-87f0-cbc500249f07	biorxiv:b9f9eea1-7c5b-1014-87f0-cbc500249f07	same_exact_label	Same reported label	all_reported_markers	All reported markers	2	2	1	12	11	0	0.00208461174545	0	0	0.000348362695332	0
biorxiv	bb35967a-6c41-1014-8bd7-fd658527e3eb	biorxiv:bb35967a-6c41-1014-8bd7-fd658527e3eb	same_exact_label	Same reported label	all_reported_markers	All reported markers	1	1	0	12	12	0	0.0108691365693	0	0	0.00365671641791	0
biorxiv	bb90a40e-70a1-1014-887a-db6e99ca95cb	biorxiv:bb90a40e-70a1-1014-887a-db6e99ca95cb	same_exact_label	Same reported label	all_reported_markers	All reported markers	10	12	4	12	8	0	0.00670093467354	0	0	0.00062893081761	0
biorxiv	c55f45c7-7001-1014-966f-865cda24634e	biorxiv:c55f45c7-7001-1014-966f-865cda24634e	same_exact_label	Same reported label	all_reported_markers	All reported markers	1	5	3	12	9	0	0.00277817507022	0	0	9.96214385336e-05	0
biorxiv	d95eb71e-714d-1014-9dc7-c3da2c2efb45	biorxiv:d95eb71e-714d-1014-9dc7-c3da2c2efb45	same_exact_label	Same reported label	all_reported_markers	All reported markers	1	3	2	12	10	0	0.00852488596174	0	0	0.00428116288331	0
biorxiv	dbf486c9-6c54-1014-9bc5-bf4d8f303013	biorxiv:dbf486c9-6c54-1014-9bc5-bf4d8f303013	same_exact_label	Same reported label	all_reported_markers	All reported markers	3	6	3	12	9	0	0.0118031285282	0	0	0.00079720976582	0
biorxiv	e91c125a-709d-1014-bc43-9d192767cd15	biorxiv:e91c125a-709d-1014-bc43-9d192767cd15	same_exact_label	Same reported label	all_reported_markers	All reported markers	3	4	2	12	10	0	0.0133331718752	0	0	0.000684692759685	0
biorxiv	ebaf49e5-7438-1014-8951-c3e925f71d14	biorxiv:ebaf49e5-7438-1014-8951-c3e925f71d14	same_exact_label	Same reported label	all_reported_markers	All reported markers	3	5	3	12	9	0	0.0146579244454	0	0	0.0013448894202	0
biorxiv	f29672cc-6d87-1014-b915-87fbd4bb053f	biorxiv:f29672cc-6d87-1014-b915-87fbd4bb053f	same_exact_label	Same reported label	all_reported_markers	All reported markers	1	5	3	12	9	0	0.0278666470801	0	0	0.0015690376569	0
hca	0003_10.3389_fimmu.2021.645988_480a5ea7f6	hca:0003_10.3389_fimmu.2021.645988_480a5ea7f6	same_exact_label	Same reported label	all_reported_markers	All reported markers	5	7	3	12	9	0	0.0269781100889	0	0	0.00384155318366	0
hca	0011_10.1038_s41413-021-00163-z_07f1a1af96	hca:0011_10.1038_s41413-021-00163-z_07f1a1af96	same_exact_label	Same reported label	all_reported_markers	All reported markers	10	17	5	12	7	0	0.00449098842499	0	0	0.0019139029337	0
hca	0013_10.1016_j.cell.2022.01.012_62a71f9225	hca:0013_10.1016_j.cell.2022.01.012_62a71f9225	same_exact_label	Same reported label	all_reported_markers	All reported markers	1	2	1	12	11	0	0.0129534930229	0	0	0.00650940579277	0
hca	0015_10.1126_science.aay3224_2393e60089	hca:0015_10.1126_science.aay3224_2393e60089	same_exact_label	Same reported label	all_reported_markers	All reported markers	2	4	2	12	10	0	0.014362666821	0	0	0.00332387212429	0
hca	0021_10.1038_s41586-023-06806-x_7900919dd3	hca:0021_10.1038_s41586-023-06806-x_7900919dd3	same_exact_label	Same reported label	all_reported_markers	All reported markers	1	9	4	12	8	0	0.00298904177684	0	0	0.0014961101137	0
hca	0032_10.15252_msb.20209682_ea064ade0e	hca:0032_10.15252_msb.20209682_ea064ade0e	same_exact_label	Same reported label	all_reported_markers	All reported markers	1	5	3	12	9	0	0.0279901008977	0	0	0.00946403666069	0
hca	0033_10.26508_lsa.202000744_340b92b825	hca:0033_10.26508_lsa.202000744_340b92b825	same_exact_label	Same reported label	all_reported_markers	All reported markers	1	4	2	12	10	0	0.000716738694329	0	0	0.00035853002689	0
hca	0036_10.1016_j.cell.2021.10.024_2ce0b899c4	hca:0036_10.1016_j.cell.2021.10.024_2ce0b899c4	same_exact_label	Same reported label	all_reported_markers	All reported markers	1	2	1	12	11	0	0.00920755523458	0	0	0.00231412361899	0
hca	0039_10.1016_j.isci.2021.102405_1f6d3fbc60	hca:0039_10.1016_j.isci.2021.102405_1f6d3fbc60	same_exact_label	Same reported label	all_reported_markers	All reported markers	1	9	4	12	8	0	0.00786042763978	0	0	0.00393975663275	0
hca	0040_10.1016_j.xcrm.2021.100219_d37660c408	hca:0040_10.1016_j.xcrm.2021.100219_d37660c408	same_exact_label	Same reported label	all_reported_markers	All reported markers	4	15	4	12	8	0	0.0186326540937	0	0	0.00367563092383	0
hca	0073_10.1016_j.isci.2021.102482_6ff6d432ab	hca:0073_10.1016_j.isci.2021.102482_6ff6d432ab	same_exact_label	Same reported label	all_reported_markers	All reported markers	3	5	3	12	9	0	0.0142097954929	0	0	0.000796971508269	0
hca	0091_10.1101_2025.06.19.660575_df9b499d76	hca:0091_10.1101_2025.06.19.660575_df9b499d76	same_exact_label	Same reported label	all_reported_markers	All reported markers	1	2	1	12	11	0	0.0278944272021	0	0	0.00477754553598	0
hca	0157_10.1126_science.abg0928_3795ca9b86	hca:0157_10.1126_science.abg0928_3795ca9b86	same_exact_label	Same reported label	all_reported_markers	All reported markers	1	1	0	12	12	0	0.0665100427657	0	0	0.00435820895522	0
hca	0163_10.1126_sciimmunol.abb4432_91494cf647	hca:0163_10.1126_sciimmunol.abb4432_91494cf647	same_exact_label	Same reported label	all_reported_markers	All reported markers	1	6	3	12	9	0	0.00977522170162	0	0	0.00490284005979	0
hca	0165_10.1111_cpr.13557_b323e8d65a	hca:0165_10.1111_cpr.13557_b323e8d65a	same_exact_label	Same reported label	all_reported_markers	All reported markers	4	5	3	12	9	0	0.00272405124075	0	0	0.000249053596334	0
hca	0167_10.1073_pnas.1520760112_985a5e340f	hca:0167_10.1073_pnas.1520760112_985a5e340f	same_exact_label	Same reported label	all_reported_markers	All reported markers	6	13	4	12	8	0	0.0143381348769	0	0	0.00443379269023	0
hca	0171_10.1016_j.cell.2021.05.013_6d846f218b	hca:0171_10.1016_j.cell.2021.05.013_6d846f218b	same_exact_label	Same reported label	all_reported_markers	All reported markers	1	1	0	12	12	0	0.000895076854533	0	0	0.00044776119403	0
hca	0198_10.1038_s41467-021-27619-4_12529026b3	hca:0198_10.1038_s41467-021-27619-4_12529026b3	same_exact_label	Same reported label	all_reported_markers	All reported markers	2	5	3	12	9	0	0.0137216820661	0	0	0.00383542538354	0
hca	0223_10.1126_science.abo7257_14645ac97f	hca:0223_10.1126_science.abo7257_14645ac97f	same_exact_label	Same reported label	all_reported_markers	All reported markers	1	9	4	12	8	0	0.039443754467	0	0	0.00239377618193	0
hca	0251_10.1038_s41588-023-01298-x_c85e8d4857	hca:0251_10.1038_s41588-023-01298-x_c85e8d4857	same_exact_label	Same reported label	all_reported_markers	All reported markers	3	4	2	12	10	0	0.0253685212712	0	0	0.00577631709989	0
hca	0275_10.1016_j.cell.2020.08.001_8e5789b307	hca:0275_10.1016_j.cell.2020.08.001_8e5789b307	same_exact_label	Same reported label	all_reported_markers	All reported markers	1	7	3	12	9	0	0.00963173394515	0	0	0.00323963317384	0
hca	0278_10.1007_s10911-020-09466-z_d1b799dcf6	hca:0278_10.1007_s10911-020-09466-z_d1b799dcf6	same_exact_label	Same reported label	all_reported_markers	All reported markers	2	8	3	12	9	0	0.00702367206294	0	0	0.00302663941237	0
hca	0285_10.26502_fccm.92920277_c5e967ab20	hca:0285_10.26502_fccm.92920277_c5e967ab20	same_exact_label	Same reported label	all_reported_markers	All reported markers	1	1	0	12	12	0	0.032571832256	0	0	0.00553595658073	0
hca	0292_10.1371_journal.pone.0225466_ac5a0b0b14	hca:0292_10.1371_journal.pone.0225466_ac5a0b0b14	same_exact_label	Same reported label	all_reported_markers	All reported markers	1	1	0	12	12	0	0.0364314684731	0	0	0.00465671641791	0
hca	0300_10.1186_s13287-023-03256-0_d71fd1c1ed	hca:0300_10.1186_s13287-023-03256-0_d71fd1c1ed	same_exact_label	Same reported label	all_reported_markers	All reported markers	3	3	2	12	10	0	0.049177144064	0	0	0.0102548785344	0
hca	0334_10.1681_asn.2018020125_804c4742d9	hca:0334_10.1681_asn.2018020125_804c4742d9	same_exact_label	Same reported label	all_reported_markers	All reported markers	1	1	0	12	12	0	0.0100478244434	0	0	0.00169154228856	0
hca	0338_10.3389_fnmol.2020.00134_d9eafa03d0	hca:0338_10.3389_fnmol.2020.00134_d9eafa03d0	same_exact_label	Same reported label	all_reported_markers	All reported markers	4	4	2	12	10	0	0.0328960852732	0	0	0.00229683298476	0
hca	0347_10.1186_s12943-021-01419-2_236ba26890	hca:0347_10.1186_s12943-021-01419-2_236ba26890	same_exact_label	Same reported label	all_reported_markers	All reported markers	3	4	2	12	10	0	0.0177518020665	0	0	0.00612488795937	0
hca	0354_10.1172_jci128475_002a5124c6	hca:0354_10.1172_jci128475_002a5124c6	same_exact_label	Same reported label	all_reported_markers	All reported markers	1	1	0	12	12	0	0.204922656787	0	0	0.0163184079602	0
hca	0363_10.1016_j.omtn.2021.03.017_8083e53d24	hca:0363_10.1016_j.omtn.2021.03.017_8083e53d24	same_exact_label	Same reported label	all_reported_markers	All reported markers	1	3	2	12	10	0	0.0179269044825	0	0	0.00139386698526	0
hca	0384_10.1038_s41422-021-00529-2_d6c8237ebe	hca:0384_10.1038_s41422-021-00529-2_d6c8237ebe	same_exact_label	Same reported label	all_reported_markers	All reported markers	1	22	5	12	7	0	0.0142941077866	0	0	0.00480624812256	0
hca	0400_10.1038_s41467-022-35297-z_0eab5d0ba9	hca:0400_10.1038_s41467-022-35297-z_0eab5d0ba9	same_exact_label	Same reported label	all_reported_markers	All reported markers	1	14	4	12	8	0	0.000898666845553	0	0	0.000449505543902	0
hca	0422_10.1038_s41591-020-1040-z_d966e12866	hca:0422_10.1038_s41591-020-1040-z_d966e12866	same_exact_label	Same reported label	all_reported_markers	All reported markers	2	4	2	12	10	0	0.0391606607084	0	0	0.00659296882781	0
hca	0427_10.7150_ijbs.58886_44183be8e8	hca:0427_10.7150_ijbs.58886_44183be8e8	same_exact_label	Same reported label	all_reported_markers	All reported markers	9	9	4	12	8	0	0.0132722336646	0	0	0.00299222022741	0
hca	0438_10.1016_j.celrep.2023.112086_4947038a16	hca:0438_10.1016_j.celrep.2023.112086_4947038a16	same_exact_label	Same reported label	all_reported_markers	All reported markers	3	6	3	12	9	0	0.00416850340154	0	0	0.000418535127055	0
hca	0442_10.1038_s41591-024-03011-9_e42f5ec07c	hca:0442_10.1038_s41591-024-03011-9_e42f5ec07c	same_exact_label	Same reported label	all_reported_markers	All reported markers	3	6	3	12	9	0	0.00927136302358	0	0	0.00186846038864	0
hca	0463_10.7554_elife.81525_0f73520e7f	hca:0463_10.7554_elife.81525_0f73520e7f	same_exact_label	Same reported label	all_reported_markers	All reported markers	1	4	2	12	10	0	0.00119420774449	0	0	0.000298775022408	0
hca	0464_10.1126_science.aat5031_cfde7f776b	hca:0464_10.1126_science.aat5031_cfde7f776b	same_exact_label	Same reported label	all_reported_markers	All reported markers	1	5	3	12	9	0	0.00773029612398	0	0	0.00388523610281	0
hca	0482_10.1016_j.devcel.2022.04.003_a4b7ddcf39	hca:0482_10.1016_j.devcel.2022.04.003_a4b7ddcf39	same_exact_label	Same reported label	all_reported_markers	All reported markers	1	4	2	12	10	0	0.0169541794166	0	0	0.00428244198785	0
hca	0486_10.1016_j.xfss.2022.09.001_c256ed6917	hca:0486_10.1016_j.xfss.2022.09.001_c256ed6917	same_exact_label	Same reported label	all_reported_markers	All reported markers	8	12	4	12	8	0	0.0218926299987	0	0	0.00431266846361	0
hca	0488_10.1073_pnas.1908706116_5dfd6c0233	hca:0488_10.1073_pnas.1908706116_5dfd6c0233	same_exact_label	Same reported label	all_reported_markers	All reported markers	5	6	3	12	9	0	0.0124180457114	0	0	0.00106769165065	0
hca	0500_10.1073_pnas.2306153120_5c49b25904	hca:0500_10.1073_pnas.2306153120_5c49b25904	same_exact_label	Same reported label	all_reported_markers	All reported markers	4	19	5	12	7	0	0.018446856153	0	0	0.0046518607443	0
hca	0515_10.1084_jem.20201189_d8d9a9e257	hca:0515_10.1084_jem.20201189_d8d9a9e257	same_exact_label	Same reported label	all_reported_markers	All reported markers	2	5	3	12	9	0	0.0180786387994	0	0	0.00139470013947	0
hca	0081_10.1038_s41598-020-66092-9_e23219ced0	hca:0081_10.1038_s41598-020-66092-9_e23219ced0	same_exact_label	Same reported label	local_private_markers	Local-only markers	4	7	3	12	9	0.547619047619	0.00179318532348	487.861203227	0.206349206349	0.000797448165869	557.333333333
biorxiv	a83150af-6e3c-1014-8107-a71f7784ca4d	biorxiv:a83150af-6e3c-1014-8107-a71f7784ca4d	same_exact_label	Same reported label	local_private_markers	Local-only markers	1	1	0	12	12	0.333333333333	0.000994282319745	335.250186707	0.166666666667	0.000497512437811	335
hca	0048_10.1038_s41588-022-01243-4_ae2af85553	hca:0048_10.1038_s41588-022-01243-4_ae2af85553	same_exact_label	Same reported label	local_private_markers	Local-only markers	2	10	4	12	8	1	0.0138609931071	251.739063513	0.8	0.00697395989225	317.265503876
biorxiv	78211bc7-6c0f-1014-bc42-c103d41718b8	biorxiv:78211bc7-6c0f-1014-bc42-c103d41718b8	same_exact_label	Same reported label	local_private_markers	Local-only markers	2	12	4	12	8	1	0.0153479964563	249.563389161	0.8	0.00772686433064	313.03125
hca	0082_10.1016_j.cell.2020.08.013_e864ee2cef	hca:0082_10.1016_j.cell.2020.08.013_e864ee2cef	same_exact_label	Same reported label	local_private_markers	Local-only markers	5	12	4	12	8	0.166666666667	0.0011974551917	222.693357829	0.0555555555556	0.000598981731057	222.6
hca	0174_10.1038_s41588-024-02048-3_7311b9bde5	hca:0174_10.1038_s41588-024-02048-3_7311b9bde5	same_exact_label	Same reported label	local_private_markers	Local-only markers	1	1	0	12	12	0.75	0.00387325259837	193.635705638	0.4375	0.000970149253731	450.961538462
hca	0260_10.1084_jem.20190811_d700cd1f81	hca:0260_10.1084_jem.20190811_d700cd1f81	same_exact_label	Same reported label	local_private_markers	Local-only markers	1	4	2	12	10	1	0.00566811120715	176.42561401	0.5	0.00283836271288	176.157894737
hca	0226_10.1038_s41593-020-00764-7_dc0bba5691	hca:0226_10.1038_s41593-020-00764-7_dc0bba5691	same_exact_label	Same reported label	local_private_markers	Local-only markers	1	2	1	12	11	0.666666666667	0.00516374098598	129.105365369	0.333333333333	0.00129391858266	257.615384615
biorxiv	5337c5de-6d7b-1014-83c4-bb815278a53f	biorxiv:5337c5de-6d7b-1014-83c4-bb815278a53f	same_exact_label	Same reported label	local_private_markers	Local-only markers	1	1	0	12	12	0.166666666667	0.00129253731343	128.945342571	0.166666666667	0.000646766169154	257.692307692
hca	0493_10.1161_circulationaha.119.045401_814f085618	hca:0493_10.1161_circulationaha.119.045401_814f085618	same_exact_label	Same reported label	local_private_markers	Local-only markers	4	6	3	12	9	0.833333333333	0.00809390055272	126.247218651	0.404761904762	0.00214250124564	207.071428571
hca	0209_10.1126_scitranslmed.abe4282_13877fdeac	hca:0209_10.1126_scitranslmed.abe4282_13877fdeac	same_exact_label	Same reported label	local_private_markers	Local-only markers	2	5	3	12	9	0.25	0.0551817490921	120.707262282	0.0870535714286	0.00254034668261	124.887295082
hca	0045_10.15252_embj.2018100811_a99bb4a451	hca:0045_10.15252_embj.2018100811_a99bb4a451	same_exact_label	Same reported label	local_private_markers	Local-only markers	4	10	4	12	8	0.333333333333	0.0058939773504	114.352867862	0.138888888889	0.00197046792378	160.625
hca	0234_10.1038_s41467-022-32972-z_b918df798f	hca:0234_10.1038_s41467-022-32972-z_b918df798f	same_exact_label	Same reported label	local_private_markers	Local-only markers	1	3	2	12	10	0.428571428571	0.00382718935816	111.980722265	0.285714285714	0.00128008192524	223.2
hca	0306_10.1038_s41467-021-22368-w_5524560e05	hca:0306_10.1038_s41467-021-22368-w_5524560e05	same_exact_label	Same reported label	local_private_markers	Local-only markers	1	3	2	12	10	0.6	0.00553593991318	108.382679258	0.4	0.00185185185185	216
hca	0373_10.1038_s41592-018-0253-2_ae3c4efc48	hca:0373_10.1038_s41592-018-0253-2_ae3c4efc48	same_exact_label	Same reported label	local_private_markers	Local-only markers	1	2	1	12	11	0.6	0.00589815551195	101.726717579	0.2	0.00197073753359	101.484848485
hca	0433_10.15252_embr.201540946_1830154973	hca:0433_10.15252_embr.201540946_1830154973	same_exact_label	Same reported label	local_private_markers	Local-only markers	3	5	3	12	9	0.8	0.00991877580627	100.818893332	0.233333333333	0.0018679019725	216.87037037
biorxiv	9338c4d5-712d-1014-b47b-dc1970abe2d9	biorxiv:9338c4d5-712d-1014-b47b-dc1970abe2d9	same_exact_label	Same reported label	local_private_markers	Local-only markers	1	6	3	12	9	0.285714285714	0.00306775102005	93.1347700145	0.142857142857	0.00153747597694	92.9166666667
hca	0329_10.1164_rccm.201712-2410oc_fdd97d9097	hca:0329_10.1164_rccm.201712-2410oc_fdd97d9097	same_exact_label	Same reported label	local_private_markers	Local-only markers	1	4	2	12	10	0.5	0.00566507614568	88.2600669687	0.25	0.00283836271288	88.0789473684
hca	0220_10.1038_s42003-021-02562-8_904d08be85	hca:0220_10.1038_s42003-021-02562-8_904d08be85	same_exact_label	Same reported label	local_private_markers	Local-only markers	1	6	3	12	9	0.5	0.00595900243039	83.9066615328	0.1875	0.00149476831091	125.4375
hca	0006_10.3389_fcell.2022.835445_847c20f209	hca:0006_10.3389_fcell.2022.835445_847c20f209	same_exact_label	Same reported label	local_private_markers	Local-only markers	1	5	3	12	9	1	0.0129337641291	77.3170122805	0.625	0.00650029886432	96.1494252874
hca	0050_10.1073_pnas.1507125112_495172b774	hca:0050_10.1073_pnas.1507125112_495172b774	same_exact_label	Same reported label	local_private_markers	Local-only markers	1	7	3	12	9	0.75	0.00982063200018	76.369830372	0.416666666667	0.00328947368421	126.666666667
hca	0330_10.1016_j.celrep.2020.01.007_2459125119	hca:0330_10.1016_j.celrep.2020.01.007_2459125119	same_exact_label	Same reported label	local_private_markers	Local-only markers	1	5	3	12	9	0.666666666667	0.00893684514286	74.5975404083	0.333333333333	0.00298864315601	111.533333333
hca	0002_10.1038_s41586-019-1373-2_de5bb9e220	hca:0002_10.1038_s41586-019-1373-2_de5bb9e220	same_exact_label	Same reported label	local_private_markers	Local-only markers	1	6	3	12	9	0.4	0.00547753425981	73.0255587691	0.1	0.00137518684604	72.7173913043
biorxiv	ef286bb1-6ccb-1014-ab06-ecd5927e269c	biorxiv:ef286bb1-6ccb-1014-ab06-ecd5927e269c	same_exact_label	Same reported label	local_private_markers	Local-only markers	1	1	0	12	12	0.222222222222	0.00311320016831	71.3806405653	0.111111111111	0.00155887230514	71.2765957447
biorxiv	e2efdcad-73c4-1014-9c6c-8a89f519fd2d	biorxiv:e2efdcad-73c4-1014-9c6c-8a89f519fd2d	same_exact_label	Same reported label	local_private_markers	Local-only markers	2	21	5	12	7	0.457142857143	0.0137465829727	67.7544432669	0.203571428571	0.00419347919348	67.5681818182
hca	0416_10.1126_science.aat1699_46d73cdfcb	hca:0416_10.1126_science.aat1699_46d73cdfcb	same_exact_label	Same reported label	local_private_markers	Local-only markers	1	3	2	12	10	0.333333333333	0.00496093770445	67.1915982808	0.166666666667	0.00248904818797	66.96
hca	0497_10.1016_j.cell.2016.03.023_1e72ea1d04	hca:0497_10.1016_j.cell.2016.03.023_1e72ea1d04	same_exact_label	Same reported label	local_private_markers	Local-only markers	3	3	2	12	10	0.416666666667	0.00951164339273	67.0682655212	0.25	0.00321087216249	103.813953488
biorxiv	29dae57b-6d36-1014-8489-e77255373be6	biorxiv:29dae57b-6d36-1014-8489-e77255373be6	same_exact_label	Same reported label	local_private_markers	Local-only markers	1	2	1	12	11	0.142857142857	0.00213075667597	67.0452635291	0.0714285714286	0.00106641641428	66.98
hca	0361_10.1016_j.gpb.2020.11.002_84c7c58535	hca:0361_10.1016_j.gpb.2020.11.002_84c7c58535	same_exact_label	Same reported label	local_private_markers	Local-only markers	1	7	3	12	9	0.333333333333	0.00517661664492	64.3921225383	0.166666666667	0.00259170653907	64.3076923077
hca	0008_10.1016_j.cels.2016.09.002_fd6b21337a	hca:0008_10.1016_j.cels.2016.09.002_fd6b21337a	same_exact_label	Same reported label	local_private_markers	Local-only markers	3	3	2	12	10	0.5625	0.0106770994979	64.0949776835	0.223529411765	0.00196012544803	151.457142857
hca	0317_10.1016_j.celrep.2019.02.043_aed04e8aae	hca:0317_10.1016_j.celrep.2019.02.043_aed04e8aae	same_exact_label	Same reported label	local_private_markers	Local-only markers	5	7	3	12	9	0.625	0.0158402557672	63.1302937715	0.25	0.00227272727273	177.872340426
hca	0266_10.1016_j.neuron.2021.05.003_0cca870e2c	hca:0266_10.1016_j.neuron.2021.05.003_0cca870e2c	same_exact_label	Same reported label	local_private_markers	Local-only markers	2	3	2	12	10	0.666666666667	0.011096015557	61.0069877985	0.444444444444	0.00348466746316	144.244897959
hca	0089_10.1038_s41586-020-2797-4_6e65d21b5d	hca:0089_10.1038_s41586-020-2797-4_6e65d21b5d	same_exact_label	Same reported label	local_private_markers	Local-only markers	7	26	5	12	7	0.5	0.00419958166092	59.88974727	0.3	0.00160401002506	104.104166667
hca	0083_10.1126_sciimmunol.adz8650_c0046d094c	hca:0083_10.1126_sciimmunol.adz8650_c0046d094c	same_exact_label	Same reported label	local_private_markers	Local-only markers	3	14	4	12	8	1	0.0167111352819	59.8403389794	0.125	0.00839077015283	59.5892857143
hca	0448_10.1101_2022.02.15.480622_6cb3eae5b8	hca:0448_10.1101_2022.02.15.480622_6cb3eae5b8	same_exact_label	Same reported label	local_private_markers	Local-only markers	3	3	2	12	10	0.75	0.01315012819	57.7449468764	0.2	0.00440561529271	76.5257142857
biorxiv	4c59ca94-6c5e-1014-84d0-e9a5aa46ffef	biorxiv:4c59ca94-6c5e-1014-84d0-e9a5aa46ffef	same_exact_label	Same reported label	local_private_markers	Local-only markers	4	4	2	12	10	0.55	0.00934558956282	57.3678103882	0.182222222222	0.00141918135644	117.030823587
hca	0449_10.1084_jem.20202345_e99c99a876	hca:0449_10.1084_jem.20202345_e99c99a876	same_exact_label	Same reported label	local_private_markers	Local-only markers	2	7	3	12	9	0.5	0.0131335559428	56.2102850573	0.3	0.00246710526316	127.6
hca	0136_10.1167_iovs.62.6.18_7e8926eaf2	hca:0136_10.1167_iovs.62.6.18_7e8926eaf2	same_exact_label	Same reported label	local_private_markers	Local-only markers	1	1	0	12	12	0.15	0.00277067943863	54.1383452408	0.1	0.00138805970149	72.0430107527
hca	0132_10.1038_s41467-020-16239-z_001d78a35b	hca:0132_10.1038_s41467-020-16239-z_001d78a35b	same_exact_label	Same reported label	local_private_markers	Local-only markers	1	8	3	12	9	0.5	0.00983052695674	50.8619733408	0.0833333333333	0.00164522883637	50.6515151515
hca	0252_10.1073_pnas.2025813118_95804f2d74	hca:0252_10.1073_pnas.2025813118_95804f2d74	same_exact_label	Same reported label	local_private_markers	Local-only markers	1	3	2	12	10	0.333333333333	0.00655577228415	50.8457766508	0.166666666667	0.00328554360812	50.7272727273
hca	0125_10.1016_j.celrep.2023.111994_fd20125b65	hca:0125_10.1016_j.celrep.2023.111994_fd20125b65	same_exact_label	Same reported label	local_private_markers	Local-only markers	1	4	2	12	10	1	0.0201407950044	49.6504730713	0.666666666667	0.00338611692063	196.882352941
hca	0090_10.1038_s41586-021-03852-1_eec89a5e36	hca:0090_10.1038_s41586-021-03852-1_eec89a5e36	same_exact_label	Same reported label	local_private_markers	Local-only markers	5	27	5	12	7	0.75	0.0137873730511	47.5135618697	0.416666666667	0.00198555956679	150.237288136
hca	0423_10.1038_s41467-019-12780-8_0da964452a	hca:0423_10.1038_s41467-019-12780-8_0da964452a	same_exact_label	Same reported label	local_private_markers	Local-only markers	5	7	3	12	9	0.5	0.00373138064205	44.6662194653	0.166666666667	0.00124601275917	53.0793650794
biorxiv	8bff4e38-6c13-1014-bcce-e068e3eafd28	biorxiv:8bff4e38-6c13-1014-bcce-e068e3eafd28	same_exact_label	Same reported label	local_private_markers	Local-only markers	3	6	3	12	9	0.8	0.017736450309	44.2889223387	0.388888888889	0.00298953662182	131.410714286
hca	0065_10.1101_2020.12.03.20242412_aa08d1f424	hca:0065_10.1101_2020.12.03.20242412_aa08d1f424	same_exact_label	Same reported label	local_private_markers	Local-only markers	1	1	0	12	12	0.75	0.0172699542073	43.4280248225	0.166666666667	0.00194029850746	85.8974358974
biorxiv	10f6f17d-749e-1014-bdcf-fe1d1407f022	biorxiv:10f6f17d-749e-1014-bdcf-fe1d1407f022	same_exact_label	Same reported label	local_private_markers	Local-only markers	4	5	3	12	9	0.324561403509	0.00698535976273	43.2542337726	0.0818713450292	0.00124579230503	75.0705128205
hca	0295_10.1016_j.isci.2021.102551_1c1e582cdd	hca:0295_10.1016_j.isci.2021.102551_1c1e582cdd	same_exact_label	Same reported label	local_private_markers	Local-only markers	2	6	3	12	9	0.45	0.0104117306054	43.1501383618	0.0692307692308	0.00169656203288	42.8392828102
biorxiv	cc41b42e-6c00-1014-9887-9bb7d49b64ad	biorxiv:cc41b42e-6c00-1014-9887-9bb7d49b64ad	same_exact_label	Same reported label	local_private_markers	Local-only markers	1	2	1	12	11	0.6	0.0139547495137	42.9961139332	0.3	0.00468796655718	63.9936305732
biorxiv	219b21d9-7007-1014-9157-ab439216a355	biorxiv:219b21d9-7007-1014-9157-ab439216a355	same_exact_label	Same reported label	local_private_markers	Local-only markers	2	24	5	12	7	0.666666666667	0.0331379261696	42.8385206235	0.198717948718	0.00365694820158	58.1593897174
hca	0026_10.1038_s41586-020-2922-4_1612ece6e2	hca:0026_10.1038_s41586-020-2922-4_1612ece6e2	same_exact_label	Same reported label	local_private_markers	Local-only markers	2	5	3	12	9	0.5	0.020788296865	42.23002965	0.148148148148	0.00316298067344	51.3253340366
biorxiv	6ca25eee-7853-1014-8aed-fc8cff0a87e5	biorxiv:6ca25eee-7853-1014-8aed-fc8cff0a87e5	same_exact_label	Same reported label	local_private_markers	Local-only markers	4	15	4	12	8	0.333333333333	0.00772374130296	42.0697760235	0.25	0.00279776179057	83.2796536797
hca	0017_10.1038_s41467-019-10291-0_971d922fd8	hca:0017_10.1038_s41467-019-10291-0_971d922fd8	same_exact_label	Same reported label	local_private_markers	Local-only markers	2	10	4	12	8	0.3	0.00834148896444	41.7618186682	0.125	0.00209518108351	73.7414772727
hca	0492_10.1038_s41591-021-01332-7_1dacee7a8b	hca:0492_10.1038_s41591-021-01332-7_1dacee7a8b	same_exact_label	Same reported label	local_private_markers	Local-only markers	1	9	4	12	8	0.666666666667	0.0166757931473	39.9781084341	0.333333333333	0.00837821663674	39.7857142857
biorxiv	1f87890c-7e00-1014-91de-cf40554be0ec	biorxiv:1f87890c-7e00-1014-91de-cf40554be0ec	same_exact_label	Same reported label	local_private_markers	Local-only markers	1	2	1	12	11	1	0.0251854949994	39.7053939191	0.625	0.0126903553299	49.25
hca	0193_10.15252_emmm.202012871_3b35c5fb8f	hca:0193_10.15252_emmm.202012871_3b35c5fb8f	same_exact_label	Same reported label	local_private_markers	Local-only markers	3	3	2	12	10	0.333333333333	0.0168200093241	39.6353327648	0.185185185185	0.00378335324572	81.6585365854
hca	0430_10.1101_2021.07.06.451312_11ba989c20	hca:0430_10.1101_2021.07.06.451312_11ba989c20	same_exact_label	Same reported label	local_private_markers	Local-only markers	2	5	3	12	9	0.657142857143	0.0847942778789	39.4525347981	0.0892857142857	0.00391512253437	44.0723536036
biorxiv	446f40c7-6f7f-1014-8708-b70b3848c315	biorxiv:446f40c7-6f7f-1014-8708-b70b3848c315	same_exact_label	Same reported label	local_private_markers	Local-only markers	5	20	5	12	7	1	0.0255530886498	39.134212451	0.166666666667	0.00225157610327	77.2405797101
hca	0010_10.1016_j.cels.2016.08.011_1f66aabffa	hca:0010_10.1016_j.cels.2016.08.011_1f66aabffa	same_exact_label	Same reported label	local_private_markers	Local-only markers	1	3	2	12	10	0.75	0.019315946804	38.8280216139	0.222222222222	0.00216547192354	102.620689655
hca	0105_10.1038_s41563-020-00853-9_ec3e5ef313	hca:0105_10.1038_s41563-020-00853-9_ec3e5ef313	same_exact_label	Same reported label	local_private_markers	Local-only markers	3	6	3	12	9	1	0.0264947969736	37.7432595916	0.5	0.00448430493274	111.5
hca	0025_10.1038_s41467-020-17876-0_159e232bbb	hca:0025_10.1038_s41467-020-17876-0_159e232bbb	same_exact_label	Same reported label	local_private_markers	Local-only markers	1	2	1	12	11	0.5	0.0137765371183	36.293590741	0.291666666667	0.00231412361899	126.037634409
hca	0357_10.1126_science.abf1970_a409ac73f2	hca:0357_10.1126_science.abf1970_a409ac73f2	same_exact_label	Same reported label	local_private_markers	Local-only markers	1	3	2	12	10	1	0.0284682879202	35.1268050542	0.5	0.0143369175627	34.875
hca	0358_10.1126_sciadv.aba1983_17b603cdcb	hca:0358_10.1126_sciadv.aba1983_17b603cdcb	same_exact_label	Same reported label	local_private_markers	Local-only markers	4	5	3	12	9	1	0.0288474929573	34.8484979992	0.28869047619	0.00406313152876	73.199291203
biorxiv	b3e65ef0-6e38-1014-8f8f-a6ec49a73092	biorxiv:b3e65ef0-6e38-1014-8f8f-a6ec49a73092	same_exact_label	Same reported label	local_private_markers	Local-only markers	1	1	0	12	12	0.166666666667	0.00491411178902	33.9159290269	0.111111111111	0.00164179104478	67.6767676768
hca	0388_10.1038_s41467-023-40505-5_535df8ab2d	hca:0388_10.1038_s41467-023-40505-5_535df8ab2d	same_exact_label	Same reported label	local_private_markers	Local-only markers	1	1	0	12	12	0.5	0.0147797141898	33.8301535184	0.15625	0.00186567164179	83.75
hca	0359_10.1101_759902_400af2c5fc	hca:0359_10.1101_759902_400af2c5fc	same_exact_label	Same reported label	local_private_markers	Local-only markers	4	4	2	12	10	0.96875	0.0279442459959	33.706711909	0.270833333333	0.00391519768947	71.1940651261
hca	0139_10.1038_s41590-020-0602-z_71058e050d	hca:0139_10.1038_s41590-020-0602-z_71058e050d	same_exact_label	Same reported label	local_private_markers	Local-only markers	2	10	4	12	8	0.65	0.0234558760291	31.9882118505	0.345	0.00483388207124	82.661781728
hca	0457_10.1101_2024.02.02.578633_57d5a20898	hca:0457_10.1101_2024.02.02.578633_57d5a20898	same_exact_label	Same reported label	local_private_markers	Local-only markers	1	4	2	12	10	0.8	0.0250308114204	31.9606099285	0.2	0.00633403047505	31.5754716981
biorxiv	824fd1db-6db8-1014-aa73-9a84848dcec3	biorxiv:824fd1db-6db8-1014-aa73-9a84848dcec3	same_exact_label	Same reported label	local_private_markers	Local-only markers	1	3	2	12	10	0.666666666667	0.0219062569804	30.4327054715	0.333333333333	0.0073675826364	45.2432432432
biorxiv	e7144333-745a-1014-ab12-e9455a30c9da	biorxiv:e7144333-745a-1014-ab12-e9455a30c9da	same_exact_label	Same reported label	local_private_markers	Local-only markers	1	5	3	12	9	0.333333333333	0.0109901702015	30.330133858	0.222222222222	0.00368599322574	60.2882882883
hca	0378_10.1101_2022.06.17.496207_92cb140ff3	hca:0378_10.1101_2022.06.17.496207_92cb140ff3	same_exact_label	Same reported label	local_private_markers	Local-only markers	3	9	4	12	8	0.428571428571	0.0285190282644	30.1919107729	0.428571428571	0.00713858254253	34.8125
hca	0276_10.1161_circulationaha.120.051921_99b9da8ca5	hca:0276_10.1161_circulationaha.120.051921_99b9da8ca5	same_exact_label	Same reported label	local_private_markers	Local-only markers	1	1	0	12	12	0.444444444444	0.0150054764825	29.6188158346	0.0555555555556	0.00189054726368	29.3859649123
hca	0106_10.1101_585901_f6794b9c1b	hca:0106_10.1101_585901_f6794b9c1b	same_exact_label	Same reported label	local_private_markers	Local-only markers	1	4	2	12	10	0.4	0.0136475356557	29.3093207514	0.1	0.00346579025993	28.8534482759
hca	0201_10.1038_s41467-019-13382-0_3e98068ead	hca:0201_10.1038_s41467-019-13382-0_3e98068ead	same_exact_label	Same reported label	local_private_markers	Local-only markers	1	7	3	12	9	0.555555555556	0.0191098938347	29.0716191499	0.203703703704	0.00322301967039	63.2027491409
biorxiv	c37c4c27-6d25-1014-a7a4-b416d496387c	biorxiv:c37c4c27-6d25-1014-a7a4-b416d496387c	same_exact_label	Same reported label	local_private_markers	Local-only markers	1	1	0	12	12	1	0.0344818441044	29.0007691286	0.166666666667	0.00589552238806	28.2700421941
hca	0307_10.1038_s41419-021-03724-6_32b837a8da	hca:0307_10.1038_s41419-021-03724-6_32b837a8da	same_exact_label	Same reported label	local_private_markers	Local-only markers	4	21	5	12	7	0.666666666667	0.0306750594619	28.0208237169	0.291666666667	0.00980980980981	31.4142512077
hca	0113_10.1101_2021.04.28.441762_c83625bbe4	hca:0113_10.1101_2021.04.28.441762_c83625bbe4	same_exact_label	Same reported label	local_private_markers	Local-only markers	1	14	4	12	8	0.666666666667	0.0240513020128	27.7185271015	0.333333333333	0.00609329737289	54.7049180328
hca	0326_10.1016_j.cmet.2016.08.020_b710322bb3	hca:0326_10.1016_j.cmet.2016.08.020_b710322bb3	same_exact_label	Same reported label	local_private_markers	Local-only markers	6	10	4	12	8	0.573529411765	0.017650052788	27.3997289574	0.200163398693	0.00220082046587	102.192377014
hca	0428_10.1073_pnas.1914143116_42027a0378	hca:0428_10.1073_pnas.1914143116_42027a0378	same_exact_label	Same reported label	local_private_markers	Local-only markers	2	8	3	12	9	0.833333333333	0.0930019162308	26.9945949369	0.425925925926	0.00517249975072	112.317724868
hca	0319_10.1016_j.cell.2018.05.060_d1a05e99e8	hca:0319_10.1016_j.cell.2018.05.060_d1a05e99e8	same_exact_label	Same reported label	local_private_markers	Local-only markers	3	6	3	12	9	0.666666666667	0.00935028487493	26.7371532893	0.177777777778	0.00229197807673	31.298245614
hca	0385_10.1038_s41586-022-04521-7_37f1f319e2	hca:0385_10.1038_s41586-022-04521-7_37f1f319e2	same_exact_label	Same reported label	local_private_markers	Local-only markers	5	8	3	12	9	1	0.0295057485093	26.6215285462	0.333333333333	0.00498554192841	78.3515625
hca	0325_10.1016_j.celrep.2017.10.030_a9d12a5d7c	hca:0325_10.1016_j.celrep.2017.10.030_a9d12a5d7c	same_exact_label	Same reported label	local_private_markers	Local-only markers	3	6	3	12	9	0.285714285714	0.010768245864	26.5330388369	0.0672268907563	0.00119581464873	55.75
biorxiv	53fe4c58-6d7e-1014-9234-a9ab6cb90679	biorxiv:53fe4c58-6d7e-1014-9234-a9ab6cb90679	same_exact_label	Same reported label	local_private_markers	Local-only markers	1	7	3	12	9	0.75	0.028298849952	26.5028438	0.25	0.00717703349282	34.8333333333
biorxiv	b60c0833-6df2-1014-8865-f92ffff4fcc6	biorxiv:b60c0833-6df2-1014-8865-f92ffff4fcc6	same_exact_label	Same reported label	local_private_markers	Local-only markers	8	9	4	12	8	0.602564102564	0.0279287897679	26.3774360421	0.257722007722	0.00349475977842	83.2359022556
hca	0418_10.1038_s42003-020-0922-4_8904851286	hca:0418_10.1038_s42003-020-0922-4_8904851286	same_exact_label	Same reported label	local_private_markers	Local-only markers	6	11	4	12	8	1	0.104952705561	26.0247504814	0.455128205128	0.00699850299401	54.6312865063
hca	0109_10.7554_elife.91792.1_056dda27be	hca:0109_10.7554_elife.91792.1_056dda27be	same_exact_label	Same reported label	local_private_markers	Local-only markers	8	24	5	12	7	0.8	0.0281614126907	25.7936416124	0.208333333333	0.0056707744715	32.3040158371
biorxiv	9b741001-784a-1014-b0c0-93f88f9233f4	biorxiv:9b741001-784a-1014-b0c0-93f88f9233f4	same_exact_label	Same reported label	local_private_markers	Local-only markers	2	3	2	12	10	0.333333333333	0.0120810482741	25.5241755362	0.0555555555556	0.00388291517324	25.3636363636
biorxiv	9bdb3107-6c43-1014-b168-b2ab3b1b366a	biorxiv:9bdb3107-6c43-1014-b168-b2ab3b1b366a	same_exact_label	Same reported label	local_private_markers	Local-only markers	1	1	0	12	12	0.333333333333	0.0131947445166	25.2625833652	0.222222222222	0.00149253731343	148.888888889
biorxiv	db8af155-6c8b-1014-b5f3-cedb7b3b1723	biorxiv:db8af155-6c8b-1014-b5f3-cedb7b3b1723	same_exact_label	Same reported label	local_private_markers	Local-only markers	1	1	0	12	12	1	0.0396367821608	25.2290914016	0.52380952381	0.0028855721393	181.527093596
hca	0291_10.1016_j.cell.2019.06.024_7d6cf2f1e2	hca:0291_10.1016_j.cell.2019.06.024_7d6cf2f1e2	same_exact_label	Same reported label	local_private_markers	Local-only markers	3	4	2	12	10	0.666666666667	0.0297694145248	25.1936429376	0.1875	0.00754406931581	24.853960396
hca	0372_10.1016_j.ccell.2021.10.009_d6ab4790aa	hca:0372_10.1016_j.ccell.2021.10.009_d6ab4790aa	same_exact_label	Same reported label	local_private_markers	Local-only markers	5	13	4	12	8	0.625	0.0299790115306	25.1088133257	0.3	0.00509286998203	67.8455284553
hca	0096_10.1126_sciadv.abo2467_05989af98e	hca:0096_10.1126_sciadv.abo2467_05989af98e	same_exact_label	Same reported label	local_private_markers	Local-only markers	2	3	2	12	10	0.5	0.0328547868126	25.057881728	0.170343137255	0.00238948626045	111.086434574
biorxiv	acd52af7-6c95-1014-8d0b-873ff14c4a57	biorxiv:acd52af7-6c95-1014-8d0b-873ff14c4a57	same_exact_label	Same reported label	local_private_markers	Local-only markers	1	3	2	12	10	0.6	0.0241738172081	24.8202422826	0.45	0.00615292712067	73.1359223301
hca	0436_10.1016_j.jtos.2020.12.004_24ddeb29a4	hca:0436_10.1016_j.jtos.2020.12.004_24ddeb29a4	same_exact_label	Same reported label	local_private_markers	Local-only markers	2	8	3	12	9	0.5	0.0189108973061	24.79582578	0.333333333333	0.00613221657194	98.3235294118
hca	0128_10.1016_j.devcel.2020.07.023_7908e44bb1	hca:0128_10.1016_j.devcel.2020.07.023_7908e44bb1	same_exact_label	Same reported label	local_private_markers	Local-only markers	2	6	3	12	9	0.25	0.00961552302729	24.7289512583	0.0625	0.00356253114101	24.5955882353
biorxiv	fc7595eb-733c-1014-9892-ed444a916a2a	biorxiv:fc7595eb-733c-1014-9892-ed444a916a2a	same_exact_label	Same reported label	local_private_markers	Local-only markers	2	4	2	12	10	0.8	0.0328127378747	24.5937407677	0.516666666667	0.00614480629419	98.9229607775
biorxiv	fa200037-7001-1014-b4a8-b2d1b5dda72e	biorxiv:fa200037-7001-1014-b4a8-b2d1b5dda72e	same_exact_label	Same reported label	local_private_markers	Local-only markers	2	2	1	12	11	0.583333333333	0.0241072264892	24.08029947	0.307291666667	0.00274957698816	112.706730769
hca	0068_10.1093_ibd_izac201_351dddd961	hca:0068_10.1093_ibd_izac201_351dddd961	same_exact_label	Same reported label	local_private_markers	Local-only markers	9	14	4	12	8	1	0.0254780275111	23.9723122394	0.222222222222	0.00529417640595	31.4811320755
hca	0076_10.1016_j.cell.2021.01.053_e0734afb82	hca:0076_10.1016_j.cell.2021.01.053_e0734afb82	same_exact_label	Same reported label	local_private_markers	Local-only markers	3	10	4	12	8	0.666666666667	0.0279989802666	23.8103909614	0.25	0.00708370747281	30.9351851852
hca	0012_10.1164_rccm.202207-1384oc_21f7132a40	hca:0012_10.1164_rccm.202207-1384oc_21f7132a40	same_exact_label	Same reported label	local_private_markers	Local-only markers	2	6	3	12	9	0.833333333333	0.0389871706125	22.9329894572	0.333333333333	0.00966616841056	69.0014064698
biorxiv	bc260922-6c47-1014-a865-fe4e19bf3ea8	biorxiv:bc260922-6c47-1014-a865-fe4e19bf3ea8	same_exact_label	Same reported label	local_private_markers	Local-only markers	2	8	3	12	9	0.666666666667	0.0394541209792	22.6134697195	0.333333333333	0.00857513211686	36.6249417249
hca	0170_10.1038_s41556-021-00740-8_a1434832b6	hca:0170_10.1038_s41556-021-00740-8_a1434832b6	same_exact_label	Same reported label	local_private_markers	Local-only markers	1	5	3	12	9	0.25	0.0112071889474	22.3071102998	0.116666666667	0.00189778840406	61.4750656168
hca	0490_10.1038_nsmb.2660_4e6a41d8b9	hca:0490_10.1038_nsmb.2660_4e6a41d8b9	same_exact_label	Same reported label	local_private_markers	Local-only markers	2	4	2	12	10	0.285714285714	0.00865843471214	22.2485372482	0.166666666667	0.00290238593196	38.6617161716
hca	0243_10.1038_s41586-023-05915-x_2f4aafa6a2	hca:0243_10.1038_s41586-023-05915-x_2f4aafa6a2	same_exact_label	Same reported label	local_private_markers	Local-only markers	11	18	5	12	7	0.625	0.0165540667198	21.6115245529	0.285714285714	0.002400240024	78.608490566
biorxiv	35208be1-70ce-1014-9f75-f7d24dac9096	biorxiv:35208be1-70ce-1014-9f75-f7d24dac9096	same_exact_label	Same reported label	local_private_markers	Local-only markers	2	11	4	12	8	0.375	0.0127394693686	21.513095368	0.1875	0.00355538922156	42.4576271186
hca	0057_10.1038_s41586-019-0903-2_059a54df94	hca:0057_10.1038_s41586-019-0903-2_059a54df94	same_exact_label	Same reported label	local_private_markers	Local-only markers	1	2	1	12	11	0.5	0.0234259642916	21.3438385621	0.3125	0.00597193191998	52.328125
hca	0195_10.1038_nbt.4038_23df984b1c	hca:0195_10.1038_nbt.4038_23df984b1c	same_exact_label	Same reported label	local_private_markers	Local-only markers	1	11	4	12	8	0.444444444444	0.0212819473616	20.8836361115	0.277777777778	0.00542248835662	51.226993865
biorxiv	d2042444-7138-1014-94ac-a1f590fd3173	biorxiv:d2042444-7138-1014-94ac-a1f590fd3173	same_exact_label	Same reported label	local_private_markers	Local-only markers	7	16	4	12	8	1	0.0482526537282	20.7242487767	0.222222222222	0.00379810094953	52.109375
hca	0420_10.1111_cas.15979_052ebae233	hca:0420_10.1111_cas.15979_052ebae233	same_exact_label	Same reported label	local_private_markers	Local-only markers	4	9	4	12	8	0.75	0.0358342897941	20.3905102589	0.305555555556	0.0104229004588	37.5875481034
hca	0019_10.1126_science.aba7721_1646acb14b	hca:0019_10.1126_science.aba7721_1646acb14b	same_exact_label	Same reported label	local_private_markers	Local-only markers	2	6	3	12	9	0.266666666667	0.0259548848962	20.3885873336	0.0732026143791	0.0028898854011	24.5426944972
biorxiv	653bfd04-6cbf-1014-864b-c74846f5cd96	biorxiv:653bfd04-6cbf-1014-864b-c74846f5cd96	same_exact_label	Same reported label	local_private_markers	Local-only markers	1	2	1	12	11	0.5	0.0248089151358	20.1540453206	0.125	0.00627052851597	19.9345238095
hca	0389_10.1038_s41591-024-02807-z_9d82b71a18	hca:0389_10.1038_s41591-024-02807-z_9d82b71a18	same_exact_label	Same reported label	local_private_markers	Local-only markers	5	15	4	12	8	0.333333333333	0.0218473484571	19.583188762	0.111111111111	0.00397182254197	47.9310344828
hca	0440_10.1186_s13073-023-01179-2_de903e74e7	hca:0440_10.1186_s13073-023-01179-2_de903e74e7	same_exact_label	Same reported label	local_private_markers	Local-only markers	4	4	2	12	10	0.242857142857	0.0215832637625	18.6987291592	0.0533333333333	0.00148960689743	29.7511111111
hca	0364_10.1161_circulationaha.120.046528_00aa2deb4c	hca:0364_10.1161_circulationaha.120.046528_00aa2deb4c	same_exact_label	Same reported label	local_private_markers	Local-only markers	3	29	5	12	7	0.333333333333	0.0179175157393	18.6037695283	0.0833333333333	0.00451535219747	18.4555555556
hca	0102_10.1038_s41586-019-0992-y_40614812e9	hca:0102_10.1038_s41586-019-0992-y_40614812e9	same_exact_label	Same reported label	local_private_markers	Local-only markers	1	6	3	12	9	0.428571428571	0.0234120571235	18.3055861478	0.163265306122	0.00341661328208	47.7857142857
hca	0513_10.1186_s13059-019-1906-x_0a4cb34cd5	hca:0513_10.1186_s13059-019-1906-x_0a4cb34cd5	same_exact_label	Same reported label	local_private_markers	Local-only markers	2	3	2	12	10	0.833333333333	0.103341728779	18.2272871134	0.118650793651	0.00457984866587	46.7245472837
hca	0415_10.1038_s41467-020-20358-y_582bbd075a	hca:0415_10.1038_s41467-020-20358-y_582bbd075a	same_exact_label	Same reported label	local_private_markers	Local-only markers	1	1	0	12	12	0.666666666667	0.0368681894984	18.0824357186	0.208333333333	0.00477611940299	43.6197916667
hca	0103_10.1172_jci.insight.151621_2faf375c31	hca:0103_10.1172_jci.insight.151621_2faf375c31	same_exact_label	Same reported label	local_private_markers	Local-only markers	2	2	1	12	11	0.422222222222	0.0234413514652	18.0033985778	0.0843137254902	0.00141003948111	59.8526578073
hca	0467_10.1016_j.cell.2018.08.067_51639edc11	hca:0467_10.1016_j.cell.2018.08.067_51639edc11	same_exact_label	Same reported label	local_private_markers	Local-only markers	1	5	3	12	9	1	0.0555792033185	17.9923413848	0.333333333333	0.0143454871488	23.2361111111
hca	0279_10.1186_s12860-019-0199-y_bf14d4299c	hca:0279_10.1186_s12860-019-0199-y_bf14d4299c	same_exact_label	Same reported label	local_private_markers	Local-only markers	2	2	1	12	11	0.628571428571	0.0365381838475	17.6666830289	0.2625	0.00422727466621	65.5800727299
hca	0281_10.1016_j.devcel.2019.06.001_238d93bfef	hca:0281_10.1016_j.devcel.2019.06.001_238d93bfef	same_exact_label	Same reported label	local_private_markers	Local-only markers	2	10	4	12	8	0.230769230769	0.00999906788272	17.5823885359	0.0897435897436	0.00225963799744	40.6024305556
hca	0421_10.1101_2022.02.14.480397_c10e165496	hca:0421_10.1101_2022.02.14.480397_c10e165496	same_exact_label	Same reported label	local_private_markers	Local-only markers	5	14	4	12	8	0.25	0.0142317904172	17.5663070262	0.111111111111	0.00234741784038	59.1666666667
biorxiv	03092aac-75a4-1014-b9cc-d44d468fbd97	biorxiv:03092aac-75a4-1014-b9cc-d44d468fbd97	same_exact_label	Same reported label	local_private_markers	Local-only markers	2	11	4	12	8	1	0.0627365838271	17.538674179	0.349206349206	0.00459081836327	75.5903737839
hca	0020_10.1038_s44161-022-00019-7_10ae5c8129	hca:0020_10.1038_s44161-022-00019-7_10ae5c8129	same_exact_label	Same reported label	local_private_markers	Local-only markers	2	2	1	12	11	0.5	0.102514110234	17.2050419177	0.154706790123	0.00486048903487	37.7396371037
hca	0406_10.1093_brain_awab446_1c9ee67691	hca:0406_10.1093_brain_awab446_1c9ee67691	same_exact_label	Same reported label	local_private_markers	Local-only markers	3	4	2	12	10	0.714285714286	0.0586790669635	17.0418524313	0.444444444444	0.00517876705507	54.9589490969
biorxiv	77d5f6bb-6c27-1014-a74d-a25d8b68d181	biorxiv:77d5f6bb-6c27-1014-a74d-a25d8b68d181	same_exact_label	Same reported label	local_private_markers	Local-only markers	1	4	2	12	10	0.0689655172414	0.00411087688737	16.7763518906	0.0689655172414	0.00138054665527	49.9552238806
hca	0200_10.1242_dev.172361_e8969b05b0	hca:0200_10.1242_dev.172361_e8969b05b0	same_exact_label	Same reported label	local_private_markers	Local-only markers	3	6	3	12	9	0.333333333333	0.0194020882719	16.5648875069	0.111111111111	0.00209267563528	16.3970588235
hca	0481_10.1016_j.immuni.2023.01.002_2da3d3f446	hca:0481_10.1016_j.immuni.2023.01.002_2da3d3f446	same_exact_label	Same reported label	local_private_markers	Local-only markers	15	20	5	12	7	0.666666666667	0.0282808038953	16.3205228315	0.190476190476	0.0038026618633	50.0680813439
hca	0509_10.1186_s13073-021-00941-8_26def488c5	hca:0509_10.1186_s13073-021-00941-8_26def488c5	same_exact_label	Same reported label	local_private_markers	Local-only markers	2	2	1	12	11	0.733333333333	0.0466856081583	16.0047852776	0.208333333333	0.00643973325371	38.7882143312
hca	0124_10.1126_science.aba6500_a77c502bf7	hca:0124_10.1126_science.aba6500_a77c502bf7	same_exact_label	Same reported label	local_private_markers	Local-only markers	6	18	5	12	7	0.583333333333	0.0198479458211	15.9128626701	0.2625	0.00760076007601	25.6925350523
hca	0210_10.1016_j.stem.2020.11.008_213dabcee4	hca:0210_10.1016_j.stem.2020.11.008_213dabcee4	same_exact_label	Same reported label	local_private_markers	Local-only markers	5	10	4	12	8	0.666666666667	0.0251641172448	15.8956499888	0.333333333333	0.00425022448369	70.5845070423
biorxiv	9c7f8281-6c21-1014-a6df-b6c543b29cb8	biorxiv:9c7f8281-6c21-1014-a6df-b6c543b29cb8	same_exact_label	Same reported label	local_private_markers	Local-only markers	2	3	2	12	10	0.333333333333	0.0345491214633	15.7184608038	0.134099616858	0.00318598168061	36.9084639498
hca	0148_10.1113_jp287812_fd3137bc12	hca:0148_10.1113_jp287812_fd3137bc12	same_exact_label	Same reported label	local_private_markers	Local-only markers	12	30	5	12	7	0.533333333333	0.0131429704415	15.671648637	0.169540229885	0.00391448358928	28.6742543171
hca	0052_10.1016_j.molmet.2022.101595_3242a2c7db	hca:0052_10.1016_j.molmet.2022.101595_3242a2c7db	same_exact_label	Same reported label	local_private_markers	Local-only markers	3	7	3	12	9	0.6	0.0308798610157	15.6468018263	0.09375	0.00197368421053	43.3773584906
biorxiv	e69e6aa5-6cf9-1014-aa41-9f7e5b3de6e8	biorxiv:e69e6aa5-6cf9-1014-aa41-9f7e5b3de6e8	same_exact_label	Same reported label	local_private_markers	Local-only markers	1	9	4	12	8	0.571428571429	0.0366877362671	15.5754655253	0.107142857143	0.00495853637685	21.6077586207
hca	0441_10.1038_s41593-020-0621-y_a3edefca60	hca:0441_10.1038_s41593-020-0621-y_a3edefca60	same_exact_label	Same reported label	local_private_markers	Local-only markers	3	10	4	12	8	0.444444444444	0.0110803094427	15.2497457244	0.111111111111	0.00371146363364	18.6648044693
hca	0255_10.1183_13993003.02441-2018_9965f84ef5	hca:0255_10.1183_13993003.02441-2018_9965f84ef5	same_exact_label	Same reported label	local_private_markers	Local-only markers	1	4	2	12	10	0.666666666667	0.0440128652969	15.1470862478	0.166666666667	0.0112538591774	14.8097345133
hca	0425_10.1038_s41598-017-05266-4_54c44ec7e0	hca:0425_10.1038_s41598-017-05266-4_54c44ec7e0	same_exact_label	Same reported label	local_private_markers	Local-only markers	2	2	1	12	11	0.240384615385	0.0189261303535	15.0997836008	0.0408371040724	0.00114328042814	45.6204131977
hca	0037_10.1038_s41593-019-0539-4_24ef44df9e	hca:0037_10.1038_s41593-019-0539-4_24ef44df9e	same_exact_label	Same reported label	local_private_markers	Local-only markers	3	3	2	12	10	0.733333333333	0.0148525520041	15.0704556923	0.0901960784314	0.00300677021107	29.9976626412
biorxiv	380e1251-6c2c-1014-8b2d-a217f3491f5e	biorxiv:380e1251-6c2c-1014-8b2d-a217f3491f5e	same_exact_label	Same reported label	local_private_markers	Local-only markers	2	4	2	12	10	1	0.118651727535	14.7976751186	0.625	0.0181505826113	32.2226708075
hca	0049_10.1038_s41586-023-06252-9_3d2f22d6e6	hca:0049_10.1038_s41586-023-06252-9_3d2f22d6e6	same_exact_label	Same reported label	local_private_markers	Local-only markers	3	15	4	12	8	0.666666666667	0.0354885491729	14.5711557609	0.2	0.0089928057554	21.2936170213
hca	0030_10.1016_j.jcmgh.2022.02.007_2ccf593bb9	hca:0030_10.1016_j.jcmgh.2022.02.007_2ccf593bb9	same_exact_label	Same reported label	local_private_markers	Local-only markers	1	2	1	12	11	0.181818181818	0.012544490513	14.4938673779	0.0909090909091	0.00320312712071	28.3813559322
biorxiv	fbd95004-6cf9-1014-bead-f9f2e4a06d20	biorxiv:fbd95004-6cf9-1014-bead-f9f2e4a06d20	same_exact_label	Same reported label	local_private_markers	Local-only markers	1	2	1	12	11	0.333333333333	0.0231959229415	14.370341468	0.155555555556	0.00159251517866	97.6791666667
biorxiv	72d8cdf5-6fa5-1014-b805-ea9c7c557043	biorxiv:72d8cdf5-6fa5-1014-b805-ea9c7c557043	same_exact_label	Same reported label	local_private_markers	Local-only markers	2	3	2	12	10	0.583333333333	0.10166730052	14.2282779639	0.181547619048	0.00794006371963	21.1131368631
hca	0158_10.2337_db21-0830_d021248f76	hca:0158_10.2337_db21-0830_d021248f76	same_exact_label	Same reported label	local_private_markers	Local-only markers	9	12	4	12	8	0.666666666667	0.0471564532145	14.137336912	0.259259259259	0.00703803533992	27.825
biorxiv	8c3ef8a4-6c0e-1014-9b81-f1618d3e39b1	biorxiv:8c3ef8a4-6c0e-1014-9b81-f1618d3e39b1	same_exact_label	Same reported label	local_private_markers	Local-only markers	1	5	3	12	9	1	0.0716992944412	13.9471386405	0.166666666667	0.0124526798167	13.384
hca	0101_10.1038_s41467-020-15647-5_d22ec8f4b6	hca:0101_10.1038_s41467-020-15647-5_d22ec8f4b6	same_exact_label	Same reported label	local_private_markers	Local-only markers	1	3	2	12	10	1	0.0723388248145	13.8238352996	0.333333333333	0.0057745917961	57.724137931
hca	0155_10.1038_s41467-022-29588-8_ec4c5a4a22	hca:0155_10.1038_s41467-022-29588-8_ec4c5a4a22	same_exact_label	Same reported label	local_private_markers	Local-only markers	5	5	3	12	9	0.4	0.0290858523119	13.6716743943	0.047619047619	0.00211339766032	23.3170731707
hca	0352_10.1038_nature25980_27cde67bed	hca:0352_10.1038_nature25980_27cde67bed	same_exact_label	Same reported label	local_private_markers	Local-only markers	4	8	3	12	9	0.75	0.0249382055	13.6256984911	0.312324929972	0.00471133712235	53.9831849406
hca	0046_10.1007_s00018-022-04559-w_6919bd92ba	hca:0046_10.1007_s00018-022-04559-w_6919bd92ba	same_exact_label	Same reported label	local_private_markers	Local-only markers	3	4	2	12	10	0.333333333333	0.00537018421663	13.5168849286	0.166666666667	0.00268897520167	26.4063116371
hca	0123_10.1371_journal.pone.0267704_5a8157f0f3	hca:0123_10.1371_journal.pone.0267704_5a8157f0f3	same_exact_label	Same reported label	local_private_markers	Local-only markers	2	14	4	12	8	0.258928571429	0.018803524794	13.3232363067	0.108035714286	0.00690312085278	13.187687869
hca	0465_10.1016_j.cell.2020.12.016_af8ed7d941	hca:0465_10.1016_j.cell.2020.12.016_af8ed7d941	same_exact_label	Same reported label	local_private_markers	Local-only markers	13	24	5	12	7	0.5	0.0255081802186	13.3095361773	0.32183908046	0.00440837591424	46.5547226387
hca	0374_10.1136_annrheumdis-2018-214865_9f6cd4034f	hca:0374_10.1136_annrheumdis-2018-214865_9f6cd4034f	same_exact_label	Same reported label	local_private_markers	Local-only markers	4	9	4	12	8	0.666666666667	0.0473167062196	13.0059889562	0.162851037851	0.00492053992952	30.6682022371
hca	0479_10.1016_j.xcrm.2022.100657_bf09154d98	hca:0479_10.1016_j.xcrm.2022.100657_bf09154d98	same_exact_label	Same reported label	local_private_markers	Local-only markers	6	16	4	12	8	0.333333333333	0.0255345211146	12.9463171984	0.194444444444	0.00599700149925	34.0167278662
biorxiv	2746af96-6da7-1014-ab14-859a63e4801c	biorxiv:2746af96-6da7-1014-ab14-859a63e4801c	same_exact_label	Same reported label	local_private_markers	Local-only markers	1	1	0	12	12	0.666666666667	0.0516237525197	12.9139520885	0.277777777778	0.00885572139303	31.3670411985
hca	0475_10.1101_2021.07.19.452956_e30bf05aad	hca:0475_10.1101_2021.07.19.452956_e30bf05aad	same_exact_label	Same reported label	local_private_markers	Local-only markers	1	1	0	12	12	1	0.0774581474642	12.9101977357	0.03003003003	0.00225538971808	13.3147853736
hca	0476_10.1126_science.abl4896_6d8fed9731	hca:0476_10.1126_science.abl4896_6d8fed9731	same_exact_label	Same reported label	local_private_markers	Local-only markers	1	1	0	12	12	1	0.0774581474642	12.9101977357	0.03003003003	0.00225538971808	13.3147853736
biorxiv	37af1a73-74bd-1014-bb95-96ab82111b0d	biorxiv:37af1a73-74bd-1014-bb95-96ab82111b0d	same_exact_label	Same reported label	local_private_markers	Local-only markers	1	1	0	12	12	0.8	0.0632886861814	12.6404899243	0.222222222222	0.00364179104478	61.0200364299
biorxiv	2439b48c-6d2d-1014-8b64-9f8fdc0d5fe9	biorxiv:2439b48c-6d2d-1014-8b64-9f8fdc0d5fe9	same_exact_label	Same reported label	local_private_markers	Local-only markers	3	6	3	12	9	0.666666666667	0.0540373438816	12.6139310377	0.233333333333	0.00926756352765	24.2391304348
hca	0229_10.15252_msb.20178041_0277072a61	hca:0229_10.15252_msb.20178041_0277072a61	same_exact_label	Same reported label	local_private_markers	Local-only markers	2	7	3	12	9	0.625	0.0835034239998	12.589665132	0.240709459459	0.00538277511962	43.736196815
hca	0405_10.1016_j.ccell.2021.03.007_50f32173d6	hca:0405_10.1016_j.ccell.2021.03.007_50f32173d6	same_exact_label	Same reported label	local_private_markers	Local-only markers	1	12	4	12	8	0.25	0.0202406582664	12.3513769518	0.125	0.010182689428	12.2757352941
biorxiv	6f8501d1-6fb7-1014-a0e2-ce465eab4dbd	biorxiv:6f8501d1-6fb7-1014-a0e2-ce465eab4dbd	same_exact_label	Same reported label	local_private_markers	Local-only markers	1	3	2	12	10	0.666666666667	0.0552750852376	12.0608889846	0.185185185185	0.00318598168061	58.125
biorxiv	1fa7b83f-6da7-1014-a69d-d257852e8dd1	biorxiv:1fa7b83f-6da7-1014-a69d-d257852e8dd1	same_exact_label	Same reported label	local_private_markers	Local-only markers	3	3	2	12	10	0.75	0.0290401891177	12.0170975907	0.351351351351	0.0104788928714	34.1632653061
hca	0041_10.1016_j.xgen.2022.100108_d4824b85dd	hca:0041_10.1016_j.xgen.2022.100108_d4824b85dd	same_exact_label	Same reported label	local_private_markers	Local-only markers	2	7	3	12	9	0.1	0.00446869596972	11.991148611	0.0285714285714	0.000747607655502	23.8857142857
biorxiv	c6b2e62c-6bf8-1014-b389-a9824584e0b5	biorxiv:c6b2e62c-6bf8-1014-b389-a9824584e0b5	same_exact_label	Same reported label	local_private_markers	Local-only markers	2	2	1	12	11	0.416666666667	0.0462166914734	11.8837725126	0.127976190476	0.00627052851597	30.0075391562
hca	0078_10.1038_s41586-021-03570-8_93e4f0be8b	hca:0078_10.1038_s41586-021-03570-8_93e4f0be8b	same_exact_label	Same reported label	local_private_markers	Local-only markers	1	4	2	12	10	0.166666666667	0.0141324722381	11.7931713474	0.0185185185185	0.00159346678618	11.6215277778
hca	0322_10.3389_fonc.2021.719564_a0cfb67753	hca:0322_10.3389_fonc.2021.719564_a0cfb67753	same_exact_label	Same reported label	local_private_markers	Local-only markers	2	7	3	12	9	0.333333333333	0.0170774737712	11.7442107709	0.166666666667	0.00623006379585	17.4166666667
biorxiv	396ad855-6e2e-1014-85f5-9bd33dea0f81	biorxiv:396ad855-6e2e-1014-85f5-9bd33dea0f81	same_exact_label	Same reported label	local_private_markers	Local-only markers	2	3	2	12	10	0.5	0.071780607045	11.6092402372	0.209821428571	0.0100273084144	20.2259934083
hca	0426_10.1038_s41467-019-12464-3_0f8440336d	hca:0426_10.1038_s41467-019-12464-3_0f8440336d	same_exact_label	Same reported label	local_private_markers	Local-only markers	2	11	4	12	8	0.375	0.039352863987	11.1588402166	0.178571428571	0.00669910179641	25.9621848739
biorxiv	e3c9e28c-70c5-1014-9616-aa7d906f9d5d	biorxiv:e3c9e28c-70c5-1014-9616-aa7d906f9d5d	same_exact_label	Same reported label	local_private_markers	Local-only markers	1	1	0	12	12	0.75	0.0678016584667	11.0616763212	0.102941176471	0.00417910447761	24.6323529412
hca	0502_10.1016_j.xcrm.2024.101556_a84a219a11	hca:0502_10.1016_j.xcrm.2024.101556_a84a219a11	same_exact_label	Same reported label	local_private_markers	Local-only markers	2	14	4	12	8	0.166666666667	0.0079622721868	10.875267557	0.125	0.00209769253821	32.0865384615
hca	0001_10.1016_j.celrep.2018.11.086_7aff07407b	hca:0001_10.1016_j.celrep.2018.11.086_7aff07407b	same_exact_label	Same reported label	local_private_markers	Local-only markers	2	7	3	12	9	0.714285714286	0.0893778502159	10.4263364672	0.204931972789	0.00739063568011	24.6777087647
hca	0205_10.1038_s41588-020-0636-z_f39ba80540	hca:0205_10.1038_s41588-020-0636-z_f39ba80540	same_exact_label	Same reported label	local_private_markers	Local-only markers	3	5	3	12	9	1	0.0964380957706	10.3693461802	0.214285714286	0.00777047220562	34.3179487179
biorxiv	c704e998-6f4b-1014-8cb1-c3d28b577fb8	biorxiv:c704e998-6f4b-1014-8cb1-c3d28b577fb8	same_exact_label	Same reported label	local_private_markers	Local-only markers	1	1	0	12	12	0.666666666667	0.0646480799942	10.3122423238	0.222222222222	0.011144278607	19.9404761905
biorxiv	876ca999-6c0e-1014-8ed9-e7563228589e	biorxiv:876ca999-6c0e-1014-8ed9-e7563228589e	same_exact_label	Same reported label	local_private_markers	Local-only markers	3	14	4	12	8	0.5	0.0488011064467	10.2456693384	0.0714285714286	0.00469483568075	19.8630952381
biorxiv	51fac41a-6c0a-1014-9c40-ecb16ebed7ec	biorxiv:51fac41a-6c0a-1014-9c40-ecb16ebed7ec	same_exact_label	Same reported label	local_private_markers	Local-only markers	2	2	1	12	11	0.333333333333	0.0315251410109	9.846233408	0.0459770114943	0.00306061510899	38.4942528736
hca	0506_10.1038_s41591-022-01680-y_160aaf8b86	hca:0506_10.1038_s41591-022-01680-y_160aaf8b86	same_exact_label	Same reported label	local_private_markers	Local-only markers	4	11	4	12	8	0.708333333333	0.0971854670883	9.81176500669	0.22417953668	0.00483532934132	43.0655747914
hca	0379_10.1038_s41698-022-00300-9_7bb9a273c6	hca:0379_10.1038_s41698-022-00300-9_7bb9a273c6	same_exact_label	Same reported label	local_private_markers	Local-only markers	2	6	3	12	9	0.166666666667	0.016833530427	9.77221195166	0.0833333333333	0.00346287992028	14.5434782609
hca	0186_10.1016_j.devcel.2020.01.033_6afe089f1e	hca:0186_10.1016_j.devcel.2020.01.033_6afe089f1e	same_exact_label	Same reported label	local_private_markers	Local-only markers	1	4	2	12	10	0.2	0.0205522474899	9.73129581562	0.0333333333333	0.00346579025993	9.61781609195
hca	0314_10.1016_j.cell.2017.09.004_62170aa227	hca:0314_10.1016_j.cell.2017.09.004_62170aa227	same_exact_label	Same reported label	local_private_markers	Local-only markers	1	1	0	12	12	0.25	0.0258512888608	9.67069771053	0.166666666667	0.00291044776119	57.264957265
hca	0056_10.1038_s41586-018-0449-8_fdcc67f757	hca:0056_10.1038_s41586-018-0449-8_fdcc67f757	same_exact_label	Same reported label	local_private_markers	Local-only markers	7	9	4	12	8	0.5	0.04196966621	9.56041930495	0.0833333333333	0.00411430281269	13.7530864198
hca	0439_10.1038_s41586-019-1404-z_d7516e129c	hca:0439_10.1038_s41586-019-1404-z_d7516e129c	same_exact_label	Same reported label	local_private_markers	Local-only markers	4	7	3	12	9	0.375	0.0272893519854	9.13151308024	0.0654761904762	0.00347637559809	17.4199069767
biorxiv	64ab9878-6ed8-1014-99e3-9a1ae6ef730b	biorxiv:64ab9878-6ed8-1014-99e3-9a1ae6ef730b	same_exact_label	Same reported label	local_private_markers	Local-only markers	1	1	0	12	12	1	0.111069939484	9.00333613794	0.288888888889	0.00786069651741	36.7510548523
biorxiv	f3be1d12-72db-1014-a9a0-ac8d78e3151e	biorxiv:f3be1d12-72db-1014-a9a0-ac8d78e3151e	same_exact_label	Same reported label	local_private_markers	Local-only markers	2	10	4	12	8	0.229166666667	0.0539370669932	8.91517158488	0.142361111111	0.00800658485483	16.718949553
hca	0286_10.1038_s41467-018-06318-7_d818827349	hca:0286_10.1038_s41467-018-06318-7_d818827349	same_exact_label	Same reported label	local_private_markers	Local-only markers	4	10	4	12	8	0.630952380952	0.0511662206784	8.90821793989	0.154761904762	0.00709796040535	27.0179487179
biorxiv	1934a72f-6bf9-1014-9f9e-eb610960180d	biorxiv:1934a72f-6bf9-1014-9f9e-eb610960180d	same_exact_label	Same reported label	local_private_markers	Local-only markers	1	1	0	12	12	0.666666666667	0.0754781376996	8.83257969771	0.0625	0.00497512437811	12.5625
hca	0212_10.1038_s41586-022-04571-x_30a05d7904	hca:0212_10.1038_s41586-022-04571-x_30a05d7904	same_exact_label	Same reported label	local_private_markers	Local-only markers	1	5	3	12	9	0.0869565217391	0.0099873345941	8.70667953695	0.0434782608696	0.00252085553159	17.2474226804
hca	0458_10.1038_s41467-024-55325-4_d40c28a5ea	hca:0458_10.1038_s41467-024-55325-4_d40c28a5ea	same_exact_label	Same reported label	local_private_markers	Local-only markers	1	6	3	12	9	0.2	0.0229941457434	8.69786606697	0.05	0.00585949177877	8.53316326531
hca	0393_10.1038_s42255-022-00531-x_b92878970e	hca:0393_10.1038_s42255-022-00531-x_b92878970e	same_exact_label	Same reported label	local_private_markers	Local-only markers	2	2	1	12	11	0.333333333333	0.039470062359	8.64054324877	0.116666666667	0.00857221061013	14.9230825583
hca	0512_10.1016_j.gastha.2022.12.004_3866b352db	hca:0512_10.1016_j.gastha.2022.12.004_3866b352db	same_exact_label	Same reported label	local_private_markers	Local-only markers	2	3	2	12	10	0.125	0.0109550729072	8.56045471736	0.05	0.00279730723279	13.392
biorxiv	c3556304-707d-1014-b47e-8d7767eb41eb	biorxiv:c3556304-707d-1014-b47e-8d7767eb41eb	same_exact_label	Same reported label	local_private_markers	Local-only markers	1	1	0	12	12	1	0.119226523366	8.38739545335	0.261904761905	0.00915422885572	28.6102484472
hca	0345_10.3389_fimmu.2021.645666_15198bd9bb	hca:0345_10.3389_fimmu.2021.645666_15198bd9bb	same_exact_label	Same reported label	local_private_markers	Local-only markers	4	5	3	12	9	0.5	0.0874613587947	8.29917697111	0.230459770115	0.0068141063957	27.7960375987
biorxiv	cf0d429c-6c7f-1014-a5a8-f09b6915373d	biorxiv:cf0d429c-6c7f-1014-a5a8-f09b6915373d	same_exact_label	Same reported label	local_private_markers	Local-only markers	6	15	4	12	8	0.416666666667	0.018049664828	8.16205700756	0.167824074074	0.00264788169464	32.058790277
biorxiv	96c0ca44-7598-1014-bd6e-c97aae1f298a	biorxiv:96c0ca44-7598-1014-bd6e-c97aae1f298a	same_exact_label	Same reported label	local_private_markers	Local-only markers	2	8	3	12	9	0.875	0.107615718431	8.08918933086	0.341071428571	0.00796440323063	41.3146675692
hca	0293_10.1172_jci.insight.150861_5764a5bfad	hca:0293_10.1172_jci.insight.150861_5764a5bfad	same_exact_label	Same reported label	local_private_markers	Local-only markers	6	11	4	12	8	0.666666666667	0.0829770530211	8.06686001984	0.194050033807	0.0062375249501	32.7708116634
hca	0265_10.1038_s41591-019-0750-6_ba0c7c2ce5	hca:0265_10.1038_s41591-019-0750-6_ba0c7c2ce5	same_exact_label	Same reported label	local_private_markers	Local-only markers	2	6	3	12	9	0.5	0.0323525144233	7.99073820352	0.125	0.00591501174461	11.6145833333
hca	0365_10.3389_fendo.2022.874915_81de77d539	hca:0365_10.3389_fendo.2022.874915_81de77d539	same_exact_label	Same reported label	local_private_markers	Local-only markers	5	9	4	12	8	1	0.126759335964	7.88896527733	0.206896551724	0.0104727707959	29.3157894737
hca	0349_10.1038_s41467-023-36296-4_67ae3c1e19	hca:0349_10.1038_s41467-023-36296-4_67ae3c1e19	same_exact_label	Same reported label	local_private_markers	Local-only markers	1	7	3	12	9	1	0.130147002925	7.68361911936	0.307692307692	0.0112141148325	27.4379487179
hca	0180_10.1016_j.immuni.2019.11.014_dd3bbb9bc1	hca:0180_10.1016_j.immuni.2019.11.014_dd3bbb9bc1	same_exact_label	Same reported label	local_private_markers	Local-only markers	3	3	2	12	10	0.5	0.0899474011355	7.41173906361	0.142857142857	0.00888590203106	24.5660377358
hca	0368_10.1016_j.cell.2019.08.008_98c14c4ebe	hca:0368_10.1016_j.cell.2019.08.008_98c14c4ebe	same_exact_label	Same reported label	local_private_markers	Local-only markers	1	1	0	12	12	1	0.13618317893	7.34305079276	0.264367816092	0.00517412935323	51.0941644562
hca	0474_10.3389_fimmu.2021.689019_ff96e36403	hca:0474_10.3389_fimmu.2021.689019_ff96e36403	same_exact_label	Same reported label	local_private_markers	Local-only markers	9	17	5	12	7	0.6	0.090646759161	7.31406099541	0.0714285714286	0.00564887022595	14.6316585956
biorxiv	d8ee72e2-7047-1014-a159-a9ef37bce7a4	biorxiv:d8ee72e2-7047-1014-a159-a9ef37bce7a4	same_exact_label	Same reported label	local_private_markers	Local-only markers	3	16	4	12	8	1	0.136840166279	7.30779585551	0.246913580247	0.00562218890555	44.1137566138
hca	0370_10.1038_s41698-022-00251-1_1483c4b104	hca:0370_10.1038_s41698-022-00251-1_1483c4b104	same_exact_label	Same reported label	local_private_markers	Local-only markers	5	14	4	12	8	0.333333333333	0.0230383078464	7.08542072222	0.0617283950617	0.00369593447208	16.7017017017
hca	0190_10.1038_s41467-019-14118-w_eee71dc5ea	hca:0190_10.1038_s41467-019-14118-w_eee71dc5ea	same_exact_label	Same reported label	local_private_markers	Local-only markers	1	10	4	12	8	0.75	0.10682072276	7.02110958082	0.135135135135	0.00336725531278	40.1321321321
hca	0095_10.1101_2021.09.16.460628_23a839e09f	hca:0095_10.1101_2021.09.16.460628_23a839e09f	same_exact_label	Same reported label	local_private_markers	Local-only markers	4	9	4	12	8	1	0.179287662878	6.87887775365	0.309523809524	0.0123927787752	20.7326543204
hca	0270_10.1038_s41467-022-30557-4_ba2c76ba96	hca:0270_10.1038_s41467-022-30557-4_ba2c76ba96	same_exact_label	Same reported label	local_private_markers	Local-only markers	2	3	2	12	10	0.45	0.125685451869	6.8410603716	0.139285714286	0.00681999203505	28.0343012422
hca	0077_10.1038_s41587-020-0602-4_e82c5c2835	hca:0077_10.1038_s41587-020-0602-4_e82c5c2835	same_exact_label	Same reported label	local_private_markers	Local-only markers	2	11	4	12	8	1	0.154223361498	6.78809499071	0.294444444444	0.0112275449102	27.5273196735
hca	0152_10.15252_embr.201847483_d14f9b2105	hca:0152_10.15252_embr.201847483_d14f9b2105	same_exact_label	Same reported label	local_private_markers	Local-only markers	1	2	1	12	11	0.25	0.0368550614051	6.78332881479	0.166666666667	0.012466407883	13.369261477
biorxiv	5a3c7d4e-70da-1014-80b6-cd48bfa975fe	biorxiv:5a3c7d4e-70da-1014-80b6-cd48bfa975fe	same_exact_label	Same reported label	local_private_markers	Local-only markers	2	10	4	12	8	0.5	0.0798433656239	6.65910120713	0.116666666667	0.0119225780704	8.74919507576
hca	0375_10.1016_j.jaci.2021.07.025_bdc966c89b	hca:0375_10.1016_j.jaci.2021.07.025_bdc966c89b	same_exact_label	Same reported label	local_private_markers	Local-only markers	4	11	4	12	8	0.875	0.122979040029	6.62627920684	0.159259259259	0.00518962075848	27.8234973643
hca	0350_10.1038_s41421-020-0157-z_3083f6da26	hca:0350_10.1038_s41421-020-0157-z_3083f6da26	same_exact_label	Same reported label	local_private_markers	Local-only markers	3	26	5	12	7	0.142857142857	0.00809834082181	6.23724641624	0.0714285714286	0.00296455424275	24.0942028986
hca	0100_10.1038_s41467-021-22804-x_e7667133b9	hca:0100_10.1038_s41467-021-22804-x_e7667133b9	same_exact_label	Same reported label	local_private_markers	Local-only markers	5	6	3	12	9	0.6	0.161024029543	6.20863514138	0.125	0.00612855007474	33.690647482
biorxiv	b88cbe76-6c0b-1014-a018-e498be98267a	biorxiv:b88cbe76-6c0b-1014-a018-e498be98267a	same_exact_label	Same reported label	local_private_markers	Local-only markers	2	4	2	12	10	0.191666666667	0.132752125333	6.19760250566	0.0541666666667	0.00675480529828	9.2438243568
hca	0169_10.1038_s41586-022-04541-3_a47d9e6ca0	hca:0169_10.1038_s41586-022-04541-3_a47d9e6ca0	same_exact_label	Same reported label	local_private_markers	Local-only markers	1	1	0	12	12	0.666666666667	0.110402864679	6.03849065514	0.111111111111	0.0194029850746	5.7264957265
hca	0431_10.1038_s44161-022-00028-6_b4c8c1227f	hca:0431_10.1038_s44161-022-00028-6_b4c8c1227f	same_exact_label	Same reported label	local_private_markers	Local-only markers	2	2	1	12	11	0.1	0.0306327074495	5.97384001798	0.1	0.00988354732756	11.8758865248
hca	0098_10.1038_s41586-020-03148-w_f50cb505c0	hca:0098_10.1038_s41586-020-03148-w_f50cb505c0	same_exact_label	Same reported label	local_private_markers	Local-only markers	1	2	1	12	11	1	0.172852743728	5.78527119923	0.404761904762	0.0136359112173	29.6835245047
hca	0414_10.1186_s13059-020-02210-0_30c1533a3e	hca:0414_10.1186_s13059-020-02210-0_30c1533a3e	same_exact_label	Same reported label	local_private_markers	Local-only markers	5	13	4	12	8	0.666666666667	0.160204808454	5.76654091657	0.128571428571	0.00659077291791	17.0306122449
biorxiv	307b2bd7-6cb9-1014-a6b4-a58a7220bba3	biorxiv:307b2bd7-6cb9-1014-a6b4-a58a7220bba3	same_exact_label	Same reported label	local_private_markers	Local-only markers	5	6	3	12	9	0.75	0.115623963953	5.76581742982	0.375	0.00762331838565	54.2799188641
hca	0060_10.3389_fcell.2022.872688_ac00c45d48	hca:0060_10.3389_fcell.2022.872688_ac00c45d48	same_exact_label	Same reported label	local_private_markers	Local-only markers	2	12	4	12	8	0.6	0.191187314269	5.5835368566	0.147619047619	0.0099730458221	12.3419117647
hca	0410_10.3389_fcell.2021.820274_b0973e038f	hca:0410_10.3389_fcell.2021.820274_b0973e038f	same_exact_label	Same reported label	local_private_markers	Local-only markers	5	12	4	12	8	1	0.182742977997	5.4721664874	0.271604938272	0.00768693221523	31.2996317375
hca	0402_10.1016_j.cell.2021.04.038_26e3dc6d2f	hca:0402_10.1016_j.cell.2021.04.038_26e3dc6d2f	same_exact_label	Same reported label	local_private_markers	Local-only markers	3	8	3	12	9	0.555555555556	0.0702823097783	5.4557633383	0.261904761905	0.00538438528268	19.8988095238
hca	0184_10.1016_j.cell.2021.07.023_f621bea088	hca:0184_10.1016_j.cell.2021.07.023_f621bea088	same_exact_label	Same reported label	local_private_markers	Local-only markers	5	17	5	12	7	1	0.158814274416	5.41828927725	0.178571428571	0.00709858028394	16.8383838384
hca	0432_10.1172_jci.insight.156341_02dc39adcf	hca:0432_10.1172_jci.insight.156341_02dc39adcf	same_exact_label	Same reported label	local_private_markers	Local-only markers	2	10	4	12	8	0.833333333333	0.156201354216	5.4149023768	0.295454545455	0.0136186770428	22.5882443622
hca	0298_10.1101_2021.07.28.453839_0003c16e5c	hca:0298_10.1101_2021.07.28.453839_0003c16e5c	same_exact_label	Same reported label	local_private_markers	Local-only markers	3	9	4	12	8	0.25	0.0198587416646	5.21835677696	0.125	0.00620885697187	20.1325301205
hca	0264_10.1186_s13059-022-02677-z_ec9d743757	hca:0264_10.1186_s13059-022-02677-z_ec9d743757	same_exact_label	Same reported label	local_private_markers	Local-only markers	5	15	4	12	8	0.5	0.0492566132338	5.13349448905	0.194444444444	0.00884292565947	17.0701754386
hca	0164_10.1177_00220345221147908_13bf485ac8	hca:0164_10.1177_00220345221147908_13bf485ac8	same_exact_label	Same reported label	local_private_markers	Local-only markers	6	9	4	12	8	0.666666666667	0.105250078245	5.06777810819	0.196120689655	0.00634600039896	30.3227133563
biorxiv	a6ffed23-717d-1014-ae02-d2e67f78dddd	biorxiv:a6ffed23-717d-1014-ae02-d2e67f78dddd	same_exact_label	Same reported label	local_private_markers	Local-only markers	3	3	2	12	10	1	0.0673888421765	4.9464172787	0.288288288288	0.00776583034648	29.5466078323
hca	0376_10.1038_s41590-017-0001-2_5fb0775c07	hca:0376_10.1038_s41590-017-0001-2_5fb0775c07	same_exact_label	Same reported label	local_private_markers	Local-only markers	3	6	3	12	9	0.333333333333	0.00953189674714	4.87722482472	0.030303030303	0.00239162929746	4.60743801653
hca	0366_10.1038_s41467-021-22164-6_097f05776f	hca:0366_10.1038_s41467-021-22164-6_097f05776f	same_exact_label	Same reported label	local_private_markers	Local-only markers	8	20	5	12	7	0.0833333333333	0.018714718131	4.82447531198	0.00694444444444	0.0040340738517	4.62638888889
hca	0233_10.1038_s41590-025-02241-4_110ace5bba	hca:0233_10.1038_s41590-025-02241-4_110ace5bba	same_exact_label	Same reported label	local_private_markers	Local-only markers	5	13	4	12	8	0.384615384615	0.0735135532709	4.73892543578	0.0375	0.00329538645896	7.72685185185
hca	0108_10.1038_s41598-017-14676-3_ca30704700	hca:0108_10.1038_s41598-017-14676-3_ca30704700	same_exact_label	Same reported label	local_private_markers	Local-only markers	3	7	3	12	9	0.4	0.140755834292	4.73633416349	0.0833333333333	0.00717703349282	5.97142857143
hca	0485_10.1038_s41467-021-26495-2_5e641690ff	hca:0485_10.1038_s41467-021-26495-2_5e641690ff	same_exact_label	Same reported label	local_private_markers	Local-only markers	2	4	2	12	10	0.0416666666667	0.00534344093965	4.68413569638	0.00833333333333	0.00134448760084	4.64861111111
biorxiv	c8264099-6fc3-1014-9d27-9ae05a0c1d33	biorxiv:c8264099-6fc3-1014-9d27-9ae05a0c1d33	same_exact_label	Same reported label	local_private_markers	Local-only markers	2	2	1	12	11	1	0.246963026143	4.51050221732	0.210732471602	0.011048074052	20.4769208568
hca	0283_10.1161_circulationaha.120.052318_08d58c2441	hca:0283_10.1161_circulationaha.120.052318_08d58c2441	same_exact_label	Same reported label	local_private_markers	Local-only markers	1	7	3	12	9	0.189189189189	0.0422959379861	4.47298719918	0.03003003003	0.00170535367904	17.6092680358
hca	0207_10.1016_j.immuni.2020.11.017_b182001861	hca:0207_10.1016_j.immuni.2020.11.017_b182001861	same_exact_label	Same reported label	local_private_markers	Local-only markers	4	10	4	12	8	0.666666666667	0.0891841402131	4.38188388627	0.226449275362	0.00853038012571	18.6194344691
biorxiv	e6e04172-6c15-1014-9229-c57ac33d21f6	biorxiv:e6e04172-6c15-1014-9229-c57ac33d21f6	same_exact_label	Same reported label	local_private_markers	Local-only markers	2	2	1	12	11	1	0.243660926268	4.36747457091	0.326149425287	0.0113715536976	36.4378697472
hca	0342_10.18632_aging.203124_280d72e18e	hca:0342_10.18632_aging.203124_280d72e18e	same_exact_label	Same reported label	local_private_markers	Local-only markers	1	2	1	12	11	1	0.229661307511	4.35423803356	0.471264367816	0.00895789787996	52.6088122605
hca	0494_10.1038_s41467-021-27895-0_bbe3158fbf	hca:0494_10.1038_s41467-021-27895-0_bbe3158fbf	same_exact_label	Same reported label	local_private_markers	Local-only markers	1	6	3	12	9	1	0.230392129623	4.34042604509	0.202380952381	0.00976581963129	20.7233965015
biorxiv	f96f23ec-83f2-1014-ad76-8d430e749668	biorxiv:f96f23ec-83f2-1014-ad76-8d430e749668	same_exact_label	Same reported label	local_private_markers	Local-only markers	1	1	0	12	12	0.333333333333	0.0771408697167	4.3210989785	0.0123456790123	0.00298507462687	4.13580246914
biorxiv	700d25d7-7306-1014-9c30-ec481bfe1ae1	biorxiv:700d25d7-7306-1014-9c30-ec481bfe1ae1	same_exact_label	Same reported label	local_private_markers	Local-only markers	2	2	1	12	11	0.384615384615	0.0512673944897	4.31328387525	0.0701357466063	0.00418035234398	12.3623481781
hca	0151_10.1038_s41586-022-04718-w_1bf3167cbc	hca:0151_10.1038_s41586-022-04718-w_1bf3167cbc	same_exact_label	Same reported label	local_private_markers	Local-only markers	1	7	3	12	9	0.5	0.117938841756	4.23948541936	0.0357142857143	0.00897129186603	3.98095238095
biorxiv	9f9eded3-6d6e-1014-996d-af8f6f192d54	biorxiv:9f9eded3-6d6e-1014-996d-af8f6f192d54	same_exact_label	Same reported label	local_private_markers	Local-only markers	3	18	5	12	7	0.333333333333	0.111376850969	4.18854849551	0.125	0.00540054005401	15.15
hca	0289_10.1172_jci.insight.93009_72829a2871	hca:0289_10.1172_jci.insight.93009_72829a2871	same_exact_label	Same reported label	local_private_markers	Local-only markers	2	5	3	12	9	0.65	0.155539745103	4.17968168634	0.134656084656	0.00648535564854	20.9853150702
hca	0247_10.1038_s41591-018-0096-5_140f8f392a	hca:0247_10.1038_s41591-018-0096-5_140f8f392a	same_exact_label	Same reported label	local_private_markers	Local-only markers	1	4	2	12	10	0.636363636364	0.154758724208	4.11197261816	0.11038961039	0.012059646359	9.15363577864
hca	0390_10.1038_s41591-020-0901-9_be86edb292	hca:0390_10.1038_s41591-020-0901-9_be86edb292	same_exact_label	Same reported label	local_private_markers	Local-only markers	1	6	3	12	9	0.4	0.0975078082594	4.10223557621	0.1	0.00759342301943	13.1692913386
biorxiv	8060bfa3-6d4f-1014-b2ea-be74caad434f	biorxiv:8060bfa3-6d4f-1014-b2ea-be74caad434f	same_exact_label	Same reported label	local_private_markers	Local-only markers	1	1	0	12	12	0.75	0.182889187062	4.10084386097	0.0625	0.0126119402985	4.95562130178
biorxiv	c245f005-7ab6-1014-adbd-b49bd8bfffbc	biorxiv:c245f005-7ab6-1014-adbd-b49bd8bfffbc	same_exact_label	Same reported label	local_private_markers	Local-only markers	3	7	3	12	9	1	0.243916951048	4.0997560674	0.261904761905	0.0091706539075	28.5590062112
biorxiv	6f28f2e1-6c20-1014-910c-d12c701e7668	biorxiv:6f28f2e1-6c20-1014-910c-d12c701e7668	same_exact_label	Same reported label	local_private_markers	Local-only markers	1	8	3	12	9	0.333333333333	0.0821432483799	4.05795168693	0.155555555556	0.00578322863695	26.8977011494
hca	0140_10.1101_2021.03.01.21252411_572fc1288d	hca:0140_10.1101_2021.03.01.21252411_572fc1288d	same_exact_label	Same reported label	local_private_markers	Local-only markers	3	5	3	12	9	0.5	0.029803699022	3.98136549809	0.208333333333	0.0150179318589	11.5538674033
biorxiv	37132c64-6c91-1014-a7ae-a25544128cc2	biorxiv:37132c64-6c91-1014-a7ae-a25544128cc2	same_exact_label	Same reported label	local_private_markers	Local-only markers	2	4	2	12	10	0.5	0.145447571572	3.96060399709	0.0277777777778	0.0106065132955	3.71888888889
biorxiv	a0900ed8-7609-1014-846c-dd411913591f	biorxiv:a0900ed8-7609-1014-846c-dd411913591f	same_exact_label	Same reported label	local_private_markers	Local-only markers	1	6	3	12	9	1	0.254465286275	3.92980910928	0.261261261261	0.00807174887892	32.3673673674
hca	0215_10.1038_s42003-020-01625-6_cc9e14f4ea	hca:0215_10.1038_s42003-020-01625-6_cc9e14f4ea	same_exact_label	Same reported label	local_private_markers	Local-only markers	2	14	4	12	8	0.8125	0.243673740792	3.88261747345	0.142208614865	0.0105259214864	12.382552751
biorxiv	57ac822b-6c7d-1014-a047-d6c2f45edeb7	biorxiv:57ac822b-6c7d-1014-a047-d6c2f45edeb7	same_exact_label	Same reported label	local_private_markers	Local-only markers	1	1	0	12	12	0.666666666667	0.172680125866	3.86070292296	0.298850574713	0.00666666666667	44.8275862069
hca	0182_10.1126_sciimmunol.abk1741_33c534a538	hca:0182_10.1126_sciimmunol.abk1741_33c534a538	same_exact_label	Same reported label	local_private_markers	Local-only markers	1	2	1	12	11	0.666666666667	0.173801970009	3.83578314234	0.037037037037	0.010749477456	3.44547325103
hca	0394_10.1038_s41591-021-01329-2_7dcc6ae73c	hca:0394_10.1038_s41591-021-01329-2_7dcc6ae73c	same_exact_label	Same reported label	local_private_markers	Local-only markers	4	10	4	12	8	0.125	0.0199514353508	3.78392621003	0.0625	0.00314277162526	24.5661764706
biorxiv	8e460cfc-7020-1014-9694-e5bf39316223	biorxiv:8e460cfc-7020-1014-9694-e5bf39316223	same_exact_label	Same reported label	local_private_markers	Local-only markers	1	1	0	12	12	1	0.273159719889	3.66086185915	0.351351351351	0.00875621890547	40.1259213759
biorxiv	a96dba70-6cf7-1014-a294-bf2ca6d364a0	biorxiv:a96dba70-6cf7-1014-a294-bf2ca6d364a0	same_exact_label	Same reported label	local_private_markers	Local-only markers	3	3	2	12	10	0.0666666666667	0.0147236012405	3.62355134617	0.00606060606061	0.00149342891278	3.53911205074
hca	0427_10.7150_ijbs.58886_44183be8e8	hca:0427_10.7150_ijbs.58886_44183be8e8	same_exact_label	Same reported label	local_private_markers	Local-only markers	8	9	4	12	8	0.05	0.0067819328668	3.61984950273	0.025	0.00157091561939	3.7466367713
hca	0219_10.1016_j.cell.2020.06.026_35457f0d2b	hca:0219_10.1016_j.cell.2020.06.026_35457f0d2b	same_exact_label	Same reported label	local_private_markers	Local-only markers	1	1	0	12	12	0.545454545455	0.152386827563	3.57940744733	0.0909090909091	0.0104748982361	8.67875647668
biorxiv	7a206a01-6c0e-1014-b046-f87c164ca53d	biorxiv:7a206a01-6c0e-1014-b046-f87c164ca53d	same_exact_label	Same reported label	local_private_markers	Local-only markers	2	5	3	12	9	0.166666666667	0.0249048352958	3.55947764412	0.0277777777778	0.00473201833034	3.48541666667
hca	0086_10.1186_s13059-018-1603-1_27b7304530	hca:0086_10.1186_s13059-018-1603-1_27b7304530	same_exact_label	Same reported label	local_private_markers	Local-only markers	1	1	0	12	12	0.666666666667	0.191332712051	3.48433187154	0.126126126126	0.00606965174129	20.7797961896
hca	0047_10.15252_embj.2020107333_a4d0f57474	hca:0047_10.15252_embj.2020107333_a4d0f57474	same_exact_label	Same reported label	local_private_markers	Local-only markers	6	14	4	12	8	0.325	0.0838429949279	3.47487294965	0.0778846153846	0.0068774348217	9.20759368836
hca	0407_10.1093_humrep_deac183_7b0f560d74	hca:0407_10.1093_humrep_deac183_7b0f560d74	same_exact_label	Same reported label	local_private_markers	Local-only markers	3	5	3	12	9	0.2	0.0430665158146	3.41520920657	0.133333333333	0.00846782227535	11.9286987522
biorxiv	39510275-6e7f-1014-81d5-da3b7edd0de0	biorxiv:39510275-6e7f-1014-81d5-da3b7edd0de0	same_exact_label	Same reported label	local_private_markers	Local-only markers	1	1	0	12	12	0.2	0.0597187753863	3.34903049679	0.00869565217391	0.00286567164179	3.03442028986
biorxiv	b01f00d1-6e6e-1014-8e4a-e846f4b1debe	biorxiv:b01f00d1-6e6e-1014-8e4a-e846f4b1debe	same_exact_label	Same reported label	local_private_markers	Local-only markers	5	5	3	12	9	0.0833333333333	0.069012773975	3.34386255583	0.00757575757576	0.00491465763432	3.17758784425
biorxiv	ba2fe3cc-7145-1014-8950-ece91a9c7114	biorxiv:ba2fe3cc-7145-1014-8950-ece91a9c7114	same_exact_label	Same reported label	local_private_markers	Local-only markers	1	1	0	12	12	1	0.301173245666	3.32034805345	0.261261261261	0.00965174129353	27.0688213987
biorxiv	ab05f819-6c04-1014-81aa-9646e853264a	biorxiv:ab05f819-6c04-1014-81aa-9646e853264a	same_exact_label	Same reported label	local_private_markers	Local-only markers	3	10	4	12	8	1	0.223392247173	3.28025918399	0.173913043478	0.00927865908411	18.7433380084
biorxiv	5200cce7-72d7-1014-98f6-994ae061fa4b	biorxiv:5200cce7-72d7-1014-98f6-994ae061fa4b	same_exact_label	Same reported label	local_private_markers	Local-only markers	1	3	2	12	10	0.666666666667	0.211826084677	3.14723593973	0.188405797101	0.0109518120271	17.2031620553
biorxiv	3912ca11-6e98-1014-9c67-9a3ee3e3b07f	biorxiv:3912ca11-6e98-1014-9c67-9a3ee3e3b07f	same_exact_label	Same reported label	local_private_markers	Local-only markers	1	1	0	12	12	0.428571428571	0.1434688754	2.98720839189	0.153439153439	0.00601279317697	25.5187811925
hca	0137_10.1084_jem.20221350_7ac74dedfd	hca:0137_10.1084_jem.20221350_7ac74dedfd	same_exact_label	Same reported label	local_private_markers	Local-only markers	1	1	0	12	12	1	0.335417803606	2.98135635392	0.309523809524	0.0146268656716	21.1613216715
hca	0111_10.1038_s41586-020-2157-4_a7b8710c09	hca:0111_10.1038_s41586-020-2157-4_a7b8710c09	same_exact_label	Same reported label	local_private_markers	Local-only markers	1	4	2	12	10	1	0.339382235492	2.94653018167	0.481481481481	0.0152375261428	31.5984023239
hca	0080_10.1126_sciadv.abf1444_8cb053b6ed	hca:0080_10.1126_sciadv.abf1444_8cb053b6ed	same_exact_label	Same reported label	local_private_markers	Local-only markers	4	7	3	12	9	0.380952380952	0.0647300734554	2.92528502172	0.166666666667	0.00321471291866	30.962962963
hca	0239_10.1038_s41467-021-24607-6_2a0350c2e5	hca:0239_10.1038_s41467-021-24607-6_2a0350c2e5	same_exact_label	Same reported label	local_private_markers	Local-only markers	3	7	3	12	9	1	0.102452836139	2.86416624434	0.309523809524	0.00837320574163	20.1632653061
hca	0403_10.1038_s41467-019-11036-9_eff650140f	hca:0403_10.1038_s41467-019-11036-9_eff650140f	same_exact_label	Same reported label	local_private_markers	Local-only markers	2	12	4	12	8	0.5	0.0920616600419	2.83804255389	0.0978835978836	0.00503358576135	13.2244701349
hca	0185_10.1038_s41598-019-45842-4_2aeb7a4d45	hca:0185_10.1038_s41598-019-45842-4_2aeb7a4d45	same_exact_label	Same reported label	local_private_markers	Local-only markers	1	1	0	12	12	0.7	0.303958990747	2.30294224322	0.139285714286	0.0134328358209	10.369047619
hca	0466_10.1038_s41467-020-18957-w_ce0dae83ad	hca:0466_10.1038_s41467-020-18957-w_ce0dae83ad	same_exact_label	Same reported label	local_private_markers	Local-only markers	1	1	0	12	12	0.0909090909091	0.0398764519977	2.27976879473	0.0454545454545	0.00689280868385	6.59448818898
hca	0197_10.3389_fmed.2022.869284_8494fa8c76	hca:0197_10.3389_fmed.2022.869284_8494fa8c76	same_exact_label	Same reported label	local_private_markers	Local-only markers	4	8	3	12	9	0.142857142857	0.0182793411734	2.23092300174	0.00793650793651	0.00218651624574	3.20210727969
biorxiv	8a79edc5-6e0d-1014-bd87-aa1de4068967	biorxiv:8a79edc5-6e0d-1014-bd87-aa1de4068967	same_exact_label	Same reported label	local_private_markers	Local-only markers	3	4	2	12	10	0.25	0.117984107785	2.11892944477	0.0714285714286	0.00844039438303	10.531366765
hca	0149_10.1038_s41368-023-00238-z_c77e60a0ab	hca:0149_10.1038_s41368-023-00238-z_c77e60a0ab	same_exact_label	Same reported label	local_private_markers	Local-only markers	3	11	4	12	8	0.333333333333	0.0283825473224	1.95477406715	0.0833333333333	0.00738522954092	11.2837837838
hca	0343_10.1038_s41597-019-0351-8_0cf4fb36a1	hca:0343_10.1038_s41597-019-0351-8_0cf4fb36a1	same_exact_label	Same reported label	local_private_markers	Local-only markers	1	3	2	12	10	1	0.542417405121	1.84359865771	0.135135135135	0.020908004779	6.46332046332
biorxiv	50c888ca-6c09-1014-89ca-dc13eaf87e62	biorxiv:50c888ca-6c09-1014-89ca-dc13eaf87e62	same_exact_label	Same reported label	local_private_markers	Local-only markers	3	4	2	12	10	0	0.0524964888782	1.80634391094	0	0.00537795040335	1.63109161793
hca	0382_10.1371_journal.pbio.3002124_f92c982127	hca:0382_10.1371_journal.pbio.3002124_f92c982127	same_exact_label	Same reported label	local_private_markers	Local-only markers	2	7	3	12	9	0.0384615384615	0.0185939964316	1.7228013149	0.00769230769231	0.00377254324623	1.68888888889
hca	0003_10.3389_fimmu.2021.645988_480a5ea7f6	hca:0003_10.3389_fimmu.2021.645988_480a5ea7f6	same_exact_label	Same reported label	local_private_markers	Local-only markers	4	7	3	12	9	0.1	0.0362874944817	1.63108265623	0.0296296296296	0.00363337320574	7.74074074074
hca	0228_10.1128_mbio.02583-20_5085db2792	hca:0228_10.1128_mbio.02583-20_5085db2792	same_exact_label	Same reported label	local_private_markers	Local-only markers	8	8	3	12	9	0.416666666667	0.0510232572507	1.54314881937	0.0982947232947	0.00501046963805	9.29375064272
hca	0453_10.1038_s41586-022-05060-x_14fb298894	hca:0453_10.1038_s41586-022-05060-x_14fb298894	same_exact_label	Same reported label	local_private_markers	Local-only markers	3	6	3	12	9	0.25	0.0631272105909	1.38732085978	0.0892857142857	0.00757349277529	11.7121848739
biorxiv	e3312584-7421-1014-b0a7-823d4471ccf1	biorxiv:e3312584-7421-1014-b0a7-823d4471ccf1	same_exact_label	Same reported label	local_private_markers	Local-only markers	4	8	3	12	9	0.3	0.029307441973	1.26563450649	0.0892857142857	0.0112872669259	5.01650660264
hca	0355_10.3389_fgene.2021.745483_5f4326fce7	hca:0355_10.3389_fgene.2021.745483_5f4326fce7	same_exact_label	Same reported label	local_private_markers	Local-only markers	3	5	3	12	9	0	0.0188361746978	1.22698113586	0	0.00637577206615	5.23303096653
hca	0460_10.1016_j.cell.2021.08.003_652ffcecb6	hca:0460_10.1016_j.cell.2021.08.003_652ffcecb6	same_exact_label	Same reported label	local_private_markers	Local-only markers	1	1	0	12	12	0.333333333333	0.279795051164	1.19134820987	0.0119047619048	0.0121393034826	0.980679156909
biorxiv	de5904ff-71b0-1014-b1f7-fe7935302eab	biorxiv:de5904ff-71b0-1014-b1f7-fe7935302eab	same_exact_label	Same reported label	local_private_markers	Local-only markers	1	1	0	12	12	0.363636363636	0.308813677452	1.17752674246	0.00982800982801	0.0103934871099	0.945593112695
hca	0309_10.1101_721258_f9cb0ad906	hca:0309_10.1101_721258_f9cb0ad906	same_exact_label	Same reported label	local_private_markers	Local-only markers	6	6	3	12	9	0.333333333333	0.0506208544807	0.920780661914	0.0215517241379	0.00336322869955	2.37908961593
biorxiv	2696a317-6c07-1014-9562-d326b0aa508e	biorxiv:2696a317-6c07-1014-9562-d326b0aa508e	same_exact_label	Same reported label	local_private_markers	Local-only markers	2	4	2	12	10	0.0454545454545	0.0484632065653	0.539976332741	0.00454545454545	0.00659568496437	0.510213414634
biorxiv	9ea3f9c1-6d62-1014-8a0f-e0eee23ad569	biorxiv:9ea3f9c1-6d62-1014-8a0f-e0eee23ad569	same_exact_label	Same reported label	local_private_markers	Local-only markers	2	2	1	12	11	0.0625	0.156142273818	0.400139176575	0.00347222222222	0.0113528914104	0.359180609181
biorxiv	013a7c23-7117-1014-9b42-823175dea768	biorxiv:013a7c23-7117-1014-9b42-823175dea768	same_exact_label	Same reported label	local_private_markers	Local-only markers	1	1	0	12	12	0	0.00214747159724	0	0	0.00107462686567	0
biorxiv	01e5e65d-751c-1014-a8e3-b5f1d7a951ab	biorxiv:01e5e65d-751c-1014-a8e3-b5f1d7a951ab	same_exact_label	Same reported label	local_private_markers	Local-only markers	2	5	3	12	9	0	0.00935884563326	0	0	0.0027126087534	0
biorxiv	06056998-6fcf-1014-a978-d2cf5726c0ad	biorxiv:06056998-6fcf-1014-a978-d2cf5726c0ad	same_exact_label	Same reported label	local_private_markers	Local-only markers	1	1	0	12	12	0	0.0369549178982	0	0	0.00134328358209	0
biorxiv	09d40fbc-6c3d-1014-b39f-eee50a07ad3b	biorxiv:09d40fbc-6c3d-1014-b39f-eee50a07ad3b	same_exact_label	Same reported label	local_private_markers	Local-only markers	3	6	3	12	9	0	0.0204887066109	0	0	0.00189337319382	0
biorxiv	0bd28b37-6e2e-1014-871e-a496f0a6bacd	biorxiv:0bd28b37-6e2e-1014-871e-a496f0a6bacd	same_exact_label	Same reported label	local_private_markers	Local-only markers	2	7	3	12	9	0	0.00617811803068	0	0	0.00310257177033	0
biorxiv	0e94bf21-6c7c-1014-b6a7-bcc9b09c8181	biorxiv:0e94bf21-6c7c-1014-b6a7-bcc9b09c8181	same_exact_label	Same reported label	local_private_markers	Local-only markers	1	15	4	12	8	0	0.00433895239923	0	0	0.00217326139089	0
biorxiv	1219c420-6c6a-1014-afb9-e13c88e111ed	biorxiv:1219c420-6c6a-1014-afb9-e13c88e111ed	same_exact_label	Same reported label	local_private_markers	Local-only markers	1	4	2	12	10	0	0.00905166022772	0	0	0.0045413803406	0
biorxiv	1b938bfc-6db4-1014-bcdd-aff1924d9f72	biorxiv:1b938bfc-6db4-1014-bcdd-aff1924d9f72	same_exact_label	Same reported label	local_private_markers	Local-only markers	1	2	1	12	11	0	0.117967951719	0	0	0.011346670648	0
biorxiv	1d26f338-6e4a-1014-b712-c54808557510	biorxiv:1d26f338-6e4a-1014-b712-c54808557510	same_exact_label	Same reported label	local_private_markers	Local-only markers	1	6	3	12	9	0	0.000597758368878	0	0	0.000298953662182	0
biorxiv	1e500b21-6c04-1014-adde-c104b14bbdad	biorxiv:1e500b21-6c04-1014-adde-c104b14bbdad	same_exact_label	Same reported label	local_private_markers	Local-only markers	1	4	2	12	10	0	0.0213492770469	0	0	0.0107559008067	0
biorxiv	1efd9fbe-6f02-1014-8df4-f37a8d806beb	biorxiv:1efd9fbe-6f02-1014-8df4-f37a8d806beb	same_exact_label	Same reported label	local_private_markers	Local-only markers	1	2	1	12	11	0	0.046445004629	0	0	0.00209017617199	0
biorxiv	345515b9-73b8-1014-926f-ccb5414f8f48	biorxiv:345515b9-73b8-1014-926f-ccb5414f8f48	same_exact_label	Same reported label	local_private_markers	Local-only markers	1	1	0	12	12	0	0.00238597205868	0	0	0.00119402985075	0
biorxiv	38f92858-6c77-1014-a70a-b9d4e7b85d53	biorxiv:38f92858-6c77-1014-a70a-b9d4e7b85d53	same_exact_label	Same reported label	local_private_markers	Local-only markers	2	3	2	12	10	0	0.0349028186177	0	0	0.00258861011549	0
biorxiv	416666f2-6cf5-1014-99b7-f739c447cf39	biorxiv:416666f2-6cf5-1014-99b7-f739c447cf39	same_exact_label	Same reported label	local_private_markers	Local-only markers	1	1	0	12	12	0	0.0150636023205	0	0	0.00380597014925	0
biorxiv	55d0fee5-7079-1014-8ef3-9aa3522a8f21	biorxiv:55d0fee5-7079-1014-8ef3-9aa3522a8f21	same_exact_label	Same reported label	local_private_markers	Local-only markers	1	4	2	12	10	0	0.0172433231996	0	0	0.00438203366199	0
biorxiv	611722dd-8008-1014-b70e-fa0b81b0ac37	biorxiv:611722dd-8008-1014-b70e-fa0b81b0ac37	same_exact_label	Same reported label	local_private_markers	Local-only markers	1	6	3	12	9	0	0.011405228428	0	0	0.00286995515695	0
biorxiv	7883a920-6c54-1014-9611-e2c343a4c7dc	biorxiv:7883a920-6c54-1014-9611-e2c343a4c7dc	same_exact_label	Same reported label	local_private_markers	Local-only markers	1	5	3	12	9	0	0.0109999664157	0	0	0.00552898983861	0
biorxiv	88b6dd17-6fa5-1014-96e8-90837e572e81	biorxiv:88b6dd17-6fa5-1014-96e8-90837e572e81	same_exact_label	Same reported label	local_private_markers	Local-only markers	1	4	2	12	10	0	0.026602079763	0	0	0.00537795040335	0
biorxiv	8f45ef4c-6d70-1014-815c-a556cc0c38ce	biorxiv:8f45ef4c-6d70-1014-815c-a556cc0c38ce	same_exact_label	Same reported label	local_private_markers	Local-only markers	3	3	2	12	10	0	0.148993322919	0	0	0.0089605734767	0
biorxiv	9912495b-7074-1014-acf9-d95bb2127278	biorxiv:9912495b-7074-1014-acf9-d95bb2127278	same_exact_label	Same reported label	local_private_markers	Local-only markers	1	1	0	12	12	0	0.00228105822733	0	0	9.95024875622e-05	0
biorxiv	9d923a25-6c34-1014-a848-e326c14e92ee	biorxiv:9d923a25-6c34-1014-a848-e326c14e92ee	same_exact_label	Same reported label	local_private_markers	Local-only markers	3	7	3	12	9	0	0.0778807949898	0	0	0.00452836637047	0
biorxiv	9e5c18fc-76e5-1014-9f81-96148d260e0f	biorxiv:9e5c18fc-76e5-1014-9f81-96148d260e0f	same_exact_label	Same reported label	local_private_markers	Local-only markers	1	4	2	12	10	0	0.0806583708892	0	0	0.0104571257843	0
biorxiv	ab2a1489-7001-1014-b2bf-f5e47d205c33	biorxiv:ab2a1489-7001-1014-b2bf-f5e47d205c33	same_exact_label	Same reported label	local_private_markers	Local-only markers	1	2	1	12	11	0	0.0131785761009	0	0	0.00441922962078	0
biorxiv	ae5f009e-6d7a-1014-8ed6-cd1c0d2e0ada	biorxiv:ae5f009e-6d7a-1014-8ed6-cd1c0d2e0ada	same_exact_label	Same reported label	local_private_markers	Local-only markers	2	5	3	12	9	0	0.0301737385404	0	0	0.00214186092847	0
biorxiv	b9f9eea1-7c5b-1014-87f0-cbc500249f07	biorxiv:b9f9eea1-7c5b-1014-87f0-cbc500249f07	same_exact_label	Same reported label	local_private_markers	Local-only markers	2	2	1	12	11	0	0.00208461174545	0	0	0.000348362695332	0
biorxiv	bb35967a-6c41-1014-8bd7-fd658527e3eb	biorxiv:bb35967a-6c41-1014-8bd7-fd658527e3eb	same_exact_label	Same reported label	local_private_markers	Local-only markers	1	1	0	12	12	0	0.0108691365693	0	0	0.00365671641791	0
biorxiv	bb90a40e-70a1-1014-887a-db6e99ca95cb	biorxiv:bb90a40e-70a1-1014-887a-db6e99ca95cb	same_exact_label	Same reported label	local_private_markers	Local-only markers	10	12	4	12	8	0	0.00610784324439	0	0	0.00062893081761	0
biorxiv	d95eb71e-714d-1014-9dc7-c3da2c2efb45	biorxiv:d95eb71e-714d-1014-9dc7-c3da2c2efb45	same_exact_label	Same reported label	local_private_markers	Local-only markers	1	3	2	12	10	0	0.0118916730543	0	0	0.00597371565114	0
biorxiv	dd32f357-70c5-1014-bad0-ccf1b5b647f4	biorxiv:dd32f357-70c5-1014-bad0-ccf1b5b647f4	same_exact_label	Same reported label	local_private_markers	Local-only markers	1	7	3	12	9	0	0.00198986851849	0	0	0.000498405103668	0
biorxiv	e91c125a-709d-1014-bc43-9d192767cd15	biorxiv:e91c125a-709d-1014-bc43-9d192767cd15	same_exact_label	Same reported label	local_private_markers	Local-only markers	2	4	2	12	10	0	0.025033081346	0	0	0.00182999701225	0
biorxiv	ebaf49e5-7438-1014-8951-c3e925f71d14	biorxiv:ebaf49e5-7438-1014-8951-c3e925f71d14	same_exact_label	Same reported label	local_private_markers	Local-only markers	3	5	3	12	9	0	0.0145440932904	0	0	0.0013448894202	0
biorxiv	f29672cc-6d87-1014-b915-87fbd4bb053f	biorxiv:f29672cc-6d87-1014-b915-87fbd4bb053f	same_exact_label	Same reported label	local_private_markers	Local-only markers	1	5	3	12	9	0	0.0278666470801	0	0	0.0015690376569	0
hca	0011_10.1038_s41413-021-00163-z_07f1a1af96	hca:0011_10.1038_s41413-021-00163-z_07f1a1af96	same_exact_label	Same reported label	local_private_markers	Local-only markers	4	17	5	12	7	0	0.0079168521454	0	0	0.00224955008998	0
hca	0013_10.1016_j.cell.2022.01.012_62a71f9225	hca:0013_10.1016_j.cell.2022.01.012_62a71f9225	same_exact_label	Same reported label	local_private_markers	Local-only markers	1	2	1	12	11	0	0.0129534930229	0	0	0.00650940579277	0
hca	0015_10.1126_science.aay3224_2393e60089	hca:0015_10.1126_science.aay3224_2393e60089	same_exact_label	Same reported label	local_private_markers	Local-only markers	2	4	2	12	10	0	0.014362666821	0	0	0.00332387212429	0
hca	0021_10.1038_s41586-023-06806-x_7900919dd3	hca:0021_10.1038_s41586-023-06806-x_7900919dd3	same_exact_label	Same reported label	local_private_markers	Local-only markers	1	9	4	12	8	0	0.00149534907624	0	0	0.000748055056852	0
hca	0032_10.15252_msb.20209682_ea064ade0e	hca:0032_10.15252_msb.20209682_ea064ade0e	same_exact_label	Same reported label	local_private_markers	Local-only markers	1	5	3	12	9	0	0.0279901008977	0	0	0.00946403666069	0
hca	0033_10.26508_lsa.202000744_340b92b825	hca:0033_10.26508_lsa.202000744_340b92b825	same_exact_label	Same reported label	local_private_markers	Local-only markers	1	4	2	12	10	0	0.000716738694329	0	0	0.00035853002689	0
hca	0036_10.1016_j.cell.2021.10.024_2ce0b899c4	hca:0036_10.1016_j.cell.2021.10.024_2ce0b899c4	same_exact_label	Same reported label	local_private_markers	Local-only markers	1	2	1	12	11	0	0.00920755523458	0	0	0.00231412361899	0
hca	0039_10.1016_j.isci.2021.102405_1f6d3fbc60	hca:0039_10.1016_j.isci.2021.102405_1f6d3fbc60	same_exact_label	Same reported label	local_private_markers	Local-only markers	1	9	4	12	8	0	0.00786042763978	0	0	0.00393975663275	0
hca	0040_10.1016_j.xcrm.2021.100219_d37660c408	hca:0040_10.1016_j.xcrm.2021.100219_d37660c408	same_exact_label	Same reported label	local_private_markers	Local-only markers	4	15	4	12	8	0	0.0195961034849	0	0	0.00301633693046	0
hca	0042_10.1126_sciadv.aau4788_744a251f24	hca:0042_10.1126_sciadv.aau4788_744a251f24	same_exact_label	Same reported label	local_private_markers	Local-only markers	7	18	5	12	7	0	0.0196484907798	0	0	0.00532553255326	0
hca	0073_10.1016_j.isci.2021.102482_6ff6d432ab	hca:0073_10.1016_j.isci.2021.102482_6ff6d432ab	same_exact_label	Same reported label	local_private_markers	Local-only markers	3	5	3	12	9	0	0.0186317364905	0	0	0.0010460251046	0
hca	0085_10.1073_pnas.2200914119_3dd916fb05	hca:0085_10.1073_pnas.2200914119_3dd916fb05	same_exact_label	Same reported label	local_private_markers	Local-only markers	1	23	5	12	7	0	0.00539647951295	0	0	0.000901442307692	0
hca	0091_10.1101_2025.06.19.660575_df9b499d76	hca:0091_10.1101_2025.06.19.660575_df9b499d76	same_exact_label	Same reported label	local_private_markers	Local-only markers	1	2	1	12	11	0	0.0278944272021	0	0	0.00477754553598	0
hca	0094_10.1073_pnas.2404775121_07bae216d2	hca:0094_10.1073_pnas.2404775121_07bae216d2	same_exact_label	Same reported label	local_private_markers	Local-only markers	2	18	5	12	7	0	0.0128079527125	0	0	0.00643814381438	0
hca	0099_10.1126_sciimmunol.abl9165_5f9974d5f2	hca:0099_10.1126_sciimmunol.abl9165_5f9974d5f2	same_exact_label	Same reported label	local_private_markers	Local-only markers	3	19	5	12	7	0	0.0185176411501	0	0	0.00530212084834	0
hca	0120_10.1038_s41467-022-34255-z_c90043e943	hca:0120_10.1038_s41467-022-34255-z_c90043e943	same_exact_label	Same reported label	local_private_markers	Local-only markers	1	8	3	12	9	0	0.00358636889902	0	0	0.00179479509423	0
hca	0142_10.1016_j.immuni.2023.01.032_b86bd8b65d	hca:0142_10.1016_j.immuni.2023.01.032_b86bd8b65d	same_exact_label	Same reported label	local_private_markers	Local-only markers	1	4	2	12	10	0	0.49166463593	0	0	0.0182252763669	0
hca	0157_10.1126_science.abg0928_3795ca9b86	hca:0157_10.1126_science.abg0928_3795ca9b86	same_exact_label	Same reported label	local_private_markers	Local-only markers	1	1	0	12	12	0	0.0665100427657	0	0	0.00435820895522	0
hca	0163_10.1126_sciimmunol.abb4432_91494cf647	hca:0163_10.1126_sciimmunol.abb4432_91494cf647	same_exact_label	Same reported label	local_private_markers	Local-only markers	1	6	3	12	9	0	0.0101307307831	0	0	0.0050822122571	0
hca	0165_10.1111_cpr.13557_b323e8d65a	hca:0165_10.1111_cpr.13557_b323e8d65a	same_exact_label	Same reported label	local_private_markers	Local-only markers	3	5	3	12	9	0	0.00385749009037	0	0	0.000298864315601	0
hca	0167_10.1073_pnas.1520760112_985a5e340f	hca:0167_10.1073_pnas.1520760112_985a5e340f	same_exact_label	Same reported label	local_private_markers	Local-only markers	1	13	4	12	8	0	0.0011979633546	0	0	0.000599161174356	0
hca	0171_10.1016_j.cell.2021.05.013_6d846f218b	hca:0171_10.1016_j.cell.2021.05.013_6d846f218b	same_exact_label	Same reported label	local_private_markers	Local-only markers	1	1	0	12	12	0	0.000895076854533	0	0	0.00044776119403	0
hca	0191_10.1126_sciimmunol.abh3768_bc0f7a7105	hca:0191_10.1126_sciimmunol.abh3768_bc0f7a7105	same_exact_label	Same reported label	local_private_markers	Local-only markers	1	5	3	12	9	0	0.00279506045356	0	0	0.000933950986252	0
hca	0198_10.1038_s41467-021-27619-4_12529026b3	hca:0198_10.1038_s41467-021-27619-4_12529026b3	same_exact_label	Same reported label	local_private_markers	Local-only markers	2	5	3	12	9	0	0.0137216820661	0	0	0.00383542538354	0
hca	0223_10.1126_science.abo7257_14645ac97f	hca:0223_10.1126_science.abo7257_14645ac97f	same_exact_label	Same reported label	local_private_markers	Local-only markers	1	9	4	12	8	0	0.0344232991867	0	0	0.00209455415919	0
hca	0251_10.1038_s41588-023-01298-x_c85e8d4857	hca:0251_10.1038_s41588-023-01298-x_c85e8d4857	same_exact_label	Same reported label	local_private_markers	Local-only markers	3	4	2	12	10	0	0.0280457802195	0	0	0.00577631709989	0
hca	0259_10.1038_s41590-019-0425-y_86ec5764bb	hca:0259_10.1038_s41590-019-0425-y_86ec5764bb	same_exact_label	Same reported label	local_private_markers	Local-only markers	4	9	4	12	8	0	0.0540284866374	0	0	0.0102732894474	0
hca	0274_10.1016_j.isci.2021.103592_3ec037cca1	hca:0274_10.1016_j.isci.2021.103592_3ec037cca1	same_exact_label	Same reported label	local_private_markers	Local-only markers	5	9	4	12	8	0	0.0207567026407	0	0	0.00698184719729	0
hca	0275_10.1016_j.cell.2020.08.001_8e5789b307	hca:0275_10.1016_j.cell.2020.08.001_8e5789b307	same_exact_label	Same reported label	local_private_markers	Local-only markers	1	7	3	12	9	0	0.0195006731105	0	0	0.00657894736842	0
hca	0278_10.1007_s10911-020-09466-z_d1b799dcf6	hca:0278_10.1007_s10911-020-09466-z_d1b799dcf6	same_exact_label	Same reported label	local_private_markers	Local-only markers	2	8	3	12	9	0	0.00702367206294	0	0	0.00302663941237	0
hca	0285_10.26502_fccm.92920277_c5e967ab20	hca:0285_10.26502_fccm.92920277_c5e967ab20	same_exact_label	Same reported label	local_private_markers	Local-only markers	1	1	0	12	12	0	0.032571832256	0	0	0.00553595658073	0
hca	0290_10.1101_235499_566cff6e3c	hca:0290_10.1101_235499_566cff6e3c	same_exact_label	Same reported label	local_private_markers	Local-only markers	3	29	5	12	7	0	0.0161455674169	0	0	0.00270921131848	0
hca	0292_10.1371_journal.pone.0225466_ac5a0b0b14	hca:0292_10.1371_journal.pone.0225466_ac5a0b0b14	same_exact_label	Same reported label	local_private_markers	Local-only markers	1	1	0	12	12	0	0.0364314684731	0	0	0.00465671641791	0
hca	0300_10.1186_s13287-023-03256-0_d71fd1c1ed	hca:0300_10.1186_s13287-023-03256-0_d71fd1c1ed	same_exact_label	Same reported label	local_private_markers	Local-only markers	3	3	2	12	10	0	0.049177144064	0	0	0.010752688172	0
hca	0302_10.1016_j.isci.2022.104772_3e028c0be0	hca:0302_10.1016_j.isci.2022.104772_3e028c0be0	same_exact_label	Same reported label	local_private_markers	Local-only markers	3	19	5	12	7	0	0.0510977296337	0	0	0.00870348139256	0
hca	0313_10.1016_j.celrep.2022.110467_a2771a8ae7	hca:0313_10.1016_j.celrep.2022.110467_a2771a8ae7	same_exact_label	Same reported label	local_private_markers	Local-only markers	1	4	2	12	10	0	0.0109378752143	0	0	0.00184244597152	0
hca	0334_10.1681_asn.2018020125_804c4742d9	hca:0334_10.1681_asn.2018020125_804c4742d9	same_exact_label	Same reported label	local_private_markers	Local-only markers	1	1	0	12	12	0	0.0100478244434	0	0	0.00169154228856	0
hca	0338_10.3389_fnmol.2020.00134_d9eafa03d0	hca:0338_10.3389_fnmol.2020.00134_d9eafa03d0	same_exact_label	Same reported label	local_private_markers	Local-only markers	4	4	2	12	10	0	0.0282369432304	0	0	0.00200606086474	0
hca	0347_10.1186_s12943-021-01419-2_236ba26890	hca:0347_10.1186_s12943-021-01419-2_236ba26890	same_exact_label	Same reported label	local_private_markers	Local-only markers	3	4	2	12	10	0	0.0177518020665	0	0	0.00612488795937	0
hca	0353_10.1016_j.neuron.2017.02.014_ebc3a9c467	hca:0353_10.1016_j.neuron.2017.02.014_ebc3a9c467	same_exact_label	Same reported label	local_private_markers	Local-only markers	2	10	4	12	8	0	0.00761164556095	0	0	0.0032175995211	0
hca	0354_10.1172_jci128475_002a5124c6	hca:0354_10.1172_jci128475_002a5124c6	same_exact_label	Same reported label	local_private_markers	Local-only markers	1	1	0	12	12	0	0.204922656787	0	0	0.0163184079602	0
hca	0363_10.1016_j.omtn.2021.03.017_8083e53d24	hca:0363_10.1016_j.omtn.2021.03.017_8083e53d24	same_exact_label	Same reported label	local_private_markers	Local-only markers	1	3	2	12	10	0	0.0179269044825	0	0	0.00139386698526	0
hca	0384_10.1038_s41422-021-00529-2_d6c8237ebe	hca:0384_10.1038_s41422-021-00529-2_d6c8237ebe	same_exact_label	Same reported label	local_private_markers	Local-only markers	1	22	5	12	7	0	0.00539485773208	0	0	0.00180234304596	0
hca	0397_10.1186_s13059-023-03111-8_05defe1911	hca:0397_10.1186_s13059-023-03111-8_05defe1911	same_exact_label	Same reported label	local_private_markers	Local-only markers	1	3	2	12	10	0	0.00417297701345	0	0	0.0020908004779	0
hca	0398_10.3389_fimmu.2022.1034159_e51dfc8bb5	hca:0398_10.3389_fimmu.2022.1034159_e51dfc8bb5	same_exact_label	Same reported label	local_private_markers	Local-only markers	1	6	3	12	9	0	0.00497478555996	0	0	0.00249128051819	0
hca	0400_10.1038_s41467-022-35297-z_0eab5d0ba9	hca:0400_10.1038_s41467-022-35297-z_0eab5d0ba9	same_exact_label	Same reported label	local_private_markers	Local-only markers	1	14	4	12	8	0	0.000898666845553	0	0	0.000449505543902	0
hca	0422_10.1038_s41591-020-1040-z_d966e12866	hca:0422_10.1038_s41591-020-1040-z_d966e12866	same_exact_label	Same reported label	local_private_markers	Local-only markers	2	4	2	12	10	0	0.0394113471749	0	0	0.00666019320785	0
hca	0438_10.1016_j.celrep.2023.112086_4947038a16	hca:0438_10.1016_j.celrep.2023.112086_4947038a16	same_exact_label	Same reported label	local_private_markers	Local-only markers	3	6	3	12	9	0	0.00416850340154	0	0	0.000418535127055	0
hca	0442_10.1038_s41591-024-03011-9_e42f5ec07c	hca:0442_10.1038_s41591-024-03011-9_e42f5ec07c	same_exact_label	Same reported label	local_private_markers	Local-only markers	3	6	3	12	9	0	0.00927136302358	0	0	0.00186846038864	0
hca	0463_10.7554_elife.81525_0f73520e7f	hca:0463_10.7554_elife.81525_0f73520e7f	same_exact_label	Same reported label	local_private_markers	Local-only markers	1	4	2	12	10	0	0.00119420774449	0	0	0.000298775022408	0
hca	0464_10.1126_science.aat5031_cfde7f776b	hca:0464_10.1126_science.aat5031_cfde7f776b	same_exact_label	Same reported label	local_private_markers	Local-only markers	1	5	3	12	9	0	0.00773029612398	0	0	0.00388523610281	0
hca	0482_10.1016_j.devcel.2022.04.003_a4b7ddcf39	hca:0482_10.1016_j.devcel.2022.04.003_a4b7ddcf39	same_exact_label	Same reported label	local_private_markers	Local-only markers	1	4	2	12	10	0	0.0169541794166	0	0	0.00428244198785	0
hca	0486_10.1016_j.xfss.2022.09.001_c256ed6917	hca:0486_10.1016_j.xfss.2022.09.001_c256ed6917	same_exact_label	Same reported label	local_private_markers	Local-only markers	8	12	4	12	8	0	0.0137827669822	0	0	0.00164719976041	0
hca	0488_10.1073_pnas.1908706116_5dfd6c0233	hca:0488_10.1073_pnas.1908706116_5dfd6c0233	same_exact_label	Same reported label	local_private_markers	Local-only markers	5	6	3	12	9	0	0.0124180457114	0	0	0.00119581464873	0
hca	0491_10.1016_j.celrep.2018.09.006_befb59b9fa	hca:0491_10.1016_j.celrep.2018.09.006_befb59b9fa	same_exact_label	Same reported label	local_private_markers	Local-only markers	1	12	4	12	8	0	0.00388580204309	0	0	0.00194669062594	0
hca	0500_10.1073_pnas.2306153120_5c49b25904	hca:0500_10.1073_pnas.2306153120_5c49b25904	same_exact_label	Same reported label	local_private_markers	Local-only markers	4	19	5	12	7	0	0.0139107717613	0	0	0.00367647058824	0
hca	0514_10.1016_j.stemcr.2021.12.008_8ef526797f	hca:0514_10.1016_j.stemcr.2021.12.008_8ef526797f	same_exact_label	Same reported label	local_private_markers	Local-only markers	1	5	3	12	9	0	0.00566765895098	0	0	0.00283921099821	0
hca	0515_10.1084_jem.20201189_d8d9a9e257	hca:0515_10.1084_jem.20201189_d8d9a9e257	same_exact_label	Same reported label	local_private_markers	Local-only markers	1	5	3	12	9	0	0.00378099980385	0	0	0.00189280733214	0
hca	0396_10.7554_elife.62522_10df7c4591	hca:0396_10.7554_elife.62522_10df7c4591	same_exact_label	Same reported label	local_private_markers	Local-only markers	1	4	2	12	10	0	0	NA	0	0	NA
