source_corpus	paper_id	paper_key	n_profiles	n_genes	n_distinct_marker_signatures	n_duplicate_profile_signatures	all_profiles_locally_identifiable	information_lower_bound_log2	greedy_local_panel_size	greedy_local_panel_genes	n_pairs	mean_jaccard	median_jaccard	q25_jaccard	q75_jaccard	pct_jaccard_eq_0	pct_jaccard_ge_0_10	pct_jaccard_ge_0_25	pct_jaccard_eq_1	mean_shared_genes
hca	0148_10.1113_jp287812_fd3137bc12	hca:0148_10.1113_jp287812_fd3137bc12	30	89	28	3	False	5	26	ASPM; VWF; COL1A2; CLEC4C; PTPRB; IBSP; MSR1; ABCC9; FBLN1; ITGA8; CXCL2; MMP9; C6; NAMPT; CLNK; GNLY; IL1R2; IL18R1; PROX1; COL4A2; BLK; SKAP1; DCN; CUX2; CENPE	435	0.0146360153256705	0.0	0.0	0.0	0.9770114942528736	0.022988505747126436	0.01839080459770115	0.006896551724137931	0.05517241379310345
hca	0364_10.1161_circulationaha.120.046528_00aa2deb4c	hca:0364_10.1161_circulationaha.120.046528_00aa2deb4c	29	109	27	4	False	5	22	MYL9; FOS; COL1A2; TXNIP; TUBA1B; CCL4; MGP; MERTK; VCAN; TNFRSF9; IL4R; CREM; VWF; KLRB1; PDGFRB; GNLY; FLT3; DNAJA1; NFKB1; STMN1; MYH11; FBN1	406	0.013488598156085841	0.0	0.0	0.0	0.9556650246305419	0.03201970443349754	0.022167487684729065	0.0049261083743842365	0.0812807881773399
hca	0290_10.1101_235499_566cff6e3c	hca:0290_10.1101_235499_566cff6e3c	29	100	28	2	False	5	20	TCF21; PAX2; GATA3; CTGF; KDR; COL3A1; TNNI1; ROBO2; PECAM1; DCN; TYROBP; COL9A3; HBG1; CDH1; WT1; CDH6; MYOG; MEIS1; MEF2C; ELAVL4	406	0.013956661154937015	0.0	0.0	0.0	0.9187192118226601	0.04926108374384237	0.007389162561576354	0.0024630541871921183	0.10837438423645321
hca	0090_10.1038_s41586-021-03852-1_eec89a5e36	hca:0090_10.1038_s41586-021-03852-1_eec89a5e36	27	123	27	0	True	5	26	CCL20; CCL21; CFTR; SOX8; TFAP2B; CLDN11; CLCA1; BEST2; ANO2; GAL; TRPM5; CHGB; CPA1; OLFM4; CA2; CALCA; RBP2; AKAP7; EFNB2; TPH1; TOP2A; ITGB7; NXPH2; SELE; PROX1	351	0.0007733007733007734	0.0	0.0	0.0	0.9943019943019943	0.002849002849002849	0.0	0.0	0.005698005698005698
hca	0089_10.1038_s41586-020-2797-4_6e65d21b5d	hca:0089_10.1038_s41586-020-2797-4_6e65d21b5d	26	106	26	0	True	5	25	ALDH1A2; CNN1; CD38; CX3CL1; SEMA3G; DCN; NRXN3; TNC; IL4R; MYH7; TREM2; MSLN; CRYAB; VWF; BACH2; ADGRL2; PRX; PROX1; TNNT2; GPAM; LYVE1; SOX5; FHL1; HAMP; CDH13	325	0.0007472527472527472	0.0	0.0	0.0	0.9938461538461538	0.006153846153846154	0.0	0.0	0.006153846153846154
hca	0350_10.1038_s41421-020-0157-z_3083f6da26	hca:0350_10.1038_s41421-020-0157-z_3083f6da26	26	155	26	0	True	5	21	CXCR6; IL7R; GZMB; VCAN; MYC; CXCR5; FGR; ICA1; ZBTB32; TYROBP; CD74; CHI3L2; IL4R; CCR7; IKZF2; COCH; LTB; LYZ; LGALS1; GZMK; STMN1	325	0.01314317413628844	0.0	0.0	0.0	0.9230769230769231	0.04	0.009230769230769232	0.0	0.1723076923076923
biorxiv	219b21d9-7007-1014-9157-ab439216a355	biorxiv:219b21d9-7007-1014-9157-ab439216a355	24	70	23	2	False	5	21	ACTA2; POSTN; GPNMB; MX1; TNFRSF11B; MSMO1; CDH19; FBLN1; BIRC5; ITGA6; MYBL2; RARRES2; PTGDS; VWF; CDC20; ITGA8; STMN1; CD276; OAS2; RERGL; STEAP4	276	0.010645272601794343	0.0	0.0	0.0	0.9637681159420289	0.036231884057971016	0.018115942028985508	0.0036231884057971015	0.06159420289855073
hca	0465_10.1016_j.cell.2020.12.016_af8ed7d941	hca:0465_10.1016_j.cell.2020.12.016_af8ed7d941	24	85	24	0	True	5	21	VIM; BMP5; NEUROD1; NPY; THY1; TGFBR3; CEACAM1; FCN1; CCDC80; WFDC2; CD79A; PHOX2B; CTSC; KLRB1; SMOC2; SLC5A7; CCR7; CPA3; TOP2A; CHGA; BEST4	276	0.003109903381642512	0.0	0.0	0.0	0.9818840579710145	0.018115942028985508	0.0	0.0	0.021739130434782608
hca	0109_10.7554_elife.91792.1_056dda27be	hca:0109_10.7554_elife.91792.1_056dda27be	24	78	24	0	True	5	20	FCGR3A; ITGAE; ACTA2; RORC; TYROBP; FCN1; GNLY; FOXP3; TRPM5; LYZ; CRYAB; APOC3; CR2; BATF3; EFNB2; CLEC10A; MERTK; NOTCH3; NCR2; CD3D	276	0.008804922935357718	0.0	0.0	0.0	0.9637681159420289	0.036231884057971016	0.010869565217391304	0.0	0.05434782608695652
hca	0085_10.1073_pnas.2200914119_3dd916fb05	hca:0085_10.1073_pnas.2200914119_3dd916fb05	23	102	23	0	True	5	18	BCAS1; KRT12; DCN; NOTCH3; KRT14; COL15A1; JAG1; ATP1A2; CDH19; TYR; KRT15; DCT; PTPRC; BIRC5; RARRES1; PAX6; SELE; CEMIP	253	0.01395525659879727	0.0	0.0	0.0	0.924901185770751	0.05928853754940711	0.011857707509881422	0.0	0.09881422924901186
hca	0384_10.1038_s41422-021-00529-2_d6c8237ebe	hca:0384_10.1038_s41422-021-00529-2_d6c8237ebe	22	64	22	0	True	5	16	BCL11B; EOMES; IL7R; PTGDR2; TCF7; NRP1; CD34; ITGAE; GATA3; RORC; HSP90AA1; NFIL3; PTGS2; MECOM; GZMB; KRT81	231	0.01977661588051198	0.0	0.0	0.0	0.9004329004329005	0.07792207792207792	0.012987012987012988	0.0	0.12987012987012986
hca	0284_10.1002_hep4.1854_fe09f5fe1e	hca:0284_10.1002_hep4.1854_fe09f5fe1e	21	82	20	2	False	5	18	KRT7; ACTA2; RBP1; FGFR3; AOX1; MARCO; LYZ; CYP3A5; IL32; DCN; APOC3; KRT18; CNN2; TGFB1; VWF; PROX1; IL6; PIGR	210	0.02995498645211162	0.0	0.0	0.0	0.8952380952380953	0.08571428571428572	0.03333333333333333	0.004761904761904762	0.2619047619047619
biorxiv	e2efdcad-73c4-1014-9c6c-8a89f519fd2d	biorxiv:e2efdcad-73c4-1014-9c6c-8a89f519fd2d	21	93	20	2	False	5	15	CCR7; CTLA4; CD69; PRF1; CCL3; VIM; VCAN; TIGIT; COL11A1; ACTA2; GZMK; STAT1; TNFRSF1B; TCF7; C3	210	0.029062581655749355	0.0	0.0	0.0	0.8904761904761904	0.0761904761904762	0.0380952380952381	0.004761904761904762	0.28095238095238095
hca	0307_10.1038_s41419-021-03724-6_32b837a8da	hca:0307_10.1038_s41419-021-03724-6_32b837a8da	21	33	13	12	False	4	10	HLA-C; KRT14; KRT1; PTPRC; SOX10; COL1A1; CD200; ABCC3; CD34; HLA-DRA	210	0.1314474678760393	0.0	0.0	0.0	0.7571428571428571	0.24285714285714285	0.1619047619047619	0.06666666666666667	0.6238095238095238
hca	0481_10.1016_j.immuni.2023.01.002_2da3d3f446	hca:0481_10.1016_j.immuni.2023.01.002_2da3d3f446	20	81	20	0	True	5	18	CD79A; CD3D; CLCA1; ERBB3; PAG1; FCN1; CHGB; OLFM4; NKG7; COL1A1; KRT18; RBP2; IL1R1; SDC1; BMP4; CPA3; TOP2A; C1QC	190	0.0017862838915470493	0.0	0.0	0.0	0.9894736842105263	0.005263157894736842	0.005263157894736842	0.0	0.021052631578947368
biorxiv	446f40c7-6f7f-1014-8708-b70b3848c315	biorxiv:446f40c7-6f7f-1014-8708-b70b3848c315	20	68	20	0	True	5	17	TFF2; CHGB; PGA4; TFF3; CD4; ADAM28; MYLK; CDH17; CXCL2; OLFM4; SFRP1; PLAT; ATP4A; PGC; RERGL; MAOB; STMN1	190	0.008157894736842104	0.0	0.0	0.0	0.9578947368421052	0.042105263157894736	0.005263157894736842	0.0	0.05263157894736842
hca	0366_10.1038_s41467-021-22164-6_097f05776f	hca:0366_10.1038_s41467-021-22164-6_097f05776f	20	97	19	2	False	5	12	GZMB; ENTPD1; BTLA; TCF7; CD40LG; IFNG; IL2; RORC; GZMA; TOX2; TNFSF8; GZMK	190	0.030030105848242585	0.0	0.0	0.0	0.7947368421052632	0.10526315789473684	0.02631578947368421	0.005263157894736842	0.3894736842105263
hca	0500_10.1073_pnas.2306153120_5c49b25904	hca:0500_10.1073_pnas.2306153120_5c49b25904	19	51	18	2	False	5	17	WIF1; MMRN1; AQP4; CD163; SLC7A2; SEMA3G; NGFR; WFDC1; PRX; CASQ2; FGF10; PLP1; VCAN; ADGRG6; SOX9; PAX8; DACH1	171	0.018908382066276805	0.0	0.0	0.0	0.9590643274853801	0.04093567251461988	0.029239766081871343	0.005847953216374269	0.07602339181286549
hca	0099_10.1126_sciimmunol.abl9165_5f9974d5f2	hca:0099_10.1126_sciimmunol.abl9165_5f9974d5f2	19	63	16	6	False	4	13	GZMB; CCR7; CTLA4; C1QC; ITGAE; AREG; IL23A; LAG3; NR4A1; FSCN1; NKG7; CD68; CLEC10A	171	0.03826506501945098	0.0	0.0	0.0	0.8713450292397661	0.07602339181286549	0.04093567251461988	0.017543859649122806	0.2982456140350877
hca	0302_10.1016_j.isci.2022.104772_3e028c0be0	hca:0302_10.1016_j.isci.2022.104772_3e028c0be0	19	61	15	7	False	4	12	DGAT2; TREM2; PDGFRB; PPARG; CD34; CD38; MLXIPL; CMA1; LGMN; RAPGEF3; NKG7; HLA-DPA1	171	0.04226770630279402	0.0	0.0	0.0	0.8947368421052632	0.08187134502923976	0.04678362573099415	0.029239766081871343	0.2046783625730994
hca	0243_10.1038_s41586-023-05915-x_2f4aafa6a2	hca:0243_10.1038_s41586-023-05915-x_2f4aafa6a2	18	70	18	0	True	5	17	GCG; NFIX; CD4; CLCA1; SYT1; TRPM5; CDH19; NOTCH3; RFX3; ACTA2; WNT5B; HAND1; AMPD1; PPARG; KLF4; SCGN; HDC	153	0.0021786492374727667	0.0	0.0	0.0	0.9934640522875817	0.006535947712418301	0.006535947712418301	0.0	0.013071895424836602
hca	0124_10.1126_science.aba6500_a77c502bf7	hca:0124_10.1126_science.aba6500_a77c502bf7	18	88	18	0	True	5	16	RGS1; ICAM1; COL1A1; C1QC; IL7R; IFNG; CFLAR; FOXP3; GZMB; CNFN; CCND1; SELE; MARCO; MMP2; GATA3; NR4A1	153	0.00735199056998365	0.0	0.0	0.0	0.954248366013072	0.0392156862745098	0.006535947712418301	0.0	0.0718954248366013
hca	0042_10.1126_sciadv.aau4788_744a251f24	hca:0042_10.1126_sciadv.aau4788_744a251f24	18	146	18	0	True	5	14	ACTA2; PERP; CD74; LYVE1; GZMA; HPGD; IFNGR1; BDKRB1; CP; OGN; CD9; CHI3L2; GZMB; PAGE4	153	0.01606042494617739	0.0	0.0	0.0	0.9019607843137255	0.05228758169934641	0.0196078431372549	0.0	0.26143790849673204
hca	0094_10.1073_pnas.2404775121_07bae216d2	hca:0094_10.1073_pnas.2404775121_07bae216d2	18	82	18	0	True	5	14	FOXJ1; MYH11; RUNX3; FOXM1; IHH; EPCAM; MEOX1; FOXC1; COL1A1; SCGB2A2; PROX1; E2F2; MCAM; PAX8	153	0.019831629880649487	0.0	0.0	0.0	0.9150326797385621	0.06535947712418301	0.032679738562091505	0.0	0.16993464052287582
biorxiv	9f9eded3-6d6e-1014-996d-af8f6f192d54	biorxiv:9f9eded3-6d6e-1014-996d-af8f6f192d54	18	64	18	0	True	5	12	CD69; PRDM1; IFNG; CD57; KLRB1; IL1B; CD83; S100A8; GZMA; TRAF5; RORC; CCR4	153	0.03242954661639783	0.0	0.0	0.0	0.8562091503267973	0.1111111111111111	0.05228758169934641	0.0	0.27450980392156865
hca	0184_10.1016_j.cell.2021.07.023_f621bea088	hca:0184_10.1016_j.cell.2021.07.023_f621bea088	17	72	17	0	True	5	14	IFIT3; VCAN; CXCL2; EGR1; KRT7; IFI6; FOXJ1; CD79B; CD2; CP; TBX21; FTL; CTSD; IL1B	136	0.013383028650056514	0.0	0.0	0.0	0.9264705882352942	0.058823529411764705	0.014705882352941176	0.0	0.09558823529411764
hca	0474_10.3389_fimmu.2021.689019_ff96e36403	hca:0474_10.3389_fimmu.2021.689019_ff96e36403	17	82	17	0	True	5	14	XCL1; GNLY; CCR7; CCL4; FCGR3A; TNFRSF9; FSCN1; FCN1; BIRC5; CPVL; CLEC4A; CD4; GZMH; KLRB1	136	0.015026285633870776	0.0	0.0	0.0	0.9264705882352942	0.058823529411764705	0.014705882352941176	0.0	0.13970588235294118
hca	0011_10.1038_s41413-021-00163-z_07f1a1af96	hca:0011_10.1038_s41413-021-00163-z_07f1a1af96	17	53	15	4	False	4	12	IBSP; PRRX1; SOX9; PRG4; COL2A1; NGFR; MCAM; CEMIP; DLX5; HOXA7; TGFB1; SOX4	136	0.02945314489432136	0.0	0.0	0.0	0.9338235294117647	0.051470588235294115	0.04411764705882353	0.014705882352941176	0.16911764705882354
biorxiv	d2042444-7138-1014-94ac-a1f590fd3173	biorxiv:d2042444-7138-1014-94ac-a1f590fd3173	16	55	16	0	True	4	15	CCND1; S100A8; KRT19; TIGIT; TGFB1; APOC3; BATF3; PTPRB; TGFBR1; PPARG; IL32; SIRPG; KRT18; JCHAIN; PTTG1	120	0.022152777777777778	0.0	0.0	0.0	0.95	0.05	0.03333333333333333	0.0	0.18333333333333332
biorxiv	d8ee72e2-7047-1014-a159-a9ef37bce7a4	biorxiv:d8ee72e2-7047-1014-a159-a9ef37bce7a4	16	50	16	0	True	4	15	DCN; IGKC; MSR1; SCARB1; NOTCH3; ENO1; COL16A1; COL1A1; VWF; KRT18; CD83; EFNB2; JCHAIN; LUM; CAPS	120	0.005000000000000001	0.0	0.0	0.0	0.9833333333333333	0.016666666666666666	0.008333333333333333	0.0	0.025
hca	0479_10.1016_j.xcrm.2022.100657_bf09154d98	hca:0479_10.1016_j.xcrm.2022.100657_bf09154d98	16	67	16	0	True	4	13	CD69; CD44; RORC; CD1C; CD83; CD68; ZBTB32; CD79A; AICDA; LYZ; AHR; IFNG; BATF3	120	0.011709656084656083	0.0	0.0	0.0	0.9333333333333333	0.058333333333333334	0.008333333333333333	0.0	0.11666666666666667
biorxiv	cf0d429c-6c7f-1014-a5a8-f09b6915373d	biorxiv:cf0d429c-6c7f-1014-a5a8-f09b6915373d	15	53	15	0	True	4	14	TP63; MYL9; LRMP; CFTR; LTF; SPOCK2; CDC20; PI3; FOXJ1; SFTPD; NOTCH3; MCAM; CRYM; FOXN4	105	0.006689342403628119	0.0	0.0	0.0	0.9714285714285714	0.01904761904761905	0.01904761904761905	0.0	0.047619047619047616
hca	0049_10.1038_s41586-023-06252-9_3d2f22d6e6	hca:0049_10.1038_s41586-023-06252-9_3d2f22d6e6	15	52	15	0	True	4	14	CCL20; DCN; LTF; WISP2; CXCL2; PGR; RGS1; CD79A; TFPI2; SOX4; RNASE1; CNN1; CCR6; CD36	105	0.0019047619047619048	0.0	0.0	0.0	0.9904761904761905	0.009523809523809525	0.0	0.0	0.009523809523809525
biorxiv	6ca25eee-7853-1014-8aed-fc8cff0a87e5	biorxiv:6ca25eee-7853-1014-8aed-fc8cff0a87e5	15	41	14	2	False	4	13	ACTA2; SCGB3A2; LTF; HDAC9; ABCB1; GNLY; IL1R2; MUC5B; DACH2; MS4A2; TP63; SCGB1A1; PCDH15	105	0.018095238095238095	0.0	0.0	0.0	0.9714285714285714	0.02857142857142857	0.02857142857142857	0.009523809523809525	0.06666666666666667
hca	0264_10.1186_s13059-022-02677-z_ec9d743757	hca:0264_10.1186_s13059-022-02677-z_ec9d743757	15	46	15	0	True	4	13	FAP; LAG3; GZMH; ANTXR1; COL1A1; MARCO; TCF7; KRT18; PDGFRB; CD9; FOXP3; APOE; KLRG1	105	0.015918367346938776	0.0	0.0	0.0	0.9523809523809523	0.047619047619047616	0.02857142857142857	0.0	0.09523809523809523
hca	0480_10.1038_s41590-019-0398-x_7e5ee33388	hca:0480_10.1038_s41590-019-0398-x_7e5ee33388	15	75	15	0	True	4	13	TYROBP; OAS3; CD163; TCF7; PRDM1; IL4R; ITGAE; MMP2; CD200; GZMB; STAB1; NFKB1; IFIT3	105	0.010506424792139079	0.0	0.0	0.0	0.9523809523809523	0.0380952380952381	0.009523809523809525	0.0	0.08571428571428572
biorxiv	0e94bf21-6c7c-1014-b6a7-bcc9b09c8181	biorxiv:0e94bf21-6c7c-1014-b6a7-bcc9b09c8181	15	51	15	0	True	4	12	BMP4; ETV1; SMOC2; LYZ; TOP2A; CD9; SLC12A2; CHGB; APOA4; CD44; IGFBP2; PROX1	105	0.02565759637188209	0.0	0.0	0.0	0.9238095238095239	0.0761904761904762	0.047619047619047616	0.0	0.1619047619047619
hca	0389_10.1038_s41591-024-02807-z_9d82b71a18	hca:0389_10.1038_s41591-024-02807-z_9d82b71a18	15	65	15	0	True	4	12	TP63; PAX2; SMOC2; SOX9; SIX2; LAMP3; EZR; ABCC1; CDH1; SLC41A3; CD44; NPHS2	105	0.01388133030990174	0.0	0.0	0.0	0.9333333333333333	0.0380952380952381	0.02857142857142857	0.0	0.13333333333333333
hca	0040_10.1016_j.xcrm.2021.100219_d37660c408	hca:0040_10.1016_j.xcrm.2021.100219_d37660c408	15	48	15	0	True	4	11	FOXA1; IGF1; TP63; MKI67; TCF4; EPCAM; KRT17; CD44; TPX2; SFRP1; CD93	105	0.02405552119837834	0.0	0.0	0.0	0.8952380952380953	0.09523809523809523	0.0380952380952381	0.0	0.1523809523809524
hca	0068_10.1093_ibd_izac201_351dddd961	hca:0068_10.1093_ibd_izac201_351dddd961	14	42	14	0	True	4	13	OLFM4; S100A8; SPIB; CHGB; LYZ; NKG7; ACTA2; KRT18; SPINK4; LRMP; IL1B; TOP2A; JCHAIN	91	0.006227106227106227	0.0	0.0	0.0	0.967032967032967	0.03296703296703297	0.0	0.0	0.03296703296703297
hca	0400_10.1038_s41467-022-35297-z_0eab5d0ba9	hca:0400_10.1038_s41467-022-35297-z_0eab5d0ba9	14	68	14	0	True	4	13	FCN1; PLVAP; LYVE1; CD9; VIM; VCAN; SLC4A4; GZMH; CD40LG; STAB1; CXCL12; CLU; CXCR4	91	0.013226059654631082	0.0	0.0	0.0	0.967032967032967	0.03296703296703297	0.03296703296703297	0.0	0.10989010989010989
hca	0421_10.1101_2022.02.14.480397_c10e165496	hca:0421_10.1101_2022.02.14.480397_c10e165496	14	81	14	0	True	4	13	ZAP70; CFH; ANLN; IL4R; CADPS2; MT3; SLC17A7; POU6F2; SOX6; CUX2; TNR; GNLY; FGF13	91	0.006593406593406593	0.0	0.0	0.0	0.989010989010989	0.01098901098901099	0.01098901098901099	0.0	0.06593406593406594
hca	0502_10.1016_j.xcrm.2024.101556_a84a219a11	hca:0502_10.1016_j.xcrm.2024.101556_a84a219a11	14	40	14	0	True	4	13	PREX2; NPR3; FUT8; CCDC85A; DGKG; ABCC9; SLC4A4; PIK3R3; PLVAP; POSTN; KLF2; ARHGAP18; PCDH7	91	0.016483516483516484	0.0	0.0	0.0	0.978021978021978	0.02197802197802198	0.02197802197802198	0.0	0.06593406593406594
biorxiv	876ca999-6c0e-1014-8ed9-e7563228589e	biorxiv:876ca999-6c0e-1014-8ed9-e7563228589e	14	51	14	0	True	4	11	MPO; ITGA2B; CD79B; MPEG1; KLF1; SELL; PRK2; IL2RB; LYZ; HBG1; CD33	91	0.013330716902145472	0.0	0.0	0.0	0.9230769230769231	0.06593406593406594	0.01098901098901099	0.0	0.08791208791208792
hca	0047_10.15252_embj.2020107333_a4d0f57474	hca:0047_10.15252_embj.2020107333_a4d0f57474	14	51	14	0	True	4	11	CD68; PDGFRB; HAVCR2; MRC1; COL3A1; SNAI2; PGR; VWF; TYROBP; FOXP3; GADD45	91	0.01924860853432282	0.0	0.0	0.0	0.9120879120879121	0.07692307692307693	0.02197802197802198	0.0	0.15384615384615385
hca	0083_10.1126_sciimmunol.adz8650_c0046d094c	hca:0083_10.1126_sciimmunol.adz8650_c0046d094c	14	61	14	0	True	4	11	IRF4; S100A9; MAF; LAMP3; ID2; CD1C; VCAN; PTGS2; ACP5; CCL22; MYCL	91	0.020347951803995762	0.0	0.0	0.0	0.8681318681318682	0.10989010989010989	0.02197802197802198	0.0	0.1978021978021978
hca	0113_10.1101_2021.04.28.441762_c83625bbe4	hca:0113_10.1101_2021.04.28.441762_c83625bbe4	14	46	13	2	False	4	11	CD5L; S100A8; CCR9; CCL3; CD38; TBX21; NFKBIA; CCL22; ITGAE; AICDA; LYVE1	91	0.022252747252747253	0.0	0.0	0.0	0.945054945054945	0.054945054945054944	0.03296703296703297	0.01098901098901099	0.0989010989010989
hca	0123_10.1371_journal.pone.0267704_5a8157f0f3	hca:0123_10.1371_journal.pone.0267704_5a8157f0f3	14	53	13	2	False	4	11	S100A4; GGT5; PROM1; STAB1; TCF7; SLC13A1; GZMB; FOSB; HAVCR1; WISP2; IFIT2	91	0.021703296703296706	0.0	0.0	0.0	0.9340659340659341	0.06593406593406594	0.02197802197802198	0.01098901098901099	0.17582417582417584
hca	0370_10.1038_s41698-022-00251-1_1483c4b104	hca:0370_10.1038_s41698-022-00251-1_1483c4b104	14	50	13	2	False	4	11	CDH17; MYL9; POSTN; CXCL2; CHGA; OLFM4; CDX1; PTPRB; RBP4; PDGFRB; HES6	91	0.018123543123543126	0.0	0.0	0.0	0.9340659340659341	0.054945054945054944	0.01098901098901099	0.01098901098901099	0.08791208791208792
biorxiv	9f961596-7f11-1014-8c2f-a898bdc06a6d	biorxiv:9f961596-7f11-1014-8c2f-a898bdc06a6d	14	34	14	0	True	4	9	HESX1; FST; PAX6; SOX1; STMN2; ZIC3; FGF8; LHX5; WNT5A	91	0.048957788243502526	0.0	0.0	0.0	0.7912087912087912	0.2087912087912088	0.054945054945054944	0.0	0.27472527472527475
hca	0215_10.1038_s42003-020-01625-6_cc9e14f4ea	hca:0215_10.1038_s42003-020-01625-6_cc9e14f4ea	14	52	12	3	False	4	9	IFNG; CLEC10A; CD1C; CTLA4; CD4; CXCL2; TCF7; GZMK; STMN1	91	0.046180803323660466	0.0	0.0	0.0	0.8901098901098901	0.10989010989010989	0.03296703296703297	0.03296703296703297	0.18681318681318682
biorxiv	2db922a0-7010-1014-aa5e-9a5620278c90	biorxiv:2db922a0-7010-1014-aa5e-9a5620278c90	13	42	13	0	True	4	12	ITGB1; CFH; TEX1; SMC1B; DYNLL1; RHOXF1; AMH; F3; ASB9; TMIGD3; TCF3; SMCP	78	0.015863765863765866	0.0	0.0	0.0	0.9615384615384616	0.038461538461538464	0.01282051282051282	0.0	0.15384615384615385
hca	0372_10.1016_j.ccell.2021.10.009_d6ab4790aa	hca:0372_10.1016_j.ccell.2021.10.009_d6ab4790aa	13	61	13	0	True	4	11	GZMB; IL22RA2; CSF1R; CXCL13; ENO1; FSCN1; TCF7; TREM2; FCGR2B; CTSG; CD207	78	0.0055611055611055615	0.0	0.0	0.0	0.9487179487179487	0.038461538461538464	0.0	0.0	0.05128205128205128
biorxiv	9aa22010-6e01-1014-bc26-9535140d955f	biorxiv:9aa22010-6e01-1014-bc26-9535140d955f	13	38	12	2	False	4	10	NR2F2; PAX8; AMH; KRT18; DCN; PERP; KITLG; NPHS2; TCF21; PLAU	78	0.06347410759175465	0.0	0.0	0.0	0.8076923076923077	0.19230769230769232	0.10256410256410256	0.01282051282051282	0.38461538461538464
hca	0414_10.1186_s13059-020-02210-0_30c1533a3e	hca:0414_10.1186_s13059-020-02210-0_30c1533a3e	13	58	13	0	True	4	10	NR1H3; MYC; SPI1; STAT1; CD4; DCN; VCAN; MTA3; MYLK; TCF7	78	0.014926882234574545	0.0	0.0	0.0	0.9102564102564102	0.05128205128205128	0.01282051282051282	0.0	0.14102564102564102
hca	0454_10.1038_s41586-023-05869-0_c19e7dab1e	hca:0454_10.1038_s41586-023-05869-0_c19e7dab1e	13	92	13	0	True	4	10	FLT4; TP63; EFNB1; CXCL16; PLAC8; ITGA2; LZTS1; SEMA3F; EREG; AOC3	78	0.013717948717948718	0.0	0.0	0.0	0.9230769230769231	0.038461538461538464	0.02564102564102564	0.0	0.19230769230769232
hca	0233_10.1038_s41590-025-02241-4_110ace5bba	hca:0233_10.1038_s41590-025-02241-4_110ace5bba	13	82	13	0	True	4	9	TCF7; IFNG; GAB2; TREM2; LGALS1; GZMH; MARCO; SLAMF7; ITGAE	78	0.015361601773545095	0.0	0.0	0.0	0.8461538461538461	0.038461538461538464	0.01282051282051282	0.0	0.21794871794871795
hca	0167_10.1073_pnas.1520760112_985a5e340f	hca:0167_10.1073_pnas.1520760112_985a5e340f	13	35	10	6	False	4	7	PAX6; NFIB; PROM1; DCX; DCN; VIM; MKI67	78	0.13557227086638848	0.0	0.0	0.21666666666666667	0.6153846153846154	0.358974358974359	0.23076923076923078	0.038461538461538464	0.9487179487179487
biorxiv	78211bc7-6c0f-1014-bc42-c103d41718b8	biorxiv:78211bc7-6c0f-1014-bc42-c103d41718b8	12	52	12	0	True	4	11	CCL20; NGFR; ERBB3; FGFR2; LAG3; COL9A3; EVX1; MT1G; FHOD3; CD40; CCL21	66	0.0013774104683195593	0.0	0.0	0.0	0.9848484848484849	0.0	0.0	0.0	0.015151515151515152
hca	0082_10.1016_j.cell.2020.08.013_e864ee2cef	hca:0082_10.1016_j.cell.2020.08.013_e864ee2cef	12	74	12	0	True	4	11	TJP1; USH1C; TFAP2B; IL32; SLC17A6; VSX1; PROCR; OPN1LW; GNGT1; FXYD3; GFAP	66	0.0013774104683195593	0.0	0.0	0.0	0.9848484848484849	0.0	0.0	0.0	0.015151515151515152
hca	0158_10.2337_db21-0830_d021248f76	hca:0158_10.2337_db21-0830_d021248f76	12	36	12	0	True	4	11	ACTA2; DCT; PTPRC; LYZ; NKG7; CXCL12; VWF; CPA3; LYVE1; KRT7; RGS5	66	0.002525252525252525	0.0	0.0	0.0	0.9848484848484849	0.015151515151515152	0.0	0.0	0.015151515151515152
hca	0217_10.1186_s40478-023-01568-z_30cfefc163	hca:0217_10.1186_s40478-023-01568-z_30cfefc163	12	47	12	0	True	4	11	TREM2; PLP1; VAMP3; DNAH6; PLXDC2; BCAN; LYVE1; PAX3; MAG; CXCR4; GPR17	66	0.008225108225108226	0.0	0.0	0.0	0.9696969696969697	0.030303030303030304	0.015151515151515152	0.0	0.045454545454545456
hca	0410_10.3389_fcell.2021.820274_b0973e038f	hca:0410_10.3389_fcell.2021.820274_b0973e038f	12	39	12	0	True	4	11	TAGLN; CD74; RGCC; CD79A; NKG7; CCL2; COL1A1; DCN; ODAM; ACTA2; VWF	66	0.011002886002886	0.0	0.0	0.0	0.9545454545454546	0.045454545454545456	0.030303030303030304	0.0	0.07575757575757576
biorxiv	bb90a40e-70a1-1014-887a-db6e99ca95cb	biorxiv:bb90a40e-70a1-1014-887a-db6e99ca95cb	12	45	12	0	True	4	10	CLPS; CD22; RPS4Y1; RPS15; RAB34; TMSB10; ZFP36; GNAS; HSPB1; HABP4	66	0.01954064454064454	0.0	0.0	0.0	0.9090909090909091	0.09090909090909091	0.045454545454545456	0.0	0.13636363636363635
hca	0060_10.3389_fcell.2022.872688_ac00c45d48	hca:0060_10.3389_fcell.2022.872688_ac00c45d48	12	51	12	0	True	4	10	MFAP5; EFEMP1; COL23A1; HMOX1; SFRP1; PTGDS; ACTA2; CD68; WISP2; DSC1	66	0.009108946608946608	0.0	0.0	0.0	0.9393939393939394	0.06060606060606061	0.0	0.0	0.06060606060606061
hca	0403_10.1038_s41467-019-11036-9_eff650140f	hca:0403_10.1038_s41467-019-11036-9_eff650140f	12	60	11	2	False	4	10	CD59; C1R; TSPAN6; VCAN; ANGPT2; NKG7; ACTA2; WFDC1; KRT18; CD68	66	0.022977022977022976	0.0	0.0	0.0	0.9545454545454546	0.045454545454545456	0.030303030303030304	0.015151515151515152	0.13636363636363635
hca	0405_10.1016_j.ccell.2021.03.007_50f32173d6	hca:0405_10.1016_j.ccell.2021.03.007_50f32173d6	12	44	11	2	False	4	10	LAG3; FOXP3; TCF7; SIGLEC1; TREM2; GZMH; FLT1; NKG7; CD69; STMN1	66	0.0202020202020202	0.0	0.0	0.0	0.9696969696969697	0.030303030303030304	0.030303030303030304	0.015151515151515152	0.12121212121212122
hca	0491_10.1016_j.celrep.2018.09.006_befb59b9fa	hca:0491_10.1016_j.celrep.2018.09.006_befb59b9fa	12	50	11	2	False	4	10	DKK3; KRT17; KRT5; SLC25A5; CD44; DSP; MGST1; DCN; TYRP1; CCL2	66	0.028427128427128426	0.0	0.0	0.0	0.9393939393939394	0.06060606060606061	0.045454545454545456	0.015151515151515152	0.15151515151515152
hca	0486_10.1016_j.xfss.2022.09.001_c256ed6917	hca:0486_10.1016_j.xfss.2022.09.001_c256ed6917	12	36	11	2	False	4	7	VCAN; KRT17; CLSPN; IGFBP5; ASPM; CCNB1; AURKA	66	0.05835738335738335	0.0	0.0	0.0	0.7878787878787878	0.21212121212121213	0.09090909090909091	0.015151515151515152	0.3484848484848485
biorxiv	03092aac-75a4-1014-b9cc-d44d468fbd97	biorxiv:03092aac-75a4-1014-b9cc-d44d468fbd97	11	31	11	0	True	4	10	APOE; HAVCR2; DCN; ITGAE; COL1A1; BCL6; JCHAIN; LAG3; TREM2; STARD13	55	0.01090909090909091	0.0	0.0	0.0	0.9636363636363636	0.03636363636363636	0.01818181818181818	0.0	0.05454545454545454
hca	0293_10.1172_jci.insight.150861_5764a5bfad	hca:0293_10.1172_jci.insight.150861_5764a5bfad	11	64	11	0	True	4	10	SELE; FLT4; NOTCH3; SLCO1A2; CD79A; VWF; GZMK; IL1R2; F13A1; CX3CR1	55	0.0	0.0	0.0	0.0	1.0	0.0	0.0	0.0	0.0
hca	0375_10.1016_j.jaci.2021.07.025_bdc966c89b	hca:0375_10.1016_j.jaci.2021.07.025_bdc966c89b	11	39	11	0	True	4	10	KIT; CD74; IL17RB; TBX21; PTPRC; CD79A; AHR; RAMP2; ZBTB16; COL6A1	55	0.0030303030303030303	0.0	0.0	0.0	0.9818181818181818	0.01818181818181818	0.0	0.0	0.01818181818181818
hca	0418_10.1038_s42003-020-0922-4_8904851286	hca:0418_10.1038_s42003-020-0922-4_8904851286	11	44	11	0	True	4	10	CLDN5; DCN; TP63; DCT; LYZ; PTGDS; ACTA2; CD3D; SELE; KRT1	55	0.0030303030303030303	0.0	0.0	0.0	0.9818181818181818	0.01818181818181818	0.0	0.0	0.01818181818181818
hca	0077_10.1038_s41587-020-0602-4_e82c5c2835	hca:0077_10.1038_s41587-020-0602-4_e82c5c2835	11	47	11	0	True	4	9	CCL2; KLRD1; CXCL3; CD79A; AGR2; IFT43; IFIT3; GZMB; FOXJ1	55	0.012402345129617857	0.0	0.0	0.0	0.9090909090909091	0.05454545454545454	0.0	0.0	0.12727272727272726
hca	0149_10.1038_s41368-023-00238-z_c77e60a0ab	hca:0149_10.1038_s41368-023-00238-z_c77e60a0ab	11	43	11	0	True	4	9	ACTA2; MYH11; CD22; IBSP; SFRP4; ENG; COL1A1; GZMA; CD14	55	0.0077272727272727285	0.0	0.0	0.0	0.9454545454545454	0.05454545454545454	0.0	0.0	0.05454545454545454
hca	0195_10.1038_nbt.4038_23df984b1c	hca:0195_10.1038_nbt.4038_23df984b1c	11	41	11	0	True	4	9	GAD1; VIP; VCAN; LRP6; SLC1A3; TLE4; EYA4; PLP1; GRIN2A	55	0.005454545454545455	0.0	0.0	0.0	0.9454545454545454	0.05454545454545454	0.0	0.0	0.05454545454545454
hca	0426_10.1038_s41467-019-12464-3_0f8440336d	hca:0426_10.1038_s41467-019-12464-3_0f8440336d	11	41	11	0	True	4	9	FOXP3; IL2; IFNG; GZMK; TCF7; TNF; JAK2; GZMB; IL2RA	55	0.022496392496392497	0.0	0.0	0.0	0.8909090909090909	0.09090909090909091	0.03636363636363636	0.0	0.16363636363636364
hca	0506_10.1038_s41591-022-01680-y_160aaf8b86	hca:0506_10.1038_s41591-022-01680-y_160aaf8b86	11	55	11	0	True	4	9	CD38; BATF; HLA-DRA; TNFRSF17; GZMB; FCER2; CD2; ICA1; DUSP4	55	0.009639905548996458	0.0	0.0	0.0	0.9090909090909091	0.05454545454545454	0.0	0.0	0.12727272727272726
biorxiv	35208be1-70ce-1014-9f75-f7d24dac9096	biorxiv:35208be1-70ce-1014-9f75-f7d24dac9096	11	37	11	0	True	4	7	TFRC; MEIS1; CD44; MEF2C; E2F1; MECOM; GATA2	55	0.0494234805598442	0.0	0.0	0.06458333333333333	0.7272727272727273	0.18181818181818182	0.05454545454545454	0.0	0.41818181818181815
biorxiv	5a3c7d4e-70da-1014-80b6-cd48bfa975fe	biorxiv:5a3c7d4e-70da-1014-80b6-cd48bfa975fe	10	34	10	0	True	4	9	CXCR3; DCN; VCAN; FOXP3; LYZ; LAG3; LILRB1; TOP2A; IRF8	45	0.02023809523809524	0.0	0.0	0.0	0.9333333333333333	0.06666666666666667	0.044444444444444446	0.0	0.15555555555555556
biorxiv	f3be1d12-72db-1014-a9a0-ac8d78e3151e	biorxiv:f3be1d12-72db-1014-a9a0-ac8d78e3151e	10	48	10	0	True	4	9	ETV7; CD74; VCAN; MSR1; LAMP3; HSP90AA1; LYZ; GZMB; GFAP	45	0.0	0.0	0.0	0.0	1.0	0.0	0.0	0.0	0.0
hca	0017_10.1038_s41467-019-10291-0_971d922fd8	hca:0017_10.1038_s41467-019-10291-0_971d922fd8	10	39	10	0	True	4	9	LYZ; DNTT; ITGA2B; RGS1; KLF1; ADGRG6; MPO; CD79A; CCR2	45	0.006913580246913581	0.0	0.0	0.0	0.9555555555555556	0.044444444444444446	0.0	0.0	0.044444444444444446
hca	0045_10.15252_embj.2018100811_a99bb4a451	hca:0045_10.15252_embj.2018100811_a99bb4a451	10	56	10	0	True	4	9	VIM; THRB; LY75; CHAT; GNAT1; TTR; LIMA1; GFAP; HLA-DPA1	45	0.010912698412698412	0.0	0.0	0.0	0.9555555555555556	0.022222222222222223	0.022222222222222223	0.0	0.08888888888888889
hca	0048_10.1038_s41588-022-01243-4_ae2af85553	hca:0048_10.1038_s41588-022-01243-4_ae2af85553	10	38	10	0	True	4	9	NGFR; FGFR2; ABCC9; TP63; COL9A3; CD40; CCL20; PRX; RARRES1	45	0.0	0.0	0.0	0.0	1.0	0.0	0.0	0.0	0.0
hca	0076_10.1016_j.cell.2021.01.053_e0734afb82	hca:0076_10.1016_j.cell.2021.01.053_e0734afb82	10	48	10	0	True	4	9	TYROBP; CD79B; PRDM1; CXCL2; COCH; CD40LG; TNFSF13B; IL2RB; CCL8	45	0.0037037037037037034	0.0	0.0	0.0	0.9777777777777777	0.022222222222222223	0.0	0.0	0.022222222222222223
hca	0139_10.1038_s41590-020-0602-z_71058e050d	hca:0139_10.1038_s41590-020-0602-z_71058e050d	10	42	10	0	True	4	9	CCR6; CXCR5; CD38; IKZF2; FOXP3; CD40; TNFRSF1B; TCL1A; ITGA4	45	0.00617283950617284	0.0	0.0	0.0	0.9555555555555556	0.044444444444444446	0.0	0.0	0.044444444444444446
hca	0286_10.1038_s41467-018-06318-7_d818827349	hca:0286_10.1038_s41467-018-06318-7_d818827349	10	60	10	0	True	4	9	GZMK; CD38; CD22; MARCO; CD74; FCGR2B; HAMP; CD69; STMN1	45	0.0018518518518518517	0.0	0.0	0.0	0.9777777777777777	0.0	0.0	0.0	0.022222222222222223
hca	0326_10.1016_j.cmet.2016.08.020_b710322bb3	hca:0326_10.1016_j.cmet.2016.08.020_b710322bb3	10	85	10	0	True	4	9	ARX; GLP1R; CD74; OPRK1; ANGPT2; TPSD1; ETV1; CASR; TIMP1	45	0.002355612317298141	0.0	0.0	0.0	0.9555555555555556	0.0	0.0	0.0	0.06666666666666667
hca	0394_10.1038_s41591-021-01329-2_7dcc6ae73c	hca:0394_10.1038_s41591-021-01329-2_7dcc6ae73c	10	35	10	0	True	4	9	FCGR3A; CD79B; IKZF2; FCGR2B; TBX21; GATA3; CCL7; IL17A; NCAM1	45	0.0037037037037037034	0.0	0.0	0.0	0.9777777777777777	0.022222222222222223	0.0	0.0	0.022222222222222223
biorxiv	ab05f819-6c04-1014-81aa-9646e853264a	biorxiv:ab05f819-6c04-1014-81aa-9646e853264a	10	29	10	0	True	4	8	SPI1; CD4; EBF1; CSF1R; CD38; TBX21; GATA1; CD86	45	0.03685185185185185	0.0	0.0	0.0	0.8666666666666667	0.13333333333333333	0.06666666666666667	0.0	0.2222222222222222
hca	0190_10.1038_s41467-019-14118-w_eee71dc5ea	hca:0190_10.1038_s41467-019-14118-w_eee71dc5ea	10	42	10	0	True	4	8	CD74; NKG7; PRF1; CD9; CD38; BATF3; CD37; CLEC10A	45	0.032275132275132276	0.0	0.0	0.0	0.8888888888888888	0.1111111111111111	0.08888888888888889	0.0	0.2
hca	0207_10.1016_j.immuni.2020.11.017_b182001861	hca:0207_10.1016_j.immuni.2020.11.017_b182001861	10	34	10	0	True	4	8	CD38; ITGA2B; MPO; CD4; ITGA4; S100A8; IFI27; PLD4	45	0.007744107744107744	0.0	0.0	0.0	0.9333333333333333	0.022222222222222223	0.0	0.0	0.06666666666666667
hca	0353_10.1016_j.neuron.2017.02.014_ebc3a9c467	hca:0353_10.1016_j.neuron.2017.02.014_ebc3a9c467	10	33	10	0	True	4	8	GAD1; HOPX; VIM; DLX6; PAX6; DLL3; STMN2; ANXA1	45	0.029708994708994706	0.0	0.0	0.0	0.8222222222222222	0.17777777777777778	0.022222222222222223	0.0	0.2
hca	0441_10.1038_s41593-020-0621-y_a3edefca60	hca:0441_10.1038_s41593-020-0621-y_a3edefca60	10	41	10	0	True	4	8	TLE4; KAZN; VIM; SLC17A6; SOX10; VGAT; STMN2; HTR2C	45	0.02827160493827161	0.0	0.0	0.0	0.9111111111111111	0.08888888888888889	0.022222222222222223	0.0	0.17777777777777778
hca	0210_10.1016_j.stem.2020.11.008_213dabcee4	hca:0210_10.1016_j.stem.2020.11.008_213dabcee4	10	31	9	2	False	4	7	NRG1; DLL1; ARX; DCN; TRPM5; ACTA2; RBP2	45	0.029100529100529102	0.0	0.0	0.0	0.9333333333333333	0.06666666666666667	0.022222222222222223	0.022222222222222223	0.1111111111111111
hca	0281_10.1016_j.devcel.2019.06.001_238d93bfef	hca:0281_10.1016_j.devcel.2019.06.001_238d93bfef	10	55	10	0	True	4	7	MAFB; OLFM3; EHD3; MECOM; GATA3; NPHS2; COL1A1	45	0.029895807895807897	0.0	0.0	0.0	0.8	0.1111111111111111	0.044444444444444446	0.0	0.35555555555555557
hca	0432_10.1172_jci.insight.156341_02dc39adcf	hca:0432_10.1172_jci.insight.156341_02dc39adcf	10	29	10	0	True	4	6	ICOS; CCL5; TYROBP; CXCL13; GZMB; FOXP3	45	0.06447971781305113	0.0	0.0	0.0	0.7555555555555555	0.24444444444444444	0.1111111111111111	0.0	0.4222222222222222
hca	0021_10.1038_s41586-023-06806-x_7900919dd3	hca:0021_10.1038_s41586-023-06806-x_7900919dd3	9	29	9	0	True	4	8	MSX1; TNMD; TFAP2B; RUNX3; HOXA13; FGF8; LHX2; ID2	36	0.0462962962962963	0.0	0.0	0.0	0.8333333333333334	0.16666666666666666	0.08333333333333333	0.0	0.25
hca	0095_10.1101_2021.09.16.460628_23a839e09f	hca:0095_10.1101_2021.09.16.460628_23a839e09f	9	27	9	0	True	4	8	ACTA2; DCN; RUNX3; CD44; RPL31; VWF; PDGFRB; CD68	36	0.005555555555555556	0.0	0.0	0.0	0.9722222222222222	0.027777777777777776	0.0	0.0	0.027777777777777776
hca	0164_10.1177_00220345221147908_13bf485ac8	hca:0164_10.1177_00220345221147908_13bf485ac8	9	39	9	0	True	4	8	TP63; MUC5B; CFTR; CD79A; SLC5A5; CD44; ACTA2; CD68	36	0.00925925925925926	0.0	0.0	0.0	0.9444444444444444	0.05555555555555555	0.0	0.0	0.08333333333333333
hca	0274_10.1016_j.isci.2021.103592_3ec037cca1	hca:0274_10.1016_j.isci.2021.103592_3ec037cca1	9	26	9	0	True	4	8	ACTA2; PECAM1; DCN; NOTCH3; BPIFB2; LYZ; MYL9; PROX1	36	0.011111111111111112	0.0	0.0	0.0	0.9444444444444444	0.05555555555555555	0.0	0.0	0.05555555555555555
hca	0365_10.3389_fendo.2022.874915_81de77d539	hca:0365_10.3389_fendo.2022.874915_81de77d539	9	28	9	0	True	4	8	SEMA3G; DCN; VWF; CD79A; TIE1; ACTA2; PDGFRA; SERPINE2	36	0.03819444444444445	0.0	0.0	0.0	0.9166666666666666	0.08333333333333333	0.08333333333333333	0.0	0.2222222222222222
hca	0367_10.1073_pnas.2103240118_fda266512b	hca:0367_10.1073_pnas.2103240118_fda266512b	9	38	9	0	True	4	8	VIM; FOXI1; ITGA8; CA9; VWF; CFH; SLC4A1; IL23A	36	0.014814814814814815	0.0	0.0	0.0	0.9444444444444444	0.05555555555555555	0.027777777777777776	0.0	0.1111111111111111
hca	0378_10.1101_2022.06.17.496207_92cb140ff3	hca:0378_10.1101_2022.06.17.496207_92cb140ff3	9	32	9	0	True	4	8	GZMH; TNFRSF17; NFKB2; MS4A4A; CCL20; IFIT3; GZMK; KRT17	36	0.022222222222222223	0.0	0.0	0.0	0.9722222222222222	0.027777777777777776	0.027777777777777776	0.0	0.1111111111111111
hca	0420_10.1111_cas.15979_052ebae233	hca:0420_10.1111_cas.15979_052ebae233	9	35	9	0	True	4	8	PDPN; FBLN1; LAG3; MAGEB2; GZMB; CD68; IGF1; CD27	36	0.003968253968253968	0.0	0.0	0.0	0.9722222222222222	0.027777777777777776	0.0	0.0	0.027777777777777776
hca	0427_10.7150_ijbs.58886_44183be8e8	hca:0427_10.7150_ijbs.58886_44183be8e8	9	41	9	0	True	4	8	ASPM; LAMC2; MXD1; LYZ; KRT23; REG1A; TPX2; PLVAP	36	0.013888888888888888	0.0	0.0	0.0	0.9722222222222222	0.027777777777777776	0.027777777777777776	0.0	0.08333333333333333
hca	0462_10.1038_s41586-023-06311-1_b735ac2f93	hca:0462_10.1038_s41586-023-06311-1_b735ac2f93	9	64	9	0	True	4	8	CACNA1D; NRXN3; TNFRSF12A; CACNA2D2; TNC; KCNN2; SLC1A2; CACNA1B	36	0.02093253968253968	0.0	0.0	0.0	0.8888888888888888	0.08333333333333333	0.027777777777777776	0.0	0.3055555555555556
biorxiv	b60c0833-6df2-1014-8865-f92ffff4fcc6	biorxiv:b60c0833-6df2-1014-8865-f92ffff4fcc6	9	76	9	0	True	4	7	CSMD1; SRPX2; C5; APBB1IP; NRP1; CR2; CSMD2	36	0.023261584794513183	0.0	0.0	0.006756756756756757	0.75	0.08333333333333333	0.027777777777777776	0.0	0.4166666666666667
biorxiv	e69e6aa5-6cf9-1014-aa41-9f7e5b3de6e8	biorxiv:e69e6aa5-6cf9-1014-aa41-9f7e5b3de6e8	9	63	9	0	True	4	7	FOXC1; ARHGAP18; ENG; GMFG; MEOX1; ISL1; APLNR	36	0.06342848196712932	0.0	0.0	0.0	0.7777777777777778	0.1388888888888889	0.08333333333333333	0.0	0.8611111111111112
biorxiv	eceae834-7948-1014-8997-9142ec9c1cd4	biorxiv:eceae834-7948-1014-8997-9142ec9c1cd4	9	33	9	0	True	4	7	ISL1; SRF; HAND1; MSX2; FOXC1; MEF2C; HNF4A	36	0.020557760141093475	0.0	0.0	0.0	0.8888888888888888	0.1111111111111111	0.027777777777777776	0.0	0.16666666666666666
biorxiv	f787a6d9-6ce3-1014-a3f6-a662a1333571	biorxiv:f787a6d9-6ce3-1014-a3f6-a662a1333571	9	41	9	0	True	4	7	CCR7; CCR6; F13A1; MARCO; LAMP3; CCL22; WDFY4	36	0.02931397306397306	0.0	0.0	0.0	0.7777777777777778	0.1111111111111111	0.027777777777777776	0.0	0.2777777777777778
hca	0039_10.1016_j.isci.2021.102405_1f6d3fbc60	hca:0039_10.1016_j.isci.2021.102405_1f6d3fbc60	9	40	9	0	True	4	7	ACTA2; SPARC; KRT14; NGFR; CCL2; EDN1; ODAM	36	0.011123136123136122	0.0	0.0	0.0	0.8888888888888888	0.05555555555555555	0.0	0.0	0.1111111111111111
hca	0056_10.1038_s41586-018-0449-8_fdcc67f757	hca:0056_10.1038_s41586-018-0449-8_fdcc67f757	9	34	9	0	True	4	7	AREG; IL5; SELE; SERPINB3; NGFR; TP63; CXCL12	36	0.012941919191919192	0.0	0.0	0.0	0.9444444444444444	0.027777777777777776	0.027777777777777776	0.0	0.1111111111111111
hca	0223_10.1126_science.abo7257_14645ac97f	hca:0223_10.1126_science.abo7257_14645ac97f	9	30	9	0	True	4	7	IL6; FOXP2; LHX6; THSD7A; SLC1A3; PKD2L1; GCH1	36	0.042361111111111106	0.0	0.0	0.0	0.8611111111111112	0.1388888888888889	0.08333333333333333	0.0	0.3333333333333333
hca	0298_10.1101_2021.07.28.453839_0003c16e5c	hca:0298_10.1101_2021.07.28.453839_0003c16e5c	9	65	9	0	True	4	7	RUNX3; VSIG4; CD99; PRDM1; ANGPT2; CCND1; VEGFA	36	0.004384926273246819	0.0	0.0	0.0	0.9166666666666666	0.0	0.0	0.0	0.08333333333333333
hca	0339_10.7150_thno.65694_e762e5f2bb	hca:0339_10.7150_thno.65694_e762e5f2bb	9	37	8	2	False	3	7	ACP5; CD44; MCM6; CXCL2; HOXA5; CSF3; NFATC1	36	0.031746031746031744	0.0	0.0	0.0	0.9444444444444444	0.05555555555555555	0.027777777777777776	0.027777777777777776	0.19444444444444445
hca	0374_10.1136_annrheumdis-2018-214865_9f6cd4034f	hca:0374_10.1136_annrheumdis-2018-214865_9f6cd4034f	9	61	9	0	True	4	7	ACTA2; THY1; LMCD1; MCAM; FBLN1; FCN1; CCL2	36	0.002662793512466715	0.0	0.0	0.0	0.9444444444444444	0.0	0.0	0.0	0.05555555555555555
hca	0492_10.1038_s41591-021-01332-7_1dacee7a8b	hca:0492_10.1038_s41591-021-01332-7_1dacee7a8b	9	34	9	0	True	4	7	FOXJ1; MUC5B; DNAH5; TP63; CEACAM1; AGR2; SAA2	36	0.01803451178451178	0.0	0.0	0.0	0.8611111111111112	0.1111111111111111	0.0	0.0	0.16666666666666666
hca	0356_10.3389_fcell.2020.00384_845548ef53	hca:0356_10.3389_fcell.2020.00384_845548ef53	9	42	9	0	True	4	6	XCL1; GZMB; IL2; PRDM1; CD79A; DUSP1	36	0.04252645502645502	0.0	0.0	0.0	0.8611111111111112	0.1388888888888889	0.05555555555555555	0.0	0.3611111111111111
hca	0259_10.1038_s41590-019-0425-y_86ec5764bb	hca:0259_10.1038_s41590-019-0425-y_86ec5764bb	9	46	9	0	True	4	5	KIT; KLRD1; IL22; TBX21; TNFSF13B	36	0.07139259148866767	0.0	0.0	0.11948529411764705	0.5555555555555556	0.3611111111111111	0.08333333333333333	0.0	1.1944444444444444
hca	0134_10.3389_fimmu.2021.636720_9a958ecc4e	hca:0134_10.3389_fimmu.2021.636720_9a958ecc4e	8	29	8	0	True	3	7	PRDM1; CCL7; PTGS2; CD57; TBX21; IFNG; S100A8	28	0.026785714285714284	0.0	0.0	0.0	0.9285714285714286	0.07142857142857142	0.07142857142857142	0.0	0.17857142857142858
hca	0197_10.3389_fmed.2022.869284_8494fa8c76	hca:0197_10.3389_fmed.2022.869284_8494fa8c76	8	39	8	0	True	3	7	GLG1; SELE; TGFBR3; EDN1; SLC4A1; GADD45B; TIMP3	28	0.030797773654916514	0.0	0.0	0.017857142857142856	0.75	0.17857142857142858	0.0	0.0	0.25
hca	0228_10.1128_mbio.02583-20_5085db2792	hca:0228_10.1128_mbio.02583-20_5085db2792	8	24	8	0	True	3	7	CD19; CD38; CD14; CD22; TNFRSF17; CST7; SIGLEC1	28	0.06649659863945578	0.0	0.0	0.03571428571428571	0.75	0.25	0.10714285714285714	0.0	0.39285714285714285
hca	0278_10.1007_s10911-020-09466-z_d1b799dcf6	hca:0278_10.1007_s10911-020-09466-z_d1b799dcf6	8	45	8	0	True	3	7	KRT18; TNFRSF12A; PROM1; CD44; CHRDL2; KLF6; NTRK2	28	0.011904761904761904	0.0	0.0	0.0	0.9642857142857143	0.03571428571428571	0.03571428571428571	0.0	0.07142857142857142
hca	0352_10.1038_nature25980_27cde67bed	hca:0352_10.1038_nature25980_27cde67bed	8	30	8	0	True	3	7	TNC; RBFOX1; PTPRC; CALB1; SFRP1; PPP1R17; LHX6	28	0.0	0.0	0.0	0.0	1.0	0.0	0.0	0.0	0.0
hca	0385_10.1038_s41586-022-04521-7_37f1f319e2	hca:0385_10.1038_s41586-022-04521-7_37f1f319e2	8	29	8	0	True	3	7	CD74; VCAN; CAMK2A; SLC4A4; TGFBR1; PLP1; APOE	28	0.0	0.0	0.0	0.0	1.0	0.0	0.0	0.0	0.0
hca	0436_10.1016_j.jtos.2020.12.004_24ddeb29a4	hca:0436_10.1016_j.jtos.2020.12.004_24ddeb29a4	8	54	8	0	True	3	7	SLC2A3; DCN; TYR; BIRC5; KRT7; PDK4; GJA1	28	0.00510204081632653	0.0	0.0	0.0	0.9642857142857143	0.03571428571428571	0.0	0.0	0.14285714285714285
biorxiv	6f28f2e1-6c20-1014-910c-d12c701e7668	biorxiv:6f28f2e1-6c20-1014-910c-d12c701e7668	8	28	8	0	True	3	6	GZMB; FOS; CCL3; TYROBP; LAG3; FCGR3A	28	0.03928571428571429	0.0	0.0	0.0	0.8928571428571429	0.10714285714285714	0.07142857142857142	0.0	0.21428571428571427
biorxiv	96c0ca44-7598-1014-bd6e-c97aae1f298a	biorxiv:96c0ca44-7598-1014-bd6e-c97aae1f298a	8	27	7	2	False	3	6	IFNG; MARCO; FOXP3; TCF7; NR4A1; HAVCR2	28	0.04591836734693877	0.0	0.0	0.0	0.9285714285714286	0.07142857142857142	0.07142857142857142	0.03571428571428571	0.21428571428571427
biorxiv	bc260922-6c47-1014-a865-fe4e19bf3ea8	biorxiv:bc260922-6c47-1014-a865-fe4e19bf3ea8	8	30	8	0	True	3	6	COL17A1; SFRP1; KRT17; CD207; ITGA3; S100A8	28	0.02371794871794872	0.0	0.0	0.0	0.8571428571428571	0.10714285714285714	0.0	0.0	0.21428571428571427
biorxiv	c78d9bda-6cc0-1014-aba5-dba9dd700073	biorxiv:c78d9bda-6cc0-1014-aba5-dba9dd700073	8	27	7	2	False	3	6	CD44; CDKN2A; SLC4A11; CENPF; CDKN1A; COL6A3	28	0.06887755102040817	0.0	0.0	0.0	0.8928571428571429	0.10714285714285714	0.10714285714285714	0.03571428571428571	0.2857142857142857
biorxiv	d00e7bca-700f-1014-91f0-ae4c53ddfbf4	biorxiv:d00e7bca-700f-1014-91f0-ae4c53ddfbf4	8	29	8	0	True	3	6	DLL3; EZH2; KLF8; EGR2; ONECUT2; SOX4	28	0.03798443619872192	0.0	0.0	0.0	0.7857142857142857	0.17857142857142858	0.03571428571428571	0.0	0.32142857142857145
biorxiv	e3312584-7421-1014-b0a7-823d4471ccf1	biorxiv:e3312584-7421-1014-b0a7-823d4471ccf1	8	27	8	0	True	3	6	CD4; C1QB; CD44; CSF3R; CXCL9; IL24	28	0.041269841269841276	0.0	0.0	0.0	0.8214285714285714	0.17857142857142858	0.03571428571428571	0.0	0.25
hca	0051_10.1038_s41588-024-01990-6_8eb62f3200	hca:0051_10.1038_s41588-024-01990-6_8eb62f3200	8	26	8	0	True	3	6	LAMC3; TUBB4A; FNBP1L; TENM1; FGFR3; C1QL3	28	0.09349618635332921	0.0	0.0	0.017857142857142856	0.75	0.17857142857142858	0.14285714285714285	0.0	0.6428571428571429
hca	0069_10.1038_s41467-021-23355-x_92232969b4	hca:0069_10.1038_s41467-021-23355-x_92232969b4	8	22	8	0	True	3	6	CD38; CD40; ICAM1; CD37; CR2; CXCR4	28	0.08156179138321995	0.0	0.0	0.1294642857142857	0.6071428571428571	0.39285714285714285	0.10714285714285714	0.0	0.5357142857142857
hca	0132_10.1038_s41467-020-16239-z_001d78a35b	hca:0132_10.1038_s41467-020-16239-z_001d78a35b	8	37	8	0	True	3	6	KRT5; SCGB1A1; CFTR; TP73; ACTN1; RFX3	28	0.02684369202226345	0.0	0.0	0.0	0.8571428571428571	0.10714285714285714	0.07142857142857142	0.0	0.21428571428571427
hca	0146_10.1016_j.cell.2019.01.017_63c175b000	hca:0146_10.1016_j.cell.2019.01.017_63c175b000	8	21	7	2	False	3	6	SCGN; ATP1A2; MOXD1; ITGB8; LHX6; SP8	28	0.0625	0.0	0.0	0.0	0.9285714285714286	0.07142857142857142	0.07142857142857142	0.03571428571428571	0.21428571428571427
hca	0402_10.1016_j.cell.2021.04.038_26e3dc6d2f	hca:0402_10.1016_j.cell.2021.04.038_26e3dc6d2f	8	28	7	2	False	3	6	TREM2; LAG3; IGF1; IL32; SIRT2; CD209	28	0.1389455782312925	0.0	0.0	0.08333333333333333	0.75	0.25	0.25	0.03571428571428571	0.75
hca	0404_10.1038_s41586-022-04918-4_6a15fd8ba2	hca:0404_10.1038_s41586-022-04918-4_6a15fd8ba2	8	32	8	0	True	3	6	WNT6; FOXL2; NR1H4; KLF6; ACP5; LHX2	28	0.007711038961038961	0.0	0.0	0.0	0.9285714285714286	0.03571428571428571	0.0	0.0	0.07142857142857142
hca	0428_10.1073_pnas.1914143116_42027a0378	hca:0428_10.1073_pnas.1914143116_42027a0378	8	29	8	0	True	3	6	ICAM1; RGCC; SELE; NGFR; DCT; ICAM2	28	0.023738662131519272	0.0	0.0	0.0	0.8928571428571429	0.10714285714285714	0.03571428571428571	0.0	0.17857142857142858
hca	0501_10.1126_sciimmunol.abb8786_1f1edec8bd	hca:0501_10.1126_sciimmunol.abb8786_1f1edec8bd	8	26	7	2	False	3	5	LGALS1; NKG7; GATA3; CST7; KLRB1	28	0.1048624373992021	0.0	0.0	0.16666666666666666	0.6785714285714286	0.32142857142857145	0.10714285714285714	0.03571428571428571	0.8928571428571429
hca	0120_10.1038_s41467-022-34255-z_c90043e943	hca:0120_10.1038_s41467-022-34255-z_c90043e943	8	17	6	4	False	3	4	GPRC5A; LRP2; VCAM1; CDH1	28	0.11496598639455782	0.0	0.0	0.14285714285714285	0.7142857142857143	0.2857142857142857	0.10714285714285714	0.07142857142857142	0.5357142857142857
biorxiv	0bd28b37-6e2e-1014-871e-a496f0a6bacd	biorxiv:0bd28b37-6e2e-1014-871e-a496f0a6bacd	7	27	7	0	True	3	6	S100A8; ASNS; CXCL2; F3; KRT17; S100A7	21	0.023809523809523808	0.0	0.0	0.0	0.9523809523809523	0.047619047619047616	0.047619047619047616	0.0	0.14285714285714285
biorxiv	53fe4c58-6d7e-1014-9234-a9ab6cb90679	biorxiv:53fe4c58-6d7e-1014-9234-a9ab6cb90679	7	27	7	0	True	3	6	GREM1; COL11A1; NOTCH3; FAP; BMP7; C3	21	0.005952380952380952	0.0	0.0	0.0	0.9523809523809523	0.047619047619047616	0.0	0.0	0.047619047619047616
biorxiv	98d19bc0-7b12-1014-9641-857e081ce400	biorxiv:98d19bc0-7b12-1014-9641-857e081ce400	7	21	7	0	True	3	6	DCN; PTGS2; MCAM; TGFB2; MYL9; MCM3	21	0.0	0.0	0.0	0.0	1.0	0.0	0.0	0.0	0.0
biorxiv	c245f005-7ab6-1014-adbd-b49bd8bfffbc	biorxiv:c245f005-7ab6-1014-adbd-b49bd8bfffbc	7	28	7	0	True	3	6	SYT1; LYZ; MYH7; GZMK; GFAP; MOG	21	0.0	0.0	0.0	0.0	1.0	0.0	0.0	0.0	0.0
biorxiv	dd32f357-70c5-1014-bad0-ccf1b5b647f4	biorxiv:dd32f357-70c5-1014-bad0-ccf1b5b647f4	7	29	7	0	True	3	6	CRHBP; CD3D; MPO; CD99; RPL31; AREG	21	0.01924001924001924	0.0	0.0	0.0	0.9047619047619048	0.09523809523809523	0.0	0.0	0.19047619047619047
biorxiv	eda68d46-7b76-1014-b9f8-bf62f9afae8d	biorxiv:eda68d46-7b76-1014-b9f8-bf62f9afae8d	7	25	7	0	True	3	6	COL1A1; CKM; CSTA; NR4A1; JCHAIN; CLEC3B	21	0.009523809523809525	0.0	0.0	0.0	0.9523809523809523	0.047619047619047616	0.0	0.0	0.047619047619047616
hca	0001_10.1016_j.celrep.2018.11.086_7aff07407b	hca:0001_10.1016_j.celrep.2018.11.086_7aff07407b	7	34	7	0	True	3	6	ACPP; KRT5; DCN; TP63; CHGB; NEFH	21	0.031746031746031744	0.0	0.0	0.0	0.9047619047619048	0.09523809523809523	0.09523809523809523	0.0	0.2857142857142857
hca	0050_10.1073_pnas.1507125112_495172b774	hca:0050_10.1073_pnas.1507125112_495172b774	7	22	7	0	True	3	6	GAD1; TAC1; SYT1; SNAP25; SLC17A7; SST	21	0.03522297808012094	0.0	0.0	0.0	0.8571428571428571	0.14285714285714285	0.047619047619047616	0.0	0.23809523809523808
hca	0062_10.1038_s41588-024-01873-w_27bb519849	hca:0062_10.1038_s41588-024-01873-w_27bb519849	7	36	7	0	True	3	6	TREM2; OPRK1; RARRES2; DKK1; IGF1; KMO	21	0.022408963585434174	0.0	0.0	0.0	0.9523809523809523	0.047619047619047616	0.047619047619047616	0.0	0.38095238095238093
hca	0081_10.1038_s41598-020-66092-9_e23219ced0	hca:0081_10.1038_s41598-020-66092-9_e23219ced0	7	51	7	0	True	3	6	PHGDH; CACNA1F; SLC24A1; PROM1; SLC7A14; CRX	21	0.02180872348939576	0.0	0.0	0.0	0.8571428571428571	0.09523809523809523	0.047619047619047616	0.0	0.19047619047619047
hca	0108_10.1038_s41598-017-14676-3_ca30704700	hca:0108_10.1038_s41598-017-14676-3_ca30704700	7	30	7	0	True	3	6	THY1; RARB; VIM; NFKBIA; CA2; FADS2	21	0.022146636432350715	0.0	0.0	0.0	0.8571428571428571	0.14285714285714285	0.0	0.0	0.23809523809523808
hca	0201_10.1038_s41467-019-13382-0_3e98068ead	hca:0201_10.1038_s41467-019-13382-0_3e98068ead	7	34	7	0	True	3	6	DCN; PAX2; EPYC; CDH1; MGP; VEGFA	21	0.0	0.0	0.0	0.0	1.0	0.0	0.0	0.0	0.0
hca	0229_10.15252_msb.20178041_0277072a61	hca:0229_10.15252_msb.20178041_0277072a61	7	23	7	0	True	3	6	CSF3R; ITGA2B; CD99; CD22; MPO; CD6	21	0.03892668178382464	0.0	0.0	0.0	0.8571428571428571	0.14285714285714285	0.047619047619047616	0.0	0.2857142857142857
hca	0283_10.1161_circulationaha.120.052318_08d58c2441	hca:0283_10.1161_circulationaha.120.052318_08d58c2441	7	143	7	0	True	3	6	NR2F2; SEMA3G; IFNGR1; CALCRL; SELE; PLXNA2	21	0.0018315018315018315	0.0	0.0	0.0	0.9523809523809523	0.0	0.0	0.0	0.047619047619047616
hca	0317_10.1016_j.celrep.2019.02.043_aed04e8aae	hca:0317_10.1016_j.celrep.2019.02.043_aed04e8aae	7	38	7	0	True	3	6	CFTR; ARX; PAX6; GABRA1; ESR1; REG1A	21	0.0	0.0	0.0	0.0	1.0	0.0	0.0	0.0	0.0
hca	0322_10.3389_fonc.2021.719564_a0cfb67753	hca:0322_10.3389_fonc.2021.719564_a0cfb67753	7	27	7	0	True	3	6	MSR1; TNC; CP; SPAG4; WISP1; ACTA2	21	0.0	0.0	0.0	0.0	1.0	0.0	0.0	0.0	0.0
hca	0349_10.1038_s41467-023-36296-4_67ae3c1e19	hca:0349_10.1038_s41467-023-36296-4_67ae3c1e19	7	24	7	0	True	3	6	NOTCH3; LAG3; SOX10; CCL22; PTGDS; S100A8	21	0.0	0.0	0.0	0.0	1.0	0.0	0.0	0.0	0.0
hca	0423_10.1038_s41467-019-12780-8_0da964452a	hca:0423_10.1038_s41467-019-12780-8_0da964452a	7	30	7	0	True	3	6	CLU; CAMK2B; OPN1LW; ONECUT2; SLC1A3; PDE6A	21	0.011904761904761904	0.0	0.0	0.0	0.9523809523809523	0.047619047619047616	0.047619047619047616	0.0	0.14285714285714285
hca	0041_10.1016_j.xgen.2022.100108_d4824b85dd	hca:0041_10.1016_j.xgen.2022.100108_d4824b85dd	7	30	7	0	True	3	5	ACTA2; LMO7; PDGFA; LTBP1; WNT2	21	0.017857142857142856	0.0	0.0	0.0	0.8571428571428571	0.09523809523809523	0.0	0.0	0.14285714285714285
hca	0052_10.1016_j.molmet.2022.101595_3242a2c7db	hca:0052_10.1016_j.molmet.2022.101595_3242a2c7db	7	40	7	0	True	3	5	MAFB; NKX6-1; TNC; PTGER3; LIMCH1	21	0.03572818016095327	0.0	0.0	0.0	0.7619047619047619	0.14285714285714285	0.047619047619047616	0.0	0.38095238095238093
hca	0080_10.1126_sciadv.abf1444_8cb053b6ed	hca:0080_10.1126_sciadv.abf1444_8cb053b6ed	7	25	7	0	True	3	5	GATA6; GATA2; SPI1; DCN; MYH7	21	0.03981481481481482	0.0	0.0	0.0	0.8095238095238095	0.19047619047619047	0.047619047619047616	0.0	0.23809523809523808
hca	0151_10.1038_s41586-022-04718-w_1bf3167cbc	hca:0151_10.1038_s41586-022-04718-w_1bf3167cbc	7	21	7	0	True	3	5	FOXP3; ICOS; PDCD1; TNFRSF9; CD40	21	0.032199546485260765	0.0	0.0	0.0	0.8095238095238095	0.19047619047619047	0.0	0.0	0.19047619047619047
hca	0239_10.1038_s41467-021-24607-6_2a0350c2e5	hca:0239_10.1038_s41467-021-24607-6_2a0350c2e5	7	26	7	0	True	3	5	SFRP4; ACTA2; TNC; ASPN; COL1A1	21	0.014652014652014652	0.0	0.0	0.0	0.8571428571428571	0.047619047619047616	0.0	0.0	0.19047619047619047
hca	0275_10.1016_j.cell.2020.08.001_8e5789b307	hca:0275_10.1016_j.cell.2020.08.001_8e5789b307	7	36	7	0	True	3	5	CD274; CD66B; CD24; CD83; ARG1	21	0.024921507064364204	0.0	0.0	0.0625	0.7142857142857143	0.047619047619047616	0.0	0.0	0.3333333333333333
hca	0361_10.1016_j.gpb.2020.11.002_84c7c58535	hca:0361_10.1016_j.gpb.2020.11.002_84c7c58535	7	24	7	0	True	3	5	LILRB1; FCGR3A; RORA; ITGAE; MCM5	21	0.011564625850340135	0.0	0.0	0.0	0.9047619047619048	0.09523809523809523	0.0	0.0	0.09523809523809523
hca	0439_10.1038_s41586-019-1404-z_d7516e129c	hca:0439_10.1038_s41586-019-1404-z_d7516e129c	7	59	7	0	True	3	5	SLC1A2; KCNJ10; CD74; PKM; SV2C	21	0.008297258297258298	0.0	0.0	0.0	0.9047619047619048	0.0	0.0	0.0	0.09523809523809523
biorxiv	fcdb6ae7-74e0-1014-aa4b-bcf60c40c2cf	biorxiv:fcdb6ae7-74e0-1014-aa4b-bcf60c40c2cf	7	24	7	0	True	3	4	SOX6; FOXA2; NR4A2; NR3C1	21	0.11341506299489493	0.05555555555555555	0.0	0.16666666666666666	0.42857142857142855	0.38095238095238093	0.14285714285714285	0.0	1.1904761904761905
hca	0003_10.3389_fimmu.2021.645988_480a5ea7f6	hca:0003_10.3389_fimmu.2021.645988_480a5ea7f6	7	40	6	2	False	3	4	SOX4; FOS; FGFR1; CXCL2	21	0.06018518518518518	0.0	0.0	0.0	0.7619047619047619	0.047619047619047616	0.047619047619047616	0.047619047619047616	0.42857142857142855
hca	0299_10.1038_s41467-019-11266-x_d55119ff52	hca:0299_10.1038_s41467-019-11266-x_d55119ff52	7	47	7	0	True	3	4	CDH6; SOX9; CLDN10; TNFRSF12A	21	0.06090300537668959	0.0	0.0	0.125	0.6666666666666666	0.3333333333333333	0.047619047619047616	0.0	1.1904761904761905
hca	0382_10.1371_journal.pbio.3002124_f92c982127	hca:0382_10.1371_journal.pbio.3002124_f92c982127	7	54	7	0	True	3	4	CSF3; CXCL8; IL2RA; CD9	21	0.0557477306003032	0.0	0.0	0.10714285714285714	0.5238095238095238	0.2857142857142857	0.0	0.0	1.1428571428571428
hca	0449_10.1084_jem.20202345_e99c99a876	hca:0449_10.1084_jem.20202345_e99c99a876	7	35	7	0	True	3	4	BIRC3; SLC2A3; CXCL2; IRF2	21	0.03349467992325136	0.0	0.0	0.0	0.8095238095238095	0.19047619047619047	0.0	0.0	0.42857142857142855
biorxiv	1e0a6787-73c3-1014-991b-bc3d9c192616	biorxiv:1e0a6787-73c3-1014-991b-bc3d9c192616	7	16	4	4	False	2	3	IFI6; CD38; MX1	21	0.42500000000000004	0.125	0.0	1.0	0.2857142857142857	0.7142857142857143	0.47619047619047616	0.2857142857142857	2.238095238095238
biorxiv	9d923a25-6c34-1014-a848-e326c14e92ee	biorxiv:9d923a25-6c34-1014-a848-e326c14e92ee	7	57	7	0	True	3	3	CD44; CDH1; TWIST1	21	0.10362711791488437	0.09523809523809523	0.058823529411764705	0.125	0.19047619047619047	0.47619047619047616	0.047619047619047616	0.0	2.0952380952380953
biorxiv	09d40fbc-6c3d-1014-b39f-eee50a07ad3b	biorxiv:09d40fbc-6c3d-1014-b39f-eee50a07ad3b	6	29	6	0	True	3	5	DCN; GADD45B; PPARGC1A; MUC5B; EPCAM	15	0.0	0.0	0.0	0.0	1.0	0.0	0.0	0.0	0.0
biorxiv	1c7188d4-6df9-1014-ac27-b7cf1f27940e	biorxiv:1c7188d4-6df9-1014-ac27-b7cf1f27940e	6	29	6	0	True	3	5	NFKBIA; SCGB2A2; MGST1; RGS1; SAT1	15	0.046515151515151516	0.0	0.0	0.0	0.8	0.2	0.13333333333333333	0.0	0.4666666666666667
biorxiv	1d26f338-6e4a-1014-b712-c54808557510	biorxiv:1d26f338-6e4a-1014-b712-c54808557510	6	20	6	0	True	3	5	NGFR; LHX5; STMN2; TFAP2B; PAX3	15	0.02222222222222222	0.0	0.0	0.0	0.9333333333333333	0.06666666666666667	0.06666666666666667	0.0	0.13333333333333333
biorxiv	2439b48c-6d2d-1014-8b64-9f8fdc0d5fe9	biorxiv:2439b48c-6d2d-1014-8b64-9f8fdc0d5fe9	6	21	6	0	True	3	5	LPCAT1; VIM; CD44; TP63; HOPX	15	0.04	0.0	0.0	0.0	0.9333333333333333	0.06666666666666667	0.06666666666666667	0.0	0.2
biorxiv	307b2bd7-6cb9-1014-a6b4-a58a7220bba3	biorxiv:307b2bd7-6cb9-1014-a6b4-a58a7220bba3	6	20	6	0	True	3	5	GZMH; CD3D; CD79B; CST7; CD3E	15	0.045714285714285714	0.0	0.0	0.0	0.8666666666666667	0.13333333333333333	0.13333333333333333	0.0	0.26666666666666666
biorxiv	83bdb6b6-6c6e-1014-9f71-e3b544524924	biorxiv:83bdb6b6-6c6e-1014-9f71-e3b544524924	6	54	6	0	True	3	5	TMSB10; SLC2A3; ITGAE; LAMB1; ZKSCAN1	15	0.0	0.0	0.0	0.0	1.0	0.0	0.0	0.0	0.0
biorxiv	8bff4e38-6c13-1014-bcce-e068e3eafd28	biorxiv:8bff4e38-6c13-1014-bcce-e068e3eafd28	6	29	6	0	True	3	5	AGR2; IL32; SLC26A3; CLCA1; CHGA	15	0.013333333333333334	0.0	0.0	0.0	0.9333333333333333	0.06666666666666667	0.0	0.0	0.13333333333333333
biorxiv	a63583e3-6c7b-1014-a201-b82bec671474	biorxiv:a63583e3-6c7b-1014-a201-b82bec671474	6	28	6	0	True	3	5	HOPX; POR; CXCL12; CXCR4; NR4A1	15	0.06965452847805789	0.0	0.0	0.07142857142857142	0.7333333333333333	0.26666666666666666	0.06666666666666667	0.0	0.6
biorxiv	b7d0eaf3-6f9e-1014-bc01-ef7867d59c7e	biorxiv:b7d0eaf3-6f9e-1014-bc01-ef7867d59c7e	6	24	6	0	True	3	5	CEACAM7; VEGFA; HELLS; IDO1; BEST4	15	0.0	0.0	0.0	0.0	1.0	0.0	0.0	0.0	0.0
biorxiv	e9d73630-745a-1014-825d-9281d616c32c	biorxiv:e9d73630-745a-1014-825d-9281d616c32c	6	27	6	0	True	3	5	ZIC2; DNMT3B; SUSD2; MEST; CD57	15	0.0	0.0	0.0	0.0	1.0	0.0	0.0	0.0	0.0
biorxiv	efe4cabd-770f-1014-96d7-8e75af964dbd	biorxiv:efe4cabd-770f-1014-96d7-8e75af964dbd	6	19	6	0	True	3	5	LAMP5; TYROBP; CD44; CBLN4; CALB1	15	0.013333333333333334	0.0	0.0	0.0	0.9333333333333333	0.06666666666666667	0.0	0.0	0.06666666666666667
hca	0019_10.1126_science.aba7721_1646acb14b	hca:0019_10.1126_science.aba7721_1646acb14b	6	26	6	0	True	3	5	MEOX1; CD5L; NUAK1; AHR; F13A1	15	0.0	0.0	0.0	0.0	1.0	0.0	0.0	0.0	0.0
hca	0063_10.1016_j.cell.2021.04.028_f5e4882de7	hca:0063_10.1016_j.cell.2021.04.028_f5e4882de7	6	18	6	0	True	3	5	MKI67; SALL1; FOXA2; OLFM4; GSC	15	0.013333333333333334	0.0	0.0	0.0	0.9333333333333333	0.06666666666666667	0.0	0.0	0.06666666666666667
hca	0071_10.1038_s41586-021-03929-x_6a378f8954	hca:0071_10.1038_s41586-021-03929-x_6a378f8954	6	24	6	0	True	3	5	FLI1; SELE; VIM; SPI1; MCAM	15	0.01111111111111111	0.0	0.0	0.0	0.9333333333333333	0.06666666666666667	0.0	0.0	0.06666666666666667
hca	0100_10.1038_s41467-021-22804-x_e7667133b9	hca:0100_10.1038_s41467-021-22804-x_e7667133b9	6	36	6	0	True	3	5	CD79A; CD7; CD79B; CD4; LYZ	15	0.017777777777777778	0.0	0.0	0.0	0.8666666666666667	0.06666666666666667	0.0	0.0	0.2
hca	0102_10.1038_s41586-019-0992-y_40614812e9	hca:0102_10.1038_s41586-019-0992-y_40614812e9	6	26	6	0	True	3	5	CLCA1; CXCL2; JAK2; CHGA; BAG1	15	0.0	0.0	0.0	0.0	1.0	0.0	0.0	0.0	0.0
hca	0105_10.1038_s41563-020-00853-9_ec3e5ef313	hca:0105_10.1038_s41563-020-00853-9_ec3e5ef313	6	21	6	0	True	3	5	HOXA11; LRP2; FLT1; EYA1; SULT1E1	15	0.016666666666666666	0.0	0.0	0.0	0.9333333333333333	0.06666666666666667	0.06666666666666667	0.0	0.13333333333333333
hca	0128_10.1016_j.devcel.2020.07.023_7908e44bb1	hca:0128_10.1016_j.devcel.2020.07.023_7908e44bb1	6	22	6	0	True	3	5	KDR; MEOX1; PTPRC; PDGFB; CXCL12	15	0.013333333333333334	0.0	0.0	0.0	0.9333333333333333	0.06666666666666667	0.0	0.0	0.13333333333333333
hca	0163_10.1126_sciimmunol.abb4432_91494cf647	hca:0163_10.1126_sciimmunol.abb4432_91494cf647	6	23	6	0	True	3	5	ZEB2; TCF7; ITGAE; BCL6; KLF2	15	0.009523809523809523	0.0	0.0	0.0	0.9333333333333333	0.06666666666666667	0.0	0.0	0.06666666666666667
hca	0200_10.1242_dev.172361_e8969b05b0	hca:0200_10.1242_dev.172361_e8969b05b0	6	19	6	0	True	3	5	LRP2; PAX2; MYF6; PDGFRB; EPCAM	15	0.05	0.0	0.0	0.0	0.9333333333333333	0.06666666666666667	0.06666666666666667	0.0	0.2
hca	0220_10.1038_s42003-021-02562-8_904d08be85	hca:0220_10.1038_s42003-021-02562-8_904d08be85	6	24	6	0	True	3	5	VIM; CD44; RBL1; VCAN; CXCL2	15	0.019047619047619046	0.0	0.0	0.0	0.9333333333333333	0.06666666666666667	0.06666666666666667	0.0	0.13333333333333333
hca	0295_10.1016_j.isci.2021.102551_1c1e582cdd	hca:0295_10.1016_j.isci.2021.102551_1c1e582cdd	6	28	6	0	True	3	5	LIMCH1; MCAM; MEF2C; CCDC80; ASPN	15	0.0	0.0	0.0	0.0	1.0	0.0	0.0	0.0	0.0
hca	0301_10.1101_2023.11.07.566105_6b05614dad	hca:0301_10.1101_2023.11.07.566105_6b05614dad	6	18	6	0	True	3	5	SALL4; NFIA; NFIX; ISL1; UTRN	15	0.03238095238095238	0.0	0.0	0.0	0.8666666666666667	0.13333333333333333	0.06666666666666667	0.0	0.2
hca	0309_10.1101_721258_f9cb0ad906	hca:0309_10.1101_721258_f9cb0ad906	6	21	6	0	True	3	5	CD74; VIM; RORA; BCL11A; LRP12	15	0.0	0.0	0.0	0.0	1.0	0.0	0.0	0.0	0.0
hca	0319_10.1016_j.cell.2018.05.060_d1a05e99e8	hca:0319_10.1016_j.cell.2018.05.060_d1a05e99e8	6	28	6	0	True	3	5	FOXP3; GZMH; CD33; KLRC1; CCR8	15	0.0	0.0	0.0	0.0	1.0	0.0	0.0	0.0	0.0
hca	0325_10.1016_j.celrep.2017.10.030_a9d12a5d7c	hca:0325_10.1016_j.celrep.2017.10.030_a9d12a5d7c	6	29	6	0	True	3	5	ATP1A2; SALL1; GLI3; ANXA1; ALDH1L1	15	0.0	0.0	0.0	0.0	1.0	0.0	0.0	0.0	0.0
hca	0376_10.1038_s41590-017-0001-2_5fb0775c07	hca:0376_10.1038_s41590-017-0001-2_5fb0775c07	6	27	6	0	True	3	5	JCHAIN; MPO; MECOM; RUNX3; CYTIP	15	0.013333333333333334	0.0	0.0	0.0	0.9333333333333333	0.06666666666666667	0.0	0.0	0.13333333333333333
hca	0390_10.1038_s41591-020-0901-9_be86edb292	hca:0390_10.1038_s41591-020-0901-9_be86edb292	6	31	6	0	True	3	5	CXCR6; MARCO; NR1H3; ITGAE; FCN1	15	0.008333333333333333	0.0	0.0	0.0	0.9333333333333333	0.06666666666666667	0.0	0.0	0.06666666666666667
hca	0438_10.1016_j.celrep.2023.112086_4947038a16	hca:0438_10.1016_j.celrep.2023.112086_4947038a16	6	27	6	0	True	3	5	HIF3A; VCAN; CELSR1; PIK3C2A; KIF9	15	0.019047619047619046	0.0	0.0	0.0	0.9333333333333333	0.06666666666666667	0.06666666666666667	0.0	0.13333333333333333
hca	0442_10.1038_s41591-024-03011-9_e42f5ec07c	hca:0442_10.1038_s41591-024-03011-9_e42f5ec07c	6	43	6	0	True	3	5	SOX10; ARHGAP15; RUNX1T1; BARX2; MECOM	15	0.005128205128205128	0.0	0.0	0.0	0.9333333333333333	0.0	0.0	0.0	0.06666666666666667
hca	0451_10.1016_j.jid.2018.01.016_d2589a157e	hca:0451_10.1016_j.jid.2018.01.016_d2589a157e	6	21	6	0	True	3	5	COL6A5; CD74; COL23A1; SLC12A2; ENTPD1	15	0.04634920634920635	0.0	0.0	0.0	0.8	0.2	0.06666666666666667	0.0	0.3333333333333333
hca	0453_10.1038_s41586-022-05060-x_14fb298894	hca:0453_10.1038_s41586-022-05060-x_14fb298894	6	30	6	0	True	3	5	ANKRD1; MEOX1; PDGFRA; MYH7; KLF4	15	0.006666666666666667	0.0	0.0	0.0	0.9333333333333333	0.06666666666666667	0.0	0.0	0.06666666666666667
hca	0458_10.1038_s41467-024-55325-4_d40c28a5ea	hca:0458_10.1038_s41467-024-55325-4_d40c28a5ea	6	30	6	0	True	3	5	MARCO; LEPR; SLC7A2; CYP2E1; IL18	15	0.0375	0.0	0.0	0.0	0.8666666666666667	0.13333333333333333	0.06666666666666667	0.0	0.4
hca	0473_10.1016_j.cell.2020.08.003_9ae06495c4	hca:0473_10.1016_j.cell.2020.08.003_9ae06495c4	6	32	6	0	True	3	5	GFRA1; GAL; OPRK1; ETV1; VIPR2	15	0.0047619047619047615	0.0	0.0	0.0	0.9333333333333333	0.0	0.0	0.0	0.06666666666666667
hca	0488_10.1073_pnas.1908706116_5dfd6c0233	hca:0488_10.1073_pnas.1908706116_5dfd6c0233	6	28	6	0	True	3	5	ROBO2; CFH; IFNGR1; THSD7A; WNK1	15	0.014814814814814814	0.0	0.0	0.0	0.9333333333333333	0.06666666666666667	0.0	0.0	0.13333333333333333
hca	0493_10.1161_circulationaha.119.045401_814f085618	hca:0493_10.1161_circulationaha.119.045401_814f085618	6	20	6	0	True	3	5	SLC11A1; NRXN3; FLT4; PTPRC; MYL7	15	0.0	0.0	0.0	0.0	1.0	0.0	0.0	0.0	0.0
hca	0494_10.1038_s41467-021-27895-0_bbe3158fbf	hca:0494_10.1038_s41467-021-27895-0_bbe3158fbf	6	28	6	0	True	3	5	KRT18; DCN; MSR1; MYLK; SOX10	15	0.05454545454545455	0.0	0.0	0.0	0.9333333333333333	0.06666666666666667	0.06666666666666667	0.0	0.6
biorxiv	39623bbc-6d42-1014-9e37-a92d75e9c8ca	biorxiv:39623bbc-6d42-1014-9e37-a92d75e9c8ca	6	21	6	0	True	3	4	SOX9; COL17A1; GZMB; DUSP1	15	0.0674074074074074	0.0	0.0	0.05	0.7333333333333333	0.26666666666666666	0.13333333333333333	0.0	0.6666666666666666
biorxiv	48122146-7aab-1014-a240-edfb3f67c90f	biorxiv:48122146-7aab-1014-a240-edfb3f67c90f	6	18	6	0	True	3	4	COL10A1; SOX9; CD44; NANOG	15	0.06666666666666667	0.0	0.0	0.0	0.8666666666666667	0.13333333333333333	0.13333333333333333	0.0	0.4666666666666667
biorxiv	9338c4d5-712d-1014-b47b-dc1970abe2d9	biorxiv:9338c4d5-712d-1014-b47b-dc1970abe2d9	6	28	6	0	True	3	4	NANOG; TFAP2C; PRDM1; HNF4A	15	0.1725	0.0	0.0	0.3666666666666667	0.6	0.4	0.3333333333333333	0.0	1.9333333333333333
biorxiv	a0900ed8-7609-1014-846c-dd411913591f	biorxiv:a0900ed8-7609-1014-846c-dd411913591f	6	24	6	0	True	3	4	CREBBP; PROX1; CD36; DTX4	15	0.04126984126984127	0.0	0.0	0.041666666666666664	0.7333333333333333	0.13333333333333333	0.06666666666666667	0.0	0.3333333333333333
biorxiv	ee1031b0-6c51-1014-b641-cbb0196af9f8	biorxiv:ee1031b0-6c51-1014-b641-cbb0196af9f8	6	40	6	0	True	3	4	BARX2; ESR1; TBX3; PRSS22	15	0.03575757575757576	0.0	0.0	0.0	0.8	0.06666666666666667	0.06666666666666667	0.0	0.4
hca	0002_10.1038_s41586-019-1373-2_de5bb9e220	hca:0002_10.1038_s41586-019-1373-2_de5bb9e220	6	26	6	0	True	3	4	FGFR2; HES1; DERL3; HNF4A	15	0.025925925925925925	0.0	0.0	0.0	0.8	0.2	0.0	0.0	0.2
hca	0012_10.1164_rccm.202207-1384oc_21f7132a40	hca:0012_10.1164_rccm.202207-1384oc_21f7132a40	6	18	5	2	False	3	4	SFTPA1; CDH19; NOTCH3; MGP	15	0.08148148148148149	0.0	0.0	0.0	0.8666666666666667	0.13333333333333333	0.06666666666666667	0.06666666666666667	0.3333333333333333
hca	0160_10.1016_j.stem.2017.09.003_8fb14888a8	hca:0160_10.1016_j.stem.2017.09.003_8fb14888a8	6	45	6	0	True	3	4	SOHLH2; TSPYL5; TXNIP; SMC1B	15	0.024855699855699857	0.0	0.0	0.0	0.8	0.06666666666666667	0.06666666666666667	0.0	0.4
hca	0221_10.7554_elife.69603_ab573a325d	hca:0221_10.7554_elife.69603_ab573a325d	6	42	6	0	True	3	4	AREG; VEGFA; PGR; PTGS1	15	0.010690758516845474	0.0	0.0	0.0	0.8	0.0	0.0	0.0	0.2
hca	0235_10.1016_j.isci.2024.111337_a37d387ae6	hca:0235_10.1016_j.isci.2024.111337_a37d387ae6	6	29	5	2	False	3	4	GFAP; CD74; VIM; SLC1A3	15	0.08333333333333333	0.0	0.0	0.0	0.8	0.2	0.06666666666666667	0.06666666666666667	0.4666666666666667
hca	0265_10.1038_s41591-019-0750-6_ba0c7c2ce5	hca:0265_10.1038_s41591-019-0750-6_ba0c7c2ce5	6	18	5	2	False	3	4	SOX2; VIM; CDH1; NKG7	15	0.10666666666666666	0.0	0.0	0.1	0.7333333333333333	0.26666666666666666	0.06666666666666667	0.06666666666666667	0.4666666666666667
hca	0267_10.1038_s41586-019-1631-3_36f09e3445	hca:0267_10.1038_s41586-019-1631-3_36f09e3445	6	31	6	0	True	3	4	PDGFB; PLVAP; TNFRSF12A; MARCO	15	0.020588235294117647	0.0	0.0	0.0	0.8666666666666667	0.06666666666666667	0.06666666666666667	0.0	0.2
hca	0280_10.1681_asn.2017080890_022062f455	hca:0280_10.1681_asn.2017080890_022062f455	6	36	6	0	True	3	4	UNC5B; TNFRSF19; GATA3; CCND1	15	0.023611111111111107	0.0	0.0	0.0	0.8666666666666667	0.13333333333333333	0.0	0.0	0.4
hca	0398_10.3389_fimmu.2022.1034159_e51dfc8bb5	hca:0398_10.3389_fimmu.2022.1034159_e51dfc8bb5	6	29	6	0	True	3	4	APOBEC3H; TNFRSF1B; IFNGR1; APOBEC3A	15	0.2111214630779848	0.041666666666666664	0.0	0.38095238095238093	0.4666666666666667	0.4	0.4	0.0	3.2666666666666666
biorxiv	315fa881-726d-1014-9d3d-bbe9b5731a1d	biorxiv:315fa881-726d-1014-9d3d-bbe9b5731a1d	6	8	6	0	True	3	3	GZMB; NKG7; PRF1	15	0.4452380952380952	0.42857142857142855	0.33035714285714285	0.5714285714285714	0.0	1.0	0.9333333333333333	0.0	3.066666666666667
biorxiv	611722dd-8008-1014-b70e-fa0b81b0ac37	biorxiv:611722dd-8008-1014-b70e-fa0b81b0ac37	6	19	5	2	False	3	3	IFI6; APOBEC3A; GZMH	15	0.21111111111111114	0.0	0.0	0.4027777777777778	0.6	0.4	0.4	0.06666666666666667	1.6
hca	0379_10.1038_s41698-022-00300-9_7bb9a273c6	hca:0379_10.1038_s41698-022-00300-9_7bb9a273c6	6	19	5	2	False	3	3	TNFRSF9; GZMB; TCF7	15	0.11660561660561661	0.0	0.0	0.14285714285714285	0.5333333333333333	0.3333333333333333	0.06666666666666667	0.06666666666666667	0.8
biorxiv	dbf486c9-6c54-1014-9bc5-bf4d8f303013	biorxiv:dbf486c9-6c54-1014-9bc5-bf4d8f303013	6	4	2	6	False	1	1	HAL	15	0.8666666666666667	0.75	0.75	1.0	0.0	1.0	1.0	0.4666666666666667	3.066666666666667
biorxiv	5c1d40eb-7190-1014-a458-8ab6cf3c7650	biorxiv:5c1d40eb-7190-1014-a458-8ab6cf3c7650	5	15	5	0	True	3	4	TP63; KRT18; SLPI; CNN1	10	0.056666666666666664	0.0	0.0	0.0	0.8	0.2	0.1	0.0	0.3
biorxiv	7883a920-6c54-1014-9611-e2c343a4c7dc	biorxiv:7883a920-6c54-1014-9611-e2c343a4c7dc	5	15	5	0	True	3	4	EYA1; LRP2; PAX2; GATA3	10	0.075	0.0	0.0	0.0	0.9	0.1	0.1	0.0	0.3
biorxiv	78e3a11a-7eb2-1014-99eb-f342cda99662	biorxiv:78e3a11a-7eb2-1014-99eb-f342cda99662	5	16	5	0	True	3	4	SLC17A7; SOX6; SOX9; TOP2A	10	0.0	0.0	0.0	0.0	1.0	0.0	0.0	0.0	0.0
biorxiv	7a206a01-6c0e-1014-b046-f87c164ca53d	biorxiv:7a206a01-6c0e-1014-b046-f87c164ca53d	5	24	5	0	True	3	4	S100B; CD4; VIM; DCX	10	0.02	0.0	0.0	0.0	0.9	0.1	0.0	0.0	0.1
biorxiv	e3c88c7c-7fe3-1014-8c3f-f97dd191bd5b	biorxiv:e3c88c7c-7fe3-1014-8c3f-f97dd191bd5b	5	15	5	0	True	3	4	CD9; MYL9; CDH1; BPIFB1	10	0.17619047619047618	0.0	0.0	0.3214285714285714	0.7	0.3	0.3	0.0	1.1
biorxiv	e7144333-745a-1014-ab12-e9455a30c9da	biorxiv:e7144333-745a-1014-ab12-e9455a30c9da	5	13	5	0	True	3	4	NANOG; KLF4; KRT18; NODAL	10	0.12857142857142856	0.0	0.0	0.10714285714285714	0.7	0.3	0.2	0.0	0.9
biorxiv	f29672cc-6d87-1014-b915-87fbd4bb053f	biorxiv:f29672cc-6d87-1014-b915-87fbd4bb053f	5	16	5	0	True	3	4	TMCC3; NANOG; FOXA2; SIX3	10	0.0	0.0	0.0	0.0	1.0	0.0	0.0	0.0	0.0
hca	0006_10.3389_fcell.2022.835445_847c20f209	hca:0006_10.3389_fcell.2022.835445_847c20f209	5	27	5	0	True	3	4	TFAP2C; LHB; NANOG; SNAI1	10	0.0	0.0	0.0	0.0	1.0	0.0	0.0	0.0	0.0
hca	0026_10.1038_s41586-020-2922-4_1612ece6e2	hca:0026_10.1038_s41586-020-2922-4_1612ece6e2	5	25	5	0	True	3	4	DKK3; LYZ; PDGFRL; HBEGF	10	0.0	0.0	0.0	0.0	1.0	0.0	0.0	0.0	0.0
hca	0031_10.1016_j.jtos.2021.03.010_0c2fa1a2be	hca:0031_10.1016_j.jtos.2021.03.010_0c2fa1a2be	5	22	5	0	True	3	4	TP63; TYR; CASP14; BMP2	10	0.0	0.0	0.0	0.0	1.0	0.0	0.0	0.0	0.0
hca	0032_10.15252_msb.20209682_ea064ade0e	hca:0032_10.15252_msb.20209682_ea064ade0e	5	16	5	0	True	3	4	MARCO; CDH17; NKG7; COL1A1	10	0.0	0.0	0.0	0.0	1.0	0.0	0.0	0.0	0.0
hca	0073_10.1016_j.isci.2021.102482_6ff6d432ab	hca:0073_10.1016_j.isci.2021.102482_6ff6d432ab	5	20	5	0	True	3	4	PRDM1; CD38; CLEC2D; SDC1	10	0.07428571428571429	0.10555555555555556	0.0	0.1111111111111111	0.4	0.6	0.0	0.0	0.6
hca	0161_10.1681_asn.2020030326_bf5d42b566	hca:0161_10.1681_asn.2020030326_bf5d42b566	5	20	5	0	True	3	4	GZMB; IL32; NKG7; F13A1	10	0.075	0.0	0.0	0.0	0.9	0.1	0.1	0.0	0.3
hca	0165_10.1111_cpr.13557_b323e8d65a	hca:0165_10.1111_cpr.13557_b323e8d65a	5	38	5	0	True	3	4	ACTN1; KMT2C; ETV1; MYH7	10	0.013636363636363636	0.0	0.0	0.0	0.9	0.1	0.0	0.0	0.3
hca	0170_10.1038_s41556-021-00740-8_a1434832b6	hca:0170_10.1038_s41556-021-00740-8_a1434832b6	5	31	5	0	True	3	4	PXDN; TRAPPC6A; WNT5A; ID2	10	0.08	0.0	0.0	0.0	0.9	0.1	0.1	0.0	0.4
hca	0191_10.1126_sciimmunol.abh3768_bc0f7a7105	hca:0191_10.1126_sciimmunol.abh3768_bc0f7a7105	5	27	5	0	True	3	4	BCL6; RUNX3; IL4R; ELF2	10	0.014285714285714285	0.0	0.0	0.0	0.9	0.1	0.0	0.0	0.2
hca	0198_10.1038_s41467-021-27619-4_12529026b3	hca:0198_10.1038_s41467-021-27619-4_12529026b3	5	13	5	0	True	3	4	GZMK; PVR; FAP; ENTPD1	10	0.05	0.0	0.0	0.0	0.9	0.1	0.1	0.0	0.2
hca	0205_10.1038_s41588-020-0636-z_f39ba80540	hca:0205_10.1038_s41588-020-0636-z_f39ba80540	5	18	5	0	True	3	4	ACTA2; DCN; SOX10; CNN1	10	0.02857142857142857	0.0	0.0	0.0	0.9	0.1	0.1	0.0	0.2
hca	0209_10.1126_scitranslmed.abe4282_13877fdeac	hca:0209_10.1126_scitranslmed.abe4282_13877fdeac	5	39	5	0	True	3	4	VIM; PLTP; MMP9; INHBA	10	0.0	0.0	0.0	0.0	1.0	0.0	0.0	0.0	0.0
hca	0289_10.1172_jci.insight.93009_72829a2871	hca:0289_10.1172_jci.insight.93009_72829a2871	5	65	5	0	True	3	4	SELE; CD4; DCN; SLC12A3	10	0.0	0.0	0.0	0.0	1.0	0.0	0.0	0.0	0.0
hca	0321_10.1002_stem.3302_bfd2270715	hca:0321_10.1002_stem.3302_bfd2270715	5	16	5	0	True	3	4	CAV1; TP63; PGC; IGFBP2	10	0.1	0.0	0.0	0.0	0.8	0.2	0.2	0.0	0.6
hca	0330_10.1016_j.celrep.2020.01.007_2459125119	hca:0330_10.1016_j.celrep.2020.01.007_2459125119	5	14	5	0	True	3	4	DLL3; SLC1A3; VSX1; HES6	10	0.02	0.0	0.0	0.0	0.9	0.1	0.0	0.0	0.1
hca	0355_10.3389_fgene.2021.745483_5f4326fce7	hca:0355_10.3389_fgene.2021.745483_5f4326fce7	5	15	5	0	True	3	4	CXCL8; GATA1; NFKBIA; RETN	10	0.016666666666666666	0.0	0.0	0.0	0.9	0.1	0.0	0.0	0.1
hca	0358_10.1126_sciadv.aba1983_17b603cdcb	hca:0358_10.1126_sciadv.aba1983_17b603cdcb	5	41	5	0	True	3	4	PDGFRB; VIM; MYLK; GPC4	10	0.006666666666666666	0.0	0.0	0.0	0.9	0.0	0.0	0.0	0.1
hca	0383_10.1126_sciadv.aaw3851_fd6802ffee	hca:0383_10.1126_sciadv.aaw3851_fd6802ffee	5	18	5	0	True	3	4	VEGFA; FGFR2; FGF10; AQP5	10	0.04	0.0	0.0	0.0	0.9	0.1	0.1	0.0	0.2
hca	0430_10.1101_2021.07.06.451312_11ba989c20	hca:0430_10.1101_2021.07.06.451312_11ba989c20	5	32	5	0	True	3	4	DCN; SIGLEC1; MYL7; CCL2	10	0.0	0.0	0.0	0.0	1.0	0.0	0.0	0.0	0.0
hca	0467_10.1016_j.cell.2018.08.067_51639edc11	hca:0467_10.1016_j.cell.2018.08.067_51639edc11	5	42	5	0	True	3	4	DCN; CD74; PTGS2; HSD17B2	10	0.0	0.0	0.0	0.0	1.0	0.0	0.0	0.0	0.0
hca	0472_10.1016_j.stem.2019.12.005_97b804f298	hca:0472_10.1016_j.stem.2019.12.005_97b804f298	5	19	5	0	True	3	4	AMH; FGFR3; BAMBI; INHA	10	0.05	0.0	0.0	0.0	0.8	0.2	0.1	0.0	0.4
hca	0515_10.1084_jem.20201189_d8d9a9e257	hca:0515_10.1084_jem.20201189_d8d9a9e257	5	22	5	0	True	3	4	TRGC1; CD38; CD99; TGFB1	10	0.02727272727272727	0.0	0.0	0.0	0.9	0.1	0.1	0.0	0.3
biorxiv	01e5e65d-751c-1014-a8e3-b5f1d7a951ab	biorxiv:01e5e65d-751c-1014-a8e3-b5f1d7a951ab	5	39	5	0	True	3	3	IL21R; IL23A; CD33	10	0.02192982456140351	0.0	0.0	0.039473684210526314	0.7	0.1	0.0	0.0	0.4
biorxiv	10f6f17d-749e-1014-bdcf-fe1d1407f022	biorxiv:10f6f17d-749e-1014-bdcf-fe1d1407f022	5	41	5	0	True	3	3	GSN; PCSK1; SYNE2	10	0.007294429708222812	0.0	0.0	0.0	0.8	0.0	0.0	0.0	0.2
biorxiv	4d508308-6c00-1014-97df-8810bda21050	biorxiv:4d508308-6c00-1014-97df-8810bda21050	5	34	4	2	False	2	3	PROM1; POU2F2; GSTP1	10	0.1	0.0	0.0	0.0	0.9	0.1	0.1	0.1	1.2
biorxiv	8c3ef8a4-6c0e-1014-9b81-f1618d3e39b1	biorxiv:8c3ef8a4-6c0e-1014-9b81-f1618d3e39b1	5	14	5	0	True	3	3	PAX7; MYOG; ASPN	10	0.06666666666666667	0.0	0.0	0.0	0.8	0.2	0.2	0.0	0.4
biorxiv	ae5f009e-6d7a-1014-8ed6-cd1c0d2e0ada	biorxiv:ae5f009e-6d7a-1014-8ed6-cd1c0d2e0ada	5	43	5	0	True	3	3	TCF7; LAG3; LDHB	10	0.20327679814680982	0.1449579831932773	0.06578947368421052	0.18826473859844273	0.1	0.7	0.2	0.0	5.7
biorxiv	b01f00d1-6e6e-1014-8e4a-e846f4b1debe	biorxiv:b01f00d1-6e6e-1014-8e4a-e846f4b1debe	5	42	5	0	True	3	3	ASPN; SPARC; CXCL2	10	0.02724089635854342	0.0	0.0	0.05357142857142857	0.7	0.1	0.0	0.0	0.5
biorxiv	ebaf49e5-7438-1014-8951-c3e925f71d14	biorxiv:ebaf49e5-7438-1014-8951-c3e925f71d14	5	23	5	0	True	3	3	TSPO; ISG15; ITGA2B	10	0.0590909090909091	0.0	0.0	0.0	0.8	0.1	0.1	0.0	0.5
hca	0140_10.1101_2021.03.01.21252411_572fc1288d	hca:0140_10.1101_2021.03.01.21252411_572fc1288d	5	23	5	0	True	3	3	HIF1A; PPBP; GZMB	10	0.018803418803418803	0.0	0.0	0.0	0.8	0.1	0.0	0.0	0.2
hca	0155_10.1038_s41467-022-29588-8_ec4c5a4a22	hca:0155_10.1038_s41467-022-29588-8_ec4c5a4a22	5	51	5	0	True	3	3	ARX; ETV1; PAX6	10	0.038437761069340014	0.023809523809523808	0.0	0.05482456140350877	0.5	0.1	0.0	0.0	0.7
hca	0212_10.1038_s41586-022-04571-x_30a05d7904	hca:0212_10.1038_s41586-022-04571-x_30a05d7904	5	47	5	0	True	3	3	CYP26B1; RUNX1T1; CXCR4	10	0.05730994152046783	0.0	0.0	0.027777777777777776	0.6	0.2	0.1	0.0	1.4
hca	0238_10.1002_art.41813_55de40d8f6	hca:0238_10.1002_art.41813_55de40d8f6	5	29	5	0	True	3	3	CCL2; CCL13; TREM1	10	0.01534090909090909	0.0	0.0	0.0	0.8	0.0	0.0	0.0	0.2
hca	0261_10.1038_s41467-020-20082-7_77f7a74c30	hca:0261_10.1038_s41467-020-20082-7_77f7a74c30	5	51	5	0	True	3	3	TP63; FOXN1; MCAM	10	0.12207093844457728	0.10025062656641603	0.05295566502463054	0.1858974358974359	0.0	0.5	0.1	0.0	2.8
hca	0315_10.1158_2159-8290.cd-21-0683_4c7216e47a	hca:0315_10.1158_2159-8290.cd-21-0683_4c7216e47a	5	23	5	0	True	3	3	DCN; INHBA; GZMH	10	0.09555555555555555	0.0	0.0	0.0	0.8	0.1	0.1	0.0	0.9
hca	0345_10.3389_fimmu.2021.645666_15198bd9bb	hca:0345_10.3389_fimmu.2021.645666_15198bd9bb	5	41	5	0	True	3	3	HSPA5; RHOA; CD79B	10	0.08451178451178451	0.0	0.0	0.0	0.8	0.2	0.2	0.0	2.1
hca	0407_10.1093_humrep_deac183_7b0f560d74	hca:0407_10.1093_humrep_deac183_7b0f560d74	5	31	5	0	True	3	3	DCN; DES; CD79B	10	0.01575757575757576	0.0	0.0	0.0	0.8	0.0	0.0	0.0	0.2
hca	0433_10.15252_embr.201540946_1830154973	hca:0433_10.15252_embr.201540946_1830154973	5	24	5	0	True	3	3	ARX; MAFB; PAX6	10	0.020192307692307693	0.0	0.0	0.0	0.8	0.1	0.0	0.0	0.2
hca	0450_10.1101_2020.06.30.174391_27363b5885	hca:0450_10.1101_2020.06.30.174391_27363b5885	5	47	5	0	True	3	3	PAX6; CALCA; RORA	10	0.04245614035087719	0.0	0.0	0.0	0.8	0.2	0.1	0.0	0.7
hca	0464_10.1126_science.aat5031_cfde7f776b	hca:0464_10.1126_science.aat5031_cfde7f776b	5	17	5	0	True	3	3	LYZ; CD14; CX3CL1	10	0.14718614718614717	0.0	0.0	0.06818181818181818	0.7	0.2	0.2	0.0	1.0
hca	0514_10.1016_j.stemcr.2021.12.008_8ef526797f	hca:0514_10.1016_j.stemcr.2021.12.008_8ef526797f	5	17	5	0	True	3	3	TYR; TYRP1; VEGFA	10	0.3294531857031857	0.23214285714285715	0.19419642857142858	0.3717948717948718	0.0	1.0	0.5	0.0	4.0
biorxiv	c55f45c7-7001-1014-966f-865cda24634e	biorxiv:c55f45c7-7001-1014-966f-865cda24634e	5	29	4	2	False	2	2	LUM; COL6A3	10	0.17830697957013747	0.09090909090909091	0.06220095693779904	0.1111111111111111	0.0	0.4	0.1	0.1	1.4
biorxiv	2696a317-6c07-1014-9562-d326b0aa508e	biorxiv:2696a317-6c07-1014-9562-d326b0aa508e	4	27	4	0	True	2	3	IL7R; CD4; CD74	6	0.015151515151515152	0.0	0.0	0.0	0.8333333333333334	0.0	0.0	0.0	0.16666666666666666
biorxiv	2e0cb1c8-7146-1014-adb8-b57e9dddb191	biorxiv:2e0cb1c8-7146-1014-adb8-b57e9dddb191	4	25	4	0	True	2	3	SERPINE1; CCND1; CDC20	6	0.08637566137566137	0.08055555555555555	0.04821428571428571	0.1349206349206349	0.16666666666666666	0.5	0.0	0.0	1.0
biorxiv	37132c64-6c91-1014-a7ae-a25544128cc2	biorxiv:37132c64-6c91-1014-a7ae-a25544128cc2	4	12	4	0	True	2	3	C3; CXCL2; IFIT3	6	0.11428571428571428	0.0	0.0	0.21428571428571427	0.6666666666666666	0.3333333333333333	0.3333333333333333	0.0	0.6666666666666666
biorxiv	380e1251-6c2c-1014-8b2d-a217f3491f5e	biorxiv:380e1251-6c2c-1014-8b2d-a217f3491f5e	4	16	4	0	True	2	3	LAG3; CD57; KLRB1	6	0.2342796092796093	0.15476190476190477	0.09340659340659341	0.22916666666666666	0.16666666666666666	0.6666666666666666	0.3333333333333333	0.0	2.8333333333333335
biorxiv	4c59ca94-6c5e-1014-84d0-e9a5aa46ffef	biorxiv:4c59ca94-6c5e-1014-84d0-e9a5aa46ffef	4	29	4	0	True	2	3	SLC7A2; ACPP; ACP5	6	0.0	0.0	0.0	0.0	1.0	0.0	0.0	0.0	0.0
biorxiv	50c888ca-6c09-1014-89ca-dc13eaf87e62	biorxiv:50c888ca-6c09-1014-89ca-dc13eaf87e62	4	10	4	0	True	2	3	CDH2; FTL; KDR	6	0.19623015873015873	0.15476190476190477	0.14285714285714285	0.19166666666666668	0.0	1.0	0.16666666666666666	0.0	1.1666666666666667
biorxiv	55d0fee5-7079-1014-8ef3-9aa3522a8f21	biorxiv:55d0fee5-7079-1014-8ef3-9aa3522a8f21	4	21	4	0	True	2	3	IFIT5; SIGLEC1; LAG3	6	0.14074074074074072	0.08333333333333333	0.07083333333333333	0.10416666666666666	0.16666666666666666	0.3333333333333333	0.16666666666666666	0.0	1.1666666666666667
biorxiv	736bec2d-70bc-1014-bc7a-9d003fe8a69f	biorxiv:736bec2d-70bc-1014-bc7a-9d003fe8a69f	4	13	4	0	True	2	3	LAMB1; TIMP1; INHBA	6	0.0	0.0	0.0	0.0	1.0	0.0	0.0	0.0	0.0
biorxiv	7d48f408-80c3-1014-8100-959ab60f80b6	biorxiv:7d48f408-80c3-1014-8100-959ab60f80b6	4	18	4	0	True	2	3	IL1B; MARCO; CXCL12	6	0.015151515151515152	0.0	0.0	0.0	0.8333333333333334	0.0	0.0	0.0	0.16666666666666666
biorxiv	88b6dd17-6fa5-1014-96e8-90837e572e81	biorxiv:88b6dd17-6fa5-1014-96e8-90837e572e81	4	16	4	0	True	2	3	CD44; VIM; DCX	6	0.08333333333333333	0.0	0.0	0.0	0.8333333333333334	0.16666666666666666	0.16666666666666666	0.0	0.8333333333333334
biorxiv	8a79edc5-6e0d-1014-bd87-aa1de4068967	biorxiv:8a79edc5-6e0d-1014-bd87-aa1de4068967	4	36	4	0	True	2	3	GZMA; MARCO; TBX21	6	0.04141414141414142	0.045454545454545456	0.011363636363636364	0.06136363636363636	0.3333333333333333	0.0	0.0	0.0	0.8333333333333334
biorxiv	b88cbe76-6c0b-1014-a018-e498be98267a	biorxiv:b88cbe76-6c0b-1014-a018-e498be98267a	4	45	4	0	True	2	3	CD209; WNK1; SP100	6	0.03787878787878788	0.0	0.0	0.0	0.8333333333333334	0.16666666666666666	0.0	0.0	0.8333333333333334
biorxiv	caef9c14-6e13-1014-bca1-ba3172fec7b3	biorxiv:caef9c14-6e13-1014-bca1-ba3172fec7b3	4	14	4	0	True	2	3	DCN; CDH19; STAT1	6	0.07142857142857142	0.0	0.0	0.0	0.8333333333333334	0.16666666666666666	0.16666666666666666	0.0	0.5
biorxiv	fc7595eb-733c-1014-9892-ed444a916a2a	biorxiv:fc7595eb-733c-1014-9892-ed444a916a2a	4	17	4	0	True	2	3	RORC; NRP1; XCR1	6	0.015151515151515152	0.0	0.0	0.0	0.8333333333333334	0.0	0.0	0.0	0.16666666666666666
hca	0015_10.1126_science.aay3224_2393e60089	hca:0015_10.1126_science.aay3224_2393e60089	4	15	4	0	True	2	3	LAMP3; CHGA; FN1	6	0.0	0.0	0.0	0.0	1.0	0.0	0.0	0.0	0.0
hca	0033_10.26508_lsa.202000744_340b92b825	hca:0033_10.26508_lsa.202000744_340b92b825	4	25	4	0	True	2	3	CFTR; VIM; CST3	6	0.0	0.0	0.0	0.0	1.0	0.0	0.0	0.0	0.0
hca	0038_10.1038_s41586-022-04518-2_c7bd3c9981	hca:0038_10.1038_s41586-022-04518-2_c7bd3c9981	4	16	4	0	True	2	3	ELOVL5; DGAT2; PPARGC1A	6	0.0	0.0	0.0	0.0	1.0	0.0	0.0	0.0	0.0
hca	0046_10.1007_s00018-022-04559-w_6919bd92ba	hca:0046_10.1007_s00018-022-04559-w_6919bd92ba	4	25	4	0	True	2	3	PAX6; BEST2; FLT1	6	0.07777777777777778	0.0	0.0	0.0	0.8333333333333334	0.16666666666666666	0.16666666666666666	0.0	1.1666666666666667
hca	0078_10.1038_s41586-021-03570-8_93e4f0be8b	hca:0078_10.1038_s41586-021-03570-8_93e4f0be8b	4	18	4	0	True	2	3	TP63; OAS3; PPARG	6	0.0	0.0	0.0	0.0	1.0	0.0	0.0	0.0	0.0
hca	0110_10.1038_s41586-019-1506-7_3d44de0941	hca:0110_10.1038_s41586-019-1506-7_3d44de0941	4	16	4	0	True	2	3	FGFR3; UNC5B; LAMP5	6	0.0	0.0	0.0	0.0	1.0	0.0	0.0	0.0	0.0
hca	0125_10.1016_j.celrep.2023.111994_fd20125b65	hca:0125_10.1016_j.celrep.2023.111994_fd20125b65	4	17	4	0	True	2	3	FMO1; TYR; ITGA6	6	0.0	0.0	0.0	0.0	1.0	0.0	0.0	0.0	0.0
hca	0142_10.1016_j.immuni.2023.01.032_b86bd8b65d	hca:0142_10.1016_j.immuni.2023.01.032_b86bd8b65d	4	17	4	0	True	2	3	CD44; IFNGR1; ITGAE	6	0.07142857142857142	0.0	0.0	0.0	0.8333333333333334	0.16666666666666666	0.16666666666666666	0.0	0.5
hca	0247_10.1038_s41591-018-0096-5_140f8f392a	hca:0247_10.1038_s41591-018-0096-5_140f8f392a	4	24	4	0	True	2	3	TNFRSF9; MEF2C; GDF15	6	0.0	0.0	0.0	0.0	1.0	0.0	0.0	0.0	0.0
hca	0251_10.1038_s41588-023-01298-x_c85e8d4857	hca:0251_10.1038_s41588-023-01298-x_c85e8d4857	4	22	4	0	True	2	3	PROCR; NGFR; MCAM	6	0.022222222222222223	0.0	0.0	0.0	0.8333333333333334	0.16666666666666666	0.0	0.0	0.3333333333333333
hca	0255_10.1183_13993003.02441-2018_9965f84ef5	hca:0255_10.1183_13993003.02441-2018_9965f84ef5	4	26	4	0	True	2	3	FCN1; BIRC5; CD209	6	0.0	0.0	0.0	0.0	1.0	0.0	0.0	0.0	0.0
hca	0291_10.1016_j.cell.2019.06.024_7d6cf2f1e2	hca:0291_10.1016_j.cell.2019.06.024_7d6cf2f1e2	4	21	4	0	True	2	3	TYROBP; CLDN11; CD44	6	0.0	0.0	0.0	0.0	1.0	0.0	0.0	0.0	0.0
hca	0329_10.1164_rccm.201712-2410oc_fdd97d9097	hca:0329_10.1164_rccm.201712-2410oc_fdd97d9097	4	30	4	0	True	2	3	MARCO; TP63; TCL1A	6	0.0	0.0	0.0	0.0	1.0	0.0	0.0	0.0	0.0
hca	0338_10.3389_fnmol.2020.00134_d9eafa03d0	hca:0338_10.3389_fnmol.2020.00134_d9eafa03d0	4	22	4	0	True	2	3	TREM2; ACTB; TSPO	6	0.012820512820512822	0.0	0.0	0.0	0.8333333333333334	0.0	0.0	0.0	0.16666666666666666
hca	0347_10.1186_s12943-021-01419-2_236ba26890	hca:0347_10.1186_s12943-021-01419-2_236ba26890	4	15	4	0	True	2	3	CXCL12; CCL2; COL1A1	6	0.0	0.0	0.0	0.0	1.0	0.0	0.0	0.0	0.0
hca	0359_10.1101_759902_400af2c5fc	hca:0359_10.1101_759902_400af2c5fc	4	35	4	0	True	2	3	PDGFRB; VIM; MYLK	6	0.010416666666666666	0.0	0.0	0.0	0.8333333333333334	0.0	0.0	0.0	0.16666666666666666
hca	0362_10.1038_s41591-019-0733-7_d499f1b21b	hca:0362_10.1038_s41591-019-0733-7_d499f1b21b	4	13	4	0	True	2	3	STAT1; CD4; JAK3	6	0.023809523809523808	0.0	0.0	0.0	0.8333333333333334	0.16666666666666666	0.0	0.0	0.16666666666666666
hca	0387_10.1038_s41593-022-01061-1_5c1bbb5824	hca:0387_10.1038_s41593-022-01061-1_5c1bbb5824	4	19	4	0	True	2	3	CALB1; IGSF9B; GEM	6	0.06666666666666667	0.0	0.0	0.0	0.8333333333333334	0.16666666666666666	0.16666666666666666	0.0	0.3333333333333333
hca	0406_10.1093_brain_awab446_1c9ee67691	hca:0406_10.1093_brain_awab446_1c9ee67691	4	17	4	0	True	2	3	CD74; CD44; CADPS2	6	0.0	0.0	0.0	0.0	1.0	0.0	0.0	0.0	0.0
hca	0419_10.1038_s41588-021-00806-1_d66603cd99	hca:0419_10.1038_s41588-021-00806-1_d66603cd99	4	30	4	0	True	2	3	TFAP2B; ERBB3; CHGA	6	0.0	0.0	0.0	0.0	1.0	0.0	0.0	0.0	0.0
hca	0422_10.1038_s41591-020-1040-z_d966e12866	hca:0422_10.1038_s41591-020-1040-z_d966e12866	4	38	4	0	True	2	3	ITGA1; YBX3; IL2RB	6	0.006944444444444444	0.0	0.0	0.0	0.8333333333333334	0.0	0.0	0.0	0.16666666666666666
hca	0440_10.1186_s13073-023-01179-2_de903e74e7	hca:0440_10.1186_s13073-023-01179-2_de903e74e7	4	22	4	0	True	2	3	PDK4; THSD7A; TRPM3	6	0.0	0.0	0.0	0.0	1.0	0.0	0.0	0.0	0.0
hca	0457_10.1101_2024.02.02.578633_57d5a20898	hca:0457_10.1101_2024.02.02.578633_57d5a20898	4	15	4	0	True	2	3	MARCO; APOC3; CYP2E1	6	0.0	0.0	0.0	0.0	1.0	0.0	0.0	0.0	0.0
hca	0463_10.7554_elife.81525_0f73520e7f	hca:0463_10.7554_elife.81525_0f73520e7f	4	18	4	0	True	2	3	NEFM; CLEC11A; KRT18	6	0.0	0.0	0.0	0.0	1.0	0.0	0.0	0.0	0.0
hca	0471_10.1038_s41467-019-11947-7_0514f87944	hca:0471_10.1038_s41467-019-11947-7_0514f87944	4	17	4	0	True	2	3	IL32; GZMH; IFIT3	6	0.0	0.0	0.0	0.0	1.0	0.0	0.0	0.0	0.0
hca	0482_10.1016_j.devcel.2022.04.003_a4b7ddcf39	hca:0482_10.1016_j.devcel.2022.04.003_a4b7ddcf39	4	29	4	0	True	2	3	NFIX; PAX7; CD74	6	0.0	0.0	0.0	0.0	1.0	0.0	0.0	0.0	0.0
hca	0485_10.1038_s41467-021-26495-2_5e641690ff	hca:0485_10.1038_s41467-021-26495-2_5e641690ff	4	30	4	0	True	2	3	IGF1; PTN; AEBP1	6	0.0	0.0	0.0	0.0	1.0	0.0	0.0	0.0	0.0
hca	0490_10.1038_nsmb.2660_4e6a41d8b9	hca:0490_10.1038_nsmb.2660_4e6a41d8b9	4	16	4	0	True	2	3	KLF4; ATP1B3; FOXP1	6	0.16435185185185186	0.05555555555555555	0.0	0.12152777777777778	0.5	0.5	0.16666666666666666	0.0	0.8333333333333334
hca	0496_10.1038_s41593-020-00787-0_59956d4662	hca:0496_10.1038_s41593-020-00787-0_59956d4662	4	13	4	0	True	2	3	CUX2; LAMP5; BCL11B	6	0.0	0.0	0.0	0.0	1.0	0.0	0.0	0.0	0.0
biorxiv	1219c420-6c6a-1014-afb9-e13c88e111ed	biorxiv:1219c420-6c6a-1014-afb9-e13c88e111ed	4	9	3	2	False	2	2	CD38; CD4	6	0.3333333333333333	0.25	0.0	0.5	0.5	0.5	0.5	0.16666666666666666	1.1666666666666667
biorxiv	1e500b21-6c04-1014-adde-c104b14bbdad	biorxiv:1e500b21-6c04-1014-adde-c104b14bbdad	4	13	4	0	True	2	2	LAG3; PDCD1	6	0.06845238095238095	0.0	0.0	0.09375	0.6666666666666666	0.3333333333333333	0.16666666666666666	0.0	0.5
biorxiv	46ff2083-6fc4-1014-a2bb-cccc45a311c7	biorxiv:46ff2083-6fc4-1014-a2bb-cccc45a311c7	4	21	4	0	True	2	2	FOXP1; ASCL1	6	0.07407407407407407	0.0	0.0	0.08333333333333333	0.6666666666666666	0.3333333333333333	0.16666666666666666	0.0	0.6666666666666666
biorxiv	77d5f6bb-6c27-1014-a74d-a25d8b68d181	biorxiv:77d5f6bb-6c27-1014-a74d-a25d8b68d181	4	56	4	0	True	2	2	KLF6; GATA6	6	0.03049719887955182	0.028991596638655463	0.007142857142857143	0.03860294117647059	0.3333333333333333	0.0	0.0	0.0	0.8333333333333334
biorxiv	9a5466f2-6c88-1014-bd5d-ff8513618027	biorxiv:9a5466f2-6c88-1014-bd5d-ff8513618027	4	14	4	0	True	2	2	PTPRC; TBX21	6	0.1931818181818182	0.125	0.0	0.3352272727272727	0.5	0.5	0.5	0.0	2.0
biorxiv	9e5c18fc-76e5-1014-9f81-96148d260e0f	biorxiv:9e5c18fc-76e5-1014-9f81-96148d260e0f	4	9	4	0	True	2	2	CD44; S100B	6	0.2611111111111111	0.2	0.0	0.475	0.5	0.5	0.5	0.0	1.5
biorxiv	b629f2a0-6f39-1014-bcfe-d40330cad081	biorxiv:b629f2a0-6f39-1014-bcfe-d40330cad081	4	11	4	0	True	2	2	AURKA; HES4	6	0.14583333333333334	0.0	0.0	0.09375	0.6666666666666666	0.3333333333333333	0.16666666666666666	0.0	0.6666666666666666
biorxiv	e91c125a-709d-1014-bc43-9d192767cd15	biorxiv:e91c125a-709d-1014-bc43-9d192767cd15	4	33	4	0	True	2	2	PLAUR; PKM	6	0.3011104465709729	0.33625	0.23601973684210525	0.36272727272727273	0.0	1.0	0.6666666666666666	0.0	6.5
hca	0097_10.1038_s41586-019-1917-5_7f634d5353	hca:0097_10.1038_s41586-019-1917-5_7f634d5353	4	10	3	2	False	2	2	LHX6; MEIS2	6	0.16666666666666666	0.0	0.0	0.0	0.8333333333333334	0.16666666666666666	0.16666666666666666	0.16666666666666666	0.5
hca	0106_10.1101_585901_f6794b9c1b	hca:0106_10.1101_585901_f6794b9c1b	4	9	3	2	False	2	2	CPE; MYL	6	0.4166666666666667	0.375	0.0	0.75	0.5	0.5	0.5	0.16666666666666666	1.6666666666666667
hca	0111_10.1038_s41586-020-2157-4_a7b8710c09	hca:0111_10.1038_s41586-020-2157-4_a7b8710c09	4	10	4	0	True	2	2	HLA-DPA1; HLA-DRA	6	0.06666666666666667	0.0	0.0	0.15000000000000002	0.6666666666666666	0.3333333333333333	0.0	0.0	0.3333333333333333
hca	0186_10.1016_j.devcel.2020.01.033_6afe089f1e	hca:0186_10.1016_j.devcel.2020.01.033_6afe089f1e	4	15	4	0	True	2	2	ID2; PDPN	6	0.06428571428571428	0.0	0.0	0.07500000000000001	0.6666666666666666	0.3333333333333333	0.16666666666666666	0.0	0.5
hca	0260_10.1084_jem.20190811_d700cd1f81	hca:0260_10.1084_jem.20190811_d700cd1f81	4	19	4	0	True	2	2	LAMP3; CCL22	6	0.1351190476190476	0.12916666666666665	0.03125	0.23333333333333334	0.3333333333333333	0.6666666666666666	0.3333333333333333	0.0	1.6666666666666667
hca	0313_10.1016_j.celrep.2022.110467_a2771a8ae7	hca:0313_10.1016_j.celrep.2022.110467_a2771a8ae7	4	23	4	0	True	2	2	WWTR1; LGR4	6	0.07895127748068924	0.041666666666666664	0.0	0.1090686274509804	0.5	0.3333333333333333	0.16666666666666666	0.0	1.0
hca	0396_10.7554_elife.62522_10df7c4591	hca:0396_10.7554_elife.62522_10df7c4591	4	6	3	2	False	2	2	ACE2; SLC6A20	6	0.6722222222222222	0.6	0.525	0.775	0.0	1.0	1.0	0.16666666666666666	3.3333333333333335
hca	0401_10.21203_rs.3.rs-151881_v1_d8e8733600	hca:0401_10.21203_rs.3.rs-151881_v1_d8e8733600	4	10	3	2	False	2	2	CD9; CTNNA2	6	0.3	0.2	0.0	0.4	0.5	0.5	0.5	0.16666666666666666	1.3333333333333333
biorxiv	ca1bf343-7250-1014-ba36-aacb127d711a	biorxiv:ca1bf343-7250-1014-ba36-aacb127d711a	4	4	1	4	False	0	0		6	1.0	1.0	1.0	1.0	0.0	1.0	1.0	1.0	4.0
biorxiv	0c5b4463-70b4-1014-b7ae-f953f2710002	biorxiv:0c5b4463-70b4-1014-b7ae-f953f2710002	3	25	3	0	True	2	2	SLC2A3; ACAT1	3	0.0	0.0	0.0	0.0	1.0	0.0	0.0	0.0	0.0
biorxiv	1fa7b83f-6da7-1014-a69d-d257852e8dd1	biorxiv:1fa7b83f-6da7-1014-a69d-d257852e8dd1	3	19	3	0	True	2	2	CST7; TCF7	3	0.0	0.0	0.0	0.0	1.0	0.0	0.0	0.0	0.0
biorxiv	3491a20c-6c0b-1014-8496-82b032785c2c	biorxiv:3491a20c-6c0b-1014-8496-82b032785c2c	3	26	3	0	True	2	2	ABCC8; CHGB	3	0.0	0.0	0.0	0.0	1.0	0.0	0.0	0.0	0.0
biorxiv	38f92858-6c77-1014-a70a-b9d4e7b85d53	biorxiv:38f92858-6c77-1014-a70a-b9d4e7b85d53	3	7	3	0	True	2	2	IGF1; TIMP3	3	0.4563492063492063	0.3333333333333333	0.30952380952380953	0.5416666666666666	0.0	1.0	1.0	0.0	2.3333333333333335
biorxiv	396ad855-6e2e-1014-85f5-9bd33dea0f81	biorxiv:396ad855-6e2e-1014-85f5-9bd33dea0f81	3	20	3	0	True	2	2	CD4; VCAN	3	0.0	0.0	0.0	0.0	1.0	0.0	0.0	0.0	0.0
biorxiv	4d82e271-6c19-1014-9dbc-85c7d06c8caf	biorxiv:4d82e271-6c19-1014-9dbc-85c7d06c8caf	3	10	3	0	True	2	2	GABRE; PTPRZ1	3	0.047619047619047616	0.0	0.0	0.07142857142857142	0.6666666666666666	0.3333333333333333	0.0	0.0	0.3333333333333333
biorxiv	581b3311-6d06-1014-8bb1-e34795ede71e	biorxiv:581b3311-6d06-1014-8bb1-e34795ede71e	3	10	3	0	True	2	2	PAX6; SOX5	3	0.0	0.0	0.0	0.0	1.0	0.0	0.0	0.0	0.0
biorxiv	5daa9342-6d02-1014-8cb5-fa421631d820	biorxiv:5daa9342-6d02-1014-8cb5-fa421631d820	3	22	3	0	True	2	2	RORA; TXK	3	0.07142857142857142	0.0	0.0	0.10714285714285714	0.6666666666666666	0.3333333333333333	0.0	0.0	1.0
biorxiv	6c7d90a7-6cd2-1014-aa88-ae3f4e676730	biorxiv:6c7d90a7-6cd2-1014-aa88-ae3f4e676730	3	18	3	0	True	2	2	FGF10; MYL7	3	0.0	0.0	0.0	0.0	1.0	0.0	0.0	0.0	0.0
biorxiv	6f8501d1-6fb7-1014-a0e2-ce465eab4dbd	biorxiv:6f8501d1-6fb7-1014-a0e2-ce465eab4dbd	3	16	3	0	True	2	2	CS; ITGAE	3	0.061111111111111116	0.08333333333333333	0.041666666666666664	0.09166666666666667	0.3333333333333333	0.3333333333333333	0.0	0.0	0.6666666666666666
biorxiv	72d8cdf5-6fa5-1014-b805-ea9c7c557043	biorxiv:72d8cdf5-6fa5-1014-b805-ea9c7c557043	3	14	3	0	True	2	2	TYROBP; CXCL13	3	0.0	0.0	0.0	0.0	1.0	0.0	0.0	0.0	0.0
biorxiv	750a2ba6-6eaa-1014-b156-e23e824a62e0	biorxiv:750a2ba6-6eaa-1014-b156-e23e824a62e0	3	19	3	0	True	2	2	TBX21; TCF7	3	0.1534391534391534	0.07142857142857142	0.06349206349206349	0.20238095238095238	0.0	0.3333333333333333	0.3333333333333333	0.0	1.6666666666666667
biorxiv	824fd1db-6db8-1014-aa73-9a84848dcec3	biorxiv:824fd1db-6db8-1014-aa73-9a84848dcec3	3	9	3	0	True	2	2	MYL9; ACTA2	3	0.0	0.0	0.0	0.0	1.0	0.0	0.0	0.0	0.0
biorxiv	83c8ac0b-6e16-1014-a00e-d78ba7f4ca02	biorxiv:83c8ac0b-6e16-1014-a00e-d78ba7f4ca02	3	10	3	0	True	2	2	GIPR; GHRHR	3	0.047619047619047616	0.0	0.0	0.07142857142857142	0.6666666666666666	0.3333333333333333	0.0	0.0	0.3333333333333333
biorxiv	8f45ef4c-6d70-1014-815c-a556cc0c38ce	biorxiv:8f45ef4c-6d70-1014-815c-a556cc0c38ce	3	13	3	0	True	2	2	CST7; CD79A	3	0.0	0.0	0.0	0.0	1.0	0.0	0.0	0.0	0.0
biorxiv	99e5c433-6bf4-1014-a840-83babdf09f03	biorxiv:99e5c433-6bf4-1014-a840-83babdf09f03	3	8	3	0	True	2	2	CD69; IRF1	3	0.13333333333333333	0.0	0.0	0.2	0.6666666666666666	0.3333333333333333	0.3333333333333333	0.0	0.6666666666666666
biorxiv	9b741001-784a-1014-b0c0-93f88f9233f4	biorxiv:9b741001-784a-1014-b0c0-93f88f9233f4	3	14	3	0	True	2	2	SNAI2; PTPRC	3	0.0	0.0	0.0	0.0	1.0	0.0	0.0	0.0	0.0
biorxiv	9c7f8281-6c21-1014-a6df-b6c543b29cb8	biorxiv:9c7f8281-6c21-1014-a6df-b6c543b29cb8	3	13	3	0	True	2	2	CD38; CD22	3	0.047619047619047616	0.0	0.0	0.07142857142857142	0.6666666666666666	0.3333333333333333	0.0	0.0	0.3333333333333333
biorxiv	a6ffed23-717d-1014-ae02-d2e67f78dddd	biorxiv:a6ffed23-717d-1014-ae02-d2e67f78dddd	3	9	3	0	True	2	2	CD4; LYZ	3	0.0	0.0	0.0	0.0	1.0	0.0	0.0	0.0	0.0
biorxiv	a96dba70-6cf7-1014-a294-bf2ca6d364a0	biorxiv:a96dba70-6cf7-1014-a294-bf2ca6d364a0	3	32	3	0	True	2	2	CFLAR; CDC27	3	0.013888888888888888	0.0	0.0	0.020833333333333332	0.6666666666666666	0.0	0.0	0.0	0.3333333333333333
biorxiv	acd52af7-6c95-1014-8d0b-873ff14c4a57	biorxiv:acd52af7-6c95-1014-8d0b-873ff14c4a57	3	22	3	0	True	2	2	FYN; ANLN	3	0.0	0.0	0.0	0.0	1.0	0.0	0.0	0.0	0.0
biorxiv	bd0ff218-6c18-1014-ac36-a01faa0bb6b7	biorxiv:bd0ff218-6c18-1014-ac36-a01faa0bb6b7	3	20	3	0	True	2	2	CD4; TRBV4-2	3	0.06666666666666667	0.0	0.0	0.1	0.6666666666666666	0.3333333333333333	0.0	0.0	0.3333333333333333
biorxiv	d95eb71e-714d-1014-9dc7-c3da2c2efb45	biorxiv:d95eb71e-714d-1014-9dc7-c3da2c2efb45	3	14	3	0	True	2	2	LGALS1; MYBL2	3	0.030303030303030304	0.0	0.0	0.045454545454545456	0.6666666666666666	0.0	0.0	0.0	0.3333333333333333
biorxiv	de6d33dd-734f-1014-a302-e21bedf0ba65	biorxiv:de6d33dd-734f-1014-a302-e21bedf0ba65	3	15	3	0	True	2	2	TNFRSF9; TCF7	3	0.0	0.0	0.0	0.0	1.0	0.0	0.0	0.0	0.0
hca	0008_10.1016_j.cels.2016.09.002_fd6b21337a	hca:0008_10.1016_j.cels.2016.09.002_fd6b21337a	3	38	3	0	True	2	2	ARX; FTL	3	0.0	0.0	0.0	0.0	1.0	0.0	0.0	0.0	0.0
hca	0037_10.1038_s41593-019-0539-4_24ef44df9e	hca:0037_10.1038_s41593-019-0539-4_24ef44df9e	3	23	3	0	True	2	2	TBXAS1; SYT1	3	0.0	0.0	0.0	0.0	1.0	0.0	0.0	0.0	0.0
hca	0043_10.1038_s41556-023-01108-w_511ea5e6f6	hca:0043_10.1038_s41556-023-01108-w_511ea5e6f6	3	13	3	0	True	2	2	DAZL; KRT18	3	0.0	0.0	0.0	0.0	1.0	0.0	0.0	0.0	0.0
hca	0096_10.1126_sciadv.abo2467_05989af98e	hca:0096_10.1126_sciadv.abo2467_05989af98e	3	18	3	0	True	2	2	CD74; FBXO7	3	0.047619047619047616	0.0	0.0	0.07142857142857142	0.6666666666666666	0.3333333333333333	0.0	0.0	0.6666666666666666
hca	0101_10.1038_s41467-020-15647-5_d22ec8f4b6	hca:0101_10.1038_s41467-020-15647-5_d22ec8f4b6	3	8	3	0	True	2	2	TNC; COL1A1	3	0.19999999999999998	0.0	0.0	0.3	0.6666666666666666	0.3333333333333333	0.3333333333333333	0.0	1.0
hca	0162_10.1016_j.kint.2021.11.031_93f85a569c	hca:0162_10.1016_j.kint.2021.11.031_93f85a569c	3	9	3	0	True	2	2	ITGA3; NPHS2	3	0.16666666666666666	0.0	0.0	0.25	0.6666666666666666	0.3333333333333333	0.3333333333333333	0.0	1.0
hca	0168_10.1038_s41586-022-04552-0_f98a6428c8	hca:0168_10.1038_s41586-022-04552-0_f98a6428c8	3	6	3	0	True	2	2	CEACAM6; SPP1	3	0.2333333333333333	0.2	0.1	0.35	0.3333333333333333	0.6666666666666666	0.3333333333333333	0.0	1.0
hca	0175_10.1038_s41587-020-00796-1_81545d4d48	hca:0175_10.1038_s41587-020-00796-1_81545d4d48	3	13	3	0	True	2	2	ICAM1; CCL7	3	0.037037037037037035	0.0	0.0	0.05555555555555555	0.6666666666666666	0.3333333333333333	0.0	0.0	0.3333333333333333
hca	0180_10.1016_j.immuni.2019.11.014_dd3bbb9bc1	hca:0180_10.1016_j.immuni.2019.11.014_dd3bbb9bc1	3	14	3	0	True	2	2	TNFRSF9; LAG3	3	0.0	0.0	0.0	0.0	1.0	0.0	0.0	0.0	0.0
hca	0193_10.15252_emmm.202012871_3b35c5fb8f	hca:0193_10.15252_emmm.202012871_3b35c5fb8f	3	16	3	0	True	2	2	CFH; TNC	3	0.03333333333333333	0.0	0.0	0.05	0.6666666666666666	0.3333333333333333	0.0	0.0	0.3333333333333333
hca	0208_10.1038_nbt.2967_18c9fd3939	hca:0208_10.1038_nbt.2967_18c9fd3939	3	12	3	0	True	2	2	PAX6; SLC1A3	3	0.0	0.0	0.0	0.0	1.0	0.0	0.0	0.0	0.0
hca	0214_10.1126_science.abo0510_808a3cb920	hca:0214_10.1126_science.abo0510_808a3cb920	3	11	3	0	True	2	2	DNTT; SPN	3	0.0	0.0	0.0	0.0	1.0	0.0	0.0	0.0	0.0
hca	0216_10.1038_s41588-021-00972-2_b07f96cf7c	hca:0216_10.1038_s41588-021-00972-2_b07f96cf7c	3	11	3	0	True	2	2	PTGS1; CSRNP1	3	0.125	0.0	0.0	0.1875	0.6666666666666666	0.3333333333333333	0.3333333333333333	0.0	1.0
hca	0234_10.1038_s41467-022-32972-z_b918df798f	hca:0234_10.1038_s41467-022-32972-z_b918df798f	3	20	3	0	True	2	2	PROM1; HNF4A	3	0.15303643724696356	0.15384615384615385	0.12955465587044535	0.17692307692307693	0.0	1.0	0.0	0.0	2.0
hca	0252_10.1073_pnas.2025813118_95804f2d74	hca:0252_10.1073_pnas.2025813118_95804f2d74	3	18	3	0	True	2	2	ACTB; SLC17A7	3	0.0	0.0	0.0	0.0	1.0	0.0	0.0	0.0	0.0
hca	0266_10.1016_j.neuron.2021.05.003_0cca870e2c	hca:0266_10.1016_j.neuron.2021.05.003_0cca870e2c	3	9	3	0	True	2	2	ATP1B3; GAD1	3	0.0	0.0	0.0	0.0	1.0	0.0	0.0	0.0	0.0
hca	0269_10.1016_j.xgen.2022.100142_dd45161589	hca:0269_10.1016_j.xgen.2022.100142_dd45161589	3	11	3	0	True	2	2	DCX; POU4F2	3	0.5348484848484848	0.45454545454545453	0.42727272727272725	0.6022727272727273	0.0	1.0	1.0	0.0	5.0
hca	0270_10.1038_s41467-022-30557-4_ba2c76ba96	hca:0270_10.1038_s41467-022-30557-4_ba2c76ba96	3	14	3	0	True	2	2	PTPRC; CD209	3	0.0	0.0	0.0	0.0	1.0	0.0	0.0	0.0	0.0
hca	0294_10.1038_ni.3368_b6f196ee59	hca:0294_10.1038_ni.3368_b6f196ee59	3	21	3	0	True	2	2	TNFRSF1B; IL17RB	3	0.0	0.0	0.0	0.0	1.0	0.0	0.0	0.0	0.0
hca	0296_10.1038_s41467-021-25328-6_8814b43a21	hca:0296_10.1038_s41467-021-25328-6_8814b43a21	3	19	3	0	True	2	2	TNMD; CENPF	3	0.0	0.0	0.0	0.0	1.0	0.0	0.0	0.0	0.0
hca	0300_10.1186_s13287-023-03256-0_d71fd1c1ed	hca:0300_10.1186_s13287-023-03256-0_d71fd1c1ed	3	9	3	0	True	2	2	CD74; THBS4	3	0.05555555555555555	0.0	0.0	0.08333333333333333	0.6666666666666666	0.3333333333333333	0.0	0.0	0.3333333333333333
hca	0304_10.1126_sciimmunol.abg5539_d30f748444	hca:0304_10.1126_sciimmunol.abg5539_d30f748444	3	13	3	0	True	2	2	PTPRC; C1ORF54	3	0.0	0.0	0.0	0.0	1.0	0.0	0.0	0.0	0.0
hca	0306_10.1038_s41467-021-22368-w_5524560e05	hca:0306_10.1038_s41467-021-22368-w_5524560e05	3	19	3	0	True	2	2	PROM1; SLC12A1	3	0.0	0.0	0.0	0.0	1.0	0.0	0.0	0.0	0.0
hca	0340_10.1038_s41467-020-16164-1_15fae00c00	hca:0340_10.1038_s41467-020-16164-1_15fae00c00	3	11	3	0	True	2	2	MARCO; CCL20	3	0.0	0.0	0.0	0.0	1.0	0.0	0.0	0.0	0.0
hca	0343_10.1038_s41597-019-0351-8_0cf4fb36a1	hca:0343_10.1038_s41597-019-0351-8_0cf4fb36a1	3	8	3	0	True	2	2	NKG7; ATP6V1B1	3	0.13333333333333333	0.0	0.0	0.2	0.6666666666666666	0.3333333333333333	0.3333333333333333	0.0	0.6666666666666666
hca	0357_10.1126_science.abf1970_a409ac73f2	hca:0357_10.1126_science.abf1970_a409ac73f2	3	9	3	0	True	2	2	TBX21; GZMH	3	0.16666666666666666	0.0	0.0	0.25	0.6666666666666666	0.3333333333333333	0.3333333333333333	0.0	1.0
hca	0363_10.1016_j.omtn.2021.03.017_8083e53d24	hca:0363_10.1016_j.omtn.2021.03.017_8083e53d24	3	10	3	0	True	2	2	TP63; CEACAM6	3	0.0	0.0	0.0	0.0	1.0	0.0	0.0	0.0	0.0
hca	0377_10.7554_elife.64875_32e53ae733	hca:0377_10.7554_elife.64875_32e53ae733	3	7	3	0	True	2	2	CAMK2A; PENK	3	0.25	0.0	0.0	0.375	0.6666666666666666	0.3333333333333333	0.3333333333333333	0.0	1.0
hca	0397_10.1186_s13059-023-03111-8_05defe1911	hca:0397_10.1186_s13059-023-03111-8_05defe1911	3	17	3	0	True	2	2	NFIX; REST	3	0.037037037037037035	0.0	0.0	0.05555555555555555	0.6666666666666666	0.3333333333333333	0.0	0.0	0.3333333333333333
hca	0416_10.1126_science.aat1699_46d73cdfcb	hca:0416_10.1126_science.aat1699_46d73cdfcb	3	8	3	0	True	2	2	FLT4; FLT1	3	0.06666666666666667	0.0	0.0	0.1	0.6666666666666666	0.3333333333333333	0.0	0.0	0.3333333333333333
hca	0448_10.1101_2022.02.15.480622_6cb3eae5b8	hca:0448_10.1101_2022.02.15.480622_6cb3eae5b8	3	11	3	0	True	2	2	ATP1A2; PTPRC	3	0.0	0.0	0.0	0.0	1.0	0.0	0.0	0.0	0.0
hca	0497_10.1016_j.cell.2016.03.023_1e72ea1d04	hca:0497_10.1016_j.cell.2016.03.023_1e72ea1d04	3	30	3	0	True	2	2	FGF4; GATA3	3	0.0	0.0	0.0	0.0	1.0	0.0	0.0	0.0	0.0
hca	0512_10.1016_j.gastha.2022.12.004_3866b352db	hca:0512_10.1016_j.gastha.2022.12.004_3866b352db	3	46	3	0	True	2	2	KITLG; GUCY1B1	3	0.04584304584304585	0.06060606060606061	0.030303030303030304	0.06876456876456877	0.3333333333333333	0.0	0.0	0.0	1.3333333333333333
hca	0513_10.1186_s13059-019-1906-x_0a4cb34cd5	hca:0513_10.1186_s13059-019-1906-x_0a4cb34cd5	3	12	3	0	True	2	2	CD5L; SFTPA1	3	0.0	0.0	0.0	0.0	1.0	0.0	0.0	0.0	0.0
biorxiv	5200cce7-72d7-1014-98f6-994ae061fa4b	biorxiv:5200cce7-72d7-1014-98f6-994ae061fa4b	3	6	2	2	False	1	1	EBI3	3	0.3333333333333333	0.0	0.0	0.5	0.6666666666666666	0.3333333333333333	0.3333333333333333	0.3333333333333333	1.0
biorxiv	bc5fc02e-800c-1014-9d28-ba34bfc46990	biorxiv:bc5fc02e-800c-1014-9d28-ba34bfc46990	3	6	2	2	False	1	1	KCNMB4	3	0.4444444444444445	0.16666666666666666	0.16666666666666666	0.5833333333333333	0.0	1.0	0.3333333333333333	0.3333333333333333	2.0
hca	0010_10.1016_j.cels.2016.08.011_1f66aabffa	hca:0010_10.1016_j.cels.2016.08.011_1f66aabffa	3	7	2	2	False	1	1	ESR1	3	0.3333333333333333	0.0	0.0	0.5	0.6666666666666666	0.3333333333333333	0.3333333333333333	0.3333333333333333	1.0
hca	0262_10.1038_s41586-018-0698-6_e4aeb353b8	hca:0262_10.1038_s41586-018-0698-6_e4aeb353b8	3	8	2	2	False	1	1	CLEC2D	3	0.4166666666666667	0.125	0.125	0.5625	0.0	1.0	0.3333333333333333	0.3333333333333333	2.6666666666666665
biorxiv	466eace1-7692-1014-9cbc-8d16e477b905	biorxiv:466eace1-7692-1014-9cbc-8d16e477b905	3	3	1	3	False	0	0		3	1.0	1.0	1.0	1.0	0.0	1.0	1.0	1.0	3.0
biorxiv	b4865554-70d4-1014-b98c-d54405b178ea	biorxiv:b4865554-70d4-1014-b98c-d54405b178ea	3	4	1	3	False	0	0		3	1.0	1.0	1.0	1.0	0.0	1.0	1.0	1.0	4.0
biorxiv	0bcdadb5-70f3-1014-974d-abbf00aa9865	biorxiv:0bcdadb5-70f3-1014-974d-abbf00aa9865	2	8	2	0	True	1	1	CXCL2	1	0.0	0.0	0.0	0.0	1.0	0.0	0.0	0.0	0.0
biorxiv	11b72b7e-6c1b-1014-84e4-aaf6df161d14	biorxiv:11b72b7e-6c1b-1014-84e4-aaf6df161d14	2	10	2	0	True	1	1	CD209	1	0.1	0.1	0.1	0.1	0.0	1.0	0.0	0.0	1.0
biorxiv	1819420a-7028-1014-9d82-b8532c727b67	biorxiv:1819420a-7028-1014-9d82-b8532c727b67	2	10	2	0	True	1	1	PAX6	1	0.0	0.0	0.0	0.0	1.0	0.0	0.0	0.0	0.0
biorxiv	1b938bfc-6db4-1014-bcdd-aff1924d9f72	biorxiv:1b938bfc-6db4-1014-bcdd-aff1924d9f72	2	5	2	0	True	1	1	MYH11	1	0.8	0.8	0.8	0.8	0.0	1.0	1.0	0.0	4.0
biorxiv	1efd9fbe-6f02-1014-8df4-f37a8d806beb	biorxiv:1efd9fbe-6f02-1014-8df4-f37a8d806beb	2	5	2	0	True	1	1	CD274	1	0.6	0.6	0.6	0.6	0.0	1.0	1.0	0.0	3.0
biorxiv	1f87890c-7e00-1014-91de-cf40554be0ec	biorxiv:1f87890c-7e00-1014-91de-cf40554be0ec	2	7	2	0	True	1	1	LYZ	1	0.0	0.0	0.0	0.0	1.0	0.0	0.0	0.0	0.0
biorxiv	24629940-6c09-1014-990c-ab0ee25195e2	biorxiv:24629940-6c09-1014-990c-ab0ee25195e2	2	6	2	0	True	1	1	ISL1	1	0.0	0.0	0.0	0.0	1.0	0.0	0.0	0.0	0.0
biorxiv	29ae8fb9-6d50-1014-8923-847f08fdc25e	biorxiv:29ae8fb9-6d50-1014-8923-847f08fdc25e	2	11	2	0	True	1	1	DCN	1	0.0	0.0	0.0	0.0	1.0	0.0	0.0	0.0	0.0
biorxiv	29dae57b-6d36-1014-8489-e77255373be6	biorxiv:29dae57b-6d36-1014-8489-e77255373be6	2	11	2	0	True	1	1	PTPRC	1	0.09090909090909091	0.09090909090909091	0.09090909090909091	0.09090909090909091	0.0	0.0	0.0	0.0	1.0
biorxiv	30a348aa-6c75-1014-b586-8a08f0d76748	biorxiv:30a348aa-6c75-1014-b586-8a08f0d76748	2	8	2	0	True	1	1	HAS1	1	0.125	0.125	0.125	0.125	0.0	1.0	0.0	0.0	1.0
biorxiv	3ae0337b-6d88-1014-9c93-86c75bb9b558	biorxiv:3ae0337b-6d88-1014-9c93-86c75bb9b558	2	27	2	0	True	1	1	SAMD4A	1	0.1111111111111111	0.1111111111111111	0.1111111111111111	0.1111111111111111	0.0	1.0	0.0	0.0	3.0
biorxiv	41a5df78-7c74-1014-a3a2-9b6aef50b1e5	biorxiv:41a5df78-7c74-1014-a3a2-9b6aef50b1e5	2	9	2	0	True	1	1	TCF7	1	0.1111111111111111	0.1111111111111111	0.1111111111111111	0.1111111111111111	0.0	1.0	0.0	0.0	1.0
biorxiv	4c4207c3-7213-1014-8a55-9b25fcf723e1	biorxiv:4c4207c3-7213-1014-8a55-9b25fcf723e1	2	13	2	0	True	1	1	CD38	1	0.0	0.0	0.0	0.0	1.0	0.0	0.0	0.0	0.0
biorxiv	51fac41a-6c0a-1014-9c40-ecb16ebed7ec	biorxiv:51fac41a-6c0a-1014-9c40-ecb16ebed7ec	2	6	2	0	True	1	1	SMAD5	1	0.16666666666666666	0.16666666666666666	0.16666666666666666	0.16666666666666666	0.0	1.0	0.0	0.0	1.0
biorxiv	54c905c7-6e9f-1014-9168-935cc2dc841b	biorxiv:54c905c7-6e9f-1014-9168-935cc2dc841b	2	8	2	0	True	1	1	LGALS1	1	0.125	0.125	0.125	0.125	0.0	1.0	0.0	0.0	1.0
biorxiv	5dff1c13-6c00-1014-9211-b5130fed8524	biorxiv:5dff1c13-6c00-1014-9211-b5130fed8524	2	11	2	0	True	1	1	MPO	1	0.0	0.0	0.0	0.0	1.0	0.0	0.0	0.0	0.0
biorxiv	653bfd04-6cbf-1014-864b-c74846f5cd96	biorxiv:653bfd04-6cbf-1014-864b-c74846f5cd96	2	10	2	0	True	1	1	CD38	1	0.1	0.1	0.1	0.1	0.0	1.0	0.0	0.0	1.0
biorxiv	700d25d7-7306-1014-9c30-ec481bfe1ae1	biorxiv:700d25d7-7306-1014-9c30-ec481bfe1ae1	2	18	2	0	True	1	1	CD74	1	0.2222222222222222	0.2222222222222222	0.2222222222222222	0.2222222222222222	0.0	1.0	0.0	0.0	4.0
biorxiv	783f7e3b-7683-1014-81ff-bc1eeadb858f	biorxiv:783f7e3b-7683-1014-81ff-bc1eeadb858f	2	6	2	0	True	1	1	TAC1	1	0.0	0.0	0.0	0.0	1.0	0.0	0.0	0.0	0.0
biorxiv	7c2da8c6-7024-1014-8c11-de157ff3a710	biorxiv:7c2da8c6-7024-1014-8c11-de157ff3a710	2	46	2	0	True	1	1	LIG3	1	0.0	0.0	0.0	0.0	1.0	0.0	0.0	0.0	0.0
biorxiv	84e54dbc-6c17-1014-b8ff-c69d804e210e	biorxiv:84e54dbc-6c17-1014-b8ff-c69d804e210e	2	15	2	0	True	1	1	DCT	1	0.3333333333333333	0.3333333333333333	0.3333333333333333	0.3333333333333333	0.0	1.0	1.0	0.0	5.0
biorxiv	9081da13-83e1-1014-ba34-dc521a45201b	biorxiv:9081da13-83e1-1014-ba34-dc521a45201b	2	6	2	0	True	1	1	CD72	1	0.5	0.5	0.5	0.5	0.0	1.0	1.0	0.0	3.0
biorxiv	9ea3f9c1-6d62-1014-8a0f-e0eee23ad569	biorxiv:9ea3f9c1-6d62-1014-8a0f-e0eee23ad569	2	11	2	0	True	1	1	CD4	1	0.0	0.0	0.0	0.0	1.0	0.0	0.0	0.0	0.0
biorxiv	a9b298c9-7797-1014-9b95-8bbbe23c746a	biorxiv:a9b298c9-7797-1014-9b95-8bbbe23c746a	2	7	2	0	True	1	1	TTC38	1	0.0	0.0	0.0	0.0	1.0	0.0	0.0	0.0	0.0
biorxiv	ab2a1489-7001-1014-b2bf-f5e47d205c33	biorxiv:ab2a1489-7001-1014-b2bf-f5e47d205c33	2	9	2	0	True	1	1	NOTCH3	1	0.0	0.0	0.0	0.0	1.0	0.0	0.0	0.0	0.0
biorxiv	b9f9eea1-7c5b-1014-87f0-cbc500249f07	biorxiv:b9f9eea1-7c5b-1014-87f0-cbc500249f07	2	6	2	0	True	1	1	RNF144B	1	0.0	0.0	0.0	0.0	1.0	0.0	0.0	0.0	0.0
biorxiv	bc60e3db-6f3b-1014-9d48-bca06f1504df	biorxiv:bc60e3db-6f3b-1014-9d48-bca06f1504df	2	15	2	0	True	1	1	CFTR	1	0.0	0.0	0.0	0.0	1.0	0.0	0.0	0.0	0.0
biorxiv	c07140e5-7138-1014-aa16-8cb2f542cef3	biorxiv:c07140e5-7138-1014-aa16-8cb2f542cef3	2	24	2	0	True	1	1	PDK4	1	0.08333333333333333	0.08333333333333333	0.08333333333333333	0.08333333333333333	0.0	0.0	0.0	0.0	2.0
biorxiv	c6b2e62c-6bf8-1014-b389-a9824584e0b5	biorxiv:c6b2e62c-6bf8-1014-b389-a9824584e0b5	2	9	2	0	True	1	1	PAX2	1	0.0	0.0	0.0	0.0	1.0	0.0	0.0	0.0	0.0
biorxiv	c8264099-6fc3-1014-9d27-9ae05a0c1d33	biorxiv:c8264099-6fc3-1014-9d27-9ae05a0c1d33	2	6	2	0	True	1	1	CD4	1	0.0	0.0	0.0	0.0	1.0	0.0	0.0	0.0	0.0
biorxiv	c94927bb-7bec-1014-9cd8-fedd121e156b	biorxiv:c94927bb-7bec-1014-9cd8-fedd121e156b	2	8	2	0	True	1	1	OAS1	1	0.0	0.0	0.0	0.0	1.0	0.0	0.0	0.0	0.0
biorxiv	cc41b42e-6c00-1014-9887-9bb7d49b64ad	biorxiv:cc41b42e-6c00-1014-9887-9bb7d49b64ad	2	19	2	0	True	1	1	TGFBR3	1	0.0	0.0	0.0	0.0	1.0	0.0	0.0	0.0	0.0
biorxiv	d249a77b-6c97-1014-8df4-e171a53e6bf0	biorxiv:d249a77b-6c97-1014-8df4-e171a53e6bf0	2	9	2	0	True	1	1	CDC27	1	0.0	0.0	0.0	0.0	1.0	0.0	0.0	0.0	0.0
biorxiv	d5d99202-6f97-1014-84ab-c6b2cf40b34b	biorxiv:d5d99202-6f97-1014-84ab-c6b2cf40b34b	2	10	2	0	True	1	1	TJP1	1	0.0	0.0	0.0	0.0	1.0	0.0	0.0	0.0	0.0
biorxiv	d95d7dc6-6c35-1014-b1f0-b4af8a20948e	biorxiv:d95d7dc6-6c35-1014-b1f0-b4af8a20948e	2	8	2	0	True	1	1	SMOC2	1	0.0	0.0	0.0	0.0	1.0	0.0	0.0	0.0	0.0
biorxiv	e6e04172-6c15-1014-9229-c57ac33d21f6	biorxiv:e6e04172-6c15-1014-9229-c57ac33d21f6	2	7	2	0	True	1	1	CD79B	1	0.0	0.0	0.0	0.0	1.0	0.0	0.0	0.0	0.0
biorxiv	e78eaa01-6c93-1014-839e-bb3dc2108ab1	biorxiv:e78eaa01-6c93-1014-839e-bb3dc2108ab1	2	7	2	0	True	1	1	DCN	1	0.0	0.0	0.0	0.0	1.0	0.0	0.0	0.0	0.0
biorxiv	e8350987-7003-1014-ae7a-192d8e5e2a06	biorxiv:e8350987-7003-1014-ae7a-192d8e5e2a06	2	19	2	0	True	1	1	KCNQ1	1	0.15789473684210525	0.15789473684210525	0.15789473684210525	0.15789473684210525	0.0	1.0	0.0	0.0	3.0
biorxiv	ede8f8d0-6d2d-1014-a8e8-fbbc8a92dcf4	biorxiv:ede8f8d0-6d2d-1014-a8e8-fbbc8a92dcf4	2	4	2	0	True	1	1	CIT	1	0.75	0.75	0.75	0.75	0.0	1.0	1.0	0.0	3.0
biorxiv	fa200037-7001-1014-b4a8-b2d1b5dda72e	biorxiv:fa200037-7001-1014-b4a8-b2d1b5dda72e	2	10	2	0	True	1	1	CLEC10A	1	0.0	0.0	0.0	0.0	1.0	0.0	0.0	0.0	0.0
biorxiv	fbd95004-6cf9-1014-bead-f9f2e4a06d20	biorxiv:fbd95004-6cf9-1014-bead-f9f2e4a06d20	2	8	2	0	True	1	1	NKG7	1	0.0	0.0	0.0	0.0	1.0	0.0	0.0	0.0	0.0
biorxiv	fd4da487-6bfd-1014-9109-ef3323dd2b7b	biorxiv:fd4da487-6bfd-1014-9109-ef3323dd2b7b	2	9	2	0	True	1	1	SELE	1	0.0	0.0	0.0	0.0	1.0	0.0	0.0	0.0	0.0
biorxiv	ffdab866-6d97-1014-b85a-c9e16d463b4e	biorxiv:ffdab866-6d97-1014-b85a-c9e16d463b4e	2	16	2	0	True	1	1	BCORL1	1	0.0	0.0	0.0	0.0	1.0	0.0	0.0	0.0	0.0
hca	0013_10.1016_j.cell.2022.01.012_62a71f9225	hca:0013_10.1016_j.cell.2022.01.012_62a71f9225	2	10	2	0	True	1	1	VCAN	1	0.0	0.0	0.0	0.0	1.0	0.0	0.0	0.0	0.0
hca	0020_10.1038_s44161-022-00019-7_10ae5c8129	hca:0020_10.1038_s44161-022-00019-7_10ae5c8129	2	22	2	0	True	1	1	PFKP	1	0.045454545454545456	0.045454545454545456	0.045454545454545456	0.045454545454545456	0.0	0.0	0.0	0.0	1.0
hca	0025_10.1038_s41467-020-17876-0_159e232bbb	hca:0025_10.1038_s41467-020-17876-0_159e232bbb	2	8	2	0	True	1	1	GABRA1	1	0.0	0.0	0.0	0.0	1.0	0.0	0.0	0.0	0.0
hca	0030_10.1016_j.jcmgh.2022.02.007_2ccf593bb9	hca:0030_10.1016_j.jcmgh.2022.02.007_2ccf593bb9	2	19	2	0	True	1	1	CFTR	1	0.0	0.0	0.0	0.0	1.0	0.0	0.0	0.0	0.0
hca	0036_10.1016_j.cell.2021.10.024_2ce0b899c4	hca:0036_10.1016_j.cell.2021.10.024_2ce0b899c4	2	10	2	0	True	1	1	MYH7	1	0.0	0.0	0.0	0.0	1.0	0.0	0.0	0.0	0.0
hca	0057_10.1038_s41586-019-0903-2_059a54df94	hca:0057_10.1038_s41586-019-0903-2_059a54df94	2	8	2	0	True	1	1	CD74	1	0.0	0.0	0.0	0.0	1.0	0.0	0.0	0.0	0.0
hca	0074_10.3389_fimmu.2022.846281_c0060ff2e9	hca:0074_10.3389_fimmu.2022.846281_c0060ff2e9	2	8	2	0	True	1	1	LY75	1	0.0	0.0	0.0	0.0	1.0	0.0	0.0	0.0	0.0
hca	0075_10.1126_scitranslmed.abm1375_6de08b3db5	hca:0075_10.1126_scitranslmed.abm1375_6de08b3db5	2	22	2	0	True	1	1	CD44	1	0.09090909090909091	0.09090909090909091	0.09090909090909091	0.09090909090909091	0.0	0.0	0.0	0.0	2.0
hca	0091_10.1101_2025.06.19.660575_df9b499d76	hca:0091_10.1101_2025.06.19.660575_df9b499d76	2	11	2	0	True	1	1	CD44	1	0.0	0.0	0.0	0.0	1.0	0.0	0.0	0.0	0.0
hca	0098_10.1038_s41586-020-03148-w_f50cb505c0	hca:0098_10.1038_s41586-020-03148-w_f50cb505c0	2	10	2	0	True	1	1	FOXP3	1	0.0	0.0	0.0	0.0	1.0	0.0	0.0	0.0	0.0
hca	0103_10.1172_jci.insight.151621_2faf375c31	hca:0103_10.1172_jci.insight.151621_2faf375c31	2	33	2	0	True	1	1	ARX	1	0.2727272727272727	0.2727272727272727	0.2727272727272727	0.2727272727272727	0.0	1.0	1.0	0.0	9.0
hca	0118_10.1016_j.jid.2019.07.726_f70095db05	hca:0118_10.1016_j.jid.2019.07.726_f70095db05	2	8	2	0	True	1	1	TNC	1	0.0	0.0	0.0	0.0	1.0	0.0	0.0	0.0	0.0
hca	0121_10.7554_elife.62810_069377f2ec	hca:0121_10.7554_elife.62810_069377f2ec	2	7	2	0	True	1	1	IGF1	1	0.0	0.0	0.0	0.0	1.0	0.0	0.0	0.0	0.0
hca	0127_10.1016_j.cell.2021.11.031_38bd899f1b	hca:0127_10.1016_j.cell.2021.11.031_38bd899f1b	2	30	2	0	True	1	1	FOSL2	1	0.03333333333333333	0.03333333333333333	0.03333333333333333	0.03333333333333333	0.0	0.0	0.0	0.0	1.0
hca	0152_10.15252_embr.201847483_d14f9b2105	hca:0152_10.15252_embr.201847483_d14f9b2105	2	7	2	0	True	1	1	DCN	1	0.0	0.0	0.0	0.0	1.0	0.0	0.0	0.0	0.0
hca	0153_10.1038_s41556-020-00607-4_a7b29ac44b	hca:0153_10.1038_s41556-020-00607-4_a7b29ac44b	2	14	2	0	True	1	1	SPO11	1	0.07142857142857142	0.07142857142857142	0.07142857142857142	0.07142857142857142	0.0	0.0	0.0	0.0	1.0
hca	0172_10.1093_hmg_ddab140_444d3c140d	hca:0172_10.1093_hmg_ddab140_444d3c140d	2	9	2	0	True	1	1	FAT1	1	0.0	0.0	0.0	0.0	1.0	0.0	0.0	0.0	0.0
hca	0182_10.1126_sciimmunol.abk1741_33c534a538	hca:0182_10.1126_sciimmunol.abk1741_33c534a538	2	6	2	0	True	1	1	LYZ	1	0.0	0.0	0.0	0.0	1.0	0.0	0.0	0.0	0.0
hca	0211_10.1016_j.cels.2022.06.005_7669df70b6	hca:0211_10.1016_j.cels.2022.06.005_7669df70b6	2	12	2	0	True	1	1	TP63	1	0.0	0.0	0.0	0.0	1.0	0.0	0.0	0.0	0.0
hca	0225_10.1016_j.exer.2019.05.001_df51932aea	hca:0225_10.1016_j.exer.2019.05.001_df51932aea	2	7	2	0	True	1	1	NEFM	1	0.0	0.0	0.0	0.0	1.0	0.0	0.0	0.0	0.0
hca	0226_10.1038_s41593-020-00764-7_dc0bba5691	hca:0226_10.1038_s41593-020-00764-7_dc0bba5691	2	16	2	0	True	1	1	CD44	1	0.0	0.0	0.0	0.0	1.0	0.0	0.0	0.0	0.0
hca	0231_10.1101_2023.08.08.551504_0d646c9546	hca:0231_10.1101_2023.08.08.551504_0d646c9546	2	6	2	0	True	1	1	POSTN	1	0.0	0.0	0.0	0.0	1.0	0.0	0.0	0.0	0.0
hca	0263_10.1126_science.abq3061_cd915f6391	hca:0263_10.1126_science.abq3061_cd915f6391	2	13	2	0	True	1	1	VIM	1	0.23076923076923078	0.23076923076923078	0.23076923076923078	0.23076923076923078	0.0	1.0	0.0	0.0	3.0
hca	0272_10.1016_j.cell.2020.04.035_15a2d05837	hca:0272_10.1016_j.cell.2020.04.035_15a2d05837	2	11	2	0	True	1	1	CEACAM5	1	0.18181818181818182	0.18181818181818182	0.18181818181818182	0.18181818181818182	0.0	1.0	0.0	0.0	2.0
hca	0279_10.1186_s12860-019-0199-y_bf14d4299c	hca:0279_10.1186_s12860-019-0199-y_bf14d4299c	2	12	2	0	True	1	1	ID2	1	0.0	0.0	0.0	0.0	1.0	0.0	0.0	0.0	0.0
hca	0342_10.18632_aging.203124_280d72e18e	hca:0342_10.18632_aging.203124_280d72e18e	2	6	2	0	True	1	1	LTF	1	0.0	0.0	0.0	0.0	1.0	0.0	0.0	0.0	0.0
hca	0351_10.1038_s41422-018-0103-x_169d6c1666	hca:0351_10.1038_s41422-018-0103-x_169d6c1666	2	10	2	0	True	1	1	SIRT1	1	0.1	0.1	0.1	0.1	0.0	1.0	0.0	0.0	1.0
hca	0373_10.1038_s41592-018-0253-2_ae3c4efc48	hca:0373_10.1038_s41592-018-0253-2_ae3c4efc48	2	8	2	0	True	1	1	MEOX1	1	0.0	0.0	0.0	0.0	1.0	0.0	0.0	0.0	0.0
hca	0393_10.1038_s42255-022-00531-x_b92878970e	hca:0393_10.1038_s42255-022-00531-x_b92878970e	2	10	2	0	True	1	1	SPI1	1	0.0	0.0	0.0	0.0	1.0	0.0	0.0	0.0	0.0
hca	0412_10.1038_s41598-019-57110-6_5feef6086a	hca:0412_10.1038_s41598-019-57110-6_5feef6086a	2	7	2	0	True	1	1	EGR1	1	0.0	0.0	0.0	0.0	1.0	0.0	0.0	0.0	0.0
hca	0417_10.1101_gr.212720.116_ba8d2583ab	hca:0417_10.1101_gr.212720.116_ba8d2583ab	2	9	2	0	True	1	1	TNS1	1	0.0	0.0	0.0	0.0	1.0	0.0	0.0	0.0	0.0
hca	0425_10.1038_s41598-017-05266-4_54c44ec7e0	hca:0425_10.1038_s41598-017-05266-4_54c44ec7e0	2	46	2	0	True	1	1	PDK4	1	0.0	0.0	0.0	0.0	1.0	0.0	0.0	0.0	0.0
hca	0431_10.1038_s44161-022-00028-6_b4c8c1227f	hca:0431_10.1038_s44161-022-00028-6_b4c8c1227f	2	12	2	0	True	1	1	SIGLEC1	1	0.08333333333333333	0.08333333333333333	0.08333333333333333	0.08333333333333333	0.0	0.0	0.0	0.0	1.0
hca	0477_10.1172_jci157338_273d70a217	hca:0477_10.1172_jci157338_273d70a217	2	14	2	0	True	1	1	GCLM	1	0.07142857142857142	0.07142857142857142	0.07142857142857142	0.07142857142857142	0.0	0.0	0.0	0.0	1.0
hca	0509_10.1186_s13073-021-00941-8_26def488c5	hca:0509_10.1186_s13073-021-00941-8_26def488c5	2	8	2	0	True	1	1	CFTR	1	0.0	0.0	0.0	0.0	1.0	0.0	0.0	0.0	0.0
hca	0511_10.1016_j.jcmgh.2020.12.014_7220e03ee7	hca:0511_10.1016_j.jcmgh.2020.12.014_7220e03ee7	2	7	2	0	True	1	1	GAL	1	0.0	0.0	0.0	0.0	1.0	0.0	0.0	0.0	0.0
biorxiv	b71d9b5e-6f1d-1014-9408-ec8c7da502b4	biorxiv:b71d9b5e-6f1d-1014-9408-ec8c7da502b4	2	4	1	2	False	0	0		1	1.0	1.0	1.0	1.0	0.0	1.0	1.0	1.0	4.0
