{
  "command": "-c",
  "model": "claude-opus-4-6",
  "created_at": 1770504720,
  "num_extractions": 203,
  "processing_time_sec": 138.34,
  "input_tokens": 814,
  "cached_tokens": 0,
  "output_tokens": 13480,
  "total_tokens": 14294,
  "input_cost": 0.004070000000000001,
  "cached_cost": 0.0,
  "output_cost": 0.337,
  "total_cost": 0.34107000000000004
}