folder	doi	publication_title	project_count	metadata_json	resolution_json	manuscript_path	manuscript_html	manuscript_xml	biorxiv_manuscript_xml	manuscript_pdf	biorxiv_metadata_json
0001_10.1016_j.celrep.2018.11.086_7aff07407b	10.1016/j.celrep.2018.11.086	A Cellular Anatomy of the Normal Adult Human Prostate and Prostatic Urethra	1	data/hca/manuscripts/0001_10.1016_j.celrep.2018.11.086_7aff07407b/metadata.json	data/hca/manuscripts/0001_10.1016_j.celrep.2018.11.086_7aff07407b/resolution.json	data/hca/manuscripts/0001_10.1016_j.celrep.2018.11.086_7aff07407b/manuscript.md		data/hca/manuscripts/0001_10.1016_j.celrep.2018.11.086_7aff07407b/manuscript.xml			
0002_10.1038_s41586-019-1373-2_de5bb9e220	10.1038/s41586-019-1373-2	A human liver cell atlas reveals heterogeneity and epithelial progenitors.	1	data/hca/manuscripts/0002_10.1038_s41586-019-1373-2_de5bb9e220/metadata.json	data/hca/manuscripts/0002_10.1038_s41586-019-1373-2_de5bb9e220/resolution.json	data/hca/manuscripts/0002_10.1038_s41586-019-1373-2_de5bb9e220/manuscript.md		data/hca/manuscripts/0002_10.1038_s41586-019-1373-2_de5bb9e220/manuscript.xml			
0003_10.3389_fimmu.2021.645988_480a5ea7f6	10.3389/fimmu.2021.645988	A Partial Picture of the Single-Cell Transcriptomics of Human IgA Nephropathy	1	data/hca/manuscripts/0003_10.3389_fimmu.2021.645988_480a5ea7f6/metadata.json	data/hca/manuscripts/0003_10.3389_fimmu.2021.645988_480a5ea7f6/resolution.json	data/hca/manuscripts/0003_10.3389_fimmu.2021.645988_480a5ea7f6/manuscript.md		data/hca/manuscripts/0003_10.3389_fimmu.2021.645988_480a5ea7f6/manuscript.xml			
0004_10.21203_rs.3.pex-953_v2_dd809035b1	10.21203/rs.3.pex-953/v2	A Protocol for Revealing Oral Neutrophil Heterogeneity by Single-Cell Immune Profiling in Human Saliva	1	data/hca/manuscripts/0004_10.21203_rs.3.pex-953_v2_dd809035b1/metadata.json	data/hca/manuscripts/0004_10.21203_rs.3.pex-953_v2_dd809035b1/resolution.json		data/hca/manuscripts/0004_10.21203_rs.3.pex-953_v2_dd809035b1/manuscript.html				
0005_10.1164_rccm.201911-2199oc_566d136724	10.1164/rccm.201911-2199oc	A Single-Cell Atlas of the Human Healthy Airways.	1	data/hca/manuscripts/0005_10.1164_rccm.201911-2199oc_566d136724/metadata.json	data/hca/manuscripts/0005_10.1164_rccm.201911-2199oc_566d136724/resolution.json						
0006_10.3389_fcell.2022.835445_847c20f209	10.3389/fcell.2022.835445	Single-cell RNA-seq reveals sequential trophoblast transition during human embryo implantation	1	data/hca/manuscripts/0006_10.3389_fcell.2022.835445_847c20f209/metadata.json	data/hca/manuscripts/0006_10.3389_fcell.2022.835445_847c20f209/resolution.json	data/hca/manuscripts/0006_10.3389_fcell.2022.835445_847c20f209/manuscript.md		data/hca/manuscripts/0006_10.3389_fcell.2022.835445_847c20f209/manuscript.xml			
0007_10.1016_j.stem.2022.09.010_b0ba37bc2c	10.1016/j.stem.2022.09.010	A single-cell transcriptome atlas of glial diversity in the human hippocampus across the postnatal lifespan	1	data/hca/manuscripts/0007_10.1016_j.stem.2022.09.010_b0ba37bc2c/metadata.json	data/hca/manuscripts/0007_10.1016_j.stem.2022.09.010_b0ba37bc2c/resolution.json	data/hca/manuscripts/0007_10.1016_j.stem.2022.09.010_b0ba37bc2c/manuscript.md	data/hca/manuscripts/0007_10.1016_j.stem.2022.09.010_b0ba37bc2c/manuscript.html				
0008_10.1016_j.cels.2016.09.002_fd6b21337a	10.1016/j.cels.2016.09.002	A Single-Cell Transcriptome Atlas of the Human Pancreas.	1	data/hca/manuscripts/0008_10.1016_j.cels.2016.09.002_fd6b21337a/metadata.json	data/hca/manuscripts/0008_10.1016_j.cels.2016.09.002_fd6b21337a/resolution.json	data/hca/manuscripts/0008_10.1016_j.cels.2016.09.002_fd6b21337a/manuscript.md		data/hca/manuscripts/0008_10.1016_j.cels.2016.09.002_fd6b21337a/manuscript.xml			
0009_10.1016_j.devcel.2020.11.002_b750df5ec6	10.1016/j.devcel.2020.11.002	A Single-Cell Transcriptomic Atlas of Human Skin Aging.	1	data/hca/manuscripts/0009_10.1016_j.devcel.2020.11.002_b750df5ec6/metadata.json	data/hca/manuscripts/0009_10.1016_j.devcel.2020.11.002_b750df5ec6/resolution.json		data/hca/manuscripts/0009_10.1016_j.devcel.2020.11.002_b750df5ec6/manuscript.html	data/hca/manuscripts/0009_10.1016_j.devcel.2020.11.002_b750df5ec6/manuscript.xml			
0010_10.1016_j.cels.2016.08.011_1f66aabffa	10.1016/j.cels.2016.08.011	A Single-Cell Transcriptomic Map of the Human and Mouse Pancreas Reveals Inter- and Intra-cell Population Structure.	1	data/hca/manuscripts/0010_10.1016_j.cels.2016.08.011_1f66aabffa/metadata.json	data/hca/manuscripts/0010_10.1016_j.cels.2016.08.011_1f66aabffa/resolution.json	data/hca/manuscripts/0010_10.1016_j.cels.2016.08.011_1f66aabffa/manuscript.md	data/hca/manuscripts/0010_10.1016_j.cels.2016.08.011_1f66aabffa/manuscript.html				
0011_10.1038_s41413-021-00163-z_07f1a1af96	10.1038/s41413-021-00163-z	Spatially defined single-cell transcriptional profiling characterizes diverse chondrocyte subtypes and nucleus pulposus progenitors in human intervertebral discs.	1	data/hca/manuscripts/0011_10.1038_s41413-021-00163-z_07f1a1af96/metadata.json	data/hca/manuscripts/0011_10.1038_s41413-021-00163-z_07f1a1af96/resolution.json	data/hca/manuscripts/0011_10.1038_s41413-021-00163-z_07f1a1af96/manuscript.md		data/hca/manuscripts/0011_10.1038_s41413-021-00163-z_07f1a1af96/manuscript.xml			
0012_10.1164_rccm.202207-1384oc_21f7132a40	10.1164/rccm.202207-1384oc	A Unique Cellular Organization of Human Distal Airways and Its Disarray in Chronic Obstructive Pulmonary Disease	1	data/hca/manuscripts/0012_10.1164_rccm.202207-1384oc_21f7132a40/metadata.json	data/hca/manuscripts/0012_10.1164_rccm.202207-1384oc_21f7132a40/resolution.json	data/hca/manuscripts/0012_10.1164_rccm.202207-1384oc_21f7132a40/manuscript.md	data/hca/manuscripts/0012_10.1164_rccm.202207-1384oc_21f7132a40/manuscript.html				
0013_10.1016_j.cell.2022.01.012_62a71f9225	10.1016/j.cell.2022.01.012	A blood atlas of COVID-19 defines hallmarks of disease severity and specificity.	1	data/hca/manuscripts/0013_10.1016_j.cell.2022.01.012_62a71f9225/metadata.json	data/hca/manuscripts/0013_10.1016_j.cell.2022.01.012_62a71f9225/resolution.json	data/hca/manuscripts/0013_10.1016_j.cell.2022.01.012_62a71f9225/manuscript.md		data/hca/manuscripts/0013_10.1016_j.cell.2022.01.012_62a71f9225/manuscript.xml			
0014_10.1101_2024.09.10.612293_d3a16eb9c8	10.1101/2024.09.10.612293	A cell and transcriptome atlas of human arterial vasculature	1	data/hca/manuscripts/0014_10.1101_2024.09.10.612293_d3a16eb9c8/metadata.json	data/hca/manuscripts/0014_10.1101_2024.09.10.612293_d3a16eb9c8/resolution.json	data/hca/manuscripts/0014_10.1101_2024.09.10.612293_d3a16eb9c8/manuscript.md		data/hca/manuscripts/0014_10.1101_2024.09.10.612293_d3a16eb9c8/manuscript.xml			data/hca/manuscripts/0014_10.1101_2024.09.10.612293_d3a16eb9c8/biorxiv_metadata.json
0015_10.1126_science.aay3224_2393e60089	10.1126/science.aay3224	A cell atlas of human thymic development defines T cell repertoire formation.	1	data/hca/manuscripts/0015_10.1126_science.aay3224_2393e60089/metadata.json	data/hca/manuscripts/0015_10.1126_science.aay3224_2393e60089/resolution.json	data/hca/manuscripts/0015_10.1126_science.aay3224_2393e60089/manuscript.md	data/hca/manuscripts/0015_10.1126_science.aay3224_2393e60089/manuscript.html				
0016_10.1038_s41591-019-0468-5_ffb52d8b70	10.1038/s41591-019-0468-5	A cellular census of human lungs identifies novel cell states in health and in asthma.	1	data/hca/manuscripts/0016_10.1038_s41591-019-0468-5_ffb52d8b70/metadata.json	data/hca/manuscripts/0016_10.1038_s41591-019-0468-5_ffb52d8b70/resolution.json	data/hca/manuscripts/0016_10.1038_s41591-019-0468-5_ffb52d8b70/manuscript.md	data/hca/manuscripts/0016_10.1038_s41591-019-0468-5_ffb52d8b70/manuscript.html				
0017_10.1038_s41467-019-10291-0_971d922fd8	10.1038/s41467-019-10291-0	"A comprehensive single cell transcriptional
landscape of human hematopoietic progenitors"	1	data/hca/manuscripts/0017_10.1038_s41467-019-10291-0_971d922fd8/metadata.json	data/hca/manuscripts/0017_10.1038_s41467-019-10291-0_971d922fd8/resolution.json	data/hca/manuscripts/0017_10.1038_s41467-019-10291-0_971d922fd8/manuscript.md		data/hca/manuscripts/0017_10.1038_s41467-019-10291-0_971d922fd8/manuscript.xml			
0018_10.1016_j.devcel.2022.05.003_fb5132407d	10.1016/j.devcel.2022.05.003	A human breast atlas integrating single-cell proteomics and transcriptomics	1	data/hca/manuscripts/0018_10.1016_j.devcel.2022.05.003_fb5132407d/metadata.json	data/hca/manuscripts/0018_10.1016_j.devcel.2022.05.003_fb5132407d/resolution.json	data/hca/manuscripts/0018_10.1016_j.devcel.2022.05.003_fb5132407d/manuscript.md	data/hca/manuscripts/0018_10.1016_j.devcel.2022.05.003_fb5132407d/manuscript.html				
0019_10.1126_science.aba7721_1646acb14b	10.1126/science.aba7721	A human cell atlas of fetal gene expression.	1	data/hca/manuscripts/0019_10.1126_science.aba7721_1646acb14b/metadata.json	data/hca/manuscripts/0019_10.1126_science.aba7721_1646acb14b/resolution.json	data/hca/manuscripts/0019_10.1126_science.aba7721_1646acb14b/manuscript.md	data/hca/manuscripts/0019_10.1126_science.aba7721_1646acb14b/manuscript.html				
0020_10.1038_s44161-022-00019-7_10ae5c8129	10.1038/s44161-022-00019-7	A human cell atlas of the pressure-induced hypertrophic heart	1	data/hca/manuscripts/0020_10.1038_s44161-022-00019-7_10ae5c8129/metadata.json	data/hca/manuscripts/0020_10.1038_s44161-022-00019-7_10ae5c8129/resolution.json	data/hca/manuscripts/0020_10.1038_s44161-022-00019-7_10ae5c8129/manuscript.md		data/hca/manuscripts/0020_10.1038_s44161-022-00019-7_10ae5c8129/manuscript.xml			
0021_10.1038_s41586-023-06806-x_7900919dd3	10.1038/s41586-023-06806-x	A human embryonic limb cell atlas resolved in space and time	1	data/hca/manuscripts/0021_10.1038_s41586-023-06806-x_7900919dd3/metadata.json	data/hca/manuscripts/0021_10.1038_s41586-023-06806-x_7900919dd3/resolution.json	data/hca/manuscripts/0021_10.1038_s41586-023-06806-x_7900919dd3/manuscript.md		data/hca/manuscripts/0021_10.1038_s41586-023-06806-x_7900919dd3/manuscript.xml			
0022_10.1101_2022.01.11.474933_304a6b40d6	10.1101/2022.01.11.474933	A human fetal lung cell atlas uncovers proximal-distal gradients of differentiation and key regulators of epithelial fates	1	data/hca/manuscripts/0022_10.1101_2022.01.11.474933_304a6b40d6/metadata.json	data/hca/manuscripts/0022_10.1101_2022.01.11.474933_304a6b40d6/resolution.json	data/hca/manuscripts/0022_10.1101_2022.01.11.474933_304a6b40d6/manuscript.md	data/hca/manuscripts/0022_10.1101_2022.01.11.474933_304a6b40d6/manuscript.html				
0023_10.1016_j.cmet.2024.04.017_8c7684b322	10.1016/j.cmet.2024.04.017	A human omentum-specific mesothelial-like stromal population inhibits adipogenesis through IGFBP2 secretion	1	data/hca/manuscripts/0023_10.1016_j.cmet.2024.04.017_8c7684b322/metadata.json	data/hca/manuscripts/0023_10.1016_j.cmet.2024.04.017_8c7684b322/resolution.json		data/hca/manuscripts/0023_10.1016_j.cmet.2024.04.017_8c7684b322/manuscript.html	data/hca/manuscripts/0023_10.1016_j.cmet.2024.04.017_8c7684b322/manuscript.xml			
0024_10.1101_2023.05.01.538871_7e4c731021	10.1101/2023.05.01.538871	A human omentum-specific mesothelial-like stromal population inhibits adipogenesis through IGFBP2 secretion	1	data/hca/manuscripts/0024_10.1101_2023.05.01.538871_7e4c731021/metadata.json	data/hca/manuscripts/0024_10.1101_2023.05.01.538871_7e4c731021/resolution.json	data/hca/manuscripts/0024_10.1101_2023.05.01.538871_7e4c731021/manuscript.md		data/hca/manuscripts/0024_10.1101_2023.05.01.538871_7e4c731021/manuscript.xml			data/hca/manuscripts/0024_10.1101_2023.05.01.538871_7e4c731021/biorxiv_metadata.json
0025_10.1038_s41467-020-17876-0_159e232bbb	10.1038/s41467-020-17876-0	A single-cell atlas of the human substantia nigra reveals cell-specific pathways associated with neurological disorders.	1	data/hca/manuscripts/0025_10.1038_s41467-020-17876-0_159e232bbb/metadata.json	data/hca/manuscripts/0025_10.1038_s41467-020-17876-0_159e232bbb/resolution.json	data/hca/manuscripts/0025_10.1038_s41467-020-17876-0_159e232bbb/manuscript.md		data/hca/manuscripts/0025_10.1038_s41467-020-17876-0_159e232bbb/manuscript.xml			
0026_10.1038_s41586-020-2922-4_1612ece6e2	10.1038/s41586-020-2922-4	A molecular cell atlas of the human lung from single-cell RNA sequencing.	1	data/hca/manuscripts/0026_10.1038_s41586-020-2922-4_1612ece6e2/metadata.json	data/hca/manuscripts/0026_10.1038_s41586-020-2922-4_1612ece6e2/resolution.json	data/hca/manuscripts/0026_10.1038_s41586-020-2922-4_1612ece6e2/manuscript.md		data/hca/manuscripts/0026_10.1038_s41586-020-2922-4_1612ece6e2/manuscript.xml			
0027_10.1038_s41586-021-03569-1_1910c01864	10.1038/s41586-021-03569-1	A molecular single-cell lung atlas of lethal COVID-19	1	data/hca/manuscripts/0027_10.1038_s41586-021-03569-1_1910c01864/metadata.json	data/hca/manuscripts/0027_10.1038_s41586-021-03569-1_1910c01864/resolution.json	data/hca/manuscripts/0027_10.1038_s41586-021-03569-1_1910c01864/manuscript.md	data/hca/manuscripts/0027_10.1038_s41586-021-03569-1_1910c01864/manuscript.html				
0028_10.1016_j.molcel.2021.10.013_4a3d615da5	10.1016/j.molcel.2021.10.013	A multi-omic single-cell landscape of human gynecologic malignancies.	1	data/hca/manuscripts/0028_10.1016_j.molcel.2021.10.013_4a3d615da5/metadata.json	data/hca/manuscripts/0028_10.1016_j.molcel.2021.10.013_4a3d615da5/resolution.json	data/hca/manuscripts/0028_10.1016_j.molcel.2021.10.013_4a3d615da5/manuscript.md	data/hca/manuscripts/0028_10.1016_j.molcel.2021.10.013_4a3d615da5/manuscript.html				
0029_10.1016_j.xgen.2023.100298_96b489f506	10.1016/j.xgen.2023.100298	A multi-omics atlas of the human retina at single-cell resolution	1	data/hca/manuscripts/0029_10.1016_j.xgen.2023.100298_96b489f506/metadata.json	data/hca/manuscripts/0029_10.1016_j.xgen.2023.100298_96b489f506/resolution.json	data/hca/manuscripts/0029_10.1016_j.xgen.2023.100298_96b489f506/manuscript.md		data/hca/manuscripts/0029_10.1016_j.xgen.2023.100298_96b489f506/manuscript.xml			
0030_10.1016_j.jcmgh.2022.02.007_2ccf593bb9	10.1016/j.jcmgh.2022.02.007	A Proximal-to-Distal Survey of Healthy Adult Human Small Intestine and Colon Epithelium by Single-Cell Transcriptomics.	1	data/hca/manuscripts/0030_10.1016_j.jcmgh.2022.02.007_2ccf593bb9/metadata.json	data/hca/manuscripts/0030_10.1016_j.jcmgh.2022.02.007_2ccf593bb9/resolution.json	data/hca/manuscripts/0030_10.1016_j.jcmgh.2022.02.007_2ccf593bb9/manuscript.md		data/hca/manuscripts/0030_10.1016_j.jcmgh.2022.02.007_2ccf593bb9/manuscript.xml			
0031_10.1016_j.jtos.2021.03.010_0c2fa1a2be	10.1016/j.jtos.2021.03.010	A single cell atlas of human cornea that defines its development, limbal progenitor cells and their interactions with the immune cells.	1	data/hca/manuscripts/0031_10.1016_j.jtos.2021.03.010_0c2fa1a2be/metadata.json	data/hca/manuscripts/0031_10.1016_j.jtos.2021.03.010_0c2fa1a2be/resolution.json	data/hca/manuscripts/0031_10.1016_j.jtos.2021.03.010_0c2fa1a2be/manuscript.md		data/hca/manuscripts/0031_10.1016_j.jtos.2021.03.010_0c2fa1a2be/manuscript.xml			
0032_10.15252_msb.20209682_ea064ade0e	10.15252/msb.20209682	A single cell atlas of the human liver tumor microenvironment	1	data/hca/manuscripts/0032_10.15252_msb.20209682_ea064ade0e/metadata.json	data/hca/manuscripts/0032_10.15252_msb.20209682_ea064ade0e/resolution.json	data/hca/manuscripts/0032_10.15252_msb.20209682_ea064ade0e/manuscript.md		data/hca/manuscripts/0032_10.15252_msb.20209682_ea064ade0e/manuscript.xml			
0033_10.26508_lsa.202000744_340b92b825	10.26508/lsa.202000744	An atlas of human proximal epididymis reveals cell-specific functions and distinct roles for CFTR.	1	data/hca/manuscripts/0033_10.26508_lsa.202000744_340b92b825/metadata.json	data/hca/manuscripts/0033_10.26508_lsa.202000744_340b92b825/resolution.json	data/hca/manuscripts/0033_10.26508_lsa.202000744_340b92b825/manuscript.md		data/hca/manuscripts/0033_10.26508_lsa.202000744_340b92b825/manuscript.xml			
0034_10.1038_s41591-020-0844-1_79f33f6341	10.1038/s41591-020-0844-1	A single-cell and single-nucleus RNA-Seq toolbox for fresh and frozen human tumors.	1	data/hca/manuscripts/0034_10.1038_s41591-020-0844-1_79f33f6341/metadata.json	data/hca/manuscripts/0034_10.1038_s41591-020-0844-1_79f33f6341/resolution.json	data/hca/manuscripts/0034_10.1038_s41591-020-0844-1_79f33f6341/manuscript.md		data/hca/manuscripts/0034_10.1038_s41591-020-0844-1_79f33f6341/manuscript.xml			
0035_10.1101_2021.03.02.433590_8f70c6deeb	10.1101/2021.03.02.433590	A single-cell atlas of breast cancer cell lines to study tumour heterogeneity and drug response	1	data/hca/manuscripts/0035_10.1101_2021.03.02.433590_8f70c6deeb/metadata.json	data/hca/manuscripts/0035_10.1101_2021.03.02.433590_8f70c6deeb/resolution.json	data/hca/manuscripts/0035_10.1101_2021.03.02.433590_8f70c6deeb/manuscript.md		data/hca/manuscripts/0035_10.1101_2021.03.02.433590_8f70c6deeb/manuscript.xml			data/hca/manuscripts/0035_10.1101_2021.03.02.433590_8f70c6deeb/biorxiv_metadata.json
0036_10.1016_j.cell.2021.10.024_2ce0b899c4	10.1016/j.cell.2021.10.024	A single-cell atlas of chromatin accessibility in the human genome	1	data/hca/manuscripts/0036_10.1016_j.cell.2021.10.024_2ce0b899c4/metadata.json	data/hca/manuscripts/0036_10.1016_j.cell.2021.10.024_2ce0b899c4/resolution.json	data/hca/manuscripts/0036_10.1016_j.cell.2021.10.024_2ce0b899c4/manuscript.md	data/hca/manuscripts/0036_10.1016_j.cell.2021.10.024_2ce0b899c4/manuscript.html				
0037_10.1038_s41593-019-0539-4_24ef44df9e	10.1038/s41593-019-0539-4	A single-cell atlas of entorhinal cortex from individuals with Alzheimer's disease reveals cell-type-specific gene expression regulation.	1	data/hca/manuscripts/0037_10.1038_s41593-019-0539-4_24ef44df9e/metadata.json	data/hca/manuscripts/0037_10.1038_s41593-019-0539-4_24ef44df9e/resolution.json	data/hca/manuscripts/0037_10.1038_s41593-019-0539-4_24ef44df9e/manuscript.md	data/hca/manuscripts/0037_10.1038_s41593-019-0539-4_24ef44df9e/manuscript.html				
0038_10.1038_s41586-022-04518-2_c7bd3c9981	10.1038/s41586-022-04518-2	A single-cell atlas of human and mouse white adipose tissue	1	data/hca/manuscripts/0038_10.1038_s41586-022-04518-2_c7bd3c9981/metadata.json	data/hca/manuscripts/0038_10.1038_s41586-022-04518-2_c7bd3c9981/resolution.json	data/hca/manuscripts/0038_10.1038_s41586-022-04518-2_c7bd3c9981/manuscript.md	data/hca/manuscripts/0038_10.1038_s41586-022-04518-2_c7bd3c9981/manuscript.html				
0039_10.1016_j.isci.2021.102405_1f6d3fbc60	10.1016/j.isci.2021.102405	A single-cell atlas of human teeth	1	data/hca/manuscripts/0039_10.1016_j.isci.2021.102405_1f6d3fbc60/metadata.json	data/hca/manuscripts/0039_10.1016_j.isci.2021.102405_1f6d3fbc60/resolution.json	data/hca/manuscripts/0039_10.1016_j.isci.2021.102405_1f6d3fbc60/manuscript.md		data/hca/manuscripts/0039_10.1016_j.isci.2021.102405_1f6d3fbc60/manuscript.xml			
0040_10.1016_j.xcrm.2021.100219_d37660c408	10.1016/j.xcrm.2021.100219	A single-cell atlas of the healthy breast tissues reveals clinically relevant clusters of breast epithelial cells	1	data/hca/manuscripts/0040_10.1016_j.xcrm.2021.100219_d37660c408/metadata.json	data/hca/manuscripts/0040_10.1016_j.xcrm.2021.100219_d37660c408/resolution.json	data/hca/manuscripts/0040_10.1016_j.xcrm.2021.100219_d37660c408/manuscript.md		data/hca/manuscripts/0040_10.1016_j.xcrm.2021.100219_d37660c408/manuscript.xml			
0041_10.1016_j.xgen.2022.100108_d4824b85dd	10.1016/j.xgen.2022.100108	A single-cell regulatory map of postnatal lung alveologenesis in humans and mice.	1	data/hca/manuscripts/0041_10.1016_j.xgen.2022.100108_d4824b85dd/metadata.json	data/hca/manuscripts/0041_10.1016_j.xgen.2022.100108_d4824b85dd/resolution.json	data/hca/manuscripts/0041_10.1016_j.xgen.2022.100108_d4824b85dd/manuscript.md		data/hca/manuscripts/0041_10.1016_j.xgen.2022.100108_d4824b85dd/manuscript.xml			
0042_10.1126_sciadv.aau4788_744a251f24	10.1126/sciadv.aau4788	A single-cell survey of the human first-trimester placenta and decidua	1	data/hca/manuscripts/0042_10.1126_sciadv.aau4788_744a251f24/metadata.json	data/hca/manuscripts/0042_10.1126_sciadv.aau4788_744a251f24/resolution.json	data/hca/manuscripts/0042_10.1126_sciadv.aau4788_744a251f24/manuscript.md		data/hca/manuscripts/0042_10.1126_sciadv.aau4788_744a251f24/manuscript.xml			
0043_10.1038_s41556-023-01108-w_511ea5e6f6	10.1038/s41556-023-01108-w	A single-cell transcriptome atlas profiles early organogenesis in human embryos	1	data/hca/manuscripts/0043_10.1038_s41556-023-01108-w_511ea5e6f6/metadata.json	data/hca/manuscripts/0043_10.1038_s41556-023-01108-w_511ea5e6f6/resolution.json	data/hca/manuscripts/0043_10.1038_s41556-023-01108-w_511ea5e6f6/manuscript.md	data/hca/manuscripts/0043_10.1038_s41556-023-01108-w_511ea5e6f6/manuscript.html				
0044_10.1101_2021.11.30.470583_4b4329647c	10.1101/2021.11.30.470583	A single-cell transcriptome atlas of human early embryogenesis	1	data/hca/manuscripts/0044_10.1101_2021.11.30.470583_4b4329647c/metadata.json	data/hca/manuscripts/0044_10.1101_2021.11.30.470583_4b4329647c/resolution.json	data/hca/manuscripts/0044_10.1101_2021.11.30.470583_4b4329647c/manuscript.md		data/hca/manuscripts/0044_10.1101_2021.11.30.470583_4b4329647c/manuscript.xml			data/hca/manuscripts/0044_10.1101_2021.11.30.470583_4b4329647c/biorxiv_metadata.json
0045_10.15252_embj.2018100811_a99bb4a451	10.15252/embj.2018100811	A single‐cell transcriptome atlas of the adult human retina	1	data/hca/manuscripts/0045_10.15252_embj.2018100811_a99bb4a451/metadata.json	data/hca/manuscripts/0045_10.15252_embj.2018100811_a99bb4a451/resolution.json	data/hca/manuscripts/0045_10.15252_embj.2018100811_a99bb4a451/manuscript.md	data/hca/manuscripts/0045_10.15252_embj.2018100811_a99bb4a451/manuscript.html				
0046_10.1007_s00018-022-04559-w_6919bd92ba	10.1007/s00018-022-04559-w	A single-cell transcriptomic atlas of the human ciliary body	1	data/hca/manuscripts/0046_10.1007_s00018-022-04559-w_6919bd92ba/metadata.json	data/hca/manuscripts/0046_10.1007_s00018-022-04559-w_6919bd92ba/resolution.json	data/hca/manuscripts/0046_10.1007_s00018-022-04559-w_6919bd92ba/manuscript.md		data/hca/manuscripts/0046_10.1007_s00018-022-04559-w_6919bd92ba/manuscript.xml			
0047_10.15252_embj.2020107333_a4d0f57474	10.15252/embj.2020107333	A single-cell RNA expression atlas of normal, preneoplastic and tumorigenic states in the human breast.	1	data/hca/manuscripts/0047_10.15252_embj.2020107333_a4d0f57474/metadata.json	data/hca/manuscripts/0047_10.15252_embj.2020107333_a4d0f57474/resolution.json	data/hca/manuscripts/0047_10.15252_embj.2020107333_a4d0f57474/manuscript.md		data/hca/manuscripts/0047_10.15252_embj.2020107333_a4d0f57474/manuscript.xml			
0048_10.1038_s41588-022-01243-4_ae2af85553	10.1038/s41588-022-01243-4	A spatially resolved atlas of the human lung characterizes a gland-associated immune niche	1	data/hca/manuscripts/0048_10.1038_s41588-022-01243-4_ae2af85553/metadata.json	data/hca/manuscripts/0048_10.1038_s41588-022-01243-4_ae2af85553/resolution.json	data/hca/manuscripts/0048_10.1038_s41588-022-01243-4_ae2af85553/manuscript.md		data/hca/manuscripts/0048_10.1038_s41588-022-01243-4_ae2af85553/manuscript.xml			
0049_10.1038_s41586-023-06252-9_3d2f22d6e6	10.1038/s41586-023-06252-9	A spatially resolved single-cell genomic atlas of the adult human breast	1	data/hca/manuscripts/0049_10.1038_s41586-023-06252-9_3d2f22d6e6/metadata.json	data/hca/manuscripts/0049_10.1038_s41586-023-06252-9_3d2f22d6e6/resolution.json	data/hca/manuscripts/0049_10.1038_s41586-023-06252-9_3d2f22d6e6/manuscript.md	data/hca/manuscripts/0049_10.1038_s41586-023-06252-9_3d2f22d6e6/manuscript.html				
0050_10.1073_pnas.1507125112_495172b774	10.1073/pnas.1507125112	A survey of human brain transcriptome diversity at the single cell level	1	data/hca/manuscripts/0050_10.1073_pnas.1507125112_495172b774/metadata.json	data/hca/manuscripts/0050_10.1073_pnas.1507125112_495172b774/resolution.json	data/hca/manuscripts/0050_10.1073_pnas.1507125112_495172b774/manuscript.md		data/hca/manuscripts/0050_10.1073_pnas.1507125112_495172b774/manuscript.xml			
0051_10.1038_s41588-024-01990-6_8eb62f3200	10.1038/s41588-024-01990-6	A temporal cortex cell atlas highlights gene expression dynamics during human brain maturation	1	data/hca/manuscripts/0051_10.1038_s41588-024-01990-6_8eb62f3200/metadata.json	data/hca/manuscripts/0051_10.1038_s41588-024-01990-6_8eb62f3200/resolution.json	data/hca/manuscripts/0051_10.1038_s41588-024-01990-6_8eb62f3200/manuscript.md		data/hca/manuscripts/0051_10.1038_s41588-024-01990-6_8eb62f3200/manuscript.xml			
0052_10.1016_j.molmet.2022.101595_3242a2c7db	10.1016/j.molmet.2022.101595	A transcriptional cross species map of pancreatic islet cells.	1	data/hca/manuscripts/0052_10.1016_j.molmet.2022.101595_3242a2c7db/metadata.json	data/hca/manuscripts/0052_10.1016_j.molmet.2022.101595_3242a2c7db/resolution.json	data/hca/manuscripts/0052_10.1016_j.molmet.2022.101595_3242a2c7db/manuscript.md		data/hca/manuscripts/0052_10.1016_j.molmet.2022.101595_3242a2c7db/manuscript.xml			
0053_10.1016_j.cell.2025.02.017_dfc0a1a37e	10.1016/j.cell.2025.02.017	Asian diversity in human immune cells	3	data/hca/manuscripts/0053_10.1016_j.cell.2025.02.017_dfc0a1a37e/metadata.json	data/hca/manuscripts/0053_10.1016_j.cell.2025.02.017_dfc0a1a37e/resolution.json		data/hca/manuscripts/0053_10.1016_j.cell.2025.02.017_dfc0a1a37e/manuscript.html	data/hca/manuscripts/0053_10.1016_j.cell.2025.02.017_dfc0a1a37e/manuscript.xml			
0054_10.1164_rccm.202305-0924oc_e37c5c9bab	10.1164/rccm.202305-0924oc	Activation of CD8+ T Cells in Chronic Obstructive Pulmonary Disease Lung	1	data/hca/manuscripts/0054_10.1164_rccm.202305-0924oc_e37c5c9bab/metadata.json	data/hca/manuscripts/0054_10.1164_rccm.202305-0924oc_e37c5c9bab/resolution.json	data/hca/manuscripts/0054_10.1164_rccm.202305-0924oc_e37c5c9bab/manuscript.md	data/hca/manuscripts/0054_10.1164_rccm.202305-0924oc_e37c5c9bab/manuscript.html				
0055_10.1164_rccm.202005-1989oc_b0c2671484	10.1164/rccm.202005-1989oc	Airspace Macrophages and Monocytes Exist in Transcriptionally Distinct Subsets in Healthy Adults.	1	data/hca/manuscripts/0055_10.1164_rccm.202005-1989oc_b0c2671484/metadata.json	data/hca/manuscripts/0055_10.1164_rccm.202005-1989oc_b0c2671484/resolution.json	data/hca/manuscripts/0055_10.1164_rccm.202005-1989oc_b0c2671484/manuscript.md	data/hca/manuscripts/0055_10.1164_rccm.202005-1989oc_b0c2671484/manuscript.html				
0056_10.1038_s41586-018-0449-8_fdcc67f757	10.1038/s41586-018-0449-8	Allergic inflammatory memory in human respiratory epithelial progenitor cells.	1	data/hca/manuscripts/0056_10.1038_s41586-018-0449-8_fdcc67f757/metadata.json	data/hca/manuscripts/0056_10.1038_s41586-018-0449-8_fdcc67f757/resolution.json	data/hca/manuscripts/0056_10.1038_s41586-018-0449-8_fdcc67f757/manuscript.md	data/hca/manuscripts/0056_10.1038_s41586-018-0449-8_fdcc67f757/manuscript.html				
0057_10.1038_s41586-019-0903-2_059a54df94	10.1038/s41586-019-0903-2	Altered human oligodendrocyte heterogeneity in multiple sclerosis	1	data/hca/manuscripts/0057_10.1038_s41586-019-0903-2_059a54df94/metadata.json	data/hca/manuscripts/0057_10.1038_s41586-019-0903-2_059a54df94/resolution.json	data/hca/manuscripts/0057_10.1038_s41586-019-0903-2_059a54df94/manuscript.md		data/hca/manuscripts/0057_10.1038_s41586-019-0903-2_059a54df94/manuscript.xml			
0058_10.1016_j.immuni.2024.01.006_4c90d18ac6	10.1016/j.immuni.2024.01.006	An atlas of cells in the human tonsil	1	data/hca/manuscripts/0058_10.1016_j.immuni.2024.01.006_4c90d18ac6/metadata.json	data/hca/manuscripts/0058_10.1016_j.immuni.2024.01.006_4c90d18ac6/resolution.json	data/hca/manuscripts/0058_10.1016_j.immuni.2024.01.006_4c90d18ac6/manuscript.md		data/hca/manuscripts/0058_10.1016_j.immuni.2024.01.006_4c90d18ac6/manuscript.xml			
0059_10.1080_22221751.2020.1826361_4a743eba8f	10.1080/22221751.2020.1826361	An atlas of immune cell exhaustion in HIV-infected individuals revealed by single-cell transcriptomics.	1	data/hca/manuscripts/0059_10.1080_22221751.2020.1826361_4a743eba8f/metadata.json	data/hca/manuscripts/0059_10.1080_22221751.2020.1826361_4a743eba8f/resolution.json	data/hca/manuscripts/0059_10.1080_22221751.2020.1826361_4a743eba8f/manuscript.md		data/hca/manuscripts/0059_10.1080_22221751.2020.1826361_4a743eba8f/manuscript.xml			
0060_10.3389_fcell.2022.872688_ac00c45d48	10.3389/fcell.2022.872688	An Optimized Tissue Dissociation Protocol for Single-Cell RNA Sequencing Analysis of Fresh and Cultured Human Skin Biopsies	1	data/hca/manuscripts/0060_10.3389_fcell.2022.872688_ac00c45d48/metadata.json	data/hca/manuscripts/0060_10.3389_fcell.2022.872688_ac00c45d48/resolution.json	data/hca/manuscripts/0060_10.3389_fcell.2022.872688_ac00c45d48/manuscript.md		data/hca/manuscripts/0060_10.3389_fcell.2022.872688_ac00c45d48/manuscript.xml			
0061_10.1038_s41467-023-36983-2_7d240f9eb9	10.1038/s41467-023-36983-2	An integrated single cell and spatial transcriptomic map of human white adipose tissue	1	data/hca/manuscripts/0061_10.1038_s41467-023-36983-2_7d240f9eb9/metadata.json	data/hca/manuscripts/0061_10.1038_s41467-023-36983-2_7d240f9eb9/resolution.json	data/hca/manuscripts/0061_10.1038_s41467-023-36983-2_7d240f9eb9/manuscript.md		data/hca/manuscripts/0061_10.1038_s41467-023-36983-2_7d240f9eb9/manuscript.xml			
0062_10.1038_s41588-024-01873-w_27bb519849	10.1038/s41588-024-01873-w	An integrated single-cell reference atlas of the human endometrium.	1	data/hca/manuscripts/0062_10.1038_s41588-024-01873-w_27bb519849/metadata.json	data/hca/manuscripts/0062_10.1038_s41588-024-01873-w_27bb519849/resolution.json	data/hca/manuscripts/0062_10.1038_s41588-024-01873-w_27bb519849/manuscript.md		data/hca/manuscripts/0062_10.1038_s41588-024-01873-w_27bb519849/manuscript.xml			
0063_10.1016_j.cell.2021.04.028_f5e4882de7	10.1016/j.cell.2021.04.028	Charting human development using a multi- endodermal organ atlas and organoid models	1	data/hca/manuscripts/0063_10.1016_j.cell.2021.04.028_f5e4882de7/metadata.json	data/hca/manuscripts/0063_10.1016_j.cell.2021.04.028_f5e4882de7/resolution.json	data/hca/manuscripts/0063_10.1016_j.cell.2021.04.028_f5e4882de7/manuscript.md		data/hca/manuscripts/0063_10.1016_j.cell.2021.04.028_f5e4882de7/manuscript.xml			
0064_10.1038_s41586-021-04221-8_65d6d3d212	10.1038/s41586-021-04221-8	Anatomically distinct fibroblast subsets determine skin autoimmune patterns.	1	data/hca/manuscripts/0064_10.1038_s41586-021-04221-8_65d6d3d212/metadata.json	data/hca/manuscripts/0064_10.1038_s41586-021-04221-8_65d6d3d212/resolution.json	data/hca/manuscripts/0064_10.1038_s41586-021-04221-8_65d6d3d212/manuscript.md	data/hca/manuscripts/0064_10.1038_s41586-021-04221-8_65d6d3d212/manuscript.html				
0065_10.1101_2020.12.03.20242412_aa08d1f424	10.1101/2020.12.03.20242412	Single-cell Transcriptome Analysis Reveals an Anomalous Epithelial Variation and Ectopic Inflammatory Response in Chronic Obstructive Pulmonary Disease	1	data/hca/manuscripts/0065_10.1101_2020.12.03.20242412_aa08d1f424/metadata.json	data/hca/manuscripts/0065_10.1101_2020.12.03.20242412_aa08d1f424/resolution.json	data/hca/manuscripts/0065_10.1101_2020.12.03.20242412_aa08d1f424/manuscript.md					data/hca/manuscripts/0065_10.1101_2020.12.03.20242412_aa08d1f424/biorxiv_metadata.json
0066_10.1165_rcmb.2021-0555oc_9f9f0ea998	10.1165/rcmb.2021-0555oc	Anomalous Epithelial Variations and Ectopic Inflammatory Response in Chronic Obstructive Pulmonary Disease	1	data/hca/manuscripts/0066_10.1165_rcmb.2021-0555oc_9f9f0ea998/metadata.json	data/hca/manuscripts/0066_10.1165_rcmb.2021-0555oc_9f9f0ea998/resolution.json						
0067_10.1101_2024.06.30.601119_18117ee53d	10.1101/2024.06.30.601119	Single-cell analysis of human diversity in circulating immune cells	2	data/hca/manuscripts/0067_10.1101_2024.06.30.601119_18117ee53d/metadata.json	data/hca/manuscripts/0067_10.1101_2024.06.30.601119_18117ee53d/resolution.json	data/hca/manuscripts/0067_10.1101_2024.06.30.601119_18117ee53d/manuscript.md	data/hca/manuscripts/0067_10.1101_2024.06.30.601119_18117ee53d/manuscript.html				
0068_10.1093_ibd_izac201_351dddd961	10.1093/ibd/izac201	Assessing Cellular and Transcriptional Diversity of Ileal Mucosa Among Treatment-Naïve and Treated Crohn's Disease	1	data/hca/manuscripts/0068_10.1093_ibd_izac201_351dddd961/metadata.json	data/hca/manuscripts/0068_10.1093_ibd_izac201_351dddd961/resolution.json	data/hca/manuscripts/0068_10.1093_ibd_izac201_351dddd961/manuscript.md		data/hca/manuscripts/0068_10.1093_ibd_izac201_351dddd961/manuscript.xml			
0069_10.1038_s41467-021-23355-x_92232969b4	10.1038/s41467-021-23355-x	B cell signatures and tertiary lymphoid structures contribute to outcome in head and neck squamous cell carcinoma	1	data/hca/manuscripts/0069_10.1038_s41467-021-23355-x_92232969b4/metadata.json	data/hca/manuscripts/0069_10.1038_s41467-021-23355-x_92232969b4/resolution.json	data/hca/manuscripts/0069_10.1038_s41467-021-23355-x_92232969b4/manuscript.md		data/hca/manuscripts/0069_10.1038_s41467-021-23355-x_92232969b4/manuscript.xml			
0070_10.1038_s41587-020-0469-4_55d6a04187	10.1038/s41587-020-0469-4	Benchmarking single-cell RNA-sequencing protocols for cell atlas projects.	1	data/hca/manuscripts/0070_10.1038_s41587-020-0469-4_55d6a04187/metadata.json	data/hca/manuscripts/0070_10.1038_s41587-020-0469-4_55d6a04187/resolution.json	data/hca/manuscripts/0070_10.1038_s41587-020-0469-4_55d6a04187/manuscript.md	data/hca/manuscripts/0070_10.1038_s41587-020-0469-4_55d6a04187/manuscript.html				
0071_10.1038_s41586-021-03929-x_6a378f8954	10.1038/s41586-021-03929-x	Blood and immune development in human fetal bone marrow and Down syndrome	1	data/hca/manuscripts/0071_10.1038_s41586-021-03929-x_6a378f8954/metadata.json	data/hca/manuscripts/0071_10.1038_s41586-021-03929-x_6a378f8954/resolution.json	data/hca/manuscripts/0071_10.1038_s41586-021-03929-x_6a378f8954/manuscript.md	data/hca/manuscripts/0071_10.1038_s41586-021-03929-x_6a378f8954/manuscript.html				
0072_10.1038_s41591-018-0269-2_c51f595930	10.1038/s41591-018-0269-2	Single cell dissection of plasma cell heterogeneity in symptomatic and asymptomatic myeloma	1	data/hca/manuscripts/0072_10.1038_s41591-018-0269-2_c51f595930/metadata.json	data/hca/manuscripts/0072_10.1038_s41591-018-0269-2_c51f595930/resolution.json	data/hca/manuscripts/0072_10.1038_s41591-018-0269-2_c51f595930/manuscript.md	data/hca/manuscripts/0072_10.1038_s41591-018-0269-2_c51f595930/manuscript.html				
0073_10.1016_j.isci.2021.102482_6ff6d432ab	10.1016/j.isci.2021.102482	CD27hiCD38hi plasmablasts are activated B cells of mixed origin with distinct function	1	data/hca/manuscripts/0073_10.1016_j.isci.2021.102482_6ff6d432ab/metadata.json	data/hca/manuscripts/0073_10.1016_j.isci.2021.102482_6ff6d432ab/resolution.json	data/hca/manuscripts/0073_10.1016_j.isci.2021.102482_6ff6d432ab/manuscript.md		data/hca/manuscripts/0073_10.1016_j.isci.2021.102482_6ff6d432ab/manuscript.xml			
0074_10.3389_fimmu.2022.846281_c0060ff2e9	10.3389/fimmu.2022.846281	CD90 Marks a Mesenchymal Program in Human Thymic Epithelial Cells In Vitro and In Vivo	1	data/hca/manuscripts/0074_10.3389_fimmu.2022.846281_c0060ff2e9/metadata.json	data/hca/manuscripts/0074_10.3389_fimmu.2022.846281_c0060ff2e9/resolution.json	data/hca/manuscripts/0074_10.3389_fimmu.2022.846281_c0060ff2e9/manuscript.md		data/hca/manuscripts/0074_10.3389_fimmu.2022.846281_c0060ff2e9/manuscript.xml			
0075_10.1126_scitranslmed.abm1375_6de08b3db5	10.1126/scitranslmed.abm1375	Hematopoietic cell transplantation donor-derived memory-like NK cells functionally persist after transfer into patients with leukemia.	1	data/hca/manuscripts/0075_10.1126_scitranslmed.abm1375_6de08b3db5/metadata.json	data/hca/manuscripts/0075_10.1126_scitranslmed.abm1375_6de08b3db5/resolution.json	data/hca/manuscripts/0075_10.1126_scitranslmed.abm1375_6de08b3db5/manuscript.md	data/hca/manuscripts/0075_10.1126_scitranslmed.abm1375_6de08b3db5/manuscript.html				
0076_10.1016_j.cell.2021.01.053_e0734afb82	10.1016/j.cell.2021.01.053	COVID-19 immune features revealed by a large-scale single-cell transcriptome atlas.	1	data/hca/manuscripts/0076_10.1016_j.cell.2021.01.053_e0734afb82/metadata.json	data/hca/manuscripts/0076_10.1016_j.cell.2021.01.053_e0734afb82/resolution.json	data/hca/manuscripts/0076_10.1016_j.cell.2021.01.053_e0734afb82/manuscript.md		data/hca/manuscripts/0076_10.1016_j.cell.2021.01.053_e0734afb82/manuscript.xml			
0077_10.1038_s41587-020-0602-4_e82c5c2835	10.1038/s41587-020-0602-4	COVID-19 severity correlates with airway epithelium-immune cell interactions identified by single-cell analysis.	1	data/hca/manuscripts/0077_10.1038_s41587-020-0602-4_e82c5c2835/metadata.json	data/hca/manuscripts/0077_10.1038_s41587-020-0602-4_e82c5c2835/resolution.json	data/hca/manuscripts/0077_10.1038_s41587-020-0602-4_e82c5c2835/manuscript.md	data/hca/manuscripts/0077_10.1038_s41587-020-0602-4_e82c5c2835/manuscript.html				
0078_10.1038_s41586-021-03570-8_93e4f0be8b	10.1038/s41586-021-03570-8	COVID-19 tissue atlases reveal SARS-CoV-2 pathology and cellular targets.	1	data/hca/manuscripts/0078_10.1038_s41586-021-03570-8_93e4f0be8b/metadata.json	data/hca/manuscripts/0078_10.1038_s41586-021-03570-8_93e4f0be8b/resolution.json	data/hca/manuscripts/0078_10.1038_s41586-021-03570-8_93e4f0be8b/manuscript.md	data/hca/manuscripts/0078_10.1038_s41586-021-03570-8_93e4f0be8b/manuscript.html				
0079_10.1016_j.stem.2021.03.013_9aad618fc4	10.1016/j.stem.2021.03.013	Capturing human trophoblast development with naive pluripotent stem cells in vitro.	1	data/hca/manuscripts/0079_10.1016_j.stem.2021.03.013_9aad618fc4/metadata.json	data/hca/manuscripts/0079_10.1016_j.stem.2021.03.013_9aad618fc4/resolution.json	data/hca/manuscripts/0079_10.1016_j.stem.2021.03.013_9aad618fc4/manuscript.md	data/hca/manuscripts/0079_10.1016_j.stem.2021.03.013_9aad618fc4/manuscript.html				
0080_10.1126_sciadv.abf1444_8cb053b6ed	10.1126/sciadv.abf1444	Cardiac cell type-specific gene regulatory programs and disease risk association.	1	data/hca/manuscripts/0080_10.1126_sciadv.abf1444_8cb053b6ed/metadata.json	data/hca/manuscripts/0080_10.1126_sciadv.abf1444_8cb053b6ed/resolution.json	data/hca/manuscripts/0080_10.1126_sciadv.abf1444_8cb053b6ed/manuscript.md		data/hca/manuscripts/0080_10.1126_sciadv.abf1444_8cb053b6ed/manuscript.xml			
0081_10.1038_s41598-020-66092-9_e23219ced0	10.1038/s41598-020-66092-9	Cell Atlas of The Human Fovea and Peripheral Retina.	1	data/hca/manuscripts/0081_10.1038_s41598-020-66092-9_e23219ced0/metadata.json	data/hca/manuscripts/0081_10.1038_s41598-020-66092-9_e23219ced0/resolution.json	data/hca/manuscripts/0081_10.1038_s41598-020-66092-9_e23219ced0/manuscript.md		data/hca/manuscripts/0081_10.1038_s41598-020-66092-9_e23219ced0/manuscript.xml			
0082_10.1016_j.cell.2020.08.013_e864ee2cef	10.1016/j.cell.2020.08.013	Cell Types of the Human Retina and Its Organoids at Single-Cell Resolution	1	data/hca/manuscripts/0082_10.1016_j.cell.2020.08.013_e864ee2cef/metadata.json	data/hca/manuscripts/0082_10.1016_j.cell.2020.08.013_e864ee2cef/resolution.json	data/hca/manuscripts/0082_10.1016_j.cell.2020.08.013_e864ee2cef/manuscript.md		data/hca/manuscripts/0082_10.1016_j.cell.2020.08.013_e864ee2cef/manuscript.xml			
0083_10.1126_sciimmunol.adz8650_c0046d094c	10.1126/sciimmunol.adz8650	Heterogeneity of the intestinal mononuclear phagocyte compartment in health and inflammatory bowel disease	1	data/hca/manuscripts/0083_10.1126_sciimmunol.adz8650_c0046d094c/metadata.json	data/hca/manuscripts/0083_10.1126_sciimmunol.adz8650_c0046d094c/resolution.json	data/hca/manuscripts/0083_10.1126_sciimmunol.adz8650_c0046d094c/manuscript.md	data/hca/manuscripts/0083_10.1126_sciimmunol.adz8650_c0046d094c/manuscript.html				
0084_10.1084_jem.20250471_14ff4cfa40	10.1084/jem.20250471	Fibroblast diversity within human gut-associated lymphoid tissues	1	data/hca/manuscripts/0084_10.1084_jem.20250471_14ff4cfa40/metadata.json	data/hca/manuscripts/0084_10.1084_jem.20250471_14ff4cfa40/resolution.json	data/hca/manuscripts/0084_10.1084_jem.20250471_14ff4cfa40/manuscript.md		data/hca/manuscripts/0084_10.1084_jem.20250471_14ff4cfa40/manuscript.xml			
0085_10.1073_pnas.2200914119_3dd916fb05	10.1073/pnas.2200914119	Cell atlas of the human ocular anterior segment: Tissue-specific and shared cell types	1	data/hca/manuscripts/0085_10.1073_pnas.2200914119_3dd916fb05/metadata.json	data/hca/manuscripts/0085_10.1073_pnas.2200914119_3dd916fb05/resolution.json	data/hca/manuscripts/0085_10.1073_pnas.2200914119_3dd916fb05/manuscript.md		data/hca/manuscripts/0085_10.1073_pnas.2200914119_3dd916fb05/manuscript.xml			
0086_10.1186_s13059-018-1603-1_27b7304530	10.1186/s13059-018-1603-1	Cell Hashing with barcoded antibodies enables multiplexing and doublet detection for single cell genomics	1	data/hca/manuscripts/0086_10.1186_s13059-018-1603-1_27b7304530/metadata.json	data/hca/manuscripts/0086_10.1186_s13059-018-1603-1_27b7304530/resolution.json	data/hca/manuscripts/0086_10.1186_s13059-018-1603-1_27b7304530/manuscript.md		data/hca/manuscripts/0086_10.1186_s13059-018-1603-1_27b7304530/manuscript.xml			
0087_10.1101_2023.03.17.533161_2af5ed929c	10.1101/2023.03.17.533161	Cell type-specific and disease-associated eQTL in the human lung	1	data/hca/manuscripts/0087_10.1101_2023.03.17.533161_2af5ed929c/metadata.json	data/hca/manuscripts/0087_10.1101_2023.03.17.533161_2af5ed929c/resolution.json	data/hca/manuscripts/0087_10.1101_2023.03.17.533161_2af5ed929c/manuscript.md		data/hca/manuscripts/0087_10.1101_2023.03.17.533161_2af5ed929c/manuscript.xml			data/hca/manuscripts/0087_10.1101_2023.03.17.533161_2af5ed929c/biorxiv_metadata.json
0088_10.1016_j.devcel.2022.02.018_aeffb1d189	10.1016/j.devcel.2022.02.018	Cell-specific cis-regulatory elements and mechanisms of non-coding genetic disease in human retina and retinal organoids.	1	data/hca/manuscripts/0088_10.1016_j.devcel.2022.02.018_aeffb1d189/metadata.json	data/hca/manuscripts/0088_10.1016_j.devcel.2022.02.018_aeffb1d189/resolution.json	data/hca/manuscripts/0088_10.1016_j.devcel.2022.02.018_aeffb1d189/manuscript.md	data/hca/manuscripts/0088_10.1016_j.devcel.2022.02.018_aeffb1d189/manuscript.html				
0089_10.1038_s41586-020-2797-4_6e65d21b5d	10.1038/s41586-020-2797-4	Cells of the adult human heart	1	data/hca/manuscripts/0089_10.1038_s41586-020-2797-4_6e65d21b5d/metadata.json	data/hca/manuscripts/0089_10.1038_s41586-020-2797-4_6e65d21b5d/resolution.json	data/hca/manuscripts/0089_10.1038_s41586-020-2797-4_6e65d21b5d/manuscript.md		data/hca/manuscripts/0089_10.1038_s41586-020-2797-4_6e65d21b5d/manuscript.xml			
0090_10.1038_s41586-021-03852-1_eec89a5e36	10.1038/s41586-021-03852-1	Cells of the human intestinal tract mapped across space and time	1	data/hca/manuscripts/0090_10.1038_s41586-021-03852-1_eec89a5e36/metadata.json	data/hca/manuscripts/0090_10.1038_s41586-021-03852-1_eec89a5e36/resolution.json	data/hca/manuscripts/0090_10.1038_s41586-021-03852-1_eec89a5e36/manuscript.md		data/hca/manuscripts/0090_10.1038_s41586-021-03852-1_eec89a5e36/manuscript.xml			
0091_10.1101_2025.06.19.660575_df9b499d76	10.1101/2025.06.19.660575	Cellular and molecular landscapes of human tendons across the lifespan revealed by spatial and single-cell transcriptomics	1	data/hca/manuscripts/0091_10.1101_2025.06.19.660575_df9b499d76/metadata.json	data/hca/manuscripts/0091_10.1101_2025.06.19.660575_df9b499d76/resolution.json	data/hca/manuscripts/0091_10.1101_2025.06.19.660575_df9b499d76/manuscript.md		data/hca/manuscripts/0091_10.1101_2025.06.19.660575_df9b499d76/manuscript.xml			data/hca/manuscripts/0091_10.1101_2025.06.19.660575_df9b499d76/biorxiv_metadata.json
0092_10.1126_sciadv.adm7506_67b90b1dc0	10.1126/sciadv.adm7506	Cellular atlas of the human ovary using morphologically guided spatial transcriptomics and single-cell sequencing	1	data/hca/manuscripts/0092_10.1126_sciadv.adm7506_67b90b1dc0/metadata.json	data/hca/manuscripts/0092_10.1126_sciadv.adm7506_67b90b1dc0/resolution.json	data/hca/manuscripts/0092_10.1126_sciadv.adm7506_67b90b1dc0/manuscript.md		data/hca/manuscripts/0092_10.1126_sciadv.adm7506_67b90b1dc0/manuscript.xml			
0093_10.1101_2021.12.20.473443_1d1224d1ea	10.1101/2021.12.20.473443	Cellular development and evolution of the mammalian cerebellum	1	data/hca/manuscripts/0093_10.1101_2021.12.20.473443_1d1224d1ea/metadata.json	data/hca/manuscripts/0093_10.1101_2021.12.20.473443_1d1224d1ea/resolution.json	data/hca/manuscripts/0093_10.1101_2021.12.20.473443_1d1224d1ea/manuscript.md		data/hca/manuscripts/0093_10.1101_2021.12.20.473443_1d1224d1ea/manuscript.xml			data/hca/manuscripts/0093_10.1101_2021.12.20.473443_1d1224d1ea/biorxiv_metadata.json
0094_10.1073_pnas.2404775121_07bae216d2	10.1073/pnas.2404775121	Cellular heterogeneity and dynamics of the human uterus in healthy premenopausal women	2	data/hca/manuscripts/0094_10.1073_pnas.2404775121_07bae216d2/metadata.json	data/hca/manuscripts/0094_10.1073_pnas.2404775121_07bae216d2/resolution.json	data/hca/manuscripts/0094_10.1073_pnas.2404775121_07bae216d2/manuscript.md		data/hca/manuscripts/0094_10.1073_pnas.2404775121_07bae216d2/manuscript.xml			
0095_10.1101_2021.09.16.460628_23a839e09f	10.1101/2021.09.16.460628	Cellular heterogeneity of human fallopian tubes in normal and hydrosalpinx disease states identified by scRNA-seq	1	data/hca/manuscripts/0095_10.1101_2021.09.16.460628_23a839e09f/metadata.json	data/hca/manuscripts/0095_10.1101_2021.09.16.460628_23a839e09f/resolution.json	data/hca/manuscripts/0095_10.1101_2021.09.16.460628_23a839e09f/manuscript.md		data/hca/manuscripts/0095_10.1101_2021.09.16.460628_23a839e09f/manuscript.xml			data/hca/manuscripts/0095_10.1101_2021.09.16.460628_23a839e09f/biorxiv_metadata.json
0096_10.1126_sciadv.abo2467_05989af98e	10.1126/sciadv.abo2467	Characterization of altered molecular mechanisms in Parkinson's disease through cell type-resolved multiomics analyses	1	data/hca/manuscripts/0096_10.1126_sciadv.abo2467_05989af98e/metadata.json	data/hca/manuscripts/0096_10.1126_sciadv.abo2467_05989af98e/resolution.json	data/hca/manuscripts/0096_10.1126_sciadv.abo2467_05989af98e/manuscript.md		data/hca/manuscripts/0096_10.1126_sciadv.abo2467_05989af98e/manuscript.xml			
0097_10.1038_s41586-019-1917-5_7f634d5353	10.1038/s41586-019-1917-5	Decoding the development of the human hippocampus.	1	data/hca/manuscripts/0097_10.1038_s41586-019-1917-5_7f634d5353/metadata.json	data/hca/manuscripts/0097_10.1038_s41586-019-1917-5_7f634d5353/resolution.json	data/hca/manuscripts/0097_10.1038_s41586-019-1917-5_7f634d5353/manuscript.md	data/hca/manuscripts/0097_10.1038_s41586-019-1917-5_7f634d5353/manuscript.html				
0098_10.1038_s41586-020-03148-w_f50cb505c0	10.1038/s41586-020-03148-w	Circuits between infected macrophages and T cells in SARS-CoV-2 pneumonia.	1	data/hca/manuscripts/0098_10.1038_s41586-020-03148-w_f50cb505c0/metadata.json	data/hca/manuscripts/0098_10.1038_s41586-020-03148-w_f50cb505c0/resolution.json	data/hca/manuscripts/0098_10.1038_s41586-020-03148-w_f50cb505c0/manuscript.md		data/hca/manuscripts/0098_10.1038_s41586-020-03148-w_f50cb505c0/manuscript.xml			
0099_10.1126_sciimmunol.abl9165_5f9974d5f2	10.1126/sciimmunol.abl9165	Classification of human chronic inflammatory skin disease based on single-cell immune profiling	1	data/hca/manuscripts/0099_10.1126_sciimmunol.abl9165_5f9974d5f2/metadata.json	data/hca/manuscripts/0099_10.1126_sciimmunol.abl9165_5f9974d5f2/resolution.json	data/hca/manuscripts/0099_10.1126_sciimmunol.abl9165_5f9974d5f2/manuscript.md	data/hca/manuscripts/0099_10.1126_sciimmunol.abl9165_5f9974d5f2/manuscript.html				
0100_10.1038_s41467-021-22804-x_e7667133b9	10.1038/s41467-021-22804-x	Co-evolution of tumor and immune cells during progression of multiple myeloma.	1	data/hca/manuscripts/0100_10.1038_s41467-021-22804-x_e7667133b9/metadata.json	data/hca/manuscripts/0100_10.1038_s41467-021-22804-x_e7667133b9/resolution.json	data/hca/manuscripts/0100_10.1038_s41467-021-22804-x_e7667133b9/manuscript.md		data/hca/manuscripts/0100_10.1038_s41467-021-22804-x_e7667133b9/manuscript.xml			
0101_10.1038_s41467-020-15647-5_d22ec8f4b6	10.1038/s41467-020-15647-5	Collagen-producing lung cell atlas identifies multiple subsets with distinct localization and relevance to fibrosis	1	data/hca/manuscripts/0101_10.1038_s41467-020-15647-5_d22ec8f4b6/metadata.json	data/hca/manuscripts/0101_10.1038_s41467-020-15647-5_d22ec8f4b6/resolution.json	data/hca/manuscripts/0101_10.1038_s41467-020-15647-5_d22ec8f4b6/manuscript.md		data/hca/manuscripts/0101_10.1038_s41467-020-15647-5_d22ec8f4b6/manuscript.xml			
0102_10.1038_s41586-019-0992-y_40614812e9	10.1038/s41586-019-0992-y	Colonic epithelial cell diversity in health and inflammatory bowel disease.	1	data/hca/manuscripts/0102_10.1038_s41586-019-0992-y_40614812e9/metadata.json	data/hca/manuscripts/0102_10.1038_s41586-019-0992-y_40614812e9/resolution.json	data/hca/manuscripts/0102_10.1038_s41586-019-0992-y_40614812e9/manuscript.md	data/hca/manuscripts/0102_10.1038_s41586-019-0992-y_40614812e9/manuscript.html				
0103_10.1172_jci.insight.151621_2faf375c31	10.1172/jci.insight.151621	Combinatorial transcription factor profiles predict mature and functional human islet α and β cells.	1	data/hca/manuscripts/0103_10.1172_jci.insight.151621_2faf375c31/metadata.json	data/hca/manuscripts/0103_10.1172_jci.insight.151621_2faf375c31/resolution.json	data/hca/manuscripts/0103_10.1172_jci.insight.151621_2faf375c31/manuscript.md		data/hca/manuscripts/0103_10.1172_jci.insight.151621_2faf375c31/manuscript.xml			
0104_10.1016_j.stem.2018.10.010_b71866c4b9	10.1016/j.stem.2018.10.010	Comparative Analysis and Refinement of Human PSC-Derived Kidney Organoid Differentiation with Single-Cell Transcriptomics.	1	data/hca/manuscripts/0104_10.1016_j.stem.2018.10.010_b71866c4b9/metadata.json	data/hca/manuscripts/0104_10.1016_j.stem.2018.10.010_b71866c4b9/resolution.json	data/hca/manuscripts/0104_10.1016_j.stem.2018.10.010_b71866c4b9/manuscript.md	data/hca/manuscripts/0104_10.1016_j.stem.2018.10.010_b71866c4b9/manuscript.html				
0105_10.1038_s41563-020-00853-9_ec3e5ef313	10.1038/s41563-020-00853-9	Cellular extrusion bioprinting improves kidney organoid reproducibility and conformation.	1	data/hca/manuscripts/0105_10.1038_s41563-020-00853-9_ec3e5ef313/metadata.json	data/hca/manuscripts/0105_10.1038_s41563-020-00853-9_ec3e5ef313/resolution.json	data/hca/manuscripts/0105_10.1038_s41563-020-00853-9_ec3e5ef313/manuscript.md		data/hca/manuscripts/0105_10.1038_s41563-020-00853-9_ec3e5ef313/manuscript.xml			
0106_10.1101_585901_f6794b9c1b	10.1101/585901	Systematic Comparison of High-throughput Single-Cell and  Single-Nucleus Transcriptomes during Cardiomyocyte Differentiation	1	data/hca/manuscripts/0106_10.1101_585901_f6794b9c1b/metadata.json	data/hca/manuscripts/0106_10.1101_585901_f6794b9c1b/resolution.json	data/hca/manuscripts/0106_10.1101_585901_f6794b9c1b/manuscript.md	data/hca/manuscripts/0106_10.1101_585901_f6794b9c1b/manuscript.html				
0107_10.1101_2022.10.24.513487_4d505f4f68	10.1101/2022.10.24.513487	Comprehensive cell atlas of the first-trimester developing human brain	1	data/hca/manuscripts/0107_10.1101_2022.10.24.513487_4d505f4f68/metadata.json	data/hca/manuscripts/0107_10.1101_2022.10.24.513487_4d505f4f68/resolution.json	data/hca/manuscripts/0107_10.1101_2022.10.24.513487_4d505f4f68/manuscript.md		data/hca/manuscripts/0107_10.1101_2022.10.24.513487_4d505f4f68/manuscript.xml			data/hca/manuscripts/0107_10.1101_2022.10.24.513487_4d505f4f68/biorxiv_metadata.json
0108_10.1038_s41598-017-14676-3_ca30704700	10.1038/s41598-017-14676-3	Comprehensive single-cell transcriptome analysis reveals heterogeneity in endometrioid adenocarcinoma tissues	1	data/hca/manuscripts/0108_10.1038_s41598-017-14676-3_ca30704700/metadata.json	data/hca/manuscripts/0108_10.1038_s41598-017-14676-3_ca30704700/resolution.json	data/hca/manuscripts/0108_10.1038_s41598-017-14676-3_ca30704700/manuscript.md		data/hca/manuscripts/0108_10.1038_s41598-017-14676-3_ca30704700/manuscript.xml			
0109_10.7554_elife.91792.1_056dda27be	10.7554/elife.91792.1	Concerted changes in the pediatric single-cell intestinal ecosystem before and after anti-TNF blockade	1	data/hca/manuscripts/0109_10.7554_elife.91792.1_056dda27be/metadata.json	data/hca/manuscripts/0109_10.7554_elife.91792.1_056dda27be/resolution.json	data/hca/manuscripts/0109_10.7554_elife.91792.1_056dda27be/manuscript.md	data/hca/manuscripts/0109_10.7554_elife.91792.1_056dda27be/manuscript.html				
0110_10.1038_s41586-019-1506-7_3d44de0941	10.1038/s41586-019-1506-7	Conserved cell types with divergent features in human versus mouse cortex.	1	data/hca/manuscripts/0110_10.1038_s41586-019-1506-7_3d44de0941/metadata.json	data/hca/manuscripts/0110_10.1038_s41586-019-1506-7_3d44de0941/resolution.json	data/hca/manuscripts/0110_10.1038_s41586-019-1506-7_3d44de0941/manuscript.md	data/hca/manuscripts/0110_10.1038_s41586-019-1506-7_3d44de0941/manuscript.html				
0111_10.1038_s41586-020-2157-4_a7b8710c09	10.1038/s41586-020-2157-4	Construction of a human cell landscape at single-cell level.	1	data/hca/manuscripts/0111_10.1038_s41586-020-2157-4_a7b8710c09/metadata.json	data/hca/manuscripts/0111_10.1038_s41586-020-2157-4_a7b8710c09/resolution.json	data/hca/manuscripts/0111_10.1038_s41586-020-2157-4_a7b8710c09/manuscript.md	data/hca/manuscripts/0111_10.1038_s41586-020-2157-4_a7b8710c09/manuscript.html				
0112_10.1101_2022.02.09.479667_caaafb2f08	10.1101/2022.02.09.479667	Single-cell analysis reveals a pathogenic cellular module associated with early allograft dysfunction after liver transplantation.	1	data/hca/manuscripts/0112_10.1101_2022.02.09.479667_caaafb2f08/metadata.json	data/hca/manuscripts/0112_10.1101_2022.02.09.479667_caaafb2f08/resolution.json	data/hca/manuscripts/0112_10.1101_2022.02.09.479667_caaafb2f08/manuscript.md		data/hca/manuscripts/0112_10.1101_2022.02.09.479667_caaafb2f08/manuscript.xml			data/hca/manuscripts/0112_10.1101_2022.02.09.479667_caaafb2f08/biorxiv_metadata.json
0113_10.1101_2021.04.28.441762_c83625bbe4	10.1101/2021.04.28.441762	Cross-tissue immune cell analysis reveals tissue-specific adaptations and clonal architecture in humans	1	data/hca/manuscripts/0113_10.1101_2021.04.28.441762_c83625bbe4/metadata.json	data/hca/manuscripts/0113_10.1101_2021.04.28.441762_c83625bbe4/resolution.json	data/hca/manuscripts/0113_10.1101_2021.04.28.441762_c83625bbe4/manuscript.md		data/hca/manuscripts/0113_10.1101_2021.04.28.441762_c83625bbe4/manuscript.xml			data/hca/manuscripts/0113_10.1101_2021.04.28.441762_c83625bbe4/biorxiv_metadata.json
0114_10.1371_journal.pone.0263005_b233a49b2b	10.1371/journal.pone.0263005	Cryopreservation and post-thaw characterization of dissociated human islet cells	1	data/hca/manuscripts/0114_10.1371_journal.pone.0263005_b233a49b2b/metadata.json	data/hca/manuscripts/0114_10.1371_journal.pone.0263005_b233a49b2b/resolution.json	data/hca/manuscripts/0114_10.1371_journal.pone.0263005_b233a49b2b/manuscript.md		data/hca/manuscripts/0114_10.1371_journal.pone.0263005_b233a49b2b/manuscript.xml			
0115_10.1038_s41587-023-01734-7_fb10bf071f	10.1038/s41587-023-01734-7	Dandelion uses the single-cell adaptive immune receptor repertoire to explore lymphocyte developmental origins	1	data/hca/manuscripts/0115_10.1038_s41587-023-01734-7_fb10bf071f/metadata.json	data/hca/manuscripts/0115_10.1038_s41587-023-01734-7_fb10bf071f/resolution.json	data/hca/manuscripts/0115_10.1038_s41587-023-01734-7_fb10bf071f/manuscript.md		data/hca/manuscripts/0115_10.1038_s41587-023-01734-7_fb10bf071f/manuscript.xml			
0116_10.1016_j.stem.2020.11.006_03e05f5ffd	10.1016/j.stem.2020.11.006	Decoding Human Megakaryocyte Development.	1	data/hca/manuscripts/0116_10.1016_j.stem.2020.11.006_03e05f5ffd/metadata.json	data/hca/manuscripts/0116_10.1016_j.stem.2020.11.006_03e05f5ffd/resolution.json		data/hca/manuscripts/0116_10.1016_j.stem.2020.11.006_03e05f5ffd/manuscript.html	data/hca/manuscripts/0116_10.1016_j.stem.2020.11.006_03e05f5ffd/manuscript.xml			
0117_10.1038_s41586-019-1652-y_d63955188b	10.1038/s41586-019-1652-y	Decoding human fetal liver haematopoiesis	1	data/hca/manuscripts/0117_10.1038_s41586-019-1652-y_d63955188b/metadata.json	data/hca/manuscripts/0117_10.1038_s41586-019-1652-y_d63955188b/resolution.json	data/hca/manuscripts/0117_10.1038_s41586-019-1652-y_d63955188b/manuscript.md		data/hca/manuscripts/0117_10.1038_s41586-019-1652-y_d63955188b/manuscript.xml			
0118_10.1016_j.jid.2019.07.726_f70095db05	10.1016/j.jid.2019.07.726	Defining Transcriptional Signatures of Human Hair Follicle Cell States.	1	data/hca/manuscripts/0118_10.1016_j.jid.2019.07.726_f70095db05/metadata.json	data/hca/manuscripts/0118_10.1016_j.jid.2019.07.726_f70095db05/resolution.json	data/hca/manuscripts/0118_10.1016_j.jid.2019.07.726_f70095db05/manuscript.md	data/hca/manuscripts/0118_10.1016_j.jid.2019.07.726_f70095db05/manuscript.html				
0119_10.1038_s44161-023-00260-8_10d672103a	10.1038/s44161-023-00260-8	Defining cardiac functional recovery in end-stage heart failure at single-cell resolution.	1	data/hca/manuscripts/0119_10.1038_s44161-023-00260-8_10d672103a/metadata.json	data/hca/manuscripts/0119_10.1038_s44161-023-00260-8_10d672103a/resolution.json	data/hca/manuscripts/0119_10.1038_s44161-023-00260-8_10d672103a/manuscript.md	data/hca/manuscripts/0119_10.1038_s44161-023-00260-8_10d672103a/manuscript.html				
0120_10.1038_s41467-022-34255-z_c90043e943	10.1038/s41467-022-34255-z	Defining cellular complexity in human autosomal dominant polycystic kidney disease by multimodal single cell analysis.	1	data/hca/manuscripts/0120_10.1038_s41467-022-34255-z_c90043e943/metadata.json	data/hca/manuscripts/0120_10.1038_s41467-022-34255-z_c90043e943/resolution.json	data/hca/manuscripts/0120_10.1038_s41467-022-34255-z_c90043e943/manuscript.md		data/hca/manuscripts/0120_10.1038_s41467-022-34255-z_c90043e943/manuscript.xml			
0121_10.7554_elife.62810_069377f2ec	10.7554/elife.62810	Defining human mesenchymal and epithelial heterogeneity in response to oral inflammatory disease.	1	data/hca/manuscripts/0121_10.7554_elife.62810_069377f2ec/metadata.json	data/hca/manuscripts/0121_10.7554_elife.62810_069377f2ec/resolution.json	data/hca/manuscripts/0121_10.7554_elife.62810_069377f2ec/manuscript.md		data/hca/manuscripts/0121_10.7554_elife.62810_069377f2ec/manuscript.xml			
0122_10.1038_s41467-020-18512-7_3e94374231	10.1038/s41467-020-18512-7	Dental cell type atlas reveals stem and differentiated cell types in mouse and human teeth	1	data/hca/manuscripts/0122_10.1038_s41467-020-18512-7_3e94374231/metadata.json	data/hca/manuscripts/0122_10.1038_s41467-020-18512-7_3e94374231/resolution.json	data/hca/manuscripts/0122_10.1038_s41467-020-18512-7_3e94374231/manuscript.md		data/hca/manuscripts/0122_10.1038_s41467-020-18512-7_3e94374231/manuscript.xml			
0123_10.1371_journal.pone.0267704_5a8157f0f3	10.1371/journal.pone.0267704	Detection of infiltrating fibroblasts by single-cell transcriptomics in human kidney allografts.	1	data/hca/manuscripts/0123_10.1371_journal.pone.0267704_5a8157f0f3/metadata.json	data/hca/manuscripts/0123_10.1371_journal.pone.0267704_5a8157f0f3/resolution.json	data/hca/manuscripts/0123_10.1371_journal.pone.0267704_5a8157f0f3/manuscript.md		data/hca/manuscripts/0123_10.1371_journal.pone.0267704_5a8157f0f3/manuscript.xml			
0124_10.1126_science.aba6500_a77c502bf7	10.1126/science.aba6500	Developmental cell programs are co-opted in inflammatory skin disease.	1	data/hca/manuscripts/0124_10.1126_science.aba6500_a77c502bf7/metadata.json	data/hca/manuscripts/0124_10.1126_science.aba6500_a77c502bf7/resolution.json	data/hca/manuscripts/0124_10.1126_science.aba6500_a77c502bf7/manuscript.md	data/hca/manuscripts/0124_10.1126_science.aba6500_a77c502bf7/manuscript.html				
0125_10.1016_j.celrep.2023.111994_fd20125b65	10.1016/j.celrep.2023.111994	Differential cell composition and split epidermal differentiation in human palm, sole, and hip skin	1	data/hca/manuscripts/0125_10.1016_j.celrep.2023.111994_fd20125b65/metadata.json	data/hca/manuscripts/0125_10.1016_j.celrep.2023.111994_fd20125b65/resolution.json	data/hca/manuscripts/0125_10.1016_j.celrep.2023.111994_fd20125b65/manuscript.md		data/hca/manuscripts/0125_10.1016_j.celrep.2023.111994_fd20125b65/manuscript.xml			
0126_10.1038_s41591-022-01959-0_cbdd92bc71	10.1038/s41591-022-01959-0	Distinct cellular dynamics associated with response to CAR-T therapy for refractory B cell lymphoma	1	data/hca/manuscripts/0126_10.1038_s41591-022-01959-0_cbdd92bc71/metadata.json	data/hca/manuscripts/0126_10.1038_s41591-022-01959-0_cbdd92bc71/resolution.json	data/hca/manuscripts/0126_10.1038_s41591-022-01959-0_cbdd92bc71/manuscript.md	data/hca/manuscripts/0126_10.1038_s41591-022-01959-0_cbdd92bc71/manuscript.html				
0127_10.1016_j.cell.2021.11.031_38bd899f1b	10.1016/j.cell.2021.11.031	Differential pre-malignant programs and microenvironment chart distinct paths to malignancy in human colorectal polyps	1	data/hca/manuscripts/0127_10.1016_j.cell.2021.11.031_38bd899f1b/metadata.json	data/hca/manuscripts/0127_10.1016_j.cell.2021.11.031_38bd899f1b/resolution.json	data/hca/manuscripts/0127_10.1016_j.cell.2021.11.031_38bd899f1b/manuscript.md	data/hca/manuscripts/0127_10.1016_j.cell.2021.11.031_38bd899f1b/manuscript.html				
0128_10.1016_j.devcel.2020.07.023_7908e44bb1	10.1016/j.devcel.2020.07.023	Differentiation of Human Intestinal Organoids with Endogenous Vascular Endothelial Cells	1	data/hca/manuscripts/0128_10.1016_j.devcel.2020.07.023_7908e44bb1/metadata.json	data/hca/manuscripts/0128_10.1016_j.devcel.2020.07.023_7908e44bb1/resolution.json	data/hca/manuscripts/0128_10.1016_j.devcel.2020.07.023_7908e44bb1/manuscript.md	data/hca/manuscripts/0128_10.1016_j.devcel.2020.07.023_7908e44bb1/manuscript.html				
0129_10.1016_j.stem.2020.11.010_32cb10758c	10.1016/j.stem.2020.11.010	Direct Exposure to SARS-CoV-2 and Cigarette Smoke Increases Infection Severity and Alters the Stem Cell-Derived Airway Repair Response	1	data/hca/manuscripts/0129_10.1016_j.stem.2020.11.010_32cb10758c/metadata.json	data/hca/manuscripts/0129_10.1016_j.stem.2020.11.010_32cb10758c/resolution.json	data/hca/manuscripts/0129_10.1016_j.stem.2020.11.010_32cb10758c/manuscript.md		data/hca/manuscripts/0129_10.1016_j.stem.2020.11.010_32cb10758c/manuscript.xml			
0130_10.1038_s41422-020-00455-9_6ab85d317a	10.1038/s41422-020-00455-9	Discriminating mild from critical COVID-19 by innate and adaptive immune single-cell profiling of bronchoalveolar lavages	1	data/hca/manuscripts/0130_10.1038_s41422-020-00455-9_6ab85d317a/metadata.json	data/hca/manuscripts/0130_10.1038_s41422-020-00455-9_6ab85d317a/resolution.json	data/hca/manuscripts/0130_10.1038_s41422-020-00455-9_6ab85d317a/manuscript.md		data/hca/manuscripts/0130_10.1038_s41422-020-00455-9_6ab85d317a/manuscript.xml			
0131_10.1016_j.celrep.2018.08.056_3eef7708e9	10.1016/j.celrep.2018.08.056	Dissecting the Global Dynamic Molecular Profiles of Human Fetal Kidney Development by Single-Cell RNA Sequencing	1	data/hca/manuscripts/0131_10.1016_j.celrep.2018.08.056_3eef7708e9/metadata.json	data/hca/manuscripts/0131_10.1016_j.celrep.2018.08.056_3eef7708e9/resolution.json	data/hca/manuscripts/0131_10.1016_j.celrep.2018.08.056_3eef7708e9/manuscript.md	data/hca/manuscripts/0131_10.1016_j.celrep.2018.08.056_3eef7708e9/manuscript.html				
0132_10.1038_s41467-020-16239-z_001d78a35b	10.1038/s41467-020-16239-z	Dissecting the cellular specificity of smoking effects and reconstructing lineages in the human airway epithelium.	1	data/hca/manuscripts/0132_10.1038_s41467-020-16239-z_001d78a35b/metadata.json	data/hca/manuscripts/0132_10.1038_s41467-020-16239-z_001d78a35b/resolution.json	data/hca/manuscripts/0132_10.1038_s41467-020-16239-z_001d78a35b/manuscript.md		data/hca/manuscripts/0132_10.1038_s41467-020-16239-z_001d78a35b/manuscript.xml			
0133_10.1038_ng.3678_4247e86a2b	10.1038/ng.3678	Analysis of allelic expression patterns in clonal somatic cells by single-cell RNA-seq	1	data/hca/manuscripts/0133_10.1038_ng.3678_4247e86a2b/metadata.json	data/hca/manuscripts/0133_10.1038_ng.3678_4247e86a2b/resolution.json	data/hca/manuscripts/0133_10.1038_ng.3678_4247e86a2b/manuscript.md		data/hca/manuscripts/0133_10.1038_ng.3678_4247e86a2b/manuscript.xml			
0134_10.3389_fimmu.2021.636720_9a958ecc4e	10.3389/fimmu.2021.636720	Single Cell Analysis of Blood Mononuclear Cells Stimulated Through Either LPS or Anti-CD3 and Anti-CD28	1	data/hca/manuscripts/0134_10.3389_fimmu.2021.636720_9a958ecc4e/metadata.json	data/hca/manuscripts/0134_10.3389_fimmu.2021.636720_9a958ecc4e/resolution.json	data/hca/manuscripts/0134_10.3389_fimmu.2021.636720_9a958ecc4e/manuscript.md		data/hca/manuscripts/0134_10.3389_fimmu.2021.636720_9a958ecc4e/manuscript.xml			
0135_10.1016_j.cell.2022.06.007_78f5f057fa	10.1016/j.cell.2022.06.007	Dissecting the treatment-naive ecosystem of human melanoma brain metastasis.	1	data/hca/manuscripts/0135_10.1016_j.cell.2022.06.007_78f5f057fa/metadata.json	data/hca/manuscripts/0135_10.1016_j.cell.2022.06.007_78f5f057fa/resolution.json	data/hca/manuscripts/0135_10.1016_j.cell.2022.06.007_78f5f057fa/manuscript.md	data/hca/manuscripts/0135_10.1016_j.cell.2022.06.007_78f5f057fa/manuscript.html				
0136_10.1167_iovs.62.6.18_7e8926eaf2	10.1167/iovs.62.6.18	Dissecting the Transcriptional and Chromatin Accessibility Heterogeneity of Proliferating Cone Precursors in Human Retinoblastoma Tumors by Single Cell Sequencing-Opening Pathways to New Therapeutic Strategies?	1	data/hca/manuscripts/0136_10.1167_iovs.62.6.18_7e8926eaf2/metadata.json	data/hca/manuscripts/0136_10.1167_iovs.62.6.18_7e8926eaf2/resolution.json	data/hca/manuscripts/0136_10.1167_iovs.62.6.18_7e8926eaf2/manuscript.md		data/hca/manuscripts/0136_10.1167_iovs.62.6.18_7e8926eaf2/manuscript.xml			
0137_10.1084_jem.20221350_7ac74dedfd	10.1084/jem.20221350	Distinct fibroblast progenitor subpopulation expedites regenerative mucosal healing by immunomodulation.	1	data/hca/manuscripts/0137_10.1084_jem.20221350_7ac74dedfd/metadata.json	data/hca/manuscripts/0137_10.1084_jem.20221350_7ac74dedfd/resolution.json	data/hca/manuscripts/0137_10.1084_jem.20221350_7ac74dedfd/manuscript.md		data/hca/manuscripts/0137_10.1084_jem.20221350_7ac74dedfd/manuscript.xml			
0138_10.1101_2019.12.12.871657_ab81fe166c	10.1101/2019.12.12.871657	Distinct microbial and immune niches of the human colon	1	data/hca/manuscripts/0138_10.1101_2019.12.12.871657_ab81fe166c/metadata.json	data/hca/manuscripts/0138_10.1101_2019.12.12.871657_ab81fe166c/resolution.json	data/hca/manuscripts/0138_10.1101_2019.12.12.871657_ab81fe166c/manuscript.md	data/hca/manuscripts/0138_10.1101_2019.12.12.871657_ab81fe166c/manuscript.html				
0139_10.1038_s41590-020-0602-z_71058e050d	10.1038/s41590-020-0602-z	Distinct microbial and immune niches of the human colon	1	data/hca/manuscripts/0139_10.1038_s41590-020-0602-z_71058e050d/metadata.json	data/hca/manuscripts/0139_10.1038_s41590-020-0602-z_71058e050d/resolution.json	data/hca/manuscripts/0139_10.1038_s41590-020-0602-z_71058e050d/manuscript.md		data/hca/manuscripts/0139_10.1038_s41590-020-0602-z_71058e050d/manuscript.xml			
0140_10.1101_2021.03.01.21252411_572fc1288d	10.1101/2021.03.01.21252411	Dynamic changes in human single cell transcriptional signatures during fatal sepsis	1	data/hca/manuscripts/0140_10.1101_2021.03.01.21252411_572fc1288d/metadata.json	data/hca/manuscripts/0140_10.1101_2021.03.01.21252411_572fc1288d/resolution.json	data/hca/manuscripts/0140_10.1101_2021.03.01.21252411_572fc1288d/manuscript.md					data/hca/manuscripts/0140_10.1101_2021.03.01.21252411_572fc1288d/biorxiv_metadata.json
0141_10.1016_j.cmet.2023.10.001_fbfadfbb44	10.1016/j.cmet.2023.10.001	Dynamic scRNA-seq of live human pancreatic slices reveals functional endocrine cell neogenesis through an intermediate ducto-acinar stage.	1	data/hca/manuscripts/0141_10.1016_j.cmet.2023.10.001_fbfadfbb44/metadata.json	data/hca/manuscripts/0141_10.1016_j.cmet.2023.10.001_fbfadfbb44/resolution.json		data/hca/manuscripts/0141_10.1016_j.cmet.2023.10.001_fbfadfbb44/manuscript.html	data/hca/manuscripts/0141_10.1016_j.cmet.2023.10.001_fbfadfbb44/manuscript.xml			
0142_10.1016_j.immuni.2023.01.032_b86bd8b65d	10.1016/j.immuni.2023.01.032	Dysregulated lung stroma drives emphysema exacerbation by potentiating resident lymphocytes to suppress an epithelial stem cell reservoir	1	data/hca/manuscripts/0142_10.1016_j.immuni.2023.01.032_b86bd8b65d/metadata.json	data/hca/manuscripts/0142_10.1016_j.immuni.2023.01.032_b86bd8b65d/resolution.json	data/hca/manuscripts/0142_10.1016_j.immuni.2023.01.032_b86bd8b65d/manuscript.md	data/hca/manuscripts/0142_10.1016_j.immuni.2023.01.032_b86bd8b65d/manuscript.html				
0143_10.1038_s41586-021-03710-0_b55ce5f09e	10.1038/s41586-021-03710-0	Dysregulation of brain and choroid plexus cell types in severe COVID-19.	1	data/hca/manuscripts/0143_10.1038_s41586-021-03710-0_b55ce5f09e/metadata.json	data/hca/manuscripts/0143_10.1038_s41586-021-03710-0_b55ce5f09e/resolution.json	data/hca/manuscripts/0143_10.1038_s41586-021-03710-0_b55ce5f09e/manuscript.md	data/hca/manuscripts/0143_10.1038_s41586-021-03710-0_b55ce5f09e/manuscript.html				
0144_10.1016_j.ebiom.2025.106036_833fbd27b6	10.1016/j.ebiom.2025.106036	Early lymph node T follicular helper cell signalling hub drives influenza vaccine response in an ancestrally diverse cohort	1	data/hca/manuscripts/0144_10.1016_j.ebiom.2025.106036_833fbd27b6/metadata.json	data/hca/manuscripts/0144_10.1016_j.ebiom.2025.106036_833fbd27b6/resolution.json	data/hca/manuscripts/0144_10.1016_j.ebiom.2025.106036_833fbd27b6/manuscript.md		data/hca/manuscripts/0144_10.1016_j.ebiom.2025.106036_833fbd27b6/manuscript.xml			
0145_10.1038_s41586-021-04044-7_8df46052bf	10.1038/s41586-021-04044-7	Early-life inflammation primes a T helper 2 cell-fibroblast niche in skin.	1	data/hca/manuscripts/0145_10.1038_s41586-021-04044-7_8df46052bf/metadata.json	data/hca/manuscripts/0145_10.1038_s41586-021-04044-7_8df46052bf/resolution.json	data/hca/manuscripts/0145_10.1038_s41586-021-04044-7_8df46052bf/manuscript.md	data/hca/manuscripts/0145_10.1038_s41586-021-04044-7_8df46052bf/manuscript.html				
0146_10.1016_j.cell.2019.01.017_63c175b000	10.1016/j.cell.2019.01.017	Establishing Cerebral Organoids as Models of Human-Specific Brain Evolution.	1	data/hca/manuscripts/0146_10.1016_j.cell.2019.01.017_63c175b000/metadata.json	data/hca/manuscripts/0146_10.1016_j.cell.2019.01.017_63c175b000/resolution.json	data/hca/manuscripts/0146_10.1016_j.cell.2019.01.017_63c175b000/manuscript.md	data/hca/manuscripts/0146_10.1016_j.cell.2019.01.017_63c175b000/manuscript.html				
0147_10.1038_s41586-023-06638-9_84d87d2eab	10.1038/s41586-023-06638-9	Evolution of neuronal cell classes and types in the vertebrate retina.	1	data/hca/manuscripts/0147_10.1038_s41586-023-06638-9_84d87d2eab/metadata.json	data/hca/manuscripts/0147_10.1038_s41586-023-06638-9_84d87d2eab/resolution.json	data/hca/manuscripts/0147_10.1038_s41586-023-06638-9_84d87d2eab/manuscript.md		data/hca/manuscripts/0147_10.1038_s41586-023-06638-9_84d87d2eab/manuscript.xml			
0148_10.1113_jp287812_fd3137bc12	10.1113/jp287812	Exploring cellular changes in ruptured human quadriceps tendons at single-cell resolution	1	data/hca/manuscripts/0148_10.1113_jp287812_fd3137bc12/metadata.json	data/hca/manuscripts/0148_10.1113_jp287812_fd3137bc12/resolution.json	data/hca/manuscripts/0148_10.1113_jp287812_fd3137bc12/manuscript.md		data/hca/manuscripts/0148_10.1113_jp287812_fd3137bc12/manuscript.xml			
0149_10.1038_s41368-023-00238-z_c77e60a0ab	10.1038/s41368-023-00238-z	Extracellular matrix remodelling in dental pulp tissue of carious human teeth through the prism of single-cell RNA sequencing	1	data/hca/manuscripts/0149_10.1038_s41368-023-00238-z_c77e60a0ab/metadata.json	data/hca/manuscripts/0149_10.1038_s41368-023-00238-z_c77e60a0ab/resolution.json	data/hca/manuscripts/0149_10.1038_s41368-023-00238-z_c77e60a0ab/manuscript.md		data/hca/manuscripts/0149_10.1038_s41368-023-00238-z_c77e60a0ab/manuscript.xml			
0150_10.7554_elife.32303.001_8cf97c9b67	10.7554/elife.32303.001	Extreme heterogeneity of influenza virus infection in single cells	1	data/hca/manuscripts/0150_10.7554_elife.32303.001_8cf97c9b67/metadata.json	data/hca/manuscripts/0150_10.7554_elife.32303.001_8cf97c9b67/resolution.json	data/hca/manuscripts/0150_10.7554_elife.32303.001_8cf97c9b67/manuscript.md		data/hca/manuscripts/0150_10.7554_elife.32303.001_8cf97c9b67/manuscript.xml			
0151_10.1038_s41586-022-04718-w_1bf3167cbc	10.1038/s41586-022-04718-w	Extricating human tumour immune alterations from tissue inflammation	1	data/hca/manuscripts/0151_10.1038_s41586-022-04718-w_1bf3167cbc/metadata.json	data/hca/manuscripts/0151_10.1038_s41586-022-04718-w_1bf3167cbc/resolution.json	data/hca/manuscripts/0151_10.1038_s41586-022-04718-w_1bf3167cbc/manuscript.md		data/hca/manuscripts/0151_10.1038_s41586-022-04718-w_1bf3167cbc/manuscript.xml			
0152_10.15252_embr.201847483_d14f9b2105	10.15252/embr.201847483	Reporter-based fate mapping in human kidney organoids confirms nephron lineage relationships and reveals synchronous nephron formation.	1	data/hca/manuscripts/0152_10.15252_embr.201847483_d14f9b2105/metadata.json	data/hca/manuscripts/0152_10.15252_embr.201847483_d14f9b2105/resolution.json	data/hca/manuscripts/0152_10.15252_embr.201847483_d14f9b2105/manuscript.md	data/hca/manuscripts/0152_10.15252_embr.201847483_d14f9b2105/manuscript.html				
0153_10.1038_s41556-020-00607-4_a7b29ac44b	10.1038/s41556-020-00607-4	Female human primordial germ cells display X-chromosome dosage compensation despite the absence of X-inactivation.	2	data/hca/manuscripts/0153_10.1038_s41556-020-00607-4_a7b29ac44b/metadata.json	data/hca/manuscripts/0153_10.1038_s41556-020-00607-4_a7b29ac44b/resolution.json	data/hca/manuscripts/0153_10.1038_s41556-020-00607-4_a7b29ac44b/manuscript.md	data/hca/manuscripts/0153_10.1038_s41556-020-00607-4_a7b29ac44b/manuscript.html				
0154_10.1126_sciimmunol.aba9953_c0504e7920	10.1126/sciimmunol.aba9953	A distinct GM-CSF+ T helper cell subset requires T-bet to adopt a TH1 phenotype and promote neuroinflammation	1	data/hca/manuscripts/0154_10.1126_sciimmunol.aba9953_c0504e7920/metadata.json	data/hca/manuscripts/0154_10.1126_sciimmunol.aba9953_c0504e7920/resolution.json						
0155_10.1038_s41467-022-29588-8_ec4c5a4a22	10.1038/s41467-022-29588-8	Generation of human islet cell type-specific identity genesets.	1	data/hca/manuscripts/0155_10.1038_s41467-022-29588-8_ec4c5a4a22/metadata.json	data/hca/manuscripts/0155_10.1038_s41467-022-29588-8_ec4c5a4a22/resolution.json	data/hca/manuscripts/0155_10.1038_s41467-022-29588-8_ec4c5a4a22/manuscript.md		data/hca/manuscripts/0155_10.1038_s41467-022-29588-8_ec4c5a4a22/manuscript.xml			
0156_10.1101_2020.12.21.423830_b1006f56a0	10.1101/2020.12.21.423830	Single-cell RNA-sequencing reveals pervasive but highly cell type-specific genetic ancestry effects on the response to viral infection	1	data/hca/manuscripts/0156_10.1101_2020.12.21.423830_b1006f56a0/metadata.json	data/hca/manuscripts/0156_10.1101_2020.12.21.423830_b1006f56a0/resolution.json	data/hca/manuscripts/0156_10.1101_2020.12.21.423830_b1006f56a0/manuscript.md		data/hca/manuscripts/0156_10.1101_2020.12.21.423830_b1006f56a0/manuscript.xml			data/hca/manuscripts/0156_10.1101_2020.12.21.423830_b1006f56a0/biorxiv_metadata.json
0157_10.1126_science.abg0928_3795ca9b86	10.1126/science.abg0928	Genetic ancestry effects on the response to viral infection are pervasive but cell type specific	1	data/hca/manuscripts/0157_10.1126_science.abg0928_3795ca9b86/metadata.json	data/hca/manuscripts/0157_10.1126_science.abg0928_3795ca9b86/resolution.json	data/hca/manuscripts/0157_10.1126_science.abg0928_3795ca9b86/manuscript.md	data/hca/manuscripts/0157_10.1126_science.abg0928_3795ca9b86/manuscript.html				
0158_10.2337_db21-0830_d021248f76	10.2337/db21-0830	Endothelial Phospholipase Cγ2 Improves Outcomes of Diabetic Ischemic Limb Rescue Following VEGF Therapy	1	data/hca/manuscripts/0158_10.2337_db21-0830_d021248f76/metadata.json	data/hca/manuscripts/0158_10.2337_db21-0830_d021248f76/resolution.json	data/hca/manuscripts/0158_10.2337_db21-0830_d021248f76/manuscript.md	data/hca/manuscripts/0158_10.2337_db21-0830_d021248f76/manuscript.html				
0159_10.1172_jci157279_71a5ff671c	10.1172/jci157279	Genome-wide DNA hypermethylation opposes healing in patients with chronic wounds by impairing epithelial-mesenchymal transition	1	data/hca/manuscripts/0159_10.1172_jci157279_71a5ff671c/metadata.json	data/hca/manuscripts/0159_10.1172_jci157279_71a5ff671c/resolution.json	data/hca/manuscripts/0159_10.1172_jci157279_71a5ff671c/manuscript.md		data/hca/manuscripts/0159_10.1172_jci157279_71a5ff671c/manuscript.xml			
0160_10.1016_j.stem.2017.09.003_8fb14888a8	10.1016/j.stem.2017.09.003	Chromatin and Single-Cell RNA-Seq Profiling Reveal Dynamic Signaling and Metabolic Transitions during Human Spermatogonial Stem Cell Development	1	data/hca/manuscripts/0160_10.1016_j.stem.2017.09.003_8fb14888a8/metadata.json	data/hca/manuscripts/0160_10.1016_j.stem.2017.09.003_8fb14888a8/resolution.json	data/hca/manuscripts/0160_10.1016_j.stem.2017.09.003_8fb14888a8/manuscript.md		data/hca/manuscripts/0160_10.1016_j.stem.2017.09.003_8fb14888a8/manuscript.xml			
0161_10.1681_asn.2020030326_bf5d42b566	10.1681/asn.2020030326	Harnessing Expressed Single Nucleotide Variation and Single Cell RNA Sequencing To Define Immune Cell Chimerism in the Rejecting Kidney Transplant.	1	data/hca/manuscripts/0161_10.1681_asn.2020030326_bf5d42b566/metadata.json	data/hca/manuscripts/0161_10.1681_asn.2020030326_bf5d42b566/resolution.json	data/hca/manuscripts/0161_10.1681_asn.2020030326_bf5d42b566/manuscript.md	data/hca/manuscripts/0161_10.1681_asn.2020030326_bf5d42b566/manuscript.html				
0162_10.1016_j.kint.2021.11.031_93f85a569c	10.1016/j.kint.2021.11.031	Glomerular endothelial cell-podocyte stresses and crosstalk in structurally normal kidney transplants	1	data/hca/manuscripts/0162_10.1016_j.kint.2021.11.031_93f85a569c/metadata.json	data/hca/manuscripts/0162_10.1016_j.kint.2021.11.031_93f85a569c/resolution.json	data/hca/manuscripts/0162_10.1016_j.kint.2021.11.031_93f85a569c/manuscript.md	data/hca/manuscripts/0162_10.1016_j.kint.2021.11.031_93f85a569c/manuscript.html				
0163_10.1126_sciimmunol.abb4432_91494cf647	10.1126/sciimmunol.abb4432	Heterogeneity and clonal relationships of adaptive immune cells in ulcerative colitis revealed by single-cell analyses.	1	data/hca/manuscripts/0163_10.1126_sciimmunol.abb4432_91494cf647/metadata.json	data/hca/manuscripts/0163_10.1126_sciimmunol.abb4432_91494cf647/resolution.json	data/hca/manuscripts/0163_10.1126_sciimmunol.abb4432_91494cf647/manuscript.md	data/hca/manuscripts/0163_10.1126_sciimmunol.abb4432_91494cf647/manuscript.html				
0164_10.1177_00220345221147908_13bf485ac8	10.1177/00220345221147908	High-Resolution Transcriptomic Landscape of the Human Submandibular Gland.	1	data/hca/manuscripts/0164_10.1177_00220345221147908_13bf485ac8/metadata.json	data/hca/manuscripts/0164_10.1177_00220345221147908_13bf485ac8/resolution.json	data/hca/manuscripts/0164_10.1177_00220345221147908_13bf485ac8/manuscript.md	data/hca/manuscripts/0164_10.1177_00220345221147908_13bf485ac8/manuscript.html				
0165_10.1111_cpr.13557_b323e8d65a	10.1111/cpr.13557	High-resolution single-cell transcriptomic survey of cardiomyocytes from patients with hypertrophic cardiomyopathy	1	data/hca/manuscripts/0165_10.1111_cpr.13557_b323e8d65a/metadata.json	data/hca/manuscripts/0165_10.1111_cpr.13557_b323e8d65a/resolution.json	data/hca/manuscripts/0165_10.1111_cpr.13557_b323e8d65a/manuscript.md		data/hca/manuscripts/0165_10.1111_cpr.13557_b323e8d65a/manuscript.xml			
0166_10.1101_2023.04.13.23288227_0c5bc13bbe	10.1101/2023.04.13.23288227	Human SARS-CoV-2 challenge resolves local and systemic response dynamics	1	data/hca/manuscripts/0166_10.1101_2023.04.13.23288227_0c5bc13bbe/metadata.json	data/hca/manuscripts/0166_10.1101_2023.04.13.23288227_0c5bc13bbe/resolution.json	data/hca/manuscripts/0166_10.1101_2023.04.13.23288227_0c5bc13bbe/manuscript.md					data/hca/manuscripts/0166_10.1101_2023.04.13.23288227_0c5bc13bbe/biorxiv_metadata.json
0167_10.1073_pnas.1520760112_985a5e340f	10.1073/pnas.1520760112	Human cerebral organoids recapitulate gene expression programs of fetal neocortex development	1	data/hca/manuscripts/0167_10.1073_pnas.1520760112_985a5e340f/metadata.json	data/hca/manuscripts/0167_10.1073_pnas.1520760112_985a5e340f/resolution.json	data/hca/manuscripts/0167_10.1073_pnas.1520760112_985a5e340f/manuscript.md	data/hca/manuscripts/0167_10.1073_pnas.1520760112_985a5e340f/manuscript.html				
0168_10.1038_s41586-022-04552-0_f98a6428c8	10.1038/s41586-022-04552-0	Human distal airways contain a multipotent secretory cell that can regenerate alveoli	1	data/hca/manuscripts/0168_10.1038_s41586-022-04552-0_f98a6428c8/metadata.json	data/hca/manuscripts/0168_10.1038_s41586-022-04552-0_f98a6428c8/resolution.json	data/hca/manuscripts/0168_10.1038_s41586-022-04552-0_f98a6428c8/manuscript.md	data/hca/manuscripts/0168_10.1038_s41586-022-04552-0_f98a6428c8/manuscript.html				
0169_10.1038_s41586-022-04541-3_a47d9e6ca0	10.1038/s41586-022-04541-3	Human distal lung maps and lineage hierarchies reveal a bipotent progenitor	1	data/hca/manuscripts/0169_10.1038_s41586-022-04541-3_a47d9e6ca0/metadata.json	data/hca/manuscripts/0169_10.1038_s41586-022-04541-3_a47d9e6ca0/resolution.json	data/hca/manuscripts/0169_10.1038_s41586-022-04541-3_a47d9e6ca0/manuscript.md	data/hca/manuscripts/0169_10.1038_s41586-022-04541-3_a47d9e6ca0/manuscript.html				
0170_10.1038_s41556-021-00740-8_a1434832b6	10.1038/s41556-021-00740-8	Human melanocyte development and melanoma dedifferentiation at single-cell resolution.	1	data/hca/manuscripts/0170_10.1038_s41556-021-00740-8_a1434832b6/metadata.json	data/hca/manuscripts/0170_10.1038_s41556-021-00740-8_a1434832b6/resolution.json	data/hca/manuscripts/0170_10.1038_s41556-021-00740-8_a1434832b6/manuscript.md	data/hca/manuscripts/0170_10.1038_s41556-021-00740-8_a1434832b6/manuscript.html				
0171_10.1016_j.cell.2021.05.013_6d846f218b	10.1016/j.cell.2021.05.013	Human oral mucosa cell atlas reveals a stromal-neutrophil axis regulating tissue immunity	1	data/hca/manuscripts/0171_10.1016_j.cell.2021.05.013_6d846f218b/metadata.json	data/hca/manuscripts/0171_10.1016_j.cell.2021.05.013_6d846f218b/resolution.json	data/hca/manuscripts/0171_10.1016_j.cell.2021.05.013_6d846f218b/manuscript.md	data/hca/manuscripts/0171_10.1016_j.cell.2021.05.013_6d846f218b/manuscript.html				
0172_10.1093_hmg_ddab140_444d3c140d	10.1093/hmg/ddab140	Human photoreceptor cells from different macular subregions have distinct transcriptional profiles	1	data/hca/manuscripts/0172_10.1093_hmg_ddab140_444d3c140d/metadata.json	data/hca/manuscripts/0172_10.1093_hmg_ddab140_444d3c140d/resolution.json	data/hca/manuscripts/0172_10.1093_hmg_ddab140_444d3c140d/manuscript.md		data/hca/manuscripts/0172_10.1093_hmg_ddab140_444d3c140d/manuscript.xml			
0173_10.1016_j.cell.2022.09.039_a50e5fc2d6	10.1016/j.cell.2022.09.039	Human prefrontal cortex gene regulatory dynamics from gestation to adulthood at single-cell resolution	1	data/hca/manuscripts/0173_10.1016_j.cell.2022.09.039_a50e5fc2d6/metadata.json	data/hca/manuscripts/0173_10.1016_j.cell.2022.09.039_a50e5fc2d6/resolution.json		data/hca/manuscripts/0173_10.1016_j.cell.2022.09.039_a50e5fc2d6/manuscript.html	data/hca/manuscripts/0173_10.1016_j.cell.2022.09.039_a50e5fc2d6/manuscript.xml			
0174_10.1038_s41588-024-02048-3_7311b9bde5	10.1038/s41588-024-02048-3	Human subcutaneous and visceral adipocyte atlases uncover classical and nonclassical adipocytes and depot-specific patterns	1	data/hca/manuscripts/0174_10.1038_s41588-024-02048-3_7311b9bde5/metadata.json	data/hca/manuscripts/0174_10.1038_s41588-024-02048-3_7311b9bde5/resolution.json	data/hca/manuscripts/0174_10.1038_s41588-024-02048-3_7311b9bde5/manuscript.md		data/hca/manuscripts/0174_10.1038_s41588-024-02048-3_7311b9bde5/manuscript.xml			
0175_10.1038_s41587-020-00796-1_81545d4d48	10.1038/s41587-020-00796-1	Hypertension delays viral clearance and exacerbates airway hyperinflammation in patients with COVID-19	1	data/hca/manuscripts/0175_10.1038_s41587-020-00796-1_81545d4d48/metadata.json	data/hca/manuscripts/0175_10.1038_s41587-020-00796-1_81545d4d48/resolution.json	data/hca/manuscripts/0175_10.1038_s41587-020-00796-1_81545d4d48/manuscript.md	data/hca/manuscripts/0175_10.1038_s41587-020-00796-1_81545d4d48/manuscript.html				
0176_10.1126_science.aav2501_7c9d3a1bd2	10.1126/science.aav2501	Identification of a mesenchymal progenitor cell hierarchy in adipose tissue.	1	data/hca/manuscripts/0176_10.1126_science.aav2501_7c9d3a1bd2/metadata.json	data/hca/manuscripts/0176_10.1126_science.aav2501_7c9d3a1bd2/resolution.json	data/hca/manuscripts/0176_10.1126_science.aav2501_7c9d3a1bd2/manuscript.md	data/hca/manuscripts/0176_10.1126_science.aav2501_7c9d3a1bd2/manuscript.html				
0177_10.1073_pnas.2204269120_58cc2f2212	10.1073/pnas.2204269120	Identification of a unique subset of tissue-resident memory CD4+ T cells in Crohn’s disease	1	data/hca/manuscripts/0177_10.1073_pnas.2204269120_58cc2f2212/metadata.json	data/hca/manuscripts/0177_10.1073_pnas.2204269120_58cc2f2212/resolution.json	data/hca/manuscripts/0177_10.1073_pnas.2204269120_58cc2f2212/manuscript.md		data/hca/manuscripts/0177_10.1073_pnas.2204269120_58cc2f2212/manuscript.xml			
0178_10.1016_j.ebiom.2021.103618_7744ce01c2	10.1016/j.ebiom.2021.103618	Synovial tissue from sites of joint pain in knee osteoarthritis patients exhibits a differential phenotype with distinct fibroblast subsets.	1	data/hca/manuscripts/0178_10.1016_j.ebiom.2021.103618_7744ce01c2/metadata.json	data/hca/manuscripts/0178_10.1016_j.ebiom.2021.103618_7744ce01c2/resolution.json	data/hca/manuscripts/0178_10.1016_j.ebiom.2021.103618_7744ce01c2/manuscript.md		data/hca/manuscripts/0178_10.1016_j.ebiom.2021.103618_7744ce01c2/manuscript.xml			
0179_10.1038_s41593-021-00906-5_f703d212e4	10.1038/s41593-021-00906-5	Identification of neural oscillations and epileptiform changes in human brain organoids.	1	data/hca/manuscripts/0179_10.1038_s41593-021-00906-5_f703d212e4/metadata.json	data/hca/manuscripts/0179_10.1038_s41593-021-00906-5_f703d212e4/resolution.json	data/hca/manuscripts/0179_10.1038_s41593-021-00906-5_f703d212e4/manuscript.md	data/hca/manuscripts/0179_10.1038_s41593-021-00906-5_f703d212e4/manuscript.html				
0180_10.1016_j.immuni.2019.11.014_dd3bbb9bc1	10.1016/j.immuni.2019.11.014	Immune Landscape of Viral- and Carcinogen-Driven Head and Neck Cancer.	1	data/hca/manuscripts/0180_10.1016_j.immuni.2019.11.014_dd3bbb9bc1/metadata.json	data/hca/manuscripts/0180_10.1016_j.immuni.2019.11.014_dd3bbb9bc1/resolution.json	data/hca/manuscripts/0180_10.1016_j.immuni.2019.11.014_dd3bbb9bc1/manuscript.md	data/hca/manuscripts/0180_10.1016_j.immuni.2019.11.014_dd3bbb9bc1/manuscript.html				
0181_10.1080_08830185.2022.2144291_87ad07fcad	10.1080/08830185.2022.2144291	Immune cell profiling of preeclamptic pregnant and postpartum women by single-cell RNA sequencing	1	data/hca/manuscripts/0181_10.1080_08830185.2022.2144291_87ad07fcad/metadata.json	data/hca/manuscripts/0181_10.1080_08830185.2022.2144291_87ad07fcad/resolution.json						
0182_10.1126_sciimmunol.abk1741_33c534a538	10.1126/sciimmunol.abk1741	Immune signatures underlying post-acute COVID-19 lung sequelae.	1	data/hca/manuscripts/0182_10.1126_sciimmunol.abk1741_33c534a538/metadata.json	data/hca/manuscripts/0182_10.1126_sciimmunol.abk1741_33c534a538/resolution.json	data/hca/manuscripts/0182_10.1126_sciimmunol.abk1741_33c534a538/manuscript.md		data/hca/manuscripts/0182_10.1126_sciimmunol.abk1741_33c534a538/manuscript.xml			
0183_10.1126_sciimmunol.abd1554_52a79b9d12	10.1126/sciimmunol.abd1554	Immunophenotyping of COVID-19 and influenza highlights the role of type I interferons in development of severe COVID-19.	1	data/hca/manuscripts/0183_10.1126_sciimmunol.abd1554_52a79b9d12/metadata.json	data/hca/manuscripts/0183_10.1126_sciimmunol.abd1554_52a79b9d12/resolution.json	data/hca/manuscripts/0183_10.1126_sciimmunol.abd1554_52a79b9d12/manuscript.md		data/hca/manuscripts/0183_10.1126_sciimmunol.abd1554_52a79b9d12/manuscript.xml			
0184_10.1016_j.cell.2021.07.023_f621bea088	10.1016/j.cell.2021.07.023	Impaired local intrinsic immunity to SARS-CoV-2 infection in severe COVID-19	1	data/hca/manuscripts/0184_10.1016_j.cell.2021.07.023_f621bea088/metadata.json	data/hca/manuscripts/0184_10.1016_j.cell.2021.07.023_f621bea088/resolution.json	data/hca/manuscripts/0184_10.1016_j.cell.2021.07.023_f621bea088/manuscript.md		data/hca/manuscripts/0184_10.1016_j.cell.2021.07.023_f621bea088/manuscript.xml			
0185_10.1038_s41598-019-45842-4_2aeb7a4d45	10.1038/s41598-019-45842-4	An optimised tissue disaggregation and data processing pipeline for characterising fibroblast phenotypes using single-cell RNA sequencing.	1	data/hca/manuscripts/0185_10.1038_s41598-019-45842-4_2aeb7a4d45/metadata.json	data/hca/manuscripts/0185_10.1038_s41598-019-45842-4_2aeb7a4d45/resolution.json	data/hca/manuscripts/0185_10.1038_s41598-019-45842-4_2aeb7a4d45/manuscript.md		data/hca/manuscripts/0185_10.1038_s41598-019-45842-4_2aeb7a4d45/manuscript.xml			
0186_10.1016_j.devcel.2020.01.033_6afe089f1e	10.1016/j.devcel.2020.01.033	In Vitro and In Vivo Development of the Human Airway at Single-Cell Resolution	1	data/hca/manuscripts/0186_10.1016_j.devcel.2020.01.033_6afe089f1e/metadata.json	data/hca/manuscripts/0186_10.1016_j.devcel.2020.01.033_6afe089f1e/resolution.json	data/hca/manuscripts/0186_10.1016_j.devcel.2020.01.033_6afe089f1e/manuscript.md	data/hca/manuscripts/0186_10.1016_j.devcel.2020.01.033_6afe089f1e/manuscript.html				
0187_10.1016_j.cell.2021.04.048_58f6b9bb19	10.1016/j.cell.2021.04.048	Integrated analysis of multimodal single-cell data.	1	data/hca/manuscripts/0187_10.1016_j.cell.2021.04.048_58f6b9bb19/metadata.json	data/hca/manuscripts/0187_10.1016_j.cell.2021.04.048_58f6b9bb19/resolution.json	data/hca/manuscripts/0187_10.1016_j.cell.2021.04.048_58f6b9bb19/manuscript.md		data/hca/manuscripts/0187_10.1016_j.cell.2021.04.048_58f6b9bb19/manuscript.xml			
0188_10.1038_s41586-022-04989-3_7ea3ee9a4e	10.1038/s41586-022-04989-3	Integrated multiomic characterization of congenital heart disease.	1	data/hca/manuscripts/0188_10.1038_s41586-022-04989-3_7ea3ee9a4e/metadata.json	data/hca/manuscripts/0188_10.1038_s41586-022-04989-3_7ea3ee9a4e/resolution.json	data/hca/manuscripts/0188_10.1038_s41586-022-04989-3_7ea3ee9a4e/manuscript.md	data/hca/manuscripts/0188_10.1038_s41586-022-04989-3_7ea3ee9a4e/manuscript.html				
0189_10.1016_j.immuni.2020.03.019_9397508fd3	10.1016/j.immuni.2020.03.019	Integrated scRNA-Seq Identifies Human Postnatal Thymus Seeding Progenitors and Regulatory Dynamics of Differentiating Immature Thymocytes	1	data/hca/manuscripts/0189_10.1016_j.immuni.2020.03.019_9397508fd3/metadata.json	data/hca/manuscripts/0189_10.1016_j.immuni.2020.03.019_9397508fd3/resolution.json		data/hca/manuscripts/0189_10.1016_j.immuni.2020.03.019_9397508fd3/manuscript.html	data/hca/manuscripts/0189_10.1016_j.immuni.2020.03.019_9397508fd3/manuscript.xml			
0190_10.1038_s41467-019-14118-w_eee71dc5ea	10.1038/s41467-019-14118-w	Integrated single cell analysis of blood and cerebrospinal fluid leukocytes in multiple sclerosis.	1	data/hca/manuscripts/0190_10.1038_s41467-019-14118-w_eee71dc5ea/metadata.json	data/hca/manuscripts/0190_10.1038_s41467-019-14118-w_eee71dc5ea/resolution.json	data/hca/manuscripts/0190_10.1038_s41467-019-14118-w_eee71dc5ea/manuscript.md		data/hca/manuscripts/0190_10.1038_s41467-019-14118-w_eee71dc5ea/manuscript.xml			
0191_10.1126_sciimmunol.abh3768_bc0f7a7105	10.1126/sciimmunol.abh3768	Integrated single-cell transcriptomics and epigenomics reveals strong germinal center-associated etiology of autoimmune risk loci.	1	data/hca/manuscripts/0191_10.1126_sciimmunol.abh3768_bc0f7a7105/metadata.json	data/hca/manuscripts/0191_10.1126_sciimmunol.abh3768_bc0f7a7105/resolution.json	data/hca/manuscripts/0191_10.1126_sciimmunol.abh3768_bc0f7a7105/manuscript.md	data/hca/manuscripts/0191_10.1126_sciimmunol.abh3768_bc0f7a7105/manuscript.html				
0192_10.1016_j.celrep.2019.12.082_fa366f1d07	10.1016/j.celrep.2019.12.082	Integration of eQTL and a Single-Cell Atlas in the Human Eye Identifies Causal Genes for Age-Related Macular Degeneration.	1	data/hca/manuscripts/0192_10.1016_j.celrep.2019.12.082_fa366f1d07/metadata.json	data/hca/manuscripts/0192_10.1016_j.celrep.2019.12.082_fa366f1d07/resolution.json		data/hca/manuscripts/0192_10.1016_j.celrep.2019.12.082_fa366f1d07/manuscript.html	data/hca/manuscripts/0192_10.1016_j.celrep.2019.12.082_fa366f1d07/manuscript.xml			
0193_10.15252_emmm.202012871_3b35c5fb8f	10.15252/emmm.202012871	Integrative analysis of cell state changes in lung fibrosis with peripheral protein biomarkers	1	data/hca/manuscripts/0193_10.15252_emmm.202012871_3b35c5fb8f/metadata.json	data/hca/manuscripts/0193_10.15252_emmm.202012871_3b35c5fb8f/resolution.json	data/hca/manuscripts/0193_10.15252_emmm.202012871_3b35c5fb8f/manuscript.md		data/hca/manuscripts/0193_10.15252_emmm.202012871_3b35c5fb8f/manuscript.xml			
0194_10.1101_459891_35e1f2a53d	10.1101/459891	Single-cell multi-omic integration compares and contrasts features of brain cell identity	1	data/hca/manuscripts/0194_10.1101_459891_35e1f2a53d/metadata.json	data/hca/manuscripts/0194_10.1101_459891_35e1f2a53d/resolution.json	data/hca/manuscripts/0194_10.1101_459891_35e1f2a53d/manuscript.md	data/hca/manuscripts/0194_10.1101_459891_35e1f2a53d/manuscript.html				
0195_10.1038_nbt.4038_23df984b1c	10.1038/nbt.4038	Integrative single-cell analysis of transcriptional and epigenetic states in the human adult brain.	1	data/hca/manuscripts/0195_10.1038_nbt.4038_23df984b1c/metadata.json	data/hca/manuscripts/0195_10.1038_nbt.4038_23df984b1c/resolution.json	data/hca/manuscripts/0195_10.1038_nbt.4038_23df984b1c/manuscript.md	data/hca/manuscripts/0195_10.1038_nbt.4038_23df984b1c/manuscript.html				
0196_10.1016_j.cell.2019.06.029_0759da9587	10.1016/j.cell.2019.06.029	Intra- and Inter-cellular Rewiring of the Human Colon during Ulcerative Colitis.	1	data/hca/manuscripts/0196_10.1016_j.cell.2019.06.029_0759da9587/metadata.json	data/hca/manuscripts/0196_10.1016_j.cell.2019.06.029_0759da9587/resolution.json	data/hca/manuscripts/0196_10.1016_j.cell.2019.06.029_0759da9587/manuscript.md	data/hca/manuscripts/0196_10.1016_j.cell.2019.06.029_0759da9587/manuscript.html				
0197_10.3389_fmed.2022.869284_8494fa8c76	10.3389/fmed.2022.869284	Intrarenal Single-Cell Sequencing of Hepatitis B Virus Associated Membranous Nephropathy.	1	data/hca/manuscripts/0197_10.3389_fmed.2022.869284_8494fa8c76/metadata.json	data/hca/manuscripts/0197_10.3389_fmed.2022.869284_8494fa8c76/resolution.json	data/hca/manuscripts/0197_10.3389_fmed.2022.869284_8494fa8c76/manuscript.md		data/hca/manuscripts/0197_10.3389_fmed.2022.869284_8494fa8c76/manuscript.xml			
0198_10.1038_s41467-021-27619-4_12529026b3	10.1038/s41467-021-27619-4	Investigating immune and non-immune cell interactions in head and neck tumors by single-cell RNA sequencing	1	data/hca/manuscripts/0198_10.1038_s41467-021-27619-4_12529026b3/metadata.json	data/hca/manuscripts/0198_10.1038_s41467-021-27619-4_12529026b3/resolution.json	data/hca/manuscripts/0198_10.1038_s41467-021-27619-4_12529026b3/manuscript.md		data/hca/manuscripts/0198_10.1038_s41467-021-27619-4_12529026b3/manuscript.xml			
0199_10.1126_science.aau0730_b6fe6637fb	10.1126/science.aau0730	Joint profiling of chromatin accessibility and gene expression in thousands of single cells.	1	data/hca/manuscripts/0199_10.1126_science.aau0730_b6fe6637fb/metadata.json	data/hca/manuscripts/0199_10.1126_science.aau0730_b6fe6637fb/resolution.json	data/hca/manuscripts/0199_10.1126_science.aau0730_b6fe6637fb/manuscript.md	data/hca/manuscripts/0199_10.1126_science.aau0730_b6fe6637fb/manuscript.html				
0200_10.1242_dev.172361_e8969b05b0	10.1242/dev.172361	Kidney micro-organoids in suspension culture as a scalable source of human pluripotent stem cell-derived kidney cells.	1	data/hca/manuscripts/0200_10.1242_dev.172361_e8969b05b0/metadata.json	data/hca/manuscripts/0200_10.1242_dev.172361_e8969b05b0/resolution.json	data/hca/manuscripts/0200_10.1242_dev.172361_e8969b05b0/manuscript.md		data/hca/manuscripts/0200_10.1242_dev.172361_e8969b05b0/manuscript.xml			
0201_10.1038_s41467-019-13382-0_3e98068ead	10.1038/s41467-019-13382-0	Single cell census of human kidney organoids shows reproducibility and diminished off-target cells after transplantation	1	data/hca/manuscripts/0201_10.1038_s41467-019-13382-0_3e98068ead/metadata.json	data/hca/manuscripts/0201_10.1038_s41467-019-13382-0_3e98068ead/resolution.json	data/hca/manuscripts/0201_10.1038_s41467-019-13382-0_3e98068ead/manuscript.md		data/hca/manuscripts/0201_10.1038_s41467-019-13382-0_3e98068ead/manuscript.xml			
0202_10.1101_2021.03.09.21253155_14ff4e9eec	10.1101/2021.03.09.21253155	High-resolution epigenome analysis in nasal samples derived from children with respiratory viral infections reveals striking changes upon SARS-CoV-2 infection.	1	data/hca/manuscripts/0202_10.1101_2021.03.09.21253155_14ff4e9eec/metadata.json	data/hca/manuscripts/0202_10.1101_2021.03.09.21253155_14ff4e9eec/resolution.json	data/hca/manuscripts/0202_10.1101_2021.03.09.21253155_14ff4e9eec/manuscript.md	data/hca/manuscripts/0202_10.1101_2021.03.09.21253155_14ff4e9eec/manuscript.html				
0203_10.1038_s41598-021-95532-3_bdd0d22902	10.1038/s41598-021-95532-3	Immune cell residency in the nasal mucosa may partially explain respiratory disease severity across the age range	1	data/hca/manuscripts/0203_10.1038_s41598-021-95532-3_bdd0d22902/metadata.json	data/hca/manuscripts/0203_10.1038_s41598-021-95532-3_bdd0d22902/resolution.json	data/hca/manuscripts/0203_10.1038_s41598-021-95532-3_bdd0d22902/manuscript.md		data/hca/manuscripts/0203_10.1038_s41598-021-95532-3_bdd0d22902/manuscript.xml			
0204_10.1038_s41592-021-01344-8_b3626153aa	10.1038/s41592-021-01344-8	Lineage recording in human cerebral organoids.	1	data/hca/manuscripts/0204_10.1038_s41592-021-01344-8_b3626153aa/metadata.json	data/hca/manuscripts/0204_10.1038_s41592-021-01344-8_b3626153aa/resolution.json	data/hca/manuscripts/0204_10.1038_s41592-021-01344-8_b3626153aa/manuscript.md		data/hca/manuscripts/0204_10.1038_s41592-021-01344-8_b3626153aa/manuscript.xml			
0205_10.1038_s41588-020-0636-z_f39ba80540	10.1038/s41588-020-0636-z	Lineage-dependent gene expression programs influence the immune landscape of colorectal cancer.	1	data/hca/manuscripts/0205_10.1038_s41588-020-0636-z_f39ba80540/metadata.json	data/hca/manuscripts/0205_10.1038_s41588-020-0636-z_f39ba80540/resolution.json	data/hca/manuscripts/0205_10.1038_s41588-020-0636-z_f39ba80540/manuscript.md	data/hca/manuscripts/0205_10.1038_s41588-020-0636-z_f39ba80540/manuscript.html				
0206_10.1038_s41586-021-04345-x_4379471b82	10.1038/s41586-021-04345-x	Local and systemic responses to SARS-CoV-2 infection in children and adults	1	data/hca/manuscripts/0206_10.1038_s41586-021-04345-x_4379471b82/metadata.json	data/hca/manuscripts/0206_10.1038_s41586-021-04345-x_4379471b82/resolution.json	data/hca/manuscripts/0206_10.1038_s41586-021-04345-x_4379471b82/manuscript.md	data/hca/manuscripts/0206_10.1038_s41586-021-04345-x_4379471b82/manuscript.html				
0207_10.1016_j.immuni.2020.11.017_b182001861	10.1016/j.immuni.2020.11.017	Longitudinal Multi-omics Analyses Identify Responses of Megakaryocytes, Erythroid Cells, and Plasmablasts as Hallmarks of Severe COVID-19.	1	data/hca/manuscripts/0207_10.1016_j.immuni.2020.11.017_b182001861/metadata.json	data/hca/manuscripts/0207_10.1016_j.immuni.2020.11.017_b182001861/resolution.json	data/hca/manuscripts/0207_10.1016_j.immuni.2020.11.017_b182001861/manuscript.md		data/hca/manuscripts/0207_10.1016_j.immuni.2020.11.017_b182001861/manuscript.xml			
0208_10.1038_nbt.2967_18c9fd3939	10.1038/nbt.2967	Low-coverage single-cell mRNA sequencing reveals cellular heterogeneity and activated signaling pathways in developing cerebral cortex.	1	data/hca/manuscripts/0208_10.1038_nbt.2967_18c9fd3939/metadata.json	data/hca/manuscripts/0208_10.1038_nbt.2967_18c9fd3939/resolution.json	data/hca/manuscripts/0208_10.1038_nbt.2967_18c9fd3939/manuscript.md		data/hca/manuscripts/0208_10.1038_nbt.2967_18c9fd3939/manuscript.xml			
0209_10.1126_scitranslmed.abe4282_13877fdeac	10.1126/scitranslmed.abe4282	Lung transplantation for patients with severe COVID-19	1	data/hca/manuscripts/0209_10.1126_scitranslmed.abe4282_13877fdeac/metadata.json	data/hca/manuscripts/0209_10.1126_scitranslmed.abe4282_13877fdeac/resolution.json	data/hca/manuscripts/0209_10.1126_scitranslmed.abe4282_13877fdeac/manuscript.md		data/hca/manuscripts/0209_10.1126_scitranslmed.abe4282_13877fdeac/manuscript.xml			
0210_10.1016_j.stem.2020.11.008_213dabcee4	10.1016/j.stem.2020.11.008	Mapping Development of the Human Intestinal Niche at Single-Cell Resolution	1	data/hca/manuscripts/0210_10.1016_j.stem.2020.11.008_213dabcee4/metadata.json	data/hca/manuscripts/0210_10.1016_j.stem.2020.11.008_213dabcee4/resolution.json	data/hca/manuscripts/0210_10.1016_j.stem.2020.11.008_213dabcee4/manuscript.md	data/hca/manuscripts/0210_10.1016_j.stem.2020.11.008_213dabcee4/manuscript.html				
0211_10.1016_j.cels.2022.06.005_7669df70b6	10.1016/j.cels.2022.06.005	Mapping hormone-regulated cell-cell interaction networks in the human breast at single-cell resolution	1	data/hca/manuscripts/0211_10.1016_j.cels.2022.06.005_7669df70b6/metadata.json	data/hca/manuscripts/0211_10.1016_j.cels.2022.06.005_7669df70b6/resolution.json	data/hca/manuscripts/0211_10.1016_j.cels.2022.06.005_7669df70b6/manuscript.md	data/hca/manuscripts/0211_10.1016_j.cels.2022.06.005_7669df70b6/manuscript.html				
0212_10.1038_s41586-022-04571-x_30a05d7904	10.1038/s41586-022-04571-x	Mapping human haematopoietic stem cells from haemogenic endothelium to birth.	1	data/hca/manuscripts/0212_10.1038_s41586-022-04571-x_30a05d7904/metadata.json	data/hca/manuscripts/0212_10.1038_s41586-022-04571-x_30a05d7904/resolution.json	data/hca/manuscripts/0212_10.1038_s41586-022-04571-x_30a05d7904/manuscript.md	data/hca/manuscripts/0212_10.1038_s41586-022-04571-x_30a05d7904/manuscript.html				
0213_10.1016_j.ccell.2022.11.001_63fadcc3b4	10.1016/j.ccell.2022.11.001	Mapping single-cell transcriptomes in the intra-tumoral and associated territories of kidney cancer.	1	data/hca/manuscripts/0213_10.1016_j.ccell.2022.11.001_63fadcc3b4/metadata.json	data/hca/manuscripts/0213_10.1016_j.ccell.2022.11.001_63fadcc3b4/resolution.json	data/hca/manuscripts/0213_10.1016_j.ccell.2022.11.001_63fadcc3b4/manuscript.md		data/hca/manuscripts/0213_10.1016_j.ccell.2022.11.001_63fadcc3b4/manuscript.xml			
0214_10.1126_science.abo0510_808a3cb920	10.1126/science.abo0510	Mapping the developing human immune system across organs	1	data/hca/manuscripts/0214_10.1126_science.abo0510_808a3cb920/metadata.json	data/hca/manuscripts/0214_10.1126_science.abo0510_808a3cb920/resolution.json	data/hca/manuscripts/0214_10.1126_science.abo0510_808a3cb920/manuscript.md		data/hca/manuscripts/0214_10.1126_science.abo0510_808a3cb920/manuscript.xml			
0215_10.1038_s42003-020-01625-6_cc9e14f4ea	10.1038/s42003-020-01625-6	Mapping the immune environment in clear cell renal carcinoma by single-cell genomics.	1	data/hca/manuscripts/0215_10.1038_s42003-020-01625-6_cc9e14f4ea/metadata.json	data/hca/manuscripts/0215_10.1038_s42003-020-01625-6_cc9e14f4ea/resolution.json	data/hca/manuscripts/0215_10.1038_s42003-020-01625-6_cc9e14f4ea/manuscript.md		data/hca/manuscripts/0215_10.1038_s42003-020-01625-6_cc9e14f4ea/manuscript.xml			
0216_10.1038_s41588-021-00972-2_b07f96cf7c	10.1038/s41588-021-00972-2	Mapping the temporal and spatial dynamics of the human endometrium in vivo and in vitro	1	data/hca/manuscripts/0216_10.1038_s41588-021-00972-2_b07f96cf7c/metadata.json	data/hca/manuscripts/0216_10.1038_s41588-021-00972-2_b07f96cf7c/resolution.json	data/hca/manuscripts/0216_10.1038_s41588-021-00972-2_b07f96cf7c/manuscript.md		data/hca/manuscripts/0216_10.1038_s41588-021-00972-2_b07f96cf7c/manuscript.xml			
0217_10.1186_s40478-023-01568-z_30cfefc163	10.1186/s40478-023-01568-z	Brain matters: unveiling the distinct contributions of region, age, and sex to glia diversity and CNS function	1	data/hca/manuscripts/0217_10.1186_s40478-023-01568-z_30cfefc163/metadata.json	data/hca/manuscripts/0217_10.1186_s40478-023-01568-z_30cfefc163/resolution.json	data/hca/manuscripts/0217_10.1186_s40478-023-01568-z_30cfefc163/manuscript.md		data/hca/manuscripts/0217_10.1186_s40478-023-01568-z_30cfefc163/manuscript.xml			
0218_10.1158_1078-0432.ccr-20-3418_dadc4f0aa3	10.1158/1078-0432.ccr-20-3418	Adaptive Natural Killer Cells Facilitate Effector Functions of Daratumumab in Multiple Myeloma	1	data/hca/manuscripts/0218_10.1158_1078-0432.ccr-20-3418_dadc4f0aa3/metadata.json	data/hca/manuscripts/0218_10.1158_1078-0432.ccr-20-3418_dadc4f0aa3/resolution.json						
0219_10.1016_j.cell.2020.06.026_35457f0d2b	10.1016/j.cell.2020.06.026	Microglia Require CD4 T Cells to Complete the Fetal-to-Adult Transition.	1	data/hca/manuscripts/0219_10.1016_j.cell.2020.06.026_35457f0d2b/metadata.json	data/hca/manuscripts/0219_10.1016_j.cell.2020.06.026_35457f0d2b/resolution.json	data/hca/manuscripts/0219_10.1016_j.cell.2020.06.026_35457f0d2b/manuscript.md		data/hca/manuscripts/0219_10.1016_j.cell.2020.06.026_35457f0d2b/manuscript.xml			
0220_10.1038_s42003-021-02562-8_904d08be85	10.1038/s42003-021-02562-8	Identification of distinct tumor cell populations and key genetic mechanisms through single cell sequencing in hepatoblastoma.	1	data/hca/manuscripts/0220_10.1038_s42003-021-02562-8_904d08be85/metadata.json	data/hca/manuscripts/0220_10.1038_s42003-021-02562-8_904d08be85/resolution.json	data/hca/manuscripts/0220_10.1038_s42003-021-02562-8_904d08be85/manuscript.md		data/hca/manuscripts/0220_10.1038_s42003-021-02562-8_904d08be85/manuscript.xml			
0221_10.7554_elife.69603_ab573a325d	10.7554/elife.69603	Modelling the impact of decidual senescence on embryo implantation in human endometrial assembloids.	1	data/hca/manuscripts/0221_10.7554_elife.69603_ab573a325d/metadata.json	data/hca/manuscripts/0221_10.7554_elife.69603_ab573a325d/resolution.json	data/hca/manuscripts/0221_10.7554_elife.69603_ab573a325d/manuscript.md		data/hca/manuscripts/0221_10.7554_elife.69603_ab573a325d/manuscript.xml			
0222_10.1016_j.cell.2020.06.001_353fb6b4df	10.1016/j.cell.2020.06.001	Molecular Pathways of Colon Inflammation Induced by Cancer Immunotherapy.	1	data/hca/manuscripts/0222_10.1016_j.cell.2020.06.001_353fb6b4df/metadata.json	data/hca/manuscripts/0222_10.1016_j.cell.2020.06.001_353fb6b4df/resolution.json	data/hca/manuscripts/0222_10.1016_j.cell.2020.06.001_353fb6b4df/manuscript.md	data/hca/manuscripts/0222_10.1016_j.cell.2020.06.001_353fb6b4df/manuscript.html				
0223_10.1126_science.abo7257_14645ac97f	10.1126/science.abo7257	Molecular and cellular evolution of the primate dorsolateral prefrontal cortex.	1	data/hca/manuscripts/0223_10.1126_science.abo7257_14645ac97f/metadata.json	data/hca/manuscripts/0223_10.1126_science.abo7257_14645ac97f/resolution.json	data/hca/manuscripts/0223_10.1126_science.abo7257_14645ac97f/manuscript.md	data/hca/manuscripts/0223_10.1126_science.abo7257_14645ac97f/manuscript.html				
0224_10.1038_s41467-018-07581-4_ec3b4906f6	10.1038/s41467-018-07581-4	Molecular and functional heterogeneity of IL-10-producing CD4+ T Cells.	1	data/hca/manuscripts/0224_10.1038_s41467-018-07581-4_ec3b4906f6/metadata.json	data/hca/manuscripts/0224_10.1038_s41467-018-07581-4_ec3b4906f6/resolution.json	data/hca/manuscripts/0224_10.1038_s41467-018-07581-4_ec3b4906f6/manuscript.md		data/hca/manuscripts/0224_10.1038_s41467-018-07581-4_ec3b4906f6/manuscript.xml			
0225_10.1016_j.exer.2019.05.001_df51932aea	10.1016/j.exer.2019.05.001	Molecular characterization of foveal versus peripheral human retina by single-cell RNA sequencing	1	data/hca/manuscripts/0225_10.1016_j.exer.2019.05.001_df51932aea/metadata.json	data/hca/manuscripts/0225_10.1016_j.exer.2019.05.001_df51932aea/resolution.json	data/hca/manuscripts/0225_10.1016_j.exer.2019.05.001_df51932aea/manuscript.md	data/hca/manuscripts/0225_10.1016_j.exer.2019.05.001_df51932aea/manuscript.html				
0226_10.1038_s41593-020-00764-7_dc0bba5691	10.1038/s41593-020-00764-7	Molecular characterization of selectively vulnerable neurons in Alzheimer's disease.	1	data/hca/manuscripts/0226_10.1038_s41593-020-00764-7_dc0bba5691/metadata.json	data/hca/manuscripts/0226_10.1038_s41593-020-00764-7_dc0bba5691/resolution.json	data/hca/manuscripts/0226_10.1038_s41593-020-00764-7_dc0bba5691/manuscript.md		data/hca/manuscripts/0226_10.1038_s41593-020-00764-7_dc0bba5691/manuscript.xml			
0227_10.1126_science.abd1449_67e097b37b	10.1126/science.abd1449	Molecular phenotyping reveals the identity of Barrett's esophagus and its malignant transition.	1	data/hca/manuscripts/0227_10.1126_science.abd1449_67e097b37b/metadata.json	data/hca/manuscripts/0227_10.1126_science.abd1449_67e097b37b/resolution.json						
0228_10.1128_mbio.02583-20_5085db2792	10.1128/mbio.02583-20	Molecular Signatures of Inflammatory Profile and B-Cell Function in Patients with Severe Fever with Thrombocytopenia Syndrome.	1	data/hca/manuscripts/0228_10.1128_mbio.02583-20_5085db2792/metadata.json	data/hca/manuscripts/0228_10.1128_mbio.02583-20_5085db2792/resolution.json	data/hca/manuscripts/0228_10.1128_mbio.02583-20_5085db2792/manuscript.md		data/hca/manuscripts/0228_10.1128_mbio.02583-20_5085db2792/manuscript.xml			
0229_10.15252_msb.20178041_0277072a61	10.15252/msb.20178041	Molecular transitions in early progenitors during human cord blood hematopoiesis	1	data/hca/manuscripts/0229_10.15252_msb.20178041_0277072a61/metadata.json	data/hca/manuscripts/0229_10.15252_msb.20178041_0277072a61/resolution.json	data/hca/manuscripts/0229_10.15252_msb.20178041_0277072a61/manuscript.md		data/hca/manuscripts/0229_10.15252_msb.20178041_0277072a61/manuscript.xml			
0230_10.1016_j.cell.2019.10.027_1dd509e8af	10.1016/j.cell.2019.10.027	Mucosal Profiling of Pediatric-Onset Colitis and IBD Reveals Common Pathogenics and Therapeutic Pathways.	1	data/hca/manuscripts/0230_10.1016_j.cell.2019.10.027_1dd509e8af/metadata.json	data/hca/manuscripts/0230_10.1016_j.cell.2019.10.027_1dd509e8af/resolution.json		data/hca/manuscripts/0230_10.1016_j.cell.2019.10.027_1dd509e8af/manuscript.html	data/hca/manuscripts/0230_10.1016_j.cell.2019.10.027_1dd509e8af/manuscript.xml			
0231_10.1101_2023.08.08.551504_0d646c9546	10.1101/2023.08.08.551504	Multi-scale spatial mapping of cell populations across anatomical sites in healthy human skin and basal cell carcinoma	1	data/hca/manuscripts/0231_10.1101_2023.08.08.551504_0d646c9546/metadata.json	data/hca/manuscripts/0231_10.1101_2023.08.08.551504_0d646c9546/resolution.json	data/hca/manuscripts/0231_10.1101_2023.08.08.551504_0d646c9546/manuscript.md		data/hca/manuscripts/0231_10.1101_2023.08.08.551504_0d646c9546/manuscript.xml			data/hca/manuscripts/0231_10.1101_2023.08.08.551504_0d646c9546/biorxiv_metadata.json
0232_10.1038_s43018-020-00121-4_6badfd3276	10.1038/s43018-020-00121-4	Multimodal Mapping of the Tumor and Peripheral Blood Immune Landscape in Human Pancreatic Cancer	1	data/hca/manuscripts/0232_10.1038_s43018-020-00121-4_6badfd3276/metadata.json	data/hca/manuscripts/0232_10.1038_s43018-020-00121-4_6badfd3276/resolution.json	data/hca/manuscripts/0232_10.1038_s43018-020-00121-4_6badfd3276/manuscript.md	data/hca/manuscripts/0232_10.1038_s43018-020-00121-4_6badfd3276/manuscript.html				
0233_10.1038_s41590-025-02241-4_110ace5bba	10.1038/s41590-025-02241-4	Multimodal profiling reveals tissue-directed signatures of human immune cells altered with age	1	data/hca/manuscripts/0233_10.1038_s41590-025-02241-4_110ace5bba/metadata.json	data/hca/manuscripts/0233_10.1038_s41590-025-02241-4_110ace5bba/resolution.json	data/hca/manuscripts/0233_10.1038_s41590-025-02241-4_110ace5bba/manuscript.md		data/hca/manuscripts/0233_10.1038_s41590-025-02241-4_110ace5bba/manuscript.xml			
0234_10.1038_s41467-022-32972-z_b918df798f	10.1038/s41467-022-32972-z	Multimodal single cell sequencing implicates chromatin accessibility and genetic background in diabetic kidney disease progression	1	data/hca/manuscripts/0234_10.1038_s41467-022-32972-z_b918df798f/metadata.json	data/hca/manuscripts/0234_10.1038_s41467-022-32972-z_b918df798f/resolution.json	data/hca/manuscripts/0234_10.1038_s41467-022-32972-z_b918df798f/manuscript.md		data/hca/manuscripts/0234_10.1038_s41467-022-32972-z_b918df798f/manuscript.xml			
0235_10.1016_j.isci.2024.111337_a37d387ae6	10.1016/j.isci.2024.111337	Multimodal single-cell profiling reveals neuronal vulnerability and pathological cell states in focal cortical dysplasia	1	data/hca/manuscripts/0235_10.1016_j.isci.2024.111337_a37d387ae6/metadata.json	data/hca/manuscripts/0235_10.1016_j.isci.2024.111337_a37d387ae6/resolution.json	data/hca/manuscripts/0235_10.1016_j.isci.2024.111337_a37d387ae6/manuscript.md		data/hca/manuscripts/0235_10.1016_j.isci.2024.111337_a37d387ae6/manuscript.xml			
0236_10.1038_nbt.4042_cbf6e259f9	10.1038/nbt.4042	Multiplexing droplet-based single cell RNA-sequencing using genetic barcodes	1	data/hca/manuscripts/0236_10.1038_nbt.4042_cbf6e259f9/metadata.json	data/hca/manuscripts/0236_10.1038_nbt.4042_cbf6e259f9/resolution.json	data/hca/manuscripts/0236_10.1038_nbt.4042_cbf6e259f9/manuscript.md		data/hca/manuscripts/0236_10.1038_nbt.4042_cbf6e259f9/manuscript.xml			
0237_10.1016_j.archoralbio.2023.105687_4f1c04d40e	10.1016/j.archoralbio.2023.105687	Mural cell composition and functional analysis in the healing process of human gingiva from periodontal intrabony defects	1	data/hca/manuscripts/0237_10.1016_j.archoralbio.2023.105687_4f1c04d40e/metadata.json	data/hca/manuscripts/0237_10.1016_j.archoralbio.2023.105687_4f1c04d40e/resolution.json		data/hca/manuscripts/0237_10.1016_j.archoralbio.2023.105687_4f1c04d40e/manuscript.html	data/hca/manuscripts/0237_10.1016_j.archoralbio.2023.105687_4f1c04d40e/manuscript.xml			
0238_10.1002_art.41813_55de40d8f6	10.1002/art.41813	Expansion of Fcγ Receptor IIIa-Positive Macrophages, Ficolin 1-Positive Monocyte-Derived Dendritic Cells, and Plasmacytoid Dendritic Cells Associated With Severe Skin Disease in Systemic Sclerosis.	1	data/hca/manuscripts/0238_10.1002_art.41813_55de40d8f6/metadata.json	data/hca/manuscripts/0238_10.1002_art.41813_55de40d8f6/resolution.json	data/hca/manuscripts/0238_10.1002_art.41813_55de40d8f6/manuscript.md	data/hca/manuscripts/0238_10.1002_art.41813_55de40d8f6/manuscript.html				
0239_10.1038_s41467-021-24607-6_2a0350c2e5	10.1038/s41467-021-24607-6	Myofibroblast transcriptome indicates SFRP2hi fibroblast progenitors in systemic sclerosis skin	1	data/hca/manuscripts/0239_10.1038_s41467-021-24607-6_2a0350c2e5/metadata.json	data/hca/manuscripts/0239_10.1038_s41467-021-24607-6_2a0350c2e5/resolution.json	data/hca/manuscripts/0239_10.1038_s41467-021-24607-6_2a0350c2e5/manuscript.md		data/hca/manuscripts/0239_10.1038_s41467-021-24607-6_2a0350c2e5/manuscript.xml			
0240_10.1038_s41591-020-1043-9_9c3b0c098a	10.1038/s41591-020-1043-9	Neuronal defects in a human cellular model of 22q11.2 deletion syndrome.	1	data/hca/manuscripts/0240_10.1038_s41591-020-1043-9_9c3b0c098a/metadata.json	data/hca/manuscripts/0240_10.1038_s41591-020-1043-9_9c3b0c098a/resolution.json	data/hca/manuscripts/0240_10.1038_s41591-020-1043-9_9c3b0c098a/manuscript.md	data/hca/manuscripts/0240_10.1038_s41591-020-1043-9_9c3b0c098a/manuscript.html				
0241_10.1038_s41467-019-10756-2_8390246f32	10.1038/s41467-019-10756-2	Nuclei multiplexing with barcoded antibodies for single-nucleus genomics.	1	data/hca/manuscripts/0241_10.1038_s41467-019-10756-2_8390246f32/metadata.json	data/hca/manuscripts/0241_10.1038_s41467-019-10756-2_8390246f32/resolution.json	data/hca/manuscripts/0241_10.1038_s41467-019-10756-2_8390246f32/manuscript.md		data/hca/manuscripts/0241_10.1038_s41467-019-10756-2_8390246f32/manuscript.xml			
0242_10.1172_jci138519_8b328cd6bc	10.1172/jci138519	Oleic acid restores suppressive defects in tissue-resident FOXP3 Tregs from patients with multiple sclerosis.	1	data/hca/manuscripts/0242_10.1172_jci138519_8b328cd6bc/metadata.json	data/hca/manuscripts/0242_10.1172_jci138519_8b328cd6bc/resolution.json	data/hca/manuscripts/0242_10.1172_jci138519_8b328cd6bc/manuscript.md	data/hca/manuscripts/0242_10.1172_jci138519_8b328cd6bc/manuscript.html				
0243_10.1038_s41586-023-05915-x_2f4aafa6a2	10.1038/s41586-023-05915-x	Organization of the human intestine at single-cell resolution	1	data/hca/manuscripts/0243_10.1038_s41586-023-05915-x_2f4aafa6a2/metadata.json	data/hca/manuscripts/0243_10.1038_s41586-023-05915-x_2f4aafa6a2/resolution.json	data/hca/manuscripts/0243_10.1038_s41586-023-05915-x_2f4aafa6a2/manuscript.md		data/hca/manuscripts/0243_10.1038_s41586-023-05915-x_2f4aafa6a2/manuscript.xml			
0244_10.1038_s41586-019-1654-9_7c485e5190	10.1038/s41586-019-1654-9	Organoid single-cell genomic atlas uncovers human-specific features of brain development	1	data/hca/manuscripts/0244_10.1038_s41586-019-1654-9_7c485e5190/metadata.json	data/hca/manuscripts/0244_10.1038_s41586-019-1654-9_7c485e5190/resolution.json	data/hca/manuscripts/0244_10.1038_s41586-019-1654-9_7c485e5190/manuscript.md	data/hca/manuscripts/0244_10.1038_s41586-019-1654-9_7c485e5190/manuscript.html				
0245_10.1007_s00018-022-04183-8_4730063570	10.1007/s00018-022-04183-8	Organoids from human tooth showing epithelial stemness phenotype and differentiation potential	1	data/hca/manuscripts/0245_10.1007_s00018-022-04183-8_4730063570/metadata.json	data/hca/manuscripts/0245_10.1007_s00018-022-04183-8_4730063570/resolution.json	data/hca/manuscripts/0245_10.1007_s00018-022-04183-8_4730063570/manuscript.md		data/hca/manuscripts/0245_10.1007_s00018-022-04183-8_4730063570/manuscript.xml			
0246_10.1126_sciimmunol.aba4163_07eb6486dd	10.1126/sciimmunol.aba4163	Pathogen-induced tissue-resident memory TH17 (TRM17) cells amplify autoimmune kidney disease.	1	data/hca/manuscripts/0246_10.1126_sciimmunol.aba4163_07eb6486dd/metadata.json	data/hca/manuscripts/0246_10.1126_sciimmunol.aba4163_07eb6486dd/resolution.json						
0247_10.1038_s41591-018-0096-5_140f8f392a	10.1038/s41591-018-0096-5	Phenotype molding of stromal cells in the lung tumor microenvironment.	1	data/hca/manuscripts/0247_10.1038_s41591-018-0096-5_140f8f392a/metadata.json	data/hca/manuscripts/0247_10.1038_s41591-018-0096-5_140f8f392a/resolution.json	data/hca/manuscripts/0247_10.1038_s41591-018-0096-5_140f8f392a/manuscript.md	data/hca/manuscripts/0247_10.1038_s41591-018-0096-5_140f8f392a/manuscript.html				
0248_10.1016_j.stem.2020.12.001_c5f98f4c3c	10.1016/j.stem.2020.12.001	Plasticity of distal nephron epithelia from human kidney organoids enables the induction of ureteric tip and stalk.	1	data/hca/manuscripts/0248_10.1016_j.stem.2020.12.001_c5f98f4c3c/metadata.json	data/hca/manuscripts/0248_10.1016_j.stem.2020.12.001_c5f98f4c3c/resolution.json	data/hca/manuscripts/0248_10.1016_j.stem.2020.12.001_c5f98f4c3c/manuscript.md	data/hca/manuscripts/0248_10.1016_j.stem.2020.12.001_c5f98f4c3c/manuscript.html				
0249_10.1038_s41588-021-00801-6_bd85f761cf	10.1038/s41588-021-00801-6	Population-scale single-cell RNA-seq profiling across dopaminergic neuron differentiation	1	data/hca/manuscripts/0249_10.1038_s41588-021-00801-6_bd85f761cf/metadata.json	data/hca/manuscripts/0249_10.1038_s41588-021-00801-6_bd85f761cf/resolution.json	data/hca/manuscripts/0249_10.1038_s41588-021-00801-6_bd85f761cf/manuscript.md	data/hca/manuscripts/0249_10.1038_s41588-021-00801-6_bd85f761cf/manuscript.html				
0250_10.1126_sciimmunol.aan8664_c5aa305903	10.1126/sciimmunol.aan8664	Precursors of human CD4+ cytotoxic T lymphocytes identified by single-cell transcriptome analysis.	1	data/hca/manuscripts/0250_10.1126_sciimmunol.aan8664_c5aa305903/metadata.json	data/hca/manuscripts/0250_10.1126_sciimmunol.aan8664_c5aa305903/resolution.json	data/hca/manuscripts/0250_10.1126_sciimmunol.aan8664_c5aa305903/manuscript.md	data/hca/manuscripts/0250_10.1126_sciimmunol.aan8664_c5aa305903/manuscript.html				
0251_10.1038_s41588-023-01298-x_c85e8d4857	10.1038/s41588-023-01298-x	Preneoplastic stromal cells promote BRCA1-mediated breast tumorigenesis	1	data/hca/manuscripts/0251_10.1038_s41588-023-01298-x_c85e8d4857/metadata.json	data/hca/manuscripts/0251_10.1038_s41588-023-01298-x_c85e8d4857/resolution.json	data/hca/manuscripts/0251_10.1038_s41588-023-01298-x_c85e8d4857/manuscript.md	data/hca/manuscripts/0251_10.1038_s41588-023-01298-x_c85e8d4857/manuscript.html				
0252_10.1073_pnas.2025813118_95804f2d74	10.1073/pnas.2025813118	Pro-inflammatory T helper 17 directly harms oligodendrocytes in neuroinflammation	1	data/hca/manuscripts/0252_10.1073_pnas.2025813118_95804f2d74/metadata.json	data/hca/manuscripts/0252_10.1073_pnas.2025813118_95804f2d74/resolution.json	data/hca/manuscripts/0252_10.1073_pnas.2025813118_95804f2d74/manuscript.md		data/hca/manuscripts/0252_10.1073_pnas.2025813118_95804f2d74/manuscript.xml			
0253_10.1038_s41587-019-0068-4_077f63be55	10.1038/s41587-019-0068-4	Characterization of cell fate probabilities in single-cell data with Palantir	1	data/hca/manuscripts/0253_10.1038_s41587-019-0068-4_077f63be55/metadata.json	data/hca/manuscripts/0253_10.1038_s41587-019-0068-4_077f63be55/resolution.json	data/hca/manuscripts/0253_10.1038_s41587-019-0068-4_077f63be55/manuscript.md	data/hca/manuscripts/0253_10.1038_s41587-019-0068-4_077f63be55/manuscript.html				
0254_10.1101_2021.04.04.438388_f25c502cab	10.1101/2021.04.04.438388	Profiling of transcribed cis-regulatory elements in single cells.	1	data/hca/manuscripts/0254_10.1101_2021.04.04.438388_f25c502cab/metadata.json	data/hca/manuscripts/0254_10.1101_2021.04.04.438388_f25c502cab/resolution.json	data/hca/manuscripts/0254_10.1101_2021.04.04.438388_f25c502cab/manuscript.md		data/hca/manuscripts/0254_10.1101_2021.04.04.438388_f25c502cab/manuscript.xml			data/hca/manuscripts/0254_10.1101_2021.04.04.438388_f25c502cab/biorxiv_metadata.json
0255_10.1183_13993003.02441-2018_9965f84ef5	10.1183/13993003.02441-2018	Proliferating SPP1/MERTK-expressing macrophages in idiopathic pulmonary fibrosis	1	data/hca/manuscripts/0255_10.1183_13993003.02441-2018_9965f84ef5/metadata.json	data/hca/manuscripts/0255_10.1183_13993003.02441-2018_9965f84ef5/resolution.json	data/hca/manuscripts/0255_10.1183_13993003.02441-2018_9965f84ef5/manuscript.md	data/hca/manuscripts/0255_10.1183_13993003.02441-2018_9965f84ef5/manuscript.html				
0256_10.1038_nbt.2859_240ea4136e	10.1038/nbt.2859	The dynamics and regulators of cell fate decisions are revealed by pseudotemporal ordering of single cells	1	data/hca/manuscripts/0256_10.1038_nbt.2859_240ea4136e/metadata.json	data/hca/manuscripts/0256_10.1038_nbt.2859_240ea4136e/resolution.json	data/hca/manuscripts/0256_10.1038_nbt.2859_240ea4136e/manuscript.md	data/hca/manuscripts/0256_10.1038_nbt.2859_240ea4136e/manuscript.html				
0257_10.2337_db18-0365_b77555362b	10.2337/db18-0365	Pseudotime Ordering of Single Human β-Cells Reveals States of Insulin Production and Unfolded Protein Response.	1	data/hca/manuscripts/0257_10.2337_db18-0365_b77555362b/metadata.json	data/hca/manuscripts/0257_10.2337_db18-0365_b77555362b/resolution.json						
0258_10.1016_j.cmet.2016.08.018_815d450ecd	10.1016/j.cmet.2016.08.018	RNA Sequencing of Single Human Islet Cells Reveals Type 2 Diabetes Genes	1	data/hca/manuscripts/0258_10.1016_j.cmet.2016.08.018_815d450ecd/metadata.json	data/hca/manuscripts/0258_10.1016_j.cmet.2016.08.018_815d450ecd/resolution.json		data/hca/manuscripts/0258_10.1016_j.cmet.2016.08.018_815d450ecd/manuscript.html	data/hca/manuscripts/0258_10.1016_j.cmet.2016.08.018_815d450ecd/manuscript.xml			
0259_10.1038_s41590-019-0425-y_86ec5764bb	10.1038/s41590-019-0425-y	Subsets of ILC3-ILC1-like cells generate a diversity spectrum of innate lymphoid cells in human mucosal tissues.	1	data/hca/manuscripts/0259_10.1038_s41590-019-0425-y_86ec5764bb/metadata.json	data/hca/manuscripts/0259_10.1038_s41590-019-0425-y_86ec5764bb/resolution.json	data/hca/manuscripts/0259_10.1038_s41590-019-0425-y_86ec5764bb/manuscript.md	data/hca/manuscripts/0259_10.1038_s41590-019-0425-y_86ec5764bb/manuscript.html				
0260_10.1084_jem.20190811_d700cd1f81	10.1084/jem.20190811	Re-evaluation of human BDCA-2+ DC during acute sterile skin inflammation.	1	data/hca/manuscripts/0260_10.1084_jem.20190811_d700cd1f81/metadata.json	data/hca/manuscripts/0260_10.1084_jem.20190811_d700cd1f81/resolution.json	data/hca/manuscripts/0260_10.1084_jem.20190811_d700cd1f81/manuscript.md		data/hca/manuscripts/0260_10.1084_jem.20190811_d700cd1f81/manuscript.xml			
0261_10.1038_s41467-020-20082-7_77f7a74c30	10.1038/s41467-020-20082-7	Reconstitution of a functional human thymus by postnatal stromal progenitor cells and natural whole-organ scaffolds.	1	data/hca/manuscripts/0261_10.1038_s41467-020-20082-7_77f7a74c30/metadata.json	data/hca/manuscripts/0261_10.1038_s41467-020-20082-7_77f7a74c30/resolution.json	data/hca/manuscripts/0261_10.1038_s41467-020-20082-7_77f7a74c30/manuscript.md		data/hca/manuscripts/0261_10.1038_s41467-020-20082-7_77f7a74c30/manuscript.xml			
0262_10.1038_s41586-018-0698-6_e4aeb353b8	10.1038/s41586-018-0698-6	Single-cell reconstruction of the early maternal–fetal interface in humans	1	data/hca/manuscripts/0262_10.1038_s41586-018-0698-6_e4aeb353b8/metadata.json	data/hca/manuscripts/0262_10.1038_s41586-018-0698-6_e4aeb353b8/resolution.json	data/hca/manuscripts/0262_10.1038_s41586-018-0698-6_e4aeb353b8/manuscript.md	data/hca/manuscripts/0262_10.1038_s41586-018-0698-6_e4aeb353b8/manuscript.html				
0263_10.1126_science.abq3061_cd915f6391	10.1126/science.abq3061	Recruited macrophages elicit atrial fibrillation.	1	data/hca/manuscripts/0263_10.1126_science.abq3061_cd915f6391/metadata.json	data/hca/manuscripts/0263_10.1126_science.abq3061_cd915f6391/resolution.json	data/hca/manuscripts/0263_10.1126_science.abq3061_cd915f6391/manuscript.md	data/hca/manuscripts/0263_10.1126_science.abq3061_cd915f6391/manuscript.html				
0264_10.1186_s13059-022-02677-z_ec9d743757	10.1186/s13059-022-02677-z	Refining colorectal cancer classification and clinical stratification through a single-cell atlas	1	data/hca/manuscripts/0264_10.1186_s13059-022-02677-z_ec9d743757/metadata.json	data/hca/manuscripts/0264_10.1186_s13059-022-02677-z_ec9d743757/resolution.json	data/hca/manuscripts/0264_10.1186_s13059-022-02677-z_ec9d743757/manuscript.md		data/hca/manuscripts/0264_10.1186_s13059-022-02677-z_ec9d743757/manuscript.xml			
0265_10.1038_s41591-019-0750-6_ba0c7c2ce5	10.1038/s41591-019-0750-6	Regenerative lineages and immune-mediated pruning in lung cancer metastasis.	1	data/hca/manuscripts/0265_10.1038_s41591-019-0750-6_ba0c7c2ce5/metadata.json	data/hca/manuscripts/0265_10.1038_s41591-019-0750-6_ba0c7c2ce5/resolution.json	data/hca/manuscripts/0265_10.1038_s41591-019-0750-6_ba0c7c2ce5/manuscript.md	data/hca/manuscripts/0265_10.1038_s41591-019-0750-6_ba0c7c2ce5/manuscript.html				
0266_10.1016_j.neuron.2021.05.003_0cca870e2c	10.1016/j.neuron.2021.05.003	Resolving cellular and molecular diversity along the hippocampal anterior-to-posterior axis in humans.	1	data/hca/manuscripts/0266_10.1016_j.neuron.2021.05.003_0cca870e2c/metadata.json	data/hca/manuscripts/0266_10.1016_j.neuron.2021.05.003_0cca870e2c/resolution.json	data/hca/manuscripts/0266_10.1016_j.neuron.2021.05.003_0cca870e2c/manuscript.md	data/hca/manuscripts/0266_10.1016_j.neuron.2021.05.003_0cca870e2c/manuscript.html				
0267_10.1038_s41586-019-1631-3_36f09e3445	10.1038/s41586-019-1631-3	Resolving the fibrotic niche of human liver cirrhosis at single-cell level	1	data/hca/manuscripts/0267_10.1038_s41586-019-1631-3_36f09e3445/metadata.json	data/hca/manuscripts/0267_10.1038_s41586-019-1631-3_36f09e3445/resolution.json	data/hca/manuscripts/0267_10.1038_s41586-019-1631-3_36f09e3445/manuscript.md		data/hca/manuscripts/0267_10.1038_s41586-019-1631-3_36f09e3445/manuscript.xml			
0268_10.1007_s00395-021-00897-1_9d51738bc0	10.1007/s00395-021-00897-1	Resolving the intertwining of inflammation and fibrosis in human heart failure at single-cell level.	1	data/hca/manuscripts/0268_10.1007_s00395-021-00897-1_9d51738bc0/metadata.json	data/hca/manuscripts/0268_10.1007_s00395-021-00897-1_9d51738bc0/resolution.json	data/hca/manuscripts/0268_10.1007_s00395-021-00897-1_9d51738bc0/manuscript.md	data/hca/manuscripts/0268_10.1007_s00395-021-00897-1_9d51738bc0/manuscript.html				
0269_10.1016_j.xgen.2022.100142_dd45161589	10.1016/j.xgen.2022.100142	Retinal ganglion cell-specific genetic regulation in primary open-angle glaucoma	1	data/hca/manuscripts/0269_10.1016_j.xgen.2022.100142_dd45161589/metadata.json	data/hca/manuscripts/0269_10.1016_j.xgen.2022.100142_dd45161589/resolution.json	data/hca/manuscripts/0269_10.1016_j.xgen.2022.100142_dd45161589/manuscript.md		data/hca/manuscripts/0269_10.1016_j.xgen.2022.100142_dd45161589/manuscript.xml			
0270_10.1038_s41467-022-30557-4_ba2c76ba96	10.1038/s41467-022-30557-4	Robust temporal map of human in vitro myelopoiesis using single-cell genomics.	1	data/hca/manuscripts/0270_10.1038_s41467-022-30557-4_ba2c76ba96/metadata.json	data/hca/manuscripts/0270_10.1038_s41467-022-30557-4_ba2c76ba96/resolution.json	data/hca/manuscripts/0270_10.1038_s41467-022-30557-4_ba2c76ba96/manuscript.md		data/hca/manuscripts/0270_10.1038_s41467-022-30557-4_ba2c76ba96/manuscript.xml			
0271_10.1038_s41591-021-01296-8_efdcdd17f5	10.1038/s41591-021-01296-8	SARS-CoV-2 infection of the oral cavity and saliva.	1	data/hca/manuscripts/0271_10.1038_s41591-021-01296-8_efdcdd17f5/metadata.json	data/hca/manuscripts/0271_10.1038_s41591-021-01296-8_efdcdd17f5/resolution.json	data/hca/manuscripts/0271_10.1038_s41591-021-01296-8_efdcdd17f5/manuscript.md	data/hca/manuscripts/0271_10.1038_s41591-021-01296-8_efdcdd17f5/manuscript.html				
0272_10.1016_j.cell.2020.04.035_15a2d05837	10.1016/j.cell.2020.04.035	SARS-CoV-2 Receptor ACE2 Is an Interferon-Stimulated Gene in Human Airway Epithelial Cells and Is Detected in Specific Cell Subsets across Tissues.	1	data/hca/manuscripts/0272_10.1016_j.cell.2020.04.035_15a2d05837/metadata.json	data/hca/manuscripts/0272_10.1016_j.cell.2020.04.035_15a2d05837/resolution.json	data/hca/manuscripts/0272_10.1016_j.cell.2020.04.035_15a2d05837/manuscript.md		data/hca/manuscripts/0272_10.1016_j.cell.2020.04.035_15a2d05837/manuscript.xml			
0273_10.15252_embj.20105114_43aa56d0ae	10.15252/embj.20105114	SARS‐CoV‐2 receptor ACE2 and TMPRSS2 are primarily expressed in bronchial transient secretory cells	1	data/hca/manuscripts/0273_10.15252_embj.20105114_43aa56d0ae/metadata.json	data/hca/manuscripts/0273_10.15252_embj.20105114_43aa56d0ae/resolution.json	data/hca/manuscripts/0273_10.15252_embj.20105114_43aa56d0ae/manuscript.md		data/hca/manuscripts/0273_10.15252_embj.20105114_43aa56d0ae/manuscript.xml			
0274_10.1016_j.isci.2021.103592_3ec037cca1	10.1016/j.isci.2021.103592	Salivary ZG16B expression loss follows exocrine gland dysfunction related to oral chronic graft-versus-host disease.	1	data/hca/manuscripts/0274_10.1016_j.isci.2021.103592_3ec037cca1/metadata.json	data/hca/manuscripts/0274_10.1016_j.isci.2021.103592_3ec037cca1/resolution.json	data/hca/manuscripts/0274_10.1016_j.isci.2021.103592_3ec037cca1/manuscript.md		data/hca/manuscripts/0274_10.1016_j.isci.2021.103592_3ec037cca1/manuscript.xml			
0275_10.1016_j.cell.2020.08.001_8e5789b307	10.1016/j.cell.2020.08.001	Severe COVID-19 Is Marked by a Dysregulated Myeloid Cell Compartment	1	data/hca/manuscripts/0275_10.1016_j.cell.2020.08.001_8e5789b307/metadata.json	data/hca/manuscripts/0275_10.1016_j.cell.2020.08.001_8e5789b307/resolution.json	data/hca/manuscripts/0275_10.1016_j.cell.2020.08.001_8e5789b307/manuscript.md		data/hca/manuscripts/0275_10.1016_j.cell.2020.08.001_8e5789b307/manuscript.xml			
0276_10.1161_circulationaha.120.051921_99b9da8ca5	10.1161/circulationaha.120.051921	Sex-Specific Control of Human Heart Maturation by the Progesterone Receptor.	1	data/hca/manuscripts/0276_10.1161_circulationaha.120.051921_99b9da8ca5/metadata.json	data/hca/manuscripts/0276_10.1161_circulationaha.120.051921_99b9da8ca5/resolution.json	data/hca/manuscripts/0276_10.1161_circulationaha.120.051921_99b9da8ca5/manuscript.md		data/hca/manuscripts/0276_10.1161_circulationaha.120.051921_99b9da8ca5/manuscript.xml			
0277_10.1038_s41467-024-50853-5_ed4f7a095d	10.1038/s41467-024-50853-5	Single cell dual-omic atlas of the human developing retina	1	data/hca/manuscripts/0277_10.1038_s41467-024-50853-5_ed4f7a095d/metadata.json	data/hca/manuscripts/0277_10.1038_s41467-024-50853-5_ed4f7a095d/resolution.json	data/hca/manuscripts/0277_10.1038_s41467-024-50853-5_ed4f7a095d/manuscript.md		data/hca/manuscripts/0277_10.1038_s41467-024-50853-5_ed4f7a095d/manuscript.xml			
0278_10.1007_s10911-020-09466-z_d1b799dcf6	10.1007/s10911-020-09466-z	Single Cell RNA Sequencing of Human Milk-Derived Cells Reveals Sub-Populations of Mammary Epithelial Cells with Molecular Signatures of Progenitor and Mature States: a Novel, Non-invasive Framework for Investigating Human Lactation Physiology.	1	data/hca/manuscripts/0278_10.1007_s10911-020-09466-z_d1b799dcf6/metadata.json	data/hca/manuscripts/0278_10.1007_s10911-020-09466-z_d1b799dcf6/resolution.json	data/hca/manuscripts/0278_10.1007_s10911-020-09466-z_d1b799dcf6/manuscript.md	data/hca/manuscripts/0278_10.1007_s10911-020-09466-z_d1b799dcf6/manuscript.html				
0279_10.1186_s12860-019-0199-y_bf14d4299c	10.1186/s12860-019-0199-y	Single cell RNA-Seq reveals pre-cDCs fate determined by transcription factor combinatorial dose	1	data/hca/manuscripts/0279_10.1186_s12860-019-0199-y_bf14d4299c/metadata.json	data/hca/manuscripts/0279_10.1186_s12860-019-0199-y_bf14d4299c/resolution.json	data/hca/manuscripts/0279_10.1186_s12860-019-0199-y_bf14d4299c/manuscript.md		data/hca/manuscripts/0279_10.1186_s12860-019-0199-y_bf14d4299c/manuscript.xml			
0280_10.1681_asn.2017080890_022062f455	10.1681/asn.2017080890	Conserved and Divergent Features of Mesenchymal Progenitor Cell Types within the Cortical Nephrogenic Niche of the Human and Mouse Kidney	1	data/hca/manuscripts/0280_10.1681_asn.2017080890_022062f455/metadata.json	data/hca/manuscripts/0280_10.1681_asn.2017080890_022062f455/resolution.json	data/hca/manuscripts/0280_10.1681_asn.2017080890_022062f455/manuscript.md	data/hca/manuscripts/0280_10.1681_asn.2017080890_022062f455/manuscript.html				
0281_10.1016_j.devcel.2019.06.001_238d93bfef	10.1016/j.devcel.2019.06.001	In VivoDevelopmental Trajectories of Human PodocyteInformIn VitroDifferentiation of Pluripotent Stem Cell-Derived Podocytes	1	data/hca/manuscripts/0281_10.1016_j.devcel.2019.06.001_238d93bfef/metadata.json	data/hca/manuscripts/0281_10.1016_j.devcel.2019.06.001_238d93bfef/resolution.json	data/hca/manuscripts/0281_10.1016_j.devcel.2019.06.001_238d93bfef/manuscript.md	data/hca/manuscripts/0281_10.1016_j.devcel.2019.06.001_238d93bfef/manuscript.html				
0282_10.1016_j.stem.2020.06.006_67000edb63	10.1016/j.stem.2020.06.006	A Human Skeletal Muscle Atlas Identifies the Trajectories of Stem and Progenitor Cells across Development and from Human Pluripotent Stem Cells	1	data/hca/manuscripts/0282_10.1016_j.stem.2020.06.006_67000edb63/metadata.json	data/hca/manuscripts/0282_10.1016_j.stem.2020.06.006_67000edb63/resolution.json	data/hca/manuscripts/0282_10.1016_j.stem.2020.06.006_67000edb63/manuscript.md	data/hca/manuscripts/0282_10.1016_j.stem.2020.06.006_67000edb63/manuscript.html				
0283_10.1161_circulationaha.120.052318_08d58c2441	10.1161/circulationaha.120.052318	Integrated Single-Cell Atlas of Endothelial Cells of the Human Lung.	1	data/hca/manuscripts/0283_10.1161_circulationaha.120.052318_08d58c2441/metadata.json	data/hca/manuscripts/0283_10.1161_circulationaha.120.052318_08d58c2441/resolution.json	data/hca/manuscripts/0283_10.1161_circulationaha.120.052318_08d58c2441/manuscript.md		data/hca/manuscripts/0283_10.1161_circulationaha.120.052318_08d58c2441/manuscript.xml			
0284_10.1002_hep4.1854_fe09f5fe1e	10.1002/hep4.1854	Single-Cell, Single-Nucleus, and Spatial RNA Sequencing of the Human Liver Identifies Cholangiocyte and Mesenchymal Heterogeneity	1	data/hca/manuscripts/0284_10.1002_hep4.1854_fe09f5fe1e/metadata.json	data/hca/manuscripts/0284_10.1002_hep4.1854_fe09f5fe1e/resolution.json	data/hca/manuscripts/0284_10.1002_hep4.1854_fe09f5fe1e/manuscript.md		data/hca/manuscripts/0284_10.1002_hep4.1854_fe09f5fe1e/manuscript.xml			
0285_10.26502_fccm.92920277_c5e967ab20	10.26502/fccm.92920277	Single Nucleus RNA-sequencing Reveals Altered Intercellular Communication and Dendritic Cell Activation in Nonobstructive Hypertrophic Cardiomyopathy.	1	data/hca/manuscripts/0285_10.26502_fccm.92920277_c5e967ab20/metadata.json	data/hca/manuscripts/0285_10.26502_fccm.92920277_c5e967ab20/resolution.json	data/hca/manuscripts/0285_10.26502_fccm.92920277_c5e967ab20/manuscript.md		data/hca/manuscripts/0285_10.26502_fccm.92920277_c5e967ab20/manuscript.xml			
0286_10.1038_s41467-018-06318-7_d818827349	10.1038/s41467-018-06318-7	Single cell RNA sequencing of human liver reveals distinct intrahepatic macrophage populations	1	data/hca/manuscripts/0286_10.1038_s41467-018-06318-7_d818827349/metadata.json	data/hca/manuscripts/0286_10.1038_s41467-018-06318-7_d818827349/resolution.json	data/hca/manuscripts/0286_10.1038_s41467-018-06318-7_d818827349/manuscript.md		data/hca/manuscripts/0286_10.1038_s41467-018-06318-7_d818827349/manuscript.xml			
0287_10.1101_gr.228080.117_9206d994b7	10.1101/gr.228080.117	Linking transcriptional and genetic tumor heterogeneity through allele analysis of single-cell RNA-seq data	1	data/hca/manuscripts/0287_10.1101_gr.228080.117_9206d994b7/metadata.json	data/hca/manuscripts/0287_10.1101_gr.228080.117_9206d994b7/resolution.json	data/hca/manuscripts/0287_10.1101_gr.228080.117_9206d994b7/manuscript.md		data/hca/manuscripts/0287_10.1101_gr.228080.117_9206d994b7/manuscript.xml			
0288_10.1158_1078-0432.ccr-19-0694_b9f6a2e8d4	10.1158/1078-0432.ccr-19-0694	Alterations in the Transcriptional Programs of Myeloma Cells and the Microenvironment during Extramedullary Progression Affect Proliferation and Immune Evasion	1	data/hca/manuscripts/0288_10.1158_1078-0432.ccr-19-0694_b9f6a2e8d4/metadata.json	data/hca/manuscripts/0288_10.1158_1078-0432.ccr-19-0694_b9f6a2e8d4/resolution.json						
0289_10.1172_jci.insight.93009_72829a2871	10.1172/jci.insight.93009	Single cell RNA sequencing to dissect the molecular heterogeneity in lupus nephritis	1	data/hca/manuscripts/0289_10.1172_jci.insight.93009_72829a2871/metadata.json	data/hca/manuscripts/0289_10.1172_jci.insight.93009_72829a2871/resolution.json	data/hca/manuscripts/0289_10.1172_jci.insight.93009_72829a2871/manuscript.md	data/hca/manuscripts/0289_10.1172_jci.insight.93009_72829a2871/manuscript.html				
0290_10.1101_235499_566cff6e3c	10.1101/235499	"High throughput single cell RNA-seq of developing mouse kidney and human kidney
organoids reveals a roadmap for recreating the kidney"	1	data/hca/manuscripts/0290_10.1101_235499_566cff6e3c/metadata.json	data/hca/manuscripts/0290_10.1101_235499_566cff6e3c/resolution.json	data/hca/manuscripts/0290_10.1101_235499_566cff6e3c/manuscript.md	data/hca/manuscripts/0290_10.1101_235499_566cff6e3c/manuscript.html				
0291_10.1016_j.cell.2019.06.024_7d6cf2f1e2	10.1016/j.cell.2019.06.024	An Integrative Model of Cellular States, Plasticity, and Genetics for Glioblastoma.	1	data/hca/manuscripts/0291_10.1016_j.cell.2019.06.024_7d6cf2f1e2/metadata.json	data/hca/manuscripts/0291_10.1016_j.cell.2019.06.024_7d6cf2f1e2/resolution.json	data/hca/manuscripts/0291_10.1016_j.cell.2019.06.024_7d6cf2f1e2/manuscript.md	data/hca/manuscripts/0291_10.1016_j.cell.2019.06.024_7d6cf2f1e2/manuscript.html				
0292_10.1371_journal.pone.0225466_ac5a0b0b14	10.1371/journal.pone.0225466	HeLa-CCL2 cell heterogeneity studied by single-cell DNA and RNA sequencing.	1	data/hca/manuscripts/0292_10.1371_journal.pone.0225466_ac5a0b0b14/metadata.json	data/hca/manuscripts/0292_10.1371_journal.pone.0225466_ac5a0b0b14/resolution.json	data/hca/manuscripts/0292_10.1371_journal.pone.0225466_ac5a0b0b14/manuscript.md		data/hca/manuscripts/0292_10.1371_journal.pone.0225466_ac5a0b0b14/manuscript.xml			
0293_10.1172_jci.insight.150861_5764a5bfad	10.1172/jci.insight.150861	Key molecular alterations in endothelial cells in human glioblastoma uncovered through single-cell RNA sequencing.	1	data/hca/manuscripts/0293_10.1172_jci.insight.150861_5764a5bfad/metadata.json	data/hca/manuscripts/0293_10.1172_jci.insight.150861_5764a5bfad/resolution.json	data/hca/manuscripts/0293_10.1172_jci.insight.150861_5764a5bfad/manuscript.md		data/hca/manuscripts/0293_10.1172_jci.insight.150861_5764a5bfad/manuscript.xml			
0294_10.1038_ni.3368_b6f196ee59	10.1038/ni.3368	The heterogeneity of human CD127+ innate lymphoid cells revealed by single-cell RNA sequencing	1	data/hca/manuscripts/0294_10.1038_ni.3368_b6f196ee59/metadata.json	data/hca/manuscripts/0294_10.1038_ni.3368_b6f196ee59/resolution.json	data/hca/manuscripts/0294_10.1038_ni.3368_b6f196ee59/manuscript.md	data/hca/manuscripts/0294_10.1038_ni.3368_b6f196ee59/manuscript.html				
0295_10.1016_j.isci.2021.102551_1c1e582cdd	10.1016/j.isci.2021.102551	Categorization of lung mesenchymal cells in development and fibrosis.	1	data/hca/manuscripts/0295_10.1016_j.isci.2021.102551_1c1e582cdd/metadata.json	data/hca/manuscripts/0295_10.1016_j.isci.2021.102551_1c1e582cdd/resolution.json	data/hca/manuscripts/0295_10.1016_j.isci.2021.102551_1c1e582cdd/manuscript.md		data/hca/manuscripts/0295_10.1016_j.isci.2021.102551_1c1e582cdd/manuscript.xml			
0296_10.1038_s41467-021-25328-6_8814b43a21	10.1038/s41467-021-25328-6	Grafting of iPS cell-derived tenocytes promotes motor function recovery after Achilles tendon rupture.	1	data/hca/manuscripts/0296_10.1038_s41467-021-25328-6_8814b43a21/metadata.json	data/hca/manuscripts/0296_10.1038_s41467-021-25328-6_8814b43a21/resolution.json	data/hca/manuscripts/0296_10.1038_s41467-021-25328-6_8814b43a21/manuscript.md		data/hca/manuscripts/0296_10.1038_s41467-021-25328-6_8814b43a21/manuscript.xml			
0297_10.1038_s42003-021-02223-w_f1c781baae	10.1038/s42003-021-02223-w	Single-cell RNA sequencing of human nail unit defines RSPO4 onychofibroblasts and SPINK6 nail epithelium	1	data/hca/manuscripts/0297_10.1038_s42003-021-02223-w_f1c781baae/metadata.json	data/hca/manuscripts/0297_10.1038_s42003-021-02223-w_f1c781baae/resolution.json	data/hca/manuscripts/0297_10.1038_s42003-021-02223-w_f1c781baae/manuscript.md		data/hca/manuscripts/0297_10.1038_s42003-021-02223-w_f1c781baae/manuscript.xml			
0298_10.1101_2021.07.28.453839_0003c16e5c	10.1101/2021.07.28.453839	Single-cell analysis of endometriosis reveals a coordinated transcriptional programme driving immunotolerance and angiogenesis across eutopic and ectopic tissues	1	data/hca/manuscripts/0298_10.1101_2021.07.28.453839_0003c16e5c/metadata.json	data/hca/manuscripts/0298_10.1101_2021.07.28.453839_0003c16e5c/resolution.json	data/hca/manuscripts/0298_10.1101_2021.07.28.453839_0003c16e5c/manuscript.md	data/hca/manuscripts/0298_10.1101_2021.07.28.453839_0003c16e5c/manuscript.html				
0299_10.1038_s41467-019-11266-x_d55119ff52	10.1038/s41467-019-11266-x	Single cell analysis of human foetal liver captures the transcriptional profile of hepatobiliary hybrid progenitors	1	data/hca/manuscripts/0299_10.1038_s41467-019-11266-x_d55119ff52/metadata.json	data/hca/manuscripts/0299_10.1038_s41467-019-11266-x_d55119ff52/resolution.json	data/hca/manuscripts/0299_10.1038_s41467-019-11266-x_d55119ff52/manuscript.md		data/hca/manuscripts/0299_10.1038_s41467-019-11266-x_d55119ff52/manuscript.xml			
0300_10.1186_s13287-023-03256-0_d71fd1c1ed	10.1186/s13287-023-03256-0	Single cell and lineage tracing studies reveal the impact of CD34+ cells on myocardial fibrosis during heart failure	1	data/hca/manuscripts/0300_10.1186_s13287-023-03256-0_d71fd1c1ed/metadata.json	data/hca/manuscripts/0300_10.1186_s13287-023-03256-0_d71fd1c1ed/resolution.json	data/hca/manuscripts/0300_10.1186_s13287-023-03256-0_d71fd1c1ed/manuscript.md		data/hca/manuscripts/0300_10.1186_s13287-023-03256-0_d71fd1c1ed/manuscript.xml			
0301_10.1101_2023.11.07.566105_6b05614dad	10.1101/2023.11.07.566105	Integrated multi-omics single cell atlas of the human retina	1	data/hca/manuscripts/0301_10.1101_2023.11.07.566105_6b05614dad/metadata.json	data/hca/manuscripts/0301_10.1101_2023.11.07.566105_6b05614dad/resolution.json	data/hca/manuscripts/0301_10.1101_2023.11.07.566105_6b05614dad/manuscript.md		data/hca/manuscripts/0301_10.1101_2023.11.07.566105_6b05614dad/manuscript.xml			data/hca/manuscripts/0301_10.1101_2023.11.07.566105_6b05614dad/biorxiv_metadata.json
0302_10.1016_j.isci.2022.104772_3e028c0be0	10.1016/j.isci.2022.104772	Single cell full-length transcriptome of human subcutaneous adipose tissue reveals unique and heterogeneous cell populations	1	data/hca/manuscripts/0302_10.1016_j.isci.2022.104772_3e028c0be0/metadata.json	data/hca/manuscripts/0302_10.1016_j.isci.2022.104772_3e028c0be0/resolution.json	data/hca/manuscripts/0302_10.1016_j.isci.2022.104772_3e028c0be0/manuscript.md		data/hca/manuscripts/0302_10.1016_j.isci.2022.104772_3e028c0be0/manuscript.xml			
0303_10.1101_2020.11.20.20227355_1cc9e7b043	10.1101/2020.11.20.20227355	Single cell profiling of COVID-19 patients: an international data resource from multiple tissues	1	data/hca/manuscripts/0303_10.1101_2020.11.20.20227355_1cc9e7b043/metadata.json	data/hca/manuscripts/0303_10.1101_2020.11.20.20227355_1cc9e7b043/resolution.json						
0304_10.1126_sciimmunol.abg5539_d30f748444	10.1126/sciimmunol.abg5539	Single-cell transcriptional profiling informs efficient reprogramming of human somatic cells to cross-presenting dendritic cells	1	data/hca/manuscripts/0304_10.1126_sciimmunol.abg5539_d30f748444/metadata.json	data/hca/manuscripts/0304_10.1126_sciimmunol.abg5539_d30f748444/resolution.json	data/hca/manuscripts/0304_10.1126_sciimmunol.abg5539_d30f748444/manuscript.md	data/hca/manuscripts/0304_10.1126_sciimmunol.abg5539_d30f748444/manuscript.html				
0305_10.1158_0008-5472.can-19-2306_dd7931fca8	10.1158/0008-5472.can-19-2306	Hypoxia Induces Transcriptional and Translational Downregulation of the Type I IFN Pathway in Multiple Cancer Cell Types.	1	data/hca/manuscripts/0305_10.1158_0008-5472.can-19-2306_dd7931fca8/metadata.json	data/hca/manuscripts/0305_10.1158_0008-5472.can-19-2306_dd7931fca8/resolution.json	data/hca/manuscripts/0305_10.1158_0008-5472.can-19-2306_dd7931fca8/manuscript.md	data/hca/manuscripts/0305_10.1158_0008-5472.can-19-2306_dd7931fca8/manuscript.html				
0306_10.1038_s41467-021-22368-w_5524560e05	10.1038/s41467-021-22368-w	Single cell transcriptional and chromatin accessibility profiling redefine cellular heterogeneity in the adult human kidney	1	data/hca/manuscripts/0306_10.1038_s41467-021-22368-w_5524560e05/metadata.json	data/hca/manuscripts/0306_10.1038_s41467-021-22368-w_5524560e05/resolution.json	data/hca/manuscripts/0306_10.1038_s41467-021-22368-w_5524560e05/manuscript.md		data/hca/manuscripts/0306_10.1038_s41467-021-22368-w_5524560e05/manuscript.xml			
0307_10.1038_s41419-021-03724-6_32b837a8da	10.1038/s41419-021-03724-6	Single cell transcriptional zonation of human psoriasis skin identifies an alternative immunoregulatory axis conducted by skin resident cells.	1	data/hca/manuscripts/0307_10.1038_s41419-021-03724-6_32b837a8da/metadata.json	data/hca/manuscripts/0307_10.1038_s41419-021-03724-6_32b837a8da/resolution.json	data/hca/manuscripts/0307_10.1038_s41419-021-03724-6_32b837a8da/manuscript.md		data/hca/manuscripts/0307_10.1038_s41419-021-03724-6_32b837a8da/manuscript.xml			
0308_10.1242_dev.199711_724ab19d33	10.1242/dev.199711	Single-cell transcriptome profiling of the human developing spinal cord reveals a conserved genetic programme with human-specific features.	1	data/hca/manuscripts/0308_10.1242_dev.199711_724ab19d33/metadata.json	data/hca/manuscripts/0308_10.1242_dev.199711_724ab19d33/resolution.json	data/hca/manuscripts/0308_10.1242_dev.199711_724ab19d33/manuscript.md		data/hca/manuscripts/0308_10.1242_dev.199711_724ab19d33/manuscript.xml			
0309_10.1101_721258_f9cb0ad906	10.1101/721258	Single cell transcriptome atlas of immune cells in human small intestine and in celiac disease	1	data/hca/manuscripts/0309_10.1101_721258_f9cb0ad906/metadata.json	data/hca/manuscripts/0309_10.1101_721258_f9cb0ad906/resolution.json	data/hca/manuscripts/0309_10.1101_721258_f9cb0ad906/manuscript.md		data/hca/manuscripts/0309_10.1101_721258_f9cb0ad906/manuscript.xml			data/hca/manuscripts/0309_10.1101_721258_f9cb0ad906/biorxiv_metadata.json
0310_10.1172_jci.insight.133267_ab6c49313c	10.1172/jci.insight.133267	Single cell transcriptomics identifies focal segmental glomerulosclerosis remission endothelial biomarker	1	data/hca/manuscripts/0310_10.1172_jci.insight.133267_ab6c49313c/metadata.json	data/hca/manuscripts/0310_10.1172_jci.insight.133267_ab6c49313c/resolution.json	data/hca/manuscripts/0310_10.1172_jci.insight.133267_ab6c49313c/manuscript.md	data/hca/manuscripts/0310_10.1172_jci.insight.133267_ab6c49313c/manuscript.html				
0311_10.1038_s41467-020-18075-7_c64a47b29b	10.1038/s41467-020-18075-7	Single cell transcriptomics of human epidermis identifies basal stem cell transition states.	1	data/hca/manuscripts/0311_10.1038_s41467-020-18075-7_c64a47b29b/metadata.json	data/hca/manuscripts/0311_10.1038_s41467-020-18075-7_c64a47b29b/resolution.json	data/hca/manuscripts/0311_10.1038_s41467-020-18075-7_c64a47b29b/manuscript.md		data/hca/manuscripts/0311_10.1038_s41467-020-18075-7_c64a47b29b/manuscript.xml			
0312_10.1096_fj.202300601rrr_fa5c693aaa	10.1096/fj.202300601rrr	Single nucleus and spatial transcriptomic profiling of healthy human hamstring tendon	1	data/hca/manuscripts/0312_10.1096_fj.202300601rrr_fa5c693aaa/metadata.json	data/hca/manuscripts/0312_10.1096_fj.202300601rrr_fa5c693aaa/resolution.json						
0313_10.1016_j.celrep.2022.110467_a2771a8ae7	10.1016/j.celrep.2022.110467	Single nucleus transcriptome and chromatin accessibility of postmortem human pituitaries reveal diverse stem cell regulatory mechanisms.	1	data/hca/manuscripts/0313_10.1016_j.celrep.2022.110467_a2771a8ae7/metadata.json	data/hca/manuscripts/0313_10.1016_j.celrep.2022.110467_a2771a8ae7/resolution.json	data/hca/manuscripts/0313_10.1016_j.celrep.2022.110467_a2771a8ae7/manuscript.md		data/hca/manuscripts/0313_10.1016_j.celrep.2022.110467_a2771a8ae7/manuscript.xml			
0314_10.1016_j.cell.2017.09.004_62170aa227	10.1016/j.cell.2017.09.004	Single-Cell Analysis of Human Pancreas Reveals Transcriptional Signatures of Aging and Somatic Mutation Patterns.	1	data/hca/manuscripts/0314_10.1016_j.cell.2017.09.004_62170aa227/metadata.json	data/hca/manuscripts/0314_10.1016_j.cell.2017.09.004_62170aa227/resolution.json	data/hca/manuscripts/0314_10.1016_j.cell.2017.09.004_62170aa227/manuscript.md	data/hca/manuscripts/0314_10.1016_j.cell.2017.09.004_62170aa227/manuscript.html				
0315_10.1158_2159-8290.cd-21-0683_4c7216e47a	10.1158/2159-8290.cd-21-0683	Single-Cell Atlas of Lineage States, Tumor Microenvironment, and Subtype-Specific Expression Programs in Gastric Cancer	1	data/hca/manuscripts/0315_10.1158_2159-8290.cd-21-0683_4c7216e47a/metadata.json	data/hca/manuscripts/0315_10.1158_2159-8290.cd-21-0683_4c7216e47a/resolution.json	data/hca/manuscripts/0315_10.1158_2159-8290.cd-21-0683_4c7216e47a/manuscript.md		data/hca/manuscripts/0315_10.1158_2159-8290.cd-21-0683_4c7216e47a/manuscript.xml			
0316_10.1016_j.ccell.2020.08.014_77885c0c9b	10.1016/j.ccell.2020.08.014	Single-Cell Characterization of Malignant Phenotypes and Developmental Trajectories of Adrenal Neuroblastoma	1	data/hca/manuscripts/0316_10.1016_j.ccell.2020.08.014_77885c0c9b/metadata.json	data/hca/manuscripts/0316_10.1016_j.ccell.2020.08.014_77885c0c9b/resolution.json		data/hca/manuscripts/0316_10.1016_j.ccell.2020.08.014_77885c0c9b/manuscript.html	data/hca/manuscripts/0316_10.1016_j.ccell.2020.08.014_77885c0c9b/manuscript.xml			
0317_10.1016_j.celrep.2019.02.043_aed04e8aae	10.1016/j.celrep.2019.02.043	Single-Cell Heterogeneity Analysis and CRISPR Screen Identify Key β-Cell-Specific Disease Genes.	1	data/hca/manuscripts/0317_10.1016_j.celrep.2019.02.043_aed04e8aae/metadata.json	data/hca/manuscripts/0317_10.1016_j.celrep.2019.02.043_aed04e8aae/resolution.json	data/hca/manuscripts/0317_10.1016_j.celrep.2019.02.043_aed04e8aae/manuscript.md	data/hca/manuscripts/0317_10.1016_j.celrep.2019.02.043_aed04e8aae/manuscript.html				
0318_10.1158_1078-0432.ccr-19-0148_d4eb569329	10.1158/1078-0432.ccr-19-0148	Single-Cell Lymphocyte Heterogeneity in Advanced Cutaneous T-cell Lymphoma Skin Tumors.	1	data/hca/manuscripts/0318_10.1158_1078-0432.ccr-19-0148_d4eb569329/metadata.json	data/hca/manuscripts/0318_10.1158_1078-0432.ccr-19-0148_d4eb569329/resolution.json	data/hca/manuscripts/0318_10.1158_1078-0432.ccr-19-0148_d4eb569329/manuscript.md	data/hca/manuscripts/0318_10.1158_1078-0432.ccr-19-0148_d4eb569329/manuscript.html				
0319_10.1016_j.cell.2018.05.060_d1a05e99e8	10.1016/j.cell.2018.05.060	Single-Cell Map of Diverse Immune Phenotypes in the Breast Tumor Microenvironment.	1	data/hca/manuscripts/0319_10.1016_j.cell.2018.05.060_d1a05e99e8/metadata.json	data/hca/manuscripts/0319_10.1016_j.cell.2018.05.060_d1a05e99e8/resolution.json	data/hca/manuscripts/0319_10.1016_j.cell.2018.05.060_d1a05e99e8/manuscript.md	data/hca/manuscripts/0319_10.1016_j.cell.2018.05.060_d1a05e99e8/manuscript.html				
0320_10.1016_j.cmet.2020.03.009_e23bec690d	10.1016/j.cmet.2020.03.009	Single-Cell RNA Sequencing Maps Endothelial Metabolic Plasticity in Pathological Angiogenesis.	1	data/hca/manuscripts/0320_10.1016_j.cmet.2020.03.009_e23bec690d/metadata.json	data/hca/manuscripts/0320_10.1016_j.cmet.2020.03.009_e23bec690d/resolution.json		data/hca/manuscripts/0320_10.1016_j.cmet.2020.03.009_e23bec690d/manuscript.html	data/hca/manuscripts/0320_10.1016_j.cmet.2020.03.009_e23bec690d/manuscript.xml			
0321_10.1002_stem.3302_bfd2270715	10.1002/stem.3302	Directed induction of alveolar type I cells derived from pluripotent stem cells via Wnt signaling inhibition.	1	data/hca/manuscripts/0321_10.1002_stem.3302_bfd2270715/metadata.json	data/hca/manuscripts/0321_10.1002_stem.3302_bfd2270715/resolution.json	data/hca/manuscripts/0321_10.1002_stem.3302_bfd2270715/manuscript.md		data/hca/manuscripts/0321_10.1002_stem.3302_bfd2270715/manuscript.xml			
0322_10.3389_fonc.2021.719564_a0cfb67753	10.3389/fonc.2021.719564	Single-Cell RNA Sequencing in Multiple Pathologic Types of Renal Cell Carcinoma Revealed Novel Potential Tumor-Specific Markers.	1	data/hca/manuscripts/0322_10.3389_fonc.2021.719564_a0cfb67753/metadata.json	data/hca/manuscripts/0322_10.3389_fonc.2021.719564_a0cfb67753/resolution.json	data/hca/manuscripts/0322_10.3389_fonc.2021.719564_a0cfb67753/manuscript.md		data/hca/manuscripts/0322_10.3389_fonc.2021.719564_a0cfb67753/manuscript.xml			
0323_10.1016_j.stem.2017.03.007_9dcb748045	10.1016/j.stem.2017.03.007	Single-Cell RNA-Seq Analysis Maps Development of Human Germline Cells and Gonadal- Niche Interactions	1	data/hca/manuscripts/0323_10.1016_j.stem.2017.03.007_9dcb748045/metadata.json	data/hca/manuscripts/0323_10.1016_j.stem.2017.03.007_9dcb748045/resolution.json		data/hca/manuscripts/0323_10.1016_j.stem.2017.03.007_9dcb748045/manuscript.html	data/hca/manuscripts/0323_10.1016_j.stem.2017.03.007_9dcb748045/manuscript.xml			
0324_10.1016_j.celrep.2018.03.102_ac044cfb3b	10.1016/j.celrep.2018.03.102	Single-Cell RNA-Seq Reveals Transcriptional Heterogeneity in Latent and Reactivated HIV-infected Cells	1	data/hca/manuscripts/0324_10.1016_j.celrep.2018.03.102_ac044cfb3b/metadata.json	data/hca/manuscripts/0324_10.1016_j.celrep.2018.03.102_ac044cfb3b/resolution.json		data/hca/manuscripts/0324_10.1016_j.celrep.2018.03.102_ac044cfb3b/manuscript.html	data/hca/manuscripts/0324_10.1016_j.celrep.2018.03.102_ac044cfb3b/manuscript.xml			
0325_10.1016_j.celrep.2017.10.030_a9d12a5d7c	10.1016/j.celrep.2017.10.030	Single-Cell RNA-Seq Analysis of Infiltrating Neoplastic Cells at the Migrating Front of Human Glioblastoma	1	data/hca/manuscripts/0325_10.1016_j.celrep.2017.10.030_a9d12a5d7c/metadata.json	data/hca/manuscripts/0325_10.1016_j.celrep.2017.10.030_a9d12a5d7c/resolution.json	data/hca/manuscripts/0325_10.1016_j.celrep.2017.10.030_a9d12a5d7c/manuscript.md	data/hca/manuscripts/0325_10.1016_j.celrep.2017.10.030_a9d12a5d7c/manuscript.html				
0326_10.1016_j.cmet.2016.08.020_b710322bb3	10.1016/j.cmet.2016.08.020	Single-Cell Transcriptome Profiling of Human Pancreatic Islets in Health and Type 2 Diabetes	1	data/hca/manuscripts/0326_10.1016_j.cmet.2016.08.020_b710322bb3/metadata.json	data/hca/manuscripts/0326_10.1016_j.cmet.2016.08.020_b710322bb3/resolution.json	data/hca/manuscripts/0326_10.1016_j.cmet.2016.08.020_b710322bb3/manuscript.md		data/hca/manuscripts/0326_10.1016_j.cmet.2016.08.020_b710322bb3/manuscript.xml			
0327_10.1016_j.celrep.2023.113236_5541330f1f	10.1016/j.celrep.2023.113236	Stomach encyclopedia: Combined single-cell and spatial transcriptomics reveal cell diversity and homeostatic regulation of human stomach	1	data/hca/manuscripts/0327_10.1016_j.celrep.2023.113236_5541330f1f/metadata.json	data/hca/manuscripts/0327_10.1016_j.celrep.2023.113236_5541330f1f/resolution.json		data/hca/manuscripts/0327_10.1016_j.celrep.2023.113236_5541330f1f/manuscript.html	data/hca/manuscripts/0327_10.1016_j.celrep.2023.113236_5541330f1f/manuscript.xml			
0328_10.1164_rccm.201912-2445oc_4927636a02	10.1164/rccm.201912-2445oc	Single-Cell Transcriptomic Analysis Identifies a Unique Pulmonary Lymphangioleiomyomatosis Cell	1	data/hca/manuscripts/0328_10.1164_rccm.201912-2445oc_4927636a02/metadata.json	data/hca/manuscripts/0328_10.1164_rccm.201912-2445oc_4927636a02/resolution.json	data/hca/manuscripts/0328_10.1164_rccm.201912-2445oc_4927636a02/manuscript.md	data/hca/manuscripts/0328_10.1164_rccm.201912-2445oc_4927636a02/manuscript.html				
0329_10.1164_rccm.201712-2410oc_fdd97d9097	10.1164/rccm.201712-2410oc	Single-Cell Transcriptomic Analysis of Human Lung Provides Insights into the Pathobiology of Pulmonary Fibrosis.	1	data/hca/manuscripts/0329_10.1164_rccm.201712-2410oc_fdd97d9097/metadata.json	data/hca/manuscripts/0329_10.1164_rccm.201712-2410oc_fdd97d9097/resolution.json	data/hca/manuscripts/0329_10.1164_rccm.201712-2410oc_fdd97d9097/manuscript.md		data/hca/manuscripts/0329_10.1164_rccm.201712-2410oc_fdd97d9097/manuscript.xml			
0330_10.1016_j.celrep.2020.01.007_2459125119	10.1016/j.celrep.2020.01.007	Single-Cell Transcriptomic Comparison of Human Fetal Retina, hPSC-Derived Retinal Organoids, and Long-Term Retinal Cultures.	1	data/hca/manuscripts/0330_10.1016_j.celrep.2020.01.007_2459125119/metadata.json	data/hca/manuscripts/0330_10.1016_j.celrep.2020.01.007_2459125119/resolution.json	data/hca/manuscripts/0330_10.1016_j.celrep.2020.01.007_2459125119/manuscript.md	data/hca/manuscripts/0330_10.1016_j.celrep.2020.01.007_2459125119/manuscript.html				
0331_10.3389_fdmed.2021.806294_aea78ef1b6	10.3389/fdmed.2021.806294	Single-Cell Transcriptomic Profiling of Human Dental Pulp in Sound and Carious Teeth: A Pilot Study	1	data/hca/manuscripts/0331_10.3389_fdmed.2021.806294_aea78ef1b6/metadata.json	data/hca/manuscripts/0331_10.3389_fdmed.2021.806294_aea78ef1b6/resolution.json	data/hca/manuscripts/0331_10.3389_fdmed.2021.806294_aea78ef1b6/manuscript.md	data/hca/manuscripts/0331_10.3389_fdmed.2021.806294_aea78ef1b6/manuscript.html				
0332_10.1016_j.celrep.2020.108525_4732db66cf	10.1016/j.celrep.2020.108525	Single-Cell Transcriptomics Reveal Immune Mechanisms of the Onset and Progression of IgA Nephropathy	1	data/hca/manuscripts/0332_10.1016_j.celrep.2020.108525_4732db66cf/metadata.json	data/hca/manuscripts/0332_10.1016_j.celrep.2020.108525_4732db66cf/resolution.json		data/hca/manuscripts/0332_10.1016_j.celrep.2020.108525_4732db66cf/manuscript.html	data/hca/manuscripts/0332_10.1016_j.celrep.2020.108525_4732db66cf/manuscript.xml			
0333_10.1101_2022.03.25.485846_ff3d78f96d	10.1101/2022.03.25.485846	Single-cell Transcriptomic Atlas of the Human Substantia Nigra in Parkinson′s Disease	1	data/hca/manuscripts/0333_10.1101_2022.03.25.485846_ff3d78f96d/metadata.json	data/hca/manuscripts/0333_10.1101_2022.03.25.485846_ff3d78f96d/resolution.json	data/hca/manuscripts/0333_10.1101_2022.03.25.485846_ff3d78f96d/manuscript.md	data/hca/manuscripts/0333_10.1101_2022.03.25.485846_ff3d78f96d/manuscript.html				
0334_10.1681_asn.2018020125_804c4742d9	10.1681/asn.2018020125	Single-Cell Transcriptomics of a Human Kidney Allograft Biopsy Specimen Defines a Diverse Inflammatory Response	1	data/hca/manuscripts/0334_10.1681_asn.2018020125_804c4742d9/metadata.json	data/hca/manuscripts/0334_10.1681_asn.2018020125_804c4742d9/resolution.json	data/hca/manuscripts/0334_10.1681_asn.2018020125_804c4742d9/manuscript.md	data/hca/manuscripts/0334_10.1681_asn.2018020125_804c4742d9/manuscript.html				
0335_10.2337_db16-0405_ae79f269d3	10.2337/db16-0405	Single-Cell Transcriptomics of the Human Endocrine Pancreas	1	data/hca/manuscripts/0335_10.2337_db16-0405_ae79f269d3/metadata.json	data/hca/manuscripts/0335_10.2337_db16-0405_ae79f269d3/resolution.json	data/hca/manuscripts/0335_10.2337_db16-0405_ae79f269d3/manuscript.md	data/hca/manuscripts/0335_10.2337_db16-0405_ae79f269d3/manuscript.html				
0336_10.1053_j.gastro.2020.11.010_5097b76335	10.1053/j.gastro.2020.11.010	Single-Nucleus and In Situ RNA-Sequencing Reveal Cell Topographies in the Human Pancreas	1	data/hca/manuscripts/0336_10.1053_j.gastro.2020.11.010_5097b76335/metadata.json	data/hca/manuscripts/0336_10.1053_j.gastro.2020.11.010_5097b76335/resolution.json		data/hca/manuscripts/0336_10.1053_j.gastro.2020.11.010_5097b76335/manuscript.html	data/hca/manuscripts/0336_10.1053_j.gastro.2020.11.010_5097b76335/manuscript.xml			
0337_10.1093_hmg_ddab042_68433b5bee	10.1093/hmg/ddab042	Integrative analyses of scRNA-seq and scATAC-seq reveal CXCL14 as a key regulator of lymph node metastasis in breast cancer.	1	data/hca/manuscripts/0337_10.1093_hmg_ddab042_68433b5bee/metadata.json	data/hca/manuscripts/0337_10.1093_hmg_ddab042_68433b5bee/resolution.json						
0338_10.3389_fnmol.2020.00134_d9eafa03d0	10.3389/fnmol.2020.00134	Profiling Microglia From Alzheimer's Disease Donors and Non-demented Elderly in Acute Human Postmortem Cortical Tissue.	1	data/hca/manuscripts/0338_10.3389_fnmol.2020.00134_d9eafa03d0/metadata.json	data/hca/manuscripts/0338_10.3389_fnmol.2020.00134_d9eafa03d0/resolution.json	data/hca/manuscripts/0338_10.3389_fnmol.2020.00134_d9eafa03d0/manuscript.md		data/hca/manuscripts/0338_10.3389_fnmol.2020.00134_d9eafa03d0/manuscript.xml			
0339_10.7150_thno.65694_e762e5f2bb	10.7150/thno.65694	Single-cell RNA landscape of the osteoimmunology microenvironment in periodontitis	1	data/hca/manuscripts/0339_10.7150_thno.65694_e762e5f2bb/metadata.json	data/hca/manuscripts/0339_10.7150_thno.65694_e762e5f2bb/resolution.json	data/hca/manuscripts/0339_10.7150_thno.65694_e762e5f2bb/manuscript.md		data/hca/manuscripts/0339_10.7150_thno.65694_e762e5f2bb/manuscript.xml			
0340_10.1038_s41467-020-16164-1_15fae00c00	10.1038/s41467-020-16164-1	Single-cell RNA sequencing demonstrates the molecular and cellular reprogramming of metastatic lung adenocarcinoma	1	data/hca/manuscripts/0340_10.1038_s41467-020-16164-1_15fae00c00/metadata.json	data/hca/manuscripts/0340_10.1038_s41467-020-16164-1_15fae00c00/resolution.json	data/hca/manuscripts/0340_10.1038_s41467-020-16164-1_15fae00c00/manuscript.md		data/hca/manuscripts/0340_10.1038_s41467-020-16164-1_15fae00c00/manuscript.xml			
0341_10.1038_s41588-018-0089-9_d673068e8c	10.1038/s41588-018-0089-9	Single-cell RNA sequencing identifies celltype-specific cis-eQTLs and co-expression QTLs	1	data/hca/manuscripts/0341_10.1038_s41588-018-0089-9_d673068e8c/metadata.json	data/hca/manuscripts/0341_10.1038_s41588-018-0089-9_d673068e8c/resolution.json	data/hca/manuscripts/0341_10.1038_s41588-018-0089-9_d673068e8c/manuscript.md		data/hca/manuscripts/0341_10.1038_s41588-018-0089-9_d673068e8c/manuscript.xml			
0342_10.18632_aging.203124_280d72e18e	10.18632/aging.203124	Single-cell RNA sequencing of human femoral head	1	data/hca/manuscripts/0342_10.18632_aging.203124_280d72e18e/metadata.json	data/hca/manuscripts/0342_10.18632_aging.203124_280d72e18e/resolution.json	data/hca/manuscripts/0342_10.18632_aging.203124_280d72e18e/manuscript.md		data/hca/manuscripts/0342_10.18632_aging.203124_280d72e18e/manuscript.xml			
0343_10.1038_s41597-019-0351-8_0cf4fb36a1	10.1038/s41597-019-0351-8	Single-cell RNA sequencing of human kidney	1	data/hca/manuscripts/0343_10.1038_s41597-019-0351-8_0cf4fb36a1/metadata.json	data/hca/manuscripts/0343_10.1038_s41597-019-0351-8_0cf4fb36a1/resolution.json	data/hca/manuscripts/0343_10.1038_s41597-019-0351-8_0cf4fb36a1/manuscript.md		data/hca/manuscripts/0343_10.1038_s41597-019-0351-8_0cf4fb36a1/manuscript.xml			
0344_10.1172_jci148517_dbd0d2bd7b	10.1172/jci148517	Nasal ciliated cells are primary targets for SARS-CoV-2 replication in early stage of COVID-19.	1	data/hca/manuscripts/0344_10.1172_jci148517_dbd0d2bd7b/metadata.json	data/hca/manuscripts/0344_10.1172_jci148517_dbd0d2bd7b/resolution.json	data/hca/manuscripts/0344_10.1172_jci148517_dbd0d2bd7b/manuscript.md	data/hca/manuscripts/0344_10.1172_jci148517_dbd0d2bd7b/manuscript.html				
0345_10.3389_fimmu.2021.645666_15198bd9bb	10.3389/fimmu.2021.645666	Single-Cell RNA Sequencing of Peripheral Blood Reveals Immune Cell Signatures in Alzheimer's Disease.	1	data/hca/manuscripts/0345_10.3389_fimmu.2021.645666_15198bd9bb/metadata.json	data/hca/manuscripts/0345_10.3389_fimmu.2021.645666_15198bd9bb/resolution.json	data/hca/manuscripts/0345_10.3389_fimmu.2021.645666_15198bd9bb/manuscript.md		data/hca/manuscripts/0345_10.3389_fimmu.2021.645666_15198bd9bb/manuscript.xml			
0346_10.34067_kid.0005522021_6c9059bd87	10.34067/kid.0005522021	Single-cell RNA sequencing of urinary cells reveals distinct cellular diversity in COVID-19-associated AKI	1	data/hca/manuscripts/0346_10.34067_kid.0005522021_6c9059bd87/metadata.json	data/hca/manuscripts/0346_10.34067_kid.0005522021_6c9059bd87/resolution.json	data/hca/manuscripts/0346_10.34067_kid.0005522021_6c9059bd87/manuscript.md	data/hca/manuscripts/0346_10.34067_kid.0005522021_6c9059bd87/manuscript.html				
0347_10.1186_s12943-021-01419-2_236ba26890	10.1186/s12943-021-01419-2	Single-cell RNA sequencing reveals markers of disease progression in primary cutaneous T-cell lymphoma	1	data/hca/manuscripts/0347_10.1186_s12943-021-01419-2_236ba26890/metadata.json	data/hca/manuscripts/0347_10.1186_s12943-021-01419-2_236ba26890/resolution.json	data/hca/manuscripts/0347_10.1186_s12943-021-01419-2_236ba26890/manuscript.md		data/hca/manuscripts/0347_10.1186_s12943-021-01419-2_236ba26890/manuscript.xml			
0348_10.1126_sciadv.aba1972_746bae0b3c	10.1126/sciadv.aba1972	Single-cell RNA-sequencing reveals profibrotic roles of distinct epithelial and mesenchymal lineages in pulmonary fibrosis	1	data/hca/manuscripts/0348_10.1126_sciadv.aba1972_746bae0b3c/metadata.json	data/hca/manuscripts/0348_10.1126_sciadv.aba1972_746bae0b3c/resolution.json	data/hca/manuscripts/0348_10.1126_sciadv.aba1972_746bae0b3c/manuscript.md		data/hca/manuscripts/0348_10.1126_sciadv.aba1972_746bae0b3c/manuscript.xml			
0349_10.1038_s41467-023-36296-4_67ae3c1e19	10.1038/s41467-023-36296-4	Single-cell RNA sequencing reveals the effects of chemotherapy on human pancreatic adenocarcinoma and its tumor microenvironment	1	data/hca/manuscripts/0349_10.1038_s41467-023-36296-4_67ae3c1e19/metadata.json	data/hca/manuscripts/0349_10.1038_s41467-023-36296-4_67ae3c1e19/resolution.json	data/hca/manuscripts/0349_10.1038_s41467-023-36296-4_67ae3c1e19/manuscript.md		data/hca/manuscripts/0349_10.1038_s41467-023-36296-4_67ae3c1e19/manuscript.xml			
0350_10.1038_s41421-020-0157-z_3083f6da26	10.1038/s41421-020-0157-z	Single-cell RNA sequencing reveals the heterogeneity of liver-resident immune cells in human.	1	data/hca/manuscripts/0350_10.1038_s41421-020-0157-z_3083f6da26/metadata.json	data/hca/manuscripts/0350_10.1038_s41421-020-0157-z_3083f6da26/resolution.json	data/hca/manuscripts/0350_10.1038_s41421-020-0157-z_3083f6da26/manuscript.md		data/hca/manuscripts/0350_10.1038_s41421-020-0157-z_3083f6da26/manuscript.xml			
0351_10.1038_s41422-018-0103-x_169d6c1666	10.1038/s41422-018-0103-x	Expansion and differentiation of human hepatocyte-derived liver progenitor-like cells and their use for the study of hepatotropic pathogens.	1	data/hca/manuscripts/0351_10.1038_s41422-018-0103-x_169d6c1666/metadata.json	data/hca/manuscripts/0351_10.1038_s41422-018-0103-x_169d6c1666/resolution.json	data/hca/manuscripts/0351_10.1038_s41422-018-0103-x_169d6c1666/manuscript.md		data/hca/manuscripts/0351_10.1038_s41422-018-0103-x_169d6c1666/manuscript.xml			
0352_10.1038_nature25980_27cde67bed	10.1038/nature25980	A single-cell RNA-seq survey of the developmental landscape of the human prefrontal cortex.	1	data/hca/manuscripts/0352_10.1038_nature25980_27cde67bed/metadata.json	data/hca/manuscripts/0352_10.1038_nature25980_27cde67bed/resolution.json	data/hca/manuscripts/0352_10.1038_nature25980_27cde67bed/manuscript.md	data/hca/manuscripts/0352_10.1038_nature25980_27cde67bed/manuscript.html				
0353_10.1016_j.neuron.2017.02.014_ebc3a9c467	10.1016/j.neuron.2017.02.014	Single-Cell Profiling of an In Vitro Model of Human Interneuron Development Reveals Temporal Dynamics of Cell Type Production and Maturation.	1	data/hca/manuscripts/0353_10.1016_j.neuron.2017.02.014_ebc3a9c467/metadata.json	data/hca/manuscripts/0353_10.1016_j.neuron.2017.02.014_ebc3a9c467/resolution.json	data/hca/manuscripts/0353_10.1016_j.neuron.2017.02.014_ebc3a9c467/manuscript.md	data/hca/manuscripts/0353_10.1016_j.neuron.2017.02.014_ebc3a9c467/manuscript.html				
0354_10.1172_jci128475_002a5124c6	10.1172/jci128475	Early adaptive immune activation detected in monozygotic twins with prodromal multiple sclerosis	1	data/hca/manuscripts/0354_10.1172_jci128475_002a5124c6/metadata.json	data/hca/manuscripts/0354_10.1172_jci128475_002a5124c6/resolution.json	data/hca/manuscripts/0354_10.1172_jci128475_002a5124c6/manuscript.md	data/hca/manuscripts/0354_10.1172_jci128475_002a5124c6/manuscript.html				
0355_10.3389_fgene.2021.745483_5f4326fce7	10.3389/fgene.2021.745483	Single-Cell RNA-Seq of Bone Marrow Cells in Aplastic Anemia	1	data/hca/manuscripts/0355_10.3389_fgene.2021.745483_5f4326fce7/metadata.json	data/hca/manuscripts/0355_10.3389_fgene.2021.745483_5f4326fce7/resolution.json	data/hca/manuscripts/0355_10.3389_fgene.2021.745483_5f4326fce7/manuscript.md		data/hca/manuscripts/0355_10.3389_fgene.2021.745483_5f4326fce7/manuscript.xml			
0356_10.3389_fcell.2020.00384_845548ef53	10.3389/fcell.2020.00384	Single-Cell RNA-Seq Analysis Uncovers Distinct Functional Human NKT Cell Sub-Populations in Peripheral Blood.	1	data/hca/manuscripts/0356_10.3389_fcell.2020.00384_845548ef53/metadata.json	data/hca/manuscripts/0356_10.3389_fcell.2020.00384_845548ef53/resolution.json	data/hca/manuscripts/0356_10.3389_fcell.2020.00384_845548ef53/manuscript.md		data/hca/manuscripts/0356_10.3389_fcell.2020.00384_845548ef53/manuscript.xml			
0357_10.1126_science.abf1970_a409ac73f2	10.1126/science.abf1970	Single-cell RNA-seq reveals cell type–specific molecular and genetic associations to lupus	1	data/hca/manuscripts/0357_10.1126_science.abf1970_a409ac73f2/metadata.json	data/hca/manuscripts/0357_10.1126_science.abf1970_a409ac73f2/resolution.json	data/hca/manuscripts/0357_10.1126_science.abf1970_a409ac73f2/manuscript.md	data/hca/manuscripts/0357_10.1126_science.abf1970_a409ac73f2/manuscript.html				
0358_10.1126_sciadv.aba1983_17b603cdcb	10.1126/sciadv.aba1983	Single Cell RNA-seq reveals ectopic and aberrant lung resident cell populations in Idiopathic Pulmonary Fibrosis	1	data/hca/manuscripts/0358_10.1126_sciadv.aba1983_17b603cdcb/metadata.json	data/hca/manuscripts/0358_10.1126_sciadv.aba1983_17b603cdcb/resolution.json	data/hca/manuscripts/0358_10.1126_sciadv.aba1983_17b603cdcb/manuscript.md		data/hca/manuscripts/0358_10.1126_sciadv.aba1983_17b603cdcb/manuscript.xml			
0359_10.1101_759902_400af2c5fc	10.1101/759902	Single Cell RNA-seq reveals ectopic and aberrant lung resident cell populations in Idiopathic Pulmonary Fibrosis	1	data/hca/manuscripts/0359_10.1101_759902_400af2c5fc/metadata.json	data/hca/manuscripts/0359_10.1101_759902_400af2c5fc/resolution.json	data/hca/manuscripts/0359_10.1101_759902_400af2c5fc/manuscript.md		data/hca/manuscripts/0359_10.1101_759902_400af2c5fc/manuscript.xml			data/hca/manuscripts/0359_10.1101_759902_400af2c5fc/biorxiv_metadata.json
0360_10.1084_jem.20161135_0465d3ea50	10.1084/jem.20161135	Human dendritic cells (DCs) are derived from distinct circulating precursors that are precommitted to become CD1c+ or CD141+ DCs	1	data/hca/manuscripts/0360_10.1084_jem.20161135_0465d3ea50/metadata.json	data/hca/manuscripts/0360_10.1084_jem.20161135_0465d3ea50/resolution.json	data/hca/manuscripts/0360_10.1084_jem.20161135_0465d3ea50/manuscript.md		data/hca/manuscripts/0360_10.1084_jem.20161135_0465d3ea50/manuscript.xml			
0361_10.1016_j.gpb.2020.11.002_84c7c58535	10.1016/j.gpb.2020.11.002	Single-cell Immune Landscape of Human Recurrent Miscarriage	1	data/hca/manuscripts/0361_10.1016_j.gpb.2020.11.002_84c7c58535/metadata.json	data/hca/manuscripts/0361_10.1016_j.gpb.2020.11.002_84c7c58535/resolution.json	data/hca/manuscripts/0361_10.1016_j.gpb.2020.11.002_84c7c58535/manuscript.md		data/hca/manuscripts/0361_10.1016_j.gpb.2020.11.002_84c7c58535/manuscript.xml			
0362_10.1038_s41591-019-0733-7_d499f1b21b	10.1038/s41591-019-0733-7	Targeted therapy guided by single-cell transcriptomic analysis in drug-induced hypersensitivity syndrome: a case report	1	data/hca/manuscripts/0362_10.1038_s41591-019-0733-7_d499f1b21b/metadata.json	data/hca/manuscripts/0362_10.1038_s41591-019-0733-7_d499f1b21b/resolution.json	data/hca/manuscripts/0362_10.1038_s41591-019-0733-7_d499f1b21b/manuscript.md	data/hca/manuscripts/0362_10.1038_s41591-019-0733-7_d499f1b21b/manuscript.html				
0363_10.1016_j.omtn.2021.03.017_8083e53d24	10.1016/j.omtn.2021.03.017	Single-cell transcriptomics reveals the landscape of intra-tumoral heterogeneity and transcriptional activities of ECs in CC	1	data/hca/manuscripts/0363_10.1016_j.omtn.2021.03.017_8083e53d24/metadata.json	data/hca/manuscripts/0363_10.1016_j.omtn.2021.03.017_8083e53d24/resolution.json	data/hca/manuscripts/0363_10.1016_j.omtn.2021.03.017_8083e53d24/manuscript.md		data/hca/manuscripts/0363_10.1016_j.omtn.2021.03.017_8083e53d24/manuscript.xml			
0364_10.1161_circulationaha.120.046528_00aa2deb4c	10.1161/circulationaha.120.046528	Single-Cell Transcriptome Analysis Reveals Dynamic Cell Populations and Differential Gene Expression Patterns in Control and Aneurysmal Human Aortic Tissue.	1	data/hca/manuscripts/0364_10.1161_circulationaha.120.046528_00aa2deb4c/metadata.json	data/hca/manuscripts/0364_10.1161_circulationaha.120.046528_00aa2deb4c/resolution.json	data/hca/manuscripts/0364_10.1161_circulationaha.120.046528_00aa2deb4c/manuscript.md	data/hca/manuscripts/0364_10.1161_circulationaha.120.046528_00aa2deb4c/manuscript.html				
0365_10.3389_fendo.2022.874915_81de77d539	10.3389/fendo.2022.874915	Single-Cell RNA Sequencing of Human Corpus Cavernosum Reveals Cellular Heterogeneity Landscapes in Erectile Dysfunction	1	data/hca/manuscripts/0365_10.3389_fendo.2022.874915_81de77d539/metadata.json	data/hca/manuscripts/0365_10.3389_fendo.2022.874915_81de77d539/resolution.json	data/hca/manuscripts/0365_10.3389_fendo.2022.874915_81de77d539/manuscript.md		data/hca/manuscripts/0365_10.3389_fendo.2022.874915_81de77d539/manuscript.xml			
0366_10.1038_s41467-021-22164-6_097f05776f	10.1038/s41467-021-22164-6	Single-cell analyses of Crohn's disease tissues reveal intestinal intraepithelial T cells heterogeneity and altered subset distributions.	1	data/hca/manuscripts/0366_10.1038_s41467-021-22164-6_097f05776f/metadata.json	data/hca/manuscripts/0366_10.1038_s41467-021-22164-6_097f05776f/resolution.json	data/hca/manuscripts/0366_10.1038_s41467-021-22164-6_097f05776f/manuscript.md		data/hca/manuscripts/0366_10.1038_s41467-021-22164-6_097f05776f/manuscript.xml			
0367_10.1073_pnas.2103240118_fda266512b	10.1073/pnas.2103240118	Single-cell analyses of renal cell cancers reveal insights into tumor microenvironment, cell of origin, and therapy response.	1	data/hca/manuscripts/0367_10.1073_pnas.2103240118_fda266512b/metadata.json	data/hca/manuscripts/0367_10.1073_pnas.2103240118_fda266512b/resolution.json	data/hca/manuscripts/0367_10.1073_pnas.2103240118_fda266512b/manuscript.md		data/hca/manuscripts/0367_10.1073_pnas.2103240118_fda266512b/manuscript.xml			
0368_10.1016_j.cell.2019.08.008_98c14c4ebe	10.1016/j.cell.2019.08.008	Single-Cell Analysis of Crohn's Disease Lesions Identifies a Pathogenic Cellular Module Associated with Resistance to Anti-TNF Therapy	1	data/hca/manuscripts/0368_10.1016_j.cell.2019.08.008_98c14c4ebe/metadata.json	data/hca/manuscripts/0368_10.1016_j.cell.2019.08.008_98c14c4ebe/resolution.json	data/hca/manuscripts/0368_10.1016_j.cell.2019.08.008_98c14c4ebe/manuscript.md	data/hca/manuscripts/0368_10.1016_j.cell.2019.08.008_98c14c4ebe/manuscript.html				
0369_10.1038_s41598-020-64929-x_0cb78e8038	10.1038/s41598-020-64929-x	Single-cell analysis of childhood leukemia reveals a link between developmental states and ribosomal protein expression as a source of intra-individual heterogeneity	1	data/hca/manuscripts/0369_10.1038_s41598-020-64929-x_0cb78e8038/metadata.json	data/hca/manuscripts/0369_10.1038_s41598-020-64929-x_0cb78e8038/resolution.json	data/hca/manuscripts/0369_10.1038_s41598-020-64929-x_0cb78e8038/manuscript.md		data/hca/manuscripts/0369_10.1038_s41598-020-64929-x_0cb78e8038/manuscript.xml			
0370_10.1038_s41698-022-00251-1_1483c4b104	10.1038/s41698-022-00251-1	Single-cell analysis of gastric pre-cancerous and cancer lesions reveals cell lineage diversity and intratumoral heterogeneity	1	data/hca/manuscripts/0370_10.1038_s41698-022-00251-1_1483c4b104/metadata.json	data/hca/manuscripts/0370_10.1038_s41698-022-00251-1_1483c4b104/resolution.json	data/hca/manuscripts/0370_10.1038_s41698-022-00251-1_1483c4b104/manuscript.md		data/hca/manuscripts/0370_10.1038_s41698-022-00251-1_1483c4b104/manuscript.xml			
0371_10.1126_sciimmunol.abe6291_3dc59d07d7	10.1126/sciimmunol.abe6291	Single-cell analysis of human B cell maturation predicts how antibody class switching shapes selection dynamics.	1	data/hca/manuscripts/0371_10.1126_sciimmunol.abe6291_3dc59d07d7/metadata.json	data/hca/manuscripts/0371_10.1126_sciimmunol.abe6291_3dc59d07d7/resolution.json						
0372_10.1016_j.ccell.2021.10.009_d6ab4790aa	10.1016/j.ccell.2021.10.009	Single-cell analysis of human non-small cell lung cancer lesions refines tumor classification and patient stratification.	1	data/hca/manuscripts/0372_10.1016_j.ccell.2021.10.009_d6ab4790aa/metadata.json	data/hca/manuscripts/0372_10.1016_j.ccell.2021.10.009_d6ab4790aa/resolution.json	data/hca/manuscripts/0372_10.1016_j.ccell.2021.10.009_d6ab4790aa/manuscript.md	data/hca/manuscripts/0372_10.1016_j.ccell.2021.10.009_d6ab4790aa/manuscript.html				
0373_10.1038_s41592-018-0253-2_ae3c4efc48	10.1038/s41592-018-0253-2	Evaluation of variability in human kidney organoids	1	data/hca/manuscripts/0373_10.1038_s41592-018-0253-2_ae3c4efc48/metadata.json	data/hca/manuscripts/0373_10.1038_s41592-018-0253-2_ae3c4efc48/resolution.json	data/hca/manuscripts/0373_10.1038_s41592-018-0253-2_ae3c4efc48/manuscript.md	data/hca/manuscripts/0373_10.1038_s41592-018-0253-2_ae3c4efc48/manuscript.html				
0374_10.1136_annrheumdis-2018-214865_9f6cd4034f	10.1136/annrheumdis-2018-214865	Single-cell analysis reveals fibroblast heterogeneity and myofibroblasts in systemic sclerosis-associated interstitial lung disease	1	data/hca/manuscripts/0374_10.1136_annrheumdis-2018-214865_9f6cd4034f/metadata.json	data/hca/manuscripts/0374_10.1136_annrheumdis-2018-214865_9f6cd4034f/resolution.json	data/hca/manuscripts/0374_10.1136_annrheumdis-2018-214865_9f6cd4034f/manuscript.md	data/hca/manuscripts/0374_10.1136_annrheumdis-2018-214865_9f6cd4034f/manuscript.html				
0375_10.1016_j.jaci.2021.07.025_bdc966c89b	10.1016/j.jaci.2021.07.025	Single-cell analysis reveals innate lymphoid cell lineage infidelity in atopic dermatitis.	1	data/hca/manuscripts/0375_10.1016_j.jaci.2021.07.025_bdc966c89b/metadata.json	data/hca/manuscripts/0375_10.1016_j.jaci.2021.07.025_bdc966c89b/resolution.json	data/hca/manuscripts/0375_10.1016_j.jaci.2021.07.025_bdc966c89b/manuscript.md		data/hca/manuscripts/0375_10.1016_j.jaci.2021.07.025_bdc966c89b/manuscript.xml			
0376_10.1038_s41590-017-0001-2_5fb0775c07	10.1038/s41590-017-0001-2	Single-cell analysis reveals the continuum of human lympho-myeloid progenitor cells	1	data/hca/manuscripts/0376_10.1038_s41590-017-0001-2_5fb0775c07/metadata.json	data/hca/manuscripts/0376_10.1038_s41590-017-0001-2_5fb0775c07/resolution.json	data/hca/manuscripts/0376_10.1038_s41590-017-0001-2_5fb0775c07/manuscript.md		data/hca/manuscripts/0376_10.1038_s41590-017-0001-2_5fb0775c07/manuscript.xml			
0377_10.7554_elife.64875_32e53ae733	10.7554/elife.64875	Single-cell and single-nucleus RNA-seq uncovers shared and distinct axes of variation in dorsal LGN neurons in mice, non-human primates, and humans.	1	data/hca/manuscripts/0377_10.7554_elife.64875_32e53ae733/metadata.json	data/hca/manuscripts/0377_10.7554_elife.64875_32e53ae733/resolution.json	data/hca/manuscripts/0377_10.7554_elife.64875_32e53ae733/manuscript.md		data/hca/manuscripts/0377_10.7554_elife.64875_32e53ae733/manuscript.xml			
0378_10.1101_2022.06.17.496207_92cb140ff3	10.1101/2022.06.17.496207	Single-cell atlas of bronchoalveolar lavage from preschool cystic fibrosis reveals new cell phenotypes	1	data/hca/manuscripts/0378_10.1101_2022.06.17.496207_92cb140ff3/metadata.json	data/hca/manuscripts/0378_10.1101_2022.06.17.496207_92cb140ff3/resolution.json	data/hca/manuscripts/0378_10.1101_2022.06.17.496207_92cb140ff3/manuscript.md		data/hca/manuscripts/0378_10.1101_2022.06.17.496207_92cb140ff3/manuscript.xml			data/hca/manuscripts/0378_10.1101_2022.06.17.496207_92cb140ff3/biorxiv_metadata.json
0379_10.1038_s41698-022-00300-9_7bb9a273c6	10.1038/s41698-022-00300-9	Single-cell atlas of diverse immune populations in the advanced biliary tract cancer microenvironment	1	data/hca/manuscripts/0379_10.1038_s41698-022-00300-9_7bb9a273c6/metadata.json	data/hca/manuscripts/0379_10.1038_s41698-022-00300-9_7bb9a273c6/resolution.json	data/hca/manuscripts/0379_10.1038_s41698-022-00300-9_7bb9a273c6/manuscript.md		data/hca/manuscripts/0379_10.1038_s41698-022-00300-9_7bb9a273c6/manuscript.xml			
0380_10.1038_s41593-020-00794-1_0ecbc1eb47	10.1038/s41593-020-00794-1	Single-cell atlas of early human brain development highlights heterogeneity of human neuroepithelial cells and early radial glia.	1	data/hca/manuscripts/0380_10.1038_s41593-020-00794-1_0ecbc1eb47/metadata.json	data/hca/manuscripts/0380_10.1038_s41593-020-00794-1_0ecbc1eb47/resolution.json	data/hca/manuscripts/0380_10.1038_s41593-020-00794-1_0ecbc1eb47/manuscript.md		data/hca/manuscripts/0380_10.1038_s41593-020-00794-1_0ecbc1eb47/manuscript.xml			
0381_10.1016_j.immuni.2023.10.013_2f204071dc	10.1016/j.immuni.2023.10.013	Single-cell atlas of healthy human blood unveils age-related loss of NKG2C+GZMB-CD8+ memory T cells and accumulation of type 2 memory T cells	1	data/hca/manuscripts/0381_10.1016_j.immuni.2023.10.013_2f204071dc/metadata.json	data/hca/manuscripts/0381_10.1016_j.immuni.2023.10.013_2f204071dc/resolution.json		data/hca/manuscripts/0381_10.1016_j.immuni.2023.10.013_2f204071dc/manuscript.html	data/hca/manuscripts/0381_10.1016_j.immuni.2023.10.013_2f204071dc/manuscript.xml			
0382_10.1371_journal.pbio.3002124_f92c982127	10.1371/journal.pbio.3002124	Single-cell atlas of the human neonatal small intestine affected by necrotizing enterocolitis	1	data/hca/manuscripts/0382_10.1371_journal.pbio.3002124_f92c982127/metadata.json	data/hca/manuscripts/0382_10.1371_journal.pbio.3002124_f92c982127/resolution.json	data/hca/manuscripts/0382_10.1371_journal.pbio.3002124_f92c982127/manuscript.md		data/hca/manuscripts/0382_10.1371_journal.pbio.3002124_f92c982127/manuscript.xml			
0383_10.1126_sciadv.aaw3851_fd6802ffee	10.1126/sciadv.aaw3851	Single-cell connectomic analysis of adult mammalian lungs	1	data/hca/manuscripts/0383_10.1126_sciadv.aaw3851_fd6802ffee/metadata.json	data/hca/manuscripts/0383_10.1126_sciadv.aaw3851_fd6802ffee/resolution.json	data/hca/manuscripts/0383_10.1126_sciadv.aaw3851_fd6802ffee/manuscript.md		data/hca/manuscripts/0383_10.1126_sciadv.aaw3851_fd6802ffee/manuscript.xml			
0384_10.1038_s41422-021-00529-2_d6c8237ebe	10.1038/s41422-021-00529-2	Delineating spatiotemporal and hierarchical development of human fetal innate lymphoid cells	1	data/hca/manuscripts/0384_10.1038_s41422-021-00529-2_d6c8237ebe/metadata.json	data/hca/manuscripts/0384_10.1038_s41422-021-00529-2_d6c8237ebe/resolution.json	data/hca/manuscripts/0384_10.1038_s41422-021-00529-2_d6c8237ebe/manuscript.md		data/hca/manuscripts/0384_10.1038_s41422-021-00529-2_d6c8237ebe/manuscript.xml			
0385_10.1038_s41586-022-04521-7_37f1f319e2	10.1038/s41586-022-04521-7	Single-cell dissection of the human brain vasculature	1	data/hca/manuscripts/0385_10.1038_s41586-022-04521-7_37f1f319e2/metadata.json	data/hca/manuscripts/0385_10.1038_s41586-022-04521-7_37f1f319e2/resolution.json	data/hca/manuscripts/0385_10.1038_s41586-022-04521-7_37f1f319e2/manuscript.md	data/hca/manuscripts/0385_10.1038_s41586-022-04521-7_37f1f319e2/manuscript.html				
0386_10.1126_science.abf3041_88d4b3ec69	10.1126/science.abf3041	Single-cell eQTL mapping identifies cell type-specific genetic control of autoimmune disease.	1	data/hca/manuscripts/0386_10.1126_science.abf3041_88d4b3ec69/metadata.json	data/hca/manuscripts/0386_10.1126_science.abf3041_88d4b3ec69/resolution.json						
0387_10.1038_s41593-022-01061-1_5c1bbb5824	10.1038/s41593-022-01061-1	Single-cell genomic profiling of human dopamine neurons identifies a population that selectively degenerates in Parkinson's disease.	1	data/hca/manuscripts/0387_10.1038_s41593-022-01061-1_5c1bbb5824/metadata.json	data/hca/manuscripts/0387_10.1038_s41593-022-01061-1_5c1bbb5824/resolution.json	data/hca/manuscripts/0387_10.1038_s41593-022-01061-1_5c1bbb5824/manuscript.md		data/hca/manuscripts/0387_10.1038_s41593-022-01061-1_5c1bbb5824/manuscript.xml			
0388_10.1038_s41467-023-40505-5_535df8ab2d	10.1038/s41467-023-40505-5	Single-cell genomics improves the discovery of risk variants and genes of atrial fibrillation.	2	data/hca/manuscripts/0388_10.1038_s41467-023-40505-5_535df8ab2d/metadata.json	data/hca/manuscripts/0388_10.1038_s41467-023-40505-5_535df8ab2d/resolution.json	data/hca/manuscripts/0388_10.1038_s41467-023-40505-5_535df8ab2d/manuscript.md		data/hca/manuscripts/0388_10.1038_s41467-023-40505-5_535df8ab2d/manuscript.xml			
0389_10.1038_s41591-024-02807-z_9d82b71a18	10.1038/s41591-024-02807-z	Single-cell guided prenatal derivation of primary fetal epithelial organoids from human amniotic and tracheal fluids	1	data/hca/manuscripts/0389_10.1038_s41591-024-02807-z_9d82b71a18/metadata.json	data/hca/manuscripts/0389_10.1038_s41591-024-02807-z_9d82b71a18/resolution.json	data/hca/manuscripts/0389_10.1038_s41591-024-02807-z_9d82b71a18/manuscript.md		data/hca/manuscripts/0389_10.1038_s41591-024-02807-z_9d82b71a18/manuscript.xml			
0390_10.1038_s41591-020-0901-9_be86edb292	10.1038/s41591-020-0901-9	Single-cell landscape of bronchoalveolar immune cells in patients with COVID-19	1	data/hca/manuscripts/0390_10.1038_s41591-020-0901-9_be86edb292/metadata.json	data/hca/manuscripts/0390_10.1038_s41591-020-0901-9_be86edb292/resolution.json	data/hca/manuscripts/0390_10.1038_s41591-020-0901-9_be86edb292/manuscript.md	data/hca/manuscripts/0390_10.1038_s41591-020-0901-9_be86edb292/manuscript.html				
0391_10.1016_j.jhep.2024.02.017_7b3f3cdfdb	10.1016/j.jhep.2024.02.017	Single-cell landscape of functionally cured chronic hepatitis B patients reveals activation of innate and altered CD4-CTL-driven adaptive immunity.	1	data/hca/manuscripts/0391_10.1016_j.jhep.2024.02.017_7b3f3cdfdb/metadata.json	data/hca/manuscripts/0391_10.1016_j.jhep.2024.02.017_7b3f3cdfdb/resolution.json		data/hca/manuscripts/0391_10.1016_j.jhep.2024.02.017_7b3f3cdfdb/manuscript.html	data/hca/manuscripts/0391_10.1016_j.jhep.2024.02.017_7b3f3cdfdb/manuscript.xml			
0392_10.1038_s41591-020-01227-z_dba0e013f5	10.1038/s41591-020-01227-z	Single-cell meta-analysis of SARS-CoV-2 entry genes across tissues and demographics.	1	data/hca/manuscripts/0392_10.1038_s41591-020-01227-z_dba0e013f5/metadata.json	data/hca/manuscripts/0392_10.1038_s41591-020-01227-z_dba0e013f5/resolution.json	data/hca/manuscripts/0392_10.1038_s41591-020-01227-z_dba0e013f5/manuscript.md	data/hca/manuscripts/0392_10.1038_s41591-020-01227-z_dba0e013f5/manuscript.html				
0393_10.1038_s42255-022-00531-x_b92878970e	10.1038/s42255-022-00531-x	Single-cell multi-omics analysis of human pancreatic islets reveals novel cellular states in type 1 diabetes.	1	data/hca/manuscripts/0393_10.1038_s42255-022-00531-x_b92878970e/metadata.json	data/hca/manuscripts/0393_10.1038_s42255-022-00531-x_b92878970e/resolution.json	data/hca/manuscripts/0393_10.1038_s42255-022-00531-x_b92878970e/manuscript.md		data/hca/manuscripts/0393_10.1038_s42255-022-00531-x_b92878970e/manuscript.xml			
0394_10.1038_s41591-021-01329-2_7dcc6ae73c	10.1038/s41591-021-01329-2	Single-cell multi-omics analysis of the immune response in COVID-19	1	data/hca/manuscripts/0394_10.1038_s41591-021-01329-2_7dcc6ae73c/metadata.json	data/hca/manuscripts/0394_10.1038_s41591-021-01329-2_7dcc6ae73c/resolution.json	data/hca/manuscripts/0394_10.1038_s41591-021-01329-2_7dcc6ae73c/manuscript.md		data/hca/manuscripts/0394_10.1038_s41591-021-01329-2_7dcc6ae73c/manuscript.xml			
0395_10.1016_j.xgen.2022.100164_f07698cf8e	10.1016/j.xgen.2022.100164	Single-cell multiome of the human retina and deep learning nominate causal variants in complex eye diseases.	1	data/hca/manuscripts/0395_10.1016_j.xgen.2022.100164_f07698cf8e/metadata.json	data/hca/manuscripts/0395_10.1016_j.xgen.2022.100164_f07698cf8e/resolution.json	data/hca/manuscripts/0395_10.1016_j.xgen.2022.100164_f07698cf8e/manuscript.md		data/hca/manuscripts/0395_10.1016_j.xgen.2022.100164_f07698cf8e/manuscript.xml			
0396_10.7554_elife.62522_10df7c4591	10.7554/elife.62522	Single-cell multiomic profiling of human lungs reveals cell-type-specific and age-dynamic control of SARS-CoV2 host genes.	1	data/hca/manuscripts/0396_10.7554_elife.62522_10df7c4591/metadata.json	data/hca/manuscripts/0396_10.7554_elife.62522_10df7c4591/resolution.json	data/hca/manuscripts/0396_10.7554_elife.62522_10df7c4591/manuscript.md		data/hca/manuscripts/0396_10.7554_elife.62522_10df7c4591/manuscript.xml			
0397_10.1186_s13059-023-03111-8_05defe1911	10.1186/s13059-023-03111-8	Single-cell multiomics of the human retina reveals hierarchical transcription factor collaboration in mediating cell type-specific effects of genetic variants on gene regulation	1	data/hca/manuscripts/0397_10.1186_s13059-023-03111-8_05defe1911/metadata.json	data/hca/manuscripts/0397_10.1186_s13059-023-03111-8_05defe1911/resolution.json	data/hca/manuscripts/0397_10.1186_s13059-023-03111-8_05defe1911/manuscript.md		data/hca/manuscripts/0397_10.1186_s13059-023-03111-8_05defe1911/manuscript.xml			
0398_10.3389_fimmu.2022.1034159_e51dfc8bb5	10.3389/fimmu.2022.1034159	Single-cell multiomics revealed the dynamics of antigen presentation, immune response and T cell activation in the COVID-19 positive and recovered individuals	1	data/hca/manuscripts/0398_10.3389_fimmu.2022.1034159_e51dfc8bb5/metadata.json	data/hca/manuscripts/0398_10.3389_fimmu.2022.1034159_e51dfc8bb5/resolution.json	data/hca/manuscripts/0398_10.3389_fimmu.2022.1034159_e51dfc8bb5/manuscript.md		data/hca/manuscripts/0398_10.3389_fimmu.2022.1034159_e51dfc8bb5/manuscript.xml			
0399_10.1016_j.immuni.2019.08.008_d590b8282e	10.1016/j.immuni.2019.08.008	Single-cell omics reveal human mononuclear phagocyte heterogeneity and inflammatory DC in health and disease	1	data/hca/manuscripts/0399_10.1016_j.immuni.2019.08.008_d590b8282e/metadata.json	data/hca/manuscripts/0399_10.1016_j.immuni.2019.08.008_d590b8282e/resolution.json	data/hca/manuscripts/0399_10.1016_j.immuni.2019.08.008_d590b8282e/manuscript.md	data/hca/manuscripts/0399_10.1016_j.immuni.2019.08.008_d590b8282e/manuscript.html				
0400_10.1038_s41467-022-35297-z_0eab5d0ba9	10.1038/s41467-022-35297-z	Single-cell profiling of healthy human kidney reveals features of sex-based transcriptional programs and tissue-specific immunity.	1	data/hca/manuscripts/0400_10.1038_s41467-022-35297-z_0eab5d0ba9/metadata.json	data/hca/manuscripts/0400_10.1038_s41467-022-35297-z_0eab5d0ba9/resolution.json	data/hca/manuscripts/0400_10.1038_s41467-022-35297-z_0eab5d0ba9/manuscript.md		data/hca/manuscripts/0400_10.1038_s41467-022-35297-z_0eab5d0ba9/manuscript.xml			
0401_10.21203_rs.3.rs-151881_v1_d8e8733600	10.21203/rs.3.rs-151881/v1	Single-cell profiling of human subventricular zone progenitors identifies SFRP1 as a target for stimulating progenitor activation	1	data/hca/manuscripts/0401_10.21203_rs.3.rs-151881_v1_d8e8733600/metadata.json	data/hca/manuscripts/0401_10.21203_rs.3.rs-151881_v1_d8e8733600/resolution.json	data/hca/manuscripts/0401_10.21203_rs.3.rs-151881_v1_d8e8733600/manuscript.md	data/hca/manuscripts/0401_10.21203_rs.3.rs-151881_v1_d8e8733600/manuscript.html				
0402_10.1016_j.cell.2021.04.038_26e3dc6d2f	10.1016/j.cell.2021.04.038	Single-cell protein activity analysis identifies recurrence-associated renal tumor macrophages.	1	data/hca/manuscripts/0402_10.1016_j.cell.2021.04.038_26e3dc6d2f/metadata.json	data/hca/manuscripts/0402_10.1016_j.cell.2021.04.038_26e3dc6d2f/resolution.json	data/hca/manuscripts/0402_10.1016_j.cell.2021.04.038_26e3dc6d2f/manuscript.md	data/hca/manuscripts/0402_10.1016_j.cell.2021.04.038_26e3dc6d2f/manuscript.html				
0403_10.1038_s41467-019-11036-9_eff650140f	10.1038/s41467-019-11036-9	Single-cell reconstruction of follicular remodeling in the human adult ovary	1	data/hca/manuscripts/0403_10.1038_s41467-019-11036-9_eff650140f/metadata.json	data/hca/manuscripts/0403_10.1038_s41467-019-11036-9_eff650140f/resolution.json	data/hca/manuscripts/0403_10.1038_s41467-019-11036-9_eff650140f/manuscript.md		data/hca/manuscripts/0403_10.1038_s41467-019-11036-9_eff650140f/manuscript.xml			
0404_10.1038_s41586-022-04918-4_6a15fd8ba2	10.1038/s41586-022-04918-4	Single-cell roadmap of human gonadal development	1	data/hca/manuscripts/0404_10.1038_s41586-022-04918-4_6a15fd8ba2/metadata.json	data/hca/manuscripts/0404_10.1038_s41586-022-04918-4_6a15fd8ba2/resolution.json	data/hca/manuscripts/0404_10.1038_s41586-022-04918-4_6a15fd8ba2/manuscript.md		data/hca/manuscripts/0404_10.1038_s41586-022-04918-4_6a15fd8ba2/manuscript.xml			
0405_10.1016_j.ccell.2021.03.007_50f32173d6	10.1016/j.ccell.2021.03.007	Single-cell sequencing links multiregional immune landscapes and tissue-resident T cells in ccRCC to tumor topology and therapy efficacy.	1	data/hca/manuscripts/0405_10.1016_j.ccell.2021.03.007_50f32173d6/metadata.json	data/hca/manuscripts/0405_10.1016_j.ccell.2021.03.007_50f32173d6/resolution.json	data/hca/manuscripts/0405_10.1016_j.ccell.2021.03.007_50f32173d6/manuscript.md	data/hca/manuscripts/0405_10.1016_j.ccell.2021.03.007_50f32173d6/manuscript.html				
0406_10.1093_brain_awab446_1c9ee67691	10.1093/brain/awab446	Single-cell sequencing of human midbrain reveals glial activation and a Parkinson-specific neuronal state.	1	data/hca/manuscripts/0406_10.1093_brain_awab446_1c9ee67691/metadata.json	data/hca/manuscripts/0406_10.1093_brain_awab446_1c9ee67691/resolution.json	data/hca/manuscripts/0406_10.1093_brain_awab446_1c9ee67691/manuscript.md		data/hca/manuscripts/0406_10.1093_brain_awab446_1c9ee67691/manuscript.xml			
0407_10.1093_humrep_deac183_7b0f560d74	10.1093/humrep/deac183	Single-cell sequencing reveals novel cellular heterogeneity in uterine leiomyomas.	1	data/hca/manuscripts/0407_10.1093_humrep_deac183_7b0f560d74/metadata.json	data/hca/manuscripts/0407_10.1093_humrep_deac183_7b0f560d74/resolution.json	data/hca/manuscripts/0407_10.1093_humrep_deac183_7b0f560d74/manuscript.md	data/hca/manuscripts/0407_10.1093_humrep_deac183_7b0f560d74/manuscript.html				
0408_10.1101_2021.04.05.438347_e17dfd8c36	10.1101/2021.04.05.438347	Single-cell sequencing unveils distinct immune microenvironment with CCR6-CCL20 crosstalk in human chronic pancreatitis	1	data/hca/manuscripts/0408_10.1101_2021.04.05.438347_e17dfd8c36/metadata.json	data/hca/manuscripts/0408_10.1101_2021.04.05.438347_e17dfd8c36/resolution.json	data/hca/manuscripts/0408_10.1101_2021.04.05.438347_e17dfd8c36/manuscript.md		data/hca/manuscripts/0408_10.1101_2021.04.05.438347_e17dfd8c36/manuscript.xml		data/hca/manuscripts/0408_10.1101_2021.04.05.438347_e17dfd8c36/manuscript.pdf	data/hca/manuscripts/0408_10.1101_2021.04.05.438347_e17dfd8c36/biorxiv_metadata.json
0409_10.1136_gutjnl-2021-324546_a227082482	10.1136/gutjnl-2021-324546	Single-cell sequencing unveils distinct immune microenvironments with CCR6-CCL20 crosstalk in human chronic pancreatitis	1	data/hca/manuscripts/0409_10.1136_gutjnl-2021-324546_a227082482/metadata.json	data/hca/manuscripts/0409_10.1136_gutjnl-2021-324546_a227082482/resolution.json	data/hca/manuscripts/0409_10.1136_gutjnl-2021-324546_a227082482/manuscript.md		data/hca/manuscripts/0409_10.1136_gutjnl-2021-324546_a227082482/manuscript.xml			
0410_10.3389_fcell.2021.820274_b0973e038f	10.3389/fcell.2021.820274	Single-Cell Sequencing Unveils the Heterogeneity of Nonimmune Cells in Chronic Apical Periodontitis.	1	data/hca/manuscripts/0410_10.3389_fcell.2021.820274_b0973e038f/metadata.json	data/hca/manuscripts/0410_10.3389_fcell.2021.820274_b0973e038f/resolution.json	data/hca/manuscripts/0410_10.3389_fcell.2021.820274_b0973e038f/manuscript.md		data/hca/manuscripts/0410_10.3389_fcell.2021.820274_b0973e038f/manuscript.xml			
0411_10.1016_j.immuni.2019.06.027_4a3b9ca5c7	10.1016/j.immuni.2019.06.027	Single-Cell Survey of Human Lymphatics Unveils Marked Endothelial Cell Heterogeneity and Mechanisms of Homing for Neutrophils	1	data/hca/manuscripts/0411_10.1016_j.immuni.2019.06.027_4a3b9ca5c7/metadata.json	data/hca/manuscripts/0411_10.1016_j.immuni.2019.06.027_4a3b9ca5c7/resolution.json	data/hca/manuscripts/0411_10.1016_j.immuni.2019.06.027_4a3b9ca5c7/manuscript.md	data/hca/manuscripts/0411_10.1016_j.immuni.2019.06.027_4a3b9ca5c7/manuscript.html				
0412_10.1038_s41598-019-57110-6_5feef6086a	10.1038/s41598-019-57110-6	Single-cell transcriptional profiles in human skeletal muscle.	1	data/hca/manuscripts/0412_10.1038_s41598-019-57110-6_5feef6086a/metadata.json	data/hca/manuscripts/0412_10.1038_s41598-019-57110-6_5feef6086a/resolution.json	data/hca/manuscripts/0412_10.1038_s41598-019-57110-6_5feef6086a/manuscript.md		data/hca/manuscripts/0412_10.1038_s41598-019-57110-6_5feef6086a/manuscript.xml			
0413_10.1016_j.celrep.2021.109524_894f3930a6	10.1016/j.celrep.2021.109524	Single-cell transcriptome analysis reveals the dynamics of human immune cells during early fetal skin development.	1	data/hca/manuscripts/0413_10.1016_j.celrep.2021.109524_894f3930a6/metadata.json	data/hca/manuscripts/0413_10.1016_j.celrep.2021.109524_894f3930a6/resolution.json	data/hca/manuscripts/0413_10.1016_j.celrep.2021.109524_894f3930a6/manuscript.md	data/hca/manuscripts/0413_10.1016_j.celrep.2021.109524_894f3930a6/manuscript.html				
0414_10.1186_s13059-020-02210-0_30c1533a3e	10.1186/s13059-020-02210-0	Single-cell transcriptome profiling of an adult human cell atlas of 15 major organs.	1	data/hca/manuscripts/0414_10.1186_s13059-020-02210-0_30c1533a3e/metadata.json	data/hca/manuscripts/0414_10.1186_s13059-020-02210-0_30c1533a3e/resolution.json	data/hca/manuscripts/0414_10.1186_s13059-020-02210-0_30c1533a3e/manuscript.md		data/hca/manuscripts/0414_10.1186_s13059-020-02210-0_30c1533a3e/manuscript.xml			
0415_10.1038_s41467-020-20358-y_582bbd075a	10.1038/s41467-020-20358-y	Single-cell transcriptome profiling of the vaginal wall in women with severe anterior vaginal prolapse.	1	data/hca/manuscripts/0415_10.1038_s41467-020-20358-y_582bbd075a/metadata.json	data/hca/manuscripts/0415_10.1038_s41467-020-20358-y_582bbd075a/resolution.json	data/hca/manuscripts/0415_10.1038_s41467-020-20358-y_582bbd075a/manuscript.md		data/hca/manuscripts/0415_10.1038_s41467-020-20358-y_582bbd075a/manuscript.xml			
0416_10.1126_science.aat1699_46d73cdfcb	10.1126/science.aat1699	Single-cell transcriptomes from human kidneys reveal the cellular identity of renal tumors.	1	data/hca/manuscripts/0416_10.1126_science.aat1699_46d73cdfcb/metadata.json	data/hca/manuscripts/0416_10.1126_science.aat1699_46d73cdfcb/resolution.json	data/hca/manuscripts/0416_10.1126_science.aat1699_46d73cdfcb/manuscript.md	data/hca/manuscripts/0416_10.1126_science.aat1699_46d73cdfcb/manuscript.html				
0417_10.1101_gr.212720.116_ba8d2583ab	10.1101/gr.212720.116	Single-cell transcriptomes identify human islet cell signatures and reveal cell-type–specific expression changes in type 2 diabetes	1	data/hca/manuscripts/0417_10.1101_gr.212720.116_ba8d2583ab/metadata.json	data/hca/manuscripts/0417_10.1101_gr.212720.116_ba8d2583ab/resolution.json	data/hca/manuscripts/0417_10.1101_gr.212720.116_ba8d2583ab/manuscript.md		data/hca/manuscripts/0417_10.1101_gr.212720.116_ba8d2583ab/manuscript.xml			
0418_10.1038_s42003-020-0922-4_8904851286	10.1038/s42003-020-0922-4	Single-cell transcriptomes of the human skin reveal age-related loss of fibroblast priming.	1	data/hca/manuscripts/0418_10.1038_s42003-020-0922-4_8904851286/metadata.json	data/hca/manuscripts/0418_10.1038_s42003-020-0922-4_8904851286/resolution.json	data/hca/manuscripts/0418_10.1038_s42003-020-0922-4_8904851286/manuscript.md		data/hca/manuscripts/0418_10.1038_s42003-020-0922-4_8904851286/manuscript.xml			
0419_10.1038_s41588-021-00806-1_d66603cd99	10.1038/s41588-021-00806-1	Single-cell transcriptomic analyses provide insights into the developmental origins of neuroblastoma.	1	data/hca/manuscripts/0419_10.1038_s41588-021-00806-1_d66603cd99/metadata.json	data/hca/manuscripts/0419_10.1038_s41588-021-00806-1_d66603cd99/resolution.json	data/hca/manuscripts/0419_10.1038_s41588-021-00806-1_d66603cd99/manuscript.md	data/hca/manuscripts/0419_10.1038_s41588-021-00806-1_d66603cd99/manuscript.html				
0420_10.1111_cas.15979_052ebae233	10.1111/cas.15979	Single-cell transcriptomic analysis of gingivo-buccal oral cancer reveals two dominant cellular programs.	1	data/hca/manuscripts/0420_10.1111_cas.15979_052ebae233/metadata.json	data/hca/manuscripts/0420_10.1111_cas.15979_052ebae233/resolution.json	data/hca/manuscripts/0420_10.1111_cas.15979_052ebae233/manuscript.md		data/hca/manuscripts/0420_10.1111_cas.15979_052ebae233/manuscript.xml			
0421_10.1101_2022.02.14.480397_c10e165496	10.1101/2022.02.14.480397	Single-cell transcriptomic and proteomic analysis of Parkinson’s disease Brains	1	data/hca/manuscripts/0421_10.1101_2022.02.14.480397_c10e165496/metadata.json	data/hca/manuscripts/0421_10.1101_2022.02.14.480397_c10e165496/resolution.json	data/hca/manuscripts/0421_10.1101_2022.02.14.480397_c10e165496/manuscript.md		data/hca/manuscripts/0421_10.1101_2022.02.14.480397_c10e165496/manuscript.xml			data/hca/manuscripts/0421_10.1101_2022.02.14.480397_c10e165496/biorxiv_metadata.json
0422_10.1038_s41591-020-1040-z_d966e12866	10.1038/s41591-020-1040-z	Single-cell transcriptomic atlas of the human endometrium during the menstrual cycle.	1	data/hca/manuscripts/0422_10.1038_s41591-020-1040-z_d966e12866/metadata.json	data/hca/manuscripts/0422_10.1038_s41591-020-1040-z_d966e12866/resolution.json	data/hca/manuscripts/0422_10.1038_s41591-020-1040-z_d966e12866/manuscript.md	data/hca/manuscripts/0422_10.1038_s41591-020-1040-z_d966e12866/manuscript.html				
0423_10.1038_s41467-019-12780-8_0da964452a	10.1038/s41467-019-12780-8	Single-cell transcriptomic atlas of the human retina identifies cell types associated with age-related macular degeneration.	1	data/hca/manuscripts/0423_10.1038_s41467-019-12780-8_0da964452a/metadata.json	data/hca/manuscripts/0423_10.1038_s41467-019-12780-8_0da964452a/resolution.json	data/hca/manuscripts/0423_10.1038_s41467-019-12780-8_0da964452a/manuscript.md		data/hca/manuscripts/0423_10.1038_s41467-019-12780-8_0da964452a/manuscript.xml			
0424_10.1016_j.jaci.2020.03.041_814783dafa	10.1016/j.jaci.2020.03.041	Single-cell transcriptomics combined with interstitial fluid proteomics defines cell type-specific immune regulation in atopic dermatitis.	1	data/hca/manuscripts/0424_10.1016_j.jaci.2020.03.041_814783dafa/metadata.json	data/hca/manuscripts/0424_10.1016_j.jaci.2020.03.041_814783dafa/resolution.json		data/hca/manuscripts/0424_10.1016_j.jaci.2020.03.041_814783dafa/manuscript.html	data/hca/manuscripts/0424_10.1016_j.jaci.2020.03.041_814783dafa/manuscript.xml			
0425_10.1038_s41598-017-05266-4_54c44ec7e0	10.1038/s41598-017-05266-4	Single-cell transcriptomics of East-Asian pancreatic islets cells.	1	data/hca/manuscripts/0425_10.1038_s41598-017-05266-4_54c44ec7e0/metadata.json	data/hca/manuscripts/0425_10.1038_s41598-017-05266-4_54c44ec7e0/resolution.json	data/hca/manuscripts/0425_10.1038_s41598-017-05266-4_54c44ec7e0/manuscript.md		data/hca/manuscripts/0425_10.1038_s41598-017-05266-4_54c44ec7e0/manuscript.xml			
0426_10.1038_s41467-019-12464-3_0f8440336d	10.1038/s41467-019-12464-3	Single-cell transcriptomics of human T cells reveals tissue and activation signatures in health and disease	1	data/hca/manuscripts/0426_10.1038_s41467-019-12464-3_0f8440336d/metadata.json	data/hca/manuscripts/0426_10.1038_s41467-019-12464-3_0f8440336d/resolution.json	data/hca/manuscripts/0426_10.1038_s41467-019-12464-3_0f8440336d/manuscript.md		data/hca/manuscripts/0426_10.1038_s41467-019-12464-3_0f8440336d/manuscript.xml			
0427_10.7150_ijbs.58886_44183be8e8	10.7150/ijbs.58886	Single-cell transcriptomics reveals heterogeneous progression and EGFR activation in pancreatic adenosquamous carcinoma.	1	data/hca/manuscripts/0427_10.7150_ijbs.58886_44183be8e8/metadata.json	data/hca/manuscripts/0427_10.7150_ijbs.58886_44183be8e8/resolution.json	data/hca/manuscripts/0427_10.7150_ijbs.58886_44183be8e8/manuscript.md		data/hca/manuscripts/0427_10.7150_ijbs.58886_44183be8e8/manuscript.xml			
0428_10.1073_pnas.1914143116_42027a0378	10.1073/pnas.1914143116	Single-cell transcriptomics of the human retinal pigment epithelium and choroid in health and macular degeneration	1	data/hca/manuscripts/0428_10.1073_pnas.1914143116_42027a0378/metadata.json	data/hca/manuscripts/0428_10.1073_pnas.1914143116_42027a0378/resolution.json	data/hca/manuscripts/0428_10.1073_pnas.1914143116_42027a0378/manuscript.md		data/hca/manuscripts/0428_10.1073_pnas.1914143116_42027a0378/manuscript.xml			
0429_10.1016_j.celrep.2022.110809_f4e00f96de	10.1016/j.celrep.2022.110809	Single-cell transcriptomics provides insights into hypertrophic cardiomyopathy	1	data/hca/manuscripts/0429_10.1016_j.celrep.2022.110809_f4e00f96de/metadata.json	data/hca/manuscripts/0429_10.1016_j.celrep.2022.110809_f4e00f96de/resolution.json		data/hca/manuscripts/0429_10.1016_j.celrep.2022.110809_f4e00f96de/manuscript.html	data/hca/manuscripts/0429_10.1016_j.celrep.2022.110809_f4e00f96de/manuscript.xml			
0430_10.1101_2021.07.06.451312_11ba989c20	10.1101/2021.07.06.451312	Single Cell Transcriptomics Reveals Cell Type Specific Diversification in Human Heart Failure	1	data/hca/manuscripts/0430_10.1101_2021.07.06.451312_11ba989c20/metadata.json	data/hca/manuscripts/0430_10.1101_2021.07.06.451312_11ba989c20/resolution.json	data/hca/manuscripts/0430_10.1101_2021.07.06.451312_11ba989c20/manuscript.md		data/hca/manuscripts/0430_10.1101_2021.07.06.451312_11ba989c20/manuscript.xml			data/hca/manuscripts/0430_10.1101_2021.07.06.451312_11ba989c20/biorxiv_metadata.json
0431_10.1038_s44161-022-00028-6_b4c8c1227f	10.1038/s44161-022-00028-6	Single-cell transcriptomics reveals cell-type-specific diversification in human heart failure	1	data/hca/manuscripts/0431_10.1038_s44161-022-00028-6_b4c8c1227f/metadata.json	data/hca/manuscripts/0431_10.1038_s44161-022-00028-6_b4c8c1227f/resolution.json	data/hca/manuscripts/0431_10.1038_s44161-022-00028-6_b4c8c1227f/manuscript.md		data/hca/manuscripts/0431_10.1038_s44161-022-00028-6_b4c8c1227f/manuscript.xml			
0432_10.1172_jci.insight.156341_02dc39adcf	10.1172/jci.insight.156341	Single-cell transcriptomics reveals distinct effector profiles of infiltrating T cells in lupus skin and kidney.	1	data/hca/manuscripts/0432_10.1172_jci.insight.156341_02dc39adcf/metadata.json	data/hca/manuscripts/0432_10.1172_jci.insight.156341_02dc39adcf/resolution.json	data/hca/manuscripts/0432_10.1172_jci.insight.156341_02dc39adcf/manuscript.md		data/hca/manuscripts/0432_10.1172_jci.insight.156341_02dc39adcf/manuscript.xml			
0433_10.15252_embr.201540946_1830154973	10.15252/embr.201540946	Single-cell transcriptomes reveal characteristic features of human pancreatic islet cell types.	1	data/hca/manuscripts/0433_10.15252_embr.201540946_1830154973/metadata.json	data/hca/manuscripts/0433_10.15252_embr.201540946_1830154973/resolution.json	data/hca/manuscripts/0433_10.15252_embr.201540946_1830154973/manuscript.md		data/hca/manuscripts/0433_10.15252_embr.201540946_1830154973/manuscript.xml			
0434_10.1016_j.cell.2016.11.010_b880f4a6e4	10.1016/j.cell.2016.11.010	Artemisinins Target GABA Receptor Signaling and Impair α Cell Identity.	1	data/hca/manuscripts/0434_10.1016_j.cell.2016.11.010_b880f4a6e4/metadata.json	data/hca/manuscripts/0434_10.1016_j.cell.2016.11.010_b880f4a6e4/resolution.json	data/hca/manuscripts/0434_10.1016_j.cell.2016.11.010_b880f4a6e4/manuscript.md		data/hca/manuscripts/0434_10.1016_j.cell.2016.11.010_b880f4a6e4/manuscript.xml			
0435_10.1038_nm.4336_19432336d2	10.1038/nm.4336	Single-cell transcriptomics uncovers distinct molecular signatures of stem cells in chronic myeloid leukemia	1	data/hca/manuscripts/0435_10.1038_nm.4336_19432336d2/metadata.json	data/hca/manuscripts/0435_10.1038_nm.4336_19432336d2/resolution.json	data/hca/manuscripts/0435_10.1038_nm.4336_19432336d2/manuscript.md	data/hca/manuscripts/0435_10.1038_nm.4336_19432336d2/manuscript.html				
0436_10.1016_j.jtos.2020.12.004_24ddeb29a4	10.1016/j.jtos.2020.12.004	Single-cell transcriptomics identifies limbal stem cell population and cell types mapping its differentiation trajectory in limbal basal epithelium of human cornea.	1	data/hca/manuscripts/0436_10.1016_j.jtos.2020.12.004_24ddeb29a4/metadata.json	data/hca/manuscripts/0436_10.1016_j.jtos.2020.12.004_24ddeb29a4/resolution.json	data/hca/manuscripts/0436_10.1016_j.jtos.2020.12.004_24ddeb29a4/manuscript.md	data/hca/manuscripts/0436_10.1016_j.jtos.2020.12.004_24ddeb29a4/manuscript.html				
0437_10.1101_2021.01.22.21250336_e963bc0939	10.1101/2021.01.22.21250336	Single nuclei profiling identifies cell specific markers of skeletal muscle aging, sarcopenia and senescence	1	data/hca/manuscripts/0437_10.1101_2021.01.22.21250336_e963bc0939/metadata.json	data/hca/manuscripts/0437_10.1101_2021.01.22.21250336_e963bc0939/resolution.json	data/hca/manuscripts/0437_10.1101_2021.01.22.21250336_e963bc0939/manuscript.md					data/hca/manuscripts/0437_10.1101_2021.01.22.21250336_e963bc0939/biorxiv_metadata.json
0438_10.1016_j.celrep.2023.112086_4947038a16	10.1016/j.celrep.2023.112086	Single-nucleus RNA sequencing in ischemic cardiomyopathy reveals common transcriptional profile underlying end-stage heart failure.	1	data/hca/manuscripts/0438_10.1016_j.celrep.2023.112086_4947038a16/metadata.json	data/hca/manuscripts/0438_10.1016_j.celrep.2023.112086_4947038a16/resolution.json	data/hca/manuscripts/0438_10.1016_j.celrep.2023.112086_4947038a16/manuscript.md		data/hca/manuscripts/0438_10.1016_j.celrep.2023.112086_4947038a16/manuscript.xml			
0439_10.1038_s41586-019-1404-z_d7516e129c	10.1038/s41586-019-1404-z	Neuronal vulnerability and multilineage diversity in multiple sclerosis.	1	data/hca/manuscripts/0439_10.1038_s41586-019-1404-z_d7516e129c/metadata.json	data/hca/manuscripts/0439_10.1038_s41586-019-1404-z_d7516e129c/resolution.json	data/hca/manuscripts/0439_10.1038_s41586-019-1404-z_d7516e129c/manuscript.md		data/hca/manuscripts/0439_10.1038_s41586-019-1404-z_d7516e129c/manuscript.xml			
0440_10.1186_s13073-023-01179-2_de903e74e7	10.1186/s13073-023-01179-2	Single-nucleus RNA sequencing of human pancreatic islets identifies novel gene sets and distinguishes β-cell subpopulations with dynamic transcriptome profiles.	1	data/hca/manuscripts/0440_10.1186_s13073-023-01179-2_de903e74e7/metadata.json	data/hca/manuscripts/0440_10.1186_s13073-023-01179-2_de903e74e7/resolution.json	data/hca/manuscripts/0440_10.1186_s13073-023-01179-2_de903e74e7/manuscript.md		data/hca/manuscripts/0440_10.1186_s13073-023-01179-2_de903e74e7/manuscript.xml			
0441_10.1038_s41593-020-0621-y_a3edefca60	10.1038/s41593-020-0621-y	Single-nucleus transcriptomics of the prefrontal cortex in major depressive disorder implicates oligodendrocyte precursor cells and excitatory neurons.	1	data/hca/manuscripts/0441_10.1038_s41593-020-0621-y_a3edefca60/metadata.json	data/hca/manuscripts/0441_10.1038_s41593-020-0621-y_a3edefca60/resolution.json	data/hca/manuscripts/0441_10.1038_s41593-020-0621-y_a3edefca60/manuscript.md	data/hca/manuscripts/0441_10.1038_s41593-020-0621-y_a3edefca60/manuscript.html				
0442_10.1038_s41591-024-03011-9_e42f5ec07c	10.1038/s41591-024-03011-9	Single-nucleus chromatin accessibility and transcriptomic map of breast tissues of women of diverse genetic ancestry	1	data/hca/manuscripts/0442_10.1038_s41591-024-03011-9_e42f5ec07c/metadata.json	data/hca/manuscripts/0442_10.1038_s41591-024-03011-9_e42f5ec07c/resolution.json	data/hca/manuscripts/0442_10.1038_s41591-024-03011-9_e42f5ec07c/manuscript.md		data/hca/manuscripts/0442_10.1038_s41591-024-03011-9_e42f5ec07c/manuscript.xml			
0443_10.1101_2021.07.19.452954_47077e842d	10.1101/2021.07.19.452954	Single-nucleus cross-tissue molecular reference maps to decipher disease gene function	1	data/hca/manuscripts/0443_10.1101_2021.07.19.452954_47077e842d/metadata.json	data/hca/manuscripts/0443_10.1101_2021.07.19.452954_47077e842d/resolution.json	data/hca/manuscripts/0443_10.1101_2021.07.19.452954_47077e842d/manuscript.md	data/hca/manuscripts/0443_10.1101_2021.07.19.452954_47077e842d/manuscript.html				
0444_10.1126_science.abl4290_bce423dc46	10.1126/science.abl4290	Single-nucleus cross-tissue molecular reference maps toward understanding disease gene function.	1	data/hca/manuscripts/0444_10.1126_science.abl4290_bce423dc46/metadata.json	data/hca/manuscripts/0444_10.1126_science.abl4290_bce423dc46/resolution.json	data/hca/manuscripts/0444_10.1126_science.abl4290_bce423dc46/manuscript.md	data/hca/manuscripts/0444_10.1126_science.abl4290_bce423dc46/manuscript.html				
0445_10.1038_s41586-022-04817-8_327bf47162	10.1038/s41586-022-04817-8	Single-nucleus profiling of human dilated and hypertrophic cardiomyopathy.	1	data/hca/manuscripts/0445_10.1038_s41586-022-04817-8_327bf47162/metadata.json	data/hca/manuscripts/0445_10.1038_s41586-022-04817-8_327bf47162/resolution.json	data/hca/manuscripts/0445_10.1038_s41586-022-04817-8_327bf47162/manuscript.md	data/hca/manuscripts/0445_10.1038_s41586-022-04817-8_327bf47162/manuscript.html				
0446_10.1186_s13073-021-00933-8_a1bc5f6475	10.1186/s13073-021-00933-8	Single-nucleus transcriptome analysis of human brain immune response in patients with severe COVID-19.	1	data/hca/manuscripts/0446_10.1186_s13073-021-00933-8_a1bc5f6475/metadata.json	data/hca/manuscripts/0446_10.1186_s13073-021-00933-8_a1bc5f6475/resolution.json	data/hca/manuscripts/0446_10.1186_s13073-021-00933-8_a1bc5f6475/manuscript.md		data/hca/manuscripts/0446_10.1186_s13073-021-00933-8_a1bc5f6475/manuscript.xml			
0447_10.1101_2021.09.28.462103_95ffe27ace	10.1101/2021.09.28.462103	Single-nucleus transcriptomic atlas of spinal cord neuron in human	1	data/hca/manuscripts/0447_10.1101_2021.09.28.462103_95ffe27ace/metadata.json	data/hca/manuscripts/0447_10.1101_2021.09.28.462103_95ffe27ace/resolution.json	data/hca/manuscripts/0447_10.1101_2021.09.28.462103_95ffe27ace/manuscript.md	data/hca/manuscripts/0447_10.1101_2021.09.28.462103_95ffe27ace/manuscript.html				
0448_10.1101_2022.02.15.480622_6cb3eae5b8	10.1101/2022.02.15.480622	Single-nucleus transcriptomic analysis reveals divergence of glial cells in peripheral somatosensory system between human and mouse	1	data/hca/manuscripts/0448_10.1101_2022.02.15.480622_6cb3eae5b8/metadata.json	data/hca/manuscripts/0448_10.1101_2022.02.15.480622_6cb3eae5b8/resolution.json	data/hca/manuscripts/0448_10.1101_2022.02.15.480622_6cb3eae5b8/manuscript.md	data/hca/manuscripts/0448_10.1101_2022.02.15.480622_6cb3eae5b8/manuscript.html				
0449_10.1084_jem.20202345_e99c99a876	10.1084/jem.20202345	Single-cell analysis of human skin identifies CD14+ type 3 dendritic cells co-producing IL1B and IL23A in psoriasis	1	data/hca/manuscripts/0449_10.1084_jem.20202345_e99c99a876/metadata.json	data/hca/manuscripts/0449_10.1084_jem.20202345_e99c99a876/resolution.json	data/hca/manuscripts/0449_10.1084_jem.20202345_e99c99a876/manuscript.md		data/hca/manuscripts/0449_10.1084_jem.20202345_e99c99a876/manuscript.xml			
0450_10.1101_2020.06.30.174391_27363b5885	10.1101/2020.06.30.174391	Spatial and single-cell transcriptional landscape of human cerebellar development	1	data/hca/manuscripts/0450_10.1101_2020.06.30.174391_27363b5885/metadata.json	data/hca/manuscripts/0450_10.1101_2020.06.30.174391_27363b5885/resolution.json	data/hca/manuscripts/0450_10.1101_2020.06.30.174391_27363b5885/manuscript.md		data/hca/manuscripts/0450_10.1101_2020.06.30.174391_27363b5885/manuscript.xml			data/hca/manuscripts/0450_10.1101_2020.06.30.174391_27363b5885/biorxiv_metadata.json
0451_10.1016_j.jid.2018.01.016_d2589a157e	10.1016/j.jid.2018.01.016	Spatial and single-cell transcriptional profiling identifies functionally distinct human dermal fibroblast subpopulations	1	data/hca/manuscripts/0451_10.1016_j.jid.2018.01.016_d2589a157e/metadata.json	data/hca/manuscripts/0451_10.1016_j.jid.2018.01.016_d2589a157e/resolution.json	data/hca/manuscripts/0451_10.1016_j.jid.2018.01.016_d2589a157e/manuscript.md		data/hca/manuscripts/0451_10.1016_j.jid.2018.01.016_d2589a157e/manuscript.xml			
0452_10.1016_j.cmet.2021.07.018_5902dd9048	10.1016/j.cmet.2021.07.018	Spatial mapping reveals human adipocyte subpopulations with distinct sensitivities to insulin	1	data/hca/manuscripts/0452_10.1016_j.cmet.2021.07.018_5902dd9048/metadata.json	data/hca/manuscripts/0452_10.1016_j.cmet.2021.07.018_5902dd9048/resolution.json		data/hca/manuscripts/0452_10.1016_j.cmet.2021.07.018_5902dd9048/manuscript.html	data/hca/manuscripts/0452_10.1016_j.cmet.2021.07.018_5902dd9048/manuscript.xml			
0453_10.1038_s41586-022-05060-x_14fb298894	10.1038/s41586-022-05060-x	Spatial multi-omic map of human myocardial infarction	1	data/hca/manuscripts/0453_10.1038_s41586-022-05060-x_14fb298894/metadata.json	data/hca/manuscripts/0453_10.1038_s41586-022-05060-x_14fb298894/resolution.json	data/hca/manuscripts/0453_10.1038_s41586-022-05060-x_14fb298894/manuscript.md		data/hca/manuscripts/0453_10.1038_s41586-022-05060-x_14fb298894/manuscript.xml			
0454_10.1038_s41586-023-05869-0_c19e7dab1e	10.1038/s41586-023-05869-0	Spatial multiomics map of trophoblast development in early pregnancy	1	data/hca/manuscripts/0454_10.1038_s41586-023-05869-0_c19e7dab1e/metadata.json	data/hca/manuscripts/0454_10.1038_s41586-023-05869-0_c19e7dab1e/resolution.json	data/hca/manuscripts/0454_10.1038_s41586-023-05869-0_c19e7dab1e/manuscript.md		data/hca/manuscripts/0454_10.1038_s41586-023-05869-0_c19e7dab1e/manuscript.xml			
0455_10.1016_j.cell.2021.12.018_c0dc3d5926	10.1016/j.cell.2021.12.018	Spatial proteogenomics reveals distinct and evolutionarily conserved hepatic macrophage niches.	1	data/hca/manuscripts/0455_10.1016_j.cell.2021.12.018_c0dc3d5926/metadata.json	data/hca/manuscripts/0455_10.1016_j.cell.2021.12.018_c0dc3d5926/resolution.json	data/hca/manuscripts/0455_10.1016_j.cell.2021.12.018_c0dc3d5926/manuscript.md		data/hca/manuscripts/0455_10.1016_j.cell.2021.12.018_c0dc3d5926/manuscript.xml			
0456_10.1101_2024.02.05.578886_f63955b1e7	10.1101/2024.02.05.578886	Spatial transcriptomic profiling of human retinoblastoma	1	data/hca/manuscripts/0456_10.1101_2024.02.05.578886_f63955b1e7/metadata.json	data/hca/manuscripts/0456_10.1101_2024.02.05.578886_f63955b1e7/resolution.json	data/hca/manuscripts/0456_10.1101_2024.02.05.578886_f63955b1e7/manuscript.md	data/hca/manuscripts/0456_10.1101_2024.02.05.578886_f63955b1e7/manuscript.html				
0457_10.1101_2024.02.02.578633_57d5a20898	10.1101/2024.02.02.578633	Spatial transcriptomics of healthy and fibrotic human liver at single-cell resolution	1	data/hca/manuscripts/0457_10.1101_2024.02.02.578633_57d5a20898/metadata.json	data/hca/manuscripts/0457_10.1101_2024.02.02.578633_57d5a20898/resolution.json	data/hca/manuscripts/0457_10.1101_2024.02.02.578633_57d5a20898/manuscript.md		data/hca/manuscripts/0457_10.1101_2024.02.02.578633_57d5a20898/manuscript.xml			data/hca/manuscripts/0457_10.1101_2024.02.02.578633_57d5a20898/biorxiv_metadata.json
0458_10.1038_s41467-024-55325-4_d40c28a5ea	10.1038/s41467-024-55325-4	Spatial transcriptomics of healthy and fibrotic human liver at single-cell resolution	1	data/hca/manuscripts/0458_10.1038_s41467-024-55325-4_d40c28a5ea/metadata.json	data/hca/manuscripts/0458_10.1038_s41467-024-55325-4_d40c28a5ea/resolution.json	data/hca/manuscripts/0458_10.1038_s41467-024-55325-4_d40c28a5ea/manuscript.md		data/hca/manuscripts/0458_10.1038_s41467-024-55325-4_d40c28a5ea/manuscript.xml			
0459_10.1158_1078-0432.ccr-21-0792_657b8f3426	10.1158/1078-0432.ccr-21-0792	Spatially Distinct Reprogramming of the Tumor Microenvironment Based On Tumor Invasion in Diffuse-Type Gastric Cancers.	1	data/hca/manuscripts/0459_10.1158_1078-0432.ccr-21-0792_657b8f3426/metadata.json	data/hca/manuscripts/0459_10.1158_1078-0432.ccr-21-0792_657b8f3426/resolution.json						
0460_10.1016_j.cell.2021.08.003_652ffcecb6	10.1016/j.cell.2021.08.003	Spatially organized multicellular immune hubs in human colorectal cancer.	1	data/hca/manuscripts/0460_10.1016_j.cell.2021.08.003_652ffcecb6/metadata.json	data/hca/manuscripts/0460_10.1016_j.cell.2021.08.003_652ffcecb6/resolution.json	data/hca/manuscripts/0460_10.1016_j.cell.2021.08.003_652ffcecb6/manuscript.md	data/hca/manuscripts/0460_10.1016_j.cell.2021.08.003_652ffcecb6/manuscript.html				
0461_10.1101_2022.10.24.513598_7706771889	10.1101/2022.10.24.513598	Spatially resolved human kidney multi-omics single cell atlas highlights the key role of the fibrotic microenvironment in kidney disease progression	1	data/hca/manuscripts/0461_10.1101_2022.10.24.513598_7706771889/metadata.json	data/hca/manuscripts/0461_10.1101_2022.10.24.513598_7706771889/resolution.json	data/hca/manuscripts/0461_10.1101_2022.10.24.513598_7706771889/manuscript.md	data/hca/manuscripts/0461_10.1101_2022.10.24.513598_7706771889/manuscript.html				
0462_10.1038_s41586-023-06311-1_b735ac2f93	10.1038/s41586-023-06311-1	Spatially resolved multiomics of human cardiac niches	1	data/hca/manuscripts/0462_10.1038_s41586-023-06311-1_b735ac2f93/metadata.json	data/hca/manuscripts/0462_10.1038_s41586-023-06311-1_b735ac2f93/resolution.json	data/hca/manuscripts/0462_10.1038_s41586-023-06311-1_b735ac2f93/manuscript.md		data/hca/manuscripts/0462_10.1038_s41586-023-06311-1_b735ac2f93/manuscript.xml			
0463_10.7554_elife.81525_0f73520e7f	10.7554/elife.81525	Spatially resolved transcriptomics reveals pro-inflammatory fibroblast involved in lymphocyte recruitment through CXCL8 and CXCL10	1	data/hca/manuscripts/0463_10.7554_elife.81525_0f73520e7f/metadata.json	data/hca/manuscripts/0463_10.7554_elife.81525_0f73520e7f/resolution.json	data/hca/manuscripts/0463_10.7554_elife.81525_0f73520e7f/manuscript.md		data/hca/manuscripts/0463_10.7554_elife.81525_0f73520e7f/manuscript.xml			
0464_10.1126_science.aat5031_cfde7f776b	10.1126/science.aat5031	Spatiotemporal immune zonation of the human kidney	1	data/hca/manuscripts/0464_10.1126_science.aat5031_cfde7f776b/metadata.json	data/hca/manuscripts/0464_10.1126_science.aat5031_cfde7f776b/resolution.json	data/hca/manuscripts/0464_10.1126_science.aat5031_cfde7f776b/manuscript.md	data/hca/manuscripts/0464_10.1126_science.aat5031_cfde7f776b/manuscript.html				
0465_10.1016_j.cell.2020.12.016_af8ed7d941	10.1016/j.cell.2020.12.016	Spatiotemporal analysis of human intestinal development at single-cell resolution.	1	data/hca/manuscripts/0465_10.1016_j.cell.2020.12.016_af8ed7d941/metadata.json	data/hca/manuscripts/0465_10.1016_j.cell.2020.12.016_af8ed7d941/resolution.json	data/hca/manuscripts/0465_10.1016_j.cell.2020.12.016_af8ed7d941/manuscript.md		data/hca/manuscripts/0465_10.1016_j.cell.2020.12.016_af8ed7d941/manuscript.xml			
0466_10.1038_s41467-020-18957-w_ce0dae83ad	10.1038/s41467-020-18957-w	Stress-induced RNA-chromatin interactions promote endothelial dysfunction	1	data/hca/manuscripts/0466_10.1038_s41467-020-18957-w_ce0dae83ad/metadata.json	data/hca/manuscripts/0466_10.1038_s41467-020-18957-w_ce0dae83ad/resolution.json	data/hca/manuscripts/0466_10.1038_s41467-020-18957-w_ce0dae83ad/manuscript.md		data/hca/manuscripts/0466_10.1038_s41467-020-18957-w_ce0dae83ad/manuscript.xml			
0467_10.1016_j.cell.2018.08.067_51639edc11	10.1016/j.cell.2018.08.067	Structural Remodeling of the Human Colonic Mesenchyme in Inflammatory Bowel Disease	1	data/hca/manuscripts/0467_10.1016_j.cell.2018.08.067_51639edc11/metadata.json	data/hca/manuscripts/0467_10.1016_j.cell.2018.08.067_51639edc11/resolution.json	data/hca/manuscripts/0467_10.1016_j.cell.2018.08.067_51639edc11/manuscript.md		data/hca/manuscripts/0467_10.1016_j.cell.2018.08.067_51639edc11/manuscript.xml			
0468_10.1101_632216_85729a39dd	10.1101/632216	Systematic comparative analysis of single cell RNA-sequencing methods	1	data/hca/manuscripts/0468_10.1101_632216_85729a39dd/metadata.json	data/hca/manuscripts/0468_10.1101_632216_85729a39dd/resolution.json	data/hca/manuscripts/0468_10.1101_632216_85729a39dd/manuscript.md		data/hca/manuscripts/0468_10.1101_632216_85729a39dd/manuscript.xml			data/hca/manuscripts/0468_10.1101_632216_85729a39dd/biorxiv_metadata.json
0469_10.1101_2022.10.17.512579_e7abedbc30	10.1101/2022.10.17.512579	Targeting the Immune-Fibrosis Axis in Myocardial Infarction and Heart Failure	1	data/hca/manuscripts/0469_10.1101_2022.10.17.512579_e7abedbc30/metadata.json	data/hca/manuscripts/0469_10.1101_2022.10.17.512579_e7abedbc30/resolution.json	data/hca/manuscripts/0469_10.1101_2022.10.17.512579_e7abedbc30/manuscript.md		data/hca/manuscripts/0469_10.1101_2022.10.17.512579_e7abedbc30/manuscript.xml			data/hca/manuscripts/0469_10.1101_2022.10.17.512579_e7abedbc30/biorxiv_metadata.json
0470_10.21203_rs.3.rs-2402606_v1_8de4ac8813	10.21203/rs.3.rs-2402606/v1	Targeting Immune-Fibroblast Crosstalk in Myocardial Infarction and Cardiac Fibrosis	1	data/hca/manuscripts/0470_10.21203_rs.3.rs-2402606_v1_8de4ac8813/metadata.json	data/hca/manuscripts/0470_10.21203_rs.3.rs-2402606_v1_8de4ac8813/resolution.json	data/hca/manuscripts/0470_10.21203_rs.3.rs-2402606_v1_8de4ac8813/manuscript.md	data/hca/manuscripts/0470_10.21203_rs.3.rs-2402606_v1_8de4ac8813/manuscript.html				
0471_10.1038_s41467-019-11947-7_0514f87944	10.1038/s41467-019-11947-7	Heterogeneity of human bone marrow and blood natural killer cells defined by single-cell transcriptome.	1	data/hca/manuscripts/0471_10.1038_s41467-019-11947-7_0514f87944/metadata.json	data/hca/manuscripts/0471_10.1038_s41467-019-11947-7_0514f87944/resolution.json	data/hca/manuscripts/0471_10.1038_s41467-019-11947-7_0514f87944/manuscript.md		data/hca/manuscripts/0471_10.1038_s41467-019-11947-7_0514f87944/manuscript.xml			
0472_10.1016_j.stem.2019.12.005_97b804f298	10.1016/j.stem.2019.12.005	The Dynamic Transcriptional Cell Atlas of Testis Development during Human Puberty.	1	data/hca/manuscripts/0472_10.1016_j.stem.2019.12.005_97b804f298/metadata.json	data/hca/manuscripts/0472_10.1016_j.stem.2019.12.005_97b804f298/resolution.json	data/hca/manuscripts/0472_10.1016_j.stem.2019.12.005_97b804f298/manuscript.md	data/hca/manuscripts/0472_10.1016_j.stem.2019.12.005_97b804f298/manuscript.html				
0473_10.1016_j.cell.2020.08.003_9ae06495c4	10.1016/j.cell.2020.08.003	The Human and Mouse Enteric Nervous System at Single-Cell Resolution.	1	data/hca/manuscripts/0473_10.1016_j.cell.2020.08.003_9ae06495c4/metadata.json	data/hca/manuscripts/0473_10.1016_j.cell.2020.08.003_9ae06495c4/resolution.json	data/hca/manuscripts/0473_10.1016_j.cell.2020.08.003_9ae06495c4/manuscript.md	data/hca/manuscripts/0473_10.1016_j.cell.2020.08.003_9ae06495c4/manuscript.html				
0474_10.3389_fimmu.2021.689019_ff96e36403	10.3389/fimmu.2021.689019	The Immune Atlas of Human Deciduas With Unexplained Recurrent Pregnancy Loss	1	data/hca/manuscripts/0474_10.3389_fimmu.2021.689019_ff96e36403/metadata.json	data/hca/manuscripts/0474_10.3389_fimmu.2021.689019_ff96e36403/resolution.json	data/hca/manuscripts/0474_10.3389_fimmu.2021.689019_ff96e36403/manuscript.md		data/hca/manuscripts/0474_10.3389_fimmu.2021.689019_ff96e36403/manuscript.xml			
0475_10.1101_2021.07.19.452956_e30bf05aad	10.1101/2021.07.19.452956	The Tabula Sapiens: a multiple organ single cell transcriptomic atlas of humans	1	data/hca/manuscripts/0475_10.1101_2021.07.19.452956_e30bf05aad/metadata.json	data/hca/manuscripts/0475_10.1101_2021.07.19.452956_e30bf05aad/resolution.json	data/hca/manuscripts/0475_10.1101_2021.07.19.452956_e30bf05aad/manuscript.md		data/hca/manuscripts/0475_10.1101_2021.07.19.452956_e30bf05aad/manuscript.xml			data/hca/manuscripts/0475_10.1101_2021.07.19.452956_e30bf05aad/biorxiv_metadata.json
0476_10.1126_science.abl4896_6d8fed9731	10.1126/science.abl4896	The Tabula Sapiens: A multiple-organ, single-cell transcriptomic atlas of humans	1	data/hca/manuscripts/0476_10.1126_science.abl4896_6d8fed9731/metadata.json	data/hca/manuscripts/0476_10.1126_science.abl4896_6d8fed9731/resolution.json	data/hca/manuscripts/0476_10.1126_science.abl4896_6d8fed9731/manuscript.md	data/hca/manuscripts/0476_10.1126_science.abl4896_6d8fed9731/manuscript.html				
0477_10.1172_jci157338_273d70a217	10.1172/jci157338	The ZIP8/SIRT1 axis regulates alveolar progenitor cell renewal in aging and idiopathic pulmonary fibrosis	1	data/hca/manuscripts/0477_10.1172_jci157338_273d70a217/metadata.json	data/hca/manuscripts/0477_10.1172_jci157338_273d70a217/resolution.json	data/hca/manuscripts/0477_10.1172_jci157338_273d70a217/manuscript.md		data/hca/manuscripts/0477_10.1172_jci157338_273d70a217/manuscript.xml			
0478_10.1101_2021.03.23.436577_d5840c8f1c	10.1101/2021.03.23.436577	Aggregated Mycobacterium tuberculosis enhances the inflammatory response	1	data/hca/manuscripts/0478_10.1101_2021.03.23.436577_d5840c8f1c/metadata.json	data/hca/manuscripts/0478_10.1101_2021.03.23.436577_d5840c8f1c/resolution.json	data/hca/manuscripts/0478_10.1101_2021.03.23.436577_d5840c8f1c/manuscript.md		data/hca/manuscripts/0478_10.1101_2021.03.23.436577_d5840c8f1c/manuscript.xml			data/hca/manuscripts/0478_10.1101_2021.03.23.436577_d5840c8f1c/biorxiv_metadata.json
0479_10.1016_j.xcrm.2022.100657_bf09154d98	10.1016/j.xcrm.2022.100657	The immune cell atlas of human neuroblastoma	1	data/hca/manuscripts/0479_10.1016_j.xcrm.2022.100657_bf09154d98/metadata.json	data/hca/manuscripts/0479_10.1016_j.xcrm.2022.100657_bf09154d98/resolution.json	data/hca/manuscripts/0479_10.1016_j.xcrm.2022.100657_bf09154d98/manuscript.md		data/hca/manuscripts/0479_10.1016_j.xcrm.2022.100657_bf09154d98/manuscript.xml			
0480_10.1038_s41590-019-0398-x_7e5ee33388	10.1038/s41590-019-0398-x	The immune cell landscape in kidneys of patients with lupus nephritis	1	data/hca/manuscripts/0480_10.1038_s41590-019-0398-x_7e5ee33388/metadata.json	data/hca/manuscripts/0480_10.1038_s41590-019-0398-x_7e5ee33388/resolution.json	data/hca/manuscripts/0480_10.1038_s41590-019-0398-x_7e5ee33388/manuscript.md		data/hca/manuscripts/0480_10.1038_s41590-019-0398-x_7e5ee33388/manuscript.xml			
0481_10.1016_j.immuni.2023.01.002_2da3d3f446	10.1016/j.immuni.2023.01.002	The landscape of immune dysregulation in Crohn's disease revealed through single-cell transcriptomic profiling in the ileum and colon	1	data/hca/manuscripts/0481_10.1016_j.immuni.2023.01.002_2da3d3f446/metadata.json	data/hca/manuscripts/0481_10.1016_j.immuni.2023.01.002_2da3d3f446/resolution.json	data/hca/manuscripts/0481_10.1016_j.immuni.2023.01.002_2da3d3f446/manuscript.md	data/hca/manuscripts/0481_10.1016_j.immuni.2023.01.002_2da3d3f446/manuscript.html				
0482_10.1016_j.devcel.2022.04.003_a4b7ddcf39	10.1016/j.devcel.2022.04.003	The myogenesis program drives clonal selection and drug resistance in rhabdomyosarcoma	1	data/hca/manuscripts/0482_10.1016_j.devcel.2022.04.003_a4b7ddcf39/metadata.json	data/hca/manuscripts/0482_10.1016_j.devcel.2022.04.003_a4b7ddcf39/resolution.json	data/hca/manuscripts/0482_10.1016_j.devcel.2022.04.003_a4b7ddcf39/manuscript.md	data/hca/manuscripts/0482_10.1016_j.devcel.2022.04.003_a4b7ddcf39/manuscript.html				
0483_10.1101_2025.10.19.683341_89f4c4be09	10.1101/2025.10.19.683341	The normal human lymph node cell classification and landscape defined by high-dimensional spatial proteomic	1	data/hca/manuscripts/0483_10.1101_2025.10.19.683341_89f4c4be09/metadata.json	data/hca/manuscripts/0483_10.1101_2025.10.19.683341_89f4c4be09/resolution.json	data/hca/manuscripts/0483_10.1101_2025.10.19.683341_89f4c4be09/manuscript.md	data/hca/manuscripts/0483_10.1101_2025.10.19.683341_89f4c4be09/manuscript.html				
0484_10.1101_2022.05.18.492547_796dd444d3	10.1101/2022.05.18.492547	The regulatory landscapes of human ovarian ageing	1	data/hca/manuscripts/0484_10.1101_2022.05.18.492547_796dd444d3/metadata.json	data/hca/manuscripts/0484_10.1101_2022.05.18.492547_796dd444d3/resolution.json	data/hca/manuscripts/0484_10.1101_2022.05.18.492547_796dd444d3/manuscript.md	data/hca/manuscripts/0484_10.1101_2022.05.18.492547_796dd444d3/manuscript.html				
0485_10.1038_s41467-021-26495-2_5e641690ff	10.1038/s41467-021-26495-2	The serine proteases dipeptidyl-peptidase 4 and urokinase are key molecules in human and mouse scar formation.	1	data/hca/manuscripts/0485_10.1038_s41467-021-26495-2_5e641690ff/metadata.json	data/hca/manuscripts/0485_10.1038_s41467-021-26495-2_5e641690ff/resolution.json	data/hca/manuscripts/0485_10.1038_s41467-021-26495-2_5e641690ff/manuscript.md		data/hca/manuscripts/0485_10.1038_s41467-021-26495-2_5e641690ff/manuscript.xml			
0486_10.1016_j.xfss.2022.09.001_c256ed6917	10.1016/j.xfss.2022.09.001	The single-cell atlas of cultured human endometrial stromal cells	1	data/hca/manuscripts/0486_10.1016_j.xfss.2022.09.001_c256ed6917/metadata.json	data/hca/manuscripts/0486_10.1016_j.xfss.2022.09.001_c256ed6917/resolution.json	data/hca/manuscripts/0486_10.1016_j.xfss.2022.09.001_c256ed6917/manuscript.md	data/hca/manuscripts/0486_10.1016_j.xfss.2022.09.001_c256ed6917/manuscript.html				
0487_10.1101_645424_5e1a701b2b	10.1101/645424	The Single Cell Transcriptomic Landscape of Early Human Diabetic Nephropathy	1	data/hca/manuscripts/0487_10.1101_645424_5e1a701b2b/metadata.json	data/hca/manuscripts/0487_10.1101_645424_5e1a701b2b/resolution.json	data/hca/manuscripts/0487_10.1101_645424_5e1a701b2b/manuscript.md	data/hca/manuscripts/0487_10.1101_645424_5e1a701b2b/manuscript.html				
0488_10.1073_pnas.1908706116_5dfd6c0233	10.1073/pnas.1908706116	The single-cell transcriptomic landscape of early human diabetic nephropathy	1	data/hca/manuscripts/0488_10.1073_pnas.1908706116_5dfd6c0233/metadata.json	data/hca/manuscripts/0488_10.1073_pnas.1908706116_5dfd6c0233/resolution.json	data/hca/manuscripts/0488_10.1073_pnas.1908706116_5dfd6c0233/manuscript.md		data/hca/manuscripts/0488_10.1073_pnas.1908706116_5dfd6c0233/manuscript.xml			
0489_10.1016_j.cell.2021.02.018_b0761e6af0	10.1016/j.cell.2021.02.018	Time-resolved systems immunology reveals a late juncture linked to fatal COVID-19.	1	data/hca/manuscripts/0489_10.1016_j.cell.2021.02.018_b0761e6af0/metadata.json	data/hca/manuscripts/0489_10.1016_j.cell.2021.02.018_b0761e6af0/resolution.json	data/hca/manuscripts/0489_10.1016_j.cell.2021.02.018_b0761e6af0/manuscript.md		data/hca/manuscripts/0489_10.1016_j.cell.2021.02.018_b0761e6af0/manuscript.xml			
0490_10.1038_nsmb.2660_4e6a41d8b9	10.1038/nsmb.2660	Single-cell RNA-Seq profiling of human preimplantation embryos and embryonic stem cells	1	data/hca/manuscripts/0490_10.1038_nsmb.2660_4e6a41d8b9/metadata.json	data/hca/manuscripts/0490_10.1038_nsmb.2660_4e6a41d8b9/resolution.json	data/hca/manuscripts/0490_10.1038_nsmb.2660_4e6a41d8b9/manuscript.md	data/hca/manuscripts/0490_10.1038_nsmb.2660_4e6a41d8b9/manuscript.html				
0491_10.1016_j.celrep.2018.09.006_befb59b9fa	10.1016/j.celrep.2018.09.006	Transcriptional Programming of Normal and Inflamed Human Epidermis at Single-Cell Resolution	1	data/hca/manuscripts/0491_10.1016_j.celrep.2018.09.006_befb59b9fa/metadata.json	data/hca/manuscripts/0491_10.1016_j.celrep.2018.09.006_befb59b9fa/resolution.json	data/hca/manuscripts/0491_10.1016_j.celrep.2018.09.006_befb59b9fa/manuscript.md	data/hca/manuscripts/0491_10.1016_j.celrep.2018.09.006_befb59b9fa/manuscript.html				
0492_10.1038_s41591-021-01332-7_1dacee7a8b	10.1038/s41591-021-01332-7	Transcriptional analysis of cystic fibrosis airways at single-cell resolution reveals altered epithelial cell states and composition	1	data/hca/manuscripts/0492_10.1038_s41591-021-01332-7_1dacee7a8b/metadata.json	data/hca/manuscripts/0492_10.1038_s41591-021-01332-7_1dacee7a8b/resolution.json	data/hca/manuscripts/0492_10.1038_s41591-021-01332-7_1dacee7a8b/manuscript.md	data/hca/manuscripts/0492_10.1038_s41591-021-01332-7_1dacee7a8b/manuscript.html				
0493_10.1161_circulationaha.119.045401_814f085618	10.1161/circulationaha.119.045401	Transcriptional and Cellular Diversity of the Human Heart	1	data/hca/manuscripts/0493_10.1161_circulationaha.119.045401_814f085618/metadata.json	data/hca/manuscripts/0493_10.1161_circulationaha.119.045401_814f085618/resolution.json	data/hca/manuscripts/0493_10.1161_circulationaha.119.045401_814f085618/manuscript.md	data/hca/manuscripts/0493_10.1161_circulationaha.119.045401_814f085618/manuscript.html				
0494_10.1038_s41467-021-27895-0_bbe3158fbf	10.1038/s41467-021-27895-0	Transcriptional changes in the mammary gland during lactation revealed by single cell sequencing of cells from human milk	1	data/hca/manuscripts/0494_10.1038_s41467-021-27895-0_bbe3158fbf/metadata.json	data/hca/manuscripts/0494_10.1038_s41467-021-27895-0_bbe3158fbf/resolution.json	data/hca/manuscripts/0494_10.1038_s41467-021-27895-0_bbe3158fbf/manuscript.md		data/hca/manuscripts/0494_10.1038_s41467-021-27895-0_bbe3158fbf/manuscript.xml			
0495_10.1016_j.molcel.2018.10.029_4b06ee53ae	10.1016/j.molcel.2018.10.029	Transcriptome Landscape of Human Folliculogenesis Reveals Oocyte and Granulosa Cell Interactions	1	data/hca/manuscripts/0495_10.1016_j.molcel.2018.10.029_4b06ee53ae/metadata.json	data/hca/manuscripts/0495_10.1016_j.molcel.2018.10.029_4b06ee53ae/resolution.json	data/hca/manuscripts/0495_10.1016_j.molcel.2018.10.029_4b06ee53ae/manuscript.md	data/hca/manuscripts/0495_10.1016_j.molcel.2018.10.029_4b06ee53ae/manuscript.html				
0496_10.1038_s41593-020-00787-0_59956d4662	10.1038/s41593-020-00787-0	Transcriptome-scale spatial gene expression in the human dorsolateral prefrontal cortex.	1	data/hca/manuscripts/0496_10.1038_s41593-020-00787-0_59956d4662/metadata.json	data/hca/manuscripts/0496_10.1038_s41593-020-00787-0_59956d4662/resolution.json	data/hca/manuscripts/0496_10.1038_s41593-020-00787-0_59956d4662/manuscript.md	data/hca/manuscripts/0496_10.1038_s41593-020-00787-0_59956d4662/manuscript.html				
0497_10.1016_j.cell.2016.03.023_1e72ea1d04	10.1016/j.cell.2016.03.023	Single-Cell RNA-Seq Reveals Lineage and X Chromosome Dynamics in Human Preimplantation Embryos	1	data/hca/manuscripts/0497_10.1016_j.cell.2016.03.023_1e72ea1d04/metadata.json	data/hca/manuscripts/0497_10.1016_j.cell.2016.03.023_1e72ea1d04/resolution.json	data/hca/manuscripts/0497_10.1016_j.cell.2016.03.023_1e72ea1d04/manuscript.md		data/hca/manuscripts/0497_10.1016_j.cell.2016.03.023_1e72ea1d04/manuscript.xml			
0498_10.1038_s41598-017-11044-z_4cb11e808c	10.1038/s41598-017-11044-z	Early X chromosome inactivation during human preimplantation development revealed by single-cell RNA-sequencing	1	data/hca/manuscripts/0498_10.1038_s41598-017-11044-z_4cb11e808c/metadata.json	data/hca/manuscripts/0498_10.1038_s41598-017-11044-z_4cb11e808c/resolution.json	data/hca/manuscripts/0498_10.1038_s41598-017-11044-z_4cb11e808c/manuscript.md		data/hca/manuscripts/0498_10.1038_s41598-017-11044-z_4cb11e808c/manuscript.xml			
0499_10.1177_00220345221076069_706b5a73e7	10.1177/00220345221076069	Transcriptomic Mapping of Human Parotid Gland at Single-Cell Resolution.	1	data/hca/manuscripts/0499_10.1177_00220345221076069_706b5a73e7/metadata.json	data/hca/manuscripts/0499_10.1177_00220345221076069_706b5a73e7/resolution.json						
0500_10.1073_pnas.2306153120_5c49b25904	10.1073/pnas.2306153120	Transcriptomic analysis of the ocular posterior segment completes a cell atlas of the human eye	1	data/hca/manuscripts/0500_10.1073_pnas.2306153120_5c49b25904/metadata.json	data/hca/manuscripts/0500_10.1073_pnas.2306153120_5c49b25904/resolution.json	data/hca/manuscripts/0500_10.1073_pnas.2306153120_5c49b25904/manuscript.md		data/hca/manuscripts/0500_10.1073_pnas.2306153120_5c49b25904/manuscript.xml			
0501_10.1126_sciimmunol.abb8786_1f1edec8bd	10.1126/sciimmunol.abb8786	Transcriptomic and clonal characterization of T cells in the human central nervous system.	1	data/hca/manuscripts/0501_10.1126_sciimmunol.abb8786_1f1edec8bd/metadata.json	data/hca/manuscripts/0501_10.1126_sciimmunol.abb8786_1f1edec8bd/resolution.json	data/hca/manuscripts/0501_10.1126_sciimmunol.abb8786_1f1edec8bd/manuscript.md	data/hca/manuscripts/0501_10.1126_sciimmunol.abb8786_1f1edec8bd/manuscript.html				
0502_10.1016_j.xcrm.2024.101556_a84a219a11	10.1016/j.xcrm.2024.101556	Transcriptomic and spatial dissection of human ex vivo right atrial tissue reveals proinflammatory microvascular changes in ischemic heart disease.	1	data/hca/manuscripts/0502_10.1016_j.xcrm.2024.101556_a84a219a11/metadata.json	data/hca/manuscripts/0502_10.1016_j.xcrm.2024.101556_a84a219a11/resolution.json	data/hca/manuscripts/0502_10.1016_j.xcrm.2024.101556_a84a219a11/manuscript.md		data/hca/manuscripts/0502_10.1016_j.xcrm.2024.101556_a84a219a11/manuscript.xml			
0503_10.1101_2021.06.23.449672_2f2b5da25d	10.1101/2021.06.23.449672	Cardiovascular disease causes proinflammatory microvascular changes in the human right atrium	1	data/hca/manuscripts/0503_10.1101_2021.06.23.449672_2f2b5da25d/metadata.json	data/hca/manuscripts/0503_10.1101_2021.06.23.449672_2f2b5da25d/resolution.json	data/hca/manuscripts/0503_10.1101_2021.06.23.449672_2f2b5da25d/manuscript.md	data/hca/manuscripts/0503_10.1101_2021.06.23.449672_2f2b5da25d/manuscript.html				
0504_10.1101_2020.01.26.919753_a4a4e6fc9a	10.1101/2020.01.26.919753	Quantitative and molecular differences distinguish adult human medullary and extramedullary haematopoietic stem and progenitor cell landscapes.	1	data/hca/manuscripts/0504_10.1101_2020.01.26.919753_a4a4e6fc9a/metadata.json	data/hca/manuscripts/0504_10.1101_2020.01.26.919753_a4a4e6fc9a/resolution.json	data/hca/manuscripts/0504_10.1101_2020.01.26.919753_a4a4e6fc9a/manuscript.md	data/hca/manuscripts/0504_10.1101_2020.01.26.919753_a4a4e6fc9a/manuscript.html				
0505_10.1126_scitranslmed.abh2624_475f0b05e7	10.1126/scitranslmed.abh2624	Type I interferon autoantibodies are associated with systemic immune alterations in patients with COVID-19	1	data/hca/manuscripts/0505_10.1126_scitranslmed.abh2624_475f0b05e7/metadata.json	data/hca/manuscripts/0505_10.1126_scitranslmed.abh2624_475f0b05e7/resolution.json	data/hca/manuscripts/0505_10.1126_scitranslmed.abh2624_475f0b05e7/manuscript.md		data/hca/manuscripts/0505_10.1126_scitranslmed.abh2624_475f0b05e7/manuscript.xml			
0506_10.1038_s41591-022-01680-y_160aaf8b86	10.1038/s41591-022-01680-y	Ulcerative colitis is characterized by a plasmablast-skewed humoral response associated with disease activity.	1	data/hca/manuscripts/0506_10.1038_s41591-022-01680-y_160aaf8b86/metadata.json	data/hca/manuscripts/0506_10.1038_s41591-022-01680-y_160aaf8b86/resolution.json	data/hca/manuscripts/0506_10.1038_s41591-022-01680-y_160aaf8b86/manuscript.md	data/hca/manuscripts/0506_10.1038_s41591-022-01680-y_160aaf8b86/manuscript.html				
0507_10.1101_2021.12.22.473889_9350d13595	10.1101/2021.12.22.473889	Ureter single-cell and spatial mapping reveal cell types, architecture, and signaling networks	1	data/hca/manuscripts/0507_10.1101_2021.12.22.473889_9350d13595/metadata.json	data/hca/manuscripts/0507_10.1101_2021.12.22.473889_9350d13595/resolution.json	data/hca/manuscripts/0507_10.1101_2021.12.22.473889_9350d13595/manuscript.md	data/hca/manuscripts/0507_10.1101_2021.12.22.473889_9350d13595/manuscript.html				
0508_10.1016_j.devcel.2022.07.004_cfe769c9cf	10.1016/j.devcel.2022.07.004	Single-cell and spatial mapping Identify cell types and signaling Networks in the human ureter	1	data/hca/manuscripts/0508_10.1016_j.devcel.2022.07.004_cfe769c9cf/metadata.json	data/hca/manuscripts/0508_10.1016_j.devcel.2022.07.004_cfe769c9cf/resolution.json	data/hca/manuscripts/0508_10.1016_j.devcel.2022.07.004_cfe769c9cf/manuscript.md	data/hca/manuscripts/0508_10.1016_j.devcel.2022.07.004_cfe769c9cf/manuscript.html				
0509_10.1186_s13073-021-00941-8_26def488c5	10.1186/s13073-021-00941-8	Using single-nucleus RNA-sequencing to interrogate transcriptomic profiles of archived human pancreatic islets.	1	data/hca/manuscripts/0509_10.1186_s13073-021-00941-8_26def488c5/metadata.json	data/hca/manuscripts/0509_10.1186_s13073-021-00941-8_26def488c5/resolution.json	data/hca/manuscripts/0509_10.1186_s13073-021-00941-8_26def488c5/manuscript.md		data/hca/manuscripts/0509_10.1186_s13073-021-00941-8_26def488c5/manuscript.xml			
0510_10.1101_2021.08.19.457030_7771c9367f	10.1101/2021.08.19.457030	Village in a dish: a model system for population-scale hiPSC studies	1	data/hca/manuscripts/0510_10.1101_2021.08.19.457030_7771c9367f/metadata.json	data/hca/manuscripts/0510_10.1101_2021.08.19.457030_7771c9367f/resolution.json	data/hca/manuscripts/0510_10.1101_2021.08.19.457030_7771c9367f/manuscript.md		data/hca/manuscripts/0510_10.1101_2021.08.19.457030_7771c9367f/manuscript.xml			data/hca/manuscripts/0510_10.1101_2021.08.19.457030_7771c9367f/biorxiv_metadata.json
0511_10.1016_j.jcmgh.2020.12.014_7220e03ee7	10.1016/j.jcmgh.2020.12.014	scRNA-Seq Reveals New Enteric Nervous System Roles for GDNF, NRTN, and TBX3	1	data/hca/manuscripts/0511_10.1016_j.jcmgh.2020.12.014_7220e03ee7/metadata.json	data/hca/manuscripts/0511_10.1016_j.jcmgh.2020.12.014_7220e03ee7/resolution.json	data/hca/manuscripts/0511_10.1016_j.jcmgh.2020.12.014_7220e03ee7/manuscript.md		data/hca/manuscripts/0511_10.1016_j.jcmgh.2020.12.014_7220e03ee7/manuscript.xml			
0512_10.1016_j.gastha.2022.12.004_3866b352db	10.1016/j.gastha.2022.12.004	Single Nucleus Sequencing of Human Colon Myenteric Plexus-Associated Visceral Smooth Muscle Cells, Platelet Derived Growth Factor Receptor Alpha Cells, and Interstitial Cells of Cajal	1	data/hca/manuscripts/0512_10.1016_j.gastha.2022.12.004_3866b352db/metadata.json	data/hca/manuscripts/0512_10.1016_j.gastha.2022.12.004_3866b352db/resolution.json	data/hca/manuscripts/0512_10.1016_j.gastha.2022.12.004_3866b352db/manuscript.md		data/hca/manuscripts/0512_10.1016_j.gastha.2022.12.004_3866b352db/manuscript.xml			
0513_10.1186_s13059-019-1906-x_0a4cb34cd5	10.1186/s13059-019-1906-x	scRNA-seq assessment of the human lung, spleen, and esophagus tissue stability after cold preservation	1	data/hca/manuscripts/0513_10.1186_s13059-019-1906-x_0a4cb34cd5/metadata.json	data/hca/manuscripts/0513_10.1186_s13059-019-1906-x_0a4cb34cd5/resolution.json	data/hca/manuscripts/0513_10.1186_s13059-019-1906-x_0a4cb34cd5/manuscript.md		data/hca/manuscripts/0513_10.1186_s13059-019-1906-x_0a4cb34cd5/manuscript.xml			
0514_10.1016_j.stemcr.2021.12.008_8ef526797f	10.1016/j.stemcr.2021.12.008	Inducing human retinal pigment epithelium-like cells from somatic tissue.	1	data/hca/manuscripts/0514_10.1016_j.stemcr.2021.12.008_8ef526797f/metadata.json	data/hca/manuscripts/0514_10.1016_j.stemcr.2021.12.008_8ef526797f/resolution.json	data/hca/manuscripts/0514_10.1016_j.stemcr.2021.12.008_8ef526797f/manuscript.md		data/hca/manuscripts/0514_10.1016_j.stemcr.2021.12.008_8ef526797f/manuscript.xml			
0515_10.1084_jem.20201189_d8d9a9e257	10.1084/jem.20201189	αβγδ T cells play a vital role in fetal human skin development and immunity.	1	data/hca/manuscripts/0515_10.1084_jem.20201189_d8d9a9e257/metadata.json	data/hca/manuscripts/0515_10.1084_jem.20201189_d8d9a9e257/resolution.json	data/hca/manuscripts/0515_10.1084_jem.20201189_d8d9a9e257/manuscript.md		data/hca/manuscripts/0515_10.1084_jem.20201189_d8d9a9e257/manuscript.xml			
