term_type	curie	observed_label	current_exact	semantic_exact	match_source	canonical_label	exact_synonyms	obsolete
celltype	CL:0000015	male germ cell	1	1	canonical	male germ cell		0
celltype	CL:0000017	spermatocyte	1	1	canonical	spermatocyte		0
celltype	CL:0000018	spermatid	1	1	canonical	spermatid	nematoblast	0
celltype	CL:0000023	oocyte	1	1	canonical	oocyte		0
celltype	CL:0000023	primordial oocyte	0	0	none	oocyte		0
celltype	CL:0000030	glioblast	1	1	canonical	glioblast		0
celltype	CL:0000031	cycling neuroblast	0	0	none	neuroblast (sensu Vertebrata)	neuroblast	0
celltype	CL:0000031	early neuroblast	0	0	none	neuroblast (sensu Vertebrata)	neuroblast	0
celltype	CL:0000031	late GABAergic neuroblast	0	0	none	neuroblast (sensu Vertebrata)	neuroblast	0
celltype	CL:0000031	late neuroblast	0	0	none	neuroblast (sensu Vertebrata)	neuroblast	0
celltype	CL:0000031	neuroblast	1	1	exact_synonym	neuroblast (sensu Vertebrata)	neuroblast	0
celltype	CL:0000031	sympathetic neuroblast	0	0	none	neuroblast (sensu Vertebrata)	neuroblast	0
celltype	CL:0000034	CD34-positive stem cell	0	0	none	stem cell		0
celltype	CL:0000034	FOXN1-positive thymic epithelial progenitor cell	0	0	none	stem cell		0
celltype	CL:0000034	LBT003 glioblastoma stem cell	0	0	none	stem cell		0
celltype	CL:0000034	adipose stem cell	0	0	none	stem cell		0
celltype	CL:0000034	alveolar epithelial progenitor	0	0	none	stem cell		0
celltype	CL:0000034	alveolar epithelial progenitor cell	0	0	none	stem cell		0
celltype	CL:0000034	basal proliferative epithelial progenitor cell	0	0	none	stem cell		0
celltype	CL:0000034	basal stem cell	0	0	none	stem cell		0
celltype	CL:0000034	basal stem cell cluster BAS-I	0	0	none	stem cell		0
celltype	CL:0000034	basal stem cell cluster BAS-II	0	0	none	stem cell		0
celltype	CL:0000034	basal stem cell cluster BAS-III	0	0	none	stem cell		0
celltype	CL:0000034	basal stem cell cluster BAS-IV	0	0	none	stem cell		0
celltype	CL:0000034	basal stem cell subpopulation kBAS-I	0	0	none	stem cell		0
celltype	CL:0000034	basal stem cell subpopulation kBAS-II	0	0	none	stem cell		0
celltype	CL:0000034	basal/stem cell	0	0	none	stem cell		0
celltype	CL:0000034	basal/stem cell cluster 5	0	0	none	stem cell		0
celltype	CL:0000034	basal/stem cell cluster 7	0	0	none	stem cell		0
celltype	CL:0000034	basal/stem cell cluster 9	0	0	none	stem cell		0
celltype	CL:0000034	colon adenoma stem cell	0	0	none	stem cell		0
celltype	CL:0000034	committing pituitary stem cell	0	0	none	stem cell		0
celltype	CL:0000034	committing stem cell	0	0	none	stem cell		0
celltype	CL:0000034	corneal stromal stem cell	0	0	none	stem cell		0
celltype	CL:0000034	glioblastoma stem cell	0	0	none	stem cell		0
celltype	CL:0000034	hematopoietic-derived stem cell	0	0	none	stem cell		0
celltype	CL:0000034	human tendon-derived stem cell	0	0	none	stem cell		0
celltype	CL:0000034	metaplastic stem cell	0	0	none	stem cell		0
celltype	CL:0000034	pituitary stem cell	0	0	none	stem cell		0
celltype	CL:0000034	proliferative stem cell	0	0	none	stem cell		0
celltype	CL:0000034	small intestine stem cell	0	0	none	stem cell		0
celltype	CL:0000034	stem cell	1	1	canonical	stem cell		0
celltype	CL:0000034	stem cell 3	0	0	none	stem cell		0
celltype	CL:0000034	tendon-derived stem cell	0	0	none	stem cell		0
celltype	CL:0000034	tissue stem cell	0	0	none	stem cell		0
celltype	CL:0000034	uncommitted pituitary stem cell	0	0	none	stem cell		0
celltype	CL:0000036	colon epithelial stem cell	0	0	none	epithelial fate stem cell	epithelial stem cell	0
celltype	CL:0000036	dental epithelial stem cell	0	0	none	epithelial fate stem cell	epithelial stem cell	0
celltype	CL:0000036	epithelial stem cell	1	1	exact_synonym	epithelial fate stem cell	epithelial stem cell	0
celltype	CL:0000037	CD38-positive hematopoietic stem cell	0	0	none	hematopoietic stem cell	blood forming stem cell | hemopoietic stem cell	0
celltype	CL:0000037	expanded early hematopoietic stem cell and multipotent progenitor	0	0	none	hematopoietic stem cell	blood forming stem cell | hemopoietic stem cell	0
celltype	CL:0000037	hematopoietic progenitor cell	1	0	none	hematopoietic stem cell	blood forming stem cell | hemopoietic stem cell	0
celltype	CL:0000037	hematopoietic stem cell	1	1	canonical	hematopoietic stem cell	blood forming stem cell | hemopoietic stem cell	0
celltype	CL:0000038	committed erythroid progenitor	0	0	none	erythroid progenitor cell		0
celltype	CL:0000038	early erythroid progenitor	0	0	none	erythroid progenitor cell		0
celltype	CL:0000038	erythroid progenitor	1	0	none	erythroid progenitor cell		0
celltype	CL:0000038	erythroid progenitor (colony-forming unit-erythroid)	0	0	none	erythroid progenitor cell		0
celltype	CL:0000038	erythroid-biased megakaryocyte-erythroid progenitor	0	0	none	erythroid progenitor cell		0
celltype	CL:0000038	megakaryocyte-biased megakaryocyte-erythroid progenitor	0	0	none	erythroid progenitor cell		0
celltype	CL:0000038	megakaryocyte-erythroid progenitor	0	0	none	erythroid progenitor cell		0
celltype	CL:0000047	G1 neural stem cell	0	0	none	neural stem cell	NSC | neuronal stem cell	0
celltype	CL:0000047	G2/M phase neural stem cell	0	0	none	neural stem cell	NSC | neuronal stem cell	0
celltype	CL:0000047	Late G1 neural stem cell	0	0	none	neural stem cell	NSC | neuronal stem cell	0
celltype	CL:0000047	M/Early G1 phase neural stem cell	0	0	none	neural stem cell	NSC | neuronal stem cell	0
celltype	CL:0000047	Neural G0 neural stem cell	0	0	none	neural stem cell	NSC | neuronal stem cell	0
celltype	CL:0000047	S phase neural stem cell	0	0	none	neural stem cell	NSC | neuronal stem cell	0
celltype	CL:0000047	S/G2 phase neural stem cell	0	0	none	neural stem cell	NSC | neuronal stem cell	0
celltype	CL:0000047	neural progenitor cell	1	0	none	neural stem cell	NSC | neuronal stem cell	0
celltype	CL:0000047	neural stem cell	1	1	canonical	neural stem cell	NSC | neuronal stem cell	0
celltype	CL:0000047	quiescent neural stem cell	0	0	none	neural stem cell	NSC | neuronal stem cell	0
celltype	CL:0000049	common myeloid progenitor	1	1	canonical	common myeloid progenitor	common myeloid precursor	0
celltype	CL:0000049	early myeloid progenitor	0	0	none	common myeloid progenitor	common myeloid precursor	0
celltype	CL:0000049	lympho-myeloid progenitor	0	0	none	common myeloid progenitor	common myeloid precursor	0
celltype	CL:0000049	myeloid progenitor	1	0	none	common myeloid progenitor	common myeloid precursor	0
celltype	CL:0000049	neutrophil-myeloid progenitor	0	0	none	common myeloid progenitor	common myeloid precursor	0
celltype	CL:0000051	common lymphoid progenitor	1	1	canonical	common lymphoid progenitor	common lymphocyte precursor | common lymphocyte progenitor | common lymphoid precursor	0
celltype	CL:0000051	multi-lymphoid progenitor	1	0	none	common lymphoid progenitor	common lymphocyte precursor | common lymphocyte progenitor | common lymphoid precursor	0
celltype	CL:0000056	differentiated muscle stem cell/myoblast/myocyte	0	0	none	myoblast		0
celltype	CL:0000056	myoblast group 1	0	0	none	myoblast		0
celltype	CL:0000056	myoblast-like cell	0	0	none	myoblast		0
celltype	CL:0000057	ABCA10 hi fibroblast	0	0	none	fibroblast		0
celltype	CL:0000057	ABI3BP GAS2 Fibroblast	0	0	none	fibroblast		0
celltype	CL:0000057	ADAM12 hi fibroblast	0	0	none	fibroblast		0
celltype	CL:0000057	APOD-positive fibroblast	0	0	none	fibroblast		0
celltype	CL:0000057	CCL11+ fibroblast	0	0	none	fibroblast		0
celltype	CL:0000057	CCL19-positive fibroblast	0	0	none	fibroblast		0
celltype	CL:0000057	CD34 lineage fibroblast cluster 1	0	0	none	fibroblast		0
celltype	CL:0000057	CD34 lineage fibroblast cluster 2	0	0	none	fibroblast		0
celltype	CL:0000057	CD34 lineage fibroblast cluster 8	0	0	none	fibroblast		0
celltype	CL:0000057	CD34-high fibroblast	0	0	none	fibroblast		0
celltype	CL:0000057	CHSY3 MECOM Fibroblast	0	0	none	fibroblast		0
celltype	CL:0000057	COCH-positive fibroblast	0	0	none	fibroblast		0
celltype	CL:0000057	COL1A1-high fibroblast	0	0	none	fibroblast		0
celltype	CL:0000057	COL3A1 PI16 Fibroblast	0	0	none	fibroblast		0
celltype	CL:0000057	COL6A6 FNDC1 Fibroblast	0	0	none	fibroblast		0
celltype	CL:0000057	COL6A6-positive fibroblast	0	0	none	fibroblast		0
celltype	CL:0000057	CREB5 PRG4 Fibroblast	0	0	none	fibroblast		0
celltype	CL:0000057	CTHRC1+ fibroblast population	0	0	none	fibroblast		0
celltype	CL:0000057	CTHRC1-expressing fibroblast	0	0	none	fibroblast		0
celltype	CL:0000057	CTHRC1-expressing pathologic fibroblast	0	0	none	fibroblast		0
celltype	CL:0000057	CTHRC1-positive fibroblast	0	0	none	fibroblast		0
celltype	CL:0000057	CTHRC1-positive pathologic fibroblast	0	0	none	fibroblast		0
celltype	CL:0000057	Cluster-1 fibroblast	0	0	none	fibroblast		0
celltype	CL:0000057	Cluster-2 fibroblast	0	0	none	fibroblast		0
celltype	CL:0000057	Cluster-4 fibroblast	0	0	none	fibroblast		0
celltype	CL:0000057	Col13a1-positive fibroblast	0	0	none	fibroblast		0
celltype	CL:0000057	EBF1-positive fibroblast	0	0	none	fibroblast		0
celltype	CL:0000057	F2RL2-positive fibroblast	0	0	none	fibroblast		0
celltype	CL:0000057	FBLN1 hi fibroblast	0	0	none	fibroblast		0
celltype	CL:0000057	FGF14 THBS4 Fibroblast	0	0	none	fibroblast		0
celltype	CL:0000057	FGF14-positive IL6-positive fibroblast	0	0	none	fibroblast		0
celltype	CL:0000057	FGF14-positive IL6-positive fibroblast subtype	0	0	none	fibroblast		0
celltype	CL:0000057	HAS1 high fibroblast	0	0	none	fibroblast		0
celltype	CL:0000057	HAS1-high fibroblast	0	0	none	fibroblast		0
celltype	CL:0000057	KERA TNMD Fibroblast	0	0	none	fibroblast		0
celltype	CL:0000057	KLF+ fibroblast	0	0	none	fibroblast		0
celltype	CL:0000057	LGR5-positive fibroblast	0	0	none	fibroblast		0
celltype	CL:0000057	MAB21L1-positive fibroblast	0	0	none	fibroblast		0
celltype	CL:0000057	MFAP5-high fibroblast	0	0	none	fibroblast		0
celltype	CL:0000057	NEGR1 SCN7A Fibroblast	0	0	none	fibroblast		0
celltype	CL:0000057	NR4A1 hi fibroblast	0	0	none	fibroblast		0
celltype	CL:0000057	PDGFR+ fibroblast	0	0	none	fibroblast		0
celltype	CL:0000057	PDGFRA-positive fibroblast	0	0	none	fibroblast		0
celltype	CL:0000057	PLIN2-positive fibroblast	0	0	none	fibroblast		0
celltype	CL:0000057	POSTN-positive fibroblast	0	0	none	fibroblast		0
celltype	CL:0000057	PTGDS-positive fibroblast	0	0	none	fibroblast		0
celltype	CL:0000057	RARRES1-positive fibroblast	0	0	none	fibroblast		0
celltype	CL:0000057	RUNX3+ fibroblast	0	0	none	fibroblast		0
celltype	CL:0000057	SFRP2-high PRSS23-positive WIF1-negative fibroblast	0	0	none	fibroblast		0
celltype	CL:0000057	SFRP2-high/DPP4-expressing progenitor fibroblast population	0	0	none	fibroblast		0
celltype	CL:0000057	SFRP2-positive fibroblast	0	0	none	fibroblast		0
celltype	CL:0000057	SPINT2-high fibroblast	0	0	none	fibroblast		0
celltype	CL:0000057	TNFRSF21-positive fibroblast	0	0	none	fibroblast		0
celltype	CL:0000057	Type I perivascular fibroblast	0	0	none	fibroblast		0
celltype	CL:0000057	Type II perivascular fibroblast	0	0	none	fibroblast		0
celltype	CL:0000057	Type III perivascular fibroblast	0	0	none	fibroblast		0
celltype	CL:0000057	WIF1-high fibroblast	0	0	none	fibroblast		0
celltype	CL:0000057	WNT5A-positive/PDGFRA-positive fibroblast	0	0	none	fibroblast		0
celltype	CL:0000057	activated fibroblast	0	0	none	fibroblast		0
celltype	CL:0000057	activated fibroblast 4	0	0	none	fibroblast		0
celltype	CL:0000057	active fibroblast cluster 11	0	0	none	fibroblast		0
celltype	CL:0000057	active fibroblast cluster 12	0	0	none	fibroblast		0
celltype	CL:0000057	active fibroblast cluster 3	0	0	none	fibroblast		0
celltype	CL:0000057	active fibroblast cluster 6	0	0	none	fibroblast		0
celltype	CL:0000057	active fibroblast cluster 7	0	0	none	fibroblast		0
celltype	CL:0000057	adventitial-type fibroblast	0	0	none	fibroblast		0
celltype	CL:0000057	alveolar fibroblast	0	0	none	fibroblast		0
celltype	CL:0000057	autosomal dominant polycystic kidney disease-specific fibroblast subtype	0	0	none	fibroblast		0
celltype	CL:0000057	cancer-associated fibroblast 1	0	0	none	fibroblast		0
celltype	CL:0000057	cancer-associated fibroblast 2	0	0	none	fibroblast		0
celltype	CL:0000057	canonical fibroblast	0	0	none	fibroblast		0
celltype	CL:0000057	chemotactic fibroblast cluster 3	0	0	none	fibroblast		0
celltype	CL:0000057	ciliary body fibroblast	0	0	none	fibroblast		0
celltype	CL:0000057	ciliary fibroblast	0	0	none	fibroblast		0
celltype	CL:0000057	conventional fibroblast	0	0	none	fibroblast		0
celltype	CL:0000057	corneal stromal fibroblast	0	0	none	fibroblast		0
celltype	CL:0000057	crypt fibroblast	0	0	none	fibroblast		0
celltype	CL:0000057	decidual fibroblast 2	0	0	none	fibroblast		0
celltype	CL:0000057	decidualized fibroblast cell	0	0	none	fibroblast		0
celltype	CL:0000057	dermal papilla fibroblast	0	0	none	fibroblast		0
celltype	CL:0000057	dermal papilla-associated fibroblast	0	0	none	fibroblast		0
celltype	CL:0000057	disease-associated fibroblast	0	0	none	fibroblast		0
celltype	CL:0000057	dividing fibroblasts/mural cells	0	0	none	fibroblast		0
celltype	CL:0000057	elastic fibroblast	0	0	none	fibroblast		0
celltype	CL:0000057	end-stage osteoarthritis pain-associated synovial fibroblast	0	0	none	fibroblast		0
celltype	CL:0000057	end-stage osteoarthritis synovial fibroblast	0	0	none	fibroblast		0
celltype	CL:0000057	endoneurial nerve-associated fibroblast	0	0	none	fibroblast		0
celltype	CL:0000057	fascial fibroblast 1	0	0	none	fibroblast		0
celltype	CL:0000057	fascial fibroblast 2	0	0	none	fibroblast		0
celltype	CL:0000057	fibroblast	1	1	canonical	fibroblast		0
celltype	CL:0000057	fibroblast (COL1A1)	0	0	none	fibroblast		0
celltype	CL:0000057	fibroblast (DPT)	0	0	none	fibroblast		0
celltype	CL:0000057	fibroblast (FN1)	0	0	none	fibroblast		0
celltype	CL:0000057	fibroblast (STAR)	0	0	none	fibroblast		0
celltype	CL:0000057	fibroblast 1	1	0	none	fibroblast		0
celltype	CL:0000057	fibroblast 2	1	0	none	fibroblast		0
celltype	CL:0000057	fibroblast 3	0	0	none	fibroblast		0
celltype	CL:0000057	fibroblast 4	0	0	none	fibroblast		0
celltype	CL:0000057	fibroblast 5	0	0	none	fibroblast		0
celltype	CL:0000057	fibroblast 6	0	0	none	fibroblast		0
celltype	CL:0000057	fibroblast 7	0	0	none	fibroblast		0
celltype	CL:0000057	fibroblast FB-1	0	0	none	fibroblast		0
celltype	CL:0000057	fibroblast FB-2	0	0	none	fibroblast		0
celltype	CL:0000057	fibroblast FB-4	0	0	none	fibroblast		0
celltype	CL:0000057	fibroblast FB-5	0	0	none	fibroblast		0
celltype	CL:0000057	fibroblast H.Fib 1.3, 1.4, and 1.5	0	0	none	fibroblast		0
celltype	CL:0000057	fibroblast I	0	0	none	fibroblast		0
celltype	CL:0000057	fibroblast II	0	0	none	fibroblast		0
celltype	CL:0000057	fibroblast III	0	0	none	fibroblast		0
celltype	CL:0000057	fibroblast IV	0	0	none	fibroblast		0
celltype	CL:0000057	fibroblast SFRP4 cell state	0	0	none	fibroblast		0
celltype	CL:0000057	fibroblast cell	0	0	none	fibroblast		0
celltype	CL:0000057	fibroblast cluster 0	0	0	none	fibroblast		0
celltype	CL:0000057	fibroblast cluster 1	0	0	none	fibroblast		0
celltype	CL:0000057	fibroblast cluster 1.2	0	0	none	fibroblast		0
celltype	CL:0000057	fibroblast cluster 2	0	0	none	fibroblast		0
celltype	CL:0000057	fibroblast cluster 4	0	0	none	fibroblast		0
celltype	CL:0000057	fibroblast cluster 6	0	0	none	fibroblast		0
celltype	CL:0000057	fibroblast cluster 7	0	0	none	fibroblast		0
celltype	CL:0000057	fibroblast cluster C10	0	0	none	fibroblast		0
celltype	CL:0000057	fibroblast cluster C17	0	0	none	fibroblast		0
celltype	CL:0000057	fibroblast cluster C22	0	0	none	fibroblast		0
celltype	CL:0000057	fibroblast cluster C28	0	0	none	fibroblast		0
celltype	CL:0000057	fibroblast cluster C29	0	0	none	fibroblast		0
celltype	CL:0000057	fibroblast cluster C31	0	0	none	fibroblast		0
celltype	CL:0000057	fibroblast cluster C32	0	0	none	fibroblast		0
celltype	CL:0000057	fibroblast cluster C5	0	0	none	fibroblast		0
celltype	CL:0000057	fibroblast major cell state	0	0	none	fibroblast		0
celltype	CL:0000057	fibroblast matrix cell state	0	0	none	fibroblast		0
celltype	CL:0000057	fibroblast population	0	0	none	fibroblast		0
celltype	CL:0000057	fibroblast prematrix cell state	0	0	none	fibroblast		0
celltype	CL:0000057	fibroblast state 1	0	0	none	fibroblast		0
celltype	CL:0000057	fibroblast state 2	0	0	none	fibroblast		0
celltype	CL:0000057	fibroblast state F10	0	0	none	fibroblast		0
celltype	CL:0000057	fibroblast state F11	0	0	none	fibroblast		0
celltype	CL:0000057	fibroblast state F12	0	0	none	fibroblast		0
celltype	CL:0000057	fibroblast state F13	0	0	none	fibroblast		0
celltype	CL:0000057	fibroblast state F3	0	0	none	fibroblast		0
celltype	CL:0000057	fibroblast state F4	0	0	none	fibroblast		0
celltype	CL:0000057	fibroblast state F5	0	0	none	fibroblast		0
celltype	CL:0000057	fibroblast state F6	0	0	none	fibroblast		0
celltype	CL:0000057	fibroblast state F7	0	0	none	fibroblast		0
celltype	CL:0000057	fibroblast state F8	0	0	none	fibroblast		0
celltype	CL:0000057	fibroblast state F9	0	0	none	fibroblast		0
celltype	CL:0000057	fibroblast subcluster 3	0	0	none	fibroblast		0
celltype	CL:0000057	fibroblast subcluster 4	0	0	none	fibroblast		0
celltype	CL:0000057	fibroblast subcluster 9	0	0	none	fibroblast		0
celltype	CL:0000057	fibroblast subpopulation	0	0	none	fibroblast		0
celltype	CL:0000057	fibroblast subpopulation Fb3	0	0	none	fibroblast		0
celltype	CL:0000057	fibroblast subpopulation Fb4	0	0	none	fibroblast		0
celltype	CL:0000057	fibroblast subpopulation Fb5	0	0	none	fibroblast		0
celltype	CL:0000057	fibroblast subpopulation Fb6	0	0	none	fibroblast		0
celltype	CL:0000057	fibroblast subpopulation Fb7	0	0	none	fibroblast		0
celltype	CL:0000057	fibroblast subpopulation Fb8	0	0	none	fibroblast		0
celltype	CL:0000057	fibroblast subpopulation Fb9	0	0	none	fibroblast		0
celltype	CL:0000057	fibroblast subtype 1	0	0	none	fibroblast		0
celltype	CL:0000057	fibroblast subtype 3	0	0	none	fibroblast		0
celltype	CL:0000057	fibroblast subtype 7	0	0	none	fibroblast		0
celltype	CL:0000057	fibroblast subtype FB1	0	0	none	fibroblast		0
celltype	CL:0000057	fibroblast subtype FB2	0	0	none	fibroblast		0
celltype	CL:0000057	fibroblast subtype FB4	0	0	none	fibroblast		0
celltype	CL:0000057	fibroblast subtype FIB1 and FIB2	0	0	none	fibroblast		0
celltype	CL:0000057	fibroblast type 1	1	0	none	fibroblast		0
celltype	CL:0000057	fibroblast type 2	1	0	none	fibroblast		0
celltype	CL:0000057	fibroblast with elastic fiber differentiation	0	0	none	fibroblast		0
celltype	CL:0000057	fibroblast-dependent induced alveolar type II cell	0	0	none	fibroblast		0
celltype	CL:0000057	fibroblast-like cell	0	0	none	fibroblast		0
celltype	CL:0000057	fibroblast-like population S0	0	0	none	fibroblast		0
celltype	CL:0000057	fibroblast-like population S2	0	0	none	fibroblast		0
celltype	CL:0000057	fibroblast-like population S4	0	0	none	fibroblast		0
celltype	CL:0000057	fibroblast-like population S5	0	0	none	fibroblast		0
celltype	CL:0000057	gut-associated lymphoid tissue fibroblast	0	0	none	fibroblast		0
celltype	CL:0000057	high collagen expressing fibroblast population	0	0	none	fibroblast		0
celltype	CL:0000057	high extracellular matrix producing fibroblast	0	0	none	fibroblast		0
celltype	CL:0000057	immune recruiting fibroblast	0	0	none	fibroblast		0
celltype	CL:0000057	inflammation-associated fibroblast	0	0	none	fibroblast		0
celltype	CL:0000057	inflammatory fibroblast	0	0	none	fibroblast		0
celltype	CL:0000057	inflammatory fibroblast FB-3	0	0	none	fibroblast		0
celltype	CL:0000057	interfollicular and medullary fibroblast	0	0	none	fibroblast		0
celltype	CL:0000057	interstitial fibroblast	0	0	none	fibroblast		0
celltype	CL:0000057	intradetrusor fibroblast	0	0	none	fibroblast		0
celltype	CL:0000057	iris fibroblast	0	0	none	fibroblast		0
celltype	CL:0000057	iris stromal fibroblast	0	0	none	fibroblast		0
celltype	CL:0000057	lamina propria fibroblast	0	0	none	fibroblast		0
celltype	CL:0000057	limbal fibroblast	0	0	none	fibroblast		0
celltype	CL:0000057	lung alveolar fibroblast	0	0	none	fibroblast		0
celltype	CL:0000057	major interstitial fibroblast	0	0	none	fibroblast		0
celltype	CL:0000057	matrix fibroblast	0	0	none	fibroblast		0
celltype	CL:0000057	matrix fibroblast 1	0	0	none	fibroblast		0
celltype	CL:0000057	matrix fibroblast 2	0	0	none	fibroblast		0
celltype	CL:0000057	matrix fibroblast subtype	0	0	none	fibroblast		0
celltype	CL:0000057	mature fibroblast	0	0	none	fibroblast		0
celltype	CL:0000057	mature fibroblast cluster 0	0	0	none	fibroblast		0
celltype	CL:0000057	mature fibroblast cluster 1	0	0	none	fibroblast		0
celltype	CL:0000057	mature fibroblast cluster 2	0	0	none	fibroblast		0
celltype	CL:0000057	mature fibroblast cluster 3	0	0	none	fibroblast		0
celltype	CL:0000057	mature fibroblast cluster 5	0	0	none	fibroblast		0
celltype	CL:0000057	mature fibroblast cluster 8	0	0	none	fibroblast		0
celltype	CL:0000057	mature fibroblast cluster 9	0	0	none	fibroblast		0
celltype	CL:0000057	melanoma-associated fibroblast	0	0	none	fibroblast		0
celltype	CL:0000057	migratory fibroblast subtype FB1	0	0	none	fibroblast		0
celltype	CL:0000057	minor fibroblast population	0	0	none	fibroblast		0
celltype	CL:0000057	minor interstitial fibroblast	0	0	none	fibroblast		0
celltype	CL:0000057	mucosa-associated fibroblast	0	0	none	fibroblast		0
celltype	CL:0000057	muscle-embedded interstitial fibroblast	0	0	none	fibroblast		0
celltype	CL:0000057	neural fibroblast	0	0	none	fibroblast		0
celltype	CL:0000057	neuritogenesis-associated synovial fibroblast subset	0	0	none	fibroblast		0
celltype	CL:0000057	normal fibroblast	0	0	none	fibroblast		0
celltype	CL:0000057	papillary fibroblast	0	0	none	fibroblast		0
celltype	CL:0000057	pathologic CTHRC1+ fibroblast population	0	0	none	fibroblast		0
celltype	CL:0000057	pathological fibroblast	0	0	none	fibroblast		0
celltype	CL:0000057	peribronchial fibroblast	0	0	none	fibroblast		0
celltype	CL:0000057	perineurial nerve-associated fibroblast	0	0	none	fibroblast		0
celltype	CL:0000057	periodontal ligament fibroblast	0	0	none	fibroblast		0
celltype	CL:0000057	periurothelial fibroblast	0	0	none	fibroblast		0
celltype	CL:0000057	perivascular fibroblast	0	0	none	fibroblast		0
celltype	CL:0000057	pro-fibrotic fibroblast	0	0	none	fibroblast		0
celltype	CL:0000057	pro-inflammatory fibroblast	0	0	none	fibroblast		0
celltype	CL:0000057	pro-inflammatory fibroblast-like population S6	0	0	none	fibroblast		0
celltype	CL:0000057	progenitor fibroblast population	0	0	none	fibroblast		0
celltype	CL:0000057	proliferative fibroblast	0	0	none	fibroblast		0
celltype	CL:0000057	proliferative fibroblast cluster 10	0	0	none	fibroblast		0
celltype	CL:0000057	proliferative fibroblast cluster 4	0	0	none	fibroblast		0
celltype	CL:0000057	proliferative fibroblast cluster 6	0	0	none	fibroblast		0
celltype	CL:0000057	proliferative fibroblast cluster 7	0	0	none	fibroblast		0
celltype	CL:0000057	proliferative fibroblast cluster 8	0	0	none	fibroblast		0
celltype	CL:0000057	proliferative fibroblast cluster 9	0	0	none	fibroblast		0
celltype	CL:0000057	reticular dermal and hypodermal fibroblast	0	0	none	fibroblast		0
celltype	CL:0000057	reticular fibroblast	0	0	none	fibroblast		0
celltype	CL:0000057	scleral fibroblast	0	0	none	fibroblast		0
celltype	CL:0000057	secretory-papillary fibroblast	0	0	none	fibroblast		0
celltype	CL:0000057	secretory-reticular fibroblast	0	0	none	fibroblast		0
celltype	CL:0000057	senescent fibroblast	0	0	none	fibroblast		0
celltype	CL:0000057	stromal 1 fibroblast	0	0	none	fibroblast		0
celltype	CL:0000057	stromal 2 fibroblast	0	0	none	fibroblast		0
celltype	CL:0000057	stromal 3 fibroblast	0	0	none	fibroblast		0
celltype	CL:0000057	stromal 4 fibroblast	0	0	none	fibroblast		0
celltype	CL:0000057	stromal fibroblast	0	0	none	fibroblast		0
celltype	CL:0000057	stromal/fibroblast cell	0	0	none	fibroblast		0
celltype	CL:0000057	subepithelial fibroblast	0	0	none	fibroblast		0
celltype	CL:0000057	submucosa-associated fibroblast	0	0	none	fibroblast		0
celltype	CL:0000057	synovial fibroblast cluster 0	0	0	none	fibroblast		0
celltype	CL:0000057	synovial fibroblast cluster 1	0	0	none	fibroblast		0
celltype	CL:0000057	synovial fibroblast cluster 2	0	0	none	fibroblast		0
celltype	CL:0000057	synovial fibroblast cluster 3	0	0	none	fibroblast		0
celltype	CL:0000057	synovial fibroblast cluster 4	0	0	none	fibroblast		0
celltype	CL:0000057	synovial fibroblast cluster 5	0	0	none	fibroblast		0
celltype	CL:0000057	synovial fibroblast cluster 6	0	0	none	fibroblast		0
celltype	CL:0000057	synovial fibroblast from early osteoarthritis painful sites	0	0	none	fibroblast		0
celltype	CL:0000057	synovial fibroblast from end-stage osteoarthritis painful sites	0	0	none	fibroblast		0
celltype	CL:0000057	synovial fibroblast subset from early osteoarthritis painful sites	0	0	none	fibroblast		0
celltype	CL:0000057	synovial fibroblast subset from painful synovial sites in early osteoarthritis	0	0	none	fibroblast		0
celltype	CL:0000057	systemic sclerosis SFRP2-high PRSS23-positive fibroblast	0	0	none	fibroblast		0
celltype	CL:0000057	systemic sclerosis fibroblast	0	0	none	fibroblast		0
celltype	CL:0000057	trabecular meshwork fibroblast	0	0	none	fibroblast		0
celltype	CL:0000057	transitional fibroblast	0	0	none	fibroblast		0
celltype	CL:0000057	uveal fibroblast	0	0	none	fibroblast		0
celltype	CL:0000057	vascular fibroblast	0	0	none	fibroblast		0
celltype	CL:0000057	villus fibroblast	0	0	none	fibroblast		0
celltype	CL:0000059	ameloblast	1	1	canonical	ameloblast	amelocyte | enamel secreting cell	0
celltype	CL:0000059	differentiating ameloblast	0	0	none	ameloblast	amelocyte | enamel secreting cell	0
celltype	CL:0000060	odontoblast	1	1	canonical	odontoblast		0
celltype	CL:0000060	osteoblast/odontoblast	0	0	none	odontoblast		0
celltype	CL:0000062	osteoblast	1	1	canonical	osteoblast		0
celltype	CL:0000062	pre-osteoblast	0	0	none	osteoblast		0
celltype	CL:0000064	SCGB3A2-ciliated cell	0	0	none	ciliated cell		0
celltype	CL:0000064	acute-phase response positive ciliated cell	0	0	none	ciliated cell		0
celltype	CL:0000064	ciliated cell	1	1	canonical	ciliated cell		0
celltype	CL:0000064	developing ciliated cell	0	0	none	ciliated cell		0
celltype	CL:0000064	hyper-infected ciliated cell	0	0	none	ciliated cell		0
celltype	CL:0000064	interferon-responsive ciliated cell	0	0	none	ciliated cell		0
celltype	CL:0000064	mature ciliated cell	0	0	none	ciliated cell		0
celltype	CL:0000064	mucous ciliated cell	0	0	none	ciliated cell		0
celltype	CL:0000064	non-ciliated cell	0	0	none	ciliated cell		0
celltype	CL:0000064	serum amyloid A gene-expressing ciliated cell	0	0	none	ciliated cell		0
celltype	CL:0000065	ependymal cell	1	1	canonical	ependymal cell		0
celltype	CL:0000066	BEST4 epithelial cell	0	0	none	epithelial cell	epitheliocyte	0
celltype	CL:0000066	Basal 1 epithelial cell	0	0	none	epithelial cell	epitheliocyte	0
celltype	CL:0000066	Basal 2 epithelial cell	0	0	none	epithelial cell	epitheliocyte	0
celltype	CL:0000066	Basal 3 epithelial cell	0	0	none	epithelial cell	epitheliocyte	0
celltype	CL:0000066	Basal 4 epithelial cell	0	0	none	epithelial cell	epitheliocyte	0
celltype	CL:0000066	CEACAM5-high epithelial cell	0	0	none	epithelial cell	epitheliocyte	0
celltype	CL:0000066	EpCAM-positive epithelial cell	1	0	none	epithelial cell	epitheliocyte	0
celltype	CL:0000066	FDCSP epithelial cell	0	0	none	epithelial cell	epitheliocyte	0
celltype	CL:0000066	KRT5-negative KRT17-positive epithelial cell	0	0	none	epithelial cell	epitheliocyte	0
celltype	CL:0000066	KRT5-negative/KRT17-positive epithelial cell	0	0	none	epithelial cell	epitheliocyte	0
celltype	CL:0000066	MUC5B-positive epithelial cell	0	0	none	epithelial cell	epitheliocyte	0
celltype	CL:0000066	SOX9 functionalis I epithelial population	0	0	none	epithelial cell	epitheliocyte	0
celltype	CL:0000066	SOX9 functionalis II epithelial population	0	0	none	epithelial cell	epitheliocyte	0
celltype	CL:0000066	SOX9 functionalis epithelial population	0	0	none	epithelial cell	epitheliocyte	0
celltype	CL:0000066	SOX9-positive LGR5-negative epithelial cell	0	0	none	epithelial cell	epitheliocyte	0
celltype	CL:0000066	SOX9-positive LGR5-positive epithelial cell	0	0	none	epithelial cell	epitheliocyte	0
celltype	CL:0000066	SOX9-positive epithelial cell	0	0	none	epithelial cell	epitheliocyte	0
celltype	CL:0000066	alveolar type-2 epithelial cell	0	0	none	epithelial cell	epitheliocyte	0
celltype	CL:0000066	apical epithelial cell	0	0	none	epithelial cell	epitheliocyte	0
celltype	CL:0000066	basal lineage epithelial cell	0	0	none	epithelial cell	epitheliocyte	0
celltype	CL:0000066	basaloid-like epithelial cell	0	0	none	epithelial cell	epitheliocyte	0
celltype	CL:0000066	cancerous epithelial cell	0	0	none	epithelial cell	epitheliocyte	0
celltype	CL:0000066	chromophobe renal cell carcinoma tumor epithelial cell	0	0	none	epithelial cell	epitheliocyte	0
celltype	CL:0000066	ciliated epithelial subtype 1-1	0	0	none	epithelial cell	epitheliocyte	0
celltype	CL:0000066	ciliated epithelial subtype 1-3	0	0	none	epithelial cell	epitheliocyte	0
celltype	CL:0000066	ciliated epithelial subtype 1-4	0	0	none	epithelial cell	epitheliocyte	0
celltype	CL:0000066	clear cell renal cell carcinoma tumor epithelial cell	0	0	none	epithelial cell	epitheliocyte	0
celltype	CL:0000066	coelomic epithelial cell	0	0	none	epithelial cell	epitheliocyte	0
celltype	CL:0000066	conjunctival or limbal epithelial cell	0	0	none	epithelial cell	epitheliocyte	0
celltype	CL:0000066	conjunctival superficial epithelial cell	0	0	none	epithelial cell	epitheliocyte	0
celltype	CL:0000066	conjunctival wing epithelial cell	0	0	none	epithelial cell	epitheliocyte	0
celltype	CL:0000066	corneal and limbal epithelial cell	0	0	none	epithelial cell	epitheliocyte	0
celltype	CL:0000066	corneal superficial epithelial cell	0	0	none	epithelial cell	epitheliocyte	0
celltype	CL:0000066	cultured basal limbal epithelial cell	0	0	none	epithelial cell	epitheliocyte	0
celltype	CL:0000066	cycling epithelial cell	0	0	none	epithelial cell	epitheliocyte	0
celltype	CL:0000066	dental epithelial cell	0	0	none	epithelial cell	epitheliocyte	0
celltype	CL:0000066	differentiated epithelial cell	0	0	none	epithelial cell	epitheliocyte	0
celltype	CL:0000066	differentiating epithelial cell	0	0	none	epithelial cell	epitheliocyte	0
celltype	CL:0000066	disease-associated epithelial proliferative cell	0	0	none	epithelial cell	epitheliocyte	0
celltype	CL:0000066	distal tip epithelial cell	0	0	none	epithelial cell	epitheliocyte	0
celltype	CL:0000066	endometrial epithelial cell	0	0	none	epithelial cell	epitheliocyte	0
celltype	CL:0000066	epithelial MYB-expressing cluster	0	0	none	epithelial cell	epitheliocyte	0
celltype	CL:0000066	epithelial cell	1	1	canonical	epithelial cell	epitheliocyte	0
celltype	CL:0000066	epithelial cell H.Epi 1.2	0	0	none	epithelial cell	epitheliocyte	0
celltype	CL:0000066	epithelial differentiated 3 oral squamous cell carcinoma cell	0	0	none	epithelial cell	epitheliocyte	0
celltype	CL:0000066	epithelial differentiated 4 oral squamous cell carcinoma cell	0	0	none	epithelial cell	epitheliocyte	0
celltype	CL:0000066	epithelial differentiated cell	0	0	none	epithelial cell	epitheliocyte	0
celltype	CL:0000066	epithelial differentiated oral squamous cell carcinoma cell	0	0	none	epithelial cell	epitheliocyte	0
celltype	CL:0000066	epithelial population E2	0	0	none	epithelial cell	epitheliocyte	0
celltype	CL:0000066	epithelial subpopulation 2	0	0	none	epithelial cell	epitheliocyte	0
celltype	CL:0000066	epithelial subpopulation 4	0	0	none	epithelial cell	epitheliocyte	0
celltype	CL:0000066	epithelial/cancer cell	0	0	none	epithelial cell	epitheliocyte	0
celltype	CL:0000066	extracellular matrix high epithelial cell	0	0	none	epithelial cell	epitheliocyte	0
celltype	CL:0000066	follicle-associated epithelial cell	0	0	none	epithelial cell	epitheliocyte	0
celltype	CL:0000066	foveal pigment epithelial cell	0	0	none	epithelial cell	epitheliocyte	0
celltype	CL:0000066	glandular secretory epithelial population	0	0	none	epithelial cell	epitheliocyte	0
celltype	CL:0000066	hillock epithelial cell	0	0	none	epithelial cell	epitheliocyte	0
celltype	CL:0000066	hormone receptor-associated luminal lineage epithelial cell	0	0	none	epithelial cell	epitheliocyte	0
celltype	CL:0000066	intestinal-type epithelial cell	0	0	none	epithelial cell	epitheliocyte	0
celltype	CL:0000066	intra-epithelial T cell	0	0	none	epithelial cell	epitheliocyte	0
celltype	CL:0000066	limbal superficial epithelial cell	0	0	none	epithelial cell	epitheliocyte	0
celltype	CL:0000066	lumenal epithelial cell	0	0	none	epithelial cell	epitheliocyte	0
celltype	CL:0000066	luminal epithelial cell	0	0	none	epithelial cell	epitheliocyte	0
celltype	CL:0000066	luminal-like epithelial cell	0	0	none	epithelial cell	epitheliocyte	0
celltype	CL:0000066	mature epithelial cell	0	0	none	epithelial cell	epitheliocyte	0
celltype	CL:0000066	mesonephric/epididymis epithelial cell	0	0	none	epithelial cell	epitheliocyte	0
celltype	CL:0000066	mesonephros and epididymis epithelial cell	0	0	none	epithelial cell	epitheliocyte	0
celltype	CL:0000066	nail-specific epithelial cell	0	0	none	epithelial cell	epitheliocyte	0
celltype	CL:0000066	nephric epithelial cell	0	0	none	epithelial cell	epitheliocyte	0
celltype	CL:0000066	neuroendocrine epithelial cell	0	0	none	epithelial cell	epitheliocyte	0
celltype	CL:0000066	non-MYB-expressing epithelial cluster	0	0	none	epithelial cell	epitheliocyte	0
celltype	CL:0000066	non-MYB-expressing epithelial population	0	0	none	epithelial cell	epitheliocyte	0
celltype	CL:0000066	non-cancerous epithelial cell	0	0	none	epithelial cell	epitheliocyte	0
celltype	CL:0000066	non-ciliated secretory epithelial subtype 2-1	0	0	none	epithelial cell	epitheliocyte	0
celltype	CL:0000066	non-ciliated secretory epithelial subtype 2-2	0	0	none	epithelial cell	epitheliocyte	0
celltype	CL:0000066	non-ciliated secretory epithelial subtype 2-3	0	0	none	epithelial cell	epitheliocyte	0
celltype	CL:0000066	non-ciliated secretory epithelial subtype 2-4	0	0	none	epithelial cell	epitheliocyte	0
celltype	CL:0000066	non-ciliated secretory epithelial subtype 2-5	0	0	none	epithelial cell	epitheliocyte	0
celltype	CL:0000066	non-ciliated secretory epithelial subtype 2-6	0	0	none	epithelial cell	epitheliocyte	0
celltype	CL:0000066	non-infected epithelial cell	0	0	none	epithelial cell	epitheliocyte	0
celltype	CL:0000066	nonciliated epithelial cell	0	0	none	epithelial cell	epitheliocyte	0
celltype	CL:0000066	other epithelial cell	0	0	none	epithelial cell	epitheliocyte	0
celltype	CL:0000066	other epithelial cell type 1	0	0	none	epithelial cell	epitheliocyte	0
celltype	CL:0000066	other epithelial cell type 2	0	0	none	epithelial cell	epitheliocyte	0
celltype	CL:0000066	pelvic epithelium	1	0	none	epithelial cell	epitheliocyte	0
celltype	CL:0000066	peripheral pigment epithelial cell	0	0	none	epithelial cell	epitheliocyte	0
celltype	CL:0000066	pigment epithelial cell	0	0	none	epithelial cell	epitheliocyte	0
celltype	CL:0000066	preGlandular epithelial population	0	0	none	epithelial cell	epitheliocyte	0
celltype	CL:0000066	preLuminal epithelial population	0	0	none	epithelial cell	epitheliocyte	0
celltype	CL:0000066	proliferating epithelial cell	0	0	none	epithelial cell	epitheliocyte	0
celltype	CL:0000066	prostate cancer epithelial cell	0	0	none	epithelial cell	epitheliocyte	0
celltype	CL:0000066	proximal branching epithelial cell	0	0	none	epithelial cell	epitheliocyte	0
celltype	CL:0000066	regenerative epithelial cell	0	0	none	epithelial cell	epitheliocyte	0
celltype	CL:0000066	rete ovarii epithelial cell	0	0	none	epithelial cell	epitheliocyte	0
celltype	CL:0000066	rete testis epithelial cell	0	0	none	epithelial cell	epitheliocyte	0
celltype	CL:0000066	secretory luminal lineage epithelial cell	0	0	none	epithelial cell	epitheliocyte	0
celltype	CL:0000066	senescent epithelial cell	0	0	none	epithelial cell	epitheliocyte	0
celltype	CL:0000066	submucosal gland epithelial cell	0	0	none	epithelial cell	epitheliocyte	0
celltype	CL:0000066	sulcular epithelial cell	0	0	none	epithelial cell	epitheliocyte	0
celltype	CL:0000066	superficial limbal epithelial cell	0	0	none	epithelial cell	epitheliocyte	0
celltype	CL:0000066	surface epithelial cell	0	0	none	epithelial cell	epitheliocyte	0
celltype	CL:0000066	sweat gland epithelial cell	0	0	none	epithelial cell	epitheliocyte	0
celltype	CL:0000066	transit epithelial cell	0	0	none	epithelial cell	epitheliocyte	0
celltype	CL:0000066	tubular epithelial cell	0	0	none	epithelial cell	epitheliocyte	0
celltype	CL:0000066	tumor transition epithelial cell	0	0	none	epithelial cell	epitheliocyte	0
celltype	CL:0000066	unciliated epithelial cell	0	0	none	epithelial cell	epitheliocyte	0
celltype	CL:0000066	undifferentiated dental epithelial cell	0	0	none	epithelial cell	epitheliocyte	0
celltype	CL:0000066	undifferentiated epithelial cell	0	0	none	epithelial cell	epitheliocyte	0
celltype	CL:0000067	ciliated epithelial cell	1	1	canonical	ciliated epithelial cell		0
celltype	CL:0000068	Müllerian duct epithelial cell	0	0	none	duct epithelial cell		0
celltype	CL:0000068	efferent duct epithelial cell	0	0	none	duct epithelial cell		0
celltype	CL:0000071	CD34-positive KSHV-infected vascular endothelial cell	0	0	none	blood vessel endothelial cell		0
celltype	CL:0000071	CD34-positive vascular endothelial cell	0	0	none	blood vessel endothelial cell		0
celltype	CL:0000071	arteriolar vascular endothelial cell	0	0	none	blood vessel endothelial cell		0
celltype	CL:0000071	blood endothelial cell	1	0	none	blood vessel endothelial cell		0
celltype	CL:0000071	blood vessel cell	1	0	none	blood vessel endothelial cell		0
celltype	CL:0000071	blood vessel endothelial cell	1	1	canonical	blood vessel endothelial cell		0
celltype	CL:0000071	brain vascular endothelial cell	0	0	none	blood vessel endothelial cell		0
celltype	CL:0000071	capillary vascular endothelial cell	0	0	none	blood vessel endothelial cell		0
celltype	CL:0000071	liver vascular endothelial cell	0	0	none	blood vessel endothelial cell		0
celltype	CL:0000071	macro-vascular endothelial cell	0	0	none	blood vessel endothelial cell		0
celltype	CL:0000071	peribronchial vascular endothelial cell	0	0	none	blood vessel endothelial cell		0
celltype	CL:0000071	vascular endothelial cell	1	0	none	blood vessel endothelial cell		0
celltype	CL:0000071	vascular endothelial cell 3	0	0	none	blood vessel endothelial cell		0
celltype	CL:0000071	vascular endothelial cell cluster C16	0	0	none	blood vessel endothelial cell		0
celltype	CL:0000071	vascular endothelial cell cluster C18	0	0	none	blood vessel endothelial cell		0
celltype	CL:0000071	vascular endothelial cell cluster C20	0	0	none	blood vessel endothelial cell		0
celltype	CL:0000071	vascular endothelial cell cluster C21	0	0	none	blood vessel endothelial cell		0
celltype	CL:0000071	vascular endothelial cell cluster C27	0	0	none	blood vessel endothelial cell		0
celltype	CL:0000071	venular vascular endothelial cell	0	0	none	blood vessel endothelial cell		0
celltype	CL:0000076	corneal superficial squamous epithelial cell	0	0	none	squamous epithelial cell		0
celltype	CL:0000077	epicardial mesothelial cell	0	0	none	mesothelial cell	mesotheliocyte	0
celltype	CL:0000077	mesothelial cell	1	1	canonical	mesothelial cell	mesotheliocyte	0
celltype	CL:0000080	circulating neutrophil	1	0	none	circulating cell		0
celltype	CL:0000081	blood cell	1	1	canonical	blood cell		0
celltype	CL:0000084	CCR10-high CD4-positive T cell	0	0	none	T cell	T lymphocyte | T-cell | T-lymphocyte	0
celltype	CL:0000084	CCR5-positive PD-1-positive CD4+ T cell	0	0	none	T cell	T lymphocyte | T-cell | T-lymphocyte	0
celltype	CL:0000084	CCR7+ CD4+ T cell	0	0	none	T cell	T lymphocyte | T-cell | T-lymphocyte	0
celltype	CL:0000084	CCR9+ effector memory CD8+ T cell	0	0	none	T cell	T lymphocyte | T-cell | T-lymphocyte	0
celltype	CL:0000084	CD25 high CD127 low CD4-positive T cell	0	0	none	T cell	T lymphocyte | T-cell | T-lymphocyte	0
celltype	CL:0000084	CD28-hinge domain-specific CD4+ chimeric antigen receptor T cell	0	0	none	T cell	T lymphocyte | T-cell | T-lymphocyte	0
celltype	CL:0000084	CD4 glycolipid-specific T cell	0	0	none	T cell	T lymphocyte | T-cell | T-lymphocyte	0
celltype	CL:0000084	CD4 memory blood T cell	0	0	none	T cell	T lymphocyte | T-cell | T-lymphocyte	0
celltype	CL:0000084	CD4 memory cerebrospinal fluid 1 T cell	0	0	none	T cell	T lymphocyte | T-cell | T-lymphocyte	0
celltype	CL:0000084	CD4 memory cerebrospinal fluid 2 T cell	0	0	none	T cell	T lymphocyte | T-cell | T-lymphocyte	0
celltype	CL:0000084	CD4 memory cerebrospinal fluid 3 T cell	0	0	none	T cell	T lymphocyte | T-cell | T-lymphocyte	0
celltype	CL:0000084	CD4 naive T cell	0	0	none	T cell	T lymphocyte | T-cell | T-lymphocyte	0
celltype	CL:0000084	CD4 naïve T cell	0	0	none	T cell	T lymphocyte | T-cell | T-lymphocyte	0
celltype	CL:0000084	CD4+ T cell	1	0	none	T cell	T lymphocyte | T-cell | T-lymphocyte	0
celltype	CL:0000084	CD4+ T-cell subcluster CD4_6	0	0	none	T cell	T lymphocyte | T-cell | T-lymphocyte	0
celltype	CL:0000084	CD4+ central memory-like T cell	0	0	none	T cell	T lymphocyte | T-cell | T-lymphocyte	0
celltype	CL:0000084	CD4+ effector memory-like T cell	0	0	none	T cell	T lymphocyte | T-cell | T-lymphocyte	0
celltype	CL:0000084	CD4+ follicular helper-like T cell	0	0	none	T cell	T lymphocyte | T-cell | T-lymphocyte	0
celltype	CL:0000084	CD4+ stressed T cell	0	0	none	T cell	T lymphocyte | T-cell | T-lymphocyte	0
celltype	CL:0000084	CD4+CD3+ T cell	0	0	none	T cell	T lymphocyte | T-cell | T-lymphocyte	0
celltype	CL:0000084	CD4+CD40LG+ T cell	0	0	none	T cell	T lymphocyte | T-cell | T-lymphocyte	0
celltype	CL:0000084	CD4+CTLA4+ T cell	0	0	none	T cell	T lymphocyte | T-cell | T-lymphocyte	0
celltype	CL:0000084	CD4-derived double-positive T cell	0	0	none	T cell	T lymphocyte | T-cell | T-lymphocyte	0
celltype	CL:0000084	CD4-positive T cell	1	0	none	T cell	T lymphocyte | T-cell | T-lymphocyte	0
celltype	CL:0000084	CD4-positive T cell cluster 3	0	0	none	T cell	T lymphocyte | T-cell | T-lymphocyte	0
celltype	CL:0000084	CD4-positive glycolipid-specific T cell	0	0	none	T cell	T lymphocyte | T-cell | T-lymphocyte	0
celltype	CL:0000084	CD4-positive naïve T cell	0	0	none	T cell	T lymphocyte | T-cell | T-lymphocyte	0
celltype	CL:0000084	CD4-positive resting T cell	0	0	none	T cell	T lymphocyte | T-cell | T-lymphocyte	0
celltype	CL:0000084	CD4-positive sulfoglycolipid-specific T cell	0	0	none	T cell	T lymphocyte | T-cell | T-lymphocyte	0
celltype	CL:0000084	CD4T_CCR7 naive T cell	0	0	none	T cell	T lymphocyte | T-cell | T-lymphocyte	0
celltype	CL:0000084	CD57-positive T cell	0	0	none	T cell	T lymphocyte | T-cell | T-lymphocyte	0
celltype	CL:0000084	CD69+ CD103- T cell	0	0	none	T cell	T lymphocyte | T-cell | T-lymphocyte	0
celltype	CL:0000084	CD73+ CD4+ T cell	0	0	none	T cell	T lymphocyte | T-cell | T-lymphocyte	0
celltype	CL:0000084	CD8 memory cerebrospinal fluid T cell	0	0	none	T cell	T lymphocyte | T-cell | T-lymphocyte	0
celltype	CL:0000084	CD8 mucosal associated invariant T cell	0	0	none	T cell	T lymphocyte | T-cell | T-lymphocyte	0
celltype	CL:0000084	CD8 mycobacterial glycolipid-specific T cell	0	0	none	T cell	T lymphocyte | T-cell | T-lymphocyte	0
celltype	CL:0000084	CD8+ CD103+ T cell	0	0	none	T cell	T lymphocyte | T-cell | T-lymphocyte	0
celltype	CL:0000084	CD8+ CD49a+ T cell	0	0	none	T cell	T lymphocyte | T-cell | T-lymphocyte	0
celltype	CL:0000084	CD8+ T cell	1	0	none	T cell	T lymphocyte | T-cell | T-lymphocyte	0
celltype	CL:0000084	CD8+ T cell cluster 2	0	0	none	T cell	T lymphocyte | T-cell | T-lymphocyte	0
celltype	CL:0000084	CD8+ T cell cluster 3	0	0	none	T cell	T lymphocyte | T-cell | T-lymphocyte	0
celltype	CL:0000084	CD8+ T cell cluster 4	0	0	none	T cell	T lymphocyte | T-cell | T-lymphocyte	0
celltype	CL:0000084	CD8+ T cell cluster 5	0	0	none	T cell	T lymphocyte | T-cell | T-lymphocyte	0
celltype	CL:0000084	CD8+ T-cell subcluster CD8_0	0	0	none	T cell	T lymphocyte | T-cell | T-lymphocyte	0
celltype	CL:0000084	CD8+ naive T cell	0	0	none	T cell	T lymphocyte | T-cell | T-lymphocyte	0
celltype	CL:0000084	CD8-EM/EMRA T cell	0	0	none	T cell	T lymphocyte | T-cell | T-lymphocyte	0
celltype	CL:0000084	CD8-GZMK T cell	0	0	none	T cell	T lymphocyte | T-cell | T-lymphocyte	0
celltype	CL:0000084	CD8-TRM/EM T cell	0	0	none	T cell	T lymphocyte | T-cell | T-lymphocyte	0
celltype	CL:0000084	CD8-derived double-positive T cell	0	0	none	T cell	T lymphocyte | T-cell | T-lymphocyte	0
celltype	CL:0000084	CD8-positive GZMB T cell	0	0	none	T cell	T lymphocyte | T-cell | T-lymphocyte	0
celltype	CL:0000084	CD8-positive GZMK T cell	0	0	none	T cell	T lymphocyte | T-cell | T-lymphocyte	0
celltype	CL:0000084	CD8-positive T cell	1	0	none	T cell	T lymphocyte | T-cell | T-lymphocyte	0
celltype	CL:0000084	CD8-positive T cell T_CD8_c06-TNF	0	0	none	T cell	T lymphocyte | T-cell | T-lymphocyte	0
celltype	CL:0000084	CD8-positive T cell T_CD8_c08-IL2RB	0	0	none	T cell	T lymphocyte | T-cell | T-lymphocyte	0
celltype	CL:0000084	CD8-positive T cell cluster 0-1 3	0	0	none	T cell	T lymphocyte | T-cell | T-lymphocyte	0
celltype	CL:0000084	CD8-positive T cell cluster 0-1 4	0	0	none	T cell	T lymphocyte | T-cell | T-lymphocyte	0
celltype	CL:0000084	CD8-positive T cell cluster 3	0	0	none	T cell	T lymphocyte | T-cell | T-lymphocyte	0
celltype	CL:0000084	CD8-positive T cell cluster 3 and cluster 7	0	0	none	T cell	T lymphocyte | T-cell | T-lymphocyte	0
celltype	CL:0000084	CD8-positive T cell cluster CT4	0	0	none	T cell	T lymphocyte | T-cell | T-lymphocyte	0
celltype	CL:0000084	CD8-positive T-cell	0	0	none	T cell	T lymphocyte | T-cell | T-lymphocyte	0
celltype	CL:0000084	CD8-positive naive T cell	0	0	none	T cell	T lymphocyte | T-cell | T-lymphocyte	0
celltype	CL:0000084	CD8A-positive exhausted immediate early genes T cell	0	0	none	T cell	T lymphocyte | T-cell | T-lymphocyte	0
celltype	CL:0000084	CD8A-positive tissue-resident T cell	0	0	none	T cell	T lymphocyte | T-cell | T-lymphocyte	0
celltype	CL:0000084	CTLA4+ CD8+ T cell	0	0	none	T cell	T lymphocyte | T-cell | T-lymphocyte	0
celltype	CL:0000084	CXCL13+ CD4+ T cell	0	0	none	T cell	T lymphocyte | T-cell | T-lymphocyte	0
celltype	CL:0000084	CXCL13-positive activated CD4-positive T cell	0	0	none	T cell	T lymphocyte | T-cell | T-lymphocyte	0
celltype	CL:0000084	FOXP3+ CD4+ T cell	0	0	none	T cell	T lymphocyte | T-cell | T-lymphocyte	0
celltype	CL:0000084	FTH1+ CD4+ T cell	0	0	none	T cell	T lymphocyte | T-cell | T-lymphocyte	0
celltype	CL:0000084	FTH1+ CD8+ T cell	0	0	none	T cell	T lymphocyte | T-cell | T-lymphocyte	0
celltype	CL:0000084	GZMH+ CD8+ T cell	0	0	none	T cell	T lymphocyte | T-cell | T-lymphocyte	0
celltype	CL:0000084	GZMK+ CD8+ T cell	0	0	none	T cell	T lymphocyte | T-cell | T-lymphocyte	0
celltype	CL:0000084	GZMK-positive T cell	0	0	none	T cell	T lymphocyte | T-cell | T-lymphocyte	0
celltype	CL:0000084	HLA-DA+ CD8+ T cell	0	0	none	T cell	T lymphocyte | T-cell | T-lymphocyte	0
celltype	CL:0000084	HSPA6+ CD8+ T cell	0	0	none	T cell	T lymphocyte | T-cell | T-lymphocyte	0
celltype	CL:0000084	IL-10-producing CD25 low CD4-positive T cell	0	0	none	T cell	T lymphocyte | T-cell | T-lymphocyte	0
celltype	CL:0000084	IL-10-producing T cell clone	0	0	none	T cell	T lymphocyte | T-cell | T-lymphocyte	0
celltype	CL:0000084	IL7R+ CD4+ T cell	0	0	none	T cell	T lymphocyte | T-cell | T-lymphocyte	0
celltype	CL:0000084	IL7R-high CD8-positive T cell	0	0	none	T cell	T lymphocyte | T-cell | T-lymphocyte	0
celltype	CL:0000084	ISG15+ T cell	0	0	none	T cell	T lymphocyte | T-cell | T-lymphocyte	0
celltype	CL:0000084	ITGA1+ CD8+ T cell	0	0	none	T cell	T lymphocyte | T-cell | T-lymphocyte	0
celltype	CL:0000084	KLRB1+KLRG1+GPR56+ T cell	0	0	none	T cell	T lymphocyte | T-cell | T-lymphocyte	0
celltype	CL:0000084	NK-T cell	0	0	none	T cell	T lymphocyte | T-cell | T-lymphocyte	0
celltype	CL:0000084	NK-like T cell	0	0	none	T cell	T lymphocyte | T-cell | T-lymphocyte	0
celltype	CL:0000084	PD-1+ CD8+ T cell metacluster B/C	0	0	none	T cell	T lymphocyte | T-cell | T-lymphocyte	0
celltype	CL:0000084	PD-1+ CD8+ T cell metacluster C	0	0	none	T cell	T lymphocyte | T-cell | T-lymphocyte	0
celltype	CL:0000084	PLZF-positive T cell	0	0	none	T cell	T lymphocyte | T-cell | T-lymphocyte	0
celltype	CL:0000084	SELL+ CD8+ T cell	0	0	none	T cell	T lymphocyte | T-cell | T-lymphocyte	0
celltype	CL:0000084	T cell	1	1	canonical	T cell	T lymphocyte | T-cell | T-lymphocyte	0
celltype	CL:0000084	T cell cluster 1	0	0	none	T cell	T lymphocyte | T-cell | T-lymphocyte	0
celltype	CL:0000084	T cell cluster 8	0	0	none	T cell	T lymphocyte | T-cell | T-lymphocyte	0
celltype	CL:0000084	T cell cluster T1	0	0	none	T cell	T lymphocyte | T-cell | T-lymphocyte	0
celltype	CL:0000084	T cell cluster T2	0	0	none	T cell	T lymphocyte | T-cell | T-lymphocyte	0
celltype	CL:0000084	T cell cluster T3	0	0	none	T cell	T lymphocyte | T-cell | T-lymphocyte	0
celltype	CL:0000084	T cell cluster T4	0	0	none	T cell	T lymphocyte | T-cell | T-lymphocyte	0
celltype	CL:0000084	T lymphocyte	1	1	exact_synonym	T cell	T lymphocyte | T-cell | T-lymphocyte	0
celltype	CL:0000084	T-cell	1	1	exact_synonym	T cell	T lymphocyte | T-cell | T-lymphocyte	0
celltype	CL:0000084	T-lymphocyte	1	1	exact_synonym	T cell	T lymphocyte | T-cell | T-lymphocyte	0
celltype	CL:0000084	TCF7-positive CD8-positive T cell	0	0	none	T cell	T lymphocyte | T-cell | T-lymphocyte	0
celltype	CL:0000084	TCR gamma-delta-like T cell	0	0	none	T cell	T lymphocyte | T-cell | T-lymphocyte	0
celltype	CL:0000084	TOX-positive CD8-positive T cell	0	0	none	T cell	T lymphocyte | T-cell | T-lymphocyte	0
celltype	CL:0000084	Tet T cell	0	0	none	T cell	T lymphocyte | T-cell | T-lymphocyte	0
celltype	CL:0000084	WGA-high memory CD4+ T cell	0	0	none	T cell	T lymphocyte | T-cell | T-lymphocyte	0
celltype	CL:0000084	WGA-low memory CD4+ T cell	0	0	none	T cell	T lymphocyte | T-cell | T-lymphocyte	0
celltype	CL:0000084	activated CD4+ and CD8+ T cell	0	0	none	T cell	T lymphocyte | T-cell | T-lymphocyte	0
celltype	CL:0000084	activated T cell	0	0	none	T cell	T lymphocyte | T-cell | T-lymphocyte	0
celltype	CL:0000084	activated antigen-experienced T cell	0	0	none	T cell	T lymphocyte | T-cell | T-lymphocyte	0
celltype	CL:0000084	active CD4 T lymphocyte	0	0	none	T cell	T lymphocyte | T-cell | T-lymphocyte	0
celltype	CL:0000084	active CD8 T lymphocyte	0	0	none	T cell	T lymphocyte | T-cell | T-lymphocyte	0
celltype	CL:0000084	antigen-experienced T cell	0	0	none	T cell	T lymphocyte | T-cell | T-lymphocyte	0
celltype	CL:0000084	brain-resident T cell	0	0	none	T cell	T lymphocyte | T-cell | T-lymphocyte	0
celltype	CL:0000084	bystander CD8+ T cell	0	0	none	T cell	T lymphocyte | T-cell | T-lymphocyte	0
celltype	CL:0000084	central and naive T cell	0	0	none	T cell	T lymphocyte | T-cell | T-lymphocyte	0
celltype	CL:0000084	central memory CD4-positive T cell	1	0	none	T cell	T lymphocyte | T-cell | T-lymphocyte	0
celltype	CL:0000084	central memory or naive-like T cell type I	0	0	none	T cell	T lymphocyte | T-cell | T-lymphocyte	0
celltype	CL:0000084	central memory-like CD4-positive T cell	0	0	none	T cell	T lymphocyte | T-cell | T-lymphocyte	0
celltype	CL:0000084	cerebrospinal fluid CD8+ T cell	0	0	none	T cell	T lymphocyte | T-cell | T-lymphocyte	0
celltype	CL:0000084	cerebrospinal fluid-unexpanded T cell	0	0	none	T cell	T lymphocyte | T-cell | T-lymphocyte	0
celltype	CL:0000084	clonally expanded CD8-positive T cell	0	0	none	T cell	T lymphocyte | T-cell | T-lymphocyte	0
celltype	CL:0000084	clonally expanded malignant T cell	0	0	none	T cell	T lymphocyte | T-cell | T-lymphocyte	0
celltype	CL:0000084	cluster 1 CD8-positive T cell	0	0	none	T cell	T lymphocyte | T-cell | T-lymphocyte	0
celltype	CL:0000084	cluster 2 CD4+ T cell	0	0	none	T cell	T lymphocyte | T-cell | T-lymphocyte	0
celltype	CL:0000084	cluster 2 CD4-positive T cell	0	0	none	T cell	T lymphocyte | T-cell | T-lymphocyte	0
celltype	CL:0000084	cluster 2 CD8+ T cell	0	0	none	T cell	T lymphocyte | T-cell | T-lymphocyte	0
celltype	CL:0000084	cluster 4 T cell	0	0	none	T cell	T lymphocyte | T-cell | T-lymphocyte	0
celltype	CL:0000084	co-inhibitory receptor rich CD4-positive T cell	0	0	none	T cell	T lymphocyte | T-cell | T-lymphocyte	0
celltype	CL:0000084	co-inhibitory receptor rich IL-10-producing CD4-positive T cell	0	0	none	T cell	T lymphocyte | T-cell | T-lymphocyte	0
celltype	CL:0000084	colitis-associated CD4-positive T cell	0	0	none	T cell	T lymphocyte | T-cell | T-lymphocyte	0
celltype	CL:0000084	colonic CD4-positive T cell	0	0	none	T cell	T lymphocyte | T-cell | T-lymphocyte	0
celltype	CL:0000084	cycling CD8+ T cell	0	0	none	T cell	T lymphocyte | T-cell | T-lymphocyte	0
celltype	CL:0000084	cycling CD8-positive T cell	0	0	none	T cell	T lymphocyte | T-cell | T-lymphocyte	0
celltype	CL:0000084	cytolytic CD4+ T cell	0	0	none	T cell	T lymphocyte | T-cell | T-lymphocyte	0
celltype	CL:0000084	cytotoxic CD4+ T cell	0	0	none	T cell	T lymphocyte | T-cell | T-lymphocyte	0
celltype	CL:0000084	cytotoxic CD4-positive T cell	0	0	none	T cell	T lymphocyte | T-cell | T-lymphocyte	0
celltype	CL:0000084	cytotoxic CD8-positive T cell	0	0	none	T cell	T lymphocyte | T-cell | T-lymphocyte	0
celltype	CL:0000084	cytotoxic effector CD8+ T cell	0	0	none	T cell	T lymphocyte | T-cell | T-lymphocyte	0
celltype	CL:0000084	cytotoxic peptide-specific T cell	0	0	none	T cell	T lymphocyte | T-cell | T-lymphocyte	0
celltype	CL:0000084	dividing CD8+ T cell	0	0	none	T cell	T lymphocyte | T-cell | T-lymphocyte	0
celltype	CL:0000084	dividing PD-1+ CD8+ T cell	0	0	none	T cell	T lymphocyte | T-cell | T-lymphocyte	0
celltype	CL:0000084	donor-origin T cell	0	0	none	T cell	T lymphocyte | T-cell | T-lymphocyte	0
celltype	CL:0000084	double negative mucosal associated invariant T cell	0	0	none	T cell	T lymphocyte | T-cell | T-lymphocyte	0
celltype	CL:0000084	double negative naïve T cell	0	0	none	T cell	T lymphocyte | T-cell | T-lymphocyte	0
celltype	CL:0000084	double-negative T cell	0	0	none	T cell	T lymphocyte | T-cell | T-lymphocyte	0
celltype	CL:0000084	double-positive T cell	0	0	none	T cell	T lymphocyte | T-cell | T-lymphocyte	0
celltype	CL:0000084	double-positive αβγδ T cell	0	0	none	T cell	T lymphocyte | T-cell | T-lymphocyte	0
celltype	CL:0000084	dysfunctional CD8+ T cell	0	0	none	T cell	T lymphocyte | T-cell | T-lymphocyte	0
celltype	CL:0000084	early activated CD8-positive T cell	0	0	none	T cell	T lymphocyte | T-cell | T-lymphocyte	0
celltype	CL:0000084	effector CD8+ T cell	0	0	none	T cell	T lymphocyte | T-cell | T-lymphocyte	0
celltype	CL:0000084	effector CD8+ T-cell cluster 10	0	0	none	T cell	T lymphocyte | T-cell | T-lymphocyte	0
celltype	CL:0000084	effector CD8+ T-cell subcluster CD8_0	0	0	none	T cell	T lymphocyte | T-cell | T-lymphocyte	0
celltype	CL:0000084	effector CD8+ T-cell subcluster CD8_1	0	0	none	T cell	T lymphocyte | T-cell | T-lymphocyte	0
celltype	CL:0000084	effector CD8-positive T cell	0	0	none	T cell	T lymphocyte | T-cell | T-lymphocyte	0
celltype	CL:0000084	effector memory CD4+ T cell	0	0	none	T cell	T lymphocyte | T-cell | T-lymphocyte	0
celltype	CL:0000084	effector memory CD8+ T cell	0	0	none	T cell	T lymphocyte | T-cell | T-lymphocyte	0
celltype	CL:0000084	effector memory CD8-positive T cell	0	0	none	T cell	T lymphocyte | T-cell | T-lymphocyte	0
celltype	CL:0000084	effector memory re-expressing CD45RA T cell	0	0	none	T cell	T lymphocyte | T-cell | T-lymphocyte	0
celltype	CL:0000084	effector memory resting CD4 T lymphocyte	0	0	none	T cell	T lymphocyte | T-cell | T-lymphocyte	0
celltype	CL:0000084	effector memory-like CD4-positive T cell	0	0	none	T cell	T lymphocyte | T-cell | T-lymphocyte	0
celltype	CL:0000084	effector memory/tissue resident memory CD8+ T cell	0	0	none	T cell	T lymphocyte | T-cell | T-lymphocyte	0
celltype	CL:0000084	exhausted CD8+ T cell	0	0	none	T cell	T lymphocyte | T-cell | T-lymphocyte	0
celltype	CL:0000084	exhausted-like effector CD8+ T cell	0	0	none	T cell	T lymphocyte | T-cell | T-lymphocyte	0
celltype	CL:0000084	exhaustion T cell (CD8-c5-PDCD1)	0	0	none	T cell	T lymphocyte | T-cell | T-lymphocyte	0
celltype	CL:0000084	exhaustion-like CD8+ chimeric antigen receptor T cell	0	0	none	T cell	T lymphocyte | T-cell | T-lymphocyte	0
celltype	CL:0000084	expanded ZNF683-positive CD8-positive T cell	0	0	none	T cell	T lymphocyte | T-cell | T-lymphocyte	0
celltype	CL:0000084	follicular CD4-positive T cell	0	0	none	T cell	T lymphocyte | T-cell | T-lymphocyte	0
celltype	CL:0000084	follicular CD8-positive T cell	0	0	none	T cell	T lymphocyte | T-cell | T-lymphocyte	0
celltype	CL:0000084	follicular helper-like CD4-positive T cell	0	0	none	T cell	T lymphocyte | T-cell | T-lymphocyte	0
celltype	CL:0000084	granule secretion CD8+ chimeric antigen receptor T cell	0	0	none	T cell	T lymphocyte | T-cell | T-lymphocyte	0
celltype	CL:0000084	helper/memory CD4-positive T cell	0	0	none	T cell	T lymphocyte | T-cell | T-lymphocyte	0
celltype	CL:0000084	highly activated T cell	0	0	none	T cell	T lymphocyte | T-cell | T-lymphocyte	0
celltype	CL:0000084	highly cerebrospinal fluid-expanded CD4+ T cell	0	0	none	T cell	T lymphocyte | T-cell | T-lymphocyte	0
celltype	CL:0000084	highly cerebrospinal fluid-expanded CD8+ T cell	0	0	none	T cell	T lymphocyte | T-cell | T-lymphocyte	0
celltype	CL:0000084	highly expanded cerebrospinal fluid T cell	0	0	none	T cell	T lymphocyte | T-cell | T-lymphocyte	0
celltype	CL:0000084	interferon-response CD8-positive T cell	0	0	none	T cell	T lymphocyte | T-cell | T-lymphocyte	0
celltype	CL:0000084	interferon-responsive effector memory CD8-positive T cell	0	0	none	T cell	T lymphocyte | T-cell | T-lymphocyte	0
celltype	CL:0000084	interferon-stimulated gene-high CD4-positive T cell	0	0	none	T cell	T lymphocyte | T-cell | T-lymphocyte	0
celltype	CL:0000084	interferon-stimulated gene-high T cell cluster	0	0	none	T cell	T lymphocyte | T-cell | T-lymphocyte	0
celltype	CL:0000084	interferon-stimulated gene-positive GZMK-positive effector memory CD8-positive T cell	0	0	none	T cell	T lymphocyte | T-cell | T-lymphocyte	0
celltype	CL:0000084	interferon-stimulated gene-positive naive CD4-positive T cell	0	0	none	T cell	T lymphocyte | T-cell | T-lymphocyte	0
celltype	CL:0000084	interleukin-17-positive T cell	0	0	none	T cell	T lymphocyte | T-cell | T-lymphocyte	0
celltype	CL:0000084	lamina propria CD4-positive T cell cluster 7	0	0	none	T cell	T lymphocyte | T-cell | T-lymphocyte	0
celltype	CL:0000084	lamina propria effector CD8-positive T cell	0	0	none	T cell	T lymphocyte | T-cell | T-lymphocyte	0
celltype	CL:0000084	lamina propria naïve T cell	0	0	none	T cell	T lymphocyte | T-cell | T-lymphocyte	0
celltype	CL:0000084	lung-resident T cell	0	0	none	T cell	T lymphocyte | T-cell | T-lymphocyte	0
celltype	CL:0000084	malignant T cell	0	0	none	T cell	T lymphocyte | T-cell | T-lymphocyte	0
celltype	CL:0000084	malignant T cell clone	0	0	none	T cell	T lymphocyte | T-cell | T-lymphocyte	0
celltype	CL:0000084	memory CD4+ T cell	0	0	none	T cell	T lymphocyte | T-cell | T-lymphocyte	0
celltype	CL:0000084	memory CD4-positive T cell	0	0	none	T cell	T lymphocyte | T-cell | T-lymphocyte	0
celltype	CL:0000084	memory CD8+ T cell	0	0	none	T cell	T lymphocyte | T-cell | T-lymphocyte	0
celltype	CL:0000084	memory CD8-positive T cell	0	0	none	T cell	T lymphocyte | T-cell | T-lymphocyte	0
celltype	CL:0000084	memory-like CD4-positive T cell	0	0	none	T cell	T lymphocyte | T-cell | T-lymphocyte	0
celltype	CL:0000084	memory/precursor effector CD8-positive T cell	0	0	none	T cell	T lymphocyte | T-cell | T-lymphocyte	0
celltype	CL:0000084	mucosal associated invariant T cell	0	0	none	T cell	T lymphocyte | T-cell | T-lymphocyte	0
celltype	CL:0000084	mucosal associated invariant T cell (CD8-c10-NCR3)	0	0	none	T cell	T lymphocyte | T-cell | T-lymphocyte	0
celltype	CL:0000084	mucosal-associated invariant CD8+ T cell	0	0	none	T cell	T lymphocyte | T-cell | T-lymphocyte	0
celltype	CL:0000084	naive CD4+ T cell	0	0	none	T cell	T lymphocyte | T-cell | T-lymphocyte	0
celltype	CL:0000084	naive CD4+ T-cell subcluster CD4_1	0	0	none	T cell	T lymphocyte | T-cell | T-lymphocyte	0
celltype	CL:0000084	naive CD4+ T-cell subcluster CD4_3	0	0	none	T cell	T lymphocyte | T-cell | T-lymphocyte	0
celltype	CL:0000084	naive CD4-positive T cell	0	0	none	T cell	T lymphocyte | T-cell | T-lymphocyte	0
celltype	CL:0000084	naive CD8+ T-cell subcluster CD8_4	0	0	none	T cell	T lymphocyte | T-cell | T-lymphocyte	0
celltype	CL:0000084	naive T cell	1	0	none	T cell	T lymphocyte | T-cell | T-lymphocyte	0
celltype	CL:0000084	naive and central memory CD8-positive T cell	0	0	none	T cell	T lymphocyte | T-cell | T-lymphocyte	0
celltype	CL:0000084	naive-like CD4-positive T cell	0	0	none	T cell	T lymphocyte | T-cell | T-lymphocyte	0
celltype	CL:0000084	naive-like T cell	0	0	none	T cell	T lymphocyte | T-cell | T-lymphocyte	0
celltype	CL:0000084	naive/central memory CD4+ T cell	0	0	none	T cell	T lymphocyte | T-cell | T-lymphocyte	0
celltype	CL:0000084	naive/central memory CD4-positive T cell	0	0	none	T cell	T lymphocyte | T-cell | T-lymphocyte	0
celltype	CL:0000084	naive/central memory CD8-positive T cell	0	0	none	T cell	T lymphocyte | T-cell | T-lymphocyte	0
celltype	CL:0000084	natural killer/T cell	0	0	none	T cell	T lymphocyte | T-cell | T-lymphocyte	0
celltype	CL:0000084	naïve CD4+ T cell	0	0	none	T cell	T lymphocyte | T-cell | T-lymphocyte	0
celltype	CL:0000084	naïve CD4+ and CD8+ T cell	0	0	none	T cell	T lymphocyte | T-cell | T-lymphocyte	0
celltype	CL:0000084	naïve CD4-positive T cell	0	0	none	T cell	T lymphocyte | T-cell | T-lymphocyte	0
celltype	CL:0000084	naïve CD8+ T cell	0	0	none	T cell	T lymphocyte | T-cell | T-lymphocyte	0
celltype	CL:0000084	naïve CD8-positive T cell	0	0	none	T cell	T lymphocyte | T-cell | T-lymphocyte	0
celltype	CL:0000084	naïve T cell	0	0	none	T cell	T lymphocyte | T-cell | T-lymphocyte	0
celltype	CL:0000084	naïve or memory CD8-positive T cell	0	0	none	T cell	T lymphocyte | T-cell | T-lymphocyte	0
celltype	CL:0000084	naïve-like T cell	0	0	none	T cell	T lymphocyte | T-cell | T-lymphocyte	0
celltype	CL:0000084	non-expanded CD8-positive T cell	0	0	none	T cell	T lymphocyte | T-cell | T-lymphocyte	0
celltype	CL:0000084	non-expanded T cell	0	0	none	T cell	T lymphocyte | T-cell | T-lymphocyte	0
celltype	CL:0000084	polyclonally expanded T cell	0	0	none	T cell	T lymphocyte | T-cell | T-lymphocyte	0
celltype	CL:0000084	pre-dysfunctional CD8+ T cell	0	0	none	T cell	T lymphocyte | T-cell | T-lymphocyte	0
celltype	CL:0000084	pre-exhausted CD8+ T cell	0	0	none	T cell	T lymphocyte | T-cell | T-lymphocyte	0
celltype	CL:0000084	pre-exhaustion T cell (CD8-c6-CXCL13)	0	0	none	T cell	T lymphocyte | T-cell | T-lymphocyte	0
celltype	CL:0000084	precursor T cell	0	0	none	T cell	T lymphocyte | T-cell | T-lymphocyte	0
celltype	CL:0000084	precursor memory CD4-positive T cell	0	0	none	T cell	T lymphocyte | T-cell | T-lymphocyte	0
celltype	CL:0000084	progenitor-like CD8+ T cell	0	0	none	T cell	T lymphocyte | T-cell | T-lymphocyte	0
celltype	CL:0000084	proliferating CD4-positive T cell	0	0	none	T cell	T lymphocyte | T-cell | T-lymphocyte	0
celltype	CL:0000084	proliferating CD8-positive T cell	0	0	none	T cell	T lymphocyte | T-cell | T-lymphocyte	0
celltype	CL:0000084	proliferating T lymphocyte	0	0	none	T cell	T lymphocyte | T-cell | T-lymphocyte	0
celltype	CL:0000084	proliferating natural killer/T cell	0	0	none	T cell	T lymphocyte | T-cell | T-lymphocyte	0
celltype	CL:0000084	proliferative CD4-positive T cell T_CD4_c13-MKI67-CCL5 low	0	0	none	T cell	T lymphocyte | T-cell | T-lymphocyte	0
celltype	CL:0000084	proliferative CD4-positive T cell T_CD4_c14-MKI67-CCL5 high	0	0	none	T cell	T lymphocyte | T-cell | T-lymphocyte	0
celltype	CL:0000084	proliferative CD8+ T-cell subcluster CD8_6	0	0	none	T cell	T lymphocyte | T-cell | T-lymphocyte	0
celltype	CL:0000084	proliferative CD8-positive T cell	0	0	none	T cell	T lymphocyte | T-cell | T-lymphocyte	0
celltype	CL:0000084	proliferative T cell	0	0	none	T cell	T lymphocyte | T-cell | T-lymphocyte	0
celltype	CL:0000084	proliferative effector memory CD8-positive T cell T_CD8_c10-MKI67-GZMK	0	0	none	T cell	T lymphocyte | T-cell | T-lymphocyte	0
celltype	CL:0000084	proliferative pre-exhaustion T cell (CD4/CD8-c6/c7-MKI67-CXCL13)	0	0	none	T cell	T lymphocyte | T-cell | T-lymphocyte	0
celltype	CL:0000084	recipient-origin T cell	0	0	none	T cell	T lymphocyte | T-cell | T-lymphocyte	0
celltype	CL:0000084	regulatory CD4 T lymphocyte	0	0	none	T cell	T lymphocyte | T-cell | T-lymphocyte	0
celltype	CL:0000084	resident T cell	0	0	none	T cell	T lymphocyte | T-cell | T-lymphocyte	0
celltype	CL:0000084	resident memory CD8-positive T cell	0	0	none	T cell	T lymphocyte | T-cell | T-lymphocyte	0
celltype	CL:0000084	senescent T cell	0	0	none	T cell	T lymphocyte | T-cell | T-lymphocyte	0
celltype	CL:0000084	single-positive T cell	0	0	none	T cell	T lymphocyte | T-cell | T-lymphocyte	0
celltype	CL:0000084	stem-cell-like T cell	0	0	none	T cell	T lymphocyte | T-cell | T-lymphocyte	0
celltype	CL:0000084	stem-like T cell	0	0	none	T cell	T lymphocyte | T-cell | T-lymphocyte	0
celltype	CL:0000084	terminally differentiated CD8-positive T cell	0	0	none	T cell	T lymphocyte | T-cell | T-lymphocyte	0
celltype	CL:0000084	terminally differentiated T cell	0	0	none	T cell	T lymphocyte | T-cell | T-lymphocyte	0
celltype	CL:0000084	terminally dysfunctional CD8+ T cell	0	0	none	T cell	T lymphocyte | T-cell | T-lymphocyte	0
celltype	CL:0000084	terminally-differentiated CD8+ T cell	0	0	none	T cell	T lymphocyte | T-cell | T-lymphocyte	0
celltype	CL:0000084	terminally-differentiated PD-1+ CD8+ T cell	0	0	none	T cell	T lymphocyte | T-cell | T-lymphocyte	0
celltype	CL:0000084	tissue migratory CD4+ T cell	0	0	none	T cell	T lymphocyte | T-cell | T-lymphocyte	0
celltype	CL:0000084	tissue-resident CD8-positive T cell	0	0	none	T cell	T lymphocyte | T-cell | T-lymphocyte	0
celltype	CL:0000084	tissue-resident CD8-positive T cell cluster 0-1 1	0	0	none	T cell	T lymphocyte | T-cell | T-lymphocyte	0
celltype	CL:0000084	tissue-resident CD8-positive T cell cluster 0-1 2	0	0	none	T cell	T lymphocyte | T-cell | T-lymphocyte	0
celltype	CL:0000084	tissue-resident CD8-positive T cell cluster 1	0	0	none	T cell	T lymphocyte | T-cell | T-lymphocyte	0
celltype	CL:0000084	tissue-resident T cell	0	0	none	T cell	T lymphocyte | T-cell | T-lymphocyte	0
celltype	CL:0000084	tissue-resident memory CD8+ T cell	0	0	none	T cell	T lymphocyte | T-cell | T-lymphocyte	0
celltype	CL:0000084	tumor-infiltrating CD4+ T-cell subcluster CD4_4	0	0	none	T cell	T lymphocyte | T-cell | T-lymphocyte	0
celltype	CL:0000084	tumor-infiltrating CD8-positive T cell	0	0	none	T cell	T lymphocyte | T-cell | T-lymphocyte	0
celltype	CL:0000084	type 1 innate T cell	0	0	none	T cell	T lymphocyte | T-cell | T-lymphocyte	0
celltype	CL:0000084	type 3 innate T cell	0	0	none	T cell	T lymphocyte | T-cell | T-lymphocyte	0
celltype	CL:0000084	unconventional T cell	0	0	none	T cell	T lymphocyte | T-cell | T-lymphocyte	0
celltype	CL:0000084	undefined common CD8+ T cell cluster	0	0	none	T cell	T lymphocyte | T-cell | T-lymphocyte	0
celltype	CL:0000084	αβ T cell	0	0	none	T cell	T lymphocyte | T-cell | T-lymphocyte	0
celltype	CL:0000084	γδ T cell	0	0	none	T cell	T lymphocyte | T-cell | T-lymphocyte	0
celltype	CL:0000091	Kupffer cell	1	1	canonical	Kupffer cell	hepatic macrophage | littoral cell of hepatic sinusoid | liver macrophage | macrophagocytus stellatus | stellate cell of von Kupffer | von Kupffer cell	0
celltype	CL:0000091	Kupffer cell 2	0	0	none	Kupffer cell	hepatic macrophage | littoral cell of hepatic sinusoid | liver macrophage | macrophagocytus stellatus | stellate cell of von Kupffer | von Kupffer cell	0
celltype	CL:0000091	Kupffer cell-like cell	0	0	none	Kupffer cell	hepatic macrophage | littoral cell of hepatic sinusoid | liver macrophage | macrophagocytus stellatus | stellate cell of von Kupffer | von Kupffer cell	0
celltype	CL:0000091	non-inflammatory Kupffer cell	0	0	none	Kupffer cell	hepatic macrophage | littoral cell of hepatic sinusoid | liver macrophage | macrophagocytus stellatus | stellate cell of von Kupffer | von Kupffer cell	0
celltype	CL:0000091	non-inflammatory macrophage	1	0	none	Kupffer cell	hepatic macrophage | littoral cell of hepatic sinusoid | liver macrophage | macrophagocytus stellatus | stellate cell of von Kupffer | von Kupffer cell	0
celltype	CL:0000092	fully differentiated osteoclast	0	0	none	osteoclast		0
celltype	CL:0000092	osteoclast	1	1	canonical	osteoclast		0
celltype	CL:0000094	granulocyte	1	1	canonical	granulocyte	granular leucocyte | granular leukocyte | polymorphonuclear leukocyte	0
celltype	CL:0000094	neutrophil granulocyte	0	0	none	granulocyte	granular leucocyte | granular leukocyte | polymorphonuclear leukocyte	0
celltype	CL:0000096	inflammatory mature neutrophil cluster 3	0	0	none	mature neutrophil	PMN | mature neutrocyte | mature neutrophil leucocyte | mature neutrophil leukocyte | mature neutrophilic leucocyte | mature neutrophilic leukocyte | polymorphonuclear neutrophil | polynuclear neutrophilic leucocyte | polynuclear neutrophilic leukocyte	0
celltype	CL:0000096	inflammatory mature neutrophil cluster 4	0	0	none	mature neutrophil	PMN | mature neutrocyte | mature neutrophil leucocyte | mature neutrophil leukocyte | mature neutrophilic leucocyte | mature neutrophilic leukocyte | polymorphonuclear neutrophil | polynuclear neutrophilic leucocyte | polynuclear neutrophilic leukocyte	0
celltype	CL:0000096	mature neutrophil	1	1	canonical	mature neutrophil	PMN | mature neutrocyte | mature neutrophil leucocyte | mature neutrophil leukocyte | mature neutrophilic leucocyte | mature neutrophilic leukocyte | polymorphonuclear neutrophil | polynuclear neutrophilic leucocyte | polynuclear neutrophilic leukocyte	0
celltype	CL:0000097	early mast cell	0	0	none	mast cell	histaminocyte | labrocyte | mastocyte	0
celltype	CL:0000097	intestinal mast cell	0	0	none	mast cell	histaminocyte | labrocyte | mastocyte	0
celltype	CL:0000097	mast cell	1	1	canonical	mast cell	histaminocyte | labrocyte | mastocyte	0
celltype	CL:0000099	ADARB2 and RELN-expressing cortical GABAergic interneuron	0	0	none	interneuron		0
celltype	CL:0000099	GABAergic interneuron	1	0	none	interneuron		0
celltype	CL:0000099	PVALB and TOX-expressing cortical GABAergic interneuron	0	0	none	interneuron		0
celltype	CL:0000099	PVALB-positive interneuron	0	0	none	interneuron		0
celltype	CL:0000099	SV2C-expressing interneuron	0	0	none	interneuron		0
celltype	CL:0000099	TAC-expressing interneuron	0	0	none	interneuron		0
celltype	CL:0000099	VIP-expressing interneuron	0	0	none	interneuron		0
celltype	CL:0000099	VIP-positive interneuron	0	0	none	interneuron		0
celltype	CL:0000099	calbindin 2-positive interneuron	0	0	none	interneuron		0
celltype	CL:0000099	caudal ganglionic eminence interneuron	0	0	none	interneuron		0
celltype	CL:0000099	caudal ganglionic eminence-derived interneuron	0	0	none	interneuron		0
celltype	CL:0000099	cholecystokinin-containing interneuron	0	0	none	interneuron		0
celltype	CL:0000099	enteric interneuron	0	0	none	interneuron		0
celltype	CL:0000099	ganglionic eminence progenitor and migratory interneuron	0	0	none	interneuron		0
celltype	CL:0000099	granule cell layer interneuron	0	0	none	interneuron		0
celltype	CL:0000099	interneuron	1	1	canonical	interneuron		0
celltype	CL:0000099	lateral ganglionic eminence- and caudal ganglionic eminence-derived interneuron	0	0	none	interneuron		0
celltype	CL:0000099	lateral ganglionic eminence-derived interneuron	0	0	none	interneuron		0
celltype	CL:0000099	layer I interneuron	0	0	none	interneuron		0
celltype	CL:0000099	medial ganglionic eminence-derived interneuron	0	0	none	interneuron		0
celltype	CL:0000099	parvalbumin-expressing interneuron	0	0	none	interneuron		0
celltype	CL:0000099	parvalbumin-positive interneuron	0	0	none	interneuron		0
celltype	CL:0000099	putative interneuron	0	0	none	interneuron		0
celltype	CL:0000099	somatostatin-expressing interneuron	0	0	none	interneuron		0
celltype	CL:0000100	cortical or motor neuron	0	0	none	motor neuron	motoneuron	0
celltype	CL:0000100	visceral motor neuron	0	0	none	motor neuron	motoneuron	0
celltype	CL:0000101	postmitotic sensory neuron	0	0	none	sensory neuron		0
celltype	CL:0000101	putative sensory neuron	0	0	none	sensory neuron		0
celltype	CL:0000101	sensory neuron	1	1	canonical	sensory neuron		0
celltype	CL:0000101	sensory neuron precursor	0	0	none	sensory neuron		0
celltype	CL:0000108	cholinergic neuron	1	1	canonical	cholinergic neuron		0
celltype	CL:0000113	mononuclear phagocyte	1	1	canonical	mononuclear phagocyte		0
celltype	CL:0000113	mononuclear phagocyte a	0	0	none	mononuclear phagocyte		0
celltype	CL:0000113	mononuclear phagocyte and dendritic cell	0	0	none	mononuclear phagocyte		0
celltype	CL:0000113	mononuclear phagocyte b	0	0	none	mononuclear phagocyte		0
celltype	CL:0000113	mononuclear phagocyte cluster 3	0	0	none	mononuclear phagocyte		0
celltype	CL:0000113	mononuclear phagocyte cluster 4	0	0	none	mononuclear phagocyte		0
celltype	CL:0000113	mononuclear phagocyte cluster 5	0	0	none	mononuclear phagocyte		0
celltype	CL:0000113	mononuclear phagocyte cluster MP1	0	0	none	mononuclear phagocyte		0
celltype	CL:0000113	mononuclear phagocyte cluster MP2	0	0	none	mononuclear phagocyte		0
celltype	CL:0000113	mononuclear phagocyte cluster MP3	0	0	none	mononuclear phagocyte		0
celltype	CL:0000113	mononuclear phagocyte cluster MP4	0	0	none	mononuclear phagocyte		0
celltype	CL:0000113	mononuclear phagocyte cluster MP5	0	0	none	mononuclear phagocyte		0
celltype	CL:0000113	mononuclear phagocyte d	0	0	none	mononuclear phagocyte		0
celltype	CL:0000115	ACKR1+ endothelial cell	0	0	none	endothelial cell	endotheliocyte	0
celltype	CL:0000115	C1 endothelial cell	0	0	none	endothelial cell	endotheliocyte	0
celltype	CL:0000115	C5 endothelial cell	0	0	none	endothelial cell	endotheliocyte	0
celltype	CL:0000115	C7 endothelial cell	0	0	none	endothelial cell	endotheliocyte	0
celltype	CL:0000115	CD34-negative lymphatic endothelial cell	0	0	none	endothelial cell	endotheliocyte	0
celltype	CL:0000115	FCN3_LEC lymphatic endothelial cell	0	0	none	endothelial cell	endotheliocyte	0
celltype	CL:0000115	FN1+ endothelial cell	0	0	none	endothelial cell	endotheliocyte	0
celltype	CL:0000115	H1-derived endothelial cell	0	0	none	endothelial cell	endotheliocyte	0
celltype	CL:0000115	Marco-lymphatic endothelial cell	0	0	none	endothelial cell	endotheliocyte	0
celltype	CL:0000115	PLVAP+ endothelial cell	0	0	none	endothelial cell	endotheliocyte	0
celltype	CL:0000115	Ptx3-lymphatic endothelial cell	0	0	none	endothelial cell	endotheliocyte	0
celltype	CL:0000115	Schlemm canal endothelial cell	0	0	none	endothelial cell	endotheliocyte	0
celltype	CL:0000115	activated endothelial cell	0	0	none	endothelial cell	endotheliocyte	0
celltype	CL:0000115	afferent/efferent arterioles/descending vasa recta endothelial cell	0	0	none	endothelial cell	endotheliocyte	0
celltype	CL:0000115	angiogenic endothelial cell	0	0	none	endothelial cell	endotheliocyte	0
celltype	CL:0000115	antigen-presenting endothelial cell	0	0	none	endothelial cell	endotheliocyte	0
celltype	CL:0000115	arteriolar endothelial cell	0	0	none	endothelial cell	endotheliocyte	0
celltype	CL:0000115	arteriole endothelial cell	0	0	none	endothelial cell	endotheliocyte	0
celltype	CL:0000115	ascending vasa recta 1 endothelial cell	0	0	none	endothelial cell	endotheliocyte	0
celltype	CL:0000115	ascending vasa recta 2 endothelial cell	0	0	none	endothelial cell	endotheliocyte	0
celltype	CL:0000115	ascending vasa recta endothelial cell	0	0	none	endothelial cell	endotheliocyte	0
celltype	CL:0000115	atria-enriched endothelial cell	0	0	none	endothelial cell	endotheliocyte	0
celltype	CL:0000115	bronchial endothelial cell	0	0	none	endothelial cell	endotheliocyte	0
celltype	CL:0000115	cancer-associated fibroblast-like endothelial cell	0	0	none	endothelial cell	endotheliocyte	0
celltype	CL:0000115	capillary aerocyte endothelial cell	0	0	none	endothelial cell	endotheliocyte	0
celltype	CL:0000115	capillary general endothelial cell	0	0	none	endothelial cell	endotheliocyte	0
celltype	CL:0000115	cardiac mesoderm-derived endothelial cell	0	0	none	endothelial cell	endotheliocyte	0
celltype	CL:0000115	ceiling lymphatic endothelial cell	0	0	none	endothelial cell	endotheliocyte	0
celltype	CL:0000115	ceiling lymphatic endothelial cell s2	0	0	none	endothelial cell	endotheliocyte	0
celltype	CL:0000115	cervical cancer endothelial cell	0	0	none	endothelial cell	endotheliocyte	0
celltype	CL:0000115	choriocapillaris endothelial cell	0	0	none	endothelial cell	endotheliocyte	0
celltype	CL:0000115	choroidal endothelial cell	0	0	none	endothelial cell	endotheliocyte	0
celltype	CL:0000115	clear cell renal cell carcinoma ascending vasa recta 1 endothelial cell	0	0	none	endothelial cell	endotheliocyte	0
celltype	CL:0000115	clear cell renal cell carcinoma ascending vasa recta 2 endothelial cell	0	0	none	endothelial cell	endotheliocyte	0
celltype	CL:0000115	conjunctival lymphatic endothelial cell	0	0	none	endothelial cell	endotheliocyte	0
celltype	CL:0000115	endothelial cell	1	1	canonical	endothelial cell	endotheliocyte	0
celltype	CL:0000115	endothelial cell 1	0	0	none	endothelial cell	endotheliocyte	0
celltype	CL:0000115	endothelial cell 1 of type 2 papillary renal cell carcinoma	0	0	none	endothelial cell	endotheliocyte	0
celltype	CL:0000115	endothelial cell 2	0	0	none	endothelial cell	endotheliocyte	0
celltype	CL:0000115	endothelial cell 2 of type 2 papillary renal cell carcinoma	0	0	none	endothelial cell	endotheliocyte	0
celltype	CL:0000115	endothelial cell and pericyte	0	0	none	endothelial cell	endotheliocyte	0
celltype	CL:0000115	endothelial cell cluster 15	0	0	none	endothelial cell	endotheliocyte	0
celltype	CL:0000115	endothelial cell cluster 9	0	0	none	endothelial cell	endotheliocyte	0
celltype	CL:0000115	endothelial cell cluster Endo2	0	0	none	endothelial cell	endotheliocyte	0
celltype	CL:0000115	endothelial cell including pericyte	0	0	none	endothelial cell	endotheliocyte	0
celltype	CL:0000115	endothelial cell of afferent/efferent arterioles/descending vasa recta	0	0	none	endothelial cell	endotheliocyte	0
celltype	CL:0000115	endothelial cell of tumor vasculature	0	0	none	endothelial cell	endotheliocyte	0
celltype	CL:0000115	endothelial cell type 3	0	0	none	endothelial cell	endotheliocyte	0
celltype	CL:0000115	endothelial cell-like fibroblast	0	0	none	endothelial cell	endotheliocyte	0
celltype	CL:0000115	endothelial cells	1	0	none	endothelial cell	endotheliocyte	0
celltype	CL:0000115	endothelial stalk-like subtype	0	0	none	endothelial cell	endotheliocyte	0
celltype	CL:0000115	endothelial subcluster 2	0	0	none	endothelial cell	endotheliocyte	0
celltype	CL:0000115	endothelial subcluster 5	0	0	none	endothelial cell	endotheliocyte	0
celltype	CL:0000115	endothelial subcluster 6	0	0	none	endothelial cell	endotheliocyte	0
celltype	CL:0000115	endothelial/hematopoietic progenitor	0	0	none	endothelial cell	endotheliocyte	0
celltype	CL:0000115	endothelial/lymphatic cell	0	0	none	endothelial cell	endotheliocyte	0
celltype	CL:0000115	endothelial/mural cell	0	0	none	endothelial cell	endotheliocyte	0
celltype	CL:0000115	fatty acid handling endothelial cell	0	0	none	endothelial cell	endotheliocyte	0
celltype	CL:0000115	floor lymphatic endothelial cell	0	0	none	endothelial cell	endotheliocyte	0
celltype	CL:0000115	hemogenic endothelial cell	0	0	none	endothelial cell	endotheliocyte	0
celltype	CL:0000115	hemogenic endothelium	0	0	none	endothelial cell	endotheliocyte	0
celltype	CL:0000115	hepatocellular carcinoma endothelial cell	0	0	none	endothelial cell	endotheliocyte	0
celltype	CL:0000115	human renal artery endothelial cell	0	0	none	endothelial cell	endotheliocyte	0
celltype	CL:0000115	immature endothelial cell	0	0	none	endothelial cell	endotheliocyte	0
celltype	CL:0000115	immune-related endothelial cell	0	0	none	endothelial cell	endotheliocyte	0
celltype	CL:0000115	inflammatory endothelial cell	0	0	none	endothelial cell	endotheliocyte	0
celltype	CL:0000115	intramyocardial endothelial cell	0	0	none	endothelial cell	endotheliocyte	0
celltype	CL:0000115	lymphatic endothelial cell	1	0	none	endothelial cell	endotheliocyte	0
celltype	CL:0000115	lymphatic endothelial cell 1	0	0	none	endothelial cell	endotheliocyte	0
celltype	CL:0000115	lymphatic endothelial cell 2	0	0	none	endothelial cell	endotheliocyte	0
celltype	CL:0000115	lymphatic endothelial cell 5	0	0	none	endothelial cell	endotheliocyte	0
celltype	CL:0000115	medullary sinus lymphatic endothelial cell	0	0	none	endothelial cell	endotheliocyte	0
celltype	CL:0000115	non-sinusoidal endothelial cell	0	0	none	endothelial cell	endotheliocyte	0
celltype	CL:0000115	paraxial mesoderm-derived endothelial cell	0	0	none	endothelial cell	endotheliocyte	0
celltype	CL:0000115	pericyte-like endothelial cell	0	0	none	endothelial cell	endotheliocyte	0
celltype	CL:0000115	peripheral endothelial cell type I	0	0	none	endothelial cell	endotheliocyte	0
celltype	CL:0000115	peripheral endothelial cell type II	0	0	none	endothelial cell	endotheliocyte	0
celltype	CL:0000115	post-capillary venule endothelial cell	0	0	none	endothelial cell	endotheliocyte	0
celltype	CL:0000115	postcapillary and collecting venule endothelial cell	0	0	none	endothelial cell	endotheliocyte	0
celltype	CL:0000115	pre-hemogenic endothelium	0	0	none	endothelial cell	endotheliocyte	0
celltype	CL:0000115	pro-inflammatory endothelial cell	0	0	none	endothelial cell	endotheliocyte	0
celltype	CL:0000115	proliferating endothelial cell	0	0	none	endothelial cell	endotheliocyte	0
celltype	CL:0000115	proliferative endothelial cell	0	0	none	endothelial cell	endotheliocyte	0
celltype	CL:0000115	pulmonary–venous endothelial cell	0	0	none	endothelial cell	endotheliocyte	0
celltype	CL:0000115	resting endothelial cell	0	0	none	endothelial cell	endotheliocyte	0
celltype	CL:0000115	retinal endothelial cell	0	0	none	endothelial cell	endotheliocyte	0
celltype	CL:0000115	scar-associated endothelial cell	0	0	none	endothelial cell	endotheliocyte	0
celltype	CL:0000115	scar-associated endothelial cell 1	0	0	none	endothelial cell	endotheliocyte	0
celltype	CL:0000115	scar-associated endothelial cell 2	0	0	none	endothelial cell	endotheliocyte	0
celltype	CL:0000115	sinusoidal endothelial cell	0	0	none	endothelial cell	endotheliocyte	0
celltype	CL:0000115	systemic–venous endothelial cell	0	0	none	endothelial cell	endotheliocyte	0
celltype	CL:0000115	tip endothelial cell	0	0	none	endothelial cell	endotheliocyte	0
celltype	CL:0000115	tumor core endothelial cell type I	0	0	none	endothelial cell	endotheliocyte	0
celltype	CL:0000115	tumor core endothelial cell type III	0	0	none	endothelial cell	endotheliocyte	0
celltype	CL:0000115	tumor endothelial cell	0	0	none	endothelial cell	endotheliocyte	0
celltype	CL:0000115	uncharacterized endothelial subpopulation	0	0	none	endothelial cell	endotheliocyte	0
celltype	CL:0000115	vascular and lymphatic endothelial cell	0	0	none	endothelial cell	endotheliocyte	0
celltype	CL:0000115	venous vessel endothelial cell	0	0	none	endothelial cell	endotheliocyte	0
celltype	CL:0000115	venular endothelial cell	0	0	none	endothelial cell	endotheliocyte	0
celltype	CL:0000115	venular endothelial cell 1.1	0	0	none	endothelial cell	endotheliocyte	0
celltype	CL:0000115	venular endothelial cell 1.2	0	0	none	endothelial cell	endotheliocyte	0
celltype	CL:0000115	venular endothelial cell 1.3	0	0	none	endothelial cell	endotheliocyte	0
celltype	CL:0000115	venular endothelial cell 1.4	0	0	none	endothelial cell	endotheliocyte	0
celltype	CL:0000115	venule endothelial cell	0	0	none	endothelial cell	endotheliocyte	0
celltype	CL:0000115	vessel endothelial cell	0	0	none	endothelial cell	endotheliocyte	0
celltype	CL:0000120	differentiating granule cell	0	0	none	granule cell		0
celltype	CL:0000120	granule cell	1	1	canonical	granule cell		0
celltype	CL:0000120	granule cell progenitor	0	0	none	granule cell		0
celltype	CL:0000120	mature granule cell	0	0	none	granule cell		0
celltype	CL:0000121	Purkinje cell	1	1	canonical	Purkinje cell	Purkinje neuron | cerebellar Purkinje cell	0
celltype	CL:0000121	Purkinje neuron	1	1	exact_synonym	Purkinje cell	Purkinje neuron | cerebellar Purkinje cell	0
celltype	CL:0000122	activated stellate cell	0	0	none	stellate neuron		0
celltype	CL:0000122	entorhinal cortex stellate cell	0	0	none	stellate neuron		0
celltype	CL:0000122	fibroblast and stellate cell	0	0	none	stellate neuron		0
celltype	CL:0000122	quiescent stellate cell	0	0	none	stellate neuron		0
celltype	CL:0000122	stellate cell	1	0	none	stellate neuron		0
celltype	CL:0000122	stellate cell-like cell	0	0	none	stellate neuron		0
celltype	CL:0000125	COL4A3-expressing Müller glia subtype	0	0	none	glial cell	neuroglial cell	0
celltype	CL:0000125	EIF5-positive glial cell	0	0	none	glial cell	neuroglial cell	0
celltype	CL:0000125	Müller glia	0	0	none	glial cell	neuroglial cell	0
celltype	CL:0000125	Müller glial cell	0	0	none	glial cell	neuroglial cell	0
celltype	CL:0000125	NC2_glial_NGF+ glial cell	0	0	none	glial cell	neuroglial cell	0
celltype	CL:0000125	colonic lymphoid-associated glial cell	0	0	none	glial cell	neuroglial cell	0
celltype	CL:0000125	enteric glia 1	0	0	none	glial cell	neuroglial cell	0
celltype	CL:0000125	enteric glia 2	0	0	none	glial cell	neuroglial cell	0
celltype	CL:0000125	enteric glia 3	0	0	none	glial cell	neuroglial cell	0
celltype	CL:0000125	glial cell	1	1	canonical	glial cell	neuroglial cell	0
celltype	CL:0000125	intra-ganglionic glial cell	0	0	none	glial cell	neuroglial cell	0
celltype	CL:0000125	mature radial glia	0	0	none	glial cell	neuroglial cell	0
celltype	CL:0000125	mucosal glia	0	0	none	glial cell	neuroglial cell	0
celltype	CL:0000125	myenteric glia	0	0	none	glial cell	neuroglial cell	0
celltype	CL:0000125	neural/glial cell	0	0	none	glial cell	neuroglial cell	0
celltype	CL:0000125	outer radial glia	0	0	none	glial cell	neuroglial cell	0
celltype	CL:0000125	outer subventricular zone radial glia	0	0	none	glial cell	neuroglial cell	0
celltype	CL:0000125	radial glia	0	0	none	glial cell	neuroglial cell	0
celltype	CL:0000125	radial glia and intermediate precursor	0	0	none	glial cell	neuroglial cell	0
celltype	CL:0000125	radial glia undergoing cell division	0	0	none	glial cell	neuroglial cell	0
celltype	CL:0000125	terminal glial cell	0	0	none	glial cell	neuroglial cell	0
celltype	CL:0000125	truncated radial glia	0	0	none	glial cell	neuroglial cell	0
celltype	CL:0000127	COVID-19-associated astrocyte	0	0	none	astrocyte	astrocytic glia	0
celltype	CL:0000127	GFAP-high astrocyte	0	0	none	astrocyte	astrocytic glia	0
celltype	CL:0000127	Müller glia and astrocyte	0	0	none	astrocyte	astrocytic glia	0
celltype	CL:0000127	VIM_LHX2 astrocyte subtype	0	0	none	astrocyte	astrocytic glia	0
celltype	CL:0000127	astrocyte	1	1	canonical	astrocyte	astrocytic glia	0
celltype	CL:0000127	astrocyte GBP2 SPOCD1	0	0	none	astrocyte	astrocytic glia	0
celltype	CL:0000127	astrocyte SERPINA3	0	0	none	astrocyte	astrocytic glia	0
celltype	CL:0000127	astrocyte VIM LHX2	0	0	none	astrocyte	astrocytic glia	0
celltype	CL:0000127	astrocyte cluster 2	0	0	none	astrocyte	astrocytic glia	0
celltype	CL:0000127	astrocyte cluster Astro1	0	0	none	astrocyte	astrocytic glia	0
celltype	CL:0000127	astrocyte cluster Astro2	0	0	none	astrocyte	astrocytic glia	0
celltype	CL:0000127	astrocyte cluster Astro3	0	0	none	astrocyte	astrocytic glia	0
celltype	CL:0000127	astrocyte cluster C1	0	0	none	astrocyte	astrocytic glia	0
celltype	CL:0000127	astrocyte cluster C11	0	0	none	astrocyte	astrocytic glia	0
celltype	CL:0000127	astrocyte cluster C12	0	0	none	astrocyte	astrocytic glia	0
celltype	CL:0000127	astrocyte cluster C6	0	0	none	astrocyte	astrocytic glia	0
celltype	CL:0000127	astrocyte cluster C8	0	0	none	astrocyte	astrocytic glia	0
celltype	CL:0000127	astrocyte precursor	0	0	none	astrocyte	astrocytic glia	0
celltype	CL:0000127	astrocyte subpopulation	0	0	none	astrocyte	astrocytic glia	0
celltype	CL:0000127	astrocyte subpopulation 1	0	0	none	astrocyte	astrocytic glia	0
celltype	CL:0000127	astrocyte subpopulation 2	0	0	none	astrocyte	astrocytic glia	0
celltype	CL:0000127	astrocyte subpopulation 6	0	0	none	astrocyte	astrocytic glia	0
celltype	CL:0000127	astrocyte-1	0	0	none	astrocyte	astrocytic glia	0
celltype	CL:0000127	astrocyte-2	0	0	none	astrocyte	astrocytic glia	0
celltype	CL:0000127	astrocyte-like cell	0	0	none	astrocyte	astrocytic glia	0
celltype	CL:0000127	astrocytes	1	0	none	astrocyte	astrocytic glia	0
celltype	CL:0000127	cerebellar astrocyte	0	0	none	astrocyte	astrocytic glia	0
celltype	CL:0000127	differentiated astrocyte	0	0	none	astrocyte	astrocytic glia	0
celltype	CL:0000127	gray matter astrocyte	0	0	none	astrocyte	astrocytic glia	0
celltype	CL:0000127	homeostatic astrocyte subcluster Astro_s2	0	0	none	astrocyte	astrocytic glia	0
celltype	CL:0000127	human induced astrocyte	0	0	none	astrocyte	astrocytic glia	0
celltype	CL:0000127	optic nerve head astrocyte	0	0	none	astrocyte	astrocytic glia	0
celltype	CL:0000127	pre-astrocyte	0	0	none	astrocyte	astrocytic glia	0
celltype	CL:0000127	vasculature-coupled astrocyte	0	0	none	astrocyte	astrocytic glia	0
celltype	CL:0000128	OPALIN, FCHSD2, and LAMA2-expressing oligodendrocyte	0	0	none	oligodendrocyte	OLs	0
celltype	CL:0000128	Oligo1 oligodendrocyte	0	0	none	oligodendrocyte	OLs	0
celltype	CL:0000128	Oligo2 oligodendrocyte	0	0	none	oligodendrocyte	OLs	0
celltype	CL:0000128	Oligo5 oligodendrocyte	0	0	none	oligodendrocyte	OLs	0
celltype	CL:0000128	Oligo6 oligodendrocyte	0	0	none	oligodendrocyte	OLs	0
celltype	CL:0000128	early oligodendrocyte progenitor cell	0	0	none	oligodendrocyte	OLs	0
celltype	CL:0000128	immature oligodendrocyte	0	0	none	oligodendrocyte	OLs	0
celltype	CL:0000128	late oligodendrocyte progenitor cell	0	0	none	oligodendrocyte	OLs	0
celltype	CL:0000128	mature oligodendrocyte	0	0	none	oligodendrocyte	OLs	0
celltype	CL:0000128	mature oligodendrocyte subpopulation cluster 0	0	0	none	oligodendrocyte	OLs	0
celltype	CL:0000128	mature oligodendrocyte subpopulation cluster 1	0	0	none	oligodendrocyte	OLs	0
celltype	CL:0000128	mature oligodendrocyte subpopulation cluster 2	0	0	none	oligodendrocyte	OLs	0
celltype	CL:0000128	mature oligodendrocyte subpopulation cluster 3	0	0	none	oligodendrocyte	OLs	0
celltype	CL:0000128	mature oligodendrocyte subpopulation cluster 4	0	0	none	oligodendrocyte	OLs	0
celltype	CL:0000128	myelinating oligodendrocyte	1	0	none	oligodendrocyte	OLs	0
celltype	CL:0000128	newly formed oligodendrocyte	1	0	none	oligodendrocyte	OLs	0
celltype	CL:0000128	oligodendrocyte	1	1	canonical	oligodendrocyte	OLs	0
celltype	CL:0000128	oligodendrocyte Oligo_A	0	0	none	oligodendrocyte	OLs	0
celltype	CL:0000128	oligodendrocyte Oligo_B	0	0	none	oligodendrocyte	OLs	0
celltype	CL:0000128	oligodendrocyte Oligo_B-E	0	0	none	oligodendrocyte	OLs	0
celltype	CL:0000128	oligodendrocyte Oligo_C	0	0	none	oligodendrocyte	OLs	0
celltype	CL:0000128	oligodendrocyte Oligo_D	0	0	none	oligodendrocyte	OLs	0
celltype	CL:0000128	oligodendrocyte Oligo_E	0	0	none	oligodendrocyte	OLs	0
celltype	CL:0000128	oligodendrocyte Oligo_F	0	0	none	oligodendrocyte	OLs	0
celltype	CL:0000128	oligodendrocyte cluster 3	0	0	none	oligodendrocyte	OLs	0
celltype	CL:0000128	oligodendrocyte cluster 4	0	0	none	oligodendrocyte	OLs	0
celltype	CL:0000128	oligodendrocyte cluster 5	0	0	none	oligodendrocyte	OLs	0
celltype	CL:0000128	oligodendrocyte cluster C0	0	0	none	oligodendrocyte	OLs	0
celltype	CL:0000128	oligodendrocyte cluster C2	0	0	none	oligodendrocyte	OLs	0
celltype	CL:0000128	oligodendrocyte progenitor cell	1	0	none	oligodendrocyte	OLs	0
celltype	CL:0000128	oligodendrocyte subpopulation	0	0	none	oligodendrocyte	OLs	0
celltype	CL:0000128	oligodendrocyte subpopulation 1	0	0	none	oligodendrocyte	OLs	0
celltype	CL:0000128	oligodendrocyte-progenitor-like cell	0	0	none	oligodendrocyte	OLs	0
celltype	CL:0000128	oligodendrocytes	1	0	none	oligodendrocyte	OLs	0
celltype	CL:0000128	postmitotic oligodendrocyte	0	0	none	oligodendrocyte	OLs	0
celltype	CL:0000128	pre-oligodendrocyte progenitor cell	0	0	none	oligodendrocyte	OLs	0
celltype	CL:0000128	premyelinating oligodendrocyte	0	0	none	oligodendrocyte	OLs	0
celltype	CL:0000129	CD74-positive microglia	0	0	none	microglial cell	brain-resident macrophage | hortega cells | microgliocyte	0
celltype	CL:0000129	CD83-positive microglia	0	0	none	microglial cell	brain-resident macrophage | hortega cells | microgliocyte	0
celltype	CL:0000129	COVID-19-associated microglia	0	0	none	microglial cell	brain-resident macrophage | hortega cells | microgliocyte	0
celltype	CL:0000129	Human Microglia Clone 3 cell	0	0	none	microglial cell	brain-resident macrophage | hortega cells | microgliocyte	0
celltype	CL:0000129	disease-associated microglia	0	0	none	microglial cell	brain-resident macrophage | hortega cells | microgliocyte	0
celltype	CL:0000129	homeostatic microglia	0	0	none	microglial cell	brain-resident macrophage | hortega cells | microgliocyte	0
celltype	CL:0000129	human neurodegenerative disease-associated microglia	0	0	none	microglial cell	brain-resident macrophage | hortega cells | microgliocyte	0
celltype	CL:0000129	idiopathic Parkinson's disease microglia	0	0	none	microglial cell	brain-resident macrophage | hortega cells | microgliocyte	0
celltype	CL:0000129	intermediate disease-associated microglia subtype 1	0	0	none	microglial cell	brain-resident macrophage | hortega cells | microgliocyte	0
celltype	CL:0000129	microglia	1	0	none	microglial cell	brain-resident macrophage | hortega cells | microgliocyte	0
celltype	CL:0000129	microglia MKI67	0	0	none	microglial cell	brain-resident macrophage | hortega cells | microgliocyte	0
celltype	CL:0000129	microglia cluster 0	0	0	none	microglial cell	brain-resident macrophage | hortega cells | microgliocyte	0
celltype	CL:0000129	microglia cluster 1	0	0	none	microglial cell	brain-resident macrophage | hortega cells | microgliocyte	0
celltype	CL:0000129	microglia cluster 2	0	0	none	microglial cell	brain-resident macrophage | hortega cells | microgliocyte	0
celltype	CL:0000129	microglia cluster 3	0	0	none	microglial cell	brain-resident macrophage | hortega cells | microgliocyte	0
celltype	CL:0000129	microglia cluster 4	0	0	none	microglial cell	brain-resident macrophage | hortega cells | microgliocyte	0
celltype	CL:0000129	microglia cluster 5	0	0	none	microglial cell	brain-resident macrophage | hortega cells | microgliocyte	0
celltype	CL:0000129	microglia cluster 6	0	0	none	microglial cell	brain-resident macrophage | hortega cells | microgliocyte	0
celltype	CL:0000129	microglia subpopulation	0	0	none	microglial cell	brain-resident macrophage | hortega cells | microgliocyte	0
celltype	CL:0000129	microglia subpopulation 0	0	0	none	microglial cell	brain-resident macrophage | hortega cells | microgliocyte	0
celltype	CL:0000129	microglia subpopulation 1	0	0	none	microglial cell	brain-resident macrophage | hortega cells | microgliocyte	0
celltype	CL:0000129	microglia-derived tumor-associated macrophage	0	0	none	microglial cell	brain-resident macrophage | hortega cells | microgliocyte	0
celltype	CL:0000129	microglial cell	1	1	canonical	microglial cell	brain-resident macrophage | hortega cells | microgliocyte	0
celltype	CL:0000129	pre-active state microglia Micro1	0	0	none	microglial cell	brain-resident macrophage | hortega cells | microgliocyte	0
celltype	CL:0000129	pro-inflammatory microglia	0	0	none	microglial cell	brain-resident macrophage | hortega cells | microgliocyte	0
celltype	CL:0000129	resident microglia	0	0	none	microglial cell	brain-resident macrophage | hortega cells | microgliocyte	0
celltype	CL:0000129	resting or surveillant microglia	0	0	none	microglial cell	brain-resident macrophage | hortega cells | microgliocyte	0
celltype	CL:0000129	resting state microglia	0	0	none	microglial cell	brain-resident macrophage | hortega cells | microgliocyte	0
celltype	CL:0000129	vasculature-coupled microglia	0	0	none	microglial cell	brain-resident macrophage | hortega cells | microgliocyte	0
celltype	CL:0000132	corneal endothelial cell	1	1	canonical	corneal endothelial cell		0
celltype	CL:0000132	corneal endothelial cell cluster C6	0	0	none	corneal endothelial cell		0
celltype	CL:0000132	fibroblastic corneal endothelial cell	0	0	none	corneal endothelial cell		0
celltype	CL:0000132	fibrotic corneal endothelial cell	0	0	none	corneal endothelial cell		0
celltype	CL:0000132	fibrotic corneal endothelial cell cluster C5	0	0	none	corneal endothelial cell		0
celltype	CL:0000132	good quality corneal endothelial cell	0	0	none	corneal endothelial cell		0
celltype	CL:0000132	highly proliferative corneal endothelial cell	0	0	none	corneal endothelial cell		0
celltype	CL:0000132	low quality corneal endothelial cell	0	0	none	corneal endothelial cell		0
celltype	CL:0000132	lower quality corneal endothelial cell entering senescence and endothelial-to-mesenchymal transition	0	0	none	corneal endothelial cell		0
celltype	CL:0000132	proliferating corneal endothelial cell	0	0	none	corneal endothelial cell		0
celltype	CL:0000132	proliferative corneal endothelial cell	0	0	none	corneal endothelial cell		0
celltype	CL:0000132	senescent corneal endothelial cell	0	0	none	corneal endothelial cell		0
celltype	CL:0000132	senescent corneal endothelial cell cluster C2	0	0	none	corneal endothelial cell		0
celltype	CL:0000132	senescent corneal endothelial cell cluster C4	0	0	none	corneal endothelial cell		0
celltype	CL:0000132	therapy-grade corneal endothelial cell	0	0	none	corneal endothelial cell		0
celltype	CL:0000133	caudal presumptive neurectoderm cell	0	0	none	neurectodermal cell	neurectoderm cell	0
celltype	CL:0000133	forebrain/midbrain neurectoderm cell	0	0	none	neurectodermal cell	neurectoderm cell	0
celltype	CL:0000133	hindbrain neurectoderm cell	0	0	none	neurectodermal cell	neurectoderm cell	0
celltype	CL:0000134	CCL2-positive mesenchymal stem cell	0	0	none	mesenchymal stem cell		0
celltype	CL:0000134	MYH11-positive mesenchymal stem cell	0	0	none	mesenchymal stem cell		0
celltype	CL:0000134	THY1-positive mesenchymal stem cell	0	0	none	mesenchymal stem cell		0
celltype	CL:0000134	dental pulp mesenchymal stem cell	0	0	none	mesenchymal stem cell		0
celltype	CL:0000134	endometrial mesenchymal stem cell	0	0	none	mesenchymal stem cell		0
celltype	CL:0000134	induced mesenchymal stem cell	0	0	none	mesenchymal stem cell		0
celltype	CL:0000134	mesenchymal stem cell	1	1	canonical	mesenchymal stem cell		0
celltype	CL:0000134	mesenchymal stem cell 1	0	0	none	mesenchymal stem cell		0
celltype	CL:0000134	mesenchymal stem cell 2	0	0	none	mesenchymal stem cell		0
celltype	CL:0000134	mesenchymal stem cell Precursor	0	0	none	mesenchymal stem cell		0
celltype	CL:0000134	mesenchymal stem cell-like pericyte	0	0	none	mesenchymal stem cell		0
celltype	CL:0000134	osteogenically differentiated induced mesenchymal stem cell	0	0	none	mesenchymal stem cell		0
celltype	CL:0000134	periodontal mesenchymal stem cell	0	0	none	mesenchymal stem cell		0
celltype	CL:0000134	perivascular NOTCH3-positive mesenchymal stem cell	0	0	none	mesenchymal stem cell		0
celltype	CL:0000134	perivascular mesenchymal stem cell	0	0	none	mesenchymal stem cell		0
celltype	CL:0000134	synovial mesenchymal stem cell	0	0	none	mesenchymal stem cell		0
celltype	CL:0000136	adipocyte	1	1	canonical	adipocyte	adipose cell | fat cell	0
celltype	CL:0000136	adipocyte 1	0	0	none	adipocyte	adipose cell | fat cell	0
celltype	CL:0000136	adipocyte 2	0	0	none	adipocyte	adipose cell | fat cell	0
celltype	CL:0000136	adipocyte 3	0	0	none	adipocyte	adipose cell | fat cell	0
celltype	CL:0000136	adipocyte subpopulation hAd3	0	0	none	adipocyte	adipose cell | fat cell	0
celltype	CL:0000136	adipocyte subpopulation hAd4	0	0	none	adipocyte	adipose cell | fat cell	0
celltype	CL:0000136	adipocyte subpopulation hAd5	0	0	none	adipocyte	adipose cell | fat cell	0
celltype	CL:0000136	adipocyte subpopulation hAd6	0	0	none	adipocyte	adipose cell | fat cell	0
celltype	CL:0000136	angiogenic adipocyte	0	0	none	adipocyte	adipose cell | fat cell	0
celltype	CL:0000136	cardiac adipocyte	0	0	none	adipocyte	adipose cell | fat cell	0
celltype	CL:0000136	committed pre-adipocyte	0	0	none	adipocyte	adipose cell | fat cell	0
celltype	CL:0000136	extracellular matrix adipocyte	0	0	none	adipocyte	adipose cell | fat cell	0
celltype	CL:0000136	immune-related (adaptive) adipocyte	0	0	none	adipocyte	adipose cell | fat cell	0
celltype	CL:0000136	immune-related adipocyte	0	0	none	adipocyte	adipose cell | fat cell	0
celltype	CL:0000136	mito-ribosomal adipocyte	0	0	none	adipocyte	adipose cell | fat cell	0
celltype	CL:0000136	pre-adipocyte	0	0	none	adipocyte	adipose cell | fat cell	0
celltype	CL:0000136	pre-adipocyte 2	0	0	none	adipocyte	adipose cell | fat cell	0
celltype	CL:0000137	osteocyte	1	1	canonical	osteocyte		0
celltype	CL:0000138	Chondrocyte	1	1	canonical	chondrocyte	cartilage cell	0
celltype	CL:0000138	chondrocyte	1	1	canonical	chondrocyte	cartilage cell	0
celltype	CL:0000138	chondrocyte progenitor	0	0	none	chondrocyte	cartilage cell	0
celltype	CL:0000138	chondrocyte-like SERPINF1-high cell	0	0	none	chondrocyte	cartilage cell	0
celltype	CL:0000138	growth plate chondrocyte	0	0	none	chondrocyte	cartilage cell	0
celltype	CL:0000138	proliferating chondrocyte	0	0	none	chondrocyte	cartilage cell	0
celltype	CL:0000138	resting chondrocyte	0	0	none	chondrocyte	cartilage cell	0
celltype	CL:0000148	adult melanocyte	0	0	none	melanocyte		0
celltype	CL:0000148	ciliary body melanocyte	0	0	none	melanocyte		0
celltype	CL:0000148	conjunctival melanocyte	0	0	none	melanocyte		0
celltype	CL:0000148	fetal melanocyte	0	0	none	melanocyte		0
celltype	CL:0000148	iris melanocyte	0	0	none	melanocyte		0
celltype	CL:0000148	melanocyte	1	1	canonical	melanocyte		0
celltype	CL:0000148	melanocyte cluster C3	0	0	none	melanocyte		0
celltype	CL:0000148	melanocyte mel1	0	0	none	melanocyte		0
celltype	CL:0000148	melanocyte mel2	0	0	none	melanocyte		0
celltype	CL:0000148	melanocyte stem cell	0	0	none	melanocyte		0
celltype	CL:0000148	melanocyte-like cell	0	0	none	melanocyte		0
celltype	CL:0000148	non-volar cutaneous melanocyte	0	0	none	melanocyte		0
celltype	CL:0000148	non-volar cutaneous-like melanocyte	0	0	none	melanocyte		0
celltype	CL:0000148	volar-enriched melanocyte	0	0	none	melanocyte		0
celltype	CL:0000150	glandular epithelial cell	1	1	exact_synonym	glandular secretory epithelial cell	glandular epithelial cell	0
celltype	CL:0000150	senescent glandular epithelial cell	0	0	none	glandular secretory epithelial cell	glandular epithelial cell	0
celltype	CL:0000151	ACE2-positive TMPRSS2-positive secretory cell	0	0	none	secretory cell		0
celltype	CL:0000151	MUC6-positive secretory cell	0	0	none	secretory cell		0
celltype	CL:0000151	SCGB1A1-positive secretory cell	0	0	none	secretory cell		0
celltype	CL:0000151	SCGB3A2-positive secretory cell	0	0	none	secretory cell		0
celltype	CL:0000151	bronchiolar airway secretory cell	0	0	none	secretory cell		0
celltype	CL:0000151	common secretory cell	0	0	none	secretory cell		0
celltype	CL:0000151	conducting airway secretory cell	0	0	none	secretory cell		0
celltype	CL:0000151	early secretory cell	0	0	none	secretory cell		0
celltype	CL:0000151	fetal airway secretory cell	0	0	none	secretory cell		0
celltype	CL:0000151	glandular secretory cell	0	0	none	secretory cell		0
celltype	CL:0000151	goblet secretory cell	0	0	none	secretory cell		0
celltype	CL:0000151	pre-terminal bronchiole secretory cell	0	0	none	secretory cell		0
celltype	CL:0000151	secretory cell	1	1	canonical	secretory cell		0
celltype	CL:0000151	submucosal gland mucus secretory cell	0	0	none	secretory cell		0
celltype	CL:0000151	surface mucus secretory cell	0	0	none	secretory cell		0
celltype	CL:0000151	terminal airway-enriched secretory cell	0	0	none	secretory cell		0
celltype	CL:0000151	terminal and respiratory bronchiole secretory cell	0	0	none	secretory cell		0
celltype	CL:0000151	transient secretory cell	0	0	none	secretory cell		0
celltype	CL:0000152	exocrine cell	1	1	canonical	exocrine cell		0
celltype	CL:0000158	club cell	1	1	canonical	club cell	Clara cell	0
celltype	CL:0000158	goblet/club cell	0	0	none	club cell	Clara cell	0
celltype	CL:0000158	mature club cell	0	0	none	club cell	Clara cell	0
celltype	CL:0000158	tracheobronchial goblet/club cell	0	0	none	club cell	Clara cell	0
celltype	CL:0000160	BEST2 goblet cell	0	0	none	goblet cell	chalice cell	0
celltype	CL:0000160	Secretory2 goblet cell	0	0	none	goblet cell	chalice cell	0
celltype	CL:0000160	goblet 1 cell	0	0	none	goblet cell	chalice cell	0
celltype	CL:0000160	goblet 2 cell	0	0	none	goblet cell	chalice cell	0
celltype	CL:0000160	goblet cell	1	1	canonical	goblet cell	chalice cell	0
celltype	CL:0000160	goblet cell and goblet cell precursor	0	0	none	goblet cell	chalice cell	0
celltype	CL:0000160	goblet cell subcluster GC1	0	0	none	goblet cell	chalice cell	0
celltype	CL:0000160	goblet cell subcluster GC2	0	0	none	goblet cell	chalice cell	0
celltype	CL:0000160	goblet-like cancer cell	0	0	none	goblet cell	chalice cell	0
celltype	CL:0000160	immature goblet cell	0	0	none	goblet cell	chalice cell	0
celltype	CL:0000160	infection-associated goblet cell	0	0	none	goblet cell	chalice cell	0
celltype	CL:0000160	lower-crypt goblet cell	0	0	none	goblet cell	chalice cell	0
celltype	CL:0000160	nasal goblet cell	0	0	none	goblet cell	chalice cell	0
celltype	CL:0000160	secretory goblet cell	0	0	none	goblet cell	chalice cell	0
celltype	CL:0000160	secretory goblet cluster 7 cell	0	0	none	goblet cell	chalice cell	0
celltype	CL:0000162	parietal cell	1	1	canonical	parietal cell	gastric parietal cell | oxyntic cell	0
celltype	CL:0000163	endocrine cell	1	1	canonical	endocrine cell	endocrinocyte	0
celltype	CL:0000163	non-alpha endocrine cell	0	0	none	endocrine cell	endocrinocyte	0
celltype	CL:0000164	enteroendocrine cell	1	1	canonical	enteroendocrine cell		0
celltype	CL:0000164	enteroendocrine cell progenitor	0	0	none	enteroendocrine cell		0
celltype	CL:0000164	immature enteroendocrine cell	0	0	none	enteroendocrine cell		0
celltype	CL:0000164	mature enteroendocrine cell	0	0	none	enteroendocrine cell		0
celltype	CL:0000165	neuroendocrine cell	1	1	canonical	neuroendocrine cell		0
celltype	CL:0000166	chromaffin cell	1	1	canonical	chromaffin cell	phaeochromocyte	0
celltype	CL:0000166	late chromaffin cell	0	0	none	chromaffin cell	phaeochromocyte	0
celltype	CL:0000166	mature chromaffin cell	0	0	none	chromaffin cell	phaeochromocyte	0
celltype	CL:0000168	CD9-negative ST8SIA1-positive beta cell	0	0	none	insulin secreting cell		0
celltype	CL:0000168	MAFA and MAFB coexpressing beta cell	0	0	none	insulin secreting cell		0
celltype	CL:0000168	beta cell	1	0	none	insulin secreting cell		0
celltype	CL:0000168	hormone-sensing beta cell	0	0	none	insulin secreting cell		0
celltype	CL:0000168	mature beta cell	0	0	none	insulin secreting cell		0
celltype	CL:0000168	pancreatic islet beta cell	0	0	none	insulin secreting cell		0
celltype	CL:0000168	stem cell-derived beta cell	0	0	none	insulin secreting cell		0
celltype	CL:0000169	Interferon Alpha/Beta Response cell	0	0	none	type B pancreatic cell	B-cell of pancreatic islet | beta cell of pancreatic islet | insulin-secreting cell | pancreatic B cell | pancreatic B-cell | pancreatic beta cell | pancreatic islet core | type B enteroendocrine cell	0
celltype	CL:0000169	pancreatic beta cell	1	1	exact_synonym	type B pancreatic cell	B-cell of pancreatic islet | beta cell of pancreatic islet | insulin-secreting cell | pancreatic B cell | pancreatic B-cell | pancreatic beta cell | pancreatic islet core | type B enteroendocrine cell	0
celltype	CL:0000171	ARX and MAFB coexpressing alpha cell	0	0	none	pancreatic A cell	alpha cell of islet of Langerhans | pancreatic alpha cell	0
celltype	CL:0000171	alpha cell	1	0	none	pancreatic A cell	alpha cell of islet of Langerhans | pancreatic alpha cell	0
celltype	CL:0000171	alpha cell expressing neither ARX nor MAFB	0	0	none	pancreatic A cell	alpha cell of islet of Langerhans | pancreatic alpha cell	0
celltype	CL:0000171	basal-alpha cell	0	0	none	pancreatic A cell	alpha cell of islet of Langerhans | pancreatic alpha cell	0
celltype	CL:0000171	basal/myoepithelial alpha cell	0	0	none	pancreatic A cell	alpha cell of islet of Langerhans | pancreatic alpha cell	0
celltype	CL:0000171	hormone-sensing alpha subtype	0	0	none	pancreatic A cell	alpha cell of islet of Langerhans | pancreatic alpha cell	0
celltype	CL:0000171	immature alpha cell	0	0	none	pancreatic A cell	alpha cell of islet of Langerhans | pancreatic alpha cell	0
celltype	CL:0000171	luminal hormone sensing hormone sensing alpha cell	0	0	none	pancreatic A cell	alpha cell of islet of Langerhans | pancreatic alpha cell	0
celltype	CL:0000171	pancreatic alpha cell	1	1	exact_synonym	pancreatic A cell	alpha cell of islet of Langerhans | pancreatic alpha cell	0
celltype	CL:0000171	pancreatic islet alpha/gamma cell	0	0	none	pancreatic A cell	alpha cell of islet of Langerhans | pancreatic alpha cell	0
celltype	CL:0000171	platelet-derived growth factor receptor alpha cell	0	0	none	pancreatic A cell	alpha cell of islet of Langerhans | pancreatic alpha cell	0
celltype	CL:0000173	delta cell	1	0	none	pancreatic D cell	D-cell of pancreatic islet | delta cell of islet | delta cell of pancreatic islet | pancreatic D-cell | pancreatic delta cell | somatostatin-secreting pancreatic cell	0
celltype	CL:0000173	pancreatic delta cell	1	1	exact_synonym	pancreatic D cell	D-cell of pancreatic islet | delta cell of islet | delta cell of pancreatic islet | pancreatic D-cell | pancreatic delta cell | somatostatin-secreting pancreatic cell	0
celltype	CL:0000173	pancreatic islet delta cell	0	0	none	pancreatic D cell	D-cell of pancreatic islet | delta cell of islet | delta cell of pancreatic islet | pancreatic D-cell | pancreatic delta cell | somatostatin-secreting pancreatic cell	0
celltype	CL:0000178	Leydig cell	1	1	canonical	Leydig cell	interstitial cell of Leydig	0
celltype	CL:0000178	immature Leydig cell	1	0	none	Leydig cell	interstitial cell of Leydig	0
celltype	CL:0000182	central venous hepatocyte-like cell	0	0	none	hepatocyte		0
celltype	CL:0000182	fibrotic hepatocyte 1	0	0	none	hepatocyte		0
celltype	CL:0000182	fibrotic hepatocyte 2	0	0	none	hepatocyte		0
celltype	CL:0000182	fibrotic hepatocyte cluster 2	0	0	none	hepatocyte		0
celltype	CL:0000182	foetal hepatocyte	0	0	none	hepatocyte		0
celltype	CL:0000182	hepatocyte	1	1	canonical	hepatocyte		0
celltype	CL:0000182	hepatocyte cluster 4	0	0	none	hepatocyte		0
celltype	CL:0000182	hepatocyte-biased population	0	0	none	hepatocyte		0
celltype	CL:0000182	hepatocyte-like cell	0	0	none	hepatocyte		0
celltype	CL:0000182	interzonal hepatocyte	0	0	none	hepatocyte		0
celltype	CL:0000182	mature hepatocyte	0	0	none	hepatocyte		0
celltype	CL:0000182	pericentral hepatocyte	0	0	none	hepatocyte		0
celltype	CL:0000182	primary human hepatocyte	0	0	none	hepatocyte		0
celltype	CL:0000182	zone 1 hepatocyte	0	0	none	hepatocyte		0
celltype	CL:0000182	zone 3 hepatocyte	0	0	none	hepatocyte		0
celltype	CL:0000182	zone 3 pericentral hepatocyte	0	0	none	hepatocyte		0
celltype	CL:0000185	basal-myoepithelial cell	0	0	none	myoepithelial cell	basket epithelial cell | myoepitheliocyte	0
celltype	CL:0000185	basal/myoepithelial cell	0	0	none	myoepithelial cell	basket epithelial cell | myoepitheliocyte	0
celltype	CL:0000185	luminal secretory myoepithelial cell state	0	0	none	myoepithelial cell	basket epithelial cell | myoepitheliocyte	0
celltype	CL:0000185	myoepithelial cell	1	1	canonical	myoepithelial cell	basket epithelial cell | myoepitheliocyte	0
celltype	CL:0000185	submucosal gland myoepithelial cell	0	0	none	myoepithelial cell	basket epithelial cell | myoepitheliocyte	0
celltype	CL:0000186	ACTA2-positive myofibroblast	0	0	none	myofibroblast cell	MFB	0
celltype	CL:0000186	GREM1-positive GREM2-positive myofibroblast	0	0	none	myofibroblast cell	MFB	0
celltype	CL:0000186	HHIP-positive NPNT-positive myofibroblast	0	0	none	myofibroblast cell	MFB	0
celltype	CL:0000186	cancer-associated myofibroblast	0	0	none	myofibroblast cell	MFB	0
celltype	CL:0000186	myofibroblast	1	0	none	myofibroblast cell	MFB	0
celltype	CL:0000186	myofibroblast cluster 2	0	0	none	myofibroblast cell	MFB	0
celltype	CL:0000186	myofibroblast subtype 1	0	0	none	myofibroblast cell	MFB	0
celltype	CL:0000186	myofibroblast subtype 2	0	0	none	myofibroblast cell	MFB	0
celltype	CL:0000186	myofibroblast-like cancer-associated fibroblast	0	0	none	myofibroblast cell	MFB	0
celltype	CL:0000186	myofibroblast-like cell	0	0	none	myofibroblast cell	MFB	0
celltype	CL:0000186	myofibroblast-like pericyte	0	0	none	myofibroblast cell	MFB	0
celltype	CL:0000186	smooth muscle/myofibroblast	0	0	none	myofibroblast cell	MFB	0
celltype	CL:0000186	subepithelial myofibroblast	0	0	none	myofibroblast cell	MFB	0
celltype	CL:0000186	systemic sclerosis myofibroblast	0	0	none	myofibroblast cell	MFB	0
celltype	CL:0000187	differentiating muscle cell	0	0	none	muscle cell	muscle fiber | myocyte	0
celltype	CL:0000187	fast myocyte	0	0	none	muscle cell	muscle fiber | myocyte	0
celltype	CL:0000187	fast myocyte regular myonuclei	0	0	none	muscle cell	muscle fiber | myocyte	0
celltype	CL:0000187	iris dilator muscle cell	0	0	none	muscle cell	muscle fiber | myocyte	0
celltype	CL:0000187	mucosal myocyte	0	0	none	muscle cell	muscle fiber | myocyte	0
celltype	CL:0000187	muscle cell	1	1	canonical	muscle cell	muscle fiber | myocyte	0
celltype	CL:0000187	myocyte	1	1	exact_synonym	muscle cell	muscle fiber | myocyte	0
celltype	CL:0000187	myocyte group 1	0	0	none	muscle cell	muscle fiber | myocyte	0
celltype	CL:0000187	myocyte-like cell	0	0	none	muscle cell	muscle fiber | myocyte	0
celltype	CL:0000187	pre-natal myocyte	0	0	none	muscle cell	muscle fiber | myocyte	0
celltype	CL:0000187	slow myocyte	0	0	none	muscle cell	muscle fiber | myocyte	0
celltype	CL:0000187	slow myocyte cytoplasmic myonuclei	0	0	none	muscle cell	muscle fiber | myocyte	0
celltype	CL:0000187	slow myocyte regular myonuclei	0	0	none	muscle cell	muscle fiber | myocyte	0
celltype	CL:0000187	stromal/muscle cell	0	0	none	muscle cell	muscle fiber | myocyte	0
celltype	CL:0000192	TAGLN-high/RGS5-negative smooth muscle cell	0	0	none	smooth muscle cell	SMCs | myocytes, smooth muscle | smooth muscle fiber	0
celltype	CL:0000192	arterial smooth muscle cell	0	0	none	smooth muscle cell	SMCs | myocytes, smooth muscle | smooth muscle fiber	0
celltype	CL:0000192	basic smooth muscle cell	0	0	none	smooth muscle cell	SMCs | myocytes, smooth muscle | smooth muscle fiber	0
celltype	CL:0000192	contractile smooth muscle cell	0	0	none	smooth muscle cell	SMCs | myocytes, smooth muscle | smooth muscle fiber	0
celltype	CL:0000192	fibroblast-like smooth muscle cell	0	0	none	smooth muscle cell	SMCs | myocytes, smooth muscle | smooth muscle fiber	0
celltype	CL:0000192	fibromyocyte smooth muscle cell	0	0	none	smooth muscle cell	SMCs | myocytes, smooth muscle | smooth muscle fiber	0
celltype	CL:0000192	inflammatory smooth muscle cell	0	0	none	smooth muscle cell	SMCs | myocytes, smooth muscle | smooth muscle fiber	0
celltype	CL:0000192	intermediate smooth muscle cell	0	0	none	smooth muscle cell	SMCs | myocytes, smooth muscle | smooth muscle fiber	0
celltype	CL:0000192	iris sphincter smooth muscle cell	0	0	none	smooth muscle cell	SMCs | myocytes, smooth muscle | smooth muscle fiber	0
celltype	CL:0000192	macrophage-like smooth muscle cell	0	0	none	smooth muscle cell	SMCs | myocytes, smooth muscle | smooth muscle fiber	0
celltype	CL:0000192	macrophage-like smooth muscle cell 8	0	0	none	smooth muscle cell	SMCs | myocytes, smooth muscle | smooth muscle fiber	0
celltype	CL:0000192	mature smooth muscle cell	0	0	none	smooth muscle cell	SMCs | myocytes, smooth muscle | smooth muscle fiber	0
celltype	CL:0000192	medial smooth muscle cell	0	0	none	smooth muscle cell	SMCs | myocytes, smooth muscle | smooth muscle fiber	0
celltype	CL:0000192	microvascular smooth muscle cell	0	0	none	smooth muscle cell	SMCs | myocytes, smooth muscle | smooth muscle fiber	0
celltype	CL:0000192	muscularis mucosae smooth muscle cell	0	0	none	smooth muscle cell	SMCs | myocytes, smooth muscle | smooth muscle fiber	0
celltype	CL:0000192	muscularis propria smooth muscle cell	0	0	none	smooth muscle cell	SMCs | myocytes, smooth muscle | smooth muscle fiber	0
celltype	CL:0000192	pericyte and smooth muscle cell	0	0	none	smooth muscle cell	SMCs | myocytes, smooth muscle | smooth muscle fiber	0
celltype	CL:0000192	pericyte/smooth muscle cell	0	0	none	smooth muscle cell	SMCs | myocytes, smooth muscle | smooth muscle fiber	0
celltype	CL:0000192	plaque smooth muscle cell	0	0	none	smooth muscle cell	SMCs | myocytes, smooth muscle | smooth muscle fiber	0
celltype	CL:0000192	proliferating smooth muscle cell	0	0	none	smooth muscle cell	SMCs | myocytes, smooth muscle | smooth muscle fiber	0
celltype	CL:0000192	proliferative M-S-phase smooth muscle cell	0	0	none	smooth muscle cell	SMCs | myocytes, smooth muscle | smooth muscle fiber	0
celltype	CL:0000192	proliferative M-phase smooth muscle cell	0	0	none	smooth muscle cell	SMCs | myocytes, smooth muscle | smooth muscle fiber	0
celltype	CL:0000192	proliferative S-phase smooth muscle cell	0	0	none	smooth muscle cell	SMCs | myocytes, smooth muscle | smooth muscle fiber	0
celltype	CL:0000192	smooth muscle cell	1	1	canonical	smooth muscle cell	SMCs | myocytes, smooth muscle | smooth muscle fiber	0
celltype	CL:0000192	smooth muscle cell 1	0	0	none	smooth muscle cell	SMCs | myocytes, smooth muscle | smooth muscle fiber	0
celltype	CL:0000192	smooth muscle cell 2	0	0	none	smooth muscle cell	SMCs | myocytes, smooth muscle | smooth muscle fiber	0
celltype	CL:0000192	smooth muscle cell 3	0	0	none	smooth muscle cell	SMCs | myocytes, smooth muscle | smooth muscle fiber	0
celltype	CL:0000192	smooth muscle cell 4	0	0	none	smooth muscle cell	SMCs | myocytes, smooth muscle | smooth muscle fiber	0
celltype	CL:0000192	smooth muscle cell cluster 2	0	0	none	smooth muscle cell	SMCs | myocytes, smooth muscle | smooth muscle fiber	0
celltype	CL:0000192	smooth muscle cell subcluster 5	0	0	none	smooth muscle cell	SMCs | myocytes, smooth muscle | smooth muscle fiber	0
celltype	CL:0000192	smooth muscle cell/pericyte	0	0	none	smooth muscle cell	SMCs | myocytes, smooth muscle | smooth muscle fiber	0
celltype	CL:0000192	smooth muscle cells and pericytes	0	0	none	smooth muscle cell	SMCs | myocytes, smooth muscle | smooth muscle fiber	0
celltype	CL:0000192	stressed smooth muscle cell	0	0	none	smooth muscle cell	SMCs | myocytes, smooth muscle | smooth muscle fiber	0
celltype	CL:0000192	synthetic smooth muscle cell	0	0	none	smooth muscle cell	SMCs | myocytes, smooth muscle | smooth muscle fiber	0
celltype	CL:0000192	transitioning smooth muscle cell	0	0	none	smooth muscle cell	SMCs | myocytes, smooth muscle | smooth muscle fiber	0
celltype	CL:0000192	venous smooth muscle cell	0	0	none	smooth muscle cell	SMCs | myocytes, smooth muscle | smooth muscle fiber	0
celltype	CL:0000198	nociceptor	1	1	exact_synonym	pain receptor cell	nociceptor | nocireceptor	0
celltype	CL:0000210	mature rod photoreceptor	0	0	none	photoreceptor cell		0
celltype	CL:0000210	photoreceptor	1	0	none	photoreceptor cell		0
celltype	CL:0000210	photoreceptor and bipolar cell	0	0	none	photoreceptor cell		0
celltype	CL:0000210	photoreceptor cell	1	1	canonical	photoreceptor cell		0
celltype	CL:0000210	rod photoreceptor	0	0	none	photoreceptor cell		0
celltype	CL:0000214	synovial cell	1	1	canonical	synovial cell	synoviocyte	0
celltype	CL:0000216	Sertoli cell	1	1	canonical	Sertoli cell		0
celltype	CL:0000216	Sertoli cell subtype 1	0	0	none	Sertoli cell		0
celltype	CL:0000216	Sertoli cell subtype 2	0	0	none	Sertoli cell		0
celltype	CL:0000216	Sertoli cell subtype 3	0	0	none	Sertoli cell		0
celltype	CL:0000216	Sertoli cell subtype 4	0	0	none	Sertoli cell		0
celltype	CL:0000216	Sertoli cell subtype 5	0	0	none	Sertoli cell		0
celltype	CL:0000216	Sertoli cell subtype 6	0	0	none	Sertoli cell		0
celltype	CL:0000216	Sertoli cell subtype 7	0	0	none	Sertoli cell		0
celltype	CL:0000216	Sertoli cell subtype 8	0	0	none	Sertoli cell		0
celltype	CL:0000216	further mature Sertoli cell subtype 8	0	0	none	Sertoli cell		0
celltype	CL:0000216	immature Sertoli cell	0	0	none	Sertoli cell		0
celltype	CL:0000216	immature Sertoli cell subtype 4	0	0	none	Sertoli cell		0
celltype	CL:0000216	mature Sertoli cell	0	0	none	Sertoli cell		0
celltype	CL:0000216	mature Sertoli cell subtype 7	0	0	none	Sertoli cell		0
celltype	CL:0000218	Schwann cell	1	0	none	myelinating Schwann cell	neurilemmal cell	0
celltype	CL:0000218	glial/Schwann cell	0	0	none	myelinating Schwann cell	neurilemmal cell	0
celltype	CL:0000218	myelinating Schwann cell	1	1	canonical	myelinating Schwann cell	neurilemmal cell	0
celltype	CL:0000218	nonmyelinating Schwann cell	0	0	none	myelinating Schwann cell	neurilemmal cell	0
celltype	CL:0000218	peri-islet Schwann cell	0	0	none	myelinating Schwann cell	neurilemmal cell	0
celltype	CL:0000221	epidermal ectoderm cell	0	0	none	ectodermal cell	ectoderm cell	0
celltype	CL:0000221	neural ectoderm cell	0	0	none	ectodermal cell	ectoderm cell	0
celltype	CL:0000222	presomitic mesoderm cell	0	0	none	mesodermal cell	mesoblast | mesoderm cell	0
celltype	CL:0000223	definitive endoderm cell	0	0	none	endodermal cell	endoderm cell	0
celltype	CL:0000223	primitive endoderm cell	0	0	none	endodermal cell	endoderm cell	0
celltype	CL:0000232	colony-forming unit-erythroid	0	0	none	erythrocyte	RBC | red blood cell	0
celltype	CL:0000232	differentiated erythroid cell	0	0	none	erythrocyte	RBC | red blood cell	0
celltype	CL:0000232	erythrocyte	1	1	canonical	erythrocyte	RBC | red blood cell	0
celltype	CL:0000232	erythroid cell	1	0	none	erythrocyte	RBC | red blood cell	0
celltype	CL:0000232	erythroid precursor	0	0	none	erythrocyte	RBC | red blood cell	0
celltype	CL:0000232	erythroid terminal differentiation state cell	0	0	none	erythrocyte	RBC | red blood cell	0
celltype	CL:0000232	red blood cell	1	1	exact_synonym	erythrocyte	RBC | red blood cell	0
celltype	CL:0000232	terminally differentiated erythroid cell (Poly-OrthoEB)	0	0	none	erythrocyte	RBC | red blood cell	0
celltype	CL:0000233	platelet	1	1	canonical	platelet	anucleate thrombocyte | blood platelet | enucleate thrombocyte	0
celltype	CL:0000234	phagocyte	1	1	canonical	phagocyte		0
celltype	CL:0000235	AZU1-positive macrophage	0	0	none	macrophage	histiocyte	0
celltype	CL:0000235	CCL18-expressing macrophage	0	0	none	macrophage	histiocyte	0
celltype	CL:0000235	CCR1-positive macrophage	0	0	none	macrophage	histiocyte	0
celltype	CL:0000235	CD11c+ macrophage	0	0	none	macrophage	histiocyte	0
celltype	CL:0000235	CD11c+CD14+ graft versus host disease macrophage	0	0	none	macrophage	histiocyte	0
celltype	CL:0000235	CD11c+CD14+ macrophage	0	0	none	macrophage	histiocyte	0
celltype	CL:0000235	CD14+ monocyte and macrophage	0	0	none	macrophage	histiocyte	0
celltype	CL:0000235	CD3E+ macrophage	0	0	none	macrophage	histiocyte	0
celltype	CL:0000235	CHIT1-expressing macrophage	0	0	none	macrophage	histiocyte	0
celltype	CL:0000235	CXCL9-positive macrophage	0	0	none	macrophage	histiocyte	0
celltype	CL:0000235	FABP4-high macrophage	0	0	none	macrophage	histiocyte	0
celltype	CL:0000235	FCGR3A-positive macrophage	0	0	none	macrophage	histiocyte	0
celltype	CL:0000235	FCN1-high monocyte/macrophage	0	0	none	macrophage	histiocyte	0
celltype	CL:0000235	FFAR4 high macrophage	0	0	none	macrophage	histiocyte	0
celltype	CL:0000235	FOLR2+ macrophage	0	0	none	macrophage	histiocyte	0
celltype	CL:0000235	FTL-positive monocyte-derived macrophage cluster 2	0	0	none	macrophage	histiocyte	0
celltype	CL:0000235	HIST1H4C_Mac macrophage	0	0	none	macrophage	histiocyte	0
celltype	CL:0000235	HLA class II high macrophage	0	0	none	macrophage	histiocyte	0
celltype	CL:0000235	HLA class II-expressing macrophage	0	0	none	macrophage	histiocyte	0
celltype	CL:0000235	IFI30+ macrophage	0	0	none	macrophage	histiocyte	0
celltype	CL:0000235	IFI44L+ macrophage	0	0	none	macrophage	histiocyte	0
celltype	CL:0000235	ITGAX high macrophage	0	0	none	macrophage	histiocyte	0
celltype	CL:0000235	KRTs+ macrophage	0	0	none	macrophage	histiocyte	0
celltype	CL:0000235	LYVE1 hi macrophage	0	0	none	macrophage	histiocyte	0
celltype	CL:0000235	LYVE1 high macrophage	0	0	none	macrophage	histiocyte	0
celltype	CL:0000235	LYVE1-positive macrophage	0	0	none	macrophage	histiocyte	0
celltype	CL:0000235	LYVE1-positive macrophage 3	0	0	none	macrophage	histiocyte	0
celltype	CL:0000235	M1 macrophage	1	0	none	macrophage	histiocyte	0
celltype	CL:0000235	M1 monocyte-macrophage	0	0	none	macrophage	histiocyte	0
celltype	CL:0000235	M1-like macrophage	0	0	none	macrophage	histiocyte	0
celltype	CL:0000235	M1-like macrophage 1	0	0	none	macrophage	histiocyte	0
celltype	CL:0000235	M1-like macrophage 2	0	0	none	macrophage	histiocyte	0
celltype	CL:0000235	M1-like macrophage 3	0	0	none	macrophage	histiocyte	0
celltype	CL:0000235	M1-like proinflammatory macrophage	0	0	none	macrophage	histiocyte	0
celltype	CL:0000235	M2 macrophage	1	0	none	macrophage	histiocyte	0
celltype	CL:0000235	M2 monocyte-macrophage	0	0	none	macrophage	histiocyte	0
celltype	CL:0000235	M2-like macrophage	0	0	none	macrophage	histiocyte	0
celltype	CL:0000235	M2-like macrophage 1	0	0	none	macrophage	histiocyte	0
celltype	CL:0000235	M2-like macrophage 2	0	0	none	macrophage	histiocyte	0
celltype	CL:0000235	M2a macrophage	0	0	none	macrophage	histiocyte	0
celltype	CL:0000235	M2c macrophage	0	0	none	macrophage	histiocyte	0
celltype	CL:0000235	MAC-I macrophage	0	0	none	macrophage	histiocyte	0
celltype	CL:0000235	MAC-II macrophage	0	0	none	macrophage	histiocyte	0
celltype	CL:0000235	MAC-IV macrophage	0	0	none	macrophage	histiocyte	0
celltype	CL:0000235	MARCO-positive macrophage	0	0	none	macrophage	histiocyte	0
celltype	CL:0000235	MERTK hi LYVE1 lo macrophage	0	0	none	macrophage	histiocyte	0
celltype	CL:0000235	MSR1 high C1QB high macrophage	0	0	none	macrophage	histiocyte	0
celltype	CL:0000235	Mac4 macrophage	0	0	none	macrophage	histiocyte	0
celltype	CL:0000235	Macro-CCL macrophage	0	0	none	macrophage	histiocyte	0
celltype	CL:0000235	Macro-CHIT1 macrophage	0	0	none	macrophage	histiocyte	0
celltype	CL:0000235	MΦ1-LYVE1 macrophage	0	0	none	macrophage	histiocyte	0
celltype	CL:0000235	MΦ4-infiltrated macrophage	0	0	none	macrophage	histiocyte	0
celltype	CL:0000235	SIGLEC15-positive fetal testicular macrophage	0	0	none	macrophage	histiocyte	0
celltype	CL:0000235	SPP1-expressing macrophage	0	0	none	macrophage	histiocyte	0
celltype	CL:0000235	SPP1-high macrophage	0	0	none	macrophage	histiocyte	0
celltype	CL:0000235	SPP1-positive macrophage	0	0	none	macrophage	histiocyte	0
celltype	CL:0000235	SPP1-positive macrophage cluster mac(c)	0	0	none	macrophage	histiocyte	0
celltype	CL:0000235	STARD13-positive macrophage	0	0	none	macrophage	histiocyte	0
celltype	CL:0000235	TREM2-positive fetal testicular macrophage	0	0	none	macrophage	histiocyte	0
celltype	CL:0000235	TREM2high macrophage	0	0	none	macrophage	histiocyte	0
celltype	CL:0000235	TREM2low macrophage	0	0	none	macrophage	histiocyte	0
celltype	CL:0000235	activated alveolar macrophage	0	0	none	macrophage	histiocyte	0
celltype	CL:0000235	airspace macrophage	0	0	none	macrophage	histiocyte	0
celltype	CL:0000235	alternatively activated M2 macrophage	0	0	none	macrophage	histiocyte	0
celltype	CL:0000235	alveolar macrophage	1	0	none	macrophage	histiocyte	0
celltype	CL:0000235	alveolar macrophage expressing metallothioneins	0	0	none	macrophage	histiocyte	0
celltype	CL:0000235	alveolar macrophage metallothionein subset	0	0	none	macrophage	histiocyte	0
celltype	CL:0000235	anti-inflammatory (M2) macrophage	0	0	none	macrophage	histiocyte	0
celltype	CL:0000235	anti-inflammatory alveolar macrophage	0	0	none	macrophage	histiocyte	0
celltype	CL:0000235	antigen-presenting macrophage	0	0	none	macrophage	histiocyte	0
celltype	CL:0000235	basal epithelial cell	1	0	none	macrophage	histiocyte	0
celltype	CL:0000235	border-associated macrophage	0	0	none	macrophage	histiocyte	0
celltype	CL:0000235	classical macrophage	0	0	none	macrophage	histiocyte	0
celltype	CL:0000235	cluster 6 macrophage	0	0	none	macrophage	histiocyte	0
celltype	CL:0000235	conjunctival basal epithelial cell	0	0	none	macrophage	histiocyte	0
celltype	CL:0000235	corneal basal epithelial cell	0	0	none	macrophage	histiocyte	0
celltype	CL:0000235	corneal macrophage	0	0	none	macrophage	histiocyte	0
celltype	CL:0000235	decidual macrophage	1	0	none	macrophage	histiocyte	0
celltype	CL:0000235	decidual macrophage 1	0	0	none	macrophage	histiocyte	0
celltype	CL:0000235	decidual macrophage 2	0	0	none	macrophage	histiocyte	0
celltype	CL:0000235	dividing macrophage	1	0	none	macrophage	histiocyte	0
celltype	CL:0000235	donor-origin macrophage	0	0	none	macrophage	histiocyte	0
celltype	CL:0000235	ductal/basal epithelial cell	0	0	none	macrophage	histiocyte	0
celltype	CL:0000235	fibrotic macrophage	0	0	none	macrophage	histiocyte	0
celltype	CL:0000235	graft versus host disease macrophage	0	0	none	macrophage	histiocyte	0
celltype	CL:0000235	graft versus host disease-related CD11c+CD14+ macrophage	0	0	none	macrophage	histiocyte	0
celltype	CL:0000235	group 1 macrophage	0	0	none	macrophage	histiocyte	0
celltype	CL:0000235	group 2 macrophage	0	0	none	macrophage	histiocyte	0
celltype	CL:0000235	group 3 macrophage	0	0	none	macrophage	histiocyte	0
celltype	CL:0000235	group 4 alveolar macrophage	0	0	none	macrophage	histiocyte	0
celltype	CL:0000235	immunosuppressive macrophage	0	0	none	macrophage	histiocyte	0
celltype	CL:0000235	inflammatory classical monocyte/macrophage	0	0	none	macrophage	histiocyte	0
celltype	CL:0000235	interferon response macrophage	0	0	none	macrophage	histiocyte	0
celltype	CL:0000235	interferon responsive macrophage	0	0	none	macrophage	histiocyte	0
celltype	CL:0000235	interferon-response macrophage	0	0	none	macrophage	histiocyte	0
celltype	CL:0000235	interferon-responsive macrophage	0	0	none	macrophage	histiocyte	0
celltype	CL:0000235	intravascular macrophage	0	0	none	macrophage	histiocyte	0
celltype	CL:0000235	lipid-laden foam macrophage	0	0	none	macrophage	histiocyte	0
celltype	CL:0000235	macro-CCL macrophage	0	0	none	macrophage	histiocyte	0
celltype	CL:0000235	macro-cholesterol macrophage	0	0	none	macrophage	histiocyte	0
celltype	CL:0000235	macro-interferon-alpha/beta macrophage	0	0	none	macrophage	histiocyte	0
celltype	CL:0000235	macro-lipid macrophage	0	0	none	macrophage	histiocyte	0
celltype	CL:0000235	macro-repair macrophage	0	0	none	macrophage	histiocyte	0
celltype	CL:0000235	macro-vesicle macrophage	0	0	none	macrophage	histiocyte	0
celltype	CL:0000235	macrophage	1	1	canonical	macrophage	histiocyte	0
celltype	CL:0000235	macrophage 1	1	0	none	macrophage	histiocyte	0
celltype	CL:0000235	macrophage 2	1	0	none	macrophage	histiocyte	0
celltype	CL:0000235	macrophage MPh1	0	0	none	macrophage	histiocyte	0
celltype	CL:0000235	macrophage MPh2	0	0	none	macrophage	histiocyte	0
celltype	CL:0000235	macrophage Mac1/Mac3	0	0	none	macrophage	histiocyte	0
celltype	CL:0000235	macrophage Mac2	0	0	none	macrophage	histiocyte	0
celltype	CL:0000235	macrophage Mac4	0	0	none	macrophage	histiocyte	0
celltype	CL:0000235	macrophage Mac5	0	0	none	macrophage	histiocyte	0
celltype	CL:0000235	macrophage Macro_c2-CCL3L1	0	0	none	macrophage	histiocyte	0
celltype	CL:0000235	macrophage cluster 1	0	0	none	macrophage	histiocyte	0
celltype	CL:0000235	macrophage cluster 2	0	0	none	macrophage	histiocyte	0
celltype	CL:0000235	macrophage cluster 3	0	0	none	macrophage	histiocyte	0
celltype	CL:0000235	macrophage cluster C24	0	0	none	macrophage	histiocyte	0
celltype	CL:0000235	macrophage cluster C4	0	0	none	macrophage	histiocyte	0
celltype	CL:0000235	macrophage cluster mac(c)	0	0	none	macrophage	histiocyte	0
celltype	CL:0000235	macrophage subcluster 1	0	0	none	macrophage	histiocyte	0
celltype	CL:0000235	macrophage subcluster 2	0	0	none	macrophage	histiocyte	0
celltype	CL:0000235	macrophage subset M6	0	0	none	macrophage	histiocyte	0
celltype	CL:0000235	macrophage subset M7	0	0	none	macrophage	histiocyte	0
celltype	CL:0000235	macrophage subset M8	0	0	none	macrophage	histiocyte	0
celltype	CL:0000235	macrophage subtype 1	0	0	none	macrophage	histiocyte	0
celltype	CL:0000235	macrophage subtype 2	0	0	none	macrophage	histiocyte	0
celltype	CL:0000235	macrophage subtype 4	0	0	none	macrophage	histiocyte	0
celltype	CL:0000235	macrophage subtype 5	0	0	none	macrophage	histiocyte	0
celltype	CL:0000235	macrophage type 1	1	0	none	macrophage	histiocyte	0
celltype	CL:0000235	macrophage type 2	1	0	none	macrophage	histiocyte	0
celltype	CL:0000235	macrophage-1	0	0	none	macrophage	histiocyte	0
celltype	CL:0000235	macrophage-2	0	0	none	macrophage	histiocyte	0
celltype	CL:0000235	macrophage-A	0	0	none	macrophage	histiocyte	0
celltype	CL:0000235	macrophage-like microglia	0	0	none	macrophage	histiocyte	0
celltype	CL:0000235	macrophage/microglia	0	0	none	macrophage	histiocyte	0
celltype	CL:0000235	macrophage/monocyte	0	0	none	macrophage	histiocyte	0
celltype	CL:0000235	macrophages	1	0	none	macrophage	histiocyte	0
celltype	CL:0000235	macroreg macrophage	0	0	none	macrophage	histiocyte	0
celltype	CL:0000235	maternal macrophage	0	0	none	macrophage	histiocyte	0
celltype	CL:0000235	matrix-associated monocyte-like airspace macrophage	0	0	none	macrophage	histiocyte	0
celltype	CL:0000235	mature basal epithelial cell population E1	0	0	none	macrophage	histiocyte	0
celltype	CL:0000235	mature macrophage	0	0	none	macrophage	histiocyte	0
celltype	CL:0000235	metallothionein-expressing airspace macrophage	0	0	none	macrophage	histiocyte	0
celltype	CL:0000235	microglia and macrophage	0	0	none	macrophage	histiocyte	0
celltype	CL:0000235	mixed leukocyte reaction-activated macrophage	0	0	none	macrophage	histiocyte	0
celltype	CL:0000235	monocyte and macrophage	0	0	none	macrophage	histiocyte	0
celltype	CL:0000235	monocyte-derived alveolar macrophage	0	0	none	macrophage	histiocyte	0
celltype	CL:0000235	monocyte-derived macrophage	0	0	none	macrophage	histiocyte	0
celltype	CL:0000235	monocyte-derived macrophage cluster 1	0	0	none	macrophage	histiocyte	0
celltype	CL:0000235	monocyte-derived macrophage type II	0	0	none	macrophage	histiocyte	0
celltype	CL:0000235	monocyte-derived macrophage type III	0	0	none	macrophage	histiocyte	0
celltype	CL:0000235	monocyte-like airspace macrophage	0	0	none	macrophage	histiocyte	0
celltype	CL:0000235	monocyte-macrophage cell	0	0	none	macrophage	histiocyte	0
celltype	CL:0000235	monocyte-macrophage lineage cell	0	0	none	macrophage	histiocyte	0
celltype	CL:0000235	monocyte/macrophage	1	0	none	macrophage	histiocyte	0
celltype	CL:0000235	monocyte/macrophage and dendritic cell cluster	0	0	none	macrophage	histiocyte	0
celltype	CL:0000235	monocyte/macrophage subcluster 1	0	0	none	macrophage	histiocyte	0
celltype	CL:0000235	non-corneal macrophage	0	0	none	macrophage	histiocyte	0
celltype	CL:0000235	non-infected macrophage	0	0	none	macrophage	histiocyte	0
celltype	CL:0000235	non-sinusoidal macrophage	0	0	none	macrophage	histiocyte	0
celltype	CL:0000235	noninflammatory macrophage	0	0	none	macrophage	histiocyte	0
celltype	CL:0000235	peripheral macrophage	0	0	none	macrophage	histiocyte	0
celltype	CL:0000235	phagocytic macrophage	0	0	none	macrophage	histiocyte	0
celltype	CL:0000235	phagocytic monocyte/macrophage	0	0	none	macrophage	histiocyte	0
celltype	CL:0000235	phagocytosing microglia and/or macrophage	0	0	none	macrophage	histiocyte	0
celltype	CL:0000235	pro-inflammatory (M1) macrophage	0	0	none	macrophage	histiocyte	0
celltype	CL:0000235	pro-inflammatory alveolar macrophage	0	0	none	macrophage	histiocyte	0
celltype	CL:0000235	profibrogenic macrophage	0	0	none	macrophage	histiocyte	0
celltype	CL:0000235	profibrotic macrophage	0	0	none	macrophage	histiocyte	0
celltype	CL:0000235	profibrotic monocyte-derived alveolar macrophage	0	0	none	macrophage	histiocyte	0
celltype	CL:0000235	proinflammatory airspace macrophage	0	0	none	macrophage	histiocyte	0
celltype	CL:0000235	proinflammatory monocyte-derived macrophage	0	0	none	macrophage	histiocyte	0
celltype	CL:0000235	proliferating macrophage	1	0	none	macrophage	histiocyte	0
celltype	CL:0000235	recipient-origin macrophage	0	0	none	macrophage	histiocyte	0
celltype	CL:0000235	red pulp macrophage	0	0	none	macrophage	histiocyte	0
celltype	CL:0000235	remodeling macrophage	0	0	none	macrophage	histiocyte	0
celltype	CL:0000235	resident airspace macrophage	0	0	none	macrophage	histiocyte	0
celltype	CL:0000235	resident-like macrophage	0	0	none	macrophage	histiocyte	0
celltype	CL:0000235	scar-associated macrophage	0	0	none	macrophage	histiocyte	0
celltype	CL:0000235	sinusoidal macrophage	0	0	none	macrophage	histiocyte	0
celltype	CL:0000235	tissue-repair macrophage	0	0	none	macrophage	histiocyte	0
celltype	CL:0000235	tissue-resident alveolar macrophage	0	0	none	macrophage	histiocyte	0
celltype	CL:0000235	tissue-resident alveolar macrophage 2	0	0	none	macrophage	histiocyte	0
celltype	CL:0000235	tissue-resident homeostatic alveolar macrophage	0	0	none	macrophage	histiocyte	0
celltype	CL:0000235	transitional monocyte/macrophage FCGR3A high	0	0	none	macrophage	histiocyte	0
celltype	CL:0000235	transitional monocyte/macrophage FCGR3A low	0	0	none	macrophage	histiocyte	0
celltype	CL:0000235	tumor macrophage	0	0	none	macrophage	histiocyte	0
celltype	CL:0000235	tumor-associated macrophage 1	0	0	none	macrophage	histiocyte	0
celltype	CL:0000235	tumor-associated macrophage 2	0	0	none	macrophage	histiocyte	0
celltype	CL:0000235	tumor-specific macrophage	0	0	none	macrophage	histiocyte	0
celltype	CL:0000235	uterine macrophage 1	0	0	none	macrophage	histiocyte	0
celltype	CL:0000235	uterine macrophage 2	0	0	none	macrophage	histiocyte	0
celltype	CL:0000236	B cell	1	1	canonical	B cell	B lymphocyte | B-cell | B-lymphocyte	0
celltype	CL:0000236	B cell acute lymphoblastic leukemia cell	0	0	none	B cell	B lymphocyte | B-cell | B-lymphocyte	0
celltype	CL:0000236	B lymphocyte	1	1	exact_synonym	B cell	B lymphocyte | B-cell | B-lymphocyte	0
celltype	CL:0000236	B-cell	1	1	exact_synonym	B cell	B lymphocyte | B-cell | B-lymphocyte	0
celltype	CL:0000236	B-cell lineage cell	0	0	none	B cell	B lymphocyte | B-cell | B-lymphocyte	0
celltype	CL:0000236	B-lymphocyte	1	1	exact_synonym	B cell	B lymphocyte | B-cell | B-lymphocyte	0
celltype	CL:0000236	CD20+ B cell	0	0	none	B cell	B lymphocyte | B-cell | B-lymphocyte	0
celltype	CL:0000236	IgG-secreting B cell	0	0	none	B cell	B lymphocyte | B-cell | B-lymphocyte	0
celltype	CL:0000236	Mast/B cell	0	0	none	B cell	B lymphocyte | B-cell | B-lymphocyte	0
celltype	CL:0000236	T-bet-negative B cell	0	0	none	B cell	B lymphocyte | B-cell | B-lymphocyte	0
celltype	CL:0000236	T-bet-positive B cell	0	0	none	B cell	B lymphocyte | B-cell | B-lymphocyte	0
celltype	CL:0000236	T-like B cell	0	0	none	B cell	B lymphocyte | B-cell | B-lymphocyte	0
celltype	CL:0000236	TYROBP-positive B cell	0	0	none	B cell	B lymphocyte | B-cell | B-lymphocyte	0
celltype	CL:0000236	ZBTB32-positive B cell	0	0	none	B cell	B lymphocyte | B-cell | B-lymphocyte	0
celltype	CL:0000236	activated B cell	0	0	none	B cell	B lymphocyte | B-cell | B-lymphocyte	0
celltype	CL:0000236	activated B cell cluster 0	0	0	none	B cell	B lymphocyte | B-cell | B-lymphocyte	0
celltype	CL:0000236	activated B cell cluster 3	0	0	none	B cell	B lymphocyte | B-cell | B-lymphocyte	0
celltype	CL:0000236	active B cell	0	0	none	B cell	B lymphocyte | B-cell | B-lymphocyte	0
celltype	CL:0000236	atypical B cell	0	0	none	B cell	B lymphocyte | B-cell | B-lymphocyte	0
celltype	CL:0000236	bystander B cell	0	0	none	B cell	B lymphocyte | B-cell | B-lymphocyte	0
celltype	CL:0000236	chronic lymphocytic leukemia B cell	0	0	none	B cell	B lymphocyte | B-cell | B-lymphocyte	0
celltype	CL:0000236	circulating B cell	0	0	none	B cell	B lymphocyte | B-cell | B-lymphocyte	0
celltype	CL:0000236	conventional B cell	0	0	none	B cell	B lymphocyte | B-cell | B-lymphocyte	0
celltype	CL:0000236	dengue virus-associated B cell	0	0	none	B cell	B lymphocyte | B-cell | B-lymphocyte	0
celltype	CL:0000236	dividing B cell	0	0	none	B cell	B lymphocyte | B-cell | B-lymphocyte	0
celltype	CL:0000236	germinal center dark zone B cell	0	0	none	B cell	B lymphocyte | B-cell | B-lymphocyte	0
celltype	CL:0000236	germinal center dark-zone B cell	0	0	none	B cell	B lymphocyte | B-cell | B-lymphocyte	0
celltype	CL:0000236	germinal center light zone B cell	0	0	none	B cell	B lymphocyte | B-cell | B-lymphocyte	0
celltype	CL:0000236	germinal center light-zone B cell	0	0	none	B cell	B lymphocyte | B-cell | B-lymphocyte	0
celltype	CL:0000236	germinal center-like B cell	0	0	none	B cell	B lymphocyte | B-cell | B-lymphocyte	0
celltype	CL:0000236	interferon-responsive B cell	0	0	none	B cell	B lymphocyte | B-cell | B-lymphocyte	0
celltype	CL:0000236	interferon-stimulated gene-high B cell	0	0	none	B cell	B lymphocyte | B-cell | B-lymphocyte	0
celltype	CL:0000236	intermediate B cell	0	0	none	B cell	B lymphocyte | B-cell | B-lymphocyte	0
celltype	CL:0000236	late stage activated B cell	0	0	none	B cell	B lymphocyte | B-cell | B-lymphocyte	0
celltype	CL:0000236	liver resident B cell	0	0	none	B cell	B lymphocyte | B-cell | B-lymphocyte	0
celltype	CL:0000236	malignant B-cell-derived extracellular vesicle recipient cell	0	0	none	B cell	B lymphocyte | B-cell | B-lymphocyte	0
celltype	CL:0000236	marginal zone B cell	0	0	none	B cell	B lymphocyte | B-cell | B-lymphocyte	0
celltype	CL:0000236	mature antigen inexperienced B cell	0	0	none	B cell	B lymphocyte | B-cell | B-lymphocyte	0
celltype	CL:0000236	mature/activated B cell	0	0	none	B cell	B lymphocyte | B-cell | B-lymphocyte	0
celltype	CL:0000236	memory-like B cell	0	0	none	B cell	B lymphocyte | B-cell | B-lymphocyte	0
celltype	CL:0000236	mucosa-associated lymphoid tissue-derived B cell	0	0	none	B cell	B lymphocyte | B-cell | B-lymphocyte	0
celltype	CL:0000236	naive IgM B cell	0	0	none	B cell	B lymphocyte | B-cell | B-lymphocyte	0
celltype	CL:0000236	naïve B cell	0	0	none	B cell	B lymphocyte | B-cell | B-lymphocyte	0
celltype	CL:0000236	naïve unswitched B cell	0	0	none	B cell	B lymphocyte | B-cell | B-lymphocyte	0
celltype	CL:0000236	plasma-like B cell	0	0	none	B cell	B lymphocyte | B-cell | B-lymphocyte	0
celltype	CL:0000236	primitive B cell	0	0	none	B cell	B lymphocyte | B-cell | B-lymphocyte	0
celltype	CL:0000236	stressed B cell	0	0	none	B cell	B lymphocyte | B-cell | B-lymphocyte	0
celltype	CL:0000242	Merkel cell	1	1	canonical	Merkel cell	Merkel's cell	0
celltype	CL:0000244	transitional epithelial cell	1	1	canonical	transitional epithelial cell		0
celltype	CL:0000312	SPINK6-positive keratinocyte	0	0	none	keratinocyte		0
celltype	CL:0000312	WNT-inhibitory keratinocyte	0	0	none	keratinocyte		0
celltype	CL:0000312	basal keratinocyte	1	0	none	keratinocyte		0
celltype	CL:0000312	basal keratinocyte KC-1	0	0	none	keratinocyte		0
celltype	CL:0000312	basal keratinocyte basal1	0	0	none	keratinocyte		0
celltype	CL:0000312	basal keratinocyte basal2	0	0	none	keratinocyte		0
celltype	CL:0000312	basal keratinocyte basal3	0	0	none	keratinocyte		0
celltype	CL:0000312	basal layer/differentiating keratinocyte	0	0	none	keratinocyte		0
celltype	CL:0000312	channel keratinocyte	0	0	none	keratinocyte		0
celltype	CL:0000312	differentiated keratinocyte	0	0	none	keratinocyte		0
celltype	CL:0000312	dividing keratinocyte	0	0	none	keratinocyte		0
celltype	CL:0000312	follicular keratinocyte	0	0	none	keratinocyte		0
celltype	CL:0000312	high-resolution WNT-inhibitory keratinocyte	0	0	none	keratinocyte		0
celltype	CL:0000312	hip keratinocyte	0	0	none	keratinocyte		0
celltype	CL:0000312	inflammatory differentiated keratinocyte	0	0	none	keratinocyte		0
celltype	CL:0000312	inner bulb keratinocyte	0	0	none	keratinocyte		0
celltype	CL:0000312	interfollicular epidermis basal keratinocyte	0	0	none	keratinocyte		0
celltype	CL:0000312	keratinocyte	1	1	canonical	keratinocyte		0
celltype	CL:0000312	keratinocyte A	0	0	none	keratinocyte		0
celltype	CL:0000312	keratinocyte B	0	0	none	keratinocyte		0
celltype	CL:0000312	keratinocyte H.Epi 1.3	0	0	none	keratinocyte		0
celltype	CL:0000312	keratinocyte cluster 3	0	0	none	keratinocyte		0
celltype	CL:0000312	keratinocyte subpopulation Kera1	0	0	none	keratinocyte		0
celltype	CL:0000312	keratinocyte subpopulation Kera2	0	0	none	keratinocyte		0
celltype	CL:0000312	mitotic keratinocyte	0	0	none	keratinocyte		0
celltype	CL:0000312	nail keratinocyte-1	0	0	none	keratinocyte		0
celltype	CL:0000312	nail-specific keratinocyte	0	0	none	keratinocyte		0
celltype	CL:0000312	outer hair follicle bulb keratinocyte	0	0	none	keratinocyte		0
celltype	CL:0000312	proliferating keratinocyte	0	0	none	keratinocyte		0
celltype	CL:0000312	sebaceous keratinocyte	0	0	none	keratinocyte		0
celltype	CL:0000312	spinous I keratinocyte	0	0	none	keratinocyte		0
celltype	CL:0000312	spinous II keratinocyte	0	0	none	keratinocyte		0
celltype	CL:0000312	spinous interfollicular epidermis keratinocyte	0	0	none	keratinocyte		0
celltype	CL:0000312	spinous keratinocyte	0	0	none	keratinocyte		0
celltype	CL:0000312	stressed/adnexae keratinocyte	0	0	none	keratinocyte		0
celltype	CL:0000312	suprabasal spinous keratinocyte	0	0	none	keratinocyte		0
celltype	CL:0000312	undifferentiated keratinocyte	0	0	none	keratinocyte		0
celltype	CL:0000313	serous cell	1	1	exact_synonym	serous secreting cell	serous cell	0
celltype	CL:0000313	submucosal gland serous cell	0	0	none	serous secreting cell	serous cell	0
celltype	CL:0000317	sebocyte	1	1	canonical	sebocyte	sebum secreting cell	0
celltype	CL:0000319	gland mucous cell	0	0	none	mucus secreting cell	mucous cell	0
celltype	CL:0000319	mucous cell	1	1	exact_synonym	mucus secreting cell	mucous cell	0
celltype	CL:0000319	pit mucous cell	0	0	none	mucus secreting cell	mucous cell	0
celltype	CL:0000319	submucosal gland mucous cell	1	0	none	mucus secreting cell	mucous cell	0
celltype	CL:0000322	CD66c-negative alveolar epithelial type 2 cell	0	0	none	pulmonary alveolar epithelial cell	alveolar epithelial cell | alveolus of lung epithelial cell | epithelial cell of alveolus of lung | pneumocyte | pneumonocyte	0
celltype	CL:0000322	CD66c-positive alveolar epithelial type 2 cell	0	0	none	pulmonary alveolar epithelial cell	alveolar epithelial cell | alveolus of lung epithelial cell | epithelial cell of alveolus of lung | pneumocyte | pneumonocyte	0
celltype	CL:0000322	alveolar epithelial cell	1	1	exact_synonym	pulmonary alveolar epithelial cell	alveolar epithelial cell | alveolus of lung epithelial cell | epithelial cell of alveolus of lung | pneumocyte | pneumonocyte	0
celltype	CL:0000322	alveolar epithelial cell type 1	1	0	none	pulmonary alveolar epithelial cell	alveolar epithelial cell | alveolus of lung epithelial cell | epithelial cell of alveolus of lung | pneumocyte | pneumonocyte	0
celltype	CL:0000322	alveolar epithelial cell type 2	1	0	none	pulmonary alveolar epithelial cell	alveolar epithelial cell | alveolus of lung epithelial cell | epithelial cell of alveolus of lung | pneumocyte | pneumonocyte	0
celltype	CL:0000322	alveolar epithelial transitional cell	0	0	none	pulmonary alveolar epithelial cell	alveolar epithelial cell | alveolus of lung epithelial cell | epithelial cell of alveolus of lung | pneumocyte | pneumonocyte	0
celltype	CL:0000322	alveolar epithelial type 1 cell	0	0	none	pulmonary alveolar epithelial cell	alveolar epithelial cell | alveolus of lung epithelial cell | epithelial cell of alveolus of lung | pneumocyte | pneumonocyte	0
celltype	CL:0000322	alveolar epithelial type 2 cell	0	0	none	pulmonary alveolar epithelial cell	alveolar epithelial cell | alveolus of lung epithelial cell | epithelial cell of alveolus of lung | pneumocyte | pneumonocyte	0
celltype	CL:0000322	alveolar epithelial type 2 cell subset near the respiratory bronchioles	0	0	none	pulmonary alveolar epithelial cell	alveolar epithelial cell | alveolus of lung epithelial cell | epithelial cell of alveolus of lung | pneumocyte | pneumonocyte	0
celltype	CL:0000322	alveolar epithelial type 2 signaling cell	0	0	none	pulmonary alveolar epithelial cell	alveolar epithelial cell | alveolus of lung epithelial cell | epithelial cell of alveolus of lung | pneumocyte | pneumonocyte	0
celltype	CL:0000322	intermediate alveolar epithelial type 2 - alveolar epithelial type 1 cell	0	0	none	pulmonary alveolar epithelial cell	alveolar epithelial cell | alveolus of lung epithelial cell | epithelial cell of alveolus of lung | pneumocyte | pneumonocyte	0
celltype	CL:0000322	intermediate alveolar type 0 - alveolar epithelial type 2 cell	0	0	none	pulmonary alveolar epithelial cell	alveolar epithelial cell | alveolus of lung epithelial cell | epithelial cell of alveolus of lung | pneumocyte | pneumonocyte	0
celltype	CL:0000322	proliferating alveolar epithelial type 2 cell	0	0	none	pulmonary alveolar epithelial cell	alveolar epithelial cell | alveolus of lung epithelial cell | epithelial cell of alveolus of lung | pneumocyte | pneumonocyte	0
celltype	CL:0000322	type 1 alveolar epithelial cell	0	0	none	pulmonary alveolar epithelial cell	alveolar epithelial cell | alveolus of lung epithelial cell | epithelial cell of alveolus of lung | pneumocyte | pneumonocyte	0
celltype	CL:0000333	Neural Crest-like cell	0	0	none	migratory neural crest cell		0
celltype	CL:0000333	Neural G0	0	0	none	migratory neural crest cell		0
celltype	CL:0000333	Neural G0 glioma cell	0	0	none	migratory neural crest cell		0
celltype	CL:0000333	neural crest cell	1	0	none	migratory neural crest cell		0
celltype	CL:0000333	neural crest neuron	0	0	none	migratory neural crest cell		0
celltype	CL:0000333	neural crest progenitor	0	0	none	migratory neural crest cell		0
celltype	CL:0000333	neural crest-derived lineage cell	0	0	none	migratory neural crest cell		0
celltype	CL:0000333	neural crest-like cell	0	0	none	migratory neural crest cell		0
celltype	CL:0000351	extravillous trophoblast cell	0	0	none	trophoblast cell	trophoblastic cell	0
celltype	CL:0000351	migrative trophoblast cell	0	0	none	trophoblast cell	trophoblastic cell	0
celltype	CL:0000351	trophoblast cell	1	1	canonical	trophoblast cell	trophoblastic cell	0
celltype	CL:0000352	early pre-neuralisation epiblast cell	0	0	none	epiblast cell		0
celltype	CL:0000352	epiblast cell	1	1	canonical	epiblast cell		0
celltype	CL:0000352	late caudal epiblast cell	0	0	none	epiblast cell		0
celltype	CL:0000352	late rostral epiblast cell	0	0	none	epiblast cell		0
celltype	CL:0000352	naïve epiblast cell	0	0	none	epiblast cell		0
celltype	CL:0000359	medial vascular smooth muscle cell	0	0	none	vascular associated smooth muscle cell	VSMC | vascular smooth muscle cell	0
celltype	CL:0000359	modulated vascular smooth muscle cell	0	0	none	vascular associated smooth muscle cell	VSMC | vascular smooth muscle cell	0
celltype	CL:0000359	pericyte/vascular smooth muscle cell	0	0	none	vascular associated smooth muscle cell	VSMC | vascular smooth muscle cell	0
celltype	CL:0000359	vascular smooth muscle cell	1	1	exact_synonym	vascular associated smooth muscle cell	VSMC | vascular smooth muscle cell	0
celltype	CL:0000359	vascular smooth muscle cell Mes3	0	0	none	vascular associated smooth muscle cell	VSMC | vascular smooth muscle cell	0
celltype	CL:0000359	vascular smooth muscle cell and mesangial cell	0	0	none	vascular associated smooth muscle cell	VSMC | vascular smooth muscle cell	0
celltype	CL:0000362	basal epidermal cell	0	0	none	epidermal cell	cell of epidermis	0
celltype	CL:0000362	basal interfollicular epidermal cell	0	0	none	epidermal cell	cell of epidermis	0
celltype	CL:0000362	differentiated epidermal cell	0	0	none	epidermal cell	cell of epidermis	0
celltype	CL:0000362	epidermal cell	1	1	canonical	epidermal cell	cell of epidermis	0
celltype	CL:0000362	granular interfollicular epidermal cell	0	0	none	epidermal cell	cell of epidermis	0
celltype	CL:0000362	spinous interfollicular epidermal cell	0	0	none	epidermal cell	cell of epidermis	0
celltype	CL:0000362	upper epidermal cell	0	0	none	epidermal cell	cell of epidermis	0
celltype	CL:0000388	tendon cell	1	1	canonical	tendon cell	muscle attachment cell	0
celltype	CL:0000423	tip cell	1	1	canonical	tip cell		0
celltype	CL:0000423	ureteric tip cell	0	0	none	tip cell		0
celltype	CL:0000432	T reticular cell	0	0	none	reticular cell	reticulum cell	0
celltype	CL:0000432	T/B border reticular cell	0	0	none	reticular cell	reticulum cell	0
celltype	CL:0000432	marginal reticular cell	0	0	none	reticular cell	reticulum cell	0
celltype	CL:0000437	gonadotrope	1	1	exact_synonym	gonadtroph	delta basophil | follicle stimulating hormone secreting cell | gonadotrope | gonadotrope cell | gonadotroph | gonadotropic cell | pituitary delta cell	0
celltype	CL:0000442	follicular dendritic cell	1	1	canonical	follicular dendritic cell		0
celltype	CL:0000451	AS dendritic cell	0	0	none	dendritic cell		0
celltype	CL:0000451	AXL and SIGLEC6-expressing dendritic cell	0	0	none	dendritic cell		0
celltype	CL:0000451	AXL+ SIGLEC6+ dendritic cell	0	0	none	dendritic cell		0
celltype	CL:0000451	AXL-positive SIGLEC6-positive dendritic cell	0	0	none	dendritic cell		0
celltype	CL:0000451	Axl-positive Siglec-6-positive dendritic cell	0	0	none	dendritic cell		0
celltype	CL:0000451	B cell or dendritic cell	0	0	none	dendritic cell		0
celltype	CL:0000451	CCR7-positive conventional dendritic cell	0	0	none	dendritic cell		0
celltype	CL:0000451	CCR7-positive dendritic cell	0	0	none	dendritic cell		0
celltype	CL:0000451	CD14-positive type 3 dendritic cell	0	0	none	dendritic cell		0
celltype	CL:0000451	CD141+ conventional dendritic cell	0	0	none	dendritic cell		0
celltype	CL:0000451	CD141+ dendritic cell	0	0	none	dendritic cell		0
celltype	CL:0000451	CD1c+ conventional dendritic cell	0	0	none	dendritic cell		0
celltype	CL:0000451	CD1c+ dendritic cell	0	0	none	dendritic cell		0
celltype	CL:0000451	CD1c-high dendritic cell	0	0	none	dendritic cell		0
celltype	CL:0000451	CLEC10A hi dendritic cell	0	0	none	dendritic cell		0
celltype	CL:0000451	CLEC9A hi dendritic cell	0	0	none	dendritic cell		0
celltype	CL:0000451	DC2 dendritic cell	0	0	none	dendritic cell		0
celltype	CL:0000451	DC3 dendritic cell	0	0	none	dendritic cell		0
celltype	CL:0000451	EREG-positive dendritic cell	0	0	none	dendritic cell		0
celltype	CL:0000451	IDO1-positive dendritic cell	0	0	none	dendritic cell		0
celltype	CL:0000451	IGSF21-positive dendritic cell	0	0	none	dendritic cell		0
celltype	CL:0000451	IL7R+ dendritic cell	0	0	none	dendritic cell		0
celltype	CL:0000451	LAMP3-positive conventional dendritic cell	0	0	none	dendritic cell		0
celltype	CL:0000451	Langerhans-like dendritic cell	0	0	none	dendritic cell		0
celltype	CL:0000451	Langerhans-like dendritic cell 2	0	0	none	dendritic cell		0
celltype	CL:0000451	TREM2-positive dendritic cell	0	0	none	dendritic cell		0
celltype	CL:0000451	VCAN hi dendritic cell/monocyte	0	0	none	dendritic cell		0
celltype	CL:0000451	activated conventional dendritic cell	0	0	none	dendritic cell		0
celltype	CL:0000451	activated dendritic cell	1	0	none	dendritic cell		0
celltype	CL:0000451	activated dendritic cell 2	0	0	none	dendritic cell		0
celltype	CL:0000451	ambiguous dendritic cell	0	0	none	dendritic cell		0
celltype	CL:0000451	blood dendritic cell	0	0	none	dendritic cell		0
celltype	CL:0000451	classical dendritic cell type 2	0	0	none	dendritic cell		0
celltype	CL:0000451	cluster 3 dendritic cell	0	0	none	dendritic cell		0
celltype	CL:0000451	cluster 4 dendritic cell	0	0	none	dendritic cell		0
celltype	CL:0000451	cluster 5 dendritic cell	0	0	none	dendritic cell		0
celltype	CL:0000451	clusters 1-3 dendritic cell	0	0	none	dendritic cell		0
celltype	CL:0000451	conventional dendritic cell	1	0	none	dendritic cell		0
celltype	CL:0000451	conventional dendritic cell 1	1	0	none	dendritic cell		0
celltype	CL:0000451	conventional dendritic cell 2	1	0	none	dendritic cell		0
celltype	CL:0000451	conventional dendritic cell subtype 1	0	0	none	dendritic cell		0
celltype	CL:0000451	conventional dendritic cell subtype 2	0	0	none	dendritic cell		0
celltype	CL:0000451	conventional dendritic cell type 3	0	0	none	dendritic cell		0
celltype	CL:0000451	conventional type 1 dendritic cell	0	0	none	dendritic cell		0
celltype	CL:0000451	conventional type 2 dendritic cell	0	0	none	dendritic cell		0
celltype	CL:0000451	conventional type I dendritic cell	0	0	none	dendritic cell		0
celltype	CL:0000451	cross-presenting dendritic cell	0	0	none	dendritic cell		0
celltype	CL:0000451	dendritic cell	1	1	canonical	dendritic cell		0
celltype	CL:0000451	dendritic cell DC-1	0	0	none	dendritic cell		0
celltype	CL:0000451	dendritic cell DC-2	0	0	none	dendritic cell		0
celltype	CL:0000451	dendritic cell DC-3	0	0	none	dendritic cell		0
celltype	CL:0000451	dendritic cell DC1	0	0	none	dendritic cell		0
celltype	CL:0000451	dendritic cell DC2/DC3	0	0	none	dendritic cell		0
celltype	CL:0000451	dendritic cell subpopulation 1	0	0	none	dendritic cell		0
celltype	CL:0000451	dendritic cell subpopulation 2	0	0	none	dendritic cell		0
celltype	CL:0000451	dendritic cell subtype	0	0	none	dendritic cell		0
celltype	CL:0000451	dendritic cell type 2	1	0	none	dendritic cell		0
celltype	CL:0000451	dendritic cell type 3	0	0	none	dendritic cell		0
celltype	CL:0000451	lung and lymph node dendritic cell	0	0	none	dendritic cell		0
celltype	CL:0000451	lung dendritic cell	0	0	none	dendritic cell		0
celltype	CL:0000451	lymph node dendritic cell	0	0	none	dendritic cell		0
celltype	CL:0000451	macrophage and dendritic cell	0	0	none	dendritic cell		0
celltype	CL:0000451	macrophage/dendritic cell	0	0	none	dendritic cell		0
celltype	CL:0000451	mature dendritic cell	0	0	none	dendritic cell		0
celltype	CL:0000451	mature dendritic cell enriched in immunoregulatory molecules	0	0	none	dendritic cell		0
celltype	CL:0000451	mature dendritic cell enriched in regulatory molecules	0	0	none	dendritic cell		0
celltype	CL:0000451	mature dendritic cells enriched in immunoregulatory molecules	0	0	none	dendritic cell		0
celltype	CL:0000451	monocyte derived dendritic cell	0	0	none	dendritic cell		0
celltype	CL:0000451	non-dendritic cell	0	0	none	dendritic cell		0
celltype	CL:0000451	novel dendritic cell population	0	0	none	dendritic cell		0
celltype	CL:0000451	precursor conventional dendritic cell	0	0	none	dendritic cell		0
celltype	CL:0000451	skin activated dendritic cell	0	0	none	dendritic cell		0
celltype	CL:0000451	tolerogenic dendritic cell	0	0	none	dendritic cell		0
celltype	CL:0000451	type 1 conventional dendritic cell	0	0	none	dendritic cell		0
celltype	CL:0000451	type 2 conventional dendritic cell	0	0	none	dendritic cell		0
celltype	CL:0000451	type 2 conventional dendritic cell subcluster cDC2.4	0	0	none	dendritic cell		0
celltype	CL:0000451	type 2 dendritic cell	0	0	none	dendritic cell		0
celltype	CL:0000451	type II dendritic cell	0	0	none	dendritic cell		0
celltype	CL:0000451	type-1 conventional dendritic cell	0	0	none	dendritic cell		0
celltype	CL:0000451	type-2 conventional dendritic cell	0	0	none	dendritic cell		0
celltype	CL:0000453	Langerhans cell	1	1	canonical	Langerhans cell	LC	0
celltype	CL:0000476	thyrotrope	1	1	exact_synonym	thyrotroph	beta-basophil | thyroid stimulating hormone secreting cell | thyrotrope	0
celltype	CL:0000477	follicle cell	1	0	none	follicle cell of egg chamber		0
celltype	CL:0000498	inhibitory interneuron	1	1	canonical	inhibitory interneuron		0
celltype	CL:0000499	CD74-positive stromal cell sfC13	0	0	none	stromal cell		0
celltype	CL:0000499	COL1A2-positive stromal cell	0	0	none	stromal cell		0
celltype	CL:0000499	IGFBP2+ stromal cell	0	0	none	stromal cell		0
celltype	CL:0000499	MYB-expressing stromal cell	0	0	none	stromal cell		0
celltype	CL:0000499	STF4 stromal cell	0	0	none	stromal cell		0
celltype	CL:0000499	basal/stromal cell	0	0	none	stromal cell		0
celltype	CL:0000499	decidual/stromal cell	0	0	none	stromal cell		0
celltype	CL:0000499	decidualized stromal cell	0	0	none	stromal cell		0
celltype	CL:0000499	early decidualized stromal cell	0	0	none	stromal cell		0
celltype	CL:0000499	kidney stromal cell	0	0	none	stromal cell		0
celltype	CL:0000499	late decidualized stromal cell	0	0	none	stromal cell		0
celltype	CL:0000499	mid decidualized stromal cell	0	0	none	stromal cell		0
celltype	CL:0000499	non-MYB stromal cell	0	0	none	stromal cell		0
celltype	CL:0000499	renal stroma cell	0	0	none	stromal cell		0
celltype	CL:0000499	renal stromal cell	0	0	none	stromal cell		0
celltype	CL:0000499	stromal 1 cell	0	0	none	stromal cell		0
celltype	CL:0000499	stromal 1 subset	0	0	none	stromal cell		0
celltype	CL:0000499	stromal 2 cell	0	0	none	stromal cell		0
celltype	CL:0000499	stromal 2 subset	0	0	none	stromal cell		0
celltype	CL:0000499	stromal 3 cell	0	0	none	stromal cell		0
celltype	CL:0000499	stromal 3 subset	0	0	none	stromal cell		0
celltype	CL:0000499	stromal 4 cell	0	0	none	stromal cell		0
celltype	CL:0000499	stromal 4 subset	0	0	none	stromal cell		0
celltype	CL:0000499	stromal cell	1	1	canonical	stromal cell		0
celltype	CL:0000499	stromal cell cluster C3	0	0	none	stromal cell		0
celltype	CL:0000499	stromal cell cluster C9	0	0	none	stromal cell		0
celltype	CL:0000499	theca cell and stromal cell	0	0	none	stromal cell		0
celltype	CL:0000501	developing granulosa cell	0	0	none	granulosa cell	granulosa cell of ovary	0
celltype	CL:0000501	granulosa cell	1	1	canonical	granulosa cell	granulosa cell of ovary	0
celltype	CL:0000501	progenitor granulosa cell	0	0	none	granulosa cell	granulosa cell of ovary	0
celltype	CL:0000502	D cell	1	1	exact_synonym	type D enteroendocrine cell	D cell	0
celltype	CL:0000503	theca cell	1	1	canonical	theca cell		0
celltype	CL:0000508	G cell	1	1	exact_synonym	type G enteroendocrine cell	G cell	0
celltype	CL:0000510	Paneth cell	1	1	canonical	paneth cell		0
celltype	CL:0000528	nitrergic neuron	1	1	canonical	nitrergic neuron		0
celltype	CL:0000528	non-nitrergic neuron	0	0	none	nitrergic neuron		0
celltype	CL:0000540	CA1 and CA3 neuron	0	0	none	neuron	nerve cell	0
celltype	CL:0000540	CA1 neuron	0	0	none	neuron	nerve cell	0
celltype	CL:0000540	CA2 and CA3 neuron	0	0	none	neuron	nerve cell	0
celltype	CL:0000540	CA3.1 neuron	0	0	none	neuron	nerve cell	0
celltype	CL:0000540	CADPS2 high neuronal cell cluster	0	0	none	neuron	nerve cell	0
celltype	CL:0000540	GABAergic deep nuclei neuron	0	0	none	neuron	nerve cell	0
celltype	CL:0000540	NDNF-positive layer I neuron	0	0	none	neuron	nerve cell	0
celltype	CL:0000540	NOS1-negative myenteric neuron	0	0	none	neuron	nerve cell	0
celltype	CL:0000540	NeuN+/RBFOX1+ neuron	0	0	none	neuron	nerve cell	0
celltype	CL:0000540	NeuN+/RBFOX1- neuron	0	0	none	neuron	nerve cell	0
celltype	CL:0000540	PHOX2B-expressing neuron	0	0	none	neuron	nerve cell	0
celltype	CL:0000540	REELIN-positive neuron	0	0	none	neuron	nerve cell	0
celltype	CL:0000540	cortical layer I neuron	0	0	none	neuron	nerve cell	0
celltype	CL:0000540	deep cortical plate neuron	0	0	none	neuron	nerve cell	0
celltype	CL:0000540	deep layer neuron	0	0	none	neuron	nerve cell	0
celltype	CL:0000540	deep-layer neuron	0	0	none	neuron	nerve cell	0
celltype	CL:0000540	deeper layer neuron	0	0	none	neuron	nerve cell	0
celltype	CL:0000540	differentiating neuron	0	0	none	neuron	nerve cell	0
celltype	CL:0000540	disease-specific cluster containing dysmorphic neurons	0	0	none	neuron	nerve cell	0
celltype	CL:0000540	dopaminoceptive neuron	0	0	none	neuron	nerve cell	0
celltype	CL:0000540	dorsal root ganglia neuron	0	0	none	neuron	nerve cell	0
celltype	CL:0000540	early-born neuron	0	0	none	neuron	nerve cell	0
celltype	CL:0000540	entorhinal neuron	0	0	none	neuron	nerve cell	0
celltype	CL:0000540	fetal neuronal cell	0	0	none	neuron	nerve cell	0
celltype	CL:0000540	glia/neuronal cell	0	0	none	neuron	nerve cell	0
celltype	CL:0000540	globus pallidus internus core neuron	0	0	none	neuron	nerve cell	0
celltype	CL:0000540	globus pallidus internus shell neuron	0	0	none	neuron	nerve cell	0
celltype	CL:0000540	glutamatergic deep nuclei neuron	0	0	none	neuron	nerve cell	0
celltype	CL:0000540	granule neuron	0	0	none	neuron	nerve cell	0
celltype	CL:0000540	granule neuron 1	0	0	none	neuron	nerve cell	0
celltype	CL:0000540	granule neuron 5	0	0	none	neuron	nerve cell	0
celltype	CL:0000540	granule neuron 6	0	0	none	neuron	nerve cell	0
celltype	CL:0000540	granule neuron 7	0	0	none	neuron	nerve cell	0
celltype	CL:0000540	habenula neuron	0	0	none	neuron	nerve cell	0
celltype	CL:0000540	inhibitory cerebellar nuclei neuron	0	0	none	neuron	nerve cell	0
celltype	CL:0000540	inhibitory parvalbumin neuron cluster Inhib_7	0	0	none	neuron	nerve cell	0
celltype	CL:0000540	isthmic nuclei neuron	0	0	none	neuron	nerve cell	0
celltype	CL:0000540	koniocellular neuron	0	0	none	neuron	nerve cell	0
celltype	CL:0000540	koniocellular neuron type Kp	0	0	none	neuron	nerve cell	0
celltype	CL:0000540	lateral ganglionic eminence neuron	0	0	none	neuron	nerve cell	0
celltype	CL:0000540	lateral habenula neuron	0	0	none	neuron	nerve cell	0
celltype	CL:0000540	layer II neuron	0	0	none	neuron	nerve cell	0
celltype	CL:0000540	layer three neuron	0	0	none	neuron	nerve cell	0
celltype	CL:0000540	lower layer neuron	0	0	none	neuron	nerve cell	0
celltype	CL:0000540	mature neuron	0	0	none	neuron	nerve cell	0
celltype	CL:0000540	maturing neuron	0	0	none	neuron	nerve cell	0
celltype	CL:0000540	medial habenula neuron	0	0	none	neuron	nerve cell	0
celltype	CL:0000540	myenteric neuron	0	0	none	neuron	nerve cell	0
celltype	CL:0000540	nerve cell	1	1	exact_synonym	neuron	nerve cell	0
celltype	CL:0000540	neurogenic and neuronal cell	0	0	none	neuron	nerve cell	0
celltype	CL:0000540	neuron	1	1	canonical	neuron	nerve cell	0
celltype	CL:0000540	neuron-like cell	0	0	none	neuron	nerve cell	0
celltype	CL:0000540	neuronal cell	1	0	none	neuron	nerve cell	0
celltype	CL:0000540	neuronal cell 1	0	0	none	neuron	nerve cell	0
celltype	CL:0000540	neuronal cell 2	0	0	none	neuron	nerve cell	0
celltype	CL:0000540	neuronal cell 4	0	0	none	neuron	nerve cell	0
celltype	CL:0000540	neuronal cell 5	0	0	none	neuron	nerve cell	0
celltype	CL:0000540	neuronal cell 6	0	0	none	neuron	nerve cell	0
celltype	CL:0000540	neuronal lineage cell	0	0	none	neuron	nerve cell	0
celltype	CL:0000540	neuronal precursor	0	0	none	neuron	nerve cell	0
celltype	CL:0000540	neuronal-like cell	0	0	none	neuron	nerve cell	0
celltype	CL:0000540	newborn neuron	0	0	none	neuron	nerve cell	0
celltype	CL:0000540	nitrergic myenteric neuron	0	0	none	neuron	nerve cell	0
celltype	CL:0000540	olfactory neuron	0	0	none	neuron	nerve cell	0
celltype	CL:0000540	pan neuron/Cajal-Retzius	0	0	none	neuron	nerve cell	0
celltype	CL:0000540	parabrachial neuron	0	0	none	neuron	nerve cell	0
celltype	CL:0000540	parvalbumin-expressing neuron	0	0	none	neuron	nerve cell	0
celltype	CL:0000540	parvalbumin-positive neuron	0	0	none	neuron	nerve cell	0
celltype	CL:0000540	postmitotic neuron	0	0	none	neuron	nerve cell	0
celltype	CL:0000540	putative secretomotor/vasodilator neuron	0	0	none	neuron	nerve cell	0
celltype	CL:0000540	quiescent subplate fetal neuron	0	0	none	neuron	nerve cell	0
celltype	CL:0000540	right atrial ganglionated plexus neuron	0	0	none	neuron	nerve cell	0
celltype	CL:0000540	serotonergic-like neuron	0	0	none	neuron	nerve cell	0
celltype	CL:0000540	subiculum neuron	0	0	none	neuron	nerve cell	0
celltype	CL:0000540	submucosal neuron	0	0	none	neuron	nerve cell	0
celltype	CL:0000540	superficial layer neuron	0	0	none	neuron	nerve cell	0
celltype	CL:0000540	unknown neurons 1	0	0	none	neuron	nerve cell	0
celltype	CL:0000540	unspecified neuron	0	0	none	neuron	nerve cell	0
celltype	CL:0000540	upper layer neuron	0	0	none	neuron	nerve cell	0
celltype	CL:0000540	upper layer neuron group a	0	0	none	neuron	nerve cell	0
celltype	CL:0000540	upper layer neuron group b	0	0	none	neuron	nerve cell	0
celltype	CL:0000540	upper-layer neuron	0	0	none	neuron	nerve cell	0
celltype	CL:0000540	vasoactive intestinal peptide-expressing neuron	0	0	none	neuron	nerve cell	0
celltype	CL:0000540	vasoactive intestinal peptide-positive neuron	0	0	none	neuron	nerve cell	0
celltype	CL:0000542	CD8-positive tumor-infiltrating lymphocyte	0	0	none	lymphocyte		0
celltype	CL:0000542	T_GIMAP lymphocyte	0	0	none	lymphocyte		0
celltype	CL:0000542	T_switched lymphocyte	0	0	none	lymphocyte		0
celltype	CL:0000542	cytotoxic lymphocyte	0	0	none	lymphocyte		0
celltype	CL:0000542	innate lymphocyte	0	0	none	lymphocyte		0
celltype	CL:0000542	kidney-resident lymphocyte	0	0	none	lymphocyte		0
celltype	CL:0000542	lymphocyte	1	1	canonical	lymphocyte		0
celltype	CL:0000542	malignant lymphocyte	0	0	none	lymphocyte		0
celltype	CL:0000542	proliferative lymphocyte	0	0	none	lymphocyte		0
celltype	CL:0000542	tissue-resident lymphocyte	0	0	none	lymphocyte		0
celltype	CL:0000545	Th1 cell	1	1	exact_synonym	T-helper 1 cell	T helper cells type 1 | T(H)-1 cell | Th1 CD4+ T cell | Th1 T cell | Th1 T lymphocyte | Th1 T-cell | Th1 T-lymphocyte | Th1 cell | helper T cell type 1	0
celltype	CL:0000545	type 1 helper T cell	1	0	none	T-helper 1 cell	T helper cells type 1 | T(H)-1 cell | Th1 CD4+ T cell | Th1 T cell | Th1 T lymphocyte | Th1 T-cell | Th1 T-lymphocyte | Th1 cell | helper T cell type 1	0
celltype	CL:0000549	basophilic erythroblast	1	1	canonical	basophilic erythroblast	basophilic normoblast | early erythroblast | early normoblast | prorubricyte	0
celltype	CL:0000552	polychromatic-orthochromatic erythroblast	0	0	none	orthochromatic erythroblast	acidophilic erythroblast | eosinophilic erythroblast | late erythoblast | orthochromatic normoblast | pyknotic eto enrythroblast	0
celltype	CL:0000553	erythroid-megakaryocytic progenitor cell	0	0	none	megakaryocyte progenitor cell	CFU-Meg | Meg-CFC | MkP | colony-forming unit-megakaryocyte | megacaryoblast | megacaryocyte progenitor cell | megakaryoblast | megakaryocytic progenitor cell	0
celltype	CL:0000556	colony forming unit – granulocyte, erythrocyte, monocyte, megakaryocyte	0	0	none	megakaryocyte	megacaryocyte | megalocaryocyte | megalokaryocyte	0
celltype	CL:0000556	cycling megakaryocyte-erythroid-mast progenitor	0	0	none	megakaryocyte	megacaryocyte | megalocaryocyte | megalokaryocyte	0
celltype	CL:0000556	megakaryocyte	1	1	canonical	megakaryocyte	megacaryocyte | megalocaryocyte | megalokaryocyte	0
celltype	CL:0000556	megakaryocyte cell	0	0	none	megakaryocyte	megacaryocyte | megalocaryocyte | megalokaryocyte	0
celltype	CL:0000556	megakaryocyte progenitor	1	0	none	megakaryocyte	megacaryocyte | megalocaryocyte | megalokaryocyte	0
celltype	CL:0000556	megakaryocyte-erythroid-mast progenitor	0	0	none	megakaryocyte	megacaryocyte | megalocaryocyte | megalokaryocyte	0
celltype	CL:0000557	granulocyte and monocyte progenitor	0	0	none	granulocyte monocyte progenitor cell	colony forming unit granulocyte macrophage | granulocyte-macrophage progenitor | granulocyte/monocyte precursor | granulocyte/monocyte progenitor	0
celltype	CL:0000557	granulocyte-macrophage progenitor	1	1	exact_synonym	granulocyte monocyte progenitor cell	colony forming unit granulocyte macrophage | granulocyte-macrophage progenitor | granulocyte/monocyte precursor | granulocyte/monocyte progenitor	0
celltype	CL:0000557	monocyte progenitor	1	0	none	granulocyte monocyte progenitor cell	colony forming unit granulocyte macrophage | granulocyte-macrophage progenitor | granulocyte/monocyte precursor | granulocyte/monocyte progenitor	0
celltype	CL:0000557	neutrophil/monocyte progenitor	0	0	none	granulocyte monocyte progenitor cell	colony forming unit granulocyte macrophage | granulocyte-macrophage progenitor | granulocyte/monocyte precursor | granulocyte/monocyte progenitor	0
celltype	CL:0000561	AII-amacrine cell	0	0	none	amacrine cell	amacrine neuron	0
celltype	CL:0000561	VG3 amacrine cell	0	0	none	amacrine cell	amacrine neuron	0
celltype	CL:0000561	amacrine cell	1	1	canonical	amacrine cell	amacrine neuron	0
celltype	CL:0000561	amacrine cell type C15	0	0	none	amacrine cell	amacrine neuron	0
celltype	CL:0000561	amacrine cell type C24	0	0	none	amacrine cell	amacrine neuron	0
celltype	CL:0000561	amacrine cell type C7	0	0	none	amacrine cell	amacrine neuron	0
celltype	CL:0000561	amacrine cell type C9	0	0	none	amacrine cell	amacrine neuron	0
celltype	CL:0000561	bipolar and amacrine cell	0	0	none	amacrine cell	amacrine neuron	0
celltype	CL:0000561	catecholaminergic CAI/CAII amacrine cell	0	0	none	amacrine cell	amacrine neuron	0
celltype	CL:0000573	cone photoreceptor	1	0	none	retinal cone cell		0
celltype	CL:0000573	macular cone photoreceptor	0	0	none	retinal cone cell		0
celltype	CL:0000575	basal corneal epithelial cell	0	0	none	corneal epithelial cell	epithelial cell of cornea	0
celltype	CL:0000575	corneal epithelial cell	1	1	canonical	corneal epithelial cell	epithelial cell of cornea	0
celltype	CL:0000576	C1QA-positive monocyte	0	0	none	monocyte		0
celltype	CL:0000576	C1QA/B/C-expressing CD16-positive monocyte	0	0	none	monocyte		0
celltype	CL:0000576	C1QA/B/C-positive CD16-positive monocyte	0	0	none	monocyte		0
celltype	CL:0000576	C1QA/C1QB/C1QC-positive CD16-positive monocyte	0	0	none	monocyte		0
celltype	CL:0000576	CCL20+ monocyte	0	0	none	monocyte		0
celltype	CL:0000576	CCR2-positive monocyte	0	0	none	monocyte		0
celltype	CL:0000576	CD14 monocyte	0	0	none	monocyte		0
celltype	CL:0000576	CD14+ monocyte	0	0	none	monocyte		0
celltype	CL:0000576	CD14-1 monocyte	0	0	none	monocyte		0
celltype	CL:0000576	CD14-2 monocyte	0	0	none	monocyte		0
celltype	CL:0000576	CD16 monocyte	0	0	none	monocyte		0
celltype	CL:0000576	CD16-positive monocyte	0	0	none	monocyte		0
celltype	CL:0000576	CD163hi monocyte	0	0	none	monocyte		0
celltype	CL:0000576	CD4+ monocyte	0	0	none	monocyte		0
celltype	CL:0000576	CXCL10-positive monocyte	0	0	none	monocyte		0
celltype	CL:0000576	FCGR3A+ monocyte	0	0	none	monocyte		0
celltype	CL:0000576	FCGR3A-positive monocyte	0	0	none	monocyte		0
celltype	CL:0000576	FCN1-high monocyte	0	0	none	monocyte		0
celltype	CL:0000576	FTH1+ monocyte	0	0	none	monocyte		0
celltype	CL:0000576	GPBAR1-positive monocyte	0	0	none	monocyte		0
celltype	CL:0000576	HLA-DR-low CD163-high monocyte	0	0	none	monocyte		0
celltype	CL:0000576	HLA-DR-low S100A-high monocyte	0	0	none	monocyte		0
celltype	CL:0000576	HLA-DR-low monocyte	0	0	none	monocyte		0
celltype	CL:0000576	IL-6-positive monocyte	0	0	none	monocyte		0
celltype	CL:0000576	IL1B-positive monocyte	0	0	none	monocyte		0
celltype	CL:0000576	LYZ-positive monocyte	0	0	none	monocyte		0
celltype	CL:0000576	Lupus-Dominant CD14+ monocyte	0	0	none	monocyte		0
celltype	CL:0000576	M1 monocyte	0	0	none	monocyte		0
celltype	CL:0000576	M2 monocyte	0	0	none	monocyte		0
celltype	CL:0000576	S100A8+ monocyte	0	0	none	monocyte		0
celltype	CL:0000576	Shared CD14+ monocyte	0	0	none	monocyte		0
celltype	CL:0000576	activated monocyte	0	0	none	monocyte		0
celltype	CL:0000576	blood monocyte	1	0	none	monocyte		0
celltype	CL:0000576	classical CD14-high monocyte	0	0	none	monocyte		0
celltype	CL:0000576	cluster 3 monocyte	0	0	none	monocyte		0
celltype	CL:0000576	complement-expressing nonclassical monocyte	0	0	none	monocyte		0
celltype	CL:0000576	dysfunctional CD14+ monocyte	0	0	none	monocyte		0
celltype	CL:0000576	early antiviral response CD14+ monocyte	0	0	none	monocyte		0
celltype	CL:0000576	intermediary monocyte	0	0	none	monocyte		0
celltype	CL:0000576	intermediate CD14-positive CD16-positive monocyte	0	0	none	monocyte		0
celltype	CL:0000576	lymph node monocyte	0	0	none	monocyte		0
celltype	CL:0000576	monocyte	1	1	canonical	monocyte		0
celltype	CL:0000576	monocyte 1	1	0	none	monocyte		0
celltype	CL:0000576	monocyte 2	1	0	none	monocyte		0
celltype	CL:0000576	monocyte Mono_c1-CD14-CCL3	0	0	none	monocyte		0
celltype	CL:0000576	monocyte cluster 1	0	0	none	monocyte		0
celltype	CL:0000576	monocyte cluster 2	0	0	none	monocyte		0
celltype	CL:0000576	monocyte-derived cell	0	0	none	monocyte		0
celltype	CL:0000576	monocyte-derived dendritic-like cell	0	0	none	monocyte		0
celltype	CL:0000576	naïve monocyte	0	0	none	monocyte		0
celltype	CL:0000576	nonclassical monocyte	0	0	none	monocyte		0
celltype	CL:0000576	platelet activation-associated CD14+ monocyte	0	0	none	monocyte		0
celltype	CL:0000576	proliferating monocyte	1	0	none	monocyte		0
celltype	CL:0000576	stress response CD14+ monocyte	0	0	none	monocyte		0
celltype	CL:0000576	tissue monocyte	0	0	none	monocyte		0
celltype	CL:0000576	tissue monocyte 1	0	0	none	monocyte		0
celltype	CL:0000576	transitioning monocyte	0	0	none	monocyte		0
celltype	CL:0000577	enterochromaffin cell	1	1	exact_synonym	type EC enteroendocrine cell	Kulchitsky cell | argentaffin cell | enterochromaffin cell	0
celltype	CL:0000577	enteroendocrine/enterochromaffin cell	0	0	none	type EC enteroendocrine cell	Kulchitsky cell | argentaffin cell | enterochromaffin cell	0
celltype	CL:0000579	T follicular helper T:B border cell	0	0	none	border follicle cell		0
celltype	CL:0000581	MΦ2-peritoneal macrophage	0	0	none	peritoneal macrophage		0
celltype	CL:0000584	BEST4 enterocyte	0	0	none	enterocyte		0
celltype	CL:0000584	BEST4-positive enterocyte	0	0	none	enterocyte		0
celltype	CL:0000584	absorptive enterocyte	0	0	none	enterocyte		0
celltype	CL:0000584	crypt enterocyte	0	0	none	enterocyte		0
celltype	CL:0000584	enterocyte	1	1	canonical	enterocyte		0
celltype	CL:0000584	enterocyte cell	0	0	none	enterocyte		0
celltype	CL:0000584	enterocyte precursor	0	0	none	enterocyte		0
celltype	CL:0000584	mature enterocyte	0	0	none	enterocyte		0
celltype	CL:0000584	villus-top enterocyte	0	0	none	enterocyte		0
celltype	CL:0000586	fetal germ cell	0	0	none	germ cell		0
celltype	CL:0000586	germ cell	1	1	canonical	germ cell		0
celltype	CL:0000586	testicular germ cell	0	0	none	germ cell		0
celltype	CL:0000598	magnocellular/parvocellular projection neuron	0	0	none	pyramidal neuron	projection neuron | pyramidal cell	0
celltype	CL:0000598	pyramidal cell	1	1	exact_synonym	pyramidal neuron	projection neuron | pyramidal cell	0
celltype	CL:0000598	pyramidal neuron	1	1	canonical	pyramidal neuron	projection neuron | pyramidal cell	0
celltype	CL:0000598	pyramidal neuron of cornu ammonis	0	0	none	pyramidal neuron	projection neuron | pyramidal cell	0
celltype	CL:0000617	GABAergic neuron	1	1	canonical	GABAergic neuron	GABA-ergic neuron	0
celltype	CL:0000617	PVALB-expressing GABAergic neuron	0	0	none	GABAergic neuron	GABA-ergic neuron	0
celltype	CL:0000617	striatal GABAergic neuron	0	0	none	GABAergic neuron	GABA-ergic neuron	0
celltype	CL:0000618	dermal sheath cell	0	0	none	sheath cell		0
celltype	CL:0000622	acinar cell	1	1	canonical	acinar cell	acinic cell | acinous cell	0
celltype	CL:0000622	dedifferentiated acinar cell	0	0	none	acinar cell	acinic cell | acinous cell	0
celltype	CL:0000622	mucous acinar cell	0	0	none	acinar cell	acinic cell | acinous cell	0
celltype	CL:0000622	seromucous acinar cell	0	0	none	acinar cell	acinic cell | acinous cell	0
celltype	CL:0000622	serous acinar cell	0	0	none	acinar cell	acinic cell | acinous cell	0
celltype	CL:0000623	CD160-positive natural killer cell	0	0	none	natural killer cell	NK cell	0
celltype	CL:0000623	CD56 bright natural killer cell	0	0	none	natural killer cell	NK cell	0
celltype	CL:0000623	CD56 dim CD16 hi natural killer cell	0	0	none	natural killer cell	NK cell	0
celltype	CL:0000623	CD56-bright natural killer cell	0	0	none	natural killer cell	NK cell	0
celltype	CL:0000623	CD56-dim CD16-positive natural killer cell	0	0	none	natural killer cell	NK cell	0
celltype	CL:0000623	CD56-dim natural killer cell	0	0	none	natural killer cell	NK cell	0
celltype	CL:0000623	CD56BrightCD16-negative natural killer cell	0	0	none	natural killer cell	NK cell	0
celltype	CL:0000623	CD56DimCD16-positive natural killer cell	0	0	none	natural killer cell	NK cell	0
celltype	CL:0000623	CD56bright natural killer cell	0	0	none	natural killer cell	NK cell	0
celltype	CL:0000623	CD56dim natural killer cell	0	0	none	natural killer cell	NK cell	0
celltype	CL:0000623	CD56dim_DNAJB1 natural killer cell	0	0	none	natural killer cell	NK cell	0
celltype	CL:0000623	CD8 T cell and natural killer cell	0	0	none	natural killer cell	NK cell	0
celltype	CL:0000623	CX3CR1-positive natural killer cell	0	0	none	natural killer cell	NK cell	0
celltype	CL:0000623	CXCR6-positive natural killer cell	0	0	none	natural killer cell	NK cell	0
celltype	CL:0000623	FCGR3A-positive natural killer cell	0	0	none	natural killer cell	NK cell	0
celltype	CL:0000623	GNLY+ natural killer cell	0	0	none	natural killer cell	NK cell	0
celltype	CL:0000623	NK cell	1	1	exact_synonym	natural killer cell	NK cell	0
celltype	CL:0000623	NK cell cluster 5	0	0	none	natural killer cell	NK cell	0
celltype	CL:0000623	NK-CD11d natural killer cell	0	0	none	natural killer cell	NK cell	0
celltype	CL:0000623	NK-CD16hi natural killer cell	0	0	none	natural killer cell	NK cell	0
celltype	CL:0000623	NK-CD56 bright natural killer cell	0	0	none	natural killer cell	NK cell	0
celltype	CL:0000623	NK_CD56bri_CXCR6 natural killer cell	0	0	none	natural killer cell	NK cell	0
celltype	CL:0000623	NK_CD56bri_KLRK1 natural killer cell	0	0	none	natural killer cell	NK cell	0
celltype	CL:0000623	NK_CD56bright natural killer cell	0	0	none	natural killer cell	NK cell	0
celltype	CL:0000623	NK_CD56dim natural killer cell	0	0	none	natural killer cell	NK cell	0
celltype	CL:0000623	NK_CD56dim_CCL3 natural killer cell	0	0	none	natural killer cell	NK cell	0
celltype	CL:0000623	T and natural killer cell	0	0	none	natural killer cell	NK cell	0
celltype	CL:0000623	T cell/natural killer cell	0	0	none	natural killer cell	NK cell	0
celltype	CL:0000623	T lymphocyte and natural killer cell	0	0	none	natural killer cell	NK cell	0
celltype	CL:0000623	T/natural killer cell	0	0	none	natural killer cell	NK cell	0
celltype	CL:0000623	XCL1+ natural killer cell	0	0	none	natural killer cell	NK cell	0
celltype	CL:0000623	activated natural killer cell	1	0	none	natural killer cell	NK cell	0
celltype	CL:0000623	active natural killer cell	0	0	none	natural killer cell	NK cell	0
celltype	CL:0000623	adaptive natural killer cell	0	0	none	natural killer cell	NK cell	0
celltype	CL:0000623	conventional natural killer cell	0	0	none	natural killer cell	NK cell	0
celltype	CL:0000623	cycling T and natural killer cell	0	0	none	natural killer cell	NK cell	0
celltype	CL:0000623	cytomegalovirus-adaptive natural killer cell	0	0	none	natural killer cell	NK cell	0
celltype	CL:0000623	cytotoxic natural killer cell	0	0	none	natural killer cell	NK cell	0
celltype	CL:0000623	effector natural killer cell	0	0	none	natural killer cell	NK cell	0
celltype	CL:0000623	granzyme B+ granzyme K+ natural killer cell	0	0	none	natural killer cell	NK cell	0
celltype	CL:0000623	innate lymphoid/natural killer cell	0	0	none	natural killer cell	NK cell	0
celltype	CL:0000623	liver-resident T and natural killer cell	0	0	none	natural killer cell	NK cell	0
celltype	CL:0000623	mature CD56 dim CD16 positive natural killer cell	0	0	none	natural killer cell	NK cell	0
celltype	CL:0000623	memory-like natural killer cell	0	0	none	natural killer cell	NK cell	0
celltype	CL:0000623	natural killer cell	1	1	canonical	natural killer cell	NK cell	0
celltype	CL:0000623	natural killer cell cluster 1	0	0	none	natural killer cell	NK cell	0
celltype	CL:0000623	natural killer cell cluster 3	0	0	none	natural killer cell	NK cell	0
celltype	CL:0000623	natural killer cell cluster NK.2	0	0	none	natural killer cell	NK cell	0
celltype	CL:0000623	natural killer cell cluster NK1	0	0	none	natural killer cell	NK cell	0
celltype	CL:0000623	natural killer cell precursor	0	0	none	natural killer cell	NK cell	0
celltype	CL:0000623	natural killer cell subset	0	0	none	natural killer cell	NK cell	0
celltype	CL:0000623	pre-cytotoxic natural killer cell	0	0	none	natural killer cell	NK cell	0
celltype	CL:0000623	proliferating natural killer cell	1	0	none	natural killer cell	NK cell	0
celltype	CL:0000623	regulatory natural killer cell	0	0	none	natural killer cell	NK cell	0
celltype	CL:0000623	resting natural killer cell	1	0	none	natural killer cell	NK cell	0
celltype	CL:0000623	terminal natural killer cell	0	0	none	natural killer cell	NK cell	0
celltype	CL:0000623	terminally differentiated cytotoxic T and natural killer cell	0	0	none	natural killer cell	NK cell	0
celltype	CL:0000623	terminally differentiated natural killer cell	0	0	none	natural killer cell	NK cell	0
celltype	CL:0000623	terminally matured natural killer cell	0	0	none	natural killer cell	NK cell	0
celltype	CL:0000623	tissue-resident CD56-bright CD16-negative natural killer cell	0	0	none	natural killer cell	NK cell	0
celltype	CL:0000623	tissue-resident T and natural killer cell	0	0	none	natural killer cell	NK cell	0
celltype	CL:0000623	tissue-resident natural killer cell	0	0	none	natural killer cell	NK cell	0
celltype	CL:0000623	tolerant natural killer cell	0	0	none	natural killer cell	NK cell	0
celltype	CL:0000623	tumor-infiltrating natural killer cell	0	0	none	natural killer cell	NK cell	0
celltype	CL:0000624	CD4 T cell	1	0	none	CD4-positive, alpha-beta T cell	CD4-positive, alpha-beta T lymphocyte | CD4-positive, alpha-beta T-cell | CD4-positive, alpha-beta T-lymphocyte	0
celltype	CL:0000624	brain-resident CD4 T cell	0	0	none	CD4-positive, alpha-beta T cell	CD4-positive, alpha-beta T lymphocyte | CD4-positive, alpha-beta T-cell | CD4-positive, alpha-beta T-lymphocyte	0
celltype	CL:0000624	conventional brain CD4 T cell	0	0	none	CD4-positive, alpha-beta T cell	CD4-positive, alpha-beta T lymphocyte | CD4-positive, alpha-beta T-cell | CD4-positive, alpha-beta T-lymphocyte	0
celltype	CL:0000624	effector/memory CD4 T cell	0	0	none	CD4-positive, alpha-beta T cell	CD4-positive, alpha-beta T lymphocyte | CD4-positive, alpha-beta T-cell | CD4-positive, alpha-beta T-lymphocyte	0
celltype	CL:0000624	effector/memory CD4 T cell cluster CD4.7	0	0	none	CD4-positive, alpha-beta T cell	CD4-positive, alpha-beta T lymphocyte | CD4-positive, alpha-beta T-cell | CD4-positive, alpha-beta T-lymphocyte	0
celltype	CL:0000624	naive CD4 T cell	0	0	none	CD4-positive, alpha-beta T cell	CD4-positive, alpha-beta T lymphocyte | CD4-positive, alpha-beta T-cell | CD4-positive, alpha-beta T-lymphocyte	0
celltype	CL:0000624	naïve CD4 T cell	0	0	none	CD4-positive, alpha-beta T cell	CD4-positive, alpha-beta T lymphocyte | CD4-positive, alpha-beta T-cell | CD4-positive, alpha-beta T-lymphocyte	0
celltype	CL:0000624	transitioning CD4 T cell	0	0	none	CD4-positive, alpha-beta T cell	CD4-positive, alpha-beta T lymphocyte | CD4-positive, alpha-beta T-cell | CD4-positive, alpha-beta T-lymphocyte	0
celltype	CL:0000625	CCR7-positive CD8 T cell	0	0	none	CD8-positive, alpha-beta T cell	CD8-positive, alpha-beta T lymphocyte | CD8-positive, alpha-beta T-cell | CD8-positive, alpha-beta T-lymphocyte	0
celltype	CL:0000625	CD8 T cell	1	0	none	CD8-positive, alpha-beta T cell	CD8-positive, alpha-beta T lymphocyte | CD8-positive, alpha-beta T-cell | CD8-positive, alpha-beta T-lymphocyte	0
celltype	CL:0000625	GZMA-positive CD8 T cell	0	0	none	CD8-positive, alpha-beta T cell	CD8-positive, alpha-beta T lymphocyte | CD8-positive, alpha-beta T-cell | CD8-positive, alpha-beta T-lymphocyte	0
celltype	CL:0000625	GZMB-positive GNLY-positive CD8 T cell	0	0	none	CD8-positive, alpha-beta T cell	CD8-positive, alpha-beta T lymphocyte | CD8-positive, alpha-beta T-cell | CD8-positive, alpha-beta T-lymphocyte	0
celltype	CL:0000625	GZMH+ cytotoxic CD8+ T cell	0	0	none	CD8-positive, alpha-beta T cell	CD8-positive, alpha-beta T lymphocyte | CD8-positive, alpha-beta T-cell | CD8-positive, alpha-beta T-lymphocyte	0
celltype	CL:0000625	GZMK+ cytotoxic CD8+ T cell	0	0	none	CD8-positive, alpha-beta T cell	CD8-positive, alpha-beta T lymphocyte | CD8-positive, alpha-beta T-cell | CD8-positive, alpha-beta T-lymphocyte	0
celltype	CL:0000625	GZMK-positive CCL4L2-positive CD8 T cell	0	0	none	CD8-positive, alpha-beta T cell	CD8-positive, alpha-beta T lymphocyte | CD8-positive, alpha-beta T-cell | CD8-positive, alpha-beta T-lymphocyte	0
celltype	CL:0000625	GZMK-positive CCR6-positive CD8 T cell	0	0	none	CD8-positive, alpha-beta T cell	CD8-positive, alpha-beta T lymphocyte | CD8-positive, alpha-beta T-cell | CD8-positive, alpha-beta T-lymphocyte	0
celltype	CL:0000625	GZMK-positive CD8 T cell	0	0	none	CD8-positive, alpha-beta T cell	CD8-positive, alpha-beta T lymphocyte | CD8-positive, alpha-beta T-cell | CD8-positive, alpha-beta T-lymphocyte	0
celltype	CL:0000625	GZMK-positive CXCL8-positive CD8 T cell	0	0	none	CD8-positive, alpha-beta T cell	CD8-positive, alpha-beta T lymphocyte | CD8-positive, alpha-beta T-cell | CD8-positive, alpha-beta T-lymphocyte	0
celltype	CL:0000625	GZMK-positive HSPA1A-positive CD8 T cell	0	0	none	CD8-positive, alpha-beta T cell	CD8-positive, alpha-beta T lymphocyte | CD8-positive, alpha-beta T-cell | CD8-positive, alpha-beta T-lymphocyte	0
celltype	CL:0000625	GranB+ cytotoxic CD8+ T cell	0	0	none	CD8-positive, alpha-beta T cell	CD8-positive, alpha-beta T lymphocyte | CD8-positive, alpha-beta T-cell | CD8-positive, alpha-beta T-lymphocyte	0
celltype	CL:0000625	IL7R-positive CD8 T cell	0	0	none	CD8-positive, alpha-beta T cell	CD8-positive, alpha-beta T lymphocyte | CD8-positive, alpha-beta T-cell | CD8-positive, alpha-beta T-lymphocyte	0
celltype	CL:0000625	PD-1-positive CD8 T cell	0	0	none	CD8-positive, alpha-beta T cell	CD8-positive, alpha-beta T lymphocyte | CD8-positive, alpha-beta T-cell | CD8-positive, alpha-beta T-lymphocyte	0
celltype	CL:0000625	clonally expanded CD8 T cell	0	0	none	CD8-positive, alpha-beta T cell	CD8-positive, alpha-beta T lymphocyte | CD8-positive, alpha-beta T-cell | CD8-positive, alpha-beta T-lymphocyte	0
celltype	CL:0000625	cycling CD8 T cell	0	0	none	CD8-positive, alpha-beta T cell	CD8-positive, alpha-beta T lymphocyte | CD8-positive, alpha-beta T-cell | CD8-positive, alpha-beta T-lymphocyte	0
celltype	CL:0000625	cytotoxic CD8 T cell	0	0	none	CD8-positive, alpha-beta T cell	CD8-positive, alpha-beta T lymphocyte | CD8-positive, alpha-beta T-cell | CD8-positive, alpha-beta T-lymphocyte	0
celltype	CL:0000625	cytotoxic CD8+ T cell	1	0	none	CD8-positive, alpha-beta T cell	CD8-positive, alpha-beta T lymphocyte | CD8-positive, alpha-beta T-cell | CD8-positive, alpha-beta T-lymphocyte	0
celltype	CL:0000625	dysfunctional CD8 T cell	0	0	none	CD8-positive, alpha-beta T cell	CD8-positive, alpha-beta T lymphocyte | CD8-positive, alpha-beta T-cell | CD8-positive, alpha-beta T-lymphocyte	0
celltype	CL:0000625	effector memory CD8 T cell	0	0	none	CD8-positive, alpha-beta T cell	CD8-positive, alpha-beta T lymphocyte | CD8-positive, alpha-beta T-cell | CD8-positive, alpha-beta T-lymphocyte	0
celltype	CL:0000625	interferon responsive cytotoxic CD8 T cell	0	0	none	CD8-positive, alpha-beta T cell	CD8-positive, alpha-beta T lymphocyte | CD8-positive, alpha-beta T-cell | CD8-positive, alpha-beta T-lymphocyte	0
celltype	CL:0000625	naive CD8 T cell	0	0	none	CD8-positive, alpha-beta T cell	CD8-positive, alpha-beta T lymphocyte | CD8-positive, alpha-beta T-cell | CD8-positive, alpha-beta T-lymphocyte	0
celltype	CL:0000625	naive CD8+ T cell	1	0	none	CD8-positive, alpha-beta T cell	CD8-positive, alpha-beta T lymphocyte | CD8-positive, alpha-beta T-cell | CD8-positive, alpha-beta T-lymphocyte	0
celltype	CL:0000625	naive/transition CD8 T cell	0	0	none	CD8-positive, alpha-beta T cell	CD8-positive, alpha-beta T lymphocyte | CD8-positive, alpha-beta T-cell | CD8-positive, alpha-beta T-lymphocyte	0
celltype	CL:0000625	resident memory CD8 T cell	0	0	none	CD8-positive, alpha-beta T cell	CD8-positive, alpha-beta T lymphocyte | CD8-positive, alpha-beta T-cell | CD8-positive, alpha-beta T-lymphocyte	0
celltype	CL:0000625	tumor-specific CD8 T cell	0	0	none	CD8-positive, alpha-beta T cell	CD8-positive, alpha-beta T lymphocyte | CD8-positive, alpha-beta T-cell | CD8-positive, alpha-beta T-lymphocyte	0
celltype	CL:0000630	supporting cell	1	1	canonical	supporting cell	supportive cell	0
celltype	CL:0000632	ACTA2-high activated hepatic stellate cell	0	0	none	hepatic stellate cell	Ito cell | hepatic perisinusoidal cell | perisinusoidal cell	0
celltype	CL:0000632	LX-2 hepatic stellate cell	0	0	none	hepatic stellate cell	Ito cell | hepatic perisinusoidal cell | perisinusoidal cell	0
celltype	CL:0000632	MRC2-high hepatic stellate cell	0	0	none	hepatic stellate cell	Ito cell | hepatic perisinusoidal cell | perisinusoidal cell	0
celltype	CL:0000632	S100A6-high activated hepatic stellate cell	0	0	none	hepatic stellate cell	Ito cell | hepatic perisinusoidal cell | perisinusoidal cell	0
celltype	CL:0000632	hepatic stellate cell	1	1	canonical	hepatic stellate cell	Ito cell | hepatic perisinusoidal cell | perisinusoidal cell	0
celltype	CL:0000632	hepatic stellate cell 1	0	0	none	hepatic stellate cell	Ito cell | hepatic perisinusoidal cell | perisinusoidal cell	0
celltype	CL:0000632	hepatic stellate cell Mes1	0	0	none	hepatic stellate cell	Ito cell | hepatic perisinusoidal cell | perisinusoidal cell	0
celltype	CL:0000632	hepatic stellate cell cluster 1	0	0	none	hepatic stellate cell	Ito cell | hepatic perisinusoidal cell | perisinusoidal cell	0
celltype	CL:0000632	hepatic stellate cell cluster 2	0	0	none	hepatic stellate cell	Ito cell | hepatic perisinusoidal cell | perisinusoidal cell	0
celltype	CL:0000632	hepatic stellate cell population two	0	0	none	hepatic stellate cell	Ito cell | hepatic perisinusoidal cell | perisinusoidal cell	0
celltype	CL:0000632	quiescent hepatic stellate cell	0	0	none	hepatic stellate cell	Ito cell | hepatic perisinusoidal cell | perisinusoidal cell	0
celltype	CL:0000636	Müller cell	1	1	exact_synonym	Mueller cell	Muller cell | Muller glia | Müller cell	0
celltype	CL:0000636	foveal Müller cell	0	0	none	Mueller cell	Muller cell | Muller glia | Müller cell	0
celltype	CL:0000636	peripheral Müller cell	0	0	none	Mueller cell	Muller cell | Muller glia | Müller cell	0
celltype	CL:0000646	JUN/FOS-high basal cell	0	0	none	basal cell		0
celltype	CL:0000646	KRT5-positive basal cell	0	0	none	basal cell		0
celltype	CL:0000646	MKI67-high basal cell	0	0	none	basal cell		0
celltype	CL:0000646	SHH-high basal cell	0	0	none	basal cell		0
celltype	CL:0000646	activated basal cell	0	0	none	basal cell		0
celltype	CL:0000646	basal cell	1	1	canonical	basal cell		0
celltype	CL:0000646	differentiating basal cell	0	0	none	basal cell		0
celltype	CL:0000646	distal basal cell 1	0	0	none	basal cell		0
celltype	CL:0000646	distal basal cell 2	0	0	none	basal cell		0
celltype	CL:0000646	distal bronchiolar basal cell	0	0	none	basal cell		0
celltype	CL:0000646	limbal basal cell	0	0	none	basal cell		0
celltype	CL:0000646	luminal secretory basal cell state	0	0	none	basal cell		0
celltype	CL:0000646	mature basal cell	0	0	none	basal cell		0
celltype	CL:0000646	mitotic basal cell	0	0	none	basal cell		0
celltype	CL:0000646	proximal basal cell	0	0	none	basal cell		0
celltype	CL:0000646	senescent basal cell	0	0	none	basal cell		0
celltype	CL:0000646	submucosal gland basal cell	0	0	none	basal cell		0
celltype	CL:0000647	placental bed giant cell	0	0	none	multinucleated giant cell	Langerhans giant cell | foreign body giant cell | macrophage polykaryon | multinucleate giant cell | syncytial giant cell	0
celltype	CL:0000650	fetal mesangial cell	0	0	none	mesangial cell	kidney mesangial cell	0
celltype	CL:0000650	mesangial cell	1	1	canonical	mesangial cell	kidney mesangial cell	0
celltype	CL:0000653	capillary loop stage nephron podocyte	0	0	none	podocyte	glomerular podocyte | glomerular visceral epithelial cell | kidney podocyte | renal podocyte	0
celltype	CL:0000653	early podocyte	0	0	none	podocyte	glomerular podocyte | glomerular visceral epithelial cell | kidney podocyte | renal podocyte	0
celltype	CL:0000653	late podocyte	0	0	none	podocyte	glomerular podocyte | glomerular visceral epithelial cell | kidney podocyte | renal podocyte	0
celltype	CL:0000653	nephric podocyte	0	0	none	podocyte	glomerular podocyte | glomerular visceral epithelial cell | kidney podocyte | renal podocyte	0
celltype	CL:0000653	podocyte	1	1	canonical	podocyte	glomerular podocyte | glomerular visceral epithelial cell | kidney podocyte | renal podocyte	0
celltype	CL:0000653	podocyte precursor	0	0	none	podocyte	glomerular podocyte | glomerular visceral epithelial cell | kidney podocyte | renal podocyte	0
celltype	CL:0000653	pre-podocyte cell	0	0	none	podocyte	glomerular podocyte | glomerular visceral epithelial cell | kidney podocyte | renal podocyte	0
celltype	CL:0000653	pre-podocyte/podocyte cell	0	0	none	podocyte	glomerular podocyte | glomerular visceral epithelial cell | kidney podocyte | renal podocyte	0
celltype	CL:0000653	renal vesicle-stage podocyte precursor	0	0	none	podocyte	glomerular podocyte | glomerular visceral epithelial cell | kidney podocyte | renal podocyte	0
celltype	CL:0000654	primordial and primary oocyte	0	0	none	primary oocyte		0
celltype	CL:0000669	PDGFRB-positive pericyte	0	0	none	pericyte	ARC | adventitial reticular cell | cell of Rouget | pericyte cell | pericyte of Rouget	0
celltype	CL:0000669	RGS5-positive pericyte	0	0	none	pericyte	ARC | adventitial reticular cell | cell of Rouget | pericyte cell | pericyte of Rouget	0
celltype	CL:0000669	SPON2-positive pericyte	0	0	none	pericyte	ARC | adventitial reticular cell | cell of Rouget | pericyte cell | pericyte of Rouget	0
celltype	CL:0000669	STF2 pericyte cancer-associated fibroblast	0	0	none	pericyte	ARC | adventitial reticular cell | cell of Rouget | pericyte cell | pericyte of Rouget	0
celltype	CL:0000669	TAGLN-positive pericyte	0	0	none	pericyte	ARC | adventitial reticular cell | cell of Rouget | pericyte cell | pericyte of Rouget	0
celltype	CL:0000669	activated pro-tumor type-2 pericyte	0	0	none	pericyte	ARC | adventitial reticular cell | cell of Rouget | pericyte cell | pericyte of Rouget	0
celltype	CL:0000669	arteriole-associated pericyte	0	0	none	pericyte	ARC | adventitial reticular cell | cell of Rouget | pericyte cell | pericyte of Rouget	0
celltype	CL:0000669	differentiated pericyte	0	0	none	pericyte	ARC | adventitial reticular cell | cell of Rouget | pericyte cell | pericyte of Rouget	0
celltype	CL:0000669	pericyte	1	1	canonical	pericyte	ARC | adventitial reticular cell | cell of Rouget | pericyte cell | pericyte of Rouget	0
celltype	CL:0000669	proangiogenic pericyte	0	0	none	pericyte	ARC | adventitial reticular cell | cell of Rouget | pericyte cell | pericyte of Rouget	0
celltype	CL:0000669	ventricle-enriched pericyte	0	0	none	pericyte	ARC | adventitial reticular cell | cell of Rouget | pericyte cell | pericyte of Rouget	0
celltype	CL:0000670	human primordial germ cell	0	0	none	primordial germ cell	gonocyte | primitive germ cell	0
celltype	CL:0000679	glutamatergic neuron	1	1	canonical	glutamatergic neuron		0
celltype	CL:0000681	radial glial cell	1	1	canonical	radial glial cell		0
celltype	CL:0000682	M cell	1	0	none	M cell of gut	M-cell | microfold cell	0
celltype	CL:0000682	microfold cell	1	1	exact_synonym	M cell of gut	M-cell | microfold cell	0
celltype	CL:0000695	Cajal-Retzius cell	1	1	canonical	Cajal-Retzius cell	CR cells | Horizontal cells of Cajal	0
celltype	CL:0000696	PP cell	1	1	canonical	PP cell	type F enteroendocrine cell	0
celltype	CL:0000696	gamma/PP cell	0	0	none	PP cell	type F enteroendocrine cell	0
celltype	CL:0000700	DA_SOX6 dopaminergic neuron	0	0	none	dopaminergic neuron	dopaminergic cell	0
celltype	CL:0000700	Parkinson's disease-sensitive dopaminergic neuron	0	0	none	dopaminergic neuron	dopaminergic cell	0
celltype	CL:0000700	dopaminergic neuron	1	1	canonical	dopaminergic neuron	dopaminergic cell	0
celltype	CL:0000700	induced dopaminergic neuron subgroup	0	0	none	dopaminergic neuron	dopaminergic cell	0
celltype	CL:0000700	ventral dopaminergic neuron subtype	0	0	none	dopaminergic neuron	dopaminergic cell	0
celltype	CL:0000704	endothelial tip cell	1	1	canonical	endothelial tip cell		0
celltype	CL:0000711	cumulus granulosa cell	1	1	canonical	cumulus granulosa cell	cumulus cell	0
celltype	CL:0000731	urothelial cell	1	1	canonical	urothelial cell		0
celltype	CL:0000738	CD45-positive circulating tumor cell	0	0	none	leukocyte	WBC | leucocyte | white blood cell	0
celltype	CL:0000738	cycling immune cell	0	0	none	leukocyte	WBC | leucocyte | white blood cell	0
celltype	CL:0000738	dividing immune cell	0	0	none	leukocyte	WBC | leucocyte | white blood cell	0
celltype	CL:0000738	endothelial/epithelial and immune cell	0	0	none	leukocyte	WBC | leucocyte | white blood cell	0
celltype	CL:0000738	immune cell	1	0	none	leukocyte	WBC | leucocyte | white blood cell	0
celltype	CL:0000738	immune cell 3	0	0	none	leukocyte	WBC | leucocyte | white blood cell	0
celltype	CL:0000738	immune cell type I	0	0	none	leukocyte	WBC | leucocyte | white blood cell	0
celltype	CL:0000738	immune cell type II	0	0	none	leukocyte	WBC | leucocyte | white blood cell	0
celltype	CL:0000738	infiltrating leukocyte	0	0	none	leukocyte	WBC | leucocyte | white blood cell	0
celltype	CL:0000738	innate immune cell	0	0	none	leukocyte	WBC | leucocyte | white blood cell	0
celltype	CL:0000738	leukocyte	1	1	canonical	leukocyte	WBC | leucocyte | white blood cell	0
celltype	CL:0000738	lymphatic immune cell state	0	0	none	leukocyte	WBC | leucocyte | white blood cell	0
celltype	CL:0000738	stem-like immune cell	0	0	none	leukocyte	WBC | leucocyte | white blood cell	0
celltype	CL:0000738	type 1 immune cell	0	0	none	leukocyte	WBC | leucocyte | white blood cell	0
celltype	CL:0000740	OFF midget retinal ganglion cell	0	0	none	retinal ganglion cell	gangliocyte | ganglion cell of retina	0
celltype	CL:0000740	OFF parasol retinal ganglion cell	0	0	none	retinal ganglion cell	gangliocyte | ganglion cell of retina	0
celltype	CL:0000740	ON midget retinal ganglion cell	0	0	none	retinal ganglion cell	gangliocyte | ganglion cell of retina	0
celltype	CL:0000740	ON parasol retinal ganglion cell	0	0	none	retinal ganglion cell	gangliocyte | ganglion cell of retina	0
celltype	CL:0000740	midget retinal ganglion cell	0	0	none	retinal ganglion cell	gangliocyte | ganglion cell of retina	0
celltype	CL:0000740	peripheral ON parasol retinal ganglion cell	0	0	none	retinal ganglion cell	gangliocyte | ganglion cell of retina	0
celltype	CL:0000740	retinal ganglion cell	1	1	canonical	retinal ganglion cell	gangliocyte | ganglion cell of retina	0
celltype	CL:0000740	retinal ganglion cell 1	0	0	none	retinal ganglion cell	gangliocyte | ganglion cell of retina	0
celltype	CL:0000740	retinal ganglion cell 3	0	0	none	retinal ganglion cell	gangliocyte | ganglion cell of retina	0
celltype	CL:0000740	retinal ganglion cell type hRGC6	0	0	none	retinal ganglion cell	gangliocyte | ganglion cell of retina	0
celltype	CL:0000740	retinal ganglion cell type hRGC7	0	0	none	retinal ganglion cell	gangliocyte | ganglion cell of retina	0
celltype	CL:0000740	retinal ganglion cell types 5, 11, and 12	0	0	none	retinal ganglion cell	gangliocyte | ganglion cell of retina	0
celltype	CL:0000743	hypertrophic chondrocyte	1	1	canonical	hypertrophic chondrocyte		0
celltype	CL:0000745	HC_02 horizontal cell	0	0	none	retina horizontal cell	horizontal cell	0
celltype	CL:0000745	amacrine or horizontal cell	0	0	none	retina horizontal cell	horizontal cell	0
celltype	CL:0000745	horizontal cell	1	1	exact_synonym	retina horizontal cell	horizontal cell	0
celltype	CL:0000745	horizontal cell type H1	0	0	none	retina horizontal cell	horizontal cell	0
celltype	CL:0000745	horizontal cell type H2	0	0	none	retina horizontal cell	horizontal cell	0
celltype	CL:0000746	atrial cardiomyocyte	0	0	none	cardiac muscle cell	cardiac muscle fiber | cardiac myocyte | cardiomyocyte | heart muscle cell	0
celltype	CL:0000746	atrial cardiomyocyte 1	0	0	none	cardiac muscle cell	cardiac muscle fiber | cardiac myocyte | cardiomyocyte | heart muscle cell	0
celltype	CL:0000746	atrial cardiomyocyte 2	0	0	none	cardiac muscle cell	cardiac muscle fiber | cardiac myocyte | cardiomyocyte | heart muscle cell	0
celltype	CL:0000746	cardiac troponin T-positive cardiomyocyte	0	0	none	cardiac muscle cell	cardiac muscle fiber | cardiac myocyte | cardiomyocyte | heart muscle cell	0
celltype	CL:0000746	cardiomyocyte	1	1	exact_synonym	cardiac muscle cell	cardiac muscle fiber | cardiac myocyte | cardiomyocyte | heart muscle cell	0
celltype	CL:0000746	cardiomyocyte 1	0	0	none	cardiac muscle cell	cardiac muscle fiber | cardiac myocyte | cardiomyocyte | heart muscle cell	0
celltype	CL:0000746	cardiomyocyte 2	0	0	none	cardiac muscle cell	cardiac muscle fiber | cardiac myocyte | cardiomyocyte | heart muscle cell	0
celltype	CL:0000746	cardiomyocyte cluster 2	0	0	none	cardiac muscle cell	cardiac muscle fiber | cardiac myocyte | cardiomyocyte | heart muscle cell	0
celltype	CL:0000746	cardiomyocyte cluster 3	0	0	none	cardiac muscle cell	cardiac muscle fiber | cardiac myocyte | cardiomyocyte | heart muscle cell	0
celltype	CL:0000746	cardiomyocyte state 1	0	0	none	cardiac muscle cell	cardiac muscle fiber | cardiac myocyte | cardiomyocyte | heart muscle cell	0
celltype	CL:0000746	cardiomyocyte state 2	0	0	none	cardiac muscle cell	cardiac muscle fiber | cardiac myocyte | cardiomyocyte | heart muscle cell	0
celltype	CL:0000746	cardiomyocyte state 3	0	0	none	cardiac muscle cell	cardiac muscle fiber | cardiac myocyte | cardiomyocyte | heart muscle cell	0
celltype	CL:0000746	cardiomyocyte state 4	0	0	none	cardiac muscle cell	cardiac muscle fiber | cardiac myocyte | cardiomyocyte | heart muscle cell	0
celltype	CL:0000746	cardiomyocyte state 5	0	0	none	cardiac muscle cell	cardiac muscle fiber | cardiac myocyte | cardiomyocyte | heart muscle cell	0
celltype	CL:0000746	cardiomyocyte state 6	0	0	none	cardiac muscle cell	cardiac muscle fiber | cardiac myocyte | cardiomyocyte | heart muscle cell	0
celltype	CL:0000746	cardiomyocyte state 7	0	0	none	cardiac muscle cell	cardiac muscle fiber | cardiac myocyte | cardiomyocyte | heart muscle cell	0
celltype	CL:0000746	cardiomyocyte subcluster 4	0	0	none	cardiac muscle cell	cardiac muscle fiber | cardiac myocyte | cardiomyocyte | heart muscle cell	0
celltype	CL:0000746	cardiomyocyte subtype 0	0	0	none	cardiac muscle cell	cardiac muscle fiber | cardiac myocyte | cardiomyocyte | heart muscle cell	0
celltype	CL:0000746	cardiomyocyte subtype 1	0	0	none	cardiac muscle cell	cardiac muscle fiber | cardiac myocyte | cardiomyocyte | heart muscle cell	0
celltype	CL:0000746	cardiomyocyte subtype 2	0	0	none	cardiac muscle cell	cardiac muscle fiber | cardiac myocyte | cardiomyocyte | heart muscle cell	0
celltype	CL:0000746	cardiomyocytes	1	0	none	cardiac muscle cell	cardiac muscle fiber | cardiac myocyte | cardiomyocyte | heart muscle cell	0
celltype	CL:0000746	committed cardiomyocyte	0	0	none	cardiac muscle cell	cardiac muscle fiber | cardiac myocyte | cardiomyocyte | heart muscle cell	0
celltype	CL:0000746	compact myocardium cardiomyocyte	0	0	none	cardiac muscle cell	cardiac muscle fiber | cardiac myocyte | cardiomyocyte | heart muscle cell	0
celltype	CL:0000746	definitive cardiomyocyte	0	0	none	cardiac muscle cell	cardiac muscle fiber | cardiac myocyte | cardiomyocyte | heart muscle cell	0
celltype	CL:0000746	epicardial-proximal cardiomyocyte	0	0	none	cardiac muscle cell	cardiac muscle fiber | cardiac myocyte | cardiomyocyte | heart muscle cell	0
celltype	CL:0000746	hybrid ventricular cardiomyocyte	0	0	none	cardiac muscle cell	cardiac muscle fiber | cardiac myocyte | cardiomyocyte | heart muscle cell	0
celltype	CL:0000746	hypertrophic cardiomyopathy cardiomyocyte	0	0	none	cardiac muscle cell	cardiac muscle fiber | cardiac myocyte | cardiomyocyte | heart muscle cell	0
celltype	CL:0000746	hypertrophic cardiomyopathy cardiomyocyte cluster 2	0	0	none	cardiac muscle cell	cardiac muscle fiber | cardiac myocyte | cardiomyocyte | heart muscle cell	0
celltype	CL:0000746	hypertrophic cardiomyopathy cardiomyocyte cluster 3	0	0	none	cardiac muscle cell	cardiac muscle fiber | cardiac myocyte | cardiomyocyte | heart muscle cell	0
celltype	CL:0000746	left ventricular cardiomyocyte	0	0	none	cardiac muscle cell	cardiac muscle fiber | cardiac myocyte | cardiomyocyte | heart muscle cell	0
celltype	CL:0000746	mature cardiomyocyte	0	0	none	cardiac muscle cell	cardiac muscle fiber | cardiac myocyte | cardiomyocyte | heart muscle cell	0
celltype	CL:0000746	mature left ventricular cardiomyocyte	0	0	none	cardiac muscle cell	cardiac muscle fiber | cardiac myocyte | cardiomyocyte | heart muscle cell	0
celltype	CL:0000746	non-cardiomyocyte cell	0	0	none	cardiac muscle cell	cardiac muscle fiber | cardiac myocyte | cardiomyocyte | heart muscle cell	0
celltype	CL:0000746	stressed ventricular cardiomyocyte 3	0	0	none	cardiac muscle cell	cardiac muscle fiber | cardiac myocyte | cardiomyocyte | heart muscle cell	0
celltype	CL:0000746	trabecular myocardium cardiomyocyte	0	0	none	cardiac muscle cell	cardiac muscle fiber | cardiac myocyte | cardiomyocyte | heart muscle cell	0
celltype	CL:0000746	ventricular cardiomyocyte	0	0	none	cardiac muscle cell	cardiac muscle fiber | cardiac myocyte | cardiomyocyte | heart muscle cell	0
celltype	CL:0000746	ventricular cardiomyocyte 2	0	0	none	cardiac muscle cell	cardiac muscle fiber | cardiac myocyte | cardiomyocyte | heart muscle cell	0
celltype	CL:0000746	ventricular cardiomyocyte 3	0	0	none	cardiac muscle cell	cardiac muscle fiber | cardiac myocyte | cardiomyocyte | heart muscle cell	0
celltype	CL:0000746	ventricular cardiomyocyte 4	0	0	none	cardiac muscle cell	cardiac muscle fiber | cardiac myocyte | cardiomyocyte | heart muscle cell	0
celltype	CL:0000746	ventricular cardiomyocyte 5	0	0	none	cardiac muscle cell	cardiac muscle fiber | cardiac myocyte | cardiomyocyte | heart muscle cell	0
celltype	CL:0000746	ventricular cardiomyocyte state 2	0	0	none	cardiac muscle cell	cardiac muscle fiber | cardiac myocyte | cardiomyocyte | heart muscle cell	0
celltype	CL:0000746	ventricular cardiomyocyte state 3	0	0	none	cardiac muscle cell	cardiac muscle fiber | cardiac myocyte | cardiomyocyte | heart muscle cell	0
celltype	CL:0000749	ON-bipolar cell	1	1	canonical	ON-bipolar cell		0
celltype	CL:0000750	OFF-bipolar cell	1	1	canonical	OFF-bipolar cell		0
celltype	CL:0000751	ON-cone and rod bipolar cell	0	0	none	rod bipolar cell		0
celltype	CL:0000751	rod bipolar cell	1	1	canonical	rod bipolar cell		0
celltype	CL:0000763	CXCL10-positive myeloid cell	0	0	none	myeloid cell		0
celltype	CL:0000763	IL1B-positive myeloid cell	0	0	none	myeloid cell		0
celltype	CL:0000763	major histocompatibility complex class II high myeloid cell	0	0	none	myeloid cell		0
celltype	CL:0000763	microglia/myeloid cell	0	0	none	myeloid cell		0
celltype	CL:0000763	monocyte-like myeloid cell	0	0	none	myeloid cell		0
celltype	CL:0000763	myeloid cell	1	1	canonical	myeloid cell		0
celltype	CL:0000763	myeloid cell state CS2	0	0	none	myeloid cell		0
celltype	CL:0000763	myeloid cell/macrophage	0	0	none	myeloid cell		0
celltype	CL:0000763	resident myeloid cell	0	0	none	myeloid cell		0
celltype	CL:0000763	tumor-infiltrating myeloid cell	0	0	none	myeloid cell		0
celltype	CL:0000765	erythroblast	1	1	canonical	erythroblast	normoblast	0
celltype	CL:0000765	erythroblast cluster 12	0	0	none	erythroblast	normoblast	0
celltype	CL:0000765	erythroblast cluster 6	0	0	none	erythroblast	normoblast	0
celltype	CL:0000765	erythroblast cluster 9	0	0	none	erythroblast	normoblast	0
celltype	CL:0000765	pro-erythroblast	0	0	none	erythroblast	normoblast	0
celltype	CL:0000767	basophil	1	1	canonical	basophil	basophilic leucocyte | basophilic leukocyte	0
celltype	CL:0000771	eosinophil	1	1	canonical	eosinophil	eosinocyte | eosinophilic granulocyte | eosinophilic leucocyte | eosinophilic leukocyte	0
celltype	CL:0000775	S100A12+ neutrophil	0	0	none	neutrophil	neutrocyte | neutrophil leucocyte | neutrophil leukocyte | neutrophilic leucocyte | neutrophilic leukocyte	0
celltype	CL:0000775	S100A12- neutrophil	0	0	none	neutrophil	neutrocyte | neutrophil leucocyte | neutrophil leukocyte | neutrophilic leucocyte | neutrophilic leukocyte	0
celltype	CL:0000775	activated neutrophil	0	0	none	neutrophil	neutrocyte | neutrophil leucocyte | neutrophil leukocyte | neutrophilic leucocyte | neutrophilic leukocyte	0
celltype	CL:0000775	armed neutrophil	0	0	none	neutrophil	neutrocyte | neutrophil leucocyte | neutrophil leukocyte | neutrophilic leucocyte | neutrophilic leukocyte	0
celltype	CL:0000775	engaged neutrophil	0	0	none	neutrophil	neutrocyte | neutrophil leucocyte | neutrophil leukocyte | neutrophilic leucocyte | neutrophilic leukocyte	0
celltype	CL:0000775	exhausted neutrophil	0	0	none	neutrophil	neutrocyte | neutrophil leucocyte | neutrophil leukocyte | neutrophilic leucocyte | neutrophilic leukocyte	0
celltype	CL:0000775	high-density neutrophil	0	0	none	neutrophil	neutrocyte | neutrophil leucocyte | neutrophil leukocyte | neutrophilic leucocyte | neutrophilic leukocyte	0
celltype	CL:0000775	immunosuppressive and angiogenic neutrophil	0	0	none	neutrophil	neutrocyte | neutrophil leucocyte | neutrophil leukocyte | neutrophilic leucocyte | neutrophilic leukocyte	0
celltype	CL:0000775	interferon-stimulated gene-expressing low-density neutrophil	0	0	none	neutrophil	neutrocyte | neutrophil leucocyte | neutrophil leukocyte | neutrophilic leucocyte | neutrophilic leukocyte	0
celltype	CL:0000775	low-density neutrophil	0	0	none	neutrophil	neutrocyte | neutrophil leucocyte | neutrophil leukocyte | neutrophilic leucocyte | neutrophilic leukocyte	0
celltype	CL:0000775	mature normal density neutrophil	0	0	none	neutrophil	neutrocyte | neutrophil leucocyte | neutrophil leukocyte | neutrophilic leucocyte | neutrophilic leukocyte	0
celltype	CL:0000775	monocyte/neutrophil	0	0	none	neutrophil	neutrocyte | neutrophil leucocyte | neutrophil leukocyte | neutrophilic leucocyte | neutrophilic leukocyte	0
celltype	CL:0000775	neutrophil	1	1	canonical	neutrophil	neutrocyte | neutrophil leucocyte | neutrophil leukocyte | neutrophilic leucocyte | neutrophilic leukocyte	0
celltype	CL:0000775	neutrophil-like cell	0	0	none	neutrophil	neutrocyte | neutrophil leucocyte | neutrophil leukocyte | neutrophilic leucocyte | neutrophilic leukocyte	0
celltype	CL:0000775	pre-neutrophil	0	0	none	neutrophil	neutrocyte | neutrophil leucocyte | neutrophil leukocyte | neutrophilic leucocyte | neutrophilic leukocyte	0
celltype	CL:0000775	pro-neutrophil	0	0	none	neutrophil	neutrocyte | neutrophil leucocyte | neutrophil leukocyte | neutrophilic leucocyte | neutrophilic leukocyte	0
celltype	CL:0000775	tumor-associated neutrophil	0	0	none	neutrophil	neutrocyte | neutrophil leucocyte | neutrophil leukocyte | neutrophilic leucocyte | neutrophilic leukocyte	0
celltype	CL:0000775	tumor-associated neutrophil 2/tumor-associated neutrophil 3	0	0	none	neutrophil	neutrocyte | neutrophil leucocyte | neutrophil leukocyte | neutrophilic leucocyte | neutrophilic leukocyte	0
celltype	CL:0000775	tumor-associated neutrophil 4	0	0	none	neutrophil	neutrocyte | neutrophil leucocyte | neutrophil leukocyte | neutrophilic leucocyte | neutrophilic leukocyte	0
celltype	CL:0000776	immature neutrophil	1	1	canonical	immature neutrophil	immatuer neutrophilic leukocyte | immature neutrocyte | immature neutrophil leucocyte | immature neutrophil leukocyte | immature neutrophilic leucocyte	0
celltype	CL:0000776	vascular immature neutrophil	0	0	none	immature neutrophil	immatuer neutrophilic leukocyte | immature neutrocyte | immature neutrophil leucocyte | immature neutrophil leukocyte | immature neutrophilic leucocyte	0
celltype	CL:0000779	multinucleated osteoclast	1	1	exact_synonym	multinuclear osteoclast	multinucleated osteoclast	0
celltype	CL:0000782	CLEC9A-positive myeloid dendritic cell	0	0	none	myeloid dendritic cell	CD11c+CD123- DC | mDC	0
celltype	CL:0000782	mature LAMP3-positive myeloid dendritic cell	0	0	none	myeloid dendritic cell	CD11c+CD123- DC | mDC	0
celltype	CL:0000782	mature myeloid dendritic cell	0	0	none	myeloid dendritic cell	CD11c+CD123- DC | mDC	0
celltype	CL:0000782	myeloid dendritic cell	1	1	canonical	myeloid dendritic cell	CD11c+CD123- DC | mDC	0
celltype	CL:0000782	myeloid dendritic cell type 1	0	0	none	myeloid dendritic cell	CD11c+CD123- DC | mDC	0
celltype	CL:0000782	myeloid dendritic cell type 2	0	0	none	myeloid dendritic cell	CD11c+CD123- DC | mDC	0
celltype	CL:0000784	lymphoid dendritic cell	1	1	exact_synonym	plasmacytoid dendritic cell	DC2 | IPC | T-associated plasma cell | interferon-producing cell | lymphoid dendritic cell | pDC | plasmacytoid T cell | plasmacytoid monocyte | type 2 DC	0
celltype	CL:0000784	plasmacytoid dendritic cell	1	1	canonical	plasmacytoid dendritic cell	DC2 | IPC | T-associated plasma cell | interferon-producing cell | lymphoid dendritic cell | pDC | plasmacytoid T cell | plasmacytoid monocyte | type 2 DC	0
celltype	CL:0000784	precursor of plasmacytoid dendritic cell	0	0	none	plasmacytoid dendritic cell	DC2 | IPC | T-associated plasma cell | interferon-producing cell | lymphoid dendritic cell | pDC | plasmacytoid T cell | plasmacytoid monocyte | type 2 DC	0
celltype	CL:0000785	mature B cell	1	1	canonical	mature B cell	mature B lymphocyte | mature B-cell | mature B-lymphocyte	0
celltype	CL:0000786	B/plasma cell	0	0	none	plasma cell	plasma B cell | plasma B-cell | plasmacyte | plasmocyte	0
celltype	CL:0000786	CD138-high plasma cell	0	0	none	plasma cell	plasma B cell | plasma B-cell | plasmacyte | plasmocyte	0
celltype	CL:0000786	IgG-secreting plasma cell	0	0	none	plasma cell	plasma B cell | plasma B-cell | plasmacyte | plasmocyte	0
celltype	CL:0000786	Plasma_ITGA8 plasma cell	0	0	none	plasma cell	plasma B cell | plasma B-cell | plasmacyte | plasmocyte	0
celltype	CL:0000786	aberrant plasma cell	0	0	none	plasma cell	plasma B cell | plasma B-cell | plasmacyte | plasmocyte	0
celltype	CL:0000786	active plasma cell	0	0	none	plasma cell	plasma B cell | plasma B-cell | plasmacyte | plasmocyte	0
celltype	CL:0000786	cecal plasma B cell	0	0	none	plasma cell	plasma B cell | plasma B-cell | plasmacyte | plasmocyte	0
celltype	CL:0000786	cecal plasma cell	0	0	none	plasma cell	plasma B cell | plasma B-cell | plasmacyte | plasmocyte	0
celltype	CL:0000786	cytotoxic plasma cell	0	0	none	plasma cell	plasma B cell | plasma B-cell | plasmacyte | plasmocyte	0
celltype	CL:0000786	follicular and IgG plasma B cell	0	0	none	plasma cell	plasma B cell | plasma B-cell | plasmacyte | plasmocyte	0
celltype	CL:0000786	long-lived plasma cell	0	0	none	plasma cell	plasma B cell | plasma B-cell | plasmacyte | plasmocyte	0
celltype	CL:0000786	malignant plasma cell	0	0	none	plasma cell	plasma B cell | plasma B-cell | plasmacyte | plasmocyte	0
celltype	CL:0000786	mature plasma cell	0	0	none	plasma cell	plasma B cell | plasma B-cell | plasmacyte | plasmocyte	0
celltype	CL:0000786	multiple myeloma plasma cell	0	0	none	plasma cell	plasma B cell | plasma B-cell | plasmacyte | plasmocyte	0
celltype	CL:0000786	normal plasma cell	0	0	none	plasma cell	plasma B cell | plasma B-cell | plasmacyte | plasmocyte	0
celltype	CL:0000786	plasma B cell	1	1	exact_synonym	plasma cell	plasma B cell | plasma B-cell | plasmacyte | plasmocyte	0
celltype	CL:0000786	plasma cell	1	1	canonical	plasma cell	plasma B cell | plasma B-cell | plasmacyte | plasmocyte	0
celltype	CL:0000786	plasma cell progenitor	0	0	none	plasma cell	plasma B cell | plasma B-cell | plasmacyte | plasmocyte	0
celltype	CL:0000786	plasma cell subpopulation R.3	0	0	none	plasma cell	plasma B cell | plasma B-cell | plasmacyte | plasmocyte	0
celltype	CL:0000786	plasmablast and plasma cell	0	0	none	plasma cell	plasma B cell | plasma B-cell | plasmacyte | plasmocyte	0
celltype	CL:0000786	plasmablast/plasma cell	0	0	none	plasma cell	plasma B cell | plasma B-cell | plasmacyte | plasmocyte	0
celltype	CL:0000786	short-lived plasma cell	0	0	none	plasma cell	plasma B cell | plasma B-cell | plasmacyte | plasmocyte	0
celltype	CL:0000786	sigmoid colon IgA-positive plasma cell	0	0	none	plasma cell	plasma B cell | plasma B-cell | plasmacyte | plasmocyte	0
celltype	CL:0000786	sigmoid colon plasma cell	0	0	none	plasma cell	plasma B cell | plasma B-cell | plasmacyte | plasmocyte	0
celltype	CL:0000786	terminal plasma cell	0	0	none	plasma cell	plasma B cell | plasma B-cell | plasmacyte | plasmocyte	0
celltype	CL:0000787	CD11c positive memory B cell	0	0	none	memory B cell	memory B lymphocyte | memory B-cell | memory B-lymphocyte	0
celltype	CL:0000787	IgG negative switched memory B cell	0	0	none	memory B cell	memory B lymphocyte | memory B-cell | memory B-lymphocyte	0
celltype	CL:0000787	IgG positive switched memory B cell	0	0	none	memory B cell	memory B lymphocyte | memory B-cell | memory B-lymphocyte	0
celltype	CL:0000787	MemB_ITGAX memory B cell	0	0	none	memory B cell	memory B lymphocyte | memory B-cell | memory B-lymphocyte	0
celltype	CL:0000787	activated switched memory B cell	0	0	none	memory B cell	memory B lymphocyte | memory B-cell | memory B-lymphocyte	0
celltype	CL:0000787	atypical memory B cell	0	0	none	memory B cell	memory B lymphocyte | memory B-cell | memory B-lymphocyte	0
celltype	CL:0000787	class-switched memory B cell	0	0	none	memory B cell	memory B lymphocyte | memory B-cell | memory B-lymphocyte	0
celltype	CL:0000787	classical memory B cell	0	0	none	memory B cell	memory B lymphocyte | memory B-cell | memory B-lymphocyte	0
celltype	CL:0000787	memory B cell	1	1	canonical	memory B cell	memory B lymphocyte | memory B-cell | memory B-lymphocyte	0
celltype	CL:0000787	memory B-cell	1	1	exact_synonym	memory B cell	memory B lymphocyte | memory B-cell | memory B-lymphocyte	0
celltype	CL:0000787	naïve, activated, and memory B cell	0	0	none	memory B cell	memory B lymphocyte | memory B-cell | memory B-lymphocyte	0
celltype	CL:0000787	pre-memory B cell	0	0	none	memory B cell	memory B lymphocyte | memory B-cell | memory B-lymphocyte	0
celltype	CL:0000787	tissue-like memory B cell	0	0	none	memory B cell	memory B lymphocyte | memory B-cell | memory B-lymphocyte	0
celltype	CL:0000787	tissue-restricted memory B cell	0	0	none	memory B cell	memory B lymphocyte | memory B-cell | memory B-lymphocyte	0
celltype	CL:0000788	CD38-high naive B cell	0	0	none	naive B cell	naive B lymphocyte | naive B-cell | naive B-lymphocyte	0
celltype	CL:0000788	IgM positive naive B cell	0	0	none	naive B cell	naive B lymphocyte | naive B-cell | naive B-lymphocyte	0
celltype	CL:0000788	distinct naive B cell	0	0	none	naive B cell	naive B lymphocyte | naive B-cell | naive B-lymphocyte	0
celltype	CL:0000788	early germinal center-committed naive B cell	0	0	none	naive B cell	naive B lymphocyte | naive B-cell | naive B-lymphocyte	0
celltype	CL:0000788	naive B cell	1	1	canonical	naive B cell	naive B lymphocyte | naive B-cell | naive B-lymphocyte	0
celltype	CL:0000788	naive B lymphocyte	1	1	exact_synonym	naive B cell	naive B lymphocyte | naive B-cell | naive B-lymphocyte	0
celltype	CL:0000789	CD3-positive alpha-beta T cell	0	0	none	alpha-beta T cell	alpha-beta T lymphocyte | alpha-beta T-cell | alpha-beta T-lymphocyte	0
celltype	CL:0000789	TCR alpha-beta T cell	0	0	none	alpha-beta T cell	alpha-beta T lymphocyte | alpha-beta T-cell | alpha-beta T-lymphocyte	0
celltype	CL:0000789	alpha-beta T cell	1	1	canonical	alpha-beta T cell	alpha-beta T lymphocyte | alpha-beta T-cell | alpha-beta T-lymphocyte	0
celltype	CL:0000792	regulatory CD4+ T cell	1	0	none	CD4-positive, CD25-positive, alpha-beta regulatory T cell	CD4-positive, CD25-positive, alpha-beta regulatory T lymphocyte | CD4-positive, CD25-positive, alpha-beta regulatory T-cell | CD4-positive, CD25-positive, alpha-beta regulatory T-lymphocyte	0
celltype	CL:0000798	gamma-delta T cell	1	1	canonical	gamma-delta T cell	gamma-delta T lymphocyte | gamma-delta T-cell | gamma-delta T-lymphocyte | gammadelta T cell	0
celltype	CL:0000813	CD103+CD161+CCR5+ CD4+ tissue-resident memory T cell	0	0	none	memory T cell	memory T lymphocyte | memory T-cell | memory T-lymphocyte	0
celltype	CL:0000813	CD103-/low tissue-resident memory T cell cluster 1	0	0	none	memory T cell	memory T lymphocyte | memory T-cell | memory T-lymphocyte	0
celltype	CL:0000813	CD4+ tissue resident memory T cell	0	0	none	memory T cell	memory T lymphocyte | memory T-cell | memory T-lymphocyte	0
celltype	CL:0000813	CD4+ tissue-resident memory T cell	0	0	none	memory T cell	memory T lymphocyte | memory T-cell | memory T-lymphocyte	0
celltype	CL:0000813	CD4-positive memory T cell	0	0	none	memory T cell	memory T lymphocyte | memory T-cell | memory T-lymphocyte	0
celltype	CL:0000813	CD4-positive memory T cell cluster 3	0	0	none	memory T cell	memory T lymphocyte | memory T-cell | memory T-lymphocyte	0
celltype	CL:0000813	CD69+ CD103-/low tissue-resident memory T cell	0	0	none	memory T cell	memory T lymphocyte | memory T-cell | memory T-lymphocyte	0
celltype	CL:0000813	CD8 tissue-resident memory T cell	0	0	none	memory T cell	memory T lymphocyte | memory T-cell | memory T-lymphocyte	0
celltype	CL:0000813	CD8+ effector memory T cell	1	0	none	memory T cell	memory T lymphocyte | memory T-cell | memory T-lymphocyte	0
celltype	CL:0000813	CD8-positive effector-memory T cell	0	0	none	memory T cell	memory T lymphocyte | memory T-cell | memory T-lymphocyte	0
celltype	CL:0000813	CD8-positive tissue-resident memory T cell	0	0	none	memory T cell	memory T lymphocyte | memory T-cell | memory T-lymphocyte	0
celltype	CL:0000813	Crohn's disease-specific CD4+ tissue-resident memory T cell	0	0	none	memory T cell	memory T lymphocyte | memory T-cell | memory T-lymphocyte	0
celltype	CL:0000813	conventional CD103+ tissue-resident memory T cell	0	0	none	memory T cell	memory T lymphocyte | memory T-cell | memory T-lymphocyte	0
celltype	CL:0000813	infiltrating memory T cell	0	0	none	memory T cell	memory T lymphocyte | memory T-cell | memory T-lymphocyte	0
celltype	CL:0000813	memory T cell	1	1	canonical	memory T cell	memory T lymphocyte | memory T-cell | memory T-lymphocyte	0
celltype	CL:0000813	memory T cell (CD4-c2-CD69)	0	0	none	memory T cell	memory T lymphocyte | memory T-cell | memory T-lymphocyte	0
celltype	CL:0000813	memory T cell (CD8-c3-IL7R)	0	0	none	memory T cell	memory T lymphocyte | memory T-cell | memory T-lymphocyte	0
celltype	CL:0000813	memory T cell (CD8-c4-GZMK)	0	0	none	memory T cell	memory T lymphocyte | memory T-cell | memory T-lymphocyte	0
celltype	CL:0000813	naïve T cell/stem cell memory T cell	0	0	none	memory T cell	memory T lymphocyte | memory T-cell | memory T-lymphocyte	0
celltype	CL:0000813	naïve/memory T cell	0	0	none	memory T cell	memory T lymphocyte | memory T-cell | memory T-lymphocyte	0
celltype	CL:0000813	resident memory T cell	0	0	none	memory T cell	memory T lymphocyte | memory T-cell | memory T-lymphocyte	0
celltype	CL:0000813	tissue resident memory T cell	0	0	none	memory T cell	memory T lymphocyte | memory T-cell | memory T-lymphocyte	0
celltype	CL:0000813	tissue-resident memory T cell	0	0	none	memory T cell	memory T lymphocyte | memory T-cell | memory T-lymphocyte	0
celltype	CL:0000814	NKT cell	1	0	none	mature NK T cell	mature NK T lymphocyte | mature NK T-cell | mature NK T-lymphocyte | mature NKT cell | mature natural killer T cell | mature natural killer T lymphocyte | mature natural killer T-cell | mature natural killer T-lymphocyte	0
celltype	CL:0000814	NKT cell cluster 1	0	0	none	mature NK T cell	mature NK T lymphocyte | mature NK T-cell | mature NK T-lymphocyte | mature NKT cell | mature natural killer T cell | mature natural killer T lymphocyte | mature natural killer T-cell | mature natural killer T-lymphocyte	0
celltype	CL:0000814	NKT cell cluster 3	0	0	none	mature NK T cell	mature NK T lymphocyte | mature NK T-cell | mature NK T-lymphocyte | mature NKT cell | mature natural killer T cell | mature natural killer T lymphocyte | mature natural killer T-cell | mature natural killer T-lymphocyte	0
celltype	CL:0000814	T and natural killer T cell	0	0	none	mature NK T cell	mature NK T lymphocyte | mature NK T-cell | mature NK T-lymphocyte | mature NKT cell | mature natural killer T cell | mature natural killer T lymphocyte | mature natural killer T-cell | mature natural killer T-lymphocyte	0
celltype	CL:0000814	natural killer T cell	1	0	none	mature NK T cell	mature NK T lymphocyte | mature NK T-cell | mature NK T-lymphocyte | mature NKT cell | mature natural killer T cell | mature natural killer T lymphocyte | mature natural killer T-cell | mature natural killer T-lymphocyte	0
celltype	CL:0000814	natural killer and natural killer T cell	0	0	none	mature NK T cell	mature NK T lymphocyte | mature NK T-cell | mature NK T-lymphocyte | mature NKT cell | mature natural killer T cell | mature natural killer T lymphocyte | mature natural killer T-cell | mature natural killer T-lymphocyte	0
celltype	CL:0000814	stimulated natural killer T cell cluster 1	0	0	none	mature NK T cell	mature NK T lymphocyte | mature NK T-cell | mature NK T-lymphocyte | mature NKT cell | mature natural killer T cell | mature natural killer T lymphocyte | mature natural killer T-cell | mature natural killer T-lymphocyte	0
celltype	CL:0000814	stimulated natural killer T cell cluster 2	0	0	none	mature NK T cell	mature NK T lymphocyte | mature NK T-cell | mature NK T-lymphocyte | mature NKT cell | mature natural killer T cell | mature natural killer T lymphocyte | mature natural killer T-cell | mature natural killer T-lymphocyte	0
celltype	CL:0000814	stimulated natural killer T cell cluster 2 sub-cluster A	0	0	none	mature NK T cell	mature NK T lymphocyte | mature NK T-cell | mature NK T-lymphocyte | mature NKT cell | mature natural killer T cell | mature natural killer T lymphocyte | mature natural killer T-cell | mature natural killer T-lymphocyte	0
celltype	CL:0000814	stimulated natural killer T cell cluster 2 sub-cluster B	0	0	none	mature NK T cell	mature NK T lymphocyte | mature NK T-cell | mature NK T-lymphocyte | mature NKT cell | mature natural killer T cell | mature natural killer T lymphocyte | mature natural killer T-cell | mature natural killer T-lymphocyte	0
celltype	CL:0000814	stimulated natural killer T cell cluster 3	0	0	none	mature NK T cell	mature NK T lymphocyte | mature NK T-cell | mature NK T-lymphocyte | mature NKT cell | mature natural killer T cell | mature natural killer T lymphocyte | mature natural killer T-cell | mature natural killer T-lymphocyte	0
celltype	CL:0000814	stimulated natural killer T cell cluster 4	0	0	none	mature NK T cell	mature NK T lymphocyte | mature NK T-cell | mature NK T-lymphocyte | mature NKT cell | mature natural killer T cell | mature natural killer T lymphocyte | mature natural killer T-cell | mature natural killer T-lymphocyte	0
celltype	CL:0000814	stimulated natural killer T cell cluster 5	0	0	none	mature NK T cell	mature NK T lymphocyte | mature NK T-cell | mature NK T-lymphocyte | mature NKT cell | mature natural killer T cell | mature natural killer T lymphocyte | mature natural killer T-cell | mature natural killer T-lymphocyte	0
celltype	CL:0000814	unstimulated natural killer T cell cluster 1	0	0	none	mature NK T cell	mature NK T lymphocyte | mature NK T-cell | mature NK T-lymphocyte | mature NKT cell | mature natural killer T cell | mature natural killer T lymphocyte | mature natural killer T-cell | mature natural killer T-lymphocyte	0
celltype	CL:0000814	unstimulated natural killer T cell cluster 2	0	0	none	mature NK T cell	mature NK T lymphocyte | mature NK T-cell | mature NK T-lymphocyte | mature NKT cell | mature natural killer T cell | mature natural killer T lymphocyte | mature natural killer T-cell | mature natural killer T-lymphocyte	0
celltype	CL:0000814	unstimulated natural killer T cell cluster 3	0	0	none	mature NK T cell	mature NK T lymphocyte | mature NK T-cell | mature NK T-lymphocyte | mature NKT cell | mature natural killer T cell | mature natural killer T lymphocyte | mature natural killer T-cell | mature natural killer T-lymphocyte	0
celltype	CL:0000814	unstimulated natural killer T cell cluster 4	0	0	none	mature NK T cell	mature NK T lymphocyte | mature NK T-cell | mature NK T-lymphocyte | mature NKT cell | mature natural killer T cell | mature natural killer T lymphocyte | mature natural killer T-cell | mature natural killer T-lymphocyte	0
celltype	CL:0000815	CD4+ regulatory T cell	0	0	none	regulatory T cell	Treg | regulatory T lymphocyte | regulatory T-cell | regulatory T-lymphocyte	0
celltype	CL:0000815	CD4-positive regulatory T cell	0	0	none	regulatory T cell	Treg | regulatory T lymphocyte | regulatory T-cell | regulatory T-lymphocyte	0
celltype	CL:0000815	CD4T_FOXP3 regulatory T cell	0	0	none	regulatory T cell	Treg | regulatory T lymphocyte | regulatory T-cell | regulatory T-lymphocyte	0
celltype	CL:0000815	CD8-positive regulatory T cell	0	0	none	regulatory T cell	Treg | regulatory T lymphocyte | regulatory T-cell | regulatory T-lymphocyte	0
celltype	CL:0000815	FOXP3-positive CD4-positive regulatory T cell	0	0	none	regulatory T cell	Treg | regulatory T lymphocyte | regulatory T-cell | regulatory T-lymphocyte	0
celltype	CL:0000815	FOXP3-positive regulatory T cell	0	0	none	regulatory T cell	Treg | regulatory T lymphocyte | regulatory T-cell | regulatory T-lymphocyte	0
celltype	CL:0000815	HSPA1A-positive regulatory T cell	0	0	none	regulatory T cell	Treg | regulatory T lymphocyte | regulatory T-cell | regulatory T-lymphocyte	0
celltype	CL:0000815	IFIT1-positive regulatory T cell	0	0	none	regulatory T cell	Treg | regulatory T lymphocyte | regulatory T-cell | regulatory T-lymphocyte	0
celltype	CL:0000815	IL1R1-positive regulatory T cell	0	0	none	regulatory T cell	Treg | regulatory T lymphocyte | regulatory T-cell | regulatory T-lymphocyte	0
celltype	CL:0000815	KLRB1-positive T regulatory cell	0	0	none	regulatory T cell	Treg | regulatory T lymphocyte | regulatory T-cell | regulatory T-lymphocyte	0
celltype	CL:0000815	T regulatory cell	1	0	none	regulatory T cell	Treg | regulatory T lymphocyte | regulatory T-cell | regulatory T-lymphocyte	0
celltype	CL:0000815	T regulatory-like cell	0	0	none	regulatory T cell	Treg | regulatory T lymphocyte | regulatory T-cell | regulatory T-lymphocyte	0
celltype	CL:0000815	TNFRSF4-positive regulatory T cell	0	0	none	regulatory T cell	Treg | regulatory T lymphocyte | regulatory T-cell | regulatory T-lymphocyte	0
celltype	CL:0000815	TXNIP-positive regulatory T cell	0	0	none	regulatory T cell	Treg | regulatory T lymphocyte | regulatory T-cell | regulatory T-lymphocyte	0
celltype	CL:0000815	activated regulatory T cell	0	0	none	regulatory T cell	Treg | regulatory T lymphocyte | regulatory T-cell | regulatory T-lymphocyte	0
celltype	CL:0000815	actively proliferating IL1R1-positive regulatory T cell	0	0	none	regulatory T cell	Treg | regulatory T lymphocyte | regulatory T-cell | regulatory T-lymphocyte	0
celltype	CL:0000815	central T regulatory cell	0	0	none	regulatory T cell	Treg | regulatory T lymphocyte | regulatory T-cell | regulatory T-lymphocyte	0
celltype	CL:0000815	colonic T regulatory cell	0	0	none	regulatory T cell	Treg | regulatory T lymphocyte | regulatory T-cell | regulatory T-lymphocyte	0
celltype	CL:0000815	decidual regulatory T cell	0	0	none	regulatory T cell	Treg | regulatory T lymphocyte | regulatory T-cell | regulatory T-lymphocyte	0
celltype	CL:0000815	dermal regulatory T cell	0	0	none	regulatory T cell	Treg | regulatory T lymphocyte | regulatory T-cell | regulatory T-lymphocyte	0
celltype	CL:0000815	differentiating regulatory T cell	0	0	none	regulatory T cell	Treg | regulatory T lymphocyte | regulatory T-cell | regulatory T-lymphocyte	0
celltype	CL:0000815	double negative regulatory T cell-like population	0	0	none	regulatory T cell	Treg | regulatory T lymphocyte | regulatory T-cell | regulatory T-lymphocyte	0
celltype	CL:0000815	early activated regulatory T cell	0	0	none	regulatory T cell	Treg | regulatory T lymphocyte | regulatory T-cell | regulatory T-lymphocyte	0
celltype	CL:0000815	effector T regulatory cell	0	0	none	regulatory T cell	Treg | regulatory T lymphocyte | regulatory T-cell | regulatory T-lymphocyte	0
celltype	CL:0000815	effector regulatory T cell	0	0	none	regulatory T cell	Treg | regulatory T lymphocyte | regulatory T-cell | regulatory T-lymphocyte	0
celltype	CL:0000815	lamina propria regulatory T cell	0	0	none	regulatory T cell	Treg | regulatory T lymphocyte | regulatory T-cell | regulatory T-lymphocyte	0
celltype	CL:0000815	lymphoid tissue-like T regulatory cell	0	0	none	regulatory T cell	Treg | regulatory T lymphocyte | regulatory T-cell | regulatory T-lymphocyte	0
celltype	CL:0000815	non-lymphoid tissue T regulatory cell	0	0	none	regulatory T cell	Treg | regulatory T lymphocyte | regulatory T-cell | regulatory T-lymphocyte	0
celltype	CL:0000815	non-lymphoid tissue-like T regulatory cell	0	0	none	regulatory T cell	Treg | regulatory T lymphocyte | regulatory T-cell | regulatory T-lymphocyte	0
celltype	CL:0000815	peripheral T regulatory cell	0	0	none	regulatory T cell	Treg | regulatory T lymphocyte | regulatory T-cell | regulatory T-lymphocyte	0
celltype	CL:0000815	regulatory T cell	1	1	canonical	regulatory T cell	Treg | regulatory T lymphocyte | regulatory T-cell | regulatory T-lymphocyte	0
celltype	CL:0000815	regulatory T cell (CD4-c10-FOXP3)	0	0	none	regulatory T cell	Treg | regulatory T lymphocyte | regulatory T-cell | regulatory T-lymphocyte	0
celltype	CL:0000815	regulatory T cell cluster 1	0	0	none	regulatory T cell	Treg | regulatory T lymphocyte | regulatory T-cell | regulatory T-lymphocyte	0
celltype	CL:0000815	regulatory T cell cluster 10	0	0	none	regulatory T cell	Treg | regulatory T lymphocyte | regulatory T-cell | regulatory T-lymphocyte	0
celltype	CL:0000815	regulatory T cell cluster 4	0	0	none	regulatory T cell	Treg | regulatory T lymphocyte | regulatory T-cell | regulatory T-lymphocyte	0
celltype	CL:0000815	regulatory T-cell subcluster CD4_5	0	0	none	regulatory T cell	Treg | regulatory T lymphocyte | regulatory T-cell | regulatory T-lymphocyte	0
celltype	CL:0000815	regulatory T-cell subcluster CD4_7	0	0	none	regulatory T cell	Treg | regulatory T lymphocyte | regulatory T-cell | regulatory T-lymphocyte	0
celltype	CL:0000815	suppressive regulatory T cell subcluster Treg.2	0	0	none	regulatory T cell	Treg | regulatory T lymphocyte | regulatory T-cell | regulatory T-lymphocyte	0
celltype	CL:0000815	tumor regulatory T cell	0	0	none	regulatory T cell	Treg | regulatory T lymphocyte | regulatory T-cell | regulatory T-lymphocyte	0
celltype	CL:0000815	tumor-infiltrating regulatory T cell	0	0	none	regulatory T cell	Treg | regulatory T lymphocyte | regulatory T-cell | regulatory T-lymphocyte	0
celltype	CL:0000815	tumor-infiltrating regulatory T-cell subcluster CD4_5	0	0	none	regulatory T cell	Treg | regulatory T lymphocyte | regulatory T-cell | regulatory T-lymphocyte	0
celltype	CL:0000816	immature B cell	1	1	canonical	immature B cell	immature B lymphocyte | immature B-cell | immature B-lymphocyte | newly formed B cell	0
celltype	CL:0000817	pre-B cell	1	0	none	precursor B cell		0
celltype	CL:0000817	precursor B cell	1	1	canonical	precursor B cell		0
celltype	CL:0000818	transitional B cell	1	1	exact_synonym	transitional stage B cell	transitional B cell | transitional stage B lymphocyte | transitional stage B-cell | transitional stage B-lymphocyte	0
celltype	CL:0000819	B1 cell	1	1	exact_synonym	B-1 B cell	B-1 B lymphocyte | B-1 B-cell | B-1 B-lymphocyte | B-1 cell | B1 B cell | B1 B lymphocyte | B1 B-cell | B1 B-lymphocyte | B1 cell	0
celltype	CL:0000824	mature natural killer cell	1	1	canonical	mature natural killer cell	mature NK cell	0
celltype	CL:0000824	terminal mature natural killer cell	0	0	none	mature natural killer cell	mature NK cell	0
celltype	CL:0000826	non-progenitor B cell	0	0	none	pro-B cell	pro-B lymphocyte | pro-B-cell | pro-B-lymphocyte | progenitor B cell | progenitor B lymphocyte | progenitor B-cell | progenitor B-lymphocyte	0
celltype	CL:0000826	pre pro-B cell	0	0	none	pro-B cell	pro-B lymphocyte | pro-B-cell | pro-B-lymphocyte | progenitor B cell | progenitor B lymphocyte | progenitor B-cell | progenitor B-lymphocyte	0
celltype	CL:0000826	pro-B cell	1	1	canonical	pro-B cell	pro-B lymphocyte | pro-B-cell | pro-B-lymphocyte | progenitor B cell | progenitor B lymphocyte | progenitor B-cell | progenitor B-lymphocyte	0
celltype	CL:0000826	progenitor B cell	1	1	exact_synonym	pro-B cell	pro-B lymphocyte | pro-B-cell | pro-B-lymphocyte | progenitor B cell | progenitor B lymphocyte | progenitor B-cell | progenitor B-lymphocyte	0
celltype	CL:0000831	basophil/eosinophil/mast cell progenitor	0	0	none	mast cell progenitor	MCP	0
celltype	CL:0000831	megakaryocyte-erythroid-mast cell progenitor	0	0	none	mast cell progenitor	MCP	0
celltype	CL:0000836	promyelocyte	1	1	canonical	promyelocyte		0
celltype	CL:0000837	CD34-positive progenitor cell	0	0	none	hematopoietic multipotent progenitor cell	MPP | hemopoietic progenitor cell	0
celltype	CL:0000837	HHIP+ adipose stem and progenitor cell	0	0	none	hematopoietic multipotent progenitor cell	MPP | hemopoietic progenitor cell	0
celltype	CL:0000837	IFIT+ adipose stem and progenitor cell	0	0	none	hematopoietic multipotent progenitor cell	MPP | hemopoietic progenitor cell	0
celltype	CL:0000837	SFRP4+ adipose stem and progenitor cell	0	0	none	hematopoietic multipotent progenitor cell	MPP | hemopoietic progenitor cell	0
celltype	CL:0000837	adipose stem and progenitor cell	0	0	none	hematopoietic multipotent progenitor cell	MPP | hemopoietic progenitor cell	0
celltype	CL:0000837	adipose stem and progenitor cell 1	0	0	none	hematopoietic multipotent progenitor cell	MPP | hemopoietic progenitor cell	0
celltype	CL:0000837	adipose stem and progenitor cell 2	0	0	none	hematopoietic multipotent progenitor cell	MPP | hemopoietic progenitor cell	0
celltype	CL:0000837	adipose stem and progenitor cell 3	0	0	none	hematopoietic multipotent progenitor cell	MPP | hemopoietic progenitor cell	0
celltype	CL:0000837	adipose stem and progenitor cell 4	0	0	none	hematopoietic multipotent progenitor cell	MPP | hemopoietic progenitor cell	0
celltype	CL:0000837	adult hepatobiliary hybrid progenitor cell	0	0	none	hematopoietic multipotent progenitor cell	MPP | hemopoietic progenitor cell	0
celltype	CL:0000837	adult hepatobiliary hybrid progenitor cell pseudo state 3	0	0	none	hematopoietic multipotent progenitor cell	MPP | hemopoietic progenitor cell	0
celltype	CL:0000837	adult hepatobiliary hybrid progenitor cell pseudo state 4	0	0	none	hematopoietic multipotent progenitor cell	MPP | hemopoietic progenitor cell	0
celltype	CL:0000837	airway progenitor cell	0	0	none	hematopoietic multipotent progenitor cell	MPP | hemopoietic progenitor cell	0
celltype	CL:0000837	alveolar progenitor cell	0	0	none	hematopoietic multipotent progenitor cell	MPP | hemopoietic progenitor cell	0
celltype	CL:0000837	basal progenitor cell	0	0	none	hematopoietic multipotent progenitor cell	MPP | hemopoietic progenitor cell	0
celltype	CL:0000837	bipotent progenitor cell	0	0	none	hematopoietic multipotent progenitor cell	MPP | hemopoietic progenitor cell	0
celltype	CL:0000837	bud tip progenitor cell	0	0	none	hematopoietic multipotent progenitor cell	MPP | hemopoietic progenitor cell	0
celltype	CL:0000837	committed nephron progenitor cell	0	0	none	hematopoietic multipotent progenitor cell	MPP | hemopoietic progenitor cell	0
celltype	CL:0000837	damage-associated transient progenitor cell	0	0	none	hematopoietic multipotent progenitor cell	MPP | hemopoietic progenitor cell	0
celltype	CL:0000837	dorsal telencephalic progenitor cell	0	0	none	hematopoietic multipotent progenitor cell	MPP | hemopoietic progenitor cell	0
celltype	CL:0000837	endometrial epithelial stem/progenitor cell	0	0	none	hematopoietic multipotent progenitor cell	MPP | hemopoietic progenitor cell	0
celltype	CL:0000837	epithelial basal progenitor cell population E0	0	0	none	hematopoietic multipotent progenitor cell	MPP | hemopoietic progenitor cell	0
celltype	CL:0000837	fibroblast and adipogenic progenitor cell	0	0	none	hematopoietic multipotent progenitor cell	MPP | hemopoietic progenitor cell	0
celltype	CL:0000837	foetal hepatobiliary hybrid progenitor cell	0	0	none	hematopoietic multipotent progenitor cell	MPP | hemopoietic progenitor cell	0
celltype	CL:0000837	gastrointestinal progenitor cell	0	0	none	hematopoietic multipotent progenitor cell	MPP | hemopoietic progenitor cell	0
celltype	CL:0000837	gliogenic progenitor cell	0	0	none	hematopoietic multipotent progenitor cell	MPP | hemopoietic progenitor cell	0
celltype	CL:0000837	hematopoietic stem and progenitor cell	0	0	none	hematopoietic multipotent progenitor cell	MPP | hemopoietic progenitor cell	0
celltype	CL:0000837	hematopoietic stem/progenitor cell	0	0	none	hematopoietic multipotent progenitor cell	MPP | hemopoietic progenitor cell	0
celltype	CL:0000837	hepatobiliary hybrid progenitor cell	0	0	none	hematopoietic multipotent progenitor cell	MPP | hemopoietic progenitor cell	0
celltype	CL:0000837	hepatobiliary hybrid progenitor cell pseudo state 1	0	0	none	hematopoietic multipotent progenitor cell	MPP | hemopoietic progenitor cell	0
celltype	CL:0000837	hepatocyte-biased progenitor cell	0	0	none	hematopoietic multipotent progenitor cell	MPP | hemopoietic progenitor cell	0
celltype	CL:0000837	immature CD34-positive hematopoietic stem/progenitor cell	0	0	none	hematopoietic multipotent progenitor cell	MPP | hemopoietic progenitor cell	0
celltype	CL:0000837	immune progenitor cell	0	0	none	hematopoietic multipotent progenitor cell	MPP | hemopoietic progenitor cell	0
celltype	CL:0000837	induced muscle stem/progenitor cell	0	0	none	hematopoietic multipotent progenitor cell	MPP | hemopoietic progenitor cell	0
celltype	CL:0000837	induced muscle stem/progenitor cell cluster 0	0	0	none	hematopoietic multipotent progenitor cell	MPP | hemopoietic progenitor cell	0
celltype	CL:0000837	induced muscle stem/progenitor cell cluster 1	0	0	none	hematopoietic multipotent progenitor cell	MPP | hemopoietic progenitor cell	0
celltype	CL:0000837	induced muscle stem/progenitor cell cluster 2	0	0	none	hematopoietic multipotent progenitor cell	MPP | hemopoietic progenitor cell	0
celltype	CL:0000837	induced nephron progenitor cell subpopulation 4C	0	0	none	hematopoietic multipotent progenitor cell	MPP | hemopoietic progenitor cell	0
celltype	CL:0000837	interneuron progenitor cell	0	0	none	hematopoietic multipotent progenitor cell	MPP | hemopoietic progenitor cell	0
celltype	CL:0000837	interstitial progenitor cell	0	0	none	hematopoietic multipotent progenitor cell	MPP | hemopoietic progenitor cell	0
celltype	CL:0000837	intestinal stem/progenitor cell	0	0	none	hematopoietic multipotent progenitor cell	MPP | hemopoietic progenitor cell	0
celltype	CL:0000837	kidney progenitor cell	0	0	none	hematopoietic multipotent progenitor cell	MPP | hemopoietic progenitor cell	0
celltype	CL:0000837	limbal neural crest derived progenitor cell	0	0	none	hematopoietic multipotent progenitor cell	MPP | hemopoietic progenitor cell	0
celltype	CL:0000837	limbal progenitor cell	0	0	none	hematopoietic multipotent progenitor cell	MPP | hemopoietic progenitor cell	0
celltype	CL:0000837	luminal adaptive secretory precursor alveolar progenitor cell	0	0	none	hematopoietic multipotent progenitor cell	MPP | hemopoietic progenitor cell	0
celltype	CL:0000837	luminal progenitor cell	0	0	none	hematopoietic multipotent progenitor cell	MPP | hemopoietic progenitor cell	0
celltype	CL:0000837	lung progenitor cell	0	0	none	hematopoietic multipotent progenitor cell	MPP | hemopoietic progenitor cell	0
celltype	CL:0000837	lung stem/progenitor cell	0	0	none	hematopoietic multipotent progenitor cell	MPP | hemopoietic progenitor cell	0
celltype	CL:0000837	mammary progenitor cell	0	0	none	hematopoietic multipotent progenitor cell	MPP | hemopoietic progenitor cell	0
celltype	CL:0000837	nephron progenitor cell	0	0	none	hematopoietic multipotent progenitor cell	MPP | hemopoietic progenitor cell	0
celltype	CL:0000837	nephron progenitor cell subpopulation 4A	0	0	none	hematopoietic multipotent progenitor cell	MPP | hemopoietic progenitor cell	0
celltype	CL:0000837	nephron progenitor cell subpopulation 4B	0	0	none	hematopoietic multipotent progenitor cell	MPP | hemopoietic progenitor cell	0
celltype	CL:0000837	neurogenic progenitor cell	0	0	none	hematopoietic multipotent progenitor cell	MPP | hemopoietic progenitor cell	0
celltype	CL:0000837	neuronal stem/progenitor cell	0	0	none	hematopoietic multipotent progenitor cell	MPP | hemopoietic progenitor cell	0
celltype	CL:0000837	nucleus pulposus progenitor cell	0	0	none	hematopoietic multipotent progenitor cell	MPP | hemopoietic progenitor cell	0
celltype	CL:0000837	nucleus pulposus progenitor cell subcluster 1	0	0	none	hematopoietic multipotent progenitor cell	MPP | hemopoietic progenitor cell	0
celltype	CL:0000837	nucleus pulposus progenitor cell subcluster 2	0	0	none	hematopoietic multipotent progenitor cell	MPP | hemopoietic progenitor cell	0
celltype	CL:0000837	nucleus pulposus progenitor cell subcluster 3	0	0	none	hematopoietic multipotent progenitor cell	MPP | hemopoietic progenitor cell	0
celltype	CL:0000837	nucleus pulposus progenitor cell subcluster 4	0	0	none	hematopoietic multipotent progenitor cell	MPP | hemopoietic progenitor cell	0
celltype	CL:0000837	progenitor cell	1	0	none	hematopoietic multipotent progenitor cell	MPP | hemopoietic progenitor cell	0
celltype	CL:0000837	progenitor cell cluster P8	0	0	none	hematopoietic multipotent progenitor cell	MPP | hemopoietic progenitor cell	0
celltype	CL:0000837	radial glial progenitor cell	0	0	none	hematopoietic multipotent progenitor cell	MPP | hemopoietic progenitor cell	0
celltype	CL:0000837	sebaceous progenitor cell	0	0	none	hematopoietic multipotent progenitor cell	MPP | hemopoietic progenitor cell	0
celltype	CL:0000837	secretory progenitor cell	0	0	none	hematopoietic multipotent progenitor cell	MPP | hemopoietic progenitor cell	0
celltype	CL:0000837	stem-like/progenitor cell	0	0	none	hematopoietic multipotent progenitor cell	MPP | hemopoietic progenitor cell	0
celltype	CL:0000837	stem/progenitor cell	0	0	none	hematopoietic multipotent progenitor cell	MPP | hemopoietic progenitor cell	0
celltype	CL:0000837	stem/transit-amplifying/progenitor cell	0	0	none	hematopoietic multipotent progenitor cell	MPP | hemopoietic progenitor cell	0
celltype	CL:0000837	telencephalic progenitor cell	0	0	none	hematopoietic multipotent progenitor cell	MPP | hemopoietic progenitor cell	0
celltype	CL:0000837	tissue-resident vascular progenitor cell	0	0	none	hematopoietic multipotent progenitor cell	MPP | hemopoietic progenitor cell	0
celltype	CL:0000837	transit amplifying and progenitor cell	0	0	none	hematopoietic multipotent progenitor cell	MPP | hemopoietic progenitor cell	0
celltype	CL:0000837	trophoblast progenitor cell	0	0	none	hematopoietic multipotent progenitor cell	MPP | hemopoietic progenitor cell	0
celltype	CL:0000837	tubular progenitor cell	0	0	none	hematopoietic multipotent progenitor cell	MPP | hemopoietic progenitor cell	0
celltype	CL:0000837	tubular progenitor cell subtype PG1	0	0	none	hematopoietic multipotent progenitor cell	MPP | hemopoietic progenitor cell	0
celltype	CL:0000837	tubular progenitor cell subtype PG2	0	0	none	hematopoietic multipotent progenitor cell	MPP | hemopoietic progenitor cell	0
celltype	CL:0000837	ventral telencephalic progenitor cell	0	0	none	hematopoietic multipotent progenitor cell	MPP | hemopoietic progenitor cell	0
celltype	CL:0000839	myeloid progenitor cell	1	0	none	myeloid lineage restricted progenitor cell		0
celltype	CL:0000841	LAMP3-positive mature conventional dendritic cell	0	0	none	mature conventional dendritic cell		0
celltype	CL:0000843	follicular B cell	1	1	canonical	follicular B cell	Fo B cell | Fo B-cell | follicular B lymphocyte | follicular B-cell | follicular B-lymphocyte	0
celltype	CL:0000843	mature-naïve follicular B-cell	0	0	none	follicular B cell	Fo B cell | Fo B-cell | follicular B lymphocyte | follicular B-cell | follicular B-lymphocyte	0
celltype	CL:0000844	dark zone germinal center B cell	0	0	none	germinal center B cell	GC B cell | GC B lymphocyte | GC B-cell | GC B-lymphocyte | germinal center B lymphocyte | germinal center B-cell | germinal center B-lymphocyte	0
celltype	CL:0000844	germinal center B cell	1	1	canonical	germinal center B cell	GC B cell | GC B lymphocyte | GC B-cell | GC B-lymphocyte | germinal center B lymphocyte | germinal center B-cell | germinal center B-lymphocyte	0
celltype	CL:0000844	light zone germinal center B cell	0	0	none	germinal center B cell	GC B cell | GC B lymphocyte | GC B-cell | GC B-lymphocyte | germinal center B lymphocyte | germinal center B-cell | germinal center B-lymphocyte	0
celltype	CL:0000844	transitional germinal center B cell	0	0	none	germinal center B cell	GC B cell | GC B lymphocyte | GC B-cell | GC B-lymphocyte | germinal center B lymphocyte | germinal center B-cell | germinal center B-lymphocyte	0
celltype	CL:0000844	transitional zone germinal center B cell	0	0	none	germinal center B cell	GC B cell | GC B lymphocyte | GC B-cell | GC B-lymphocyte | germinal center B lymphocyte | germinal center B-cell | germinal center B-lymphocyte	0
celltype	CL:0000849	proliferative crypt cell	0	0	none	crypt olfactory receptor neuron	crypt cell | crypt olfactory sensory neuron | crypt sensory neuron	0
celltype	CL:0000850	serotonergic neuron	1	1	canonical	serotonergic neuron	5-HT neuron | 5-hydroxytryptamine neuron	0
celltype	CL:0000860	HLA-DR-high CD83-high activated inflammatory monocyte	0	0	none	classical monocyte	inflammatory monocyte	0
celltype	CL:0000860	HLA-DR-high activated inflammatory monocyte	0	0	none	classical monocyte	inflammatory monocyte	0
celltype	CL:0000860	anti-inflammatory monocyte-derived macrophage	0	0	none	classical monocyte	inflammatory monocyte	0
celltype	CL:0000860	anti-inflammatory monocyte-derived macrophage cluster Mac.2	0	0	none	classical monocyte	inflammatory monocyte	0
celltype	CL:0000860	anti-inflammatory monocyte-derived macrophage cluster Mac.6	0	0	none	classical monocyte	inflammatory monocyte	0
celltype	CL:0000860	circulating classical monocyte	0	0	none	classical monocyte	inflammatory monocyte	0
celltype	CL:0000860	classical monocyte	1	1	canonical	classical monocyte	inflammatory monocyte	0
celltype	CL:0000860	classical monocyte and CD4+ effector memory T cell subpopulation	0	0	none	classical monocyte	inflammatory monocyte	0
celltype	CL:0000860	classical monocyte subpopulation	0	0	none	classical monocyte	inflammatory monocyte	0
celltype	CL:0000860	classical or inflammatory monocyte	0	0	none	classical monocyte	inflammatory monocyte	0
celltype	CL:0000860	inflammatory monocyte	1	1	exact_synonym	classical monocyte	inflammatory monocyte	0
celltype	CL:0000860	interferon-stimulated gene-positive AP1 high classical monocyte	0	0	none	classical monocyte	inflammatory monocyte	0
celltype	CL:0000860	interferon-stimulated gene-positive AP1low classical monocyte	0	0	none	classical monocyte	inflammatory monocyte	0
celltype	CL:0000863	CD68-positive MARCO-negative inflammatory macrophage	0	0	none	M1 macrophage	classically activated macrophage | inflammatory macrophage	0
celltype	CL:0000863	classically activated macrophage	1	1	exact_synonym	M1 macrophage	classically activated macrophage | inflammatory macrophage	0
celltype	CL:0000863	inflammatory macrophage	1	1	exact_synonym	M1 macrophage	classically activated macrophage | inflammatory macrophage	0
celltype	CL:0000863	inflammatory macrophage Mac1	0	0	none	M1 macrophage	classically activated macrophage | inflammatory macrophage	0
celltype	CL:0000863	inflammatory macrophage Mac4	0	0	none	M1 macrophage	classically activated macrophage | inflammatory macrophage	0
celltype	CL:0000863	inflammatory macrophages group A	0	0	none	M1 macrophage	classically activated macrophage | inflammatory macrophage	0
celltype	CL:0000863	pro-inflammatory macrophage immune 6	0	0	none	M1 macrophage	classically activated macrophage | inflammatory macrophage	0
celltype	CL:0000863	pro-inflammatory macrophage immune 7	0	0	none	M1 macrophage	classically activated macrophage | inflammatory macrophage	0
celltype	CL:0000864	Kupffer cell-like liver resident macrophage	0	0	none	tissue-resident macrophage	fixed macrophage | resting histiocyte	0
celltype	CL:0000864	LYVE1-positive resident macrophage	0	0	none	tissue-resident macrophage	fixed macrophage | resting histiocyte	0
celltype	CL:0000864	MΦ1-LYVE1 tissue-resident macrophage	0	0	none	tissue-resident macrophage	fixed macrophage | resting histiocyte	0
celltype	CL:0000864	MΦ2-peritoneal tissue-resident macrophage	0	0	none	tissue-resident macrophage	fixed macrophage | resting histiocyte	0
celltype	CL:0000864	MΦ3-APOE tissue-resident macrophage	0	0	none	tissue-resident macrophage	fixed macrophage | resting histiocyte	0
celltype	CL:0000864	cardiac resident macrophage	0	0	none	tissue-resident macrophage	fixed macrophage | resting histiocyte	0
celltype	CL:0000864	gut-resident macrophage	0	0	none	tissue-resident macrophage	fixed macrophage | resting histiocyte	0
celltype	CL:0000864	non-resident macrophage	0	0	none	tissue-resident macrophage	fixed macrophage | resting histiocyte	0
celltype	CL:0000864	resident macrophage	1	0	none	tissue-resident macrophage	fixed macrophage | resting histiocyte	0
celltype	CL:0000864	resident macrophage Mac3	0	0	none	tissue-resident macrophage	fixed macrophage | resting histiocyte	0
celltype	CL:0000864	tissue resident macrophage	0	0	none	tissue-resident macrophage	fixed macrophage | resting histiocyte	0
celltype	CL:0000864	tissue-resident macrophage	1	1	canonical	tissue-resident macrophage	fixed macrophage | resting histiocyte	0
celltype	CL:0000864	tissue-resident macrophage 2	0	0	none	tissue-resident macrophage	fixed macrophage | resting histiocyte	0
celltype	CL:0000864	tissue-resident macrophage 3	0	0	none	tissue-resident macrophage	fixed macrophage | resting histiocyte	0
celltype	CL:0000875	CD16-positive patrolling monocyte	0	0	none	non-classical monocyte	patrolling monocyte | resident monocyte	0
celltype	CL:0000875	circulating non-classical monocyte	0	0	none	non-classical monocyte	patrolling monocyte | resident monocyte	0
celltype	CL:0000875	interferon-stimulated gene-positive non-classical monocyte	0	0	none	non-classical monocyte	patrolling monocyte | resident monocyte	0
celltype	CL:0000875	non-classical monocyte	1	1	canonical	non-classical monocyte	patrolling monocyte | resident monocyte	0
celltype	CL:0000875	non-classical or patrolling monocyte	0	0	none	non-classical monocyte	patrolling monocyte | resident monocyte	0
celltype	CL:0000875	patrolling non-classical monocyte/macrophage	0	0	none	non-classical monocyte	patrolling monocyte | resident monocyte	0
celltype	CL:0000881	perivascular macrophage	1	1	canonical	perivascular macrophage		0
celltype	CL:0000890	alternatively activated macrophage	1	1	exact_synonym	M2 macrophage	alternatively activated macrophage	0
celltype	CL:0000890	alternatively activated macrophage 2	0	0	none	M2 macrophage	alternatively activated macrophage	0
celltype	CL:0000895	CD4+ naive T cell	1	0	none	naive thymus-derived CD4-positive, alpha-beta T cell	T.4Nve.Sp | Th0 | naive thymus-derived CD4-positive, alpha-beta T lymphocyte | naive thymus-derived CD4-positive, alpha-beta T-cell | naive thymus-derived CD4-positive, alpha-beta T-lymphocyte	0
celltype	CL:0000899	Tc17/Th17 T cell	0	0	none	T-helper 17 cell	IL-17-producing CD4+ T helper | T helper cells type 17 | T(H)-17 cell | Th17 CD4+ T cell | Th17 T cell | Th17 T lymphocyte | Th17 T-cell | Th17 T-lymphocyte | Th17 cell | helper T cell type 17	0
celltype	CL:0000899	Th17 cell	1	1	exact_synonym	T-helper 17 cell	IL-17-producing CD4+ T helper | T helper cells type 17 | T(H)-17 cell | Th17 CD4+ T cell | Th17 T cell | Th17 T lymphocyte | Th17 T-cell | Th17 T-lymphocyte | Th17 cell | helper T cell type 17	0
celltype	CL:0000899	type 17 helper T cell	1	0	none	T-helper 17 cell	IL-17-producing CD4+ T helper | T helper cells type 17 | T(H)-17 cell | Th17 CD4+ T cell | Th17 T cell | Th17 T lymphocyte | Th17 T-cell | Th17 T-lymphocyte | Th17 cell | helper T cell type 17	0
celltype	CL:0000905	effector memory CD4-positive T cell	1	0	none	effector memory CD4-positive, alpha-beta T cell	effector CD4-positive, alpha-beta memory T cell | effector CD4-positive, alpha-beta memory T lymphocyte | effector CD4-positive, alpha-beta memory T-cell | effector CD4-positive, alpha-beta memory T-lymphocyte | effector memory CD4-positive, alpha-beta T lymphocyte | effector memory CD4-positive, alpha-beta T-cell | effector memory CD4-positive, alpha-beta T-lymphocyte	0
celltype	CL:0000906	activated CD8+ T cell	1	0	none	activated CD8-positive, alpha-beta T cell	activated CD8-positive, alpha-beta T lymphocyte | activated CD8-positive, alpha-beta T-cell | activated CD8-positive, alpha-beta T-lymphocyte	0
celltype	CL:0000910	CD4 cytotoxic T lymphocyte	0	0	none	cytotoxic T cell	cytotoxic T lymphocyte | cytotoxic T-cell | cytotoxic T-lymphocyte	0
celltype	CL:0000910	CD4+ cytotoxic T lymphocyte	0	0	none	cytotoxic T cell	cytotoxic T lymphocyte | cytotoxic T-cell | cytotoxic T-lymphocyte	0
celltype	CL:0000910	CD4+ cytotoxic T lymphocyte effector cell	0	0	none	cytotoxic T cell	cytotoxic T lymphocyte | cytotoxic T-cell | cytotoxic T-lymphocyte	0
celltype	CL:0000910	CD4+ cytotoxic T lymphocyte effector cluster 1	0	0	none	cytotoxic T cell	cytotoxic T lymphocyte | cytotoxic T-cell | cytotoxic T-lymphocyte	0
celltype	CL:0000910	CD4+ cytotoxic T lymphocyte effector cluster 2	0	0	none	cytotoxic T cell	cytotoxic T lymphocyte | cytotoxic T-cell | cytotoxic T-lymphocyte	0
celltype	CL:0000910	CD4+ cytotoxic T lymphocyte precursor cell	0	0	none	cytotoxic T cell	cytotoxic T lymphocyte | cytotoxic T-cell | cytotoxic T-lymphocyte	0
celltype	CL:0000910	CD4-positive cytotoxic T lymphocyte	0	0	none	cytotoxic T cell	cytotoxic T lymphocyte | cytotoxic T-cell | cytotoxic T-lymphocyte	0
celltype	CL:0000910	CD8 cytotoxic T cell	0	0	none	cytotoxic T cell	cytotoxic T lymphocyte | cytotoxic T-cell | cytotoxic T-lymphocyte	0
celltype	CL:0000910	CD8-positive cytotoxic T cell	0	0	none	cytotoxic T cell	cytotoxic T lymphocyte | cytotoxic T-cell | cytotoxic T-lymphocyte	0
celltype	CL:0000910	CX3CR1-positive cytotoxic T cell	0	0	none	cytotoxic T cell	cytotoxic T lymphocyte | cytotoxic T-cell | cytotoxic T-lymphocyte	0
celltype	CL:0000910	GZMB-positive CD8-positive cytotoxic T cell	0	0	none	cytotoxic T cell	cytotoxic T lymphocyte | cytotoxic T-cell | cytotoxic T-lymphocyte	0
celltype	CL:0000910	GZMB-positive cytotoxic T cell	0	0	none	cytotoxic T cell	cytotoxic T lymphocyte | cytotoxic T-cell | cytotoxic T-lymphocyte	0
celltype	CL:0000910	activated cytotoxic T cell	0	0	none	cytotoxic T cell	cytotoxic T lymphocyte | cytotoxic T-cell | cytotoxic T-lymphocyte	0
celltype	CL:0000910	cytotoxic T cell	1	1	canonical	cytotoxic T cell	cytotoxic T lymphocyte | cytotoxic T-cell | cytotoxic T-lymphocyte	0
celltype	CL:0000910	cytotoxic T cell (CD8-c9-GNLY)	0	0	none	cytotoxic T cell	cytotoxic T lymphocyte | cytotoxic T-cell | cytotoxic T-lymphocyte	0
celltype	CL:0000910	cytotoxic T cell IL13/IL22	0	0	none	cytotoxic T cell	cytotoxic T lymphocyte | cytotoxic T-cell | cytotoxic T-lymphocyte	0
celltype	CL:0000910	cytotoxic T cell subtype 1	0	0	none	cytotoxic T cell	cytotoxic T lymphocyte | cytotoxic T-cell | cytotoxic T-lymphocyte	0
celltype	CL:0000910	cytotoxic T cell subtype 2	0	0	none	cytotoxic T cell	cytotoxic T lymphocyte | cytotoxic T-cell | cytotoxic T-lymphocyte	0
celltype	CL:0000910	cytotoxic T lymphocyte	1	1	exact_synonym	cytotoxic T cell	cytotoxic T lymphocyte | cytotoxic T-cell | cytotoxic T-lymphocyte	0
celltype	CL:0000910	cytotoxic T lymphocyte 1	0	0	none	cytotoxic T cell	cytotoxic T lymphocyte | cytotoxic T-cell | cytotoxic T-lymphocyte	0
celltype	CL:0000910	cytotoxic T lymphocyte 4	0	0	none	cytotoxic T cell	cytotoxic T lymphocyte | cytotoxic T-cell | cytotoxic T-lymphocyte	0
celltype	CL:0000910	exhausted cytotoxic T cell	0	0	none	cytotoxic T cell	cytotoxic T lymphocyte | cytotoxic T-cell | cytotoxic T-lymphocyte	0
celltype	CL:0000910	memory cytotoxic T cell	0	0	none	cytotoxic T cell	cytotoxic T lymphocyte | cytotoxic T-cell | cytotoxic T-lymphocyte	0
celltype	CL:0000910	naive cytotoxic T cell	0	0	none	cytotoxic T cell	cytotoxic T lymphocyte | cytotoxic T-cell | cytotoxic T-lymphocyte	0
celltype	CL:0000911	CD38++ CD8+ effector T cell	0	0	none	effector T cell	effector T lymphocyte | effector T-cell | effector T-lymphocyte	0
celltype	CL:0000911	CD4-positive effector T cell	0	0	none	effector T cell	effector T lymphocyte | effector T-cell | effector T-lymphocyte	0
celltype	CL:0000911	CD8 effector T cell	0	0	none	effector T cell	effector T lymphocyte | effector T-cell | effector T-lymphocyte	0
celltype	CL:0000911	CD8 terminally differentiated effector T lymphocyte	0	0	none	effector T cell	effector T lymphocyte | effector T-cell | effector T-lymphocyte	0
celltype	CL:0000911	CD8+ effector T cell	0	0	none	effector T cell	effector T lymphocyte | effector T-cell | effector T-lymphocyte	0
celltype	CL:0000911	CD8-positive effector T cell	0	0	none	effector T cell	effector T lymphocyte | effector T-cell | effector T-lymphocyte	0
celltype	CL:0000911	CD8T_GZMB effector T cell	0	0	none	effector T cell	effector T lymphocyte | effector T-cell | effector T-lymphocyte	0
celltype	CL:0000911	effector T cell	1	1	canonical	effector T cell	effector T lymphocyte | effector T-cell | effector T-lymphocyte	0
celltype	CL:0000912	CD4+ helper T cell	0	0	none	helper T cell	T-helper cell | helper T lymphocyte | helper T-cell | helper T-lymphocyte	0
celltype	CL:0000912	CD4+ helper T cell subpopulation	0	0	none	helper T cell	T-helper cell | helper T lymphocyte | helper T-cell | helper T-lymphocyte	0
celltype	CL:0000912	CD4T_IL21 helper T cell	0	0	none	helper T cell	T-helper cell | helper T lymphocyte | helper T-cell | helper T-lymphocyte	0
celltype	CL:0000912	T-helper cell	1	1	exact_synonym	helper T cell	T-helper cell | helper T lymphocyte | helper T-cell | helper T-lymphocyte	0
celltype	CL:0000912	helper T cell	1	1	canonical	helper T cell	T-helper cell | helper T lymphocyte | helper T-cell | helper T-lymphocyte	0
celltype	CL:0000912	memory helper T cell	0	0	none	helper T cell	T-helper cell | helper T lymphocyte | helper T-cell | helper T-lymphocyte	0
celltype	CL:0000912	naive helper T cell	0	0	none	helper T cell	T-helper cell | helper T lymphocyte | helper T-cell | helper T-lymphocyte	0
celltype	CL:0000912	pathogenic effector type 2 helper T cell	0	0	none	helper T cell	T-helper cell | helper T lymphocyte | helper T-cell | helper T-lymphocyte	0
celltype	CL:0000912	type 2 helper T cell	0	0	none	helper T cell	T-helper cell | helper T lymphocyte | helper T-cell | helper T-lymphocyte	0
celltype	CL:0000936	lymphoid-primed multi-potential progenitor	1	0	none	early lymphoid progenitor	lymphoid-primed multipotent progenitor	0
celltype	CL:0000936	lymphoid-primed multipotent progenitor	1	1	exact_synonym	early lymphoid progenitor	lymphoid-primed multipotent progenitor	0
celltype	CL:0000940	activated mucosal-associated invariant T cell	0	0	none	mucosal-associated invariant T cell	mucosal invariant T cell | mucosal invariant T lymphocyte | mucosal invariant T-cell | mucosal invariant T-lymphocyte | mucosal-associated invariant T lymphocyte | mucosal-associated invariant T-cell | mucosal-associated invariant T-lymphocyte	0
celltype	CL:0000940	mucosal-associated invariant T cell	1	1	canonical	mucosal-associated invariant T cell	mucosal invariant T cell | mucosal invariant T lymphocyte | mucosal invariant T-cell | mucosal invariant T-lymphocyte | mucosal-associated invariant T lymphocyte | mucosal-associated invariant T-cell | mucosal-associated invariant T-lymphocyte	0
celltype	CL:0000969	regulatory B cell	1	1	canonical	regulatory B cell	B(reg) | B10 cell | Breg | regulatory B lymphocyte | regulatory B-cell | regulatory B-lymphocyte	0
celltype	CL:0000980	B and plasmablast cell	0	0	none	plasmablast	CD27-positive, CD38-positive, CD20-negative B cell	0
celltype	CL:0000980	B cell and plasmablast	0	0	none	plasmablast	CD27-positive, CD38-positive, CD20-negative B cell	0
celltype	CL:0000980	B cell or plasmablast	0	0	none	plasmablast	CD27-positive, CD38-positive, CD20-negative B cell	0
celltype	CL:0000980	B cell/plasmablast	0	0	none	plasmablast	CD27-positive, CD38-positive, CD20-negative B cell	0
celltype	CL:0000980	immature plasmablast	0	0	none	plasmablast	CD27-positive, CD38-positive, CD20-negative B cell	0
celltype	CL:0000980	plasmablast	1	1	canonical	plasmablast	CD27-positive, CD38-positive, CD20-negative B cell	0
celltype	CL:0000980	plasmablast cell	0	0	none	plasmablast	CD27-positive, CD38-positive, CD20-negative B cell	0
celltype	CL:0000980	plasmablast cluster 0/1	0	0	none	plasmablast	CD27-positive, CD38-positive, CD20-negative B cell	0
celltype	CL:0000980	plasmablast cluster 2 and 3	0	0	none	plasmablast	CD27-positive, CD38-positive, CD20-negative B cell	0
celltype	CL:0000983	IgA and IgM plasmablast	0	0	none	IgM plasmablast		0
celltype	CL:0000985	IgG plasma cell	1	1	canonical	IgG plasma cell		0
celltype	CL:0000986	IgM plasma cell	1	1	canonical	IgM plasma cell		0
celltype	CL:0000987	IgA plasma cell	1	1	canonical	IgA plasma cell		0
celltype	CL:0000987	IgM and IgA plasma cell	0	0	none	IgA plasma cell		0
celltype	CL:0000988	immature hematopoietic cell	0	0	none	hematopoietic cell	haematopoietic cell | haemopoietic cell | hemopoietic cell	0
celltype	CL:0000990	CD207-positive conventional dendritic cell type 2	0	0	none	conventional dendritic cell	DC1 | cDC | dendritic reticular cell | type 1 DC	0
celltype	CL:0000990	MSR1-positive conventional dendritic cell type 2	0	0	none	conventional dendritic cell	DC1 | cDC | dendritic reticular cell | type 1 DC	0
celltype	CL:0000990	activated conventional dendritic cell type 2	0	0	none	conventional dendritic cell	DC1 | cDC | dendritic reticular cell | type 1 DC	0
celltype	CL:0000990	blood Clec9a-positive dendritic cell type 1	0	0	none	conventional dendritic cell	DC1 | cDC | dendritic reticular cell | type 1 DC	0
celltype	CL:0000990	classical dendritic cell type 1	0	0	none	conventional dendritic cell	DC1 | cDC | dendritic reticular cell | type 1 DC	0
celltype	CL:0000990	conventional dendritic cell type 1	1	0	none	conventional dendritic cell	DC1 | cDC | dendritic reticular cell | type 1 DC	0
celltype	CL:0000990	conventional dendritic cell type 2	1	0	none	conventional dendritic cell	DC1 | cDC | dendritic reticular cell | type 1 DC	0
celltype	CL:0000990	conventional dendritic cell type 2 subset	0	0	none	conventional dendritic cell	DC1 | cDC | dendritic reticular cell | type 1 DC	0
celltype	CL:0000990	dendritic cell type 1	1	0	none	conventional dendritic cell	DC1 | cDC | dendritic reticular cell | type 1 DC	0
celltype	CL:0000990	pre-conventional dendritic cell type 2	0	0	none	conventional dendritic cell	DC1 | cDC | dendritic reticular cell | type 1 DC	0
celltype	CL:0000990	precursor conventional dendritic cell type 2	0	0	none	conventional dendritic cell	DC1 | cDC | dendritic reticular cell | type 1 DC	0
celltype	CL:0000990	proliferating conventional dendritic cell type 2	1	0	none	conventional dendritic cell	DC1 | cDC | dendritic reticular cell | type 1 DC	0
celltype	CL:0001043	activated CD4+ T cell	1	0	none	activated CD4-positive, alpha-beta T cell, human	activated CD4-positive, alpha-beta T lymphocyte, human | activated CD4-positive, alpha-beta T-cell, human | activated CD4-positive, alpha-beta T-lymphocyte, human	0
celltype	CL:0001054	CD14-positive monocyte	1	1	canonical	CD14-positive monocyte		0
celltype	CL:0001063	gastro-intestinal stromal tumor cell	0	0	none	neoplastic cell		0
celltype	CL:0001063	infiltrative tumor cell	0	0	none	neoplastic cell		0
celltype	CL:0001063	mesoderm-like tumor cell	0	0	none	neoplastic cell		0
celltype	CL:0001063	myoblast-like tumor cell	0	0	none	neoplastic cell		0
celltype	CL:0001063	myocyte-like tumor cell	0	0	none	neoplastic cell		0
celltype	CL:0001063	neoplastic cell	1	1	canonical	neoplastic cell		0
celltype	CL:0001063	neuroblastoma tumor cell	0	0	none	neoplastic cell		0
celltype	CL:0001063	pancreatic ductal tumor cell	0	0	none	neoplastic cell		0
celltype	CL:0001063	small cell lung cancer tumor cell	0	0	none	neoplastic cell		0
celltype	CL:0001063	tumor cell	1	0	none	neoplastic cell		0
celltype	CL:0001063	tumor cell cluster 0	0	0	none	neoplastic cell		0
celltype	CL:0001063	tumor cell cluster 1	0	0	none	neoplastic cell		0
celltype	CL:0001063	tumor cell cluster 3	0	0	none	neoplastic cell		0
celltype	CL:0001063	tumor cell cluster Tr2	0	0	none	neoplastic cell		0
celltype	CL:0001063	tumor cell cluster Tr3	0	0	none	neoplastic cell		0
celltype	CL:0001063	tumor cell cluster Tr4/1	0	0	none	neoplastic cell		0
celltype	CL:0001063	tumor cell cluster Tr5	0	0	none	neoplastic cell		0
celltype	CL:0001063	tumor cell cluster Tr8	0	0	none	neoplastic cell		0
celltype	CL:0001063	tumor cell subcluster C0	0	0	none	neoplastic cell		0
celltype	CL:0001063	tumor cell subcluster C1	0	0	none	neoplastic cell		0
celltype	CL:0001063	tumor cell subcluster C2	0	0	none	neoplastic cell		0
celltype	CL:0001063	tumor cell subcluster C5	0	0	none	neoplastic cell		0
celltype	CL:0001065	CD127-positive innate lymphoid cell	0	0	none	innate lymphoid cell		0
celltype	CL:0001065	CD62L-positive type 3 innate lymphoid cell subpopulation	0	0	none	innate lymphoid cell		0
celltype	CL:0001065	HLA-DR-positive type 3 innate lymphoid cell subpopulation	0	0	none	innate lymphoid cell		0
celltype	CL:0001065	NKp44-positive type 3 innate lymphoid cell subpopulation	0	0	none	innate lymphoid cell		0
celltype	CL:0001065	adult type 3 innate lymphoid cell	0	0	none	innate lymphoid cell		0
celltype	CL:0001065	circulating innate lymphoid cell	0	0	none	innate lymphoid cell		0
celltype	CL:0001065	fetal type 3 innate lymphoid cell	0	0	none	innate lymphoid cell		0
celltype	CL:0001065	innate lymphoid cell	1	1	canonical	innate lymphoid cell		0
celltype	CL:0001065	innate lymphoid cell 1	0	0	none	innate lymphoid cell		0
celltype	CL:0001065	innate lymphoid cell 2	0	0	none	innate lymphoid cell		0
celltype	CL:0001065	innate lymphoid cell class 3	0	0	none	innate lymphoid cell		0
celltype	CL:0001065	innate lymphoid cell precursor	0	0	none	innate lymphoid cell		0
celltype	CL:0001065	innate lymphoid cell progenitor	0	0	none	innate lymphoid cell		0
celltype	CL:0001065	innate lymphoid cell type 1	0	0	none	innate lymphoid cell		0
celltype	CL:0001065	innate lymphoid cell type 1 cluster 9	0	0	none	innate lymphoid cell		0
celltype	CL:0001065	innate lymphoid cell type 1a	0	0	none	innate lymphoid cell		0
celltype	CL:0001065	innate lymphoid cell type 1b	0	0	none	innate lymphoid cell		0
celltype	CL:0001065	innate lymphoid cell type 3	0	0	none	innate lymphoid cell		0
celltype	CL:0001065	innate lymphoid cell type 3 cluster 5	0	0	none	innate lymphoid cell		0
celltype	CL:0001065	innate lymphoid cell type 3a	0	0	none	innate lymphoid cell		0
celltype	CL:0001065	innate lymphoid cell type 3b	0	0	none	innate lymphoid cell		0
celltype	CL:0001065	intermediate innate lymphoid cell cluster 4	0	0	none	innate lymphoid cell		0
celltype	CL:0001065	intraepithelial innate lymphoid cell type 1	0	0	none	innate lymphoid cell		0
celltype	CL:0001065	lymphoid tissue inducer-like NCR-negative type 3 innate lymphoid cell	0	0	none	innate lymphoid cell		0
celltype	CL:0001065	lymphoid tissue inducer-like NCR-positive type 3 innate lymphoid cell	0	0	none	innate lymphoid cell		0
celltype	CL:0001065	natural killer cell/innate lymphoid cell precursor	0	0	none	innate lymphoid cell		0
celltype	CL:0001065	proliferating innate lymphoid cell cluster 7	0	0	none	innate lymphoid cell		0
celltype	CL:0001065	transitional innate lymphoid cell cluster 4	0	0	none	innate lymphoid cell		0
celltype	CL:0001065	type 1 innate lymphoid cell	0	0	none	innate lymphoid cell		0
celltype	CL:0001065	type 2 innate lymphoid cell	0	0	none	innate lymphoid cell		0
celltype	CL:0001065	type 3 innate lymphoid cell	0	0	none	innate lymphoid cell		0
celltype	CL:0001067	Group 1 innate lymphoid cell	1	1	canonical	group 1 innate lymphoid cell		0
celltype	CL:0001067	Group 1 innate lymphoid cell subpopulation	0	0	none	group 1 innate lymphoid cell		0
celltype	CL:0001067	group 1 innate lymphoid cell	1	1	canonical	group 1 innate lymphoid cell		0
celltype	CL:0001068	ILC1 subset	0	0	none	ILC1		0
celltype	CL:0001069	Group 2 innate lymphoid cell	1	1	canonical	group 2 innate lymphoid cell	ILC2 | natural helper cell | nuocyte	0
celltype	CL:0001069	Pre-ILC2	0	0	none	group 2 innate lymphoid cell	ILC2 | natural helper cell | nuocyte	0
celltype	CL:0001069	group 2 innate lymphoid cell	1	1	canonical	group 2 innate lymphoid cell	ILC2 | natural helper cell | nuocyte	0
celltype	CL:0001071	Group 3 innate lymphoid cell	1	1	canonical	group 3 innate lymphoid cell	ILC3	0
celltype	CL:0001071	group 1/group 3 innate lymphoid cell subset	0	0	none	group 3 innate lymphoid cell	ILC3	0
celltype	CL:0001071	group 3 innate lymphoid cell	1	1	canonical	group 3 innate lymphoid cell	ILC3	0
celltype	CL:0002010	CD141+ lineage-primed pre-conventional dendritic cell	0	0	none	pre-conventional dendritic cell		0
celltype	CL:0002010	CD172a+ pre-conventional dendritic cell	0	0	none	pre-conventional dendritic cell		0
celltype	CL:0002010	CD172a− pre-conventional dendritic cell	0	0	none	pre-conventional dendritic cell		0
celltype	CL:0002010	CD1c+ lineage-primed pre-conventional dendritic cell	0	0	none	pre-conventional dendritic cell		0
celltype	CL:0002034	long-term hematopoietic stem cell	1	0	none	long term hematopoietic stem cell	LT stem cell | LT-HSC	0
celltype	CL:0002038	CD4 T follicular helper cell	0	0	none	T follicular helper cell	T(FH) | Tfh	0
celltype	CL:0002038	CD4-positive T follicular helper cell	0	0	none	T follicular helper cell	T(FH) | Tfh	0
celltype	CL:0002038	T follicular helper cell	1	1	canonical	T follicular helper cell	T(FH) | Tfh	0
celltype	CL:0002038	T follicular helper cell cluster 5-8 1	0	0	none	T follicular helper cell	T(FH) | Tfh	0
celltype	CL:0002038	T follicular helper cell cluster 5-8 4	0	0	none	T follicular helper cell	T(FH) | Tfh	0
celltype	CL:0002038	central memory pre-T follicular helper cell	0	0	none	T follicular helper cell	T(FH) | Tfh	0
celltype	CL:0002038	circulating T follicular helper cell	0	0	none	T follicular helper cell	T(FH) | Tfh	0
celltype	CL:0002038	follicular helper T cell	1	0	none	T follicular helper cell	T(FH) | Tfh	0
celltype	CL:0002038	germinal center T follicular helper cell	0	0	none	T follicular helper cell	T(FH) | Tfh	0
celltype	CL:0002038	lamina propria T follicular helper cell	0	0	none	T follicular helper cell	T(FH) | Tfh	0
celltype	CL:0002038	regulatory T follicular helper cell	0	0	none	T follicular helper cell	T(FH) | Tfh	0
celltype	CL:0002062	alveolar type I pneumocyte	0	0	none	pulmonary alveolar type 1 cell	lung type 1 cells | membranous pneumocytes | pulmonary alveolar type I cell | small alveolar cells | squamous alveolar cell | squamous alveolar lining cell | type 1 alveolar epithelial cells | type 1 pneumocyte | type I alveolar cells | type I alveolar epithelial cells | type I pneumocyte	0
celltype	CL:0002063	ACE2-positive TMPRSS2-positive type II pneumocyte	0	0	none	pulmonary alveolar type 2 cell	cuboidal type II cell | granular pneumocyte | great alveolar cell | lung type 2 cell | type 2 alveolar epithelial cell | type 2 alveolocyte | type 2 pneumocyte | type II alveolar cell | type II alveolar epithelial cell | type II alveolocyte | type II pneumocyte	0
celltype	CL:0002063	ZIP8-negative type 2 alveolar epithelial cell	0	0	none	pulmonary alveolar type 2 cell	cuboidal type II cell | granular pneumocyte | great alveolar cell | lung type 2 cell | type 2 alveolar epithelial cell | type 2 alveolocyte | type 2 pneumocyte | type II alveolar cell | type II alveolar epithelial cell | type II alveolocyte | type II pneumocyte	0
celltype	CL:0002063	alveolar type II pneumocyte	0	0	none	pulmonary alveolar type 2 cell	cuboidal type II cell | granular pneumocyte | great alveolar cell | lung type 2 cell | type 2 alveolar epithelial cell | type 2 alveolocyte | type 2 pneumocyte | type II alveolar cell | type II alveolar epithelial cell | type II alveolocyte | type II pneumocyte	0
celltype	CL:0002063	idiopathic pulmonary fibrosis type 2 alveolar epithelial cell	0	0	none	pulmonary alveolar type 2 cell	cuboidal type II cell | granular pneumocyte | great alveolar cell | lung type 2 cell | type 2 alveolar epithelial cell | type 2 alveolocyte | type 2 pneumocyte | type II alveolar cell | type II alveolar epithelial cell | type II alveolocyte | type II pneumocyte	0
celltype	CL:0002063	senescent type II pneumocyte	0	0	none	pulmonary alveolar type 2 cell	cuboidal type II cell | granular pneumocyte | great alveolar cell | lung type 2 cell | type 2 alveolar epithelial cell | type 2 alveolocyte | type 2 pneumocyte | type II alveolar cell | type II alveolar epithelial cell | type II alveolocyte | type II pneumocyte	0
celltype	CL:0002063	type 2 alveolar epithelial cell	1	1	exact_synonym	pulmonary alveolar type 2 cell	cuboidal type II cell | granular pneumocyte | great alveolar cell | lung type 2 cell | type 2 alveolar epithelial cell | type 2 alveolocyte | type 2 pneumocyte | type II alveolar cell | type II alveolar epithelial cell | type II alveolocyte | type II pneumocyte	0
celltype	CL:0002063	type II pneumocyte	1	1	exact_synonym	pulmonary alveolar type 2 cell	cuboidal type II cell | granular pneumocyte | great alveolar cell | lung type 2 cell | type 2 alveolar epithelial cell | type 2 alveolocyte | type 2 pneumocyte | type II alveolar cell | type II alveolar epithelial cell | type II alveolocyte | type II pneumocyte	0
celltype	CL:0002073	transitional myocyte	1	1	canonical	transitional myocyte		0
celltype	CL:0002079	ASCL3-positive ductal cell	0	0	none	pancreatic ductal cell		0
celltype	CL:0002079	Type 1 Diabetes ductal cell	0	0	none	pancreatic ductal cell		0
celltype	CL:0002079	basal ductal cell	0	0	none	pancreatic ductal cell		0
celltype	CL:0002079	ductal cell	1	0	none	pancreatic ductal cell		0
celltype	CL:0002079	pancreatic ductal cell	1	1	canonical	pancreatic ductal cell		0
celltype	CL:0002088	interstitial cell of Cajal	1	1	canonical	interstitial cell of Cajal	ICC | intestinal pacemaker cell	0
celltype	CL:0002088	interstitial cells of Cajal	1	0	none	interstitial cell of Cajal	ICC | intestinal pacemaker cell	0
celltype	CL:0002144	aerocyte capillary endothelial cell	0	0	none	capillary endothelial cell		0
celltype	CL:0002144	arterial capillary endothelial cell	0	0	none	capillary endothelial cell		0
celltype	CL:0002144	capillary endothelial cell	1	1	canonical	capillary endothelial cell		0
celltype	CL:0002144	general capillary endothelial cell	0	0	none	capillary endothelial cell		0
celltype	CL:0002144	venous and capillary endothelial cell	0	0	none	capillary endothelial cell		0
celltype	CL:0002144	venous capillary endothelial cell	0	0	none	capillary endothelial cell		0
celltype	CL:0002166	epithelial cell rests of Malassez	1	1	exact_synonym	epithelial cell of Malassez	epithelial cell rests of Malassez | epithelial debris of Malassez	0
celltype	CL:0002166	epithelial cell rests of Malassez stem cell	0	0	none	epithelial cell of Malassez	epithelial cell rests of Malassez | epithelial debris of Malassez	0
celltype	CL:0002187	epidermal basal cell	1	1	exact_synonym	basal cell of epidermis	epidermal basal cell | epidermal basal keratinocyte	0
celltype	CL:0002188	glomerular endothelial cell	1	1	canonical	glomerular endothelial cell		0
celltype	CL:0002189	differentiated granular keratinocyte	0	0	none	granular cell of epidermis	granular keratinocyte	0
celltype	CL:0002189	granular keratinocyte	1	1	exact_synonym	granular cell of epidermis	granular keratinocyte	0
celltype	CL:0002195	hepatic stem cell	1	1	canonical	hepatic stem cell		0
celltype	CL:0002196	biliary and liver progenitor cell	0	0	none	hepatic oval stem cell	hepatic oval cell | hepatic progenitor cell | liver progenitor cell	0
celltype	CL:0002196	hepatic progenitor cell	1	1	exact_synonym	hepatic oval stem cell	hepatic oval cell | hepatic progenitor cell | liver progenitor cell	0
celltype	CL:0002196	liver progenitor cell	1	1	exact_synonym	hepatic oval stem cell	hepatic oval cell | hepatic progenitor cell | liver progenitor cell	0
celltype	CL:0002201	intercalated cell type B	1	0	none	renal beta-intercalated cell	type B intercalated cell | type B-IC	0
celltype	CL:0002204	Tuft cell	1	1	canonical	tuft cell	brush cell | caveolated cell | fibrillovesicular cell | multivesicular cell | peculiar cell	0
celltype	CL:0002204	brush/tuft cell	0	0	none	tuft cell	brush cell | caveolated cell | fibrillovesicular cell | multivesicular cell | peculiar cell	0
celltype	CL:0002204	colonic tuft cell	0	0	none	tuft cell	brush cell | caveolated cell | fibrillovesicular cell | multivesicular cell | peculiar cell	0
celltype	CL:0002204	small intestine tuft cell	0	0	none	tuft cell	brush cell | caveolated cell | fibrillovesicular cell | multivesicular cell | peculiar cell	0
celltype	CL:0002204	tuft cell	1	1	canonical	tuft cell	brush cell | caveolated cell | fibrillovesicular cell | multivesicular cell | peculiar cell	0
celltype	CL:0002211	Type I muscle fiber	1	1	exact_synonym	type I muscle cell	slow twitch fiber | slow twitch muscle cell | slow twitch muscle fiber | slow-twitch muscle fiber | type 1 muscle cell | type 1 muscle fiber | type I muscle fiber	0
celltype	CL:0002214	Type IIa muscle fiber	1	1	exact_synonym	type IIa muscle cell	fast twitch A | fatigue resistant fast twitch muscle cell | type 2a muscle cell | type 2a muscle fiber | type IIa muscle fiber	0
celltype	CL:0002248	human induced pluripotent stem cell	0	0	none	pluripotent stem cell		0
celltype	CL:0002248	human induced pluripotent stem cell-derived stellate cell-like neuron	0	0	none	pluripotent stem cell		0
celltype	CL:0002248	human pluripotent stem cell	0	0	none	pluripotent stem cell		0
celltype	CL:0002248	human pluripotent stem cell-derived endothelial cell	0	0	none	pluripotent stem cell		0
celltype	CL:0002248	induced pluripotent stem cell	1	0	none	pluripotent stem cell		0
celltype	CL:0002248	induced pluripotent stem cell cluster 2	0	0	none	pluripotent stem cell		0
celltype	CL:0002248	naïve human pluripotent stem cell	0	0	none	pluripotent stem cell		0
celltype	CL:0002248	pluripotent stem cell	1	1	canonical	pluripotent stem cell		0
celltype	CL:0002250	LGR5-positive intestinal stem cell	0	0	none	intestinal crypt stem cell	stem cell of intestinal crypt of Lieberkuhn	0
celltype	CL:0002250	adult intestinal stem cell	0	0	none	intestinal crypt stem cell	stem cell of intestinal crypt of Lieberkuhn	0
celltype	CL:0002250	colon intestinal stem cell	0	0	none	intestinal crypt stem cell	stem cell of intestinal crypt of Lieberkuhn	0
celltype	CL:0002250	fetal intestinal stem cell	0	0	none	intestinal crypt stem cell	stem cell of intestinal crypt of Lieberkuhn	0
celltype	CL:0002250	intestinal stem cell	1	0	none	intestinal crypt stem cell	stem cell of intestinal crypt of Lieberkuhn	0
celltype	CL:0002255	endometrial stromal cell	1	1	exact_synonym	stromal cell of endometrium	endometrial stromal cell | endometrial stromal fibroblast	0
celltype	CL:0002255	endometrial stromal cell expressing matrix metalloproteinases	0	0	none	stromal cell of endometrium	endometrial stromal cell | endometrial stromal fibroblast	0
celltype	CL:0002259	neuroepithelial stem cell	1	1	canonical	neuroepithelial stem cell		0
celltype	CL:0002284	X/A-like cell	0	0	none	type X enteroendocrine cell	A-like | X/A-like	0
celltype	CL:0002293	EPCAM-positive population	0	0	none	epithelial cell of thymus	epithelial cell of thymus gland | epithelial reticular cell | epithelial reticular cell of thymus | thymic epithelial cell	0
celltype	CL:0002293	EpCAM-positive adult biliary epithelial cell	0	0	none	epithelial cell of thymus	epithelial cell of thymus gland | epithelial reticular cell | epithelial reticular cell of thymus | thymic epithelial cell	0
celltype	CL:0002293	central EPCAM-positive progenitor population	0	0	none	epithelial cell of thymus	epithelial cell of thymus gland | epithelial reticular cell | epithelial reticular cell of thymus | thymic epithelial cell	0
celltype	CL:0002293	common thymic epithelial cell	0	0	none	epithelial cell of thymus	epithelial cell of thymus gland | epithelial reticular cell | epithelial reticular cell of thymus | thymic epithelial cell	0
celltype	CL:0002293	myoid thymic epithelial cell	0	0	none	epithelial cell of thymus	epithelial cell of thymus gland | epithelial reticular cell | epithelial reticular cell of thymus | thymic epithelial cell	0
celltype	CL:0002293	neuroendocrine-like thymic epithelial cell	0	0	none	epithelial cell of thymus	epithelial cell of thymus gland | epithelial reticular cell | epithelial reticular cell of thymus | thymic epithelial cell	0
celltype	CL:0002293	thymic epithelial cell	1	1	exact_synonym	epithelial cell of thymus	epithelial cell of thymus gland | epithelial reticular cell | epithelial reticular cell of thymus | thymic epithelial cell	0
celltype	CL:0002303	pigmented ciliary epithelial cell	1	1	canonical	pigmented ciliary epithelial cell	PE cell	0
celltype	CL:0002304	nonpigmented ciliary epithelial cell	1	1	exact_synonym	non-pigmented ciliary epithelial cell	NPE cell | nonpigmented ciliary epithelial cell	0
celltype	CL:0002306	proximal tubule B cell	0	0	none	epithelial cell of proximal tubule	kidney proximal tubule epithelial cell	0
celltype	CL:0002306	proximal tubule C cell	0	0	none	epithelial cell of proximal tubule	kidney proximal tubule epithelial cell	0
celltype	CL:0002306	proximal tubule precursor cell	0	0	none	epithelial cell of proximal tubule	kidney proximal tubule epithelial cell	0
celltype	CL:0002311	lactotrope	1	1	exact_synonym	mammotroph	epsilon-acidophil | lactotrope | lactotroph | lactotropic cell | mammotrope | mammotrophic cell | mammotropic cell	0
celltype	CL:0002312	somatotrope	1	1	exact_synonym	somatotroph	somatotrope | somatotropic cell | somatrophic cell	0
celltype	CL:0002319	caudal neural cell	0	0	none	neural cell		0
celltype	CL:0002319	neural cell	1	1	canonical	neural cell		0
celltype	CL:0002319	rostral neural cell	0	0	none	neural cell		0
celltype	CL:0002321	female embryonic cell	0	0	none	embryonic cell (metazoa)		0
celltype	CL:0002321	male embryonic cell	0	0	none	embryonic cell (metazoa)		0
celltype	CL:0002322	RSeT human embryonic stem cell	0	0	none	embryonic stem cell	ESC	0
celltype	CL:0002322	human embryonic stem cell	1	0	none	embryonic stem cell	ESC	0
celltype	CL:0002322	naïve human embryonic stem cell	0	0	none	embryonic stem cell	ESC	0
celltype	CL:0002322	primed human embryonic stem cell	0	0	none	embryonic stem cell	ESC	0
celltype	CL:0002327	basal mammary epithelial cell	0	0	none	mammary gland epithelial cell	breast epithelial cell | mammary epithelial cell	0
celltype	CL:0002327	luminal mammary epithelial cell	0	0	none	mammary gland epithelial cell	breast epithelial cell | mammary epithelial cell	0
celltype	CL:0002327	mammary epithelial cell	1	1	exact_synonym	mammary gland epithelial cell	breast epithelial cell | mammary epithelial cell	0
celltype	CL:0002327	progenitor luminal mammary epithelial cell	0	0	none	mammary gland epithelial cell	breast epithelial cell | mammary epithelial cell	0
celltype	CL:0002334	committed preadipocyte	0	0	none	preadipocyte		0
celltype	CL:0002334	committed preadipocyte subtype sfC0	0	0	none	preadipocyte		0
celltype	CL:0002343	cluster 1 decidual natural killer cell	0	0	none	decidual natural killer cell, human	dNK cell | decidual NK cell	0
celltype	CL:0002343	cluster 2 decidual natural killer cell	0	0	none	decidual natural killer cell, human	dNK cell | decidual NK cell	0
celltype	CL:0002343	cluster 3 decidual natural killer cell	0	0	none	decidual natural killer cell, human	dNK cell | decidual NK cell	0
celltype	CL:0002343	cluster 4 decidual natural killer cell	0	0	none	decidual natural killer cell, human	dNK cell | decidual NK cell	0
celltype	CL:0002343	decidual natural killer cell	1	0	none	decidual natural killer cell, human	dNK cell | decidual NK cell	0
celltype	CL:0002343	decidual natural killer cell 1	0	0	none	decidual natural killer cell, human	dNK cell | decidual NK cell	0
celltype	CL:0002343	decidual natural killer cell 2	0	0	none	decidual natural killer cell, human	dNK cell | decidual NK cell	0
celltype	CL:0002343	decidual natural killer cell 3	0	0	none	decidual natural killer cell, human	dNK cell | decidual NK cell	0
celltype	CL:0002343	decidual natural killer cell 4	0	0	none	decidual natural killer cell, human	dNK cell | decidual NK cell	0
celltype	CL:0002350	dilated cardiomyopathy endocardial cell Edc2	0	0	none	endocardial cell	endocardial endothelial cell | endothelial cell of endocardium	0
celltype	CL:0002350	donor endocardial cell Edc1	0	0	none	endocardial cell	endocardial endothelial cell | endothelial cell of endocardium	0
celltype	CL:0002350	endocardial cell	1	1	canonical	endocardial cell	endocardial endothelial cell | endothelial cell of endocardium	0
celltype	CL:0002350	endocardial endothelial cell	1	1	exact_synonym	endocardial cell	endocardial endothelial cell | endothelial cell of endocardium	0
celltype	CL:0002350	human endocardial cell	0	0	none	endocardial cell	endocardial endothelial cell | endothelial cell of endocardium	0
celltype	CL:0002351	pancreatic progenitor cell	1	0	none	progenitor cell of endocrine pancreas	pancreatic endocrine progenitor | pancreatic islet progenitor cell	0
celltype	CL:0002363	corneal stromal keratocyte	0	0	none	keratocyte	corneal fibroblast | corneal keratocyte	0
celltype	CL:0002363	keratocyte	1	1	canonical	keratocyte	corneal fibroblast | corneal keratocyte	0
celltype	CL:0002363	limbal stromal keratocyte	0	0	none	keratocyte	corneal fibroblast | corneal keratocyte	0
celltype	CL:0002364	cortical thymic epithelial cell	1	1	canonical	cortical thymic epithelial cell	cTEC	0
celltype	CL:0002364	intermediate medullary-cortical thymic epithelial cell	0	0	none	cortical thymic epithelial cell	cTEC	0
celltype	CL:0002365	mature medullary thymic epithelial cell	0	0	none	medullary thymic epithelial cell	mTEC	0
celltype	CL:0002365	medullary thymic epithelial cell	1	1	canonical	medullary thymic epithelial cell	mTEC	0
celltype	CL:0002365	medullary thymic epithelial cell type I	0	0	none	medullary thymic epithelial cell	mTEC	0
celltype	CL:0002365	medullary thymic epithelial cell type II	0	0	none	medullary thymic epithelial cell	mTEC	0
celltype	CL:0002365	medullary thymic epithelial cell type III	0	0	none	medullary thymic epithelial cell	mTEC	0
celltype	CL:0002368	airway epithelial cell	1	1	exact_synonym	respiratory tract epithelial cell	airway epithelial cell | respiratory epithelial cell	0
celltype	CL:0002368	ciliated airway epithelial cell	0	0	none	respiratory tract epithelial cell	airway epithelial cell | respiratory epithelial cell	0
celltype	CL:0002368	distal airway epithelial cell	0	0	none	respiratory tract epithelial cell	airway epithelial cell | respiratory epithelial cell	0
celltype	CL:0002368	proximal airway epithelial cell	0	0	none	respiratory tract epithelial cell	airway epithelial cell | respiratory epithelial cell	0
celltype	CL:0002368	respiratory epithelial cell	1	1	exact_synonym	respiratory tract epithelial cell	airway epithelial cell | respiratory epithelial cell	0
celltype	CL:0002375	Schwann cell precursor	1	1	canonical	Schwann cell precursor	Schwann cell precursor cell	0
celltype	CL:0002375	cycling Schwann cell precursor	0	0	none	Schwann cell precursor	Schwann cell precursor cell	0
celltype	CL:0002376	non-myelinating Schwann cell	1	1	canonical	non-myelinating Schwann cell		0
celltype	CL:0002393	intermediate monocyte	1	1	canonical	intermediate monocyte		0
celltype	CL:0002397	CD14+ CD16+ monocyte	0	0	none	CD14-positive, CD16-positive monocyte	CD16+ monocyte	0
celltype	CL:0002399	CD1C-positive myeloid dendritic cell	1	1	canonical	CD1c-positive myeloid dendritic cell		0
celltype	CL:0002410	activated pancreatic stellate cell	0	0	none	pancreatic stellate cell	PaSC | pancreas stellate cell	0
celltype	CL:0002410	human pancreatic stellate cell	0	0	none	pancreatic stellate cell	PaSC | pancreas stellate cell	0
celltype	CL:0002410	pancreatic stellate cell	1	1	canonical	pancreatic stellate cell	PaSC | pancreas stellate cell	0
celltype	CL:0002453	cerebellar oligodendrocyte precursor cell	0	0	none	oligodendrocyte precursor cell		0
celltype	CL:0002453	forebrain-derived oligodendrocyte precursor cell	0	0	none	oligodendrocyte precursor cell		0
celltype	CL:0002453	oligodendrocyte precursor	1	0	none	oligodendrocyte precursor cell		0
celltype	CL:0002453	oligodendrocyte precursor cell	1	1	canonical	oligodendrocyte precursor cell		0
celltype	CL:0002453	oligodendrocyte precursor cell OPC_A	0	0	none	oligodendrocyte precursor cell		0
celltype	CL:0002453	oligodendrocyte precursor cell OPC_B	0	0	none	oligodendrocyte precursor cell		0
celltype	CL:0002453	oligodendrocyte precursor cell subpopulation 1	0	0	none	oligodendrocyte precursor cell		0
celltype	CL:0002453	oligodendrocyte precursor cell subpopulation 2	0	0	none	oligodendrocyte precursor cell		0
celltype	CL:0002453	pre-oligodendrocyte precursor cell	0	0	none	oligodendrocyte precursor cell		0
celltype	CL:0002470	antigen-presenting MHC class II cell	0	0	none	MHC-II-positive classical monocyte	Mo.6c+II	0
celltype	CL:0002481	peritubular myoid cell	1	1	canonical	peritubular myoid cell		0
celltype	CL:0002489	double negative T cell	1	1	exact_synonym	double negative thymocyte	CD4-CD8- T cell | double negative T cell	0
celltype	CL:0002496	CD8 intraepithelial lymphocyte	0	0	none	intraepithelial lymphocyte	IEL | intraepithelial T cell | intraepithelial T-cell	0
celltype	CL:0002496	intraepithelial lymphocyte	1	1	canonical	intraepithelial lymphocyte	IEL | intraepithelial T cell | intraepithelial T-cell	0
celltype	CL:0002504	intestinal smooth muscle cell	1	1	exact_synonym	enteric smooth muscle cell	intestinal smooth muscle cell	0
celltype	CL:0002518	distal kidney epithelial cell	0	0	none	kidney epithelial cell		0
celltype	CL:0002518	proximal kidney epithelial cell	0	0	none	kidney epithelial cell		0
celltype	CL:0002538	intrahepatic cholangiocyte organoid	0	0	none	intrahepatic cholangiocyte	small bile duct cholangiocyte	0
celltype	CL:0002543	capillary-venous endothelial cell	0	0	none	vein endothelial cell	endothelial cell of vein | venous endothelial cell	0
celltype	CL:0002543	collector channel and venous endothelial cell	0	0	none	vein endothelial cell	endothelial cell of vein | venous endothelial cell	0
celltype	CL:0002543	human great saphenous vein endothelial cell	0	0	none	vein endothelial cell	endothelial cell of vein | venous endothelial cell	0
celltype	CL:0002543	pulmonary venous endothelial cell	0	0	none	vein endothelial cell	endothelial cell of vein | venous endothelial cell	0
celltype	CL:0002543	systemic venous endothelial cell	0	0	none	vein endothelial cell	endothelial cell of vein | venous endothelial cell	0
celltype	CL:0002543	vein endothelial cell	1	1	canonical	vein endothelial cell	endothelial cell of vein | venous endothelial cell	0
celltype	CL:0002543	venous endothelial cell	1	1	exact_synonym	vein endothelial cell	endothelial cell of vein | venous endothelial cell	0
celltype	CL:0002548	activated cardiac fibroblast	0	0	none	fibroblast of cardiac tissue	cardiac fibroblast	0
celltype	CL:0002548	cardiac fibroblast	1	1	exact_synonym	fibroblast of cardiac tissue	cardiac fibroblast	0
celltype	CL:0002548	cardiac fibroblast cluster 4	0	0	none	fibroblast of cardiac tissue	cardiac fibroblast	0
celltype	CL:0002551	dermal fibroblast	1	0	none	fibroblast of dermis		0
celltype	CL:0002551	dermal fibroblast subpopulation group 4	0	0	none	fibroblast of dermis		0
celltype	CL:0002551	dermal fibroblast subpopulation group 5	0	0	none	fibroblast of dermis		0
celltype	CL:0002551	lower dermal fibroblast	0	0	none	fibroblast of dermis		0
celltype	CL:0002551	papillary dermal fibroblast	0	0	none	fibroblast of dermis		0
celltype	CL:0002551	reticular dermal fibroblast	0	0	none	fibroblast of dermis		0
celltype	CL:0002551	secretory reticular dermal fibroblast	0	0	none	fibroblast of dermis		0
celltype	CL:0002559	catagen hair follicle cell	0	0	none	hair follicle cell		0
celltype	CL:0002560	inner root sheath cell	1	1	canonical	inner root sheath cell		0
celltype	CL:0002561	basal outer root sheath cell	0	0	none	outer root sheath cell		0
celltype	CL:0002561	outer root sheath cell	1	1	canonical	outer root sheath cell		0
celltype	CL:0002563	intestinal epithelial cell	1	1	canonical	intestinal epithelial cell		0
celltype	CL:0002586	retinal pigment epithelial cell	1	1	canonical	retinal pigment epithelial cell	RPE	0
celltype	CL:0002601	uterine smooth muscle cell	1	1	canonical	uterine smooth muscle cell		0
celltype	CL:0002618	human umbilical vein endothelial cell	1	0	none	endothelial cell of umbilical vein		0
celltype	CL:0002626	immature astrocyte	1	1	canonical	immature astrocyte	immature astrocytic glia	0
celltype	CL:0002628	quiescent microglia	1	1	exact_synonym	immature microglial cell	immature microglia | quiescent microglia | resting microglia	0
celltype	CL:0002628	resting microglia	1	1	exact_synonym	immature microglial cell	immature microglia | quiescent microglia | resting microglia	0
celltype	CL:0002629	activated microglia	1	1	exact_synonym	mature microglial cell	activated microglia | mature microglia | reactive microglia	0
celltype	CL:0002629	reactive microglia	1	1	exact_synonym	mature microglial cell	activated microglia | mature microglia | reactive microglia	0
celltype	CL:0002629	resting and non-inflammatory activated microglia	0	0	none	mature microglial cell	activated microglia | mature microglia | reactive microglia	0
celltype	CL:0002633	airway basal cell	1	1	exact_synonym	respiratory basal cell	airway basal cell | airway basal stem cell	0
celltype	CL:0002633	airway basal stem cell	1	1	exact_synonym	respiratory basal cell	airway basal cell | airway basal stem cell	0
celltype	CL:0002672	macular primary retinal progenitor cell	0	0	none	retinal progenitor cell		0
celltype	CL:0002672	neurogenic retinal progenitor cell	0	0	none	retinal progenitor cell		0
celltype	CL:0002672	peripheral primary retinal progenitor cell	0	0	none	retinal progenitor cell		0
celltype	CL:0002672	primary retinal progenitor cell	0	0	none	retinal progenitor cell		0
celltype	CL:0002672	retinal progenitor cell	1	1	canonical	retinal progenitor cell		0
celltype	CL:0002672	retinal progenitor cell 1	0	0	none	retinal progenitor cell		0
celltype	CL:0002672	retinal progenitor cell 2	0	0	none	retinal progenitor cell		0
celltype	CL:0002672	retinal progenitor cell 5	0	0	none	retinal progenitor cell		0
celltype	CL:0002677	naive regulatory T cell subcluster Treg.1	0	0	none	naive regulatory T cell	naive regulatory T lymphocyte | naive regulatory T-cell | naive regulatory T-lymphocyte	0
celltype	CL:0002678	central memory regulatory T cell	0	0	none	memory regulatory T cell		0
celltype	CL:0003048	L-cone	1	1	exact_synonym	L cone cell	L cone | L-cone | long wavelength sensitive cone | long- (L) wavelength-sensitive cone | long-wavelength cone	0
celltype	CL:0003049	L/M cone photoreceptor cell	0	0	none	M cone cell	M cone | M-cone | middle wavelength sensitive cone | middle- (M) wavelength-sensitive cone | middle-wavelength-sensitive (M) cone	0
celltype	CL:0003049	L/M-cone	0	0	none	M cone cell	M cone | M-cone | middle wavelength sensitive cone | middle- (M) wavelength-sensitive cone | middle-wavelength-sensitive (M) cone	0
celltype	CL:0003049	M-cone	1	1	exact_synonym	M cone cell	M cone | M-cone | middle wavelength sensitive cone | middle- (M) wavelength-sensitive cone | middle-wavelength-sensitive (M) cone	0
celltype	CL:0003050	S cone photoreceptor cell	0	0	none	S cone cell	S cone | S-(short-wavelength sensitive) cone | S-cone | S-cone photoreceptor | short wavelength sensitive cone | short- (S) wavelength-sensitive cone | short-wavelength sensitive cone | short-wavelength-sensitive (S) cone	0
celltype	CL:0003050	S-cone	1	1	exact_synonym	S cone cell	S cone | S-(short-wavelength sensitive) cone | S-cone | S-cone photoreceptor | short wavelength sensitive cone | short- (S) wavelength-sensitive cone | short-wavelength sensitive cone | short-wavelength-sensitive (S) cone	0
celltype	CL:0004232	OFF-Starburst amacrine cell	0	0	none	starburst amacrine cell		0
celltype	CL:0004232	ON-Starburst amacrine cell	0	0	none	starburst amacrine cell		0
celltype	CL:0004232	Starburst amacrine cell	1	1	canonical	starburst amacrine cell		0
celltype	CL:0004232	cholinergic starburst amacrine cell	0	0	none	starburst amacrine cell		0
celltype	CL:0004232	starburst amacrine cell	1	1	canonical	starburst amacrine cell		0
celltype	CL:0005006	goblet-ionocyte cell	0	0	none	ionocyte		0
celltype	CL:0005006	ionocyte	1	1	canonical	ionocyte		0
celltype	CL:0005009	collecting duct principal cell	0	0	none	renal principal cell		0
celltype	CL:0005009	intercalated-principal cell	0	0	none	renal principal cell		0
celltype	CL:0005009	principal cell	1	0	none	renal principal cell		0
celltype	CL:0005010	collecting duct intercalated cell	0	0	none	renal intercalated cell	intercalated cell	0
celltype	CL:0005011	intercalated cell type A	1	0	none	renal alpha-intercalated cell	type A intercalated cell | type A-IC	0
celltype	CL:0005019	epsilon cell	1	0	none	pancreatic epsilon cell	pancreatic E cell	0
celltype	CL:0005019	pancreatic epsilon cell	1	1	canonical	pancreatic epsilon cell	pancreatic E cell	0
celltype	CL:0005022	vascular accessory cell	0	0	none	vascular lymphangioblast		0
celltype	CL:0005026	foetal hepatoblast	0	0	none	hepatoblast		0
celltype	CL:0005026	functional hepatoblast	0	0	none	hepatoblast		0
celltype	CL:0007011	enteric neuron	1	1	canonical	enteric neuron		0
celltype	CL:0007011	enteric neuron branch A	0	0	none	enteric neuron		0
celltype	CL:0007011	enteric neuron branch A2	0	0	none	enteric neuron		0
celltype	CL:0007011	enteric neuron branch A4	0	0	none	enteric neuron		0
celltype	CL:0007011	enteric neuron branch B	0	0	none	enteric neuron		0
celltype	CL:0007011	enteric neuron branch B1	0	0	none	enteric neuron		0
celltype	CL:0007011	enteric neuron branch B2	0	0	none	enteric neuron		0
celltype	CL:0007011	enteric neuron branch B3	0	0	none	enteric neuron		0
celltype	CL:0008002	fast skeletal muscle fiber senescent subcluster	0	0	none	skeletal muscle fiber		0
celltype	CL:0008015	inhibitory motor neuron	1	1	canonical	inhibitory motor neuron		0
celltype	CL:0008015	putative inhibitory motor neuron	0	0	none	inhibitory motor neuron		0
celltype	CL:0008019	CD34-positive mesenchymal cell	0	0	none	mesenchymal cell	mesenchyme cell	0
celltype	CL:0008019	F3-high subepithelial mesenchymal cell	0	0	none	mesenchymal cell	mesenchyme cell	0
celltype	CL:0008019	F3-high/PDGFRA-high mesenchymal cell	0	0	none	mesenchymal cell	mesenchyme cell	0
celltype	CL:0008019	F3-positive subepithelial mesenchymal cell	0	0	none	mesenchymal cell	mesenchyme cell	0
celltype	CL:0008019	GDF10-positive mesenchymal cell	0	0	none	mesenchymal cell	mesenchyme cell	0
celltype	CL:0008019	Mes3 mesenchymal cell	0	0	none	mesenchymal cell	mesenchyme cell	0
celltype	CL:0008019	Mesenchymal-like cell	0	0	none	mesenchymal cell	mesenchyme cell	0
celltype	CL:0008019	PDGFRA-high mesenchymal cell	0	0	none	mesenchymal cell	mesenchyme cell	0
celltype	CL:0008019	PDGFRA-high/F3-high/DLL1-high mesenchymal cell	0	0	none	mesenchymal cell	mesenchyme cell	0
celltype	CL:0008019	PDGFRA-high/F3-positive/DLL1-high subepithelial mesenchymal cell	0	0	none	mesenchymal cell	mesenchyme cell	0
celltype	CL:0008019	SFRP2-positive mesenchymal cell	0	0	none	mesenchymal cell	mesenchyme cell	0
celltype	CL:0008019	activated mesenchymal population	0	0	none	mesenchymal cell	mesenchyme cell	0
celltype	CL:0008019	colonic crypt niche mesenchymal cell	0	0	none	mesenchymal cell	mesenchyme cell	0
celltype	CL:0008019	colonic crypt niche mesenchymal stromal 2 subset	0	0	none	mesenchymal cell	mesenchyme cell	0
celltype	CL:0008019	early kidney forming mesenchyme cell	0	0	none	mesenchymal cell	mesenchyme cell	0
celltype	CL:0008019	endothelial to mesenchymal transition cell	0	0	none	mesenchymal cell	mesenchyme cell	0
celltype	CL:0008019	endothelial-to-mesenchymal transition cell	0	0	none	mesenchymal cell	mesenchyme cell	0
celltype	CL:0008019	interstitial mesenchymal cell	0	0	none	mesenchymal cell	mesenchyme cell	0
celltype	CL:0008019	intestine mesenchymal cell	0	0	none	mesenchymal cell	mesenchyme cell	0
celltype	CL:0008019	kidney mesenchymal cell	0	0	none	mesenchymal cell	mesenchyme cell	0
celltype	CL:0008019	lung mesenchymal cell	0	0	none	mesenchymal cell	mesenchyme cell	0
celltype	CL:0008019	mesenchymal cell	1	1	canonical	mesenchymal cell	mesenchyme cell	0
celltype	CL:0008019	mesenchymal cell M1	0	0	none	mesenchymal cell	mesenchyme cell	0
celltype	CL:0008019	mesenchymal cell Mes4	0	0	none	mesenchymal cell	mesenchyme cell	0
celltype	CL:0008019	mesenchymal cell Mes6	0	0	none	mesenchymal cell	mesenchyme cell	0
celltype	CL:0008019	mesenchymal cell Mes7	0	0	none	mesenchymal cell	mesenchyme cell	0
celltype	CL:0008019	mesenchymal circulating tumor cell	0	0	none	mesenchymal cell	mesenchyme cell	0
celltype	CL:0008019	mesenchymal fibroblast	0	0	none	mesenchymal cell	mesenchyme cell	0
celltype	CL:0008019	mesenchymal fibroblast cell	0	0	none	mesenchymal cell	mesenchyme cell	0
celltype	CL:0008019	mesenchymal lymphoid tissue organizer cell	0	0	none	mesenchymal cell	mesenchyme cell	0
celltype	CL:0008019	mesenchymal progenitor	0	0	none	mesenchymal cell	mesenchyme cell	0
celltype	CL:0008019	mesenchymal stem-like cancer-associated fibroblast	0	0	none	mesenchymal cell	mesenchyme cell	0
celltype	CL:0008019	mesenchymal-like GD2-low disseminated tumor cell	0	0	none	mesenchymal cell	mesenchyme cell	0
celltype	CL:0008019	mesenchymal-like cell	0	0	none	mesenchymal cell	mesenchyme cell	0
celltype	CL:0008019	mesenchymal-like perivascular-like cell	0	0	none	mesenchymal cell	mesenchyme cell	0
celltype	CL:0008019	mesenchyme cell	1	1	exact_synonym	mesenchymal cell	mesenchyme cell	0
celltype	CL:0008019	metanephric mesenchyme cell	0	0	none	mesenchymal cell	mesenchyme cell	0
celltype	CL:0008019	proximal mesenchymal cell	0	0	none	mesenchymal cell	mesenchyme cell	0
celltype	CL:0008019	scar-associated mesenchymal cell	0	0	none	mesenchymal cell	mesenchyme cell	0
celltype	CL:0008019	scar-associated mesenchymal cell subpopulation B	0	0	none	mesenchymal cell	mesenchyme cell	0
celltype	CL:0008019	subepithelial mesenchymal cell	0	0	none	mesenchymal cell	mesenchyme cell	0
celltype	CL:0008025	noradrenergic neuron	1	1	canonical	noradrenergic neuron		0
celltype	CL:0008031	cortical interneuron	1	1	canonical	cortical interneuron	cerebral cortex interneuron	0
celltype	CL:0008031	immature cortical interneuron	0	0	none	cortical interneuron	cerebral cortex interneuron	0
celltype	CL:0008031	mature cortical interneuron	0	0	none	cortical interneuron	cerebral cortex interneuron	0
celltype	CL:0008033	decidual perivascular cell	1	1	exact_synonym	decidual pericyte	decidual perivascular cell	0
celltype	CL:0008034	mural cell	1	1	canonical	mural cell		0
celltype	CL:0008034	mural cell cluster C19	0	0	none	mural cell		0
celltype	CL:0008034	mural cell cluster C26	0	0	none	mural cell		0
celltype	CL:0008034	mural cell cluster C34	0	0	none	mural cell		0
celltype	CL:0008034	vascular mural cell	0	0	none	mural cell		0
celltype	CL:0008036	early invasive extravillous trophoblast	0	0	none	extravillous trophoblast	EVT | extravillous cytotrophloblast	0
celltype	CL:0008036	endovascular extravillous trophoblast	0	0	none	extravillous trophoblast	EVT | extravillous cytotrophloblast	0
celltype	CL:0008036	extravillous trophoblast	1	1	canonical	extravillous trophoblast	EVT | extravillous cytotrophloblast	0
celltype	CL:0008036	extravillous trophoblast 2	0	0	none	extravillous trophoblast	EVT | extravillous cytotrophloblast	0
celltype	CL:0008036	interstitial extravillous trophoblast	0	0	none	extravillous trophoblast	EVT | extravillous cytotrophloblast	0
celltype	CL:0008036	late invasive extravillous trophoblast	0	0	none	extravillous trophoblast	EVT | extravillous cytotrophloblast	0
celltype	CL:0009004	retinal cell	1	1	canonical	retinal cell		0
celltype	CL:0009010	cycling transit-amplifying cell	0	0	none	transit amplifying cell	transient amplifying cell | transit amplifying progenitor cell | transit-amplifying cell	0
celltype	CL:0009010	transit amplifying cell	1	1	canonical	transit amplifying cell	transient amplifying cell | transit amplifying progenitor cell | transit-amplifying cell	0
celltype	CL:0009010	transit-amplifying cell	1	1	exact_synonym	transit amplifying cell	transient amplifying cell | transit amplifying progenitor cell | transit-amplifying cell	0
celltype	CL:0009010	transit-amplifying cell 1	0	0	none	transit amplifying cell	transient amplifying cell | transit amplifying progenitor cell | transit-amplifying cell	0
celltype	CL:0009039	colon goblet cell	1	1	canonical	colon goblet cell	goblet cell of colon	0
celltype	CL:0009101	CXCL9+ CXCL10+ fibroblastic reticular cell	0	0	none	fibroblastic reticular cell		0
celltype	CL:0009101	fibroblastic reticular cell	1	1	canonical	fibroblastic reticular cell		0
celltype	CL:0009101	gut-associated lymphoid tissue fibroblastic reticular cell	0	0	none	fibroblastic reticular cell		0
celltype	CL:0009101	lymphoid tissue fibroblastic reticular cell	0	0	none	fibroblastic reticular cell		0
celltype	CL:0009101	subepithelial dome fibroblastic reticular cell	0	0	none	fibroblastic reticular cell		0
celltype	CL:0009105	T cell zone reticular cell	1	1	canonical	T cell zone reticular cell	lymph node T cell domain fibroblastic reticular cell	0
celltype	CL:0009113	T follicular regulatory cell	1	1	canonical	T follicular regulatory cell	follicular regulatory T cell	0
celltype	CL:0010005	atrioventricular bundle cell	1	1	canonical	atrioventricular bundle cell	AV bundle cell	0
celltype	CL:0011003	magnocellular neuron	1	1	exact_synonym	magnocellular neurosecretory cell	magnocellular neuron	0
celltype	CL:0011005	cholecystokinin subtype GABAergic inhibitory interneuron	0	0	none	GABAergic interneuron	GABAergic inhibitory interneuron	0
celltype	CL:0011020	B cell progenitor	0	0	none	neural progenitor cell		0
celltype	CL:0011020	B progenitor	0	0	none	neural progenitor cell		0
celltype	CL:0011020	COL6A6 Progenitor	0	0	none	neural progenitor cell		0
celltype	CL:0011020	MKX Progenitor	0	0	none	neural progenitor cell		0
celltype	CL:0011020	PAX7-positive skeletal muscle progenitor	0	0	none	neural progenitor cell		0
celltype	CL:0011020	Progenitor Cluster 3	0	0	none	neural progenitor cell		0
celltype	CL:0011020	Progenitor Cluster 4	0	0	none	neural progenitor cell		0
celltype	CL:0011020	Progenitor Cluster 7	0	0	none	neural progenitor cell		0
celltype	CL:0011020	Progenitor Cluster 8	0	0	none	neural progenitor cell		0
celltype	CL:0011020	RUNX2 Progenitor	0	0	none	neural progenitor cell		0
celltype	CL:0011020	SCX Progenitor	0	0	none	neural progenitor cell		0
celltype	CL:0011020	SOX5 Progenitor	0	0	none	neural progenitor cell		0
celltype	CL:0011020	T cell progenitor	0	0	none	neural progenitor cell		0
celltype	CL:0011020	T progenitor	0	0	none	neural progenitor cell		0
celltype	CL:0011020	TROP2-intermediate bipotent progenitor population	0	0	none	neural progenitor cell		0
celltype	CL:0011020	TROP2-intermediate progenitor population cluster 7	0	0	none	neural progenitor cell		0
celltype	CL:0011020	alveolar progenitor 1 cell	0	0	none	neural progenitor cell		0
celltype	CL:0011020	alveolar progenitor 2 cell	0	0	none	neural progenitor cell		0
celltype	CL:0011020	apical progenitor	0	0	none	neural progenitor cell		0
celltype	CL:0011020	apical progenitor 1	0	0	none	neural progenitor cell		0
celltype	CL:0011020	astrocyte progenitor and maturing astrocyte	0	0	none	neural progenitor cell		0
celltype	CL:0011020	basal progenitor	0	0	none	neural progenitor cell		0
celltype	CL:0011020	basal progenitor 1	0	0	none	neural progenitor cell		0
celltype	CL:0011020	basal progenitor 2	0	0	none	neural progenitor cell		0
celltype	CL:0011020	basophil progenitor	0	0	none	neural progenitor cell		0
celltype	CL:0011020	cardiac progenitor	0	0	none	neural progenitor cell		0
celltype	CL:0011020	cardiac progenitor of the first heart field	0	0	none	neural progenitor cell		0
celltype	CL:0011020	cardiopharyngeal progenitor	0	0	none	neural progenitor cell		0
celltype	CL:0011020	chondrogenic progenitor	0	0	none	neural progenitor cell		0
celltype	CL:0011020	dividing intermediate progenitor	0	0	none	neural progenitor cell		0
celltype	CL:0011020	dividing neural progenitor	0	0	none	neural progenitor cell		0
celltype	CL:0011020	dorsal progenitor	0	0	none	neural progenitor cell		0
celltype	CL:0011020	earliest thymic progenitor	0	0	none	neural progenitor cell		0
celltype	CL:0011020	early B cell progenitor	0	0	none	neural progenitor cell		0
celltype	CL:0011020	early basophil progenitor	0	0	none	neural progenitor cell		0
celltype	CL:0011020	early progenitor	0	0	none	neural progenitor cell		0
celltype	CL:0011020	early thymic progenitor	0	0	none	neural progenitor cell		0
celltype	CL:0011020	fibro-adipogenic progenitor	0	0	none	neural progenitor cell		0
celltype	CL:0011020	fibroblast and adipogenic progenitor subtype sfC03	0	0	none	neural progenitor cell		0
celltype	CL:0011020	first heart field progenitor	0	0	none	neural progenitor cell		0
celltype	CL:0011020	glandular secretory-progenitor A	0	0	none	neural progenitor cell		0
celltype	CL:0011020	glandular secretory-progenitor B	0	0	none	neural progenitor cell		0
celltype	CL:0011020	glial progenitor	0	0	none	neural progenitor cell		0
celltype	CL:0011020	gliogenic progenitor	0	0	none	neural progenitor cell		0
celltype	CL:0011020	granulocytic progenitor	0	0	none	neural progenitor cell		0
celltype	CL:0011020	hepatic progenitor	0	0	none	neural progenitor cell		0
celltype	CL:0011020	hepatocyte-derived liver progenitor-like cell	0	0	none	neural progenitor cell		0
celltype	CL:0011020	intermediate progenitor	1	0	none	neural progenitor cell		0
celltype	CL:0011020	intermediate progenitor cell	0	0	none	neural progenitor cell		0
celltype	CL:0011020	juxta-cardiac field-like progenitor	0	0	none	neural progenitor cell		0
celltype	CL:0011020	kidney progenitor/nascent nephron cell	0	0	none	neural progenitor cell		0
celltype	CL:0011020	late-stage progenitor	0	0	none	neural progenitor cell		0
celltype	CL:0011020	lateral ganglionic eminence progenitor	0	0	none	neural progenitor cell		0
celltype	CL:0011020	luminal progenitor cluster 10	0	0	none	neural progenitor cell		0
celltype	CL:0011020	luminal progenitor cluster 11	0	0	none	neural progenitor cell		0
celltype	CL:0011020	luminal progenitor cluster 12	0	0	none	neural progenitor cell		0
celltype	CL:0011020	luminal progenitor cluster 2	0	0	none	neural progenitor cell		0
celltype	CL:0011020	luminal progenitor cluster 6	0	0	none	neural progenitor cell		0
celltype	CL:0011020	luminal progenitor cluster 8	0	0	none	neural progenitor cell		0
celltype	CL:0011020	luminal progenitor cluster N0	0	0	none	neural progenitor cell		0
celltype	CL:0011020	luminal progenitor cluster N1	0	0	none	neural progenitor cell		0
celltype	CL:0011020	luminal progenitor cluster N19	0	0	none	neural progenitor cell		0
celltype	CL:0011020	lymphatic progenitor	0	0	none	neural progenitor cell		0
celltype	CL:0011020	lymphoid progenitor	0	0	none	neural progenitor cell		0
celltype	CL:0011020	lymphoid progenitor 1	0	0	none	neural progenitor cell		0
celltype	CL:0011020	lymphoid progenitor 2	0	0	none	neural progenitor cell		0
celltype	CL:0011020	medial ganglionic eminence progenitor	0	0	none	neural progenitor cell		0
celltype	CL:0011020	megakaryocytic progenitor	0	0	none	neural progenitor cell		0
celltype	CL:0011020	mesothelial progenitor	0	0	none	neural progenitor cell		0
celltype	CL:0011020	midbrain floorplate progenitor	0	0	none	neural progenitor cell		0
celltype	CL:0011020	multilymphoid progenitor	0	0	none	neural progenitor cell		0
celltype	CL:0011020	neural progenitor	0	0	none	neural progenitor cell		0
celltype	CL:0011020	neural progenitor-like cell	0	0	none	neural progenitor cell		0
celltype	CL:0011020	neural progenitor-like cell state 1	0	0	none	neural progenitor cell		0
celltype	CL:0011020	neural progenitor-like cell state 2	0	0	none	neural progenitor cell		0
celltype	CL:0011020	neural tube progenitor	0	0	none	neural progenitor cell		0
celltype	CL:0011020	neutrophil progenitor	0	0	none	neural progenitor cell		0
celltype	CL:0011020	non-proliferating midbrain floorplate progenitor	0	0	none	neural progenitor cell		0
celltype	CL:0011020	osteochondral progenitor	0	0	none	neural progenitor cell		0
celltype	CL:0011020	pancreatic islet epsilon progenitor	0	0	none	neural progenitor cell		0
celltype	CL:0011020	peripheral nervous system progenitor	0	0	none	neural progenitor cell		0
celltype	CL:0011020	posterior ventricular zone progenitor	0	0	none	neural progenitor cell		0
celltype	CL:0011020	progenitor	1	0	none	neural progenitor cell		0
celltype	CL:0011020	progenitor population	0	0	none	neural progenitor cell		0
celltype	CL:0011020	progenitor subgroup	0	0	none	neural progenitor cell		0
celltype	CL:0011020	progenitor-exhausted-like T cell	0	0	none	neural progenitor cell		0
celltype	CL:0011020	proliferating midbrain floorplate progenitor	0	0	none	neural progenitor cell		0
celltype	CL:0011020	regional neural progenitor	0	0	none	neural progenitor cell		0
celltype	CL:0011020	rhombic lip progenitor	0	0	none	neural progenitor cell		0
celltype	CL:0011020	rhombic lip subventricular zone progenitor	0	0	none	neural progenitor cell		0
celltype	CL:0011020	striatal progenitor	0	0	none	neural progenitor cell		0
celltype	CL:0011020	stromal progenitor	0	0	none	neural progenitor cell		0
celltype	CL:0011020	tendon progenitor	0	0	none	neural progenitor cell		0
celltype	CL:0011020	thymus-seeding progenitor	0	0	none	neural progenitor cell		0
celltype	CL:0011020	vascular progenitor	0	0	none	neural progenitor cell		0
celltype	CL:0011020	ventral progenitor	0	0	none	neural progenitor cell		0
celltype	CL:0011020	ventral progenitor domain	0	0	none	neural progenitor cell		0
celltype	CL:0011025	CD8+ exhausted T cell	0	0	none	exhausted T cell	Tex cell	0
celltype	CL:0011025	CD8+ proliferating exhausted T cell	0	0	none	exhausted T cell	Tex cell	0
celltype	CL:0011025	CD8T_LAG3 exhausted T cell	0	0	none	exhausted T cell	Tex cell	0
celltype	CL:0011025	exhausted T cell	1	1	canonical	exhausted T cell	Tex cell	0
celltype	CL:0011025	exhausted T cell cluster 8	0	0	none	exhausted T cell	Tex cell	0
celltype	CL:0011025	partially exhausted T cell	0	0	none	exhausted T cell	Tex cell	0
celltype	CL:0011025	terminally exhausted T cell	0	0	none	exhausted T cell	Tex cell	0
celltype	CL:0011026	lineage-committed progenitor stem cell	0	0	none	progenitor cell		0
celltype	CL:0011031	FCN1-positive monocyte-derived dendritic cell	0	0	none	monocyte-derived dendritic cell	MDDC cell	0
celltype	CL:0011031	monocyte-derived dendritic cell	1	1	canonical	monocyte-derived dendritic cell	MDDC cell	0
celltype	CL:0011031	monocyte-derived dendritic cell-like cell	0	0	none	monocyte-derived dendritic cell	MDDC cell	0
celltype	CL:0011031	monocyte-derived dendritic cell-like state	0	0	none	monocyte-derived dendritic cell	MDDC cell	0
celltype	CL:0011115	Leydig and myoid precursor cell	0	0	none	precursor cell		0
celltype	CL:0011115	Sertoli interstitial precursor cell	0	0	none	precursor cell		0
celltype	CL:0011115	Sertoli precursor cell	0	0	none	precursor cell		0
celltype	CL:0011115	cardiac precursor cell	0	0	none	precursor cell		0
celltype	CL:0011115	enteroendocrine precursor cell	0	0	none	precursor cell		0
celltype	CL:0011115	hematopoietic stem and precursor cell	0	0	none	precursor cell		0
celltype	CL:0011115	luminal adaptive secretory precursor cell	0	0	none	precursor cell		0
celltype	CL:0011115	luminal secretory precursor cell	0	0	none	precursor cell		0
celltype	CL:0011115	osteoclast precursor cell	0	0	none	precursor cell		0
celltype	CL:0011115	podocyte precursor cell	0	0	none	precursor cell		0
celltype	CL:0011115	stromal precursor cell	0	0	none	precursor cell		0
celltype	CL:0017004	telocyte	1	1	canonical	telocyte		0
celltype	CL:0019026	periportal hepatocyte	1	1	exact_synonym	periportal region hepatocyte	periportal hepatocyte	0
celltype	CL:0019026	zone 1 periportal hepatocyte	0	0	none	periportal region hepatocyte	periportal hepatocyte	0
celltype	CL:0019031	intestinal goblet cell	1	1	exact_synonym	intestine goblet cell	intestinal goblet cell	0
celltype	CL:0020013	dermal sheath fibroblast	1	1	canonical	dermal sheath fibroblast		0
celltype	CL:0020014	intrinsically photosensitive retinal ganglion cell	1	1	canonical	intrinsically photosensitive retinal ganglion cell		0
celltype	CL:0020014	intrinsically photosensitive retinal ganglion cell hRGC12	0	0	none	intrinsically photosensitive retinal ganglion cell		0
celltype	CL:0020014	intrinsically photosensitive retinal ganglion cell hRGC5	0	0	none	intrinsically photosensitive retinal ganglion cell		0
celltype	CL:0020019	regulatory chondrocyte subcluster C1	0	0	none	regulatory chondrocyte		0
celltype	CL:0020020	homeostatic chondrocyte subcluster C3	0	0	none	homeostatic chondrocyte		0
celltype	CL:0020020	homeostatic chondrocyte subcluster C4	0	0	none	homeostatic chondrocyte		0
celltype	CL:0020022	prehypertrophic chondrocyte	1	1	canonical	prehypertrophic chondrocyte		0
celltype	CL:0020023	effector chondrocyte subcluster C5	0	0	none	effector chondrocyte		0
celltype	CL:0020023	effector chondrocyte subcluster C6	0	0	none	effector chondrocyte		0
celltype	CL:0020030	exhausted CD4 T cell	1	1	exact_synonym	CD4-positive exhausted alpha-beta T cell	CD4+ exhausted T lymphocyte | exhausted CD4 T cell | exhausted CD4-positive T cell	0
celltype	CL:0020030	exhausted CD4-positive T cell	1	1	exact_synonym	CD4-positive exhausted alpha-beta T cell	CD4+ exhausted T lymphocyte | exhausted CD4 T cell | exhausted CD4-positive T cell	0
celltype	CL:0020031	exhausted CD8 T cell	1	1	exact_synonym	CD8-positive exhausted alpha-beta T cell	CD8+ exhausted T lymphocyte | exhausted CD8 T cell | exhausted CD8-positive T cell	0
celltype	CL:0020031	exhausted CD8-positive T cell	1	1	exact_synonym	CD8-positive exhausted alpha-beta T cell	CD8+ exhausted T lymphocyte | exhausted CD8 T cell | exhausted CD8-positive T cell	0
celltype	CL:0020031	exhausted CD8-positive T cell subtype Tex01	0	0	none	CD8-positive exhausted alpha-beta T cell	CD8+ exhausted T lymphocyte | exhausted CD8 T cell | exhausted CD8-positive T cell	0
celltype	CL:0020031	exhausted CD8-positive T cell subtype Tex02	0	0	none	CD8-positive exhausted alpha-beta T cell	CD8+ exhausted T lymphocyte | exhausted CD8 T cell | exhausted CD8-positive T cell	0
celltype	CL:0020031	exhausted CD8-positive T cell subtype Tex03	0	0	none	CD8-positive exhausted alpha-beta T cell	CD8+ exhausted T lymphocyte | exhausted CD8 T cell | exhausted CD8-positive T cell	0
celltype	CL:0020031	exhausted CD8-positive T cell subtype Tex05	0	0	none	CD8-positive exhausted alpha-beta T cell	CD8+ exhausted T lymphocyte | exhausted CD8 T cell | exhausted CD8-positive T cell	0
celltype	CL:0020031	pre-exhausted CD8 T cell	0	0	none	CD8-positive exhausted alpha-beta T cell	CD8+ exhausted T lymphocyte | exhausted CD8 T cell | exhausted CD8-positive T cell	0
celltype	CL:0020062	junctional epithelial cell	1	1	canonical	junctional epithelial cell	JE cell | cell of junctional epithelium	0
celltype	CL:1000223	INSM1-positive pulmonary neuroendocrine cell	0	0	none	pulmonary neuroendocrine cell	lung neuroendocrine cell	0
celltype	CL:1000223	pulmonary neuroendocrine cell	1	1	canonical	pulmonary neuroendocrine cell	lung neuroendocrine cell	0
celltype	CL:1000271	ciliated 1 cell	0	0	none	lung multiciliated epithelial cell	lung ciliated cell	0
celltype	CL:1000271	ciliated 2 cell	0	0	none	lung multiciliated epithelial cell	lung ciliated cell	0
celltype	CL:1000272	lung secretory cell	1	1	canonical	lung secretory cell		0
celltype	CL:1000274	mural trophectoderm cell	0	0	none	trophectodermal cell	trophectoderm cell	0
celltype	CL:1000274	trophectoderm cell	1	1	exact_synonym	trophectodermal cell	trophectoderm cell	0
celltype	CL:1000309	epicardial adipocyte	1	1	canonical	epicardial adipocyte	adipocyte of epicardial fat | epicardial fat cell	0
celltype	CL:1000347	canonical colonocyte	0	0	none	colonocyte	enterocyte of colon	0
celltype	CL:1000347	colonocyte	1	1	canonical	colonocyte	enterocyte of colon	0
celltype	CL:1000347	colonocyte-like cancer cell	0	0	none	colonocyte	enterocyte of colon	0
celltype	CL:1000347	crypt-top colonocyte	0	0	none	colonocyte	enterocyte of colon	0
celltype	CL:1000347	non-canonical colonocyte	0	0	none	colonocyte	enterocyte of colon	0
celltype	CL:1000398	central venous liver sinusoidal endothelial cell	1	0	none	endothelial cell of hepatic sinusoid	LSEC | endotheliocyte of hepatic sinusoid | liver sinusoidal endothelial cell	0
celltype	CL:1000398	hepatocellular carcinoma liver sinusoidal endothelial cell	0	0	none	endothelial cell of hepatic sinusoid	LSEC | endotheliocyte of hepatic sinusoid | liver sinusoidal endothelial cell	0
celltype	CL:1000398	liver sinusoidal endothelial cell	1	1	exact_synonym	endothelial cell of hepatic sinusoid	LSEC | endotheliocyte of hepatic sinusoid | liver sinusoidal endothelial cell	0
celltype	CL:1000398	non-liver sinusoidal endothelial cell	0	0	none	endothelial cell of hepatic sinusoid	LSEC | endotheliocyte of hepatic sinusoid | liver sinusoidal endothelial cell	0
celltype	CL:1000398	periportal liver sinusoidal endothelial cell	1	0	none	endothelial cell of hepatic sinusoid	LSEC | endotheliocyte of hepatic sinusoid | liver sinusoidal endothelial cell	0
celltype	CL:1000413	arterial endothelial cell	1	1	exact_synonym	endothelial cell of artery	arterial endothelial cell	0
celltype	CL:1000413	capillary-arterial endothelial cell	0	0	none	endothelial cell of artery	arterial endothelial cell	0
celltype	CL:1000426	adrenal chromaffin cell	1	1	exact_synonym	chromaffin cell of adrenal gland	adrenal chromaffin cell	0
celltype	CL:1000428	epidermal stem cell	1	1	exact_synonym	stem cell of epidermis	epidermal stem cell	0
celltype	CL:1000432	basal conjunctival epithelial cell	0	0	none	conjunctival epithelial cell	epithelial cell of conjunctiva	0
celltype	CL:1000432	conjunctival epithelial cell	1	1	canonical	conjunctival epithelial cell	epithelial cell of conjunctiva	0
celltype	CL:1000432	superficial conjunctival epithelial cell	0	0	none	conjunctival epithelial cell	epithelial cell of conjunctiva	0
celltype	CL:1000443	ciliary muscle cell	1	1	canonical	ciliary muscle cell	smooth muscle cell of ciliary body	0
celltype	CL:1000452	parietal epithelial cell	1	1	canonical	parietal epithelial cell	epithelial cell of parietal layer of glomerular capsule	0
celltype	CL:1000452	parietal epithelial cell and loop of Henle cell cluster	0	0	none	parietal epithelial cell	epithelial cell of parietal layer of glomerular capsule	0
celltype	CL:1000488	TROP2-high cholangiocyte cluster 8	0	0	none	cholangiocyte	epithelial cell of bile duct	0
celltype	CL:1000488	TROP2-high cholangiocyte clusters 4 and 13	0	0	none	cholangiocyte	epithelial cell of bile duct	0
celltype	CL:1000488	cholangiocyte	1	1	canonical	cholangiocyte	epithelial cell of bile duct	0
celltype	CL:1000488	cholangiocyte-like cell	0	0	none	cholangiocyte	epithelial cell of bile duct	0
celltype	CL:1000488	less-differentiated cholangiocyte	0	0	none	cholangiocyte	epithelial cell of bile duct	0
celltype	CL:1000488	mature cholangiocyte	0	0	none	cholangiocyte	epithelial cell of bile duct	0
celltype	CL:1000488	progenitor/cholangiocyte	0	0	none	cholangiocyte	epithelial cell of bile duct	0
celltype	CL:1000488	small cholangiocyte	0	0	none	cholangiocyte	epithelial cell of bile duct	0
celltype	CL:1000497	kidney cell	1	1	canonical	kidney cell		0
celltype	CL:1000691	myofibroblast 1	1	0	none	kidney interstitial myofibroblast		0
celltype	CL:1000691	myofibroblast 2	1	0	none	kidney interstitial myofibroblast		0
celltype	CL:1000698	kidney resident macrophage	1	1	canonical	kidney resident macrophage		0
celltype	CL:1000746	glomerular cell	1	1	canonical	glomerular cell		0
celltype	CL:1000768	connecting tubule	1	0	none	kidney connecting tubule epithelial cell		0
celltype	CL:1000909	distal tubule/loop of Henle thick ascending limb cell	0	0	none	kidney loop of Henle epithelial cell		0
celltype	CL:1000909	loop of Henle cell	0	0	none	kidney loop of Henle epithelial cell		0
celltype	CL:1000909	loop of Henle-derived cell	0	0	none	kidney loop of Henle epithelial cell		0
celltype	CL:1001005	glomerular capillary endothelial cell	1	1	canonical	glomerular capillary endothelial cell		0
celltype	CL:1001033	peritubular capillary endothelial cell	1	1	canonical	peritubular capillary endothelial cell		0
celltype	CL:1001033	peritubular capillary endothelial cell Endo1	0	0	none	peritubular capillary endothelial cell		0
celltype	CL:1001033	peritubular capillary endothelial cell Endo3	0	0	none	peritubular capillary endothelial cell		0
celltype	CL:1001033	peritubular capillary endothelial cell subpopulation PTC2	0	0	none	peritubular capillary endothelial cell		0
celltype	CL:1001036	ascending vasa recta cell	0	0	none	vasa recta cell		0
celltype	CL:1001036	ascending vasa recta cell tE2	0	0	none	vasa recta cell		0
celltype	CL:1001474	D1 medium spiny neuron	0	0	none	medium spiny neuron	gamma-aminobutyric acid (GABA)ergic spiny projection neuron | gamma-aminobutyric acid ergic spiny projection neuron | striatal medium spiny neuron	0
celltype	CL:1001474	D2 medium spiny neuron	0	0	none	medium spiny neuron	gamma-aminobutyric acid (GABA)ergic spiny projection neuron | gamma-aminobutyric acid ergic spiny projection neuron | striatal medium spiny neuron	0
celltype	CL:1001474	STRd D2 StrioMat Hybrid medium spiny neuron	0	0	none	medium spiny neuron	gamma-aminobutyric acid (GABA)ergic spiny projection neuron | gamma-aminobutyric acid ergic spiny projection neuron | striatal medium spiny neuron	0
celltype	CL:1001474	lateral ganglionic eminence-derived medium spiny neuron	0	0	none	medium spiny neuron	gamma-aminobutyric acid (GABA)ergic spiny projection neuron | gamma-aminobutyric acid ergic spiny projection neuron | striatal medium spiny neuron	0
celltype	CL:1001474	medium spiny neuron	1	1	canonical	medium spiny neuron	gamma-aminobutyric acid (GABA)ergic spiny projection neuron | gamma-aminobutyric acid ergic spiny projection neuron | striatal medium spiny neuron	0
celltype	CL:1001474	medium spiny neuron subtype precursor	0	0	none	medium spiny neuron	gamma-aminobutyric acid (GABA)ergic spiny projection neuron | gamma-aminobutyric acid ergic spiny projection neuron | striatal medium spiny neuron	0
celltype	CL:1001474	nascent medium spiny neuron	0	0	none	medium spiny neuron	gamma-aminobutyric acid (GABA)ergic spiny projection neuron | gamma-aminobutyric acid ergic spiny projection neuron | striatal medium spiny neuron	0
celltype	CL:1001474	ventral medium spiny neuron	0	0	none	medium spiny neuron	gamma-aminobutyric acid (GABA)ergic spiny projection neuron | gamma-aminobutyric acid ergic spiny projection neuron | striatal medium spiny neuron	0
celltype	CL:1001505	magnocellular/parvocellular neuron	0	0	none	parvocellular neurosecretory cell	parvocellular neuron | parvocellular neurosecretory neuron	0
celltype	CL:1001505	parvocellular neuron	1	1	exact_synonym	parvocellular neurosecretory cell	parvocellular neuron | parvocellular neurosecretory neuron	0
celltype	CL:1001567	pulmonary endothelial cell	1	0	none	lung endothelial cell		0
celltype	CL:1001568	human pulmonary artery endothelial cell	0	0	none	pulmonary artery endothelial cell		0
celltype	CL:1001603	PPARG high lung macrophage	0	0	none	lung macrophage		0
celltype	CL:1001607	articular chondrocyte	1	1	canonical	articular chondrocyte		0
celltype	CL:1001607	extra-articular chondrocyte	0	0	none	articular chondrocyte		0
celltype	CL:1100001	non-ciliated secretory epithelial cell	0	0	none	secretory epithelial cell		0
celltype	CL:2000001	peripheral blood mononuclear cell	1	1	canonical	peripheral blood mononuclear cell	PBMC	0
celltype	CL:2000001	peripheral blood mononuclear cell T cell subcluster	0	0	none	peripheral blood mononuclear cell	PBMC	0
celltype	CL:2000002	decidual cell	1	1	canonical	decidual cell	decidua cell | decidual stromal cell | decidualized endometrial stromal cell	0
celltype	CL:2000002	decidual stromal cell	1	1	exact_synonym	decidual cell	decidua cell | decidual stromal cell | decidualized endometrial stromal cell	0
celltype	CL:2000002	decidual stromal cell 1	0	0	none	decidual cell	decidua cell | decidual stromal cell | decidualized endometrial stromal cell	0
celltype	CL:2000002	decidual stromal cell 2	0	0	none	decidual cell	decidua cell | decidual stromal cell | decidualized endometrial stromal cell	0
celltype	CL:2000002	decidual stromal cell 3	0	0	none	decidual cell	decidua cell | decidual stromal cell | decidualized endometrial stromal cell	0
celltype	CL:2000002	pre-decidual cell	0	0	none	decidual cell	decidua cell | decidual stromal cell | decidualized endometrial stromal cell	0
celltype	CL:2000002	senescent decidual cell	0	0	none	decidual cell	decidua cell | decidual stromal cell | decidualized endometrial stromal cell	0
celltype	CL:2000008	glomerular microvascular endothelial cell Endo4	0	0	none	microvascular endothelial cell		0
celltype	CL:2000008	microvascular endothelial cell	1	1	canonical	microvascular endothelial cell		0
celltype	CL:2000018	coronary artery endothelial cell	1	0	none	endothelial cell of coronary artery		0
celltype	CL:2000020	inner cell mass cell	1	1	canonical	inner cell mass cell		0
celltype	CL:2000021	sebaceous gland cell	1	1	canonical	sebaceous gland cell		0
celltype	CL:2000032	peripheral neuron	1	1	exact_synonym	peripheral nervous system neuron	PNS neuron | peripheral neuron	0
celltype	CL:2000042	human embryonic fibroblast	1	0	none	embryonic fibroblast		0
celltype	CL:2000052	human umbilical artery endothelial cell	1	0	none	umbilical artery endothelial cell		0
celltype	CL:2000060	villous cytotrophoblast	1	1	exact_synonym	placental villous trophoblast	vCTB | villous cytotrophoblast	0
celltype	CL:2000060	villous cytotrophoblast of the cytotrophoblast cell column	0	0	none	placental villous trophoblast	vCTB | villous cytotrophoblast	0
celltype	CL:2000060	villous cytotrophoblast-fusing	0	0	none	placental villous trophoblast	vCTB | villous cytotrophoblast	0
celltype	CL:2000060	villous cytotrophoblast-proliferative	0	0	none	placental villous trophoblast	vCTB | villous cytotrophoblast	0
celltype	CL:2000089	dentate gyrus granule cell	1	1	canonical	dentate gyrus granule cell	dentate gyrus of hippocampal formation granule cell	0
celltype	CL:2000097	A10-subtype midbrain dopaminergic neuron	0	0	none	midbrain dopaminergic neuron		0
celltype	CL:2000097	A9-subtype midbrain dopaminergic neuron	0	0	none	midbrain dopaminergic neuron		0
celltype	CL:2000097	midbrain dopaminergic neuron	1	1	canonical	midbrain dopaminergic neuron		0
celltype	CL:3000001	Hofbauer cell	1	1	canonical	Hofbauer cell	fetal Hofbauer cell	0
celltype	CL:4023026	direct pathway medium spiny neuron	1	1	canonical	direct pathway medium spiny neuron	dopamine 1 medium spiny neuron	0
celltype	CL:4023029	indirect pathway medium spiny neuron	1	1	canonical	indirect pathway medium spiny neuron	D2-MSN | dopamine 2 medium spiny neuron | iSPN	0
celltype	CL:4023036	chandelier cell	1	1	exact_synonym	pvalb chandelier GABAergic interneuron	chandelier PV | chandelier cell	0
celltype	CL:4023036	parvalbumin chandelier cell	0	0	none	pvalb chandelier GABAergic interneuron	chandelier PV | chandelier cell	0
celltype	CL:4023059	committed oligodendrocyte precursor	1	1	canonical	committed oligodendrocyte precursor	COP | differentiation-committed oligodendrocyte precursor	0
celltype	CL:4023059	committed oligodendrocyte precursor cell	0	0	none	committed oligodendrocyte precursor	COP | differentiation-committed oligodendrocyte precursor	0
celltype	CL:4023161	EOMES-low unipolar brush cell-like subset	0	0	none	unipolar brush cell	neuronal brush cell	0
celltype	CL:4023161	excitatory cerebellar nuclei neuron/unipolar brush cell	0	0	none	unipolar brush cell	neuronal brush cell	0
celltype	CL:4023161	unipolar brush cell	1	1	canonical	unipolar brush cell	neuronal brush cell	0
celltype	CL:4023169	trigeminal neuron	1	1	canonical	trigeminal neuron		0
celltype	CL:4023187	K cell	1	1	exact_synonym	koniocellular cell	K cell	0
celltype	CL:4030000	uveal melanocyte	1	1	exact_synonym	choroidal melanocyte	uveal melanocyte	0
celltype	CL:4030003	thymic interstitial cell	1	1	exact_synonym	interstitial cell of thymus	thymic interstitial cell	0
celltype	CL:4030024	hillock cell	1	1	canonical	hillock cell		0
celltype	CL:4030026	BEST4+ enterocyte	1	1	canonical	BEST4+ enterocyte		0
celltype	CL:4030026	BEST4+ enterocyte cell	0	0	none	BEST4+ enterocyte		0
celltype	CL:4030027	GABAergic amacrine cell	1	1	canonical	GABAergic amacrine cell	amacrine cell, GABAergic	0
celltype	CL:4030028	AII-amacrine and glycinergic amacrine cell	0	0	none	glycinergic amacrine cell	amacrine cell, glycinergic	0
celltype	CL:4030028	Glycinergic amacrine cell	1	1	canonical	glycinergic amacrine cell	amacrine cell, glycinergic	0
celltype	CL:4030028	glycinergic amacrine cell	1	1	canonical	glycinergic amacrine cell	amacrine cell, glycinergic	0
celltype	CL:4030031	PDGFRA-positive interstitial cell	0	0	none	interstitial cell		0
celltype	CL:4030031	interstitial cell	1	1	canonical	interstitial cell		0
celltype	CL:4030057	eccentric medium spiny neuron	1	1	canonical	eccentric medium spiny neuron	eccentric spiny projection neuron	0
celltype	CL:4030066	ureteric bud cell	1	1	canonical	ureteric bud cell		0
celltype	CL:4033013	suprabasal keratinocyte	1	1	canonical	suprabasal keratinocyte		0
celltype	CL:4033013	suprabasal keratinocyte KC-2	0	0	none	suprabasal keratinocyte		0
celltype	CL:4033014	peg cell	1	1	canonical	peg cell	FTE stem-like cell | FTESC | fallopian tube epithelial stem-like cell | intercalary cell	0
celltype	CL:4033015	retinal astrocyte	1	1	canonical	retinal astrocyte		0
celltype	CL:4033016	secondary crest myofibroblast	1	1	canonical	secondary crest myofibroblast	secondary-crest myofibroblast	0
celltype	CL:4033025	perichondrial fibroblast	1	1	canonical	perichondrial fibroblast		0
celltype	CL:4033035	giant bipolar cell	1	1	canonical	giant bipolar cell		0
celltype	CL:4033044	deuterosomal cell	1	1	canonical	deuterosomal cell		0
celltype	CL:4033054	endometrial perivascular cell group 1b	0	0	none	perivascular cell		0
celltype	CL:4033054	endometrial perivascular cell subset ePV-1a	0	0	none	perivascular cell		0
celltype	CL:4033054	endometrial perivascular cell subset ePV-1b	0	0	none	perivascular cell		0
celltype	CL:4033054	endometrial perivascular cell subset ePV-2	0	0	none	perivascular cell		0
celltype	CL:4033054	immune recruiting venous perivascular cell	0	0	none	perivascular cell		0
celltype	CL:4033054	perivascular cell	1	1	canonical	perivascular cell		0
celltype	CL:4033054	perivascular cell 1	0	0	none	perivascular cell		0
celltype	CL:4033054	perivascular cell 2	0	0	none	perivascular cell		0
celltype	CL:4033054	perivascular cell state 1	0	0	none	perivascular cell		0
celltype	CL:4033054	perivascular cell state 1-AOC3	0	0	none	perivascular cell		0
celltype	CL:4033054	perivascular cell state 1-STEAP4	0	0	none	perivascular cell		0
celltype	CL:4033054	perivascular cell state 2	0	0	none	perivascular cell		0
celltype	CL:4033054	perivascular cell subtype 1	0	0	none	perivascular cell		0
celltype	CL:4033054	perivascular cell subtype 2	0	0	none	perivascular cell		0
celltype	CL:4033054	perivascular cell subtype 3	0	0	none	perivascular cell		0
celltype	CL:4033066	pre-granulosa cell	1	1	canonical	pre-granulosa cell	ovarian pregranulosa cell | pregranulosa cell	0
celltype	CL:4033066	pregranulosa cell type I	0	0	none	pre-granulosa cell	ovarian pregranulosa cell | pregranulosa cell	0
celltype	CL:4033066	pregranulosa cell type IIa	0	0	none	pre-granulosa cell	ovarian pregranulosa cell | pregranulosa cell	0
celltype	CL:4033066	pregranulosa cell type IIb	0	0	none	pre-granulosa cell	ovarian pregranulosa cell | pregranulosa cell	0
celltype	CL:4033067	mural granulosa cell	1	1	canonical	mural granulosa cell		0
celltype	CL:4033069	CD8+ proliferating T cell	0	0	none	cycling T cell	proliferating T cell	0
celltype	CL:4033069	CD8A-positive proliferating T cell	0	0	none	cycling T cell	proliferating T cell	0
celltype	CL:4033069	cycling T cell	1	1	canonical	cycling T cell	proliferating T cell	0
celltype	CL:4033069	cycling T cell subset	0	0	none	cycling T cell	proliferating T cell	0
celltype	CL:4033069	proliferating T cell	1	1	exact_synonym	cycling T cell	proliferating T cell	0
celltype	CL:4033070	proliferating dendritic cell	1	1	exact_synonym	cycling dendritic cell	proliferating dendritic cell	0
celltype	CL:4033073	cycling monocyte	1	1	canonical	cycling monocyte	proliferating monocyte	0
celltype	CL:4033081	proliferating myeloid cell	1	1	exact_synonym	cycling myeloid cell	proliferating myeloid cell	0
celltype	CL:4033082	Basal2 proliferating basal cell	0	0	none	cycling basal cell	proliferating basal cell	0
celltype	CL:4033082	cycling basal cell	1	1	canonical	cycling basal cell	proliferating basal cell	0
celltype	CL:4033082	proliferating basal cell	1	1	exact_synonym	cycling basal cell	proliferating basal cell	0
celltype	CL:4033086	lipid-associated macrophage	1	1	canonical	lipid-associated macrophage		0
celltype	CL:4033090	atretic granulosa cell	1	1	canonical	atretic granulosa cell		0
celltype	CL:4033093	limbal stem cell	1	1	exact_synonym	limbal epithelial stem cell of cornea	limbal epithelial stem cell | limbal stem cell	0
celltype	CL:4033094	age-associated B cell	1	1	canonical	age-associated B cell		0
celltype	CL:4040002	enteric glial cell	1	1	exact_synonym	enteroglial cell	enteric glial cell	0
celltype	CL:4042007	protoplasmic astrocyte	1	1	canonical	protoplasmic astrocyte		0
celltype	CL:4042008	fibrous astrocyte	1	1	canonical	fibrous astrocyte		0
celltype	CL:4042009	interlaminar astrocyte	1	1	canonical	interlaminar astrocyte		0
celltype	CL:4042028	immature neuron	1	1	canonical	immature neuron		0
celltype	CL:4042031	immune oligodendroglia	1	1	canonical	immune oligodendroglia	immune oligodendrocyte	0
celltype	CL:4047001	proliferating stromal cell	1	1	exact_synonym	cycling stromal cell	proliferating stromal cell	0
celltype	CL:4047003	proliferating plasma cell	1	1	exact_synonym	cycling plasma cell	proliferating plasma cell	0
celltype	CL:4047007	immature pericyte	1	1	canonical	immature pericyte		0
celltype	CL:4047012	angiogenic pericyte	1	1	canonical	angiogenic pericyte		0
celltype	CL:4047019	early enterocyte cell	0	0	none	early enterocyte		0
celltype	CL:4047053	TREM2-positive macrophage	1	1	canonical	TREM2-positive macrophage		0
celltype	CL:4047054	mature migratory dendritic cell	0	0	none	migratory dendritic cell		0
celltype	CL:4047054	migratory dendritic cell	1	1	canonical	migratory dendritic cell		0
celltype	CL:4047101	liver-resident natural killer cell	1	1	canonical	liver-resident natural killer cell	he-NK | hepatic NK | hepatic natural killer cells | intrahepatic NK | liver NK cell | liver resident natural killer cell | liver-specific natural killer cell | lr-NK	0
celltype	CL:4052026	fast type 2X fiber	0	0	none	type IIx muscle cell	type 2x fiber | type 2x muscle cell | type 2x muscle fiber | type IIx muscle fiber	0
celltype	CL:4052027	atretic theca cell	1	1	canonical	atretic theca cell		0
celltype	CL:4052029	subpleural fibroblast	1	1	canonical	subpleural fibroblast		0
celltype	CL:4052030	adventitial fibroblast	1	1	canonical	adventitial fibroblast		0
celltype	CL:4052031	respiratory airway secretory cell	1	1	canonical	respiratory airway secretory cell		0
celltype	CL:4052060	spinous cell	1	1	canonical	spinous cell	prickle cell	0
celltype	CL:4052062	onychofibroblast	1	1	canonical	onychofibroblast		0
celltype	CL:4052064	basal layer nail matrix keratinocyte	0	0	none	nail matrix keratinocyte	nail matrix epithelial keratinocyte	0
celltype	CL:4052071	quiescent fibroblast	1	1	canonical	quiescent fibroblast	inactive fibroblast	0
celltype	CL:4072006	A9 dopaminergic neuron subtype	0	0	none	A9 dopaminergic neuron	A9 nigral dopamine neuron | substantia nigra dopaminergic neuron	0
celltype	CL:4072006	CALB1_RBP4 A9 dopaminergic neuron subtype	0	0	none	A9 dopaminergic neuron	A9 nigral dopamine neuron | substantia nigra dopaminergic neuron	0
celltype	CL:4072006	SOX6_DDT A9 dopaminergic neuron subtype	0	0	none	A9 dopaminergic neuron	A9 nigral dopamine neuron | substantia nigra dopaminergic neuron	0
celltype	CL:4072006	ventral A9 dopaminergic neuron	0	0	none	A9 dopaminergic neuron	A9 nigral dopamine neuron | substantia nigra dopaminergic neuron	0
celltype	CL:4072007	dorsal A9 and A10 dopaminergic neuron	0	0	none	A10 dopaminergic neuron	A10 VTA Dopaminergic Neuron	0
celltype	CL:4072015	monocyte-derived Kupffer cell	1	1	canonical	monocyte-derived Kupffer cell		0
celltype	CL:4310147	OB Dopa-GABA neuron	0	0	none	OB Dopa-GABA OB-Dopa-GABA (Primate)	OB Dopa-GABA	0
celltype	CL:7770004	limbal suprabasal cell	0	0	none	suprabasal cell		0
celltype	CL:7770004	suprabasal cell	1	1	canonical	suprabasal cell		0
comparison	CL:0000010	serum-cultured cell	0	0	none	cultured cell		0
comparison	CL:0000034	glioblastoma stem cell culture	0	0	none	stem cell		0
comparison	CL:0000034	proliferative stem cell	0	0	none	stem cell		0
comparison	CL:0000034	stem cell 1	0	0	none	stem cell		0
comparison	CL:0000037	definitive hematopoietic stem cell	0	0	none	hematopoietic stem cell	blood forming stem cell | hemopoietic stem cell	0
comparison	CL:0000037	mature hematopoietic progenitor cell	0	0	none	hematopoietic stem cell	blood forming stem cell | hemopoietic stem cell	0
comparison	CL:0000037	normal hematopoietic stem cell	0	0	none	hematopoietic stem cell	blood forming stem cell | hemopoietic stem cell	0
comparison	CL:0000037	short-term hematopoietic stem cell	0	0	none	hematopoietic stem cell	blood forming stem cell | hemopoietic stem cell	0
comparison	CL:0000038	erythroid-biased megakaryocyte-erythroid progenitor	0	0	none	erythroid progenitor cell		0
comparison	CL:0000038	megakaryocyte-biased megakaryocyte-erythroid progenitor	0	0	none	erythroid progenitor cell		0
comparison	CL:0000047	neural progenitor cell	1	0	none	neural stem cell	NSC | neuronal stem cell	0
comparison	CL:0000056	myoblast-like cell	0	0	none	myoblast		0
comparison	CL:0000057	Cluster-3 fibroblast	0	0	none	fibroblast		0
comparison	CL:0000057	decidual fibroblast 1	0	0	none	fibroblast		0
comparison	CL:0000057	fibroblast	1	1	canonical	fibroblast		0
comparison	CL:0000057	fibroblast subtype FB4	0	0	none	fibroblast		0
comparison	CL:0000057	intestinal fibroblast	0	0	none	fibroblast		0
comparison	CL:0000057	major interstitial fibroblast	0	0	none	fibroblast		0
comparison	CL:0000057	periurothelial fibroblast	0	0	none	fibroblast		0
comparison	CL:0000057	senescent fibroblast	0	0	none	fibroblast		0
comparison	CL:0000064	ciliated cell	1	1	canonical	ciliated cell		0
comparison	CL:0000066	epithelial cell	1	1	canonical	epithelial cell	epitheliocyte	0
comparison	CL:0000066	lumenal epithelial cell	0	0	none	epithelial cell	epitheliocyte	0
comparison	CL:0000066	mesonephric/epididymis epithelial cell	0	0	none	epithelial cell	epitheliocyte	0
comparison	CL:0000066	proximal branching epithelial cell	0	0	none	epithelial cell	epitheliocyte	0
comparison	CL:0000066	surface epithelial cell	0	0	none	epithelial cell	epitheliocyte	0
comparison	CL:0000071	CD34-positive vascular endothelial cell	0	0	none	blood vessel endothelial cell		0
comparison	CL:0000071	vascular endothelial cell	1	0	none	blood vessel endothelial cell		0
comparison	CL:0000077	mesothelial cell	1	1	canonical	mesothelial cell	mesotheliocyte	0
comparison	CL:0000080	circulating neutrophil	1	0	none	circulating cell		0
comparison	CL:0000084	CD4 naïve T cell	0	0	none	T cell	T lymphocyte | T-cell | T-lymphocyte	0
comparison	CL:0000084	CD4+ T cell	1	0	none	T cell	T lymphocyte | T-cell | T-lymphocyte	0
comparison	CL:0000084	CD4+CD3+ T cell	0	0	none	T cell	T lymphocyte | T-cell | T-lymphocyte	0
comparison	CL:0000084	CD4-positive T cell	1	0	none	T cell	T lymphocyte | T-cell | T-lymphocyte	0
comparison	CL:0000084	CD8 mucosal associated invariant T cell	0	0	none	T cell	T lymphocyte | T-cell | T-lymphocyte	0
comparison	CL:0000084	CD8+ T cell	1	0	none	T cell	T lymphocyte | T-cell | T-lymphocyte	0
comparison	CL:0000084	CD8-positive T cell	1	0	none	T cell	T lymphocyte | T-cell | T-lymphocyte	0
comparison	CL:0000084	CD8-positive T cell in adjacent/normal tissue	0	0	none	T cell	T lymphocyte | T-cell | T-lymphocyte	0
comparison	CL:0000084	IL-10-producing CD4-positive T cell	0	0	none	T cell	T lymphocyte | T-cell | T-lymphocyte	0
comparison	CL:0000084	PD-1+ CD8+ T cell metacluster B	0	0	none	T cell	T lymphocyte | T-cell | T-lymphocyte	0
comparison	CL:0000084	T cell	1	1	canonical	T cell	T lymphocyte | T-cell | T-lymphocyte	0
comparison	CL:0000084	WGA-high memory CD4+ T cell	0	0	none	T cell	T lymphocyte | T-cell | T-lymphocyte	0
comparison	CL:0000084	WGA-low memory CD4+ T cell	0	0	none	T cell	T lymphocyte | T-cell | T-lymphocyte	0
comparison	CL:0000084	clonally expanded CD8-positive T cell	0	0	none	T cell	T lymphocyte | T-cell | T-lymphocyte	0
comparison	CL:0000084	co-inhibitory receptor poor IL-10-producing CD4-positive T cell	0	0	none	T cell	T lymphocyte | T-cell | T-lymphocyte	0
comparison	CL:0000084	double-positive αβγδ T cell	0	0	none	T cell	T lymphocyte | T-cell | T-lymphocyte	0
comparison	CL:0000084	effector CD8+ T cell	0	0	none	T cell	T lymphocyte | T-cell | T-lymphocyte	0
comparison	CL:0000084	healthy donor T cell	0	0	none	T cell	T lymphocyte | T-cell | T-lymphocyte	0
comparison	CL:0000084	interleukin-17-negative T cell	0	0	none	T cell	T lymphocyte | T-cell | T-lymphocyte	0
comparison	CL:0000084	memory CD4+ T cell	0	0	none	T cell	T lymphocyte | T-cell | T-lymphocyte	0
comparison	CL:0000084	naive T cell	1	0	none	T cell	T lymphocyte | T-cell | T-lymphocyte	0
comparison	CL:0000084	non-expanded CD8-positive T cell	0	0	none	T cell	T lymphocyte | T-cell | T-lymphocyte	0
comparison	CL:0000084	single-positive T cell	0	0	none	T cell	T lymphocyte | T-cell | T-lymphocyte	0
comparison	CL:0000084	terminally-differentiated and dividing PD-1+ CD8+ T cell	0	0	none	T cell	T lymphocyte | T-cell | T-lymphocyte	0
comparison	CL:0000084	tissue-resident CD8-positive T cell cluster 0	0	0	none	T cell	T lymphocyte | T-cell | T-lymphocyte	0
comparison	CL:0000091	Kupffer cell 1	0	0	none	Kupffer cell	hepatic macrophage | littoral cell of hepatic sinusoid | liver macrophage | macrophagocytus stellatus | stellate cell of von Kupffer | von Kupffer cell	0
comparison	CL:0000094	granulocyte in adjacent/normal tissue	0	0	none	granulocyte	granular leucocyte | granular leukocyte | polymorphonuclear leukocyte	0
comparison	CL:0000099	interneuron subtype	0	0	none	interneuron		0
comparison	CL:0000099	medial ganglionic eminence-derived interneuron	0	0	none	interneuron		0
comparison	CL:0000115	Marco-lymphatic endothelial cell	0	0	none	endothelial cell	endotheliocyte	0
comparison	CL:0000115	arteriolar endothelial cell	0	0	none	endothelial cell	endotheliocyte	0
comparison	CL:0000115	clear cell renal cell carcinoma ascending vasa recta 2 endothelial cell	0	0	none	endothelial cell	endotheliocyte	0
comparison	CL:0000115	endothelial cell	1	1	canonical	endothelial cell	endotheliocyte	0
comparison	CL:0000115	normal endothelial cell	0	0	none	endothelial cell	endotheliocyte	0
comparison	CL:0000115	ocular endothelial cell	0	0	none	endothelial cell	endotheliocyte	0
comparison	CL:0000115	pre-hemogenic endothelium	0	0	none	endothelial cell	endotheliocyte	0
comparison	CL:0000115	pulmonary–venous endothelial cell	0	0	none	endothelial cell	endotheliocyte	0
comparison	CL:0000115	retinal endothelial cell	0	0	none	endothelial cell	endotheliocyte	0
comparison	CL:0000115	vein-derived endothelial cell	0	0	none	endothelial cell	endotheliocyte	0
comparison	CL:0000120	granule cell progenitor	0	0	none	granule cell		0
comparison	CL:0000122	stellate cell	1	0	none	stellate neuron		0
comparison	CL:0000125	Müller glia	0	0	none	glial cell	neuroglial cell	0
comparison	CL:0000125	radial glia	0	0	none	glial cell	neuroglial cell	0
comparison	CL:0000127	astrocyte cluster Astros_2	0	0	none	astrocyte	astrocytic glia	0
comparison	CL:0000127	astrocyte cluster C1	0	0	none	astrocyte	astrocytic glia	0
comparison	CL:0000127	astrocyte cluster C12	0	0	none	astrocyte	astrocytic glia	0
comparison	CL:0000127	canonical astrocyte	0	0	none	astrocyte	astrocytic glia	0
comparison	CL:0000127	fetal astrocyte	0	0	none	astrocyte	astrocytic glia	0
comparison	CL:0000128	oligodendrocyte cluster C0	0	0	none	oligodendrocyte	OLs	0
comparison	CL:0000128	oligodendrocyte cluster C2	0	0	none	oligodendrocyte	OLs	0
comparison	CL:0000132	high quality corneal endothelial cell	0	0	none	corneal endothelial cell		0
comparison	CL:0000132	lower quality corneal endothelial cell	0	0	none	corneal endothelial cell		0
comparison	CL:0000132	senescent and fibrotic corneal endothelial cell	0	0	none	corneal endothelial cell		0
comparison	CL:0000132	therapy-grade corneal endothelial cell	0	0	none	corneal endothelial cell		0
comparison	CL:0000134	induced mesenchymal stem cell	0	0	none	mesenchymal stem cell		0
comparison	CL:0000134	non-mesenchymal stem cell	0	0	none	mesenchymal stem cell		0
comparison	CL:0000134	periodontal mesenchymal stem cell	0	0	none	mesenchymal stem cell		0
comparison	CL:0000136	pre-adipocyte 1	0	0	none	adipocyte	adipose cell | fat cell	0
comparison	CL:0000148	conjunctival melanocyte	0	0	none	melanocyte		0
comparison	CL:0000148	melanocyte cluster C3	0	0	none	melanocyte		0
comparison	CL:0000148	non-volar cutaneous melanocyte	0	0	none	melanocyte		0
comparison	CL:0000148	non-volar cutaneous-like melanocyte	0	0	none	melanocyte		0
comparison	CL:0000148	volar-enriched melanocyte	0	0	none	melanocyte		0
comparison	CL:0000150	glandular epithelial cell	1	1	exact_synonym	glandular secretory epithelial cell	glandular epithelial cell	0
comparison	CL:0000151	pre-terminal bronchiole secretory cell	0	0	none	secretory cell		0
comparison	CL:0000151	secretory cell	1	1	canonical	secretory cell		0
comparison	CL:0000151	submucosal gland mucus secretory cell	0	0	none	secretory cell		0
comparison	CL:0000151	surface mucus secretory cell	0	0	none	secretory cell		0
comparison	CL:0000160	SPDEF high goblet-like cell	0	0	none	goblet cell	chalice cell	0
comparison	CL:0000160	goblet cell	1	1	canonical	goblet cell	chalice cell	0
comparison	CL:0000163	islet endocrine cell	0	0	none	endocrine cell	endocrinocyte	0
comparison	CL:0000168	beta cell	1	0	none	insulin secreting cell		0
comparison	CL:0000169	pancreatic beta cell	1	1	exact_synonym	type B pancreatic cell	B-cell of pancreatic islet | beta cell of pancreatic islet | insulin-secreting cell | pancreatic B cell | pancreatic B-cell | pancreatic beta cell | pancreatic islet core | type B enteroendocrine cell	0
comparison	CL:0000171	alpha cell	1	0	none	pancreatic A cell	alpha cell of islet of Langerhans | pancreatic alpha cell	0
comparison	CL:0000171	pancreatic alpha cell	1	1	exact_synonym	pancreatic A cell	alpha cell of islet of Langerhans | pancreatic alpha cell	0
comparison	CL:0000171	platelet-derived growth factor receptor alpha cell	0	0	none	pancreatic A cell	alpha cell of islet of Langerhans | pancreatic alpha cell	0
comparison	CL:0000182	hepatocyte	1	1	canonical	hepatocyte		0
comparison	CL:0000182	primary human hepatocyte	0	0	none	hepatocyte		0
comparison	CL:0000187	myocyte	1	1	exact_synonym	muscle cell	muscle fiber | myocyte	0
comparison	CL:0000187	myocyte-like cell	0	0	none	muscle cell	muscle fiber | myocyte	0
comparison	CL:0000192	contractile smooth muscle cell	0	0	none	smooth muscle cell	SMCs | myocytes, smooth muscle | smooth muscle fiber	0
comparison	CL:0000192	contractile smooth muscle cell 1	0	0	none	smooth muscle cell	SMCs | myocytes, smooth muscle | smooth muscle fiber	0
comparison	CL:0000192	microvascular smooth muscle cell	0	0	none	smooth muscle cell	SMCs | myocytes, smooth muscle | smooth muscle fiber	0
comparison	CL:0000192	smooth muscle cell	1	1	canonical	smooth muscle cell	SMCs | myocytes, smooth muscle | smooth muscle fiber	0
comparison	CL:0000192	synthetic smooth muscle cell	0	0	none	smooth muscle cell	SMCs | myocytes, smooth muscle | smooth muscle fiber	0
comparison	CL:0000218	nonmyelinating Schwann cell	0	0	none	myelinating Schwann cell	neurilemmal cell	0
comparison	CL:0000223	epiblast and primitive endoderm cell	0	0	none	endodermal cell	endoderm cell	0
comparison	CL:0000235	CD14+ monocyte and macrophage	0	0	none	macrophage	histiocyte	0
comparison	CL:0000235	M1 macrophage	1	0	none	macrophage	histiocyte	0
comparison	CL:0000235	M2a and M2c macrophage	0	0	none	macrophage	histiocyte	0
comparison	CL:0000235	MARCO-negative CD68-positive macrophage	0	0	none	macrophage	histiocyte	0
comparison	CL:0000235	donor-origin macrophage	0	0	none	macrophage	histiocyte	0
comparison	CL:0000235	macrophage	1	1	canonical	macrophage	histiocyte	0
comparison	CL:0000235	macrophage 1	1	0	none	macrophage	histiocyte	0
comparison	CL:0000235	macrophage cluster 1	0	0	none	macrophage	histiocyte	0
comparison	CL:0000235	macrophage cluster C24	0	0	none	macrophage	histiocyte	0
comparison	CL:0000235	macrophage cluster C4	0	0	none	macrophage	histiocyte	0
comparison	CL:0000235	macrophage-1	0	0	none	macrophage	histiocyte	0
comparison	CL:0000235	macrophage-2	0	0	none	macrophage	histiocyte	0
comparison	CL:0000235	macrophage-B	0	0	none	macrophage	histiocyte	0
comparison	CL:0000235	monocyte/macrophage subcluster 2	0	0	none	macrophage	histiocyte	0
comparison	CL:0000235	non-tumor macrophage	0	0	none	macrophage	histiocyte	0
comparison	CL:0000235	recipient-origin macrophage	0	0	none	macrophage	histiocyte	0
comparison	CL:0000235	red pulp macrophage	0	0	none	macrophage	histiocyte	0
comparison	CL:0000235	submucosal macrophage	0	0	none	macrophage	histiocyte	0
comparison	CL:0000235	tissue-resident alveolar macrophage 1	0	0	none	macrophage	histiocyte	0
comparison	CL:0000236	B cell	1	1	canonical	B cell	B lymphocyte | B-cell | B-lymphocyte	0
comparison	CL:0000236	B cell acute lymphoblastic leukemia cell	0	0	none	B cell	B lymphocyte | B-cell | B-lymphocyte	0
comparison	CL:0000236	B cell from healthy control	0	0	none	B cell	B lymphocyte | B-cell | B-lymphocyte	0
comparison	CL:0000312	epidermal keratinocyte	1	0	none	keratinocyte		0
comparison	CL:0000322	alveolar epithelial type 2 bulk cell	0	0	none	pulmonary alveolar epithelial cell	alveolar epithelial cell | alveolus of lung epithelial cell | epithelial cell of alveolus of lung | pneumocyte | pneumonocyte	0
comparison	CL:0000352	naïve epiblast cell	0	0	none	epiblast cell		0
comparison	CL:0000359	vascular smooth muscle cell	1	1	exact_synonym	vascular associated smooth muscle cell	VSMC | vascular smooth muscle cell	0
comparison	CL:0000442	follicular dendritic cell	1	1	canonical	follicular dendritic cell		0
comparison	CL:0000451	BDCA-2-positive CD123-high dendritic cell	0	0	none	dendritic cell		0
comparison	CL:0000451	CCR7-negative dendritic cell	0	0	none	dendritic cell		0
comparison	CL:0000451	CD141+ conventional dendritic cell	0	0	none	dendritic cell		0
comparison	CL:0000451	CD1c+ conventional dendritic cell	0	0	none	dendritic cell		0
comparison	CL:0000451	blood dendritic cell	0	0	none	dendritic cell		0
comparison	CL:0000451	conventional dendritic cell	1	0	none	dendritic cell		0
comparison	CL:0000451	dendritic cell	1	1	canonical	dendritic cell		0
comparison	CL:0000451	tissue dendritic cell	0	0	none	dendritic cell		0
comparison	CL:0000451	type 2 dendritic cell	0	0	none	dendritic cell		0
comparison	CL:0000499	stromal cell	1	1	canonical	stromal cell		0
comparison	CL:0000501	granulosa cell	1	1	canonical	granulosa cell	granulosa cell of ovary	0
comparison	CL:0000503	healthy theca cell	0	0	none	theca cell		0
comparison	CL:0000528	nitrergic neuron	1	1	canonical	nitrergic neuron		0
comparison	CL:0000528	non-nitrergic neuron	0	0	none	nitrergic neuron		0
comparison	CL:0000540	NOS1-negative myenteric neuron	0	0	none	neuron	nerve cell	0
comparison	CL:0000540	globus pallidus internus core neuron	0	0	none	neuron	nerve cell	0
comparison	CL:0000540	globus pallidus internus shell neuron	0	0	none	neuron	nerve cell	0
comparison	CL:0000540	neuron	1	1	canonical	neuron	nerve cell	0
comparison	CL:0000540	neuronal cell	1	0	none	neuron	nerve cell	0
comparison	CL:0000540	nitrergic myenteric neuron	0	0	none	neuron	nerve cell	0
comparison	CL:0000540	upper-layer neuron	0	0	none	neuron	nerve cell	0
comparison	CL:0000542	circulating lymphocyte	0	0	none	lymphocyte		0
comparison	CL:0000542	lymphocyte	1	1	canonical	lymphocyte		0
comparison	CL:0000556	megakaryocyte-erythroid-mast progenitor	0	0	none	megakaryocyte	megacaryocyte | megalocaryocyte | megalokaryocyte	0
comparison	CL:0000557	fetal liver granulocyte and monocyte progenitor	0	0	none	granulocyte monocyte progenitor cell	colony forming unit granulocyte macrophage | granulocyte-macrophage progenitor | granulocyte/monocyte precursor | granulocyte/monocyte progenitor	0
comparison	CL:0000557	granulocyte-macrophage progenitor	1	1	exact_synonym	granulocyte monocyte progenitor cell	colony forming unit granulocyte macrophage | granulocyte-macrophage progenitor | granulocyte/monocyte precursor | granulocyte/monocyte progenitor	0
comparison	CL:0000557	neutrophil/monocyte progenitor	0	0	none	granulocyte monocyte progenitor cell	colony forming unit granulocyte macrophage | granulocyte-macrophage progenitor | granulocyte/monocyte precursor | granulocyte/monocyte progenitor	0
comparison	CL:0000573	cone photoreceptor	1	0	none	retinal cone cell		0
comparison	CL:0000573	peripheral cone photoreceptor	0	0	none	retinal cone cell		0
comparison	CL:0000576	CD14-1 monocyte	0	0	none	monocyte		0
comparison	CL:0000576	CD4+ monocyte	0	0	none	monocyte		0
comparison	CL:0000576	Control CD14+ monocyte	0	0	none	monocyte		0
comparison	CL:0000576	FCGR3A+ monocyte	0	0	none	monocyte		0
comparison	CL:0000576	Lupus-Dominant CD14+ monocyte	0	0	none	monocyte		0
comparison	CL:0000576	Shared CD14+ monocyte	0	0	none	monocyte		0
comparison	CL:0000576	monocyte	1	1	canonical	monocyte		0
comparison	CL:0000576	monocyte 1	1	0	none	monocyte		0
comparison	CL:0000576	monocyte 2	1	0	none	monocyte		0
comparison	CL:0000577	enterochromaffin cell	1	1	exact_synonym	type EC enteroendocrine cell	Kulchitsky cell | argentaffin cell | enterochromaffin cell	0
comparison	CL:0000598	pyramidal neuron	1	1	canonical	pyramidal neuron	projection neuron | pyramidal cell	0
comparison	CL:0000617	GABAergic neuron	1	1	canonical	GABAergic neuron	GABA-ergic neuron	0
comparison	CL:0000622	dedifferentiated acinar cell	0	0	none	acinar cell	acinic cell | acinous cell	0
comparison	CL:0000623	CD56-dim CD16-positive natural killer cell	0	0	none	natural killer cell	NK cell	0
comparison	CL:0000623	CD56BrightCD16-negative natural killer cell	0	0	none	natural killer cell	NK cell	0
comparison	CL:0000623	CD56DimCD16-positive natural killer cell	0	0	none	natural killer cell	NK cell	0
comparison	CL:0000623	CD56bright natural killer cell	0	0	none	natural killer cell	NK cell	0
comparison	CL:0000623	CX3CR1-positive natural killer cell	0	0	none	natural killer cell	NK cell	0
comparison	CL:0000623	CXCR6-positive natural killer cell	0	0	none	natural killer cell	NK cell	0
comparison	CL:0000623	conventional natural killer cell	0	0	none	natural killer cell	NK cell	0
comparison	CL:0000623	cytomegalovirus-adaptive natural killer cell	0	0	none	natural killer cell	NK cell	0
comparison	CL:0000623	natural killer cell	1	1	canonical	natural killer cell	NK cell	0
comparison	CL:0000623	natural killer cell subset	0	0	none	natural killer cell	NK cell	0
comparison	CL:0000623	non-cycling T and natural killer cell	0	0	none	natural killer cell	NK cell	0
comparison	CL:0000625	unexpanded CD8 T cell	0	0	none	CD8-positive, alpha-beta T cell	CD8-positive, alpha-beta T lymphocyte | CD8-positive, alpha-beta T-cell | CD8-positive, alpha-beta T-lymphocyte	0
comparison	CL:0000632	hepatic stellate cell 2	0	0	none	hepatic stellate cell	Ito cell | hepatic perisinusoidal cell | perisinusoidal cell	0
comparison	CL:0000632	hepatic stellate cell cluster 2	0	0	none	hepatic stellate cell	Ito cell | hepatic perisinusoidal cell | perisinusoidal cell	0
comparison	CL:0000632	hepatic stellate cell population one	0	0	none	hepatic stellate cell	Ito cell | hepatic perisinusoidal cell | perisinusoidal cell	0
comparison	CL:0000646	basal cell	1	1	canonical	basal cell		0
comparison	CL:0000646	committed basal cell	0	0	none	basal cell		0
comparison	CL:0000669	pericyte	1	1	canonical	pericyte	ARC | adventitial reticular cell | cell of Rouget | pericyte cell | pericyte of Rouget	0
comparison	CL:0000679	glutamatergic neuron	1	1	canonical	glutamatergic neuron		0
comparison	CL:0000700	dopaminergic neuron	1	1	canonical	dopaminergic neuron	dopaminergic cell	0
comparison	CL:0000738	immune cell	1	0	none	leukocyte	WBC | leucocyte | white blood cell	0
comparison	CL:0000738	other immune cell	0	0	none	leukocyte	WBC | leucocyte | white blood cell	0
comparison	CL:0000745	horizontal cell type H1	0	0	none	retina horizontal cell	horizontal cell	0
comparison	CL:0000745	horizontal cell type H2	0	0	none	retina horizontal cell	horizontal cell	0
comparison	CL:0000746	atrial cardiomyocyte	0	0	none	cardiac muscle cell	cardiac muscle fiber | cardiac myocyte | cardiomyocyte | heart muscle cell	0
comparison	CL:0000746	cardiomyocyte	1	1	exact_synonym	cardiac muscle cell	cardiac muscle fiber | cardiac myocyte | cardiomyocyte | heart muscle cell	0
comparison	CL:0000746	cardiomyocyte cluster 1	0	0	none	cardiac muscle cell	cardiac muscle fiber | cardiac myocyte | cardiomyocyte | heart muscle cell	0
comparison	CL:0000746	ventricular cardiomyocyte	0	0	none	cardiac muscle cell	cardiac muscle fiber | cardiac myocyte | cardiomyocyte | heart muscle cell	0
comparison	CL:0000763	myeloid cell	1	1	canonical	myeloid cell		0
comparison	CL:0000775	high-density neutrophil	0	0	none	neutrophil	neutrocyte | neutrophil leucocyte | neutrophil leukocyte | neutrophilic leucocyte | neutrophilic leukocyte	0
comparison	CL:0000775	immature low density neutrophil	0	0	none	neutrophil	neutrocyte | neutrophil leucocyte | neutrophil leukocyte | neutrophilic leucocyte | neutrophilic leukocyte	0
comparison	CL:0000775	low-density neutrophil	0	0	none	neutrophil	neutrocyte | neutrophil leucocyte | neutrophil leukocyte | neutrophilic leucocyte | neutrophilic leukocyte	0
comparison	CL:0000782	conventional myeloid dendritic cell	0	0	none	myeloid dendritic cell	CD11c+CD123- DC | mDC	0
comparison	CL:0000782	myeloid dendritic cell	1	1	canonical	myeloid dendritic cell	CD11c+CD123- DC | mDC	0
comparison	CL:0000785	mature B cell	1	1	canonical	mature B cell	mature B lymphocyte | mature B-cell | mature B-lymphocyte	0
comparison	CL:0000786	B cell and plasma cell	0	0	none	plasma cell	plasma B cell | plasma B-cell | plasmacyte | plasmocyte	0
comparison	CL:0000786	plasma cell	1	1	canonical	plasma cell	plasma B cell | plasma B-cell | plasmacyte | plasmocyte	0
comparison	CL:0000787	conventional memory B cell	0	0	none	memory B cell	memory B lymphocyte | memory B-cell | memory B-lymphocyte	0
comparison	CL:0000787	memory B-cell	1	1	exact_synonym	memory B cell	memory B lymphocyte | memory B-cell | memory B-lymphocyte	0
comparison	CL:0000806	double negative 2 cell	0	0	none	DN2 thymocyte	DN2 alpha-beta immature T lymphocyte | DN2 alpha-beta immature T-cell | DN2 alpha-beta immature T-lymphocyte | DN2 cell | DN2 immature T cell | TN2 cell | TN2 thymocyte | double negative 2 | preT.DN2.Th	0
comparison	CL:0000813	CD103+ tissue-resident memory T cell	0	0	none	memory T cell	memory T lymphocyte | memory T-cell | memory T-lymphocyte	0
comparison	CL:0000813	CD103+CD161+CCR5+ CD4+ tissue-resident memory T cell	0	0	none	memory T cell	memory T lymphocyte | memory T-cell | memory T-lymphocyte	0
comparison	CL:0000813	circulating memory T cell	0	0	none	memory T cell	memory T lymphocyte | memory T-cell | memory T-lymphocyte	0
comparison	CL:0000813	tissue-resident memory T cell	0	0	none	memory T cell	memory T lymphocyte | memory T-cell | memory T-lymphocyte	0
comparison	CL:0000814	natural killer T cell	1	0	none	mature NK T cell	mature NK T lymphocyte | mature NK T-cell | mature NK T-lymphocyte | mature NKT cell | mature natural killer T cell | mature natural killer T lymphocyte | mature natural killer T-cell | mature natural killer T-lymphocyte	0
comparison	CL:0000815	IL1R1-negative regulatory T cell	0	0	none	regulatory T cell	Treg | regulatory T lymphocyte | regulatory T-cell | regulatory T-lymphocyte	0
comparison	CL:0000815	regulatory T cell	1	1	canonical	regulatory T cell	Treg | regulatory T lymphocyte | regulatory T-cell | regulatory T-lymphocyte	0
comparison	CL:0000817	progenitor/precursor B cell	0	0	none	precursor B cell		0
comparison	CL:0000826	pro-B cell	1	1	canonical	pro-B cell	pro-B lymphocyte | pro-B-cell | pro-B-lymphocyte | progenitor B cell | progenitor B lymphocyte | progenitor B-cell | progenitor B-lymphocyte	0
comparison	CL:0000837	adult hepatobiliary hybrid progenitor cell	0	0	none	hematopoietic multipotent progenitor cell	MPP | hemopoietic progenitor cell	0
comparison	CL:0000837	alveolar progenitor cell	0	0	none	hematopoietic multipotent progenitor cell	MPP | hemopoietic progenitor cell	0
comparison	CL:0000837	foetal hepatobiliary hybrid progenitor cell	0	0	none	hematopoietic multipotent progenitor cell	MPP | hemopoietic progenitor cell	0
comparison	CL:0000837	hepatobiliary hybrid progenitor cell	0	0	none	hematopoietic multipotent progenitor cell	MPP | hemopoietic progenitor cell	0
comparison	CL:0000837	luminal progenitor cell	0	0	none	hematopoietic multipotent progenitor cell	MPP | hemopoietic progenitor cell	0
comparison	CL:0000837	nephron progenitor cell	0	0	none	hematopoietic multipotent progenitor cell	MPP | hemopoietic progenitor cell	0
comparison	CL:0000837	nucleus pulposus progenitor cell subcluster 4	0	0	none	hematopoietic multipotent progenitor cell	MPP | hemopoietic progenitor cell	0
comparison	CL:0000837	progenitor cell	1	0	none	hematopoietic multipotent progenitor cell	MPP | hemopoietic progenitor cell	0
comparison	CL:0000844	dark zone germinal center B cell	0	0	none	germinal center B cell	GC B cell | GC B lymphocyte | GC B-cell | GC B-lymphocyte | germinal center B lymphocyte | germinal center B-cell | germinal center B-lymphocyte	0
comparison	CL:0000910	CD4+ cytotoxic T lymphocyte effector cell	0	0	none	cytotoxic T cell	cytotoxic T lymphocyte | cytotoxic T-cell | cytotoxic T-lymphocyte	0
comparison	CL:0000910	CD4+ cytotoxic T lymphocyte precursor cell	0	0	none	cytotoxic T cell	cytotoxic T lymphocyte | cytotoxic T-cell | cytotoxic T-lymphocyte	0
comparison	CL:0000910	CX3CR1-positive cytotoxic T cell	0	0	none	cytotoxic T cell	cytotoxic T lymphocyte | cytotoxic T-cell | cytotoxic T-lymphocyte	0
comparison	CL:0000910	cytotoxic T cell	1	1	canonical	cytotoxic T cell	cytotoxic T lymphocyte | cytotoxic T-cell | cytotoxic T-lymphocyte	0
comparison	CL:0000910	cytotoxic T lymphocyte	1	1	exact_synonym	cytotoxic T cell	cytotoxic T lymphocyte | cytotoxic T-cell | cytotoxic T-lymphocyte	0
comparison	CL:0000940	classical mucosal-associated invariant T cell	0	0	none	mucosal-associated invariant T cell	mucosal invariant T cell | mucosal invariant T lymphocyte | mucosal invariant T-cell | mucosal invariant T-lymphocyte | mucosal-associated invariant T lymphocyte | mucosal-associated invariant T-cell | mucosal-associated invariant T-lymphocyte	0
comparison	CL:0000980	immunoglobulin-negative plasmablast	0	0	none	plasmablast	CD27-positive, CD38-positive, CD20-negative B cell	0
comparison	CL:0000980	plasmablast cluster 0/1	0	0	none	plasmablast	CD27-positive, CD38-positive, CD20-negative B cell	0
comparison	CL:0000980	plasmablast cluster 2 and 3	0	0	none	plasmablast	CD27-positive, CD38-positive, CD20-negative B cell	0
comparison	CL:0000985	IgG plasma cell	1	1	canonical	IgG plasma cell		0
comparison	CL:0000990	conventional dendritic cell type 1	1	0	none	conventional dendritic cell	DC1 | cDC | dendritic reticular cell | type 1 DC	0
comparison	CL:0000990	conventional dendritic cell type 2	1	0	none	conventional dendritic cell	DC1 | cDC | dendritic reticular cell | type 1 DC	0
comparison	CL:0000990	precursor conventional dendritic cell type 1	0	0	none	conventional dendritic cell	DC1 | cDC | dendritic reticular cell | type 1 DC	0
comparison	CL:0001054	CD14-positive monocyte	1	1	canonical	CD14-positive monocyte		0
comparison	CL:0001063	non-neoplastic cell	0	0	none	neoplastic cell		0
comparison	CL:0001063	non-tumor cell	0	0	none	neoplastic cell		0
comparison	CL:0001063	pancreatic ductal tumor cell	0	0	none	neoplastic cell		0
comparison	CL:0001065	innate lymphoid cell	1	1	canonical	innate lymphoid cell		0
comparison	CL:0001065	innate lymphoid cell type 1a	0	0	none	innate lymphoid cell		0
comparison	CL:0001065	innate lymphoid cell type 3a	0	0	none	innate lymphoid cell		0
comparison	CL:0001065	other innate lymphoid cell	0	0	none	innate lymphoid cell		0
comparison	CL:0001065	other innate lymphoid cell group	0	0	none	innate lymphoid cell		0
comparison	CL:0001065	other innate lymphoid cell population	0	0	none	innate lymphoid cell		0
comparison	CL:0001065	type 3 innate lymphoid cell	0	0	none	innate lymphoid cell		0
comparison	CL:0001068	ILC1 subset	0	0	none	ILC1		0
comparison	CL:0002010	CD172a+ pre-conventional dendritic cell	0	0	none	pre-conventional dendritic cell		0
comparison	CL:0002010	CD172a− pre-conventional dendritic cell	0	0	none	pre-conventional dendritic cell		0
comparison	CL:0002063	ZIP8-positive type 2 alveolar epithelial cell	0	0	none	pulmonary alveolar type 2 cell	cuboidal type II cell | granular pneumocyte | great alveolar cell | lung type 2 cell | type 2 alveolar epithelial cell | type 2 alveolocyte | type 2 pneumocyte | type II alveolar cell | type II alveolar epithelial cell | type II alveolocyte | type II pneumocyte	0
comparison	CL:0002063	healthy type 2 alveolar epithelial cell	0	0	none	pulmonary alveolar type 2 cell	cuboidal type II cell | granular pneumocyte | great alveolar cell | lung type 2 cell | type 2 alveolar epithelial cell | type 2 alveolocyte | type 2 pneumocyte | type II alveolar cell | type II alveolar epithelial cell | type II alveolocyte | type II pneumocyte	0
comparison	CL:0002079	ductal cell	1	0	none	pancreatic ductal cell		0
comparison	CL:0002144	general capillary endothelial cell	0	0	none	capillary endothelial cell		0
comparison	CL:0002144	venous and capillary endothelial cell	0	0	none	capillary endothelial cell		0
comparison	CL:0002211	Type I muscle fiber	1	1	exact_synonym	type I muscle cell	slow twitch fiber | slow twitch muscle cell | slow twitch muscle fiber | slow-twitch muscle fiber | type 1 muscle cell | type 1 muscle fiber | type I muscle fiber	0
comparison	CL:0002214	Type IIa muscle fiber	1	1	exact_synonym	type IIa muscle cell	fast twitch A | fatigue resistant fast twitch muscle cell | type 2a muscle cell | type 2a muscle fiber | type IIa muscle fiber	0
comparison	CL:0002248	primed human pluripotent stem cell	0	0	none	pluripotent stem cell		0
comparison	CL:0002250	small intestine intestinal stem cell	0	0	none	intestinal crypt stem cell	stem cell of intestinal crypt of Lieberkuhn	0
comparison	CL:0002303	pigmented ciliary epithelial cell	1	1	canonical	pigmented ciliary epithelial cell	PE cell	0
comparison	CL:0002321	male embryonic cell	0	0	none	embryonic cell (metazoa)		0
comparison	CL:0002322	embryonic stem cell	1	1	canonical	embryonic stem cell	ESC	0
comparison	CL:0002350	endocardial endothelial cell	1	1	exact_synonym	endocardial cell	endocardial endothelial cell | endothelial cell of endocardium	0
comparison	CL:0002364	cortical thymic epithelial cell	1	1	canonical	cortical thymic epithelial cell	cTEC	0
comparison	CL:0002365	medullary thymic epithelial cell	1	1	canonical	medullary thymic epithelial cell	mTEC	0
comparison	CL:0002410	pancreatic stellate cell	1	1	canonical	pancreatic stellate cell	PaSC | pancreas stellate cell	0
comparison	CL:0002453	oligodendrocyte precursor cell	1	1	canonical	oligodendrocyte precursor cell		0
comparison	CL:0002453	oligodendrocyte precursor cell cluster C13	0	0	none	oligodendrocyte precursor cell		0
comparison	CL:0002551	papillary dermal fibroblast	0	0	none	fibroblast of dermis		0
comparison	CL:0002551	reticular dermal fibroblast	0	0	none	fibroblast of dermis		0
comparison	CL:0002672	peripheral primary retinal progenitor cell	0	0	none	retinal progenitor cell		0
comparison	CL:0002672	retinal progenitor cell	1	1	canonical	retinal progenitor cell		0
comparison	CL:0002677	naive regulatory T cell subcluster Treg.1	0	0	none	naive regulatory T cell	naive regulatory T lymphocyte | naive regulatory T-cell | naive regulatory T-lymphocyte	0
comparison	CL:0003049	L/M-cone	0	0	none	M cone cell	M cone | M-cone | middle wavelength sensitive cone | middle- (M) wavelength-sensitive cone | middle-wavelength-sensitive (M) cone	0
comparison	CL:0003050	S-cone	1	1	exact_synonym	S cone cell	S cone | S-(short-wavelength sensitive) cone | S-cone | S-cone photoreceptor | short wavelength sensitive cone | short- (S) wavelength-sensitive cone | short-wavelength sensitive cone | short-wavelength-sensitive (S) cone	0
comparison	CL:0008019	EpCAM-negative mesenchymal cell	0	0	none	mesenchymal cell	mesenchyme cell	0
comparison	CL:0008019	intestine mesenchymal cell	0	0	none	mesenchymal cell	mesenchyme cell	0
comparison	CL:0008019	lung mesenchymal cell	0	0	none	mesenchymal cell	mesenchyme cell	0
comparison	CL:0008019	mesenchymal cell	1	1	canonical	mesenchymal cell	mesenchyme cell	0
comparison	CL:0008031	immature cortical interneuron	0	0	none	cortical interneuron	cerebral cortex interneuron	0
comparison	CL:0008036	interstitial extravillous trophoblast	0	0	none	extravillous trophoblast	EVT | extravillous cytotrophloblast	0
comparison	CL:0009041	colon tuft cell	1	1	exact_synonym	tuft cell of colon	colon tuft cell	0
comparison	CL:0011020	epicardial progenitor	0	0	none	neural progenitor cell		0
comparison	CL:0011020	late progenitor	0	0	none	neural progenitor cell		0
comparison	CL:0011020	lineage-restricted progenitor	0	0	none	neural progenitor cell		0
comparison	CL:0011020	luminal progenitor cluster 0	0	0	none	neural progenitor cell		0
comparison	CL:0011020	progenitor	1	0	none	neural progenitor cell		0
comparison	CL:0011020	progenitor population	0	0	none	neural progenitor cell		0
comparison	CL:0011020	progenitor subgroup	0	0	none	neural progenitor cell		0
comparison	CL:0011115	luminal adaptive secretory precursor cell	0	0	none	precursor cell		0
comparison	CL:0017004	CD34-positive telocyte	0	0	none	telocyte		0
comparison	CL:0020031	exhausted CD8-positive T cell	1	1	exact_synonym	CD8-positive exhausted alpha-beta T cell	CD8+ exhausted T lymphocyte | exhausted CD8 T cell | exhausted CD8-positive T cell	0
comparison	CL:1000271	ciliated 1 cell	0	0	none	lung multiciliated epithelial cell	lung ciliated cell	0
comparison	CL:1000398	fetal liver sinusoidal endothelial cell	0	0	none	endothelial cell of hepatic sinusoid	LSEC | endotheliocyte of hepatic sinusoid | liver sinusoidal endothelial cell	0
comparison	CL:1000398	liver sinusoidal endothelial cell	1	1	exact_synonym	endothelial cell of hepatic sinusoid	LSEC | endotheliocyte of hepatic sinusoid | liver sinusoidal endothelial cell	0
comparison	CL:1001033	peritubular capillary endothelial cell	1	1	canonical	peritubular capillary endothelial cell		0
comparison	CL:4023059	committed oligodendrocyte precursor cell	0	0	none	committed oligodendrocyte precursor	COP | differentiation-committed oligodendrocyte precursor	0
comparison	CL:4030000	uveal melanocyte	1	1	exact_synonym	choroidal melanocyte	uveal melanocyte	0
comparison	CL:4033015	retinal astrocyte	1	1	canonical	retinal astrocyte		0
comparison	CL:4033054	perivascular cell	1	1	canonical	perivascular cell		0
comparison	CL:4033066	pre-granulosa cell	1	1	canonical	pre-granulosa cell	ovarian pregranulosa cell | pregranulosa cell	0
comparison	CL:4033094	age-associated B cell	1	1	canonical	age-associated B cell		0
comparison	CL:4047101	liver-resident natural killer cell	1	1	canonical	liver-resident natural killer cell	he-NK | hepatic NK | hepatic natural killer cells | intrahepatic NK | liver NK cell | liver resident natural killer cell | liver-specific natural killer cell | lr-NK	0
