paper_key	claim_key	target_label	comparison_label	comparison_curie	provenance	exact	target_key
biorxiv:01e5e65d-751c-1014-a8e3-b5f1d7a951ab	biorxiv:01e5e65d-751c-1014-a8e3-b5f1d7a951ab:claim:2fc9e991a74dbc7bf01b	T-cell	healthy control		explicit		t cell
biorxiv:0900c414-6db3-1014-86e7-ea4583587c92	biorxiv:0900c414-6db3-1014-86e7-ea4583587c92:claim:9f2258b318b3d5b44162	lysozyme-positive colon cancer cell	lysozyme-negative cancer cell		explicit		lysozyme positive colon cancer cell
biorxiv:09d40fbc-6c3d-1014-b39f-eee50a07ad3b	biorxiv:09d40fbc-6c3d-1014-b39f-eee50a07ad3b:claim:dccb05339aecac72328d	intrahepatic cholangiocyte organoid	primary human hepatocyte	CL:0000182	explicit	0.0	intrahepatic cholangiocyte organoid
biorxiv:0c5b4463-70b4-1014-b7ae-f953f2710002	biorxiv:0c5b4463-70b4-1014-b7ae-f953f2710002:claim:6928c3a2d1cd4ef6530e	mature normal density neutrophil	immature low density neutrophil	CL:0000775	implicit	0.0	mature normal density neutrophil
biorxiv:1819420a-7028-1014-9d82-b8532c727b67	biorxiv:1819420a-7028-1014-9d82-b8532c727b67:claim:04de0ad68d2fddba435b	globus pallidus internus shell neuron	globus pallidus internus core neuron	CL:0000540	explicit	0.0	globus pallidus internus shell neuron
biorxiv:1819420a-7028-1014-9d82-b8532c727b67	biorxiv:1819420a-7028-1014-9d82-b8532c727b67:claim:7a81ce9218a9716d28c4	globus pallidus internus core neuron	globus pallidus internus shell neuron	CL:0000540	explicit	0.0	globus pallidus internus core neuron
biorxiv:1898c531-75b0-1014-a18a-e291a49d1496	biorxiv:1898c531-75b0-1014-a18a-e291a49d1496:claim:f8f16db1e2211e562a78	pericyte	smooth muscle cell	CL:0000192	explicit	1.0	pericyte
biorxiv:1e500b21-6c04-1014-adde-c104b14bbdad	biorxiv:1e500b21-6c04-1014-adde-c104b14bbdad:claim:0deb22208e657f75bc5e	PD-1+ CD8+ T cell metacluster B/C	terminally-differentiated and dividing PD-1+ CD8+ T cell	CL:0000084	explicit	0.0	pd 1 cd8 t cell metacluster b c
biorxiv:1e500b21-6c04-1014-adde-c104b14bbdad	biorxiv:1e500b21-6c04-1014-adde-c104b14bbdad:claim:ef3412d6abeb9f9e9d39	PD-1+ CD8+ T cell metacluster C	PD-1+ CD8+ T cell metacluster B	CL:0000084	implicit	0.0	pd 1 cd8 t cell metacluster c
biorxiv:1efd9fbe-6f02-1014-8df4-f37a8d806beb	biorxiv:1efd9fbe-6f02-1014-8df4-f37a8d806beb:claim:ec5061a82b4f907de847	monocyte-derived dendritic cell-like cell	conventional myeloid dendritic cell	CL:0000782	explicit	0.0	monocyte derived dendritic cell like cell
biorxiv:20db10ff-6d71-1014-91a5-bffabd7bad90	biorxiv:20db10ff-6d71-1014-91a5-bffabd7bad90:claim:26f5a0237c0db40bfaed	melanoma cell	fibroblast	CL:0000057	explicit	1.0	melanoma cell
biorxiv:2746af96-6da7-1014-ab14-859a63e4801c	biorxiv:2746af96-6da7-1014-ab14-859a63e4801c:claim:3f353b57c45287c62093	human embryonic stem cell	endothelial cell	CL:0000115	explicit	1.0	human embryonic stem cell
biorxiv:2746af96-6da7-1014-ab14-859a63e4801c	biorxiv:2746af96-6da7-1014-ab14-859a63e4801c:claim:47ad05fb01a5e457ce35	endothelial cell	epithelial cell	CL:0000066	explicit	1.0	endothelial cell
biorxiv:315fa881-726d-1014-9d3d-bbe9b5731a1d	biorxiv:315fa881-726d-1014-9d3d-bbe9b5731a1d:claim:0ff13c26dc3c8194b197	Vγ9Vδ2 gamma delta T cell	gamma delta T cell		explicit		vγ9vδ2 gamma delta t cell
biorxiv:315fa881-726d-1014-9d3d-bbe9b5731a1d	biorxiv:315fa881-726d-1014-9d3d-bbe9b5731a1d:claim:47506d94cb4e7e60a2e8	CD56BrightCD16-negative natural killer cell	CD56DimCD16-positive natural killer cell	CL:0000623	explicit	0.0	cd56brightcd16 negative natural killer cell
biorxiv:315fa881-726d-1014-9d3d-bbe9b5731a1d	biorxiv:315fa881-726d-1014-9d3d-bbe9b5731a1d:claim:f7a484e01358a3ec162f	CD56DimCD16-positive natural killer cell	CD56BrightCD16-negative natural killer cell	CL:0000623	explicit	0.0	cd56dimcd16 positive natural killer cell
biorxiv:35208be1-70ce-1014-9f75-f7d24dac9096	biorxiv:35208be1-70ce-1014-9f75-f7d24dac9096:claim:708f45821e703eb5372f	megakaryocyte-biased megakaryocyte-erythroid progenitor	erythroid-biased megakaryocyte-erythroid progenitor	CL:0000038	explicit	0.0	megakaryocyte biased megakaryocyte erythroid progenitor
biorxiv:35208be1-70ce-1014-9f75-f7d24dac9096	biorxiv:35208be1-70ce-1014-9f75-f7d24dac9096:claim:d4654ce129a6e66c7d38	erythroid-biased megakaryocyte-erythroid progenitor	megakaryocyte-biased megakaryocyte-erythroid progenitor	CL:0000038	explicit	0.0	erythroid biased megakaryocyte erythroid progenitor
biorxiv:37af1a73-74bd-1014-bb95-96ab82111b0d	biorxiv:37af1a73-74bd-1014-bb95-96ab82111b0d:claim:c0c47690c564ef1aac2a	beta cell	other cell types		explicit		beta cell
biorxiv:3912ca11-6e98-1014-9c67-9a3ee3e3b07f	biorxiv:3912ca11-6e98-1014-9c67-9a3ee3e3b07f:claim:7cf3a97f899078daa011	liver sinusoidal endothelial cell	endothelial cell	CL:0000115	explicit	1.0	liver sinusoidal endothelial cell
biorxiv:3912ca11-6e98-1014-9c67-9a3ee3e3b07f	biorxiv:3912ca11-6e98-1014-9c67-9a3ee3e3b07f:claim:8f981b9b330c605e3178	endothelial cell	macrophage	CL:0000235	explicit	1.0	endothelial cell
biorxiv:3912ca11-6e98-1014-9c67-9a3ee3e3b07f	biorxiv:3912ca11-6e98-1014-9c67-9a3ee3e3b07f:claim:8f981b9b330c605e3178	endothelial cell	dendritic cell	CL:0000451	explicit	1.0	endothelial cell
biorxiv:396ad855-6e2e-1014-85f5-9bd33dea0f81	biorxiv:396ad855-6e2e-1014-85f5-9bd33dea0f81:claim:2cd70176d40718e14039	FCGR3A+ monocyte	CD14+ monocyte and macrophage	CL:0000235	explicit	0.0	fcgr3a monocyte
biorxiv:396ad855-6e2e-1014-85f5-9bd33dea0f81	biorxiv:396ad855-6e2e-1014-85f5-9bd33dea0f81:claim:49199d2f06a19c0f41bd	CD8+ T cell	CD4+ T cell	CL:0000084	explicit	1.0	cd8 t cell
biorxiv:396ad855-6e2e-1014-85f5-9bd33dea0f81	biorxiv:396ad855-6e2e-1014-85f5-9bd33dea0f81:claim:6b5f0e7be51b66eac7de	CD4+ T cell	CD8+ T cell	CL:0000084	explicit	1.0	cd4 t cell
biorxiv:396ad855-6e2e-1014-85f5-9bd33dea0f81	biorxiv:396ad855-6e2e-1014-85f5-9bd33dea0f81:claim:acd5a76fc62b5ce0c450	CD14+ monocyte and macrophage	FCGR3A+ monocyte	CL:0000576	explicit	0.0	cd14 monocyte and macrophage
biorxiv:40f54d15-6bfe-1014-9477-a1fa2d43a574	biorxiv:40f54d15-6bfe-1014-9477-a1fa2d43a574:claim:1e62444171d954a6b9db	arterial endothelial cell	vein-derived endothelial cell	CL:0000115	explicit	0.0	arterial endothelial cell
biorxiv:48122146-7aab-1014-a240-edfb3f67c90f	biorxiv:48122146-7aab-1014-a240-edfb3f67c90f:claim:1f3f7f2ab7cdacb8216d	chondrocyte	induced mesenchymal stem cell	CL:0000134	explicit	0.0	chondrocyte
biorxiv:48122146-7aab-1014-a240-edfb3f67c90f	biorxiv:48122146-7aab-1014-a240-edfb3f67c90f:claim:5ba232f301ccbc75ef74	pluripotent stem cell	induced mesenchymal stem cell	CL:0000134	explicit	0.0	pluripotent stem cell
biorxiv:4c4207c3-7213-1014-8a55-9b25fcf723e1	biorxiv:4c4207c3-7213-1014-8a55-9b25fcf723e1:claim:1f1a50a6565dfde612e4	WGA-high memory CD4+ T cell	WGA-low memory CD4+ T cell	CL:0000084	explicit	0.0	wga high memory cd4 t cell
biorxiv:4c4207c3-7213-1014-8a55-9b25fcf723e1	biorxiv:4c4207c3-7213-1014-8a55-9b25fcf723e1:claim:c6dff55f213f54899f11	WGA-high memory CD4+ T cell	WGA-low memory CD4+ T cell	CL:0000084	explicit	0.0	wga high memory cd4 t cell
biorxiv:4c4207c3-7213-1014-8a55-9b25fcf723e1	biorxiv:4c4207c3-7213-1014-8a55-9b25fcf723e1:claim:cc75e3e2b7643b52e5d8	WGA-low memory CD4+ T cell	WGA-high memory CD4+ T cell	CL:0000084	explicit	0.0	wga low memory cd4 t cell
biorxiv:4c4207c3-7213-1014-8a55-9b25fcf723e1	biorxiv:4c4207c3-7213-1014-8a55-9b25fcf723e1:claim:f772026ac3062732a2d9	WGA-high memory CD4+ T cell	WGA-low memory CD4+ T cell	CL:0000084	explicit	0.0	wga high memory cd4 t cell
biorxiv:4d508308-6c00-1014-97df-8810bda21050	biorxiv:4d508308-6c00-1014-97df-8810bda21050:claim:5dcc6831db1b2869478d	abortive lytic cell	unstimulated cell		explicit		abortive lytic cell
biorxiv:4d508308-6c00-1014-97df-8810bda21050	biorxiv:4d508308-6c00-1014-97df-8810bda21050:claim:5dcc6831db1b2869478d	abortive lytic cell	lytic cell		explicit		abortive lytic cell
biorxiv:4d508308-6c00-1014-97df-8810bda21050	biorxiv:4d508308-6c00-1014-97df-8810bda21050:claim:6d40a3117678d34c3a93	late lytic cell	gp350-negative cell		explicit		late lytic cell
biorxiv:4d508308-6c00-1014-97df-8810bda21050	biorxiv:4d508308-6c00-1014-97df-8810bda21050:claim:a86a6e0ebec15a6d2579	unstimulated cell	abortive lytic cell		explicit		unstimulated cell
biorxiv:4d508308-6c00-1014-97df-8810bda21050	biorxiv:4d508308-6c00-1014-97df-8810bda21050:claim:a86a6e0ebec15a6d2579	unstimulated cell	lytic cell		explicit		unstimulated cell
biorxiv:4efb5f41-6da6-1014-a51d-ce90ae1a09db	biorxiv:4efb5f41-6da6-1014-a51d-ce90ae1a09db:claim:569a7d0ffa31602b426a	G1 cycling cell	non-cycling cell		explicit		g1 cycling cell
biorxiv:53fe4c58-6d7e-1014-9234-a9ab6cb90679	biorxiv:53fe4c58-6d7e-1014-9234-a9ab6cb90679:claim:0a13d17d86455a59dfa9	muscularis mucosae smooth muscle cell	myocyte	CL:0000187	explicit	1.0	muscularis mucosae smooth muscle cell
biorxiv:53fe4c58-6d7e-1014-9234-a9ab6cb90679	biorxiv:53fe4c58-6d7e-1014-9234-a9ab6cb90679:claim:774b75216cafbedfed51	interstitial cell of Cajal	smooth muscle cell	CL:0000192	explicit	1.0	interstitial cell of cajal
biorxiv:53fe4c58-6d7e-1014-9234-a9ab6cb90679	biorxiv:53fe4c58-6d7e-1014-9234-a9ab6cb90679:claim:e580e3ae2d33ff5201c5	muscularis propria smooth muscle cell	myocyte	CL:0000187	explicit	1.0	muscularis propria smooth muscle cell
biorxiv:54c905c7-6e9f-1014-9168-935cc2dc841b	biorxiv:54c905c7-6e9f-1014-9168-935cc2dc841b:claim:9f14642e977031473f8e	LBT003 glioblastoma stem cell	glioblastoma stem cell culture	CL:0000034	explicit	0.0	lbt003 glioblastoma stem cell
biorxiv:558bd04f-7a31-1014-843e-87e03b8b4f81	biorxiv:558bd04f-7a31-1014-843e-87e03b8b4f81:claim:4aea11acc0ab847999a1	macrophage-like smooth muscle cell 8	macrophage	CL:0000235	explicit	1.0	macrophage like smooth muscle cell 8
biorxiv:558bd04f-7a31-1014-843e-87e03b8b4f81	biorxiv:558bd04f-7a31-1014-843e-87e03b8b4f81:claim:70daee5a5c61a9b5a254	macrophage-like smooth muscle cell	contractile smooth muscle cell	CL:0000192	explicit	0.0	macrophage like smooth muscle cell
biorxiv:558bd04f-7a31-1014-843e-87e03b8b4f81	biorxiv:558bd04f-7a31-1014-843e-87e03b8b4f81:claim:7dd2d949853083bcf561	macrophage-like smooth muscle cell 8	smooth muscle cell	CL:0000192	explicit	1.0	macrophage like smooth muscle cell 8
biorxiv:558bd04f-7a31-1014-843e-87e03b8b4f81	biorxiv:558bd04f-7a31-1014-843e-87e03b8b4f81:claim:ab842203cd30a8f3b955	macrophage-like smooth muscle cell	contractile smooth muscle cell	CL:0000192	explicit	0.0	macrophage like smooth muscle cell
biorxiv:558bd04f-7a31-1014-843e-87e03b8b4f81	biorxiv:558bd04f-7a31-1014-843e-87e03b8b4f81:claim:ae1a2544fdb58b8ea713	macrophage-like smooth muscle cell 8	contractile smooth muscle cell 1	CL:0000192	explicit	0.0	macrophage like smooth muscle cell 8
biorxiv:558bd04f-7a31-1014-843e-87e03b8b4f81	biorxiv:558bd04f-7a31-1014-843e-87e03b8b4f81:claim:bfe088c2d6d9a850eff7	macrophage-like smooth muscle cell 8	synthetic smooth muscle cell	CL:0000192	explicit	0.0	macrophage like smooth muscle cell 8
biorxiv:55d0fee5-7079-1014-8ef3-9aa3522a8f21	biorxiv:55d0fee5-7079-1014-8ef3-9aa3522a8f21:claim:01890b752eb109eeaa59	monocyte	lymphocyte	CL:0000542	explicit	1.0	monocyte
biorxiv:55d0fee5-7079-1014-8ef3-9aa3522a8f21	biorxiv:55d0fee5-7079-1014-8ef3-9aa3522a8f21:claim:fc3ce8ccae968a9fbe8b	lymphocyte	monocyte	CL:0000576	explicit	1.0	lymphocyte
biorxiv:581b3311-6d06-1014-8bb1-e34795ede71e	biorxiv:581b3311-6d06-1014-8bb1-e34795ede71e:claim:8aeb46ba00ad0ab14bb7	neuroepithelial stem cell	radial glia	CL:0000125	explicit	0.0	neuroepithelial stem cell
biorxiv:5c1d40eb-7190-1014-a458-8ab6cf3c7650	biorxiv:5c1d40eb-7190-1014-a458-8ab6cf3c7650:claim:82241d97330d0fe15c01	ductal-like cell	myoepithelial-like cell		explicit		ductal like cell
biorxiv:5c1d40eb-7190-1014-a458-8ab6cf3c7650	biorxiv:5c1d40eb-7190-1014-a458-8ab6cf3c7650:claim:ae12f8ec8339ae4438b7	ductal-like cell	myoepithelial-like cell		explicit		ductal like cell
biorxiv:5c1d40eb-7190-1014-a458-8ab6cf3c7650	biorxiv:5c1d40eb-7190-1014-a458-8ab6cf3c7650:claim:e214e07947480a280293	ductal-like cell	myoepithelial-like cell		explicit		ductal like cell
biorxiv:5c1d40eb-7190-1014-a458-8ab6cf3c7650	biorxiv:5c1d40eb-7190-1014-a458-8ab6cf3c7650:claim:e9cacc9c63ab3c2f4e4b	myoepithelial-like cell	ductal-like cell		explicit		myoepithelial like cell
biorxiv:5c1d40eb-7190-1014-a458-8ab6cf3c7650	biorxiv:5c1d40eb-7190-1014-a458-8ab6cf3c7650:claim:fc5b8976bac883a81c83	myoepithelial-like cell	ductal-like cell		explicit		myoepithelial like cell
biorxiv:5c1d40eb-7190-1014-a458-8ab6cf3c7650	biorxiv:5c1d40eb-7190-1014-a458-8ab6cf3c7650:claim:fe4d9bcd486a29014e7f	myoepithelial-like cell	ductal-like cell		explicit		myoepithelial like cell
biorxiv:5daa9342-6d02-1014-8cb5-fa421631d820	biorxiv:5daa9342-6d02-1014-8cb5-fa421631d820:claim:247ce5d75de3f2c32db2	exhausted CD8+ T cell	effector CD8+ T cell	CL:0000084	explicit	0.0	exhausted cd8 t cell
biorxiv:5daa9342-6d02-1014-8cb5-fa421631d820	biorxiv:5daa9342-6d02-1014-8cb5-fa421631d820:claim:369b08bd0dbb0756598b	exhausted CD8+ T cell	effector CD8+ T cell	CL:0000084	explicit	0.0	exhausted cd8 t cell
biorxiv:5daa9342-6d02-1014-8cb5-fa421631d820	biorxiv:5daa9342-6d02-1014-8cb5-fa421631d820:claim:c097a15814212168eaf8	pre-exhausted CD8+ T cell	effector CD8+ T cell	CL:0000084	explicit	0.0	pre exhausted cd8 t cell
biorxiv:5dff1c13-6c00-1014-9211-b5130fed8524	biorxiv:5dff1c13-6c00-1014-9211-b5130fed8524:claim:3534973efc7209253497	CMV-negative bystander cell	CMV-positive cell		implicit		cmv negative bystander cell
biorxiv:611ca78b-6e32-1014-bb2a-be11d7247499	biorxiv:611ca78b-6e32-1014-bb2a-be11d7247499:claim:144d8c44e3d716a07604	pyramidal neuron	stellate cell	CL:0000122	explicit	1.0	pyramidal neuron
biorxiv:611ca78b-6e32-1014-bb2a-be11d7247499	biorxiv:611ca78b-6e32-1014-bb2a-be11d7247499:claim:d4129fd7f497f973d5fa	stellate cell	pyramidal neuron	CL:0000598	explicit	1.0	stellate cell
biorxiv:6c7d90a7-6cd2-1014-aa88-ae3f4e676730	biorxiv:6c7d90a7-6cd2-1014-aa88-ae3f4e676730:claim:74b113c76ae7b37be779	cardiac outflow tract cell	ventricular cardiomyocyte	CL:0000746	explicit	0.0	cardiac outflow tract cell
biorxiv:6c7d90a7-6cd2-1014-aa88-ae3f4e676730	biorxiv:6c7d90a7-6cd2-1014-aa88-ae3f4e676730:claim:7eda775c9acea69b9874	outflow tract derivative cell	cardiomyocyte	CL:0000746	explicit	1.0	outflow tract derivative cell
biorxiv:6c7d90a7-6cd2-1014-aa88-ae3f4e676730	biorxiv:6c7d90a7-6cd2-1014-aa88-ae3f4e676730:claim:b65fcfbdad8195539df1	outflow tract derivative cell	cardiomyocyte	CL:0000746	explicit	1.0	outflow tract derivative cell
biorxiv:6c878fac-7162-1014-9b25-c2cbd95b5043	biorxiv:6c878fac-7162-1014-9b25-c2cbd95b5043:claim:49a163f8b90bed9a8934	trophectoderm	inner cell mass		explicit		trophectoderm
biorxiv:6c878fac-7162-1014-9b25-c2cbd95b5043	biorxiv:6c878fac-7162-1014-9b25-c2cbd95b5043:claim:49a163f8b90bed9a8934	trophectoderm	epiblast		explicit		trophectoderm
biorxiv:6c878fac-7162-1014-9b25-c2cbd95b5043	biorxiv:6c878fac-7162-1014-9b25-c2cbd95b5043:claim:49a163f8b90bed9a8934	trophectoderm	hypoblast		explicit		trophectoderm
biorxiv:6ca25eee-7853-1014-8aed-fc8cff0a87e5	biorxiv:6ca25eee-7853-1014-8aed-fc8cff0a87e5:claim:fa964e86b7ac37fc4d27	subpleural fibroblast	mesothelial cell	CL:0000077	explicit	1.0	subpleural fibroblast
biorxiv:6f8501d1-6fb7-1014-a0e2-ce465eab4dbd	biorxiv:6f8501d1-6fb7-1014-a0e2-ce465eab4dbd:claim:7e4aea42ce8e61bd27a3	CD11c+ macrophage	myeloid cell	CL:0000763	explicit	1.0	cd11c macrophage
biorxiv:705dbe14-6f1d-1014-86fa-92dddf16a481	biorxiv:705dbe14-6f1d-1014-86fa-92dddf16a481:claim:702e4e9ad760ea2b2d35	cancer-associated fibroblast	high-grade serous carcinoma cancer cell		explicit		cancer associated fibroblast
biorxiv:71ccac17-6c3e-1014-a6e6-b99fd2cc2f35	biorxiv:71ccac17-6c3e-1014-a6e6-b99fd2cc2f35:claim:369b290697e69ef92e3d	tumor-associated neutrophil	circulating neutrophil	CL:0000080	explicit	1.0	tumor associated neutrophil
biorxiv:7325dd4b-6f8e-1014-8543-942cb0c9e964	biorxiv:7325dd4b-6f8e-1014-8543-942cb0c9e964:claim:7da8bce9b9295067d539	nerve cell	immune cell	CL:0000738	explicit	1.0	nerve cell
biorxiv:74193868-6d98-1014-a02e-d07ed370ea57	biorxiv:74193868-6d98-1014-a02e-d07ed370ea57:claim:593efe6cfc09c04b0a56	mesenchymal stem cell	non-mesenchymal stem cell	CL:0000134	explicit	0.0	mesenchymal stem cell
biorxiv:750a2ba6-6eaa-1014-b156-e23e824a62e0	biorxiv:750a2ba6-6eaa-1014-b156-e23e824a62e0:claim:5f5c13598e73a98366be	central memory T cell	naive T cell	CL:0000084	explicit	1.0	central memory t cell
biorxiv:750a2ba6-6eaa-1014-b156-e23e824a62e0	biorxiv:750a2ba6-6eaa-1014-b156-e23e824a62e0:claim:809e99dd7f43e917641f	effector memory re-expressing CD45RA T cell	effector memory T cell		explicit		effector memory re expressing cd45ra t cell
biorxiv:750a2ba6-6eaa-1014-b156-e23e824a62e0	biorxiv:750a2ba6-6eaa-1014-b156-e23e824a62e0:claim:9271fe3c74a29b086dea	naive T cell	central memory T cell		explicit		naive t cell
biorxiv:771e3d5c-7119-1014-bcb2-db210f671702	biorxiv:771e3d5c-7119-1014-bcb2-db210f671702:claim:d0a1635d3d85b90badb6	outer radial glia	neural progenitor cell	CL:0000047	explicit	1.0	outer radial glia
biorxiv:77d5f6bb-6c27-1014-a74d-a25d8b68d181	biorxiv:77d5f6bb-6c27-1014-a74d-a25d8b68d181:claim:81b56cc676722f17ff9e	epiblast	primitive endoderm		explicit		epiblast
biorxiv:78211bc7-6c0f-1014-bc42-c103d41718b8	biorxiv:78211bc7-6c0f-1014-bc42-c103d41718b8:claim:964ae59d576ef789a92c	IgA plasma cell	IgG plasma cell	CL:0000985	explicit	1.0	iga plasma cell
biorxiv:783f7e3b-7683-1014-81ff-bc1eeadb858f	biorxiv:783f7e3b-7683-1014-81ff-bc1eeadb858f:claim:30f5ef7804a2f2304830	habenula neuron	thalamic and non-neuronal population		explicit		habenula neuron
biorxiv:783f7e3b-7683-1014-81ff-bc1eeadb858f	biorxiv:783f7e3b-7683-1014-81ff-bc1eeadb858f:claim:c1c09d114f88d4cda3d2	medial habenula 2	CHRNB4-expressing medial habenula subpopulation		explicit		medial habenula 2
biorxiv:78e3a11a-7eb2-1014-99eb-f342cda99662	biorxiv:78e3a11a-7eb2-1014-99eb-f342cda99662:claim:9f197a4e2969ce645a3b	induced dopaminergic neuron subgroup	progenitor subgroup	CL:0011020	explicit	0.0	induced dopaminergic neuron subgroup
biorxiv:7d48f408-80c3-1014-8100-959ab60f80b6	biorxiv:7d48f408-80c3-1014-8100-959ab60f80b6:claim:8fab170bf94e6642e799	hepatic stellate cell population two	hepatic stellate cell population one	CL:0000632	explicit	0.0	hepatic stellate cell population two
biorxiv:876ca999-6c0e-1014-8ed9-e7563228589e	biorxiv:876ca999-6c0e-1014-8ed9-e7563228589e:claim:1300fe5c510b7a7308d1	mature B cell	progenitor/precursor B cell	CL:0000817	explicit	0.0	mature b cell
biorxiv:876ca999-6c0e-1014-8ed9-e7563228589e	biorxiv:876ca999-6c0e-1014-8ed9-e7563228589e:claim:17dccdebd76ba7ac873b	granulocytic progenitor	haematopoietic stem cells/multipotent progenitors		explicit		granulocytic progenitor
biorxiv:876ca999-6c0e-1014-8ed9-e7563228589e	biorxiv:876ca999-6c0e-1014-8ed9-e7563228589e:claim:437306f66500dd48074b	megakaryocyte-erythroid-mast progenitor	haematopoietic stem cells/multipotent progenitors		explicit		megakaryocyte erythroid mast progenitor
biorxiv:876ca999-6c0e-1014-8ed9-e7563228589e	biorxiv:876ca999-6c0e-1014-8ed9-e7563228589e:claim:8c6baa5ca286fda2a685	cycling megakaryocyte-erythroid-mast progenitor	megakaryocyte-erythroid-mast progenitor	CL:0000556	explicit	0.0	cycling megakaryocyte erythroid mast progenitor
biorxiv:876ca999-6c0e-1014-8ed9-e7563228589e	biorxiv:876ca999-6c0e-1014-8ed9-e7563228589e:claim:93828bdb17e2591f9565	lympho-myeloid progenitor	haematopoietic stem cells/multipotent progenitors		explicit		lympho myeloid progenitor
biorxiv:876ca999-6c0e-1014-8ed9-e7563228589e	biorxiv:876ca999-6c0e-1014-8ed9-e7563228589e:claim:e4716f555701a1ebc301	cycling haematopoietic stem cells/multipotent progenitors	haematopoietic stem cells/multipotent progenitors		explicit		cycling haematopoietic stem cells multipotent progenitors
biorxiv:876ca999-6c0e-1014-8ed9-e7563228589e	biorxiv:876ca999-6c0e-1014-8ed9-e7563228589e:claim:e9121f15c2f6ffbf4c97	lympho-myeloid progenitor	megakaryocyte-erythroid-mast progenitor	CL:0000556	explicit	0.0	lympho myeloid progenitor
biorxiv:88b6dd17-6fa5-1014-96e8-90837e572e81	biorxiv:88b6dd17-6fa5-1014-96e8-90837e572e81:claim:e98f612c8a81e2f293ac	adult astrocyte	fetal astrocyte	CL:0000127	explicit	0.0	adult astrocyte
biorxiv:8a79edc5-6e0d-1014-bd87-aa1de4068967	biorxiv:8a79edc5-6e0d-1014-bd87-aa1de4068967:claim:6b2ebc6ddc580a59211b	low-density neutrophil	high-density neutrophil	CL:0000775	explicit	0.0	low density neutrophil
biorxiv:8a79edc5-6e0d-1014-bd87-aa1de4068967	biorxiv:8a79edc5-6e0d-1014-bd87-aa1de4068967:claim:9406f3b742b2467549e6	high-density neutrophil	low-density neutrophil	CL:0000775	explicit	0.0	high density neutrophil
biorxiv:9081da13-83e1-1014-ba34-dc521a45201b	biorxiv:9081da13-83e1-1014-ba34-dc521a45201b:claim:2b2361e280cc98b71ad0	minimal residual disease cell	untreated cell		explicit		minimal residual disease cell
biorxiv:9263ba65-6c09-1014-b701-af82efb9455d	biorxiv:9263ba65-6c09-1014-b701-af82efb9455d:claim:644e72f80f1702d18eb1	early-primed for differentiation cell	core pluripotent and proliferative cell		explicit		early primed for differentiation cell
biorxiv:9263ba65-6c09-1014-b701-af82efb9455d	biorxiv:9263ba65-6c09-1014-b701-af82efb9455d:claim:d02f3af744af543f2f0f	proliferative pluripotent cell	core pluripotent cell		explicit		proliferative pluripotent cell
biorxiv:9263ba65-6c09-1014-b701-af82efb9455d	biorxiv:9263ba65-6c09-1014-b701-af82efb9455d:claim:e60b5bd1f17a41027e4d	late-primed for differentiation cell	core pluripotent and proliferative cell		explicit		late primed for differentiation cell
biorxiv:9338c4d5-712d-1014-b47b-dc1970abe2d9	biorxiv:9338c4d5-712d-1014-b47b-dc1970abe2d9:claim:20c66ebe9df118ef1da8	naïve human pluripotent stem cell	primed human pluripotent stem cell	CL:0002248	explicit	0.0	naïve human pluripotent stem cell
biorxiv:9912495b-7074-1014-acf9-d95bb2127278	biorxiv:9912495b-7074-1014-acf9-d95bb2127278:claim:b61186a36b16c5ae2255	peripheral blood mononuclear cell	B cell	CL:0000236	explicit	1.0	peripheral blood mononuclear cell
biorxiv:9912495b-7074-1014-acf9-d95bb2127278	biorxiv:9912495b-7074-1014-acf9-d95bb2127278:claim:b61186a36b16c5ae2255	peripheral blood mononuclear cell	natural killer cell	CL:0000623	explicit	1.0	peripheral blood mononuclear cell
biorxiv:99e5c433-6bf4-1014-a840-83babdf09f03	biorxiv:99e5c433-6bf4-1014-a840-83babdf09f03:claim:9b037657e855b722738d	bystander B cell	B cell from healthy control	CL:0000236	explicit	0.0	bystander b cell
biorxiv:9aa22010-6e01-1014-bc26-9535140d955f	biorxiv:9aa22010-6e01-1014-bc26-9535140d955f:claim:6e9e5ad4173d12b90993	rete ovarii cell	pre-granulosa cell	CL:4033066	explicit	1.0	rete ovarii cell
biorxiv:9aa22010-6e01-1014-bc26-9535140d955f	biorxiv:9aa22010-6e01-1014-bc26-9535140d955f:claim:6e9e5ad4173d12b90993	rete ovarii cell	surface epithelial cell	CL:0000066	explicit	0.0	rete ovarii cell
biorxiv:9aa22010-6e01-1014-bc26-9535140d955f	biorxiv:9aa22010-6e01-1014-bc26-9535140d955f:claim:c4497fdb0083ac91a7e0	Sertoli cell	mesonephric/epididymis epithelial cell	CL:0000066	explicit	0.0	sertoli cell
biorxiv:9aa22010-6e01-1014-bc26-9535140d955f	biorxiv:9aa22010-6e01-1014-bc26-9535140d955f:claim:cabf7cc972f7c885b332	rete testis epithelial cell	mesonephric/epididymis epithelial cell	CL:0000066	explicit	0.0	rete testis epithelial cell
biorxiv:9c7f8281-6c21-1014-a6df-b6c543b29cb8	biorxiv:9c7f8281-6c21-1014-a6df-b6c543b29cb8:claim:61aa9b40e0f2a4ad2332	B cell	antibody-secreting cell		explicit		b cell
biorxiv:9c7f8281-6c21-1014-a6df-b6c543b29cb8	biorxiv:9c7f8281-6c21-1014-a6df-b6c543b29cb8:claim:8180e44540e565c9106f	antibody-secreting cell	B cell	CL:0000236	explicit	1.0	antibody secreting cell
biorxiv:9d923a25-6c34-1014-a848-e326c14e92ee	biorxiv:9d923a25-6c34-1014-a848-e326c14e92ee:claim:e3f9a0062a8f6ae14f7c	ALDH+CD44+CD24− cell	ALDH+ non-CD44+CD24− cell		explicit		aldh cd44 cd24 cell
biorxiv:9d923a25-6c34-1014-a848-e326c14e92ee	biorxiv:9d923a25-6c34-1014-a848-e326c14e92ee:claim:ef56742b35c9db75d995	ALDH+ cell	CD24+ cell		implicit		aldh cell
biorxiv:9df09f81-6df1-1014-bd96-ce3556dd2289	biorxiv:9df09f81-6df1-1014-bd96-ce3556dd2289:claim:1bb05d5c252d29bd9376	neuronal cell	endothelial cell	CL:0000115	explicit	1.0	neuronal cell
biorxiv:9df09f81-6df1-1014-bd96-ce3556dd2289	biorxiv:9df09f81-6df1-1014-bd96-ce3556dd2289:claim:5ad8bf3ceb69243f5ae4	endothelial cell	neuronal cell	CL:0000540	explicit	1.0	endothelial cell
biorxiv:9df09f81-6df1-1014-bd96-ce3556dd2289	biorxiv:9df09f81-6df1-1014-bd96-ce3556dd2289:claim:897284bf5585d50bc6ce	smooth muscle cell	endothelial cell	CL:0000115	explicit	1.0	smooth muscle cell
biorxiv:9df09f81-6df1-1014-bd96-ce3556dd2289	biorxiv:9df09f81-6df1-1014-bd96-ce3556dd2289:claim:b75279969263a33879a2	pericyte	endothelial cell	CL:0000115	explicit	1.0	pericyte
biorxiv:9df09f81-6df1-1014-bd96-ce3556dd2289	biorxiv:9df09f81-6df1-1014-bd96-ce3556dd2289:claim:f85156decab9e9878ffc	neuronal cell	endothelial cell	CL:0000115	explicit	1.0	neuronal cell
biorxiv:9e5c18fc-76e5-1014-9f81-96148d260e0f	biorxiv:9e5c18fc-76e5-1014-9f81-96148d260e0f:claim:0a69d1811f7933b85ac0	CD57-positive T cell	healthy donor T cell	CL:0000084	explicit	0.0	cd57 positive t cell
biorxiv:9e5c18fc-76e5-1014-9f81-96148d260e0f	biorxiv:9e5c18fc-76e5-1014-9f81-96148d260e0f:claim:a536e7cefb9159af9e64	glioblastoma negative prognostic cell	other cell		explicit		glioblastoma negative prognostic cell
biorxiv:9ea3f9c1-6d62-1014-8a0f-e0eee23ad569	biorxiv:9ea3f9c1-6d62-1014-8a0f-e0eee23ad569:claim:aa0618817544aa1b7f31	double negative mucosal associated invariant T cell	CD8 mucosal associated invariant T cell	CL:0000084	explicit	0.0	double negative mucosal associated invariant t cell
biorxiv:a0900ed8-7609-1014-846c-dd411913591f	biorxiv:a0900ed8-7609-1014-846c-dd411913591f:claim:3d9ea916397f858b9ee6	CD34-positive vascular endothelial cell	CD34-positive telocyte	CL:0017004	explicit	0.0	cd34 positive vascular endothelial cell
biorxiv:a0900ed8-7609-1014-846c-dd411913591f	biorxiv:a0900ed8-7609-1014-846c-dd411913591f:claim:c2b4cdaa79edb5edd399	CD34-negative lymphatic endothelial cell	CD34-positive vascular endothelial cell	CL:0000071	explicit	0.0	cd34 negative lymphatic endothelial cell
biorxiv:a4dfbfd9-7f07-1014-9596-9cebe6ee6cbb	biorxiv:a4dfbfd9-7f07-1014-9596-9cebe6ee6cbb:claim:adbd3425ef64c40652f9	CD4 naïve T cell	CD4 effector memory T cell		explicit		cd4 naïve t cell
biorxiv:a4dfbfd9-7f07-1014-9596-9cebe6ee6cbb	biorxiv:a4dfbfd9-7f07-1014-9596-9cebe6ee6cbb:claim:b225706bf5c22ab3f262	CD4 effector memory T cell	CD4 naïve T cell	CL:0000084	explicit	0.0	cd4 effector memory t cell
biorxiv:a63583e3-6c7b-1014-a201-b82bec671474	biorxiv:a63583e3-6c7b-1014-a201-b82bec671474:claim:70d0e1e1b8e6ba0395f9	definitive zone cell	fetal zone cell		explicit		definitive zone cell
biorxiv:a83150af-6e3c-1014-8107-a71f7784ca4d	biorxiv:a83150af-6e3c-1014-8107-a71f7784ca4d:claim:7f304210b709946baf4a	macular retinal pigment epithelium	peripheral retinal pigment epithelium		explicit		macular retinal pigment epithelium
biorxiv:a83150af-6e3c-1014-8107-a71f7784ca4d	biorxiv:a83150af-6e3c-1014-8107-a71f7784ca4d:claim:d75f3787e39f78b3d162	peripheral retinal pigment epithelium	macular retinal pigment epithelium		explicit		peripheral retinal pigment epithelium
biorxiv:a9567cc0-6e50-1014-9a45-a24404db0d1a	biorxiv:a9567cc0-6e50-1014-9a45-a24404db0d1a:claim:3214e53f3fce846c4d40	gastric intraductal papillary mucinous neoplasm cell	intestinal intraductal papillary mucinous neoplasm cell		explicit		gastric intraductal papillary mucinous neoplasm cell
biorxiv:a9567cc0-6e50-1014-9a45-a24404db0d1a	biorxiv:a9567cc0-6e50-1014-9a45-a24404db0d1a:claim:3214e53f3fce846c4d40	gastric intraductal papillary mucinous neoplasm cell	pancreaticobiliary intraductal papillary mucinous neoplasm cell		explicit		gastric intraductal papillary mucinous neoplasm cell
biorxiv:a96dba70-6cf7-1014-a294-bf2ca6d364a0	biorxiv:a96dba70-6cf7-1014-a294-bf2ca6d364a0:claim:48c23c1a6a200bb21b85	myxoid liposarcoma cell cluster 2	myxoid liposarcoma cell cluster 3		implicit		myxoid liposarcoma cell cluster 2
biorxiv:a96dba70-6cf7-1014-a294-bf2ca6d364a0	biorxiv:a96dba70-6cf7-1014-a294-bf2ca6d364a0:claim:9eb5cb0e929e7515f3ff	circulating tumor cell cluster 3	circulating tumor cell cluster 4		explicit		circulating tumor cell cluster 3
biorxiv:a96dba70-6cf7-1014-a294-bf2ca6d364a0	biorxiv:a96dba70-6cf7-1014-a294-bf2ca6d364a0:claim:deb56a68f5ec421f1ca8	circulating tumor cell cluster 3	circulating tumor cell cluster 4		explicit		circulating tumor cell cluster 3
biorxiv:ab05f819-6c04-1014-81aa-9646e853264a	biorxiv:ab05f819-6c04-1014-81aa-9646e853264a:claim:5803770cfe996a431aa1	myeloid dendritic cell	B cell	CL:0000236	explicit	1.0	myeloid dendritic cell
biorxiv:ab05f819-6c04-1014-81aa-9646e853264a	biorxiv:ab05f819-6c04-1014-81aa-9646e853264a:claim:6e6322e2cefe5998608b	T cell	natural killer cell	CL:0000623	explicit	1.0	t cell
biorxiv:ab05f819-6c04-1014-81aa-9646e853264a	biorxiv:ab05f819-6c04-1014-81aa-9646e853264a:claim:9e6b43aa315963b59867	B cell	myeloid dendritic cell	CL:0000782	explicit	1.0	b cell
biorxiv:ae5f009e-6d7a-1014-8ed6-cd1c0d2e0ada	biorxiv:ae5f009e-6d7a-1014-8ed6-cd1c0d2e0ada:claim:c154527624e7f5e2105c	CD8+ T cell	healthy control/other neuroinflammatory disorder participant		explicit		cd8 t cell
biorxiv:b01f00d1-6e6e-1014-8e4a-e846f4b1debe	biorxiv:b01f00d1-6e6e-1014-8e4a-e846f4b1debe:claim:d25d7f09e7d724620d03	Cluster-4 fibroblast	Cluster-3 fibroblast	CL:0000057	explicit	0.0	cluster 4 fibroblast
biorxiv:b3e65ef0-6e38-1014-8f8f-a6ec49a73092	biorxiv:b3e65ef0-6e38-1014-8f8f-a6ec49a73092:claim:681b050c8f71dc8846ee	monocyte	M1 macrophage	CL:0000235	explicit	1.0	monocyte
biorxiv:b71d9b5e-6f1d-1014-9408-ec8c7da502b4	biorxiv:b71d9b5e-6f1d-1014-9408-ec8c7da502b4:claim:6f89bee2114ffb689fbf	prostate cancer epithelial cell	benign gland cell		explicit		prostate cancer epithelial cell
biorxiv:b7d0eaf3-6f9e-1014-bc01-ef7867d59c7e	biorxiv:b7d0eaf3-6f9e-1014-bc01-ef7867d59c7e:claim:6de8b1f90af611c2ca5e	tumor-associated neutrophil	blood neutrophil		explicit		tumor associated neutrophil
biorxiv:b88cbe76-6c0b-1014-a018-e498be98267a	biorxiv:b88cbe76-6c0b-1014-a018-e498be98267a:claim:3408e6ebe1cf1b743a31	M1 macrophage	M2a and M2c macrophage	CL:0000235	explicit	0.0	m1 macrophage
biorxiv:bc260922-6c47-1014-a865-fe4e19bf3ea8	biorxiv:bc260922-6c47-1014-a865-fe4e19bf3ea8:claim:0a10ed4a78e3d9727695	Spinous2	Spinous1		explicit		spinous2
biorxiv:bc260922-6c47-1014-a865-fe4e19bf3ea8	biorxiv:bc260922-6c47-1014-a865-fe4e19bf3ea8:claim:50623fea442504335e42	Follicular2	Follicular1		explicit		follicular2
biorxiv:bc260922-6c47-1014-a865-fe4e19bf3ea8	biorxiv:bc260922-6c47-1014-a865-fe4e19bf3ea8:claim:d3224380698bab808c46	Basal2	Basal1		explicit		basal2
biorxiv:bc60e3db-6f3b-1014-9d48-bca06f1504df	biorxiv:bc60e3db-6f3b-1014-9d48-bca06f1504df:claim:28971808d59b95065875	duct cell	dedifferentiated acinar cell	CL:0000622	explicit	0.0	duct cell
biorxiv:bc60e3db-6f3b-1014-9d48-bca06f1504df	biorxiv:bc60e3db-6f3b-1014-9d48-bca06f1504df:claim:c0e8b2ecb8ccc6651837	duct cell	dedifferentiated acinar cell	CL:0000622	explicit	0.0	duct cell
biorxiv:bc60e3db-6f3b-1014-9d48-bca06f1504df	biorxiv:bc60e3db-6f3b-1014-9d48-bca06f1504df:claim:c43fb06afd32032c5a3f	dedifferentiated acinar cell	duct cell		explicit		dedifferentiated acinar cell
biorxiv:bc60e3db-6f3b-1014-9d48-bca06f1504df	biorxiv:bc60e3db-6f3b-1014-9d48-bca06f1504df:claim:d8e7000abe5eaa5515d8	dedifferentiated acinar cell	native duct cell		explicit		dedifferentiated acinar cell
biorxiv:bc60e3db-6f3b-1014-9d48-bca06f1504df	biorxiv:bc60e3db-6f3b-1014-9d48-bca06f1504df:claim:f28f0e6b11bb133e9c96	native duct cell	dedifferentiated acinar cell	CL:0000622	explicit	0.0	native duct cell
biorxiv:bd0ff218-6c18-1014-ac36-a01faa0bb6b7	biorxiv:bd0ff218-6c18-1014-ac36-a01faa0bb6b7:claim:22e61fdef8b50d929daa	CD8-derived double-positive T cell	single-positive T cell	CL:0000084	explicit	0.0	cd8 derived double positive t cell
biorxiv:bd0ff218-6c18-1014-ac36-a01faa0bb6b7	biorxiv:bd0ff218-6c18-1014-ac36-a01faa0bb6b7:claim:7472390ac5ac9d02874a	CD4-derived double-positive T cell	single-positive T cell	CL:0000084	explicit	0.0	cd4 derived double positive t cell
biorxiv:c55f45c7-7001-1014-966f-865cda24634e	biorxiv:c55f45c7-7001-1014-966f-865cda24634e:claim:0f34106084619ec42ec2	fibroblast	other major cell types		explicit		fibroblast
biorxiv:c704e998-6f4b-1014-8cb1-c3d28b577fb8	biorxiv:c704e998-6f4b-1014-8cb1-c3d28b577fb8:claim:5dce8da6bddad74efdca	distal tip epithelial cell	proximal branching epithelial cell	CL:0000066	explicit	0.0	distal tip epithelial cell
biorxiv:c78d9bda-6cc0-1014-aba5-dba9dd700073	biorxiv:c78d9bda-6cc0-1014-aba5-dba9dd700073:claim:211a5992a75bf2422eb3	therapy-grade corneal endothelial cell	senescent and fibrotic corneal endothelial cell	CL:0000132	explicit	0.0	therapy grade corneal endothelial cell
biorxiv:c78d9bda-6cc0-1014-aba5-dba9dd700073	biorxiv:c78d9bda-6cc0-1014-aba5-dba9dd700073:claim:bd8ceffbeaf191c41c73	low quality corneal endothelial cell	high quality corneal endothelial cell	CL:0000132	explicit	0.0	low quality corneal endothelial cell
biorxiv:c78d9bda-6cc0-1014-aba5-dba9dd700073	biorxiv:c78d9bda-6cc0-1014-aba5-dba9dd700073:claim:bdc88c4738c241e10532	fibrotic corneal endothelial cell cluster C5	therapy-grade corneal endothelial cell	CL:0000132	explicit	0.0	fibrotic corneal endothelial cell cluster c5
biorxiv:c78d9bda-6cc0-1014-aba5-dba9dd700073	biorxiv:c78d9bda-6cc0-1014-aba5-dba9dd700073:claim:f11b6f681dd5657f1cb8	good quality corneal endothelial cell	lower quality corneal endothelial cell	CL:0000132	explicit	0.0	good quality corneal endothelial cell
biorxiv:caef9c14-6e13-1014-bca1-ba3172fec7b3	biorxiv:caef9c14-6e13-1014-bca1-ba3172fec7b3:claim:c15c67f2d81de6371726	Mesenchymal-like cell	cancer-associated fibroblast		explicit		mesenchymal like cell
biorxiv:cc41b42e-6c00-1014-9887-9bb7d49b64ad	biorxiv:cc41b42e-6c00-1014-9887-9bb7d49b64ad:claim:5503ef3ca08e679bad7d	syncytiotrophoblast	cytotrophoblast		explicit		syncytiotrophoblast
biorxiv:cc41b42e-6c00-1014-9887-9bb7d49b64ad	biorxiv:cc41b42e-6c00-1014-9887-9bb7d49b64ad:claim:5503ef3ca08e679bad7d	syncytiotrophoblast	extravillous cytotrophoblast		explicit		syncytiotrophoblast
biorxiv:cf0d429c-6c7f-1014-a5a8-f09b6915373d	biorxiv:cf0d429c-6c7f-1014-a5a8-f09b6915373d:claim:af36cf9da2309082e579	B cell	plasma cell	CL:0000786	explicit	1.0	b cell
biorxiv:cf0d429c-6c7f-1014-a5a8-f09b6915373d	biorxiv:cf0d429c-6c7f-1014-a5a8-f09b6915373d:claim:e0421a171b02c2aa63ae	plasma cell	B cell	CL:0000236	explicit	1.0	plasma cell
biorxiv:d00e7bca-700f-1014-91f0-ae4c53ddfbf4	biorxiv:d00e7bca-700f-1014-91f0-ae4c53ddfbf4:claim:3234678575ce85769bc2	prostate adenocarcinoma	neuroendocrine prostate cancer		explicit		prostate adenocarcinoma
biorxiv:d00e7bca-700f-1014-91f0-ae4c53ddfbf4	biorxiv:d00e7bca-700f-1014-91f0-ae4c53ddfbf4:claim:68f2c7a10a2b8a172e28	NEUROD1-positive neuroendocrine prostate cancer	ASCL1-positive neuroendocrine prostate cancer		explicit		neurod1 positive neuroendocrine prostate cancer
biorxiv:d00e7bca-700f-1014-91f0-ae4c53ddfbf4	biorxiv:d00e7bca-700f-1014-91f0-ae4c53ddfbf4:claim:a46a9e68e3f2bdbe367f	high-grade carcinoma	neuroendocrine prostate cancer		explicit		high grade carcinoma
biorxiv:d00e7bca-700f-1014-91f0-ae4c53ddfbf4	biorxiv:d00e7bca-700f-1014-91f0-ae4c53ddfbf4:claim:ab1fb4fbc4fcebedc42a	neuroendocrine prostate cancer	prostate adenocarcinoma		explicit		neuroendocrine prostate cancer
biorxiv:d00e7bca-700f-1014-91f0-ae4c53ddfbf4	biorxiv:d00e7bca-700f-1014-91f0-ae4c53ddfbf4:claim:aec9f4cfdb563fc65c5f	high-grade carcinoma	neuroendocrine prostate cancer		explicit		high grade carcinoma
biorxiv:d00e7bca-700f-1014-91f0-ae4c53ddfbf4	biorxiv:d00e7bca-700f-1014-91f0-ae4c53ddfbf4:claim:fd879fb071c48fc130e9	neuroendocrine prostate cancer	prostate adenocarcinoma		explicit		neuroendocrine prostate cancer
biorxiv:d00e7bca-700f-1014-91f0-ae4c53ddfbf4	biorxiv:d00e7bca-700f-1014-91f0-ae4c53ddfbf4:claim:fe9f85c6f1b02d177c9b	prostate adenocarcinoma	neuroendocrine prostate cancer		explicit		prostate adenocarcinoma
biorxiv:d30d2651-6c1b-1014-8313-dcecc093f4ce	biorxiv:d30d2651-6c1b-1014-8313-dcecc093f4ce:claim:ac9ecdc969733212b4d4	exhausted T cell	cytotoxic T cell	CL:0000910	explicit	1.0	exhausted t cell
biorxiv:d95d7dc6-6c35-1014-b1f0-b4af8a20948e	biorxiv:d95d7dc6-6c35-1014-b1f0-b4af8a20948e:claim:00b236063c6bbe196f19	LGR5-positive adenoma cell	normal colon		explicit		lgr5 positive adenoma cell
biorxiv:d95d7dc6-6c35-1014-b1f0-b4af8a20948e	biorxiv:d95d7dc6-6c35-1014-b1f0-b4af8a20948e:claim:a8c360d80e46e7aa047e	LGR5-positive normal colon cell	LGR5-negative cell		explicit		lgr5 positive normal colon cell
biorxiv:d95eb71e-714d-1014-9dc7-c3da2c2efb45	biorxiv:d95eb71e-714d-1014-9dc7-c3da2c2efb45:claim:de9185db8f42f1397d67	GD2-low disseminated tumor cell	GD2-high disseminated tumor cell		explicit		gd2 low disseminated tumor cell
biorxiv:dbf486c9-6c54-1014-9bc5-bf4d8f303013	biorxiv:dbf486c9-6c54-1014-9bc5-bf4d8f303013:claim:2de3f07f6dd7600cc921	monocyte	other immune cell	CL:0000738	explicit	0.0	monocyte
biorxiv:dbf486c9-6c54-1014-9bc5-bf4d8f303013	biorxiv:dbf486c9-6c54-1014-9bc5-bf4d8f303013:claim:fb8e22e2142b87cb177c	granulocyte	other immune cell	CL:0000738	explicit	0.0	granulocyte
biorxiv:dcc4f18b-6c19-1014-8ffb-d4dccdf6774b	biorxiv:dcc4f18b-6c19-1014-8ffb-d4dccdf6774b:claim:363655fc20dbba448ea4	tumor cell	non-tumor cell	CL:0001063	explicit	0.0	tumor cell
biorxiv:de6d33dd-734f-1014-a302-e21bedf0ba65	biorxiv:de6d33dd-734f-1014-a302-e21bedf0ba65:claim:88bb525c7e5dc712873f	CD4+ monocyte	CD4+CD3+ T cell	CL:0000084	explicit	0.0	cd4 monocyte
biorxiv:de6d33dd-734f-1014-a302-e21bedf0ba65	biorxiv:de6d33dd-734f-1014-a302-e21bedf0ba65:claim:ed1879512ee6367bd9dd	CD4+CD3+ T cell	CD4+ monocyte	CL:0000576	explicit	0.0	cd4 cd3 t cell
biorxiv:e2efdcad-73c4-1014-9c6c-8a89f519fd2d	biorxiv:e2efdcad-73c4-1014-9c6c-8a89f519fd2d:claim:6a43e05affc92b5daeaa	suppressive regulatory T cell subcluster Treg.2	naive regulatory T cell subcluster Treg.1	CL:0002677	explicit	0.0	suppressive regulatory t cell subcluster treg 2
biorxiv:e3c88c7c-7fe3-1014-8c3f-f97dd191bd5b	biorxiv:e3c88c7c-7fe3-1014-8c3f-f97dd191bd5b:claim:0e9701f578e9421bd979	pancreatic stellate cell	pancreatic ductal tumor cell	CL:0001063	explicit	0.0	pancreatic stellate cell
biorxiv:e3c88c7c-7fe3-1014-8c3f-f97dd191bd5b	biorxiv:e3c88c7c-7fe3-1014-8c3f-f97dd191bd5b:claim:519dbabbedd7be980f07	pancreatic ductal tumor cell	pancreatic stellate cell	CL:0002410	explicit	1.0	pancreatic ductal tumor cell
biorxiv:e3c88c7c-7fe3-1014-8c3f-f97dd191bd5b	biorxiv:e3c88c7c-7fe3-1014-8c3f-f97dd191bd5b:claim:ef49501c43e2c0039d32	inflammatory cancer-associated fibroblast	myofibroblastic cancer-associated fibroblast		explicit		inflammatory cancer associated fibroblast
biorxiv:e41f3b4d-7312-1014-8c3d-9c868a469aab	biorxiv:e41f3b4d-7312-1014-8c3d-9c868a469aab:claim:0fbe0293ade40f2a1e27	type 1 regulatory T cell	memory CD4+ T cell	CL:0000084	explicit	0.0	type 1 regulatory t cell
biorxiv:e41f3b4d-7312-1014-8c3d-9c868a469aab	biorxiv:e41f3b4d-7312-1014-8c3d-9c868a469aab:claim:84e445aa96cad496e085	type 1 regulatory T cell	regulatory T cell	CL:0000815	explicit	1.0	type 1 regulatory t cell
biorxiv:e6391442-6c81-1014-9943-822578d46439	biorxiv:e6391442-6c81-1014-9943-822578d46439:claim:6c7083d5b16a1331d132	neurogenic cell	retinal progenitor cell	CL:0002672	explicit	1.0	neurogenic cell
biorxiv:e6391442-6c81-1014-9943-822578d46439	biorxiv:e6391442-6c81-1014-9943-822578d46439:claim:88effbb9df1b22e72e75	neurogenic cell	retinal progenitor cell	CL:0002672	explicit	1.0	neurogenic cell
biorxiv:e6e04172-6c15-1014-9229-c57ac33d21f6	biorxiv:e6e04172-6c15-1014-9229-c57ac33d21f6:claim:1855a2230d10d0cbeb7c	B cell	T cell	CL:0000084	explicit	1.0	b cell
biorxiv:e6e04172-6c15-1014-9229-c57ac33d21f6	biorxiv:e6e04172-6c15-1014-9229-c57ac33d21f6:claim:865a66e88c2be69c541a	T cell	B cell	CL:0000236	explicit	1.0	t cell
biorxiv:e8350987-7003-1014-ae7a-192d8e5e2a06	biorxiv:e8350987-7003-1014-ae7a-192d8e5e2a06:claim:2e54bca1320cb2087196	cardiac progenitor of the first heart field	epicardial progenitor	CL:0011020	explicit	0.0	cardiac progenitor of the first heart field
biorxiv:e91c125a-709d-1014-bc43-9d192767cd15	biorxiv:e91c125a-709d-1014-bc43-9d192767cd15:claim:9c699bc97d034812e1dd	senescent alveolar type 2 cell	senescent fibroblast	CL:0000057	explicit	0.0	senescent alveolar type 2 cell
biorxiv:e91c125a-709d-1014-bc43-9d192767cd15	biorxiv:e91c125a-709d-1014-bc43-9d192767cd15:claim:c5cc0e5fb45f34aca4d0	senescent basal cell	senescent fibroblast	CL:0000057	explicit	0.0	senescent basal cell
biorxiv:e9d73630-745a-1014-825d-9281d616c32c	biorxiv:e9d73630-745a-1014-825d-9281d616c32c:claim:7b6dd338ffbe26508cfc	RSeT human embryonic stem cell	naïve epiblast cell	CL:0000352	explicit	0.0	rset human embryonic stem cell
biorxiv:ebaf49e5-7438-1014-8951-c3e925f71d14	biorxiv:ebaf49e5-7438-1014-8951-c3e925f71d14:claim:020afdae7d9b81ad668e	Shared CD14+ monocyte	Control CD14+ monocyte	CL:0000576	implicit	0.0	shared cd14 monocyte
biorxiv:ebaf49e5-7438-1014-8951-c3e925f71d14	biorxiv:ebaf49e5-7438-1014-8951-c3e925f71d14:claim:c9d5f000d3cb1050f729	Lupus-Dominant CD14+ monocyte	Shared CD14+ monocyte	CL:0000576	implicit	0.0	lupus dominant cd14 monocyte
biorxiv:ebaf49e5-7438-1014-8951-c3e925f71d14	biorxiv:ebaf49e5-7438-1014-8951-c3e925f71d14:claim:d09eca0c481d77fd4ebf	Shared CD14+ monocyte	Lupus-Dominant CD14+ monocyte	CL:0000576	implicit	0.0	shared cd14 monocyte
biorxiv:ebaf49e5-7438-1014-8951-c3e925f71d14	biorxiv:ebaf49e5-7438-1014-8951-c3e925f71d14:claim:d13d2a629b28f98e1cea	Lupus-Dominant CD14+ monocyte	Control CD14+ monocyte	CL:0000576	implicit	0.0	lupus dominant cd14 monocyte
biorxiv:f1a588ac-746e-1014-a4d0-f5cc921ee68b	biorxiv:f1a588ac-746e-1014-a4d0-f5cc921ee68b:claim:0d5107e0c5acb58abf07	hematopoietic stem cell	mature hematopoietic progenitor cell	CL:0000037	explicit	0.0	hematopoietic stem cell
biorxiv:f787a6d9-6ce3-1014-a3f6-a662a1333571	biorxiv:f787a6d9-6ce3-1014-a3f6-a662a1333571:claim:17e531a49b6ea986e632	interstitial macrophage	dendritic cell	CL:0000451	explicit	1.0	interstitial macrophage
biorxiv:f787a6d9-6ce3-1014-a3f6-a662a1333571	biorxiv:f787a6d9-6ce3-1014-a3f6-a662a1333571:claim:1fb80062dfa5ddd6ae27	lung and lymph node dendritic cell	blood dendritic cell	CL:0000451	explicit	0.0	lung and lymph node dendritic cell
biorxiv:f787a6d9-6ce3-1014-a3f6-a662a1333571	biorxiv:f787a6d9-6ce3-1014-a3f6-a662a1333571:claim:491bc15906aca9263d76	alveolar macrophage	dendritic cell	CL:0000451	explicit	1.0	alveolar macrophage
biorxiv:f787a6d9-6ce3-1014-a3f6-a662a1333571	biorxiv:f787a6d9-6ce3-1014-a3f6-a662a1333571:claim:89c243e88d15690c8c97	monocyte	dendritic cell	CL:0000451	explicit	1.0	monocyte
biorxiv:f787a6d9-6ce3-1014-a3f6-a662a1333571	biorxiv:f787a6d9-6ce3-1014-a3f6-a662a1333571:claim:bfa28aa89deaa178a121	macrophage	dendritic cell	CL:0000451	explicit	1.0	macrophage
biorxiv:f787a6d9-6ce3-1014-a3f6-a662a1333571	biorxiv:f787a6d9-6ce3-1014-a3f6-a662a1333571:claim:c5cc53a97fb549635ef0	blood dendritic cell	tissue dendritic cell	CL:0000451	explicit	0.0	blood dendritic cell
biorxiv:f787a6d9-6ce3-1014-a3f6-a662a1333571	biorxiv:f787a6d9-6ce3-1014-a3f6-a662a1333571:claim:d1a6e66a1575043ef897	tissue monocyte	dendritic cell	CL:0000451	explicit	1.0	tissue monocyte
biorxiv:fc7595eb-733c-1014-9892-ed444a916a2a	biorxiv:fc7595eb-733c-1014-9892-ed444a916a2a:claim:a38f6d3405ee4ab36d32	tolerogenic dendritic cell	type 3 innate lymphoid cell	CL:0001065	explicit	0.0	tolerogenic dendritic cell
biorxiv:fcdb6ae7-74e0-1014-aa4b-bcf60c40c2cf	biorxiv:fcdb6ae7-74e0-1014-aa4b-bcf60c40c2cf:claim:e325d6fd4e07cd8d0974	GABAergic neuron	dopaminergic neuron	CL:0000700	explicit	1.0	gabaergic neuron
biorxiv:fcdb6ae7-74e0-1014-aa4b-bcf60c40c2cf	biorxiv:fcdb6ae7-74e0-1014-aa4b-bcf60c40c2cf:claim:ee1e36c697f225731ff0	dopaminergic neuron	GABAergic neuron	CL:0000617	explicit	1.0	dopaminergic neuron
biorxiv:fcdb6ae7-74e0-1014-aa4b-bcf60c40c2cf	biorxiv:fcdb6ae7-74e0-1014-aa4b-bcf60c40c2cf:claim:f2959e31f429fda66e3d	DA_SOX6 dopaminergic neuron	dopaminergic neuron	CL:0000700	explicit	1.0	da_sox6 dopaminergic neuron
biorxiv:fcdb6ae7-74e0-1014-aa4b-bcf60c40c2cf	biorxiv:fcdb6ae7-74e0-1014-aa4b-bcf60c40c2cf:claim:fac4924779e774a248f7	glutamatergic neuron	dopaminergic neuron	CL:0000700	explicit	1.0	glutamatergic neuron
biorxiv:fcdb6ae7-74e0-1014-aa4b-bcf60c40c2cf	biorxiv:fcdb6ae7-74e0-1014-aa4b-bcf60c40c2cf:claim:fbb72e0b8dee0a7cdab7	immature neuron	glutamatergic neuron	CL:0000679	explicit	1.0	immature neuron
biorxiv:fd4da487-6bfd-1014-9109-ef3323dd2b7b	biorxiv:fd4da487-6bfd-1014-9109-ef3323dd2b7b:claim:dc9dcd95db54c30767fa	Ptx3-lymphatic endothelial cell	Marco-lymphatic endothelial cell	CL:0000115	explicit	0.0	ptx3 lymphatic endothelial cell
hca:0002_10.1038_s41586-019-1373-2_de5bb9e220	hca:0002_10.1038_s41586-019-1373-2_de5bb9e220:claim:20b98b316741e3ef1a02	hepatocellular carcinoma endothelial cell	liver sinusoidal endothelial cell	CL:1000398	explicit	1.0	hepatocellular carcinoma endothelial cell
hca:0002_10.1038_s41586-019-1373-2_de5bb9e220	hca:0002_10.1038_s41586-019-1373-2_de5bb9e220:claim:9c5160ffad8a2143a8c9	liver sinusoidal endothelial cell	periportal population		explicit		liver sinusoidal endothelial cell
hca:0008_10.1016_j.cels.2016.09.002_fd6b21337a	hca:0008_10.1016_j.cels.2016.09.002_fd6b21337a:claim:63f8d1d1df68727e9b53	alpha cell	beta cell	CL:0000168	explicit	1.0	alpha cell
hca:0011_10.1038_s41413-021-00163-z_07f1a1af96	hca:0011_10.1038_s41413-021-00163-z_07f1a1af96:claim:492bae868354e4e1072c	nucleus pulposus progenitor cell subcluster 3	nucleus pulposus progenitor cell subcluster 4	CL:0000837	explicit	0.0	nucleus pulposus progenitor cell subcluster 3
hca:0011_10.1038_s41413-021-00163-z_07f1a1af96	hca:0011_10.1038_s41413-021-00163-z_07f1a1af96:claim:bfdd65b488beccf1f648	nucleus pulposus progenitor cell subcluster 1	nucleus pulposus progenitor cell subcluster 4	CL:0000837	explicit	0.0	nucleus pulposus progenitor cell subcluster 1
hca:0011_10.1038_s41413-021-00163-z_07f1a1af96	hca:0011_10.1038_s41413-021-00163-z_07f1a1af96:claim:e4da218abe7f7a0b4283	nucleus pulposus progenitor cell subcluster 2	nucleus pulposus progenitor cell subcluster 4	CL:0000837	explicit	0.0	nucleus pulposus progenitor cell subcluster 2
hca:0012_10.1164_rccm.202207-1384oc_21f7132a40	hca:0012_10.1164_rccm.202207-1384oc_21f7132a40:claim:60af8617d3f4efce1069	terminal airway-enriched secretory cell	secretory cell	CL:0000151	explicit	1.0	terminal airway enriched secretory cell
hca:0012_10.1164_rccm.202207-1384oc_21f7132a40	hca:0012_10.1164_rccm.202207-1384oc_21f7132a40:claim:60af8617d3f4efce1069	terminal airway-enriched secretory cell	alveolar type 2 cell		explicit		terminal airway enriched secretory cell
hca:0012_10.1164_rccm.202207-1384oc_21f7132a40	hca:0012_10.1164_rccm.202207-1384oc_21f7132a40:claim:709a1bd271599c5a60ed	terminal airway-enriched secretory cell	alveolar type 2 cell		explicit		terminal airway enriched secretory cell
hca:0012_10.1164_rccm.202207-1384oc_21f7132a40	hca:0012_10.1164_rccm.202207-1384oc_21f7132a40:claim:bbc0e6623f26ab388347	terminal airway-enriched secretory cell	alveolar type 2 cell		explicit		terminal airway enriched secretory cell
hca:0012_10.1164_rccm.202207-1384oc_21f7132a40	hca:0012_10.1164_rccm.202207-1384oc_21f7132a40:claim:dcbb620e245cc95c7ba7	terminal airway-enriched secretory cell	secretory cell	CL:0000151	explicit	1.0	terminal airway enriched secretory cell
hca:0014_10.1101_2024.09.10.612293_d3a16eb9c8	hca:0014_10.1101_2024.09.10.612293_d3a16eb9c8:claim:11b6c1fb66b76ae90104	medial smooth muscle cell	microvascular smooth muscle cell	CL:0000192	explicit	0.0	medial smooth muscle cell
hca:0014_10.1101_2024.09.10.612293_d3a16eb9c8	hca:0014_10.1101_2024.09.10.612293_d3a16eb9c8:claim:edd0b04e2e43a40a2918	arterial endothelial cell	venous and capillary endothelial cell	CL:0002144	explicit	0.0	arterial endothelial cell
hca:0015_10.1126_science.aay3224_2393e60089	hca:0015_10.1126_science.aay3224_2393e60089:claim:1b468fe8f792cc825cad	differentiating regulatory T cell	regulatory T cell	CL:0000815	explicit	1.0	differentiating regulatory t cell
hca:0016_10.1038_s41591-019-0468-5_ffb52d8b70	hca:0016_10.1038_s41591-019-0468-5_ffb52d8b70:claim:0c66449aad797fb51897	ciliated 2 cell	ciliated 1 cell	CL:1000271	explicit	0.0	ciliated 2 cell
hca:0016_10.1038_s41591-019-0468-5_ffb52d8b70	hca:0016_10.1038_s41591-019-0468-5_ffb52d8b70:claim:16afe6425978af2949fb	basal 1 cell	basal 2 cell		explicit		basal 1 cell
hca:0017_10.1038_s41467-019-10291-0_971d922fd8	hca:0017_10.1038_s41467-019-10291-0_971d922fd8:claim:f38cc0935bbca44f9045	early progenitor	late progenitor	CL:0011020	explicit	0.0	early progenitor
hca:0018_10.1016_j.devcel.2022.05.003_fb5132407d	hca:0018_10.1016_j.devcel.2022.05.003_fb5132407d:claim:1dcd2d494c94a19f3b36	basal/myoepithelial cell	stromal cell	CL:0000499	explicit	1.0	basal myoepithelial cell
hca:0018_10.1016_j.devcel.2022.05.003_fb5132407d	hca:0018_10.1016_j.devcel.2022.05.003_fb5132407d:claim:22049d37af7509cf393d	hormone-sensing 1 cell	hormone-sensing 2 cell		explicit		hormone sensing 1 cell
hca:0018_10.1016_j.devcel.2022.05.003_fb5132407d	hca:0018_10.1016_j.devcel.2022.05.003_fb5132407d:claim:2a11a5a5b8a38068f034	basal-luminal cell	alveolar progenitor cell	CL:0000837	explicit	0.0	basal luminal cell
hca:0018_10.1016_j.devcel.2022.05.003_fb5132407d	hca:0018_10.1016_j.devcel.2022.05.003_fb5132407d:claim:af66d30fc3ca44bf8183	hormone-sensing cell	alveolar cell		explicit		hormone sensing cell
hca:0018_10.1016_j.devcel.2022.05.003_fb5132407d	hca:0018_10.1016_j.devcel.2022.05.003_fb5132407d:claim:c5e01db07c27d277c8f3	alveolar progenitor cell	basal-luminal cell		explicit		alveolar progenitor cell
hca:0018_10.1016_j.devcel.2022.05.003_fb5132407d	hca:0018_10.1016_j.devcel.2022.05.003_fb5132407d:claim:cb14b77fbac03846b302	basal-luminal 1 cell	basal-luminal 2 cell		explicit		basal luminal 1 cell
hca:0018_10.1016_j.devcel.2022.05.003_fb5132407d	hca:0018_10.1016_j.devcel.2022.05.003_fb5132407d:claim:e545b17a51e1e1dd4160	basal-luminal cell	alveolar progenitor cell	CL:0000837	explicit	0.0	basal luminal cell
hca:0018_10.1016_j.devcel.2022.05.003_fb5132407d	hca:0018_10.1016_j.devcel.2022.05.003_fb5132407d:claim:e76b23355f44a18bbee5	alveolar cell	hormone-sensing cell		explicit		alveolar cell
hca:0018_10.1016_j.devcel.2022.05.003_fb5132407d	hca:0018_10.1016_j.devcel.2022.05.003_fb5132407d:claim:ed82c75fe533fb2a11ee	mammary epithelial cell	stromal cell	CL:0000499	explicit	1.0	mammary epithelial cell
hca:0025_10.1038_s41467-020-17876-0_159e232bbb	hca:0025_10.1038_s41467-020-17876-0_159e232bbb:claim:19df0cf5ee0149c0875a	oligodendrocyte precursor cell	other substantia nigra cell types		explicit		oligodendrocyte precursor cell
hca:0026_10.1038_s41586-020-2922-4_1612ece6e2	hca:0026_10.1038_s41586-020-2922-4_1612ece6e2:claim:bcf4166046f51dcd7396	proximal basal cell	basal cell	CL:0000646	explicit	1.0	proximal basal cell
hca:0030_10.1016_j.jcmgh.2022.02.007_2ccf593bb9	hca:0030_10.1016_j.jcmgh.2022.02.007_2ccf593bb9:claim:2065ed55e89e98eb4da6	colon intestinal stem cell	small intestine intestinal stem cell	CL:0002250	explicit	0.0	colon intestinal stem cell
hca:0030_10.1016_j.jcmgh.2022.02.007_2ccf593bb9	hca:0030_10.1016_j.jcmgh.2022.02.007_2ccf593bb9:claim:5be8d69be5592a80fbd8	small intestine tuft cell	colon tuft cell	CL:0009041	explicit	1.0	small intestine tuft cell
hca:0033_10.26508_lsa.202000744_340b92b825	hca:0033_10.26508_lsa.202000744_340b92b825:claim:146362c71606baf1b293	macrophage/monocyte	B cell	CL:0000236	explicit	1.0	macrophage monocyte
hca:0039_10.1016_j.isci.2021.102405_1f6d3fbc60	hca:0039_10.1016_j.isci.2021.102405_1f6d3fbc60:claim:4e3ee8c995b2212c83b1	dental pulp mesenchymal stem cell	periodontal mesenchymal stem cell	CL:0000134	explicit	0.0	dental pulp mesenchymal stem cell
hca:0040_10.1016_j.xcrm.2021.100219_d37660c408	hca:0040_10.1016_j.xcrm.2021.100219_d37660c408:claim:3dc055622ef9cef29ded	luminal progenitor cell	mature luminal cell		explicit		luminal progenitor cell
hca:0040_10.1016_j.xcrm.2021.100219_d37660c408	hca:0040_10.1016_j.xcrm.2021.100219_d37660c408:claim:48c71f15f1e44b647f28	luminal progenitor cell	luminal mature cell		explicit		luminal progenitor cell
hca:0040_10.1016_j.xcrm.2021.100219_d37660c408	hca:0040_10.1016_j.xcrm.2021.100219_d37660c408:claim:7226d723a0108671d66e	luminal mature cell	luminal progenitor cell	CL:0000837	explicit	0.0	luminal mature cell
hca:0040_10.1016_j.xcrm.2021.100219_d37660c408	hca:0040_10.1016_j.xcrm.2021.100219_d37660c408:claim:98a1d60b143c2d20fc57	luminal progenitor cluster 2	luminal progenitor cluster 0	CL:0011020	explicit	0.0	luminal progenitor cluster 2
hca:0040_10.1016_j.xcrm.2021.100219_d37660c408	hca:0040_10.1016_j.xcrm.2021.100219_d37660c408:claim:d26370d2bae20fac2baa	mature luminal cell	luminal progenitor cell	CL:0000837	explicit	0.0	mature luminal cell
hca:0042_10.1126_sciadv.aau4788_744a251f24	hca:0042_10.1126_sciadv.aau4788_744a251f24:claim:99e14e074088fd2118f7	decidual fibroblast 2	decidual fibroblast 1	CL:0000057	explicit	0.0	decidual fibroblast 2
hca:0043_10.1038_s41556-023-01108-w_511ea5e6f6	hca:0043_10.1038_s41556-023-01108-w_511ea5e6f6:claim:8aa5b0a8e430943fa300	dp4	dp1		explicit		dp4
hca:0043_10.1038_s41556-023-01108-w_511ea5e6f6	hca:0043_10.1038_s41556-023-01108-w_511ea5e6f6:claim:ffa1eb2681eefb0fa34e	sclerotome	spinal neuron		explicit		sclerotome
hca:0044_10.1101_2021.11.30.470583_4b4329647c	hca:0044_10.1101_2021.11.30.470583_4b4329647c:claim:2c48d143bc1ec700a466	sclerotome	spinal neuron		explicit		sclerotome
hca:0045_10.15252_embj.2018100811_a99bb4a451	hca:0045_10.15252_embj.2018100811_a99bb4a451:claim:48bbbe18d201fb8b810f	Müller glia	retinal astrocyte	CL:4033015	explicit	1.0	müller glia
hca:0045_10.15252_embj.2018100811_a99bb4a451	hca:0045_10.15252_embj.2018100811_a99bb4a451:claim:6ae2a9e3c0c96c1f55c3	retinal astrocyte	Müller glia	CL:0000125	explicit	0.0	retinal astrocyte
hca:0045_10.15252_embj.2018100811_a99bb4a451	hca:0045_10.15252_embj.2018100811_a99bb4a451:claim:b0a59424ed97dd87793e	S-cone	L/M-cone	CL:0003049	explicit	0.0	s cone
hca:0045_10.15252_embj.2018100811_a99bb4a451	hca:0045_10.15252_embj.2018100811_a99bb4a451:claim:cca8df1c513f49d85d32	Müller glia	retinal astrocyte	CL:4033015	explicit	1.0	müller glia
hca:0045_10.15252_embj.2018100811_a99bb4a451	hca:0045_10.15252_embj.2018100811_a99bb4a451:claim:f8c7bc5939308692d1af	L/M-cone	S-cone	CL:0003050	explicit	1.0	l m cone
hca:0046_10.1007_s00018-022-04559-w_6919bd92ba	hca:0046_10.1007_s00018-022-04559-w_6919bd92ba:claim:1b89943eebfcac839d0f	ciliary epithelium	other ciliary cells		explicit		ciliary epithelium
hca:0046_10.1007_s00018-022-04559-w_6919bd92ba	hca:0046_10.1007_s00018-022-04559-w_6919bd92ba:claim:f48f3b4c41501266ae36	ciliary muscle cell	vascular smooth muscle cell	CL:0000359	explicit	1.0	ciliary muscle cell
hca:0048_10.1038_s41588-022-01243-4_ae2af85553	hca:0048_10.1038_s41588-022-01243-4_ae2af85553:claim:fdefaaa5239ac401251d	submucosal gland duct cell	epithelial cell	CL:0000066	explicit	1.0	submucosal gland duct cell
hca:0050_10.1073_pnas.1507125112_495172b774	hca:0050_10.1073_pnas.1507125112_495172b774:claim:07f1d5ccccad29e1f489	parvalbumin-expressing neuron	interneuron subtype	CL:0000099	explicit	0.0	parvalbumin expressing neuron
hca:0052_10.1016_j.molmet.2022.101595_3242a2c7db	hca:0052_10.1016_j.molmet.2022.101595_3242a2c7db:claim:028134f652cc688b28de	alpha cell	beta cell	CL:0000168	explicit	1.0	alpha cell
hca:0052_10.1016_j.molmet.2022.101595_3242a2c7db	hca:0052_10.1016_j.molmet.2022.101595_3242a2c7db:claim:87f5ce2f014a3d2d4d16	beta cell	alpha cell	CL:0000171	explicit	1.0	beta cell
hca:0058_10.1016_j.immuni.2024.01.006_4c90d18ac6	hca:0058_10.1016_j.immuni.2024.01.006_4c90d18ac6:claim:0c739c3f0a14e0d9940e	natural killer cell	innate lymphoid cell	CL:0001065	explicit	1.0	natural killer cell
hca:0058_10.1016_j.immuni.2024.01.006_4c90d18ac6	hca:0058_10.1016_j.immuni.2024.01.006_4c90d18ac6:claim:119b20607dc204a1eb9f	innate lymphoid cell 1	precursor natural killer cell		explicit		innate lymphoid cell 1
hca:0058_10.1016_j.immuni.2024.01.006_4c90d18ac6	hca:0058_10.1016_j.immuni.2024.01.006_4c90d18ac6:claim:cea152aef5a3e40bdfe0	innate lymphoid cell	natural killer cell	CL:0000623	explicit	1.0	innate lymphoid cell
hca:0060_10.3389_fcell.2022.872688_ac00c45d48	hca:0060_10.3389_fcell.2022.872688_ac00c45d48:claim:65957f70e06f9f5554d8	macrophage	dendritic cell	CL:0000451	explicit	1.0	macrophage
hca:0063_10.1016_j.cell.2021.04.028_f5e4882de7	hca:0063_10.1016_j.cell.2021.04.028_f5e4882de7:claim:5137b5cb1e9d78ab333d	intestine mesenchymal cell	lung mesenchymal cell	CL:0008019	explicit	0.0	intestine mesenchymal cell
hca:0063_10.1016_j.cell.2021.04.028_f5e4882de7	hca:0063_10.1016_j.cell.2021.04.028_f5e4882de7:claim:729e3ed8f8f9ba5cc284	lung mesenchymal cell	intestine mesenchymal cell	CL:0008019	explicit	0.0	lung mesenchymal cell
hca:0065_10.1101_2020.12.03.20242412_aa08d1f424	hca:0065_10.1101_2020.12.03.20242412_aa08d1f424:claim:5a2450e9ad46aa567a5d	macrophage-2	macrophage-1	CL:0000235	explicit	0.0	macrophage 2
hca:0065_10.1101_2020.12.03.20242412_aa08d1f424	hca:0065_10.1101_2020.12.03.20242412_aa08d1f424:claim:63e6561d49f43ba2b9e1	macrophage-1	macrophage-2	CL:0000235	explicit	0.0	macrophage 1
hca:0069_10.1038_s41467-021-23355-x_92232969b4	hca:0069_10.1038_s41467-021-23355-x_92232969b4:claim:4fb2f5ce2e1b1453b91d	light zone germinal center B cell	dark zone germinal center B cell	CL:0000844	explicit	0.0	light zone germinal center b cell
hca:0070_10.1038_s41587-020-0469-4_55d6a04187	hca:0070_10.1038_s41587-020-0469-4_55d6a04187:claim:41bc78c3b71e22b86041	CD8-positive T cell	natural killer cell	CL:0000623	explicit	1.0	cd8 positive t cell
hca:0071_10.1038_s41586-021-03929-x_6a378f8954	hca:0071_10.1038_s41586-021-03929-x_6a378f8954:claim:1a68793202fac3095a4b	sinusoidal endothelial cell	fetal liver sinusoidal endothelial cell	CL:1000398	explicit	0.0	sinusoidal endothelial cell
hca:0071_10.1038_s41586-021-03929-x_6a378f8954	hca:0071_10.1038_s41586-021-03929-x_6a378f8954:claim:abf9e0f7261c9c5e37db	granulocyte and monocyte progenitor	fetal liver granulocyte and monocyte progenitor	CL:0000557	explicit	0.0	granulocyte and monocyte progenitor
hca:0072_10.1038_s41591-018-0269-2_c51f595930	hca:0072_10.1038_s41591-018-0269-2_c51f595930:claim:e52472c3068f78a1a0d6	circulating tumor cell	non-circulating tumor cell		explicit		circulating tumor cell
hca:0073_10.1016_j.isci.2021.102482_6ff6d432ab	hca:0073_10.1016_j.isci.2021.102482_6ff6d432ab:claim:1bc4e9766e95fd0aa41f	plasmablast cluster 0/1	plasmablast cluster 2 and 3	CL:0000980	explicit	0.0	plasmablast cluster 0 1
hca:0073_10.1016_j.isci.2021.102482_6ff6d432ab	hca:0073_10.1016_j.isci.2021.102482_6ff6d432ab:claim:bbe20f645c9fd7ab0577	plasmablast cluster 2 and 3	plasmablast cluster 0/1	CL:0000980	explicit	0.0	plasmablast cluster 2 and 3
hca:0073_10.1016_j.isci.2021.102482_6ff6d432ab	hca:0073_10.1016_j.isci.2021.102482_6ff6d432ab:claim:c7d7ac1f244ed7513d6a	plasmablast cluster 2 and 3	plasmablast cluster 0/1	CL:0000980	explicit	0.0	plasmablast cluster 2 and 3
hca:0073_10.1016_j.isci.2021.102482_6ff6d432ab	hca:0073_10.1016_j.isci.2021.102482_6ff6d432ab:claim:dbb6036beddbe43575c7	IgA and IgM plasmablast	immunoglobulin-negative plasmablast	CL:0000980	explicit	0.0	iga and igm plasmablast
hca:0073_10.1016_j.isci.2021.102482_6ff6d432ab	hca:0073_10.1016_j.isci.2021.102482_6ff6d432ab:claim:f5a88f1f15641173028b	plasmablast cluster 2 and 3	plasmablast cluster 0/1	CL:0000980	explicit	0.0	plasmablast cluster 2 and 3
hca:0074_10.3389_fimmu.2022.846281_c0060ff2e9	hca:0074_10.3389_fimmu.2022.846281_c0060ff2e9:claim:2ebbc8e4a39de779f622	presumptive thymus primordia	presumptive parathyroid		explicit		presumptive thymus primordia
hca:0074_10.3389_fimmu.2022.846281_c0060ff2e9	hca:0074_10.3389_fimmu.2022.846281_c0060ff2e9:claim:3de8cffcc428c6e30f08	medullary thymic epithelial cell	cortical thymic epithelial cell	CL:0002364	explicit	1.0	medullary thymic epithelial cell
hca:0074_10.3389_fimmu.2022.846281_c0060ff2e9	hca:0074_10.3389_fimmu.2022.846281_c0060ff2e9:claim:5b1140b013c40c5d4d5e	cortical thymic epithelial cell	medullary thymic epithelial cell	CL:0002365	explicit	1.0	cortical thymic epithelial cell
hca:0074_10.3389_fimmu.2022.846281_c0060ff2e9	hca:0074_10.3389_fimmu.2022.846281_c0060ff2e9:claim:65624538b56b0407d332	medullary thymic epithelial cell	cortical thymic epithelial cell	CL:0002364	explicit	1.0	medullary thymic epithelial cell
hca:0074_10.3389_fimmu.2022.846281_c0060ff2e9	hca:0074_10.3389_fimmu.2022.846281_c0060ff2e9:claim:6749480ae83fe7bb8692	presumptive parathyroid	presumptive thymus primordia		explicit		presumptive parathyroid
hca:0075_10.1126_scitranslmed.abm1375_6de08b3db5	hca:0075_10.1126_scitranslmed.abm1375_6de08b3db5:claim:6d5b6f3374ed3bd8ec51	memory-like natural killer cell	cytomegalovirus-adaptive natural killer cell	CL:0000623	implicit	0.0	memory like natural killer cell
hca:0077_10.1038_s41587-020-0602-4_e82c5c2835	hca:0077_10.1038_s41587-020-0602-4_e82c5c2835:claim:091c2b41ca5db4ed6439	natural killer cell	natural killer T cell	CL:0000814	explicit	1.0	natural killer cell
hca:0080_10.1126_sciadv.abf1444_8cb053b6ed	hca:0080_10.1126_sciadv.abf1444_8cb053b6ed:claim:bd56c24fc113120c89fb	arterial smooth muscle cell	pericyte	CL:0000669	explicit	1.0	arterial smooth muscle cell
hca:0081_10.1038_s41598-020-66092-9_e23219ced0	hca:0081_10.1038_s41598-020-66092-9_e23219ced0:claim:116a16bffe3633a261df	horizontal cell type H2	horizontal cell type H1	CL:0000745	explicit	0.0	horizontal cell type h2
hca:0081_10.1038_s41598-020-66092-9_e23219ced0	hca:0081_10.1038_s41598-020-66092-9_e23219ced0:claim:15af32128fbb7315cd67	horizontal cell type H1	horizontal cell type H2	CL:0000745	explicit	0.0	horizontal cell type h1
hca:0081_10.1038_s41598-020-66092-9_e23219ced0	hca:0081_10.1038_s41598-020-66092-9_e23219ced0:claim:87d0cb3c1ea60b5c5ae1	rod bipolar cell	cone bipolar cell		explicit		rod bipolar cell
hca:0083_10.1126_sciimmunol.adz8650_c0046d094c	hca:0083_10.1126_sciimmunol.adz8650_c0046d094c:claim:232f4cc55673c4df9e1c	macrophage subset M7	submucosal macrophage	CL:0000235	explicit	0.0	macrophage subset m7
hca:0083_10.1126_sciimmunol.adz8650_c0046d094c	hca:0083_10.1126_sciimmunol.adz8650_c0046d094c:claim:85c81d3aa444ca821f26	CCR7-positive conventional dendritic cell	CCR7-negative dendritic cell	CL:0000451	explicit	0.0	ccr7 positive conventional dendritic cell
hca:0084_10.1084_jem.20250471_14ff4cfa40	hca:0084_10.1084_jem.20250471_14ff4cfa40:claim:244889642695c3567ce9	gut-associated lymphoid tissue fibroblastic reticular cell	intestinal fibroblast	CL:0000057	explicit	0.0	gut associated lymphoid tissue fibroblastic reticular cell
hca:0084_10.1084_jem.20250471_14ff4cfa40	hca:0084_10.1084_jem.20250471_14ff4cfa40:claim:6b9425619d46fbf80d45	gut-associated lymphoid tissue fibroblast	intestinal fibroblast	CL:0000057	explicit	0.0	gut associated lymphoid tissue fibroblast
hca:0084_10.1084_jem.20250471_14ff4cfa40	hca:0084_10.1084_jem.20250471_14ff4cfa40:claim:bebff4a73a6552552072	T/B border reticular cell	follicular dendritic cell	CL:0000442	explicit	1.0	t b border reticular cell
hca:0085_10.1073_pnas.2200914119_3dd916fb05	hca:0085_10.1073_pnas.2200914119_3dd916fb05:claim:059c246817fa0a9d1271	conjunctival melanocyte	uveal melanocyte	CL:4030000	explicit	1.0	conjunctival melanocyte
hca:0085_10.1073_pnas.2200914119_3dd916fb05	hca:0085_10.1073_pnas.2200914119_3dd916fb05:claim:608870f471617ab29fa4	transit amplifying cell	committed basal cell	CL:0000646	explicit	0.0	transit amplifying cell
hca:0085_10.1073_pnas.2200914119_3dd916fb05	hca:0085_10.1073_pnas.2200914119_3dd916fb05:claim:79c9bd46e5119072e96e	uveal melanocyte	conjunctival melanocyte	CL:0000148	explicit	0.0	uveal melanocyte
hca:0085_10.1073_pnas.2200914119_3dd916fb05	hca:0085_10.1073_pnas.2200914119_3dd916fb05:claim:8085e4ae6ea48df56c78	nonpigmented ciliary epithelial cell	pigmented ciliary epithelial cell	CL:0002303	explicit	1.0	nonpigmented ciliary epithelial cell
hca:0090_10.1038_s41586-021-03852-1_eec89a5e36	hca:0090_10.1038_s41586-021-03852-1_eec89a5e36:claim:d59f5b762960d290430a	pre-B cell	pro-B cell	CL:0000826	explicit	1.0	pre b cell
hca:0090_10.1038_s41586-021-03852-1_eec89a5e36	hca:0090_10.1038_s41586-021-03852-1_eec89a5e36:claim:fdee1c396840919ae71c	immature B cell	B lineage cell		explicit		immature b cell
hca:0094_10.1073_pnas.2404775121_07bae216d2	hca:0094_10.1073_pnas.2404775121_07bae216d2:claim:00443094a28caf4135be	uterine smooth muscle cell	perivascular cell	CL:4033054	explicit	1.0	uterine smooth muscle cell
hca:0096_10.1126_sciadv.abo2467_05989af98e	hca:0096_10.1126_sciadv.abo2467_05989af98e:claim:859ee1467080c458edb8	GABAergic neuron	dopaminergic neuron	CL:0000700	explicit	1.0	gabaergic neuron
hca:0096_10.1126_sciadv.abo2467_05989af98e	hca:0096_10.1126_sciadv.abo2467_05989af98e:claim:a4b3c4e85b9c877b29e7	dopaminergic neuron	GABAergic neuron	CL:0000617	explicit	1.0	dopaminergic neuron
hca:0097_10.1038_s41586-019-1917-5_7f634d5353	hca:0097_10.1038_s41586-019-1917-5_7f634d5353:claim:6da9d87c71c4af80b5d6	dentate gyrus excitatory neuron	non-dentate gyrus excitatory neuron		explicit		dentate gyrus excitatory neuron
hca:0098_10.1038_s41586-020-03148-w_f50cb505c0	hca:0098_10.1038_s41586-020-03148-w_f50cb505c0:claim:751481c8700344933b86	tissue-resident alveolar macrophage 2	tissue-resident alveolar macrophage 1	CL:0000235	explicit	0.0	tissue resident alveolar macrophage 2
hca:0107_10.1101_2022.10.24.513487_4d505f4f68	hca:0107_10.1101_2022.10.24.513487_4d505f4f68:claim:495e3c35bb5fcd37375a	oligodendrocyte precursor cell	committed oligodendrocyte precursor cell	CL:4023059	explicit	0.0	oligodendrocyte precursor cell
hca:0107_10.1101_2022.10.24.513487_4d505f4f68	hca:0107_10.1101_2022.10.24.513487_4d505f4f68:claim:5bf397346dcad2842f60	committed oligodendrocyte precursor cell	oligodendrocyte precursor cell	CL:0002453	explicit	1.0	committed oligodendrocyte precursor cell
hca:0108_10.1038_s41598-017-14676-3_ca30704700	hca:0108_10.1038_s41598-017-14676-3_ca30704700:claim:191451ba2ee63380814a	endometrioid adenocarcinoma epithelial-to-mesenchymal transition cell	endometrioid adenocarcinoma cell		explicit		endometrioid adenocarcinoma epithelial to mesenchymal transition cell
hca:0108_10.1038_s41598-017-14676-3_ca30704700	hca:0108_10.1038_s41598-017-14676-3_ca30704700:claim:ae45a71f970522146a91	spheroid cell	serum-cultured cell	CL:0000010	explicit	0.0	spheroid cell
hca:0110_10.1038_s41586-019-1506-7_3d44de0941	hca:0110_10.1038_s41586-019-1506-7_3d44de0941:claim:06d9876ace69442cc02c	Astro L1-2 FGFR3 GFAP	Astro L1-6 FGFR3 SLC14A1		explicit		astro l1 2 fgfr3 gfap
hca:0113_10.1101_2021.04.28.441762_c83625bbe4	hca:0113_10.1101_2021.04.28.441762_c83625bbe4:claim:9ab04b40bfaa7c0b4b34	Kupffer cell	red pulp macrophage	CL:0000235	explicit	0.0	kupffer cell
hca:0113_10.1101_2021.04.28.441762_c83625bbe4	hca:0113_10.1101_2021.04.28.441762_c83625bbe4:claim:a4307996c56719aef3cd	MemB_ITGAX memory B cell	conventional memory B cell	CL:0000787	explicit	0.0	memb_itgax memory b cell
hca:0117_10.1038_s41586-019-1652-y_d63955188b	hca:0117_10.1038_s41586-019-1652-y_d63955188b:claim:2ffb2af4aaac554b6532	haematopoietic stem cell/multipotent progenitor	cord blood and adult bone marrow haematopoietic stem cell/multipotent progenitor		explicit		haematopoietic stem cell multipotent progenitor
hca:0120_10.1038_s41467-022-34255-z_c90043e943	hca:0120_10.1038_s41467-022-34255-z_c90043e943:claim:98984eb97df120ae1537	proximal tubular cell subtype PT-3/4	proximal tubular cell subtype PT-1		explicit		proximal tubular cell subtype pt 3 4
hca:0123_10.1371_journal.pone.0267704_5a8157f0f3	hca:0123_10.1371_journal.pone.0267704_5a8157f0f3:claim:0e0c86fb3ad88c331588	tubular progenitor cell subtype PG2	proximal tubular cell		explicit		tubular progenitor cell subtype pg2
hca:0123_10.1371_journal.pone.0267704_5a8157f0f3	hca:0123_10.1371_journal.pone.0267704_5a8157f0f3:claim:24fb8048c4e7e53a6951	tubular progenitor cell subtype PG1	proximal tubular cell		explicit		tubular progenitor cell subtype pg1
hca:0123_10.1371_journal.pone.0267704_5a8157f0f3	hca:0123_10.1371_journal.pone.0267704_5a8157f0f3:claim:73dc7a44620815d41a7a	migratory fibroblast subtype FB1	fibroblast subtype FB4	CL:0000057	explicit	0.0	migratory fibroblast subtype fb1
hca:0126_10.1038_s41591-022-01959-0_cbdd92bc71	hca:0126_10.1038_s41591-022-01959-0_cbdd92bc71:claim:1c04841e4a64782efc0b	CD4-positive cytotoxic T lymphocyte	effector memory T cell		explicit		cd4 positive cytotoxic t lymphocyte
hca:0127_10.1016_j.cell.2021.11.031_38bd899f1b	hca:0127_10.1016_j.cell.2021.11.031_38bd899f1b:claim:1072b9291eb4719d5d96	sessile serrated lesion	conventional adenoma		explicit		sessile serrated lesion
hca:0127_10.1016_j.cell.2021.11.031_38bd899f1b	hca:0127_10.1016_j.cell.2021.11.031_38bd899f1b:claim:372fbe4972d8a7af5d10	metaplastic cell	proliferative stem cell	CL:0000034	explicit	0.0	metaplastic cell
hca:0127_10.1016_j.cell.2021.11.031_38bd899f1b	hca:0127_10.1016_j.cell.2021.11.031_38bd899f1b:claim:569a9ac8f1995b15e15c	hyperplastic polyp	conventional adenoma		explicit		hyperplastic polyp
hca:0127_10.1016_j.cell.2021.11.031_38bd899f1b	hca:0127_10.1016_j.cell.2021.11.031_38bd899f1b:claim:e7f15efb0a9c854d10e2	proliferative stem cell	metaplastic cell		explicit		proliferative stem cell
hca:0130_10.1038_s41422-020-00455-9_6ab85d317a	hca:0130_10.1038_s41422-020-00455-9_6ab85d317a:claim:df81bbfa3d862b58c940	monocyte	macrophage	CL:0000235	explicit	1.0	monocyte
hca:0130_10.1038_s41422-020-00455-9_6ab85d317a	hca:0130_10.1038_s41422-020-00455-9_6ab85d317a:claim:eab4607b3912b590b9fb	mature-naïve follicular B-cell	memory B-cell	CL:0000787	implicit	1.0	mature naïve follicular b cell
hca:0132_10.1038_s41467-020-16239-z_001d78a35b	hca:0132_10.1038_s41467-020-16239-z_001d78a35b:claim:9db7a392f5538c788ce2	submucosal gland mucus secretory cell	surface mucus secretory cell	CL:0000151	implicit	0.0	submucosal gland mucus secretory cell
hca:0132_10.1038_s41467-020-16239-z_001d78a35b	hca:0132_10.1038_s41467-020-16239-z_001d78a35b:claim:c51cce50aedfca6364f1	surface mucus secretory cell	submucosal gland mucus secretory cell	CL:0000151	explicit	0.0	surface mucus secretory cell
hca:0134_10.3389_fimmu.2021.636720_9a958ecc4e	hca:0134_10.3389_fimmu.2021.636720_9a958ecc4e:claim:fb8e67daec530e2edf27	activated B cell cluster 0	age-associated B cell	CL:4033094	explicit	1.0	activated b cell cluster 0
hca:0134_10.3389_fimmu.2021.636720_9a958ecc4e	hca:0134_10.3389_fimmu.2021.636720_9a958ecc4e:claim:fb8e67daec530e2edf27	activated B cell cluster 0	double negative 2 cell	CL:0000806	explicit	0.0	activated b cell cluster 0
hca:0135_10.1016_j.cell.2022.06.007_78f5f057fa	hca:0135_10.1016_j.cell.2022.06.007_78f5f057fa:claim:0b20579852eee195d4ef	clonally expanded CD8-positive T cell	non-expanded CD8-positive T cell	CL:0000084	explicit	0.0	clonally expanded cd8 positive t cell
hca:0135_10.1016_j.cell.2022.06.007_78f5f057fa	hca:0135_10.1016_j.cell.2022.06.007_78f5f057fa:claim:56ed2f297c7fd39ff943	non-expanded CD8-positive T cell	clonally expanded CD8-positive T cell	CL:0000084	explicit	0.0	non expanded cd8 positive t cell
hca:0136_10.1167_iovs.62.6.18_7e8926eaf2	hca:0136_10.1167_iovs.62.6.18_7e8926eaf2:claim:0722d411ac9276af0f57	cone precursor	retinal progenitor cell	CL:0002672	explicit	1.0	cone precursor
hca:0136_10.1167_iovs.62.6.18_7e8926eaf2	hca:0136_10.1167_iovs.62.6.18_7e8926eaf2:claim:0805d62110b6ac64bfa6	cone precursor	retinal progenitor cell	CL:0002672	explicit	1.0	cone precursor
hca:0142_10.1016_j.immuni.2023.01.032_b86bd8b65d	hca:0142_10.1016_j.immuni.2023.01.032_b86bd8b65d:claim:3da63ddde703e4db8928	alveolar epithelial type 2 signaling cell	alveolar epithelial type 2 bulk cell	CL:0000322	implicit	0.0	alveolar epithelial type 2 signaling cell
hca:0143_10.1038_s41586-021-03710-0_b55ce5f09e	hca:0143_10.1038_s41586-021-03710-0_b55ce5f09e:claim:0fce2201fc1ac5c17231	microglia	macrophage	CL:0000235	explicit	1.0	microglia
hca:0151_10.1038_s41586-022-04718-w_1bf3167cbc	hca:0151_10.1038_s41586-022-04718-w_1bf3167cbc:claim:58f0524974f7a1a653f9	IL1R1-positive regulatory T cell	IL1R1-negative regulatory T cell	CL:0000815	explicit	0.0	il1r1 positive regulatory t cell
hca:0151_10.1038_s41586-022-04718-w_1bf3167cbc	hca:0151_10.1038_s41586-022-04718-w_1bf3167cbc:claim:dbba56997c78e9d9a7ec	regulatory T cell	CD4-positive T cell	CL:0000084	explicit	1.0	regulatory t cell
hca:0151_10.1038_s41586-022-04718-w_1bf3167cbc	hca:0151_10.1038_s41586-022-04718-w_1bf3167cbc:claim:dbba56997c78e9d9a7ec	regulatory T cell	CD8-positive T cell	CL:0000084	explicit	1.0	regulatory t cell
hca:0153_10.1038_s41556-020-00607-4_a7b29ac44b	hca:0153_10.1038_s41556-020-00607-4_a7b29ac44b:claim:cf706db591a58f3cdc95	human primordial germ cell	somatic cell		explicit		human primordial germ cell
hca:0155_10.1038_s41467-022-29588-8_ec4c5a4a22	hca:0155_10.1038_s41467-022-29588-8_ec4c5a4a22:claim:20c3816070a32ae9b09a	pancreatic alpha cell	pancreatic beta cell	CL:0000169	explicit	1.0	pancreatic alpha cell
hca:0155_10.1038_s41467-022-29588-8_ec4c5a4a22	hca:0155_10.1038_s41467-022-29588-8_ec4c5a4a22:claim:4edd4953cd738678e658	pancreatic beta cell	pancreatic alpha cell	CL:0000171	explicit	1.0	pancreatic beta cell
hca:0155_10.1038_s41467-022-29588-8_ec4c5a4a22	hca:0155_10.1038_s41467-022-29588-8_ec4c5a4a22:claim:8a4075f93697381ac06a	pancreatic beta cell	pancreatic alpha cell	CL:0000171	explicit	1.0	pancreatic beta cell
hca:0155_10.1038_s41467-022-29588-8_ec4c5a4a22	hca:0155_10.1038_s41467-022-29588-8_ec4c5a4a22:claim:d52574a04afda8dd4919	pancreatic alpha cell	pancreatic beta cell	CL:0000169	explicit	1.0	pancreatic alpha cell
hca:0160_10.1016_j.stem.2017.09.003_8fb14888a8	hca:0160_10.1016_j.stem.2017.09.003_8fb14888a8:claim:ee2eae01e1824c39b2d3	human spermatogonial stem cell	embryonic stem cell	CL:0002322	explicit	1.0	human spermatogonial stem cell
hca:0161_10.1681_asn.2020030326_bf5d42b566	hca:0161_10.1681_asn.2020030326_bf5d42b566:claim:6b127eb997231f633547	donor-origin macrophage	recipient-origin macrophage	CL:0000235	explicit	0.0	donor origin macrophage
hca:0161_10.1681_asn.2020030326_bf5d42b566	hca:0161_10.1681_asn.2020030326_bf5d42b566:claim:7cc1fadbcdf553b839be	recipient-origin macrophage	donor-origin macrophage	CL:0000235	explicit	0.0	recipient origin macrophage
hca:0162_10.1016_j.kint.2021.11.031_93f85a569c	hca:0162_10.1016_j.kint.2021.11.031_93f85a569c:claim:aaba9c9ee6717d720ab0	glomerular endothelial cell	peritubular capillary endothelial cell	CL:1001033	explicit	1.0	glomerular endothelial cell
hca:0162_10.1016_j.kint.2021.11.031_93f85a569c	hca:0162_10.1016_j.kint.2021.11.031_93f85a569c:claim:aaba9c9ee6717d720ab0	glomerular endothelial cell	arteriolar endothelial cell	CL:0000115	explicit	0.0	glomerular endothelial cell
hca:0166_10.1101_2023.04.13.23288227_0c5bc13bbe	hca:0166_10.1101_2023.04.13.23288227_0c5bc13bbe:claim:8cdf3cd275663551f178	activated mucosal-associated invariant T cell	classical mucosal-associated invariant T cell	CL:0000940	explicit	0.0	activated mucosal associated invariant t cell
hca:0169_10.1038_s41586-022-04541-3_a47d9e6ca0	hca:0169_10.1038_s41586-022-04541-3_a47d9e6ca0:claim:835580d8601f5cfecd8c	terminal and respiratory bronchiole secretory cell	pre-terminal bronchiole secretory cell	CL:0000151	explicit	0.0	terminal and respiratory bronchiole secretory cell
hca:0169_10.1038_s41586-022-04541-3_a47d9e6ca0	hca:0169_10.1038_s41586-022-04541-3_a47d9e6ca0:claim:cf40ab8f0163e504f4af	alveolar type-0 cell	alveolar type-2 cell		explicit		alveolar type 0 cell
hca:0170_10.1038_s41556-021-00740-8_a1434832b6	hca:0170_10.1038_s41556-021-00740-8_a1434832b6:claim:0aa0ae9b901f667cf965	volar-enriched melanocyte	non-volar cutaneous-like melanocyte	CL:0000148	explicit	0.0	volar enriched melanocyte
hca:0170_10.1038_s41556-021-00740-8_a1434832b6	hca:0170_10.1038_s41556-021-00740-8_a1434832b6:claim:4cac8e34df60af9eca6e	volar-enriched melanocyte	non-volar cutaneous melanocyte	CL:0000148	explicit	0.0	volar enriched melanocyte
hca:0170_10.1038_s41556-021-00740-8_a1434832b6	hca:0170_10.1038_s41556-021-00740-8_a1434832b6:claim:8c754b7591e4450acc98	non-volar cutaneous-like melanocyte	volar-enriched melanocyte	CL:0000148	explicit	0.0	non volar cutaneous like melanocyte
hca:0172_10.1093_hmg_ddab140_444d3c140d	hca:0172_10.1093_hmg_ddab140_444d3c140d:claim:01c1442269ec421a8e8d	foveal cone photoreceptor cell	parafoveal cone photoreceptor cell		explicit		foveal cone photoreceptor cell
hca:0172_10.1093_hmg_ddab140_444d3c140d	hca:0172_10.1093_hmg_ddab140_444d3c140d:claim:3525b98fcbb28e3be509	parafoveal cone photoreceptor cell	foveal cone photoreceptor cell		implicit		parafoveal cone photoreceptor cell
hca:0172_10.1093_hmg_ddab140_444d3c140d	hca:0172_10.1093_hmg_ddab140_444d3c140d:claim:93b784c0d08841170bf3	parafoveal rod photoreceptor cell	foveal rod photoreceptor cell		implicit		parafoveal rod photoreceptor cell
hca:0172_10.1093_hmg_ddab140_444d3c140d	hca:0172_10.1093_hmg_ddab140_444d3c140d:claim:d6b1c3db46ca3586f9db	foveal cone photoreceptor cell	parafoveal cone photoreceptor cell		explicit		foveal cone photoreceptor cell
hca:0177_10.1073_pnas.2204269120_58cc2f2212	hca:0177_10.1073_pnas.2204269120_58cc2f2212:claim:204198c74f6ef370b93d	Crohn's disease-specific CD4+ tissue-resident memory T cell	CD103+CD161+CCR5+ CD4+ tissue-resident memory T cell	CL:0000813	explicit	0.0	crohn s disease specific cd4 tissue resident memory t cell
hca:0177_10.1073_pnas.2204269120_58cc2f2212	hca:0177_10.1073_pnas.2204269120_58cc2f2212:claim:9e1066e8c59cefd96b5c	CD103+CD161+CCR5+ CD4+ tissue-resident memory T cell	CD4+ T cell	CL:0000084	explicit	1.0	cd103 cd161 ccr5 cd4 tissue resident memory t cell
hca:0177_10.1073_pnas.2204269120_58cc2f2212	hca:0177_10.1073_pnas.2204269120_58cc2f2212:claim:a5e5143a9f5d2abdc292	Crohn's disease-specific CD4+ tissue-resident memory T cell	CD103+CD161+CCR5+ CD4+ tissue-resident memory T cell	CL:0000813	explicit	0.0	crohn s disease specific cd4 tissue resident memory t cell
hca:0177_10.1073_pnas.2204269120_58cc2f2212	hca:0177_10.1073_pnas.2204269120_58cc2f2212:claim:c8f402d040e2e4321aa1	CD4+ tissue-resident memory T cell	CD4+ T cell	CL:0000084	explicit	1.0	cd4 tissue resident memory t cell
hca:0180_10.1016_j.immuni.2019.11.014_dd3bbb9bc1	hca:0180_10.1016_j.immuni.2019.11.014_dd3bbb9bc1:claim:627926c31a77cde4823d	CD16-positive monocyte	CD14-positive monocyte	CL:0001054	explicit	1.0	cd16 positive monocyte
hca:0182_10.1126_sciimmunol.abk1741_33c534a538	hca:0182_10.1126_sciimmunol.abk1741_33c534a538:claim:a5ad5d96d7d248acda11	CD69+ CD103- T cell	CD103+ tissue-resident memory T cell	CL:0000813	explicit	0.0	cd69 cd103 t cell
hca:0184_10.1016_j.cell.2021.07.023_f621bea088	hca:0184_10.1016_j.cell.2021.07.023_f621bea088:claim:0d0099869762c7dcfe8f	developing ciliated cell	ciliated cell	CL:0000064	explicit	1.0	developing ciliated cell
hca:0184_10.1016_j.cell.2021.07.023_f621bea088	hca:0184_10.1016_j.cell.2021.07.023_f621bea088:claim:6b8f7c57cfa5a2425ddd	secretory cell	goblet cell	CL:0000160	explicit	1.0	secretory cell
hca:0184_10.1016_j.cell.2021.07.023_f621bea088	hca:0184_10.1016_j.cell.2021.07.023_f621bea088:claim:9a5e42d1fa0f08b44957	ITGAX high macrophage	immune cell	CL:0000738	explicit	1.0	itgax high macrophage
hca:0184_10.1016_j.cell.2021.07.023_f621bea088	hca:0184_10.1016_j.cell.2021.07.023_f621bea088:claim:9a69773b3c6801d554e8	secretory cell	goblet cell	CL:0000160	explicit	1.0	secretory cell
hca:0184_10.1016_j.cell.2021.07.023_f621bea088	hca:0184_10.1016_j.cell.2021.07.023_f621bea088:claim:bdeb52cc2d0bdaa6572a	goblet cell	secretory cell	CL:0000151	explicit	1.0	goblet cell
hca:0188_10.1038_s41586-022-04989-3_7ea3ee9a4e	hca:0188_10.1038_s41586-022-04989-3_7ea3ee9a4e:claim:296a84277abb7560b949	cardiomyocyte cluster 3	cardiomyocyte cluster 1	CL:0000746	explicit	0.0	cardiomyocyte cluster 3
hca:0188_10.1038_s41586-022-04989-3_7ea3ee9a4e	hca:0188_10.1038_s41586-022-04989-3_7ea3ee9a4e:claim:a20d6d816ea215ea5aea	cardiomyocyte cluster 2	cardiomyocyte cluster 1	CL:0000746	explicit	0.0	cardiomyocyte cluster 2
hca:0188_10.1038_s41586-022-04989-3_7ea3ee9a4e	hca:0188_10.1038_s41586-022-04989-3_7ea3ee9a4e:claim:d3d4c238ff7fa88e1db2	CD14-2 monocyte	CD14-1 monocyte	CL:0000576	explicit	0.0	cd14 2 monocyte
hca:0196_10.1016_j.cell.2019.06.029_0759da9587	hca:0196_10.1016_j.cell.2019.06.029_0759da9587:claim:f11a7f1485b71e8df3fc	BEST4+ enterocyte	epithelial cell	CL:0000066	explicit	1.0	best4 enterocyte
hca:0212_10.1038_s41586-022-04571-x_30a05d7904	hca:0212_10.1038_s41586-022-04571-x_30a05d7904:claim:1c65c6bff27e2334b8b9	hematopoietic stem cell	progenitor	CL:0011020	explicit	1.0	hematopoietic stem cell
hca:0212_10.1038_s41586-022-04571-x_30a05d7904	hca:0212_10.1038_s41586-022-04571-x_30a05d7904:claim:3cbf9134350fb26ad2ac	hemogenic endothelium	pre-hemogenic endothelium	CL:0000115	explicit	0.0	hemogenic endothelium
hca:0212_10.1038_s41586-022-04571-x_30a05d7904	hca:0212_10.1038_s41586-022-04571-x_30a05d7904:claim:71f5770010d6893185d5	hematopoietic stem cell	lineage-restricted progenitor	CL:0011020	explicit	0.0	hematopoietic stem cell
hca:0214_10.1126_science.abo0510_808a3cb920	hca:0214_10.1126_science.abo0510_808a3cb920:claim:458568a97c7cbeeca1b0	B1 cell	mature B cell	CL:0000785	explicit	1.0	b1 cell
hca:0216_10.1038_s41588-021-00972-2_b07f96cf7c	hca:0216_10.1038_s41588-021-00972-2_b07f96cf7c:claim:0d71f3fda6bb649bd2be	glandular epithelial cell	lumenal epithelial cell	CL:0000066	explicit	0.0	glandular epithelial cell
hca:0216_10.1038_s41588-021-00972-2_b07f96cf7c	hca:0216_10.1038_s41588-021-00972-2_b07f96cf7c:claim:214f8fabc5903cae0c73	lumenal epithelial cell	glandular epithelial cell	CL:0000150	explicit	1.0	lumenal epithelial cell
hca:0220_10.1038_s42003-021-02562-8_904d08be85	hca:0220_10.1038_s42003-021-02562-8_904d08be85:claim:1ad22adaa0d336f6affe	tumor cell	background liver		explicit		tumor cell
hca:0222_10.1016_j.cell.2020.06.001_353fb6b4df	hca:0222_10.1016_j.cell.2020.06.001_353fb6b4df:claim:fe9f4d945fa32bf86723	myeloid cell	immune cell	CL:0000738	explicit	1.0	myeloid cell
hca:0224_10.1038_s41467-018-07581-4_ec3b4906f6	hca:0224_10.1038_s41467-018-07581-4_ec3b4906f6:claim:907ae15218c332e36dbf	co-inhibitory receptor rich IL-10-producing CD4-positive T cell	co-inhibitory receptor poor IL-10-producing CD4-positive T cell	CL:0000084	explicit	0.0	co inhibitory receptor rich il 10 producing cd4 positive t cell
hca:0224_10.1038_s41467-018-07581-4_ec3b4906f6	hca:0224_10.1038_s41467-018-07581-4_ec3b4906f6:claim:9c875143149ab68ddb4a	CD25 high CD127 low CD4-positive T cell	IL-10-producing CD4-positive T cell	CL:0000084	explicit	0.0	cd25 high cd127 low cd4 positive t cell
hca:0229_10.15252_msb.20178041_0277072a61	hca:0229_10.15252_msb.20178041_0277072a61:claim:214cef807f6de9a754f0	lymphoid progenitor	neutrophil/monocyte progenitor	CL:0000557	explicit	0.0	lymphoid progenitor
hca:0229_10.15252_msb.20178041_0277072a61	hca:0229_10.15252_msb.20178041_0277072a61:claim:cfafd4ba57963744c86f	basophil/eosinophil/mast cell progenitor	neutrophil/monocyte progenitor	CL:0000557	explicit	0.0	basophil eosinophil mast cell progenitor
hca:0229_10.15252_msb.20178041_0277072a61	hca:0229_10.15252_msb.20178041_0277072a61:claim:e37caa26bc0ad02f631c	basophil/eosinophil/mast cell progenitor	granulocyte-macrophage progenitor	CL:0000557	explicit	1.0	basophil eosinophil mast cell progenitor
hca:0232_10.1038_s43018-020-00121-4_6badfd3276	hca:0232_10.1038_s43018-020-00121-4_6badfd3276:claim:311b0162a6fe0d4d1019	tumor-infiltrating CD8-positive T cell	CD8-positive T cell in adjacent/normal tissue	CL:0000084	explicit	0.0	tumor infiltrating cd8 positive t cell
hca:0232_10.1038_s43018-020-00121-4_6badfd3276	hca:0232_10.1038_s43018-020-00121-4_6badfd3276:claim:82dbf199f0e8bb06dad7	granulocyte	granulocyte in adjacent/normal tissue	CL:0000094	explicit	0.0	granulocyte
hca:0234_10.1038_s41467-022-32972-z_b918df798f	hca:0234_10.1038_s41467-022-32972-z_b918df798f:claim:415ba7da9b7929207427	PROM1-positive proximal tubule cell	VCAM1-positive proximal tubule cell		explicit		prom1 positive proximal tubule cell
hca:0234_10.1038_s41467-022-32972-z_b918df798f	hca:0234_10.1038_s41467-022-32972-z_b918df798f:claim:555b9bc6de62bc819b56	VCAM1-positive proximal tubule cell	PROM1-positive proximal tubule cell		explicit		vcam1 positive proximal tubule cell
hca:0234_10.1038_s41467-022-32972-z_b918df798f	hca:0234_10.1038_s41467-022-32972-z_b918df798f:claim:5ea296781d7e561b5fa0	VCAM1-positive proximal tubule cell	proximal convoluted tubule cell		explicit		vcam1 positive proximal tubule cell
hca:0234_10.1038_s41467-022-32972-z_b918df798f	hca:0234_10.1038_s41467-022-32972-z_b918df798f:claim:f0c11b215b4eff834d0c	PROM1-positive proximal tubule cell	VCAM1-positive proximal tubule cell		explicit		prom1 positive proximal tubule cell
hca:0238_10.1002_art.41813_55de40d8f6	hca:0238_10.1002_art.41813_55de40d8f6:claim:73de59ba2fd56ab2a6d1	plasmacytoid dendritic cell	B cell	CL:0000236	explicit	1.0	plasmacytoid dendritic cell
hca:0239_10.1038_s41467-021-24607-6_2a0350c2e5	hca:0239_10.1038_s41467-021-24607-6_2a0350c2e5:claim:387331700f643c962388	papillary dermal fibroblast	reticular dermal fibroblast	CL:0002551	explicit	0.0	papillary dermal fibroblast
hca:0239_10.1038_s41467-021-24607-6_2a0350c2e5	hca:0239_10.1038_s41467-021-24607-6_2a0350c2e5:claim:daf7b0f0cb52b9dce5b6	reticular dermal fibroblast	papillary dermal fibroblast	CL:0002551	explicit	0.0	reticular dermal fibroblast
hca:0240_10.1038_s41591-020-1043-9_9c3b0c098a	hca:0240_10.1038_s41591-020-1043-9_9c3b0c098a:claim:4e6e659592ea8c55c5cd	progenitor cell	neuron	CL:0000540	explicit	1.0	progenitor cell
hca:0240_10.1038_s41591-020-1043-9_9c3b0c098a	hca:0240_10.1038_s41591-020-1043-9_9c3b0c098a:claim:c8a46cbd8f207ca1940b	neuron	progenitor cell	CL:0000837	explicit	1.0	neuron
hca:0243_10.1038_s41586-023-05915-x_2f4aafa6a2	hca:0243_10.1038_s41586-023-05915-x_2f4aafa6a2:claim:3c38296f68f27886aaef	I cell	enterochromaffin cell	CL:0000577	explicit	1.0	i cell
hca:0244_10.1038_s41586-019-1654-9_7c485e5190	hca:0244_10.1038_s41586-019-1654-9_7c485e5190:claim:640eacd8d7a885af3daf	deep-layer neuron	upper-layer neuron	CL:0000540	explicit	0.0	deep layer neuron
hca:0245_10.1007_s00018-022-04183-8_4730063570	hca:0245_10.1007_s00018-022-04183-8_4730063570:claim:d326056bf084d93a57d3	differentiated tooth organoid cell	undifferentiated tooth organoid cell		explicit		differentiated tooth organoid cell
hca:0248_10.1016_j.stem.2020.12.001_c5f98f4c3c	hca:0248_10.1016_j.stem.2020.12.001_c5f98f4c3c:claim:8635cce49c4be693eddd	ureteric epithelium	distal nephron		explicit		ureteric epithelium
hca:0248_10.1016_j.stem.2020.12.001_c5f98f4c3c	hca:0248_10.1016_j.stem.2020.12.001_c5f98f4c3c:claim:c18d14ae661200ba9714	ureteric epithelium	distal nephron		explicit		ureteric epithelium
hca:0248_10.1016_j.stem.2020.12.001_c5f98f4c3c	hca:0248_10.1016_j.stem.2020.12.001_c5f98f4c3c:claim:dadf0e7a673010081a5e	distal nephron	ureteric epithelium		explicit		distal nephron
hca:0248_10.1016_j.stem.2020.12.001_c5f98f4c3c	hca:0248_10.1016_j.stem.2020.12.001_c5f98f4c3c:claim:dceea56154dc23661552	distal nephron	ureteric epithelium		explicit		distal nephron
hca:0249_10.1038_s41588-021-00801-6_bd85f761cf	hca:0249_10.1038_s41588-021-00801-6_bd85f761cf:claim:c5ef36f41853ed5e4fee	neuronal cell	non-neuronal cell		explicit		neuronal cell
hca:0250_10.1126_sciimmunol.aan8664_c5aa305903	hca:0250_10.1126_sciimmunol.aan8664_c5aa305903:claim:bbf08cb26468a1914bf2	CD4+ cytotoxic T lymphocyte effector cell	CD4+ cytotoxic T lymphocyte precursor cell	CL:0000910	explicit	0.0	cd4 cytotoxic t lymphocyte effector cell
hca:0250_10.1126_sciimmunol.aan8664_c5aa305903	hca:0250_10.1126_sciimmunol.aan8664_c5aa305903:claim:ce6f904c2777fc8cc2b9	CD4+ cytotoxic T lymphocyte precursor cell	CD4+ cytotoxic T lymphocyte effector cell	CL:0000910	explicit	0.0	cd4 cytotoxic t lymphocyte precursor cell
hca:0250_10.1126_sciimmunol.aan8664_c5aa305903	hca:0250_10.1126_sciimmunol.aan8664_c5aa305903:claim:ec35803f97f50c84450e	CD4+ cytotoxic T lymphocyte precursor cell	central memory T cell		explicit		cd4 cytotoxic t lymphocyte precursor cell
hca:0250_10.1126_sciimmunol.aan8664_c5aa305903	hca:0250_10.1126_sciimmunol.aan8664_c5aa305903:claim:f88a018294c5ea004b47	CD4+ cytotoxic T lymphocyte precursor cell	CD4+ cytotoxic T lymphocyte effector cell	CL:0000910	explicit	0.0	cd4 cytotoxic t lymphocyte precursor cell
hca:0251_10.1038_s41588-023-01298-x_c85e8d4857	hca:0251_10.1038_s41588-023-01298-x_c85e8d4857:claim:12e13bd25251431d16e0	luminal cell	basal cell	CL:0000646	explicit	1.0	luminal cell
hca:0251_10.1038_s41588-023-01298-x_c85e8d4857	hca:0251_10.1038_s41588-023-01298-x_c85e8d4857:claim:333e0421e06b78d4c339	fibroblast	pericyte	CL:0000669	explicit	1.0	fibroblast
hca:0251_10.1038_s41588-023-01298-x_c85e8d4857	hca:0251_10.1038_s41588-023-01298-x_c85e8d4857:claim:9897f4bf9c03d0a0848e	basal cell	luminal cell		explicit		basal cell
hca:0251_10.1038_s41588-023-01298-x_c85e8d4857	hca:0251_10.1038_s41588-023-01298-x_c85e8d4857:claim:9d529123a872e5c6bb47	fibroblast	pericyte	CL:0000669	explicit	1.0	fibroblast
hca:0251_10.1038_s41588-023-01298-x_c85e8d4857	hca:0251_10.1038_s41588-023-01298-x_c85e8d4857:claim:a6a1c407ec7bd4ceb376	pericyte	fibroblast	CL:0000057	explicit	1.0	pericyte
hca:0251_10.1038_s41588-023-01298-x_c85e8d4857	hca:0251_10.1038_s41588-023-01298-x_c85e8d4857:claim:e6af4a980b8f0c8f00cb	pericyte	fibroblast	CL:0000057	explicit	1.0	pericyte
hca:0252_10.1073_pnas.2025813118_95804f2d74	hca:0252_10.1073_pnas.2025813118_95804f2d74:claim:0ae0f0d33bb6f8e4eb56	interleukin-17-positive T cell	interleukin-17-negative T cell	CL:0000084	explicit	0.0	interleukin 17 positive t cell
hca:0252_10.1073_pnas.2025813118_95804f2d74	hca:0252_10.1073_pnas.2025813118_95804f2d74:claim:695ca9e30c6c6e0657cc	T helper 17 cell	T helper 2 cell		explicit		t helper 17 cell
hca:0253_10.1038_s41587-019-0068-4_077f63be55	hca:0253_10.1038_s41587-019-0068-4_077f63be55:claim:ecf80a2ae4e07f7f8b08	long-term hematopoietic stem cell	short-term hematopoietic stem cell	CL:0000037	explicit	0.0	long term hematopoietic stem cell
hca:0259_10.1038_s41590-019-0425-y_86ec5764bb	hca:0259_10.1038_s41590-019-0425-y_86ec5764bb:claim:195ceb228ae6390cd52f	innate lymphoid cell type 3	CD56bright natural killer cell	CL:0000623	implicit	0.0	innate lymphoid cell type 3
hca:0259_10.1038_s41590-019-0425-y_86ec5764bb	hca:0259_10.1038_s41590-019-0425-y_86ec5764bb:claim:4808d1ee6dd60239c0c8	innate lymphoid cell type 1a	innate lymphoid cell type 3a	CL:0001065	explicit	0.0	innate lymphoid cell type 1a
hca:0259_10.1038_s41590-019-0425-y_86ec5764bb	hca:0259_10.1038_s41590-019-0425-y_86ec5764bb:claim:4d61c09c936545c75103	innate lymphoid cell type 3a	innate lymphoid cell type 1a	CL:0001065	explicit	0.0	innate lymphoid cell type 3a
hca:0259_10.1038_s41590-019-0425-y_86ec5764bb	hca:0259_10.1038_s41590-019-0425-y_86ec5764bb:claim:b04199931591970b5658	innate lymphoid cell type 3a	innate lymphoid cell type 1a	CL:0001065	explicit	0.0	innate lymphoid cell type 3a
hca:0259_10.1038_s41590-019-0425-y_86ec5764bb	hca:0259_10.1038_s41590-019-0425-y_86ec5764bb:claim:dabc19745c32352d365b	innate lymphoid cell type 1a	innate lymphoid cell type 3a	CL:0001065	explicit	0.0	innate lymphoid cell type 1a
hca:0260_10.1084_jem.20190811_d700cd1f81	hca:0260_10.1084_jem.20190811_d700cd1f81:claim:332b5d9ee1d35c8db76a	skin activated dendritic cell	BDCA-2-positive CD123-high dendritic cell	CL:0000451	explicit	0.0	skin activated dendritic cell
hca:0263_10.1126_science.abq3061_cd915f6391	hca:0263_10.1126_science.abq3061_cd915f6391:claim:d873ccf4926b666f05fb	SPP1-positive macrophage cluster mac(c)	other cell		explicit		spp1 positive macrophage cluster mac c
hca:0265_10.1038_s41591-019-0750-6_ba0c7c2ce5	hca:0265_10.1038_s41591-019-0750-6_ba0c7c2ce5:claim:0f9f6d73f331f6f5e7df	natural killer T cell	natural killer cell	CL:0000623	explicit	1.0	natural killer t cell
hca:0265_10.1038_s41591-019-0750-6_ba0c7c2ce5	hca:0265_10.1038_s41591-019-0750-6_ba0c7c2ce5:claim:998fc95177cbc72c9ce0	pulmonary endothelial cell	stromal cell	CL:0000499	explicit	1.0	pulmonary endothelial cell
hca:0267_10.1038_s41586-019-1631-3_36f09e3445	hca:0267_10.1038_s41586-019-1631-3_36f09e3445:claim:4cd0504dce9e1708ad7e	Kupffer cell 2	Kupffer cell 1	CL:0000091	explicit	0.0	kupffer cell 2
hca:0270_10.1038_s41467-022-30557-4_ba2c76ba96	hca:0270_10.1038_s41467-022-30557-4_ba2c76ba96:claim:6a3b7d81ada110058abe	myeloid progenitor	definitive hematopoietic stem cell	CL:0000037	explicit	0.0	myeloid progenitor
hca:0277_10.1038_s41467-024-50853-5_ed4f7a095d	hca:0277_10.1038_s41467-024-50853-5_ed4f7a095d:claim:01ea6fa7221807f43453	macular primary retinal progenitor cell	peripheral primary retinal progenitor cell	CL:0002672	explicit	0.0	macular primary retinal progenitor cell
hca:0277_10.1038_s41467-024-50853-5_ed4f7a095d	hca:0277_10.1038_s41467-024-50853-5_ed4f7a095d:claim:5461551d816c9a1fa4d2	macular cone photoreceptor	peripheral cone photoreceptor	CL:0000573	explicit	0.0	macular cone photoreceptor
hca:0279_10.1186_s12860-019-0199-y_bf14d4299c	hca:0279_10.1186_s12860-019-0199-y_bf14d4299c:claim:0ee365d31848c11ea5cb	precursor conventional dendritic cell type 2	precursor conventional dendritic cell type 1	CL:0000990	explicit	0.0	precursor conventional dendritic cell type 2
hca:0279_10.1186_s12860-019-0199-y_bf14d4299c	hca:0279_10.1186_s12860-019-0199-y_bf14d4299c:claim:7a83c97eeed1f712ba2e	precursor conventional dendritic cell	conventional dendritic cell	CL:0000451	explicit	1.0	precursor conventional dendritic cell
hca:0279_10.1186_s12860-019-0199-y_bf14d4299c	hca:0279_10.1186_s12860-019-0199-y_bf14d4299c:claim:7af368f87e7d37fe3b1f	conventional dendritic cell type 1	conventional dendritic cell type 2	CL:0000990	explicit	1.0	conventional dendritic cell type 1
hca:0279_10.1186_s12860-019-0199-y_bf14d4299c	hca:0279_10.1186_s12860-019-0199-y_bf14d4299c:claim:cb81af5f1a961d723488	conventional dendritic cell type 2	conventional dendritic cell type 1	CL:0000990	explicit	1.0	conventional dendritic cell type 2
hca:0280_10.1681_asn.2017080890_022062f455	hca:0280_10.1681_asn.2017080890_022062f455:claim:148190ce58dd0984d370	interstitial progenitor cell	nephron progenitor cell	CL:0000837	explicit	0.0	interstitial progenitor cell
hca:0283_10.1161_circulationaha.120.052318_08d58c2441	hca:0283_10.1161_circulationaha.120.052318_08d58c2441:claim:b991fbae3d687f396f6c	aerocyte	general capillary endothelial cell	CL:0002144	explicit	0.0	aerocyte
hca:0283_10.1161_circulationaha.120.052318_08d58c2441	hca:0283_10.1161_circulationaha.120.052318_08d58c2441:claim:e1c93874e291f8df7c39	systemic–venous endothelial cell	pulmonary–venous endothelial cell	CL:0000115	explicit	0.0	systemic venous endothelial cell
hca:0286_10.1038_s41467-018-06318-7_d818827349	hca:0286_10.1038_s41467-018-06318-7_d818827349:claim:22641e7230102a171dc0	tissue resident memory T cell	circulating memory T cell	CL:0000813	explicit	0.0	tissue resident memory t cell
hca:0286_10.1038_s41467-018-06318-7_d818827349	hca:0286_10.1038_s41467-018-06318-7_d818827349:claim:788b95fd36887c281a56	MARCO-positive macrophage	MARCO-negative CD68-positive macrophage	CL:0000235	explicit	0.0	marco positive macrophage
hca:0294_10.1038_ni.3368_b6f196ee59	hca:0294_10.1038_ni.3368_b6f196ee59:claim:5893b29c540631382cbc	type 3 innate lymphoid cell	other innate lymphoid cell	CL:0001065	explicit	0.0	type 3 innate lymphoid cell
hca:0294_10.1038_ni.3368_b6f196ee59	hca:0294_10.1038_ni.3368_b6f196ee59:claim:aac67ccde06956a9c53b	type 2 innate lymphoid cell	other innate lymphoid cell population	CL:0001065	explicit	0.0	type 2 innate lymphoid cell
hca:0297_10.1038_s42003-021-02223-w_f1c781baae	hca:0297_10.1038_s42003-021-02223-w_f1c781baae:claim:e494834e4596ad34f0d5	nail-specific keratinocyte	epidermal keratinocyte	CL:0000312	explicit	1.0	nail specific keratinocyte
hca:0299_10.1038_s41467-019-11266-x_d55119ff52	hca:0299_10.1038_s41467-019-11266-x_d55119ff52:claim:471395d388081c1216bd	adult hepatobiliary hybrid progenitor cell	mature biliary epithelial cell		explicit		adult hepatobiliary hybrid progenitor cell
hca:0299_10.1038_s41467-019-11266-x_d55119ff52	hca:0299_10.1038_s41467-019-11266-x_d55119ff52:claim:5c69f5dc8aa54e5669fb	adult hepatobiliary hybrid progenitor cell	foetal hepatobiliary hybrid progenitor cell	CL:0000837	explicit	0.0	adult hepatobiliary hybrid progenitor cell
hca:0299_10.1038_s41467-019-11266-x_d55119ff52	hca:0299_10.1038_s41467-019-11266-x_d55119ff52:claim:76222adb766bea6ff190	foetal hepatoblast	hepatobiliary hybrid progenitor cell	CL:0000837	explicit	0.0	foetal hepatoblast
hca:0299_10.1038_s41467-019-11266-x_d55119ff52	hca:0299_10.1038_s41467-019-11266-x_d55119ff52:claim:ad3225821515651e068c	foetal hepatobiliary hybrid progenitor cell	adult hepatobiliary hybrid progenitor cell	CL:0000837	explicit	0.0	foetal hepatobiliary hybrid progenitor cell
hca:0299_10.1038_s41467-019-11266-x_d55119ff52	hca:0299_10.1038_s41467-019-11266-x_d55119ff52:claim:ff66eee570a81c97348f	foetal hepatocyte	hepatobiliary hybrid progenitor cell	CL:0000837	explicit	0.0	foetal hepatocyte
hca:0302_10.1016_j.isci.2022.104772_3e028c0be0	hca:0302_10.1016_j.isci.2022.104772_3e028c0be0:claim:0f578e806ddba006153f	pre-adipocyte 2	pre-adipocyte 1	CL:0000136	explicit	0.0	pre adipocyte 2
hca:0302_10.1016_j.isci.2022.104772_3e028c0be0	hca:0302_10.1016_j.isci.2022.104772_3e028c0be0:claim:b4651123a88f4cc4e853	hematopoietic-derived stem cell	stem cell 1	CL:0000034	explicit	0.0	hematopoietic derived stem cell
hca:0306_10.1038_s41467-021-22368-w_5524560e05	hca:0306_10.1038_s41467-021-22368-w_5524560e05:claim:0e3319fc01fb61664c14	thick ascending limb subpopulation 2	thick ascending limb subpopulation 1		explicit		thick ascending limb subpopulation 2
hca:0306_10.1038_s41467-021-22368-w_5524560e05	hca:0306_10.1038_s41467-021-22368-w_5524560e05:claim:0f44d47335360f8d2241	thick ascending limb subpopulation 2	thick ascending limb subpopulation 1		explicit		thick ascending limb subpopulation 2
hca:0306_10.1038_s41467-021-22368-w_5524560e05	hca:0306_10.1038_s41467-021-22368-w_5524560e05:claim:2b14e8e8f5914c36e6c8	VCAM1-positive proximal tubule cell	proximal tubule cell		explicit		vcam1 positive proximal tubule cell
hca:0306_10.1038_s41467-021-22368-w_5524560e05	hca:0306_10.1038_s41467-021-22368-w_5524560e05:claim:2ddf214a766f3bcdac06	proximal straight tubule cell	proximal convoluted tubule cell		explicit		proximal straight tubule cell
hca:0306_10.1038_s41467-021-22368-w_5524560e05	hca:0306_10.1038_s41467-021-22368-w_5524560e05:claim:6cbbc79df40f27d91574	proximal convoluted tubule cell	proximal straight tubule cell		explicit		proximal convoluted tubule cell
hca:0306_10.1038_s41467-021-22368-w_5524560e05	hca:0306_10.1038_s41467-021-22368-w_5524560e05:claim:7332a478daefc26c9560	thick ascending limb subpopulation 1	thick ascending limb subpopulation 2		explicit		thick ascending limb subpopulation 1
hca:0306_10.1038_s41467-021-22368-w_5524560e05	hca:0306_10.1038_s41467-021-22368-w_5524560e05:claim:d95938e88ccfe8346103	thick ascending limb subpopulation 1	thick ascending limb subpopulation 2		explicit		thick ascending limb subpopulation 1
hca:0310_10.1172_jci.insight.133267_ab6c49313c	hca:0310_10.1172_jci.insight.133267_ab6c49313c:claim:fc3c65440a40099e6244	podocyte	all other cell types		explicit		podocyte
hca:0322_10.3389_fonc.2021.719564_a0cfb67753	hca:0322_10.3389_fonc.2021.719564_a0cfb67753:claim:3908259bee3a9caac3a8	quiescent fibroblast	cancer-associated fibroblast		explicit		quiescent fibroblast
hca:0325_10.1016_j.celrep.2017.10.030_a9d12a5d7c	hca:0325_10.1016_j.celrep.2017.10.030_a9d12a5d7c:claim:6e9de1c23a8b9d895b27	neoplastic cell	non-neoplastic cell	CL:0001063	implicit	0.0	neoplastic cell
hca:0328_10.1164_rccm.201912-2445oc_4927636a02	hca:0328_10.1164_rccm.201912-2445oc_4927636a02:claim:edd35592f5776f6fb8d4	lymphatic endothelial cell	LAM CORE cell		explicit		lymphatic endothelial cell
hca:0328_10.1164_rccm.201912-2445oc_4927636a02	hca:0328_10.1164_rccm.201912-2445oc_4927636a02:claim:ffaea7643fcc60f1f4b9	LAM CORE cell	lung mesenchymal cell	CL:0008019	explicit	0.0	lam core cell
hca:0334_10.1681_asn.2018020125_804c4742d9	hca:0334_10.1681_asn.2018020125_804c4742d9:claim:031b93794324b6eff7f1	monocyte 1	monocyte 2	CL:0000576	explicit	1.0	monocyte 1
hca:0334_10.1681_asn.2018020125_804c4742d9	hca:0334_10.1681_asn.2018020125_804c4742d9:claim:e75e75e80be20b75e81c	monocyte 2	monocyte 1	CL:0000576	explicit	1.0	monocyte 2
hca:0335_10.2337_db16-0405_ae79f269d3	hca:0335_10.2337_db16-0405_ae79f269d3:claim:0561647064508fd12ba4	alpha cell	beta cell	CL:0000168	explicit	1.0	alpha cell
hca:0335_10.2337_db16-0405_ae79f269d3	hca:0335_10.2337_db16-0405_ae79f269d3:claim:9fd70f74cb4125a33f89	beta cell	alpha cell	CL:0000171	explicit	1.0	beta cell
hca:0343_10.1038_s41597-019-0351-8_0cf4fb36a1	hca:0343_10.1038_s41597-019-0351-8_0cf4fb36a1:claim:1a43443f2c8a16c4f51c	T cell	natural killer T cell	CL:0000814	explicit	1.0	t cell
hca:0343_10.1038_s41597-019-0351-8_0cf4fb36a1	hca:0343_10.1038_s41597-019-0351-8_0cf4fb36a1:claim:39b604132b0899e11518	natural killer T cell	T cell	CL:0000084	explicit	1.0	natural killer t cell
hca:0348_10.1126_sciadv.aba1972_746bae0b3c	hca:0348_10.1126_sciadv.aba1972_746bae0b3c:claim:6e088c93d5bb4a5f94c7	SCGB1A1-positive secretory cell	SPDEF high goblet-like cell	CL:0000160	implicit	0.0	scgb1a1 positive secretory cell
hca:0350_10.1038_s41421-020-0157-z_3083f6da26	hca:0350_10.1038_s41421-020-0157-z_3083f6da26:claim:4422854097f478bf4523	liver-resident natural killer cell	conventional natural killer cell	CL:0000623	explicit	0.0	liver resident natural killer cell
hca:0350_10.1038_s41421-020-0157-z_3083f6da26	hca:0350_10.1038_s41421-020-0157-z_3083f6da26:claim:5012b1b965f12243f134	antibody-secreting cell	B cell	CL:0000236	explicit	1.0	antibody secreting cell
hca:0350_10.1038_s41421-020-0157-z_3083f6da26	hca:0350_10.1038_s41421-020-0157-z_3083f6da26:claim:564e48db88a4ac45fddc	CX3CR1-positive cytotoxic T cell	tissue-resident memory T cell	CL:0000813	explicit	0.0	cx3cr1 positive cytotoxic t cell
hca:0350_10.1038_s41421-020-0157-z_3083f6da26	hca:0350_10.1038_s41421-020-0157-z_3083f6da26:claim:6a2a175eb8836b77143a	cycling T and natural killer cell	non-cycling T and natural killer cell	CL:0000623	explicit	0.0	cycling t and natural killer cell
hca:0350_10.1038_s41421-020-0157-z_3083f6da26	hca:0350_10.1038_s41421-020-0157-z_3083f6da26:claim:7fa4010c24525abb7781	tissue-resident memory T cell	CX3CR1-positive cytotoxic T cell	CL:0000910	explicit	0.0	tissue resident memory t cell
hca:0350_10.1038_s41421-020-0157-z_3083f6da26	hca:0350_10.1038_s41421-020-0157-z_3083f6da26:claim:84b767db1c76133e71ee	conventional natural killer cell	liver-resident natural killer cell	CL:4047101	explicit	1.0	conventional natural killer cell
hca:0350_10.1038_s41421-020-0157-z_3083f6da26	hca:0350_10.1038_s41421-020-0157-z_3083f6da26:claim:af622e85706475428d89	CX3CR1-positive natural killer cell	CXCR6-positive natural killer cell	CL:0000623	explicit	0.0	cx3cr1 positive natural killer cell
hca:0350_10.1038_s41421-020-0157-z_3083f6da26	hca:0350_10.1038_s41421-020-0157-z_3083f6da26:claim:c205111b89422ad453ee	CXCR6-positive natural killer cell	CX3CR1-positive natural killer cell	CL:0000623	explicit	0.0	cxcr6 positive natural killer cell
hca:0350_10.1038_s41421-020-0157-z_3083f6da26	hca:0350_10.1038_s41421-020-0157-z_3083f6da26:claim:d0ede3cfe445005533c4	B cell	antibody-secreting cell		explicit		b cell
hca:0350_10.1038_s41421-020-0157-z_3083f6da26	hca:0350_10.1038_s41421-020-0157-z_3083f6da26:claim:f0d28bf7255fdb165c20	antibody-secreting cell	B cell	CL:0000236	explicit	1.0	antibody secreting cell
hca:0353_10.1016_j.neuron.2017.02.014_ebc3a9c467	hca:0353_10.1016_j.neuron.2017.02.014_ebc3a9c467:claim:0d30933196e80d059d8b	neuron	progenitor	CL:0011020	explicit	1.0	neuron
hca:0353_10.1016_j.neuron.2017.02.014_ebc3a9c467	hca:0353_10.1016_j.neuron.2017.02.014_ebc3a9c467:claim:19d5796c23a082e2c5b2	progenitor	neuron	CL:0000540	explicit	1.0	progenitor
hca:0353_10.1016_j.neuron.2017.02.014_ebc3a9c467	hca:0353_10.1016_j.neuron.2017.02.014_ebc3a9c467:claim:3be2a5d405dde56f812e	mature cortical interneuron	immature cortical interneuron	CL:0008031	explicit	0.0	mature cortical interneuron
hca:0353_10.1016_j.neuron.2017.02.014_ebc3a9c467	hca:0353_10.1016_j.neuron.2017.02.014_ebc3a9c467:claim:7326543945c282207b5d	cortical interneuron	medial ganglionic eminence-derived interneuron	CL:0000099	explicit	0.0	cortical interneuron
hca:0360_10.1084_jem.20161135_0465d3ea50	hca:0360_10.1084_jem.20161135_0465d3ea50:claim:405521a7a31d86e42dc8	CD141+ conventional dendritic cell	CD1c+ conventional dendritic cell	CL:0000451	explicit	0.0	cd141 conventional dendritic cell
hca:0360_10.1084_jem.20161135_0465d3ea50	hca:0360_10.1084_jem.20161135_0465d3ea50:claim:86042a3016eb408d9ba2	CD172a− pre-conventional dendritic cell	CD172a+ pre-conventional dendritic cell	CL:0002010	explicit	0.0	cd172a pre conventional dendritic cell
hca:0360_10.1084_jem.20161135_0465d3ea50	hca:0360_10.1084_jem.20161135_0465d3ea50:claim:ca4c5e235b5827f6f435	CD1c+ conventional dendritic cell	CD141+ conventional dendritic cell	CL:0000451	explicit	0.0	cd1c conventional dendritic cell
hca:0360_10.1084_jem.20161135_0465d3ea50	hca:0360_10.1084_jem.20161135_0465d3ea50:claim:cbe000a363d18190d310	CD172a− pre-conventional dendritic cell	CD172a+ pre-conventional dendritic cell	CL:0002010	explicit	0.0	cd172a pre conventional dendritic cell
hca:0360_10.1084_jem.20161135_0465d3ea50	hca:0360_10.1084_jem.20161135_0465d3ea50:claim:ec97abfe5792c847b52a	CD172a+ pre-conventional dendritic cell	CD172a− pre-conventional dendritic cell	CL:0002010	explicit	0.0	cd172a pre conventional dendritic cell
hca:0363_10.1016_j.omtn.2021.03.017_8083e53d24	hca:0363_10.1016_j.omtn.2021.03.017_8083e53d24:claim:ea751cae5654373eb695	endothelial cell	normal endothelial cell	CL:0000115	explicit	0.0	endothelial cell
hca:0366_10.1038_s41467-021-22164-6_097f05776f	hca:0366_10.1038_s41467-021-22164-6_097f05776f:claim:08d8451203173bf5e704	tissue-resident CD8-positive T cell cluster 1	tissue-resident CD8-positive T cell cluster 0	CL:0000084	explicit	0.0	tissue resident cd8 positive t cell cluster 1
hca:0367_10.1073_pnas.2103240118_fda266512b	hca:0367_10.1073_pnas.2103240118_fda266512b:claim:becff4dcbc7fa577bb81	clear cell renal cell carcinoma ascending vasa recta 1 endothelial cell	clear cell renal cell carcinoma ascending vasa recta 2 endothelial cell	CL:0000115	explicit	0.0	clear cell renal cell carcinoma ascending vasa recta 1 endothelial cell
hca:0367_10.1073_pnas.2103240118_fda266512b	hca:0367_10.1073_pnas.2103240118_fda266512b:claim:fda4e4fec7f792f4f581	macrophage-A	macrophage-B	CL:0000235	explicit	0.0	macrophage a
hca:0368_10.1016_j.cell.2019.08.008_98c14c4ebe	hca:0368_10.1016_j.cell.2019.08.008_98c14c4ebe:claim:7d228ba1f1691a916fd3	macrophage	dendritic cell	CL:0000451	explicit	1.0	macrophage
hca:0369_10.1038_s41598-020-64929-x_0cb78e8038	hca:0369_10.1038_s41598-020-64929-x_0cb78e8038:claim:9175a3ec2f37bb724632	T cell acute lymphoblastic leukemia cell	B cell acute lymphoblastic leukemia cell	CL:0000236	explicit	0.0	t cell acute lymphoblastic leukemia cell
hca:0372_10.1016_j.ccell.2021.10.009_d6ab4790aa	hca:0372_10.1016_j.ccell.2021.10.009_d6ab4790aa:claim:9b6a98e2235864de8195	alveolar macrophage	myeloid cell	CL:0000763	explicit	1.0	alveolar macrophage
hca:0374_10.1136_annrheumdis-2018-214865_9f6cd4034f	hca:0374_10.1136_annrheumdis-2018-214865_9f6cd4034f:claim:3abae47a09def12312c4	pericyte	mesenchymal cell	CL:0008019	explicit	1.0	pericyte
hca:0379_10.1038_s41698-022-00300-9_7bb9a273c6	hca:0379_10.1038_s41698-022-00300-9_7bb9a273c6:claim:57f2cd2d4b520f120546	exhausted CD8-positive T cell	regulatory T cell	CL:0000815	explicit	1.0	exhausted cd8 positive t cell
hca:0379_10.1038_s41698-022-00300-9_7bb9a273c6	hca:0379_10.1038_s41698-022-00300-9_7bb9a273c6:claim:c1b6ecdedee3b0845e23	regulatory T cell	exhausted CD8-positive T cell	CL:0020031	explicit	1.0	regulatory t cell
hca:0380_10.1038_s41593-020-00794-1_0ecbc1eb47	hca:0380_10.1038_s41593-020-00794-1_0ecbc1eb47:claim:14414340e13115d8f284	radial glia	other cell type		explicit		radial glia
hca:0380_10.1038_s41593-020-00794-1_0ecbc1eb47	hca:0380_10.1038_s41593-020-00794-1_0ecbc1eb47:claim:4ad21169029846605ba2	mesenchymal-like cell	progenitor population	CL:0011020	explicit	0.0	mesenchymal like cell
hca:0383_10.1126_sciadv.aaw3851_fd6802ffee	hca:0383_10.1126_sciadv.aaw3851_fd6802ffee:claim:f30b2d909ff19daffc22	alveolar type II cell	macrophage	CL:0000235	explicit	1.0	alveolar type ii cell
hca:0384_10.1038_s41422-021-00529-2_d6c8237ebe	hca:0384_10.1038_s41422-021-00529-2_d6c8237ebe:claim:57e18b37f030f9fa360c	ILC1 subset	natural killer cell	CL:0000623	explicit	1.0	ilc1 subset
hca:0384_10.1038_s41422-021-00529-2_d6c8237ebe	hca:0384_10.1038_s41422-021-00529-2_d6c8237ebe:claim:b325f2543c30b41ef5d9	natural killer cell subset	ILC1 subset	CL:0001068	explicit	0.0	natural killer cell subset
hca:0384_10.1038_s41422-021-00529-2_d6c8237ebe	hca:0384_10.1038_s41422-021-00529-2_d6c8237ebe:claim:de2aa8e4bdcc01cf62ce	Group 1 innate lymphoid cell	other innate lymphoid cell group	CL:0001065	explicit	0.0	group 1 innate lymphoid cell
hca:0385_10.1038_s41586-022-04521-7_37f1f319e2	hca:0385_10.1038_s41586-022-04521-7_37f1f319e2:claim:7083f36082deabd8f66f	vasculature-coupled astrocyte	canonical astrocyte	CL:0000127	explicit	0.0	vasculature coupled astrocyte
hca:0393_10.1038_s42255-022-00531-x_b92878970e	hca:0393_10.1038_s42255-022-00531-x_b92878970e:claim:6837409ea128eb71fb9e	Ductal-2 cell	Ductal-1 cell		explicit		ductal 2 cell
hca:0393_10.1038_s42255-022-00531-x_b92878970e	hca:0393_10.1038_s42255-022-00531-x_b92878970e:claim:90d3bb67bd2451de02f0	Ductal-1 cell	Ductal-2 cell		explicit		ductal 1 cell
hca:0397_10.1186_s13059-023-03111-8_05defe1911	hca:0397_10.1186_s13059-023-03111-8_05defe1911:claim:111953f0831706930df8	rod photoreceptor	cone photoreceptor	CL:0000573	explicit	1.0	rod photoreceptor
hca:0397_10.1186_s13059-023-03111-8_05defe1911	hca:0397_10.1186_s13059-023-03111-8_05defe1911:claim:111953f0831706930df8	rod photoreceptor	bipolar cell		explicit		rod photoreceptor
hca:0397_10.1186_s13059-023-03111-8_05defe1911	hca:0397_10.1186_s13059-023-03111-8_05defe1911:claim:1c532ac18ad844ef36f5	rod photoreceptor	cone photoreceptor	CL:0000573	explicit	1.0	rod photoreceptor
hca:0399_10.1016_j.immuni.2019.08.008_d590b8282e	hca:0399_10.1016_j.immuni.2019.08.008_d590b8282e:claim:9b08b6b47a6ce31adf44	conventional dendritic cell type 2	monocyte	CL:0000576	explicit	1.0	conventional dendritic cell type 2
hca:0399_10.1016_j.immuni.2019.08.008_d590b8282e	hca:0399_10.1016_j.immuni.2019.08.008_d590b8282e:claim:a9c5f0371c2a41381d17	monocyte	conventional dendritic cell type 2	CL:0000990	explicit	1.0	monocyte
hca:0400_10.1038_s41467-022-35297-z_0eab5d0ba9	hca:0400_10.1038_s41467-022-35297-z_0eab5d0ba9:claim:5c24b389ff91d2c015c4	kidney-resident lymphocyte	circulating lymphocyte	CL:0000542	explicit	0.0	kidney resident lymphocyte
hca:0402_10.1016_j.cell.2021.04.038_26e3dc6d2f	hca:0402_10.1016_j.cell.2021.04.038_26e3dc6d2f:claim:fd622b7048c8cd1bb286	tumor-infiltrating macrophage	non-tumor macrophage	CL:0000235	explicit	0.0	tumor infiltrating macrophage
hca:0403_10.1038_s41467-019-11036-9_eff650140f	hca:0403_10.1038_s41467-019-11036-9_eff650140f:claim:702aaefbb2cbbe165676	atretic theca cell	healthy theca cell	CL:0000503	explicit	0.0	atretic theca cell
hca:0403_10.1038_s41467-019-11036-9_eff650140f	hca:0403_10.1038_s41467-019-11036-9_eff650140f:claim:cf5092b8d0a6699a46bf	atretic granulosa cell	granulosa cell	CL:0000501	explicit	1.0	atretic granulosa cell
hca:0406_10.1093_brain_awab446_1c9ee67691	hca:0406_10.1093_brain_awab446_1c9ee67691:claim:66a694973c4810aca930	CADPS2 high cell	dopaminergic neuron	CL:0000700	explicit	1.0	cadps2 high cell
hca:0406_10.1093_brain_awab446_1c9ee67691	hca:0406_10.1093_brain_awab446_1c9ee67691:claim:9b216b7ab3206059705e	CADPS2 high cell	dopaminergic neuron	CL:0000700	explicit	1.0	cadps2 high cell
hca:0412_10.1038_s41598-019-57110-6_5feef6086a	hca:0412_10.1038_s41598-019-57110-6_5feef6086a:claim:6be05d28433361db3b67	Type I muscle fiber	Type IIa muscle fiber	CL:0002214	explicit	1.0	type i muscle fiber
hca:0412_10.1038_s41598-019-57110-6_5feef6086a	hca:0412_10.1038_s41598-019-57110-6_5feef6086a:claim:72261b8d821380d80bd5	T cell	B cell	CL:0000236	explicit	1.0	t cell
hca:0412_10.1038_s41598-019-57110-6_5feef6086a	hca:0412_10.1038_s41598-019-57110-6_5feef6086a:claim:8ef149300044da0337d7	B cell	T cell	CL:0000084	explicit	1.0	b cell
hca:0412_10.1038_s41598-019-57110-6_5feef6086a	hca:0412_10.1038_s41598-019-57110-6_5feef6086a:claim:a26a49e4927cb0b0c3a7	post-capillary venule endothelial cell	endothelial cell	CL:0000115	explicit	1.0	post capillary venule endothelial cell
hca:0412_10.1038_s41598-019-57110-6_5feef6086a	hca:0412_10.1038_s41598-019-57110-6_5feef6086a:claim:a4dd3169b58cf23b737d	Type IIa muscle fiber	Type I muscle fiber	CL:0002211	explicit	1.0	type iia muscle fiber
hca:0414_10.1186_s13059-020-02210-0_30c1533a3e	hca:0414_10.1186_s13059-020-02210-0_30c1533a3e:claim:506d426fde46fed77717	naïve B cell	B cell and plasma cell	CL:0000786	explicit	0.0	naïve b cell
hca:0417_10.1101_gr.212720.116_ba8d2583ab	hca:0417_10.1101_gr.212720.116_ba8d2583ab:claim:70461e3d4121e06bd607	delta cell	islet endocrine cell	CL:0000163	explicit	0.0	delta cell
hca:0422_10.1038_s41591-020-1040-z_d966e12866	hca:0422_10.1038_s41591-020-1040-z_d966e12866:claim:4c4c9e9594d72d357b99	luminal epithelial cell	glandular epithelial cell	CL:0000150	explicit	1.0	luminal epithelial cell
hca:0425_10.1038_s41598-017-05266-4_54c44ec7e0	hca:0425_10.1038_s41598-017-05266-4_54c44ec7e0:claim:4c6261059108477c08ef	pancreatic alpha cell	pancreatic beta cell	CL:0000169	explicit	1.0	pancreatic alpha cell
hca:0425_10.1038_s41598-017-05266-4_54c44ec7e0	hca:0425_10.1038_s41598-017-05266-4_54c44ec7e0:claim:7bbaa83f93e9625c8dd0	pancreatic beta cell	pancreatic alpha cell	CL:0000171	explicit	1.0	pancreatic beta cell
hca:0427_10.7150_ijbs.58886_44183be8e8	hca:0427_10.7150_ijbs.58886_44183be8e8:claim:a890349bafd81a4fc28e	cancer cell	ductal cell	CL:0002079	explicit	1.0	cancer cell
hca:0428_10.1073_pnas.1914143116_42027a0378	hca:0428_10.1073_pnas.1914143116_42027a0378:claim:7ec075ae06a4df8d6ae5	choriocapillaris endothelial cell	ocular endothelial cell	CL:0000115	explicit	0.0	choriocapillaris endothelial cell
hca:0428_10.1073_pnas.1914143116_42027a0378	hca:0428_10.1073_pnas.1914143116_42027a0378:claim:841948bd203937b14bb4	choroidal endothelial cell	retinal endothelial cell	CL:0000115	implicit	0.0	choroidal endothelial cell
hca:0435_10.1038_nm.4336_19432336d2	hca:0435_10.1038_nm.4336_19432336d2:claim:f65e6320404e52104ccc	blast crisis BCR-ABL-positive chronic myeloid leukemia stem cell	chronic phase BCR-ABL-positive chronic myeloid leukemia stem cell		explicit		blast crisis bcr abl positive chronic myeloid leukemia stem cell
hca:0435_10.1038_nm.4336_19432336d2	hca:0435_10.1038_nm.4336_19432336d2:claim:f80826d9ea1cfc009a70	group-A remission BCR-ABL-positive chronic myeloid leukemia stem cell	normal hematopoietic stem cell	CL:0000037	explicit	0.0	group a remission bcr abl positive chronic myeloid leukemia stem cell
hca:0441_10.1038_s41593-020-0621-y_a3edefca60	hca:0441_10.1038_s41593-020-0621-y_a3edefca60:claim:c9ff6fe3881fd8572395	reactive astrocyte cluster Astros_3	astrocyte cluster Astros_2	CL:0000127	explicit	0.0	reactive astrocyte cluster astros_3
hca:0442_10.1038_s41591-024-03011-9_e42f5ec07c	hca:0442_10.1038_s41591-024-03011-9_e42f5ec07c:claim:8f65ccdb08685200087f	luminal hormone sensing cell	luminal adaptive secretory precursor cell	CL:0011115	explicit	0.0	luminal hormone sensing cell
hca:0445_10.1038_s41586-022-04817-8_327bf47162	hca:0445_10.1038_s41586-022-04817-8_327bf47162:claim:dbd86e13916388abdc10	natural killer cell	lymphocyte	CL:0000542	explicit	1.0	natural killer cell
hca:0446_10.1186_s13073-021-00933-8_a1bc5f6475	hca:0446_10.1186_s13073-021-00933-8_a1bc5f6475:claim:672d3d0bc2086010eb4d	monocyte/macrophage subcluster 1	monocyte/macrophage subcluster 2	CL:0000235	explicit	0.0	monocyte macrophage subcluster 1
hca:0449_10.1084_jem.20202345_e99c99a876	hca:0449_10.1084_jem.20202345_e99c99a876:claim:72504848000fc0a9de81	CD14-positive type 3 dendritic cell	type 2 dendritic cell	CL:0000451	explicit	0.0	cd14 positive type 3 dendritic cell
hca:0449_10.1084_jem.20202345_e99c99a876	hca:0449_10.1084_jem.20202345_e99c99a876:claim:72504848000fc0a9de81	CD14-positive type 3 dendritic cell	macrophage	CL:0000235	explicit	1.0	cd14 positive type 3 dendritic cell
hca:0450_10.1101_2020.06.30.174391_27363b5885	hca:0450_10.1101_2020.06.30.174391_27363b5885:claim:aef3ffd8d9a5088911b4	granule neuron	granule cell progenitor	CL:0000120	explicit	0.0	granule neuron
hca:0451_10.1016_j.jid.2018.01.016_d2589a157e	hca:0451_10.1016_j.jid.2018.01.016_d2589a157e:claim:fd64e099f71bd75c0087	papillary dermal fibroblast	reticular dermal fibroblast	CL:0002551	explicit	0.0	papillary dermal fibroblast
hca:0454_10.1038_s41586-023-05869-0_c19e7dab1e	hca:0454_10.1038_s41586-023-05869-0_c19e7dab1e:claim:cdad3ecefe347f814410	endovascular extravillous trophoblast	interstitial extravillous trophoblast	CL:0008036	explicit	0.0	endovascular extravillous trophoblast
hca:0457_10.1101_2024.02.02.578633_57d5a20898	hca:0457_10.1101_2024.02.02.578633_57d5a20898:claim:42d214801797d001ee1e	macrophage cluster 2	macrophage cluster 1	CL:0000235	explicit	0.0	macrophage cluster 2
hca:0457_10.1101_2024.02.02.578633_57d5a20898	hca:0457_10.1101_2024.02.02.578633_57d5a20898:claim:b8be04c213e399de7442	fibrotic hepatocyte cluster 2	hepatocyte	CL:0000182	explicit	1.0	fibrotic hepatocyte cluster 2
hca:0457_10.1101_2024.02.02.578633_57d5a20898	hca:0457_10.1101_2024.02.02.578633_57d5a20898:claim:e9d1b15c135ccb1c29a4	hepatic stellate cell cluster 1	hepatic stellate cell cluster 2	CL:0000632	explicit	0.0	hepatic stellate cell cluster 1
hca:0458_10.1038_s41467-024-55325-4_d40c28a5ea	hca:0458_10.1038_s41467-024-55325-4_d40c28a5ea:claim:40ac6bc77f860adf9a2f	hepatic stellate cell 1	hepatic stellate cell 2	CL:0000632	explicit	0.0	hepatic stellate cell 1
hca:0458_10.1038_s41467-024-55325-4_d40c28a5ea	hca:0458_10.1038_s41467-024-55325-4_d40c28a5ea:claim:7676635769381763f470	macrophage 2	macrophage 1	CL:0000235	explicit	1.0	macrophage 2
hca:0460_10.1016_j.cell.2021.08.003_652ffcecb6	hca:0460_10.1016_j.cell.2021.08.003_652ffcecb6:claim:dfcda3b56ad80c8e610c	BMP-expressing cancer-associated fibroblast	cancer-associated fibroblast		explicit		bmp expressing cancer associated fibroblast
hca:0462_10.1038_s41586-023-06311-1_b735ac2f93	hca:0462_10.1038_s41586-023-06311-1_b735ac2f93:claim:78be253b323ce7487ec5	NC2_glial_NGF+ cell	cardiomyocyte	CL:0000746	explicit	1.0	nc2_glial_ngf cell
hca:0462_10.1038_s41586-023-06311-1_b735ac2f93	hca:0462_10.1038_s41586-023-06311-1_b735ac2f93:claim:8724064c43eacd63f4a4	Purkinje cell	ventricular cardiomyocyte	CL:0000746	explicit	0.0	purkinje cell
hca:0462_10.1038_s41586-023-06311-1_b735ac2f93	hca:0462_10.1038_s41586-023-06311-1_b735ac2f93:claim:8ca58972aeeeebe97e70	activated fibroblast 4	fibroblast	CL:0000057	explicit	1.0	activated fibroblast 4
hca:0462_10.1038_s41586-023-06311-1_b735ac2f93	hca:0462_10.1038_s41586-023-06311-1_b735ac2f93:claim:94f0ea0ebc2901003c46	stressed ventricular cardiomyocyte 3	ventricular cardiomyocyte	CL:0000746	explicit	0.0	stressed ventricular cardiomyocyte 3
hca:0462_10.1038_s41586-023-06311-1_b735ac2f93	hca:0462_10.1038_s41586-023-06311-1_b735ac2f93:claim:b0317edd129f90b98306	pacemaker cell	atrial cardiomyocyte	CL:0000746	explicit	0.0	pacemaker cell
hca:0462_10.1038_s41586-023-06311-1_b735ac2f93	hca:0462_10.1038_s41586-023-06311-1_b735ac2f93:claim:f0f218e94fb3c90a5857	pacemaker cell	atrial cardiomyocyte	CL:0000746	explicit	0.0	pacemaker cell
hca:0464_10.1126_science.aat5031_cfde7f776b	hca:0464_10.1126_science.aat5031_cfde7f776b:claim:47f2f2587676ecbaf3f3	pelvic epithelium	proximal nephron epithelium		explicit		pelvic epithelium
hca:0465_10.1016_j.cell.2020.12.016_af8ed7d941	hca:0465_10.1016_j.cell.2020.12.016_af8ed7d941:claim:1f7b16d8d5a294b2fc21	monocyte	macrophage	CL:0000235	explicit	1.0	monocyte
hca:0471_10.1038_s41467-019-11947-7_0514f87944	hca:0471_10.1038_s41467-019-11947-7_0514f87944:claim:0e4344600d02d35df862	natural killer cell	other lineage		explicit		natural killer cell
hca:0471_10.1038_s41467-019-11947-7_0514f87944	hca:0471_10.1038_s41467-019-11947-7_0514f87944:claim:baf592a30eba81d85b40	adaptive natural killer cell	natural killer cell subset	CL:0000623	explicit	0.0	adaptive natural killer cell
hca:0475_10.1101_2021.07.19.452956_e30bf05aad	hca:0475_10.1101_2021.07.19.452956_e30bf05aad:claim:b89d67241f2eecad23e6	T cell	large intestine		explicit		t cell
hca:0475_10.1101_2021.07.19.452956_e30bf05aad	hca:0475_10.1101_2021.07.19.452956_e30bf05aad:claim:b89d67241f2eecad23e6	T cell	small intestine		explicit		t cell
hca:0476_10.1126_science.abl4896_6d8fed9731	hca:0476_10.1126_science.abl4896_6d8fed9731:claim:4519b15ed339688fead9	T cell	small intestine		explicit		t cell
hca:0477_10.1172_jci157338_273d70a217	hca:0477_10.1172_jci157338_273d70a217:claim:0f07c0ed4cce8fe789f6	idiopathic pulmonary fibrosis type 2 alveolar epithelial cell	healthy type 2 alveolar epithelial cell	CL:0002063	explicit	0.0	idiopathic pulmonary fibrosis type 2 alveolar epithelial cell
hca:0477_10.1172_jci157338_273d70a217	hca:0477_10.1172_jci157338_273d70a217:claim:90ecf19ab20332446e7e	EpCAM-positive epithelial cell	EpCAM-negative mesenchymal cell	CL:0008019	explicit	0.0	epcam positive epithelial cell
hca:0477_10.1172_jci157338_273d70a217	hca:0477_10.1172_jci157338_273d70a217:claim:f95424b3940796974db3	ZIP8-negative type 2 alveolar epithelial cell	ZIP8-positive type 2 alveolar epithelial cell	CL:0002063	explicit	0.0	zip8 negative type 2 alveolar epithelial cell
hca:0480_10.1038_s41590-019-0398-x_7e5ee33388	hca:0480_10.1038_s41590-019-0398-x_7e5ee33388:claim:2c32d08b0e710bca458c	kidney resident macrophage	macrophage	CL:0000235	explicit	1.0	kidney resident macrophage
hca:0480_10.1038_s41590-019-0398-x_7e5ee33388	hca:0480_10.1038_s41590-019-0398-x_7e5ee33388:claim:65eb0a1859cb4c8cda3b	CD8-positive T cell cluster CT4	cytotoxic T lymphocyte	CL:0000910	explicit	1.0	cd8 positive t cell cluster ct4
hca:0480_10.1038_s41590-019-0398-x_7e5ee33388	hca:0480_10.1038_s41590-019-0398-x_7e5ee33388:claim:e9fe9901c5f48162a83f	interferon-stimulated gene-high CD4-positive T cell	T cell	CL:0000084	explicit	1.0	interferon stimulated gene high cd4 positive t cell
hca:0480_10.1038_s41590-019-0398-x_7e5ee33388	hca:0480_10.1038_s41590-019-0398-x_7e5ee33388:claim:fca314462edd41f61b3a	tissue-resident CD56-bright CD16-negative natural killer cell	CD56-dim CD16-positive natural killer cell	CL:0000623	explicit	0.0	tissue resident cd56 bright cd16 negative natural killer cell
hca:0482_10.1016_j.devcel.2022.04.003_a4b7ddcf39	hca:0482_10.1016_j.devcel.2022.04.003_a4b7ddcf39:claim:1d0d922f2d03cdf5e6bd	mesoderm-like cell	myoblast-like cell	CL:0000056	explicit	0.0	mesoderm like cell
hca:0482_10.1016_j.devcel.2022.04.003_a4b7ddcf39	hca:0482_10.1016_j.devcel.2022.04.003_a4b7ddcf39:claim:1d0d922f2d03cdf5e6bd	mesoderm-like cell	myocyte-like cell	CL:0000187	explicit	0.0	mesoderm like cell
hca:0490_10.1038_nsmb.2660_4e6a41d8b9	hca:0490_10.1038_nsmb.2660_4e6a41d8b9:claim:219890f8f0a2ccef278c	trophectoderm cell	epiblast and primitive endoderm cell	CL:0000223	explicit	0.0	trophectoderm cell
hca:0492_10.1038_s41591-021-01332-7_1dacee7a8b	hca:0492_10.1038_s41591-021-01332-7_1dacee7a8b:claim:dc1a055da771648ca907	Secretory4 mucous-like cell	goblet cell	CL:0000160	explicit	1.0	secretory4 mucous like cell
hca:0498_10.1038_s41598-017-11044-z_4cb11e808c	hca:0498_10.1038_s41598-017-11044-z_4cb11e808c:claim:0f5afc08bb805a923ee0	female embryonic cell	male embryonic cell	CL:0002321	explicit	0.0	female embryonic cell
hca:0500_10.1073_pnas.2306153120_5c49b25904	hca:0500_10.1073_pnas.2306153120_5c49b25904:claim:10d7920b8c9e24f1b3b5	melanocyte cluster C3	pigmented cell cluster C14		explicit		melanocyte cluster c3
hca:0500_10.1073_pnas.2306153120_5c49b25904	hca:0500_10.1073_pnas.2306153120_5c49b25904:claim:4be2e9a83cbd830e9a0a	macrophage cluster C4	macrophage cluster C24	CL:0000235	explicit	0.0	macrophage cluster c4
hca:0500_10.1073_pnas.2306153120_5c49b25904	hca:0500_10.1073_pnas.2306153120_5c49b25904:claim:56c80211b92263052c6d	oligodendrocyte cluster C2	oligodendrocyte cluster C0	CL:0000128	explicit	0.0	oligodendrocyte cluster c2
hca:0500_10.1073_pnas.2306153120_5c49b25904	hca:0500_10.1073_pnas.2306153120_5c49b25904:claim:60386cac2dd1d5c55f96	astrocyte cluster C12	astrocyte cluster C1	CL:0000127	explicit	0.0	astrocyte cluster c12
hca:0500_10.1073_pnas.2306153120_5c49b25904	hca:0500_10.1073_pnas.2306153120_5c49b25904:claim:7638fd30f3462db80764	astrocyte cluster C1	astrocyte cluster C12	CL:0000127	explicit	0.0	astrocyte cluster c1
hca:0500_10.1073_pnas.2306153120_5c49b25904	hca:0500_10.1073_pnas.2306153120_5c49b25904:claim:8359f300ff720d4076ab	pigmented cell cluster C14	melanocyte cluster C3	CL:0000148	explicit	0.0	pigmented cell cluster c14
hca:0500_10.1073_pnas.2306153120_5c49b25904	hca:0500_10.1073_pnas.2306153120_5c49b25904:claim:9071928ec5378619128e	premyelinating oligodendrocyte	oligodendrocyte precursor cell cluster C13	CL:0002453	explicit	0.0	premyelinating oligodendrocyte
hca:0500_10.1073_pnas.2306153120_5c49b25904	hca:0500_10.1073_pnas.2306153120_5c49b25904:claim:9bdeb571eb9d9f4de61b	myelinating Schwann cell	nonmyelinating Schwann cell	CL:0000218	explicit	0.0	myelinating schwann cell
hca:0500_10.1073_pnas.2306153120_5c49b25904	hca:0500_10.1073_pnas.2306153120_5c49b25904:claim:b24eeaf9ed26d704cf17	macrophage cluster C24	macrophage cluster C4	CL:0000235	explicit	0.0	macrophage cluster c24
hca:0500_10.1073_pnas.2306153120_5c49b25904	hca:0500_10.1073_pnas.2306153120_5c49b25904:claim:b4e5e930d8f52d14cfd0	oligodendrocyte cluster C0	oligodendrocyte cluster C2	CL:0000128	explicit	0.0	oligodendrocyte cluster c0
hca:0501_10.1126_sciimmunol.abb8786_1f1edec8bd	hca:0501_10.1126_sciimmunol.abb8786_1f1edec8bd:claim:b1838cc82e312ed9e449	clonally expanded CD8 T cell	unexpanded CD8 T cell	CL:0000625	explicit	0.0	clonally expanded cd8 t cell
hca:0502_10.1016_j.xcrm.2024.101556_a84a219a11	hca:0502_10.1016_j.xcrm.2024.101556_a84a219a11:claim:9e8e2c1dcb8cf3bde09e	endocardial endothelial cell	vascular endothelial cell	CL:0000071	explicit	1.0	endocardial endothelial cell
hca:0502_10.1016_j.xcrm.2024.101556_a84a219a11	hca:0502_10.1016_j.xcrm.2024.101556_a84a219a11:claim:bf6542278184d08665ed	vascular endothelial cell	endocardial endothelial cell	CL:0002350	explicit	1.0	vascular endothelial cell
hca:0505_10.1126_scitranslmed.abh2624_475f0b05e7	hca:0505_10.1126_scitranslmed.abh2624_475f0b05e7:claim:12e9338ab8d88e8dd7d5	nonclassical monocyte	healthy control		explicit		nonclassical monocyte
hca:0505_10.1126_scitranslmed.abh2624_475f0b05e7	hca:0505_10.1126_scitranslmed.abh2624_475f0b05e7:claim:221b8b130a6ec60572bd	natural killer cell	healthy control		explicit		natural killer cell
hca:0505_10.1126_scitranslmed.abh2624_475f0b05e7	hca:0505_10.1126_scitranslmed.abh2624_475f0b05e7:claim:3ccc3f3f98193bf2af87	classical monocyte	healthy control		explicit		classical monocyte
hca:0505_10.1126_scitranslmed.abh2624_475f0b05e7	hca:0505_10.1126_scitranslmed.abh2624_475f0b05e7:claim:ed93acb125b1e3ebcb9d	conventional dendritic cell	healthy control		explicit		conventional dendritic cell
hca:0506_10.1038_s41591-022-01680-y_160aaf8b86	hca:0506_10.1038_s41591-022-01680-y_160aaf8b86:claim:7e029ac3548fb7f4cbe9	colonic T peripheral helper cell	regulatory T cell	CL:0000815	explicit	1.0	colonic t peripheral helper cell
hca:0508_10.1016_j.devcel.2022.07.004_cfe769c9cf	hca:0508_10.1016_j.devcel.2022.07.004_cfe769c9cf:claim:1a0d85a3b260ad25ca88	major interstitial fibroblast	periurothelial fibroblast	CL:0000057	explicit	0.0	major interstitial fibroblast
hca:0508_10.1016_j.devcel.2022.07.004_cfe769c9cf	hca:0508_10.1016_j.devcel.2022.07.004_cfe769c9cf:claim:ad022a1320b340bdc237	periurothelial fibroblast	major interstitial fibroblast	CL:0000057	explicit	0.0	periurothelial fibroblast
hca:0511_10.1016_j.jcmgh.2020.12.014_7220e03ee7	hca:0511_10.1016_j.jcmgh.2020.12.014_7220e03ee7:claim:07f6b2e14edf7ea5add3	nitrergic myenteric neuron	NOS1-negative myenteric neuron	CL:0000540	explicit	0.0	nitrergic myenteric neuron
hca:0511_10.1016_j.jcmgh.2020.12.014_7220e03ee7	hca:0511_10.1016_j.jcmgh.2020.12.014_7220e03ee7:claim:7957109074166fd70b27	nitrergic neuron	non-nitrergic neuron	CL:0000528	explicit	0.0	nitrergic neuron
hca:0511_10.1016_j.jcmgh.2020.12.014_7220e03ee7	hca:0511_10.1016_j.jcmgh.2020.12.014_7220e03ee7:claim:82ecc6dd68fa7b3d0c10	non-nitrergic neuron	nitrergic neuron	CL:0000528	explicit	1.0	non nitrergic neuron
hca:0511_10.1016_j.jcmgh.2020.12.014_7220e03ee7	hca:0511_10.1016_j.jcmgh.2020.12.014_7220e03ee7:claim:84d3e125172bc83460cb	NOS1-negative myenteric neuron	nitrergic myenteric neuron	CL:0000540	explicit	0.0	nos1 negative myenteric neuron
hca:0512_10.1016_j.gastha.2022.12.004_3866b352db	hca:0512_10.1016_j.gastha.2022.12.004_3866b352db:claim:c9b72cc07145751b03d6	smooth muscle cell	platelet-derived growth factor receptor alpha cell	CL:0000171	explicit	0.0	smooth muscle cell
hca:0512_10.1016_j.gastha.2022.12.004_3866b352db	hca:0512_10.1016_j.gastha.2022.12.004_3866b352db:claim:ea9993174b64e8aae382	platelet-derived growth factor receptor alpha cell	smooth muscle cell	CL:0000192	explicit	1.0	platelet derived growth factor receptor alpha cell
hca:0515_10.1084_jem.20201189_d8d9a9e257	hca:0515_10.1084_jem.20201189_d8d9a9e257:claim:468921506daed30540bf	double-positive αβγδ T cell	single-positive T cell	CL:0000084	explicit	0.0	double positive αβγδ t cell
hca:0515_10.1084_jem.20201189_d8d9a9e257	hca:0515_10.1084_jem.20201189_d8d9a9e257:claim:811cb2cb2dd2234a1e6b	single-positive T cell	double-positive αβγδ T cell	CL:0000084	explicit	0.0	single positive t cell
