profile_id	paper_key	article_key	collection	target_key	target_label	marker_count	gene_curies	gene_symbols
profile:9ffc923fd5db7351a2ed	biorxiv:01e5e65d-751c-1014-a8e3-b5f1d7a951ab	title:singist an integrative method for comparative single cell transcriptomics between disease models and humans	biorxiv	dendritic cell	dendritic cell	5	ENSG00000110944 | ENSG00000112486 | ENSG00000182393 | ENSG00000271503 | ENSG00000276085	IL23A | CCR6 | IFNL1 | CCL5 | CCL3L1
profile:e0d49b0bd578680fdb5c	biorxiv:01e5e65d-751c-1014-a8e3-b5f1d7a951ab	title:singist an integrative method for comparative single cell transcriptomics between disease models and humans	biorxiv	keratinocyte	keratinocyte	1	ENSG00000164056	SPRY1
profile:2322c45864cf54d05701	biorxiv:01e5e65d-751c-1014-a8e3-b5f1d7a951ab	title:singist an integrative method for comparative single cell transcriptomics between disease models and humans	biorxiv	langerhans cell	Langerhans cell	6	ENSG00000110092 | ENSG00000110944 | ENSG00000118971 | ENSG00000162434 | ENSG00000164485 | ENSG00000166888	CCND1 | IL23A | CCND2 | JAK1 | IL22RA2 | STAT6
profile:3696564acbae54a8c688	biorxiv:01e5e65d-751c-1014-a8e3-b5f1d7a951ab	title:singist an integrative method for comparative single cell transcriptomics between disease models and humans	biorxiv	lesional cell	lesional cell	1	ENSG00000271503	CCL5
profile:4d31c1756b8f2621335b	biorxiv:01e5e65d-751c-1014-a8e3-b5f1d7a951ab	title:singist an integrative method for comparative single cell transcriptomics between disease models and humans	biorxiv	t cell	T-cell	1	ENSG00000196664	TLR7
profile:58bebf99b67a0b40348d	biorxiv:0900c414-6db3-1014-86e7-ea4583587c92	title:metastasis of colon cancer requires dickkopf 2 to generate cancer cells with paneth cell properties	biorxiv	lysozyme positive colon cancer cell	lysozyme-positive colon cancer cell	1	ENSG00000101076	HNF4A
profile:69fff863d64d8fd3d3e1	biorxiv:0bd28b37-6e2e-1014-871e-a496f0a6bacd	title:mesenchymal epithelial transition in lymph node metastases of oral squamous cell carcinoma is accompanied by zeb1 expression	biorxiv	oral squamous cell carcinoma cell	oral squamous cell carcinoma cell	1	ENSG00000039068	CDH1
profile:64ade895caa007c45db1	biorxiv:0c5b4463-70b4-1014-b7ae-f953f2710002	title:single cell proteomic analysis defines discrete neutrophil functional states in human glioblastoma	biorxiv	engaged neutrophil	engaged neutrophil	2	ENSG00000005381 | ENSG00000143546	MPO | S100A8
profile:d27955ed6b6afdcf4a73	biorxiv:0c5b4463-70b4-1014-b7ae-f953f2710002	title:single cell proteomic analysis defines discrete neutrophil functional states in human glioblastoma	biorxiv	exhausted neutrophil	exhausted neutrophil	3	ENSG00000059804 | ENSG00000100504 | ENSG00000128340	SLC2A3 | PYGL | RAC2
profile:e77a3e3b0f74ab9c1da4	biorxiv:0c5b4463-70b4-1014-b7ae-f953f2710002	title:single cell proteomic analysis defines discrete neutrophil functional states in human glioblastoma	biorxiv	immunosuppressive and angiogenic neutrophil	immunosuppressive and angiogenic neutrophil	2	ENSG00000100985 | ENSG00000118113	MMP9 | MMP8
profile:315a0e61ecc6f8e149e3	biorxiv:0e94bf21-6c7c-1014-b6a7-bcc9b09c8181	title:detailed survey of an in vitro intestinal epithelium model by single cell transcriptomics	biorxiv	immature fetal intestinal cell	immature fetal intestinal cell	1	ENSG00000102837	OLFM4
profile:513ff2e6cce3d620d65f	biorxiv:0ea346cb-7048-1014-a5d3-d23c8828e500	title:continuous dna methylation deconvolution based surrogate for b cell differentiation state in cll	biorxiv	b naive cell	B-naive cell	1	ENSG00000139193	CD27
profile:70dcf2e523366e900320	biorxiv:0ea346cb-7048-1014-a5d3-d23c8828e500	title:continuous dna methylation deconvolution based surrogate for b cell differentiation state in cll	biorxiv	chronic lymphocytic leukemia b cell	chronic lymphocytic leukemia B cell	5	ENSG00000116824 | ENSG00000124469 | ENSG00000149294 | ENSG00000170458 | ENSG00000259207	CD2 | CEACAM8 | NCAM1 | CD14 | CD61
profile:582e8c365f480f048054	biorxiv:11b72b7e-6c1b-1014-84e4-aaf6df161d14	title:donor monocyte derived macrophages promote human acute graft versus host disease	biorxiv	graft versus host disease related cd11c cd14 macrophage	graft versus host disease-related CD11c+CD14+ macrophage	1	ENSG00000158481	CD1C
profile:ce3cb193c49d59057465	biorxiv:11b72b7e-6c1b-1014-84e4-aaf6df161d14	title:donor monocyte derived macrophages promote human acute graft versus host disease	biorxiv	resident macrophage	resident macrophage	1	ENSG00000140678	ITGAX
profile:11698802eeba24aaf3c9	biorxiv:1219c420-6c6a-1014-afb9-e13c88e111ed	title:multiscale networks in multiple sclerosis	biorxiv	b memory cell	B memory cell	2	ENSG00000004468 | ENSG00000170458	CD38 | CD14
profile:ef4e1b018df1a51adce8	biorxiv:1219c420-6c6a-1014-afb9-e13c88e111ed	title:multiscale networks in multiple sclerosis	biorxiv	cd8 positive naive t cell	CD8-positive naive T cell	1	ENSG00000178562	CD28
profile:74a5ac843fdcd18c24d4	biorxiv:1219c420-6c6a-1014-afb9-e13c88e111ed	title:multiscale networks in multiple sclerosis	biorxiv	cd8 positive regulatory t cell	CD8-positive regulatory T cell	1	ENSG00000178562	CD28
profile:7cfff546b1ecc96353f5	biorxiv:1219c420-6c6a-1014-afb9-e13c88e111ed	title:multiscale networks in multiple sclerosis	biorxiv	classic t helper 1 cell	classic T helper 1 cell	2	ENSG00000111796 | ENSG00000112486	KLRB1 | CCR6
profile:3968ee98c9026a972f85	biorxiv:1219c420-6c6a-1014-afb9-e13c88e111ed	title:multiscale networks in multiple sclerosis	biorxiv	effector natural killer cell	effector natural killer cell	1	ENSG00000170458	CD14
profile:515033a1b321127dda14	biorxiv:1219c420-6c6a-1014-afb9-e13c88e111ed	title:multiscale networks in multiple sclerosis	biorxiv	mature b cell	mature B cell	1	ENSG00000170458	CD14
profile:c4d7265e80bec643c383	biorxiv:1219c420-6c6a-1014-afb9-e13c88e111ed	title:multiscale networks in multiple sclerosis	biorxiv	natural killer cell	natural killer cell	1	ENSG00000170458	CD14
profile:34dcf400df930f36e2bb	biorxiv:1219c420-6c6a-1014-afb9-e13c88e111ed	title:multiscale networks in multiple sclerosis	biorxiv	regulatory t cell	regulatory T cell	1	ENSG00000168685	IL7R
profile:cbcd6d427f9e159934cf	biorxiv:1219c420-6c6a-1014-afb9-e13c88e111ed	title:multiscale networks in multiple sclerosis	biorxiv	t helper 17 cell	T helper 17 cell	1	ENSG00000112486	CCR6
profile:46e89f5ab98f65ec1aad	biorxiv:1219c420-6c6a-1014-afb9-e13c88e111ed	title:multiscale networks in multiple sclerosis	biorxiv	th1 17 cell	Th1/17 cell	1	ENSG00000112486	CCR6
profile:c37e80edda6b44b51821	biorxiv:166eb232-7528-1014-af8e-ff8db1c08d2e	title:an integrated single cell atlas reveals hepatic stellate cell heterogeneity and spatiotemporal dynamics after liver injury	biorxiv	lx 2 hepatic stellate cell	LX-2 hepatic stellate cell	2	ENSG00000108821 | ENSG00000168542	COL1A1 | COL3A1
profile:8bb3781abbf8022cc014	biorxiv:1819420a-7028-1014-9d82-b8532c727b67	title:cross species consensus atlas of the primate basal ganglia	biorxiv	strd d2 striomat hybrid medium spiny neuron	STRd D2 StrioMat Hybrid medium spiny neuron	1	ENSG00000171509	RXFP1
profile:e70ba6d8b8d86e7e529d	biorxiv:1b938bfc-6db4-1014-bcdd-aff1924d9f72	title:primed smooth muscle cells acting as first responder cells in disease	biorxiv	vascular smooth muscle cell	vascular smooth muscle cell	1	ENSG00000133392	MYH11
profile:66d11336dc7430aa3ad2	biorxiv:1e0a6787-73c3-1014-991b-bc3d9c192616	title:single cell rna sequencing of peripheral blood defines two immunological subtypes of sjögren s disease	biorxiv	m1 monocyte	M1 monocyte	1	ENSG00000177575	CD163
profile:2f127a52779316bb2536	biorxiv:1e0a6787-73c3-1014-991b-bc3d9c192616	title:single cell rna sequencing of peripheral blood defines two immunological subtypes of sjögren s disease	biorxiv	transitional b cell	transitional B cell	1	ENSG00000139193	CD27
profile:a22beaa4d11c6fa1bacf	biorxiv:1e500b21-6c04-1014-adde-c104b14bbdad	title:the cd8 t cell landscape of human brain metastases	biorxiv	cd8 t cell cluster 4	CD8+ T cell cluster 4	2	ENSG00000081059 | ENSG00000168685	TCF7 | IL7R
profile:bfb02491d727af629f0b	biorxiv:1e500b21-6c04-1014-adde-c104b14bbdad	title:the cd8 t cell landscape of human brain metastases	biorxiv	cd8 t cell cluster 5	CD8+ T cell cluster 5	2	ENSG00000081059 | ENSG00000168685	TCF7 | IL7R
profile:5eecd9d0114b84c92c75	biorxiv:1e500b21-6c04-1014-adde-c104b14bbdad	title:the cd8 t cell landscape of human brain metastases	biorxiv	dividing cd8 t cell	dividing CD8+ T cell	2	ENSG00000081059 | ENSG00000168685	TCF7 | IL7R
profile:60382f0cbca6efa1765f	biorxiv:1e500b21-6c04-1014-adde-c104b14bbdad	title:the cd8 t cell landscape of human brain metastases	biorxiv	terminally differentiated cd8 t cell	terminally-differentiated CD8+ T cell	1	ENSG00000081059	TCF7
profile:43bf4d5a5a7a7cd289f3	biorxiv:1efd9fbe-6f02-1014-8df4-f37a8d806beb	title:single recipient cell tracking of tellurium labeled extracellular vesicle proteomes telev identifies ev driven immunomodulation	biorxiv	monocyte derived dendritic cell like cell	monocyte-derived dendritic cell-like cell	2	ENSG00000170458 | ENSG00000186810	CD14 | CXCR3
profile:56f9e3def3145a816135	biorxiv:1efd9fbe-6f02-1014-8df4-f37a8d806beb	title:single recipient cell tracking of tellurium labeled extracellular vesicle proteomes telev identifies ev driven immunomodulation	biorxiv	monocyte derived dendritic like cell	monocyte-derived dendritic-like cell	1	ENSG00000186810	CXCR3
profile:1d7a8869da0103582b86	biorxiv:20db10ff-6d71-1014-91a5-bffabd7bad90	title:ultraviolet light induced collagen degradation inhibits melanoma invasion	biorxiv	melanoma cell	melanoma cell	3	ENSG00000108821 | ENSG00000164692 | ENSG00000196611	COL1A1 | COL1A2 | MMP1
profile:84edb3639f3595e85c93	biorxiv:2439b48c-6d2d-1014-8b64-9f8fdc0d5fe9	title:in vitro culture of aberrant basal like cells from fibrotic lung tissue	biorxiv	aberrant basal like cell	aberrant basal-like cell	1	ENSG00000186081	KRT5
profile:5f3dce6b96018cb2f12a	biorxiv:2439b48c-6d2d-1014-8b64-9f8fdc0d5fe9	title:in vitro culture of aberrant basal like cells from fibrotic lung tissue	biorxiv	aberrant basaloid cell	aberrant basaloid cell	1	ENSG00000186081	KRT5
profile:3c0de31ed1dbdfba1e33	biorxiv:2746af96-6da7-1014-ab14-859a63e4801c	title:aquaporins enriched in endothelial vacuole membrane regulate the diameters of microvasculature in hyperglycemia	biorxiv	endothelial cell	endothelial cell	1	ENSG00000103375	AQP8
profile:eb29d71cb4223790752b	biorxiv:2746af96-6da7-1014-ab14-859a63e4801c	title:aquaporins enriched in endothelial vacuole membrane regulate the diameters of microvasculature in hyperglycemia	biorxiv	h1 derived endothelial cell	H1-derived endothelial cell	1	ENSG00000103375	AQP8
profile:81de04aff5df02fddcc5	biorxiv:2746af96-6da7-1014-ab14-859a63e4801c	title:aquaporins enriched in endothelial vacuole membrane regulate the diameters of microvasculature in hyperglycemia	biorxiv	human embryonic stem cell	human embryonic stem cell	2	ENSG00000103375 | ENSG00000240583	AQP8 | AQP1
profile:41693fd4a45447200914	biorxiv:278ac735-6c7d-1014-a21b-fd84484249ca	title:cytogpnet enhancing clinical outcome prediction accuracy using longitudinal cytometry data in small cohort studies	biorxiv	pd 1 positive cd8 t cell	PD-1-positive CD8 T cell	1	ENSG00000139187	KLRG1
profile:b9a5ce871c96266d252c	biorxiv:29ae8fb9-6d50-1014-8923-847f08fdc25e	title:human primary plaque cell cultures to study mechanisms of atherosclerosis	biorxiv	medial vascular smooth muscle cell	medial vascular smooth muscle cell	1	ENSG00000141052	MYOCD
profile:1cecde97b027be4f3c60	biorxiv:29dae57b-6d36-1014-8489-e77255373be6	title:loss of mutually protective effects between osteoclasts and chondrocytes in damaged joints drives osteoclast mediated cartilage degradation via matrix metalloproteinases	biorxiv	multinucleated osteoclast	multinucleated osteoclast	1	ENSG00000170458	CD14
profile:aef037c5155170faa589	biorxiv:29dae57b-6d36-1014-8489-e77255373be6	title:loss of mutually protective effects between osteoclasts and chondrocytes in damaged joints drives osteoclast mediated cartilage degradation via matrix metalloproteinases	biorxiv	osteoclast	osteoclast	1	ENSG00000170458	CD14
profile:743447313f318b001654	biorxiv:2e0cb1c8-7146-1014-adb8-b57e9dddb191	title:neural g0 a quiescent like state found in neuroepithelial derived cells and glioma	biorxiv	neural g0	Neural G0	5	ENSG00000110092 | ENSG00000117399 | ENSG00000148773 | ENSG00000170312 | ENSG00000178999	CCND1 | CDC20 | MKI67 | CDK1 | AURKB
profile:1e45f7d306dfa6e74b0d	biorxiv:30133163-6da7-1014-b9ea-c64da98c767d	title:single cell transcriptomics reveals immune response of intestinal cell types to viral infection	biorxiv	stem cell	stem cell	1	ENSG00000102837	OLFM4
profile:848d1114291021c59aaf	biorxiv:30133163-6da7-1014-b9ea-c64da98c767d	title:single cell transcriptomics reveals immune response of intestinal cell types to viral infection	biorxiv	transit amplifying cell	transit-amplifying cell	1	ENSG00000102837	OLFM4
profile:3c9028d8984963341781	biorxiv:315fa881-726d-1014-9d3d-bbe9b5731a1d	title:nkg7 is a stable marker of cytotoxicity across immune contexts and within the tumor microenvironment	biorxiv	cd4 cytotoxic t lymphocyte	CD4 cytotoxic T lymphocyte	2	ENSG00000113088 | ENSG00000180644	GZMK | PRF1
profile:325ef43001ec1df26d7a	biorxiv:315fa881-726d-1014-9d3d-bbe9b5731a1d	title:nkg7 is a stable marker of cytotoxicity across immune contexts and within the tumor microenvironment	biorxiv	cd56brightcd16 negative natural killer cell	CD56BrightCD16-negative natural killer cell	1	ENSG00000100450	GZMH
profile:01ccb78a659f98c3679a	biorxiv:315fa881-726d-1014-9d3d-bbe9b5731a1d	title:nkg7 is a stable marker of cytotoxicity across immune contexts and within the tumor microenvironment	biorxiv	cd8 effector memory t cell	CD8 effector memory T cell	1	ENSG00000180644	PRF1
profile:ebaa3b6a6f280ac9b4ab	biorxiv:315fa881-726d-1014-9d3d-bbe9b5731a1d	title:nkg7 is a stable marker of cytotoxicity across immune contexts and within the tumor microenvironment	biorxiv	cd8 t cell	CD8 T cell	1	ENSG00000113088	GZMK
profile:ce7033f9e5de53671fac	biorxiv:315fa881-726d-1014-9d3d-bbe9b5731a1d	title:nkg7 is a stable marker of cytotoxicity across immune contexts and within the tumor microenvironment	biorxiv	mucosal associated invariant t cell	mucosal-associated invariant T cell	2	ENSG00000100450 | ENSG00000100453	GZMH | GZMB
profile:4ed1057740964e2a7e60	biorxiv:315fa881-726d-1014-9d3d-bbe9b5731a1d	title:nkg7 is a stable marker of cytotoxicity across immune contexts and within the tumor microenvironment	biorxiv	natural killer cell	natural killer cell	1	ENSG00000113088	GZMK
profile:f6652ea06e7ee6413fa2	biorxiv:35208be1-70ce-1014-9f75-f7d24dac9096	title:trimodal single cell gene regulatory networks reveal principles of stemness loss and cell fate acquisition in human hematopoiesis	biorxiv	basophil progenitor	basophil progenitor	1	ENSG00000174059	CD34
profile:b6a4be28323ad6eab64f	biorxiv:35208be1-70ce-1014-9f75-f7d24dac9096	title:trimodal single cell gene regulatory networks reveal principles of stemness loss and cell fate acquisition in human hematopoiesis	biorxiv	erythroid progenitor colony forming unit erythroid	erythroid progenitor (colony-forming unit-erythroid)	1	ENSG00000174059	CD34
profile:f68786a0120d160c98a0	biorxiv:35208be1-70ce-1014-9f75-f7d24dac9096	title:trimodal single cell gene regulatory networks reveal principles of stemness loss and cell fate acquisition in human hematopoiesis	biorxiv	hematopoietic stem cell	hematopoietic stem cell	1	ENSG00000004468	CD38
profile:8f46b654466b8530f0b3	biorxiv:35208be1-70ce-1014-9f75-f7d24dac9096	title:trimodal single cell gene regulatory networks reveal principles of stemness loss and cell fate acquisition in human hematopoiesis	biorxiv	megakaryocyte erythroid progenitor	megakaryocyte-erythroid progenitor	2	ENSG00000135218 | ENSG00000185291	CD36 | IL3RA
profile:d3dbe1e3168c8ca1a125	biorxiv:35208be1-70ce-1014-9f75-f7d24dac9096	title:trimodal single cell gene regulatory networks reveal principles of stemness loss and cell fate acquisition in human hematopoiesis	biorxiv	megakaryocyte progenitor	megakaryocyte progenitor	1	ENSG00000174059	CD34
profile:1e9b692c7936fc3ed0c7	biorxiv:380e1251-6c2c-1014-8b2d-a217f3491f5e	title:progressive change in expression of killer like receptorsr and gpr56 expression defines the cytokine production potential of human cd4 t memory cells	biorxiv	effector memory t cell	effector memory T cell	1	ENSG00000126353	CCR7
profile:4e0be9b965b6e0fde1cf	biorxiv:380e1251-6c2c-1014-8b2d-a217f3491f5e	title:progressive change in expression of killer like receptorsr and gpr56 expression defines the cytokine production potential of human cd4 t memory cells	biorxiv	terminally differentiated effector memory t cell	terminally differentiated effector memory T cell	3	ENSG00000126353 | ENSG00000139193 | ENSG00000178562	CCR7 | CD27 | CD28
profile:52fbf0583e14faf031a7	biorxiv:39510275-6e7f-1014-81d5-da3b7edd0de0	title:monocyte derived transcriptome signature indicates antibody dependent cellular phagocytosis as the primary mechanism of vaccine induced protection against hiv 1	biorxiv	monocyte	monocyte	2	ENSG00000149294 | ENSG00000156738	NCAM1 | MS4A1
profile:ea26ad7bea2959e19cb1	biorxiv:39623bbc-6d42-1014-9e37-a92d75e9c8ca	title:hair follicle stem cell fate supports distinct clinical endotypes in hidradenitis suppurativa	biorxiv	basal interfollicular epidermis cell	basal interfollicular epidermis cell	2	ENSG00000184905 | ENSG00000211448	TCEAL2 | DIO2
profile:4e1c3460c07d52b4bdfd	biorxiv:3ae0337b-6d88-1014-9c93-86c75bb9b558	title:integrative analysis reveals generalizable human neurodegenerative disease associated glial states	biorxiv	intermediate disease associated microglia subtype 1	intermediate disease-associated microglia subtype 1	2	ENSG00000118785 | ENSG00000136235	SPP1 | GPNMB
profile:f5fc0f9267ab828aa311	biorxiv:3ae0337b-6d88-1014-9c93-86c75bb9b558	title:integrative analysis reveals generalizable human neurodegenerative disease associated glial states	biorxiv	protoplasmic astrocyte	protoplasmic astrocyte	1	ENSG00000131095	GFAP
profile:55f782075765e3d27fda	biorxiv:40f54d15-6bfe-1014-9477-a1fa2d43a574	title:comprehensive epigenome characterization reveals diverse transcriptional regulation across human vascular endothelial cells	biorxiv	human umbilical vein endothelial cell	human umbilical vein endothelial cell	1	ENSG00000159261	CLDN14
profile:2aef05eba6831a4e5f4f	biorxiv:41a5df78-7c74-1014-a3a2-9b6aef50b1e5	title:a tonic signaling code predicts car t cell efficacy in diffuse midline glioma	biorxiv	effector memory t cell	effector memory T cell	1	ENSG00000188404	SELL
profile:888c05479f4c09f82227	biorxiv:41a5df78-7c74-1014-a3a2-9b6aef50b1e5	title:a tonic signaling code predicts car t cell efficacy in diffuse midline glioma	biorxiv	effector t cell	effector T cell	1	ENSG00000188404	SELL
profile:5ac402c9d94af12d1501	biorxiv:41a5df78-7c74-1014-a3a2-9b6aef50b1e5	title:a tonic signaling code predicts car t cell efficacy in diffuse midline glioma	biorxiv	progenitor exhausted like t cell	progenitor-exhausted-like T cell	1	ENSG00000127528	KLF2
profile:9ad66794515d4b2efb68	biorxiv:4d508308-6c00-1014-97df-8810bda21050	title:epstein barr virus reactivation induces divergent abortive reprogrammed and host shutoff states by lytic progression	biorxiv	lytic cell	lytic cell	3	ENSG00000075624 | ENSG00000166710 | ENSG00000206503	ACTB | B2M | HLA-A
profile:1a7a655a105ddc1769f4	biorxiv:4d508308-6c00-1014-97df-8810bda21050	title:epstein barr virus reactivation induces divergent abortive reprogrammed and host shutoff states by lytic progression	biorxiv	lytic subcluster e2 and e3 cell	lytic subcluster E2 and E3 cell	1	ENSG00000136997	MYC
profile:de47b8c3f0cab39b067c	biorxiv:53fe4c58-6d7e-1014-9234-a9ab6cb90679	title:high resolution integrative analysis allows characterization and spatial annotation of normal and cancer associated colon fibroblasts	biorxiv	myocyte	myocyte	1	ENSG00000175084	DES
profile:110e92a709e99857f8e4	biorxiv:54c905c7-6e9f-1014-9168-935cc2dc841b	title:single cell profiling and zebrafish avatars reveal lgals1 as immunomodulating target in glioblastoma	biorxiv	lbt003 glioblastoma stem cell	LBT003 glioblastoma stem cell	2	ENSG00000100097 | ENSG00000120885	LGALS1 | CLU
profile:00bce4365a6c6413f483	biorxiv:54c905c7-6e9f-1014-9168-935cc2dc841b	title:single cell profiling and zebrafish avatars reveal lgals1 as immunomodulating target in glioblastoma	biorxiv	macrophage cluster 3	macrophage cluster 3	4	ENSG00000038945 | ENSG00000129226 | ENSG00000177575 | ENSG00000260314	MSR1 | CD68 | CD163 | MRC1
profile:ff77c3bea9833cc57604	biorxiv:558bd04f-7a31-1014-843e-87e03b8b4f81	title:macrophage like vascular smooth muscle cells dominate early atherosclerosis and are inhibited by targeting iron regulation	biorxiv	contractile smooth muscle cell	contractile smooth muscle cell	3	ENSG00000118785 | ENSG00000129226 | ENSG00000131981	SPP1 | CD68 | LGALS3
profile:cad0d519d7c6d149ecb0	biorxiv:558bd04f-7a31-1014-843e-87e03b8b4f81	title:macrophage like vascular smooth muscle cells dominate early atherosclerosis and are inhibited by targeting iron regulation	biorxiv	macrophage like smooth muscle cell	macrophage-like smooth muscle cell	3	ENSG00000107796 | ENSG00000133392 | ENSG00000149591	ACTA2 | MYH11 | TAGLN
profile:c1e45bdf89facaa98bb7	biorxiv:558bd04f-7a31-1014-843e-87e03b8b4f81	title:macrophage like vascular smooth muscle cells dominate early atherosclerosis and are inhibited by targeting iron regulation	biorxiv	macrophage like smooth muscle cell 8	macrophage-like smooth muscle cell 8	3	ENSG00000107796 | ENSG00000133392 | ENSG00000149591	ACTA2 | MYH11 | TAGLN
profile:069a82ecd754e16427c2	biorxiv:558bd04f-7a31-1014-843e-87e03b8b4f81	title:macrophage like vascular smooth muscle cells dominate early atherosclerosis and are inhibited by targeting iron regulation	biorxiv	transitioning smooth muscle cell	transitioning smooth muscle cell	3	ENSG00000107796 | ENSG00000133392 | ENSG00000149591	ACTA2 | MYH11 | TAGLN
profile:2b1855130500eeb3b7b9	biorxiv:581b3311-6d06-1014-8bb1-e34795ede71e	title:cross site reproducibility of human cortical organoids reveals consistent cell type composition and architecture	biorxiv	neuroepithelial stem cell	neuroepithelial stem cell	2	ENSG00000007372 | ENSG00000176165	PAX6 | FOXG1
profile:20563fd0a06b92acf0ce	biorxiv:581b3311-6d06-1014-8bb1-e34795ede71e	title:cross site reproducibility of human cortical organoids reveals consistent cell type composition and architecture	biorxiv	unspecified neuron	unspecified neuron	2	ENSG00000026025 | ENSG00000176165	VIM | FOXG1
profile:d76a41772db73bffe15d	biorxiv:5c1d40eb-7190-1014-a458-8ab6cf3c7650	title:phenotypic dissection of epithelial lineages and therapeutic manipulation of differentiation programs in human adenoid cystic carcinomas accs	biorxiv	ductal like cell	ductal-like cell	2	ENSG00000073282 | ENSG00000091409	TP63 | ITGA6
profile:da851561a2e255bdd9b3	biorxiv:5c1d40eb-7190-1014-a458-8ab6cf3c7650	title:phenotypic dissection of epithelial lineages and therapeutic manipulation of differentiation programs in human adenoid cystic carcinomas accs	biorxiv	myoepithelial like cell	myoepithelial-like cell	1	ENSG00000157404	KIT
profile:e41908caf8633565ed83	biorxiv:5daa9342-6d02-1014-8cb5-fa421631d820	title:single cell transcriptome of cd8 t cells in multiple cancers reveals comprehensive exhaustion associated mechanisms	biorxiv	exhausted cd8 t cell	exhausted CD8+ T cell	4	ENSG00000069667 | ENSG00000073861 | ENSG00000149311 | ENSG00000170989	RORA | TBX21 | ATM | S1PR1
profile:3e23939ba51a55212869	biorxiv:5dff1c13-6c00-1014-9211-b5130fed8524	title:single cell transcriptome analysis of cd34 stem cell derived myeloid cells identifies a cfu gemm like population permissive to human cytomegalovirus infection	biorxiv	cmv positive cell	CMV-positive cell	4	ENSG00000112576 | ENSG00000139687 | ENSG00000145386 | ENSG00000148773	CCND3 | RB1 | CCNA2 | MKI67
profile:38c13982a1928cc7c100	biorxiv:5dff1c13-6c00-1014-9211-b5130fed8524	title:single cell transcriptome analysis of cd34 stem cell derived myeloid cells identifies a cfu gemm like population permissive to human cytomegalovirus infection	biorxiv	colony forming unit granulocyte erythrocyte monocyte megakaryocyte	colony forming unit – granulocyte, erythrocyte, monocyte, megakaryocyte	3	ENSG00000004468 | ENSG00000174059 | ENSG00000185291	CD38 | CD34 | IL3RA
profile:53ee264e2516f0e00132	biorxiv:611ca78b-6e32-1014-bb2a-be11d7247499	title:decoding the porcine developing spatial processing system and production of human entorhinal stellate cell like cells by a direct programming approach	biorxiv	speed cell	speed cell	1	ENSG00000157005	SST
profile:468298c574f8f8b05f07	biorxiv:653bfd04-6cbf-1014-864b-c74846f5cd96	title:sec seq association of molecular signatures with antibody secretion in thousands of single human plasma cells	biorxiv	activated b cell	activated B cell	1	ENSG00000004468	CD38
profile:71d8c2228ecb1e0309a1	biorxiv:653bfd04-6cbf-1014-864b-c74846f5cd96	title:sec seq association of molecular signatures with antibody secretion in thousands of single human plasma cells	biorxiv	igg secreting plasma cell	IgG-secreting plasma cell	1	ENSG00000117394	SLC2A1
profile:5e25ff88790cd61e807a	biorxiv:653bfd04-6cbf-1014-864b-c74846f5cd96	title:sec seq association of molecular signatures with antibody secretion in thousands of single human plasma cells	biorxiv	immature plasmablast	immature plasmablast	1	ENSG00000115884	SDC1
profile:e04e9a9cb023a433698c	biorxiv:653bfd04-6cbf-1014-864b-c74846f5cd96	title:sec seq association of molecular signatures with antibody secretion in thousands of single human plasma cells	biorxiv	plasmablast	plasmablast	1	ENSG00000115884	SDC1
profile:54e5471d361c2f4b4c3c	biorxiv:653bfd04-6cbf-1014-864b-c74846f5cd96	title:sec seq association of molecular signatures with antibody secretion in thousands of single human plasma cells	biorxiv	plasmablast and plasma cell	plasmablast and plasma cell	1	ENSG00000177455	CD19
profile:894f7d3f75e00faa7b84	biorxiv:671955ed-77d7-1014-aa23-8c904fbe705b	title:high dimensional mass cytometry reveals stemness state heterogeneity in pancreatic ductal adenocarcinoma	biorxiv	fibroblast	fibroblast	2	ENSG00000081237 | ENSG00000119888	PTPRC | EPCAM
profile:69aab8d8a73ba24aaac2	biorxiv:671955ed-77d7-1014-aa23-8c904fbe705b	title:high dimensional mass cytometry reveals stemness state heterogeneity in pancreatic ductal adenocarcinoma	biorxiv	stem like cell	stem-like cell	2	ENSG00000118777 | ENSG00000119888	ABCG2 | EPCAM
profile:16c8c46d9dbd9693ca8a	biorxiv:67d3e1aa-726e-1014-b774-e6c3f2e9206c	title:natural killer cell receptor signaling and activation depend on cell cycle stages	biorxiv	cd56dim natural killer cell	CD56dim natural killer cell	2	ENSG00000196371 | ENSG00000259207	FUT4 | CD61
profile:78d4d9e2eb23319df9e8	biorxiv:6b7b2bfb-6c3e-1014-b4a7-d4f626fa4849	title:foxc2 marks and maintains the primitive spermatogonial stem cells subpopulation in the adult testis	biorxiv	spermatogonia	spermatogonia	1	ENSG00000148773	MKI67
profile:8de1d9bfde78d9fb2f1b	biorxiv:6b7b2bfb-6c3e-1014-b4a7-d4f626fa4849	title:foxc2 marks and maintains the primitive spermatogonial stem cells subpopulation in the adult testis	biorxiv	spermatogonial stem cell	spermatogonial stem cell	1	ENSG00000148773	MKI67
profile:708dfd086232d361f028	biorxiv:6c7d90a7-6cd2-1014-aa88-ae3f4e676730	title:analysis of cardiac differentiation at single cell resolution reveals a requirement of hypertrophic signaling for hopx transcription	biorxiv	cardiac outflow tract cell	cardiac outflow tract cell	1	ENSG00000183072	NKX2-5
profile:fbe0bda00c1752e533fa	biorxiv:6c7d90a7-6cd2-1014-aa88-ae3f4e676730	title:analysis of cardiac differentiation at single cell resolution reveals a requirement of hypertrophic signaling for hopx transcription	biorxiv	non contractile cardiac derivative	non-contractile cardiac derivative	1	ENSG00000183072	NKX2-5
profile:7f4d99156c71e4013fed	biorxiv:6ca25eee-7853-1014-8aed-fc8cff0a87e5	title:a multimodal spatial and epigenomic atlas of human adult lung topography	biorxiv	bronchiolar alveolar type 0 cell	bronchiolar alveolar type 0 cell	1	ENSG00000149021	SCGB1A1
profile:1cd2bf03da1052396c43	biorxiv:6ca25eee-7853-1014-8aed-fc8cff0a87e5	title:a multimodal spatial and epigenomic atlas of human adult lung topography	biorxiv	club cell	club cell	1	ENSG00000164265	SCGB3A2
profile:1dfdb460c1c3764d5527	biorxiv:6ca25eee-7853-1014-8aed-fc8cff0a87e5	title:a multimodal spatial and epigenomic atlas of human adult lung topography	biorxiv	conducting airway secretory cell	conducting airway secretory cell	1	ENSG00000164265	SCGB3A2
profile:7dd7467317ceb753dddc	biorxiv:6ca25eee-7853-1014-8aed-fc8cff0a87e5	title:a multimodal spatial and epigenomic atlas of human adult lung topography	biorxiv	goblet cell	goblet cell	1	ENSG00000164265	SCGB3A2
profile:0eadb65ce9bf837dc21f	biorxiv:6ca25eee-7853-1014-8aed-fc8cff0a87e5	title:a multimodal spatial and epigenomic atlas of human adult lung topography	biorxiv	intermediate alveolar type 0 alveolar epithelial type 2 cell	intermediate alveolar type 0 - alveolar epithelial type 2 cell	1	ENSG00000149021	SCGB1A1
profile:be7b60b394de26404ae8	biorxiv:6ca25eee-7853-1014-8aed-fc8cff0a87e5	title:a multimodal spatial and epigenomic atlas of human adult lung topography	biorxiv	natural killer cell	natural killer cell	1	ENSG00000167286	CD3D
profile:96e68798090f75b4f7a2	biorxiv:6ca25eee-7853-1014-8aed-fc8cff0a87e5	title:a multimodal spatial and epigenomic atlas of human adult lung topography	biorxiv	subpleural fibroblast	subpleural fibroblast	3	ENSG00000150893 | ENSG00000172137 | ENSG00000243566	FREM2 | CALB2 | UPK3B
profile:dda85b19370d776d3c31	biorxiv:6ca25eee-7853-1014-8aed-fc8cff0a87e5	title:a multimodal spatial and epigenomic atlas of human adult lung topography	biorxiv	terminal and respiratory bronchiole secretory cell	terminal and respiratory bronchiole secretory cell	1	ENSG00000149021	SCGB1A1
profile:225ee9900c29748f0b0d	biorxiv:6f28f2e1-6c20-1014-910c-d12c701e7668	title:nk cells contribute to resistance to anti pd1 therapy in immune excluded melanomas	biorxiv	dysfunctional cd8 t cell	dysfunctional CD8+ T cell	1	ENSG00000111537	IFNG
profile:531b7e8889ba3703dc46	biorxiv:6f28f2e1-6c20-1014-910c-d12c701e7668	title:nk cells contribute to resistance to anti pd1 therapy in immune excluded melanomas	biorxiv	natural killer cell	natural killer cell	3	ENSG00000010610 | ENSG00000153563 | ENSG00000198851	CD4 | CD8A | CD3E
profile:f7a73483701ebb4cc8ae	biorxiv:6f8501d1-6fb7-1014-a0e2-ce465eab4dbd	title:imaging mass cytometry reveals early β cell dysfunction and changes in immune signatures during type 1 diabetes progression in human pancreata	biorxiv	cd4 effector memory like t cell	CD4+ effector memory-like T cell	1	ENSG00000139193	CD27
profile:f6dd24e3514e19e5dca8	biorxiv:6f8501d1-6fb7-1014-a0e2-ce465eab4dbd	title:imaging mass cytometry reveals early β cell dysfunction and changes in immune signatures during type 1 diabetes progression in human pancreata	biorxiv	conventional dendritic cell	conventional dendritic cell	2	ENSG00000177575 | ENSG00000260314	CD163 | MRC1
profile:a9c48ba2598734cfb7b7	biorxiv:6f8501d1-6fb7-1014-a0e2-ce465eab4dbd	title:imaging mass cytometry reveals early β cell dysfunction and changes in immune signatures during type 1 diabetes progression in human pancreata	biorxiv	naive cd8 t cell	naive CD8+ T cell	1	ENSG00000109956	CD57
profile:e015795a7725bb015ff9	biorxiv:705dbe14-6f1d-1014-86fa-92dddf16a481	title:generation of an in vitro 3d multicellular culture model of ovarian high grade serous carcinoma	biorxiv	cancer associated fibroblast	cancer-associated fibroblast	1	ENSG00000125618	PAX8
profile:3d01ecbb052bd9f6f923	biorxiv:71ccac17-6c3e-1014-a6e6-b99fd2cc2f35	title:acidovorax temperans polarizes t17 cells and skews neutrophil maturation to promote lung adenocarcinoma development	biorxiv	circulating neutrophil	circulating neutrophil	1	ENSG00000121966	CXCR4
profile:1e5acf713b2f07e4aedf	biorxiv:71ccac17-6c3e-1014-a6e6-b99fd2cc2f35	title:acidovorax temperans polarizes t17 cells and skews neutrophil maturation to promote lung adenocarcinoma development	biorxiv	tumor associated neutrophil	tumor-associated neutrophil	1	ENSG00000188404	SELL
profile:e46975b3583ec2a221a6	biorxiv:7325dd4b-6f8e-1014-8543-942cb0c9e964	title:flexible and robust cell type annotation for highly multiplexed tissue images	biorxiv	nerve cell	nerve cell	1	ENSG00000081237	PTPRC
profile:a2a638ace1f2b694aa78	biorxiv:74193868-6d98-1014-a02e-d07ed370ea57	title:identification of a sub population of synovial mesenchymal stem cells with enhanced treatment efficacy in a rat model of osteoarthritis	biorxiv	mesenchymal stem cell	mesenchymal stem cell	1	ENSG00000064300	NGFR
profile:006635ede93899c732f6	biorxiv:74193868-6d98-1014-a02e-d07ed370ea57	title:identification of a sub population of synovial mesenchymal stem cells with enhanced treatment efficacy in a rat model of osteoarthritis	biorxiv	synovial mesenchymal stem cell	synovial mesenchymal stem cell	1	ENSG00000064300	NGFR
profile:41c8e58ce272e2e8548e	biorxiv:750a2ba6-6eaa-1014-b156-e23e824a62e0	title:enhanced annotation of cd45ra to distinguish t cell subsets in single cell rna seq via machine learning	biorxiv	activated cd4 positive effector memory t cell	activated CD4-positive effector memory T cell	2	ENSG00000126353 | ENSG00000188404	CCR7 | SELL
profile:14c82f4c1d8b7bc7e9bc	biorxiv:750a2ba6-6eaa-1014-b156-e23e824a62e0	title:enhanced annotation of cd45ra to distinguish t cell subsets in single cell rna seq via machine learning	biorxiv	effector memory re expressing cd45ra t cell	effector memory re-expressing CD45RA T cell	2	ENSG00000126353 | ENSG00000188404	CCR7 | SELL
profile:59ea020cdbbd77f7cc56	biorxiv:750a2ba6-6eaa-1014-b156-e23e824a62e0	title:enhanced annotation of cd45ra to distinguish t cell subsets in single cell rna seq via machine learning	biorxiv	effector memory t cell	effector memory T cell	2	ENSG00000126353 | ENSG00000188404	CCR7 | SELL
profile:18c830ab9431ffdc0c18	biorxiv:750a2ba6-6eaa-1014-b156-e23e824a62e0	title:enhanced annotation of cd45ra to distinguish t cell subsets in single cell rna seq via machine learning	biorxiv	resting cd4 positive effector memory t cell	resting CD4-positive effector memory T cell	5	ENSG00000100453 | ENSG00000105374 | ENSG00000126353 | ENSG00000180644 | ENSG00000188404	GZMB | NKG7 | CCR7 | PRF1 | SELL
profile:29f7ef8a629b69c27e0b	biorxiv:77d5f6bb-6c27-1014-a74d-a25d8b68d181	title:single cell transcriptome analysis of human marmoset and mouse embryos reveals common and divergent features of preimplantation development	biorxiv	epiblast	epiblast	1	ENSG00000179348	GATA2
profile:05c373bf5484ee45fcbb	biorxiv:77d5f6bb-6c27-1014-a74d-a25d8b68d181	title:single cell transcriptome analysis of human marmoset and mouse embryos reveals common and divergent features of preimplantation development	biorxiv	inner cell mass	inner cell mass	5	ENSG00000119715 | ENSG00000127528 | ENSG00000141665 | ENSG00000154721 | ENSG00000169297	ESRRB | KLF2 | FBXO15 | JAM2 | NR0B1
profile:bd9ec856185ff8a2fe25	biorxiv:77d5f6bb-6c27-1014-a74d-a25d8b68d181	title:single cell transcriptome analysis of human marmoset and mouse embryos reveals common and divergent features of preimplantation development	biorxiv	preimplantation epiblast	preimplantation epiblast	5	ENSG00000119715 | ENSG00000127528 | ENSG00000141665 | ENSG00000168505 | ENSG00000171794	ESRRB | KLF2 | FBXO15 | GBX2 | UTF1
profile:0e492582ec9b21072aca	biorxiv:77d5f6bb-6c27-1014-a74d-a25d8b68d181	title:single cell transcriptome analysis of human marmoset and mouse embryos reveals common and divergent features of preimplantation development	biorxiv	primitive endoderm	primitive endoderm	2	ENSG00000152804 | ENSG00000171056	HHEX | SOX7
profile:b2aeb363c36312d86cef	biorxiv:78211bc7-6c0f-1014-bc42-c103d41718b8	title:a spatial multi omics atlas of the human lung reveals a novel immune cell survival niche	biorxiv	immune recruiting venous perivascular cell	immune recruiting venous perivascular cell	1	ENSG00000173546	CSPG4
profile:52236a9a01a9489131c6	biorxiv:78e3a11a-7eb2-1014-99eb-f342cda99662	title:rapid generation of ventral a9 like dopaminergic neurons from patterned ipscs	biorxiv	terminally differentiated population	terminally differentiated population	1	ENSG00000170312	CDK1
profile:d0b69d809fc68fdf30ab	biorxiv:7d48f408-80c3-1014-8100-959ab60f80b6	title:a single cell atlas of human pediatric liver reveals age related hepatic gene signatures	biorxiv	pre b cell	pre-B cell	1	ENSG00000156738	MS4A1
profile:72592459ec33e0e318c6	biorxiv:8060bfa3-6d4f-1014-b2ea-be74caad434f	title:tert expression is associated with metastasis from thin primaries exhausted cd4 t cells in melanoma and with dna repair across cancer entities	biorxiv	cd4 t cell	CD4+ T cell	1	ENSG00000089692	LAG3
profile:c4bb448abc62b8d56f96	biorxiv:83c8ac0b-6e16-1014-a00e-d78ba7f4ca02	title:transcriptomic perspective on acromegaly related pit 1 sf 1 positive pituitary tumors	biorxiv	normal pituitary somatotroph cell	normal pituitary somatotroph cell	1	ENSG00000010310	GIPR
profile:7000d2d7d625f47099f3	biorxiv:83c8ac0b-6e16-1014-a00e-d78ba7f4ca02	title:transcriptomic perspective on acromegaly related pit 1 sf 1 positive pituitary tumors	biorxiv	pit 1 sf 1 somatotroph pituitary neuroendocrine tumor	PIT-1/SF-1 somatotroph pituitary neuroendocrine tumor	2	ENSG00000107485 | ENSG00000179348	GATA3 | GATA2
profile:477231ea65c85d19273a	biorxiv:876ca999-6c0e-1014-8ed9-e7563228589e	title:integrative single cell rna seq and atac seq analysis of human developmental haematopoiesis	biorxiv	mature b cell	mature B cell	1	ENSG00000128322	IGLL1
profile:72702a74c1779ffe1644	biorxiv:8a79edc5-6e0d-1014-bd87-aa1de4068967	title:bronchoalveolar lavage single cell transcriptomics identifies immune cells driving covid 19 severity in patients	biorxiv	high density neutrophil	high-density neutrophil	2	ENSG00000180871 | ENSG00000188404	CXCR2 | SELL
profile:5922a9c97b576e7feeab	biorxiv:8c3ef8a4-6c0e-1014-9b81-f1618d3e39b1	title:acvr1r206h increases osteogenic ecm gene expression and impairs myofiber formation in human skeletal muscle stem cells	biorxiv	pax7 positive human muscle stem cell	PAX7-positive human muscle stem cell	2	ENSG00000081237 | ENSG00000261371	PTPRC | PECAM1
profile:22fea6d6906008865e9d	biorxiv:8e460cfc-7020-1014-9694-e5bf39316223	title:human immune cell epigenomic signatures in response to infectious diseases and chemical exposures	biorxiv	monocyte	monocyte	1	ENSG00000177455	CD19
profile:aa7aa32b27ddfa28c0db	biorxiv:8e460cfc-7020-1014-9694-e5bf39316223	title:human immune cell epigenomic signatures in response to infectious diseases and chemical exposures	biorxiv	natural killer cell	natural killer cell	2	ENSG00000170458 | ENSG00000177455	CD14 | CD19
profile:71bacbebdb7b23613ff0	biorxiv:9081da13-83e1-1014-ba34-dc521a45201b	title:targeting glucocorticoid induced cd20 activation in preclinical models of b all	biorxiv	cluster 10	cluster 10	1	ENSG00000174059	CD34
profile:f583ad03787982a2d314	biorxiv:9081da13-83e1-1014-ba34-dc521a45201b	title:targeting glucocorticoid induced cd20 activation in preclinical models of b all	biorxiv	minimal residual disease cell	minimal residual disease cell	1	ENSG00000174059	CD34
profile:e4846dc5ba6a3f1aee05	biorxiv:9081da13-83e1-1014-ba34-dc521a45201b	title:targeting glucocorticoid induced cd20 activation in preclinical models of b all	biorxiv	minimal residual disease like population	minimal residual disease-like population	1	ENSG00000174059	CD34
profile:c33279bac5f8d98b2354	biorxiv:9081da13-83e1-1014-ba34-dc521a45201b	title:targeting glucocorticoid induced cd20 activation in preclinical models of b all	biorxiv	persisting leukemic blast	persisting leukemic blast	1	ENSG00000174059	CD34
profile:510f591e918436ea6e37	biorxiv:9143aeff-6c86-1014-8d9c-e6611dda1bec	title:a minimal plasma proteome based biomarker panel for accurate prostate cancer diagnosis	biorxiv	prostate cancer	prostate cancer	1	ENSG00000263639	MSMB
profile:2df1c87c71e156f55d69	biorxiv:9263ba65-6c09-1014-b701-af82efb9455d	title:single cell rna seq of human induced pluripotent stem cells reveals cellular heterogeneity and cell state transitions between subpopulations	biorxiv	early primed for differentiation cell	early-primed for differentiation cell	2	ENSG00000111704 | ENSG00000171794	NANOG | UTF1
profile:54353ab5090b11f091bc	biorxiv:9263ba65-6c09-1014-b701-af82efb9455d	title:single cell rna seq of human induced pluripotent stem cells reveals cellular heterogeneity and cell state transitions between subpopulations	biorxiv	late primed for differentiation cell	late-primed for differentiation cell	2	ENSG00000111704 | ENSG00000171794	NANOG | UTF1
profile:1642d0a4ff5182397b15	biorxiv:9338c4d5-712d-1014-b47b-dc1970abe2d9	title:suppression of erk signalling promotes pluripotent epiblast in the human blastocyst	biorxiv	naïve human pluripotent stem cell	naïve human pluripotent stem cell	3	ENSG00000165821 | ENSG00000175832 | ENSG00000244405	SALL2 | ETV4 | ETV5
profile:9e1c6c5294850261e03e	biorxiv:9a5466f2-6c88-1014-bd5d-ff8513618027	title:single cell profiling reveals periventricular cd56bright nk cell accumulation in multiple sclerosis	biorxiv	t bet negative b cell	T-bet-negative B cell	4	ENSG00000004468 | ENSG00000073861 | ENSG00000139193 | ENSG00000140678	CD38 | TBX21 | CD27 | ITGAX
profile:d2362d92b81ba84b0d98	biorxiv:9a5466f2-6c88-1014-bd5d-ff8513618027	title:single cell profiling reveals periventricular cd56bright nk cell accumulation in multiple sclerosis	biorxiv	t bet positive b cell	T-bet-positive B cell	2	ENSG00000004468 | ENSG00000139193	CD38 | CD27
profile:bead33bc920e559ed167	biorxiv:9aa22010-6e01-1014-bc26-9535140d955f	title:characterization of the human fetal rete region by single cell transcriptional analysis of gonads and mesonephros epididymis	biorxiv	mesonephric epididymis epithelial cell	mesonephric/epididymis epithelial cell	2	ENSG00000170558 | ENSG00000184937	CDH2 | WT1
profile:cbe3af6551b3fb2963d5	biorxiv:9aa22010-6e01-1014-bc26-9535140d955f	title:characterization of the human fetal rete region by single cell transcriptional analysis of gonads and mesonephros epididymis	biorxiv	sertoli like cell in rete testis	Sertoli-like cell in rete testis	1	ENSG00000039068	CDH1
profile:569ff1faf491421824f6	biorxiv:9aa22010-6e01-1014-bc26-9535140d955f	title:characterization of the human fetal rete region by single cell transcriptional analysis of gonads and mesonephros epididymis	biorxiv	surface epithelial cell	surface epithelial cell	1	ENSG00000125618	PAX8
profile:bdada3f67d92681954b0	biorxiv:9b741001-784a-1014-b0c0-93f88f9233f4	title:deep multiplexed 50 marker imaging of circulating tumor cells expands actionable biomarker profiling for precision oncology	biorxiv	circulating tumor cell	circulating tumor cell	1	ENSG00000081237	PTPRC
profile:644645083a71b87b5d58	biorxiv:9c7f8281-6c21-1014-a6df-b6c543b29cb8	title:single cell analysis reveals dynamics of human b cell differentiation and identifies novel b and antibody secreting cell intermediates	biorxiv	antibody secreting cell	antibody-secreting cell	5	ENSG00000112182 | ENSG00000140968 | ENSG00000156738 | ENSG00000177455 | ENSG00000196092	BACH2 | IRF8 | MS4A1 | CD19 | PAX5
profile:c6aee9108b634af0a855	biorxiv:9d923a25-6c34-1014-a848-e326c14e92ee	title:heterogeneity of normal human breast stem and progenitor cells as revealed by transcriptional profiling	biorxiv	aldh cd44 cd24 cell	ALDH+CD44+CD24− cell	6	ENSG00000039068 | ENSG00000062038 | ENSG00000087088 | ENSG00000141736 | ENSG00000171345 | ENSG00000185499	CDH1 | CDH3 | BAX | HER2 | KRT19 | MUC1
profile:20efaad22ca166577382	biorxiv:9d923a25-6c34-1014-a848-e326c14e92ee	title:heterogeneity of normal human breast stem and progenitor cells as revealed by transcriptional profiling	biorxiv	aldh1a1 expressing cell	ALDH1A1-expressing cell	3	ENSG00000039068 | ENSG00000119888 | ENSG00000272398	CDH1 | EPCAM | CD24
profile:2277a52761a2115e82d6	biorxiv:9e5c18fc-76e5-1014-9f81-96148d260e0f	title:velociraptor cross platform quantitative search using hallmark cell features	biorxiv	glioblastoma negative prognostic cell	glioblastoma negative prognostic cell	1	ENSG00000131095	GFAP
profile:753f4b25ec4896568c12	biorxiv:9e5c18fc-76e5-1014-9f81-96148d260e0f	title:velociraptor cross platform quantitative search using hallmark cell features	biorxiv	glioblastoma positive prognostic cell	glioblastoma positive prognostic cell	2	ENSG00000026508 | ENSG00000091409	CD44 | ITGA6
profile:8023fff3d4dc0508e540	biorxiv:9ea3f9c1-6d62-1014-8a0f-e0eee23ad569	title:cd4 and cd8 co receptors modulate functional avidity of cd1b restricted t cells	biorxiv	double negative mucosal associated invariant t cell	double negative mucosal associated invariant T cell	1	ENSG00000111537	IFNG
profile:d1bbea989c1b79e1d1a6	biorxiv:9f9eded3-6d6e-1014-996d-af8f6f192d54	title:single cell analysis of blood mononuclear cells stimulated through cd3 and cd28 shows collateral activation of b and nk cells and demise of monocytes	biorxiv	activated b cell cluster 3	activated B cell cluster 3	3	ENSG00000073861 | ENSG00000140678 | ENSG00000196664	TBX21 | ITGAX | TLR7
profile:83a8ca176b1d3927da6a	biorxiv:a0900ed8-7609-1014-846c-dd411913591f	title:single cell transcriptomic analysis of kaposi sarcoma	biorxiv	cd34 negative lymphatic endothelial cell	CD34-negative lymphatic endothelial cell	1	ENSG00000174059	CD34
profile:5a94836314e7eb33df20	biorxiv:a0900ed8-7609-1014-846c-dd411913591f	title:single cell transcriptomic analysis of kaposi sarcoma	biorxiv	cd34 positive vascular endothelial cell	CD34-positive vascular endothelial cell	1	ENSG00000134853	PDGFRA
profile:dc7b2294a5b6f2c42f04	biorxiv:a63583e3-6c7b-1014-a201-b82bec671474	title:a cell atlas of human adrenal cortex development and disease	biorxiv	fetal zone cell	fetal zone cell	1	ENSG00000203859	HSD3B2
profile:8d2e4a5b6f70cef45e7b	biorxiv:a63583e3-6c7b-1014-a201-b82bec671474	title:a cell atlas of human adrenal cortex development and disease	biorxiv	nov positive hopx negative cell	NOV-positive HOPX-negative cell	1	ENSG00000171476	HOPX
profile:a68a7090b8010f96fde9	biorxiv:a9567cc0-6e50-1014-9a45-a24404db0d1a	title:intraductal papillary mucinous neoplasm cellular plasticity linked with repeat element dysregulation	biorxiv	invasive cancer cell	invasive cancer cell	1	ENSG00000148826	NKX6-2
profile:6fb4c2047d9fff14f896	biorxiv:a96dba70-6cf7-1014-a294-bf2ca6d364a0	title:discbio a user friendly pipeline for biomarker discovery in single cell transcriptomics	biorxiv	circulating tumor cell cluster 3	circulating tumor cell cluster 3	2	ENSG00000077044 | ENSG00000171611	DGKD | PTCRA
profile:ac2dab8f061a4a9febf9	biorxiv:a96dba70-6cf7-1014-a294-bf2ca6d364a0	title:discbio a user friendly pipeline for biomarker discovery in single cell transcriptomics	biorxiv	myxoid liposarcoma cell cluster 2	myxoid liposarcoma cell cluster 2	1	ENSG00000176890	TYMS
profile:70dfb49b5b145e952a47	biorxiv:a9b298c9-7797-1014-9b95-8bbbe23c746a	title:resting natural killer cells promote the progress of colon cancer liver metastasis by elevating tumor derived sscf	biorxiv	resting natural killer cell	resting natural killer cell	2	ENSG00000189013 | ENSG00000213809	KIR2DL4 | KLRK1
profile:ecf7a7e5411f04717472	biorxiv:ab05f819-6c04-1014-81aa-9646e853264a	title:massively parallel single cell chromatin landscapes of human immune cell development and intratumoral t cell exhaustion	biorxiv	natural killer cell	natural killer cell	1	ENSG00000081059	TCF7
profile:37c6b8cf43d52e39ee74	biorxiv:acd52af7-6c95-1014-8d0b-873ff14c4a57	title:conservation and divergence of myelin proteome and oligodendrocyte transcriptome profiles between humans and mice	biorxiv	mature oligodendrocyte	mature oligodendrocyte	2	ENSG00000134198 | ENSG00000176402	TSPAN2 | GJC3
profile:84d12a57e6f326f0ae58	biorxiv:ae5f009e-6d7a-1014-8ed6-cd1c0d2e0ada	title:antigen specificity of clonally enriched cd8 t cells in multiple sclerosis	biorxiv	cd4 t cell	CD4+ T cell	5	ENSG00000081059 | ENSG00000126353 | ENSG00000138795 | ENSG00000182866 | ENSG00000188404	TCF7 | CCR7 | LEF1 | LCK | SELL
profile:95d91c0723fb08151998	biorxiv:ae5f009e-6d7a-1014-8ed6-cd1c0d2e0ada	title:antigen specificity of clonally enriched cd8 t cells in multiple sclerosis	biorxiv	cd8 t cell	CD8+ T cell	9	ENSG00000115085 | ENSG00000126353 | ENSG00000138795 | ENSG00000167286 | ENSG00000172116 | ENSG00000182866 | ENSG00000188404 | ENSG00000198851 | ENSG00000213658	ZAP70 | CCR7 | LEF1 | CD3D | CD8B | LCK | SELL | CD3E | LAT
profile:05f9b24626a9a078e357	biorxiv:ae5f009e-6d7a-1014-8ed6-cd1c0d2e0ada	title:antigen specificity of clonally enriched cd8 t cells in multiple sclerosis	biorxiv	highly expanded cerebrospinal fluid t cell	highly expanded cerebrospinal fluid T cell	3	ENSG00000111716 | ENSG00000168685 | ENSG00000227507	LDHB | IL7R | LTB
profile:1f5cd466baca714b3a3c	biorxiv:b629f2a0-6f39-1014-bcfe-d40330cad081	title:a cancer stem cell population underlies a multi lineage phenotype and drug resistance in prostate cancer	biorxiv	neuroendocrine like cell	neuroendocrine-like cell	1	ENSG00000084093	REST
profile:247e0e0825b9bd52d69c	biorxiv:b7d0eaf3-6f9e-1014-bc01-ef7867d59c7e	title:single cell integration and multi modal profiling reveals phenotypes and spatial organization of neutrophils in colorectal cancer	biorxiv	tumor associated neutrophil	tumor-associated neutrophil	1	ENSG00000180871	CXCR2
profile:758c73405b2fb9413077	biorxiv:b9f9eea1-7c5b-1014-87f0-cbc500249f07	title:single cell transcriptomics and machine learning reveal rnf144b and c5ar1 as immune related biomarkers and therapeutic targets in myocardial infarction	biorxiv	t cell	T cell	2	ENSG00000133110 | ENSG00000204634	POSTN | TBC1D8
profile:87adb1b9a03b7425d7e1	biorxiv:bb90a40e-70a1-1014-887a-db6e99ca95cb	title:single cell transcriptomic profiling of pancreatic ductal adenocarcinoma epithelial reprogramming and systemic immune exhaustion	biorxiv	acinar cell	acinar cell	2	ENSG00000142615 | ENSG00000240038	CELA2A | AMY2B
profile:a161f7c574be6faf7e3f	biorxiv:bb90a40e-70a1-1014-887a-db6e99ca95cb	title:single cell transcriptomic profiling of pancreatic ductal adenocarcinoma epithelial reprogramming and systemic immune exhaustion	biorxiv	b cell	B cell	4	ENSG00000012124 | ENSG00000142208 | ENSG00000157869 | ENSG00000198692	CD22 | AKT1 | RAB28 | EIF1AY
profile:e640b4c6bdad700be16f	biorxiv:bb90a40e-70a1-1014-887a-db6e99ca95cb	title:single cell transcriptomic profiling of pancreatic ductal adenocarcinoma epithelial reprogramming and systemic immune exhaustion	biorxiv	beta cell	beta cell	2	ENSG00000137392 | ENSG00000204983	CLPS | PRSS1
profile:f3886f9e727e15c63106	biorxiv:bb90a40e-70a1-1014-887a-db6e99ca95cb	title:single cell transcriptomic profiling of pancreatic ductal adenocarcinoma epithelial reprogramming and systemic immune exhaustion	biorxiv	cd4 central memory t cell	CD4 central memory T cell	3	ENSG00000087460 | ENSG00000129824 | ENSG00000130522	GNAS | RPS4Y1 | JUND
profile:fe27039df8b234e6cedd	biorxiv:bb90a40e-70a1-1014-887a-db6e99ca95cb	title:single cell transcriptomic profiling of pancreatic ductal adenocarcinoma epithelial reprogramming and systemic immune exhaustion	biorxiv	cd4 t cell	CD4 T cell	2	ENSG00000126353 | ENSG00000129824	CCR7 | RPS4Y1
profile:6ea56aba97eee950c9db	biorxiv:bb90a40e-70a1-1014-887a-db6e99ca95cb	title:single cell transcriptomic profiling of pancreatic ductal adenocarcinoma epithelial reprogramming and systemic immune exhaustion	biorxiv	cd8 effector memory t cell	CD8 effector memory T cell	1	ENSG00000196139	AKR1C3
profile:038161bda5f51da0cba1	biorxiv:bb90a40e-70a1-1014-887a-db6e99ca95cb	title:single cell transcriptomic profiling of pancreatic ductal adenocarcinoma epithelial reprogramming and systemic immune exhaustion	biorxiv	cd8 t cell	CD8 T cell	2	ENSG00000198888 | ENSG00000215788	MT-ND1 | TNFRSF25
profile:fba5468cae5d643f68c5	biorxiv:bb90a40e-70a1-1014-887a-db6e99ca95cb	title:single cell transcriptomic profiling of pancreatic ductal adenocarcinoma epithelial reprogramming and systemic immune exhaustion	biorxiv	conventional b cell	conventional B cell	3	ENSG00000142208 | ENSG00000157869 | ENSG00000198692	AKT1 | RAB28 | EIF1AY
profile:a72ffda24f24768d1791	biorxiv:bb90a40e-70a1-1014-887a-db6e99ca95cb	title:single cell transcriptomic profiling of pancreatic ductal adenocarcinoma epithelial reprogramming and systemic immune exhaustion	biorxiv	ductal cell	ductal cell	2	ENSG00000137392 | ENSG00000175535	CLPS | PNLIP
profile:a2f89122d9addbd09edc	biorxiv:bb90a40e-70a1-1014-887a-db6e99ca95cb	title:single cell transcriptomic profiling of pancreatic ductal adenocarcinoma epithelial reprogramming and systemic immune exhaustion	biorxiv	hematopoietic stem and progenitor cell	hematopoietic stem and progenitor cell	3	ENSG00000101443 | ENSG00000125999 | ENSG00000173267	WFDC2 | BPIFB1 | SNCG
profile:e9b8e1c41a7ce93ad933	biorxiv:bb90a40e-70a1-1014-887a-db6e99ca95cb	title:single cell transcriptomic profiling of pancreatic ductal adenocarcinoma epithelial reprogramming and systemic immune exhaustion	biorxiv	immune cell	immune cell	2	ENSG00000137392 | ENSG00000204983	CLPS | PRSS1
profile:bcd3b19f6b09af836920	biorxiv:bb90a40e-70a1-1014-887a-db6e99ca95cb	title:single cell transcriptomic profiling of pancreatic ductal adenocarcinoma epithelial reprogramming and systemic immune exhaustion	biorxiv	monocyte	monocyte	3	ENSG00000130956 | ENSG00000136068 | ENSG00000143603	HABP4 | FLNB | KCNN3
profile:725a1b130d78a174994c	biorxiv:bb90a40e-70a1-1014-887a-db6e99ca95cb	title:single cell transcriptomic profiling of pancreatic ductal adenocarcinoma epithelial reprogramming and systemic immune exhaustion	biorxiv	natural killer cell	natural killer cell	3	ENSG00000109113 | ENSG00000160307 | ENSG00000168329	RAB34 | S100B | CX3CR1
profile:ad54da900d6bd95093c5	biorxiv:bc260922-6c47-1014-a865-fe4e19bf3ea8	title:single cell sequencing highlights heterogeneity and malignant progression in actinic keratosis and cutaneous squamous cell carcinoma	biorxiv	basal2	Basal2	4	ENSG00000005884 | ENSG00000065618 | ENSG00000073282 | ENSG00000150093	ITGA3 | COL17A1 | TP63 | ITGB1
profile:7e7960c69b4ca10c86dd	biorxiv:bc60e3db-6f3b-1014-9d48-bca06f1504df	title:mecom permits pancreatic acinar cell dedifferentiation avoiding cell death under stress conditions	biorxiv	duct cell	duct cell	1	ENSG00000085276	MECOM
profile:ab799d7d2c0e8dcdc447	biorxiv:bc60e3db-6f3b-1014-9d48-bca06f1504df	title:mecom permits pancreatic acinar cell dedifferentiation avoiding cell death under stress conditions	biorxiv	native duct cell	native duct cell	1	ENSG00000085276	MECOM
profile:501e30744a97019b9033	biorxiv:c507fe4c-740e-1014-8455-8c072e8f204f	title:the ace2 expression of maternal fetal interface and fetal organs indicates potential risk of vertical transmission of sars cov 2	biorxiv	extravillous trophoblast	extravillous trophoblast	1	ENSG00000130234	ACE2
profile:30e8491b326ff0918803	biorxiv:c507fe4c-740e-1014-8455-8c072e8f204f	title:the ace2 expression of maternal fetal interface and fetal organs indicates potential risk of vertical transmission of sars cov 2	biorxiv	kidney cell	kidney cell	1	ENSG00000130234	ACE2
profile:17802e9ab49b6c00fcd7	biorxiv:c55f45c7-7001-1014-966f-865cda24634e	title:spatial and single cell dissection of fibroblast subpopulation reprogramming driving stromal collapse in breast cancer lymph node metastasis	biorxiv	col6a6 positive fibroblast	COL6A6-positive fibroblast	4	ENSG00000127954 | ENSG00000185633 | ENSG00000197461 | ENSG00000213949	STEAP4 | NDUFA4L2 | PDGFA | ITGA1
profile:9b7f0af104d6ccac50a4	biorxiv:c55f45c7-7001-1014-966f-865cda24634e	title:spatial and single cell dissection of fibroblast subpopulation reprogramming driving stromal collapse in breast cancer lymph node metastasis	biorxiv	mab21l1 positive fibroblast	MAB21L1-positive fibroblast	2	ENSG00000107796 | ENSG00000110492	ACTA2 | MDK
profile:688eb180707bba18d088	biorxiv:c78d9bda-6cc0-1014-aba5-dba9dd700073	title:a single cell rna seq analysis unravels the heterogeniety of primary cultured human corneal endothelial cells	biorxiv	fibrotic corneal endothelial cell cluster c5	fibrotic corneal endothelial cell cluster C5	2	ENSG00000088836 | ENSG00000170017	SLC4A11 | ALCAM
profile:9042bcc3e1b74054e3d0	biorxiv:c78d9bda-6cc0-1014-aba5-dba9dd700073	title:a single cell rna seq analysis unravels the heterogeniety of primary cultured human corneal endothelial cells	biorxiv	senescent corneal endothelial cell cluster c2	senescent corneal endothelial cell cluster C2	4	ENSG00000088836 | ENSG00000163399 | ENSG00000170017 | ENSG00000170558	SLC4A11 | ATP1A1 | ALCAM | CDH2
profile:a70def009c6632d4c130	biorxiv:c78d9bda-6cc0-1014-aba5-dba9dd700073	title:a single cell rna seq analysis unravels the heterogeniety of primary cultured human corneal endothelial cells	biorxiv	therapy grade corneal endothelial cell	therapy-grade corneal endothelial cell	4	ENSG00000026508 | ENSG00000182853 | ENSG00000186340 | ENSG00000196549	CD44 | VMO1 | THBS2 | MME
profile:776c95f2b25d19e37959	biorxiv:ca1bf343-7250-1014-ba36-aacb127d711a	title:single cell profiling reveals functional heterogeneity and serial killing in human peripheral and ex vivo generated cd34 progenitor derived natural killer cells	biorxiv	cytotoxic natural killer cell	cytotoxic natural killer cell	2	ENSG00000139193 | ENSG00000169896	CD27 | ITGAM
profile:b42c53c67dcd1e680d72	biorxiv:ca1bf343-7250-1014-ba36-aacb127d711a	title:single cell profiling reveals functional heterogeneity and serial killing in human peripheral and ex vivo generated cd34 progenitor derived natural killer cells	biorxiv	pre cytotoxic natural killer cell	pre-cytotoxic natural killer cell	1	ENSG00000139193	CD27
profile:c5a55302afaf2e7d3e41	biorxiv:ca1bf343-7250-1014-ba36-aacb127d711a	title:single cell profiling reveals functional heterogeneity and serial killing in human peripheral and ex vivo generated cd34 progenitor derived natural killer cells	biorxiv	tolerant natural killer cell	tolerant natural killer cell	2	ENSG00000139193 | ENSG00000169896	CD27 | ITGAM
profile:9170ea24e32479cafc18	biorxiv:cc41b42e-6c00-1014-9887-9bb7d49b64ad	title:single cell rna sequencing reveals regulatory mechanism for trophoblast cell fate divergence in human peri implantation embryo	biorxiv	syncytiotrophoblast	syncytiotrophoblast	1	ENSG00000187569	DPPA3
profile:8e0f64fba6beb2f22023	biorxiv:ce0773ad-6e8e-1014-aef3-93ffcfb90238	title:microglia and macrophages alterations in the cns during acute siv infection a single cell analysis in rhesus macaques	biorxiv	patrolling non classical monocyte macrophage	patrolling non-classical monocyte/macrophage	1	ENSG00000170458	CD14
profile:8a9f8775ebdf3e2e7d53	biorxiv:cf0d429c-6c7f-1014-a5a8-f09b6915373d	title:a single cell atlas of the human healthy airways	biorxiv	mucous cell	mucous cell	1	ENSG00000215182	MUC5AC
profile:c21a75ca7d84f93bf07e	biorxiv:cf0d429c-6c7f-1014-a5a8-f09b6915373d	title:a single cell atlas of the human healthy airways	biorxiv	suprabasal cell	suprabasal cell	1	ENSG00000073282	TP63
profile:58afae84bc080b3beba3	biorxiv:d00e7bca-700f-1014-91f0-ae4c53ddfbf4	title:single cell analysis of treatment resistant prostate cancer implications of cell state changes for cell surface antigen targeted therapies	biorxiv	neuroendocrine prostate cancer	neuroendocrine prostate cancer	1	ENSG00000137693	YAP1
profile:4a0d34220998cb0cdfac	biorxiv:d8ee72e2-7047-1014-a159-a9ef37bce7a4	title:characterizing intra and inter tumor heterogeneity in ovarian high grade serous carcinoma subtypes using single cell and spatial transcriptomics	biorxiv	plasmacytoid dendritic cell	plasmacytoid dendritic cell	1	ENSG00000129226	CD68
profile:991ace97f8c2b3c992c4	biorxiv:d95d7dc6-6c35-1014-b1f0-b4af8a20948e	title:identification isolation and characterization of human lgr5 positive colon adenoma cells	biorxiv	lgr5 positive adenoma cell	LGR5-positive adenoma cell	3	ENSG00000160180 | ENSG00000171431 | ENSG00000198788	TFF3 | KRT20 | MUC2
profile:b24b8d193322af0eb8ba	biorxiv:dbf486c9-6c54-1014-9bc5-bf4d8f303013	title:construction of a solid cox model for aml patients based on multiomics bioinformatic analysis	biorxiv	b lymphocyte	B lymphocyte	1	ENSG00000156140	ADAMTS3
profile:1d3f56f6f818d3aed8bc	biorxiv:dbf486c9-6c54-1014-9bc5-bf4d8f303013	title:construction of a solid cox model for aml patients based on multiomics bioinformatic analysis	biorxiv	dendritic cell	dendritic cell	1	ENSG00000156140	ADAMTS3
profile:9f47e8d43112fe35f1fa	biorxiv:dbf486c9-6c54-1014-9bc5-bf4d8f303013	title:construction of a solid cox model for aml patients based on multiomics bioinformatic analysis	biorxiv	granulocyte	granulocyte	1	ENSG00000156140	ADAMTS3
profile:9fd556b9ba959627a9ae	biorxiv:dbf486c9-6c54-1014-9bc5-bf4d8f303013	title:construction of a solid cox model for aml patients based on multiomics bioinformatic analysis	biorxiv	monocyte	monocyte	1	ENSG00000156140	ADAMTS3
profile:c3a5cc3c6db1ec430081	biorxiv:dbf486c9-6c54-1014-9bc5-bf4d8f303013	title:construction of a solid cox model for aml patients based on multiomics bioinformatic analysis	biorxiv	natural killer cell	natural killer cell	1	ENSG00000156140	ADAMTS3
profile:d79b34d35ad28fe76d54	biorxiv:dbf486c9-6c54-1014-9bc5-bf4d8f303013	title:construction of a solid cox model for aml patients based on multiomics bioinformatic analysis	biorxiv	t lymphocyte	T lymphocyte	1	ENSG00000156140	ADAMTS3
profile:08d032da5b062a614cd5	biorxiv:de5904ff-71b0-1014-b1f7-fe7935302eab	title:machine learning links t cell function and spatial localization to neoadjuvant immunotherapy and clinical outcome in pancreatic cancer	biorxiv	regulatory t cell	regulatory T cell	1	ENSG00000153563	CD8A
profile:4263a7abd46e11a75818	biorxiv:de6d33dd-734f-1014-a302-e21bedf0ba65	title:identifying distinct molecular response of car t cells to solid tumors by synthetic single cell transcriptomic analyses	biorxiv	cd4 cd3 t cell	CD4+CD3+ T cell	2	ENSG00000125538 | ENSG00000161955	IL1B | TNFSF13
profile:8a5a824b72f9ba1326c7	biorxiv:de6d33dd-734f-1014-a302-e21bedf0ba65	title:identifying distinct molecular response of car t cells to solid tumors by synthetic single cell transcriptomic analyses	biorxiv	exhaustion like cd8 chimeric antigen receptor t cell	exhaustion-like CD8+ chimeric antigen receptor T cell	1	ENSG00000188389	PDCD1
profile:45413d2d63ac97c3b480	biorxiv:e3312584-7421-1014-b0a7-823d4471ccf1	title:a highly resolved integrated single cell atlas of hpv negative head and neck cancer	biorxiv	cxcl10 positive myeloid cell	CXCL10-positive myeloid cell	4	ENSG00000010610 | ENSG00000130203 | ENSG00000173369 | ENSG00000177575	CD4 | APOE | C1QB | CD163
profile:b1ced58c5fe7b873a3c0	biorxiv:e3312584-7421-1014-b0a7-823d4471ccf1	title:a highly resolved integrated single cell atlas of hpv negative head and neck cancer	biorxiv	il1b positive myeloid cell	IL1B-positive myeloid cell	2	ENSG00000118520 | ENSG00000177575	ARG1 | CD163
profile:26744dfd9c7820214f79	biorxiv:e3312584-7421-1014-b0a7-823d4471ccf1	title:a highly resolved integrated single cell atlas of hpv negative head and neck cancer	biorxiv	myeloid derived suppressor cell	myeloid-derived suppressor cell	2	ENSG00000118785 | ENSG00000138755	SPP1 | CXCL9
profile:baed7eba4d56a692ff93	biorxiv:e3312584-7421-1014-b0a7-823d4471ccf1	title:a highly resolved integrated single cell atlas of hpv negative head and neck cancer	biorxiv	neutrophil	neutrophil	3	ENSG00000019582 | ENSG00000196126 | ENSG00000204287	CD74 | HLA-DRB1 | HLA-DRA
profile:8df7aca2964ba0d36f63	biorxiv:e3c88c7c-7fe3-1014-8c3f-f97dd191bd5b	title:therapeutic eradication of cancer associated fibroblasts inhibits in vivo progression of pancreatic cancer	biorxiv	pancreatic stellate cell	pancreatic stellate cell	4	ENSG00000039068 | ENSG00000119888 | ENSG00000125398 | ENSG00000171345	CDH1 | EPCAM | SOX9 | KRT19
profile:6998450ba7738f3289e3	biorxiv:e3c9e28c-70c5-1014-9616-aa7d906f9d5d	title:cellf deception human microglia clone 3 hmc3 cells exhibit more astrocyte like than microglia like gene expression	biorxiv	human microglia clone 3 cell	Human Microglia Clone 3 cell	3	ENSG00000066336 | ENSG00000081237 | ENSG00000204472	SPI1 | PTPRC | AIF1
profile:44a33e40dcbeaa238d1f	biorxiv:e41f3b4d-7312-1014-8c3d-9c868a469aab	title:cxcr6 cd127 tr1 cells balance immunity and persistence in plasmodium falciparum infection	biorxiv	activated type 1 regulatory t cell	activated type 1 regulatory T cell	1	ENSG00000172215	CXCR6
profile:a00ed553effd7f24a679	biorxiv:e41f3b4d-7312-1014-8c3d-9c868a469aab	title:cxcr6 cd127 tr1 cells balance immunity and persistence in plasmodium falciparum infection	biorxiv	regulatory t cell	regulatory T cell	1	ENSG00000168685	IL7R
profile:ed7ee5aaba8b4edee4d6	biorxiv:e41f3b4d-7312-1014-8c3d-9c868a469aab	title:cxcr6 cd127 tr1 cells balance immunity and persistence in plasmodium falciparum infection	biorxiv	t helper 1 cell	T helper 1 cell	2	ENSG00000112486 | ENSG00000183813	CCR6 | CCR4
profile:7a2ceaaae422c738e58a	biorxiv:e41f3b4d-7312-1014-8c3d-9c868a469aab	title:cxcr6 cd127 tr1 cells balance immunity and persistence in plasmodium falciparum infection	biorxiv	t helper 17 cell	T helper 17 cell	1	ENSG00000186810	CXCR3
profile:62a58d92c778a1455320	biorxiv:e41f3b4d-7312-1014-8c3d-9c868a469aab	title:cxcr6 cd127 tr1 cells balance immunity and persistence in plasmodium falciparum infection	biorxiv	t helper 2 cell	T helper 2 cell	2	ENSG00000112486 | ENSG00000186810	CCR6 | CXCR3
profile:46efc9ac7bacac934327	biorxiv:e41f3b4d-7312-1014-8c3d-9c868a469aab	title:cxcr6 cd127 tr1 cells balance immunity and persistence in plasmodium falciparum infection	biorxiv	type 1 regulatory t cell	type 1 regulatory T cell	2	ENSG00000049768 | ENSG00000168685	FOXP3 | IL7R
profile:f48767441b95639ce9df	biorxiv:e6391442-6c81-1014-9943-822578d46439	title:plae web app enables powerful searching and multiple visualizations across one million unified single cell ocular transcriptomes	biorxiv	neurogenic cell	neurogenic cell	1	ENSG00000177311	ZBTB38
profile:88728ee8c772bc51c151	biorxiv:e69e6aa5-6cf9-1014-aa41-9f7e5b3de6e8	title:tissue microenvironment dictates the state of human induced pluripotent stem cell derived endothelial cells of distinct developmental origin in 3d cardiac microtissues	biorxiv	paraxial mesoderm derived endothelial cell	paraxial mesoderm-derived endothelial cell	1	ENSG00000117707	PROX1
profile:42920b179e48b0945346	biorxiv:e8350987-7003-1014-ae7a-192d8e5e2a06	title:metabolic maturation unveils left ventricular identity in wnt on off human pluripotent stem cell derived cardiomyocytes	biorxiv	atrial cardiomyocyte	atrial cardiomyocyte	1	ENSG00000111245	MYL2
profile:bdfa54452d14e2c5a3f9	biorxiv:e8350987-7003-1014-ae7a-192d8e5e2a06	title:metabolic maturation unveils left ventricular identity in wnt on off human pluripotent stem cell derived cardiomyocytes	biorxiv	mature left ventricular cardiomyocyte	mature left ventricular cardiomyocyte	2	ENSG00000135111 | ENSG00000164093	TBX3 | PITX2
profile:a1f2393119c8df765a94	biorxiv:e91c125a-709d-1014-bc43-9d192767cd15	title:senset a novel human lung senescence cell gene signature identifies cell specific senescence mechanisms	biorxiv	senescent basal cell	senescent basal cell	1	ENSG00000160789	LMNA
profile:c117adad18626ccaf02b	biorxiv:e91c125a-709d-1014-bc43-9d192767cd15	title:senset a novel human lung senescence cell gene signature identifies cell specific senescence mechanisms	biorxiv	senescent cell	senescent cell	3	ENSG00000111640 | ENSG00000181163 | ENSG00000243678	GAPDH | NPM1 | NME2
profile:ddfa61a9b37afec6f88b	biorxiv:e91c125a-709d-1014-bc43-9d192767cd15	title:senset a novel human lung senescence cell gene signature identifies cell specific senescence mechanisms	biorxiv	senescent fibroblast	senescent fibroblast	16	ENSG00000008517 | ENSG00000011422 | ENSG00000065978 | ENSG00000067225 | ENSG00000111640 | ENSG00000118503 | ENSG00000136810 | ENSG00000137801 | ENSG00000141753 | ENSG00000143545 | ENSG00000143774 | ENSG00000163191 | ENSG00000179218 | ENSG00000181163 | ENSG00000240972 | ENSG00000243678	IL32 | PLAUR | YBX1 | PKM | GAPDH | TNFAIP3 | TXN | THBS1 | IGFBP4 | RAB13 | GUK1 | S100A11 | CALR | NPM1 | MIF | NME2
profile:b465f1b65512ed2da27b	biorxiv:e91c125a-709d-1014-bc43-9d192767cd15	title:senset a novel human lung senescence cell gene signature identifies cell specific senescence mechanisms	biorxiv	senescent type ii pneumocyte	senescent type II pneumocyte	1	ENSG00000168036	CTNNB1
profile:968d1a677e7ad856e8cb	biorxiv:e9d73630-745a-1014-825d-9281d616c32c	title:resistance to naïve and formative pluripotency conversion in rset human embryonic stem cells	biorxiv	rset human embryonic stem cell	RSeT human embryonic stem cell	11	ENSG00000043355 | ENSG00000099994 | ENSG00000111704 | ENSG00000120738 | ENSG00000133937 | ENSG00000134352 | ENSG00000147869 | ENSG00000156574 | ENSG00000184344 | ENSG00000204531 | ENSG00000243709	ZIC2 | SUSD2 | NANOG | EGR1 | GSC | IL6ST | CER1 | NODAL | GDF3 | POU5F1 | LEFTY1
profile:bc687b0bb8dc270728d0	biorxiv:eceae834-7948-1014-8997-9142ec9c1cd4	title:the level of hand1 controls the specification of multipotent cardiac and extraembryonic progenitors	biorxiv	anterior second heart field like population	anterior second heart field-like population	1	ENSG00000120094	HOXB1
profile:a400a3bc4a9dc66e0605	biorxiv:eceae834-7948-1014-8997-9142ec9c1cd4	title:the level of hand1 controls the specification of multipotent cardiac and extraembryonic progenitors	biorxiv	extraembryonic mesoderm like lineage	extraembryonic mesoderm-like lineage	1	ENSG00000089225	TBX5
profile:1d31158cd3ce0fddf836	biorxiv:ef286bb1-6ccb-1014-ab06-ecd5927e269c	title:extensive monolayer formation depends on a subpopulation of transplanted human ipsc derived rpe cells	biorxiv	retinal pigment epithelium cell	retinal pigment epithelium cell	1	ENSG00000121966	CXCR4
profile:537b40e577bdcb1adf1c	biorxiv:f29672cc-6d87-1014-b915-87fbd4bb053f	title:population scale single cell rna seq profiling across dopaminergic neuron differentiation	biorxiv	non neuronal cell	non-neuronal cell	2	ENSG00000067715 | ENSG00000132639	SYT1 | SNAP25
profile:12c5209d8f36f45b35e3	biorxiv:f3be1d12-72db-1014-a9a0-ac8d78e3151e	title:single cell transcriptomics reveals immunosuppressive microenvironment and highlights stumor promoting macrophage cells in glioblastoma	biorxiv	cd56dim_dnajb1 natural killer cell	CD56dim_DNAJB1 natural killer cell	2	ENSG00000163599 | ENSG00000188389	CTLA4 | PDCD1
profile:c5842392324b4b112bf0	biorxiv:f3be1d12-72db-1014-a9a0-ac8d78e3151e	title:single cell transcriptomics reveals immunosuppressive microenvironment and highlights stumor promoting macrophage cells in glioblastoma	biorxiv	tumor infiltrating natural killer cell	tumor-infiltrating natural killer cell	1	ENSG00000109956	CD57
profile:5601e702b3f245aa2010	biorxiv:f787a6d9-6ce3-1014-a3f6-a662a1333571	title:human and mouse transcriptome profiling identifies cross species homology in pulmonary and lymph node mononuclear phagocytes	biorxiv	blood dendritic cell	blood dendritic cell	1	ENSG00000126353	CCR7
profile:f591edb03a9c5f55db76	biorxiv:f787a6d9-6ce3-1014-a3f6-a662a1333571	title:human and mouse transcriptome profiling identifies cross species homology in pulmonary and lymph node mononuclear phagocytes	biorxiv	lymph node dendritic cell	lymph node dendritic cell	1	ENSG00000078081	LAMP3
profile:8f3182bd370302ef8304	biorxiv:fa006caa-6c3b-1014-ad2f-9ca3be029461	title:sequential chromogenic immunohistochemistry spatial analysis of lymph nodes identifies contact interactions between plasmacytoid dendritic cells and plasmablasts	biorxiv	non sinusoidal macrophage	non-sinusoidal macrophage	1	ENSG00000088827	SIGLEC1
profile:bd2668ac3b2971eccace	biorxiv:fa006caa-6c3b-1014-ad2f-9ca3be029461	title:sequential chromogenic immunohistochemistry spatial analysis of lymph nodes identifies contact interactions between plasmacytoid dendritic cells and plasmablasts	biorxiv	type 1 conventional dendritic cell	type-1 conventional dendritic cell	1	ENSG00000158481	CD1C
profile:a52286d443d838db0130	biorxiv:fa006caa-6c3b-1014-ad2f-9ca3be029461	title:sequential chromogenic immunohistochemistry spatial analysis of lymph nodes identifies contact interactions between plasmacytoid dendritic cells and plasmablasts	biorxiv	type 2 conventional dendritic cell	type-2 conventional dendritic cell	1	ENSG00000178726	CD141
profile:6283904fa92ea9b374ea	biorxiv:fbd95004-6cf9-1014-bead-f9f2e4a06d20	title:revised international staging system r iss stage dependent analysis uncovers oncogenes and potential immunotherapeutic targets in multiple myeloma	biorxiv	cd8 t cell	CD8+ T cell	1	ENSG00000105374	NKG7
profile:b381b8cd769134323e76	biorxiv:fc7595eb-733c-1014-9892-ed444a916a2a	title:prdm16 dependent antigen presenting cells induce tolerance to intestinal antigens	biorxiv	plasmacytoid dendritic cell	plasmacytoid dendritic cell	1	ENSG00000158481	CD1C
profile:1b92c01b018dc4ce9552	biorxiv:fc7595eb-733c-1014-9892-ed444a916a2a	title:prdm16 dependent antigen presenting cells induce tolerance to intestinal antigens	biorxiv	tolerogenic dendritic cell	tolerogenic dendritic cell	1	ENSG00000160224	AIRE
profile:ee1063f9ad8ae45c0627	biorxiv:fd4da487-6bfd-1014-9109-ef3323dd2b7b	title:a single cell transcriptional roadmap of the mouse and human lymph node lymphatic vasculature	biorxiv	ptx3 lymphatic endothelial cell	Ptx3-lymphatic endothelial cell	3	ENSG00000019169 | ENSG00000104938 | ENSG00000120217	MARCO | CLEC4M | CD274
profile:9066da20f0a8f274e83c	hca:0001_10.1016_j.celrep.2018.11.086_7aff07407b	source:sha256:1fa8cb52cac288ddf6975c1164f3468dc07d2e8c58dc3558f8b8d095dc2a79f3	hca	basal epithelial cell	basal epithelial cell	1	ENSG00000171401	KRT13
profile:223d6f7f464e185ff1c9	hca:0001_10.1016_j.celrep.2018.11.086_7aff07407b	source:sha256:1fa8cb52cac288ddf6975c1164f3468dc07d2e8c58dc3558f8b8d095dc2a79f3	hca	luminal like epithelial cell	luminal-like epithelial cell	1	ENSG00000186081	KRT5
profile:77df6593df5c50b910e8	hca:0001_10.1016_j.celrep.2018.11.086_7aff07407b	source:sha256:1fa8cb52cac288ddf6975c1164f3468dc07d2e8c58dc3558f8b8d095dc2a79f3	hca	smooth muscle cell	smooth muscle cell	1	ENSG00000162493	PDPN
profile:34f322070d29e501c73a	hca:0002_10.1038_s41586-019-1373-2_de5bb9e220	source:sha256:88d5307398b0d33f8b79e3533bb4dfc40df20a1836039f045893d01b13235498	hca	cholangiocyte	cholangiocyte	1	ENSG00000163631	ALB
profile:cfe260a26e3e82617e82	hca:0002_10.1038_s41586-019-1373-2_de5bb9e220	source:sha256:88d5307398b0d33f8b79e3533bb4dfc40df20a1836039f045893d01b13235498	hca	epcam positive population	EPCAM-positive population	1	ENSG00000081051	AFP
profile:d6e3053cf0fadf01cba6	hca:0002_10.1038_s41586-019-1373-2_de5bb9e220	source:sha256:88d5307398b0d33f8b79e3533bb4dfc40df20a1836039f045893d01b13235498	hca	hepatocellular carcinoma cell	hepatocellular carcinoma cell	3	ENSG00000021826 | ENSG00000130649 | ENSG00000138115	CPS1 | CYP2E1 | CYP2C8
profile:713b1cfb6e63cbb2ab35	hca:0002_10.1038_s41586-019-1373-2_de5bb9e220	source:sha256:88d5307398b0d33f8b79e3533bb4dfc40df20a1836039f045893d01b13235498	hca	hepatocellular carcinoma endothelial cell	hepatocellular carcinoma endothelial cell	1	ENSG00000182566	CLEC4G
profile:87c74db704596bea902c	hca:0002_10.1038_s41586-019-1373-2_de5bb9e220	source:sha256:88d5307398b0d33f8b79e3533bb4dfc40df20a1836039f045893d01b13235498	hca	nk cell cluster 5	NK cell cluster 5	1	ENSG00000153563	CD8A
profile:b5d340dc7e0cbe3c48d0	hca:0002_10.1038_s41586-019-1373-2_de5bb9e220	source:sha256:88d5307398b0d33f8b79e3533bb4dfc40df20a1836039f045893d01b13235498	hca	nkt cell cluster 1	NKT cell cluster 1	1	ENSG00000149294	NCAM1
profile:07226dc1b82b683df47a	hca:0002_10.1038_s41586-019-1373-2_de5bb9e220	source:sha256:88d5307398b0d33f8b79e3533bb4dfc40df20a1836039f045893d01b13235498	hca	nkt cell cluster 3	NKT cell cluster 3	1	ENSG00000149294	NCAM1
profile:a7a4f96ac9a0abb418dd	hca:0006_10.3389_fcell.2022.835445_847c20f209	source:sha256:3bee41280d51d248ea7e90ae198eab6e58adb0ed587df81b0a5e6e48529b63b0	hca	primitive syncytiotrophoblast	primitive syncytiotrophoblast	7	ENSG00000011426 | ENSG00000090889 | ENSG00000113368 | ENSG00000132646 | ENSG00000138778 | ENSG00000148773 | ENSG00000166851	ANLN | KIF4A | LMNB1 | PCNA | CENPE | MKI67 | PLK1
profile:0c561c0a292a50214518	hca:0006_10.3389_fcell.2022.835445_847c20f209	source:sha256:3bee41280d51d248ea7e90ae198eab6e58adb0ed587df81b0a5e6e48529b63b0	hca	trophoblast cell	trophoblast cell	3	ENSG00000075624 | ENSG00000104833 | ENSG00000152661	ACTB | TUBB4A | GJA1
profile:7565a6c494641d84c40b	hca:0008_10.1016_j.cels.2016.09.002_fd6b21337a	source:sha256:07ab80a353724591372f66e18d0f38466577e091a7493a89fabe945660a5baa9	hca	alpha cell	alpha cell	1	ENSG00000087086	FTL
profile:79e23c550b499788ace3	hca:0010_10.1016_j.cels.2016.08.011_1f66aabffa	source:sha256:0e5d585179b865d1636f2c93f37259ef15776351bd9d0a535018ba949ff970fc	hca	alpha cell	alpha cell	1	ENSG00000139515	PDX1
profile:2264afe20b9dc52f40fe	hca:0010_10.1016_j.cels.2016.08.011_1f66aabffa	source:sha256:0e5d585179b865d1636f2c93f37259ef15776351bd9d0a535018ba949ff970fc	hca	delta cell	delta cell	1	ENSG00000178473	UCN3
profile:6c982d3ca7ce1a028622	hca:0012_10.1164_rccm.202207-1384oc_21f7132a40	source:sha256:92a00dc257ed067abda9f251e4ce604cef5ed8eb0aed53aee69375507a6c3f43	hca	terminal airway enriched secretory cell	terminal airway-enriched secretory cell	3	ENSG00000122852 | ENSG00000168484 | ENSG00000185303	SFTPA1 | SFTPC | SFTPA2
profile:bae1dcd86e3e14826df8	hca:0013_10.1016_j.cell.2022.01.012_62a71f9225	source:sha256:dd3c7babc892ead91bcebf321dc59d8f10c7c145649f22d4252281aebcc7cfb3	hca	immature neutrophil	immature neutrophil	1	ENSG00000196549	MME
profile:47d05d458b984b37f513	hca:0013_10.1016_j.cell.2022.01.012_62a71f9225	source:sha256:dd3c7babc892ead91bcebf321dc59d8f10c7c145649f22d4252281aebcc7cfb3	hca	neutrophil progenitor	neutrophil progenitor	1	ENSG00000196549	MME
profile:07a29998b413a6289cd7	hca:0015_10.1126_science.aay3224_2393e60089	source:sha256:32ef6f4160b68b0e1694fe2061bf538569e3c509a9e7b02be5b027d61a0c3994	hca	cd8αα t i cell	CD8αα+ T(I) cell	1	ENSG00000127528	KLF2
profile:78cfae9eead089f93543	hca:0015_10.1126_science.aay3224_2393e60089	source:sha256:32ef6f4160b68b0e1694fe2061bf538569e3c509a9e7b02be5b027d61a0c3994	hca	differentiating regulatory t cell	differentiating regulatory T cell	2	ENSG00000049768 | ENSG00000163599	FOXP3 | CTLA4
profile:7ff4fee84af7f14f60a7	hca:0016_10.1038_s41591-019-0468-5_ffb52d8b70	source:sha256:91264d609b90954e99ecb02d113d6484bee61ad8c106e7e96433571fb67aec31	hca	goblet 1 cell	goblet 1 cell	1	ENSG00000117983	MUC5B
profile:b2de7e92af25010361e2	hca:0016_10.1038_s41591-019-0468-5_ffb52d8b70	source:sha256:91264d609b90954e99ecb02d113d6484bee61ad8c106e7e96433571fb67aec31	hca	goblet 2 cell	goblet 2 cell	1	ENSG00000117983	MUC5B
profile:2d89764b6388856f4c17	hca:0016_10.1038_s41591-019-0468-5_ffb52d8b70	source:sha256:91264d609b90954e99ecb02d113d6484bee61ad8c106e7e96433571fb67aec31	hca	mast cell	mast cell	1	ENSG00000092009	CMA1
profile:27725df002d244197f26	hca:0016_10.1038_s41591-019-0468-5_ffb52d8b70	source:sha256:91264d609b90954e99ecb02d113d6484bee61ad8c106e7e96433571fb67aec31	hca	tissue resident memory t cell	tissue-resident memory T cell	2	ENSG00000126353 | ENSG00000170989	CCR7 | S1PR1
profile:ab71a708916d335a2d8e	hca:0018_10.1016_j.devcel.2022.05.003_fb5132407d	source:sha256:f1028e15e4736c51ff2d3bd3a4ead6ad8d6a715d951a0f59ea89b1ce8f49c9f9	hca	alveolar progenitor cell	alveolar progenitor cell	1	ENSG00000184254	ALDH1A3
profile:1144f259fd437a8d7863	hca:0018_10.1016_j.devcel.2022.05.003_fb5132407d	source:sha256:f1028e15e4736c51ff2d3bd3a4ead6ad8d6a715d951a0f59ea89b1ce8f49c9f9	hca	basal luminal 1 cell	basal-luminal 1 cell	3	ENSG00000126561 | ENSG00000135374 | ENSG00000140545	STAT5 | ELF5 | MFGE8
profile:95b37748816aa05d6697	hca:0018_10.1016_j.devcel.2022.05.003_fb5132407d	source:sha256:f1028e15e4736c51ff2d3bd3a4ead6ad8d6a715d951a0f59ea89b1ce8f49c9f9	hca	basal luminal cell	basal-luminal cell	4	ENSG00000065534 | ENSG00000107796 | ENSG00000109321 | ENSG00000129514	MYLK | ACTA2 | AREG | FOXA1
profile:a636d2d03893be8830be	hca:0021_10.1038_s41586-023-06806-x_7900919dd3	source:sha256:7a67e6f4a8ef598fbfe79d2a40779536f836cf1d3a21b0208ca2672af4f8e96c	hca	chondrocyte progenitor	chondrocyte progenitor	1	ENSG00000139219	COL2A1
profile:049c47bb7012956f0cbc	hca:0021_10.1038_s41586-023-06806-x_7900919dd3	source:sha256:7a67e6f4a8ef598fbfe79d2a40779536f836cf1d3a21b0208ca2672af4f8e96c	hca	fetal myogenesis cell	fetal myogenesis cell	1	ENSG00000135903	PAX3
profile:2745834e73b6aff5949e	hca:0021_10.1038_s41586-023-06806-x_7900919dd3	source:sha256:7a67e6f4a8ef598fbfe79d2a40779536f836cf1d3a21b0208ca2672af4f8e96c	hca	isl1 positive mesenchyme	ISL1-positive mesenchyme	1	ENSG00000184937	WT1
profile:fea270b9b86ad28ad513	hca:0021_10.1038_s41586-023-06806-x_7900919dd3	source:sha256:7a67e6f4a8ef598fbfe79d2a40779536f836cf1d3a21b0208ca2672af4f8e96c	hca	mes1 cell	Mes1 cell	1	ENSG00000184937	WT1
profile:b6a8c9119f5fbdd58904	hca:0021_10.1038_s41586-023-06806-x_7900919dd3	source:sha256:7a67e6f4a8ef598fbfe79d2a40779536f836cf1d3a21b0208ca2672af4f8e96c	hca	mes4	Mes4	2	ENSG00000106689 | ENSG00000170549	LHX2 | IRX1
profile:dd76b4f9c25a076a5da3	hca:0021_10.1038_s41586-023-06806-x_7900919dd3	source:sha256:7a67e6f4a8ef598fbfe79d2a40779536f836cf1d3a21b0208ca2672af4f8e96c	hca	osteochondral progenitor	osteochondral progenitor	1	ENSG00000139219	COL2A1
profile:1e2a194596df0e0ceab1	hca:0021_10.1038_s41586-023-06806-x_7900919dd3	source:sha256:7a67e6f4a8ef598fbfe79d2a40779536f836cf1d3a21b0208ca2672af4f8e96c	hca	proliferating chondrocyte	proliferating chondrocyte	2	ENSG00000163501 | ENSG00000165623	IHH | UCMA
profile:aaa94e87108610d17d16	hca:0021_10.1038_s41586-023-06806-x_7900919dd3	source:sha256:7a67e6f4a8ef598fbfe79d2a40779536f836cf1d3a21b0208ca2672af4f8e96c	hca	tendon progenitor	tendon progenitor	1	ENSG00000000005	TNMD
profile:07dda6c02100d9f47cef	hca:0026_10.1038_s41586-020-2922-4_1612ece6e2	source:sha256:24c2ba96ffe7a9bc1b5233dc6ac422511c4049cab82f77e4ac186bae4420a474	hca	differentiating basal cell	differentiating basal cell	1	ENSG00000186081	KRT5
profile:5bbdd8d5e9a67b1e01a9	hca:0030_10.1016_j.jcmgh.2022.02.007_2ccf593bb9	source:sha256:7d65967eea682805f02206ecdda8ff3fb33ed8dfaffa07c1c0216a32b7a8ab39	hca	tuft cell	tuft cell	1	ENSG00000133083	DCLK1
profile:608b16bf04a78eab314a	hca:0032_10.15252_msb.20209682_ea064ade0e	source:sha256:b7ad81af992aabb0f02686afa8ccae35d3d985f578cf66051f3cff2c0dee901d	hca	pericyte	pericyte	2	ENSG00000166825 | ENSG00000175084	ANPEP | DES
profile:0c1e79d5f8372f30325d	hca:0033_10.26508_lsa.202000744_340b92b825	source:sha256:6c7ec191a213021920547f465bac7c58c025aa0d05b0dcfb6ef5d27e2a142e39	hca	principal cell	principal cell	1	ENSG00000001626	CFTR
profile:6a82b9664715321af76d	hca:0035_10.1101_2021.03.02.433590_8f70c6deeb	title:a single cell atlas of breast cancer cell lines to study tumour heterogeneity and drug response	hca	non tumorigenic mcf12a cell	non-tumorigenic MCF12A cell	3	ENSG00000082175 | ENSG00000091831 | ENSG00000141736	PGR | ESR1 | HER2
profile:0a9168d9c43b2996e566	hca:0039_10.1016_j.isci.2021.102405_1f6d3fbc60	source:sha256:256dc6a51624ef13db02e579f09ffd146aa3f2b5d4c7d02f1c0bef8dd0df25b6	hca	ccl2 positive mesenchymal stem cell	CCL2-positive mesenchymal stem cell	1	ENSG00000133392	MYH11
profile:c95e75e0cc99bcd5e3eb	hca:0039_10.1016_j.isci.2021.102405_1f6d3fbc60	source:sha256:256dc6a51624ef13db02e579f09ffd146aa3f2b5d4c7d02f1c0bef8dd0df25b6	hca	fibroblast	fibroblast	1	ENSG00000162998	FRZB
profile:acbaf6f0b24fd8c376c7	hca:0040_10.1016_j.xcrm.2021.100219_d37660c408	source:sha256:0d5729b7c5fce1beb900962ea84b57eebe6cbf0946968cf5ed62b1dfeaa1c8e6	hca	basal stem cell	basal/stem cell	1	ENSG00000119888	EPCAM
profile:1e44f2b0f8eea3e4d9d8	hca:0040_10.1016_j.xcrm.2021.100219_d37660c408	source:sha256:0d5729b7c5fce1beb900962ea84b57eebe6cbf0946968cf5ed62b1dfeaa1c8e6	hca	luminal progenitor cluster n0	luminal progenitor cluster N0	2	ENSG00000091409 | ENSG00000119888	ITGA6 | EPCAM
profile:1d4df64a0adb6484002e	hca:0040_10.1016_j.xcrm.2021.100219_d37660c408	source:sha256:0d5729b7c5fce1beb900962ea84b57eebe6cbf0946968cf5ed62b1dfeaa1c8e6	hca	mature luminal cell	mature luminal cell	1	ENSG00000091409	ITGA6
profile:e1eda07811b7165f446d	hca:0040_10.1016_j.xcrm.2021.100219_d37660c408	source:sha256:0d5729b7c5fce1beb900962ea84b57eebe6cbf0946968cf5ed62b1dfeaa1c8e6	hca	mature luminal cluster n12	mature luminal cluster N12	3	ENSG00000107485 | ENSG00000129514 | ENSG00000135111	GATA3 | FOXA1 | TBX3
profile:f103d028849ce0fae7f1	hca:0040_10.1016_j.xcrm.2021.100219_d37660c408	source:sha256:0d5729b7c5fce1beb900962ea84b57eebe6cbf0946968cf5ed62b1dfeaa1c8e6	hca	mature luminal cluster n17	mature luminal cluster N17	3	ENSG00000107485 | ENSG00000129514 | ENSG00000135111	GATA3 | FOXA1 | TBX3
profile:4bc985f288a639985d3f	hca:0040_10.1016_j.xcrm.2021.100219_d37660c408	source:sha256:0d5729b7c5fce1beb900962ea84b57eebe6cbf0946968cf5ed62b1dfeaa1c8e6	hca	mature luminal cluster n2	mature luminal cluster N2	2	ENSG00000091409 | ENSG00000119888	ITGA6 | EPCAM
profile:bcac53b43dbc265c3f8c	hca:0045_10.15252_embj.2018100811_a99bb4a451	source:sha256:88693ce2ddc4872f1cc8b9970cbcfbe4141df0cb749c097b6a9f5246dd703d86	hca	müller glia	Müller glia	2	ENSG00000131095 | ENSG00000160307	GFAP | S100B
profile:c52f9dbf0d219fb42976	hca:0046_10.1007_s00018-022-04559-w_6919bd92ba	source:sha256:fe18651497a1f6ee801a8cf5c2ba2b219c1c54bbd42d4c82ce38c96670f7b494	hca	endothelial cell	endothelial cell	2	ENSG00000117707 | ENSG00000133800	PROX1 | LYVE1
profile:f156bc0547ad3e46c59d	hca:0047_10.15252_embj.2020107333_a4d0f57474	source:sha256:6ee9b1baaaa1341efb058692d9997a38bc7cc64ee5f79a218f21447e509efdbd	hca	basal cell	basal cell	1	ENSG00000119888	EPCAM
profile:8ba13def44ac9846b772	hca:0047_10.15252_embj.2020107333_a4d0f57474	source:sha256:6ee9b1baaaa1341efb058692d9997a38bc7cc64ee5f79a218f21447e509efdbd	hca	mature luminal cell	mature luminal cell	1	ENSG00000091409	ITGA6
profile:981811f17f5230754b19	hca:0048_10.1038_s41588-022-01243-4_ae2af85553	source:sha256:b6a3179849b9c62d0ab7a5e644f9a823af34a0960e2782d94e9632f4a68677c4	hca	immune recruiting venous perivascular cell	immune recruiting venous perivascular cell	1	ENSG00000173546	CSPG4
profile:2848c617843d6483c00d	hca:0048_10.1038_s41588-022-01243-4_ae2af85553	source:sha256:b6a3179849b9c62d0ab7a5e644f9a823af34a0960e2782d94e9632f4a68677c4	hca	myoepithelial cell	myoepithelial cell	1	ENSG00000175084	DES
profile:57b646d151d83c552dbb	hca:0050_10.1073_pnas.1507125112_495172b774	source:sha256:dc9954d07f1e8be99768031f8d2e676c5c5f6e33b073b60c097a66c484dbceaf	hca	fetal neuronal cell	fetal neuronal cell	4	ENSG00000164307 | ENSG00000204525 | ENSG00000206503 | ENSG00000231925	ERAP1 | HLA-C | HLA-A | TAPBP
profile:36f97ffbdca305bc2481	hca:0050_10.1073_pnas.1507125112_495172b774	source:sha256:dc9954d07f1e8be99768031f8d2e676c5c5f6e33b073b60c097a66c484dbceaf	hca	parvalbumin expressing interneuron	parvalbumin-expressing interneuron	2	ENSG00000172137 | ENSG00000187094	CALB2 | CCK
profile:2cd8a5908e7e5e677fca	hca:0050_10.1073_pnas.1507125112_495172b774	source:sha256:dc9954d07f1e8be99768031f8d2e676c5c5f6e33b073b60c097a66c484dbceaf	hca	quiescent subplate fetal neuron	quiescent subplate fetal neuron	1	ENSG00000148773	MKI67
profile:16c813828c13edd1c387	hca:0051_10.1038_s41588-024-01990-6_8eb62f3200	source:sha256:248af1f032b44c7838dcdd9b23d3f0f150c4c07d2d3445389bfa10abb7ef75b7	hca	astro_l1 6_fgfr3_slc14a1	Astro_L1-6_FGFR3_SLC14A1	1	ENSG00000123836	PFKFB2
profile:d2fd8c8af5516f5dd249	hca:0057_10.1038_s41586-019-0903-2_059a54df94	source:sha256:b24b306ca0ad710ea36d97d72c59be9c3143bcdd1884734b5d6abf8de49f4ba6	hca	oligodendrocyte precursor cell	oligodendrocyte precursor cell	1	ENSG00000115310	RTN4
profile:a32924b18bd16989f3fc	hca:0058_10.1016_j.immuni.2024.01.006_4c90d18ac6	source:sha256:a1a7123239ce445c18905cf0991fc389e61edf3b74240ec7d8b0b1cd00d09ba5	hca	natural killer cell precursor	natural killer cell precursor	1	ENSG00000203747	FCGR3A
profile:d458209aeab4ca823de2	hca:0058_10.1016_j.immuni.2024.01.006_4c90d18ac6	source:sha256:a1a7123239ce445c18905cf0991fc389e61edf3b74240ec7d8b0b1cd00d09ba5	hca	t follicular helper t b border cell	T follicular helper T:B border cell	1	ENSG00000126353	CCR7
profile:dac306c19461e3b1d341	hca:0058_10.1016_j.immuni.2024.01.006_4c90d18ac6	source:sha256:a1a7123239ce445c18905cf0991fc389e61edf3b74240ec7d8b0b1cd00d09ba5	hca	t follicular regulatory cell	T follicular regulatory cell	3	ENSG00000049768 | ENSG00000057657 | ENSG00000134460	FOXP3 | PRDM1 | IL2RA
profile:ec271a052435aacdef71	hca:0059_10.1080_22221751.2020.1826361_4a743eba8f	source:sha256:4a43892b6e2f32fd509b1be5c5f34ab14b4fa32183758cdb3d025ea22076e542	hca	cd4 positive t cell	CD4-positive T cell	1	ENSG00000153563	CD8A
profile:9113a46478d4ac052313	hca:0059_10.1080_22221751.2020.1826361_4a743eba8f	source:sha256:4a43892b6e2f32fd509b1be5c5f34ab14b4fa32183758cdb3d025ea22076e542	hca	effector memory cd4 positive t cell	effector memory CD4-positive T cell	2	ENSG00000126353 | ENSG00000153563	CCR7 | CD8A
profile:ade150cfefe27fd37e64	hca:0059_10.1080_22221751.2020.1826361_4a743eba8f	source:sha256:4a43892b6e2f32fd509b1be5c5f34ab14b4fa32183758cdb3d025ea22076e542	hca	effector memory cd8 positive t cell	effector memory CD8-positive T cell	2	ENSG00000126353 | ENSG00000168685	CCR7 | IL7R
profile:336d41fb32a146f7d0f5	hca:0059_10.1080_22221751.2020.1826361_4a743eba8f	source:sha256:4a43892b6e2f32fd509b1be5c5f34ab14b4fa32183758cdb3d025ea22076e542	hca	exhausted cd8 positive t cell	exhausted CD8-positive T cell	5	ENSG00000100453 | ENSG00000115523 | ENSG00000125347 | ENSG00000150093 | ENSG00000180644	GZMB | GNLY | IRF1 | ITGB1 | PRF1
profile:1393e4c644dfba92ce3e	hca:0059_10.1080_22221751.2020.1826361_4a743eba8f	source:sha256:4a43892b6e2f32fd509b1be5c5f34ab14b4fa32183758cdb3d025ea22076e542	hca	natural killer cell	natural killer cell	3	ENSG00000153563 | ENSG00000167286 | ENSG00000168685	CD8A | CD3D | IL7R
profile:d04ef4b67818ae11ed54	hca:0059_10.1080_22221751.2020.1826361_4a743eba8f	source:sha256:4a43892b6e2f32fd509b1be5c5f34ab14b4fa32183758cdb3d025ea22076e542	hca	naïve cd4 positive t cell	naïve CD4-positive T cell	1	ENSG00000153563	CD8A
profile:67e4c432a81cbf0a2e82	hca:0059_10.1080_22221751.2020.1826361_4a743eba8f	source:sha256:4a43892b6e2f32fd509b1be5c5f34ab14b4fa32183758cdb3d025ea22076e542	hca	plasmacytoid dendritic cell	plasmacytoid dendritic cell	1	ENSG00000090382	LYZ
profile:bb8795a5a587bcf09435	hca:0059_10.1080_22221751.2020.1826361_4a743eba8f	source:sha256:4a43892b6e2f32fd509b1be5c5f34ab14b4fa32183758cdb3d025ea22076e542	hca	precursor memory cd4 positive t cell	precursor memory CD4-positive T cell	5	ENSG00000105374 | ENSG00000126353 | ENSG00000145649 | ENSG00000153563 | ENSG00000160791	NKG7 | CCR7 | GZMA | CD8A | CCR5
profile:930e3238e63a829ba71b	hca:0061_10.1038_s41467-023-36983-2_7d240f9eb9	source:sha256:dcba3c2890fb5d2cb31ef08c8fa37d595e0ee3985326dd09f03bb0fabc3ebc3d	hca	fibroblast and adipogenic progenitor subtype sfc03	fibroblast and adipogenic progenitor subtype sfC03	3	ENSG00000113721 | ENSG00000134853 | ENSG00000174059	PDGFRB | PDGFRA | CD34
profile:45c6769be507e73f8dbc	hca:0062_10.1038_s41588-024-01873-w_27bb519849	source:sha256:1d0d9c11c2126086e910c14bd6143a6c0e015d7b3c921d827e70c22ce29145ae	hca	late decidualized stromal cell	late decidualized stromal cell	2	ENSG00000082175 | ENSG00000091831	PGR | ESR1
profile:611821df56f8fc58d5f1	hca:0062_10.1038_s41588-024-01873-w_27bb519849	source:sha256:1d0d9c11c2126086e910c14bd6143a6c0e015d7b3c921d827e70c22ce29145ae	hca	mid decidualized stromal cell	mid decidualized stromal cell	2	ENSG00000082175 | ENSG00000091831	PGR | ESR1
profile:b998006941cab60f4576	hca:0062_10.1038_s41588-024-01873-w_27bb519849	source:sha256:1d0d9c11c2126086e910c14bd6143a6c0e015d7b3c921d827e70c22ce29145ae	hca	sox9 functionalis epithelial population	SOX9 functionalis epithelial population	1	ENSG00000168646	AXIN2
profile:3dcc73de20f302bcb9ff	hca:0063_10.1016_j.cell.2021.04.028_f5e4882de7	source:sha256:3feb626e52087892831870dffd1a9b47adb8edbcfbab0b644466d93b47cdcf6e	hca	sfrp2 positive mesenchymal cell	SFRP2-positive mesenchymal cell	1	ENSG00000119919	NKX2-3
profile:5df0ea0857f94b2b353b	hca:0065_10.1101_2020.12.03.20242412_aa08d1f424	source:sha256:64ac023c6811bf802412e6a2e338367891a8c0c3ab6e9b5adc4fe2c6aa3d775d	hca	macrophage 2	macrophage-2	1	ENSG00000122641	INHBA
profile:c0b7accf1a6be03bd0c9	hca:0069_10.1038_s41467-021-23355-x_92232969b4	source:sha256:5543badcd2822d58f9203c282f58866922a68a9861c5d225f15bb66a08eaa1b0	hca	activated switched memory b cell	activated switched memory B cell	2	ENSG00000004468 | ENSG00000117322	CD38 | CR2
profile:b47ecd40d64374dcbaf6	hca:0069_10.1038_s41467-021-23355-x_92232969b4	source:sha256:5543badcd2822d58f9203c282f58866922a68a9861c5d225f15bb66a08eaa1b0	hca	igg negative switched memory b cell	IgG negative switched memory B cell	1	ENSG00000004468	CD38
profile:3cb36e6f2f384d7be443	hca:0069_10.1038_s41467-021-23355-x_92232969b4	source:sha256:5543badcd2822d58f9203c282f58866922a68a9861c5d225f15bb66a08eaa1b0	hca	igg positive switched memory b cell	IgG positive switched memory B cell	1	ENSG00000004468	CD38
profile:0dfe47ba4c90680003b2	hca:0069_10.1038_s41467-021-23355-x_92232969b4	source:sha256:5543badcd2822d58f9203c282f58866922a68a9861c5d225f15bb66a08eaa1b0	hca	naïve b cell	naïve B cell	2	ENSG00000004468 | ENSG00000139193	CD38 | CD27
profile:e7e593ae0cd497e5bdca	hca:0069_10.1038_s41467-021-23355-x_92232969b4	source:sha256:5543badcd2822d58f9203c282f58866922a68a9861c5d225f15bb66a08eaa1b0	hca	tissue like memory b cell	tissue-like memory B cell	3	ENSG00000004468 | ENSG00000117322 | ENSG00000139193	CD38 | CR2 | CD27
profile:8e812b5639e7adc39a76	hca:0071_10.1038_s41586-021-03929-x_6a378f8954	source:sha256:d621c61ff669d14d9a07c37410a82ac7c983528a0c66fa1cddbbeba37d56032d	hca	haematopoietic stem cell multipotent progenitor	haematopoietic stem cell/multipotent progenitor	2	ENSG00000066336 | ENSG00000151702	SPI1 | FLI1
profile:649c82ff17c246acc86b	hca:0071_10.1038_s41586-021-03929-x_6a378f8954	source:sha256:d621c61ff669d14d9a07c37410a82ac7c983528a0c66fa1cddbbeba37d56032d	hca	megakaryocyte cell	megakaryocyte cell	1	ENSG00000151702	FLI1
profile:213d397b793911e889b3	hca:0071_10.1038_s41586-021-03929-x_6a378f8954	source:sha256:d621c61ff669d14d9a07c37410a82ac7c983528a0c66fa1cddbbeba37d56032d	hca	megakaryocyte erythroid mast cell progenitor	megakaryocyte-erythroid-mast cell progenitor	2	ENSG00000066336 | ENSG00000151702	SPI1 | FLI1
profile:f26345dc4a47bf5fbcfb	hca:0072_10.1038_s41591-018-0269-2_c51f595930	source:sha256:e6cc1326b81a6518f5bf857eed4bb35d889788b0648bd222f5f3d651bb8c84b2	hca	aberrant plasma cell	aberrant plasma cell	6	ENSG00000004468 | ENSG00000081237 | ENSG00000110651 | ENSG00000139193 | ENSG00000169442 | ENSG00000177455	CD38 | PTPRC | CD81 | CD27 | CD52 | CD19
profile:a5b77374f1ee3ea2fefb	hca:0072_10.1038_s41591-018-0269-2_c51f595930	source:sha256:e6cc1326b81a6518f5bf857eed4bb35d889788b0648bd222f5f3d651bb8c84b2	hca	circulating tumor cell	circulating tumor cell	1	ENSG00000169442	CD52
profile:cf324261f6f5e67201ce	hca:0072_10.1038_s41591-018-0269-2_c51f595930	source:sha256:e6cc1326b81a6518f5bf857eed4bb35d889788b0648bd222f5f3d651bb8c84b2	hca	long lived plasma cell	long-lived plasma cell	1	ENSG00000177455	CD19
profile:49a5b9be057987d3cc10	hca:0073_10.1016_j.isci.2021.102482_6ff6d432ab	source:sha256:97f3a6b58280454e343beaa95a06a54dd988cb5d8a4a1146ac97ca88a598ccde	hca	plasmablast cluster 0 1	plasmablast cluster 0/1	1	ENSG00000137265	IRF4
profile:7d45999727845acb3b98	hca:0074_10.3389_fimmu.2022.846281_c0060ff2e9	source:sha256:7893d75733b03fa8f1b576d37be1922dadd7a9ccd62dd25edb5ad347a910eff7	hca	cortical thymic epithelial cell	cortical thymic epithelial cell	1	ENSG00000119888	EPCAM
profile:894c1537a6dd63fbbe27	hca:0075_10.1126_scitranslmed.abm1375_6de08b3db5	source:sha256:19c7cde1bc4360c4f2a0d88645e94d6636b4ab3ad95ea55cd3d101295a044269	hca	cytomegalovirus adaptive natural killer cell	cytomegalovirus-adaptive natural killer cell	4	ENSG00000109906 | ENSG00000158869 | ENSG00000165025 | ENSG00000198574	ZBTB16 | FCER1G | SYK | SH2D1B
profile:76cf2d2b12f50da6f6c6	hca:0075_10.1126_scitranslmed.abm1375_6de08b3db5	source:sha256:19c7cde1bc4360c4f2a0d88645e94d6636b4ab3ad95ea55cd3d101295a044269	hca	memory like natural killer cell	memory-like natural killer cell	5	ENSG00000111796 | ENSG00000153234 | ENSG00000169554 | ENSG00000197540 | ENSG00000205809	KLRB1 | NR4A2 | ZEB2 | GZMM | KLRC2
profile:b7e875bf84444ca55d16	hca:0076_10.1016_j.cell.2021.01.053_e0734afb82	source:sha256:30821a62784cecbbdd1ec2182094ee38c6fba0544bfafca3ebc1483e875ab854	hca	proliferative cd4 positive t cell t_cd4_c13 mki67 ccl5 low	proliferative CD4-positive T cell T_CD4_c13-MKI67-CCL5 low	1	ENSG00000271503	CCL5
profile:c43a15df3c98b1581ed0	hca:0076_10.1016_j.cell.2021.01.053_e0734afb82	source:sha256:30821a62784cecbbdd1ec2182094ee38c6fba0544bfafca3ebc1483e875ab854	hca	proliferative cd4 positive t cell t_cd4_c14 mki67 ccl5 high	proliferative CD4-positive T cell T_CD4_c14-MKI67-CCL5 high	1	ENSG00000188404	SELL
profile:a552713ca8a08ca6dfb8	hca:0081_10.1038_s41598-020-66092-9_e23219ced0	source:sha256:3c45fe209dd72d7686852c3c1244676d8ccc821300320d2259b3b10f919a7c81	hca	bipolar cell	bipolar cell	1	ENSG00000079689	SCGN
profile:4879efffb4d250c4a872	hca:0083_10.1126_sciimmunol.adz8650_c0046d094c	source:sha256:30991f703aee00cfd2e070971263ca9cf3a037d7631256b08b9a7d3d4c3e4ca6	hca	macrophage subset m7	macrophage subset M7	2	ENSG00000019169 | ENSG00000158270	MARCO | COLEC12
profile:bd672bcd59d50fc3d477	hca:0084_10.1084_jem.20250471_14ff4cfa40	source:sha256:d23b2f7c2688daf9c39e528e11b244098a7e75ee6d84fbea3a6c01892b104b26	hca	t b border reticular cell	T/B border reticular cell	2	ENSG00000117322 | ENSG00000203710	CR2 | CR1
profile:445935913ec525665147	hca:0085_10.1073_pnas.2200914119_3dd916fb05	source:sha256:d03a2df1efcc81f8a983d869d89348d744eb696bf2cf0925d5b2a6e433724f51	hca	conjunctival basal epithelial cell	conjunctival basal epithelial cell	1	ENSG00000148053	NTRK2
profile:a890324ff628b6c276a8	hca:0085_10.1073_pnas.2200914119_3dd916fb05	source:sha256:d03a2df1efcc81f8a983d869d89348d744eb696bf2cf0925d5b2a6e433724f51	hca	corneal macrophage	corneal macrophage	2	ENSG00000124491 | ENSG00000133800	F13A1 | LYVE1
profile:b80f340a6992d1c4872c	hca:0085_10.1073_pnas.2200914119_3dd916fb05	source:sha256:d03a2df1efcc81f8a983d869d89348d744eb696bf2cf0925d5b2a6e433724f51	hca	limbal basal cell	limbal basal cell	2	ENSG00000121742 | ENSG00000187242	GJB6 | KRT12
profile:95426f76aee9f3acdd72	hca:0085_10.1073_pnas.2200914119_3dd916fb05	source:sha256:d03a2df1efcc81f8a983d869d89348d744eb696bf2cf0925d5b2a6e433724f51	hca	superficial limbal epithelial cell	superficial limbal epithelial cell	1	ENSG00000101443	WFDC2
profile:922b0edf69127b186002	hca:0088_10.1016_j.devcel.2022.02.018_aeffb1d189	source:sha256:28514189da2e12e9e7165a025ca40859c1e0a610eb045b3d473ff6ad6d996152	hca	rod photoreceptor	rod photoreceptor	1	ENSG00000148400	NOTCH1
profile:f10a4c24fd250e0117d0	hca:0089_10.1038_s41586-020-2797-4_6e65d21b5d	source:sha256:e4bc7c2a45abff52938d8628d1b0b3b7475f089b0dd9bf5d27b7e7d68994ceef	hca	antigen presenting macrophage	antigen-presenting macrophage	3	ENSG00000133800 | ENSG00000153208 | ENSG00000165457	LYVE1 | MERTK | FOLR2
profile:152cf36c712e4ec4237b	hca:0090_10.1038_s41586-021-03852-1_eec89a5e36	source:sha256:5fb3c32b69e3e24ea2e34325926d73da0411e4be4df4c27f44af8bb6e96467a3	hca	lymphoid tissue inducer like ncr negative type 3 innate lymphoid cell	lymphoid tissue inducer-like NCR-negative type 3 innate lymphoid cell	1	ENSG00000096264	NCR2
profile:f030efb85dc2c3f13298	hca:0090_10.1038_s41586-021-03852-1_eec89a5e36	source:sha256:5fb3c32b69e3e24ea2e34325926d73da0411e4be4df4c27f44af8bb6e96467a3	hca	myofibroblast	myofibroblast	1	ENSG00000175084	DES
profile:87f17035327a0c6c0b72	hca:0090_10.1038_s41586-021-03852-1_eec89a5e36	source:sha256:5fb3c32b69e3e24ea2e34325926d73da0411e4be4df4c27f44af8bb6e96467a3	hca	terminal glial cell	terminal glial cell	1	ENSG00000165731	RET
profile:169a3afcb9770a6114f3	hca:0091_10.1101_2025.06.19.660575_df9b499d76	title:cellular and molecular landscapes of human tendons across the lifespan revealed by spatial and single cell transcriptomics	hca	kera tnmd fibroblast	KERA TNMD Fibroblast	1	ENSG00000150051	MKX
profile:fdd705d9f1fd6e2b6d7d	hca:0093_10.1101_2021.12.20.473443_1d1224d1ea	title:cellular development and evolution of the mammalian cerebellum	hca	eomes low unipolar brush cell like subset	EOMES-low unipolar brush cell-like subset	1	ENSG00000163508	EOMES
profile:8866d58d9b24cdaf6cd4	hca:0094_10.1073_pnas.2404775121_07bae216d2	source:sha256:fe88d23875413d80bc1631c8c680773c6673d2db8d823846a2e5216f14e049bc	hca	endothelial to mesenchymal transition cell	endothelial-to-mesenchymal transition cell	3	ENSG00000066056 | ENSG00000110799 | ENSG00000261371	TIE1 | VWF | PECAM1
profile:1cc442beba5b9331e521	hca:0094_10.1073_pnas.2404775121_07bae216d2	source:sha256:fe88d23875413d80bc1631c8c680773c6673d2db8d823846a2e5216f14e049bc	hca	tissue resident vascular progenitor cell	tissue-resident vascular progenitor cell	2	ENSG00000151702 | ENSG00000173706	FLI1 | HEG1
profile:2a8581596f5cbfd6cbe8	hca:0094_10.1073_pnas.2404775121_07bae216d2	source:sha256:fe88d23875413d80bc1631c8c680773c6673d2db8d823846a2e5216f14e049bc	hca	uterine smooth muscle cell	uterine smooth muscle cell	2	ENSG00000076706 | ENSG00000113721	MCAM | PDGFRB
profile:fa7ba962de7e9edfa795	hca:0099_10.1126_sciimmunol.abl9165_5f9974d5f2	source:sha256:ff3694def615de6b5a48518bc0bddd3cae1a71b498b5f85577a6f493abe94aa0	hca	innate lymphoid natural killer cell	innate lymphoid/natural killer cell	5	ENSG00000156738 | ENSG00000167286 | ENSG00000170458 | ENSG00000177455 | ENSG00000204287	MS4A1 | CD3D | CD14 | CD19 | HLA-DRA
profile:091f11cee79f573a99a7	hca:0099_10.1126_sciimmunol.abl9165_5f9974d5f2	source:sha256:ff3694def615de6b5a48518bc0bddd3cae1a71b498b5f85577a6f493abe94aa0	hca	plasma cell	plasma cell	2	ENSG00000149534 | ENSG00000177455	MS4A2 | CD19
profile:581012c02ba03ccb0710	hca:0103_10.1172_jci.insight.151621_2faf375c31	source:sha256:436dab3f97f35d522ae55dad2101bbedc70cb90d34511407e19bd262b24245a5	hca	mafa and mafb coexpressing beta cell	MAFA and MAFB coexpressing beta cell	4	ENSG00000044574 | ENSG00000051108 | ENSG00000128272 | ENSG00000175197	HSPA5 | HERPUD1 | ATF4 | DDIT3
profile:1e183b5c9d7e0308d941	hca:0109_10.7554_elife.91792.1_056dda27be	title:these senior authors contributed equally to the work	hca	arteriole associated pericyte	arteriole-associated pericyte	4	ENSG00000102010 | ENSG00000125266 | ENSG00000164683 | ENSG00000164736	BMX | EFNB2 | HEY1 | SOX17
profile:422d0fb4692d123c999f	hca:0109_10.7554_elife.91792.1_056dda27be	title:these senior authors contributed equally to the work	hca	mast cell	mast cell	1	ENSG00000092009	CMA1
profile:23c23e98ac29f1caf2f5	hca:0110_10.1038_s41586-019-1506-7_3d44de0941	source:sha256:20653de577c61baae2d9d4b505028fadbc9a846a626eb1f2be0e43749886645f	hca	caudal ganglionic eminence interneuron	caudal ganglionic eminence interneuron	1	ENSG00000166736	HTR3A
profile:2663a5c23d35ceab4e00	hca:0113_10.1101_2021.04.28.441762_c83625bbe4	title:cross tissue immune cell analysis reveals tissue specific adaptations and clonal architecture in humans	hca	memb_itgax memory b cell	MemB_ITGAX memory B cell	2	ENSG00000117322 | ENSG00000139193	CR2 | CD27
profile:223b7ce3cd88cf097e29	hca:0117_10.1038_s41586-019-1652-y_d63955188b	source:sha256:b0eeb04ff32cb99413ac4a9c066559d67847af50aa584e8f0d24f8a967f72ce4	hca	haematopoietic stem cell multipotent progenitor	haematopoietic stem cell/multipotent progenitor	1	ENSG00000234745	HLA-B
profile:a992dd676781f14a6c5a	hca:0117_10.1038_s41586-019-1652-y_d63955188b	source:sha256:b0eeb04ff32cb99413ac4a9c066559d67847af50aa584e8f0d24f8a967f72ce4	hca	pro b cell	pro-B cell	2	ENSG00000132465 | ENSG00000227507	JCHAIN | LTB
profile:3e1a867db8de6efc9d19	hca:0120_10.1038_s41467-022-34255-z_c90043e943	source:sha256:0bd7deb6439058cb634a70505913d7c9461572ffde9e7aa9d3591cee058b6a27	hca	proximal tubular cell subtype pt 3	proximal tubular cell subtype PT-3	1	ENSG00000162692	VCAM1
profile:473bebb97d91095d5ab5	hca:0120_10.1038_s41467-022-34255-z_c90043e943	source:sha256:0bd7deb6439058cb634a70505913d7c9461572ffde9e7aa9d3591cee058b6a27	hca	proximal tubular cell subtype pt 3 4	proximal tubular cell subtype PT-3/4	1	ENSG00000162692	VCAM1
profile:c1f1fa9aa0399bc9793a	hca:0123_10.1371_journal.pone.0267704_5a8157f0f3	source:sha256:6ce28e08ad331b478b704145704246557ce251bb063141f3ecea5b4cd7dad1f5	hca	pericyte	pericyte	1	ENSG00000134853	PDGFRA
profile:5998f918b2726547a621	hca:0124_10.1126_science.aba6500_a77c502bf7	source:sha256:f0467edab5e97b401aabbaec3b3c2ecb4ec0a40faf69f7ae1bc3de34c4c86af0	hca	innate lymphocyte	innate lymphocyte	2	ENSG00000160654 | ENSG00000167286	CD3G | CD3D
profile:02cea37fd41e9161a213	hca:0125_10.1016_j.celrep.2023.111994_fd20125b65	source:sha256:ff8ece747bb95dcdb954570ce89340403c519bf4e4c5d97454c7ba571d7085f3	hca	spinous i keratinocyte	spinous I keratinocyte	1	ENSG00000170345	FOS
profile:39d929d048947463c1ce	hca:0126_10.1038_s41591-022-01959-0_cbdd92bc71	source:sha256:a8cdc1a0db6ce36c671b8ce81007def4f61dc381180a082c6239eb5194a1e448	hca	effector memory t cell	effector memory T cell	1	ENSG00000126353	CCR7
profile:b38d33132624b63f7422	hca:0126_10.1038_s41591-022-01959-0_cbdd92bc71	source:sha256:a8cdc1a0db6ce36c671b8ce81007def4f61dc381180a082c6239eb5194a1e448	hca	short lived effector cell	short-lived effector cell	1	ENSG00000188404	SELL
profile:f7bd2d71f7a2d334915f	hca:0126_10.1038_s41591-022-01959-0_cbdd92bc71	source:sha256:a8cdc1a0db6ce36c671b8ce81007def4f61dc381180a082c6239eb5194a1e448	hca	terminally differentiated effector memory t cell re expressing cd45ra	terminally differentiated effector memory T cell re-expressing CD45RA	1	ENSG00000126353	CCR7
profile:2b307ba9d77139a1f27b	hca:0127_10.1016_j.cell.2021.11.031_38bd899f1b	source:sha256:83701eed81b6e58091296718caac226afe55d6e6a279821c4614407a182c209f	hca	hyperplastic polyp	hyperplastic polyp	2	ENSG00000102837 | ENSG00000125398	OLFM4 | SOX9
profile:359b2ee1ded6c36deaea	hca:0127_10.1016_j.cell.2021.11.031_38bd899f1b	source:sha256:83701eed81b6e58091296718caac226afe55d6e6a279821c4614407a182c209f	hca	metaplastic cell	metaplastic cell	1	ENSG00000165556	CDX2
profile:3e0029deefe66567aac5	hca:0127_10.1016_j.cell.2021.11.031_38bd899f1b	source:sha256:83701eed81b6e58091296718caac226afe55d6e6a279821c4614407a182c209f	hca	microsatellite stable colorectal cancer	microsatellite stable colorectal cancer	1	ENSG00000215182	MUC5AC
profile:c4e05872abd42b292de0	hca:0127_10.1016_j.cell.2021.11.031_38bd899f1b	source:sha256:83701eed81b6e58091296718caac226afe55d6e6a279821c4614407a182c209f	hca	serrated specific cell	serrated-specific cell	2	ENSG00000165556 | ENSG00000172238	CDX2 | ATOH1
profile:ce9512220c85e7dfd83f	hca:0127_10.1016_j.cell.2021.11.031_38bd899f1b	source:sha256:83701eed81b6e58091296718caac226afe55d6e6a279821c4614407a182c209f	hca	sessile serrated lesion	sessile serrated lesion	3	ENSG00000102837 | ENSG00000125398 | ENSG00000165556	OLFM4 | SOX9 | CDX2
profile:4d84fceb8d5994331fe2	hca:0130_10.1038_s41422-020-00455-9_6ab85d317a	source:sha256:acd6e56801bd00d2df292feef0d4bdfb5b0f7154be482e36ce68ba181b4d6e45	hca	mature naïve follicular b cell	mature-naïve follicular B-cell	1	ENSG00000139193	CD27
profile:c079c9227af1b0032cc8	hca:0130_10.1038_s41422-020-00455-9_6ab85d317a	source:sha256:acd6e56801bd00d2df292feef0d4bdfb5b0f7154be482e36ce68ba181b4d6e45	hca	memory b cell	memory B-cell	2	ENSG00000211898 | ENSG00000211899	IGHD | IGHM
profile:240c9e9acd42a784a2fd	hca:0130_10.1038_s41422-020-00455-9_6ab85d317a	source:sha256:acd6e56801bd00d2df292feef0d4bdfb5b0f7154be482e36ce68ba181b4d6e45	hca	monocyte	monocyte	3	ENSG00000038945 | ENSG00000129226 | ENSG00000260314	MSR1 | CD68 | MRC1
profile:0ff9bd14c9284baf166c	hca:0132_10.1038_s41467-020-16239-z_001d78a35b	source:sha256:caf4d47ccc829b2efa5e03a3337e41868ca8dfa16ca50b32cb40795aa3896417	hca	myoepithelial cell	myoepithelial cell	2	ENSG00000148773 | ENSG00000186081	MKI67 | KRT5
profile:2bc0b2f9f11003d0a5b5	hca:0132_10.1038_s41467-020-16239-z_001d78a35b	source:sha256:caf4d47ccc829b2efa5e03a3337e41868ca8dfa16ca50b32cb40795aa3896417	hca	tuft like cell	tuft-like cell	2	ENSG00000070985 | ENSG00000214415	TRPM5 | GNAT3
profile:875fdcbb08be726b339a	hca:0134_10.3389_fimmu.2021.636720_9a958ecc4e	source:sha256:ff2790810b775d9510381648cd451dcd17ee193288ee1c17cd16d26bc486f879	hca	activated b cell cluster 3	activated B cell cluster 3	3	ENSG00000073861 | ENSG00000140678 | ENSG00000196664	TBX21 | ITGAX | TLR7
profile:9cfb865a75bf98f07be1	hca:0135_10.1016_j.cell.2022.06.007_78f5f057fa	source:sha256:f0018a35facd9188b4b92f3febb7207f3f94ad46312cec84e903fe9fe451a287	hca	tcf7 positive cd8 positive t cell	TCF7-positive CD8-positive T cell	2	ENSG00000135077 | ENSG00000188389	HAVCR2 | PDCD1
profile:b754abd594804015fc59	hca:0136_10.1167_iovs.62.6.18_7e8926eaf2	source:sha256:17c0caac5716c20c0c90c8e7d7b920a3f8a93441c77eb45c66e1e83ece867111	hca	cone precursor	cone precursor	6	ENSG00000114315 | ENSG00000138083 | ENSG00000145423 | ENSG00000181449 | ENSG00000197921 | ENSG00000278570	HES1 | SIX3 | SFRP2 | SOX2 | HES5 | NR2E3
profile:5ab4f38c9f128deadfdd	hca:0139_10.1038_s41590-020-0602-z_71058e050d	source:sha256:8b13686c55a64c4687ca8284582692ced2011407d69468e54df44d4ac2924ba3	hca	memory b cell	memory B cell	1	ENSG00000004468	CD38
profile:714a0bc8951a6a05bf08	hca:0139_10.1038_s41590-020-0602-z_71058e050d	source:sha256:8b13686c55a64c4687ca8284582692ced2011407d69468e54df44d4ac2924ba3	hca	t regulatory like cell	T regulatory-like cell	2	ENSG00000049768 | ENSG00000134460	FOXP3 | IL2RA
profile:6b0742b3015df5b3c351	hca:0142_10.1016_j.immuni.2023.01.032_b86bd8b65d	source:sha256:b21c8893d898e4a631cb23fb8714f698149335e25cbbc373ca6d4fa5c8105744	hca	tissue resident t cell	tissue-resident T cell	3	ENSG00000126353 | ENSG00000170989 | ENSG00000188404	CCR7 | S1PR1 | SELL
profile:8ba2e7694f745fed880f	hca:0143_10.1038_s41586-021-03710-0_b55ce5f09e	source:sha256:14f728d837fe415bf69205db0477be9f69e238314df510f0eed0f80c0eb09252	hca	covid 19 associated microglia	COVID-19-associated microglia	1	ENSG00000169313	P2RY12
profile:18882d7f838fc1d89b19	hca:0143_10.1038_s41586-021-03710-0_b55ce5f09e	source:sha256:14f728d837fe415bf69205db0477be9f69e238314df510f0eed0f80c0eb09252	hca	microglia	microglia	1	ENSG00000260314	MRC1
profile:0f512e38bd8aa3a195e1	hca:0145_10.1038_s41586-021-04044-7_8df46052bf	source:sha256:76ff154c52d988e84644399f7f5d2b7f6b6365dcb46ca4a9ce39bafed53fea4c	hca	fascial fibroblast 1	fascial fibroblast 1	2	ENSG00000137033 | ENSG00000150782	IL33 | IL18
profile:166f1dca7204fe08a477	hca:0145_10.1038_s41586-021-04044-7_8df46052bf	source:sha256:76ff154c52d988e84644399f7f5d2b7f6b6365dcb46ca4a9ce39bafed53fea4c	hca	fascial fibroblast 2	fascial fibroblast 2	2	ENSG00000137033 | ENSG00000150782	IL33 | IL18
profile:0fa62971808c57756f19	hca:0151_10.1038_s41586-022-04718-w_1bf3167cbc	source:sha256:c83c728e623f1be6d58ded2f25fcf18d0eb2cc9e63bf49cd1b5f83885521a444	hca	regulatory t cell	regulatory T cell	1	ENSG00000168685	IL7R
profile:3c69705f113f7d4b724b	hca:0151_10.1038_s41586-022-04718-w_1bf3167cbc	source:sha256:c83c728e623f1be6d58ded2f25fcf18d0eb2cc9e63bf49cd1b5f83885521a444	hca	type 2 classical dendritic cell	type 2 classical dendritic cell	1	ENSG00000177575	CD163
profile:c37a810ad03adc03e3e5	hca:0160_10.1016_j.stem.2017.09.003_8fb14888a8	source:sha256:00b6f95361a7eb8efebec0526d5de771f9447ed719efc0b7a98f0fe2c955b24e	hca	human spermatogonial stem cell	human spermatogonial stem cell	3	ENSG00000111704 | ENSG00000181449 | ENSG00000204531	NANOG | SOX2 | POU5F1
profile:2576e73976f7cf707b63	hca:0160_10.1016_j.stem.2017.09.003_8fb14888a8	source:sha256:00b6f95361a7eb8efebec0526d5de771f9447ed719efc0b7a98f0fe2c955b24e	hca	spermatogonia	spermatogonia	3	ENSG00000111704 | ENSG00000181449 | ENSG00000204531	NANOG | SOX2 | POU5F1
profile:0d05ad8bad730697bc84	hca:0163_10.1126_sciimmunol.abb4432_91494cf647	source:sha256:e83140ee857151865822499afce517c04e272e55b8228d4ef3276dd83f390310	hca	cd8 positive tissue resident memory t cell	CD8-positive tissue-resident memory T cell	2	ENSG00000127528 | ENSG00000170989	KLF2 | S1PR1
profile:402be8e12cc031862d3d	hca:0163_10.1126_sciimmunol.abb4432_91494cf647	source:sha256:e83140ee857151865822499afce517c04e272e55b8228d4ef3276dd83f390310	hca	memory b cell	memory B cell	1	ENSG00000211898	IGHD
profile:79ad84fee315478ee295	hca:0163_10.1126_sciimmunol.abb4432_91494cf647	source:sha256:e83140ee857151865822499afce517c04e272e55b8228d4ef3276dd83f390310	hca	plasma cell	plasma cell	1	ENSG00000177455	CD19
profile:4e878230d75fb01b78d3	hca:0163_10.1126_sciimmunol.abb4432_91494cf647	source:sha256:e83140ee857151865822499afce517c04e272e55b8228d4ef3276dd83f390310	hca	regulatory t cell	regulatory T cell	1	ENSG00000168685	IL7R
profile:0fdeddbc2fdb8fb61ee6	hca:0166_10.1101_2023.04.13.23288227_0c5bc13bbe	source:sha256:4f82ac42cded6a6452856d96e55a4bb8c0f1aca59a037d7556657d6c4a90e212	hca	infiltrating memory t cell	infiltrating memory T cell	1	ENSG00000083457	ITGAE
profile:2dd9538af3e39c37ddfa	hca:0167_10.1073_pnas.1520760112_985a5e340f	source:sha256:42fed0af691285d04fae3cac5c15e8f897632285d3a09fdcdad207863f65205c	hca	basal progenitor 1	basal progenitor 1	2	ENSG00000026025 | ENSG00000181449	VIM | SOX2
profile:9e1bcb774cef78d19a49	hca:0167_10.1073_pnas.1520760112_985a5e340f	source:sha256:42fed0af691285d04fae3cac5c15e8f897632285d3a09fdcdad207863f65205c	hca	basal progenitor 2	basal progenitor 2	1	ENSG00000066279	ASPM
profile:165d248f92b32edd183f	hca:0167_10.1073_pnas.1520760112_985a5e340f	source:sha256:42fed0af691285d04fae3cac5c15e8f897632285d3a09fdcdad207863f65205c	hca	neural progenitor cell	neural progenitor cell	1	ENSG00000165588	OTX2
profile:317ead565ce7f0d664ba	hca:0168_10.1038_s41586-022-04552-0_f98a6428c8	source:sha256:9644c9333f0ee26a0a7495533707eafe036a9ae9fbf8a5a6e32f809512c3db35	hca	ceacam6 positive ht2 280 negative ngfr negative cell	CEACAM6-positive HT2-280-negative NGFR-negative cell	1	ENSG00000168484	SFTPC
profile:487931c59cbf0cbaa570	hca:0169_10.1038_s41586-022-04541-3_a47d9e6ca0	source:sha256:9a3bf3b3772ac7d8113c87587fddff924772764fc5c93230543fdda9622df847	hca	alveolar type 0 cell	alveolar type-0 cell	1	ENSG00000149021	SCGB1A1
profile:ef611361be56941a8192	hca:0169_10.1038_s41586-022-04541-3_a47d9e6ca0	source:sha256:9a3bf3b3772ac7d8113c87587fddff924772764fc5c93230543fdda9622df847	hca	differentiating basal cell	differentiating basal cell	1	ENSG00000073282	TP63
profile:beca03bb70b8a521df00	hca:0169_10.1038_s41586-022-04541-3_a47d9e6ca0	source:sha256:9a3bf3b3772ac7d8113c87587fddff924772764fc5c93230543fdda9622df847	hca	terminal and respiratory bronchiole secretory cell	terminal and respiratory bronchiole secretory cell	5	ENSG00000129654 | ENSG00000149021 | ENSG00000152583 | ENSG00000168484 | ENSG00000181458	FOXJ1 | SCGB1A1 | SPARCL1 | SFTPC | TMEM45A
profile:b6eb678c9cf3448172a0	hca:0172_10.1093_hmg_ddab140_444d3c140d	source:sha256:35c5174d51ae55d834f2353f95c28d901a8bede74500902c72297086355b4349	hca	foveal cone photoreceptor cell	foveal cone photoreceptor cell	1	ENSG00000169031	COL4A3
profile:536e6ef61be3990a2eb0	hca:0174_10.1038_s41588-024-02048-3_7311b9bde5	source:sha256:84a8bfc235ce1e429a1a403f6eb00c631197738dd6c227411b0fe5e363157fdd	hca	adipocyte	adipocyte	1	ENSG00000159346	ADIPOR1
profile:017858d47bb68644005a	hca:0174_10.1038_s41588-024-02048-3_7311b9bde5	source:sha256:84a8bfc235ce1e429a1a403f6eb00c631197738dd6c227411b0fe5e363157fdd	hca	adipose stem and progenitor cell 1	adipose stem and progenitor cell 1	1	ENSG00000117525	F3
profile:be6c7c4e0c9b6de30575	hca:0174_10.1038_s41588-024-02048-3_7311b9bde5	source:sha256:84a8bfc235ce1e429a1a403f6eb00c631197738dd6c227411b0fe5e363157fdd	hca	adipose stem and progenitor cell 2	adipose stem and progenitor cell 2	1	ENSG00000010278	CD9
profile:61a557cee2fe4d2fa273	hca:0177_10.1073_pnas.2204269120_58cc2f2212	source:sha256:dc20e5f40caac0c26514e01c40d1afeb4cb2f5fbf1238feef69a9c31104e02e3	hca	cd4 tissue resident memory t cell	CD4+ tissue-resident memory T cell	2	ENSG00000126353 | ENSG00000139193	CCR7 | CD27
profile:a67e963dc07d3bd2ef2a	hca:0177_10.1073_pnas.2204269120_58cc2f2212	source:sha256:dc20e5f40caac0c26514e01c40d1afeb4cb2f5fbf1238feef69a9c31104e02e3	hca	effector memory t cell	effector memory T cell	1	ENSG00000126353	CCR7
profile:a8e0ca39c3991f8cf263	hca:0177_10.1073_pnas.2204269120_58cc2f2212	source:sha256:dc20e5f40caac0c26514e01c40d1afeb4cb2f5fbf1238feef69a9c31104e02e3	hca	regulatory t cell	regulatory T cell	1	ENSG00000168685	IL7R
profile:11bb77db3e3ebe07dff3	hca:0178_10.1016_j.ebiom.2021.103618_7744ce01c2	source:sha256:1f2b5cf46597f7243dabf65af8675e3564fd2947f3a323a8284c5d4808d0e385	hca	synovial fibroblast subset from painful synovial sites in early osteoarthritis	synovial fibroblast subset from painful synovial sites in early osteoarthritis	1	ENSG00000129048	ACKR4
profile:bb72c310fad26f3a638f	hca:0186_10.1016_j.devcel.2020.01.033_6afe089f1e	source:sha256:3c9c3ec290e621853d85fcdda839899768b6294c5cc9b094560f9396c832d911	hca	secretory progenitor cell	secretory progenitor cell	1	ENSG00000149021	SCGB1A1
profile:43c32e0e899adce8863d	hca:0187_10.1016_j.cell.2021.04.048_58f6b9bb19	source:sha256:d7b8d1918d0a94349ab91bf4d7df0c834d7c4e1f6b2a36f35de37642b71b525e	hca	cd8 cd103 t cell	CD8+ CD103+ T cell	1	ENSG00000110848	CD69
profile:339156813b28a63000a6	hca:0187_10.1016_j.cell.2021.04.048_58f6b9bb19	source:sha256:d7b8d1918d0a94349ab91bf4d7df0c834d7c4e1f6b2a36f35de37642b71b525e	hca	cd8 cd49a t cell	CD8+ CD49a+ T cell	1	ENSG00000110848	CD69
profile:9c4b2eaac9c81ad663b2	hca:0187_10.1016_j.cell.2021.04.048_58f6b9bb19	source:sha256:d7b8d1918d0a94349ab91bf4d7df0c834d7c4e1f6b2a36f35de37642b71b525e	hca	natural killer cell	natural killer cell	1	ENSG00000205809	KLRC2
profile:8ce0976ac2a3d448235a	hca:0188_10.1038_s41586-022-04989-3_7ea3ee9a4e	source:sha256:9a9e93937798bb0f2c9f19a406de05af0ddd9336179a090cf231d3ed4c5a8ea4	hca	cardiomyocyte cluster 2	cardiomyocyte cluster 2	1	ENSG00000145244	CORIN
profile:ba84c539baab882ea902	hca:0188_10.1038_s41586-022-04989-3_7ea3ee9a4e	source:sha256:9a9e93937798bb0f2c9f19a406de05af0ddd9336179a090cf231d3ed4c5a8ea4	hca	cardiomyocyte cluster 3	cardiomyocyte cluster 3	1	ENSG00000145244	CORIN
profile:9dbda46ce6bc7b63ce4e	hca:0190_10.1038_s41467-019-14118-w_eee71dc5ea	source:sha256:9965354bd2e8d71ae9639b880e15ac2a6e3179e4f6307e1b0f2bbfc0f4d4f1f0	hca	cytotoxic cd4 positive t cell	cytotoxic CD4-positive T cell	2	ENSG00000105374 | ENSG00000172116	NKG7 | CD8B
profile:3aeccf0644feb34aac10	hca:0190_10.1038_s41467-019-14118-w_eee71dc5ea	source:sha256:9965354bd2e8d71ae9639b880e15ac2a6e3179e4f6307e1b0f2bbfc0f4d4f1f0	hca	plasmablast	plasmablast	2	ENSG00000115884 | ENSG00000156738	SDC1 | MS4A1
profile:23aee607da954bebb92b	hca:0193_10.15252_emmm.202012871_3b35c5fb8f	source:sha256:56b0ff2dab9d51daffe0de2d5d036cf55cbbc6caeab79aea151568c320158cc6	hca	pericyte	pericyte	1	ENSG00000175084	DES
profile:a5996868970404683f7d	hca:0195_10.1038_nbt.4038_23df984b1c	source:sha256:0164f53f780b980e36b5782cc9825c09159877de48b4e5b0fcd3d7d686eb42c4	hca	excitatory neuron subtype 5a	excitatory neuron subtype 5a	1	ENSG00000249853	HS3ST5
profile:6cc226ea8af12683d6b3	hca:0195_10.1038_nbt.4038_23df984b1c	source:sha256:0164f53f780b980e36b5782cc9825c09159877de48b4e5b0fcd3d7d686eb42c4	hca	excitatory neuron subtype 5b	excitatory neuron subtype 5b	1	ENSG00000183036	PCP4
profile:28d4c18136ac475ed070	hca:0195_10.1038_nbt.4038_23df984b1c	source:sha256:0164f53f780b980e36b5782cc9825c09159877de48b4e5b0fcd3d7d686eb42c4	hca	excitatory neuron subtype 6b	excitatory neuron subtype 6b	1	ENSG00000147246	HTR2C
profile:c432b52be3f9affa07a0	hca:0195_10.1038_nbt.4038_23df984b1c	source:sha256:0164f53f780b980e36b5782cc9825c09159877de48b4e5b0fcd3d7d686eb42c4	hca	inhibitory neuron subtype 8	inhibitory neuron subtype 8	1	ENSG00000104327	CALB1
profile:bbeca580c70ef75572df	hca:0198_10.1038_s41467-021-27619-4_12529026b3	source:sha256:437e4cc12dd27b4efd47abf3466a0de033cebc20fa06efea18a7f128cdc9817e	hca	pre dysfunctional cd8 t cell	pre-dysfunctional CD8+ T cell	1	ENSG00000156234	CXCL13
profile:891aec43a69b87a4f1fb	hca:0198_10.1038_s41467-021-27619-4_12529026b3	source:sha256:437e4cc12dd27b4efd47abf3466a0de033cebc20fa06efea18a7f128cdc9817e	hca	terminally dysfunctional cd8 t cell	terminally dysfunctional CD8+ T cell	1	ENSG00000113088	GZMK
profile:428c5c4dc6cff5cc2db7	hca:0200_10.1242_dev.172361_e8969b05b0	source:sha256:50264f46e5a7b940d561e7d0ff2e5993dac1474ded8c85f7959d2a64f580cc1a	hca	cluster 2 cell	Cluster 2 cell	3	ENSG00000009709 | ENSG00000129152 | ENSG00000149922	PAX7 | MYOD1 | TBX6
profile:734257001f292fbd8a54	hca:0203_10.1038_s41598-021-95532-3_bdd0d22902	source:sha256:b2acbac3a587707ceac36fbd16f4e3da24c863ce9671f7223c9da0530964937f	hca	resident t cell	resident T cell	1	ENSG00000126353	CCR7
profile:a6b0bba718795222d89b	hca:0209_10.1126_scitranslmed.abe4282_13877fdeac	source:sha256:6e2bf419d8e68e7b178b0aa15426d85a25de2aee94698b13d3d4d0758beb7eac	hca	krt5 negative krt17 positive epithelial cell	KRT5-negative KRT17-positive epithelial cell	1	ENSG00000186081	KRT5
profile:e55c5b71a09997f46b06	hca:0209_10.1126_scitranslmed.abe4282_13877fdeac	source:sha256:6e2bf419d8e68e7b178b0aa15426d85a25de2aee94698b13d3d4d0758beb7eac	hca	profibrotic monocyte derived alveolar macrophage	profibrotic monocyte-derived alveolar macrophage	3	ENSG00000122641 | ENSG00000132170 | ENSG00000170323	INHBA | PPARG | FABP4
profile:27915e4acd361c601df9	hca:0210_10.1016_j.stem.2020.11.008_213dabcee4	source:sha256:310da3d33dd25fa298cdd2a438780cb607aa9fed4f2d33764f9317cf31b416b3	hca	f3 high pdgfra high mesenchymal cell	F3-high/PDGFRA-high mesenchymal cell	1	ENSG00000138798	EGF
profile:3531ed2fa5429c0e1625	hca:0210_10.1016_j.stem.2020.11.008_213dabcee4	source:sha256:310da3d33dd25fa298cdd2a438780cb607aa9fed4f2d33764f9317cf31b416b3	hca	f3 high pdgfra high subepithelial cell	F3-high/PDGFRA-high subepithelial cell	3	ENSG00000134245 | ENSG00000146374 | ENSG00000147655	WNT2B | RSPO3 | RSPO2
profile:3cd3ebdaca0e76844c5c	hca:0212_10.1038_s41586-022-04571-x_30a05d7904	source:sha256:54cdae6c689ec5aca9bfb21415985d26927d2df885211dcf1e3083dcd3e0f3a8	hca	hematopoietic stem cell	hematopoietic stem cell	3	ENSG00000115457 | ENSG00000149948 | ENSG00000187772	IGFBP2 | HMGA2 | LIN28B
profile:fd2d897e274b2ba02e47	hca:0213_10.1016_j.ccell.2022.11.001_63fadcc3b4	source:sha256:5ec3757774c8b03bbafaab323716537f641f82bb949c5be198dd2fad257c636e	hca	circulating classical monocyte	circulating classical monocyte	1	ENSG00000203747	FCGR3A
profile:4ce3e31edd2b60536fac	hca:0213_10.1016_j.ccell.2022.11.001_63fadcc3b4	source:sha256:5ec3757774c8b03bbafaab323716537f641f82bb949c5be198dd2fad257c636e	hca	circulating non classical monocyte	circulating non-classical monocyte	1	ENSG00000170458	CD14
profile:b72c48414727c667cfd9	hca:0214_10.1126_science.abo0510_808a3cb920	source:sha256:7baba06ac0806118e1fef29899fd16ece33af5bc1ab18c18ec0bdf752ea5886f	hca	b1 cell	B1 cell	1	ENSG00000211898	IGHD
profile:df3fb7d35730d7bac021	hca:0214_10.1126_science.abo0510_808a3cb920	source:sha256:7baba06ac0806118e1fef29899fd16ece33af5bc1ab18c18ec0bdf752ea5886f	hca	non progenitor b cell	non-progenitor B cell	1	ENSG00000168685	IL7R
profile:6cd57d4964260ac859dd	hca:0217_10.1186_s40478-023-01568-z_30cfefc163	source:sha256:48170c0905a53041549cfdf1b216e3f5d7635c0b64f960ecd87bf8e0b487ef92	hca	oligodendrocyte oligo_a	oligodendrocyte Oligo_A	1	ENSG00000078328	RBFOX1
profile:55ebd7df6d1f637e586d	hca:0217_10.1186_s40478-023-01568-z_30cfefc163	source:sha256:48170c0905a53041549cfdf1b216e3f5d7635c0b64f960ecd87bf8e0b487ef92	hca	oligodendrocyte oligo_b	oligodendrocyte Oligo_B	2	ENSG00000100097 | ENSG00000248905	LGALS1 | FMN1
profile:902167e3620704d394f4	hca:0217_10.1186_s40478-023-01568-z_30cfefc163	source:sha256:48170c0905a53041549cfdf1b216e3f5d7635c0b64f960ecd87bf8e0b487ef92	hca	oligodendrocyte oligo_d	oligodendrocyte Oligo_D	2	ENSG00000113140 | ENSG00000248905	SPARC | FMN1
profile:ec0c4c58a866cd43bfa6	hca:0217_10.1186_s40478-023-01568-z_30cfefc163	source:sha256:48170c0905a53041549cfdf1b216e3f5d7635c0b64f960ecd87bf8e0b487ef92	hca	oligodendrocyte oligo_e	oligodendrocyte Oligo_E	2	ENSG00000144218 | ENSG00000197430	AFF3 | OPALIN
profile:e3c0c351b39d34fe1e1f	hca:0217_10.1186_s40478-023-01568-z_30cfefc163	source:sha256:48170c0905a53041549cfdf1b216e3f5d7635c0b64f960ecd87bf8e0b487ef92	hca	oligodendrocyte oligo_f	oligodendrocyte Oligo_F	1	ENSG00000078328	RBFOX1
profile:d8460876ec33861d43fb	hca:0223_10.1126_science.abo7257_14645ac97f	source:sha256:847aba9c5e53528c89eb8e2b2bce6396221d046d245c473253c475c4455da5f8	hca	tyrosine hydroxylase expressing inhibitory neuron	tyrosine hydroxylase-expressing inhibitory neuron	1	ENSG00000142319	SLC6A3
profile:dc8aa5a25fd13939be6b	hca:0224_10.1038_s41467-018-07581-4_ec3b4906f6	source:sha256:376766c921a39d7f6df227c5270ba1f69a0759e41ab739283fbd18b1800e7ad2	hca	cd25 high cd127 low cd4 positive t cell	CD25 high CD127 low CD4-positive T cell	1	ENSG00000168685	IL7R
profile:aad1e21f464dfcb2f26b	hca:0224_10.1038_s41467-018-07581-4_ec3b4906f6	source:sha256:376766c921a39d7f6df227c5270ba1f69a0759e41ab739283fbd18b1800e7ad2	hca	foxp3 positive regulatory t cell	FOXP3-positive regulatory T cell	1	ENSG00000168685	IL7R
profile:bda1289aab9f8466a20f	hca:0226_10.1038_s41593-020-00764-7_dc0bba5691	source:sha256:d4b9d51e2587ec4c348c158fb3ce8e3089a2e937d80a6f0983d772a2edf3b42a	hca	gfap high astrocyte	GFAP-high astrocyte	8	ENSG00000079215 | ENSG00000105894 | ENSG00000110436 | ENSG00000132164 | ENSG00000135821 | ENSG00000175161 | ENSG00000179399 | ENSG00000179915	SLC1A3 | PTN | SLC1A2 | SLC6A11 | GLUL | CADM2 | GPC5 | NRXN1
profile:a477df219ff86a620974	hca:0228_10.1128_mbio.02583-20_5085db2792	source:sha256:72eef6d2a951e67dcb1745a65db75f4908fe3a708625c94a0ac67f86ebd473af	hca	plasma cell	plasma cell	1	ENSG00000156738	MS4A1
profile:af0dff0459206aa3c54a	hca:0228_10.1128_mbio.02583-20_5085db2792	source:sha256:72eef6d2a951e67dcb1745a65db75f4908fe3a708625c94a0ac67f86ebd473af	hca	plasmablast	plasmablast	1	ENSG00000156738	MS4A1
profile:cbb5562e492382a4f8f0	hca:0229_10.15252_msb.20178041_0277072a61	source:sha256:525efd3cb8cd81c6253491f2d9a6323101aa98f13d59efa627471afcf20c6c88	hca	b cell	B cell	1	ENSG00000196549	MME
profile:7438ee8d549fa27a95b6	hca:0229_10.15252_msb.20178041_0277072a61	source:sha256:525efd3cb8cd81c6253491f2d9a6323101aa98f13d59efa627471afcf20c6c88	hca	basophil eosinophil mast cell progenitor	basophil/eosinophil/mast cell progenitor	7	ENSG00000002586 | ENSG00000005381 | ENSG00000090382 | ENSG00000119535 | ENSG00000122025 | ENSG00000188404 | ENSG00000197561	CD99 | MPO | LYZ | CSF3R | FLT3 | SELL | ELANE
profile:9f571cf2fb24168c468c	hca:0233_10.1038_s41590-025-02241-4_110ace5bba	source:sha256:20bd95d693ff960c182abc6340d6752558940742e0d12999984fd49e483144fd	hca	innate lymphoid cell type 1	innate lymphoid cell type 1	1	ENSG00000168685	IL7R
profile:73a8e55fe6d97fefdba2	hca:0234_10.1038_s41467-022-32972-z_b918df798f	source:sha256:b573be50bd34936d21ca50660f99f8e33d23de8695a094aac8156bc3cb0e7e9d	hca	prom1 positive proximal tubule cell	PROM1-positive proximal tubule cell	1	ENSG00000162692	VCAM1
profile:8b84ace0489780f2ab1e	hca:0234_10.1038_s41467-022-32972-z_b918df798f	source:sha256:b573be50bd34936d21ca50660f99f8e33d23de8695a094aac8156bc3cb0e7e9d	hca	vcam1 positive proximal tubule cell	VCAM1-positive proximal tubule cell	1	ENSG00000007062	PROM1
profile:648ef252f90b394675dc	hca:0248_10.1016_j.stem.2020.12.001_c5f98f4c3c	source:sha256:3dc12674b27134e25beb8af725e5fc6a66b155749d4830a5dd4772dbea75134a	hca	cortical ureteric epithelium	cortical ureteric epithelium	1	ENSG00000165731	RET
profile:0d817d5a51e498b2b3f5	hca:0248_10.1016_j.stem.2020.12.001_c5f98f4c3c	source:sha256:3dc12674b27134e25beb8af725e5fc6a66b155749d4830a5dd4772dbea75134a	hca	outer medullary ureteric epithelium	outer medullary ureteric epithelium	3	ENSG00000110375 | ENSG00000174226 | ENSG00000243566	UPK2 | SNX31 | UPK3B
profile:c8af35ab340718fd0a33	hca:0249_10.1038_s41588-021-00801-6_bd85f761cf	source:sha256:d59b645a68c6bb2eb729de7d047d2ab80f2118d7059519b4b515a9380afe4cae	hca	induced pluripotent stem cell cluster 2	induced pluripotent stem cell cluster 2	1	ENSG00000166863	TAC3
profile:031d9a523988b7982b14	hca:0250_10.1126_sciimmunol.aan8664_c5aa305903	source:sha256:60bb7fadb1dc3d3bae180ee25dc55471d946e94d25ecb1be9595f22686fb487b	hca	cd4 cytotoxic t lymphocyte effector cell	CD4+ cytotoxic T lymphocyte effector cell	2	ENSG00000139193 | ENSG00000178562	CD27 | CD28
profile:40978a8fd57a7a331cfb	hca:0250_10.1126_sciimmunol.aan8664_c5aa305903	source:sha256:60bb7fadb1dc3d3bae180ee25dc55471d946e94d25ecb1be9595f22686fb487b	hca	cd4 cytotoxic t lymphocyte precursor cell	CD4+ cytotoxic T lymphocyte precursor cell	1	ENSG00000139187	KLRG1
profile:11d8577f669b58bffbe6	hca:0251_10.1038_s41588-023-01298-x_c85e8d4857	source:sha256:9a027bea547cb562b3b423391864c963813918e208ffddabf5d3aeae279b4d68	hca	luminal cell	luminal cell	1	ENSG00000064300	NGFR
profile:3f000f6883e1e689bf7e	hca:0253_10.1038_s41587-019-0068-4_077f63be55	source:sha256:3b622a074f249bcdf96b14e8d9d148e7d5316f1f044dfceec64543e6b35b1637	hca	plasmacytoid dendritic cell	plasmacytoid dendritic cell	1	ENSG00000182578	CSF1R
profile:5cfd077098bcb0540938	hca:0255_10.1183_13993003.02441-2018_9965f84ef5	source:sha256:3e1e36301d711e378ca834a9e7ea151c6dc40f04b8d6e6ea027580e96449338e	hca	fabp4 high macrophage	FABP4-high macrophage	4	ENSG00000100600 | ENSG00000118785 | ENSG00000142512 | ENSG00000153208	LGMN | SPP1 | SIGLEC10 | MERTK
profile:15232ae6588fba1d3120	hca:0255_10.1183_13993003.02441-2018_9965f84ef5	source:sha256:3e1e36301d711e378ca834a9e7ea151c6dc40f04b8d6e6ea027580e96449338e	hca	fcn1 high monocyte macrophage	FCN1-high monocyte/macrophage	4	ENSG00000118785 | ENSG00000122641 | ENSG00000153208 | ENSG00000170323	SPP1 | INHBA | MERTK | FABP4
profile:29cdfe0d30b919d26158	hca:0255_10.1183_13993003.02441-2018_9965f84ef5	source:sha256:3e1e36301d711e378ca834a9e7ea151c6dc40f04b8d6e6ea027580e96449338e	hca	spp1 high macrophage	SPP1-high macrophage	2	ENSG00000122641 | ENSG00000170323	INHBA | FABP4
profile:af38a482c54936763bca	hca:0259_10.1038_s41590-019-0425-y_86ec5764bb	source:sha256:23ef132b9a0dc92a63973ca990051b8b01efe63a539fe051ea71130caba57a0f	hca	innate lymphoid cell type 3	innate lymphoid cell type 3	2	ENSG00000083457 | ENSG00000134539	ITGAE | KLRD1
profile:68ab35783707d71fc0df	hca:0259_10.1038_s41590-019-0425-y_86ec5764bb	source:sha256:23ef132b9a0dc92a63973ca990051b8b01efe63a539fe051ea71130caba57a0f	hca	innate lymphoid cell type 3a	innate lymphoid cell type 3a	1	ENSG00000161405	IKZF3
profile:968a7820045b04659872	hca:0259_10.1038_s41590-019-0425-y_86ec5764bb	source:sha256:23ef132b9a0dc92a63973ca990051b8b01efe63a539fe051ea71130caba57a0f	hca	intraepithelial innate lymphoid cell type 1	intraepithelial innate lymphoid cell type 1	2	ENSG00000112486 | ENSG00000186074	CCR6 | CD300LF
profile:69e4b16ba538f85b7e9f	hca:0260_10.1084_jem.20190811_d700cd1f81	source:sha256:86f5c5b6c593a8e56ed85f361805d2d3805a6b505b830e1d24b2ecf50fa0323b	hca	plasmacytoid dendritic cell	plasmacytoid dendritic cell	1	ENSG00000115738	ID2
profile:fa55f11aff243a4a07da	hca:0260_10.1084_jem.20190811_d700cd1f81	source:sha256:86f5c5b6c593a8e56ed85f361805d2d3805a6b505b830e1d24b2ecf50fa0323b	hca	skin activated dendritic cell	skin activated dendritic cell	6	ENSG00000119866 | ENSG00000124813 | ENSG00000140968 | ENSG00000185507 | ENSG00000196628 | ENSG00000269404	BCL11A | RUNX2 | IRF8 | IRF7 | TCF4 | SPIB
profile:f268b46c4ce73076bfb2	hca:0261_10.1038_s41467-020-20082-7_77f7a74c30	source:sha256:54a61ee8f5c5b25720acf3ae696356eb9b5a8a86c9205e4f4945586876d067d9	hca	medullary thymic epithelial cell	medullary thymic epithelial cell	1	ENSG00000054219	LY75
profile:31706ea68cd4fc7c43f9	hca:0261_10.1038_s41467-020-20082-7_77f7a74c30	source:sha256:54a61ee8f5c5b25720acf3ae696356eb9b5a8a86c9205e4f4945586876d067d9	hca	thymic interstitial cell	thymic interstitial cell	2	ENSG00000054219 | ENSG00000119888	LY75 | EPCAM
profile:4b026fd21322ce9f4d94	hca:0262_10.1038_s41586-018-0698-6_e4aeb353b8	source:sha256:fdfc473eb4f638eae608715d41efdb8c4d5ebe8d6a779514a86adea92c610376	hca	decidual natural killer cell 3	decidual natural killer cell 3	4	ENSG00000134545 | ENSG00000168685 | ENSG00000205809 | ENSG00000205810	KLRC1 | IL7R | KLRC2 | KLRC3
profile:776d58e2866ae4149717	hca:0262_10.1038_s41586-018-0698-6_e4aeb353b8	source:sha256:fdfc473eb4f638eae608715d41efdb8c4d5ebe8d6a779514a86adea92c610376	hca	decidual stromal cell 1	decidual stromal cell 1	2	ENSG00000146678 | ENSG00000172179	IGFBP1 | PRL
profile:d0ece877e3581e35b344	hca:0262_10.1038_s41586-018-0698-6_e4aeb353b8	source:sha256:fdfc473eb4f638eae608715d41efdb8c4d5ebe8d6a779514a86adea92c610376	hca	extravillous trophoblast cell	extravillous trophoblast cell	2	ENSG00000206503 | ENSG00000234745	HLA-A | HLA-B
profile:616210034920cee05bb4	hca:0265_10.1038_s41591-019-0750-6_ba0c7c2ce5	source:sha256:f5e29ff6d43663bdbd43eea35729c33a1e8f35d92e6d755ee78f4a20dfff353a	hca	sox2 high metastatic cell	SOX2-high metastatic cell	1	ENSG00000039068	CDH1
profile:8ba21996bff49f116f3a	hca:0266_10.1016_j.neuron.2021.05.003_0cca870e2c	source:sha256:65dc8ac0ca70e4416329ae46b82dae432c5c960d9f3374efbc8914d821051c55	hca	parvalbumin positive interneuron	parvalbumin-positive interneuron	1	ENSG00000157005	SST
profile:74c5d8039852d8626c25	hca:0267_10.1038_s41586-019-1631-3_36f09e3445	source:sha256:565020e692221e7907ee88b076a6174bca8b7f65146beb2d9f5bcc668b39e1b4	hca	kupffer cell 2	Kupffer cell 2	1	ENSG00000145850	TIMD4
profile:38a4be01f3f92b1cc9b2	hca:0267_10.1038_s41586-019-1631-3_36f09e3445	source:sha256:565020e692221e7907ee88b076a6174bca8b7f65146beb2d9f5bcc668b39e1b4	hca	liver sinusoidal endothelial cell	liver sinusoidal endothelial cell	1	ENSG00000174059	CD34
profile:77a25ece834eeb67d862	hca:0269_10.1016_j.xgen.2022.100142_dd45161589	source:sha256:326dc986dc90a9f6b19ede2f09e65ff2b3d8fe336e9cd4311a34623448a6a145	hca	retinal ganglion cell 1	retinal ganglion cell 1	1	ENSG00000179774	ATOH7
profile:05b76f1d92c79679ca89	hca:0269_10.1016_j.xgen.2022.100142_dd45161589	source:sha256:326dc986dc90a9f6b19ede2f09e65ff2b3d8fe336e9cd4311a34623448a6a145	hca	retinal ganglion cell 3	retinal ganglion cell 3	1	ENSG00000179774	ATOH7
profile:5580b0e80b6b8eecf830	hca:0270_10.1038_s41467-022-30557-4_ba2c76ba96	source:sha256:994a63de7475ed25c5efc7501de7fe0b7943bbc4696425dfaaccf10f1b56a65e	hca	ccr7 positive dendritic cell	CCR7-positive dendritic cell	1	ENSG00000170458	CD14
profile:c4c94509c2e26c174ada	hca:0270_10.1038_s41467-022-30557-4_ba2c76ba96	source:sha256:994a63de7475ed25c5efc7501de7fe0b7943bbc4696425dfaaccf10f1b56a65e	hca	dendritic cell	dendritic cell	1	ENSG00000170458	CD14
profile:35207030a06d276ca716	hca:0270_10.1038_s41467-022-30557-4_ba2c76ba96	source:sha256:994a63de7475ed25c5efc7501de7fe0b7943bbc4696425dfaaccf10f1b56a65e	hca	myeloid derived suppressor cell	myeloid-derived suppressor cell	1	ENSG00000019582	CD74
profile:b0a0d57a8bd554a20520	hca:0274_10.1016_j.isci.2021.103592_3ec037cca1	source:sha256:24c58e16d995efe3e176490b43f728e26716b147cc3c10edb667a2655f734792	hca	ductal cell	ductal cell	1	ENSG00000162078	ZG16B
profile:89f83ab4f02a30296542	hca:0275_10.1016_j.cell.2020.08.001_8e5789b307	source:sha256:8059cff93894124a04c967bc9e6d3f56f9d7f3dd5bd58e68a76e38066c7c61a3	hca	non classical monocyte	non-classical monocyte	1	ENSG00000170458	CD14
profile:e7aab9e4e25acc441349	hca:0276_10.1161_circulationaha.120.051921_99b9da8ca5	source:sha256:f1a717c1ba709dd5d2e02e2a37aaf8a8f4edd57d4511e2e3d85aa0cb692828dc	hca	cardiomyocyte	cardiomyocyte	4	ENSG00000112175 | ENSG00000113580 | ENSG00000159173 | ENSG00000169083	BMP5 | NR3C1 | TNNI1 | AR
profile:7e43ecedd9df7e5cee5f	hca:0278_10.1007_s10911-020-09466-z_d1b799dcf6	source:sha256:5b3e493fed2eb94b081533e57ab59ca2a8646f7a5548612236739b1875b800c2	hca	milk derived cell	milk-derived cell	3	ENSG00000111704 | ENSG00000181449 | ENSG00000204531	NANOG | SOX2 | POU5F1
profile:6fafaa11e8c5c840125b	hca:0279_10.1186_s12860-019-0199-y_bf14d4299c	source:sha256:2d7ff546aae2ff1c0f8f578b326622119bfc1efc1371709cd0eac8ee2c91fa6b	hca	conventional dendritic cell type 1	conventional dendritic cell type 1	1	ENSG00000137265	IRF4
profile:e923d1e46789ff0ef69b	hca:0279_10.1186_s12860-019-0199-y_bf14d4299c	source:sha256:2d7ff546aae2ff1c0f8f578b326622119bfc1efc1371709cd0eac8ee2c91fa6b	hca	conventional dendritic cell type 2	conventional dendritic cell type 2	1	ENSG00000140968	IRF8
profile:81fe35af1ebcc9b8a075	hca:0283_10.1161_circulationaha.120.052318_08d58c2441	source:sha256:472eb0f3c517bb643c3041ff08f6bbb595ef6f55411268d4b0f89f269fc095ad	hca	aerocyte	aerocyte	14	ENSG00000047617 | ENSG00000085276 | ENSG00000099260 | ENSG00000110799 | ENSG00000113594 | ENSG00000116678 | ENSG00000125810 | ENSG00000127329 | ENSG00000150938 | ENSG00000156049 | ENSG00000166265 | ENSG00000169385 | ENSG00000174175 | ENSG00000178726	ANO2 | MECOM | PALMD | VWF | LIFR | LEPR | CD93 | PTPRB | CRIM1 | GNA14 | CYYR1 | RNASE2 | SELP | CD141
profile:8908b6b927b735996fdb	hca:0283_10.1161_circulationaha.120.052318_08d58c2441	source:sha256:472eb0f3c517bb643c3041ff08f6bbb595ef6f55411268d4b0f89f269fc095ad	hca	pulmonary venous endothelial cell	pulmonary–venous endothelial cell	1	ENSG00000204291	COL15A1
profile:a617cbb179f7dea25190	hca:0286_10.1038_s41467-018-06318-7_d818827349	source:sha256:c1db0c629796c4f4c8632ac66dfee93df76f3d32ccfaccbc389fad6cd27a9ec4	hca	cd68 positive marco negative inflammatory macrophage	CD68-positive MARCO-negative inflammatory macrophage	1	ENSG00000177575	CD163
profile:4351293b8f842a2a0a3b	hca:0286_10.1038_s41467-018-06318-7_d818827349	source:sha256:c1db0c629796c4f4c8632ac66dfee93df76f3d32ccfaccbc389fad6cd27a9ec4	hca	central venous liver sinusoidal endothelial cell	central venous liver sinusoidal endothelial cell	1	ENSG00000110799	VWF
profile:5b3491d268580619b41e	hca:0286_10.1038_s41467-018-06318-7_d818827349	source:sha256:c1db0c629796c4f4c8632ac66dfee93df76f3d32ccfaccbc389fad6cd27a9ec4	hca	mature antigen inexperienced b cell	mature antigen inexperienced B cell	2	ENSG00000115884 | ENSG00000139193	SDC1 | CD27
profile:302d7252085e08612a25	hca:0286_10.1038_s41467-018-06318-7_d818827349	source:sha256:c1db0c629796c4f4c8632ac66dfee93df76f3d32ccfaccbc389fad6cd27a9ec4	hca	natural killer like cell	natural killer-like cell	2	ENSG00000203747 | ENSG00000213949	FCGR3A | ITGA1
profile:22ef536b3842e26caed5	hca:0286_10.1038_s41467-018-06318-7_d818827349	source:sha256:c1db0c629796c4f4c8632ac66dfee93df76f3d32ccfaccbc389fad6cd27a9ec4	hca	non liver sinusoidal endothelial cell	non-liver sinusoidal endothelial cell	3	ENSG00000072694 | ENSG00000133800 | ENSG00000136011	FCGR2B | LYVE1 | STAB2
profile:3855ca7b78f7878f6f3d	hca:0286_10.1038_s41467-018-06318-7_d818827349	source:sha256:c1db0c629796c4f4c8632ac66dfee93df76f3d32ccfaccbc389fad6cd27a9ec4	hca	periportal liver sinusoidal endothelial cell	periportal liver sinusoidal endothelial cell	4	ENSG00000072694 | ENSG00000133800 | ENSG00000136011 | ENSG00000170458	FCGR2B | LYVE1 | STAB2 | CD14
profile:eb70d99842cd691d9f28	hca:0286_10.1038_s41467-018-06318-7_d818827349	source:sha256:c1db0c629796c4f4c8632ac66dfee93df76f3d32ccfaccbc389fad6cd27a9ec4	hca	plasma cell	plasma cell	1	ENSG00000156738	MS4A1
profile:e29b9c3ed6388cbb9371	hca:0294_10.1038_ni.3368_b6f196ee59	source:sha256:31f2701f1bd11eb5ba10ad31231810f73fc1f7dce15e2ed637878f70810e2947	hca	type 2 innate lymphoid cell	type 2 innate lymphoid cell	1	ENSG00000081059	TCF7
profile:87f55198f72a09c2413e	hca:0295_10.1016_j.isci.2021.102551_1c1e582cdd	source:sha256:d81c95364c85ea8aeb6a0dbf5dbeaa2b0d95c3737f251d676c56e84528be526b	hca	myofibroblast	myofibroblast	1	ENSG00000154096	THY1
profile:1f114b325da622ef80c7	hca:0299_10.1038_s41467-019-11266-x_d55119ff52	source:sha256:436823ff9164dcf79c606fdfc01c716b873f71fbc01babc783feed83014af8a8	hca	adult hepatobiliary hybrid progenitor cell	adult hepatobiliary hybrid progenitor cell	6	ENSG00000117983 | ENSG00000160180 | ENSG00000160181 | ENSG00000160182 | ENSG00000169894 | ENSG00000185499	MUC5B | TFF3 | TFF2 | TFF1 | MUC3A | MUC1
profile:c23a24344c8220a9d281	hca:0299_10.1038_s41467-019-11266-x_d55119ff52	source:sha256:436823ff9164dcf79c606fdfc01c716b873f71fbc01babc783feed83014af8a8	hca	foetal hepatocyte	foetal hepatocyte	5	ENSG00000115415 | ENSG00000118785 | ENSG00000125398 | ENSG00000135480 | ENSG00000275410	STAT1 | SPP1 | SOX9 | KRT7 | HNF1B
profile:b623383ccd11242da7ba	hca:0299_10.1038_s41467-019-11266-x_d55119ff52	source:sha256:436823ff9164dcf79c606fdfc01c716b873f71fbc01babc783feed83014af8a8	hca	mature biliary epithelial cell	mature biliary epithelial cell	1	ENSG00000163631	ALB
profile:bcbdd0a10ac361a6c087	hca:0299_10.1038_s41467-019-11266-x_d55119ff52	source:sha256:436823ff9164dcf79c606fdfc01c716b873f71fbc01babc783feed83014af8a8	hca	mature hepatocyte	mature hepatocyte	1	ENSG00000081051	AFP
profile:f9f037682ec497504c65	hca:0302_10.1016_j.isci.2022.104772_3e028c0be0	source:sha256:94535d0d70f7211809fb7502f2512ae398f64fb39eb775d1f7b3ee316ca7ec88	hca	adipocyte	adipocyte	4	ENSG00000004468 | ENSG00000011465 | ENSG00000124788 | ENSG00000134853	CD38 | DCN | ATXN1 | PDGFRA
profile:317a076ce724400cdb38	hca:0302_10.1016_j.isci.2022.104772_3e028c0be0	source:sha256:94535d0d70f7211809fb7502f2512ae398f64fb39eb775d1f7b3ee316ca7ec88	hca	committed pre adipocyte	committed pre-adipocyte	3	ENSG00000011465 | ENSG00000113721 | ENSG00000134853	DCN | PDGFRB | PDGFRA
profile:4ce361559594c152a723	hca:0302_10.1016_j.isci.2022.104772_3e028c0be0	source:sha256:94535d0d70f7211809fb7502f2512ae398f64fb39eb775d1f7b3ee316ca7ec88	hca	hematopoietic derived stem cell	hematopoietic-derived stem cell	1	ENSG00000134853	PDGFRA
profile:cbece70c78447080b35c	hca:0302_10.1016_j.isci.2022.104772_3e028c0be0	source:sha256:94535d0d70f7211809fb7502f2512ae398f64fb39eb775d1f7b3ee316ca7ec88	hca	pre adipocyte	pre-adipocyte	3	ENSG00000011465 | ENSG00000113721 | ENSG00000134853	DCN | PDGFRB | PDGFRA
profile:1d53c923fd0d128f6193	hca:0302_10.1016_j.isci.2022.104772_3e028c0be0	source:sha256:94535d0d70f7211809fb7502f2512ae398f64fb39eb775d1f7b3ee316ca7ec88	hca	stem cell	stem cell	2	ENSG00000081237 | ENSG00000261371	PTPRC | PECAM1
profile:215dc48d24b39b75682b	hca:0302_10.1016_j.isci.2022.104772_3e028c0be0	source:sha256:94535d0d70f7211809fb7502f2512ae398f64fb39eb775d1f7b3ee316ca7ec88	hca	stem cell 3	stem cell 3	1	ENSG00000174059	CD34
profile:9835a398b074c7f8f7bd	hca:0306_10.1038_s41467-021-22368-w_5524560e05	source:sha256:413039053dfae66c9f4fbba29566bceaf3d41acbadc80a93604dd4f3adb4cd98	hca	vcam1 positive proximal tubule cell	VCAM1-positive proximal tubule cell	3	ENSG00000080493 | ENSG00000101076 | ENSG00000148942	SLC4A4 | HNF4A | SLC5A12
profile:4d9937da669c8d776bc7	hca:0308_10.1242_dev.199711_724ab19d33	source:sha256:356ab3095fb1bfa589e943d0944a3599d24e06f33762b3c3a34013dd2db2ca51	hca	phox2b expressing neuron	PHOX2B-expressing neuron	1	ENSG00000164532	TBX20
profile:49cab9117f254473c93b	hca:0308_10.1242_dev.199711_724ab19d33	source:sha256:356ab3095fb1bfa589e943d0944a3599d24e06f33762b3c3a34013dd2db2ca51	hca	visceral motor neuron	visceral motor neuron	1	ENSG00000164532	TBX20
profile:c59c64d109f853b45cc4	hca:0313_10.1016_j.celrep.2022.110467_a2771a8ae7	source:sha256:0ee2fa140ebd517fab014a9a6914ba841a348bff2b4ae06c4fdd9f4afcf5634c	hca	pituitary stem cell	pituitary stem cell	1	ENSG00000148773	MKI67
profile:e650b2b993585d097fb8	hca:0314_10.1016_j.cell.2017.09.004_62170aa227	source:sha256:89357a0e541a365a71f0370c4f03e0e78772566a851aa15b1c4570844c8368c5	hca	islet cell	islet cell	1	ENSG00000142168	SOD1
profile:fcc5d16fecb8e4342078	hca:0315_10.1158_2159-8290.cd-21-0683_4c7216e47a	source:sha256:d6cdfd487c92ede4da6cb48eb71f856dca3f3bd9ab1fc1ec45960d085521f0b9	hca	plasmablast	plasmablast	1	ENSG00000115884	SDC1
profile:86c7ff5cb5a448bfc720	hca:0317_10.1016_j.celrep.2019.02.043_aed04e8aae	source:sha256:a1963b2e5f5e5b775f5350c650f2b31ec9ef3998ece2c5fb4a1cc33742abb101	hca	activated pancreatic stellate cell	activated pancreatic stellate cell	2	ENSG00000148671 | ENSG00000170323	ADIRF | FABP4
profile:199861b440a3991fdfb4	hca:0321_10.1002_stem.3302_bfd2270715	source:sha256:195c0488a571055ea3d1036f324ff8c078663a832f7d5580e807360e4ede93e7	hca	induced alveolar type i cell	induced alveolar type I cell	1	ENSG00000168484	SFTPC
profile:e03bd15090052de2de20	hca:0322_10.3389_fonc.2021.719564_a0cfb67753	source:sha256:d8c41cf70da646492030484b10ed910dce79cedb25ad5897e8fd9b3e64da0593	hca	quiescent fibroblast	quiescent fibroblast	2	ENSG00000107796 | ENSG00000149591	ACTA2 | TAGLN
profile:9b21847610c1691ce947	hca:0329_10.1164_rccm.201712-2410oc_fdd97d9097	source:sha256:53d205df848b4835558f103f0d5ee12c78fae8753b3b8a7502927c520a095c73	hca	tissue resident alveolar macrophage	tissue-resident alveolar macrophage	2	ENSG00000130203 | ENSG00000204103	APOE | MAFB
profile:32c5dc41102d53248172	hca:0334_10.1681_asn.2018020125_804c4742d9	source:sha256:6c64d0d10a6b216f2d5f7c8caf8329996710a47d88b87064d566886fdcb1812d	hca	monocyte 1	monocyte 1	1	ENSG00000085265	FCN1
profile:163fcf33de851b1b93bb	hca:0334_10.1681_asn.2018020125_804c4742d9	source:sha256:6c64d0d10a6b216f2d5f7c8caf8329996710a47d88b87064d566886fdcb1812d	hca	monocyte 2	monocyte 2	1	ENSG00000203747	FCGR3A
profile:8c431c2b252a39e084b4	hca:0335_10.2337_db16-0405_ae79f269d3	source:sha256:d2bf625b693c16777d442424588efe9635c564d1b3db6c04a1bc5d53aacf82c8	hca	alpha cell	alpha cell	2	ENSG00000082701 | ENSG00000157540	GSK3B | DYRK1A
profile:212b8da9a90722cf45b6	hca:0340_10.1038_s41467-020-16164-1_15fae00c00	source:sha256:5b528c1c54d7f4e0d6bc45aa13ac677287e9449c4b449287eb0d97e9bca6bebc	hca	plasmacytoid dendritic cell	plasmacytoid dendritic cell	4	ENSG00000078081 | ENSG00000112149 | ENSG00000114013 | ENSG00000121594	LAMP3 | CD83 | CD86 | CD80
profile:f8f3abb07428a26bc0ef	hca:0347_10.1186_s12943-021-01419-2_236ba26890	source:sha256:05257e1cb953a6b81abf36776dd683d06b0ad54af19ecb456e7a781e18db2e00	hca	malignant t cell	malignant T cell	1	ENSG00000173762	CD7
profile:256cc0f06facfd30deab	hca:0347_10.1186_s12943-021-01419-2_236ba26890	source:sha256:05257e1cb953a6b81abf36776dd683d06b0ad54af19ecb456e7a781e18db2e00	hca	malignant t cell clone	malignant T cell clone	6	ENSG00000110848 | ENSG00000121966 | ENSG00000128016 | ENSG00000168685 | ENSG00000204389 | ENSG00000265972	CD69 | CXCR4 | ZFP36 | IL7R | HSPA1A | TXNIP
profile:3908f64ca1f1e79c67c9	hca:0348_10.1126_sciadv.aba1972_746bae0b3c	source:sha256:ac4a7d06b8b3d927191970d0612d10682bcefe997a512210adecd3b1f49656f8	hca	endothelial cell	endothelial cell	1	ENSG00000081237	PTPRC
profile:7c683ccb29fde55e6f1a	hca:0348_10.1126_sciadv.aba1972_746bae0b3c	source:sha256:ac4a7d06b8b3d927191970d0612d10682bcefe997a512210adecd3b1f49656f8	hca	krt5 negative krt17 positive epithelial cell	KRT5-negative/KRT17-positive epithelial cell	4	ENSG00000107796 | ENSG00000134853 | ENSG00000186081 | ENSG00000196154	ACTA2 | PDGFRA | KRT5 | S100A4
profile:d34f7c8541a2584db740	hca:0348_10.1126_sciadv.aba1972_746bae0b3c	source:sha256:ac4a7d06b8b3d927191970d0612d10682bcefe997a512210adecd3b1f49656f8	hca	mesenchymal cell	mesenchymal cell	3	ENSG00000081237 | ENSG00000119888 | ENSG00000261371	PTPRC | EPCAM | PECAM1
profile:47645267cefe4ea56abf	hca:0349_10.1038_s41467-023-36296-4_67ae3c1e19	source:sha256:575c2629070b3e5e3da8132b6cab22557aed5894c8d139aa4e6e239dfbf9d68a	hca	myofibroblastic cancer associated fibroblast	myofibroblastic cancer-associated fibroblast	1	ENSG00000123500	COL10A1
profile:4f8b7ada154d8b0855be	hca:0350_10.1038_s41421-020-0157-z_3083f6da26	source:sha256:c68c47cb914b071547710d0810c7a78e1796671569d0b8cc888a8410729dbd86	hca	antibody secreting cell	antibody-secreting cell	2	ENSG00000119866 | ENSG00000196092	BCL11A | PAX5
profile:d89720a3fc83083d5518	hca:0352_10.1038_nature25980_27cde67bed	source:sha256:507bd3bebb9d025a12afe4eb0229929806c5ea77f4568ae659e94f74a482da53	hca	upper layer neuron	upper layer neuron	1	ENSG00000128573	FOXP2
profile:a8649422db3d867c7626	hca:0353_10.1016_j.neuron.2017.02.014_ebc3a9c467	source:sha256:f0d537e79908a6527c9d5e7115856cbb256889d4a5c9f3edb8d46fe126ef784f	hca	cortical interneuron	cortical interneuron	1	ENSG00000162624	LHX8
profile:2e07a2fac8e7d5fdfa37	hca:0354_10.1172_jci128475_002a5124c6	source:sha256:59f5541bc1624d29d46a244178aad4fcb0a57880315f8870cf916f9bd4903cb6	hca	tissue resident memory t cell	tissue-resident memory T cell	5	ENSG00000081059 | ENSG00000126353 | ENSG00000127528 | ENSG00000170989 | ENSG00000188404	TCF7 | CCR7 | KLF2 | S1PR1 | SELL
profile:a985677997c7d89efd20	hca:0356_10.3389_fcell.2020.00384_845548ef53	source:sha256:10288b3c8437d295dbe2f42ec34c057068cdfb52b0dabb9369e0400f3b2989c2	hca	stimulated natural killer t cell cluster 2 sub cluster b	stimulated natural killer T cell cluster 2 sub-cluster B	3	ENSG00000111537 | ENSG00000113520 | ENSG00000143184	IFNG | IL4 | XCL1
profile:ea8f5a45dc2d360dbc99	hca:0357_10.1126_science.abf1970_a409ac73f2	source:sha256:835d70c179ff282df413d8dfbb7fd07ed779c0c39b8bbbceba7f6a9e8605f266	hca	atypical b cell	atypical B cell	1	ENSG00000117322	CR2
profile:9ffe3fa3a1fa0bf35ee8	hca:0357_10.1126_science.abf1970_a409ac73f2	source:sha256:835d70c179ff282df413d8dfbb7fd07ed779c0c39b8bbbceba7f6a9e8605f266	hca	effector memory cd4 t cell	effector memory CD4+ T cell	1	ENSG00000126353	CCR7
profile:6d492b941e32c50b4819	hca:0358_10.1126_sciadv.aba1983_17b603cdcb	source:sha256:8faaf635c04f23e95f3c92fcaa95254e9e5347c10eb2252b0d4333f29f06f678	hca	aberrant basaloid cell	aberrant basaloid cell	3	ENSG00000171346 | ENSG00000186081 | ENSG00000230937	KRT15 | KRT5 | MIR205HG
profile:f3c505fe6405ee28ff58	hca:0359_10.1101_759902_400af2c5fc	title:single cell rna seq reveals ectopic and aberrant lung resident cell populations in idiopathic pulmonary fibrosis	hca	aberrant basaloid cell	aberrant basaloid cell	2	ENSG00000171346 | ENSG00000186081	KRT15 | KRT5
profile:ad99d35c0eb0186cc1a2	hca:0360_10.1084_jem.20161135_0465d3ea50	source:sha256:81a239de5b3cdcb93300b31293f698ed82febce8e2b24ed05f2e4cdda7ed7f59	hca	cd172a pre conventional dendritic cell	CD172a− pre-conventional dendritic cell	1	ENSG00000198053	SIRPA
profile:c5c2063f3901953361e4	hca:0361_10.1016_j.gpb.2020.11.002_84c7c58535	source:sha256:78a3655e6150807d36fe896ef6703e950ee6cd3527f67d8d8c5958f7f8daf44b	hca	decidual natural killer cell 4	decidual natural killer cell 4	1	ENSG00000213949	ITGA1
profile:a466ec717b68944163a0	hca:0362_10.1038_s41591-019-0733-7_d499f1b21b	source:sha256:1ed7ace4800db839432c5547afd3ae9d762499f9761fc2da6b4b7e2e53344bd0	hca	peripheral blood mononuclear cell t cell subcluster	peripheral blood mononuclear cell T cell subcluster	1	ENSG00000126353	CCR7
profile:3ac66aa86395efb40d59	hca:0366_10.1038_s41467-021-22164-6_097f05776f	source:sha256:cc9acb9cf98b5683c9ea50e2840c2105c0f3ff551c75e1421e6548e48d59da95	hca	tissue resident cd8 positive t cell cluster 0 1 2	tissue-resident CD8-positive T cell cluster 0-1 2	1	ENSG00000138185	ENTPD1
profile:f2ecb3c644fe5c71ef46	hca:0368_10.1016_j.cell.2019.08.008_98c14c4ebe	source:sha256:22b6734c804058fd55b82d7afbed97676cd9726cd1a18849466ab6b63be9880c	hca	group 3 innate lymphoid cell	group 3 innate lymphoid cell	1	ENSG00000081237	PTPRC
profile:b5f9cee6a10bad488321	hca:0368_10.1016_j.cell.2019.08.008_98c14c4ebe	source:sha256:22b6734c804058fd55b82d7afbed97676cd9726cd1a18849466ab6b63be9880c	hca	t follicular helper like cell	T follicular helper-like cell	4	ENSG00000030419 | ENSG00000049768 | ENSG00000134460 | ENSG00000186891	IKZF2 | FOXP3 | IL2RA | TNFRSF18
profile:7eaf118f3ae8fb9f352c	hca:0369_10.1038_s41598-020-64929-x_0cb78e8038	source:sha256:1e5a53ba6ceb9a9bbbb23e300aa73958bcfe4abe5e5088b51f33c196f411416e	hca	b cell acute lymphoblastic leukemia cell	B cell acute lymphoblastic leukemia cell	1	ENSG00000167286	CD3D
profile:c07fd72075b832a884cf	hca:0372_10.1016_j.ccell.2021.10.009_d6ab4790aa	source:sha256:260eddae762a08bc4b3faa13d9a67b790a1a32f5ee4308d435202217f9896cf1	hca	azu1 positive macrophage	AZU1-positive macrophage	1	ENSG00000005381	MPO
profile:b69d1b29f5f41e363b87	hca:0372_10.1016_j.ccell.2021.10.009_d6ab4790aa	source:sha256:260eddae762a08bc4b3faa13d9a67b790a1a32f5ee4308d435202217f9896cf1	hca	cd14 positive monocyte	CD14-positive monocyte	3	ENSG00000088827 | ENSG00000155659 | ENSG00000260314	SIGLEC1 | VSIG4 | MRC1
profile:c15a46703231dfcf8ea4	hca:0372_10.1016_j.ccell.2021.10.009_d6ab4790aa	source:sha256:260eddae762a08bc4b3faa13d9a67b790a1a32f5ee4308d435202217f9896cf1	hca	cd16 positive monocyte	CD16-positive monocyte	3	ENSG00000088827 | ENSG00000155659 | ENSG00000260314	SIGLEC1 | VSIG4 | MRC1
profile:c014b1e01b4c6013be16	hca:0372_10.1016_j.ccell.2021.10.009_d6ab4790aa	source:sha256:260eddae762a08bc4b3faa13d9a67b790a1a32f5ee4308d435202217f9896cf1	hca	dc3	DC3	1	ENSG00000110448	CD5
profile:f2241273a11d725fd45c	hca:0372_10.1016_j.ccell.2021.10.009_d6ab4790aa	source:sha256:260eddae762a08bc4b3faa13d9a67b790a1a32f5ee4308d435202217f9896cf1	hca	interstitial macrophage	interstitial macrophage	1	ENSG00000132170	PPARG
profile:388dd90ce7a804f9ca79	hca:0372_10.1016_j.ccell.2021.10.009_d6ab4790aa	source:sha256:260eddae762a08bc4b3faa13d9a67b790a1a32f5ee4308d435202217f9896cf1	hca	natural killer cell	natural killer cell	2	ENSG00000167286 | ENSG00000277734	CD3D | TRAC
profile:213b9b3dfe7efa25c15a	hca:0374_10.1136_annrheumdis-2018-214865_9f6cd4034f	source:sha256:01fdf3cc0351f9568f80a98ef13ba671a1b9eb0661bc053582b13f4ed0c289f8	hca	myofibroblast	myofibroblast	3	ENSG00000133392 | ENSG00000174059 | ENSG00000175084	MYH11 | CD34 | DES
profile:831f5be17c4da04054bb	hca:0375_10.1016_j.jaci.2021.07.025_bdc966c89b	source:sha256:d81fb0fdf5199e35f98a8df9744a7564378b31734122689f90fbc5ff3fae597c	hca	group 1 innate lymphoid cell	group 1 innate lymphoid cell	2	ENSG00000157404 | ENSG00000183134	KIT | PTGDR2
profile:0258e38c7da5bd786a8d	hca:0375_10.1016_j.jaci.2021.07.025_bdc966c89b	source:sha256:d81fb0fdf5199e35f98a8df9744a7564378b31734122689f90fbc5ff3fae597c	hca	group 3 innate lymphoid cell	group 3 innate lymphoid cell	1	ENSG00000183134	PTGDR2
profile:54cfed379b5cf5d71ce9	hca:0376_10.1038_s41590-017-0001-2_5fb0775c07	source:sha256:ba7f0efa0dd3c4fa9d8cdd121a9015cca35507c57c3f7bab00f818be14b301c2	hca	granulocyte macrophage progenitor	granulocyte-macrophage progenitor	2	ENSG00000188404 | ENSG00000196549	SELL | MME
profile:e643ccc2b32d19cfcf25	hca:0377_10.7554_elife.64875_32e53ae733	source:sha256:63cd36a3c69ea6a3edcab552c76a6971ea4c7082a56dbadac78c8f542794117e	hca	magnocellular parvocellular projection neuron	magnocellular/parvocellular projection neuron	3	ENSG00000070808 | ENSG00000104327 | ENSG00000126583	CAMK2A | CALB1 | PRKCG
profile:c34c7d30a45eb8cb7aef	hca:0379_10.1038_s41698-022-00300-9_7bb9a273c6	source:sha256:6c844e5b8a01888813942b04ce7d101565bba168349acc9496609334e8ee0d3e	hca	exhausted cd8 positive t cell subtype tex01	exhausted CD8-positive T cell subtype Tex01	1	ENSG00000100219	XBP1
profile:602b98598a04306742d0	hca:0379_10.1038_s41698-022-00300-9_7bb9a273c6	source:sha256:6c844e5b8a01888813942b04ce7d101565bba168349acc9496609334e8ee0d3e	hca	exhausted cd8 positive t cell subtype tex02	exhausted CD8-positive T cell subtype Tex02	4	ENSG00000135077 | ENSG00000163599 | ENSG00000188389 | ENSG00000204381	HAVCR2 | CTLA4 | PDCD1 | LAYN
profile:6d44b6c10c469ba8ce9d	hca:0379_10.1038_s41698-022-00300-9_7bb9a273c6	source:sha256:6c844e5b8a01888813942b04ce7d101565bba168349acc9496609334e8ee0d3e	hca	exhausted cd8 positive t cell subtype tex03	exhausted CD8-positive T cell subtype Tex03	1	ENSG00000100219	XBP1
profile:90b7b5fb4f8e0821d950	hca:0379_10.1038_s41698-022-00300-9_7bb9a273c6	source:sha256:6c844e5b8a01888813942b04ce7d101565bba168349acc9496609334e8ee0d3e	hca	exhausted cd8 positive t cell subtype tex05	exhausted CD8-positive T cell subtype Tex05	4	ENSG00000135077 | ENSG00000163599 | ENSG00000188389 | ENSG00000204381	HAVCR2 | CTLA4 | PDCD1 | LAYN
profile:273d93e2f8d972ff6d49	hca:0384_10.1038_s41422-021-00529-2_d6c8237ebe	source:sha256:2f69c985e7cae45d6fbfdaa8115f00128173f4a45131983648b011d71e091a4d	hca	group 1 innate lymphoid cell	Group 1 innate lymphoid cell	2	ENSG00000157404 | ENSG00000168685	KIT | IL7R
profile:beac902f27c324d97a7b	hca:0384_10.1038_s41422-021-00529-2_d6c8237ebe	source:sha256:2f69c985e7cae45d6fbfdaa8115f00128173f4a45131983648b011d71e091a4d	hca	ilc3_a	ILC3_a	2	ENSG00000143365 | ENSG00000157404	RORC | KIT
profile:c84bb4ff551d313bf217	hca:0393_10.1038_s42255-022-00531-x_b92878970e	source:sha256:0c9f7dac4ce55d85a28c39cfc25c655313e364e51f09b97480b5f4bf4267e7fa	hca	type 1 diabetes ductal cell	Type 1 Diabetes ductal cell	2	ENSG00000114013 | ENSG00000121594	CD86 | CD80
profile:a9eb2a675113024b04e7	hca:0394_10.1038_s41591-021-01329-2_7dcc6ae73c	source:sha256:5f85de333fec849daa1a71164d5574b1108dc0828c0b5968cfa7881919587bac	hca	immature cd34 positive hematopoietic stem progenitor cell	immature CD34-positive hematopoietic stem/progenitor cell	1	ENSG00000004468	CD38
profile:91b5d6fa18348901b74d	hca:0394_10.1038_s41591-021-01329-2_7dcc6ae73c	source:sha256:5f85de333fec849daa1a71164d5574b1108dc0828c0b5968cfa7881919587bac	hca	mature migratory dendritic cell	mature migratory dendritic cell	2	ENSG00000158481 | ENSG00000197992	CD1C | CLEC9A
profile:92c1afe97a2f9f12614e	hca:0394_10.1038_s41591-021-01329-2_7dcc6ae73c	source:sha256:5f85de333fec849daa1a71164d5574b1108dc0828c0b5968cfa7881919587bac	hca	plasmablast	plasmablast	2	ENSG00000156738 | ENSG00000177455	MS4A1 | CD19
profile:8860cb8f47f587b6f7ce	hca:0399_10.1016_j.immuni.2019.08.008_d590b8282e	source:sha256:a32cf5e1859815e3b02360698dd1aa5d505e0707d8cdd544b42e08ac7c89d8a7	hca	inflammatory dc3	inflammatory DC3	1	ENSG00000110448	CD5
profile:ec76d7004ee8d50b3b75	hca:0400_10.1038_s41467-022-35297-z_0eab5d0ba9	source:sha256:55097f0980393f70113ebb6c080cfb51241cd1f55a288a3797f8d7dcea83e831	hca	endothelial cell cluster endo2	endothelial cell cluster Endo2	1	ENSG00000128052	KDR
profile:374ca555efc096064e7e	hca:0400_10.1038_s41467-022-35297-z_0eab5d0ba9	source:sha256:55097f0980393f70113ebb6c080cfb51241cd1f55a288a3797f8d7dcea83e831	hca	natural killer cell	natural killer cell	1	ENSG00000198851	CD3E
profile:87c25ae8cfea257fc284	hca:0401_10.21203_rs.3.rs-151881_v1_d8e8733600	source:sha256:4d3fba0727a9900486deeee6816ba6e98ea260e4ef22fe7b3d20d7890558d13b	hca	progenitor cell	progenitor cell	11	ENSG00000007062 | ENSG00000007372 | ENSG00000026025 | ENSG00000129654 | ENSG00000131095 | ENSG00000132688 | ENSG00000139352 | ENSG00000146648 | ENSG00000165092 | ENSG00000171476 | ENSG00000171885	PROM1 | PAX6 | VIM | FOXJ1 | GFAP | NES | ASCL1 | EGFR | ALDH1A1 | HOPX | AQP4
profile:a81785f8f12315bc49cb	hca:0403_10.1038_s41467-019-11036-9_eff650140f	source:sha256:6c4f0cce87d12ec068bdb50760e5ee16a025c890503d8ebaf710cb56fde5746d	hca	atretic granulosa cell	atretic granulosa cell	5	ENSG00000038427 | ENSG00000111057 | ENSG00000134363 | ENSG00000152661 | ENSG00000170558	VCAN | KRT18 | FST | GJA1 | CDH2
profile:07ebb3683933eb8df6e7	hca:0403_10.1038_s41467-019-11036-9_eff650140f	source:sha256:6c4f0cce87d12ec068bdb50760e5ee16a025c890503d8ebaf710cb56fde5746d	hca	atretic theca cell	atretic theca cell	1	ENSG00000168542	COL3A1
profile:a17db453f46c8a13dc8b	hca:0403_10.1038_s41467-019-11036-9_eff650140f	source:sha256:6c4f0cce87d12ec068bdb50760e5ee16a025c890503d8ebaf710cb56fde5746d	hca	mural granulosa cell	mural granulosa cell	2	ENSG00000135625 | ENSG00000184937	EGR4 | WT1
profile:6e45e39ec95da006bf11	hca:0403_10.1038_s41467-019-11036-9_eff650140f	source:sha256:6c4f0cce87d12ec068bdb50760e5ee16a025c890503d8ebaf710cb56fde5746d	hca	progenitor granulosa cell	progenitor granulosa cell	2	ENSG00000038427 | ENSG00000134363	VCAN | FST
profile:dcb9478171b8f6ffc2f9	hca:0404_10.1038_s41586-022-04918-4_6a15fd8ba2	source:sha256:7f7123f268f8c7247f6b643261fef5d3015700e5775219f0f5f532c6b869b378	hca	early somatic cell	early somatic cell	2	ENSG00000125872 | ENSG00000243566	LRRN4 | UPK3B
profile:3c575b4d747d7a23ff2a	hca:0404_10.1038_s41586-022-04918-4_6a15fd8ba2	source:sha256:7f7123f268f8c7247f6b643261fef5d3015700e5775219f0f5f532c6b869b378	hca	early supporting gonadal cell	early supporting gonadal cell	3	ENSG00000004848 | ENSG00000118526 | ENSG00000143355	ARX | TCF21 | LHX9
profile:d95093afd50161e1444f	hca:0406_10.1093_brain_awab446_1c9ee67691	source:sha256:bc8c936db0533fe5839bbe3024ead6e3749edfd5dab2cd0e4c8e442156b34945	hca	cadps2 high cell	CADPS2 high cell	1	ENSG00000180176	TH
profile:7767c1ec23a7f433209b	hca:0406_10.1093_brain_awab446_1c9ee67691	source:sha256:bc8c936db0533fe5839bbe3024ead6e3749edfd5dab2cd0e4c8e442156b34945	hca	cadps2 high neuronal cell cluster	CADPS2 high neuronal cell cluster	1	ENSG00000180176	TH
profile:0cc064068940f34899ae	hca:0412_10.1038_s41598-019-57110-6_5feef6086a	source:sha256:85773a8759e6bb467730cb9a6307428dc97048698bf09a71fab4694f68210269	hca	fibro adipogenic progenitor cell	fibro-adipogenic progenitor cell	1	ENSG00000120156	TEK
profile:9ef48b4d642cd3b97a81	hca:0414_10.1186_s13059-020-02210-0_30c1533a3e	source:sha256:d324fd8e56f20621674261fbb6137dab9a50b88c8ddc70f9623d920019af879e	hca	fcn3_lec lymphatic endothelial cell	FCN3_LEC lymphatic endothelial cell	2	ENSG00000117707 | ENSG00000162493	PROX1 | PDPN
profile:a842da839b04b4eb4416	hca:0416_10.1126_science.aat1699_46d73cdfcb	source:sha256:7eea380fcfd3d82a78bfe1987e91ff1db769c7577fb5ff17c28fd5663ca9c4a1	hca	proximal convoluted tubular cell subtype pt1	proximal convoluted tubular cell subtype PT1	1	ENSG00000164893	SLC7A13
profile:2b0cadca09eefd5fe053	hca:0419_10.1038_s41588-021-00806-1_d66603cd99	source:sha256:072c6e3474ac3160c0be7567f234250905d6be173c89b7a80c8dc4ca3c8518c4	hca	late neuroblast	late neuroblast	1	ENSG00000171094	ALK
profile:7f82d05a3de90cc84eef	hca:0420_10.1111_cas.15979_052ebae233	source:sha256:209d6444902bcb6175227b4a817f1774440f72c84898957413d109b8464559aa	hca	double negative t cell	double negative T cell	4	ENSG00000010610 | ENSG00000049768 | ENSG00000149294 | ENSG00000153563	CD4 | FOXP3 | NCAM1 | CD8A
profile:8c2f34d6da8d8b78809b	hca:0420_10.1111_cas.15979_052ebae233	source:sha256:209d6444902bcb6175227b4a817f1774440f72c84898957413d109b8464559aa	hca	memory b cell	memory B cell	1	ENSG00000004468	CD38
profile:bae19fe47459acd73805	hca:0420_10.1111_cas.15979_052ebae233	source:sha256:209d6444902bcb6175227b4a817f1774440f72c84898957413d109b8464559aa	hca	plasma b cell	plasma B cell	2	ENSG00000156738 | ENSG00000272398	MS4A1 | CD24
profile:9b09463bcf7a11f45f33	hca:0431_10.1038_s44161-022-00028-6_b4c8c1227f	source:sha256:34d696c89eefa23d0b0c41432e6783ac645bef711ebdd6de49ff20c4ee991ca6	hca	dilated cardiomyopathy endocardial cell edc2	dilated cardiomyopathy endocardial cell Edc2	1	ENSG00000185737	NRG3
profile:c5e33cd5b5acb4fbbefe	hca:0432_10.1172_jci.insight.156341_02dc39adcf	source:sha256:0c45f7d290a54df22858e9b0820b711e8e74a50b56920a66fc13df8e5fd6008d	hca	cd8 positive t cell cluster 3	CD8-positive T cell cluster 3	1	ENSG00000100453	GZMB
profile:2f4a714e63d1f99e17b7	hca:0432_10.1172_jci.insight.156341_02dc39adcf	source:sha256:0c45f7d290a54df22858e9b0820b711e8e74a50b56920a66fc13df8e5fd6008d	hca	t follicular helper and or t peripheral helper cell	T follicular helper and/or T peripheral helper cell	1	ENSG00000049768	FOXP3
profile:0c374c254ec4a1e3d65c	hca:0435_10.1038_nm.4336_19432336d2	source:sha256:8a7e2ed092f514dd2fdee737f058b11dfdc47db8f01a8375c8954518021caa9c	hca	blast crisis bcr abl positive chronic myeloid leukemia stem cell	blast crisis BCR-ABL-positive chronic myeloid leukemia stem cell	1	ENSG00000145088	EAF2
profile:247814d17125e1fd472a	hca:0435_10.1038_nm.4336_19432336d2	source:sha256:8a7e2ed092f514dd2fdee737f058b11dfdc47db8f01a8375c8954518021caa9c	hca	group a remission bcr abl positive chronic myeloid leukemia stem cell	group-A remission BCR-ABL-positive chronic myeloid leukemia stem cell	2	ENSG00000121966 | ENSG00000170345	CXCR4 | FOS
profile:bd5a8044ef9ba548543a	hca:0441_10.1038_s41593-020-0621-y_a3edefca60	source:sha256:05163c0e38a0678e6caf52736365d58400630fb82dc791d135b07dc8aebf7e83	hca	inhibitory parvalbumin neuron cluster inhib_7	inhibitory parvalbumin neuron cluster Inhib_7	2	ENSG00000146469 | ENSG00000157005	VIP | SST
profile:0673ee7d408c162ec11f	hca:0450_10.1101_2020.06.30.174391_27363b5885	title:spatial and single cell transcriptional landscape of human cerebellar development	hca	excitatory cerebellar nuclei neuron unipolar brush cell	excitatory cerebellar nuclei neuron/unipolar brush cell	1	ENSG00000148773	MKI67
profile:4575e040c518d6e65059	hca:0451_10.1016_j.jid.2018.01.016_d2589a157e	source:sha256:521673357a61d2b5c0500e49a11d4ec6d4ffd05d1dd59e701a556c399f5277ac	hca	papillary dermal fibroblast	papillary dermal fibroblast	1	ENSG00000197635	DPP4
profile:3fb4222b66c3a6b3b324	hca:0451_10.1016_j.jid.2018.01.016_d2589a157e	source:sha256:521673357a61d2b5c0500e49a11d4ec6d4ffd05d1dd59e701a556c399f5277ac	hca	pericyte	pericyte	1	ENSG00000138185	ENTPD1
profile:a7229819910ff8e23e68	hca:0454_10.1038_s41586-023-05869-0_c19e7dab1e	source:sha256:58954589680e3ce8b0b32cc83a7bef24702816d0e3dcc33b7d59713190251e76	hca	endovascular extravillous trophoblast	endovascular extravillous trophoblast	3	ENSG00000105329 | ENSG00000106799 | ENSG00000163513	TGFB1 | TGFBR1 | TGFBR2
profile:5285d34d676360c64a6c	hca:0454_10.1038_s41586-023-05869-0_c19e7dab1e	source:sha256:58954589680e3ce8b0b32cc83a7bef24702816d0e3dcc33b7d59713190251e76	hca	interstitial extravillous trophoblast	interstitial extravillous trophoblast	1	ENSG00000122861	PLAU
profile:ac3a299729b47c2ff263	hca:0454_10.1038_s41586-023-05869-0_c19e7dab1e	source:sha256:58954589680e3ce8b0b32cc83a7bef24702816d0e3dcc33b7d59713190251e76	hca	placental bed giant cell	placental bed giant cell	3	ENSG00000004399 | ENSG00000172215 | ENSG00000182578	PLXND1 | CXCR6 | CSF1R
profile:8ccedf0ea54b6ff43333	hca:0454_10.1038_s41586-023-05869-0_c19e7dab1e	source:sha256:58954589680e3ce8b0b32cc83a7bef24702816d0e3dcc33b7d59713190251e76	hca	villous cytotrophoblast fusing	villous cytotrophoblast-fusing	4	ENSG00000101144 | ENSG00000116729 | ENSG00000139292 | ENSG00000154310	BMP7 | WLS | LGR5 | TNIK
profile:a15930789e47cf6ccc3b	hca:0454_10.1038_s41586-023-05869-0_c19e7dab1e	source:sha256:58954589680e3ce8b0b32cc83a7bef24702816d0e3dcc33b7d59713190251e76	hca	villous cytotrophoblast of the cytotrophoblast cell column	villous cytotrophoblast of the cytotrophoblast cell column	3	ENSG00000116729 | ENSG00000139292 | ENSG00000154310	WLS | LGR5 | TNIK
profile:ab38820b1fd48e65e5ba	hca:0455_10.1016_j.cell.2021.12.018_c0dc3d5926	source:sha256:9132c93661488f74456d81d9d925f395285acaeab1857e5d48a6aae2e05c0072	hca	monocyte derived kupffer cell	monocyte-derived Kupffer cell	1	ENSG00000145850	TIMD4
profile:9f9cbc091c3d5085f9a5	hca:0457_10.1101_2024.02.02.578633_57d5a20898	title:spatial transcriptomics of healthy and fibrotic human liver at single cell resolution	hca	macrophage cluster 1	macrophage cluster 1	3	ENSG00000019169 | ENSG00000073754 | ENSG00000129226	MARCO | CD5L | CD68
profile:461f8a7ba7a618803f07	hca:0458_10.1038_s41467-024-55325-4_d40c28a5ea	source:sha256:6b9a28b5bef80f1b3254c0a8f239924763081872c41eb193ff7c93ca6f478206	hca	fibrotic macrophage	fibrotic macrophage	3	ENSG00000019169 | ENSG00000073754 | ENSG00000129226	MARCO | CD5L | CD68
profile:0aff698804a6797402e5	hca:0458_10.1038_s41467-024-55325-4_d40c28a5ea	source:sha256:6b9a28b5bef80f1b3254c0a8f239924763081872c41eb193ff7c93ca6f478206	hca	macrophage 1	macrophage 1	3	ENSG00000019169 | ENSG00000073754 | ENSG00000129226	MARCO | CD5L | CD68
profile:663876bbd06a32a6be79	hca:0462_10.1038_s41586-023-06311-1_b735ac2f93	source:sha256:07f21d7494523de0a36b2dafc6bbc857064781bd92b885accaad0d1c349a3dd5	hca	pacemaker cell	pacemaker cell	1	ENSG00000183873	SCN5A
profile:c17cd806e702ee92a811	hca:0464_10.1126_science.aat5031_cfde7f776b	source:sha256:4c9acb5182c0066da70d9f552ede95d9318b387eb8ce74fc7b27470449aaf876	hca	mononuclear phagocyte d	mononuclear phagocyte d	1	ENSG00000168329	CX3CR1
profile:ded42319b7e0472089e9	hca:0467_10.1016_j.cell.2018.08.067_51639edc11	source:sha256:6d6be61c153042eff421ae3eb88160de06b2de3effec9e3342873d389b14d4f5	hca	stromal 1 subset	stromal 1 subset	1	ENSG00000110693	SOX6
profile:9d55cf918c49f36b2d17	hca:0467_10.1016_j.cell.2018.08.067_51639edc11	source:sha256:6d6be61c153042eff421ae3eb88160de06b2de3effec9e3342873d389b14d4f5	hca	stromal 2 subset	stromal 2 subset	1	ENSG00000169554	ZEB2
profile:77d5143f5ea88b0ac56b	hca:0471_10.1038_s41467-019-11947-7_0514f87944	source:sha256:3d512c8078d5834b92439d954df4f8b4efec1a9d8e9d8738bc5c9429d6289e1d	hca	adaptive natural killer cell	adaptive natural killer cell	4	ENSG00000109906 | ENSG00000158869 | ENSG00000165025 | ENSG00000198574	ZBTB16 | FCER1G | SYK | SH2D1B
profile:ec85549856305161fbc1	hca:0471_10.1038_s41467-019-11947-7_0514f87944	source:sha256:3d512c8078d5834b92439d954df4f8b4efec1a9d8e9d8738bc5c9429d6289e1d	hca	cd56 bright natural killer cell	CD56 bright natural killer cell	2	ENSG00000117281 | ENSG00000203747	CD160 | FCGR3A
profile:73e38655ce8252eee89b	hca:0472_10.1016_j.stem.2019.12.005_97b804f298	source:sha256:82f32256ec2bdd49938af9b56e61d0f4afa214f7da215dc90c9a5ad914177a07	hca	sertoli cell	Sertoli cell	1	ENSG00000123999	INHA
profile:c306167fd8d6f8ae55e1	hca:0472_10.1016_j.stem.2019.12.005_97b804f298	source:sha256:82f32256ec2bdd49938af9b56e61d0f4afa214f7da215dc90c9a5ad914177a07	hca	undifferentiated spermatogonia	undifferentiated spermatogonia	1	ENSG00000148773	MKI67
profile:8d44b2f5a6a848eb23bb	hca:0476_10.1126_science.abl4896_6d8fed9731	source:sha256:16802892d38ec564cb2b40d0c217e759e4c04ceed15eac6ddea50a818a8442c6	hca	macrophage	macrophage	1	ENSG00000124762	CDKN1A
profile:2fe611553b941ff60e4e	hca:0477_10.1172_jci157338_273d70a217	source:sha256:736e1340436061d56773f4ae1bca90bdf2045c687ef1de925eba716f853bda75	hca	idiopathic pulmonary fibrosis type 2 alveolar epithelial cell	idiopathic pulmonary fibrosis type 2 alveolar epithelial cell	6	ENSG00000096717 | ENSG00000105835 | ENSG00000115919 | ENSG00000138821 | ENSG00000166741 | ENSG00000181019	SIRT1 | NAMPT | KYNU | SLC39A8 | NNMT | NQO1
profile:7e5e5800492911bf3739	hca:0477_10.1172_jci157338_273d70a217	source:sha256:736e1340436061d56773f4ae1bca90bdf2045c687ef1de925eba716f853bda75	hca	zip8 negative type 2 alveolar epithelial cell	ZIP8-negative type 2 alveolar epithelial cell	2	ENSG00000096717 | ENSG00000162493	SIRT1 | PDPN
profile:0e590878fec647e33f87	hca:0479_10.1016_j.xcrm.2022.100657_bf09154d98	source:sha256:56238f151edfb36f7fbf4a7721a9aa2ba542e90107a411f64f6614527db1ff2c	hca	innate lymphoid cell type 3	innate lymphoid cell type 3	2	ENSG00000073861 | ENSG00000163508	TBX21 | EOMES
profile:2d4f28d880272b51f156	hca:0480_10.1038_s41590-019-0398-x_7e5ee33388	source:sha256:cf969d24c9b15e333a43a7322152e7040761a87c2b9a53d5a69253bcf6e61d22	hca	activated b cell	activated B cell	2	ENSG00000211898 | ENSG00000211899	IGHD | IGHM
profile:6c644ca990c5970d719d	hca:0480_10.1038_s41590-019-0398-x_7e5ee33388	source:sha256:cf969d24c9b15e333a43a7322152e7040761a87c2b9a53d5a69253bcf6e61d22	hca	cd16 positive patrolling monocyte	CD16-positive patrolling monocyte	2	ENSG00000121807 | ENSG00000170458	CCR2 | CD14
profile:5cfc4cf0170e96770422	hca:0480_10.1038_s41590-019-0398-x_7e5ee33388	source:sha256:cf969d24c9b15e333a43a7322152e7040761a87c2b9a53d5a69253bcf6e61d22	hca	cd8 positive t cell cluster ct4	CD8-positive T cell cluster CT4	3	ENSG00000100453 | ENSG00000115523 | ENSG00000180644	GZMB | GNLY | PRF1
profile:66966759090a8fe5a840	hca:0480_10.1038_s41590-019-0398-x_7e5ee33388	source:sha256:cf969d24c9b15e333a43a7322152e7040761a87c2b9a53d5a69253bcf6e61d22	hca	conventional dendritic cell	conventional dendritic cell	1	ENSG00000170458	CD14
profile:0f01bb5e05dce1da44b3	hca:0480_10.1038_s41590-019-0398-x_7e5ee33388	source:sha256:cf969d24c9b15e333a43a7322152e7040761a87c2b9a53d5a69253bcf6e61d22	hca	kidney resident macrophage	kidney resident macrophage	3	ENSG00000121807 | ENSG00000168329 | ENSG00000170458	CCR2 | CX3CR1 | CD14
profile:cfe6f434e23e34291c03	hca:0480_10.1038_s41590-019-0398-x_7e5ee33388	source:sha256:cf969d24c9b15e333a43a7322152e7040761a87c2b9a53d5a69253bcf6e61d22	hca	naive b cell	naive B cell	1	ENSG00000139193	CD27
profile:141cf1478c0ccffeacad	hca:0480_10.1038_s41590-019-0398-x_7e5ee33388	source:sha256:cf969d24c9b15e333a43a7322152e7040761a87c2b9a53d5a69253bcf6e61d22	hca	natural killer cell	natural killer cell	2	ENSG00000167286 | ENSG00000198851	CD3D | CD3E
profile:132959bf814e84681a2a	hca:0480_10.1038_s41590-019-0398-x_7e5ee33388	source:sha256:cf969d24c9b15e333a43a7322152e7040761a87c2b9a53d5a69253bcf6e61d22	hca	resident memory cd8 positive t cell	resident memory CD8-positive T cell	1	ENSG00000127528	KLF2
profile:fcf89b5d4e11baad94a6	hca:0480_10.1038_s41590-019-0398-x_7e5ee33388	source:sha256:cf969d24c9b15e333a43a7322152e7040761a87c2b9a53d5a69253bcf6e61d22	hca	t follicular helper like cell	T follicular helper-like cell	1	ENSG00000049768	FOXP3
profile:9f004ac1855f90af44aa	hca:0480_10.1038_s41590-019-0398-x_7e5ee33388	source:sha256:cf969d24c9b15e333a43a7322152e7040761a87c2b9a53d5a69253bcf6e61d22	hca	tissue resident cd56 bright cd16 negative natural killer cell	tissue-resident CD56-bright CD16-negative natural killer cell	5	ENSG00000073861 | ENSG00000100453 | ENSG00000180644 | ENSG00000180739 | ENSG00000203747	TBX21 | GZMB | PRF1 | S1PR5 | FCGR3A
profile:fe3ba7a3a4ccdc2c7f60	hca:0482_10.1016_j.devcel.2022.04.003_a4b7ddcf39	source:sha256:89c260412b21f8ffa6bbaa1035256f854c51ccf6c4bcde6ae42a83996a87a131	hca	paraxial mesoderm like cell	paraxial mesoderm-like cell	1	ENSG00000164458	TBXT
profile:7c287d31476468d191e9	hca:0489_10.1016_j.cell.2021.02.018_b0761e6af0	source:sha256:b021b41d6a3f0bbbe27f323bae81b296b54c123574ee822b70d16fb0ebfe8e40	hca	cd56 dim cd16 hi natural killer cell	CD56 dim CD16 hi natural killer cell	1	ENSG00000111537	IFNG
profile:ef1986e9da31b78e7643	hca:0489_10.1016_j.cell.2021.02.018_b0761e6af0	source:sha256:b021b41d6a3f0bbbe27f323bae81b296b54c123574ee822b70d16fb0ebfe8e40	hca	plasmablast	plasmablast	1	ENSG00000156738	MS4A1
profile:46e0b59009ffa753de9e	hca:0490_10.1038_nsmb.2660_4e6a41d8b9	source:sha256:48ac2ff61adc948cac32893c8238557e963b26090b2b955b781980ce0ae13df2	hca	primitive endoderm	primitive endoderm	7	ENSG00000111704 | ENSG00000119715 | ENSG00000136826 | ENSG00000147596 | ENSG00000181449 | ENSG00000184344 | ENSG00000187140	NANOG | ESRRB | KLF4 | PRDM14 | SOX2 | GDF3 | FOXD3
profile:08a9216378e273735f2a	hca:0497_10.1016_j.cell.2016.03.023_1e72ea1d04	source:sha256:1d0b279b291be6d4b884cc782017db6cc195153f86e147fafd8d8eac631193aa	hca	trophectoderm	trophectoderm	1	ENSG00000163508	EOMES
profile:94618fc5b3a599ee2bc8	hca:0501_10.1126_sciimmunol.abb8786_1f1edec8bd	source:sha256:a80bc0c9ee434c0e47fb0c56da5e915f324e37a1f6a07b6d1e2453af3d387f8c	hca	clonally expanded cd8 t cell	clonally expanded CD8 T cell	1	ENSG00000188404	SELL
profile:fa98f58bcbde153b14af	hca:0506_10.1038_s41591-022-01680-y_160aaf8b86	source:sha256:236c1897bb24bed6a86e267c217c9c23aba610117efd044f110044f85d6a70af	hca	colonic cxcl13 positive t peripheral helper cell	colonic CXCL13-positive T peripheral helper cell	1	ENSG00000160683	CXCR5
profile:9097d6282b16017eebde	hca:0506_10.1038_s41591-022-01680-y_160aaf8b86	source:sha256:236c1897bb24bed6a86e267c217c9c23aba610117efd044f110044f85d6a70af	hca	colonic t peripheral helper cell	colonic T peripheral helper cell	2	ENSG00000030419 | ENSG00000049768	IKZF2 | FOXP3
profile:5f7b194b936a1c80dcf6	hca:0506_10.1038_s41591-022-01680-y_160aaf8b86	source:sha256:236c1897bb24bed6a86e267c217c9c23aba610117efd044f110044f85d6a70af	hca	innate lymphoid cell	innate lymphoid cell	1	ENSG00000167286	CD3D
profile:fbf12ed5a2b8478b4d97	hca:0506_10.1038_s41591-022-01680-y_160aaf8b86	source:sha256:236c1897bb24bed6a86e267c217c9c23aba610117efd044f110044f85d6a70af	hca	memory b cell	memory B cell	1	ENSG00000211898	IGHD
profile:6539ae9da8708a7ebfec	hca:0508_10.1016_j.devcel.2022.07.004_cfe769c9cf	source:sha256:74ce3921679bdb08abe8bbbb1ff77198e8fdf657d9237ad2c5d492621a5c7a06	hca	krt5 positive basal cell	KRT5-positive basal cell	1	ENSG00000186847	KRT14
profile:7915922a2bf58bee2e77	hca:0508_10.1016_j.devcel.2022.07.004_cfe769c9cf	source:sha256:74ce3921679bdb08abe8bbbb1ff77198e8fdf657d9237ad2c5d492621a5c7a06	hca	major interstitial fibroblast	major interstitial fibroblast	1	ENSG00000204291	COL15A1
profile:c7ccc26c264a963d3508	hca:0511_10.1016_j.jcmgh.2020.12.014_7220e03ee7	source:sha256:de252d72de120d83346296aa1a1a5c08af7ef0fe92caaf19e9155f2ca01d7429	hca	submucosal neuron	submucosal neuron	1	ENSG00000198914	POU3F3
profile:106607d4895a642f4813	hca:0515_10.1084_jem.20201189_d8d9a9e257	source:sha256:8f904d1103effbc0c2f71200b907e6a8b5bd9dfe96269b846f6be476a0309e22	hca	double positive αβγδ t cell	double-positive αβγδ T cell	1	ENSG00000163599	CTLA4
