replicate	papers_combined	fraction_labels_with_shared_marker	mean_shared_markers
0	1	1.0	3.7037037037037037
0	2	0.2962962962962963	0.3333333333333333
0	3	0.07407407407407407	0.07407407407407407
0	4	0.07407407407407407	0.07407407407407407
0	5	0.037037037037037035	0.037037037037037035
0	6	0.0	0.0
0	7	0.0	0.0
0	8	0.0	0.0
0	9	0.0	0.0
0	10	0.0	0.0
1	1	1.0	4.148148148148148
1	2	0.4074074074074074	0.5555555555555556
1	3	0.1111111111111111	0.14814814814814814
1	4	0.07407407407407407	0.1111111111111111
1	5	0.037037037037037035	0.037037037037037035
1	6	0.037037037037037035	0.037037037037037035
1	7	0.037037037037037035	0.037037037037037035
1	8	0.037037037037037035	0.037037037037037035
1	9	0.037037037037037035	0.037037037037037035
1	10	0.037037037037037035	0.037037037037037035
2	1	1.0	4.111111111111111
2	2	0.37037037037037035	0.6296296296296297
2	3	0.25925925925925924	0.2962962962962963
2	4	0.18518518518518517	0.2222222222222222
2	5	0.14814814814814814	0.14814814814814814
2	6	0.037037037037037035	0.037037037037037035
2	7	0.037037037037037035	0.037037037037037035
2	8	0.0	0.0
2	9	0.0	0.0
2	10	0.0	0.0
3	1	1.0	4.2592592592592595
3	2	0.5185185185185185	0.9259259259259259
3	3	0.2962962962962963	0.37037037037037035
3	4	0.1111111111111111	0.14814814814814814
3	5	0.07407407407407407	0.1111111111111111
3	6	0.037037037037037035	0.037037037037037035
3	7	0.037037037037037035	0.037037037037037035
3	8	0.037037037037037035	0.037037037037037035
3	9	0.037037037037037035	0.037037037037037035
3	10	0.0	0.0
4	1	1.0	4.481481481481482
4	2	0.48148148148148145	0.7407407407407407
4	3	0.2222222222222222	0.2962962962962963
4	4	0.1111111111111111	0.18518518518518517
4	5	0.1111111111111111	0.18518518518518517
4	6	0.07407407407407407	0.07407407407407407
4	7	0.037037037037037035	0.037037037037037035
4	8	0.037037037037037035	0.037037037037037035
4	9	0.037037037037037035	0.037037037037037035
4	10	0.037037037037037035	0.037037037037037035
5	1	1.0	5.074074074074074
5	2	0.6666666666666666	1.2592592592592593
5	3	0.5555555555555556	0.7037037037037037
5	4	0.4074074074074074	0.5185185185185185
5	5	0.3333333333333333	0.3333333333333333
5	6	0.25925925925925924	0.25925925925925924
5	7	0.07407407407407407	0.07407407407407407
5	8	0.07407407407407407	0.07407407407407407
5	9	0.037037037037037035	0.037037037037037035
5	10	0.037037037037037035	0.037037037037037035
6	1	1.0	4.555555555555555
6	2	0.5555555555555556	1.0
6	3	0.18518518518518517	0.2962962962962963
6	4	0.037037037037037035	0.037037037037037035
6	5	0.037037037037037035	0.037037037037037035
6	6	0.0	0.0
6	7	0.0	0.0
6	8	0.0	0.0
6	9	0.0	0.0
6	10	0.0	0.0
7	1	1.0	4.444444444444445
7	2	0.4074074074074074	0.7777777777777778
7	3	0.2962962962962963	0.37037037037037035
7	4	0.18518518518518517	0.18518518518518517
7	5	0.07407407407407407	0.07407407407407407
7	6	0.07407407407407407	0.07407407407407407
7	7	0.07407407407407407	0.07407407407407407
7	8	0.037037037037037035	0.037037037037037035
7	9	0.037037037037037035	0.037037037037037035
7	10	0.0	0.0
8	1	1.0	4.592592592592593
8	2	0.5925925925925926	0.7777777777777778
8	3	0.25925925925925924	0.3333333333333333
8	4	0.2222222222222222	0.25925925925925924
8	5	0.1111111111111111	0.14814814814814814
8	6	0.037037037037037035	0.037037037037037035
8	7	0.0	0.0
8	8	0.0	0.0
8	9	0.0	0.0
8	10	0.0	0.0
9	1	1.0	4.148148148148148
9	2	0.5185185185185185	0.8148148148148148
9	3	0.25925925925925924	0.37037037037037035
9	4	0.14814814814814814	0.2222222222222222
9	5	0.14814814814814814	0.2222222222222222
9	6	0.1111111111111111	0.14814814814814814
9	7	0.1111111111111111	0.14814814814814814
9	8	0.1111111111111111	0.14814814814814814
9	9	0.07407407407407407	0.07407407407407407
9	10	0.037037037037037035	0.037037037037037035
10	1	1.0	4.962962962962963
10	2	0.5185185185185185	0.9259259259259259
10	3	0.3333333333333333	0.4444444444444444
10	4	0.14814814814814814	0.2222222222222222
10	5	0.14814814814814814	0.2222222222222222
10	6	0.1111111111111111	0.14814814814814814
10	7	0.1111111111111111	0.1111111111111111
10	8	0.1111111111111111	0.1111111111111111
10	9	0.07407407407407407	0.07407407407407407
10	10	0.037037037037037035	0.037037037037037035
11	1	1.0	4.851851851851852
11	2	0.48148148148148145	0.7777777777777778
11	3	0.2962962962962963	0.37037037037037035
11	4	0.14814814814814814	0.14814814814814814
11	5	0.14814814814814814	0.14814814814814814
11	6	0.037037037037037035	0.037037037037037035
11	7	0.0	0.0
11	8	0.0	0.0
11	9	0.0	0.0
11	10	0.0	0.0
12	1	1.0	4.2592592592592595
12	2	0.5925925925925926	1.037037037037037
12	3	0.3333333333333333	0.37037037037037035
12	4	0.25925925925925924	0.2962962962962963
12	5	0.14814814814814814	0.14814814814814814
12	6	0.14814814814814814	0.14814814814814814
12	7	0.07407407407407407	0.07407407407407407
12	8	0.0	0.0
12	9	0.0	0.0
12	10	0.0	0.0
13	1	1.0	4.37037037037037
13	2	0.4074074074074074	0.8888888888888888
13	3	0.37037037037037035	0.5185185185185185
13	4	0.14814814814814814	0.18518518518518517
13	5	0.07407407407407407	0.07407407407407407
13	6	0.0	0.0
13	7	0.0	0.0
13	8	0.0	0.0
13	9	0.0	0.0
13	10	0.0	0.0
14	1	1.0	4.37037037037037
14	2	0.4074074074074074	0.6296296296296297
14	3	0.1111111111111111	0.1111111111111111
14	4	0.1111111111111111	0.1111111111111111
14	5	0.037037037037037035	0.037037037037037035
14	6	0.0	0.0
14	7	0.0	0.0
14	8	0.0	0.0
14	9	0.0	0.0
14	10	0.0	0.0
15	1	1.0	4.111111111111111
15	2	0.6296296296296297	0.8888888888888888
15	3	0.37037037037037035	0.4074074074074074
15	4	0.2222222222222222	0.2222222222222222
15	5	0.14814814814814814	0.14814814814814814
15	6	0.1111111111111111	0.1111111111111111
15	7	0.037037037037037035	0.037037037037037035
15	8	0.037037037037037035	0.037037037037037035
15	9	0.037037037037037035	0.037037037037037035
15	10	0.0	0.0
16	1	1.0	5.703703703703703
16	2	0.7037037037037037	1.1851851851851851
16	3	0.5185185185185185	0.6296296296296297
16	4	0.37037037037037035	0.48148148148148145
16	5	0.2222222222222222	0.25925925925925924
16	6	0.14814814814814814	0.18518518518518517
16	7	0.1111111111111111	0.14814814814814814
16	8	0.1111111111111111	0.14814814814814814
16	9	0.1111111111111111	0.1111111111111111
16	10	0.1111111111111111	0.1111111111111111
17	1	1.0	4.666666666666667
17	2	0.48148148148148145	0.7407407407407407
17	3	0.25925925925925924	0.37037037037037035
17	4	0.14814814814814814	0.18518518518518517
17	5	0.037037037037037035	0.037037037037037035
17	6	0.0	0.0
17	7	0.0	0.0
17	8	0.0	0.0
17	9	0.0	0.0
17	10	0.0	0.0
18	1	1.0	4.2592592592592595
18	2	0.37037037037037035	0.5555555555555556
18	3	0.1111111111111111	0.1111111111111111
18	4	0.037037037037037035	0.037037037037037035
18	5	0.0	0.0
18	6	0.0	0.0
18	7	0.0	0.0
18	8	0.0	0.0
18	9	0.0	0.0
18	10	0.0	0.0
19	1	1.0	4.851851851851852
19	2	0.4074074074074074	0.7777777777777778
19	3	0.25925925925925924	0.4074074074074074
19	4	0.18518518518518517	0.2222222222222222
19	5	0.1111111111111111	0.14814814814814814
19	6	0.1111111111111111	0.14814814814814814
19	7	0.1111111111111111	0.14814814814814814
19	8	0.037037037037037035	0.037037037037037035
19	9	0.037037037037037035	0.037037037037037035
19	10	0.037037037037037035	0.037037037037037035
20	1	1.0	5.62962962962963
20	2	0.5555555555555556	1.037037037037037
20	3	0.2962962962962963	0.4444444444444444
20	4	0.18518518518518517	0.2222222222222222
20	5	0.1111111111111111	0.14814814814814814
20	6	0.1111111111111111	0.14814814814814814
20	7	0.1111111111111111	0.14814814814814814
20	8	0.07407407407407407	0.07407407407407407
20	9	0.07407407407407407	0.07407407407407407
20	10	0.037037037037037035	0.037037037037037035
21	1	1.0	4.444444444444445
21	2	0.6666666666666666	1.1851851851851851
21	3	0.2222222222222222	0.2962962962962963
21	4	0.18518518518518517	0.18518518518518517
21	5	0.1111111111111111	0.1111111111111111
21	6	0.07407407407407407	0.07407407407407407
21	7	0.0	0.0
21	8	0.0	0.0
21	9	0.0	0.0
21	10	0.0	0.0
22	1	1.0	4.148148148148148
22	2	0.2962962962962963	0.5185185185185185
22	3	0.18518518518518517	0.25925925925925924
22	4	0.14814814814814814	0.14814814814814814
22	5	0.1111111111111111	0.1111111111111111
22	6	0.1111111111111111	0.1111111111111111
22	7	0.1111111111111111	0.1111111111111111
22	8	0.037037037037037035	0.037037037037037035
22	9	0.037037037037037035	0.037037037037037035
22	10	0.0	0.0
23	1	1.0	4.296296296296297
23	2	0.5925925925925926	0.7777777777777778
23	3	0.18518518518518517	0.18518518518518517
23	4	0.14814814814814814	0.14814814814814814
23	5	0.1111111111111111	0.1111111111111111
23	6	0.0	0.0
23	7	0.0	0.0
23	8	0.0	0.0
23	9	0.0	0.0
23	10	0.0	0.0
24	1	1.0	5.666666666666667
24	2	0.6296296296296297	1.0740740740740742
24	3	0.2962962962962963	0.4074074074074074
24	4	0.14814814814814814	0.18518518518518517
24	5	0.14814814814814814	0.18518518518518517
24	6	0.1111111111111111	0.14814814814814814
24	7	0.07407407407407407	0.1111111111111111
24	8	0.07407407407407407	0.1111111111111111
24	9	0.037037037037037035	0.037037037037037035
24	10	0.037037037037037035	0.037037037037037035
25	1	1.0	4.62962962962963
25	2	0.5925925925925926	0.7037037037037037
25	3	0.2962962962962963	0.3333333333333333
25	4	0.18518518518518517	0.18518518518518517
25	5	0.1111111111111111	0.1111111111111111
25	6	0.1111111111111111	0.1111111111111111
25	7	0.1111111111111111	0.1111111111111111
25	8	0.1111111111111111	0.1111111111111111
25	9	0.07407407407407407	0.07407407407407407
25	10	0.037037037037037035	0.037037037037037035
26	1	1.0	4.0
26	2	0.7407407407407407	1.037037037037037
26	3	0.4074074074074074	0.48148148148148145
26	4	0.25925925925925924	0.3333333333333333
26	5	0.18518518518518517	0.25925925925925924
26	6	0.14814814814814814	0.18518518518518517
26	7	0.1111111111111111	0.14814814814814814
26	8	0.1111111111111111	0.1111111111111111
26	9	0.037037037037037035	0.037037037037037035
26	10	0.037037037037037035	0.037037037037037035
27	1	1.0	4.518518518518518
27	2	0.5555555555555556	1.0
27	3	0.2222222222222222	0.25925925925925924
27	4	0.07407407407407407	0.07407407407407407
27	5	0.07407407407407407	0.07407407407407407
27	6	0.07407407407407407	0.07407407407407407
27	7	0.07407407407407407	0.07407407407407407
27	8	0.037037037037037035	0.037037037037037035
27	9	0.0	0.0
27	10	0.0	0.0
28	1	1.0	4.333333333333333
28	2	0.5555555555555556	0.7037037037037037
28	3	0.2222222222222222	0.25925925925925924
28	4	0.1111111111111111	0.14814814814814814
28	5	0.07407407407407407	0.1111111111111111
28	6	0.07407407407407407	0.1111111111111111
28	7	0.07407407407407407	0.07407407407407407
28	8	0.0	0.0
28	9	0.0	0.0
28	10	0.0	0.0
29	1	1.0	4.7407407407407405
29	2	0.5925925925925926	0.8888888888888888
29	3	0.3333333333333333	0.4444444444444444
29	4	0.14814814814814814	0.18518518518518517
29	5	0.1111111111111111	0.1111111111111111
29	6	0.07407407407407407	0.07407407407407407
29	7	0.037037037037037035	0.037037037037037035
29	8	0.037037037037037035	0.037037037037037035
29	9	0.037037037037037035	0.037037037037037035
29	10	0.037037037037037035	0.037037037037037035
30	1	1.0	4.666666666666667
30	2	0.7407407407407407	1.3703703703703705
30	3	0.4074074074074074	0.5185185185185185
30	4	0.14814814814814814	0.2222222222222222
30	5	0.1111111111111111	0.1111111111111111
30	6	0.07407407407407407	0.07407407407407407
30	7	0.07407407407407407	0.07407407407407407
30	8	0.037037037037037035	0.037037037037037035
30	9	0.037037037037037035	0.037037037037037035
30	10	0.037037037037037035	0.037037037037037035
31	1	1.0	4.666666666666667
31	2	0.5185185185185185	0.7777777777777778
31	3	0.25925925925925924	0.37037037037037035
31	4	0.1111111111111111	0.1111111111111111
31	5	0.07407407407407407	0.07407407407407407
31	6	0.07407407407407407	0.07407407407407407
31	7	0.037037037037037035	0.037037037037037035
31	8	0.037037037037037035	0.037037037037037035
31	9	0.037037037037037035	0.037037037037037035
31	10	0.037037037037037035	0.037037037037037035
32	1	1.0	4.296296296296297
32	2	0.37037037037037035	0.7407407407407407
32	3	0.25925925925925924	0.2962962962962963
32	4	0.14814814814814814	0.14814814814814814
32	5	0.037037037037037035	0.037037037037037035
32	6	0.037037037037037035	0.037037037037037035
32	7	0.037037037037037035	0.037037037037037035
32	8	0.037037037037037035	0.037037037037037035
32	9	0.0	0.0
32	10	0.0	0.0
33	1	1.0	3.925925925925926
33	2	0.4444444444444444	0.5925925925925926
33	3	0.2962962962962963	0.2962962962962963
33	4	0.1111111111111111	0.1111111111111111
33	5	0.037037037037037035	0.037037037037037035
33	6	0.0	0.0
33	7	0.0	0.0
33	8	0.0	0.0
33	9	0.0	0.0
33	10	0.0	0.0
34	1	1.0	4.333333333333333
34	2	0.4444444444444444	0.6296296296296297
34	3	0.25925925925925924	0.3333333333333333
34	4	0.1111111111111111	0.1111111111111111
34	5	0.07407407407407407	0.07407407407407407
34	6	0.037037037037037035	0.037037037037037035
34	7	0.037037037037037035	0.037037037037037035
34	8	0.037037037037037035	0.037037037037037035
34	9	0.037037037037037035	0.037037037037037035
34	10	0.037037037037037035	0.037037037037037035
35	1	1.0	4.481481481481482
35	2	0.5555555555555556	0.7407407407407407
35	3	0.14814814814814814	0.2222222222222222
35	4	0.037037037037037035	0.037037037037037035
35	5	0.037037037037037035	0.037037037037037035
35	6	0.037037037037037035	0.037037037037037035
35	7	0.0	0.0
35	8	0.0	0.0
35	9	0.0	0.0
35	10	0.0	0.0
36	1	1.0	4.518518518518518
36	2	0.5185185185185185	0.7777777777777778
36	3	0.14814814814814814	0.18518518518518517
36	4	0.1111111111111111	0.1111111111111111
36	5	0.037037037037037035	0.037037037037037035
36	6	0.0	0.0
36	7	0.0	0.0
36	8	0.0	0.0
36	9	0.0	0.0
36	10	0.0	0.0
37	1	1.0	4.333333333333333
37	2	0.6296296296296297	0.8888888888888888
37	3	0.2962962962962963	0.37037037037037035
37	4	0.18518518518518517	0.2222222222222222
37	5	0.07407407407407407	0.1111111111111111
37	6	0.037037037037037035	0.07407407407407407
37	7	0.037037037037037035	0.037037037037037035
37	8	0.0	0.0
37	9	0.0	0.0
37	10	0.0	0.0
38	1	1.0	4.555555555555555
38	2	0.6296296296296297	1.0
38	3	0.37037037037037035	0.5925925925925926
38	4	0.2222222222222222	0.2962962962962963
38	5	0.07407407407407407	0.1111111111111111
38	6	0.037037037037037035	0.07407407407407407
38	7	0.037037037037037035	0.07407407407407407
38	8	0.037037037037037035	0.07407407407407407
38	9	0.037037037037037035	0.07407407407407407
38	10	0.037037037037037035	0.07407407407407407
39	1	1.0	4.2592592592592595
39	2	0.48148148148148145	0.8148148148148148
39	3	0.2222222222222222	0.2962962962962963
39	4	0.1111111111111111	0.1111111111111111
39	5	0.07407407407407407	0.07407407407407407
39	6	0.0	0.0
39	7	0.0	0.0
39	8	0.0	0.0
39	9	0.0	0.0
39	10	0.0	0.0
40	1	1.0	4.148148148148148
40	2	0.4074074074074074	0.6666666666666666
40	3	0.2222222222222222	0.25925925925925924
40	4	0.14814814814814814	0.18518518518518517
40	5	0.037037037037037035	0.037037037037037035
40	6	0.0	0.0
40	7	0.0	0.0
40	8	0.0	0.0
40	9	0.0	0.0
40	10	0.0	0.0
41	1	1.0	4.814814814814815
41	2	0.7407407407407407	1.1481481481481481
41	3	0.37037037037037035	0.4074074074074074
41	4	0.25925925925925924	0.2962962962962963
41	5	0.18518518518518517	0.18518518518518517
41	6	0.1111111111111111	0.1111111111111111
41	7	0.07407407407407407	0.07407407407407407
41	8	0.037037037037037035	0.037037037037037035
41	9	0.037037037037037035	0.037037037037037035
41	10	0.037037037037037035	0.037037037037037035
42	1	1.0	4.333333333333333
42	2	0.5185185185185185	0.6296296296296297
42	3	0.25925925925925924	0.2962962962962963
42	4	0.1111111111111111	0.1111111111111111
42	5	0.07407407407407407	0.07407407407407407
42	6	0.07407407407407407	0.07407407407407407
42	7	0.037037037037037035	0.037037037037037035
42	8	0.037037037037037035	0.037037037037037035
42	9	0.0	0.0
42	10	0.0	0.0
43	1	1.0	3.740740740740741
43	2	0.7037037037037037	1.0740740740740742
43	3	0.37037037037037035	0.5185185185185185
43	4	0.2222222222222222	0.2222222222222222
43	5	0.07407407407407407	0.07407407407407407
43	6	0.037037037037037035	0.037037037037037035
43	7	0.037037037037037035	0.037037037037037035
43	8	0.037037037037037035	0.037037037037037035
43	9	0.037037037037037035	0.037037037037037035
43	10	0.037037037037037035	0.037037037037037035
44	1	1.0	4.666666666666667
44	2	0.5185185185185185	0.7037037037037037
44	3	0.25925925925925924	0.3333333333333333
44	4	0.07407407407407407	0.1111111111111111
44	5	0.07407407407407407	0.07407407407407407
44	6	0.07407407407407407	0.07407407407407407
44	7	0.037037037037037035	0.037037037037037035
44	8	0.0	0.0
44	9	0.0	0.0
44	10	0.0	0.0
45	1	1.0	4.0
45	2	0.5185185185185185	0.5925925925925926
45	3	0.14814814814814814	0.14814814814814814
45	4	0.07407407407407407	0.07407407407407407
45	5	0.037037037037037035	0.037037037037037035
45	6	0.037037037037037035	0.037037037037037035
45	7	0.0	0.0
45	8	0.0	0.0
45	9	0.0	0.0
45	10	0.0	0.0
46	1	1.0	4.2592592592592595
46	2	0.37037037037037035	0.5555555555555556
46	3	0.25925925925925924	0.2962962962962963
46	4	0.18518518518518517	0.18518518518518517
46	5	0.14814814814814814	0.14814814814814814
46	6	0.1111111111111111	0.1111111111111111
46	7	0.07407407407407407	0.07407407407407407
46	8	0.07407407407407407	0.07407407407407407
46	9	0.037037037037037035	0.037037037037037035
46	10	0.037037037037037035	0.037037037037037035
47	1	1.0	4.7407407407407405
47	2	0.4074074074074074	0.5555555555555556
47	3	0.1111111111111111	0.14814814814814814
47	4	0.07407407407407407	0.1111111111111111
47	5	0.07407407407407407	0.1111111111111111
47	6	0.07407407407407407	0.07407407407407407
47	7	0.07407407407407407	0.07407407407407407
47	8	0.037037037037037035	0.037037037037037035
47	9	0.0	0.0
47	10	0.0	0.0
48	1	1.0	4.148148148148148
48	2	0.3333333333333333	0.5185185185185185
48	3	0.1111111111111111	0.14814814814814814
48	4	0.037037037037037035	0.037037037037037035
48	5	0.037037037037037035	0.037037037037037035
48	6	0.037037037037037035	0.037037037037037035
48	7	0.0	0.0
48	8	0.0	0.0
48	9	0.0	0.0
48	10	0.0	0.0
49	1	1.0	4.296296296296297
49	2	0.7407407407407407	1.4074074074074074
49	3	0.5185185185185185	0.7777777777777778
49	4	0.4444444444444444	0.5925925925925926
49	5	0.2962962962962963	0.37037037037037035
49	6	0.14814814814814814	0.18518518518518517
49	7	0.1111111111111111	0.14814814814814814
49	8	0.1111111111111111	0.1111111111111111
49	9	0.07407407407407407	0.07407407407407407
49	10	0.07407407407407407	0.07407407407407407
50	1	1.0	4.111111111111111
50	2	0.6296296296296297	1.0740740740740742
50	3	0.37037037037037035	0.48148148148148145
50	4	0.18518518518518517	0.2222222222222222
50	5	0.037037037037037035	0.037037037037037035
50	6	0.037037037037037035	0.037037037037037035
50	7	0.037037037037037035	0.037037037037037035
50	8	0.037037037037037035	0.037037037037037035
50	9	0.0	0.0
50	10	0.0	0.0
51	1	1.0	4.222222222222222
51	2	0.4074074074074074	0.6296296296296297
51	3	0.14814814814814814	0.2222222222222222
51	4	0.1111111111111111	0.14814814814814814
51	5	0.07407407407407407	0.07407407407407407
51	6	0.037037037037037035	0.037037037037037035
51	7	0.037037037037037035	0.037037037037037035
51	8	0.037037037037037035	0.037037037037037035
51	9	0.037037037037037035	0.037037037037037035
51	10	0.037037037037037035	0.037037037037037035
52	1	1.0	5.037037037037037
52	2	0.4074074074074074	0.5185185185185185
52	3	0.07407407407407407	0.07407407407407407
52	4	0.0	0.0
52	5	0.0	0.0
52	6	0.0	0.0
52	7	0.0	0.0
52	8	0.0	0.0
52	9	0.0	0.0
52	10	0.0	0.0
53	1	1.0	4.7407407407407405
53	2	0.5555555555555556	0.7407407407407407
53	3	0.14814814814814814	0.14814814814814814
53	4	0.037037037037037035	0.037037037037037035
53	5	0.0	0.0
53	6	0.0	0.0
53	7	0.0	0.0
53	8	0.0	0.0
53	9	0.0	0.0
53	10	0.0	0.0
54	1	1.0	5.2592592592592595
54	2	0.48148148148148145	0.6296296296296297
54	3	0.18518518518518517	0.2962962962962963
54	4	0.1111111111111111	0.18518518518518517
54	5	0.037037037037037035	0.037037037037037035
54	6	0.037037037037037035	0.037037037037037035
54	7	0.0	0.0
54	8	0.0	0.0
54	9	0.0	0.0
54	10	0.0	0.0
55	1	1.0	4.185185185185185
55	2	0.5925925925925926	0.9629629629629629
55	3	0.25925925925925924	0.37037037037037035
55	4	0.18518518518518517	0.2222222222222222
55	5	0.14814814814814814	0.14814814814814814
55	6	0.1111111111111111	0.1111111111111111
55	7	0.037037037037037035	0.037037037037037035
55	8	0.0	0.0
55	9	0.0	0.0
55	10	0.0	0.0
56	1	1.0	4.444444444444445
56	2	0.6296296296296297	1.1111111111111112
56	3	0.25925925925925924	0.2962962962962963
56	4	0.18518518518518517	0.18518518518518517
56	5	0.1111111111111111	0.1111111111111111
56	6	0.037037037037037035	0.037037037037037035
56	7	0.037037037037037035	0.037037037037037035
56	8	0.0	0.0
56	9	0.0	0.0
56	10	0.0	0.0
57	1	1.0	5.37037037037037
57	2	0.48148148148148145	0.6666666666666666
57	3	0.25925925925925924	0.2962962962962963
57	4	0.07407407407407407	0.1111111111111111
57	5	0.037037037037037035	0.07407407407407407
57	6	0.037037037037037035	0.037037037037037035
57	7	0.0	0.0
57	8	0.0	0.0
57	9	0.0	0.0
57	10	0.0	0.0
58	1	1.0	4.518518518518518
58	2	0.5555555555555556	0.9259259259259259
58	3	0.4074074074074074	0.5185185185185185
58	4	0.25925925925925924	0.2962962962962963
58	5	0.1111111111111111	0.14814814814814814
58	6	0.07407407407407407	0.07407407407407407
58	7	0.07407407407407407	0.07407407407407407
58	8	0.07407407407407407	0.07407407407407407
58	9	0.037037037037037035	0.037037037037037035
58	10	0.037037037037037035	0.037037037037037035
59	1	1.0	5.148148148148148
59	2	0.6296296296296297	1.0
59	3	0.3333333333333333	0.48148148148148145
59	4	0.1111111111111111	0.18518518518518517
59	5	0.037037037037037035	0.07407407407407407
59	6	0.037037037037037035	0.037037037037037035
59	7	0.037037037037037035	0.037037037037037035
59	8	0.037037037037037035	0.037037037037037035
59	9	0.037037037037037035	0.037037037037037035
59	10	0.037037037037037035	0.037037037037037035
60	1	1.0	4.185185185185185
60	2	0.37037037037037035	0.5925925925925926
60	3	0.2222222222222222	0.25925925925925924
60	4	0.0	0.0
60	5	0.0	0.0
60	6	0.0	0.0
60	7	0.0	0.0
60	8	0.0	0.0
60	9	0.0	0.0
60	10	0.0	0.0
61	1	1.0	4.0
61	2	0.5185185185185185	0.7037037037037037
61	3	0.25925925925925924	0.3333333333333333
61	4	0.18518518518518517	0.18518518518518517
61	5	0.14814814814814814	0.14814814814814814
61	6	0.14814814814814814	0.14814814814814814
61	7	0.1111111111111111	0.1111111111111111
61	8	0.07407407407407407	0.07407407407407407
61	9	0.037037037037037035	0.037037037037037035
61	10	0.037037037037037035	0.037037037037037035
62	1	1.0	4.111111111111111
62	2	0.4444444444444444	0.7777777777777778
62	3	0.25925925925925924	0.37037037037037035
62	4	0.2222222222222222	0.3333333333333333
62	5	0.14814814814814814	0.25925925925925924
62	6	0.1111111111111111	0.18518518518518517
62	7	0.1111111111111111	0.14814814814814814
62	8	0.037037037037037035	0.037037037037037035
62	9	0.037037037037037035	0.037037037037037035
62	10	0.037037037037037035	0.037037037037037035
63	1	1.0	4.666666666666667
63	2	0.6296296296296297	1.037037037037037
63	3	0.3333333333333333	0.5555555555555556
63	4	0.18518518518518517	0.25925925925925924
63	5	0.1111111111111111	0.14814814814814814
63	6	0.037037037037037035	0.037037037037037035
63	7	0.037037037037037035	0.037037037037037035
63	8	0.0	0.0
63	9	0.0	0.0
63	10	0.0	0.0
64	1	1.0	4.148148148148148
64	2	0.6296296296296297	1.037037037037037
64	3	0.4444444444444444	0.6296296296296297
64	4	0.2962962962962963	0.3333333333333333
64	5	0.14814814814814814	0.18518518518518517
64	6	0.07407407407407407	0.1111111111111111
64	7	0.037037037037037035	0.07407407407407407
64	8	0.037037037037037035	0.07407407407407407
64	9	0.037037037037037035	0.037037037037037035
64	10	0.037037037037037035	0.037037037037037035
65	1	1.0	4.444444444444445
65	2	0.5555555555555556	1.037037037037037
65	3	0.2962962962962963	0.37037037037037035
65	4	0.2222222222222222	0.25925925925925924
65	5	0.14814814814814814	0.14814814814814814
65	6	0.1111111111111111	0.1111111111111111
65	7	0.07407407407407407	0.07407407407407407
65	8	0.037037037037037035	0.037037037037037035
65	9	0.037037037037037035	0.037037037037037035
65	10	0.037037037037037035	0.037037037037037035
66	1	1.0	4.185185185185185
66	2	0.4074074074074074	0.7037037037037037
66	3	0.25925925925925924	0.4074074074074074
66	4	0.14814814814814814	0.2222222222222222
66	5	0.14814814814814814	0.18518518518518517
66	6	0.07407407407407407	0.1111111111111111
66	7	0.07407407407407407	0.07407407407407407
66	8	0.07407407407407407	0.07407407407407407
66	9	0.037037037037037035	0.037037037037037035
66	10	0.0	0.0
67	1	1.0	5.148148148148148
67	2	0.6296296296296297	0.9259259259259259
67	3	0.2222222222222222	0.3333333333333333
67	4	0.1111111111111111	0.14814814814814814
67	5	0.037037037037037035	0.07407407407407407
67	6	0.037037037037037035	0.037037037037037035
67	7	0.037037037037037035	0.037037037037037035
67	8	0.037037037037037035	0.037037037037037035
67	9	0.037037037037037035	0.037037037037037035
67	10	0.037037037037037035	0.037037037037037035
68	1	1.0	5.222222222222222
68	2	0.4074074074074074	0.5925925925925926
68	3	0.2222222222222222	0.25925925925925924
68	4	0.1111111111111111	0.1111111111111111
68	5	0.07407407407407407	0.07407407407407407
68	6	0.037037037037037035	0.037037037037037035
68	7	0.037037037037037035	0.037037037037037035
68	8	0.037037037037037035	0.037037037037037035
68	9	0.0	0.0
68	10	0.0	0.0
69	1	1.0	4.037037037037037
69	2	0.37037037037037035	0.6666666666666666
69	3	0.14814814814814814	0.2222222222222222
69	4	0.1111111111111111	0.1111111111111111
69	5	0.07407407407407407	0.07407407407407407
69	6	0.07407407407407407	0.07407407407407407
69	7	0.037037037037037035	0.037037037037037035
69	8	0.037037037037037035	0.037037037037037035
69	9	0.037037037037037035	0.037037037037037035
69	10	0.0	0.0
70	1	1.0	4.333333333333333
70	2	0.5555555555555556	0.8148148148148148
70	3	0.2222222222222222	0.2222222222222222
70	4	0.1111111111111111	0.1111111111111111
70	5	0.07407407407407407	0.07407407407407407
70	6	0.037037037037037035	0.037037037037037035
70	7	0.037037037037037035	0.037037037037037035
70	8	0.037037037037037035	0.037037037037037035
70	9	0.0	0.0
70	10	0.0	0.0
71	1	1.0	4.555555555555555
71	2	0.5185185185185185	0.7407407407407407
71	3	0.25925925925925924	0.2962962962962963
71	4	0.07407407407407407	0.07407407407407407
71	5	0.07407407407407407	0.07407407407407407
71	6	0.07407407407407407	0.07407407407407407
71	7	0.037037037037037035	0.037037037037037035
71	8	0.0	0.0
71	9	0.0	0.0
71	10	0.0	0.0
72	1	1.0	4.7407407407407405
72	2	0.48148148148148145	0.7777777777777778
72	3	0.25925925925925924	0.3333333333333333
72	4	0.14814814814814814	0.18518518518518517
72	5	0.1111111111111111	0.1111111111111111
72	6	0.07407407407407407	0.07407407407407407
72	7	0.037037037037037035	0.037037037037037035
72	8	0.037037037037037035	0.037037037037037035
72	9	0.037037037037037035	0.037037037037037035
72	10	0.037037037037037035	0.037037037037037035
73	1	1.0	3.962962962962963
73	2	0.5925925925925926	0.9629629629629629
73	3	0.25925925925925924	0.37037037037037035
73	4	0.14814814814814814	0.2222222222222222
73	5	0.14814814814814814	0.14814814814814814
73	6	0.07407407407407407	0.07407407407407407
73	7	0.037037037037037035	0.037037037037037035
73	8	0.0	0.0
73	9	0.0	0.0
73	10	0.0	0.0
74	1	1.0	5.185185185185185
74	2	0.3333333333333333	0.5185185185185185
74	3	0.1111111111111111	0.14814814814814814
74	4	0.07407407407407407	0.1111111111111111
74	5	0.037037037037037035	0.037037037037037035
74	6	0.037037037037037035	0.037037037037037035
74	7	0.037037037037037035	0.037037037037037035
74	8	0.037037037037037035	0.037037037037037035
74	9	0.0	0.0
74	10	0.0	0.0
75	1	1.0	3.925925925925926
75	2	0.48148148148148145	0.8148148148148148
75	3	0.25925925925925924	0.3333333333333333
75	4	0.1111111111111111	0.14814814814814814
75	5	0.1111111111111111	0.1111111111111111
75	6	0.07407407407407407	0.07407407407407407
75	7	0.037037037037037035	0.037037037037037035
75	8	0.037037037037037035	0.037037037037037035
75	9	0.0	0.0
75	10	0.0	0.0
76	1	1.0	4.444444444444445
76	2	0.5185185185185185	0.8148148148148148
76	3	0.3333333333333333	0.4444444444444444
76	4	0.25925925925925924	0.37037037037037035
76	5	0.2222222222222222	0.2962962962962963
76	6	0.2222222222222222	0.25925925925925924
76	7	0.14814814814814814	0.18518518518518517
76	8	0.1111111111111111	0.1111111111111111
76	9	0.037037037037037035	0.037037037037037035
76	10	0.037037037037037035	0.037037037037037035
77	1	1.0	4.2592592592592595
77	2	0.48148148148148145	0.7407407407407407
77	3	0.2962962962962963	0.4074074074074074
77	4	0.14814814814814814	0.14814814814814814
77	5	0.1111111111111111	0.1111111111111111
77	6	0.07407407407407407	0.07407407407407407
77	7	0.037037037037037035	0.037037037037037035
77	8	0.037037037037037035	0.037037037037037035
77	9	0.037037037037037035	0.037037037037037035
77	10	0.0	0.0
78	1	1.0	4.851851851851852
78	2	0.4444444444444444	0.7407407407407407
78	3	0.18518518518518517	0.25925925925925924
78	4	0.1111111111111111	0.14814814814814814
78	5	0.07407407407407407	0.1111111111111111
78	6	0.07407407407407407	0.1111111111111111
78	7	0.037037037037037035	0.037037037037037035
78	8	0.037037037037037035	0.037037037037037035
78	9	0.037037037037037035	0.037037037037037035
78	10	0.037037037037037035	0.037037037037037035
79	1	1.0	4.333333333333333
79	2	0.37037037037037035	0.5925925925925926
79	3	0.25925925925925924	0.4074074074074074
79	4	0.2222222222222222	0.2962962962962963
79	5	0.07407407407407407	0.07407407407407407
79	6	0.0	0.0
79	7	0.0	0.0
79	8	0.0	0.0
79	9	0.0	0.0
79	10	0.0	0.0
80	1	1.0	4.7407407407407405
80	2	0.5555555555555556	0.8148148148148148
80	3	0.2962962962962963	0.4074074074074074
80	4	0.14814814814814814	0.18518518518518517
80	5	0.07407407407407407	0.07407407407407407
80	6	0.07407407407407407	0.07407407407407407
80	7	0.037037037037037035	0.037037037037037035
80	8	0.0	0.0
80	9	0.0	0.0
80	10	0.0	0.0
81	1	1.0	4.333333333333333
81	2	0.48148148148148145	0.8518518518518519
81	3	0.3333333333333333	0.4444444444444444
81	4	0.2222222222222222	0.2962962962962963
81	5	0.1111111111111111	0.1111111111111111
81	6	0.07407407407407407	0.07407407407407407
81	7	0.037037037037037035	0.037037037037037035
81	8	0.0	0.0
81	9	0.0	0.0
81	10	0.0	0.0
82	1	1.0	3.814814814814815
82	2	0.48148148148148145	0.7037037037037037
82	3	0.18518518518518517	0.25925925925925924
82	4	0.07407407407407407	0.1111111111111111
82	5	0.07407407407407407	0.07407407407407407
82	6	0.07407407407407407	0.07407407407407407
82	7	0.037037037037037035	0.037037037037037035
82	8	0.0	0.0
82	9	0.0	0.0
82	10	0.0	0.0
83	1	1.0	4.296296296296297
83	2	0.4444444444444444	0.6666666666666666
83	3	0.2222222222222222	0.3333333333333333
83	4	0.2222222222222222	0.25925925925925924
83	5	0.14814814814814814	0.18518518518518517
83	6	0.1111111111111111	0.1111111111111111
83	7	0.07407407407407407	0.07407407407407407
83	8	0.07407407407407407	0.07407407407407407
83	9	0.0	0.0
83	10	0.0	0.0
84	1	1.0	5.444444444444445
84	2	0.48148148148148145	0.7777777777777778
84	3	0.2222222222222222	0.2962962962962963
84	4	0.1111111111111111	0.14814814814814814
84	5	0.037037037037037035	0.037037037037037035
84	6	0.037037037037037035	0.037037037037037035
84	7	0.0	0.0
84	8	0.0	0.0
84	9	0.0	0.0
84	10	0.0	0.0
85	1	1.0	4.111111111111111
85	2	0.6296296296296297	1.0
85	3	0.25925925925925924	0.37037037037037035
85	4	0.2222222222222222	0.3333333333333333
85	5	0.2222222222222222	0.2962962962962963
85	6	0.1111111111111111	0.1111111111111111
85	7	0.037037037037037035	0.037037037037037035
85	8	0.037037037037037035	0.037037037037037035
85	9	0.037037037037037035	0.037037037037037035
85	10	0.037037037037037035	0.037037037037037035
86	1	1.0	4.444444444444445
86	2	0.5185185185185185	0.8518518518518519
86	3	0.25925925925925924	0.3333333333333333
86	4	0.14814814814814814	0.18518518518518517
86	5	0.1111111111111111	0.1111111111111111
86	6	0.1111111111111111	0.1111111111111111
86	7	0.037037037037037035	0.037037037037037035
86	8	0.037037037037037035	0.037037037037037035
86	9	0.0	0.0
86	10	0.0	0.0
87	1	1.0	4.703703703703703
87	2	0.4074074074074074	0.48148148148148145
87	3	0.14814814814814814	0.14814814814814814
87	4	0.0	0.0
87	5	0.0	0.0
87	6	0.0	0.0
87	7	0.0	0.0
87	8	0.0	0.0
87	9	0.0	0.0
87	10	0.0	0.0
88	1	1.0	4.703703703703703
88	2	0.5555555555555556	0.8888888888888888
88	3	0.25925925925925924	0.3333333333333333
88	4	0.1111111111111111	0.1111111111111111
88	5	0.037037037037037035	0.037037037037037035
88	6	0.037037037037037035	0.037037037037037035
88	7	0.0	0.0
88	8	0.0	0.0
88	9	0.0	0.0
88	10	0.0	0.0
89	1	1.0	4.111111111111111
89	2	0.37037037037037035	0.5925925925925926
89	3	0.2222222222222222	0.25925925925925924
89	4	0.1111111111111111	0.14814814814814814
89	5	0.07407407407407407	0.1111111111111111
89	6	0.037037037037037035	0.037037037037037035
89	7	0.037037037037037035	0.037037037037037035
89	8	0.0	0.0
89	9	0.0	0.0
89	10	0.0	0.0
90	1	1.0	4.185185185185185
90	2	0.5925925925925926	0.7407407407407407
90	3	0.18518518518518517	0.2222222222222222
90	4	0.1111111111111111	0.14814814814814814
90	5	0.07407407407407407	0.07407407407407407
90	6	0.037037037037037035	0.037037037037037035
90	7	0.0	0.0
90	8	0.0	0.0
90	9	0.0	0.0
90	10	0.0	0.0
91	1	1.0	4.518518518518518
91	2	0.7037037037037037	1.1851851851851851
91	3	0.3333333333333333	0.5185185185185185
91	4	0.18518518518518517	0.18518518518518517
91	5	0.14814814814814814	0.14814814814814814
91	6	0.037037037037037035	0.037037037037037035
91	7	0.037037037037037035	0.037037037037037035
91	8	0.037037037037037035	0.037037037037037035
91	9	0.037037037037037035	0.037037037037037035
91	10	0.037037037037037035	0.037037037037037035
92	1	1.0	4.703703703703703
92	2	0.4444444444444444	0.7407407407407407
92	3	0.14814814814814814	0.18518518518518517
92	4	0.037037037037037035	0.037037037037037035
92	5	0.0	0.0
92	6	0.0	0.0
92	7	0.0	0.0
92	8	0.0	0.0
92	9	0.0	0.0
92	10	0.0	0.0
93	1	1.0	4.7407407407407405
93	2	0.6296296296296297	1.0
93	3	0.3333333333333333	0.4074074074074074
93	4	0.14814814814814814	0.18518518518518517
93	5	0.14814814814814814	0.14814814814814814
93	6	0.1111111111111111	0.1111111111111111
93	7	0.07407407407407407	0.07407407407407407
93	8	0.07407407407407407	0.07407407407407407
93	9	0.07407407407407407	0.07407407407407407
93	10	0.037037037037037035	0.037037037037037035
94	1	1.0	3.8518518518518516
94	2	0.5555555555555556	0.8888888888888888
94	3	0.3333333333333333	0.4074074074074074
94	4	0.14814814814814814	0.18518518518518517
94	5	0.1111111111111111	0.1111111111111111
94	6	0.037037037037037035	0.037037037037037035
94	7	0.0	0.0
94	8	0.0	0.0
94	9	0.0	0.0
94	10	0.0	0.0
95	1	1.0	4.703703703703703
95	2	0.48148148148148145	0.6296296296296297
95	3	0.07407407407407407	0.07407407407407407
95	4	0.037037037037037035	0.037037037037037035
95	5	0.0	0.0
95	6	0.0	0.0
95	7	0.0	0.0
95	8	0.0	0.0
95	9	0.0	0.0
95	10	0.0	0.0
96	1	1.0	4.555555555555555
96	2	0.4444444444444444	0.6296296296296297
96	3	0.25925925925925924	0.3333333333333333
96	4	0.1111111111111111	0.14814814814814814
96	5	0.07407407407407407	0.1111111111111111
96	6	0.0	0.0
96	7	0.0	0.0
96	8	0.0	0.0
96	9	0.0	0.0
96	10	0.0	0.0
97	1	1.0	4.222222222222222
97	2	0.7037037037037037	1.1111111111111112
97	3	0.37037037037037035	0.48148148148148145
97	4	0.2962962962962963	0.37037037037037035
97	5	0.14814814814814814	0.14814814814814814
97	6	0.1111111111111111	0.1111111111111111
97	7	0.07407407407407407	0.07407407407407407
97	8	0.07407407407407407	0.07407407407407407
97	9	0.07407407407407407	0.07407407407407407
97	10	0.07407407407407407	0.07407407407407407
98	1	1.0	5.0
98	2	0.4444444444444444	0.7777777777777778
98	3	0.14814814814814814	0.25925925925925924
98	4	0.037037037037037035	0.037037037037037035
98	5	0.0	0.0
98	6	0.0	0.0
98	7	0.0	0.0
98	8	0.0	0.0
98	9	0.0	0.0
98	10	0.0	0.0
99	1	1.0	4.555555555555555
99	2	0.5555555555555556	0.8148148148148148
99	3	0.3333333333333333	0.4074074074074074
99	4	0.25925925925925924	0.25925925925925924
99	5	0.2222222222222222	0.2222222222222222
99	6	0.2222222222222222	0.2222222222222222
99	7	0.1111111111111111	0.1111111111111111
99	8	0.037037037037037035	0.037037037037037035
99	9	0.0	0.0
99	10	0.0	0.0
100	1	1.0	4.888888888888889
100	2	0.5925925925925926	0.8518518518518519
100	3	0.18518518518518517	0.2962962962962963
100	4	0.1111111111111111	0.1111111111111111
100	5	0.07407407407407407	0.07407407407407407
100	6	0.037037037037037035	0.037037037037037035
100	7	0.0	0.0
100	8	0.0	0.0
100	9	0.0	0.0
100	10	0.0	0.0
101	1	1.0	4.2592592592592595
101	2	0.48148148148148145	0.5555555555555556
101	3	0.14814814814814814	0.14814814814814814
101	4	0.07407407407407407	0.07407407407407407
101	5	0.07407407407407407	0.07407407407407407
101	6	0.037037037037037035	0.037037037037037035
101	7	0.037037037037037035	0.037037037037037035
101	8	0.037037037037037035	0.037037037037037035
101	9	0.037037037037037035	0.037037037037037035
101	10	0.037037037037037035	0.037037037037037035
102	1	1.0	4.888888888888889
102	2	0.5925925925925926	0.8518518518518519
102	3	0.4074074074074074	0.4444444444444444
102	4	0.25925925925925924	0.2962962962962963
102	5	0.14814814814814814	0.14814814814814814
102	6	0.07407407407407407	0.07407407407407407
102	7	0.037037037037037035	0.037037037037037035
102	8	0.037037037037037035	0.037037037037037035
102	9	0.0	0.0
102	10	0.0	0.0
103	1	1.0	4.407407407407407
103	2	0.6666666666666666	1.1481481481481481
103	3	0.4444444444444444	0.5925925925925926
103	4	0.2222222222222222	0.25925925925925924
103	5	0.14814814814814814	0.18518518518518517
103	6	0.14814814814814814	0.14814814814814814
103	7	0.14814814814814814	0.14814814814814814
103	8	0.037037037037037035	0.037037037037037035
103	9	0.0	0.0
103	10	0.0	0.0
104	1	1.0	4.703703703703703
104	2	0.5555555555555556	0.9259259259259259
104	3	0.2962962962962963	0.4074074074074074
104	4	0.2222222222222222	0.2962962962962963
104	5	0.14814814814814814	0.18518518518518517
104	6	0.07407407407407407	0.07407407407407407
104	7	0.037037037037037035	0.037037037037037035
104	8	0.037037037037037035	0.037037037037037035
104	9	0.0	0.0
104	10	0.0	0.0
105	1	1.0	3.8518518518518516
105	2	0.4074074074074074	0.6296296296296297
105	3	0.14814814814814814	0.18518518518518517
105	4	0.1111111111111111	0.1111111111111111
105	5	0.1111111111111111	0.1111111111111111
105	6	0.1111111111111111	0.1111111111111111
105	7	0.07407407407407407	0.07407407407407407
105	8	0.037037037037037035	0.037037037037037035
105	9	0.0	0.0
105	10	0.0	0.0
106	1	1.0	3.8518518518518516
106	2	0.4074074074074074	0.6666666666666666
106	3	0.3333333333333333	0.48148148148148145
106	4	0.2222222222222222	0.2222222222222222
106	5	0.18518518518518517	0.18518518518518517
106	6	0.1111111111111111	0.1111111111111111
106	7	0.037037037037037035	0.037037037037037035
106	8	0.037037037037037035	0.037037037037037035
106	9	0.037037037037037035	0.037037037037037035
106	10	0.037037037037037035	0.037037037037037035
107	1	1.0	3.8518518518518516
107	2	0.5185185185185185	0.8518518518518519
107	3	0.2222222222222222	0.37037037037037035
107	4	0.14814814814814814	0.2222222222222222
107	5	0.1111111111111111	0.18518518518518517
107	6	0.1111111111111111	0.14814814814814814
107	7	0.07407407407407407	0.1111111111111111
107	8	0.07407407407407407	0.1111111111111111
107	9	0.0	0.0
107	10	0.0	0.0
108	1	1.0	4.296296296296297
108	2	0.5555555555555556	1.1111111111111112
108	3	0.37037037037037035	0.6296296296296297
108	4	0.2222222222222222	0.4074074074074074
108	5	0.2222222222222222	0.3333333333333333
108	6	0.14814814814814814	0.2222222222222222
108	7	0.14814814814814814	0.2222222222222222
108	8	0.07407407407407407	0.14814814814814814
108	9	0.037037037037037035	0.07407407407407407
108	10	0.037037037037037035	0.07407407407407407
109	1	1.0	4.2592592592592595
109	2	0.5185185185185185	0.8148148148148148
109	3	0.1111111111111111	0.2222222222222222
109	4	0.1111111111111111	0.18518518518518517
109	5	0.037037037037037035	0.037037037037037035
109	6	0.037037037037037035	0.037037037037037035
109	7	0.037037037037037035	0.037037037037037035
109	8	0.037037037037037035	0.037037037037037035
109	9	0.037037037037037035	0.037037037037037035
109	10	0.037037037037037035	0.037037037037037035
110	1	1.0	5.37037037037037
110	2	0.5925925925925926	0.8148148148148148
110	3	0.14814814814814814	0.2222222222222222
110	4	0.14814814814814814	0.14814814814814814
110	5	0.07407407407407407	0.07407407407407407
110	6	0.07407407407407407	0.07407407407407407
110	7	0.07407407407407407	0.07407407407407407
110	8	0.07407407407407407	0.07407407407407407
110	9	0.037037037037037035	0.037037037037037035
110	10	0.037037037037037035	0.037037037037037035
111	1	1.0	4.222222222222222
111	2	0.4074074074074074	0.7037037037037037
111	3	0.2962962962962963	0.4074074074074074
111	4	0.2222222222222222	0.25925925925925924
111	5	0.2222222222222222	0.25925925925925924
111	6	0.18518518518518517	0.2222222222222222
111	7	0.14814814814814814	0.14814814814814814
111	8	0.14814814814814814	0.14814814814814814
111	9	0.07407407407407407	0.07407407407407407
111	10	0.07407407407407407	0.07407407407407407
112	1	1.0	4.666666666666667
112	2	0.7037037037037037	1.2222222222222223
112	3	0.37037037037037035	0.5185185185185185
112	4	0.3333333333333333	0.37037037037037035
112	5	0.18518518518518517	0.18518518518518517
112	6	0.18518518518518517	0.18518518518518517
112	7	0.1111111111111111	0.1111111111111111
112	8	0.037037037037037035	0.037037037037037035
112	9	0.037037037037037035	0.037037037037037035
112	10	0.0	0.0
113	1	1.0	5.111111111111111
113	2	0.6666666666666666	1.0
113	3	0.3333333333333333	0.4444444444444444
113	4	0.1111111111111111	0.1111111111111111
113	5	0.1111111111111111	0.1111111111111111
113	6	0.07407407407407407	0.07407407407407407
113	7	0.07407407407407407	0.07407407407407407
113	8	0.0	0.0
113	9	0.0	0.0
113	10	0.0	0.0
114	1	1.0	3.740740740740741
114	2	0.5555555555555556	1.0
114	3	0.37037037037037035	0.5925925925925926
114	4	0.2222222222222222	0.2962962962962963
114	5	0.14814814814814814	0.18518518518518517
114	6	0.1111111111111111	0.1111111111111111
114	7	0.1111111111111111	0.1111111111111111
114	8	0.1111111111111111	0.1111111111111111
114	9	0.07407407407407407	0.07407407407407407
114	10	0.07407407407407407	0.07407407407407407
115	1	1.0	5.592592592592593
115	2	0.5555555555555556	1.1111111111111112
115	3	0.2962962962962963	0.5185185185185185
115	4	0.25925925925925924	0.3333333333333333
115	5	0.18518518518518517	0.25925925925925924
115	6	0.14814814814814814	0.14814814814814814
115	7	0.037037037037037035	0.037037037037037035
115	8	0.037037037037037035	0.037037037037037035
115	9	0.037037037037037035	0.037037037037037035
115	10	0.037037037037037035	0.037037037037037035
116	1	1.0	4.777777777777778
116	2	0.6296296296296297	0.8518518518518519
116	3	0.2962962962962963	0.37037037037037035
116	4	0.14814814814814814	0.18518518518518517
116	5	0.1111111111111111	0.1111111111111111
116	6	0.037037037037037035	0.037037037037037035
116	7	0.0	0.0
116	8	0.0	0.0
116	9	0.0	0.0
116	10	0.0	0.0
117	1	1.0	3.925925925925926
117	2	0.4444444444444444	0.6296296296296297
117	3	0.2222222222222222	0.2962962962962963
117	4	0.1111111111111111	0.14814814814814814
117	5	0.1111111111111111	0.14814814814814814
117	6	0.1111111111111111	0.1111111111111111
117	7	0.1111111111111111	0.1111111111111111
117	8	0.07407407407407407	0.07407407407407407
117	9	0.037037037037037035	0.037037037037037035
117	10	0.037037037037037035	0.037037037037037035
118	1	1.0	4.7407407407407405
118	2	0.5185185185185185	0.9259259259259259
118	3	0.37037037037037035	0.5555555555555556
118	4	0.2962962962962963	0.37037037037037035
118	5	0.2222222222222222	0.2222222222222222
118	6	0.14814814814814814	0.14814814814814814
118	7	0.07407407407407407	0.07407407407407407
118	8	0.037037037037037035	0.037037037037037035
118	9	0.037037037037037035	0.037037037037037035
118	10	0.037037037037037035	0.037037037037037035
119	1	1.0	4.2592592592592595
119	2	0.5555555555555556	0.9629629629629629
119	3	0.3333333333333333	0.37037037037037035
119	4	0.1111111111111111	0.1111111111111111
119	5	0.07407407407407407	0.07407407407407407
119	6	0.0	0.0
119	7	0.0	0.0
119	8	0.0	0.0
119	9	0.0	0.0
119	10	0.0	0.0
120	1	1.0	4.148148148148148
120	2	0.4444444444444444	0.7777777777777778
120	3	0.3333333333333333	0.4074074074074074
120	4	0.18518518518518517	0.2222222222222222
120	5	0.18518518518518517	0.18518518518518517
120	6	0.1111111111111111	0.1111111111111111
120	7	0.07407407407407407	0.07407407407407407
120	8	0.037037037037037035	0.037037037037037035
120	9	0.0	0.0
120	10	0.0	0.0
121	1	1.0	5.185185185185185
121	2	0.6666666666666666	1.3333333333333333
121	3	0.37037037037037035	0.5555555555555556
121	4	0.2222222222222222	0.37037037037037035
121	5	0.18518518518518517	0.25925925925925924
121	6	0.14814814814814814	0.18518518518518517
121	7	0.14814814814814814	0.14814814814814814
121	8	0.1111111111111111	0.1111111111111111
121	9	0.1111111111111111	0.1111111111111111
121	10	0.1111111111111111	0.1111111111111111
122	1	1.0	4.444444444444445
122	2	0.5555555555555556	0.8888888888888888
122	3	0.2222222222222222	0.3333333333333333
122	4	0.1111111111111111	0.18518518518518517
122	5	0.1111111111111111	0.14814814814814814
122	6	0.07407407407407407	0.07407407407407407
122	7	0.037037037037037035	0.037037037037037035
122	8	0.037037037037037035	0.037037037037037035
122	9	0.037037037037037035	0.037037037037037035
122	10	0.037037037037037035	0.037037037037037035
123	1	1.0	4.333333333333333
123	2	0.48148148148148145	0.6296296296296297
123	3	0.25925925925925924	0.2962962962962963
123	4	0.1111111111111111	0.1111111111111111
123	5	0.07407407407407407	0.07407407407407407
123	6	0.037037037037037035	0.037037037037037035
123	7	0.037037037037037035	0.037037037037037035
123	8	0.0	0.0
123	9	0.0	0.0
123	10	0.0	0.0
124	1	1.0	5.518518518518518
124	2	0.5925925925925926	1.1111111111111112
124	3	0.18518518518518517	0.2222222222222222
124	4	0.1111111111111111	0.1111111111111111
124	5	0.07407407407407407	0.07407407407407407
124	6	0.0	0.0
124	7	0.0	0.0
124	8	0.0	0.0
124	9	0.0	0.0
124	10	0.0	0.0
125	1	1.0	4.592592592592593
125	2	0.5185185185185185	0.9259259259259259
125	3	0.14814814814814814	0.25925925925925924
125	4	0.07407407407407407	0.1111111111111111
125	5	0.037037037037037035	0.037037037037037035
125	6	0.0	0.0
125	7	0.0	0.0
125	8	0.0	0.0
125	9	0.0	0.0
125	10	0.0	0.0
126	1	1.0	4.333333333333333
126	2	0.2962962962962963	0.48148148148148145
126	3	0.14814814814814814	0.2962962962962963
126	4	0.1111111111111111	0.18518518518518517
126	5	0.07407407407407407	0.1111111111111111
126	6	0.037037037037037035	0.037037037037037035
126	7	0.037037037037037035	0.037037037037037035
126	8	0.037037037037037035	0.037037037037037035
126	9	0.0	0.0
126	10	0.0	0.0
127	1	1.0	4.407407407407407
127	2	0.6296296296296297	0.9259259259259259
127	3	0.4074074074074074	0.4444444444444444
127	4	0.25925925925925924	0.25925925925925924
127	5	0.14814814814814814	0.14814814814814814
127	6	0.07407407407407407	0.07407407407407407
127	7	0.037037037037037035	0.037037037037037035
127	8	0.037037037037037035	0.037037037037037035
127	9	0.037037037037037035	0.037037037037037035
127	10	0.037037037037037035	0.037037037037037035
128	1	1.0	4.962962962962963
128	2	0.6296296296296297	0.8888888888888888
128	3	0.37037037037037035	0.4074074074074074
128	4	0.2962962962962963	0.3333333333333333
128	5	0.18518518518518517	0.2222222222222222
128	6	0.07407407407407407	0.07407407407407407
128	7	0.037037037037037035	0.037037037037037035
128	8	0.037037037037037035	0.037037037037037035
128	9	0.0	0.0
128	10	0.0	0.0
129	1	1.0	4.074074074074074
129	2	0.5555555555555556	0.8518518518518519
129	3	0.3333333333333333	0.4074074074074074
129	4	0.14814814814814814	0.18518518518518517
129	5	0.07407407407407407	0.1111111111111111
129	6	0.037037037037037035	0.037037037037037035
129	7	0.0	0.0
129	8	0.0	0.0
129	9	0.0	0.0
129	10	0.0	0.0
130	1	1.0	4.148148148148148
130	2	0.5925925925925926	0.8518518518518519
130	3	0.4074074074074074	0.48148148148148145
130	4	0.18518518518518517	0.2222222222222222
130	5	0.1111111111111111	0.1111111111111111
130	6	0.07407407407407407	0.07407407407407407
130	7	0.0	0.0
130	8	0.0	0.0
130	9	0.0	0.0
130	10	0.0	0.0
131	1	1.0	3.7777777777777777
131	2	0.5185185185185185	0.8148148148148148
131	3	0.25925925925925924	0.3333333333333333
131	4	0.2222222222222222	0.2222222222222222
131	5	0.2222222222222222	0.2222222222222222
131	6	0.1111111111111111	0.1111111111111111
131	7	0.07407407407407407	0.07407407407407407
131	8	0.037037037037037035	0.037037037037037035
131	9	0.0	0.0
131	10	0.0	0.0
132	1	1.0	4.185185185185185
132	2	0.7777777777777778	1.4814814814814814
132	3	0.5185185185185185	0.7777777777777778
132	4	0.37037037037037035	0.4444444444444444
132	5	0.3333333333333333	0.3333333333333333
132	6	0.2962962962962963	0.2962962962962963
132	7	0.18518518518518517	0.18518518518518517
132	8	0.1111111111111111	0.1111111111111111
132	9	0.07407407407407407	0.07407407407407407
132	10	0.0	0.0
133	1	1.0	4.111111111111111
133	2	0.6666666666666666	1.0740740740740742
133	3	0.3333333333333333	0.48148148148148145
133	4	0.14814814814814814	0.18518518518518517
133	5	0.1111111111111111	0.1111111111111111
133	6	0.1111111111111111	0.1111111111111111
133	7	0.07407407407407407	0.07407407407407407
133	8	0.07407407407407407	0.07407407407407407
133	9	0.07407407407407407	0.07407407407407407
133	10	0.07407407407407407	0.07407407407407407
134	1	1.0	4.851851851851852
134	2	0.5555555555555556	0.7777777777777778
134	3	0.2962962962962963	0.3333333333333333
134	4	0.1111111111111111	0.14814814814814814
134	5	0.07407407407407407	0.07407407407407407
134	6	0.07407407407407407	0.07407407407407407
134	7	0.037037037037037035	0.037037037037037035
134	8	0.037037037037037035	0.037037037037037035
134	9	0.037037037037037035	0.037037037037037035
134	10	0.0	0.0
135	1	1.0	4.407407407407407
135	2	0.48148148148148145	1.0
135	3	0.3333333333333333	0.4444444444444444
135	4	0.14814814814814814	0.18518518518518517
135	5	0.037037037037037035	0.037037037037037035
135	6	0.037037037037037035	0.037037037037037035
135	7	0.037037037037037035	0.037037037037037035
135	8	0.0	0.0
135	9	0.0	0.0
135	10	0.0	0.0
136	1	1.0	4.407407407407407
136	2	0.6296296296296297	1.0740740740740742
136	3	0.2962962962962963	0.48148148148148145
136	4	0.18518518518518517	0.2962962962962963
136	5	0.1111111111111111	0.14814814814814814
136	6	0.07407407407407407	0.1111111111111111
136	7	0.07407407407407407	0.1111111111111111
136	8	0.07407407407407407	0.1111111111111111
136	9	0.07407407407407407	0.07407407407407407
136	10	0.037037037037037035	0.037037037037037035
137	1	1.0	4.407407407407407
137	2	0.5185185185185185	0.8518518518518519
137	3	0.18518518518518517	0.2962962962962963
137	4	0.07407407407407407	0.14814814814814814
137	5	0.07407407407407407	0.1111111111111111
137	6	0.07407407407407407	0.1111111111111111
137	7	0.07407407407407407	0.1111111111111111
137	8	0.07407407407407407	0.1111111111111111
137	9	0.07407407407407407	0.1111111111111111
137	10	0.07407407407407407	0.1111111111111111
138	1	1.0	4.666666666666667
138	2	0.6296296296296297	1.037037037037037
138	3	0.3333333333333333	0.4444444444444444
138	4	0.14814814814814814	0.2222222222222222
138	5	0.037037037037037035	0.037037037037037035
138	6	0.037037037037037035	0.037037037037037035
138	7	0.037037037037037035	0.037037037037037035
138	8	0.037037037037037035	0.037037037037037035
138	9	0.037037037037037035	0.037037037037037035
138	10	0.037037037037037035	0.037037037037037035
139	1	1.0	4.62962962962963
139	2	0.5555555555555556	0.8148148148148148
139	3	0.4074074074074074	0.4074074074074074
139	4	0.1111111111111111	0.1111111111111111
139	5	0.037037037037037035	0.037037037037037035
139	6	0.0	0.0
139	7	0.0	0.0
139	8	0.0	0.0
139	9	0.0	0.0
139	10	0.0	0.0
140	1	1.0	4.222222222222222
140	2	0.48148148148148145	0.5925925925925926
140	3	0.2222222222222222	0.2222222222222222
140	4	0.14814814814814814	0.14814814814814814
140	5	0.1111111111111111	0.1111111111111111
140	6	0.1111111111111111	0.1111111111111111
140	7	0.07407407407407407	0.07407407407407407
140	8	0.07407407407407407	0.07407407407407407
140	9	0.037037037037037035	0.037037037037037035
140	10	0.037037037037037035	0.037037037037037035
141	1	1.0	5.62962962962963
141	2	0.5555555555555556	0.9259259259259259
141	3	0.2962962962962963	0.3333333333333333
141	4	0.14814814814814814	0.18518518518518517
141	5	0.037037037037037035	0.037037037037037035
141	6	0.0	0.0
141	7	0.0	0.0
141	8	0.0	0.0
141	9	0.0	0.0
141	10	0.0	0.0
142	1	1.0	4.62962962962963
142	2	0.6666666666666666	1.037037037037037
142	3	0.3333333333333333	0.4074074074074074
142	4	0.2962962962962963	0.3333333333333333
142	5	0.14814814814814814	0.18518518518518517
142	6	0.14814814814814814	0.18518518518518517
142	7	0.1111111111111111	0.14814814814814814
142	8	0.1111111111111111	0.14814814814814814
142	9	0.1111111111111111	0.1111111111111111
142	10	0.0	0.0
143	1	1.0	4.444444444444445
143	2	0.5555555555555556	0.7777777777777778
143	3	0.2962962962962963	0.37037037037037035
143	4	0.25925925925925924	0.2962962962962963
143	5	0.2222222222222222	0.2222222222222222
143	6	0.1111111111111111	0.1111111111111111
143	7	0.1111111111111111	0.1111111111111111
143	8	0.1111111111111111	0.1111111111111111
143	9	0.07407407407407407	0.07407407407407407
143	10	0.07407407407407407	0.07407407407407407
144	1	1.0	3.8518518518518516
144	2	0.5555555555555556	0.8518518518518519
144	3	0.14814814814814814	0.2222222222222222
144	4	0.14814814814814814	0.2222222222222222
144	5	0.1111111111111111	0.14814814814814814
144	6	0.1111111111111111	0.14814814814814814
144	7	0.07407407407407407	0.07407407407407407
144	8	0.037037037037037035	0.037037037037037035
144	9	0.0	0.0
144	10	0.0	0.0
145	1	1.0	4.148148148148148
145	2	0.48148148148148145	0.6296296296296297
145	3	0.037037037037037035	0.037037037037037035
145	4	0.0	0.0
145	5	0.0	0.0
145	6	0.0	0.0
145	7	0.0	0.0
145	8	0.0	0.0
145	9	0.0	0.0
145	10	0.0	0.0
146	1	1.0	4.888888888888889
146	2	0.5185185185185185	0.7777777777777778
146	3	0.2222222222222222	0.2962962962962963
146	4	0.07407407407407407	0.1111111111111111
146	5	0.07407407407407407	0.1111111111111111
146	6	0.07407407407407407	0.1111111111111111
146	7	0.037037037037037035	0.037037037037037035
146	8	0.0	0.0
146	9	0.0	0.0
146	10	0.0	0.0
147	1	1.0	4.481481481481482
147	2	0.5185185185185185	1.0
147	3	0.3333333333333333	0.4074074074074074
147	4	0.07407407407407407	0.07407407407407407
147	5	0.037037037037037035	0.037037037037037035
147	6	0.037037037037037035	0.037037037037037035
147	7	0.037037037037037035	0.037037037037037035
147	8	0.0	0.0
147	9	0.0	0.0
147	10	0.0	0.0
148	1	1.0	4.296296296296297
148	2	0.7037037037037037	1.0
148	3	0.14814814814814814	0.25925925925925924
148	4	0.14814814814814814	0.18518518518518517
148	5	0.1111111111111111	0.14814814814814814
148	6	0.0	0.0
148	7	0.0	0.0
148	8	0.0	0.0
148	9	0.0	0.0
148	10	0.0	0.0
149	1	1.0	4.37037037037037
149	2	0.6296296296296297	0.8888888888888888
149	3	0.3333333333333333	0.37037037037037035
149	4	0.25925925925925924	0.25925925925925924
149	5	0.037037037037037035	0.037037037037037035
149	6	0.037037037037037035	0.037037037037037035
149	7	0.037037037037037035	0.037037037037037035
149	8	0.037037037037037035	0.037037037037037035
149	9	0.037037037037037035	0.037037037037037035
149	10	0.037037037037037035	0.037037037037037035
150	1	1.0	4.555555555555555
150	2	0.5555555555555556	1.0
150	3	0.25925925925925924	0.2962962962962963
150	4	0.1111111111111111	0.14814814814814814
150	5	0.07407407407407407	0.07407407407407407
150	6	0.037037037037037035	0.037037037037037035
150	7	0.0	0.0
150	8	0.0	0.0
150	9	0.0	0.0
150	10	0.0	0.0
151	1	1.0	4.481481481481482
151	2	0.48148148148148145	0.8518518518518519
151	3	0.25925925925925924	0.4444444444444444
151	4	0.25925925925925924	0.37037037037037035
151	5	0.07407407407407407	0.07407407407407407
151	6	0.037037037037037035	0.037037037037037035
151	7	0.0	0.0
151	8	0.0	0.0
151	9	0.0	0.0
151	10	0.0	0.0
152	1	1.0	4.074074074074074
152	2	0.48148148148148145	0.8518518518518519
152	3	0.25925925925925924	0.4444444444444444
152	4	0.1111111111111111	0.1111111111111111
152	5	0.037037037037037035	0.037037037037037035
152	6	0.037037037037037035	0.037037037037037035
152	7	0.0	0.0
152	8	0.0	0.0
152	9	0.0	0.0
152	10	0.0	0.0
153	1	1.0	4.7407407407407405
153	2	0.5185185185185185	0.9629629629629629
153	3	0.3333333333333333	0.48148148148148145
153	4	0.2222222222222222	0.25925925925925924
153	5	0.1111111111111111	0.14814814814814814
153	6	0.1111111111111111	0.14814814814814814
153	7	0.07407407407407407	0.07407407407407407
153	8	0.07407407407407407	0.07407407407407407
153	9	0.07407407407407407	0.07407407407407407
153	10	0.037037037037037035	0.037037037037037035
154	1	1.0	4.037037037037037
154	2	0.5555555555555556	1.037037037037037
154	3	0.2962962962962963	0.2962962962962963
154	4	0.25925925925925924	0.25925925925925924
154	5	0.14814814814814814	0.14814814814814814
154	6	0.07407407407407407	0.07407407407407407
154	7	0.0	0.0
154	8	0.0	0.0
154	9	0.0	0.0
154	10	0.0	0.0
155	1	1.0	4.407407407407407
155	2	0.5555555555555556	0.9259259259259259
155	3	0.37037037037037035	0.5185185185185185
155	4	0.2222222222222222	0.2962962962962963
155	5	0.1111111111111111	0.14814814814814814
155	6	0.07407407407407407	0.1111111111111111
155	7	0.07407407407407407	0.07407407407407407
155	8	0.037037037037037035	0.037037037037037035
155	9	0.037037037037037035	0.037037037037037035
155	10	0.0	0.0
156	1	1.0	4.407407407407407
156	2	0.37037037037037035	0.48148148148148145
156	3	0.1111111111111111	0.1111111111111111
156	4	0.07407407407407407	0.07407407407407407
156	5	0.037037037037037035	0.037037037037037035
156	6	0.0	0.0
156	7	0.0	0.0
156	8	0.0	0.0
156	9	0.0	0.0
156	10	0.0	0.0
157	1	1.0	3.925925925925926
157	2	0.4444444444444444	0.5555555555555556
157	3	0.18518518518518517	0.25925925925925924
157	4	0.18518518518518517	0.2222222222222222
157	5	0.1111111111111111	0.14814814814814814
157	6	0.1111111111111111	0.14814814814814814
157	7	0.07407407407407407	0.1111111111111111
157	8	0.07407407407407407	0.1111111111111111
157	9	0.07407407407407407	0.07407407407407407
157	10	0.037037037037037035	0.037037037037037035
158	1	1.0	4.851851851851852
158	2	0.4074074074074074	0.6666666666666666
158	3	0.18518518518518517	0.25925925925925924
158	4	0.07407407407407407	0.1111111111111111
158	5	0.07407407407407407	0.07407407407407407
158	6	0.07407407407407407	0.07407407407407407
158	7	0.07407407407407407	0.07407407407407407
158	8	0.0	0.0
158	9	0.0	0.0
158	10	0.0	0.0
159	1	1.0	4.555555555555555
159	2	0.7407407407407407	1.1111111111111112
159	3	0.3333333333333333	0.4444444444444444
159	4	0.18518518518518517	0.25925925925925924
159	5	0.14814814814814814	0.18518518518518517
159	6	0.1111111111111111	0.1111111111111111
159	7	0.037037037037037035	0.037037037037037035
159	8	0.037037037037037035	0.037037037037037035
159	9	0.0	0.0
159	10	0.0	0.0
160	1	1.0	4.37037037037037
160	2	0.4074074074074074	0.6666666666666666
160	3	0.18518518518518517	0.2222222222222222
160	4	0.14814814814814814	0.18518518518518517
160	5	0.07407407407407407	0.1111111111111111
160	6	0.07407407407407407	0.07407407407407407
160	7	0.037037037037037035	0.037037037037037035
160	8	0.037037037037037035	0.037037037037037035
160	9	0.037037037037037035	0.037037037037037035
160	10	0.0	0.0
161	1	1.0	4.62962962962963
161	2	0.4074074074074074	0.6666666666666666
161	3	0.2222222222222222	0.2962962962962963
161	4	0.07407407407407407	0.1111111111111111
161	5	0.07407407407407407	0.1111111111111111
161	6	0.037037037037037035	0.07407407407407407
161	7	0.037037037037037035	0.07407407407407407
161	8	0.037037037037037035	0.037037037037037035
161	9	0.037037037037037035	0.037037037037037035
161	10	0.037037037037037035	0.037037037037037035
162	1	1.0	4.518518518518518
162	2	0.7037037037037037	1.037037037037037
162	3	0.37037037037037035	0.4074074074074074
162	4	0.18518518518518517	0.2222222222222222
162	5	0.1111111111111111	0.1111111111111111
162	6	0.1111111111111111	0.1111111111111111
162	7	0.07407407407407407	0.07407407407407407
162	8	0.037037037037037035	0.037037037037037035
162	9	0.037037037037037035	0.037037037037037035
162	10	0.0	0.0
163	1	1.0	4.444444444444445
163	2	0.4074074074074074	0.48148148148148145
163	3	0.2222222222222222	0.25925925925925924
163	4	0.07407407407407407	0.07407407407407407
163	5	0.037037037037037035	0.037037037037037035
163	6	0.0	0.0
163	7	0.0	0.0
163	8	0.0	0.0
163	9	0.0	0.0
163	10	0.0	0.0
164	1	1.0	4.62962962962963
164	2	0.48148148148148145	0.8148148148148148
164	3	0.2222222222222222	0.2222222222222222
164	4	0.14814814814814814	0.14814814814814814
164	5	0.07407407407407407	0.07407407407407407
164	6	0.037037037037037035	0.037037037037037035
164	7	0.037037037037037035	0.037037037037037035
164	8	0.037037037037037035	0.037037037037037035
164	9	0.0	0.0
164	10	0.0	0.0
165	1	1.0	4.962962962962963
165	2	0.37037037037037035	0.5185185185185185
165	3	0.1111111111111111	0.14814814814814814
165	4	0.037037037037037035	0.037037037037037035
165	5	0.037037037037037035	0.037037037037037035
165	6	0.037037037037037035	0.037037037037037035
165	7	0.037037037037037035	0.037037037037037035
165	8	0.037037037037037035	0.037037037037037035
165	9	0.0	0.0
165	10	0.0	0.0
166	1	1.0	4.851851851851852
166	2	0.4444444444444444	0.7407407407407407
166	3	0.18518518518518517	0.25925925925925924
166	4	0.14814814814814814	0.18518518518518517
166	5	0.07407407407407407	0.07407407407407407
166	6	0.07407407407407407	0.07407407407407407
166	7	0.07407407407407407	0.07407407407407407
166	8	0.07407407407407407	0.07407407407407407
166	9	0.07407407407407407	0.07407407407407407
166	10	0.037037037037037035	0.037037037037037035
167	1	1.0	4.037037037037037
167	2	0.5185185185185185	0.9259259259259259
167	3	0.2962962962962963	0.4074074074074074
167	4	0.2222222222222222	0.3333333333333333
167	5	0.14814814814814814	0.18518518518518517
167	6	0.07407407407407407	0.07407407407407407
167	7	0.07407407407407407	0.07407407407407407
167	8	0.037037037037037035	0.037037037037037035
167	9	0.037037037037037035	0.037037037037037035
167	10	0.0	0.0
168	1	1.0	4.444444444444445
168	2	0.4444444444444444	0.6296296296296297
168	3	0.1111111111111111	0.1111111111111111
168	4	0.037037037037037035	0.037037037037037035
168	5	0.037037037037037035	0.037037037037037035
168	6	0.0	0.0
168	7	0.0	0.0
168	8	0.0	0.0
168	9	0.0	0.0
168	10	0.0	0.0
169	1	1.0	4.666666666666667
169	2	0.6296296296296297	1.0
169	3	0.3333333333333333	0.4444444444444444
169	4	0.2222222222222222	0.3333333333333333
169	5	0.14814814814814814	0.25925925925925924
169	6	0.1111111111111111	0.18518518518518517
169	7	0.07407407407407407	0.1111111111111111
169	8	0.07407407407407407	0.1111111111111111
169	9	0.037037037037037035	0.07407407407407407
169	10	0.037037037037037035	0.07407407407407407
170	1	1.0	4.222222222222222
170	2	0.5185185185185185	0.9259259259259259
170	3	0.2962962962962963	0.37037037037037035
170	4	0.18518518518518517	0.2222222222222222
170	5	0.18518518518518517	0.18518518518518517
170	6	0.18518518518518517	0.18518518518518517
170	7	0.1111111111111111	0.1111111111111111
170	8	0.037037037037037035	0.037037037037037035
170	9	0.037037037037037035	0.037037037037037035
170	10	0.0	0.0
171	1	1.0	4.148148148148148
171	2	0.5185185185185185	0.7777777777777778
171	3	0.3333333333333333	0.4074074074074074
171	4	0.07407407407407407	0.1111111111111111
171	5	0.037037037037037035	0.037037037037037035
171	6	0.037037037037037035	0.037037037037037035
171	7	0.037037037037037035	0.037037037037037035
171	8	0.037037037037037035	0.037037037037037035
171	9	0.0	0.0
171	10	0.0	0.0
172	1	1.0	4.62962962962963
172	2	0.6296296296296297	1.0
172	3	0.37037037037037035	0.5185185185185185
172	4	0.18518518518518517	0.2222222222222222
172	5	0.07407407407407407	0.07407407407407407
172	6	0.0	0.0
172	7	0.0	0.0
172	8	0.0	0.0
172	9	0.0	0.0
172	10	0.0	0.0
173	1	1.0	4.666666666666667
173	2	0.6296296296296297	0.8148148148148148
173	3	0.2962962962962963	0.2962962962962963
173	4	0.2222222222222222	0.2222222222222222
173	5	0.14814814814814814	0.14814814814814814
173	6	0.14814814814814814	0.14814814814814814
173	7	0.14814814814814814	0.14814814814814814
173	8	0.1111111111111111	0.1111111111111111
173	9	0.1111111111111111	0.1111111111111111
173	10	0.07407407407407407	0.07407407407407407
174	1	1.0	4.592592592592593
174	2	0.3333333333333333	0.5555555555555556
174	3	0.2222222222222222	0.2962962962962963
174	4	0.07407407407407407	0.07407407407407407
174	5	0.037037037037037035	0.037037037037037035
174	6	0.037037037037037035	0.037037037037037035
174	7	0.037037037037037035	0.037037037037037035
174	8	0.037037037037037035	0.037037037037037035
174	9	0.037037037037037035	0.037037037037037035
174	10	0.0	0.0
175	1	1.0	3.888888888888889
175	2	0.4074074074074074	0.6666666666666666
175	3	0.14814814814814814	0.18518518518518517
175	4	0.07407407407407407	0.07407407407407407
175	5	0.07407407407407407	0.07407407407407407
175	6	0.07407407407407407	0.07407407407407407
175	7	0.0	0.0
175	8	0.0	0.0
175	9	0.0	0.0
175	10	0.0	0.0
176	1	1.0	5.074074074074074
176	2	0.37037037037037035	0.4444444444444444
176	3	0.14814814814814814	0.14814814814814814
176	4	0.1111111111111111	0.1111111111111111
176	5	0.07407407407407407	0.07407407407407407
176	6	0.07407407407407407	0.07407407407407407
176	7	0.037037037037037035	0.037037037037037035
176	8	0.037037037037037035	0.037037037037037035
176	9	0.037037037037037035	0.037037037037037035
176	10	0.037037037037037035	0.037037037037037035
177	1	1.0	3.8518518518518516
177	2	0.5925925925925926	0.9259259259259259
177	3	0.25925925925925924	0.25925925925925924
177	4	0.07407407407407407	0.07407407407407407
177	5	0.037037037037037035	0.037037037037037035
177	6	0.037037037037037035	0.037037037037037035
177	7	0.0	0.0
177	8	0.0	0.0
177	9	0.0	0.0
177	10	0.0	0.0
178	1	1.0	4.148148148148148
178	2	0.5185185185185185	0.8888888888888888
178	3	0.25925925925925924	0.4444444444444444
178	4	0.14814814814814814	0.14814814814814814
178	5	0.14814814814814814	0.14814814814814814
178	6	0.14814814814814814	0.14814814814814814
178	7	0.037037037037037035	0.037037037037037035
178	8	0.0	0.0
178	9	0.0	0.0
178	10	0.0	0.0
179	1	1.0	4.333333333333333
179	2	0.4074074074074074	0.6666666666666666
179	3	0.2962962962962963	0.5185185185185185
179	4	0.18518518518518517	0.2962962962962963
179	5	0.07407407407407407	0.1111111111111111
179	6	0.07407407407407407	0.1111111111111111
179	7	0.037037037037037035	0.07407407407407407
179	8	0.037037037037037035	0.07407407407407407
179	9	0.037037037037037035	0.037037037037037035
179	10	0.037037037037037035	0.037037037037037035
180	1	1.0	4.333333333333333
180	2	0.5185185185185185	0.6666666666666666
180	3	0.14814814814814814	0.18518518518518517
180	4	0.07407407407407407	0.07407407407407407
180	5	0.07407407407407407	0.07407407407407407
180	6	0.07407407407407407	0.07407407407407407
180	7	0.07407407407407407	0.07407407407407407
180	8	0.037037037037037035	0.037037037037037035
180	9	0.037037037037037035	0.037037037037037035
180	10	0.037037037037037035	0.037037037037037035
181	1	1.0	4.0
181	2	0.48148148148148145	0.8518518518518519
181	3	0.18518518518518517	0.25925925925925924
181	4	0.14814814814814814	0.2222222222222222
181	5	0.037037037037037035	0.07407407407407407
181	6	0.0	0.0
181	7	0.0	0.0
181	8	0.0	0.0
181	9	0.0	0.0
181	10	0.0	0.0
182	1	1.0	3.8518518518518516
182	2	0.5555555555555556	0.9629629629629629
182	3	0.37037037037037035	0.48148148148148145
182	4	0.25925925925925924	0.3333333333333333
182	5	0.18518518518518517	0.2222222222222222
182	6	0.14814814814814814	0.14814814814814814
182	7	0.037037037037037035	0.037037037037037035
182	8	0.037037037037037035	0.037037037037037035
182	9	0.037037037037037035	0.037037037037037035
182	10	0.037037037037037035	0.037037037037037035
183	1	1.0	4.074074074074074
183	2	0.48148148148148145	0.6296296296296297
183	3	0.2222222222222222	0.25925925925925924
183	4	0.14814814814814814	0.14814814814814814
183	5	0.07407407407407407	0.07407407407407407
183	6	0.037037037037037035	0.037037037037037035
183	7	0.037037037037037035	0.037037037037037035
183	8	0.0	0.0
183	9	0.0	0.0
183	10	0.0	0.0
184	1	1.0	4.296296296296297
184	2	0.7407407407407407	1.037037037037037
184	3	0.2962962962962963	0.4074074074074074
184	4	0.2222222222222222	0.25925925925925924
184	5	0.14814814814814814	0.14814814814814814
184	6	0.037037037037037035	0.037037037037037035
184	7	0.0	0.0
184	8	0.0	0.0
184	9	0.0	0.0
184	10	0.0	0.0
185	1	1.0	4.222222222222222
185	2	0.5185185185185185	0.9629629629629629
185	3	0.2962962962962963	0.4444444444444444
185	4	0.1111111111111111	0.14814814814814814
185	5	0.07407407407407407	0.1111111111111111
185	6	0.07407407407407407	0.07407407407407407
185	7	0.037037037037037035	0.037037037037037035
185	8	0.037037037037037035	0.037037037037037035
185	9	0.037037037037037035	0.037037037037037035
185	10	0.037037037037037035	0.037037037037037035
186	1	1.0	4.962962962962963
186	2	0.5925925925925926	1.2222222222222223
186	3	0.25925925925925924	0.37037037037037035
186	4	0.18518518518518517	0.25925925925925924
186	5	0.07407407407407407	0.07407407407407407
186	6	0.037037037037037035	0.037037037037037035
186	7	0.037037037037037035	0.037037037037037035
186	8	0.0	0.0
186	9	0.0	0.0
186	10	0.0	0.0
187	1	1.0	4.407407407407407
187	2	0.5185185185185185	0.7777777777777778
187	3	0.2222222222222222	0.2962962962962963
187	4	0.1111111111111111	0.1111111111111111
187	5	0.037037037037037035	0.037037037037037035
187	6	0.0	0.0
187	7	0.0	0.0
187	8	0.0	0.0
187	9	0.0	0.0
187	10	0.0	0.0
188	1	1.0	4.185185185185185
188	2	0.4444444444444444	0.6666666666666666
188	3	0.2222222222222222	0.25925925925925924
188	4	0.07407407407407407	0.07407407407407407
188	5	0.07407407407407407	0.07407407407407407
188	6	0.037037037037037035	0.037037037037037035
188	7	0.037037037037037035	0.037037037037037035
188	8	0.037037037037037035	0.037037037037037035
188	9	0.037037037037037035	0.037037037037037035
188	10	0.037037037037037035	0.037037037037037035
189	1	1.0	4.0
189	2	0.5185185185185185	0.8148148148148148
189	3	0.2222222222222222	0.2222222222222222
189	4	0.1111111111111111	0.1111111111111111
189	5	0.0	0.0
189	6	0.0	0.0
189	7	0.0	0.0
189	8	0.0	0.0
189	9	0.0	0.0
189	10	0.0	0.0
190	1	1.0	4.333333333333333
190	2	0.5555555555555556	0.8148148148148148
190	3	0.2962962962962963	0.4074074074074074
190	4	0.18518518518518517	0.2222222222222222
190	5	0.07407407407407407	0.07407407407407407
190	6	0.037037037037037035	0.037037037037037035
190	7	0.037037037037037035	0.037037037037037035
190	8	0.037037037037037035	0.037037037037037035
190	9	0.037037037037037035	0.037037037037037035
190	10	0.037037037037037035	0.037037037037037035
191	1	1.0	4.518518518518518
191	2	0.6296296296296297	0.8518518518518519
191	3	0.37037037037037035	0.4444444444444444
191	4	0.18518518518518517	0.2222222222222222
191	5	0.1111111111111111	0.1111111111111111
191	6	0.037037037037037035	0.037037037037037035
191	7	0.037037037037037035	0.037037037037037035
191	8	0.037037037037037035	0.037037037037037035
191	9	0.0	0.0
191	10	0.0	0.0
192	1	1.0	4.62962962962963
192	2	0.4074074074074074	0.7037037037037037
192	3	0.037037037037037035	0.037037037037037035
192	4	0.037037037037037035	0.037037037037037035
192	5	0.0	0.0
192	6	0.0	0.0
192	7	0.0	0.0
192	8	0.0	0.0
192	9	0.0	0.0
192	10	0.0	0.0
193	1	1.0	4.037037037037037
193	2	0.4444444444444444	0.7407407407407407
193	3	0.25925925925925924	0.4074074074074074
193	4	0.18518518518518517	0.18518518518518517
193	5	0.1111111111111111	0.1111111111111111
193	6	0.07407407407407407	0.07407407407407407
193	7	0.07407407407407407	0.07407407407407407
193	8	0.037037037037037035	0.037037037037037035
193	9	0.037037037037037035	0.037037037037037035
193	10	0.0	0.0
194	1	1.0	4.333333333333333
194	2	0.5185185185185185	0.7037037037037037
194	3	0.2222222222222222	0.25925925925925924
194	4	0.18518518518518517	0.2222222222222222
194	5	0.1111111111111111	0.1111111111111111
194	6	0.07407407407407407	0.07407407407407407
194	7	0.07407407407407407	0.07407407407407407
194	8	0.0	0.0
194	9	0.0	0.0
194	10	0.0	0.0
195	1	1.0	3.740740740740741
195	2	0.5185185185185185	0.8888888888888888
195	3	0.4444444444444444	0.5555555555555556
195	4	0.18518518518518517	0.18518518518518517
195	5	0.14814814814814814	0.14814814814814814
195	6	0.1111111111111111	0.1111111111111111
195	7	0.037037037037037035	0.037037037037037035
195	8	0.037037037037037035	0.037037037037037035
195	9	0.037037037037037035	0.037037037037037035
195	10	0.037037037037037035	0.037037037037037035
196	1	1.0	4.555555555555555
196	2	0.5925925925925926	0.8518518518518519
196	3	0.2222222222222222	0.2962962962962963
196	4	0.14814814814814814	0.2222222222222222
196	5	0.1111111111111111	0.14814814814814814
196	6	0.07407407407407407	0.1111111111111111
196	7	0.037037037037037035	0.037037037037037035
196	8	0.0	0.0
196	9	0.0	0.0
196	10	0.0	0.0
197	1	1.0	4.444444444444445
197	2	0.5185185185185185	0.8888888888888888
197	3	0.2222222222222222	0.3333333333333333
197	4	0.2222222222222222	0.25925925925925924
197	5	0.14814814814814814	0.14814814814814814
197	6	0.07407407407407407	0.07407407407407407
197	7	0.07407407407407407	0.07407407407407407
197	8	0.07407407407407407	0.07407407407407407
197	9	0.07407407407407407	0.07407407407407407
197	10	0.07407407407407407	0.07407407407407407
198	1	1.0	4.185185185185185
198	2	0.48148148148148145	0.8148148148148148
198	3	0.37037037037037035	0.48148148148148145
198	4	0.25925925925925924	0.2962962962962963
198	5	0.14814814814814814	0.18518518518518517
198	6	0.14814814814814814	0.18518518518518517
198	7	0.1111111111111111	0.14814814814814814
198	8	0.07407407407407407	0.1111111111111111
198	9	0.037037037037037035	0.037037037037037035
198	10	0.037037037037037035	0.037037037037037035
199	1	1.0	4.518518518518518
199	2	0.48148148148148145	0.8518518518518519
199	3	0.3333333333333333	0.37037037037037035
199	4	0.2222222222222222	0.25925925925925924
199	5	0.14814814814814814	0.18518518518518517
199	6	0.1111111111111111	0.14814814814814814
199	7	0.07407407407407407	0.1111111111111111
199	8	0.07407407407407407	0.1111111111111111
199	9	0.07407407407407407	0.1111111111111111
199	10	0.037037037037037035	0.07407407407407407
200	1	1.0	4.0
200	2	0.5925925925925926	1.037037037037037
200	3	0.4074074074074074	0.5925925925925926
200	4	0.3333333333333333	0.4074074074074074
200	5	0.14814814814814814	0.2222222222222222
200	6	0.1111111111111111	0.1111111111111111
200	7	0.07407407407407407	0.07407407407407407
200	8	0.07407407407407407	0.07407407407407407
200	9	0.07407407407407407	0.07407407407407407
200	10	0.07407407407407407	0.07407407407407407
201	1	1.0	4.555555555555555
201	2	0.5925925925925926	0.9629629629629629
201	3	0.25925925925925924	0.4074074074074074
201	4	0.18518518518518517	0.18518518518518517
201	5	0.07407407407407407	0.07407407407407407
201	6	0.0	0.0
201	7	0.0	0.0
201	8	0.0	0.0
201	9	0.0	0.0
201	10	0.0	0.0
202	1	1.0	4.555555555555555
202	2	0.5555555555555556	0.8518518518518519
202	3	0.18518518518518517	0.2222222222222222
202	4	0.1111111111111111	0.14814814814814814
202	5	0.07407407407407407	0.07407407407407407
202	6	0.037037037037037035	0.037037037037037035
202	7	0.0	0.0
202	8	0.0	0.0
202	9	0.0	0.0
202	10	0.0	0.0
203	1	1.0	4.888888888888889
203	2	0.5185185185185185	1.0
203	3	0.2962962962962963	0.4444444444444444
203	4	0.18518518518518517	0.2222222222222222
203	5	0.07407407407407407	0.07407407407407407
203	6	0.07407407407407407	0.07407407407407407
203	7	0.037037037037037035	0.037037037037037035
203	8	0.037037037037037035	0.037037037037037035
203	9	0.037037037037037035	0.037037037037037035
203	10	0.0	0.0
204	1	1.0	5.148148148148148
204	2	0.37037037037037035	0.5925925925925926
204	3	0.2222222222222222	0.2222222222222222
204	4	0.14814814814814814	0.14814814814814814
204	5	0.1111111111111111	0.1111111111111111
204	6	0.07407407407407407	0.07407407407407407
204	7	0.037037037037037035	0.037037037037037035
204	8	0.037037037037037035	0.037037037037037035
204	9	0.037037037037037035	0.037037037037037035
204	10	0.037037037037037035	0.037037037037037035
205	1	1.0	6.518518518518518
205	2	0.5185185185185185	1.0740740740740742
205	3	0.2962962962962963	0.48148148148148145
205	4	0.2222222222222222	0.3333333333333333
205	5	0.18518518518518517	0.2222222222222222
205	6	0.18518518518518517	0.2222222222222222
205	7	0.14814814814814814	0.14814814814814814
205	8	0.14814814814814814	0.14814814814814814
205	9	0.1111111111111111	0.1111111111111111
205	10	0.1111111111111111	0.1111111111111111
206	1	1.0	4.62962962962963
206	2	0.48148148148148145	0.8888888888888888
206	3	0.25925925925925924	0.4074074074074074
206	4	0.14814814814814814	0.2222222222222222
206	5	0.14814814814814814	0.2222222222222222
206	6	0.1111111111111111	0.14814814814814814
206	7	0.1111111111111111	0.1111111111111111
206	8	0.07407407407407407	0.07407407407407407
206	9	0.0	0.0
206	10	0.0	0.0
207	1	1.0	4.407407407407407
207	2	0.6666666666666666	1.0740740740740742
207	3	0.37037037037037035	0.5185185185185185
207	4	0.2222222222222222	0.2962962962962963
207	5	0.07407407407407407	0.07407407407407407
207	6	0.07407407407407407	0.07407407407407407
207	7	0.037037037037037035	0.037037037037037035
207	8	0.037037037037037035	0.037037037037037035
207	9	0.0	0.0
207	10	0.0	0.0
208	1	1.0	4.703703703703703
208	2	0.5185185185185185	0.8888888888888888
208	3	0.18518518518518517	0.2962962962962963
208	4	0.07407407407407407	0.1111111111111111
208	5	0.07407407407407407	0.1111111111111111
208	6	0.037037037037037035	0.07407407407407407
208	7	0.037037037037037035	0.037037037037037035
208	8	0.037037037037037035	0.037037037037037035
208	9	0.037037037037037035	0.037037037037037035
208	10	0.0	0.0
209	1	1.0	4.62962962962963
209	2	0.5925925925925926	0.8888888888888888
209	3	0.2222222222222222	0.25925925925925924
209	4	0.14814814814814814	0.18518518518518517
209	5	0.14814814814814814	0.18518518518518517
209	6	0.14814814814814814	0.18518518518518517
209	7	0.1111111111111111	0.1111111111111111
209	8	0.037037037037037035	0.037037037037037035
209	9	0.0	0.0
209	10	0.0	0.0
210	1	1.0	4.37037037037037
210	2	0.5555555555555556	0.8518518518518519
210	3	0.14814814814814814	0.18518518518518517
210	4	0.1111111111111111	0.14814814814814814
210	5	0.07407407407407407	0.1111111111111111
210	6	0.07407407407407407	0.1111111111111111
210	7	0.07407407407407407	0.07407407407407407
210	8	0.07407407407407407	0.07407407407407407
210	9	0.0	0.0
210	10	0.0	0.0
211	1	1.0	4.518518518518518
211	2	0.5925925925925926	0.9259259259259259
211	3	0.25925925925925924	0.4074074074074074
211	4	0.1111111111111111	0.18518518518518517
211	5	0.07407407407407407	0.1111111111111111
211	6	0.037037037037037035	0.037037037037037035
211	7	0.037037037037037035	0.037037037037037035
211	8	0.0	0.0
211	9	0.0	0.0
211	10	0.0	0.0
212	1	1.0	4.481481481481482
212	2	0.3333333333333333	0.5925925925925926
212	3	0.14814814814814814	0.18518518518518517
212	4	0.1111111111111111	0.1111111111111111
212	5	0.07407407407407407	0.07407407407407407
212	6	0.07407407407407407	0.07407407407407407
212	7	0.037037037037037035	0.037037037037037035
212	8	0.0	0.0
212	9	0.0	0.0
212	10	0.0	0.0
213	1	1.0	4.222222222222222
213	2	0.4074074074074074	0.6666666666666666
213	3	0.25925925925925924	0.3333333333333333
213	4	0.14814814814814814	0.18518518518518517
213	5	0.1111111111111111	0.14814814814814814
213	6	0.07407407407407407	0.1111111111111111
213	7	0.07407407407407407	0.1111111111111111
213	8	0.037037037037037035	0.07407407407407407
213	9	0.037037037037037035	0.07407407407407407
213	10	0.037037037037037035	0.037037037037037035
214	1	1.0	4.37037037037037
214	2	0.3333333333333333	0.48148148148148145
214	3	0.2222222222222222	0.25925925925925924
214	4	0.1111111111111111	0.1111111111111111
214	5	0.07407407407407407	0.07407407407407407
214	6	0.07407407407407407	0.07407407407407407
214	7	0.07407407407407407	0.07407407407407407
214	8	0.07407407407407407	0.07407407407407407
214	9	0.037037037037037035	0.037037037037037035
214	10	0.037037037037037035	0.037037037037037035
215	1	1.0	4.037037037037037
215	2	0.5925925925925926	0.9629629629629629
215	3	0.2222222222222222	0.25925925925925924
215	4	0.14814814814814814	0.14814814814814814
215	5	0.1111111111111111	0.1111111111111111
215	6	0.07407407407407407	0.07407407407407407
215	7	0.037037037037037035	0.037037037037037035
215	8	0.037037037037037035	0.037037037037037035
215	9	0.037037037037037035	0.037037037037037035
215	10	0.037037037037037035	0.037037037037037035
216	1	1.0	4.592592592592593
216	2	0.37037037037037035	0.5185185185185185
216	3	0.1111111111111111	0.1111111111111111
216	4	0.1111111111111111	0.1111111111111111
216	5	0.07407407407407407	0.07407407407407407
216	6	0.07407407407407407	0.07407407407407407
216	7	0.0	0.0
216	8	0.0	0.0
216	9	0.0	0.0
216	10	0.0	0.0
217	1	1.0	4.444444444444445
217	2	0.5185185185185185	0.8148148148148148
217	3	0.2222222222222222	0.2962962962962963
217	4	0.1111111111111111	0.1111111111111111
217	5	0.07407407407407407	0.07407407407407407
217	6	0.07407407407407407	0.07407407407407407
217	7	0.07407407407407407	0.07407407407407407
217	8	0.07407407407407407	0.07407407407407407
217	9	0.037037037037037035	0.037037037037037035
217	10	0.037037037037037035	0.037037037037037035
218	1	1.0	4.555555555555555
218	2	0.5925925925925926	1.1111111111111112
218	3	0.4074074074074074	0.5925925925925926
218	4	0.2222222222222222	0.25925925925925924
218	5	0.14814814814814814	0.18518518518518517
218	6	0.07407407407407407	0.07407407407407407
218	7	0.037037037037037035	0.037037037037037035
218	8	0.037037037037037035	0.037037037037037035
218	9	0.037037037037037035	0.037037037037037035
218	10	0.037037037037037035	0.037037037037037035
219	1	1.0	4.37037037037037
219	2	0.4444444444444444	0.7407407407407407
219	3	0.2222222222222222	0.25925925925925924
219	4	0.18518518518518517	0.2222222222222222
219	5	0.1111111111111111	0.14814814814814814
219	6	0.07407407407407407	0.1111111111111111
219	7	0.037037037037037035	0.037037037037037035
219	8	0.037037037037037035	0.037037037037037035
219	9	0.0	0.0
219	10	0.0	0.0
220	1	1.0	4.296296296296297
220	2	0.6666666666666666	1.3703703703703705
220	3	0.48148148148148145	0.8148148148148148
220	4	0.4444444444444444	0.6296296296296297
220	5	0.25925925925925924	0.37037037037037035
220	6	0.2222222222222222	0.2962962962962963
220	7	0.07407407407407407	0.07407407407407407
220	8	0.07407407407407407	0.07407407407407407
220	9	0.07407407407407407	0.07407407407407407
220	10	0.07407407407407407	0.07407407407407407
221	1	1.0	4.2592592592592595
221	2	0.7037037037037037	1.1851851851851851
221	3	0.4444444444444444	0.5555555555555556
221	4	0.2962962962962963	0.3333333333333333
221	5	0.1111111111111111	0.1111111111111111
221	6	0.07407407407407407	0.07407407407407407
221	7	0.0	0.0
221	8	0.0	0.0
221	9	0.0	0.0
221	10	0.0	0.0
222	1	1.0	4.444444444444445
222	2	0.2962962962962963	0.48148148148148145
222	3	0.18518518518518517	0.25925925925925924
222	4	0.14814814814814814	0.18518518518518517
222	5	0.037037037037037035	0.037037037037037035
222	6	0.0	0.0
222	7	0.0	0.0
222	8	0.0	0.0
222	9	0.0	0.0
222	10	0.0	0.0
223	1	1.0	4.555555555555555
223	2	0.5925925925925926	0.7407407407407407
223	3	0.18518518518518517	0.18518518518518517
223	4	0.07407407407407407	0.07407407407407407
223	5	0.07407407407407407	0.07407407407407407
223	6	0.037037037037037035	0.037037037037037035
223	7	0.037037037037037035	0.037037037037037035
223	8	0.037037037037037035	0.037037037037037035
223	9	0.0	0.0
223	10	0.0	0.0
224	1	1.0	4.518518518518518
224	2	0.5555555555555556	0.7777777777777778
224	3	0.2962962962962963	0.3333333333333333
224	4	0.2222222222222222	0.2222222222222222
224	5	0.07407407407407407	0.07407407407407407
224	6	0.07407407407407407	0.07407407407407407
224	7	0.037037037037037035	0.037037037037037035
224	8	0.037037037037037035	0.037037037037037035
224	9	0.037037037037037035	0.037037037037037035
224	10	0.037037037037037035	0.037037037037037035
225	1	1.0	4.666666666666667
225	2	0.5925925925925926	0.9629629629629629
225	3	0.4074074074074074	0.5555555555555556
225	4	0.3333333333333333	0.37037037037037035
225	5	0.25925925925925924	0.2962962962962963
225	6	0.2222222222222222	0.25925925925925924
225	7	0.1111111111111111	0.14814814814814814
225	8	0.1111111111111111	0.14814814814814814
225	9	0.07407407407407407	0.07407407407407407
225	10	0.07407407407407407	0.07407407407407407
226	1	1.0	4.2592592592592595
226	2	0.5555555555555556	0.7407407407407407
226	3	0.18518518518518517	0.2222222222222222
226	4	0.07407407407407407	0.07407407407407407
226	5	0.037037037037037035	0.037037037037037035
226	6	0.037037037037037035	0.037037037037037035
226	7	0.037037037037037035	0.037037037037037035
226	8	0.037037037037037035	0.037037037037037035
226	9	0.0	0.0
226	10	0.0	0.0
227	1	1.0	4.481481481481482
227	2	0.5925925925925926	1.0740740740740742
227	3	0.3333333333333333	0.48148148148148145
227	4	0.18518518518518517	0.25925925925925924
227	5	0.18518518518518517	0.18518518518518517
227	6	0.1111111111111111	0.1111111111111111
227	7	0.07407407407407407	0.07407407407407407
227	8	0.07407407407407407	0.07407407407407407
227	9	0.037037037037037035	0.037037037037037035
227	10	0.037037037037037035	0.037037037037037035
228	1	1.0	4.7407407407407405
228	2	0.6296296296296297	0.8518518518518519
228	3	0.25925925925925924	0.3333333333333333
228	4	0.2222222222222222	0.25925925925925924
228	5	0.14814814814814814	0.18518518518518517
228	6	0.1111111111111111	0.1111111111111111
228	7	0.1111111111111111	0.1111111111111111
228	8	0.037037037037037035	0.037037037037037035
228	9	0.0	0.0
228	10	0.0	0.0
229	1	1.0	4.407407407407407
229	2	0.4074074074074074	0.6296296296296297
229	3	0.18518518518518517	0.25925925925925924
229	4	0.1111111111111111	0.14814814814814814
229	5	0.1111111111111111	0.1111111111111111
229	6	0.07407407407407407	0.07407407407407407
229	7	0.037037037037037035	0.037037037037037035
229	8	0.037037037037037035	0.037037037037037035
229	9	0.0	0.0
229	10	0.0	0.0
230	1	1.0	4.333333333333333
230	2	0.4444444444444444	0.6666666666666666
230	3	0.2962962962962963	0.4444444444444444
230	4	0.18518518518518517	0.18518518518518517
230	5	0.07407407407407407	0.07407407407407407
230	6	0.037037037037037035	0.037037037037037035
230	7	0.0	0.0
230	8	0.0	0.0
230	9	0.0	0.0
230	10	0.0	0.0
231	1	1.0	4.518518518518518
231	2	0.5185185185185185	1.0
231	3	0.2222222222222222	0.3333333333333333
231	4	0.1111111111111111	0.18518518518518517
231	5	0.037037037037037035	0.1111111111111111
231	6	0.0	0.0
231	7	0.0	0.0
231	8	0.0	0.0
231	9	0.0	0.0
231	10	0.0	0.0
232	1	1.0	4.555555555555555
232	2	0.6666666666666666	1.1481481481481481
232	3	0.3333333333333333	0.48148148148148145
232	4	0.2222222222222222	0.25925925925925924
232	5	0.14814814814814814	0.18518518518518517
232	6	0.1111111111111111	0.14814814814814814
232	7	0.07407407407407407	0.07407407407407407
232	8	0.037037037037037035	0.037037037037037035
232	9	0.037037037037037035	0.037037037037037035
232	10	0.037037037037037035	0.037037037037037035
233	1	1.0	4.037037037037037
233	2	0.5555555555555556	0.8518518518518519
233	3	0.2962962962962963	0.3333333333333333
233	4	0.18518518518518517	0.2222222222222222
233	5	0.07407407407407407	0.07407407407407407
233	6	0.0	0.0
233	7	0.0	0.0
233	8	0.0	0.0
233	9	0.0	0.0
233	10	0.0	0.0
234	1	1.0	4.666666666666667
234	2	0.6296296296296297	1.2592592592592593
234	3	0.4444444444444444	0.6296296296296297
234	4	0.18518518518518517	0.25925925925925924
234	5	0.1111111111111111	0.1111111111111111
234	6	0.1111111111111111	0.1111111111111111
234	7	0.1111111111111111	0.1111111111111111
234	8	0.07407407407407407	0.07407407407407407
234	9	0.037037037037037035	0.037037037037037035
234	10	0.037037037037037035	0.037037037037037035
235	1	1.0	4.333333333333333
235	2	0.5555555555555556	0.8518518518518519
235	3	0.2962962962962963	0.3333333333333333
235	4	0.1111111111111111	0.1111111111111111
235	5	0.07407407407407407	0.07407407407407407
235	6	0.037037037037037035	0.037037037037037035
235	7	0.037037037037037035	0.037037037037037035
235	8	0.037037037037037035	0.037037037037037035
235	9	0.037037037037037035	0.037037037037037035
235	10	0.037037037037037035	0.037037037037037035
236	1	1.0	4.074074074074074
236	2	0.5185185185185185	0.6296296296296297
236	3	0.18518518518518517	0.18518518518518517
236	4	0.07407407407407407	0.07407407407407407
236	5	0.037037037037037035	0.037037037037037035
236	6	0.0	0.0
236	7	0.0	0.0
236	8	0.0	0.0
236	9	0.0	0.0
236	10	0.0	0.0
237	1	1.0	4.925925925925926
237	2	0.48148148148148145	0.8148148148148148
237	3	0.2222222222222222	0.3333333333333333
237	4	0.14814814814814814	0.2222222222222222
237	5	0.14814814814814814	0.18518518518518517
237	6	0.07407407407407407	0.07407407407407407
237	7	0.037037037037037035	0.037037037037037035
237	8	0.037037037037037035	0.037037037037037035
237	9	0.037037037037037035	0.037037037037037035
237	10	0.037037037037037035	0.037037037037037035
238	1	1.0	4.888888888888889
238	2	0.4444444444444444	0.7407407407407407
238	3	0.25925925925925924	0.37037037037037035
238	4	0.14814814814814814	0.2222222222222222
238	5	0.07407407407407407	0.1111111111111111
238	6	0.037037037037037035	0.07407407407407407
238	7	0.037037037037037035	0.07407407407407407
238	8	0.037037037037037035	0.037037037037037035
238	9	0.037037037037037035	0.037037037037037035
238	10	0.0	0.0
239	1	1.0	3.888888888888889
239	2	0.48148148148148145	0.7777777777777778
239	3	0.2962962962962963	0.37037037037037035
239	4	0.1111111111111111	0.1111111111111111
239	5	0.1111111111111111	0.1111111111111111
239	6	0.07407407407407407	0.07407407407407407
239	7	0.07407407407407407	0.07407407407407407
239	8	0.07407407407407407	0.07407407407407407
239	9	0.037037037037037035	0.037037037037037035
239	10	0.0	0.0
240	1	1.0	5.62962962962963
240	2	0.5555555555555556	1.1851851851851851
240	3	0.2962962962962963	0.5185185185185185
240	4	0.25925925925925924	0.37037037037037035
240	5	0.14814814814814814	0.18518518518518517
240	6	0.14814814814814814	0.18518518518518517
240	7	0.07407407407407407	0.1111111111111111
240	8	0.037037037037037035	0.037037037037037035
240	9	0.037037037037037035	0.037037037037037035
240	10	0.037037037037037035	0.037037037037037035
241	1	1.0	4.814814814814815
241	2	0.48148148148148145	0.7407407407407407
241	3	0.2962962962962963	0.37037037037037035
241	4	0.07407407407407407	0.07407407407407407
241	5	0.07407407407407407	0.07407407407407407
241	6	0.0	0.0
241	7	0.0	0.0
241	8	0.0	0.0
241	9	0.0	0.0
241	10	0.0	0.0
242	1	1.0	3.7777777777777777
242	2	0.5925925925925926	0.9629629629629629
242	3	0.4074074074074074	0.5555555555555556
242	4	0.2222222222222222	0.25925925925925924
242	5	0.18518518518518517	0.2222222222222222
242	6	0.1111111111111111	0.14814814814814814
242	7	0.1111111111111111	0.14814814814814814
242	8	0.037037037037037035	0.037037037037037035
242	9	0.037037037037037035	0.037037037037037035
242	10	0.0	0.0
243	1	1.0	4.518518518518518
243	2	0.37037037037037035	0.7037037037037037
243	3	0.18518518518518517	0.25925925925925924
243	4	0.14814814814814814	0.14814814814814814
243	5	0.07407407407407407	0.07407407407407407
243	6	0.07407407407407407	0.07407407407407407
243	7	0.07407407407407407	0.07407407407407407
243	8	0.037037037037037035	0.037037037037037035
243	9	0.037037037037037035	0.037037037037037035
243	10	0.0	0.0
244	1	1.0	4.111111111111111
244	2	0.4074074074074074	0.7037037037037037
244	3	0.25925925925925924	0.3333333333333333
244	4	0.1111111111111111	0.18518518518518517
244	5	0.07407407407407407	0.07407407407407407
244	6	0.037037037037037035	0.037037037037037035
244	7	0.037037037037037035	0.037037037037037035
244	8	0.037037037037037035	0.037037037037037035
244	9	0.0	0.0
244	10	0.0	0.0
245	1	1.0	4.888888888888889
245	2	0.48148148148148145	0.8518518518518519
245	3	0.25925925925925924	0.4074074074074074
245	4	0.14814814814814814	0.2222222222222222
245	5	0.07407407407407407	0.1111111111111111
245	6	0.037037037037037035	0.037037037037037035
245	7	0.037037037037037035	0.037037037037037035
245	8	0.037037037037037035	0.037037037037037035
245	9	0.0	0.0
245	10	0.0	0.0
246	1	1.0	4.37037037037037
246	2	0.5925925925925926	0.9259259259259259
246	3	0.2962962962962963	0.3333333333333333
246	4	0.18518518518518517	0.18518518518518517
246	5	0.07407407407407407	0.07407407407407407
246	6	0.037037037037037035	0.037037037037037035
246	7	0.0	0.0
246	8	0.0	0.0
246	9	0.0	0.0
246	10	0.0	0.0
247	1	1.0	5.2592592592592595
247	2	0.4444444444444444	0.7037037037037037
247	3	0.14814814814814814	0.2222222222222222
247	4	0.14814814814814814	0.14814814814814814
247	5	0.07407407407407407	0.07407407407407407
247	6	0.07407407407407407	0.07407407407407407
247	7	0.037037037037037035	0.037037037037037035
247	8	0.0	0.0
247	9	0.0	0.0
247	10	0.0	0.0
248	1	1.0	5.518518518518518
248	2	0.4074074074074074	0.5555555555555556
248	3	0.14814814814814814	0.2222222222222222
248	4	0.07407407407407407	0.1111111111111111
248	5	0.07407407407407407	0.1111111111111111
248	6	0.07407407407407407	0.07407407407407407
248	7	0.037037037037037035	0.037037037037037035
248	8	0.037037037037037035	0.037037037037037035
248	9	0.0	0.0
248	10	0.0	0.0
249	1	1.0	4.37037037037037
249	2	0.5185185185185185	0.9259259259259259
249	3	0.2962962962962963	0.37037037037037035
249	4	0.25925925925925924	0.2962962962962963
249	5	0.18518518518518517	0.2222222222222222
249	6	0.14814814814814814	0.14814814814814814
249	7	0.1111111111111111	0.1111111111111111
249	8	0.07407407407407407	0.07407407407407407
249	9	0.07407407407407407	0.07407407407407407
249	10	0.07407407407407407	0.07407407407407407
250	1	1.0	4.814814814814815
250	2	0.6296296296296297	0.8888888888888888
250	3	0.3333333333333333	0.37037037037037035
250	4	0.18518518518518517	0.18518518518518517
250	5	0.1111111111111111	0.1111111111111111
250	6	0.037037037037037035	0.037037037037037035
250	7	0.037037037037037035	0.037037037037037035
250	8	0.0	0.0
250	9	0.0	0.0
250	10	0.0	0.0
251	1	1.0	4.555555555555555
251	2	0.48148148148148145	0.8148148148148148
251	3	0.2222222222222222	0.25925925925925924
251	4	0.14814814814814814	0.18518518518518517
251	5	0.07407407407407407	0.1111111111111111
251	6	0.07407407407407407	0.1111111111111111
251	7	0.037037037037037035	0.07407407407407407
251	8	0.037037037037037035	0.07407407407407407
251	9	0.037037037037037035	0.07407407407407407
251	10	0.0	0.0
252	1	1.0	3.814814814814815
252	2	0.5185185185185185	0.7037037037037037
252	3	0.4074074074074074	0.48148148148148145
252	4	0.25925925925925924	0.2962962962962963
252	5	0.2222222222222222	0.25925925925925924
252	6	0.1111111111111111	0.14814814814814814
252	7	0.07407407407407407	0.07407407407407407
252	8	0.037037037037037035	0.037037037037037035
252	9	0.037037037037037035	0.037037037037037035
252	10	0.0	0.0
253	1	1.0	4.37037037037037
253	2	0.5185185185185185	0.9629629629629629
253	3	0.2962962962962963	0.4074074074074074
253	4	0.14814814814814814	0.18518518518518517
253	5	0.1111111111111111	0.1111111111111111
253	6	0.07407407407407407	0.07407407407407407
253	7	0.037037037037037035	0.037037037037037035
253	8	0.0	0.0
253	9	0.0	0.0
253	10	0.0	0.0
254	1	1.0	3.5925925925925926
254	2	0.5925925925925926	0.9629629629629629
254	3	0.18518518518518517	0.18518518518518517
254	4	0.14814814814814814	0.14814814814814814
254	5	0.07407407407407407	0.07407407407407407
254	6	0.037037037037037035	0.037037037037037035
254	7	0.0	0.0
254	8	0.0	0.0
254	9	0.0	0.0
254	10	0.0	0.0
255	1	1.0	3.814814814814815
255	2	0.25925925925925924	0.37037037037037035
255	3	0.18518518518518517	0.18518518518518517
255	4	0.1111111111111111	0.1111111111111111
255	5	0.07407407407407407	0.07407407407407407
255	6	0.07407407407407407	0.07407407407407407
255	7	0.037037037037037035	0.037037037037037035
255	8	0.037037037037037035	0.037037037037037035
255	9	0.037037037037037035	0.037037037037037035
255	10	0.0	0.0
256	1	1.0	3.888888888888889
256	2	0.5555555555555556	0.9259259259259259
256	3	0.2962962962962963	0.4444444444444444
256	4	0.14814814814814814	0.25925925925925924
256	5	0.14814814814814814	0.2222222222222222
256	6	0.1111111111111111	0.1111111111111111
256	7	0.037037037037037035	0.037037037037037035
256	8	0.037037037037037035	0.037037037037037035
256	9	0.037037037037037035	0.037037037037037035
256	10	0.037037037037037035	0.037037037037037035
257	1	1.0	4.222222222222222
257	2	0.4444444444444444	0.6296296296296297
257	3	0.18518518518518517	0.2222222222222222
257	4	0.18518518518518517	0.2222222222222222
257	5	0.037037037037037035	0.037037037037037035
257	6	0.0	0.0
257	7	0.0	0.0
257	8	0.0	0.0
257	9	0.0	0.0
257	10	0.0	0.0
258	1	1.0	4.074074074074074
258	2	0.4444444444444444	0.7407407407407407
258	3	0.2962962962962963	0.4444444444444444
258	4	0.14814814814814814	0.2222222222222222
258	5	0.14814814814814814	0.2222222222222222
258	6	0.07407407407407407	0.1111111111111111
258	7	0.037037037037037035	0.037037037037037035
258	8	0.037037037037037035	0.037037037037037035
258	9	0.0	0.0
258	10	0.0	0.0
259	1	1.0	4.481481481481482
259	2	0.5185185185185185	1.037037037037037
259	3	0.2962962962962963	0.4074074074074074
259	4	0.1111111111111111	0.1111111111111111
259	5	0.1111111111111111	0.1111111111111111
259	6	0.07407407407407407	0.07407407407407407
259	7	0.0	0.0
259	8	0.0	0.0
259	9	0.0	0.0
259	10	0.0	0.0
260	1	1.0	4.777777777777778
260	2	0.48148148148148145	0.7407407407407407
260	3	0.3333333333333333	0.48148148148148145
260	4	0.25925925925925924	0.2962962962962963
260	5	0.2222222222222222	0.2222222222222222
260	6	0.14814814814814814	0.14814814814814814
260	7	0.14814814814814814	0.14814814814814814
260	8	0.07407407407407407	0.07407407407407407
260	9	0.037037037037037035	0.037037037037037035
260	10	0.037037037037037035	0.037037037037037035
261	1	1.0	4.555555555555555
261	2	0.5185185185185185	0.8148148148148148
261	3	0.2962962962962963	0.3333333333333333
261	4	0.1111111111111111	0.1111111111111111
261	5	0.1111111111111111	0.1111111111111111
261	6	0.1111111111111111	0.1111111111111111
261	7	0.1111111111111111	0.1111111111111111
261	8	0.07407407407407407	0.07407407407407407
261	9	0.0	0.0
261	10	0.0	0.0
262	1	1.0	3.962962962962963
262	2	0.48148148148148145	0.8888888888888888
262	3	0.3333333333333333	0.4074074074074074
262	4	0.2222222222222222	0.2222222222222222
262	5	0.14814814814814814	0.14814814814814814
262	6	0.07407407407407407	0.07407407407407407
262	7	0.07407407407407407	0.07407407407407407
262	8	0.07407407407407407	0.07407407407407407
262	9	0.037037037037037035	0.037037037037037035
262	10	0.0	0.0
263	1	1.0	4.592592592592593
263	2	0.6296296296296297	1.2962962962962963
263	3	0.37037037037037035	0.6296296296296297
263	4	0.2222222222222222	0.3333333333333333
263	5	0.037037037037037035	0.07407407407407407
263	6	0.037037037037037035	0.07407407407407407
263	7	0.037037037037037035	0.07407407407407407
263	8	0.0	0.0
263	9	0.0	0.0
263	10	0.0	0.0
264	1	1.0	4.2592592592592595
264	2	0.4444444444444444	0.6666666666666666
264	3	0.4074074074074074	0.48148148148148145
264	4	0.25925925925925924	0.2962962962962963
264	5	0.14814814814814814	0.14814814814814814
264	6	0.07407407407407407	0.07407407407407407
264	7	0.037037037037037035	0.037037037037037035
264	8	0.037037037037037035	0.037037037037037035
264	9	0.037037037037037035	0.037037037037037035
264	10	0.037037037037037035	0.037037037037037035
265	1	1.0	4.37037037037037
265	2	0.5185185185185185	0.8888888888888888
265	3	0.4074074074074074	0.5185185185185185
265	4	0.2222222222222222	0.25925925925925924
265	5	0.07407407407407407	0.07407407407407407
265	6	0.07407407407407407	0.07407407407407407
265	7	0.07407407407407407	0.07407407407407407
265	8	0.037037037037037035	0.037037037037037035
265	9	0.037037037037037035	0.037037037037037035
265	10	0.037037037037037035	0.037037037037037035
266	1	1.0	4.814814814814815
266	2	0.4444444444444444	0.8518518518518519
266	3	0.2962962962962963	0.48148148148148145
266	4	0.14814814814814814	0.2962962962962963
266	5	0.1111111111111111	0.25925925925925924
266	6	0.1111111111111111	0.18518518518518517
266	7	0.1111111111111111	0.14814814814814814
266	8	0.1111111111111111	0.1111111111111111
266	9	0.0	0.0
266	10	0.0	0.0
267	1	1.0	4.518518518518518
267	2	0.5185185185185185	0.9629629629629629
267	3	0.2962962962962963	0.4444444444444444
267	4	0.2222222222222222	0.3333333333333333
267	5	0.14814814814814814	0.14814814814814814
267	6	0.07407407407407407	0.07407407407407407
267	7	0.037037037037037035	0.037037037037037035
267	8	0.037037037037037035	0.037037037037037035
267	9	0.037037037037037035	0.037037037037037035
267	10	0.037037037037037035	0.037037037037037035
268	1	1.0	4.444444444444445
268	2	0.6296296296296297	1.1111111111111112
268	3	0.3333333333333333	0.4444444444444444
268	4	0.25925925925925924	0.2962962962962963
268	5	0.18518518518518517	0.2222222222222222
268	6	0.07407407407407407	0.1111111111111111
268	7	0.07407407407407407	0.1111111111111111
268	8	0.07407407407407407	0.1111111111111111
268	9	0.07407407407407407	0.1111111111111111
268	10	0.07407407407407407	0.07407407407407407
269	1	1.0	4.074074074074074
269	2	0.48148148148148145	0.6296296296296297
269	3	0.3333333333333333	0.4444444444444444
269	4	0.2222222222222222	0.3333333333333333
269	5	0.2222222222222222	0.25925925925925924
269	6	0.07407407407407407	0.07407407407407407
269	7	0.037037037037037035	0.037037037037037035
269	8	0.0	0.0
269	9	0.0	0.0
269	10	0.0	0.0
270	1	1.0	4.333333333333333
270	2	0.37037037037037035	0.5555555555555556
270	3	0.14814814814814814	0.2222222222222222
270	4	0.07407407407407407	0.14814814814814814
270	5	0.07407407407407407	0.07407407407407407
270	6	0.037037037037037035	0.037037037037037035
270	7	0.037037037037037035	0.037037037037037035
270	8	0.037037037037037035	0.037037037037037035
270	9	0.037037037037037035	0.037037037037037035
270	10	0.037037037037037035	0.037037037037037035
271	1	1.0	4.2592592592592595
271	2	0.5185185185185185	0.8518518518518519
271	3	0.25925925925925924	0.2962962962962963
271	4	0.18518518518518517	0.2222222222222222
271	5	0.14814814814814814	0.18518518518518517
271	6	0.07407407407407407	0.1111111111111111
271	7	0.07407407407407407	0.07407407407407407
271	8	0.07407407407407407	0.07407407407407407
271	9	0.037037037037037035	0.037037037037037035
271	10	0.037037037037037035	0.037037037037037035
272	1	1.0	4.111111111111111
272	2	0.5555555555555556	1.1111111111111112
272	3	0.4074074074074074	0.5925925925925926
272	4	0.2962962962962963	0.4444444444444444
272	5	0.18518518518518517	0.25925925925925924
272	6	0.14814814814814814	0.2222222222222222
272	7	0.1111111111111111	0.14814814814814814
272	8	0.07407407407407407	0.1111111111111111
272	9	0.07407407407407407	0.1111111111111111
272	10	0.07407407407407407	0.07407407407407407
273	1	1.0	3.888888888888889
273	2	0.37037037037037035	0.8148148148148148
273	3	0.18518518518518517	0.2962962962962963
273	4	0.07407407407407407	0.14814814814814814
273	5	0.07407407407407407	0.1111111111111111
273	6	0.07407407407407407	0.07407407407407407
273	7	0.07407407407407407	0.07407407407407407
273	8	0.07407407407407407	0.07407407407407407
273	9	0.07407407407407407	0.07407407407407407
273	10	0.07407407407407407	0.07407407407407407
274	1	1.0	5.407407407407407
274	2	0.6296296296296297	1.0
274	3	0.2962962962962963	0.3333333333333333
274	4	0.2222222222222222	0.25925925925925924
274	5	0.07407407407407407	0.1111111111111111
274	6	0.037037037037037035	0.037037037037037035
274	7	0.0	0.0
274	8	0.0	0.0
274	9	0.0	0.0
274	10	0.0	0.0
275	1	1.0	4.037037037037037
275	2	0.5555555555555556	0.6666666666666666
275	3	0.14814814814814814	0.18518518518518517
275	4	0.07407407407407407	0.1111111111111111
275	5	0.07407407407407407	0.07407407407407407
275	6	0.037037037037037035	0.037037037037037035
275	7	0.037037037037037035	0.037037037037037035
275	8	0.0	0.0
275	9	0.0	0.0
275	10	0.0	0.0
276	1	1.0	4.074074074074074
276	2	0.5925925925925926	1.037037037037037
276	3	0.4444444444444444	0.5555555555555556
276	4	0.18518518518518517	0.2222222222222222
276	5	0.07407407407407407	0.1111111111111111
276	6	0.07407407407407407	0.07407407407407407
276	7	0.07407407407407407	0.07407407407407407
276	8	0.07407407407407407	0.07407407407407407
276	9	0.037037037037037035	0.037037037037037035
276	10	0.0	0.0
277	1	1.0	4.444444444444445
277	2	0.4074074074074074	0.6296296296296297
277	3	0.2962962962962963	0.37037037037037035
277	4	0.18518518518518517	0.2222222222222222
277	5	0.18518518518518517	0.18518518518518517
277	6	0.07407407407407407	0.07407407407407407
277	7	0.07407407407407407	0.07407407407407407
277	8	0.0	0.0
277	9	0.0	0.0
277	10	0.0	0.0
278	1	1.0	4.518518518518518
278	2	0.5925925925925926	0.9259259259259259
278	3	0.4074074074074074	0.6296296296296297
278	4	0.18518518518518517	0.2222222222222222
278	5	0.07407407407407407	0.1111111111111111
278	6	0.07407407407407407	0.07407407407407407
278	7	0.037037037037037035	0.037037037037037035
278	8	0.0	0.0
278	9	0.0	0.0
278	10	0.0	0.0
279	1	1.0	4.7407407407407405
279	2	0.48148148148148145	0.9259259259259259
279	3	0.25925925925925924	0.3333333333333333
279	4	0.18518518518518517	0.18518518518518517
279	5	0.037037037037037035	0.037037037037037035
279	6	0.0	0.0
279	7	0.0	0.0
279	8	0.0	0.0
279	9	0.0	0.0
279	10	0.0	0.0
280	1	1.0	4.407407407407407
280	2	0.48148148148148145	0.7407407407407407
280	3	0.2222222222222222	0.37037037037037035
280	4	0.1111111111111111	0.18518518518518517
280	5	0.037037037037037035	0.037037037037037035
280	6	0.037037037037037035	0.037037037037037035
280	7	0.037037037037037035	0.037037037037037035
280	8	0.037037037037037035	0.037037037037037035
280	9	0.0	0.0
280	10	0.0	0.0
281	1	1.0	4.666666666666667
281	2	0.5925925925925926	1.1111111111111112
281	3	0.25925925925925924	0.37037037037037035
281	4	0.18518518518518517	0.2222222222222222
281	5	0.1111111111111111	0.14814814814814814
281	6	0.037037037037037035	0.037037037037037035
281	7	0.037037037037037035	0.037037037037037035
281	8	0.037037037037037035	0.037037037037037035
281	9	0.037037037037037035	0.037037037037037035
281	10	0.037037037037037035	0.037037037037037035
282	1	1.0	4.592592592592593
282	2	0.4444444444444444	0.6296296296296297
282	3	0.2222222222222222	0.25925925925925924
282	4	0.1111111111111111	0.1111111111111111
282	5	0.0	0.0
282	6	0.0	0.0
282	7	0.0	0.0
282	8	0.0	0.0
282	9	0.0	0.0
282	10	0.0	0.0
283	1	1.0	4.7407407407407405
283	2	0.48148148148148145	0.7037037037037037
283	3	0.25925925925925924	0.3333333333333333
283	4	0.18518518518518517	0.25925925925925924
283	5	0.1111111111111111	0.1111111111111111
283	6	0.037037037037037035	0.037037037037037035
283	7	0.0	0.0
283	8	0.0	0.0
283	9	0.0	0.0
283	10	0.0	0.0
284	1	1.0	4.222222222222222
284	2	0.4074074074074074	0.7407407407407407
284	3	0.14814814814814814	0.18518518518518517
284	4	0.07407407407407407	0.07407407407407407
284	5	0.037037037037037035	0.037037037037037035
284	6	0.037037037037037035	0.037037037037037035
284	7	0.037037037037037035	0.037037037037037035
284	8	0.0	0.0
284	9	0.0	0.0
284	10	0.0	0.0
285	1	1.0	4.037037037037037
285	2	0.7037037037037037	1.1111111111111112
285	3	0.4074074074074074	0.4074074074074074
285	4	0.18518518518518517	0.18518518518518517
285	5	0.07407407407407407	0.07407407407407407
285	6	0.07407407407407407	0.07407407407407407
285	7	0.037037037037037035	0.037037037037037035
285	8	0.037037037037037035	0.037037037037037035
285	9	0.037037037037037035	0.037037037037037035
285	10	0.0	0.0
286	1	1.0	4.037037037037037
286	2	0.5185185185185185	0.8148148148148148
286	3	0.14814814814814814	0.14814814814814814
286	4	0.07407407407407407	0.07407407407407407
286	5	0.07407407407407407	0.07407407407407407
286	6	0.0	0.0
286	7	0.0	0.0
286	8	0.0	0.0
286	9	0.0	0.0
286	10	0.0	0.0
287	1	1.0	4.407407407407407
287	2	0.4074074074074074	0.5925925925925926
287	3	0.14814814814814814	0.14814814814814814
287	4	0.1111111111111111	0.1111111111111111
287	5	0.07407407407407407	0.07407407407407407
287	6	0.037037037037037035	0.037037037037037035
287	7	0.0	0.0
287	8	0.0	0.0
287	9	0.0	0.0
287	10	0.0	0.0
288	1	1.0	5.037037037037037
288	2	0.7037037037037037	1.0
288	3	0.3333333333333333	0.4444444444444444
288	4	0.2222222222222222	0.2222222222222222
288	5	0.1111111111111111	0.1111111111111111
288	6	0.07407407407407407	0.07407407407407407
288	7	0.07407407407407407	0.07407407407407407
288	8	0.037037037037037035	0.037037037037037035
288	9	0.037037037037037035	0.037037037037037035
288	10	0.037037037037037035	0.037037037037037035
289	1	1.0	4.703703703703703
289	2	0.5925925925925926	0.9259259259259259
289	3	0.18518518518518517	0.2962962962962963
289	4	0.037037037037037035	0.037037037037037035
289	5	0.037037037037037035	0.037037037037037035
289	6	0.0	0.0
289	7	0.0	0.0
289	8	0.0	0.0
289	9	0.0	0.0
289	10	0.0	0.0
290	1	1.0	5.0
290	2	0.6296296296296297	1.037037037037037
290	3	0.3333333333333333	0.5185185185185185
290	4	0.25925925925925924	0.3333333333333333
290	5	0.18518518518518517	0.2222222222222222
290	6	0.07407407407407407	0.1111111111111111
290	7	0.037037037037037035	0.037037037037037035
290	8	0.037037037037037035	0.037037037037037035
290	9	0.037037037037037035	0.037037037037037035
290	10	0.037037037037037035	0.037037037037037035
291	1	1.0	4.222222222222222
291	2	0.5555555555555556	0.8518518518518519
291	3	0.18518518518518517	0.2962962962962963
291	4	0.1111111111111111	0.1111111111111111
291	5	0.037037037037037035	0.037037037037037035
291	6	0.037037037037037035	0.037037037037037035
291	7	0.037037037037037035	0.037037037037037035
291	8	0.037037037037037035	0.037037037037037035
291	9	0.037037037037037035	0.037037037037037035
291	10	0.037037037037037035	0.037037037037037035
292	1	1.0	4.703703703703703
292	2	0.5555555555555556	0.9629629629629629
292	3	0.37037037037037035	0.48148148148148145
292	4	0.18518518518518517	0.2222222222222222
292	5	0.14814814814814814	0.18518518518518517
292	6	0.1111111111111111	0.1111111111111111
292	7	0.0	0.0
292	8	0.0	0.0
292	9	0.0	0.0
292	10	0.0	0.0
293	1	1.0	4.555555555555555
293	2	0.5555555555555556	0.8888888888888888
293	3	0.2962962962962963	0.48148148148148145
293	4	0.2222222222222222	0.2962962962962963
293	5	0.1111111111111111	0.1111111111111111
293	6	0.07407407407407407	0.07407407407407407
293	7	0.07407407407407407	0.07407407407407407
293	8	0.07407407407407407	0.07407407407407407
293	9	0.07407407407407407	0.07407407407407407
293	10	0.07407407407407407	0.07407407407407407
294	1	1.0	4.518518518518518
294	2	0.7037037037037037	1.1111111111111112
294	3	0.2962962962962963	0.4074074074074074
294	4	0.14814814814814814	0.18518518518518517
294	5	0.1111111111111111	0.1111111111111111
294	6	0.1111111111111111	0.1111111111111111
294	7	0.07407407407407407	0.07407407407407407
294	8	0.07407407407407407	0.07407407407407407
294	9	0.07407407407407407	0.07407407407407407
294	10	0.0	0.0
295	1	1.0	4.37037037037037
295	2	0.4074074074074074	0.48148148148148145
295	3	0.07407407407407407	0.07407407407407407
295	4	0.037037037037037035	0.037037037037037035
295	5	0.0	0.0
295	6	0.0	0.0
295	7	0.0	0.0
295	8	0.0	0.0
295	9	0.0	0.0
295	10	0.0	0.0
296	1	1.0	4.555555555555555
296	2	0.4444444444444444	0.6666666666666666
296	3	0.2222222222222222	0.2222222222222222
296	4	0.1111111111111111	0.1111111111111111
296	5	0.07407407407407407	0.07407407407407407
296	6	0.07407407407407407	0.07407407407407407
296	7	0.07407407407407407	0.07407407407407407
296	8	0.07407407407407407	0.07407407407407407
296	9	0.07407407407407407	0.07407407407407407
296	10	0.07407407407407407	0.07407407407407407
297	1	1.0	4.037037037037037
297	2	0.5925925925925926	0.9259259259259259
297	3	0.5185185185185185	0.7407407407407407
297	4	0.25925925925925924	0.3333333333333333
297	5	0.14814814814814814	0.2222222222222222
297	6	0.1111111111111111	0.14814814814814814
297	7	0.07407407407407407	0.1111111111111111
297	8	0.037037037037037035	0.037037037037037035
297	9	0.037037037037037035	0.037037037037037035
297	10	0.037037037037037035	0.037037037037037035
298	1	1.0	4.2592592592592595
298	2	0.5925925925925926	0.8148148148148148
298	3	0.1111111111111111	0.1111111111111111
298	4	0.07407407407407407	0.07407407407407407
298	5	0.0	0.0
298	6	0.0	0.0
298	7	0.0	0.0
298	8	0.0	0.0
298	9	0.0	0.0
298	10	0.0	0.0
299	1	1.0	5.185185185185185
299	2	0.4444444444444444	0.6666666666666666
299	3	0.18518518518518517	0.2222222222222222
299	4	0.18518518518518517	0.18518518518518517
299	5	0.037037037037037035	0.037037037037037035
299	6	0.0	0.0
299	7	0.0	0.0
299	8	0.0	0.0
299	9	0.0	0.0
299	10	0.0	0.0
300	1	1.0	4.2592592592592595
300	2	0.4444444444444444	0.7037037037037037
300	3	0.18518518518518517	0.2962962962962963
300	4	0.037037037037037035	0.037037037037037035
300	5	0.037037037037037035	0.037037037037037035
300	6	0.037037037037037035	0.037037037037037035
300	7	0.0	0.0
300	8	0.0	0.0
300	9	0.0	0.0
300	10	0.0	0.0
301	1	1.0	3.6296296296296298
301	2	0.4074074074074074	0.7037037037037037
301	3	0.2962962962962963	0.37037037037037035
301	4	0.14814814814814814	0.18518518518518517
301	5	0.1111111111111111	0.1111111111111111
301	6	0.037037037037037035	0.037037037037037035
301	7	0.0	0.0
301	8	0.0	0.0
301	9	0.0	0.0
301	10	0.0	0.0
302	1	1.0	4.2592592592592595
302	2	0.5555555555555556	0.7037037037037037
302	3	0.37037037037037035	0.48148148148148145
302	4	0.25925925925925924	0.3333333333333333
302	5	0.18518518518518517	0.25925925925925924
302	6	0.18518518518518517	0.25925925925925924
302	7	0.14814814814814814	0.2222222222222222
302	8	0.14814814814814814	0.18518518518518517
302	9	0.1111111111111111	0.1111111111111111
302	10	0.037037037037037035	0.037037037037037035
303	1	1.0	4.7407407407407405
303	2	0.7037037037037037	1.2222222222222223
303	3	0.3333333333333333	0.5185185185185185
303	4	0.14814814814814814	0.2222222222222222
303	5	0.1111111111111111	0.18518518518518517
303	6	0.037037037037037035	0.037037037037037035
303	7	0.0	0.0
303	8	0.0	0.0
303	9	0.0	0.0
303	10	0.0	0.0
304	1	1.0	3.8518518518518516
304	2	0.4074074074074074	0.6296296296296297
304	3	0.18518518518518517	0.25925925925925924
304	4	0.1111111111111111	0.14814814814814814
304	5	0.07407407407407407	0.1111111111111111
304	6	0.037037037037037035	0.07407407407407407
304	7	0.0	0.0
304	8	0.0	0.0
304	9	0.0	0.0
304	10	0.0	0.0
305	1	1.0	4.111111111111111
305	2	0.4074074074074074	0.7407407407407407
305	3	0.25925925925925924	0.37037037037037035
305	4	0.14814814814814814	0.18518518518518517
305	5	0.14814814814814814	0.18518518518518517
305	6	0.1111111111111111	0.14814814814814814
305	7	0.1111111111111111	0.14814814814814814
305	8	0.07407407407407407	0.1111111111111111
305	9	0.07407407407407407	0.1111111111111111
305	10	0.07407407407407407	0.07407407407407407
306	1	1.0	4.703703703703703
306	2	0.5555555555555556	0.7777777777777778
306	3	0.2962962962962963	0.3333333333333333
306	4	0.07407407407407407	0.07407407407407407
306	5	0.037037037037037035	0.037037037037037035
306	6	0.037037037037037035	0.037037037037037035
306	7	0.037037037037037035	0.037037037037037035
306	8	0.0	0.0
306	9	0.0	0.0
306	10	0.0	0.0
307	1	1.0	5.296296296296297
307	2	0.7407407407407407	1.2962962962962963
307	3	0.4444444444444444	0.6296296296296297
307	4	0.25925925925925924	0.25925925925925924
307	5	0.14814814814814814	0.14814814814814814
307	6	0.1111111111111111	0.1111111111111111
307	7	0.07407407407407407	0.07407407407407407
307	8	0.037037037037037035	0.037037037037037035
307	9	0.0	0.0
307	10	0.0	0.0
308	1	1.0	4.518518518518518
308	2	0.4074074074074074	0.5925925925925926
308	3	0.2962962962962963	0.2962962962962963
308	4	0.14814814814814814	0.14814814814814814
308	5	0.07407407407407407	0.07407407407407407
308	6	0.0	0.0
308	7	0.0	0.0
308	8	0.0	0.0
308	9	0.0	0.0
308	10	0.0	0.0
309	1	1.0	4.222222222222222
309	2	0.5185185185185185	0.8148148148148148
309	3	0.18518518518518517	0.2222222222222222
309	4	0.18518518518518517	0.18518518518518517
309	5	0.1111111111111111	0.1111111111111111
309	6	0.07407407407407407	0.07407407407407407
309	7	0.0	0.0
309	8	0.0	0.0
309	9	0.0	0.0
309	10	0.0	0.0
310	1	1.0	4.851851851851852
310	2	0.5555555555555556	1.1851851851851851
310	3	0.4444444444444444	0.7777777777777778
310	4	0.2222222222222222	0.37037037037037035
310	5	0.07407407407407407	0.1111111111111111
310	6	0.07407407407407407	0.07407407407407407
310	7	0.07407407407407407	0.07407407407407407
310	8	0.0	0.0
310	9	0.0	0.0
310	10	0.0	0.0
311	1	1.0	5.037037037037037
311	2	0.48148148148148145	0.8518518518518519
311	3	0.2222222222222222	0.37037037037037035
311	4	0.1111111111111111	0.1111111111111111
311	5	0.037037037037037035	0.037037037037037035
311	6	0.037037037037037035	0.037037037037037035
311	7	0.0	0.0
311	8	0.0	0.0
311	9	0.0	0.0
311	10	0.0	0.0
312	1	1.0	4.851851851851852
312	2	0.48148148148148145	0.8518518518518519
312	3	0.3333333333333333	0.4074074074074074
312	4	0.25925925925925924	0.25925925925925924
312	5	0.1111111111111111	0.1111111111111111
312	6	0.07407407407407407	0.07407407407407407
312	7	0.07407407407407407	0.07407407407407407
312	8	0.037037037037037035	0.037037037037037035
312	9	0.037037037037037035	0.037037037037037035
312	10	0.037037037037037035	0.037037037037037035
313	1	1.0	4.666666666666667
313	2	0.6666666666666666	1.1851851851851851
313	3	0.2962962962962963	0.4074074074074074
313	4	0.14814814814814814	0.18518518518518517
313	5	0.037037037037037035	0.037037037037037035
313	6	0.0	0.0
313	7	0.0	0.0
313	8	0.0	0.0
313	9	0.0	0.0
313	10	0.0	0.0
314	1	1.0	6.037037037037037
314	2	0.6296296296296297	1.2592592592592593
314	3	0.4444444444444444	0.5925925925925926
314	4	0.18518518518518517	0.2962962962962963
314	5	0.14814814814814814	0.2222222222222222
314	6	0.1111111111111111	0.14814814814814814
314	7	0.1111111111111111	0.14814814814814814
314	8	0.07407407407407407	0.07407407407407407
314	9	0.037037037037037035	0.037037037037037035
314	10	0.037037037037037035	0.037037037037037035
315	1	1.0	3.5925925925925926
315	2	0.6296296296296297	0.8888888888888888
315	3	0.4074074074074074	0.5185185185185185
315	4	0.2222222222222222	0.2222222222222222
315	5	0.07407407407407407	0.07407407407407407
315	6	0.037037037037037035	0.037037037037037035
315	7	0.0	0.0
315	8	0.0	0.0
315	9	0.0	0.0
315	10	0.0	0.0
316	1	1.0	4.7407407407407405
316	2	0.5185185185185185	0.8518518518518519
316	3	0.3333333333333333	0.48148148148148145
316	4	0.18518518518518517	0.2222222222222222
316	5	0.18518518518518517	0.18518518518518517
316	6	0.14814814814814814	0.14814814814814814
316	7	0.14814814814814814	0.14814814814814814
316	8	0.1111111111111111	0.1111111111111111
316	9	0.07407407407407407	0.07407407407407407
316	10	0.037037037037037035	0.037037037037037035
317	1	1.0	4.0
317	2	0.5555555555555556	0.8518518518518519
317	3	0.2962962962962963	0.4074074074074074
317	4	0.18518518518518517	0.2222222222222222
317	5	0.037037037037037035	0.037037037037037035
317	6	0.037037037037037035	0.037037037037037035
317	7	0.0	0.0
317	8	0.0	0.0
317	9	0.0	0.0
317	10	0.0	0.0
318	1	1.0	5.074074074074074
318	2	0.5925925925925926	1.2222222222222223
318	3	0.3333333333333333	0.48148148148148145
318	4	0.25925925925925924	0.2962962962962963
318	5	0.14814814814814814	0.14814814814814814
318	6	0.1111111111111111	0.1111111111111111
318	7	0.037037037037037035	0.037037037037037035
318	8	0.037037037037037035	0.037037037037037035
318	9	0.037037037037037035	0.037037037037037035
318	10	0.037037037037037035	0.037037037037037035
319	1	1.0	4.0
319	2	0.4444444444444444	0.6296296296296297
319	3	0.25925925925925924	0.3333333333333333
319	4	0.1111111111111111	0.1111111111111111
319	5	0.037037037037037035	0.037037037037037035
319	6	0.037037037037037035	0.037037037037037035
319	7	0.037037037037037035	0.037037037037037035
319	8	0.037037037037037035	0.037037037037037035
319	9	0.037037037037037035	0.037037037037037035
319	10	0.037037037037037035	0.037037037037037035
320	1	1.0	4.222222222222222
320	2	0.48148148148148145	0.8518518518518519
320	3	0.2962962962962963	0.4444444444444444
320	4	0.18518518518518517	0.25925925925925924
320	5	0.07407407407407407	0.1111111111111111
320	6	0.037037037037037035	0.037037037037037035
320	7	0.0	0.0
320	8	0.0	0.0
320	9	0.0	0.0
320	10	0.0	0.0
321	1	1.0	4.592592592592593
321	2	0.5185185185185185	0.8518518518518519
321	3	0.2962962962962963	0.3333333333333333
321	4	0.14814814814814814	0.14814814814814814
321	5	0.07407407407407407	0.07407407407407407
321	6	0.0	0.0
321	7	0.0	0.0
321	8	0.0	0.0
321	9	0.0	0.0
321	10	0.0	0.0
322	1	1.0	5.111111111111111
322	2	0.6296296296296297	1.0740740740740742
322	3	0.4074074074074074	0.4444444444444444
322	4	0.18518518518518517	0.18518518518518517
322	5	0.14814814814814814	0.14814814814814814
322	6	0.14814814814814814	0.14814814814814814
322	7	0.1111111111111111	0.1111111111111111
322	8	0.07407407407407407	0.07407407407407407
322	9	0.07407407407407407	0.07407407407407407
322	10	0.0	0.0
323	1	1.0	3.814814814814815
323	2	0.37037037037037035	0.48148148148148145
323	3	0.07407407407407407	0.1111111111111111
323	4	0.037037037037037035	0.037037037037037035
323	5	0.037037037037037035	0.037037037037037035
323	6	0.037037037037037035	0.037037037037037035
323	7	0.0	0.0
323	8	0.0	0.0
323	9	0.0	0.0
323	10	0.0	0.0
324	1	1.0	5.222222222222222
324	2	0.5925925925925926	0.9629629629629629
324	3	0.2962962962962963	0.4444444444444444
324	4	0.2222222222222222	0.2962962962962963
324	5	0.18518518518518517	0.25925925925925924
324	6	0.07407407407407407	0.1111111111111111
324	7	0.037037037037037035	0.037037037037037035
324	8	0.037037037037037035	0.037037037037037035
324	9	0.0	0.0
324	10	0.0	0.0
325	1	1.0	4.333333333333333
325	2	0.48148148148148145	0.7037037037037037
325	3	0.18518518518518517	0.25925925925925924
325	4	0.1111111111111111	0.14814814814814814
325	5	0.1111111111111111	0.14814814814814814
325	6	0.1111111111111111	0.14814814814814814
325	7	0.07407407407407407	0.07407407407407407
325	8	0.037037037037037035	0.037037037037037035
325	9	0.037037037037037035	0.037037037037037035
325	10	0.037037037037037035	0.037037037037037035
326	1	1.0	4.148148148148148
326	2	0.37037037037037035	0.4074074074074074
326	3	0.07407407407407407	0.07407407407407407
326	4	0.037037037037037035	0.037037037037037035
326	5	0.0	0.0
326	6	0.0	0.0
326	7	0.0	0.0
326	8	0.0	0.0
326	9	0.0	0.0
326	10	0.0	0.0
327	1	1.0	4.481481481481482
327	2	0.6666666666666666	1.2222222222222223
327	3	0.4074074074074074	0.48148148148148145
327	4	0.2222222222222222	0.2222222222222222
327	5	0.14814814814814814	0.14814814814814814
327	6	0.14814814814814814	0.14814814814814814
327	7	0.1111111111111111	0.1111111111111111
327	8	0.07407407407407407	0.07407407407407407
327	9	0.037037037037037035	0.037037037037037035
327	10	0.037037037037037035	0.037037037037037035
328	1	1.0	4.925925925925926
328	2	0.5925925925925926	1.0
328	3	0.4074074074074074	0.5555555555555556
328	4	0.18518518518518517	0.2222222222222222
328	5	0.07407407407407407	0.1111111111111111
328	6	0.07407407407407407	0.1111111111111111
328	7	0.0	0.0
328	8	0.0	0.0
328	9	0.0	0.0
328	10	0.0	0.0
329	1	1.0	4.592592592592593
329	2	0.48148148148148145	0.6666666666666666
329	3	0.25925925925925924	0.25925925925925924
329	4	0.07407407407407407	0.07407407407407407
329	5	0.07407407407407407	0.07407407407407407
329	6	0.037037037037037035	0.037037037037037035
329	7	0.037037037037037035	0.037037037037037035
329	8	0.037037037037037035	0.037037037037037035
329	9	0.037037037037037035	0.037037037037037035
329	10	0.037037037037037035	0.037037037037037035
330	1	1.0	4.7407407407407405
330	2	0.5185185185185185	0.7777777777777778
330	3	0.2222222222222222	0.2222222222222222
330	4	0.07407407407407407	0.07407407407407407
330	5	0.037037037037037035	0.037037037037037035
330	6	0.0	0.0
330	7	0.0	0.0
330	8	0.0	0.0
330	9	0.0	0.0
330	10	0.0	0.0
331	1	1.0	5.111111111111111
331	2	0.7407407407407407	1.2962962962962963
331	3	0.2962962962962963	0.48148148148148145
331	4	0.18518518518518517	0.25925925925925924
331	5	0.14814814814814814	0.18518518518518517
331	6	0.1111111111111111	0.1111111111111111
331	7	0.1111111111111111	0.1111111111111111
331	8	0.1111111111111111	0.1111111111111111
331	9	0.07407407407407407	0.07407407407407407
331	10	0.07407407407407407	0.07407407407407407
332	1	1.0	4.37037037037037
332	2	0.48148148148148145	0.8518518518518519
332	3	0.2962962962962963	0.4444444444444444
332	4	0.2222222222222222	0.2962962962962963
332	5	0.14814814814814814	0.2222222222222222
332	6	0.1111111111111111	0.18518518518518517
332	7	0.07407407407407407	0.1111111111111111
332	8	0.07407407407407407	0.1111111111111111
332	9	0.037037037037037035	0.07407407407407407
332	10	0.037037037037037035	0.07407407407407407
333	1	1.0	5.111111111111111
333	2	0.5555555555555556	0.9259259259259259
333	3	0.37037037037037035	0.7037037037037037
333	4	0.2962962962962963	0.4444444444444444
333	5	0.2222222222222222	0.3333333333333333
333	6	0.18518518518518517	0.2222222222222222
333	7	0.14814814814814814	0.14814814814814814
333	8	0.07407407407407407	0.07407407407407407
333	9	0.037037037037037035	0.037037037037037035
333	10	0.037037037037037035	0.037037037037037035
334	1	1.0	4.962962962962963
334	2	0.5555555555555556	0.8888888888888888
334	3	0.2962962962962963	0.3333333333333333
334	4	0.14814814814814814	0.14814814814814814
334	5	0.1111111111111111	0.1111111111111111
334	6	0.037037037037037035	0.037037037037037035
334	7	0.0	0.0
334	8	0.0	0.0
334	9	0.0	0.0
334	10	0.0	0.0
335	1	1.0	4.555555555555555
335	2	0.5555555555555556	0.8148148148148148
335	3	0.25925925925925924	0.37037037037037035
335	4	0.18518518518518517	0.2222222222222222
335	5	0.07407407407407407	0.07407407407407407
335	6	0.07407407407407407	0.07407407407407407
335	7	0.037037037037037035	0.037037037037037035
335	8	0.0	0.0
335	9	0.0	0.0
335	10	0.0	0.0
336	1	1.0	4.62962962962963
336	2	0.5555555555555556	1.0740740740740742
336	3	0.2962962962962963	0.4444444444444444
336	4	0.2222222222222222	0.2962962962962963
336	5	0.18518518518518517	0.2222222222222222
336	6	0.1111111111111111	0.1111111111111111
336	7	0.07407407407407407	0.07407407407407407
336	8	0.07407407407407407	0.07407407407407407
336	9	0.037037037037037035	0.037037037037037035
336	10	0.037037037037037035	0.037037037037037035
337	1	1.0	3.925925925925926
337	2	0.5925925925925926	0.7777777777777778
337	3	0.25925925925925924	0.3333333333333333
337	4	0.14814814814814814	0.18518518518518517
337	5	0.07407407407407407	0.07407407407407407
337	6	0.07407407407407407	0.07407407407407407
337	7	0.0	0.0
337	8	0.0	0.0
337	9	0.0	0.0
337	10	0.0	0.0
338	1	1.0	4.777777777777778
338	2	0.4444444444444444	0.7037037037037037
338	3	0.2222222222222222	0.25925925925925924
338	4	0.1111111111111111	0.14814814814814814
338	5	0.0	0.0
338	6	0.0	0.0
338	7	0.0	0.0
338	8	0.0	0.0
338	9	0.0	0.0
338	10	0.0	0.0
339	1	1.0	4.518518518518518
339	2	0.4074074074074074	0.7037037037037037
339	3	0.25925925925925924	0.37037037037037035
339	4	0.2222222222222222	0.2222222222222222
339	5	0.1111111111111111	0.1111111111111111
339	6	0.07407407407407407	0.07407407407407407
339	7	0.037037037037037035	0.037037037037037035
339	8	0.0	0.0
339	9	0.0	0.0
339	10	0.0	0.0
340	1	1.0	4.925925925925926
340	2	0.5555555555555556	1.037037037037037
340	3	0.4074074074074074	0.5555555555555556
340	4	0.25925925925925924	0.3333333333333333
340	5	0.14814814814814814	0.2222222222222222
340	6	0.14814814814814814	0.18518518518518517
340	7	0.0	0.0
340	8	0.0	0.0
340	9	0.0	0.0
340	10	0.0	0.0
341	1	1.0	4.62962962962963
341	2	0.4444444444444444	0.9259259259259259
341	3	0.14814814814814814	0.2222222222222222
341	4	0.07407407407407407	0.1111111111111111
341	5	0.07407407407407407	0.07407407407407407
341	6	0.037037037037037035	0.037037037037037035
341	7	0.037037037037037035	0.037037037037037035
341	8	0.037037037037037035	0.037037037037037035
341	9	0.037037037037037035	0.037037037037037035
341	10	0.037037037037037035	0.037037037037037035
342	1	1.0	5.222222222222222
342	2	0.5925925925925926	1.0
342	3	0.3333333333333333	0.4074074074074074
342	4	0.14814814814814814	0.18518518518518517
342	5	0.1111111111111111	0.14814814814814814
342	6	0.037037037037037035	0.037037037037037035
342	7	0.037037037037037035	0.037037037037037035
342	8	0.037037037037037035	0.037037037037037035
342	9	0.037037037037037035	0.037037037037037035
342	10	0.0	0.0
343	1	1.0	4.555555555555555
343	2	0.7037037037037037	1.4814814814814814
343	3	0.37037037037037035	0.48148148148148145
343	4	0.25925925925925924	0.3333333333333333
343	5	0.14814814814814814	0.18518518518518517
343	6	0.037037037037037035	0.037037037037037035
343	7	0.037037037037037035	0.037037037037037035
343	8	0.037037037037037035	0.037037037037037035
343	9	0.0	0.0
343	10	0.0	0.0
344	1	1.0	4.074074074074074
344	2	0.6296296296296297	1.2592592592592593
344	3	0.2962962962962963	0.48148148148148145
344	4	0.18518518518518517	0.2962962962962963
344	5	0.1111111111111111	0.2222222222222222
344	6	0.1111111111111111	0.18518518518518517
344	7	0.1111111111111111	0.18518518518518517
344	8	0.1111111111111111	0.18518518518518517
344	9	0.07407407407407407	0.07407407407407407
344	10	0.037037037037037035	0.037037037037037035
345	1	1.0	3.962962962962963
345	2	0.5555555555555556	0.7777777777777778
345	3	0.18518518518518517	0.3333333333333333
345	4	0.07407407407407407	0.07407407407407407
345	5	0.037037037037037035	0.037037037037037035
345	6	0.037037037037037035	0.037037037037037035
345	7	0.037037037037037035	0.037037037037037035
345	8	0.037037037037037035	0.037037037037037035
345	9	0.037037037037037035	0.037037037037037035
345	10	0.037037037037037035	0.037037037037037035
346	1	1.0	4.481481481481482
346	2	0.7407407407407407	1.0740740740740742
346	3	0.48148148148148145	0.6666666666666666
346	4	0.2962962962962963	0.4074074074074074
346	5	0.14814814814814814	0.25925925925925924
346	6	0.14814814814814814	0.2222222222222222
346	7	0.14814814814814814	0.14814814814814814
346	8	0.14814814814814814	0.14814814814814814
346	9	0.07407407407407407	0.07407407407407407
346	10	0.07407407407407407	0.07407407407407407
347	1	1.0	4.2592592592592595
347	2	0.48148148148148145	0.7407407407407407
347	3	0.2222222222222222	0.2222222222222222
347	4	0.18518518518518517	0.18518518518518517
347	5	0.1111111111111111	0.1111111111111111
347	6	0.07407407407407407	0.07407407407407407
347	7	0.037037037037037035	0.037037037037037035
347	8	0.0	0.0
347	9	0.0	0.0
347	10	0.0	0.0
348	1	1.0	4.592592592592593
348	2	0.5185185185185185	0.5925925925925926
348	3	0.2222222222222222	0.25925925925925924
348	4	0.037037037037037035	0.037037037037037035
348	5	0.037037037037037035	0.037037037037037035
348	6	0.0	0.0
348	7	0.0	0.0
348	8	0.0	0.0
348	9	0.0	0.0
348	10	0.0	0.0
349	1	1.0	4.7407407407407405
349	2	0.5555555555555556	0.7037037037037037
349	3	0.14814814814814814	0.18518518518518517
349	4	0.07407407407407407	0.1111111111111111
349	5	0.037037037037037035	0.037037037037037035
349	6	0.0	0.0
349	7	0.0	0.0
349	8	0.0	0.0
349	9	0.0	0.0
349	10	0.0	0.0
350	1	1.0	3.814814814814815
350	2	0.5555555555555556	0.8888888888888888
350	3	0.3333333333333333	0.4444444444444444
350	4	0.14814814814814814	0.18518518518518517
350	5	0.037037037037037035	0.037037037037037035
350	6	0.0	0.0
350	7	0.0	0.0
350	8	0.0	0.0
350	9	0.0	0.0
350	10	0.0	0.0
351	1	1.0	4.592592592592593
351	2	0.48148148148148145	0.6296296296296297
351	3	0.14814814814814814	0.2222222222222222
351	4	0.07407407407407407	0.1111111111111111
351	5	0.037037037037037035	0.037037037037037035
351	6	0.037037037037037035	0.037037037037037035
351	7	0.037037037037037035	0.037037037037037035
351	8	0.037037037037037035	0.037037037037037035
351	9	0.0	0.0
351	10	0.0	0.0
352	1	1.0	4.814814814814815
352	2	0.4074074074074074	0.5555555555555556
352	3	0.14814814814814814	0.18518518518518517
352	4	0.1111111111111111	0.14814814814814814
352	5	0.0	0.0
352	6	0.0	0.0
352	7	0.0	0.0
352	8	0.0	0.0
352	9	0.0	0.0
352	10	0.0	0.0
353	1	1.0	4.666666666666667
353	2	0.5925925925925926	0.9259259259259259
353	3	0.2222222222222222	0.25925925925925924
353	4	0.1111111111111111	0.14814814814814814
353	5	0.037037037037037035	0.037037037037037035
353	6	0.037037037037037035	0.037037037037037035
353	7	0.037037037037037035	0.037037037037037035
353	8	0.0	0.0
353	9	0.0	0.0
353	10	0.0	0.0
354	1	1.0	4.2592592592592595
354	2	0.5555555555555556	1.037037037037037
354	3	0.37037037037037035	0.5185185185185185
354	4	0.2962962962962963	0.2962962962962963
354	5	0.1111111111111111	0.1111111111111111
354	6	0.1111111111111111	0.1111111111111111
354	7	0.1111111111111111	0.1111111111111111
354	8	0.1111111111111111	0.1111111111111111
354	9	0.07407407407407407	0.07407407407407407
354	10	0.037037037037037035	0.037037037037037035
355	1	1.0	4.333333333333333
355	2	0.5185185185185185	0.8518518518518519
355	3	0.3333333333333333	0.4444444444444444
355	4	0.2222222222222222	0.2962962962962963
355	5	0.2222222222222222	0.25925925925925924
355	6	0.2222222222222222	0.25925925925925924
355	7	0.18518518518518517	0.2222222222222222
355	8	0.07407407407407407	0.07407407407407407
355	9	0.07407407407407407	0.07407407407407407
355	10	0.037037037037037035	0.037037037037037035
356	1	1.0	5.62962962962963
356	2	0.6296296296296297	0.8888888888888888
356	3	0.37037037037037035	0.5555555555555556
356	4	0.2222222222222222	0.2962962962962963
356	5	0.07407407407407407	0.07407407407407407
356	6	0.07407407407407407	0.07407407407407407
356	7	0.037037037037037035	0.037037037037037035
356	8	0.037037037037037035	0.037037037037037035
356	9	0.037037037037037035	0.037037037037037035
356	10	0.037037037037037035	0.037037037037037035
357	1	1.0	4.148148148148148
357	2	0.48148148148148145	0.6296296296296297
357	3	0.18518518518518517	0.2222222222222222
357	4	0.1111111111111111	0.1111111111111111
357	5	0.037037037037037035	0.037037037037037035
357	6	0.0	0.0
357	7	0.0	0.0
357	8	0.0	0.0
357	9	0.0	0.0
357	10	0.0	0.0
358	1	1.0	4.111111111111111
358	2	0.5925925925925926	1.0
358	3	0.4074074074074074	0.4444444444444444
358	4	0.2962962962962963	0.2962962962962963
358	5	0.18518518518518517	0.18518518518518517
358	6	0.07407407407407407	0.07407407407407407
358	7	0.07407407407407407	0.07407407407407407
358	8	0.07407407407407407	0.07407407407407407
358	9	0.037037037037037035	0.037037037037037035
358	10	0.0	0.0
359	1	1.0	4.296296296296297
359	2	0.5555555555555556	0.8888888888888888
359	3	0.25925925925925924	0.3333333333333333
359	4	0.14814814814814814	0.18518518518518517
359	5	0.07407407407407407	0.07407407407407407
359	6	0.037037037037037035	0.037037037037037035
359	7	0.0	0.0
359	8	0.0	0.0
359	9	0.0	0.0
359	10	0.0	0.0
360	1	1.0	4.7407407407407405
360	2	0.7037037037037037	0.9259259259259259
360	3	0.48148148148148145	0.5925925925925926
360	4	0.2962962962962963	0.37037037037037035
360	5	0.14814814814814814	0.18518518518518517
360	6	0.07407407407407407	0.1111111111111111
360	7	0.07407407407407407	0.1111111111111111
360	8	0.0	0.0
360	9	0.0	0.0
360	10	0.0	0.0
361	1	1.0	4.925925925925926
361	2	0.5185185185185185	0.8148148148148148
361	3	0.18518518518518517	0.18518518518518517
361	4	0.1111111111111111	0.1111111111111111
361	5	0.1111111111111111	0.1111111111111111
361	6	0.1111111111111111	0.1111111111111111
361	7	0.037037037037037035	0.037037037037037035
361	8	0.037037037037037035	0.037037037037037035
361	9	0.037037037037037035	0.037037037037037035
361	10	0.037037037037037035	0.037037037037037035
362	1	1.0	4.037037037037037
362	2	0.48148148148148145	0.6296296296296297
362	3	0.2222222222222222	0.2962962962962963
362	4	0.037037037037037035	0.037037037037037035
362	5	0.037037037037037035	0.037037037037037035
362	6	0.037037037037037035	0.037037037037037035
362	7	0.0	0.0
362	8	0.0	0.0
362	9	0.0	0.0
362	10	0.0	0.0
363	1	1.0	4.962962962962963
363	2	0.5555555555555556	0.7037037037037037
363	3	0.2222222222222222	0.2222222222222222
363	4	0.1111111111111111	0.1111111111111111
363	5	0.07407407407407407	0.07407407407407407
363	6	0.0	0.0
363	7	0.0	0.0
363	8	0.0	0.0
363	9	0.0	0.0
363	10	0.0	0.0
364	1	1.0	4.666666666666667
364	2	0.48148148148148145	0.6666666666666666
364	3	0.18518518518518517	0.18518518518518517
364	4	0.07407407407407407	0.07407407407407407
364	5	0.0	0.0
364	6	0.0	0.0
364	7	0.0	0.0
364	8	0.0	0.0
364	9	0.0	0.0
364	10	0.0	0.0
365	1	1.0	4.777777777777778
365	2	0.6666666666666666	0.9259259259259259
365	3	0.3333333333333333	0.37037037037037035
365	4	0.1111111111111111	0.1111111111111111
365	5	0.037037037037037035	0.037037037037037035
365	6	0.0	0.0
365	7	0.0	0.0
365	8	0.0	0.0
365	9	0.0	0.0
365	10	0.0	0.0
366	1	1.0	3.888888888888889
366	2	0.48148148148148145	0.8888888888888888
366	3	0.2962962962962963	0.4074074074074074
366	4	0.1111111111111111	0.1111111111111111
366	5	0.07407407407407407	0.07407407407407407
366	6	0.037037037037037035	0.037037037037037035
366	7	0.037037037037037035	0.037037037037037035
366	8	0.0	0.0
366	9	0.0	0.0
366	10	0.0	0.0
367	1	1.0	4.555555555555555
367	2	0.48148148148148145	0.7777777777777778
367	3	0.37037037037037035	0.4444444444444444
367	4	0.18518518518518517	0.2222222222222222
367	5	0.1111111111111111	0.14814814814814814
367	6	0.037037037037037035	0.037037037037037035
367	7	0.037037037037037035	0.037037037037037035
367	8	0.037037037037037035	0.037037037037037035
367	9	0.037037037037037035	0.037037037037037035
367	10	0.0	0.0
368	1	1.0	4.2592592592592595
368	2	0.4444444444444444	0.7407407407407407
368	3	0.2222222222222222	0.37037037037037035
368	4	0.14814814814814814	0.2222222222222222
368	5	0.1111111111111111	0.14814814814814814
368	6	0.07407407407407407	0.1111111111111111
368	7	0.037037037037037035	0.07407407407407407
368	8	0.037037037037037035	0.07407407407407407
368	9	0.037037037037037035	0.037037037037037035
368	10	0.037037037037037035	0.037037037037037035
369	1	1.0	4.407407407407407
369	2	0.48148148148148145	0.7777777777777778
369	3	0.14814814814814814	0.2222222222222222
369	4	0.1111111111111111	0.1111111111111111
369	5	0.0	0.0
369	6	0.0	0.0
369	7	0.0	0.0
369	8	0.0	0.0
369	9	0.0	0.0
369	10	0.0	0.0
370	1	1.0	4.444444444444445
370	2	0.6296296296296297	1.0
370	3	0.37037037037037035	0.48148148148148145
370	4	0.25925925925925924	0.3333333333333333
370	5	0.2222222222222222	0.25925925925925924
370	6	0.1111111111111111	0.14814814814814814
370	7	0.07407407407407407	0.1111111111111111
370	8	0.07407407407407407	0.1111111111111111
370	9	0.037037037037037035	0.037037037037037035
370	10	0.037037037037037035	0.037037037037037035
371	1	1.0	4.62962962962963
371	2	0.5925925925925926	0.9259259259259259
371	3	0.2222222222222222	0.3333333333333333
371	4	0.07407407407407407	0.1111111111111111
371	5	0.0	0.0
371	6	0.0	0.0
371	7	0.0	0.0
371	8	0.0	0.0
371	9	0.0	0.0
371	10	0.0	0.0
372	1	1.0	3.925925925925926
372	2	0.5925925925925926	0.8888888888888888
372	3	0.4074074074074074	0.5185185185185185
372	4	0.2222222222222222	0.25925925925925924
372	5	0.18518518518518517	0.2222222222222222
372	6	0.07407407407407407	0.1111111111111111
372	7	0.07407407407407407	0.07407407407407407
372	8	0.0	0.0
372	9	0.0	0.0
372	10	0.0	0.0
373	1	1.0	4.074074074074074
373	2	0.7037037037037037	1.2222222222222223
373	3	0.25925925925925924	0.3333333333333333
373	4	0.14814814814814814	0.2222222222222222
373	5	0.1111111111111111	0.1111111111111111
373	6	0.1111111111111111	0.1111111111111111
373	7	0.037037037037037035	0.037037037037037035
373	8	0.0	0.0
373	9	0.0	0.0
373	10	0.0	0.0
374	1	1.0	4.333333333333333
374	2	0.5925925925925926	0.9629629629629629
374	3	0.2962962962962963	0.3333333333333333
374	4	0.14814814814814814	0.14814814814814814
374	5	0.037037037037037035	0.037037037037037035
374	6	0.037037037037037035	0.037037037037037035
374	7	0.037037037037037035	0.037037037037037035
374	8	0.0	0.0
374	9	0.0	0.0
374	10	0.0	0.0
375	1	1.0	3.8518518518518516
375	2	0.5555555555555556	1.037037037037037
375	3	0.3333333333333333	0.48148148148148145
375	4	0.2222222222222222	0.2222222222222222
375	5	0.1111111111111111	0.1111111111111111
375	6	0.1111111111111111	0.1111111111111111
375	7	0.07407407407407407	0.07407407407407407
375	8	0.037037037037037035	0.037037037037037035
375	9	0.037037037037037035	0.037037037037037035
375	10	0.037037037037037035	0.037037037037037035
376	1	1.0	4.62962962962963
376	2	0.4074074074074074	0.8518518518518519
376	3	0.18518518518518517	0.2222222222222222
376	4	0.1111111111111111	0.1111111111111111
376	5	0.07407407407407407	0.07407407407407407
376	6	0.0	0.0
376	7	0.0	0.0
376	8	0.0	0.0
376	9	0.0	0.0
376	10	0.0	0.0
377	1	1.0	4.2592592592592595
377	2	0.48148148148148145	0.8518518518518519
377	3	0.37037037037037035	0.48148148148148145
377	4	0.18518518518518517	0.2962962962962963
377	5	0.14814814814814814	0.2222222222222222
377	6	0.14814814814814814	0.2222222222222222
377	7	0.14814814814814814	0.18518518518518517
377	8	0.1111111111111111	0.1111111111111111
377	9	0.1111111111111111	0.1111111111111111
377	10	0.07407407407407407	0.07407407407407407
378	1	1.0	4.666666666666667
378	2	0.5185185185185185	0.8518518518518519
378	3	0.3333333333333333	0.4074074074074074
378	4	0.14814814814814814	0.14814814814814814
378	5	0.1111111111111111	0.1111111111111111
378	6	0.1111111111111111	0.1111111111111111
378	7	0.1111111111111111	0.1111111111111111
378	8	0.037037037037037035	0.037037037037037035
378	9	0.0	0.0
378	10	0.0	0.0
379	1	1.0	4.481481481481482
379	2	0.7407407407407407	1.2222222222222223
379	3	0.4444444444444444	0.5555555555555556
379	4	0.2222222222222222	0.2962962962962963
379	5	0.2222222222222222	0.2962962962962963
379	6	0.1111111111111111	0.18518518518518517
379	7	0.1111111111111111	0.1111111111111111
379	8	0.1111111111111111	0.1111111111111111
379	9	0.07407407407407407	0.07407407407407407
379	10	0.037037037037037035	0.037037037037037035
380	1	1.0	4.592592592592593
380	2	0.5925925925925926	1.1851851851851851
380	3	0.37037037037037035	0.6296296296296297
380	4	0.3333333333333333	0.48148148148148145
380	5	0.2222222222222222	0.3333333333333333
380	6	0.18518518518518517	0.2962962962962963
380	7	0.14814814814814814	0.2222222222222222
380	8	0.14814814814814814	0.18518518518518517
380	9	0.07407407407407407	0.07407407407407407
380	10	0.037037037037037035	0.037037037037037035
381	1	1.0	4.074074074074074
381	2	0.5925925925925926	1.0
381	3	0.3333333333333333	0.4074074074074074
381	4	0.1111111111111111	0.14814814814814814
381	5	0.07407407407407407	0.1111111111111111
381	6	0.037037037037037035	0.037037037037037035
381	7	0.037037037037037035	0.037037037037037035
381	8	0.037037037037037035	0.037037037037037035
381	9	0.0	0.0
381	10	0.0	0.0
382	1	1.0	4.148148148148148
382	2	0.48148148148148145	0.8888888888888888
382	3	0.2962962962962963	0.37037037037037035
382	4	0.2222222222222222	0.2962962962962963
382	5	0.14814814814814814	0.14814814814814814
382	6	0.14814814814814814	0.14814814814814814
382	7	0.1111111111111111	0.1111111111111111
382	8	0.1111111111111111	0.1111111111111111
382	9	0.0	0.0
382	10	0.0	0.0
383	1	1.0	4.111111111111111
383	2	0.5185185185185185	0.7777777777777778
383	3	0.2962962962962963	0.3333333333333333
383	4	0.1111111111111111	0.1111111111111111
383	5	0.037037037037037035	0.037037037037037035
383	6	0.037037037037037035	0.037037037037037035
383	7	0.037037037037037035	0.037037037037037035
383	8	0.0	0.0
383	9	0.0	0.0
383	10	0.0	0.0
384	1	1.0	3.6666666666666665
384	2	0.4444444444444444	0.8148148148148148
384	3	0.25925925925925924	0.4444444444444444
384	4	0.1111111111111111	0.1111111111111111
384	5	0.037037037037037035	0.037037037037037035
384	6	0.037037037037037035	0.037037037037037035
384	7	0.037037037037037035	0.037037037037037035
384	8	0.037037037037037035	0.037037037037037035
384	9	0.037037037037037035	0.037037037037037035
384	10	0.037037037037037035	0.037037037037037035
385	1	1.0	4.222222222222222
385	2	0.5185185185185185	0.8518518518518519
385	3	0.2962962962962963	0.4074074074074074
385	4	0.14814814814814814	0.18518518518518517
385	5	0.1111111111111111	0.14814814814814814
385	6	0.037037037037037035	0.037037037037037035
385	7	0.037037037037037035	0.037037037037037035
385	8	0.0	0.0
385	9	0.0	0.0
385	10	0.0	0.0
386	1	1.0	4.111111111111111
386	2	0.3333333333333333	0.5555555555555556
386	3	0.25925925925925924	0.37037037037037035
386	4	0.2222222222222222	0.25925925925925924
386	5	0.1111111111111111	0.14814814814814814
386	6	0.1111111111111111	0.14814814814814814
386	7	0.1111111111111111	0.14814814814814814
386	8	0.1111111111111111	0.14814814814814814
386	9	0.0	0.0
386	10	0.0	0.0
387	1	1.0	4.2592592592592595
387	2	0.5555555555555556	0.8518518518518519
387	3	0.3333333333333333	0.3333333333333333
387	4	0.1111111111111111	0.1111111111111111
387	5	0.037037037037037035	0.037037037037037035
387	6	0.037037037037037035	0.037037037037037035
387	7	0.0	0.0
387	8	0.0	0.0
387	9	0.0	0.0
387	10	0.0	0.0
388	1	1.0	5.0
388	2	0.5185185185185185	1.037037037037037
388	3	0.3333333333333333	0.48148148148148145
388	4	0.2222222222222222	0.2222222222222222
388	5	0.1111111111111111	0.1111111111111111
388	6	0.037037037037037035	0.037037037037037035
388	7	0.037037037037037035	0.037037037037037035
388	8	0.037037037037037035	0.037037037037037035
388	9	0.0	0.0
388	10	0.0	0.0
389	1	1.0	4.555555555555555
389	2	0.4444444444444444	0.7777777777777778
389	3	0.2222222222222222	0.2222222222222222
389	4	0.07407407407407407	0.07407407407407407
389	5	0.07407407407407407	0.07407407407407407
389	6	0.07407407407407407	0.07407407407407407
389	7	0.037037037037037035	0.037037037037037035
389	8	0.037037037037037035	0.037037037037037035
389	9	0.0	0.0
389	10	0.0	0.0
390	1	1.0	3.925925925925926
390	2	0.4444444444444444	0.8518518518518519
390	3	0.2222222222222222	0.3333333333333333
390	4	0.2222222222222222	0.3333333333333333
390	5	0.18518518518518517	0.25925925925925924
390	6	0.18518518518518517	0.18518518518518517
390	7	0.07407407407407407	0.07407407407407407
390	8	0.037037037037037035	0.037037037037037035
390	9	0.037037037037037035	0.037037037037037035
390	10	0.0	0.0
391	1	1.0	4.222222222222222
391	2	0.4444444444444444	0.6666666666666666
391	3	0.18518518518518517	0.2222222222222222
391	4	0.1111111111111111	0.14814814814814814
391	5	0.07407407407407407	0.1111111111111111
391	6	0.07407407407407407	0.1111111111111111
391	7	0.037037037037037035	0.07407407407407407
391	8	0.0	0.0
391	9	0.0	0.0
391	10	0.0	0.0
392	1	1.0	5.37037037037037
392	2	0.6666666666666666	0.8888888888888888
392	3	0.3333333333333333	0.37037037037037035
392	4	0.2222222222222222	0.2222222222222222
392	5	0.1111111111111111	0.1111111111111111
392	6	0.0	0.0
392	7	0.0	0.0
392	8	0.0	0.0
392	9	0.0	0.0
392	10	0.0	0.0
393	1	1.0	4.62962962962963
393	2	0.4444444444444444	0.8148148148148148
393	3	0.2222222222222222	0.4074074074074074
393	4	0.18518518518518517	0.25925925925925924
393	5	0.14814814814814814	0.2222222222222222
393	6	0.1111111111111111	0.14814814814814814
393	7	0.07407407407407407	0.07407407407407407
393	8	0.037037037037037035	0.037037037037037035
393	9	0.037037037037037035	0.037037037037037035
393	10	0.037037037037037035	0.037037037037037035
394	1	1.0	5.296296296296297
394	2	0.5555555555555556	0.9259259259259259
394	3	0.2962962962962963	0.4444444444444444
394	4	0.2962962962962963	0.4074074074074074
394	5	0.07407407407407407	0.1111111111111111
394	6	0.07407407407407407	0.07407407407407407
394	7	0.07407407407407407	0.07407407407407407
394	8	0.0	0.0
394	9	0.0	0.0
394	10	0.0	0.0
395	1	1.0	4.444444444444445
395	2	0.5925925925925926	0.7407407407407407
395	3	0.2222222222222222	0.25925925925925924
395	4	0.07407407407407407	0.07407407407407407
395	5	0.037037037037037035	0.037037037037037035
395	6	0.037037037037037035	0.037037037037037035
395	7	0.037037037037037035	0.037037037037037035
395	8	0.037037037037037035	0.037037037037037035
395	9	0.0	0.0
395	10	0.0	0.0
396	1	1.0	4.148148148148148
396	2	0.5925925925925926	0.8518518518518519
396	3	0.2962962962962963	0.3333333333333333
396	4	0.14814814814814814	0.14814814814814814
396	5	0.037037037037037035	0.037037037037037035
396	6	0.0	0.0
396	7	0.0	0.0
396	8	0.0	0.0
396	9	0.0	0.0
396	10	0.0	0.0
397	1	1.0	3.4444444444444446
397	2	0.7037037037037037	0.8888888888888888
397	3	0.37037037037037035	0.37037037037037035
397	4	0.14814814814814814	0.14814814814814814
397	5	0.0	0.0
397	6	0.0	0.0
397	7	0.0	0.0
397	8	0.0	0.0
397	9	0.0	0.0
397	10	0.0	0.0
398	1	1.0	4.62962962962963
398	2	0.4074074074074074	0.7777777777777778
398	3	0.18518518518518517	0.25925925925925924
398	4	0.0	0.0
398	5	0.0	0.0
398	6	0.0	0.0
398	7	0.0	0.0
398	8	0.0	0.0
398	9	0.0	0.0
398	10	0.0	0.0
399	1	1.0	3.7037037037037037
399	2	0.37037037037037035	0.7037037037037037
399	3	0.25925925925925924	0.3333333333333333
399	4	0.2222222222222222	0.2962962962962963
399	5	0.1111111111111111	0.14814814814814814
399	6	0.07407407407407407	0.1111111111111111
399	7	0.07407407407407407	0.1111111111111111
399	8	0.037037037037037035	0.07407407407407407
399	9	0.037037037037037035	0.07407407407407407
399	10	0.037037037037037035	0.037037037037037035
400	1	1.0	5.407407407407407
400	2	0.4444444444444444	0.7777777777777778
400	3	0.25925925925925924	0.3333333333333333
400	4	0.14814814814814814	0.2222222222222222
400	5	0.037037037037037035	0.037037037037037035
400	6	0.0	0.0
400	7	0.0	0.0
400	8	0.0	0.0
400	9	0.0	0.0
400	10	0.0	0.0
401	1	1.0	4.333333333333333
401	2	0.4444444444444444	0.7037037037037037
401	3	0.18518518518518517	0.2222222222222222
401	4	0.1111111111111111	0.14814814814814814
401	5	0.1111111111111111	0.1111111111111111
401	6	0.1111111111111111	0.1111111111111111
401	7	0.1111111111111111	0.1111111111111111
401	8	0.07407407407407407	0.07407407407407407
401	9	0.037037037037037035	0.037037037037037035
401	10	0.0	0.0
402	1	1.0	5.074074074074074
402	2	0.48148148148148145	0.7777777777777778
402	3	0.2222222222222222	0.25925925925925924
402	4	0.18518518518518517	0.18518518518518517
402	5	0.18518518518518517	0.18518518518518517
402	6	0.14814814814814814	0.14814814814814814
402	7	0.1111111111111111	0.1111111111111111
402	8	0.037037037037037035	0.037037037037037035
402	9	0.0	0.0
402	10	0.0	0.0
403	1	1.0	4.0
403	2	0.5185185185185185	0.8148148148148148
403	3	0.18518518518518517	0.2962962962962963
403	4	0.07407407407407407	0.1111111111111111
403	5	0.037037037037037035	0.07407407407407407
403	6	0.037037037037037035	0.07407407407407407
403	7	0.037037037037037035	0.037037037037037035
403	8	0.0	0.0
403	9	0.0	0.0
403	10	0.0	0.0
404	1	1.0	4.481481481481482
404	2	0.48148148148148145	0.8518518518518519
404	3	0.25925925925925924	0.4444444444444444
404	4	0.2222222222222222	0.25925925925925924
404	5	0.1111111111111111	0.14814814814814814
404	6	0.07407407407407407	0.1111111111111111
404	7	0.07407407407407407	0.1111111111111111
404	8	0.037037037037037035	0.07407407407407407
404	9	0.037037037037037035	0.037037037037037035
404	10	0.037037037037037035	0.037037037037037035
405	1	1.0	4.444444444444445
405	2	0.5925925925925926	0.7037037037037037
405	3	0.3333333333333333	0.3333333333333333
405	4	0.037037037037037035	0.037037037037037035
405	5	0.037037037037037035	0.037037037037037035
405	6	0.037037037037037035	0.037037037037037035
405	7	0.0	0.0
405	8	0.0	0.0
405	9	0.0	0.0
405	10	0.0	0.0
406	1	1.0	4.37037037037037
406	2	0.48148148148148145	1.0
406	3	0.3333333333333333	0.4444444444444444
406	4	0.18518518518518517	0.2222222222222222
406	5	0.07407407407407407	0.07407407407407407
406	6	0.037037037037037035	0.037037037037037035
406	7	0.037037037037037035	0.037037037037037035
406	8	0.0	0.0
406	9	0.0	0.0
406	10	0.0	0.0
407	1	1.0	4.555555555555555
407	2	0.5185185185185185	0.7777777777777778
407	3	0.18518518518518517	0.2962962962962963
407	4	0.14814814814814814	0.18518518518518517
407	5	0.1111111111111111	0.14814814814814814
407	6	0.037037037037037035	0.037037037037037035
407	7	0.0	0.0
407	8	0.0	0.0
407	9	0.0	0.0
407	10	0.0	0.0
408	1	1.0	4.407407407407407
408	2	0.6296296296296297	1.037037037037037
408	3	0.2962962962962963	0.37037037037037035
408	4	0.2222222222222222	0.2222222222222222
408	5	0.14814814814814814	0.14814814814814814
408	6	0.037037037037037035	0.037037037037037035
408	7	0.037037037037037035	0.037037037037037035
408	8	0.0	0.0
408	9	0.0	0.0
408	10	0.0	0.0
409	1	1.0	5.0
409	2	0.25925925925925924	0.37037037037037035
409	3	0.07407407407407407	0.07407407407407407
409	4	0.0	0.0
409	5	0.0	0.0
409	6	0.0	0.0
409	7	0.0	0.0
409	8	0.0	0.0
409	9	0.0	0.0
409	10	0.0	0.0
410	1	1.0	4.888888888888889
410	2	0.5555555555555556	0.8148148148148148
410	3	0.4074074074074074	0.5185185185185185
410	4	0.25925925925925924	0.2962962962962963
410	5	0.1111111111111111	0.1111111111111111
410	6	0.0	0.0
410	7	0.0	0.0
410	8	0.0	0.0
410	9	0.0	0.0
410	10	0.0	0.0
411	1	1.0	4.518518518518518
411	2	0.5185185185185185	0.7777777777777778
411	3	0.2962962962962963	0.37037037037037035
411	4	0.07407407407407407	0.07407407407407407
411	5	0.037037037037037035	0.037037037037037035
411	6	0.037037037037037035	0.037037037037037035
411	7	0.0	0.0
411	8	0.0	0.0
411	9	0.0	0.0
411	10	0.0	0.0
412	1	1.0	4.0
412	2	0.4444444444444444	0.8148148148148148
412	3	0.14814814814814814	0.14814814814814814
412	4	0.1111111111111111	0.1111111111111111
412	5	0.1111111111111111	0.1111111111111111
412	6	0.07407407407407407	0.07407407407407407
412	7	0.037037037037037035	0.037037037037037035
412	8	0.0	0.0
412	9	0.0	0.0
412	10	0.0	0.0
413	1	1.0	4.111111111111111
413	2	0.4444444444444444	0.7037037037037037
413	3	0.25925925925925924	0.3333333333333333
413	4	0.1111111111111111	0.14814814814814814
413	5	0.037037037037037035	0.037037037037037035
413	6	0.037037037037037035	0.037037037037037035
413	7	0.0	0.0
413	8	0.0	0.0
413	9	0.0	0.0
413	10	0.0	0.0
414	1	1.0	4.407407407407407
414	2	0.5925925925925926	1.2592592592592593
414	3	0.4444444444444444	0.6666666666666666
414	4	0.37037037037037035	0.5185185185185185
414	5	0.18518518518518517	0.2222222222222222
414	6	0.14814814814814814	0.18518518518518517
414	7	0.07407407407407407	0.1111111111111111
414	8	0.037037037037037035	0.037037037037037035
414	9	0.037037037037037035	0.037037037037037035
414	10	0.037037037037037035	0.037037037037037035
415	1	1.0	4.555555555555555
415	2	0.5555555555555556	1.037037037037037
415	3	0.25925925925925924	0.37037037037037035
415	4	0.2222222222222222	0.2222222222222222
415	5	0.14814814814814814	0.14814814814814814
415	6	0.1111111111111111	0.1111111111111111
415	7	0.037037037037037035	0.037037037037037035
415	8	0.037037037037037035	0.037037037037037035
415	9	0.0	0.0
415	10	0.0	0.0
416	1	1.0	4.111111111111111
416	2	0.48148148148148145	0.6666666666666666
416	3	0.1111111111111111	0.18518518518518517
416	4	0.1111111111111111	0.14814814814814814
416	5	0.07407407407407407	0.07407407407407407
416	6	0.037037037037037035	0.037037037037037035
416	7	0.0	0.0
416	8	0.0	0.0
416	9	0.0	0.0
416	10	0.0	0.0
417	1	1.0	3.962962962962963
417	2	0.4444444444444444	0.6296296296296297
417	3	0.18518518518518517	0.2222222222222222
417	4	0.07407407407407407	0.07407407407407407
417	5	0.0	0.0
417	6	0.0	0.0
417	7	0.0	0.0
417	8	0.0	0.0
417	9	0.0	0.0
417	10	0.0	0.0
418	1	1.0	4.814814814814815
418	2	0.5185185185185185	0.8888888888888888
418	3	0.2962962962962963	0.2962962962962963
418	4	0.18518518518518517	0.18518518518518517
418	5	0.1111111111111111	0.1111111111111111
418	6	0.07407407407407407	0.07407407407407407
418	7	0.037037037037037035	0.037037037037037035
418	8	0.0	0.0
418	9	0.0	0.0
418	10	0.0	0.0
419	1	1.0	5.185185185185185
419	2	0.5185185185185185	0.8888888888888888
419	3	0.2222222222222222	0.25925925925925924
419	4	0.1111111111111111	0.14814814814814814
419	5	0.07407407407407407	0.07407407407407407
419	6	0.0	0.0
419	7	0.0	0.0
419	8	0.0	0.0
419	9	0.0	0.0
419	10	0.0	0.0
420	1	1.0	4.185185185185185
420	2	0.4444444444444444	0.7777777777777778
420	3	0.2222222222222222	0.25925925925925924
420	4	0.037037037037037035	0.07407407407407407
420	5	0.037037037037037035	0.037037037037037035
420	6	0.037037037037037035	0.037037037037037035
420	7	0.037037037037037035	0.037037037037037035
420	8	0.0	0.0
420	9	0.0	0.0
420	10	0.0	0.0
421	1	1.0	5.37037037037037
421	2	0.5185185185185185	1.037037037037037
421	3	0.25925925925925924	0.25925925925925924
421	4	0.037037037037037035	0.037037037037037035
421	5	0.037037037037037035	0.037037037037037035
421	6	0.0	0.0
421	7	0.0	0.0
421	8	0.0	0.0
421	9	0.0	0.0
421	10	0.0	0.0
422	1	1.0	4.518518518518518
422	2	0.5185185185185185	0.6666666666666666
422	3	0.2222222222222222	0.2962962962962963
422	4	0.18518518518518517	0.18518518518518517
422	5	0.14814814814814814	0.14814814814814814
422	6	0.14814814814814814	0.14814814814814814
422	7	0.1111111111111111	0.1111111111111111
422	8	0.07407407407407407	0.07407407407407407
422	9	0.037037037037037035	0.037037037037037035
422	10	0.0	0.0
423	1	1.0	4.703703703703703
423	2	0.5925925925925926	0.8888888888888888
423	3	0.25925925925925924	0.2962962962962963
423	4	0.14814814814814814	0.14814814814814814
423	5	0.1111111111111111	0.1111111111111111
423	6	0.037037037037037035	0.037037037037037035
423	7	0.037037037037037035	0.037037037037037035
423	8	0.037037037037037035	0.037037037037037035
423	9	0.0	0.0
423	10	0.0	0.0
424	1	1.0	4.592592592592593
424	2	0.48148148148148145	0.7037037037037037
424	3	0.2962962962962963	0.4074074074074074
424	4	0.2222222222222222	0.3333333333333333
424	5	0.1111111111111111	0.14814814814814814
424	6	0.07407407407407407	0.1111111111111111
424	7	0.07407407407407407	0.1111111111111111
424	8	0.07407407407407407	0.07407407407407407
424	9	0.07407407407407407	0.07407407407407407
424	10	0.07407407407407407	0.07407407407407407
425	1	1.0	4.333333333333333
425	2	0.5925925925925926	0.8888888888888888
425	3	0.2962962962962963	0.37037037037037035
425	4	0.14814814814814814	0.14814814814814814
425	5	0.037037037037037035	0.037037037037037035
425	6	0.0	0.0
425	7	0.0	0.0
425	8	0.0	0.0
425	9	0.0	0.0
425	10	0.0	0.0
426	1	1.0	4.592592592592593
426	2	0.5925925925925926	1.1481481481481481
426	3	0.3333333333333333	0.4444444444444444
426	4	0.14814814814814814	0.18518518518518517
426	5	0.07407407407407407	0.1111111111111111
426	6	0.07407407407407407	0.07407407407407407
426	7	0.037037037037037035	0.037037037037037035
426	8	0.037037037037037035	0.037037037037037035
426	9	0.037037037037037035	0.037037037037037035
426	10	0.037037037037037035	0.037037037037037035
427	1	1.0	4.222222222222222
427	2	0.37037037037037035	0.7037037037037037
427	3	0.2222222222222222	0.37037037037037035
427	4	0.18518518518518517	0.25925925925925924
427	5	0.1111111111111111	0.14814814814814814
427	6	0.07407407407407407	0.07407407407407407
427	7	0.037037037037037035	0.037037037037037035
427	8	0.037037037037037035	0.037037037037037035
427	9	0.037037037037037035	0.037037037037037035
427	10	0.037037037037037035	0.037037037037037035
428	1	1.0	4.481481481481482
428	2	0.7037037037037037	1.0
428	3	0.2962962962962963	0.3333333333333333
428	4	0.07407407407407407	0.07407407407407407
428	5	0.037037037037037035	0.037037037037037035
428	6	0.037037037037037035	0.037037037037037035
428	7	0.0	0.0
428	8	0.0	0.0
428	9	0.0	0.0
428	10	0.0	0.0
429	1	1.0	5.592592592592593
429	2	0.5925925925925926	0.7777777777777778
429	3	0.4074074074074074	0.48148148148148145
429	4	0.18518518518518517	0.2222222222222222
429	5	0.18518518518518517	0.18518518518518517
429	6	0.1111111111111111	0.1111111111111111
429	7	0.1111111111111111	0.1111111111111111
429	8	0.1111111111111111	0.1111111111111111
429	9	0.037037037037037035	0.037037037037037035
429	10	0.037037037037037035	0.037037037037037035
430	1	1.0	4.222222222222222
430	2	0.6666666666666666	1.0
430	3	0.4444444444444444	0.5555555555555556
430	4	0.18518518518518517	0.2222222222222222
430	5	0.1111111111111111	0.14814814814814814
430	6	0.1111111111111111	0.1111111111111111
430	7	0.0	0.0
430	8	0.0	0.0
430	9	0.0	0.0
430	10	0.0	0.0
431	1	1.0	4.407407407407407
431	2	0.5555555555555556	1.1111111111111112
431	3	0.4074074074074074	0.6666666666666666
431	4	0.3333333333333333	0.37037037037037035
431	5	0.2222222222222222	0.25925925925925924
431	6	0.2222222222222222	0.2222222222222222
431	7	0.037037037037037035	0.037037037037037035
431	8	0.037037037037037035	0.037037037037037035
431	9	0.0	0.0
431	10	0.0	0.0
432	1	1.0	4.518518518518518
432	2	0.5555555555555556	0.8148148148148148
432	3	0.37037037037037035	0.48148148148148145
432	4	0.2962962962962963	0.3333333333333333
432	5	0.1111111111111111	0.1111111111111111
432	6	0.07407407407407407	0.07407407407407407
432	7	0.07407407407407407	0.07407407407407407
432	8	0.037037037037037035	0.037037037037037035
432	9	0.037037037037037035	0.037037037037037035
432	10	0.037037037037037035	0.037037037037037035
433	1	1.0	4.37037037037037
433	2	0.6296296296296297	1.0740740740740742
433	3	0.3333333333333333	0.5185185185185185
433	4	0.2222222222222222	0.25925925925925924
433	5	0.18518518518518517	0.2222222222222222
433	6	0.14814814814814814	0.18518518518518517
433	7	0.14814814814814814	0.14814814814814814
433	8	0.14814814814814814	0.14814814814814814
433	9	0.1111111111111111	0.1111111111111111
433	10	0.1111111111111111	0.1111111111111111
434	1	1.0	5.296296296296297
434	2	0.5925925925925926	0.9259259259259259
434	3	0.2962962962962963	0.3333333333333333
434	4	0.2222222222222222	0.25925925925925924
434	5	0.18518518518518517	0.2222222222222222
434	6	0.14814814814814814	0.14814814814814814
434	7	0.037037037037037035	0.037037037037037035
434	8	0.037037037037037035	0.037037037037037035
434	9	0.037037037037037035	0.037037037037037035
434	10	0.037037037037037035	0.037037037037037035
435	1	1.0	5.185185185185185
435	2	0.6666666666666666	1.1111111111111112
435	3	0.4074074074074074	0.5185185185185185
435	4	0.2222222222222222	0.25925925925925924
435	5	0.2222222222222222	0.25925925925925924
435	6	0.14814814814814814	0.14814814814814814
435	7	0.037037037037037035	0.037037037037037035
435	8	0.0	0.0
435	9	0.0	0.0
435	10	0.0	0.0
436	1	1.0	4.666666666666667
436	2	0.5555555555555556	0.8148148148148148
436	3	0.18518518518518517	0.25925925925925924
436	4	0.037037037037037035	0.037037037037037035
436	5	0.0	0.0
436	6	0.0	0.0
436	7	0.0	0.0
436	8	0.0	0.0
436	9	0.0	0.0
436	10	0.0	0.0
437	1	1.0	4.518518518518518
437	2	0.3333333333333333	0.6666666666666666
437	3	0.14814814814814814	0.2222222222222222
437	4	0.07407407407407407	0.07407407407407407
437	5	0.07407407407407407	0.07407407407407407
437	6	0.037037037037037035	0.037037037037037035
437	7	0.037037037037037035	0.037037037037037035
437	8	0.0	0.0
437	9	0.0	0.0
437	10	0.0	0.0
438	1	1.0	5.111111111111111
438	2	0.48148148148148145	0.7407407407407407
438	3	0.2222222222222222	0.2222222222222222
438	4	0.18518518518518517	0.18518518518518517
438	5	0.14814814814814814	0.14814814814814814
438	6	0.07407407407407407	0.07407407407407407
438	7	0.07407407407407407	0.07407407407407407
438	8	0.07407407407407407	0.07407407407407407
438	9	0.037037037037037035	0.037037037037037035
438	10	0.0	0.0
439	1	1.0	5.37037037037037
439	2	0.5185185185185185	0.6666666666666666
439	3	0.18518518518518517	0.2222222222222222
439	4	0.1111111111111111	0.1111111111111111
439	5	0.0	0.0
439	6	0.0	0.0
439	7	0.0	0.0
439	8	0.0	0.0
439	9	0.0	0.0
439	10	0.0	0.0
440	1	1.0	4.407407407407407
440	2	0.6296296296296297	0.8888888888888888
440	3	0.37037037037037035	0.4074074074074074
440	4	0.2222222222222222	0.25925925925925924
440	5	0.14814814814814814	0.18518518518518517
440	6	0.1111111111111111	0.1111111111111111
440	7	0.037037037037037035	0.037037037037037035
440	8	0.037037037037037035	0.037037037037037035
440	9	0.0	0.0
440	10	0.0	0.0
441	1	1.0	5.148148148148148
441	2	0.5555555555555556	1.1481481481481481
441	3	0.25925925925925924	0.4074074074074074
441	4	0.18518518518518517	0.2962962962962963
441	5	0.1111111111111111	0.18518518518518517
441	6	0.07407407407407407	0.07407407407407407
441	7	0.07407407407407407	0.07407407407407407
441	8	0.037037037037037035	0.037037037037037035
441	9	0.037037037037037035	0.037037037037037035
441	10	0.0	0.0
442	1	1.0	3.740740740740741
442	2	0.48148148148148145	0.8148148148148148
442	3	0.3333333333333333	0.48148148148148145
442	4	0.14814814814814814	0.18518518518518517
442	5	0.14814814814814814	0.18518518518518517
442	6	0.07407407407407407	0.1111111111111111
442	7	0.037037037037037035	0.037037037037037035
442	8	0.037037037037037035	0.037037037037037035
442	9	0.0	0.0
442	10	0.0	0.0
443	1	1.0	4.0
443	2	0.5555555555555556	0.9629629629629629
443	3	0.25925925925925924	0.4074074074074074
443	4	0.14814814814814814	0.14814814814814814
443	5	0.037037037037037035	0.037037037037037035
443	6	0.0	0.0
443	7	0.0	0.0
443	8	0.0	0.0
443	9	0.0	0.0
443	10	0.0	0.0
444	1	1.0	4.407407407407407
444	2	0.5925925925925926	0.9629629629629629
444	3	0.3333333333333333	0.4444444444444444
444	4	0.18518518518518517	0.2222222222222222
444	5	0.14814814814814814	0.14814814814814814
444	6	0.037037037037037035	0.037037037037037035
444	7	0.037037037037037035	0.037037037037037035
444	8	0.037037037037037035	0.037037037037037035
444	9	0.037037037037037035	0.037037037037037035
444	10	0.0	0.0
445	1	1.0	4.0
445	2	0.4074074074074074	0.6296296296296297
445	3	0.2222222222222222	0.25925925925925924
445	4	0.07407407407407407	0.1111111111111111
445	5	0.07407407407407407	0.07407407407407407
445	6	0.037037037037037035	0.037037037037037035
445	7	0.037037037037037035	0.037037037037037035
445	8	0.0	0.0
445	9	0.0	0.0
445	10	0.0	0.0
446	1	1.0	4.444444444444445
446	2	0.6296296296296297	1.1111111111111112
446	3	0.3333333333333333	0.4444444444444444
446	4	0.18518518518518517	0.2962962962962963
446	5	0.1111111111111111	0.18518518518518517
446	6	0.1111111111111111	0.14814814814814814
446	7	0.07407407407407407	0.07407407407407407
446	8	0.07407407407407407	0.07407407407407407
446	9	0.037037037037037035	0.037037037037037035
446	10	0.0	0.0
447	1	1.0	4.925925925925926
447	2	0.7037037037037037	1.1851851851851851
447	3	0.48148148148148145	0.5925925925925926
447	4	0.3333333333333333	0.37037037037037035
447	5	0.14814814814814814	0.14814814814814814
447	6	0.1111111111111111	0.1111111111111111
447	7	0.07407407407407407	0.07407407407407407
447	8	0.0	0.0
447	9	0.0	0.0
447	10	0.0	0.0
448	1	1.0	4.481481481481482
448	2	0.6666666666666666	1.0740740740740742
448	3	0.48148148148148145	0.6666666666666666
448	4	0.18518518518518517	0.25925925925925924
448	5	0.1111111111111111	0.14814814814814814
448	6	0.1111111111111111	0.14814814814814814
448	7	0.07407407407407407	0.1111111111111111
448	8	0.07407407407407407	0.07407407407407407
448	9	0.07407407407407407	0.07407407407407407
448	10	0.07407407407407407	0.07407407407407407
449	1	1.0	5.666666666666667
449	2	0.5555555555555556	0.7407407407407407
449	3	0.2962962962962963	0.37037037037037035
449	4	0.2222222222222222	0.25925925925925924
449	5	0.14814814814814814	0.14814814814814814
449	6	0.1111111111111111	0.1111111111111111
449	7	0.07407407407407407	0.07407407407407407
449	8	0.07407407407407407	0.07407407407407407
449	9	0.07407407407407407	0.07407407407407407
449	10	0.07407407407407407	0.07407407407407407
450	1	1.0	4.888888888888889
450	2	0.6296296296296297	0.8148148148148148
450	3	0.48148148148148145	0.5555555555555556
450	4	0.3333333333333333	0.37037037037037035
450	5	0.14814814814814814	0.14814814814814814
450	6	0.07407407407407407	0.07407407407407407
450	7	0.037037037037037035	0.037037037037037035
450	8	0.0	0.0
450	9	0.0	0.0
450	10	0.0	0.0
451	1	1.0	4.2592592592592595
451	2	0.6296296296296297	1.0740740740740742
451	3	0.25925925925925924	0.48148148148148145
451	4	0.18518518518518517	0.18518518518518517
451	5	0.18518518518518517	0.18518518518518517
451	6	0.037037037037037035	0.037037037037037035
451	7	0.037037037037037035	0.037037037037037035
451	8	0.037037037037037035	0.037037037037037035
451	9	0.037037037037037035	0.037037037037037035
451	10	0.037037037037037035	0.037037037037037035
452	1	1.0	5.62962962962963
452	2	0.7407407407407407	1.2222222222222223
452	3	0.5185185185185185	0.5555555555555556
452	4	0.3333333333333333	0.37037037037037035
452	5	0.2962962962962963	0.3333333333333333
452	6	0.14814814814814814	0.18518518518518517
452	7	0.1111111111111111	0.1111111111111111
452	8	0.07407407407407407	0.07407407407407407
452	9	0.037037037037037035	0.037037037037037035
452	10	0.0	0.0
453	1	1.0	3.814814814814815
453	2	0.6296296296296297	0.9259259259259259
453	3	0.37037037037037035	0.4444444444444444
453	4	0.18518518518518517	0.2222222222222222
453	5	0.07407407407407407	0.1111111111111111
453	6	0.07407407407407407	0.07407407407407407
453	7	0.037037037037037035	0.037037037037037035
453	8	0.037037037037037035	0.037037037037037035
453	9	0.037037037037037035	0.037037037037037035
453	10	0.037037037037037035	0.037037037037037035
454	1	1.0	5.185185185185185
454	2	0.4074074074074074	0.7407407407407407
454	3	0.25925925925925924	0.2962962962962963
454	4	0.18518518518518517	0.2222222222222222
454	5	0.14814814814814814	0.14814814814814814
454	6	0.1111111111111111	0.1111111111111111
454	7	0.1111111111111111	0.1111111111111111
454	8	0.037037037037037035	0.037037037037037035
454	9	0.037037037037037035	0.037037037037037035
454	10	0.037037037037037035	0.037037037037037035
455	1	1.0	4.444444444444445
455	2	0.4444444444444444	0.9629629629629629
455	3	0.3333333333333333	0.5925925925925926
455	4	0.25925925925925924	0.2962962962962963
455	5	0.25925925925925924	0.2962962962962963
455	6	0.18518518518518517	0.18518518518518517
455	7	0.14814814814814814	0.14814814814814814
455	8	0.14814814814814814	0.14814814814814814
455	9	0.07407407407407407	0.07407407407407407
455	10	0.07407407407407407	0.07407407407407407
456	1	1.0	4.851851851851852
456	2	0.37037037037037035	0.6296296296296297
456	3	0.18518518518518517	0.25925925925925924
456	4	0.1111111111111111	0.18518518518518517
456	5	0.07407407407407407	0.1111111111111111
456	6	0.07407407407407407	0.1111111111111111
456	7	0.07407407407407407	0.1111111111111111
456	8	0.037037037037037035	0.07407407407407407
456	9	0.037037037037037035	0.037037037037037035
456	10	0.0	0.0
457	1	1.0	3.962962962962963
457	2	0.48148148148148145	0.6666666666666666
457	3	0.25925925925925924	0.3333333333333333
457	4	0.14814814814814814	0.18518518518518517
457	5	0.1111111111111111	0.14814814814814814
457	6	0.037037037037037035	0.07407407407407407
457	7	0.0	0.0
457	8	0.0	0.0
457	9	0.0	0.0
457	10	0.0	0.0
458	1	1.0	4.037037037037037
458	2	0.5555555555555556	0.9259259259259259
458	3	0.2222222222222222	0.3333333333333333
458	4	0.18518518518518517	0.2222222222222222
458	5	0.1111111111111111	0.14814814814814814
458	6	0.07407407407407407	0.1111111111111111
458	7	0.037037037037037035	0.037037037037037035
458	8	0.0	0.0
458	9	0.0	0.0
458	10	0.0	0.0
459	1	1.0	4.444444444444445
459	2	0.5185185185185185	0.8148148148148148
459	3	0.25925925925925924	0.4074074074074074
459	4	0.1111111111111111	0.2222222222222222
459	5	0.07407407407407407	0.1111111111111111
459	6	0.037037037037037035	0.07407407407407407
459	7	0.037037037037037035	0.07407407407407407
459	8	0.037037037037037035	0.07407407407407407
459	9	0.037037037037037035	0.037037037037037035
459	10	0.0	0.0
460	1	1.0	4.407407407407407
460	2	0.4444444444444444	0.7777777777777778
460	3	0.18518518518518517	0.25925925925925924
460	4	0.14814814814814814	0.18518518518518517
460	5	0.07407407407407407	0.07407407407407407
460	6	0.037037037037037035	0.037037037037037035
460	7	0.037037037037037035	0.037037037037037035
460	8	0.0	0.0
460	9	0.0	0.0
460	10	0.0	0.0
461	1	1.0	4.962962962962963
461	2	0.4444444444444444	0.8148148148148148
461	3	0.25925925925925924	0.3333333333333333
461	4	0.2222222222222222	0.25925925925925924
461	5	0.1111111111111111	0.1111111111111111
461	6	0.07407407407407407	0.07407407407407407
461	7	0.07407407407407407	0.07407407407407407
461	8	0.07407407407407407	0.07407407407407407
461	9	0.0	0.0
461	10	0.0	0.0
462	1	1.0	4.888888888888889
462	2	0.4444444444444444	0.8148148148148148
462	3	0.2962962962962963	0.4444444444444444
462	4	0.18518518518518517	0.25925925925925924
462	5	0.1111111111111111	0.18518518518518517
462	6	0.1111111111111111	0.18518518518518517
462	7	0.07407407407407407	0.07407407407407407
462	8	0.037037037037037035	0.037037037037037035
462	9	0.0	0.0
462	10	0.0	0.0
463	1	1.0	5.814814814814815
463	2	0.6296296296296297	0.9629629629629629
463	3	0.25925925925925924	0.37037037037037035
463	4	0.18518518518518517	0.25925925925925924
463	5	0.0	0.0
463	6	0.0	0.0
463	7	0.0	0.0
463	8	0.0	0.0
463	9	0.0	0.0
463	10	0.0	0.0
464	1	1.0	4.37037037037037
464	2	0.5185185185185185	0.7777777777777778
464	3	0.1111111111111111	0.14814814814814814
464	4	0.1111111111111111	0.14814814814814814
464	5	0.1111111111111111	0.1111111111111111
464	6	0.07407407407407407	0.07407407407407407
464	7	0.07407407407407407	0.07407407407407407
464	8	0.037037037037037035	0.037037037037037035
464	9	0.037037037037037035	0.037037037037037035
464	10	0.037037037037037035	0.037037037037037035
465	1	1.0	4.111111111111111
465	2	0.5925925925925926	0.9259259259259259
465	3	0.3333333333333333	0.48148148148148145
465	4	0.3333333333333333	0.48148148148148145
465	5	0.14814814814814814	0.2222222222222222
465	6	0.07407407407407407	0.1111111111111111
465	7	0.07407407407407407	0.1111111111111111
465	8	0.07407407407407407	0.07407407407407407
465	9	0.037037037037037035	0.037037037037037035
465	10	0.037037037037037035	0.037037037037037035
466	1	1.0	4.222222222222222
466	2	0.6296296296296297	1.0
466	3	0.25925925925925924	0.3333333333333333
466	4	0.1111111111111111	0.14814814814814814
466	5	0.037037037037037035	0.07407407407407407
466	6	0.037037037037037035	0.07407407407407407
466	7	0.0	0.0
466	8	0.0	0.0
466	9	0.0	0.0
466	10	0.0	0.0
467	1	1.0	4.074074074074074
467	2	0.4444444444444444	0.8148148148148148
467	3	0.18518518518518517	0.2962962962962963
467	4	0.1111111111111111	0.1111111111111111
467	5	0.037037037037037035	0.037037037037037035
467	6	0.037037037037037035	0.037037037037037035
467	7	0.037037037037037035	0.037037037037037035
467	8	0.037037037037037035	0.037037037037037035
467	9	0.037037037037037035	0.037037037037037035
467	10	0.0	0.0
468	1	1.0	4.296296296296297
468	2	0.5925925925925926	1.1851851851851851
468	3	0.4074074074074074	0.5555555555555556
468	4	0.18518518518518517	0.18518518518518517
468	5	0.1111111111111111	0.1111111111111111
468	6	0.1111111111111111	0.1111111111111111
468	7	0.0	0.0
468	8	0.0	0.0
468	9	0.0	0.0
468	10	0.0	0.0
469	1	1.0	4.7407407407407405
469	2	0.6296296296296297	0.8888888888888888
469	3	0.14814814814814814	0.14814814814814814
469	4	0.07407407407407407	0.07407407407407407
469	5	0.07407407407407407	0.07407407407407407
469	6	0.037037037037037035	0.037037037037037035
469	7	0.037037037037037035	0.037037037037037035
469	8	0.037037037037037035	0.037037037037037035
469	9	0.0	0.0
469	10	0.0	0.0
470	1	1.0	4.555555555555555
470	2	0.5185185185185185	0.7407407407407407
470	3	0.18518518518518517	0.2222222222222222
470	4	0.07407407407407407	0.07407407407407407
470	5	0.037037037037037035	0.037037037037037035
470	6	0.037037037037037035	0.037037037037037035
470	7	0.037037037037037035	0.037037037037037035
470	8	0.037037037037037035	0.037037037037037035
470	9	0.0	0.0
470	10	0.0	0.0
471	1	1.0	5.481481481481482
471	2	0.4444444444444444	0.8518518518518519
471	3	0.3333333333333333	0.48148148148148145
471	4	0.25925925925925924	0.2962962962962963
471	5	0.037037037037037035	0.037037037037037035
471	6	0.037037037037037035	0.037037037037037035
471	7	0.0	0.0
471	8	0.0	0.0
471	9	0.0	0.0
471	10	0.0	0.0
472	1	1.0	5.2592592592592595
472	2	0.4074074074074074	1.0
472	3	0.25925925925925924	0.4074074074074074
472	4	0.2222222222222222	0.3333333333333333
472	5	0.1111111111111111	0.18518518518518517
472	6	0.07407407407407407	0.14814814814814814
472	7	0.07407407407407407	0.1111111111111111
472	8	0.07407407407407407	0.1111111111111111
472	9	0.07407407407407407	0.1111111111111111
472	10	0.037037037037037035	0.07407407407407407
473	1	1.0	4.592592592592593
473	2	0.5555555555555556	0.8518518518518519
473	3	0.18518518518518517	0.25925925925925924
473	4	0.14814814814814814	0.14814814814814814
473	5	0.1111111111111111	0.1111111111111111
473	6	0.07407407407407407	0.07407407407407407
473	7	0.037037037037037035	0.037037037037037035
473	8	0.037037037037037035	0.037037037037037035
473	9	0.0	0.0
473	10	0.0	0.0
474	1	1.0	3.888888888888889
474	2	0.5185185185185185	0.7777777777777778
474	3	0.2222222222222222	0.3333333333333333
474	4	0.2222222222222222	0.2962962962962963
474	5	0.14814814814814814	0.2222222222222222
474	6	0.037037037037037035	0.07407407407407407
474	7	0.037037037037037035	0.07407407407407407
474	8	0.037037037037037035	0.07407407407407407
474	9	0.037037037037037035	0.07407407407407407
474	10	0.037037037037037035	0.037037037037037035
475	1	1.0	4.333333333333333
475	2	0.5555555555555556	0.9259259259259259
475	3	0.2222222222222222	0.37037037037037035
475	4	0.14814814814814814	0.2222222222222222
475	5	0.1111111111111111	0.18518518518518517
475	6	0.07407407407407407	0.07407407407407407
475	7	0.037037037037037035	0.037037037037037035
475	8	0.0	0.0
475	9	0.0	0.0
475	10	0.0	0.0
476	1	1.0	5.222222222222222
476	2	0.48148148148148145	0.8518518518518519
476	3	0.18518518518518517	0.25925925925925924
476	4	0.1111111111111111	0.14814814814814814
476	5	0.07407407407407407	0.07407407407407407
476	6	0.037037037037037035	0.037037037037037035
476	7	0.037037037037037035	0.037037037037037035
476	8	0.0	0.0
476	9	0.0	0.0
476	10	0.0	0.0
477	1	1.0	3.8518518518518516
477	2	0.5555555555555556	0.8518518518518519
477	3	0.25925925925925924	0.25925925925925924
477	4	0.14814814814814814	0.14814814814814814
477	5	0.1111111111111111	0.1111111111111111
477	6	0.1111111111111111	0.1111111111111111
477	7	0.1111111111111111	0.1111111111111111
477	8	0.1111111111111111	0.1111111111111111
477	9	0.07407407407407407	0.07407407407407407
477	10	0.07407407407407407	0.07407407407407407
478	1	1.0	4.481481481481482
478	2	0.6296296296296297	0.9629629629629629
478	3	0.37037037037037035	0.48148148148148145
478	4	0.2962962962962963	0.37037037037037035
478	5	0.2222222222222222	0.25925925925925924
478	6	0.14814814814814814	0.18518518518518517
478	7	0.07407407407407407	0.07407407407407407
478	8	0.0	0.0
478	9	0.0	0.0
478	10	0.0	0.0
479	1	1.0	5.2592592592592595
479	2	0.6296296296296297	1.0
479	3	0.4074074074074074	0.5185185185185185
479	4	0.1111111111111111	0.14814814814814814
479	5	0.0	0.0
479	6	0.0	0.0
479	7	0.0	0.0
479	8	0.0	0.0
479	9	0.0	0.0
479	10	0.0	0.0
480	1	1.0	4.62962962962963
480	2	0.5555555555555556	1.0740740740740742
480	3	0.3333333333333333	0.4444444444444444
480	4	0.25925925925925924	0.2962962962962963
480	5	0.14814814814814814	0.14814814814814814
480	6	0.1111111111111111	0.1111111111111111
480	7	0.07407407407407407	0.07407407407407407
480	8	0.07407407407407407	0.07407407407407407
480	9	0.037037037037037035	0.037037037037037035
480	10	0.0	0.0
481	1	1.0	4.333333333333333
481	2	0.4074074074074074	0.6296296296296297
481	3	0.2222222222222222	0.3333333333333333
481	4	0.18518518518518517	0.18518518518518517
481	5	0.07407407407407407	0.07407407407407407
481	6	0.07407407407407407	0.07407407407407407
481	7	0.07407407407407407	0.07407407407407407
481	8	0.0	0.0
481	9	0.0	0.0
481	10	0.0	0.0
482	1	1.0	4.407407407407407
482	2	0.37037037037037035	0.5925925925925926
482	3	0.2962962962962963	0.37037037037037035
482	4	0.2222222222222222	0.2222222222222222
482	5	0.07407407407407407	0.07407407407407407
482	6	0.037037037037037035	0.037037037037037035
482	7	0.0	0.0
482	8	0.0	0.0
482	9	0.0	0.0
482	10	0.0	0.0
483	1	1.0	4.703703703703703
483	2	0.5185185185185185	0.8888888888888888
483	3	0.14814814814814814	0.2222222222222222
483	4	0.07407407407407407	0.07407407407407407
483	5	0.07407407407407407	0.07407407407407407
483	6	0.07407407407407407	0.07407407407407407
483	7	0.0	0.0
483	8	0.0	0.0
483	9	0.0	0.0
483	10	0.0	0.0
484	1	1.0	4.148148148148148
484	2	0.4074074074074074	0.6666666666666666
484	3	0.14814814814814814	0.14814814814814814
484	4	0.07407407407407407	0.07407407407407407
484	5	0.07407407407407407	0.07407407407407407
484	6	0.0	0.0
484	7	0.0	0.0
484	8	0.0	0.0
484	9	0.0	0.0
484	10	0.0	0.0
485	1	1.0	4.814814814814815
485	2	0.4444444444444444	0.6666666666666666
485	3	0.14814814814814814	0.14814814814814814
485	4	0.1111111111111111	0.1111111111111111
485	5	0.07407407407407407	0.07407407407407407
485	6	0.037037037037037035	0.037037037037037035
485	7	0.037037037037037035	0.037037037037037035
485	8	0.0	0.0
485	9	0.0	0.0
485	10	0.0	0.0
486	1	1.0	4.851851851851852
486	2	0.6666666666666666	0.8148148148148148
486	3	0.4444444444444444	0.5185185185185185
486	4	0.25925925925925924	0.25925925925925924
486	5	0.1111111111111111	0.1111111111111111
486	6	0.07407407407407407	0.07407407407407407
486	7	0.07407407407407407	0.07407407407407407
486	8	0.0	0.0
486	9	0.0	0.0
486	10	0.0	0.0
487	1	1.0	4.407407407407407
487	2	0.5185185185185185	0.7777777777777778
487	3	0.14814814814814814	0.2222222222222222
487	4	0.07407407407407407	0.07407407407407407
487	5	0.037037037037037035	0.037037037037037035
487	6	0.0	0.0
487	7	0.0	0.0
487	8	0.0	0.0
487	9	0.0	0.0
487	10	0.0	0.0
488	1	1.0	5.2592592592592595
488	2	0.5925925925925926	1.0740740740740742
488	3	0.37037037037037035	0.5185185185185185
488	4	0.2962962962962963	0.37037037037037035
488	5	0.18518518518518517	0.2222222222222222
488	6	0.14814814814814814	0.18518518518518517
488	7	0.07407407407407407	0.1111111111111111
488	8	0.037037037037037035	0.037037037037037035
488	9	0.037037037037037035	0.037037037037037035
488	10	0.037037037037037035	0.037037037037037035
489	1	1.0	5.518518518518518
489	2	0.48148148148148145	0.8888888888888888
489	3	0.25925925925925924	0.3333333333333333
489	4	0.14814814814814814	0.14814814814814814
489	5	0.07407407407407407	0.07407407407407407
489	6	0.037037037037037035	0.037037037037037035
489	7	0.0	0.0
489	8	0.0	0.0
489	9	0.0	0.0
489	10	0.0	0.0
490	1	1.0	4.703703703703703
490	2	0.5925925925925926	1.037037037037037
490	3	0.2962962962962963	0.4074074074074074
490	4	0.14814814814814814	0.18518518518518517
490	5	0.1111111111111111	0.14814814814814814
490	6	0.07407407407407407	0.07407407407407407
490	7	0.037037037037037035	0.037037037037037035
490	8	0.037037037037037035	0.037037037037037035
490	9	0.037037037037037035	0.037037037037037035
490	10	0.037037037037037035	0.037037037037037035
491	1	1.0	3.8518518518518516
491	2	0.5555555555555556	0.7407407407407407
491	3	0.2222222222222222	0.25925925925925924
491	4	0.18518518518518517	0.2222222222222222
491	5	0.037037037037037035	0.037037037037037035
491	6	0.037037037037037035	0.037037037037037035
491	7	0.0	0.0
491	8	0.0	0.0
491	9	0.0	0.0
491	10	0.0	0.0
492	1	1.0	4.444444444444445
492	2	0.48148148148148145	0.9259259259259259
492	3	0.18518518518518517	0.2222222222222222
492	4	0.07407407407407407	0.07407407407407407
492	5	0.037037037037037035	0.037037037037037035
492	6	0.037037037037037035	0.037037037037037035
492	7	0.037037037037037035	0.037037037037037035
492	8	0.037037037037037035	0.037037037037037035
492	9	0.0	0.0
492	10	0.0	0.0
493	1	1.0	4.37037037037037
493	2	0.5185185185185185	0.9259259259259259
493	3	0.4074074074074074	0.5185185185185185
493	4	0.2962962962962963	0.3333333333333333
493	5	0.07407407407407407	0.07407407407407407
493	6	0.07407407407407407	0.07407407407407407
493	7	0.07407407407407407	0.07407407407407407
493	8	0.0	0.0
493	9	0.0	0.0
493	10	0.0	0.0
494	1	1.0	4.851851851851852
494	2	0.4074074074074074	0.5925925925925926
494	3	0.2222222222222222	0.2962962962962963
494	4	0.037037037037037035	0.07407407407407407
494	5	0.037037037037037035	0.07407407407407407
494	6	0.037037037037037035	0.07407407407407407
494	7	0.037037037037037035	0.037037037037037035
494	8	0.0	0.0
494	9	0.0	0.0
494	10	0.0	0.0
495	1	1.0	5.0
495	2	0.5185185185185185	1.0
495	3	0.2962962962962963	0.4074074074074074
495	4	0.18518518518518517	0.2222222222222222
495	5	0.14814814814814814	0.18518518518518517
495	6	0.14814814814814814	0.18518518518518517
495	7	0.07407407407407407	0.07407407407407407
495	8	0.07407407407407407	0.07407407407407407
495	9	0.07407407407407407	0.07407407407407407
495	10	0.07407407407407407	0.07407407407407407
496	1	1.0	4.2592592592592595
496	2	0.5185185185185185	0.7777777777777778
496	3	0.14814814814814814	0.18518518518518517
496	4	0.1111111111111111	0.14814814814814814
496	5	0.037037037037037035	0.037037037037037035
496	6	0.0	0.0
496	7	0.0	0.0
496	8	0.0	0.0
496	9	0.0	0.0
496	10	0.0	0.0
497	1	1.0	4.2592592592592595
497	2	0.48148148148148145	0.8148148148148148
497	3	0.37037037037037035	0.5555555555555556
497	4	0.25925925925925924	0.2962962962962963
497	5	0.2222222222222222	0.25925925925925924
497	6	0.07407407407407407	0.07407407407407407
497	7	0.0	0.0
497	8	0.0	0.0
497	9	0.0	0.0
497	10	0.0	0.0
498	1	1.0	4.037037037037037
498	2	0.48148148148148145	0.5925925925925926
498	3	0.25925925925925924	0.2962962962962963
498	4	0.14814814814814814	0.14814814814814814
498	5	0.07407407407407407	0.07407407407407407
498	6	0.07407407407407407	0.07407407407407407
498	7	0.07407407407407407	0.07407407407407407
498	8	0.037037037037037035	0.037037037037037035
498	9	0.037037037037037035	0.037037037037037035
498	10	0.0	0.0
499	1	1.0	4.888888888888889
499	2	0.48148148148148145	0.8518518518518519
499	3	0.3333333333333333	0.48148148148148145
499	4	0.25925925925925924	0.37037037037037035
499	5	0.07407407407407407	0.1111111111111111
499	6	0.07407407407407407	0.1111111111111111
499	7	0.07407407407407407	0.1111111111111111
499	8	0.07407407407407407	0.07407407407407407
499	9	0.07407407407407407	0.07407407407407407
499	10	0.07407407407407407	0.07407407407407407
500	1	1.0	4.2592592592592595
500	2	0.5555555555555556	0.8518518518518519
500	3	0.4074074074074074	0.4444444444444444
500	4	0.18518518518518517	0.18518518518518517
500	5	0.037037037037037035	0.037037037037037035
500	6	0.037037037037037035	0.037037037037037035
500	7	0.037037037037037035	0.037037037037037035
500	8	0.0	0.0
500	9	0.0	0.0
500	10	0.0	0.0
501	1	1.0	4.592592592592593
501	2	0.6666666666666666	1.0740740740740742
501	3	0.18518518518518517	0.18518518518518517
501	4	0.07407407407407407	0.07407407407407407
501	5	0.037037037037037035	0.037037037037037035
501	6	0.037037037037037035	0.037037037037037035
501	7	0.037037037037037035	0.037037037037037035
501	8	0.0	0.0
501	9	0.0	0.0
501	10	0.0	0.0
502	1	1.0	4.296296296296297
502	2	0.4444444444444444	0.7777777777777778
502	3	0.2222222222222222	0.2962962962962963
502	4	0.037037037037037035	0.07407407407407407
502	5	0.037037037037037035	0.07407407407407407
502	6	0.037037037037037035	0.07407407407407407
502	7	0.0	0.0
502	8	0.0	0.0
502	9	0.0	0.0
502	10	0.0	0.0
503	1	1.0	4.666666666666667
503	2	0.5555555555555556	1.1851851851851851
503	3	0.2962962962962963	0.5555555555555556
503	4	0.18518518518518517	0.18518518518518517
503	5	0.1111111111111111	0.1111111111111111
503	6	0.07407407407407407	0.07407407407407407
503	7	0.07407407407407407	0.07407407407407407
503	8	0.07407407407407407	0.07407407407407407
503	9	0.07407407407407407	0.07407407407407407
503	10	0.07407407407407407	0.07407407407407407
504	1	1.0	4.111111111111111
504	2	0.5555555555555556	0.8518518518518519
504	3	0.2222222222222222	0.2962962962962963
504	4	0.18518518518518517	0.2222222222222222
504	5	0.1111111111111111	0.1111111111111111
504	6	0.07407407407407407	0.07407407407407407
504	7	0.07407407407407407	0.07407407407407407
504	8	0.07407407407407407	0.07407407407407407
504	9	0.037037037037037035	0.037037037037037035
504	10	0.037037037037037035	0.037037037037037035
505	1	1.0	4.074074074074074
505	2	0.5925925925925926	1.0
505	3	0.37037037037037035	0.4444444444444444
505	4	0.2222222222222222	0.2222222222222222
505	5	0.1111111111111111	0.1111111111111111
505	6	0.07407407407407407	0.07407407407407407
505	7	0.07407407407407407	0.07407407407407407
505	8	0.07407407407407407	0.07407407407407407
505	9	0.037037037037037035	0.037037037037037035
505	10	0.037037037037037035	0.037037037037037035
506	1	1.0	4.703703703703703
506	2	0.5555555555555556	0.8888888888888888
506	3	0.2222222222222222	0.4444444444444444
506	4	0.14814814814814814	0.2222222222222222
506	5	0.14814814814814814	0.18518518518518517
506	6	0.14814814814814814	0.14814814814814814
506	7	0.1111111111111111	0.1111111111111111
506	8	0.1111111111111111	0.1111111111111111
506	9	0.1111111111111111	0.1111111111111111
506	10	0.07407407407407407	0.07407407407407407
507	1	1.0	4.925925925925926
507	2	0.7037037037037037	1.037037037037037
507	3	0.25925925925925924	0.37037037037037035
507	4	0.14814814814814814	0.25925925925925924
507	5	0.037037037037037035	0.07407407407407407
507	6	0.037037037037037035	0.07407407407407407
507	7	0.037037037037037035	0.037037037037037035
507	8	0.0	0.0
507	9	0.0	0.0
507	10	0.0	0.0
508	1	1.0	4.777777777777778
508	2	0.5185185185185185	0.8148148148148148
508	3	0.25925925925925924	0.2962962962962963
508	4	0.07407407407407407	0.07407407407407407
508	5	0.07407407407407407	0.07407407407407407
508	6	0.07407407407407407	0.07407407407407407
508	7	0.037037037037037035	0.037037037037037035
508	8	0.037037037037037035	0.037037037037037035
508	9	0.0	0.0
508	10	0.0	0.0
509	1	1.0	4.444444444444445
509	2	0.4444444444444444	0.6296296296296297
509	3	0.25925925925925924	0.2962962962962963
509	4	0.18518518518518517	0.2222222222222222
509	5	0.18518518518518517	0.2222222222222222
509	6	0.14814814814814814	0.18518518518518517
509	7	0.07407407407407407	0.1111111111111111
509	8	0.07407407407407407	0.1111111111111111
509	9	0.037037037037037035	0.037037037037037035
509	10	0.0	0.0
510	1	1.0	4.333333333333333
510	2	0.4444444444444444	0.8148148148148148
510	3	0.18518518518518517	0.2962962962962963
510	4	0.1111111111111111	0.1111111111111111
510	5	0.07407407407407407	0.07407407407407407
510	6	0.07407407407407407	0.07407407407407407
510	7	0.07407407407407407	0.07407407407407407
510	8	0.07407407407407407	0.07407407407407407
510	9	0.07407407407407407	0.07407407407407407
510	10	0.07407407407407407	0.07407407407407407
511	1	1.0	4.333333333333333
511	2	0.6296296296296297	1.1481481481481481
511	3	0.2962962962962963	0.37037037037037035
511	4	0.18518518518518517	0.25925925925925924
511	5	0.07407407407407407	0.1111111111111111
511	6	0.07407407407407407	0.07407407407407407
511	7	0.0	0.0
511	8	0.0	0.0
511	9	0.0	0.0
511	10	0.0	0.0
512	1	1.0	4.518518518518518
512	2	0.6296296296296297	1.037037037037037
512	3	0.4444444444444444	0.6296296296296297
512	4	0.2962962962962963	0.37037037037037035
512	5	0.25925925925925924	0.25925925925925924
512	6	0.14814814814814814	0.14814814814814814
512	7	0.1111111111111111	0.1111111111111111
512	8	0.07407407407407407	0.07407407407407407
512	9	0.037037037037037035	0.037037037037037035
512	10	0.0	0.0
513	1	1.0	4.037037037037037
513	2	0.4074074074074074	0.7037037037037037
513	3	0.2222222222222222	0.3333333333333333
513	4	0.07407407407407407	0.1111111111111111
513	5	0.037037037037037035	0.037037037037037035
513	6	0.037037037037037035	0.037037037037037035
513	7	0.037037037037037035	0.037037037037037035
513	8	0.037037037037037035	0.037037037037037035
513	9	0.0	0.0
513	10	0.0	0.0
514	1	1.0	4.148148148148148
514	2	0.48148148148148145	0.7037037037037037
514	3	0.2962962962962963	0.4074074074074074
514	4	0.25925925925925924	0.25925925925925924
514	5	0.2222222222222222	0.2222222222222222
514	6	0.18518518518518517	0.18518518518518517
514	7	0.18518518518518517	0.18518518518518517
514	8	0.14814814814814814	0.14814814814814814
514	9	0.037037037037037035	0.037037037037037035
514	10	0.037037037037037035	0.037037037037037035
515	1	1.0	4.666666666666667
515	2	0.5555555555555556	0.8518518518518519
515	3	0.3333333333333333	0.48148148148148145
515	4	0.14814814814814814	0.2222222222222222
515	5	0.14814814814814814	0.18518518518518517
515	6	0.037037037037037035	0.037037037037037035
515	7	0.0	0.0
515	8	0.0	0.0
515	9	0.0	0.0
515	10	0.0	0.0
516	1	1.0	3.888888888888889
516	2	0.48148148148148145	0.7407407407407407
516	3	0.2962962962962963	0.4074074074074074
516	4	0.14814814814814814	0.18518518518518517
516	5	0.1111111111111111	0.14814814814814814
516	6	0.07407407407407407	0.07407407407407407
516	7	0.07407407407407407	0.07407407407407407
516	8	0.037037037037037035	0.037037037037037035
516	9	0.037037037037037035	0.037037037037037035
516	10	0.037037037037037035	0.037037037037037035
517	1	1.0	4.7407407407407405
517	2	0.5555555555555556	1.037037037037037
517	3	0.18518518518518517	0.2962962962962963
517	4	0.1111111111111111	0.1111111111111111
517	5	0.1111111111111111	0.1111111111111111
517	6	0.07407407407407407	0.07407407407407407
517	7	0.07407407407407407	0.07407407407407407
517	8	0.037037037037037035	0.037037037037037035
517	9	0.037037037037037035	0.037037037037037035
517	10	0.037037037037037035	0.037037037037037035
518	1	1.0	4.444444444444445
518	2	0.5555555555555556	0.9259259259259259
518	3	0.2222222222222222	0.3333333333333333
518	4	0.14814814814814814	0.2222222222222222
518	5	0.14814814814814814	0.14814814814814814
518	6	0.037037037037037035	0.037037037037037035
518	7	0.0	0.0
518	8	0.0	0.0
518	9	0.0	0.0
518	10	0.0	0.0
519	1	1.0	4.481481481481482
519	2	0.48148148148148145	0.9629629629629629
519	3	0.4444444444444444	0.7037037037037037
519	4	0.2962962962962963	0.2962962962962963
519	5	0.1111111111111111	0.1111111111111111
519	6	0.037037037037037035	0.037037037037037035
519	7	0.037037037037037035	0.037037037037037035
519	8	0.037037037037037035	0.037037037037037035
519	9	0.037037037037037035	0.037037037037037035
519	10	0.037037037037037035	0.037037037037037035
520	1	1.0	4.481481481481482
520	2	0.7037037037037037	1.3333333333333333
520	3	0.5185185185185185	0.8518518518518519
520	4	0.3333333333333333	0.37037037037037035
520	5	0.25925925925925924	0.25925925925925924
520	6	0.14814814814814814	0.14814814814814814
520	7	0.07407407407407407	0.07407407407407407
520	8	0.07407407407407407	0.07407407407407407
520	9	0.037037037037037035	0.037037037037037035
520	10	0.0	0.0
521	1	1.0	5.296296296296297
521	2	0.5555555555555556	1.1481481481481481
521	3	0.3333333333333333	0.48148148148148145
521	4	0.14814814814814814	0.2222222222222222
521	5	0.07407407407407407	0.1111111111111111
521	6	0.07407407407407407	0.07407407407407407
521	7	0.037037037037037035	0.037037037037037035
521	8	0.037037037037037035	0.037037037037037035
521	9	0.037037037037037035	0.037037037037037035
521	10	0.037037037037037035	0.037037037037037035
522	1	1.0	4.592592592592593
522	2	0.6296296296296297	1.3333333333333333
522	3	0.4444444444444444	0.6296296296296297
522	4	0.14814814814814814	0.14814814814814814
522	5	0.1111111111111111	0.1111111111111111
522	6	0.07407407407407407	0.07407407407407407
522	7	0.07407407407407407	0.07407407407407407
522	8	0.07407407407407407	0.07407407407407407
522	9	0.07407407407407407	0.07407407407407407
522	10	0.07407407407407407	0.07407407407407407
523	1	1.0	4.592592592592593
523	2	0.4444444444444444	0.7037037037037037
523	3	0.2222222222222222	0.2962962962962963
523	4	0.1111111111111111	0.14814814814814814
523	5	0.0	0.0
523	6	0.0	0.0
523	7	0.0	0.0
523	8	0.0	0.0
523	9	0.0	0.0
523	10	0.0	0.0
524	1	1.0	3.8518518518518516
524	2	0.4444444444444444	0.7407407407407407
524	3	0.3333333333333333	0.37037037037037035
524	4	0.18518518518518517	0.18518518518518517
524	5	0.14814814814814814	0.14814814814814814
524	6	0.07407407407407407	0.07407407407407407
524	7	0.037037037037037035	0.037037037037037035
524	8	0.0	0.0
524	9	0.0	0.0
524	10	0.0	0.0
525	1	1.0	4.074074074074074
525	2	0.5555555555555556	0.9629629629629629
525	3	0.4074074074074074	0.5555555555555556
525	4	0.25925925925925924	0.37037037037037035
525	5	0.14814814814814814	0.18518518518518517
525	6	0.07407407407407407	0.07407407407407407
525	7	0.07407407407407407	0.07407407407407407
525	8	0.037037037037037035	0.037037037037037035
525	9	0.037037037037037035	0.037037037037037035
525	10	0.037037037037037035	0.037037037037037035
526	1	1.0	5.074074074074074
526	2	0.5185185185185185	0.6666666666666666
526	3	0.14814814814814814	0.18518518518518517
526	4	0.1111111111111111	0.1111111111111111
526	5	0.07407407407407407	0.07407407407407407
526	6	0.037037037037037035	0.037037037037037035
526	7	0.0	0.0
526	8	0.0	0.0
526	9	0.0	0.0
526	10	0.0	0.0
527	1	1.0	4.592592592592593
527	2	0.37037037037037035	0.6296296296296297
527	3	0.2222222222222222	0.3333333333333333
527	4	0.1111111111111111	0.18518518518518517
527	5	0.07407407407407407	0.1111111111111111
527	6	0.07407407407407407	0.07407407407407407
527	7	0.0	0.0
527	8	0.0	0.0
527	9	0.0	0.0
527	10	0.0	0.0
528	1	1.0	4.185185185185185
528	2	0.6296296296296297	0.8888888888888888
528	3	0.2962962962962963	0.4074074074074074
528	4	0.18518518518518517	0.18518518518518517
528	5	0.14814814814814814	0.14814814814814814
528	6	0.07407407407407407	0.07407407407407407
528	7	0.037037037037037035	0.037037037037037035
528	8	0.037037037037037035	0.037037037037037035
528	9	0.037037037037037035	0.037037037037037035
528	10	0.0	0.0
529	1	1.0	4.222222222222222
529	2	0.37037037037037035	0.48148148148148145
529	3	0.18518518518518517	0.2222222222222222
529	4	0.1111111111111111	0.14814814814814814
529	5	0.037037037037037035	0.037037037037037035
529	6	0.037037037037037035	0.037037037037037035
529	7	0.037037037037037035	0.037037037037037035
529	8	0.037037037037037035	0.037037037037037035
529	9	0.037037037037037035	0.037037037037037035
529	10	0.0	0.0
530	1	1.0	4.555555555555555
530	2	0.5185185185185185	0.8888888888888888
530	3	0.25925925925925924	0.37037037037037035
530	4	0.2222222222222222	0.2222222222222222
530	5	0.14814814814814814	0.14814814814814814
530	6	0.14814814814814814	0.14814814814814814
530	7	0.1111111111111111	0.1111111111111111
530	8	0.1111111111111111	0.1111111111111111
530	9	0.1111111111111111	0.1111111111111111
530	10	0.1111111111111111	0.1111111111111111
531	1	1.0	5.888888888888889
531	2	0.7037037037037037	1.1481481481481481
531	3	0.37037037037037035	0.5925925925925926
531	4	0.2222222222222222	0.25925925925925924
531	5	0.07407407407407407	0.1111111111111111
531	6	0.07407407407407407	0.1111111111111111
531	7	0.037037037037037035	0.037037037037037035
531	8	0.037037037037037035	0.037037037037037035
531	9	0.0	0.0
531	10	0.0	0.0
532	1	1.0	4.518518518518518
532	2	0.3333333333333333	0.7037037037037037
532	3	0.18518518518518517	0.2222222222222222
532	4	0.07407407407407407	0.07407407407407407
532	5	0.037037037037037035	0.037037037037037035
532	6	0.037037037037037035	0.037037037037037035
532	7	0.037037037037037035	0.037037037037037035
532	8	0.037037037037037035	0.037037037037037035
532	9	0.037037037037037035	0.037037037037037035
532	10	0.037037037037037035	0.037037037037037035
533	1	1.0	4.7407407407407405
533	2	0.5555555555555556	1.0
533	3	0.25925925925925924	0.3333333333333333
533	4	0.18518518518518517	0.18518518518518517
533	5	0.1111111111111111	0.1111111111111111
533	6	0.07407407407407407	0.07407407407407407
533	7	0.07407407407407407	0.07407407407407407
533	8	0.07407407407407407	0.07407407407407407
533	9	0.07407407407407407	0.07407407407407407
533	10	0.0	0.0
534	1	1.0	4.222222222222222
534	2	0.5555555555555556	0.8888888888888888
534	3	0.25925925925925924	0.3333333333333333
534	4	0.18518518518518517	0.18518518518518517
534	5	0.07407407407407407	0.07407407407407407
534	6	0.07407407407407407	0.07407407407407407
534	7	0.07407407407407407	0.07407407407407407
534	8	0.037037037037037035	0.037037037037037035
534	9	0.0	0.0
534	10	0.0	0.0
535	1	1.0	4.37037037037037
535	2	0.3333333333333333	0.4444444444444444
535	3	0.07407407407407407	0.07407407407407407
535	4	0.037037037037037035	0.037037037037037035
535	5	0.0	0.0
535	6	0.0	0.0
535	7	0.0	0.0
535	8	0.0	0.0
535	9	0.0	0.0
535	10	0.0	0.0
536	1	1.0	5.555555555555555
536	2	0.48148148148148145	0.6666666666666666
536	3	0.2222222222222222	0.2962962962962963
536	4	0.1111111111111111	0.14814814814814814
536	5	0.07407407407407407	0.07407407407407407
536	6	0.037037037037037035	0.037037037037037035
536	7	0.037037037037037035	0.037037037037037035
536	8	0.0	0.0
536	9	0.0	0.0
536	10	0.0	0.0
537	1	1.0	5.2592592592592595
537	2	0.5925925925925926	0.8518518518518519
537	3	0.2962962962962963	0.3333333333333333
537	4	0.14814814814814814	0.18518518518518517
537	5	0.07407407407407407	0.07407407407407407
537	6	0.037037037037037035	0.037037037037037035
537	7	0.037037037037037035	0.037037037037037035
537	8	0.037037037037037035	0.037037037037037035
537	9	0.0	0.0
537	10	0.0	0.0
538	1	1.0	4.2592592592592595
538	2	0.5185185185185185	0.8148148148148148
538	3	0.2962962962962963	0.4074074074074074
538	4	0.18518518518518517	0.2962962962962963
538	5	0.07407407407407407	0.14814814814814814
538	6	0.07407407407407407	0.14814814814814814
538	7	0.037037037037037035	0.07407407407407407
538	8	0.037037037037037035	0.037037037037037035
538	9	0.037037037037037035	0.037037037037037035
538	10	0.037037037037037035	0.037037037037037035
539	1	1.0	4.814814814814815
539	2	0.5185185185185185	0.7407407407407407
539	3	0.18518518518518517	0.25925925925925924
539	4	0.07407407407407407	0.1111111111111111
539	5	0.037037037037037035	0.037037037037037035
539	6	0.037037037037037035	0.037037037037037035
539	7	0.037037037037037035	0.037037037037037035
539	8	0.037037037037037035	0.037037037037037035
539	9	0.037037037037037035	0.037037037037037035
539	10	0.0	0.0
540	1	1.0	5.074074074074074
540	2	0.5185185185185185	0.8148148148148148
540	3	0.2222222222222222	0.37037037037037035
540	4	0.18518518518518517	0.25925925925925924
540	5	0.07407407407407407	0.07407407407407407
540	6	0.07407407407407407	0.07407407407407407
540	7	0.037037037037037035	0.037037037037037035
540	8	0.037037037037037035	0.037037037037037035
540	9	0.0	0.0
540	10	0.0	0.0
541	1	1.0	4.111111111111111
541	2	0.6666666666666666	0.7407407407407407
541	3	0.2962962962962963	0.2962962962962963
541	4	0.1111111111111111	0.1111111111111111
541	5	0.07407407407407407	0.07407407407407407
541	6	0.07407407407407407	0.07407407407407407
541	7	0.037037037037037035	0.037037037037037035
541	8	0.0	0.0
541	9	0.0	0.0
541	10	0.0	0.0
542	1	1.0	4.592592592592593
542	2	0.48148148148148145	0.7407407407407407
542	3	0.2962962962962963	0.2962962962962963
542	4	0.1111111111111111	0.1111111111111111
542	5	0.1111111111111111	0.1111111111111111
542	6	0.037037037037037035	0.037037037037037035
542	7	0.037037037037037035	0.037037037037037035
542	8	0.0	0.0
542	9	0.0	0.0
542	10	0.0	0.0
543	1	1.0	4.7407407407407405
543	2	0.5185185185185185	1.1111111111111112
543	3	0.3333333333333333	0.4074074074074074
543	4	0.18518518518518517	0.2222222222222222
543	5	0.07407407407407407	0.1111111111111111
543	6	0.07407407407407407	0.1111111111111111
543	7	0.037037037037037035	0.037037037037037035
543	8	0.0	0.0
543	9	0.0	0.0
543	10	0.0	0.0
544	1	1.0	4.555555555555555
544	2	0.5185185185185185	0.8888888888888888
544	3	0.2962962962962963	0.4074074074074074
544	4	0.2222222222222222	0.25925925925925924
544	5	0.1111111111111111	0.1111111111111111
544	6	0.07407407407407407	0.07407407407407407
544	7	0.0	0.0
544	8	0.0	0.0
544	9	0.0	0.0
544	10	0.0	0.0
545	1	1.0	3.5925925925925926
545	2	0.5185185185185185	0.8518518518518519
545	3	0.25925925925925924	0.37037037037037035
545	4	0.18518518518518517	0.2222222222222222
545	5	0.1111111111111111	0.14814814814814814
545	6	0.07407407407407407	0.1111111111111111
545	7	0.037037037037037035	0.037037037037037035
545	8	0.037037037037037035	0.037037037037037035
545	9	0.0	0.0
545	10	0.0	0.0
546	1	1.0	4.62962962962963
546	2	0.48148148148148145	0.8518518518518519
546	3	0.2962962962962963	0.48148148148148145
546	4	0.18518518518518517	0.18518518518518517
546	5	0.07407407407407407	0.07407407407407407
546	6	0.07407407407407407	0.07407407407407407
546	7	0.07407407407407407	0.07407407407407407
546	8	0.07407407407407407	0.07407407407407407
546	9	0.07407407407407407	0.07407407407407407
546	10	0.037037037037037035	0.037037037037037035
547	1	1.0	5.37037037037037
547	2	0.4444444444444444	0.8888888888888888
547	3	0.2962962962962963	0.3333333333333333
547	4	0.14814814814814814	0.14814814814814814
547	5	0.1111111111111111	0.1111111111111111
547	6	0.07407407407407407	0.07407407407407407
547	7	0.037037037037037035	0.037037037037037035
547	8	0.0	0.0
547	9	0.0	0.0
547	10	0.0	0.0
548	1	1.0	4.62962962962963
548	2	0.48148148148148145	0.7407407407407407
548	3	0.25925925925925924	0.37037037037037035
548	4	0.14814814814814814	0.18518518518518517
548	5	0.037037037037037035	0.037037037037037035
548	6	0.037037037037037035	0.037037037037037035
548	7	0.037037037037037035	0.037037037037037035
548	8	0.037037037037037035	0.037037037037037035
548	9	0.037037037037037035	0.037037037037037035
548	10	0.037037037037037035	0.037037037037037035
549	1	1.0	3.962962962962963
549	2	0.5555555555555556	0.8148148148148148
549	3	0.3333333333333333	0.4444444444444444
549	4	0.18518518518518517	0.2222222222222222
549	5	0.1111111111111111	0.14814814814814814
549	6	0.037037037037037035	0.07407407407407407
549	7	0.037037037037037035	0.07407407407407407
549	8	0.037037037037037035	0.037037037037037035
549	9	0.0	0.0
549	10	0.0	0.0
550	1	1.0	4.333333333333333
550	2	0.48148148148148145	0.8518518518518519
550	3	0.2222222222222222	0.2222222222222222
550	4	0.18518518518518517	0.18518518518518517
550	5	0.037037037037037035	0.037037037037037035
550	6	0.0	0.0
550	7	0.0	0.0
550	8	0.0	0.0
550	9	0.0	0.0
550	10	0.0	0.0
551	1	1.0	3.925925925925926
551	2	0.5185185185185185	0.8148148148148148
551	3	0.2222222222222222	0.2222222222222222
551	4	0.14814814814814814	0.14814814814814814
551	5	0.07407407407407407	0.07407407407407407
551	6	0.0	0.0
551	7	0.0	0.0
551	8	0.0	0.0
551	9	0.0	0.0
551	10	0.0	0.0
552	1	1.0	4.481481481481482
552	2	0.4074074074074074	0.6296296296296297
552	3	0.25925925925925924	0.2962962962962963
552	4	0.1111111111111111	0.14814814814814814
552	5	0.07407407407407407	0.07407407407407407
552	6	0.037037037037037035	0.037037037037037035
552	7	0.0	0.0
552	8	0.0	0.0
552	9	0.0	0.0
552	10	0.0	0.0
553	1	1.0	4.925925925925926
553	2	0.6666666666666666	1.0740740740740742
553	3	0.4444444444444444	0.5555555555555556
553	4	0.14814814814814814	0.18518518518518517
553	5	0.07407407407407407	0.1111111111111111
553	6	0.037037037037037035	0.07407407407407407
553	7	0.037037037037037035	0.037037037037037035
553	8	0.037037037037037035	0.037037037037037035
553	9	0.0	0.0
553	10	0.0	0.0
554	1	1.0	4.222222222222222
554	2	0.4074074074074074	0.5925925925925926
554	3	0.25925925925925924	0.37037037037037035
554	4	0.037037037037037035	0.07407407407407407
554	5	0.0	0.0
554	6	0.0	0.0
554	7	0.0	0.0
554	8	0.0	0.0
554	9	0.0	0.0
554	10	0.0	0.0
555	1	1.0	3.925925925925926
555	2	0.5555555555555556	0.7407407407407407
555	3	0.1111111111111111	0.14814814814814814
555	4	0.1111111111111111	0.14814814814814814
555	5	0.07407407407407407	0.07407407407407407
555	6	0.07407407407407407	0.07407407407407407
555	7	0.07407407407407407	0.07407407407407407
555	8	0.037037037037037035	0.037037037037037035
555	9	0.037037037037037035	0.037037037037037035
555	10	0.037037037037037035	0.037037037037037035
556	1	1.0	4.407407407407407
556	2	0.5185185185185185	0.8888888888888888
556	3	0.25925925925925924	0.2962962962962963
556	4	0.1111111111111111	0.14814814814814814
556	5	0.1111111111111111	0.1111111111111111
556	6	0.037037037037037035	0.037037037037037035
556	7	0.0	0.0
556	8	0.0	0.0
556	9	0.0	0.0
556	10	0.0	0.0
557	1	1.0	4.851851851851852
557	2	0.5555555555555556	1.0
557	3	0.3333333333333333	0.4444444444444444
557	4	0.2222222222222222	0.2222222222222222
557	5	0.1111111111111111	0.1111111111111111
557	6	0.037037037037037035	0.037037037037037035
557	7	0.0	0.0
557	8	0.0	0.0
557	9	0.0	0.0
557	10	0.0	0.0
558	1	1.0	4.185185185185185
558	2	0.7037037037037037	1.2222222222222223
558	3	0.37037037037037035	0.5185185185185185
558	4	0.3333333333333333	0.37037037037037035
558	5	0.14814814814814814	0.18518518518518517
558	6	0.07407407407407407	0.1111111111111111
558	7	0.037037037037037035	0.07407407407407407
558	8	0.037037037037037035	0.037037037037037035
558	9	0.037037037037037035	0.037037037037037035
558	10	0.0	0.0
559	1	1.0	4.0
559	2	0.5185185185185185	1.037037037037037
559	3	0.37037037037037035	0.48148148148148145
559	4	0.2222222222222222	0.25925925925925924
559	5	0.18518518518518517	0.2222222222222222
559	6	0.1111111111111111	0.14814814814814814
559	7	0.07407407407407407	0.1111111111111111
559	8	0.037037037037037035	0.037037037037037035
559	9	0.037037037037037035	0.037037037037037035
559	10	0.037037037037037035	0.037037037037037035
560	1	1.0	4.037037037037037
560	2	0.2962962962962963	0.48148148148148145
560	3	0.18518518518518517	0.2222222222222222
560	4	0.18518518518518517	0.2222222222222222
560	5	0.14814814814814814	0.14814814814814814
560	6	0.1111111111111111	0.1111111111111111
560	7	0.07407407407407407	0.07407407407407407
560	8	0.07407407407407407	0.07407407407407407
560	9	0.037037037037037035	0.037037037037037035
560	10	0.0	0.0
561	1	1.0	4.074074074074074
561	2	0.5555555555555556	0.8888888888888888
561	3	0.25925925925925924	0.4444444444444444
561	4	0.18518518518518517	0.2962962962962963
561	5	0.14814814814814814	0.25925925925925924
561	6	0.1111111111111111	0.18518518518518517
561	7	0.1111111111111111	0.14814814814814814
561	8	0.07407407407407407	0.1111111111111111
561	9	0.07407407407407407	0.07407407407407407
561	10	0.07407407407407407	0.07407407407407407
562	1	1.0	4.407407407407407
562	2	0.37037037037037035	0.7777777777777778
562	3	0.2222222222222222	0.3333333333333333
562	4	0.07407407407407407	0.07407407407407407
562	5	0.07407407407407407	0.07407407407407407
562	6	0.0	0.0
562	7	0.0	0.0
562	8	0.0	0.0
562	9	0.0	0.0
562	10	0.0	0.0
563	1	1.0	4.962962962962963
563	2	0.4074074074074074	0.7037037037037037
563	3	0.18518518518518517	0.25925925925925924
563	4	0.18518518518518517	0.2222222222222222
563	5	0.1111111111111111	0.14814814814814814
563	6	0.037037037037037035	0.037037037037037035
563	7	0.037037037037037035	0.037037037037037035
563	8	0.0	0.0
563	9	0.0	0.0
563	10	0.0	0.0
564	1	1.0	4.444444444444445
564	2	0.4074074074074074	0.6296296296296297
564	3	0.1111111111111111	0.18518518518518517
564	4	0.037037037037037035	0.1111111111111111
564	5	0.037037037037037035	0.037037037037037035
564	6	0.037037037037037035	0.037037037037037035
564	7	0.037037037037037035	0.037037037037037035
564	8	0.037037037037037035	0.037037037037037035
564	9	0.037037037037037035	0.037037037037037035
564	10	0.037037037037037035	0.037037037037037035
565	1	1.0	4.703703703703703
565	2	0.7407407407407407	1.2962962962962963
565	3	0.25925925925925924	0.48148148148148145
565	4	0.18518518518518517	0.25925925925925924
565	5	0.14814814814814814	0.18518518518518517
565	6	0.1111111111111111	0.14814814814814814
565	7	0.037037037037037035	0.037037037037037035
565	8	0.037037037037037035	0.037037037037037035
565	9	0.037037037037037035	0.037037037037037035
565	10	0.0	0.0
566	1	1.0	3.925925925925926
566	2	0.5555555555555556	0.8888888888888888
566	3	0.3333333333333333	0.4444444444444444
566	4	0.18518518518518517	0.2222222222222222
566	5	0.07407407407407407	0.07407407407407407
566	6	0.0	0.0
566	7	0.0	0.0
566	8	0.0	0.0
566	9	0.0	0.0
566	10	0.0	0.0
567	1	1.0	4.481481481481482
567	2	0.5925925925925926	1.0
567	3	0.37037037037037035	0.4444444444444444
567	4	0.2222222222222222	0.25925925925925924
567	5	0.14814814814814814	0.14814814814814814
567	6	0.1111111111111111	0.1111111111111111
567	7	0.037037037037037035	0.037037037037037035
567	8	0.037037037037037035	0.037037037037037035
567	9	0.0	0.0
567	10	0.0	0.0
568	1	1.0	4.666666666666667
568	2	0.5185185185185185	0.8148148148148148
568	3	0.2962962962962963	0.3333333333333333
568	4	0.2962962962962963	0.2962962962962963
568	5	0.2222222222222222	0.2222222222222222
568	6	0.14814814814814814	0.14814814814814814
568	7	0.07407407407407407	0.07407407407407407
568	8	0.037037037037037035	0.037037037037037035
568	9	0.037037037037037035	0.037037037037037035
568	10	0.037037037037037035	0.037037037037037035
569	1	1.0	3.888888888888889
569	2	0.48148148148148145	0.7407407407407407
569	3	0.25925925925925924	0.4074074074074074
569	4	0.1111111111111111	0.14814814814814814
569	5	0.037037037037037035	0.037037037037037035
569	6	0.0	0.0
569	7	0.0	0.0
569	8	0.0	0.0
569	9	0.0	0.0
569	10	0.0	0.0
570	1	1.0	4.518518518518518
570	2	0.4444444444444444	0.8518518518518519
570	3	0.18518518518518517	0.18518518518518517
570	4	0.1111111111111111	0.1111111111111111
570	5	0.07407407407407407	0.07407407407407407
570	6	0.037037037037037035	0.037037037037037035
570	7	0.037037037037037035	0.037037037037037035
570	8	0.037037037037037035	0.037037037037037035
570	9	0.037037037037037035	0.037037037037037035
570	10	0.037037037037037035	0.037037037037037035
571	1	1.0	4.962962962962963
571	2	0.5925925925925926	0.8888888888888888
571	3	0.18518518518518517	0.18518518518518517
571	4	0.037037037037037035	0.037037037037037035
571	5	0.0	0.0
571	6	0.0	0.0
571	7	0.0	0.0
571	8	0.0	0.0
571	9	0.0	0.0
571	10	0.0	0.0
572	1	1.0	4.111111111111111
572	2	0.48148148148148145	0.8518518518518519
572	3	0.2222222222222222	0.4074074074074074
572	4	0.14814814814814814	0.2222222222222222
572	5	0.1111111111111111	0.14814814814814814
572	6	0.037037037037037035	0.037037037037037035
572	7	0.037037037037037035	0.037037037037037035
572	8	0.0	0.0
572	9	0.0	0.0
572	10	0.0	0.0
573	1	1.0	3.7777777777777777
573	2	0.5185185185185185	0.7407407407407407
573	3	0.3333333333333333	0.4444444444444444
573	4	0.18518518518518517	0.18518518518518517
573	5	0.037037037037037035	0.037037037037037035
573	6	0.0	0.0
573	7	0.0	0.0
573	8	0.0	0.0
573	9	0.0	0.0
573	10	0.0	0.0
574	1	1.0	4.296296296296297
574	2	0.5925925925925926	0.8148148148148148
574	3	0.18518518518518517	0.2962962962962963
574	4	0.07407407407407407	0.1111111111111111
574	5	0.07407407407407407	0.07407407407407407
574	6	0.037037037037037035	0.037037037037037035
574	7	0.037037037037037035	0.037037037037037035
574	8	0.0	0.0
574	9	0.0	0.0
574	10	0.0	0.0
575	1	1.0	4.962962962962963
575	2	0.7407407407407407	1.037037037037037
575	3	0.25925925925925924	0.2962962962962963
575	4	0.2222222222222222	0.2222222222222222
575	5	0.07407407407407407	0.07407407407407407
575	6	0.0	0.0
575	7	0.0	0.0
575	8	0.0	0.0
575	9	0.0	0.0
575	10	0.0	0.0
576	1	1.0	5.037037037037037
576	2	0.4074074074074074	0.5185185185185185
576	3	0.18518518518518517	0.2222222222222222
576	4	0.1111111111111111	0.1111111111111111
576	5	0.037037037037037035	0.037037037037037035
576	6	0.037037037037037035	0.037037037037037035
576	7	0.037037037037037035	0.037037037037037035
576	8	0.037037037037037035	0.037037037037037035
576	9	0.037037037037037035	0.037037037037037035
576	10	0.0	0.0
577	1	1.0	5.0
577	2	0.7037037037037037	1.1481481481481481
577	3	0.3333333333333333	0.4074074074074074
577	4	0.18518518518518517	0.18518518518518517
577	5	0.07407407407407407	0.07407407407407407
577	6	0.07407407407407407	0.07407407407407407
577	7	0.037037037037037035	0.037037037037037035
577	8	0.0	0.0
577	9	0.0	0.0
577	10	0.0	0.0
578	1	1.0	5.222222222222222
578	2	0.48148148148148145	0.8148148148148148
578	3	0.2222222222222222	0.25925925925925924
578	4	0.18518518518518517	0.18518518518518517
578	5	0.07407407407407407	0.07407407407407407
578	6	0.07407407407407407	0.07407407407407407
578	7	0.07407407407407407	0.07407407407407407
578	8	0.07407407407407407	0.07407407407407407
578	9	0.037037037037037035	0.037037037037037035
578	10	0.037037037037037035	0.037037037037037035
579	1	1.0	4.592592592592593
579	2	0.5185185185185185	0.8888888888888888
579	3	0.2222222222222222	0.25925925925925924
579	4	0.1111111111111111	0.14814814814814814
579	5	0.07407407407407407	0.1111111111111111
579	6	0.037037037037037035	0.037037037037037035
579	7	0.0	0.0
579	8	0.0	0.0
579	9	0.0	0.0
579	10	0.0	0.0
580	1	1.0	4.296296296296297
580	2	0.48148148148148145	1.0
580	3	0.2962962962962963	0.4074074074074074
580	4	0.25925925925925924	0.3333333333333333
580	5	0.037037037037037035	0.07407407407407407
580	6	0.0	0.0
580	7	0.0	0.0
580	8	0.0	0.0
580	9	0.0	0.0
580	10	0.0	0.0
581	1	1.0	4.481481481481482
581	2	0.5185185185185185	0.9629629629629629
581	3	0.25925925925925924	0.37037037037037035
581	4	0.14814814814814814	0.2222222222222222
581	5	0.07407407407407407	0.07407407407407407
581	6	0.037037037037037035	0.037037037037037035
581	7	0.037037037037037035	0.037037037037037035
581	8	0.037037037037037035	0.037037037037037035
581	9	0.037037037037037035	0.037037037037037035
581	10	0.037037037037037035	0.037037037037037035
582	1	1.0	4.333333333333333
582	2	0.48148148148148145	0.9629629629629629
582	3	0.18518518518518517	0.4074074074074074
582	4	0.14814814814814814	0.2962962962962963
582	5	0.14814814814814814	0.14814814814814814
582	6	0.14814814814814814	0.14814814814814814
582	7	0.14814814814814814	0.14814814814814814
582	8	0.07407407407407407	0.07407407407407407
582	9	0.07407407407407407	0.07407407407407407
582	10	0.037037037037037035	0.037037037037037035
583	1	1.0	4.518518518518518
583	2	0.48148148148148145	0.7037037037037037
583	3	0.2962962962962963	0.37037037037037035
583	4	0.25925925925925924	0.25925925925925924
583	5	0.18518518518518517	0.18518518518518517
583	6	0.07407407407407407	0.07407407407407407
583	7	0.07407407407407407	0.07407407407407407
583	8	0.07407407407407407	0.07407407407407407
583	9	0.07407407407407407	0.07407407407407407
583	10	0.037037037037037035	0.037037037037037035
584	1	1.0	4.407407407407407
584	2	0.5185185185185185	0.7777777777777778
584	3	0.14814814814814814	0.14814814814814814
584	4	0.07407407407407407	0.07407407407407407
584	5	0.07407407407407407	0.07407407407407407
584	6	0.07407407407407407	0.07407407407407407
584	7	0.07407407407407407	0.07407407407407407
584	8	0.037037037037037035	0.037037037037037035
584	9	0.0	0.0
584	10	0.0	0.0
585	1	1.0	4.666666666666667
585	2	0.5555555555555556	0.8518518518518519
585	3	0.25925925925925924	0.37037037037037035
585	4	0.14814814814814814	0.18518518518518517
585	5	0.037037037037037035	0.037037037037037035
585	6	0.037037037037037035	0.037037037037037035
585	7	0.0	0.0
585	8	0.0	0.0
585	9	0.0	0.0
585	10	0.0	0.0
586	1	1.0	4.666666666666667
586	2	0.4074074074074074	0.5555555555555556
586	3	0.2222222222222222	0.2962962962962963
586	4	0.14814814814814814	0.18518518518518517
586	5	0.1111111111111111	0.14814814814814814
586	6	0.0	0.0
586	7	0.0	0.0
586	8	0.0	0.0
586	9	0.0	0.0
586	10	0.0	0.0
587	1	1.0	3.962962962962963
587	2	0.6296296296296297	0.9259259259259259
587	3	0.37037037037037035	0.4444444444444444
587	4	0.1111111111111111	0.1111111111111111
587	5	0.037037037037037035	0.037037037037037035
587	6	0.037037037037037035	0.037037037037037035
587	7	0.037037037037037035	0.037037037037037035
587	8	0.037037037037037035	0.037037037037037035
587	9	0.037037037037037035	0.037037037037037035
587	10	0.037037037037037035	0.037037037037037035
588	1	1.0	4.555555555555555
588	2	0.48148148148148145	1.0740740740740742
588	3	0.2962962962962963	0.48148148148148145
588	4	0.2222222222222222	0.2962962962962963
588	5	0.14814814814814814	0.2222222222222222
588	6	0.14814814814814814	0.2222222222222222
588	7	0.1111111111111111	0.14814814814814814
588	8	0.07407407407407407	0.07407407407407407
588	9	0.0	0.0
588	10	0.0	0.0
589	1	1.0	4.111111111111111
589	2	0.4074074074074074	0.7037037037037037
589	3	0.2222222222222222	0.2962962962962963
589	4	0.1111111111111111	0.14814814814814814
589	5	0.07407407407407407	0.1111111111111111
589	6	0.037037037037037035	0.037037037037037035
589	7	0.037037037037037035	0.037037037037037035
589	8	0.037037037037037035	0.037037037037037035
589	9	0.037037037037037035	0.037037037037037035
589	10	0.037037037037037035	0.037037037037037035
590	1	1.0	4.7407407407407405
590	2	0.4444444444444444	0.5925925925925926
590	3	0.2222222222222222	0.2962962962962963
590	4	0.1111111111111111	0.14814814814814814
590	5	0.037037037037037035	0.07407407407407407
590	6	0.037037037037037035	0.07407407407407407
590	7	0.037037037037037035	0.07407407407407407
590	8	0.037037037037037035	0.07407407407407407
590	9	0.037037037037037035	0.037037037037037035
590	10	0.0	0.0
591	1	1.0	4.185185185185185
591	2	0.5185185185185185	0.7777777777777778
591	3	0.2222222222222222	0.2222222222222222
591	4	0.037037037037037035	0.037037037037037035
591	5	0.037037037037037035	0.037037037037037035
591	6	0.0	0.0
591	7	0.0	0.0
591	8	0.0	0.0
591	9	0.0	0.0
591	10	0.0	0.0
592	1	1.0	5.037037037037037
592	2	0.5925925925925926	0.8518518518518519
592	3	0.4074074074074074	0.4444444444444444
592	4	0.25925925925925924	0.2962962962962963
592	5	0.2222222222222222	0.25925925925925924
592	6	0.14814814814814814	0.18518518518518517
592	7	0.1111111111111111	0.1111111111111111
592	8	0.07407407407407407	0.07407407407407407
592	9	0.07407407407407407	0.07407407407407407
592	10	0.037037037037037035	0.037037037037037035
593	1	1.0	4.0
593	2	0.48148148148148145	0.7407407407407407
593	3	0.2962962962962963	0.4444444444444444
593	4	0.2222222222222222	0.2962962962962963
593	5	0.18518518518518517	0.18518518518518517
593	6	0.14814814814814814	0.14814814814814814
593	7	0.1111111111111111	0.1111111111111111
593	8	0.07407407407407407	0.07407407407407407
593	9	0.037037037037037035	0.037037037037037035
593	10	0.037037037037037035	0.037037037037037035
594	1	1.0	3.6296296296296298
594	2	0.37037037037037035	0.5925925925925926
594	3	0.2962962962962963	0.2962962962962963
594	4	0.2222222222222222	0.2222222222222222
594	5	0.1111111111111111	0.1111111111111111
594	6	0.1111111111111111	0.1111111111111111
594	7	0.07407407407407407	0.07407407407407407
594	8	0.07407407407407407	0.07407407407407407
594	9	0.07407407407407407	0.07407407407407407
594	10	0.07407407407407407	0.07407407407407407
595	1	1.0	4.592592592592593
595	2	0.5925925925925926	0.9629629629629629
595	3	0.3333333333333333	0.4444444444444444
595	4	0.1111111111111111	0.14814814814814814
595	5	0.037037037037037035	0.037037037037037035
595	6	0.037037037037037035	0.037037037037037035
595	7	0.0	0.0
595	8	0.0	0.0
595	9	0.0	0.0
595	10	0.0	0.0
596	1	1.0	4.62962962962963
596	2	0.5185185185185185	0.7407407407407407
596	3	0.4074074074074074	0.48148148148148145
596	4	0.2962962962962963	0.2962962962962963
596	5	0.18518518518518517	0.18518518518518517
596	6	0.14814814814814814	0.14814814814814814
596	7	0.1111111111111111	0.1111111111111111
596	8	0.07407407407407407	0.07407407407407407
596	9	0.037037037037037035	0.037037037037037035
596	10	0.037037037037037035	0.037037037037037035
597	1	1.0	5.111111111111111
597	2	0.4444444444444444	0.8148148148148148
597	3	0.2962962962962963	0.3333333333333333
597	4	0.18518518518518517	0.18518518518518517
597	5	0.1111111111111111	0.1111111111111111
597	6	0.07407407407407407	0.07407407407407407
597	7	0.037037037037037035	0.037037037037037035
597	8	0.037037037037037035	0.037037037037037035
597	9	0.0	0.0
597	10	0.0	0.0
598	1	1.0	4.2592592592592595
598	2	0.5185185185185185	0.8888888888888888
598	3	0.25925925925925924	0.3333333333333333
598	4	0.14814814814814814	0.2222222222222222
598	5	0.1111111111111111	0.18518518518518517
598	6	0.1111111111111111	0.14814814814814814
598	7	0.1111111111111111	0.1111111111111111
598	8	0.037037037037037035	0.037037037037037035
598	9	0.037037037037037035	0.037037037037037035
598	10	0.037037037037037035	0.037037037037037035
599	1	1.0	5.222222222222222
599	2	0.5185185185185185	0.5555555555555556
599	3	0.2962962962962963	0.2962962962962963
599	4	0.1111111111111111	0.1111111111111111
599	5	0.037037037037037035	0.037037037037037035
599	6	0.0	0.0
599	7	0.0	0.0
599	8	0.0	0.0
599	9	0.0	0.0
599	10	0.0	0.0
600	1	1.0	5.0
600	2	0.5185185185185185	1.037037037037037
600	3	0.2962962962962963	0.37037037037037035
600	4	0.14814814814814814	0.18518518518518517
600	5	0.14814814814814814	0.14814814814814814
600	6	0.037037037037037035	0.037037037037037035
600	7	0.0	0.0
600	8	0.0	0.0
600	9	0.0	0.0
600	10	0.0	0.0
601	1	1.0	4.666666666666667
601	2	0.5555555555555556	0.8148148148148148
601	3	0.3333333333333333	0.4074074074074074
601	4	0.18518518518518517	0.18518518518518517
601	5	0.07407407407407407	0.07407407407407407
601	6	0.07407407407407407	0.07407407407407407
601	7	0.037037037037037035	0.037037037037037035
601	8	0.037037037037037035	0.037037037037037035
601	9	0.037037037037037035	0.037037037037037035
601	10	0.037037037037037035	0.037037037037037035
602	1	1.0	4.185185185185185
602	2	0.4444444444444444	0.6666666666666666
602	3	0.2222222222222222	0.25925925925925924
602	4	0.1111111111111111	0.14814814814814814
602	5	0.1111111111111111	0.1111111111111111
602	6	0.1111111111111111	0.1111111111111111
602	7	0.07407407407407407	0.07407407407407407
602	8	0.037037037037037035	0.037037037037037035
602	9	0.037037037037037035	0.037037037037037035
602	10	0.037037037037037035	0.037037037037037035
603	1	1.0	4.814814814814815
603	2	0.6666666666666666	1.037037037037037
603	3	0.4444444444444444	0.6296296296296297
603	4	0.2222222222222222	0.2962962962962963
603	5	0.14814814814814814	0.2222222222222222
603	6	0.07407407407407407	0.07407407407407407
603	7	0.07407407407407407	0.07407407407407407
603	8	0.07407407407407407	0.07407407407407407
603	9	0.037037037037037035	0.037037037037037035
603	10	0.037037037037037035	0.037037037037037035
604	1	1.0	4.592592592592593
604	2	0.6296296296296297	1.037037037037037
604	3	0.37037037037037035	0.48148148148148145
604	4	0.18518518518518517	0.25925925925925924
604	5	0.07407407407407407	0.07407407407407407
604	6	0.07407407407407407	0.07407407407407407
604	7	0.037037037037037035	0.037037037037037035
604	8	0.037037037037037035	0.037037037037037035
604	9	0.0	0.0
604	10	0.0	0.0
605	1	1.0	3.740740740740741
605	2	0.5185185185185185	0.6666666666666666
605	3	0.18518518518518517	0.18518518518518517
605	4	0.1111111111111111	0.1111111111111111
605	5	0.07407407407407407	0.07407407407407407
605	6	0.0	0.0
605	7	0.0	0.0
605	8	0.0	0.0
605	9	0.0	0.0
605	10	0.0	0.0
606	1	1.0	4.074074074074074
606	2	0.5925925925925926	1.0
606	3	0.18518518518518517	0.2962962962962963
606	4	0.1111111111111111	0.14814814814814814
606	5	0.07407407407407407	0.07407407407407407
606	6	0.037037037037037035	0.037037037037037035
606	7	0.0	0.0
606	8	0.0	0.0
606	9	0.0	0.0
606	10	0.0	0.0
607	1	1.0	4.2592592592592595
607	2	0.5555555555555556	0.7037037037037037
607	3	0.2962962962962963	0.3333333333333333
607	4	0.1111111111111111	0.1111111111111111
607	5	0.07407407407407407	0.07407407407407407
607	6	0.037037037037037035	0.037037037037037035
607	7	0.037037037037037035	0.037037037037037035
607	8	0.037037037037037035	0.037037037037037035
607	9	0.037037037037037035	0.037037037037037035
607	10	0.037037037037037035	0.037037037037037035
608	1	1.0	4.888888888888889
608	2	0.5925925925925926	1.1111111111111112
608	3	0.2962962962962963	0.4074074074074074
608	4	0.2222222222222222	0.2962962962962963
608	5	0.14814814814814814	0.18518518518518517
608	6	0.037037037037037035	0.037037037037037035
608	7	0.037037037037037035	0.037037037037037035
608	8	0.037037037037037035	0.037037037037037035
608	9	0.037037037037037035	0.037037037037037035
608	10	0.037037037037037035	0.037037037037037035
609	1	1.0	5.222222222222222
609	2	0.6296296296296297	1.037037037037037
609	3	0.3333333333333333	0.4444444444444444
609	4	0.07407407407407407	0.1111111111111111
609	5	0.07407407407407407	0.07407407407407407
609	6	0.0	0.0
609	7	0.0	0.0
609	8	0.0	0.0
609	9	0.0	0.0
609	10	0.0	0.0
610	1	1.0	4.703703703703703
610	2	0.4444444444444444	0.7037037037037037
610	3	0.18518518518518517	0.2962962962962963
610	4	0.14814814814814814	0.18518518518518517
610	5	0.14814814814814814	0.14814814814814814
610	6	0.07407407407407407	0.07407407407407407
610	7	0.0	0.0
610	8	0.0	0.0
610	9	0.0	0.0
610	10	0.0	0.0
611	1	1.0	4.592592592592593
611	2	0.5555555555555556	0.8518518518518519
611	3	0.2962962962962963	0.4074074074074074
611	4	0.2222222222222222	0.25925925925925924
611	5	0.1111111111111111	0.1111111111111111
611	6	0.07407407407407407	0.07407407407407407
611	7	0.07407407407407407	0.07407407407407407
611	8	0.037037037037037035	0.037037037037037035
611	9	0.0	0.0
611	10	0.0	0.0
612	1	1.0	3.814814814814815
612	2	0.48148148148148145	0.7037037037037037
612	3	0.2962962962962963	0.4444444444444444
612	4	0.2962962962962963	0.37037037037037035
612	5	0.2222222222222222	0.2962962962962963
612	6	0.18518518518518517	0.25925925925925924
612	7	0.14814814814814814	0.14814814814814814
612	8	0.14814814814814814	0.14814814814814814
612	9	0.07407407407407407	0.07407407407407407
612	10	0.037037037037037035	0.037037037037037035
613	1	1.0	4.148148148148148
613	2	0.5925925925925926	0.9259259259259259
613	3	0.25925925925925924	0.37037037037037035
613	4	0.1111111111111111	0.14814814814814814
613	5	0.1111111111111111	0.1111111111111111
613	6	0.07407407407407407	0.07407407407407407
613	7	0.07407407407407407	0.07407407407407407
613	8	0.07407407407407407	0.07407407407407407
613	9	0.07407407407407407	0.07407407407407407
613	10	0.07407407407407407	0.07407407407407407
614	1	1.0	5.148148148148148
614	2	0.5185185185185185	0.9629629629629629
614	3	0.3333333333333333	0.5185185185185185
614	4	0.2962962962962963	0.4444444444444444
614	5	0.18518518518518517	0.25925925925925924
614	6	0.1111111111111111	0.14814814814814814
614	7	0.1111111111111111	0.14814814814814814
614	8	0.037037037037037035	0.037037037037037035
614	9	0.0	0.0
614	10	0.0	0.0
615	1	1.0	4.592592592592593
615	2	0.5185185185185185	0.8518518518518519
615	3	0.3333333333333333	0.4444444444444444
615	4	0.25925925925925924	0.2962962962962963
615	5	0.18518518518518517	0.18518518518518517
615	6	0.07407407407407407	0.07407407407407407
615	7	0.037037037037037035	0.037037037037037035
615	8	0.037037037037037035	0.037037037037037035
615	9	0.037037037037037035	0.037037037037037035
615	10	0.037037037037037035	0.037037037037037035
616	1	1.0	4.2592592592592595
616	2	0.4444444444444444	0.7777777777777778
616	3	0.25925925925925924	0.25925925925925924
616	4	0.1111111111111111	0.1111111111111111
616	5	0.07407407407407407	0.07407407407407407
616	6	0.037037037037037035	0.037037037037037035
616	7	0.037037037037037035	0.037037037037037035
616	8	0.0	0.0
616	9	0.0	0.0
616	10	0.0	0.0
617	1	1.0	3.888888888888889
617	2	0.6296296296296297	0.8888888888888888
617	3	0.2962962962962963	0.3333333333333333
617	4	0.14814814814814814	0.14814814814814814
617	5	0.037037037037037035	0.037037037037037035
617	6	0.037037037037037035	0.037037037037037035
617	7	0.037037037037037035	0.037037037037037035
617	8	0.037037037037037035	0.037037037037037035
617	9	0.0	0.0
617	10	0.0	0.0
618	1	1.0	4.074074074074074
618	2	0.5925925925925926	0.8518518518518519
618	3	0.37037037037037035	0.4074074074074074
618	4	0.25925925925925924	0.2962962962962963
618	5	0.07407407407407407	0.1111111111111111
618	6	0.07407407407407407	0.07407407407407407
618	7	0.037037037037037035	0.037037037037037035
618	8	0.037037037037037035	0.037037037037037035
618	9	0.0	0.0
618	10	0.0	0.0
619	1	1.0	4.407407407407407
619	2	0.4444444444444444	0.7777777777777778
619	3	0.18518518518518517	0.2222222222222222
619	4	0.14814814814814814	0.14814814814814814
619	5	0.14814814814814814	0.14814814814814814
619	6	0.07407407407407407	0.07407407407407407
619	7	0.07407407407407407	0.07407407407407407
619	8	0.037037037037037035	0.037037037037037035
619	9	0.037037037037037035	0.037037037037037035
619	10	0.037037037037037035	0.037037037037037035
620	1	1.0	4.481481481481482
620	2	0.5185185185185185	0.7037037037037037
620	3	0.2962962962962963	0.4074074074074074
620	4	0.1111111111111111	0.1111111111111111
620	5	0.1111111111111111	0.1111111111111111
620	6	0.07407407407407407	0.07407407407407407
620	7	0.037037037037037035	0.037037037037037035
620	8	0.0	0.0
620	9	0.0	0.0
620	10	0.0	0.0
621	1	1.0	4.555555555555555
621	2	0.5925925925925926	0.9629629629629629
621	3	0.2222222222222222	0.2962962962962963
621	4	0.07407407407407407	0.07407407407407407
621	5	0.07407407407407407	0.07407407407407407
621	6	0.07407407407407407	0.07407407407407407
621	7	0.037037037037037035	0.037037037037037035
621	8	0.037037037037037035	0.037037037037037035
621	9	0.037037037037037035	0.037037037037037035
621	10	0.0	0.0
622	1	1.0	4.62962962962963
622	2	0.5925925925925926	1.0
622	3	0.25925925925925924	0.4074074074074074
622	4	0.18518518518518517	0.25925925925925924
622	5	0.14814814814814814	0.18518518518518517
622	6	0.07407407407407407	0.07407407407407407
622	7	0.07407407407407407	0.07407407407407407
622	8	0.037037037037037035	0.037037037037037035
622	9	0.037037037037037035	0.037037037037037035
622	10	0.0	0.0
623	1	1.0	5.0
623	2	0.4444444444444444	0.5925925925925926
623	3	0.2962962962962963	0.37037037037037035
623	4	0.18518518518518517	0.2222222222222222
623	5	0.14814814814814814	0.18518518518518517
623	6	0.1111111111111111	0.1111111111111111
623	7	0.037037037037037035	0.037037037037037035
623	8	0.037037037037037035	0.037037037037037035
623	9	0.037037037037037035	0.037037037037037035
623	10	0.037037037037037035	0.037037037037037035
624	1	1.0	4.2592592592592595
624	2	0.5925925925925926	1.1111111111111112
624	3	0.3333333333333333	0.5185185185185185
624	4	0.14814814814814814	0.18518518518518517
624	5	0.1111111111111111	0.14814814814814814
624	6	0.1111111111111111	0.1111111111111111
624	7	0.037037037037037035	0.037037037037037035
624	8	0.037037037037037035	0.037037037037037035
624	9	0.037037037037037035	0.037037037037037035
624	10	0.037037037037037035	0.037037037037037035
625	1	1.0	4.518518518518518
625	2	0.5185185185185185	0.9629629629629629
625	3	0.2962962962962963	0.48148148148148145
625	4	0.2222222222222222	0.3333333333333333
625	5	0.1111111111111111	0.18518518518518517
625	6	0.0	0.0
625	7	0.0	0.0
625	8	0.0	0.0
625	9	0.0	0.0
625	10	0.0	0.0
626	1	1.0	4.407407407407407
626	2	0.5185185185185185	0.8518518518518519
626	3	0.3333333333333333	0.4074074074074074
626	4	0.1111111111111111	0.18518518518518517
626	5	0.07407407407407407	0.1111111111111111
626	6	0.07407407407407407	0.07407407407407407
626	7	0.07407407407407407	0.07407407407407407
626	8	0.037037037037037035	0.037037037037037035
626	9	0.037037037037037035	0.037037037037037035
626	10	0.037037037037037035	0.037037037037037035
627	1	1.0	3.7777777777777777
627	2	0.48148148148148145	0.6666666666666666
627	3	0.2222222222222222	0.2222222222222222
627	4	0.07407407407407407	0.07407407407407407
627	5	0.037037037037037035	0.037037037037037035
627	6	0.037037037037037035	0.037037037037037035
627	7	0.0	0.0
627	8	0.0	0.0
627	9	0.0	0.0
627	10	0.0	0.0
628	1	1.0	4.592592592592593
628	2	0.5555555555555556	1.0
628	3	0.2222222222222222	0.25925925925925924
628	4	0.14814814814814814	0.14814814814814814
628	5	0.07407407407407407	0.07407407407407407
628	6	0.037037037037037035	0.037037037037037035
628	7	0.037037037037037035	0.037037037037037035
628	8	0.037037037037037035	0.037037037037037035
628	9	0.037037037037037035	0.037037037037037035
628	10	0.037037037037037035	0.037037037037037035
629	1	1.0	4.444444444444445
629	2	0.5925925925925926	0.8148148148148148
629	3	0.3333333333333333	0.3333333333333333
629	4	0.07407407407407407	0.07407407407407407
629	5	0.037037037037037035	0.037037037037037035
629	6	0.037037037037037035	0.037037037037037035
629	7	0.037037037037037035	0.037037037037037035
629	8	0.037037037037037035	0.037037037037037035
629	9	0.037037037037037035	0.037037037037037035
629	10	0.0	0.0
630	1	1.0	3.740740740740741
630	2	0.5185185185185185	0.8888888888888888
630	3	0.2962962962962963	0.4074074074074074
630	4	0.25925925925925924	0.3333333333333333
630	5	0.14814814814814814	0.2222222222222222
630	6	0.14814814814814814	0.18518518518518517
630	7	0.1111111111111111	0.1111111111111111
630	8	0.1111111111111111	0.1111111111111111
630	9	0.07407407407407407	0.07407407407407407
630	10	0.037037037037037035	0.037037037037037035
631	1	1.0	3.5925925925925926
631	2	0.48148148148148145	0.8148148148148148
631	3	0.25925925925925924	0.2962962962962963
631	4	0.18518518518518517	0.18518518518518517
631	5	0.07407407407407407	0.07407407407407407
631	6	0.0	0.0
631	7	0.0	0.0
631	8	0.0	0.0
631	9	0.0	0.0
631	10	0.0	0.0
632	1	1.0	4.074074074074074
632	2	0.4444444444444444	0.8518518518518519
632	3	0.2222222222222222	0.37037037037037035
632	4	0.1111111111111111	0.18518518518518517
632	5	0.1111111111111111	0.1111111111111111
632	6	0.1111111111111111	0.1111111111111111
632	7	0.037037037037037035	0.037037037037037035
632	8	0.0	0.0
632	9	0.0	0.0
632	10	0.0	0.0
633	1	1.0	4.62962962962963
633	2	0.4444444444444444	0.7407407407407407
633	3	0.2222222222222222	0.2962962962962963
633	4	0.14814814814814814	0.18518518518518517
633	5	0.07407407407407407	0.07407407407407407
633	6	0.037037037037037035	0.037037037037037035
633	7	0.0	0.0
633	8	0.0	0.0
633	9	0.0	0.0
633	10	0.0	0.0
634	1	1.0	3.4814814814814814
634	2	0.5185185185185185	0.7037037037037037
634	3	0.2222222222222222	0.25925925925925924
634	4	0.18518518518518517	0.2222222222222222
634	5	0.07407407407407407	0.07407407407407407
634	6	0.07407407407407407	0.07407407407407407
634	7	0.037037037037037035	0.037037037037037035
634	8	0.037037037037037035	0.037037037037037035
634	9	0.0	0.0
634	10	0.0	0.0
635	1	1.0	6.444444444444445
635	2	0.6296296296296297	1.037037037037037
635	3	0.2962962962962963	0.3333333333333333
635	4	0.14814814814814814	0.14814814814814814
635	5	0.07407407407407407	0.07407407407407407
635	6	0.037037037037037035	0.037037037037037035
635	7	0.0	0.0
635	8	0.0	0.0
635	9	0.0	0.0
635	10	0.0	0.0
636	1	1.0	4.962962962962963
636	2	0.7037037037037037	0.9629629629629629
636	3	0.25925925925925924	0.25925925925925924
636	4	0.1111111111111111	0.1111111111111111
636	5	0.07407407407407407	0.07407407407407407
636	6	0.037037037037037035	0.037037037037037035
636	7	0.037037037037037035	0.037037037037037035
636	8	0.037037037037037035	0.037037037037037035
636	9	0.037037037037037035	0.037037037037037035
636	10	0.0	0.0
637	1	1.0	4.296296296296297
637	2	0.4074074074074074	0.8518518518518519
637	3	0.25925925925925924	0.4074074074074074
637	4	0.1111111111111111	0.1111111111111111
637	5	0.1111111111111111	0.1111111111111111
637	6	0.037037037037037035	0.037037037037037035
637	7	0.0	0.0
637	8	0.0	0.0
637	9	0.0	0.0
637	10	0.0	0.0
638	1	1.0	4.111111111111111
638	2	0.6296296296296297	1.1111111111111112
638	3	0.3333333333333333	0.5185185185185185
638	4	0.2222222222222222	0.2962962962962963
638	5	0.2222222222222222	0.2962962962962963
638	6	0.14814814814814814	0.14814814814814814
638	7	0.07407407407407407	0.07407407407407407
638	8	0.07407407407407407	0.07407407407407407
638	9	0.0	0.0
638	10	0.0	0.0
639	1	1.0	4.851851851851852
639	2	0.5555555555555556	0.8518518518518519
639	3	0.2962962962962963	0.3333333333333333
639	4	0.1111111111111111	0.1111111111111111
639	5	0.07407407407407407	0.07407407407407407
639	6	0.0	0.0
639	7	0.0	0.0
639	8	0.0	0.0
639	9	0.0	0.0
639	10	0.0	0.0
640	1	1.0	3.6666666666666665
640	2	0.5185185185185185	0.7407407407407407
640	3	0.18518518518518517	0.25925925925925924
640	4	0.1111111111111111	0.14814814814814814
640	5	0.07407407407407407	0.1111111111111111
640	6	0.07407407407407407	0.1111111111111111
640	7	0.037037037037037035	0.037037037037037035
640	8	0.037037037037037035	0.037037037037037035
640	9	0.037037037037037035	0.037037037037037035
640	10	0.037037037037037035	0.037037037037037035
641	1	1.0	5.185185185185185
641	2	0.5185185185185185	0.8518518518518519
641	3	0.25925925925925924	0.37037037037037035
641	4	0.1111111111111111	0.14814814814814814
641	5	0.1111111111111111	0.1111111111111111
641	6	0.1111111111111111	0.1111111111111111
641	7	0.07407407407407407	0.07407407407407407
641	8	0.07407407407407407	0.07407407407407407
641	9	0.07407407407407407	0.07407407407407407
641	10	0.07407407407407407	0.07407407407407407
642	1	1.0	4.592592592592593
642	2	0.6666666666666666	1.1111111111111112
642	3	0.4074074074074074	0.5555555555555556
642	4	0.2222222222222222	0.25925925925925924
642	5	0.18518518518518517	0.18518518518518517
642	6	0.1111111111111111	0.1111111111111111
642	7	0.1111111111111111	0.1111111111111111
642	8	0.1111111111111111	0.1111111111111111
642	9	0.07407407407407407	0.07407407407407407
642	10	0.07407407407407407	0.07407407407407407
643	1	1.0	4.481481481481482
643	2	0.5555555555555556	1.1111111111111112
643	3	0.2962962962962963	0.4444444444444444
643	4	0.18518518518518517	0.2962962962962963
643	5	0.18518518518518517	0.2222222222222222
643	6	0.1111111111111111	0.1111111111111111
643	7	0.1111111111111111	0.1111111111111111
643	8	0.07407407407407407	0.07407407407407407
643	9	0.037037037037037035	0.037037037037037035
643	10	0.037037037037037035	0.037037037037037035
644	1	1.0	4.814814814814815
644	2	0.7407407407407407	1.1111111111111112
644	3	0.3333333333333333	0.37037037037037035
644	4	0.25925925925925924	0.25925925925925924
644	5	0.1111111111111111	0.1111111111111111
644	6	0.1111111111111111	0.1111111111111111
644	7	0.07407407407407407	0.07407407407407407
644	8	0.037037037037037035	0.037037037037037035
644	9	0.0	0.0
644	10	0.0	0.0
645	1	1.0	5.481481481481482
645	2	0.4444444444444444	0.5555555555555556
645	3	0.1111111111111111	0.14814814814814814
645	4	0.07407407407407407	0.1111111111111111
645	5	0.0	0.0
645	6	0.0	0.0
645	7	0.0	0.0
645	8	0.0	0.0
645	9	0.0	0.0
645	10	0.0	0.0
646	1	1.0	4.407407407407407
646	2	0.4074074074074074	0.8148148148148148
646	3	0.3333333333333333	0.4444444444444444
646	4	0.07407407407407407	0.07407407407407407
646	5	0.037037037037037035	0.037037037037037035
646	6	0.0	0.0
646	7	0.0	0.0
646	8	0.0	0.0
646	9	0.0	0.0
646	10	0.0	0.0
647	1	1.0	4.0
647	2	0.6296296296296297	1.037037037037037
647	3	0.37037037037037035	0.5555555555555556
647	4	0.3333333333333333	0.4444444444444444
647	5	0.25925925925925924	0.3333333333333333
647	6	0.18518518518518517	0.18518518518518517
647	7	0.07407407407407407	0.07407407407407407
647	8	0.037037037037037035	0.037037037037037035
647	9	0.037037037037037035	0.037037037037037035
647	10	0.037037037037037035	0.037037037037037035
648	1	1.0	4.444444444444445
648	2	0.37037037037037035	0.5185185185185185
648	3	0.18518518518518517	0.2962962962962963
648	4	0.1111111111111111	0.14814814814814814
648	5	0.1111111111111111	0.1111111111111111
648	6	0.07407407407407407	0.07407407407407407
648	7	0.037037037037037035	0.037037037037037035
648	8	0.037037037037037035	0.037037037037037035
648	9	0.0	0.0
648	10	0.0	0.0
649	1	1.0	4.407407407407407
649	2	0.4074074074074074	0.6296296296296297
649	3	0.18518518518518517	0.25925925925925924
649	4	0.14814814814814814	0.18518518518518517
649	5	0.037037037037037035	0.07407407407407407
649	6	0.0	0.0
649	7	0.0	0.0
649	8	0.0	0.0
649	9	0.0	0.0
649	10	0.0	0.0
650	1	1.0	4.185185185185185
650	2	0.5925925925925926	1.0
650	3	0.3333333333333333	0.37037037037037035
650	4	0.2962962962962963	0.2962962962962963
650	5	0.07407407407407407	0.07407407407407407
650	6	0.037037037037037035	0.037037037037037035
650	7	0.037037037037037035	0.037037037037037035
650	8	0.037037037037037035	0.037037037037037035
650	9	0.037037037037037035	0.037037037037037035
650	10	0.037037037037037035	0.037037037037037035
651	1	1.0	4.37037037037037
651	2	0.3333333333333333	0.5185185185185185
651	3	0.18518518518518517	0.2222222222222222
651	4	0.18518518518518517	0.2222222222222222
651	5	0.07407407407407407	0.1111111111111111
651	6	0.07407407407407407	0.07407407407407407
651	7	0.037037037037037035	0.037037037037037035
651	8	0.0	0.0
651	9	0.0	0.0
651	10	0.0	0.0
652	1	1.0	5.37037037037037
652	2	0.5185185185185185	0.8518518518518519
652	3	0.2222222222222222	0.25925925925925924
652	4	0.2222222222222222	0.25925925925925924
652	5	0.18518518518518517	0.2222222222222222
652	6	0.1111111111111111	0.1111111111111111
652	7	0.037037037037037035	0.037037037037037035
652	8	0.037037037037037035	0.037037037037037035
652	9	0.0	0.0
652	10	0.0	0.0
653	1	1.0	4.148148148148148
653	2	0.5185185185185185	0.6666666666666666
653	3	0.2222222222222222	0.25925925925925924
653	4	0.0	0.0
653	5	0.0	0.0
653	6	0.0	0.0
653	7	0.0	0.0
653	8	0.0	0.0
653	9	0.0	0.0
653	10	0.0	0.0
654	1	1.0	3.888888888888889
654	2	0.5185185185185185	0.7777777777777778
654	3	0.14814814814814814	0.2222222222222222
654	4	0.07407407407407407	0.1111111111111111
654	5	0.07407407407407407	0.1111111111111111
654	6	0.07407407407407407	0.07407407407407407
654	7	0.037037037037037035	0.037037037037037035
654	8	0.037037037037037035	0.037037037037037035
654	9	0.037037037037037035	0.037037037037037035
654	10	0.037037037037037035	0.037037037037037035
655	1	1.0	4.481481481481482
655	2	0.7037037037037037	1.1111111111111112
655	3	0.3333333333333333	0.48148148148148145
655	4	0.2222222222222222	0.2962962962962963
655	5	0.14814814814814814	0.14814814814814814
655	6	0.07407407407407407	0.07407407407407407
655	7	0.037037037037037035	0.037037037037037035
655	8	0.037037037037037035	0.037037037037037035
655	9	0.037037037037037035	0.037037037037037035
655	10	0.037037037037037035	0.037037037037037035
656	1	1.0	4.777777777777778
656	2	0.4074074074074074	0.7407407407407407
656	3	0.25925925925925924	0.37037037037037035
656	4	0.1111111111111111	0.14814814814814814
656	5	0.1111111111111111	0.1111111111111111
656	6	0.07407407407407407	0.07407407407407407
656	7	0.037037037037037035	0.037037037037037035
656	8	0.037037037037037035	0.037037037037037035
656	9	0.037037037037037035	0.037037037037037035
656	10	0.037037037037037035	0.037037037037037035
657	1	1.0	4.7407407407407405
657	2	0.37037037037037035	0.5925925925925926
657	3	0.1111111111111111	0.14814814814814814
657	4	0.07407407407407407	0.1111111111111111
657	5	0.037037037037037035	0.037037037037037035
657	6	0.0	0.0
657	7	0.0	0.0
657	8	0.0	0.0
657	9	0.0	0.0
657	10	0.0	0.0
658	1	1.0	4.518518518518518
658	2	0.4074074074074074	0.8148148148148148
658	3	0.3333333333333333	0.48148148148148145
658	4	0.2962962962962963	0.37037037037037035
658	5	0.14814814814814814	0.14814814814814814
658	6	0.07407407407407407	0.07407407407407407
658	7	0.07407407407407407	0.07407407407407407
658	8	0.07407407407407407	0.07407407407407407
658	9	0.07407407407407407	0.07407407407407407
658	10	0.037037037037037035	0.037037037037037035
659	1	1.0	4.333333333333333
659	2	0.4444444444444444	0.7037037037037037
659	3	0.18518518518518517	0.2962962962962963
659	4	0.1111111111111111	0.14814814814814814
659	5	0.07407407407407407	0.07407407407407407
659	6	0.07407407407407407	0.07407407407407407
659	7	0.07407407407407407	0.07407407407407407
659	8	0.0	0.0
659	9	0.0	0.0
659	10	0.0	0.0
660	1	1.0	4.333333333333333
660	2	0.4444444444444444	0.7777777777777778
660	3	0.2962962962962963	0.4444444444444444
660	4	0.25925925925925924	0.37037037037037035
660	5	0.18518518518518517	0.25925925925925924
660	6	0.14814814814814814	0.2222222222222222
660	7	0.07407407407407407	0.14814814814814814
660	8	0.07407407407407407	0.14814814814814814
660	9	0.07407407407407407	0.1111111111111111
660	10	0.07407407407407407	0.07407407407407407
661	1	1.0	4.444444444444445
661	2	0.4444444444444444	0.7037037037037037
661	3	0.14814814814814814	0.2962962962962963
661	4	0.14814814814814814	0.25925925925925924
661	5	0.1111111111111111	0.18518518518518517
661	6	0.0	0.0
661	7	0.0	0.0
661	8	0.0	0.0
661	9	0.0	0.0
661	10	0.0	0.0
662	1	1.0	3.7037037037037037
662	2	0.48148148148148145	0.7037037037037037
662	3	0.2962962962962963	0.4074074074074074
662	4	0.18518518518518517	0.18518518518518517
662	5	0.07407407407407407	0.07407407407407407
662	6	0.037037037037037035	0.037037037037037035
662	7	0.0	0.0
662	8	0.0	0.0
662	9	0.0	0.0
662	10	0.0	0.0
663	1	1.0	4.333333333333333
663	2	0.48148148148148145	0.7777777777777778
663	3	0.2962962962962963	0.37037037037037035
663	4	0.14814814814814814	0.18518518518518517
663	5	0.07407407407407407	0.1111111111111111
663	6	0.07407407407407407	0.07407407407407407
663	7	0.07407407407407407	0.07407407407407407
663	8	0.037037037037037035	0.037037037037037035
663	9	0.037037037037037035	0.037037037037037035
663	10	0.0	0.0
664	1	1.0	4.037037037037037
664	2	0.48148148148148145	0.7777777777777778
664	3	0.3333333333333333	0.48148148148148145
664	4	0.2222222222222222	0.2222222222222222
664	5	0.1111111111111111	0.1111111111111111
664	6	0.037037037037037035	0.037037037037037035
664	7	0.0	0.0
664	8	0.0	0.0
664	9	0.0	0.0
664	10	0.0	0.0
665	1	1.0	4.62962962962963
665	2	0.5185185185185185	0.8518518518518519
665	3	0.3333333333333333	0.4074074074074074
665	4	0.2222222222222222	0.2222222222222222
665	5	0.1111111111111111	0.1111111111111111
665	6	0.037037037037037035	0.037037037037037035
665	7	0.037037037037037035	0.037037037037037035
665	8	0.037037037037037035	0.037037037037037035
665	9	0.0	0.0
665	10	0.0	0.0
666	1	1.0	5.444444444444445
666	2	0.4444444444444444	0.6296296296296297
666	3	0.14814814814814814	0.14814814814814814
666	4	0.07407407407407407	0.07407407407407407
666	5	0.037037037037037035	0.037037037037037035
666	6	0.037037037037037035	0.037037037037037035
666	7	0.037037037037037035	0.037037037037037035
666	8	0.037037037037037035	0.037037037037037035
666	9	0.037037037037037035	0.037037037037037035
666	10	0.037037037037037035	0.037037037037037035
667	1	1.0	4.222222222222222
667	2	0.37037037037037035	0.5555555555555556
667	3	0.25925925925925924	0.3333333333333333
667	4	0.18518518518518517	0.2222222222222222
667	5	0.14814814814814814	0.14814814814814814
667	6	0.037037037037037035	0.037037037037037035
667	7	0.037037037037037035	0.037037037037037035
667	8	0.037037037037037035	0.037037037037037035
667	9	0.0	0.0
667	10	0.0	0.0
668	1	1.0	4.407407407407407
668	2	0.7037037037037037	1.2222222222222223
668	3	0.5185185185185185	0.7777777777777778
668	4	0.37037037037037035	0.5555555555555556
668	5	0.2222222222222222	0.25925925925925924
668	6	0.14814814814814814	0.18518518518518517
668	7	0.14814814814814814	0.14814814814814814
668	8	0.037037037037037035	0.037037037037037035
668	9	0.0	0.0
668	10	0.0	0.0
669	1	1.0	3.925925925925926
669	2	0.5925925925925926	0.8518518518518519
669	3	0.2962962962962963	0.37037037037037035
669	4	0.14814814814814814	0.18518518518518517
669	5	0.07407407407407407	0.1111111111111111
669	6	0.037037037037037035	0.07407407407407407
669	7	0.037037037037037035	0.07407407407407407
669	8	0.037037037037037035	0.07407407407407407
669	9	0.0	0.0
669	10	0.0	0.0
670	1	1.0	4.148148148148148
670	2	0.5925925925925926	0.8888888888888888
670	3	0.4074074074074074	0.4444444444444444
670	4	0.2962962962962963	0.3333333333333333
670	5	0.18518518518518517	0.2222222222222222
670	6	0.14814814814814814	0.14814814814814814
670	7	0.1111111111111111	0.1111111111111111
670	8	0.1111111111111111	0.1111111111111111
670	9	0.07407407407407407	0.07407407407407407
670	10	0.037037037037037035	0.037037037037037035
671	1	1.0	4.111111111111111
671	2	0.6296296296296297	0.9629629629629629
671	3	0.2962962962962963	0.4074074074074074
671	4	0.18518518518518517	0.25925925925925924
671	5	0.1111111111111111	0.14814814814814814
671	6	0.07407407407407407	0.1111111111111111
671	7	0.037037037037037035	0.037037037037037035
671	8	0.0	0.0
671	9	0.0	0.0
671	10	0.0	0.0
672	1	1.0	4.185185185185185
672	2	0.2222222222222222	0.2962962962962963
672	3	0.07407407407407407	0.07407407407407407
672	4	0.037037037037037035	0.037037037037037035
672	5	0.037037037037037035	0.037037037037037035
672	6	0.037037037037037035	0.037037037037037035
672	7	0.037037037037037035	0.037037037037037035
672	8	0.0	0.0
672	9	0.0	0.0
672	10	0.0	0.0
673	1	1.0	4.333333333333333
673	2	0.5555555555555556	1.1111111111111112
673	3	0.4074074074074074	0.5185185185185185
673	4	0.18518518518518517	0.18518518518518517
673	5	0.0	0.0
673	6	0.0	0.0
673	7	0.0	0.0
673	8	0.0	0.0
673	9	0.0	0.0
673	10	0.0	0.0
674	1	1.0	4.185185185185185
674	2	0.48148148148148145	0.6666666666666666
674	3	0.25925925925925924	0.4074074074074074
674	4	0.18518518518518517	0.25925925925925924
674	5	0.18518518518518517	0.25925925925925924
674	6	0.1111111111111111	0.14814814814814814
674	7	0.1111111111111111	0.14814814814814814
674	8	0.037037037037037035	0.037037037037037035
674	9	0.0	0.0
674	10	0.0	0.0
675	1	1.0	4.2592592592592595
675	2	0.4074074074074074	0.5185185185185185
675	3	0.14814814814814814	0.18518518518518517
675	4	0.1111111111111111	0.14814814814814814
675	5	0.07407407407407407	0.1111111111111111
675	6	0.037037037037037035	0.07407407407407407
675	7	0.037037037037037035	0.07407407407407407
675	8	0.037037037037037035	0.037037037037037035
675	9	0.0	0.0
675	10	0.0	0.0
676	1	1.0	4.703703703703703
676	2	0.4074074074074074	0.5925925925925926
676	3	0.2962962962962963	0.2962962962962963
676	4	0.14814814814814814	0.14814814814814814
676	5	0.0	0.0
676	6	0.0	0.0
676	7	0.0	0.0
676	8	0.0	0.0
676	9	0.0	0.0
676	10	0.0	0.0
677	1	1.0	4.074074074074074
677	2	0.48148148148148145	0.8888888888888888
677	3	0.2962962962962963	0.5555555555555556
677	4	0.2222222222222222	0.37037037037037035
677	5	0.18518518518518517	0.2962962962962963
677	6	0.14814814814814814	0.25925925925925924
677	7	0.14814814814814814	0.18518518518518517
677	8	0.14814814814814814	0.18518518518518517
677	9	0.1111111111111111	0.1111111111111111
677	10	0.0	0.0
678	1	1.0	4.666666666666667
678	2	0.2962962962962963	0.37037037037037035
678	3	0.18518518518518517	0.2222222222222222
678	4	0.0	0.0
678	5	0.0	0.0
678	6	0.0	0.0
678	7	0.0	0.0
678	8	0.0	0.0
678	9	0.0	0.0
678	10	0.0	0.0
679	1	1.0	4.148148148148148
679	2	0.5925925925925926	0.9259259259259259
679	3	0.2962962962962963	0.3333333333333333
679	4	0.14814814814814814	0.14814814814814814
679	5	0.07407407407407407	0.07407407407407407
679	6	0.07407407407407407	0.07407407407407407
679	7	0.0	0.0
679	8	0.0	0.0
679	9	0.0	0.0
679	10	0.0	0.0
680	1	1.0	4.444444444444445
680	2	0.4444444444444444	0.7037037037037037
680	3	0.25925925925925924	0.3333333333333333
680	4	0.2222222222222222	0.2962962962962963
680	5	0.14814814814814814	0.14814814814814814
680	6	0.1111111111111111	0.1111111111111111
680	7	0.037037037037037035	0.037037037037037035
680	8	0.037037037037037035	0.037037037037037035
680	9	0.0	0.0
680	10	0.0	0.0
681	1	1.0	4.148148148148148
681	2	0.5555555555555556	0.9259259259259259
681	3	0.3333333333333333	0.48148148148148145
681	4	0.18518518518518517	0.25925925925925924
681	5	0.1111111111111111	0.14814814814814814
681	6	0.07407407407407407	0.1111111111111111
681	7	0.037037037037037035	0.07407407407407407
681	8	0.0	0.0
681	9	0.0	0.0
681	10	0.0	0.0
682	1	1.0	5.037037037037037
682	2	0.6296296296296297	1.0740740740740742
682	3	0.18518518518518517	0.25925925925925924
682	4	0.18518518518518517	0.25925925925925924
682	5	0.1111111111111111	0.1111111111111111
682	6	0.037037037037037035	0.037037037037037035
682	7	0.037037037037037035	0.037037037037037035
682	8	0.037037037037037035	0.037037037037037035
682	9	0.037037037037037035	0.037037037037037035
682	10	0.037037037037037035	0.037037037037037035
683	1	1.0	4.2592592592592595
683	2	0.5185185185185185	0.9629629629629629
683	3	0.2962962962962963	0.4444444444444444
683	4	0.18518518518518517	0.2962962962962963
683	5	0.14814814814814814	0.2222222222222222
683	6	0.14814814814814814	0.18518518518518517
683	7	0.07407407407407407	0.1111111111111111
683	8	0.037037037037037035	0.07407407407407407
683	9	0.037037037037037035	0.037037037037037035
683	10	0.0	0.0
684	1	1.0	5.0
684	2	0.6296296296296297	1.037037037037037
684	3	0.25925925925925924	0.37037037037037035
684	4	0.2222222222222222	0.25925925925925924
684	5	0.037037037037037035	0.037037037037037035
684	6	0.037037037037037035	0.037037037037037035
684	7	0.037037037037037035	0.037037037037037035
684	8	0.037037037037037035	0.037037037037037035
684	9	0.037037037037037035	0.037037037037037035
684	10	0.037037037037037035	0.037037037037037035
685	1	1.0	4.777777777777778
685	2	0.5925925925925926	0.8518518518518519
685	3	0.2962962962962963	0.2962962962962963
685	4	0.07407407407407407	0.07407407407407407
685	5	0.0	0.0
685	6	0.0	0.0
685	7	0.0	0.0
685	8	0.0	0.0
685	9	0.0	0.0
685	10	0.0	0.0
686	1	1.0	4.074074074074074
686	2	0.3333333333333333	0.4074074074074074
686	3	0.18518518518518517	0.2222222222222222
686	4	0.18518518518518517	0.2222222222222222
686	5	0.1111111111111111	0.1111111111111111
686	6	0.07407407407407407	0.07407407407407407
686	7	0.037037037037037035	0.037037037037037035
686	8	0.037037037037037035	0.037037037037037035
686	9	0.0	0.0
686	10	0.0	0.0
687	1	1.0	4.2592592592592595
687	2	0.37037037037037035	0.7407407407407407
687	3	0.14814814814814814	0.18518518518518517
687	4	0.1111111111111111	0.14814814814814814
687	5	0.07407407407407407	0.07407407407407407
687	6	0.07407407407407407	0.07407407407407407
687	7	0.037037037037037035	0.037037037037037035
687	8	0.037037037037037035	0.037037037037037035
687	9	0.0	0.0
687	10	0.0	0.0
688	1	1.0	4.185185185185185
688	2	0.5555555555555556	0.8888888888888888
688	3	0.2962962962962963	0.4444444444444444
688	4	0.14814814814814814	0.2222222222222222
688	5	0.1111111111111111	0.14814814814814814
688	6	0.037037037037037035	0.037037037037037035
688	7	0.0	0.0
688	8	0.0	0.0
688	9	0.0	0.0
688	10	0.0	0.0
689	1	1.0	4.111111111111111
689	2	0.4444444444444444	0.8148148148148148
689	3	0.25925925925925924	0.2962962962962963
689	4	0.14814814814814814	0.18518518518518517
689	5	0.037037037037037035	0.07407407407407407
689	6	0.037037037037037035	0.037037037037037035
689	7	0.037037037037037035	0.037037037037037035
689	8	0.0	0.0
689	9	0.0	0.0
689	10	0.0	0.0
690	1	1.0	4.7407407407407405
690	2	0.48148148148148145	0.7037037037037037
690	3	0.14814814814814814	0.25925925925925924
690	4	0.1111111111111111	0.2222222222222222
690	5	0.07407407407407407	0.07407407407407407
690	6	0.07407407407407407	0.07407407407407407
690	7	0.0	0.0
690	8	0.0	0.0
690	9	0.0	0.0
690	10	0.0	0.0
691	1	1.0	4.037037037037037
691	2	0.4074074074074074	0.8888888888888888
691	3	0.3333333333333333	0.6296296296296297
691	4	0.2962962962962963	0.48148148148148145
691	5	0.18518518518518517	0.25925925925925924
691	6	0.1111111111111111	0.14814814814814814
691	7	0.07407407407407407	0.07407407407407407
691	8	0.037037037037037035	0.037037037037037035
691	9	0.037037037037037035	0.037037037037037035
691	10	0.037037037037037035	0.037037037037037035
692	1	1.0	3.962962962962963
692	2	0.48148148148148145	0.6666666666666666
692	3	0.2222222222222222	0.2222222222222222
692	4	0.1111111111111111	0.1111111111111111
692	5	0.1111111111111111	0.1111111111111111
692	6	0.07407407407407407	0.07407407407407407
692	7	0.07407407407407407	0.07407407407407407
692	8	0.037037037037037035	0.037037037037037035
692	9	0.0	0.0
692	10	0.0	0.0
693	1	1.0	4.111111111111111
693	2	0.6296296296296297	0.8148148148148148
693	3	0.25925925925925924	0.37037037037037035
693	4	0.1111111111111111	0.18518518518518517
693	5	0.1111111111111111	0.14814814814814814
693	6	0.07407407407407407	0.1111111111111111
693	7	0.07407407407407407	0.1111111111111111
693	8	0.07407407407407407	0.1111111111111111
693	9	0.037037037037037035	0.037037037037037035
693	10	0.037037037037037035	0.037037037037037035
694	1	1.0	5.074074074074074
694	2	0.37037037037037035	0.5925925925925926
694	3	0.25925925925925924	0.2962962962962963
694	4	0.18518518518518517	0.18518518518518517
694	5	0.037037037037037035	0.037037037037037035
694	6	0.037037037037037035	0.037037037037037035
694	7	0.0	0.0
694	8	0.0	0.0
694	9	0.0	0.0
694	10	0.0	0.0
695	1	1.0	5.111111111111111
695	2	0.5185185185185185	0.8888888888888888
695	3	0.37037037037037035	0.4444444444444444
695	4	0.18518518518518517	0.2222222222222222
695	5	0.07407407407407407	0.1111111111111111
695	6	0.07407407407407407	0.1111111111111111
695	7	0.07407407407407407	0.1111111111111111
695	8	0.037037037037037035	0.037037037037037035
695	9	0.037037037037037035	0.037037037037037035
695	10	0.0	0.0
696	1	1.0	4.703703703703703
696	2	0.48148148148148145	0.7777777777777778
696	3	0.25925925925925924	0.2962962962962963
696	4	0.18518518518518517	0.18518518518518517
696	5	0.1111111111111111	0.1111111111111111
696	6	0.037037037037037035	0.037037037037037035
696	7	0.0	0.0
696	8	0.0	0.0
696	9	0.0	0.0
696	10	0.0	0.0
697	1	1.0	3.8518518518518516
697	2	0.48148148148148145	0.6296296296296297
697	3	0.25925925925925924	0.3333333333333333
697	4	0.07407407407407407	0.1111111111111111
697	5	0.037037037037037035	0.07407407407407407
697	6	0.037037037037037035	0.07407407407407407
697	7	0.037037037037037035	0.037037037037037035
697	8	0.037037037037037035	0.037037037037037035
697	9	0.037037037037037035	0.037037037037037035
697	10	0.037037037037037035	0.037037037037037035
698	1	1.0	4.37037037037037
698	2	0.5185185185185185	0.8518518518518519
698	3	0.25925925925925924	0.25925925925925924
698	4	0.07407407407407407	0.07407407407407407
698	5	0.037037037037037035	0.037037037037037035
698	6	0.0	0.0
698	7	0.0	0.0
698	8	0.0	0.0
698	9	0.0	0.0
698	10	0.0	0.0
699	1	1.0	4.185185185185185
699	2	0.7037037037037037	1.1481481481481481
699	3	0.2962962962962963	0.4444444444444444
699	4	0.14814814814814814	0.18518518518518517
699	5	0.037037037037037035	0.037037037037037035
699	6	0.037037037037037035	0.037037037037037035
699	7	0.037037037037037035	0.037037037037037035
699	8	0.037037037037037035	0.037037037037037035
699	9	0.037037037037037035	0.037037037037037035
699	10	0.0	0.0
700	1	1.0	4.111111111111111
700	2	0.4444444444444444	0.7037037037037037
700	3	0.2222222222222222	0.25925925925925924
700	4	0.18518518518518517	0.18518518518518517
700	5	0.18518518518518517	0.18518518518518517
700	6	0.07407407407407407	0.07407407407407407
700	7	0.07407407407407407	0.07407407407407407
700	8	0.037037037037037035	0.037037037037037035
700	9	0.037037037037037035	0.037037037037037035
700	10	0.0	0.0
701	1	1.0	4.518518518518518
701	2	0.6666666666666666	0.9259259259259259
701	3	0.37037037037037035	0.4444444444444444
701	4	0.18518518518518517	0.18518518518518517
701	5	0.1111111111111111	0.1111111111111111
701	6	0.07407407407407407	0.07407407407407407
701	7	0.037037037037037035	0.037037037037037035
701	8	0.0	0.0
701	9	0.0	0.0
701	10	0.0	0.0
702	1	1.0	5.074074074074074
702	2	0.6296296296296297	1.3703703703703705
702	3	0.37037037037037035	0.5555555555555556
702	4	0.2962962962962963	0.37037037037037035
702	5	0.18518518518518517	0.2222222222222222
702	6	0.07407407407407407	0.07407407407407407
702	7	0.07407407407407407	0.07407407407407407
702	8	0.07407407407407407	0.07407407407407407
702	9	0.037037037037037035	0.037037037037037035
702	10	0.037037037037037035	0.037037037037037035
703	1	1.0	4.592592592592593
703	2	0.4444444444444444	0.7407407407407407
703	3	0.25925925925925924	0.25925925925925924
703	4	0.14814814814814814	0.14814814814814814
703	5	0.1111111111111111	0.1111111111111111
703	6	0.037037037037037035	0.037037037037037035
703	7	0.037037037037037035	0.037037037037037035
703	8	0.037037037037037035	0.037037037037037035
703	9	0.037037037037037035	0.037037037037037035
703	10	0.037037037037037035	0.037037037037037035
704	1	1.0	4.666666666666667
704	2	0.5925925925925926	1.0740740740740742
704	3	0.48148148148148145	0.5925925925925926
704	4	0.2962962962962963	0.4074074074074074
704	5	0.2222222222222222	0.25925925925925924
704	6	0.14814814814814814	0.18518518518518517
704	7	0.1111111111111111	0.14814814814814814
704	8	0.1111111111111111	0.14814814814814814
704	9	0.037037037037037035	0.037037037037037035
704	10	0.037037037037037035	0.037037037037037035
705	1	1.0	4.444444444444445
705	2	0.48148148148148145	0.8518518518518519
705	3	0.3333333333333333	0.4074074074074074
705	4	0.1111111111111111	0.1111111111111111
705	5	0.07407407407407407	0.07407407407407407
705	6	0.037037037037037035	0.037037037037037035
705	7	0.0	0.0
705	8	0.0	0.0
705	9	0.0	0.0
705	10	0.0	0.0
706	1	1.0	4.074074074074074
706	2	0.4074074074074074	0.7777777777777778
706	3	0.18518518518518517	0.2222222222222222
706	4	0.1111111111111111	0.14814814814814814
706	5	0.037037037037037035	0.07407407407407407
706	6	0.0	0.0
706	7	0.0	0.0
706	8	0.0	0.0
706	9	0.0	0.0
706	10	0.0	0.0
707	1	1.0	4.222222222222222
707	2	0.5925925925925926	0.8888888888888888
707	3	0.4444444444444444	0.4444444444444444
707	4	0.2962962962962963	0.2962962962962963
707	5	0.1111111111111111	0.1111111111111111
707	6	0.0	0.0
707	7	0.0	0.0
707	8	0.0	0.0
707	9	0.0	0.0
707	10	0.0	0.0
708	1	1.0	4.888888888888889
708	2	0.4074074074074074	0.8148148148148148
708	3	0.2222222222222222	0.37037037037037035
708	4	0.14814814814814814	0.2962962962962963
708	5	0.1111111111111111	0.2222222222222222
708	6	0.1111111111111111	0.18518518518518517
708	7	0.037037037037037035	0.07407407407407407
708	8	0.037037037037037035	0.07407407407407407
708	9	0.037037037037037035	0.07407407407407407
708	10	0.037037037037037035	0.07407407407407407
709	1	1.0	4.592592592592593
709	2	0.4444444444444444	0.7777777777777778
709	3	0.1111111111111111	0.1111111111111111
709	4	0.037037037037037035	0.037037037037037035
709	5	0.0	0.0
709	6	0.0	0.0
709	7	0.0	0.0
709	8	0.0	0.0
709	9	0.0	0.0
709	10	0.0	0.0
710	1	1.0	3.888888888888889
710	2	0.48148148148148145	0.7777777777777778
710	3	0.25925925925925924	0.4074074074074074
710	4	0.14814814814814814	0.2222222222222222
710	5	0.1111111111111111	0.18518518518518517
710	6	0.07407407407407407	0.14814814814814814
710	7	0.07407407407407407	0.14814814814814814
710	8	0.07407407407407407	0.1111111111111111
710	9	0.07407407407407407	0.1111111111111111
710	10	0.0	0.0
711	1	1.0	3.888888888888889
711	2	0.5185185185185185	0.7777777777777778
711	3	0.2222222222222222	0.2962962962962963
711	4	0.07407407407407407	0.07407407407407407
711	5	0.037037037037037035	0.037037037037037035
711	6	0.0	0.0
711	7	0.0	0.0
711	8	0.0	0.0
711	9	0.0	0.0
711	10	0.0	0.0
712	1	1.0	4.666666666666667
712	2	0.5555555555555556	1.0
712	3	0.2962962962962963	0.4074074074074074
712	4	0.18518518518518517	0.2222222222222222
712	5	0.07407407407407407	0.1111111111111111
712	6	0.037037037037037035	0.037037037037037035
712	7	0.0	0.0
712	8	0.0	0.0
712	9	0.0	0.0
712	10	0.0	0.0
713	1	1.0	4.962962962962963
713	2	0.4444444444444444	0.8148148148148148
713	3	0.25925925925925924	0.2962962962962963
713	4	0.1111111111111111	0.1111111111111111
713	5	0.037037037037037035	0.037037037037037035
713	6	0.0	0.0
713	7	0.0	0.0
713	8	0.0	0.0
713	9	0.0	0.0
713	10	0.0	0.0
714	1	1.0	4.0
714	2	0.5185185185185185	0.8518518518518519
714	3	0.25925925925925924	0.3333333333333333
714	4	0.18518518518518517	0.25925925925925924
714	5	0.14814814814814814	0.2222222222222222
714	6	0.1111111111111111	0.1111111111111111
714	7	0.037037037037037035	0.037037037037037035
714	8	0.037037037037037035	0.037037037037037035
714	9	0.0	0.0
714	10	0.0	0.0
715	1	1.0	5.444444444444445
715	2	0.5555555555555556	1.1481481481481481
715	3	0.2222222222222222	0.4074074074074074
715	4	0.14814814814814814	0.14814814814814814
715	5	0.1111111111111111	0.1111111111111111
715	6	0.037037037037037035	0.037037037037037035
715	7	0.037037037037037035	0.037037037037037035
715	8	0.037037037037037035	0.037037037037037035
715	9	0.037037037037037035	0.037037037037037035
715	10	0.037037037037037035	0.037037037037037035
716	1	1.0	4.074074074074074
716	2	0.5555555555555556	0.7037037037037037
716	3	0.25925925925925924	0.25925925925925924
716	4	0.14814814814814814	0.14814814814814814
716	5	0.1111111111111111	0.1111111111111111
716	6	0.1111111111111111	0.1111111111111111
716	7	0.07407407407407407	0.07407407407407407
716	8	0.07407407407407407	0.07407407407407407
716	9	0.07407407407407407	0.07407407407407407
716	10	0.037037037037037035	0.037037037037037035
717	1	1.0	4.592592592592593
717	2	0.4074074074074074	0.7407407407407407
717	3	0.2222222222222222	0.3333333333333333
717	4	0.1111111111111111	0.1111111111111111
717	5	0.07407407407407407	0.07407407407407407
717	6	0.07407407407407407	0.07407407407407407
717	7	0.07407407407407407	0.07407407407407407
717	8	0.037037037037037035	0.037037037037037035
717	9	0.0	0.0
717	10	0.0	0.0
718	1	1.0	4.0
718	2	0.4444444444444444	0.6666666666666666
718	3	0.18518518518518517	0.2962962962962963
718	4	0.1111111111111111	0.14814814814814814
718	5	0.07407407407407407	0.1111111111111111
718	6	0.07407407407407407	0.07407407407407407
718	7	0.037037037037037035	0.037037037037037035
718	8	0.0	0.0
718	9	0.0	0.0
718	10	0.0	0.0
719	1	1.0	3.740740740740741
719	2	0.48148148148148145	0.8148148148148148
719	3	0.37037037037037035	0.5925925925925926
719	4	0.14814814814814814	0.18518518518518517
719	5	0.1111111111111111	0.1111111111111111
719	6	0.1111111111111111	0.1111111111111111
719	7	0.07407407407407407	0.07407407407407407
719	8	0.07407407407407407	0.07407407407407407
719	9	0.037037037037037035	0.037037037037037035
719	10	0.037037037037037035	0.037037037037037035
720	1	1.0	4.407407407407407
720	2	0.5925925925925926	0.7777777777777778
720	3	0.2962962962962963	0.2962962962962963
720	4	0.14814814814814814	0.14814814814814814
720	5	0.037037037037037035	0.037037037037037035
720	6	0.037037037037037035	0.037037037037037035
720	7	0.0	0.0
720	8	0.0	0.0
720	9	0.0	0.0
720	10	0.0	0.0
721	1	1.0	4.333333333333333
721	2	0.5185185185185185	0.8148148148148148
721	3	0.18518518518518517	0.2222222222222222
721	4	0.1111111111111111	0.1111111111111111
721	5	0.07407407407407407	0.07407407407407407
721	6	0.07407407407407407	0.07407407407407407
721	7	0.037037037037037035	0.037037037037037035
721	8	0.037037037037037035	0.037037037037037035
721	9	0.037037037037037035	0.037037037037037035
721	10	0.037037037037037035	0.037037037037037035
722	1	1.0	4.592592592592593
722	2	0.5555555555555556	0.8518518518518519
722	3	0.2222222222222222	0.3333333333333333
722	4	0.18518518518518517	0.18518518518518517
722	5	0.14814814814814814	0.14814814814814814
722	6	0.037037037037037035	0.037037037037037035
722	7	0.0	0.0
722	8	0.0	0.0
722	9	0.0	0.0
722	10	0.0	0.0
723	1	1.0	4.555555555555555
723	2	0.5925925925925926	0.8518518518518519
723	3	0.2962962962962963	0.37037037037037035
723	4	0.1111111111111111	0.14814814814814814
723	5	0.037037037037037035	0.037037037037037035
723	6	0.0	0.0
723	7	0.0	0.0
723	8	0.0	0.0
723	9	0.0	0.0
723	10	0.0	0.0
724	1	1.0	4.777777777777778
724	2	0.5185185185185185	0.7777777777777778
724	3	0.25925925925925924	0.3333333333333333
724	4	0.07407407407407407	0.07407407407407407
724	5	0.037037037037037035	0.037037037037037035
724	6	0.0	0.0
724	7	0.0	0.0
724	8	0.0	0.0
724	9	0.0	0.0
724	10	0.0	0.0
725	1	1.0	3.814814814814815
725	2	0.37037037037037035	0.5925925925925926
725	3	0.2222222222222222	0.2962962962962963
725	4	0.14814814814814814	0.2222222222222222
725	5	0.1111111111111111	0.1111111111111111
725	6	0.037037037037037035	0.037037037037037035
725	7	0.037037037037037035	0.037037037037037035
725	8	0.0	0.0
725	9	0.0	0.0
725	10	0.0	0.0
726	1	1.0	5.333333333333333
726	2	0.4074074074074074	0.8148148148148148
726	3	0.25925925925925924	0.37037037037037035
726	4	0.18518518518518517	0.25925925925925924
726	5	0.14814814814814814	0.18518518518518517
726	6	0.07407407407407407	0.1111111111111111
726	7	0.037037037037037035	0.07407407407407407
726	8	0.037037037037037035	0.07407407407407407
726	9	0.037037037037037035	0.07407407407407407
726	10	0.037037037037037035	0.037037037037037035
727	1	1.0	4.222222222222222
727	2	0.48148148148148145	0.8518518518518519
727	3	0.3333333333333333	0.4444444444444444
727	4	0.2222222222222222	0.25925925925925924
727	5	0.1111111111111111	0.1111111111111111
727	6	0.07407407407407407	0.07407407407407407
727	7	0.07407407407407407	0.07407407407407407
727	8	0.07407407407407407	0.07407407407407407
727	9	0.037037037037037035	0.037037037037037035
727	10	0.0	0.0
728	1	1.0	4.555555555555555
728	2	0.5555555555555556	0.7777777777777778
728	3	0.3333333333333333	0.37037037037037035
728	4	0.14814814814814814	0.18518518518518517
728	5	0.07407407407407407	0.1111111111111111
728	6	0.037037037037037035	0.037037037037037035
728	7	0.0	0.0
728	8	0.0	0.0
728	9	0.0	0.0
728	10	0.0	0.0
729	1	1.0	4.444444444444445
729	2	0.5555555555555556	1.037037037037037
729	3	0.3333333333333333	0.48148148148148145
729	4	0.14814814814814814	0.14814814814814814
729	5	0.07407407407407407	0.07407407407407407
729	6	0.0	0.0
729	7	0.0	0.0
729	8	0.0	0.0
729	9	0.0	0.0
729	10	0.0	0.0
730	1	1.0	4.62962962962963
730	2	0.3333333333333333	0.5925925925925926
730	3	0.14814814814814814	0.2222222222222222
730	4	0.1111111111111111	0.18518518518518517
730	5	0.1111111111111111	0.18518518518518517
730	6	0.0	0.0
730	7	0.0	0.0
730	8	0.0	0.0
730	9	0.0	0.0
730	10	0.0	0.0
731	1	1.0	4.888888888888889
731	2	0.6666666666666666	1.4444444444444444
731	3	0.37037037037037035	0.5925925925925926
731	4	0.18518518518518517	0.3333333333333333
731	5	0.1111111111111111	0.18518518518518517
731	6	0.1111111111111111	0.1111111111111111
731	7	0.1111111111111111	0.1111111111111111
731	8	0.07407407407407407	0.07407407407407407
731	9	0.07407407407407407	0.07407407407407407
731	10	0.0	0.0
732	1	1.0	4.481481481481482
732	2	0.5185185185185185	0.7777777777777778
732	3	0.25925925925925924	0.3333333333333333
732	4	0.18518518518518517	0.2222222222222222
732	5	0.14814814814814814	0.18518518518518517
732	6	0.037037037037037035	0.037037037037037035
732	7	0.037037037037037035	0.037037037037037035
732	8	0.037037037037037035	0.037037037037037035
732	9	0.037037037037037035	0.037037037037037035
732	10	0.0	0.0
733	1	1.0	4.37037037037037
733	2	0.48148148148148145	0.7407407407407407
733	3	0.2962962962962963	0.3333333333333333
733	4	0.14814814814814814	0.14814814814814814
733	5	0.07407407407407407	0.07407407407407407
733	6	0.07407407407407407	0.07407407407407407
733	7	0.037037037037037035	0.037037037037037035
733	8	0.037037037037037035	0.037037037037037035
733	9	0.0	0.0
733	10	0.0	0.0
734	1	1.0	4.333333333333333
734	2	0.5925925925925926	1.037037037037037
734	3	0.37037037037037035	0.48148148148148145
734	4	0.18518518518518517	0.25925925925925924
734	5	0.1111111111111111	0.14814814814814814
734	6	0.07407407407407407	0.1111111111111111
734	7	0.037037037037037035	0.07407407407407407
734	8	0.0	0.0
734	9	0.0	0.0
734	10	0.0	0.0
735	1	1.0	4.37037037037037
735	2	0.4074074074074074	0.5925925925925926
735	3	0.25925925925925924	0.37037037037037035
735	4	0.14814814814814814	0.2222222222222222
735	5	0.07407407407407407	0.1111111111111111
735	6	0.037037037037037035	0.037037037037037035
735	7	0.0	0.0
735	8	0.0	0.0
735	9	0.0	0.0
735	10	0.0	0.0
736	1	1.0	4.37037037037037
736	2	0.5185185185185185	0.8518518518518519
736	3	0.2222222222222222	0.2962962962962963
736	4	0.037037037037037035	0.07407407407407407
736	5	0.037037037037037035	0.037037037037037035
736	6	0.037037037037037035	0.037037037037037035
736	7	0.037037037037037035	0.037037037037037035
736	8	0.037037037037037035	0.037037037037037035
736	9	0.0	0.0
736	10	0.0	0.0
737	1	1.0	4.222222222222222
737	2	0.6666666666666666	1.0
737	3	0.2222222222222222	0.2962962962962963
737	4	0.2222222222222222	0.2222222222222222
737	5	0.14814814814814814	0.14814814814814814
737	6	0.07407407407407407	0.07407407407407407
737	7	0.037037037037037035	0.037037037037037035
737	8	0.037037037037037035	0.037037037037037035
737	9	0.0	0.0
737	10	0.0	0.0
738	1	1.0	3.962962962962963
738	2	0.3333333333333333	0.48148148148148145
738	3	0.14814814814814814	0.18518518518518517
738	4	0.0	0.0
738	5	0.0	0.0
738	6	0.0	0.0
738	7	0.0	0.0
738	8	0.0	0.0
738	9	0.0	0.0
738	10	0.0	0.0
739	1	1.0	5.37037037037037
739	2	0.4444444444444444	0.7407407407407407
739	3	0.14814814814814814	0.18518518518518517
739	4	0.07407407407407407	0.1111111111111111
739	5	0.07407407407407407	0.1111111111111111
739	6	0.07407407407407407	0.07407407407407407
739	7	0.0	0.0
739	8	0.0	0.0
739	9	0.0	0.0
739	10	0.0	0.0
740	1	1.0	4.925925925925926
740	2	0.48148148148148145	0.7037037037037037
740	3	0.2222222222222222	0.25925925925925924
740	4	0.1111111111111111	0.1111111111111111
740	5	0.1111111111111111	0.1111111111111111
740	6	0.1111111111111111	0.1111111111111111
740	7	0.037037037037037035	0.037037037037037035
740	8	0.0	0.0
740	9	0.0	0.0
740	10	0.0	0.0
741	1	1.0	4.111111111111111
741	2	0.4074074074074074	0.9629629629629629
741	3	0.2222222222222222	0.5555555555555556
741	4	0.14814814814814814	0.25925925925925924
741	5	0.14814814814814814	0.2222222222222222
741	6	0.1111111111111111	0.14814814814814814
741	7	0.037037037037037035	0.037037037037037035
741	8	0.037037037037037035	0.037037037037037035
741	9	0.037037037037037035	0.037037037037037035
741	10	0.037037037037037035	0.037037037037037035
742	1	1.0	4.074074074074074
742	2	0.4444444444444444	0.7037037037037037
742	3	0.2962962962962963	0.3333333333333333
742	4	0.14814814814814814	0.18518518518518517
742	5	0.1111111111111111	0.1111111111111111
742	6	0.07407407407407407	0.07407407407407407
742	7	0.07407407407407407	0.07407407407407407
742	8	0.07407407407407407	0.07407407407407407
742	9	0.07407407407407407	0.07407407407407407
742	10	0.07407407407407407	0.07407407407407407
743	1	1.0	4.407407407407407
743	2	0.37037037037037035	0.5925925925925926
743	3	0.18518518518518517	0.18518518518518517
743	4	0.07407407407407407	0.07407407407407407
743	5	0.037037037037037035	0.037037037037037035
743	6	0.037037037037037035	0.037037037037037035
743	7	0.0	0.0
743	8	0.0	0.0
743	9	0.0	0.0
743	10	0.0	0.0
744	1	1.0	4.777777777777778
744	2	0.5185185185185185	0.7407407407407407
744	3	0.2962962962962963	0.37037037037037035
744	4	0.18518518518518517	0.25925925925925924
744	5	0.18518518518518517	0.2222222222222222
744	6	0.1111111111111111	0.14814814814814814
744	7	0.1111111111111111	0.1111111111111111
744	8	0.1111111111111111	0.1111111111111111
744	9	0.07407407407407407	0.07407407407407407
744	10	0.0	0.0
745	1	1.0	4.222222222222222
745	2	0.4444444444444444	0.7037037037037037
745	3	0.1111111111111111	0.18518518518518517
745	4	0.07407407407407407	0.1111111111111111
745	5	0.037037037037037035	0.037037037037037035
745	6	0.037037037037037035	0.037037037037037035
745	7	0.037037037037037035	0.037037037037037035
745	8	0.037037037037037035	0.037037037037037035
745	9	0.037037037037037035	0.037037037037037035
745	10	0.0	0.0
746	1	1.0	4.481481481481482
746	2	0.48148148148148145	0.7777777777777778
746	3	0.25925925925925924	0.3333333333333333
746	4	0.1111111111111111	0.1111111111111111
746	5	0.1111111111111111	0.1111111111111111
746	6	0.1111111111111111	0.1111111111111111
746	7	0.0	0.0
746	8	0.0	0.0
746	9	0.0	0.0
746	10	0.0	0.0
747	1	1.0	4.518518518518518
747	2	0.48148148148148145	0.8148148148148148
747	3	0.18518518518518517	0.25925925925925924
747	4	0.1111111111111111	0.1111111111111111
747	5	0.0	0.0
747	6	0.0	0.0
747	7	0.0	0.0
747	8	0.0	0.0
747	9	0.0	0.0
747	10	0.0	0.0
748	1	1.0	4.7407407407407405
748	2	0.48148148148148145	0.9259259259259259
748	3	0.25925925925925924	0.2962962962962963
748	4	0.037037037037037035	0.07407407407407407
748	5	0.037037037037037035	0.037037037037037035
748	6	0.037037037037037035	0.037037037037037035
748	7	0.037037037037037035	0.037037037037037035
748	8	0.037037037037037035	0.037037037037037035
748	9	0.037037037037037035	0.037037037037037035
748	10	0.037037037037037035	0.037037037037037035
749	1	1.0	4.481481481481482
749	2	0.5555555555555556	0.7407407407407407
749	3	0.25925925925925924	0.4074074074074074
749	4	0.18518518518518517	0.2222222222222222
749	5	0.14814814814814814	0.14814814814814814
749	6	0.14814814814814814	0.14814814814814814
749	7	0.1111111111111111	0.1111111111111111
749	8	0.1111111111111111	0.1111111111111111
749	9	0.07407407407407407	0.07407407407407407
749	10	0.0	0.0
750	1	1.0	3.814814814814815
750	2	0.5185185185185185	0.8148148148148148
750	3	0.2222222222222222	0.2962962962962963
750	4	0.1111111111111111	0.1111111111111111
750	5	0.037037037037037035	0.037037037037037035
750	6	0.0	0.0
750	7	0.0	0.0
750	8	0.0	0.0
750	9	0.0	0.0
750	10	0.0	0.0
751	1	1.0	3.814814814814815
751	2	0.4444444444444444	0.6296296296296297
751	3	0.14814814814814814	0.2222222222222222
751	4	0.07407407407407407	0.1111111111111111
751	5	0.07407407407407407	0.1111111111111111
751	6	0.037037037037037035	0.07407407407407407
751	7	0.037037037037037035	0.037037037037037035
751	8	0.0	0.0
751	9	0.0	0.0
751	10	0.0	0.0
752	1	1.0	4.851851851851852
752	2	0.5185185185185185	0.8888888888888888
752	3	0.3333333333333333	0.4444444444444444
752	4	0.2222222222222222	0.25925925925925924
752	5	0.2222222222222222	0.2222222222222222
752	6	0.1111111111111111	0.1111111111111111
752	7	0.07407407407407407	0.07407407407407407
752	8	0.037037037037037035	0.037037037037037035
752	9	0.037037037037037035	0.037037037037037035
752	10	0.0	0.0
753	1	1.0	3.5555555555555554
753	2	0.4444444444444444	0.5555555555555556
753	3	0.2222222222222222	0.2222222222222222
753	4	0.14814814814814814	0.14814814814814814
753	5	0.07407407407407407	0.07407407407407407
753	6	0.037037037037037035	0.037037037037037035
753	7	0.0	0.0
753	8	0.0	0.0
753	9	0.0	0.0
753	10	0.0	0.0
754	1	1.0	5.185185185185185
754	2	0.5555555555555556	0.8888888888888888
754	3	0.3333333333333333	0.48148148148148145
754	4	0.25925925925925924	0.3333333333333333
754	5	0.18518518518518517	0.25925925925925924
754	6	0.18518518518518517	0.25925925925925924
754	7	0.18518518518518517	0.25925925925925924
754	8	0.07407407407407407	0.1111111111111111
754	9	0.07407407407407407	0.07407407407407407
754	10	0.037037037037037035	0.037037037037037035
755	1	1.0	4.555555555555555
755	2	0.5185185185185185	0.8518518518518519
755	3	0.37037037037037035	0.4444444444444444
755	4	0.2222222222222222	0.25925925925925924
755	5	0.14814814814814814	0.14814814814814814
755	6	0.1111111111111111	0.1111111111111111
755	7	0.07407407407407407	0.07407407407407407
755	8	0.07407407407407407	0.07407407407407407
755	9	0.07407407407407407	0.07407407407407407
755	10	0.037037037037037035	0.037037037037037035
756	1	1.0	4.037037037037037
756	2	0.5555555555555556	0.8888888888888888
756	3	0.3333333333333333	0.4074074074074074
756	4	0.14814814814814814	0.14814814814814814
756	5	0.1111111111111111	0.1111111111111111
756	6	0.037037037037037035	0.037037037037037035
756	7	0.0	0.0
756	8	0.0	0.0
756	9	0.0	0.0
756	10	0.0	0.0
757	1	1.0	4.888888888888889
757	2	0.48148148148148145	0.7407407407407407
757	3	0.2222222222222222	0.2222222222222222
757	4	0.1111111111111111	0.1111111111111111
757	5	0.037037037037037035	0.037037037037037035
757	6	0.037037037037037035	0.037037037037037035
757	7	0.0	0.0
757	8	0.0	0.0
757	9	0.0	0.0
757	10	0.0	0.0
758	1	1.0	3.7777777777777777
758	2	0.6296296296296297	1.1111111111111112
758	3	0.3333333333333333	0.5185185185185185
758	4	0.2222222222222222	0.3333333333333333
758	5	0.14814814814814814	0.2222222222222222
758	6	0.14814814814814814	0.18518518518518517
758	7	0.1111111111111111	0.14814814814814814
758	8	0.037037037037037035	0.037037037037037035
758	9	0.0	0.0
758	10	0.0	0.0
759	1	1.0	3.740740740740741
759	2	0.5185185185185185	0.8888888888888888
759	3	0.4444444444444444	0.6296296296296297
759	4	0.18518518518518517	0.25925925925925924
759	5	0.14814814814814814	0.18518518518518517
759	6	0.1111111111111111	0.1111111111111111
759	7	0.07407407407407407	0.07407407407407407
759	8	0.037037037037037035	0.037037037037037035
759	9	0.037037037037037035	0.037037037037037035
759	10	0.0	0.0
760	1	1.0	5.074074074074074
760	2	0.48148148148148145	0.7777777777777778
760	3	0.2962962962962963	0.37037037037037035
760	4	0.1111111111111111	0.1111111111111111
760	5	0.037037037037037035	0.037037037037037035
760	6	0.037037037037037035	0.037037037037037035
760	7	0.037037037037037035	0.037037037037037035
760	8	0.037037037037037035	0.037037037037037035
760	9	0.037037037037037035	0.037037037037037035
760	10	0.037037037037037035	0.037037037037037035
761	1	1.0	4.2592592592592595
761	2	0.4444444444444444	0.6296296296296297
761	3	0.18518518518518517	0.25925925925925924
761	4	0.14814814814814814	0.18518518518518517
761	5	0.1111111111111111	0.1111111111111111
761	6	0.037037037037037035	0.037037037037037035
761	7	0.0	0.0
761	8	0.0	0.0
761	9	0.0	0.0
761	10	0.0	0.0
762	1	1.0	4.037037037037037
762	2	0.5925925925925926	1.037037037037037
762	3	0.2962962962962963	0.4444444444444444
762	4	0.18518518518518517	0.2962962962962963
762	5	0.18518518518518517	0.2222222222222222
762	6	0.1111111111111111	0.14814814814814814
762	7	0.1111111111111111	0.1111111111111111
762	8	0.037037037037037035	0.037037037037037035
762	9	0.037037037037037035	0.037037037037037035
762	10	0.037037037037037035	0.037037037037037035
763	1	1.0	4.037037037037037
763	2	0.48148148148148145	0.8518518518518519
763	3	0.18518518518518517	0.2962962962962963
763	4	0.14814814814814814	0.18518518518518517
763	5	0.07407407407407407	0.07407407407407407
763	6	0.037037037037037035	0.037037037037037035
763	7	0.0	0.0
763	8	0.0	0.0
763	9	0.0	0.0
763	10	0.0	0.0
764	1	1.0	4.2592592592592595
764	2	0.4444444444444444	0.7037037037037037
764	3	0.18518518518518517	0.18518518518518517
764	4	0.07407407407407407	0.07407407407407407
764	5	0.07407407407407407	0.07407407407407407
764	6	0.037037037037037035	0.037037037037037035
764	7	0.0	0.0
764	8	0.0	0.0
764	9	0.0	0.0
764	10	0.0	0.0
765	1	1.0	4.074074074074074
765	2	0.5185185185185185	0.8888888888888888
765	3	0.2962962962962963	0.4074074074074074
765	4	0.14814814814814814	0.14814814814814814
765	5	0.07407407407407407	0.07407407407407407
765	6	0.037037037037037035	0.037037037037037035
765	7	0.0	0.0
765	8	0.0	0.0
765	9	0.0	0.0
765	10	0.0	0.0
766	1	1.0	4.2592592592592595
766	2	0.5185185185185185	1.0
766	3	0.37037037037037035	0.5925925925925926
766	4	0.2962962962962963	0.4444444444444444
766	5	0.14814814814814814	0.2222222222222222
766	6	0.07407407407407407	0.1111111111111111
766	7	0.0	0.0
766	8	0.0	0.0
766	9	0.0	0.0
766	10	0.0	0.0
767	1	1.0	5.37037037037037
767	2	0.6296296296296297	0.9629629629629629
767	3	0.2222222222222222	0.2962962962962963
767	4	0.14814814814814814	0.14814814814814814
767	5	0.14814814814814814	0.14814814814814814
767	6	0.1111111111111111	0.1111111111111111
767	7	0.07407407407407407	0.07407407407407407
767	8	0.07407407407407407	0.07407407407407407
767	9	0.0	0.0
767	10	0.0	0.0
768	1	1.0	4.962962962962963
768	2	0.6296296296296297	0.8888888888888888
768	3	0.37037037037037035	0.4444444444444444
768	4	0.25925925925925924	0.2962962962962963
768	5	0.1111111111111111	0.1111111111111111
768	6	0.037037037037037035	0.037037037037037035
768	7	0.0	0.0
768	8	0.0	0.0
768	9	0.0	0.0
768	10	0.0	0.0
769	1	1.0	4.925925925925926
769	2	0.5185185185185185	1.0
769	3	0.3333333333333333	0.4074074074074074
769	4	0.14814814814814814	0.14814814814814814
769	5	0.07407407407407407	0.07407407407407407
769	6	0.037037037037037035	0.037037037037037035
769	7	0.0	0.0
769	8	0.0	0.0
769	9	0.0	0.0
769	10	0.0	0.0
770	1	1.0	4.481481481481482
770	2	0.5185185185185185	0.8888888888888888
770	3	0.2222222222222222	0.25925925925925924
770	4	0.1111111111111111	0.14814814814814814
770	5	0.07407407407407407	0.1111111111111111
770	6	0.07407407407407407	0.1111111111111111
770	7	0.07407407407407407	0.07407407407407407
770	8	0.07407407407407407	0.07407407407407407
770	9	0.07407407407407407	0.07407407407407407
770	10	0.0	0.0
771	1	1.0	4.962962962962963
771	2	0.4444444444444444	0.5185185185185185
771	3	0.2962962962962963	0.2962962962962963
771	4	0.1111111111111111	0.1111111111111111
771	5	0.07407407407407407	0.07407407407407407
771	6	0.037037037037037035	0.037037037037037035
771	7	0.037037037037037035	0.037037037037037035
771	8	0.037037037037037035	0.037037037037037035
771	9	0.0	0.0
771	10	0.0	0.0
772	1	1.0	4.333333333333333
772	2	0.4444444444444444	0.8888888888888888
772	3	0.3333333333333333	0.48148148148148145
772	4	0.2222222222222222	0.25925925925925924
772	5	0.07407407407407407	0.07407407407407407
772	6	0.037037037037037035	0.037037037037037035
772	7	0.0	0.0
772	8	0.0	0.0
772	9	0.0	0.0
772	10	0.0	0.0
773	1	1.0	5.111111111111111
773	2	0.6296296296296297	0.9629629629629629
773	3	0.2962962962962963	0.37037037037037035
773	4	0.14814814814814814	0.14814814814814814
773	5	0.1111111111111111	0.1111111111111111
773	6	0.07407407407407407	0.07407407407407407
773	7	0.07407407407407407	0.07407407407407407
773	8	0.037037037037037035	0.037037037037037035
773	9	0.037037037037037035	0.037037037037037035
773	10	0.037037037037037035	0.037037037037037035
774	1	1.0	4.555555555555555
774	2	0.4444444444444444	0.6666666666666666
774	3	0.2222222222222222	0.25925925925925924
774	4	0.14814814814814814	0.14814814814814814
774	5	0.07407407407407407	0.07407407407407407
774	6	0.037037037037037035	0.037037037037037035
774	7	0.037037037037037035	0.037037037037037035
774	8	0.037037037037037035	0.037037037037037035
774	9	0.037037037037037035	0.037037037037037035
774	10	0.037037037037037035	0.037037037037037035
775	1	1.0	4.666666666666667
775	2	0.5555555555555556	1.0740740740740742
775	3	0.2962962962962963	0.48148148148148145
775	4	0.18518518518518517	0.3333333333333333
775	5	0.18518518518518517	0.2962962962962963
775	6	0.14814814814814814	0.18518518518518517
775	7	0.1111111111111111	0.14814814814814814
775	8	0.1111111111111111	0.14814814814814814
775	9	0.037037037037037035	0.07407407407407407
775	10	0.037037037037037035	0.07407407407407407
776	1	1.0	4.925925925925926
776	2	0.8148148148148148	1.3333333333333333
776	3	0.48148148148148145	0.6666666666666666
776	4	0.37037037037037035	0.48148148148148145
776	5	0.3333333333333333	0.4074074074074074
776	6	0.2222222222222222	0.25925925925925924
776	7	0.1111111111111111	0.1111111111111111
776	8	0.07407407407407407	0.07407407407407407
776	9	0.037037037037037035	0.037037037037037035
776	10	0.037037037037037035	0.037037037037037035
777	1	1.0	4.296296296296297
777	2	0.4444444444444444	0.8518518518518519
777	3	0.2222222222222222	0.4074074074074074
777	4	0.18518518518518517	0.18518518518518517
777	5	0.037037037037037035	0.037037037037037035
777	6	0.037037037037037035	0.037037037037037035
777	7	0.037037037037037035	0.037037037037037035
777	8	0.037037037037037035	0.037037037037037035
777	9	0.037037037037037035	0.037037037037037035
777	10	0.0	0.0
778	1	1.0	4.666666666666667
778	2	0.3333333333333333	0.5925925925925926
778	3	0.3333333333333333	0.4444444444444444
778	4	0.25925925925925924	0.37037037037037035
778	5	0.18518518518518517	0.18518518518518517
778	6	0.07407407407407407	0.07407407407407407
778	7	0.07407407407407407	0.07407407407407407
778	8	0.037037037037037035	0.037037037037037035
778	9	0.037037037037037035	0.037037037037037035
778	10	0.037037037037037035	0.037037037037037035
779	1	1.0	4.444444444444445
779	2	0.5185185185185185	0.7037037037037037
779	3	0.2962962962962963	0.3333333333333333
779	4	0.1111111111111111	0.1111111111111111
779	5	0.1111111111111111	0.1111111111111111
779	6	0.037037037037037035	0.037037037037037035
779	7	0.037037037037037035	0.037037037037037035
779	8	0.037037037037037035	0.037037037037037035
779	9	0.0	0.0
779	10	0.0	0.0
780	1	1.0	4.592592592592593
780	2	0.6296296296296297	0.8888888888888888
780	3	0.4074074074074074	0.48148148148148145
780	4	0.2962962962962963	0.3333333333333333
780	5	0.2222222222222222	0.25925925925925924
780	6	0.14814814814814814	0.18518518518518517
780	7	0.1111111111111111	0.14814814814814814
780	8	0.1111111111111111	0.1111111111111111
780	9	0.037037037037037035	0.037037037037037035
780	10	0.037037037037037035	0.037037037037037035
781	1	1.0	4.703703703703703
781	2	0.4074074074074074	0.6666666666666666
781	3	0.18518518518518517	0.18518518518518517
781	4	0.037037037037037035	0.037037037037037035
781	5	0.0	0.0
781	6	0.0	0.0
781	7	0.0	0.0
781	8	0.0	0.0
781	9	0.0	0.0
781	10	0.0	0.0
782	1	1.0	4.222222222222222
782	2	0.6296296296296297	1.0
782	3	0.25925925925925924	0.4074074074074074
782	4	0.1111111111111111	0.14814814814814814
782	5	0.07407407407407407	0.07407407407407407
782	6	0.037037037037037035	0.037037037037037035
782	7	0.0	0.0
782	8	0.0	0.0
782	9	0.0	0.0
782	10	0.0	0.0
783	1	1.0	4.592592592592593
783	2	0.5555555555555556	0.6666666666666666
783	3	0.25925925925925924	0.25925925925925924
783	4	0.1111111111111111	0.1111111111111111
783	5	0.07407407407407407	0.07407407407407407
783	6	0.037037037037037035	0.037037037037037035
783	7	0.037037037037037035	0.037037037037037035
783	8	0.0	0.0
783	9	0.0	0.0
783	10	0.0	0.0
784	1	1.0	3.8518518518518516
784	2	0.4444444444444444	0.7037037037037037
784	3	0.2222222222222222	0.3333333333333333
784	4	0.1111111111111111	0.14814814814814814
784	5	0.07407407407407407	0.1111111111111111
784	6	0.037037037037037035	0.037037037037037035
784	7	0.037037037037037035	0.037037037037037035
784	8	0.0	0.0
784	9	0.0	0.0
784	10	0.0	0.0
785	1	1.0	4.555555555555555
785	2	0.5185185185185185	0.7777777777777778
785	3	0.25925925925925924	0.2962962962962963
785	4	0.1111111111111111	0.14814814814814814
785	5	0.1111111111111111	0.14814814814814814
785	6	0.07407407407407407	0.1111111111111111
785	7	0.037037037037037035	0.07407407407407407
785	8	0.037037037037037035	0.07407407407407407
785	9	0.037037037037037035	0.07407407407407407
785	10	0.037037037037037035	0.07407407407407407
786	1	1.0	4.407407407407407
786	2	0.6666666666666666	1.2592592592592593
786	3	0.3333333333333333	0.5185185185185185
786	4	0.14814814814814814	0.2222222222222222
786	5	0.14814814814814814	0.18518518518518517
786	6	0.1111111111111111	0.14814814814814814
786	7	0.1111111111111111	0.1111111111111111
786	8	0.07407407407407407	0.07407407407407407
786	9	0.037037037037037035	0.037037037037037035
786	10	0.0	0.0
787	1	1.0	4.481481481481482
787	2	0.48148148148148145	1.0740740740740742
787	3	0.2962962962962963	0.48148148148148145
787	4	0.2222222222222222	0.3333333333333333
787	5	0.2222222222222222	0.25925925925925924
787	6	0.1111111111111111	0.1111111111111111
787	7	0.1111111111111111	0.1111111111111111
787	8	0.037037037037037035	0.037037037037037035
787	9	0.037037037037037035	0.037037037037037035
787	10	0.037037037037037035	0.037037037037037035
788	1	1.0	4.0
788	2	0.48148148148148145	0.7407407407407407
788	3	0.18518518518518517	0.25925925925925924
788	4	0.07407407407407407	0.07407407407407407
788	5	0.037037037037037035	0.037037037037037035
788	6	0.037037037037037035	0.037037037037037035
788	7	0.037037037037037035	0.037037037037037035
788	8	0.037037037037037035	0.037037037037037035
788	9	0.0	0.0
788	10	0.0	0.0
789	1	1.0	3.962962962962963
789	2	0.5555555555555556	1.0
789	3	0.2962962962962963	0.4444444444444444
789	4	0.25925925925925924	0.3333333333333333
789	5	0.07407407407407407	0.07407407407407407
789	6	0.07407407407407407	0.07407407407407407
789	7	0.07407407407407407	0.07407407407407407
789	8	0.037037037037037035	0.037037037037037035
789	9	0.037037037037037035	0.037037037037037035
789	10	0.037037037037037035	0.037037037037037035
790	1	1.0	4.074074074074074
790	2	0.4444444444444444	0.7037037037037037
790	3	0.25925925925925924	0.3333333333333333
790	4	0.07407407407407407	0.1111111111111111
790	5	0.07407407407407407	0.1111111111111111
790	6	0.07407407407407407	0.1111111111111111
790	7	0.07407407407407407	0.1111111111111111
790	8	0.07407407407407407	0.07407407407407407
790	9	0.037037037037037035	0.037037037037037035
790	10	0.037037037037037035	0.037037037037037035
791	1	1.0	4.592592592592593
791	2	0.5555555555555556	1.0
791	3	0.3333333333333333	0.4444444444444444
791	4	0.2222222222222222	0.2222222222222222
791	5	0.14814814814814814	0.14814814814814814
791	6	0.1111111111111111	0.1111111111111111
791	7	0.07407407407407407	0.07407407407407407
791	8	0.07407407407407407	0.07407407407407407
791	9	0.07407407407407407	0.07407407407407407
791	10	0.07407407407407407	0.07407407407407407
792	1	1.0	4.555555555555555
792	2	0.6296296296296297	1.037037037037037
792	3	0.37037037037037035	0.5185185185185185
792	4	0.2962962962962963	0.2962962962962963
792	5	0.18518518518518517	0.18518518518518517
792	6	0.14814814814814814	0.14814814814814814
792	7	0.07407407407407407	0.07407407407407407
792	8	0.07407407407407407	0.07407407407407407
792	9	0.037037037037037035	0.037037037037037035
792	10	0.037037037037037035	0.037037037037037035
793	1	1.0	4.592592592592593
793	2	0.7407407407407407	1.0740740740740742
793	3	0.3333333333333333	0.37037037037037035
793	4	0.07407407407407407	0.07407407407407407
793	5	0.07407407407407407	0.07407407407407407
793	6	0.037037037037037035	0.037037037037037035
793	7	0.037037037037037035	0.037037037037037035
793	8	0.0	0.0
793	9	0.0	0.0
793	10	0.0	0.0
794	1	1.0	4.481481481481482
794	2	0.4444444444444444	0.6296296296296297
794	3	0.2222222222222222	0.2962962962962963
794	4	0.07407407407407407	0.07407407407407407
794	5	0.07407407407407407	0.07407407407407407
794	6	0.07407407407407407	0.07407407407407407
794	7	0.07407407407407407	0.07407407407407407
794	8	0.0	0.0
794	9	0.0	0.0
794	10	0.0	0.0
795	1	1.0	5.0
795	2	0.5925925925925926	0.8518518518518519
795	3	0.4074074074074074	0.5185185185185185
795	4	0.18518518518518517	0.18518518518518517
795	5	0.07407407407407407	0.07407407407407407
795	6	0.037037037037037035	0.037037037037037035
795	7	0.0	0.0
795	8	0.0	0.0
795	9	0.0	0.0
795	10	0.0	0.0
796	1	1.0	4.592592592592593
796	2	0.5555555555555556	0.8518518518518519
796	3	0.2962962962962963	0.48148148148148145
796	4	0.2222222222222222	0.2222222222222222
796	5	0.18518518518518517	0.18518518518518517
796	6	0.1111111111111111	0.1111111111111111
796	7	0.07407407407407407	0.07407407407407407
796	8	0.07407407407407407	0.07407407407407407
796	9	0.07407407407407407	0.07407407407407407
796	10	0.07407407407407407	0.07407407407407407
797	1	1.0	4.296296296296297
797	2	0.37037037037037035	0.6296296296296297
797	3	0.18518518518518517	0.18518518518518517
797	4	0.1111111111111111	0.1111111111111111
797	5	0.1111111111111111	0.1111111111111111
797	6	0.037037037037037035	0.037037037037037035
797	7	0.037037037037037035	0.037037037037037035
797	8	0.037037037037037035	0.037037037037037035
797	9	0.0	0.0
797	10	0.0	0.0
798	1	1.0	4.925925925925926
798	2	0.6296296296296297	1.1481481481481481
798	3	0.3333333333333333	0.5185185185185185
798	4	0.3333333333333333	0.4444444444444444
798	5	0.25925925925925924	0.3333333333333333
798	6	0.14814814814814814	0.14814814814814814
798	7	0.1111111111111111	0.1111111111111111
798	8	0.07407407407407407	0.07407407407407407
798	9	0.07407407407407407	0.07407407407407407
798	10	0.037037037037037035	0.037037037037037035
799	1	1.0	4.555555555555555
799	2	0.4444444444444444	0.6666666666666666
799	3	0.14814814814814814	0.2222222222222222
799	4	0.037037037037037035	0.037037037037037035
799	5	0.037037037037037035	0.037037037037037035
799	6	0.0	0.0
799	7	0.0	0.0
799	8	0.0	0.0
799	9	0.0	0.0
799	10	0.0	0.0
800	1	1.0	4.37037037037037
800	2	0.7037037037037037	1.2222222222222223
800	3	0.5555555555555556	0.7037037037037037
800	4	0.2962962962962963	0.37037037037037035
800	5	0.18518518518518517	0.2222222222222222
800	6	0.1111111111111111	0.14814814814814814
800	7	0.1111111111111111	0.14814814814814814
800	8	0.037037037037037035	0.037037037037037035
800	9	0.037037037037037035	0.037037037037037035
800	10	0.037037037037037035	0.037037037037037035
801	1	1.0	4.037037037037037
801	2	0.48148148148148145	0.7777777777777778
801	3	0.2222222222222222	0.37037037037037035
801	4	0.18518518518518517	0.25925925925925924
801	5	0.14814814814814814	0.14814814814814814
801	6	0.1111111111111111	0.1111111111111111
801	7	0.1111111111111111	0.1111111111111111
801	8	0.037037037037037035	0.037037037037037035
801	9	0.037037037037037035	0.037037037037037035
801	10	0.0	0.0
802	1	1.0	4.7407407407407405
802	2	0.5555555555555556	1.1111111111111112
802	3	0.5185185185185185	0.7777777777777778
802	4	0.4074074074074074	0.48148148148148145
802	5	0.2962962962962963	0.3333333333333333
802	6	0.2222222222222222	0.25925925925925924
802	7	0.2222222222222222	0.25925925925925924
802	8	0.2222222222222222	0.25925925925925924
802	9	0.18518518518518517	0.18518518518518517
802	10	0.1111111111111111	0.1111111111111111
803	1	1.0	4.592592592592593
803	2	0.5555555555555556	1.0
803	3	0.25925925925925924	0.4074074074074074
803	4	0.14814814814814814	0.2222222222222222
803	5	0.1111111111111111	0.14814814814814814
803	6	0.037037037037037035	0.037037037037037035
803	7	0.037037037037037035	0.037037037037037035
803	8	0.037037037037037035	0.037037037037037035
803	9	0.037037037037037035	0.037037037037037035
803	10	0.0	0.0
804	1	1.0	5.7407407407407405
804	2	0.5555555555555556	0.8888888888888888
804	3	0.25925925925925924	0.4074074074074074
804	4	0.2222222222222222	0.25925925925925924
804	5	0.1111111111111111	0.1111111111111111
804	6	0.07407407407407407	0.07407407407407407
804	7	0.037037037037037035	0.037037037037037035
804	8	0.037037037037037035	0.037037037037037035
804	9	0.0	0.0
804	10	0.0	0.0
805	1	1.0	4.2592592592592595
805	2	0.5185185185185185	0.8888888888888888
805	3	0.4074074074074074	0.48148148148148145
805	4	0.18518518518518517	0.2222222222222222
805	5	0.037037037037037035	0.037037037037037035
805	6	0.0	0.0
805	7	0.0	0.0
805	8	0.0	0.0
805	9	0.0	0.0
805	10	0.0	0.0
806	1	1.0	4.925925925925926
806	2	0.5185185185185185	0.8148148148148148
806	3	0.25925925925925924	0.37037037037037035
806	4	0.037037037037037035	0.1111111111111111
806	5	0.037037037037037035	0.037037037037037035
806	6	0.0	0.0
806	7	0.0	0.0
806	8	0.0	0.0
806	9	0.0	0.0
806	10	0.0	0.0
807	1	1.0	4.444444444444445
807	2	0.6296296296296297	1.1481481481481481
807	3	0.3333333333333333	0.6296296296296297
807	4	0.25925925925925924	0.37037037037037035
807	5	0.14814814814814814	0.18518518518518517
807	6	0.07407407407407407	0.07407407407407407
807	7	0.037037037037037035	0.037037037037037035
807	8	0.037037037037037035	0.037037037037037035
807	9	0.037037037037037035	0.037037037037037035
807	10	0.037037037037037035	0.037037037037037035
808	1	1.0	4.37037037037037
808	2	0.48148148148148145	0.8888888888888888
808	3	0.3333333333333333	0.5185185185185185
808	4	0.18518518518518517	0.25925925925925924
808	5	0.1111111111111111	0.14814814814814814
808	6	0.1111111111111111	0.1111111111111111
808	7	0.1111111111111111	0.1111111111111111
808	8	0.1111111111111111	0.1111111111111111
808	9	0.1111111111111111	0.1111111111111111
808	10	0.037037037037037035	0.037037037037037035
809	1	1.0	4.814814814814815
809	2	0.37037037037037035	0.5555555555555556
809	3	0.18518518518518517	0.2222222222222222
809	4	0.1111111111111111	0.1111111111111111
809	5	0.07407407407407407	0.07407407407407407
809	6	0.07407407407407407	0.07407407407407407
809	7	0.07407407407407407	0.07407407407407407
809	8	0.037037037037037035	0.037037037037037035
809	9	0.0	0.0
809	10	0.0	0.0
810	1	1.0	5.111111111111111
810	2	0.48148148148148145	0.9629629629629629
810	3	0.2962962962962963	0.48148148148148145
810	4	0.18518518518518517	0.2222222222222222
810	5	0.1111111111111111	0.14814814814814814
810	6	0.07407407407407407	0.07407407407407407
810	7	0.037037037037037035	0.037037037037037035
810	8	0.037037037037037035	0.037037037037037035
810	9	0.0	0.0
810	10	0.0	0.0
811	1	1.0	4.185185185185185
811	2	0.5555555555555556	0.8888888888888888
811	3	0.2962962962962963	0.37037037037037035
811	4	0.2222222222222222	0.25925925925925924
811	5	0.07407407407407407	0.07407407407407407
811	6	0.037037037037037035	0.037037037037037035
811	7	0.0	0.0
811	8	0.0	0.0
811	9	0.0	0.0
811	10	0.0	0.0
812	1	1.0	4.481481481481482
812	2	0.48148148148148145	0.7777777777777778
812	3	0.2962962962962963	0.4444444444444444
812	4	0.2222222222222222	0.2962962962962963
812	5	0.14814814814814814	0.14814814814814814
812	6	0.1111111111111111	0.1111111111111111
812	7	0.07407407407407407	0.07407407407407407
812	8	0.07407407407407407	0.07407407407407407
812	9	0.037037037037037035	0.037037037037037035
812	10	0.037037037037037035	0.037037037037037035
813	1	1.0	4.481481481481482
813	2	0.48148148148148145	0.8518518518518519
813	3	0.2222222222222222	0.25925925925925924
813	4	0.18518518518518517	0.18518518518518517
813	5	0.14814814814814814	0.14814814814814814
813	6	0.1111111111111111	0.1111111111111111
813	7	0.1111111111111111	0.1111111111111111
813	8	0.0	0.0
813	9	0.0	0.0
813	10	0.0	0.0
814	1	1.0	4.62962962962963
814	2	0.5555555555555556	0.8888888888888888
814	3	0.2962962962962963	0.37037037037037035
814	4	0.14814814814814814	0.14814814814814814
814	5	0.1111111111111111	0.1111111111111111
814	6	0.1111111111111111	0.1111111111111111
814	7	0.1111111111111111	0.1111111111111111
814	8	0.1111111111111111	0.1111111111111111
814	9	0.037037037037037035	0.037037037037037035
814	10	0.037037037037037035	0.037037037037037035
815	1	1.0	4.481481481481482
815	2	0.48148148148148145	0.8888888888888888
815	3	0.25925925925925924	0.37037037037037035
815	4	0.14814814814814814	0.14814814814814814
815	5	0.1111111111111111	0.1111111111111111
815	6	0.037037037037037035	0.037037037037037035
815	7	0.037037037037037035	0.037037037037037035
815	8	0.0	0.0
815	9	0.0	0.0
815	10	0.0	0.0
816	1	1.0	4.2592592592592595
816	2	0.6296296296296297	1.2592592592592593
816	3	0.37037037037037035	0.5555555555555556
816	4	0.18518518518518517	0.18518518518518517
816	5	0.1111111111111111	0.1111111111111111
816	6	0.0	0.0
816	7	0.0	0.0
816	8	0.0	0.0
816	9	0.0	0.0
816	10	0.0	0.0
817	1	1.0	4.962962962962963
817	2	0.5925925925925926	1.0740740740740742
817	3	0.2962962962962963	0.37037037037037035
817	4	0.1111111111111111	0.14814814814814814
817	5	0.07407407407407407	0.1111111111111111
817	6	0.037037037037037035	0.07407407407407407
817	7	0.037037037037037035	0.07407407407407407
817	8	0.037037037037037035	0.037037037037037035
817	9	0.037037037037037035	0.037037037037037035
817	10	0.037037037037037035	0.037037037037037035
818	1	1.0	3.740740740740741
818	2	0.4444444444444444	0.7407407407407407
818	3	0.25925925925925924	0.3333333333333333
818	4	0.14814814814814814	0.2222222222222222
818	5	0.07407407407407407	0.07407407407407407
818	6	0.037037037037037035	0.037037037037037035
818	7	0.037037037037037035	0.037037037037037035
818	8	0.037037037037037035	0.037037037037037035
818	9	0.037037037037037035	0.037037037037037035
818	10	0.037037037037037035	0.037037037037037035
819	1	1.0	4.37037037037037
819	2	0.4444444444444444	0.5555555555555556
819	3	0.2222222222222222	0.2222222222222222
819	4	0.1111111111111111	0.1111111111111111
819	5	0.07407407407407407	0.07407407407407407
819	6	0.07407407407407407	0.07407407407407407
819	7	0.07407407407407407	0.07407407407407407
819	8	0.037037037037037035	0.037037037037037035
819	9	0.037037037037037035	0.037037037037037035
819	10	0.037037037037037035	0.037037037037037035
820	1	1.0	5.111111111111111
820	2	0.6296296296296297	0.9259259259259259
820	3	0.25925925925925924	0.3333333333333333
820	4	0.1111111111111111	0.14814814814814814
820	5	0.1111111111111111	0.1111111111111111
820	6	0.1111111111111111	0.1111111111111111
820	7	0.07407407407407407	0.07407407407407407
820	8	0.07407407407407407	0.07407407407407407
820	9	0.037037037037037035	0.037037037037037035
820	10	0.037037037037037035	0.037037037037037035
821	1	1.0	3.8518518518518516
821	2	0.48148148148148145	0.6296296296296297
821	3	0.2222222222222222	0.2962962962962963
821	4	0.2222222222222222	0.2222222222222222
821	5	0.1111111111111111	0.1111111111111111
821	6	0.037037037037037035	0.037037037037037035
821	7	0.037037037037037035	0.037037037037037035
821	8	0.0	0.0
821	9	0.0	0.0
821	10	0.0	0.0
822	1	1.0	5.481481481481482
822	2	0.4444444444444444	0.7037037037037037
822	3	0.3333333333333333	0.4074074074074074
822	4	0.14814814814814814	0.18518518518518517
822	5	0.1111111111111111	0.1111111111111111
822	6	0.07407407407407407	0.07407407407407407
822	7	0.07407407407407407	0.07407407407407407
822	8	0.07407407407407407	0.07407407407407407
822	9	0.037037037037037035	0.037037037037037035
822	10	0.037037037037037035	0.037037037037037035
823	1	1.0	4.444444444444445
823	2	0.3333333333333333	0.6296296296296297
823	3	0.2222222222222222	0.2962962962962963
823	4	0.18518518518518517	0.18518518518518517
823	5	0.14814814814814814	0.14814814814814814
823	6	0.1111111111111111	0.1111111111111111
823	7	0.037037037037037035	0.037037037037037035
823	8	0.037037037037037035	0.037037037037037035
823	9	0.0	0.0
823	10	0.0	0.0
824	1	1.0	4.814814814814815
824	2	0.48148148148148145	0.8148148148148148
824	3	0.3333333333333333	0.4444444444444444
824	4	0.14814814814814814	0.18518518518518517
824	5	0.1111111111111111	0.1111111111111111
824	6	0.07407407407407407	0.07407407407407407
824	7	0.07407407407407407	0.07407407407407407
824	8	0.0	0.0
824	9	0.0	0.0
824	10	0.0	0.0
825	1	1.0	4.407407407407407
825	2	0.5185185185185185	0.8518518518518519
825	3	0.3333333333333333	0.4074074074074074
825	4	0.07407407407407407	0.07407407407407407
825	5	0.07407407407407407	0.07407407407407407
825	6	0.0	0.0
825	7	0.0	0.0
825	8	0.0	0.0
825	9	0.0	0.0
825	10	0.0	0.0
826	1	1.0	4.666666666666667
826	2	0.4074074074074074	0.5185185185185185
826	3	0.2962962962962963	0.2962962962962963
826	4	0.1111111111111111	0.1111111111111111
826	5	0.1111111111111111	0.1111111111111111
826	6	0.037037037037037035	0.037037037037037035
826	7	0.0	0.0
826	8	0.0	0.0
826	9	0.0	0.0
826	10	0.0	0.0
827	1	1.0	5.0
827	2	0.5185185185185185	0.8888888888888888
827	3	0.37037037037037035	0.4444444444444444
827	4	0.14814814814814814	0.18518518518518517
827	5	0.1111111111111111	0.14814814814814814
827	6	0.1111111111111111	0.1111111111111111
827	7	0.037037037037037035	0.037037037037037035
827	8	0.0	0.0
827	9	0.0	0.0
827	10	0.0	0.0
828	1	1.0	5.0
828	2	0.48148148148148145	0.6296296296296297
828	3	0.2962962962962963	0.4074074074074074
828	4	0.18518518518518517	0.25925925925925924
828	5	0.14814814814814814	0.18518518518518517
828	6	0.07407407407407407	0.07407407407407407
828	7	0.07407407407407407	0.07407407407407407
828	8	0.037037037037037035	0.037037037037037035
828	9	0.037037037037037035	0.037037037037037035
828	10	0.037037037037037035	0.037037037037037035
829	1	1.0	4.074074074074074
829	2	0.5185185185185185	0.7407407407407407
829	3	0.037037037037037035	0.037037037037037035
829	4	0.037037037037037035	0.037037037037037035
829	5	0.0	0.0
829	6	0.0	0.0
829	7	0.0	0.0
829	8	0.0	0.0
829	9	0.0	0.0
829	10	0.0	0.0
830	1	1.0	4.074074074074074
830	2	0.48148148148148145	0.7777777777777778
830	3	0.18518518518518517	0.2962962962962963
830	4	0.07407407407407407	0.1111111111111111
830	5	0.037037037037037035	0.07407407407407407
830	6	0.037037037037037035	0.037037037037037035
830	7	0.037037037037037035	0.037037037037037035
830	8	0.037037037037037035	0.037037037037037035
830	9	0.037037037037037035	0.037037037037037035
830	10	0.037037037037037035	0.037037037037037035
831	1	1.0	4.185185185185185
831	2	0.5185185185185185	0.5555555555555556
831	3	0.18518518518518517	0.18518518518518517
831	4	0.07407407407407407	0.07407407407407407
831	5	0.037037037037037035	0.037037037037037035
831	6	0.037037037037037035	0.037037037037037035
831	7	0.0	0.0
831	8	0.0	0.0
831	9	0.0	0.0
831	10	0.0	0.0
832	1	1.0	4.407407407407407
832	2	0.4444444444444444	0.6666666666666666
832	3	0.2962962962962963	0.48148148148148145
832	4	0.2222222222222222	0.3333333333333333
832	5	0.07407407407407407	0.1111111111111111
832	6	0.037037037037037035	0.07407407407407407
832	7	0.037037037037037035	0.07407407407407407
832	8	0.037037037037037035	0.037037037037037035
832	9	0.037037037037037035	0.037037037037037035
832	10	0.037037037037037035	0.037037037037037035
833	1	1.0	4.666666666666667
833	2	0.4074074074074074	0.6666666666666666
833	3	0.07407407407407407	0.07407407407407407
833	4	0.07407407407407407	0.07407407407407407
833	5	0.0	0.0
833	6	0.0	0.0
833	7	0.0	0.0
833	8	0.0	0.0
833	9	0.0	0.0
833	10	0.0	0.0
834	1	1.0	4.444444444444445
834	2	0.5555555555555556	0.7777777777777778
834	3	0.3333333333333333	0.5185185185185185
834	4	0.2222222222222222	0.2962962962962963
834	5	0.14814814814814814	0.14814814814814814
834	6	0.14814814814814814	0.14814814814814814
834	7	0.14814814814814814	0.14814814814814814
834	8	0.1111111111111111	0.1111111111111111
834	9	0.037037037037037035	0.037037037037037035
834	10	0.037037037037037035	0.037037037037037035
835	1	1.0	4.62962962962963
835	2	0.6666666666666666	0.9629629629629629
835	3	0.3333333333333333	0.4074074074074074
835	4	0.14814814814814814	0.18518518518518517
835	5	0.07407407407407407	0.1111111111111111
835	6	0.037037037037037035	0.037037037037037035
835	7	0.0	0.0
835	8	0.0	0.0
835	9	0.0	0.0
835	10	0.0	0.0
836	1	1.0	4.518518518518518
836	2	0.48148148148148145	0.8518518518518519
836	3	0.14814814814814814	0.2222222222222222
836	4	0.07407407407407407	0.07407407407407407
836	5	0.037037037037037035	0.037037037037037035
836	6	0.037037037037037035	0.037037037037037035
836	7	0.037037037037037035	0.037037037037037035
836	8	0.0	0.0
836	9	0.0	0.0
836	10	0.0	0.0
837	1	1.0	5.148148148148148
837	2	0.5555555555555556	0.7777777777777778
837	3	0.37037037037037035	0.5185185185185185
837	4	0.1111111111111111	0.14814814814814814
837	5	0.1111111111111111	0.1111111111111111
837	6	0.1111111111111111	0.1111111111111111
837	7	0.037037037037037035	0.037037037037037035
837	8	0.037037037037037035	0.037037037037037035
837	9	0.037037037037037035	0.037037037037037035
837	10	0.0	0.0
838	1	1.0	4.333333333333333
838	2	0.5555555555555556	0.7777777777777778
838	3	0.2222222222222222	0.2222222222222222
838	4	0.1111111111111111	0.1111111111111111
838	5	0.07407407407407407	0.07407407407407407
838	6	0.0	0.0
838	7	0.0	0.0
838	8	0.0	0.0
838	9	0.0	0.0
838	10	0.0	0.0
839	1	1.0	4.2592592592592595
839	2	0.5185185185185185	0.6296296296296297
839	3	0.25925925925925924	0.2962962962962963
839	4	0.07407407407407407	0.07407407407407407
839	5	0.037037037037037035	0.037037037037037035
839	6	0.037037037037037035	0.037037037037037035
839	7	0.037037037037037035	0.037037037037037035
839	8	0.0	0.0
839	9	0.0	0.0
839	10	0.0	0.0
840	1	1.0	4.407407407407407
840	2	0.5925925925925926	0.9629629629629629
840	3	0.37037037037037035	0.5185185185185185
840	4	0.2962962962962963	0.37037037037037035
840	5	0.2222222222222222	0.25925925925925924
840	6	0.18518518518518517	0.18518518518518517
840	7	0.14814814814814814	0.14814814814814814
840	8	0.0	0.0
840	9	0.0	0.0
840	10	0.0	0.0
841	1	1.0	4.111111111111111
841	2	0.4074074074074074	0.5555555555555556
841	3	0.2222222222222222	0.25925925925925924
841	4	0.14814814814814814	0.14814814814814814
841	5	0.07407407407407407	0.07407407407407407
841	6	0.037037037037037035	0.037037037037037035
841	7	0.0	0.0
841	8	0.0	0.0
841	9	0.0	0.0
841	10	0.0	0.0
842	1	1.0	4.814814814814815
842	2	0.6666666666666666	1.1851851851851851
842	3	0.3333333333333333	0.48148148148148145
842	4	0.18518518518518517	0.2222222222222222
842	5	0.1111111111111111	0.1111111111111111
842	6	0.1111111111111111	0.1111111111111111
842	7	0.1111111111111111	0.1111111111111111
842	8	0.07407407407407407	0.07407407407407407
842	9	0.037037037037037035	0.037037037037037035
842	10	0.037037037037037035	0.037037037037037035
843	1	1.0	4.0
843	2	0.5555555555555556	1.037037037037037
843	3	0.3333333333333333	0.48148148148148145
843	4	0.2222222222222222	0.2962962962962963
843	5	0.1111111111111111	0.1111111111111111
843	6	0.07407407407407407	0.07407407407407407
843	7	0.037037037037037035	0.037037037037037035
843	8	0.037037037037037035	0.037037037037037035
843	9	0.0	0.0
843	10	0.0	0.0
844	1	1.0	4.814814814814815
844	2	0.5925925925925926	1.1111111111111112
844	3	0.4074074074074074	0.5555555555555556
844	4	0.2222222222222222	0.25925925925925924
844	5	0.14814814814814814	0.14814814814814814
844	6	0.07407407407407407	0.07407407407407407
844	7	0.037037037037037035	0.037037037037037035
844	8	0.0	0.0
844	9	0.0	0.0
844	10	0.0	0.0
845	1	1.0	4.444444444444445
845	2	0.5555555555555556	0.8888888888888888
845	3	0.2962962962962963	0.4444444444444444
845	4	0.18518518518518517	0.25925925925925924
845	5	0.14814814814814814	0.14814814814814814
845	6	0.1111111111111111	0.1111111111111111
845	7	0.07407407407407407	0.07407407407407407
845	8	0.07407407407407407	0.07407407407407407
845	9	0.037037037037037035	0.037037037037037035
845	10	0.037037037037037035	0.037037037037037035
846	1	1.0	4.074074074074074
846	2	0.5185185185185185	0.7037037037037037
846	3	0.3333333333333333	0.4444444444444444
846	4	0.18518518518518517	0.18518518518518517
846	5	0.1111111111111111	0.1111111111111111
846	6	0.037037037037037035	0.037037037037037035
846	7	0.037037037037037035	0.037037037037037035
846	8	0.037037037037037035	0.037037037037037035
846	9	0.037037037037037035	0.037037037037037035
846	10	0.0	0.0
847	1	1.0	4.407407407407407
847	2	0.48148148148148145	0.7037037037037037
847	3	0.2222222222222222	0.2962962962962963
847	4	0.1111111111111111	0.14814814814814814
847	5	0.1111111111111111	0.14814814814814814
847	6	0.07407407407407407	0.07407407407407407
847	7	0.07407407407407407	0.07407407407407407
847	8	0.037037037037037035	0.037037037037037035
847	9	0.0	0.0
847	10	0.0	0.0
848	1	1.0	4.37037037037037
848	2	0.37037037037037035	0.6666666666666666
848	3	0.07407407407407407	0.1111111111111111
848	4	0.07407407407407407	0.07407407407407407
848	5	0.07407407407407407	0.07407407407407407
848	6	0.07407407407407407	0.07407407407407407
848	7	0.0	0.0
848	8	0.0	0.0
848	9	0.0	0.0
848	10	0.0	0.0
849	1	1.0	4.333333333333333
849	2	0.48148148148148145	0.6666666666666666
849	3	0.25925925925925924	0.37037037037037035
849	4	0.037037037037037035	0.037037037037037035
849	5	0.037037037037037035	0.037037037037037035
849	6	0.037037037037037035	0.037037037037037035
849	7	0.037037037037037035	0.037037037037037035
849	8	0.0	0.0
849	9	0.0	0.0
849	10	0.0	0.0
850	1	1.0	4.814814814814815
850	2	0.5925925925925926	0.8888888888888888
850	3	0.3333333333333333	0.4444444444444444
850	4	0.14814814814814814	0.2222222222222222
850	5	0.14814814814814814	0.2222222222222222
850	6	0.1111111111111111	0.18518518518518517
850	7	0.07407407407407407	0.1111111111111111
850	8	0.07407407407407407	0.1111111111111111
850	9	0.037037037037037035	0.037037037037037035
850	10	0.037037037037037035	0.037037037037037035
851	1	1.0	4.333333333333333
851	2	0.4074074074074074	0.6296296296296297
851	3	0.2222222222222222	0.3333333333333333
851	4	0.18518518518518517	0.25925925925925924
851	5	0.18518518518518517	0.25925925925925924
851	6	0.18518518518518517	0.2222222222222222
851	7	0.1111111111111111	0.1111111111111111
851	8	0.037037037037037035	0.037037037037037035
851	9	0.037037037037037035	0.037037037037037035
851	10	0.037037037037037035	0.037037037037037035
852	1	1.0	3.925925925925926
852	2	0.5925925925925926	0.7407407407407407
852	3	0.3333333333333333	0.4074074074074074
852	4	0.1111111111111111	0.1111111111111111
852	5	0.07407407407407407	0.07407407407407407
852	6	0.07407407407407407	0.07407407407407407
852	7	0.037037037037037035	0.037037037037037035
852	8	0.037037037037037035	0.037037037037037035
852	9	0.037037037037037035	0.037037037037037035
852	10	0.037037037037037035	0.037037037037037035
853	1	1.0	4.592592592592593
853	2	0.5555555555555556	0.8518518518518519
853	3	0.25925925925925924	0.37037037037037035
853	4	0.14814814814814814	0.25925925925925924
853	5	0.1111111111111111	0.2222222222222222
853	6	0.07407407407407407	0.1111111111111111
853	7	0.07407407407407407	0.1111111111111111
853	8	0.037037037037037035	0.037037037037037035
853	9	0.037037037037037035	0.037037037037037035
853	10	0.037037037037037035	0.037037037037037035
854	1	1.0	4.518518518518518
854	2	0.37037037037037035	0.5925925925925926
854	3	0.18518518518518517	0.2962962962962963
854	4	0.07407407407407407	0.1111111111111111
854	5	0.07407407407407407	0.1111111111111111
854	6	0.037037037037037035	0.07407407407407407
854	7	0.037037037037037035	0.07407407407407407
854	8	0.037037037037037035	0.07407407407407407
854	9	0.037037037037037035	0.07407407407407407
854	10	0.037037037037037035	0.037037037037037035
855	1	1.0	3.888888888888889
855	2	0.4444444444444444	0.5555555555555556
855	3	0.18518518518518517	0.25925925925925924
855	4	0.07407407407407407	0.1111111111111111
855	5	0.037037037037037035	0.037037037037037035
855	6	0.037037037037037035	0.037037037037037035
855	7	0.037037037037037035	0.037037037037037035
855	8	0.037037037037037035	0.037037037037037035
855	9	0.037037037037037035	0.037037037037037035
855	10	0.037037037037037035	0.037037037037037035
856	1	1.0	4.518518518518518
856	2	0.5555555555555556	0.8148148148148148
856	3	0.2962962962962963	0.4444444444444444
856	4	0.2222222222222222	0.25925925925925924
856	5	0.1111111111111111	0.14814814814814814
856	6	0.07407407407407407	0.07407407407407407
856	7	0.037037037037037035	0.037037037037037035
856	8	0.037037037037037035	0.037037037037037035
856	9	0.037037037037037035	0.037037037037037035
856	10	0.037037037037037035	0.037037037037037035
857	1	1.0	4.592592592592593
857	2	0.4074074074074074	0.7037037037037037
857	3	0.1111111111111111	0.2222222222222222
857	4	0.07407407407407407	0.1111111111111111
857	5	0.037037037037037035	0.037037037037037035
857	6	0.037037037037037035	0.037037037037037035
857	7	0.037037037037037035	0.037037037037037035
857	8	0.0	0.0
857	9	0.0	0.0
857	10	0.0	0.0
858	1	1.0	4.037037037037037
858	2	0.4444444444444444	0.5555555555555556
858	3	0.18518518518518517	0.18518518518518517
858	4	0.0	0.0
858	5	0.0	0.0
858	6	0.0	0.0
858	7	0.0	0.0
858	8	0.0	0.0
858	9	0.0	0.0
858	10	0.0	0.0
859	1	1.0	5.148148148148148
859	2	0.6296296296296297	1.1481481481481481
859	3	0.37037037037037035	0.5185185185185185
859	4	0.2962962962962963	0.37037037037037035
859	5	0.2222222222222222	0.25925925925925924
859	6	0.18518518518518517	0.18518518518518517
859	7	0.18518518518518517	0.18518518518518517
859	8	0.1111111111111111	0.1111111111111111
859	9	0.07407407407407407	0.07407407407407407
859	10	0.037037037037037035	0.037037037037037035
860	1	1.0	4.222222222222222
860	2	0.4074074074074074	0.7037037037037037
860	3	0.2222222222222222	0.2222222222222222
860	4	0.037037037037037035	0.037037037037037035
860	5	0.037037037037037035	0.037037037037037035
860	6	0.037037037037037035	0.037037037037037035
860	7	0.037037037037037035	0.037037037037037035
860	8	0.037037037037037035	0.037037037037037035
860	9	0.037037037037037035	0.037037037037037035
860	10	0.0	0.0
861	1	1.0	4.37037037037037
861	2	0.5925925925925926	1.2222222222222223
861	3	0.4074074074074074	0.6666666666666666
861	4	0.2222222222222222	0.37037037037037035
861	5	0.2222222222222222	0.25925925925925924
861	6	0.2222222222222222	0.25925925925925924
861	7	0.14814814814814814	0.14814814814814814
861	8	0.14814814814814814	0.14814814814814814
861	9	0.07407407407407407	0.07407407407407407
861	10	0.07407407407407407	0.07407407407407407
862	1	1.0	4.407407407407407
862	2	0.4074074074074074	0.5925925925925926
862	3	0.1111111111111111	0.18518518518518517
862	4	0.037037037037037035	0.037037037037037035
862	5	0.0	0.0
862	6	0.0	0.0
862	7	0.0	0.0
862	8	0.0	0.0
862	9	0.0	0.0
862	10	0.0	0.0
863	1	1.0	4.518518518518518
863	2	0.5925925925925926	0.9259259259259259
863	3	0.14814814814814814	0.2222222222222222
863	4	0.1111111111111111	0.18518518518518517
863	5	0.07407407407407407	0.1111111111111111
863	6	0.037037037037037035	0.07407407407407407
863	7	0.037037037037037035	0.07407407407407407
863	8	0.037037037037037035	0.037037037037037035
863	9	0.037037037037037035	0.037037037037037035
863	10	0.037037037037037035	0.037037037037037035
864	1	1.0	4.296296296296297
864	2	0.4444444444444444	0.8148148148148148
864	3	0.3333333333333333	0.5185185185185185
864	4	0.2222222222222222	0.2962962962962963
864	5	0.14814814814814814	0.18518518518518517
864	6	0.1111111111111111	0.1111111111111111
864	7	0.1111111111111111	0.1111111111111111
864	8	0.037037037037037035	0.037037037037037035
864	9	0.037037037037037035	0.037037037037037035
864	10	0.0	0.0
865	1	1.0	3.740740740740741
865	2	0.37037037037037035	0.6666666666666666
865	3	0.14814814814814814	0.2222222222222222
865	4	0.0	0.0
865	5	0.0	0.0
865	6	0.0	0.0
865	7	0.0	0.0
865	8	0.0	0.0
865	9	0.0	0.0
865	10	0.0	0.0
866	1	1.0	4.185185185185185
866	2	0.18518518518518517	0.3333333333333333
866	3	0.1111111111111111	0.18518518518518517
866	4	0.1111111111111111	0.14814814814814814
866	5	0.037037037037037035	0.037037037037037035
866	6	0.0	0.0
866	7	0.0	0.0
866	8	0.0	0.0
866	9	0.0	0.0
866	10	0.0	0.0
867	1	1.0	3.962962962962963
867	2	0.5925925925925926	0.7777777777777778
867	3	0.2962962962962963	0.3333333333333333
867	4	0.18518518518518517	0.2222222222222222
867	5	0.14814814814814814	0.14814814814814814
867	6	0.1111111111111111	0.1111111111111111
867	7	0.07407407407407407	0.07407407407407407
867	8	0.07407407407407407	0.07407407407407407
867	9	0.037037037037037035	0.037037037037037035
867	10	0.037037037037037035	0.037037037037037035
868	1	1.0	4.296296296296297
868	2	0.5925925925925926	0.8888888888888888
868	3	0.3333333333333333	0.4074074074074074
868	4	0.1111111111111111	0.14814814814814814
868	5	0.1111111111111111	0.1111111111111111
868	6	0.07407407407407407	0.07407407407407407
868	7	0.07407407407407407	0.07407407407407407
868	8	0.037037037037037035	0.037037037037037035
868	9	0.0	0.0
868	10	0.0	0.0
869	1	1.0	4.814814814814815
869	2	0.6666666666666666	1.037037037037037
869	3	0.2222222222222222	0.2222222222222222
869	4	0.18518518518518517	0.18518518518518517
869	5	0.07407407407407407	0.07407407407407407
869	6	0.07407407407407407	0.07407407407407407
869	7	0.07407407407407407	0.07407407407407407
869	8	0.0	0.0
869	9	0.0	0.0
869	10	0.0	0.0
870	1	1.0	4.296296296296297
870	2	0.4444444444444444	0.8148148148148148
870	3	0.14814814814814814	0.2222222222222222
870	4	0.07407407407407407	0.1111111111111111
870	5	0.07407407407407407	0.1111111111111111
870	6	0.07407407407407407	0.1111111111111111
870	7	0.037037037037037035	0.07407407407407407
870	8	0.037037037037037035	0.07407407407407407
870	9	0.037037037037037035	0.037037037037037035
870	10	0.0	0.0
871	1	1.0	4.222222222222222
871	2	0.6296296296296297	1.1851851851851851
871	3	0.4444444444444444	0.5185185185185185
871	4	0.3333333333333333	0.37037037037037035
871	5	0.2222222222222222	0.2222222222222222
871	6	0.2222222222222222	0.2222222222222222
871	7	0.1111111111111111	0.1111111111111111
871	8	0.07407407407407407	0.07407407407407407
871	9	0.037037037037037035	0.037037037037037035
871	10	0.0	0.0
872	1	1.0	4.962962962962963
872	2	0.6296296296296297	0.8518518518518519
872	3	0.4074074074074074	0.48148148148148145
872	4	0.18518518518518517	0.18518518518518517
872	5	0.037037037037037035	0.037037037037037035
872	6	0.037037037037037035	0.037037037037037035
872	7	0.037037037037037035	0.037037037037037035
872	8	0.037037037037037035	0.037037037037037035
872	9	0.0	0.0
872	10	0.0	0.0
873	1	1.0	4.111111111111111
873	2	0.5185185185185185	0.8888888888888888
873	3	0.2222222222222222	0.4074074074074074
873	4	0.18518518518518517	0.2222222222222222
873	5	0.07407407407407407	0.1111111111111111
873	6	0.037037037037037035	0.037037037037037035
873	7	0.0	0.0
873	8	0.0	0.0
873	9	0.0	0.0
873	10	0.0	0.0
874	1	1.0	4.925925925925926
874	2	0.5185185185185185	0.9259259259259259
874	3	0.2962962962962963	0.37037037037037035
874	4	0.18518518518518517	0.2222222222222222
874	5	0.1111111111111111	0.1111111111111111
874	6	0.037037037037037035	0.037037037037037035
874	7	0.037037037037037035	0.037037037037037035
874	8	0.037037037037037035	0.037037037037037035
874	9	0.0	0.0
874	10	0.0	0.0
875	1	1.0	4.037037037037037
875	2	0.6296296296296297	1.037037037037037
875	3	0.2962962962962963	0.4074074074074074
875	4	0.2962962962962963	0.37037037037037035
875	5	0.2222222222222222	0.2222222222222222
875	6	0.18518518518518517	0.18518518518518517
875	7	0.14814814814814814	0.14814814814814814
875	8	0.07407407407407407	0.07407407407407407
875	9	0.07407407407407407	0.07407407407407407
875	10	0.037037037037037035	0.037037037037037035
876	1	1.0	4.296296296296297
876	2	0.5185185185185185	0.9629629629629629
876	3	0.37037037037037035	0.48148148148148145
876	4	0.2962962962962963	0.37037037037037035
876	5	0.1111111111111111	0.1111111111111111
876	6	0.037037037037037035	0.037037037037037035
876	7	0.0	0.0
876	8	0.0	0.0
876	9	0.0	0.0
876	10	0.0	0.0
877	1	1.0	5.888888888888889
877	2	0.5185185185185185	0.7037037037037037
877	3	0.18518518518518517	0.2222222222222222
877	4	0.1111111111111111	0.1111111111111111
877	5	0.0	0.0
877	6	0.0	0.0
877	7	0.0	0.0
877	8	0.0	0.0
877	9	0.0	0.0
877	10	0.0	0.0
878	1	1.0	3.814814814814815
878	2	0.5555555555555556	0.6666666666666666
878	3	0.25925925925925924	0.25925925925925924
878	4	0.14814814814814814	0.14814814814814814
878	5	0.1111111111111111	0.1111111111111111
878	6	0.07407407407407407	0.07407407407407407
878	7	0.037037037037037035	0.037037037037037035
878	8	0.0	0.0
878	9	0.0	0.0
878	10	0.0	0.0
879	1	1.0	4.555555555555555
879	2	0.5185185185185185	0.9259259259259259
879	3	0.4074074074074074	0.5555555555555556
879	4	0.2222222222222222	0.2962962962962963
879	5	0.2222222222222222	0.25925925925925924
879	6	0.1111111111111111	0.14814814814814814
879	7	0.037037037037037035	0.07407407407407407
879	8	0.037037037037037035	0.07407407407407407
879	9	0.037037037037037035	0.037037037037037035
879	10	0.0	0.0
880	1	1.0	4.37037037037037
880	2	0.48148148148148145	0.7037037037037037
880	3	0.2962962962962963	0.48148148148148145
880	4	0.2222222222222222	0.25925925925925924
880	5	0.1111111111111111	0.14814814814814814
880	6	0.037037037037037035	0.07407407407407407
880	7	0.037037037037037035	0.07407407407407407
880	8	0.0	0.0
880	9	0.0	0.0
880	10	0.0	0.0
881	1	1.0	4.2592592592592595
881	2	0.4444444444444444	0.7037037037037037
881	3	0.2222222222222222	0.25925925925925924
881	4	0.14814814814814814	0.18518518518518517
881	5	0.07407407407407407	0.1111111111111111
881	6	0.07407407407407407	0.1111111111111111
881	7	0.037037037037037035	0.07407407407407407
881	8	0.0	0.0
881	9	0.0	0.0
881	10	0.0	0.0
882	1	1.0	4.0
882	2	0.6666666666666666	1.1111111111111112
882	3	0.2962962962962963	0.37037037037037035
882	4	0.2962962962962963	0.37037037037037035
882	5	0.14814814814814814	0.14814814814814814
882	6	0.07407407407407407	0.07407407407407407
882	7	0.07407407407407407	0.07407407407407407
882	8	0.0	0.0
882	9	0.0	0.0
882	10	0.0	0.0
883	1	1.0	4.62962962962963
883	2	0.48148148148148145	0.7407407407407407
883	3	0.2962962962962963	0.37037037037037035
883	4	0.14814814814814814	0.14814814814814814
883	5	0.07407407407407407	0.07407407407407407
883	6	0.037037037037037035	0.037037037037037035
883	7	0.037037037037037035	0.037037037037037035
883	8	0.037037037037037035	0.037037037037037035
883	9	0.037037037037037035	0.037037037037037035
883	10	0.037037037037037035	0.037037037037037035
884	1	1.0	4.333333333333333
884	2	0.5185185185185185	0.9629629629629629
884	3	0.3333333333333333	0.48148148148148145
884	4	0.2962962962962963	0.37037037037037035
884	5	0.2222222222222222	0.2962962962962963
884	6	0.1111111111111111	0.1111111111111111
884	7	0.037037037037037035	0.037037037037037035
884	8	0.0	0.0
884	9	0.0	0.0
884	10	0.0	0.0
885	1	1.0	4.555555555555555
885	2	0.3333333333333333	0.5555555555555556
885	3	0.2222222222222222	0.2962962962962963
885	4	0.1111111111111111	0.1111111111111111
885	5	0.07407407407407407	0.07407407407407407
885	6	0.037037037037037035	0.037037037037037035
885	7	0.037037037037037035	0.037037037037037035
885	8	0.037037037037037035	0.037037037037037035
885	9	0.0	0.0
885	10	0.0	0.0
886	1	1.0	4.296296296296297
886	2	0.4444444444444444	0.8148148148148148
886	3	0.18518518518518517	0.3333333333333333
886	4	0.1111111111111111	0.18518518518518517
886	5	0.1111111111111111	0.14814814814814814
886	6	0.07407407407407407	0.1111111111111111
886	7	0.07407407407407407	0.07407407407407407
886	8	0.07407407407407407	0.07407407407407407
886	9	0.037037037037037035	0.037037037037037035
886	10	0.037037037037037035	0.037037037037037035
887	1	1.0	4.333333333333333
887	2	0.37037037037037035	0.6666666666666666
887	3	0.18518518518518517	0.25925925925925924
887	4	0.14814814814814814	0.18518518518518517
887	5	0.037037037037037035	0.037037037037037035
887	6	0.037037037037037035	0.037037037037037035
887	7	0.0	0.0
887	8	0.0	0.0
887	9	0.0	0.0
887	10	0.0	0.0
888	1	1.0	4.185185185185185
888	2	0.6666666666666666	0.9259259259259259
888	3	0.4444444444444444	0.5185185185185185
888	4	0.14814814814814814	0.14814814814814814
888	5	0.07407407407407407	0.07407407407407407
888	6	0.07407407407407407	0.07407407407407407
888	7	0.037037037037037035	0.037037037037037035
888	8	0.037037037037037035	0.037037037037037035
888	9	0.037037037037037035	0.037037037037037035
888	10	0.037037037037037035	0.037037037037037035
889	1	1.0	4.592592592592593
889	2	0.5185185185185185	1.0
889	3	0.2962962962962963	0.37037037037037035
889	4	0.2222222222222222	0.2962962962962963
889	5	0.14814814814814814	0.14814814814814814
889	6	0.037037037037037035	0.037037037037037035
889	7	0.0	0.0
889	8	0.0	0.0
889	9	0.0	0.0
889	10	0.0	0.0
890	1	1.0	4.074074074074074
890	2	0.6296296296296297	1.0740740740740742
890	3	0.25925925925925924	0.37037037037037035
890	4	0.14814814814814814	0.2222222222222222
890	5	0.0	0.0
890	6	0.0	0.0
890	7	0.0	0.0
890	8	0.0	0.0
890	9	0.0	0.0
890	10	0.0	0.0
891	1	1.0	4.925925925925926
891	2	0.6296296296296297	1.037037037037037
891	3	0.37037037037037035	0.5555555555555556
891	4	0.25925925925925924	0.4074074074074074
891	5	0.18518518518518517	0.25925925925925924
891	6	0.1111111111111111	0.14814814814814814
891	7	0.1111111111111111	0.1111111111111111
891	8	0.037037037037037035	0.037037037037037035
891	9	0.037037037037037035	0.037037037037037035
891	10	0.037037037037037035	0.037037037037037035
892	1	1.0	4.555555555555555
892	2	0.5555555555555556	1.0
892	3	0.25925925925925924	0.2962962962962963
892	4	0.14814814814814814	0.14814814814814814
892	5	0.07407407407407407	0.07407407407407407
892	6	0.07407407407407407	0.07407407407407407
892	7	0.037037037037037035	0.037037037037037035
892	8	0.037037037037037035	0.037037037037037035
892	9	0.0	0.0
892	10	0.0	0.0
893	1	1.0	4.777777777777778
893	2	0.48148148148148145	0.8148148148148148
893	3	0.14814814814814814	0.25925925925925924
893	4	0.14814814814814814	0.18518518518518517
893	5	0.07407407407407407	0.1111111111111111
893	6	0.037037037037037035	0.07407407407407407
893	7	0.0	0.0
893	8	0.0	0.0
893	9	0.0	0.0
893	10	0.0	0.0
894	1	1.0	4.296296296296297
894	2	0.5185185185185185	0.8888888888888888
894	3	0.2222222222222222	0.37037037037037035
894	4	0.1111111111111111	0.1111111111111111
894	5	0.1111111111111111	0.1111111111111111
894	6	0.1111111111111111	0.1111111111111111
894	7	0.037037037037037035	0.037037037037037035
894	8	0.0	0.0
894	9	0.0	0.0
894	10	0.0	0.0
895	1	1.0	4.62962962962963
895	2	0.6296296296296297	0.9259259259259259
895	3	0.3333333333333333	0.48148148148148145
895	4	0.2222222222222222	0.2962962962962963
895	5	0.14814814814814814	0.2222222222222222
895	6	0.1111111111111111	0.1111111111111111
895	7	0.07407407407407407	0.07407407407407407
895	8	0.037037037037037035	0.037037037037037035
895	9	0.037037037037037035	0.037037037037037035
895	10	0.037037037037037035	0.037037037037037035
896	1	1.0	4.518518518518518
896	2	0.4444444444444444	0.8518518518518519
896	3	0.07407407407407407	0.1111111111111111
896	4	0.07407407407407407	0.1111111111111111
896	5	0.037037037037037035	0.037037037037037035
896	6	0.037037037037037035	0.037037037037037035
896	7	0.037037037037037035	0.037037037037037035
896	8	0.0	0.0
896	9	0.0	0.0
896	10	0.0	0.0
897	1	1.0	5.333333333333333
897	2	0.4444444444444444	0.6666666666666666
897	3	0.18518518518518517	0.2962962962962963
897	4	0.1111111111111111	0.14814814814814814
897	5	0.07407407407407407	0.07407407407407407
897	6	0.07407407407407407	0.07407407407407407
897	7	0.07407407407407407	0.07407407407407407
897	8	0.07407407407407407	0.07407407407407407
897	9	0.07407407407407407	0.07407407407407407
897	10	0.037037037037037035	0.037037037037037035
898	1	1.0	4.444444444444445
898	2	0.5185185185185185	0.9259259259259259
898	3	0.37037037037037035	0.5185185185185185
898	4	0.3333333333333333	0.4444444444444444
898	5	0.2222222222222222	0.25925925925925924
898	6	0.18518518518518517	0.2222222222222222
898	7	0.14814814814814814	0.14814814814814814
898	8	0.1111111111111111	0.1111111111111111
898	9	0.037037037037037035	0.037037037037037035
898	10	0.037037037037037035	0.037037037037037035
899	1	1.0	4.222222222222222
899	2	0.4444444444444444	0.8518518518518519
899	3	0.14814814814814814	0.2962962962962963
899	4	0.1111111111111111	0.18518518518518517
899	5	0.1111111111111111	0.14814814814814814
899	6	0.1111111111111111	0.14814814814814814
899	7	0.037037037037037035	0.07407407407407407
899	8	0.037037037037037035	0.07407407407407407
899	9	0.037037037037037035	0.07407407407407407
899	10	0.037037037037037035	0.037037037037037035
900	1	1.0	4.333333333333333
900	2	0.4444444444444444	0.5925925925925926
900	3	0.2962962962962963	0.37037037037037035
900	4	0.2222222222222222	0.2962962962962963
900	5	0.14814814814814814	0.18518518518518517
900	6	0.1111111111111111	0.14814814814814814
900	7	0.07407407407407407	0.1111111111111111
900	8	0.07407407407407407	0.1111111111111111
900	9	0.07407407407407407	0.07407407407407407
900	10	0.07407407407407407	0.07407407407407407
901	1	1.0	4.37037037037037
901	2	0.6666666666666666	1.3703703703703705
901	3	0.48148148148148145	0.5555555555555556
901	4	0.18518518518518517	0.2222222222222222
901	5	0.18518518518518517	0.18518518518518517
901	6	0.07407407407407407	0.07407407407407407
901	7	0.07407407407407407	0.07407407407407407
901	8	0.07407407407407407	0.07407407407407407
901	9	0.07407407407407407	0.07407407407407407
901	10	0.07407407407407407	0.07407407407407407
902	1	1.0	4.62962962962963
902	2	0.48148148148148145	0.7407407407407407
902	3	0.2962962962962963	0.4074074074074074
902	4	0.14814814814814814	0.18518518518518517
902	5	0.07407407407407407	0.1111111111111111
902	6	0.07407407407407407	0.07407407407407407
902	7	0.07407407407407407	0.07407407407407407
902	8	0.07407407407407407	0.07407407407407407
902	9	0.037037037037037035	0.037037037037037035
902	10	0.037037037037037035	0.037037037037037035
903	1	1.0	3.7777777777777777
903	2	0.5555555555555556	0.9259259259259259
903	3	0.2222222222222222	0.2962962962962963
903	4	0.07407407407407407	0.1111111111111111
903	5	0.07407407407407407	0.07407407407407407
903	6	0.07407407407407407	0.07407407407407407
903	7	0.07407407407407407	0.07407407407407407
903	8	0.037037037037037035	0.037037037037037035
903	9	0.0	0.0
903	10	0.0	0.0
904	1	1.0	4.962962962962963
904	2	0.37037037037037035	0.6666666666666666
904	3	0.14814814814814814	0.2222222222222222
904	4	0.1111111111111111	0.14814814814814814
904	5	0.07407407407407407	0.07407407407407407
904	6	0.0	0.0
904	7	0.0	0.0
904	8	0.0	0.0
904	9	0.0	0.0
904	10	0.0	0.0
905	1	1.0	4.481481481481482
905	2	0.5185185185185185	0.8518518518518519
905	3	0.3333333333333333	0.37037037037037035
905	4	0.1111111111111111	0.14814814814814814
905	5	0.07407407407407407	0.1111111111111111
905	6	0.07407407407407407	0.1111111111111111
905	7	0.07407407407407407	0.07407407407407407
905	8	0.07407407407407407	0.07407407407407407
905	9	0.037037037037037035	0.037037037037037035
905	10	0.037037037037037035	0.037037037037037035
906	1	1.0	4.481481481481482
906	2	0.5185185185185185	1.037037037037037
906	3	0.2222222222222222	0.37037037037037035
906	4	0.14814814814814814	0.18518518518518517
906	5	0.14814814814814814	0.14814814814814814
906	6	0.1111111111111111	0.1111111111111111
906	7	0.07407407407407407	0.07407407407407407
906	8	0.07407407407407407	0.07407407407407407
906	9	0.037037037037037035	0.037037037037037035
906	10	0.037037037037037035	0.037037037037037035
907	1	1.0	4.148148148148148
907	2	0.6666666666666666	1.1851851851851851
907	3	0.37037037037037035	0.5555555555555556
907	4	0.2962962962962963	0.4444444444444444
907	5	0.2222222222222222	0.3333333333333333
907	6	0.18518518518518517	0.25925925925925924
907	7	0.1111111111111111	0.1111111111111111
907	8	0.1111111111111111	0.1111111111111111
907	9	0.07407407407407407	0.07407407407407407
907	10	0.037037037037037035	0.037037037037037035
908	1	1.0	4.62962962962963
908	2	0.5925925925925926	1.0
908	3	0.4074074074074074	0.5925925925925926
908	4	0.3333333333333333	0.4074074074074074
908	5	0.14814814814814814	0.14814814814814814
908	6	0.07407407407407407	0.07407407407407407
908	7	0.037037037037037035	0.037037037037037035
908	8	0.037037037037037035	0.037037037037037035
908	9	0.0	0.0
908	10	0.0	0.0
909	1	1.0	4.481481481481482
909	2	0.5555555555555556	0.7777777777777778
909	3	0.25925925925925924	0.3333333333333333
909	4	0.2222222222222222	0.2222222222222222
909	5	0.14814814814814814	0.14814814814814814
909	6	0.1111111111111111	0.1111111111111111
909	7	0.037037037037037035	0.037037037037037035
909	8	0.0	0.0
909	9	0.0	0.0
909	10	0.0	0.0
910	1	1.0	4.592592592592593
910	2	0.48148148148148145	0.6666666666666666
910	3	0.1111111111111111	0.14814814814814814
910	4	0.07407407407407407	0.07407407407407407
910	5	0.0	0.0
910	6	0.0	0.0
910	7	0.0	0.0
910	8	0.0	0.0
910	9	0.0	0.0
910	10	0.0	0.0
911	1	1.0	4.333333333333333
911	2	0.48148148148148145	0.7407407407407407
911	3	0.2962962962962963	0.4074074074074074
911	4	0.18518518518518517	0.2222222222222222
911	5	0.07407407407407407	0.07407407407407407
911	6	0.07407407407407407	0.07407407407407407
911	7	0.07407407407407407	0.07407407407407407
911	8	0.037037037037037035	0.037037037037037035
911	9	0.037037037037037035	0.037037037037037035
911	10	0.037037037037037035	0.037037037037037035
912	1	1.0	4.666666666666667
912	2	0.48148148148148145	0.7037037037037037
912	3	0.18518518518518517	0.2222222222222222
912	4	0.1111111111111111	0.14814814814814814
912	5	0.07407407407407407	0.1111111111111111
912	6	0.07407407407407407	0.1111111111111111
912	7	0.07407407407407407	0.1111111111111111
912	8	0.037037037037037035	0.07407407407407407
912	9	0.037037037037037035	0.07407407407407407
912	10	0.037037037037037035	0.037037037037037035
913	1	1.0	3.8518518518518516
913	2	0.5925925925925926	0.8148148148148148
913	3	0.4444444444444444	0.5185185185185185
913	4	0.3333333333333333	0.4074074074074074
913	5	0.18518518518518517	0.18518518518518517
913	6	0.18518518518518517	0.18518518518518517
913	7	0.1111111111111111	0.1111111111111111
913	8	0.0	0.0
913	9	0.0	0.0
913	10	0.0	0.0
914	1	1.0	3.888888888888889
914	2	0.6296296296296297	1.0740740740740742
914	3	0.18518518518518517	0.25925925925925924
914	4	0.14814814814814814	0.18518518518518517
914	5	0.14814814814814814	0.14814814814814814
914	6	0.14814814814814814	0.14814814814814814
914	7	0.1111111111111111	0.1111111111111111
914	8	0.07407407407407407	0.07407407407407407
914	9	0.07407407407407407	0.07407407407407407
914	10	0.037037037037037035	0.037037037037037035
915	1	1.0	4.777777777777778
915	2	0.48148148148148145	0.9629629629629629
915	3	0.4074074074074074	0.5925925925925926
915	4	0.25925925925925924	0.2962962962962963
915	5	0.14814814814814814	0.18518518518518517
915	6	0.07407407407407407	0.07407407407407407
915	7	0.037037037037037035	0.037037037037037035
915	8	0.037037037037037035	0.037037037037037035
915	9	0.037037037037037035	0.037037037037037035
915	10	0.037037037037037035	0.037037037037037035
916	1	1.0	4.7407407407407405
916	2	0.4444444444444444	0.7037037037037037
916	3	0.2222222222222222	0.25925925925925924
916	4	0.1111111111111111	0.14814814814814814
916	5	0.07407407407407407	0.07407407407407407
916	6	0.037037037037037035	0.037037037037037035
916	7	0.0	0.0
916	8	0.0	0.0
916	9	0.0	0.0
916	10	0.0	0.0
917	1	1.0	5.074074074074074
917	2	0.5555555555555556	0.8518518518518519
917	3	0.4074074074074074	0.5555555555555556
917	4	0.25925925925925924	0.37037037037037035
917	5	0.2222222222222222	0.25925925925925924
917	6	0.14814814814814814	0.14814814814814814
917	7	0.14814814814814814	0.14814814814814814
917	8	0.07407407407407407	0.07407407407407407
917	9	0.037037037037037035	0.037037037037037035
917	10	0.0	0.0
918	1	1.0	4.296296296296297
918	2	0.4074074074074074	0.8148148148148148
918	3	0.2962962962962963	0.4444444444444444
918	4	0.2222222222222222	0.25925925925925924
918	5	0.14814814814814814	0.14814814814814814
918	6	0.1111111111111111	0.1111111111111111
918	7	0.07407407407407407	0.07407407407407407
918	8	0.037037037037037035	0.037037037037037035
918	9	0.0	0.0
918	10	0.0	0.0
919	1	1.0	4.0
919	2	0.4444444444444444	0.5925925925925926
919	3	0.3333333333333333	0.4074074074074074
919	4	0.25925925925925924	0.2962962962962963
919	5	0.18518518518518517	0.18518518518518517
919	6	0.1111111111111111	0.1111111111111111
919	7	0.037037037037037035	0.037037037037037035
919	8	0.037037037037037035	0.037037037037037035
919	9	0.037037037037037035	0.037037037037037035
919	10	0.037037037037037035	0.037037037037037035
920	1	1.0	3.888888888888889
920	2	0.5555555555555556	0.8148148148148148
920	3	0.18518518518518517	0.3333333333333333
920	4	0.14814814814814814	0.2962962962962963
920	5	0.1111111111111111	0.25925925925925924
920	6	0.1111111111111111	0.18518518518518517
920	7	0.07407407407407407	0.1111111111111111
920	8	0.07407407407407407	0.07407407407407407
920	9	0.07407407407407407	0.07407407407407407
920	10	0.07407407407407407	0.07407407407407407
921	1	1.0	4.925925925925926
921	2	0.6296296296296297	1.1111111111111112
921	3	0.3333333333333333	0.3333333333333333
921	4	0.18518518518518517	0.18518518518518517
921	5	0.1111111111111111	0.1111111111111111
921	6	0.1111111111111111	0.1111111111111111
921	7	0.07407407407407407	0.07407407407407407
921	8	0.07407407407407407	0.07407407407407407
921	9	0.07407407407407407	0.07407407407407407
921	10	0.0	0.0
922	1	1.0	4.592592592592593
922	2	0.5925925925925926	0.8518518518518519
922	3	0.37037037037037035	0.48148148148148145
922	4	0.2222222222222222	0.3333333333333333
922	5	0.18518518518518517	0.25925925925925924
922	6	0.14814814814814814	0.18518518518518517
922	7	0.14814814814814814	0.14814814814814814
922	8	0.1111111111111111	0.1111111111111111
922	9	0.07407407407407407	0.07407407407407407
922	10	0.0	0.0
923	1	1.0	4.518518518518518
923	2	0.5555555555555556	0.8888888888888888
923	3	0.37037037037037035	0.5185185185185185
923	4	0.2962962962962963	0.4074074074074074
923	5	0.25925925925925924	0.37037037037037035
923	6	0.2222222222222222	0.3333333333333333
923	7	0.18518518518518517	0.25925925925925924
923	8	0.1111111111111111	0.14814814814814814
923	9	0.07407407407407407	0.1111111111111111
923	10	0.07407407407407407	0.07407407407407407
924	1	1.0	4.333333333333333
924	2	0.37037037037037035	0.7407407407407407
924	3	0.25925925925925924	0.37037037037037035
924	4	0.18518518518518517	0.2222222222222222
924	5	0.14814814814814814	0.18518518518518517
924	6	0.1111111111111111	0.14814814814814814
924	7	0.07407407407407407	0.1111111111111111
924	8	0.07407407407407407	0.07407407407407407
924	9	0.07407407407407407	0.07407407407407407
924	10	0.07407407407407407	0.07407407407407407
925	1	1.0	4.703703703703703
925	2	0.5185185185185185	0.6296296296296297
925	3	0.2222222222222222	0.25925925925925924
925	4	0.14814814814814814	0.14814814814814814
925	5	0.07407407407407407	0.07407407407407407
925	6	0.037037037037037035	0.037037037037037035
925	7	0.037037037037037035	0.037037037037037035
925	8	0.037037037037037035	0.037037037037037035
925	9	0.037037037037037035	0.037037037037037035
925	10	0.037037037037037035	0.037037037037037035
926	1	1.0	5.2592592592592595
926	2	0.4444444444444444	0.7777777777777778
926	3	0.2962962962962963	0.3333333333333333
926	4	0.14814814814814814	0.14814814814814814
926	5	0.07407407407407407	0.07407407407407407
926	6	0.0	0.0
926	7	0.0	0.0
926	8	0.0	0.0
926	9	0.0	0.0
926	10	0.0	0.0
927	1	1.0	4.666666666666667
927	2	0.5185185185185185	0.8148148148148148
927	3	0.37037037037037035	0.5185185185185185
927	4	0.25925925925925924	0.37037037037037035
927	5	0.2222222222222222	0.25925925925925924
927	6	0.14814814814814814	0.18518518518518517
927	7	0.1111111111111111	0.1111111111111111
927	8	0.07407407407407407	0.07407407407407407
927	9	0.037037037037037035	0.037037037037037035
927	10	0.037037037037037035	0.037037037037037035
928	1	1.0	4.37037037037037
928	2	0.48148148148148145	0.7407407407407407
928	3	0.14814814814814814	0.2222222222222222
928	4	0.1111111111111111	0.14814814814814814
928	5	0.1111111111111111	0.14814814814814814
928	6	0.07407407407407407	0.1111111111111111
928	7	0.07407407407407407	0.1111111111111111
928	8	0.07407407407407407	0.1111111111111111
928	9	0.0	0.0
928	10	0.0	0.0
929	1	1.0	3.925925925925926
929	2	0.5185185185185185	0.9259259259259259
929	3	0.37037037037037035	0.48148148148148145
929	4	0.25925925925925924	0.37037037037037035
929	5	0.25925925925925924	0.3333333333333333
929	6	0.2222222222222222	0.2962962962962963
929	7	0.14814814814814814	0.2222222222222222
929	8	0.07407407407407407	0.07407407407407407
929	9	0.037037037037037035	0.037037037037037035
929	10	0.0	0.0
930	1	1.0	4.962962962962963
930	2	0.3333333333333333	0.4444444444444444
930	3	0.2222222222222222	0.2962962962962963
930	4	0.037037037037037035	0.037037037037037035
930	5	0.0	0.0
930	6	0.0	0.0
930	7	0.0	0.0
930	8	0.0	0.0
930	9	0.0	0.0
930	10	0.0	0.0
931	1	1.0	3.925925925925926
931	2	0.5555555555555556	0.9629629629629629
931	3	0.3333333333333333	0.48148148148148145
931	4	0.25925925925925924	0.2962962962962963
931	5	0.14814814814814814	0.14814814814814814
931	6	0.1111111111111111	0.1111111111111111
931	7	0.07407407407407407	0.07407407407407407
931	8	0.037037037037037035	0.037037037037037035
931	9	0.0	0.0
931	10	0.0	0.0
932	1	1.0	4.555555555555555
932	2	0.4444444444444444	0.7777777777777778
932	3	0.18518518518518517	0.25925925925925924
932	4	0.18518518518518517	0.2222222222222222
932	5	0.07407407407407407	0.1111111111111111
932	6	0.037037037037037035	0.07407407407407407
932	7	0.037037037037037035	0.07407407407407407
932	8	0.0	0.0
932	9	0.0	0.0
932	10	0.0	0.0
933	1	1.0	4.444444444444445
933	2	0.48148148148148145	0.7777777777777778
933	3	0.25925925925925924	0.2962962962962963
933	4	0.07407407407407407	0.07407407407407407
933	5	0.07407407407407407	0.07407407407407407
933	6	0.07407407407407407	0.07407407407407407
933	7	0.037037037037037035	0.037037037037037035
933	8	0.037037037037037035	0.037037037037037035
933	9	0.037037037037037035	0.037037037037037035
933	10	0.0	0.0
934	1	1.0	5.148148148148148
934	2	0.48148148148148145	0.7777777777777778
934	3	0.25925925925925924	0.3333333333333333
934	4	0.14814814814814814	0.18518518518518517
934	5	0.14814814814814814	0.18518518518518517
934	6	0.1111111111111111	0.14814814814814814
934	7	0.0	0.0
934	8	0.0	0.0
934	9	0.0	0.0
934	10	0.0	0.0
935	1	1.0	4.481481481481482
935	2	0.48148148148148145	0.7407407407407407
935	3	0.3333333333333333	0.37037037037037035
935	4	0.07407407407407407	0.07407407407407407
935	5	0.0	0.0
935	6	0.0	0.0
935	7	0.0	0.0
935	8	0.0	0.0
935	9	0.0	0.0
935	10	0.0	0.0
936	1	1.0	4.703703703703703
936	2	0.5555555555555556	1.037037037037037
936	3	0.18518518518518517	0.2962962962962963
936	4	0.1111111111111111	0.18518518518518517
936	5	0.037037037037037035	0.07407407407407407
936	6	0.037037037037037035	0.037037037037037035
936	7	0.037037037037037035	0.037037037037037035
936	8	0.037037037037037035	0.037037037037037035
936	9	0.0	0.0
936	10	0.0	0.0
937	1	1.0	4.518518518518518
937	2	0.4074074074074074	0.5555555555555556
937	3	0.14814814814814814	0.18518518518518517
937	4	0.14814814814814814	0.14814814814814814
937	5	0.1111111111111111	0.1111111111111111
937	6	0.07407407407407407	0.07407407407407407
937	7	0.07407407407407407	0.07407407407407407
937	8	0.07407407407407407	0.07407407407407407
937	9	0.07407407407407407	0.07407407407407407
937	10	0.07407407407407407	0.07407407407407407
938	1	1.0	4.592592592592593
938	2	0.5185185185185185	0.7407407407407407
938	3	0.4074074074074074	0.5185185185185185
938	4	0.18518518518518517	0.18518518518518517
938	5	0.037037037037037035	0.037037037037037035
938	6	0.037037037037037035	0.037037037037037035
938	7	0.037037037037037035	0.037037037037037035
938	8	0.0	0.0
938	9	0.0	0.0
938	10	0.0	0.0
939	1	1.0	4.555555555555555
939	2	0.4444444444444444	0.5925925925925926
939	3	0.2222222222222222	0.2962962962962963
939	4	0.07407407407407407	0.07407407407407407
939	5	0.07407407407407407	0.07407407407407407
939	6	0.037037037037037035	0.037037037037037035
939	7	0.0	0.0
939	8	0.0	0.0
939	9	0.0	0.0
939	10	0.0	0.0
940	1	1.0	4.888888888888889
940	2	0.4444444444444444	0.9259259259259259
940	3	0.25925925925925924	0.3333333333333333
940	4	0.18518518518518517	0.18518518518518517
940	5	0.1111111111111111	0.1111111111111111
940	6	0.037037037037037035	0.037037037037037035
940	7	0.037037037037037035	0.037037037037037035
940	8	0.037037037037037035	0.037037037037037035
940	9	0.037037037037037035	0.037037037037037035
940	10	0.037037037037037035	0.037037037037037035
941	1	1.0	4.703703703703703
941	2	0.4074074074074074	0.5925925925925926
941	3	0.18518518518518517	0.25925925925925924
941	4	0.14814814814814814	0.2222222222222222
941	5	0.07407407407407407	0.07407407407407407
941	6	0.07407407407407407	0.07407407407407407
941	7	0.0	0.0
941	8	0.0	0.0
941	9	0.0	0.0
941	10	0.0	0.0
942	1	1.0	4.148148148148148
942	2	0.48148148148148145	0.7777777777777778
942	3	0.18518518518518517	0.18518518518518517
942	4	0.037037037037037035	0.037037037037037035
942	5	0.0	0.0
942	6	0.0	0.0
942	7	0.0	0.0
942	8	0.0	0.0
942	9	0.0	0.0
942	10	0.0	0.0
943	1	1.0	4.2592592592592595
943	2	0.5555555555555556	0.8518518518518519
943	3	0.2222222222222222	0.2962962962962963
943	4	0.07407407407407407	0.1111111111111111
943	5	0.037037037037037035	0.07407407407407407
943	6	0.037037037037037035	0.037037037037037035
943	7	0.0	0.0
943	8	0.0	0.0
943	9	0.0	0.0
943	10	0.0	0.0
944	1	1.0	4.333333333333333
944	2	0.4444444444444444	0.8518518518518519
944	3	0.2222222222222222	0.3333333333333333
944	4	0.14814814814814814	0.14814814814814814
944	5	0.07407407407407407	0.07407407407407407
944	6	0.0	0.0
944	7	0.0	0.0
944	8	0.0	0.0
944	9	0.0	0.0
944	10	0.0	0.0
945	1	1.0	4.37037037037037
945	2	0.37037037037037035	0.5555555555555556
945	3	0.18518518518518517	0.25925925925925924
945	4	0.07407407407407407	0.1111111111111111
945	5	0.037037037037037035	0.07407407407407407
945	6	0.037037037037037035	0.07407407407407407
945	7	0.037037037037037035	0.037037037037037035
945	8	0.037037037037037035	0.037037037037037035
945	9	0.037037037037037035	0.037037037037037035
945	10	0.037037037037037035	0.037037037037037035
946	1	1.0	4.074074074074074
946	2	0.5185185185185185	0.8518518518518519
946	3	0.25925925925925924	0.4074074074074074
946	4	0.18518518518518517	0.3333333333333333
946	5	0.1111111111111111	0.14814814814814814
946	6	0.037037037037037035	0.037037037037037035
946	7	0.037037037037037035	0.037037037037037035
946	8	0.037037037037037035	0.037037037037037035
946	9	0.037037037037037035	0.037037037037037035
946	10	0.037037037037037035	0.037037037037037035
947	1	1.0	4.62962962962963
947	2	0.7037037037037037	0.8888888888888888
947	3	0.2962962962962963	0.3333333333333333
947	4	0.2222222222222222	0.2222222222222222
947	5	0.14814814814814814	0.14814814814814814
947	6	0.1111111111111111	0.1111111111111111
947	7	0.07407407407407407	0.07407407407407407
947	8	0.037037037037037035	0.037037037037037035
947	9	0.0	0.0
947	10	0.0	0.0
948	1	1.0	4.296296296296297
948	2	0.2962962962962963	0.4444444444444444
948	3	0.07407407407407407	0.07407407407407407
948	4	0.07407407407407407	0.07407407407407407
948	5	0.0	0.0
948	6	0.0	0.0
948	7	0.0	0.0
948	8	0.0	0.0
948	9	0.0	0.0
948	10	0.0	0.0
949	1	1.0	4.074074074074074
949	2	0.6296296296296297	1.037037037037037
949	3	0.37037037037037035	0.48148148148148145
949	4	0.18518518518518517	0.2222222222222222
949	5	0.14814814814814814	0.14814814814814814
949	6	0.14814814814814814	0.14814814814814814
949	7	0.037037037037037035	0.037037037037037035
949	8	0.0	0.0
949	9	0.0	0.0
949	10	0.0	0.0
950	1	1.0	4.111111111111111
950	2	0.4444444444444444	0.7407407407407407
950	3	0.2962962962962963	0.3333333333333333
950	4	0.2222222222222222	0.2222222222222222
950	5	0.18518518518518517	0.18518518518518517
950	6	0.1111111111111111	0.1111111111111111
950	7	0.037037037037037035	0.037037037037037035
950	8	0.0	0.0
950	9	0.0	0.0
950	10	0.0	0.0
951	1	1.0	4.2592592592592595
951	2	0.4074074074074074	0.8148148148148148
951	3	0.18518518518518517	0.2962962962962963
951	4	0.1111111111111111	0.14814814814814814
951	5	0.07407407407407407	0.1111111111111111
951	6	0.07407407407407407	0.07407407407407407
951	7	0.037037037037037035	0.037037037037037035
951	8	0.0	0.0
951	9	0.0	0.0
951	10	0.0	0.0
952	1	1.0	4.666666666666667
952	2	0.48148148148148145	0.8518518518518519
952	3	0.25925925925925924	0.37037037037037035
952	4	0.18518518518518517	0.25925925925925924
952	5	0.037037037037037035	0.037037037037037035
952	6	0.0	0.0
952	7	0.0	0.0
952	8	0.0	0.0
952	9	0.0	0.0
952	10	0.0	0.0
953	1	1.0	4.666666666666667
953	2	0.6296296296296297	1.1481481481481481
953	3	0.3333333333333333	0.4074074074074074
953	4	0.18518518518518517	0.18518518518518517
953	5	0.07407407407407407	0.07407407407407407
953	6	0.037037037037037035	0.037037037037037035
953	7	0.037037037037037035	0.037037037037037035
953	8	0.037037037037037035	0.037037037037037035
953	9	0.0	0.0
953	10	0.0	0.0
954	1	1.0	4.407407407407407
954	2	0.4444444444444444	0.6666666666666666
954	3	0.2222222222222222	0.25925925925925924
954	4	0.07407407407407407	0.07407407407407407
954	5	0.0	0.0
954	6	0.0	0.0
954	7	0.0	0.0
954	8	0.0	0.0
954	9	0.0	0.0
954	10	0.0	0.0
955	1	1.0	5.407407407407407
955	2	0.6296296296296297	1.0
955	3	0.2962962962962963	0.4074074074074074
955	4	0.07407407407407407	0.1111111111111111
955	5	0.037037037037037035	0.037037037037037035
955	6	0.037037037037037035	0.037037037037037035
955	7	0.037037037037037035	0.037037037037037035
955	8	0.0	0.0
955	9	0.0	0.0
955	10	0.0	0.0
956	1	1.0	4.296296296296297
956	2	0.6296296296296297	1.1111111111111112
956	3	0.2962962962962963	0.4444444444444444
956	4	0.14814814814814814	0.2222222222222222
956	5	0.037037037037037035	0.037037037037037035
956	6	0.037037037037037035	0.037037037037037035
956	7	0.0	0.0
956	8	0.0	0.0
956	9	0.0	0.0
956	10	0.0	0.0
957	1	1.0	4.333333333333333
957	2	0.48148148148148145	0.7407407407407407
957	3	0.14814814814814814	0.14814814814814814
957	4	0.1111111111111111	0.1111111111111111
957	5	0.037037037037037035	0.037037037037037035
957	6	0.0	0.0
957	7	0.0	0.0
957	8	0.0	0.0
957	9	0.0	0.0
957	10	0.0	0.0
958	1	1.0	4.444444444444445
958	2	0.5555555555555556	0.9259259259259259
958	3	0.18518518518518517	0.25925925925925924
958	4	0.07407407407407407	0.07407407407407407
958	5	0.037037037037037035	0.037037037037037035
958	6	0.037037037037037035	0.037037037037037035
958	7	0.037037037037037035	0.037037037037037035
958	8	0.037037037037037035	0.037037037037037035
958	9	0.037037037037037035	0.037037037037037035
958	10	0.037037037037037035	0.037037037037037035
959	1	1.0	4.111111111111111
959	2	0.5925925925925926	0.8888888888888888
959	3	0.3333333333333333	0.4074074074074074
959	4	0.2222222222222222	0.25925925925925924
959	5	0.1111111111111111	0.1111111111111111
959	6	0.07407407407407407	0.07407407407407407
959	7	0.07407407407407407	0.07407407407407407
959	8	0.037037037037037035	0.037037037037037035
959	9	0.037037037037037035	0.037037037037037035
959	10	0.037037037037037035	0.037037037037037035
960	1	1.0	4.222222222222222
960	2	0.5555555555555556	0.8148148148148148
960	3	0.2222222222222222	0.3333333333333333
960	4	0.14814814814814814	0.18518518518518517
960	5	0.037037037037037035	0.037037037037037035
960	6	0.0	0.0
960	7	0.0	0.0
960	8	0.0	0.0
960	9	0.0	0.0
960	10	0.0	0.0
961	1	1.0	4.148148148148148
961	2	0.7037037037037037	1.037037037037037
961	3	0.37037037037037035	0.48148148148148145
961	4	0.25925925925925924	0.2962962962962963
961	5	0.1111111111111111	0.14814814814814814
961	6	0.07407407407407407	0.1111111111111111
961	7	0.07407407407407407	0.1111111111111111
961	8	0.037037037037037035	0.07407407407407407
961	9	0.037037037037037035	0.037037037037037035
961	10	0.037037037037037035	0.037037037037037035
962	1	1.0	4.592592592592593
962	2	0.37037037037037035	0.7037037037037037
962	3	0.14814814814814814	0.2222222222222222
962	4	0.14814814814814814	0.14814814814814814
962	5	0.14814814814814814	0.14814814814814814
962	6	0.07407407407407407	0.07407407407407407
962	7	0.037037037037037035	0.037037037037037035
962	8	0.0	0.0
962	9	0.0	0.0
962	10	0.0	0.0
963	1	1.0	4.185185185185185
963	2	0.5555555555555556	0.7777777777777778
963	3	0.25925925925925924	0.25925925925925924
963	4	0.1111111111111111	0.1111111111111111
963	5	0.037037037037037035	0.037037037037037035
963	6	0.037037037037037035	0.037037037037037035
963	7	0.037037037037037035	0.037037037037037035
963	8	0.037037037037037035	0.037037037037037035
963	9	0.037037037037037035	0.037037037037037035
963	10	0.037037037037037035	0.037037037037037035
964	1	1.0	5.925925925925926
964	2	0.6666666666666666	1.1851851851851851
964	3	0.2222222222222222	0.25925925925925924
964	4	0.14814814814814814	0.18518518518518517
964	5	0.07407407407407407	0.07407407407407407
964	6	0.037037037037037035	0.037037037037037035
964	7	0.037037037037037035	0.037037037037037035
964	8	0.0	0.0
964	9	0.0	0.0
964	10	0.0	0.0
965	1	1.0	4.333333333333333
965	2	0.5185185185185185	0.7777777777777778
965	3	0.07407407407407407	0.1111111111111111
965	4	0.07407407407407407	0.1111111111111111
965	5	0.037037037037037035	0.037037037037037035
965	6	0.037037037037037035	0.037037037037037035
965	7	0.037037037037037035	0.037037037037037035
965	8	0.037037037037037035	0.037037037037037035
965	9	0.037037037037037035	0.037037037037037035
965	10	0.037037037037037035	0.037037037037037035
966	1	1.0	5.37037037037037
966	2	0.5555555555555556	0.9629629629629629
966	3	0.3333333333333333	0.4074074074074074
966	4	0.14814814814814814	0.14814814814814814
966	5	0.07407407407407407	0.07407407407407407
966	6	0.07407407407407407	0.07407407407407407
966	7	0.0	0.0
966	8	0.0	0.0
966	9	0.0	0.0
966	10	0.0	0.0
967	1	1.0	4.37037037037037
967	2	0.4444444444444444	0.7037037037037037
967	3	0.2222222222222222	0.4074074074074074
967	4	0.2222222222222222	0.37037037037037035
967	5	0.07407407407407407	0.14814814814814814
967	6	0.07407407407407407	0.07407407407407407
967	7	0.07407407407407407	0.07407407407407407
967	8	0.037037037037037035	0.037037037037037035
967	9	0.0	0.0
967	10	0.0	0.0
968	1	1.0	5.62962962962963
968	2	0.3333333333333333	0.5925925925925926
968	3	0.07407407407407407	0.14814814814814814
968	4	0.07407407407407407	0.07407407407407407
968	5	0.037037037037037035	0.037037037037037035
968	6	0.0	0.0
968	7	0.0	0.0
968	8	0.0	0.0
968	9	0.0	0.0
968	10	0.0	0.0
969	1	1.0	3.814814814814815
969	2	0.4444444444444444	0.6296296296296297
969	3	0.25925925925925924	0.3333333333333333
969	4	0.18518518518518517	0.25925925925925924
969	5	0.18518518518518517	0.25925925925925924
969	6	0.14814814814814814	0.18518518518518517
969	7	0.1111111111111111	0.1111111111111111
969	8	0.1111111111111111	0.1111111111111111
969	9	0.037037037037037035	0.037037037037037035
969	10	0.037037037037037035	0.037037037037037035
970	1	1.0	4.62962962962963
970	2	0.5555555555555556	0.7037037037037037
970	3	0.2222222222222222	0.2222222222222222
970	4	0.1111111111111111	0.1111111111111111
970	5	0.07407407407407407	0.07407407407407407
970	6	0.037037037037037035	0.037037037037037035
970	7	0.037037037037037035	0.037037037037037035
970	8	0.0	0.0
970	9	0.0	0.0
970	10	0.0	0.0
971	1	1.0	4.62962962962963
971	2	0.37037037037037035	0.5555555555555556
971	3	0.1111111111111111	0.14814814814814814
971	4	0.037037037037037035	0.037037037037037035
971	5	0.0	0.0
971	6	0.0	0.0
971	7	0.0	0.0
971	8	0.0	0.0
971	9	0.0	0.0
971	10	0.0	0.0
972	1	1.0	4.814814814814815
972	2	0.7037037037037037	1.2222222222222223
972	3	0.37037037037037035	0.48148148148148145
972	4	0.18518518518518517	0.2222222222222222
972	5	0.14814814814814814	0.14814814814814814
972	6	0.037037037037037035	0.037037037037037035
972	7	0.0	0.0
972	8	0.0	0.0
972	9	0.0	0.0
972	10	0.0	0.0
973	1	1.0	4.62962962962963
973	2	0.5555555555555556	0.9259259259259259
973	3	0.18518518518518517	0.2222222222222222
973	4	0.1111111111111111	0.14814814814814814
973	5	0.07407407407407407	0.1111111111111111
973	6	0.07407407407407407	0.1111111111111111
973	7	0.037037037037037035	0.07407407407407407
973	8	0.037037037037037035	0.037037037037037035
973	9	0.037037037037037035	0.037037037037037035
973	10	0.0	0.0
974	1	1.0	4.481481481481482
974	2	0.5555555555555556	0.7037037037037037
974	3	0.3333333333333333	0.37037037037037035
974	4	0.14814814814814814	0.14814814814814814
974	5	0.14814814814814814	0.14814814814814814
974	6	0.14814814814814814	0.14814814814814814
974	7	0.037037037037037035	0.037037037037037035
974	8	0.037037037037037035	0.037037037037037035
974	9	0.037037037037037035	0.037037037037037035
974	10	0.037037037037037035	0.037037037037037035
975	1	1.0	4.851851851851852
975	2	0.4444444444444444	0.6666666666666666
975	3	0.2962962962962963	0.37037037037037035
975	4	0.2222222222222222	0.2222222222222222
975	5	0.14814814814814814	0.14814814814814814
975	6	0.1111111111111111	0.1111111111111111
975	7	0.07407407407407407	0.07407407407407407
975	8	0.07407407407407407	0.07407407407407407
975	9	0.0	0.0
975	10	0.0	0.0
976	1	1.0	4.962962962962963
976	2	0.5185185185185185	0.8518518518518519
976	3	0.25925925925925924	0.2962962962962963
976	4	0.2222222222222222	0.25925925925925924
976	5	0.18518518518518517	0.18518518518518517
976	6	0.1111111111111111	0.1111111111111111
976	7	0.07407407407407407	0.07407407407407407
976	8	0.07407407407407407	0.07407407407407407
976	9	0.07407407407407407	0.07407407407407407
976	10	0.0	0.0
977	1	1.0	4.37037037037037
977	2	0.7407407407407407	1.037037037037037
977	3	0.25925925925925924	0.4074074074074074
977	4	0.18518518518518517	0.2222222222222222
977	5	0.1111111111111111	0.1111111111111111
977	6	0.07407407407407407	0.07407407407407407
977	7	0.07407407407407407	0.07407407407407407
977	8	0.037037037037037035	0.037037037037037035
977	9	0.0	0.0
977	10	0.0	0.0
978	1	1.0	4.407407407407407
978	2	0.7037037037037037	1.1111111111111112
978	3	0.4444444444444444	0.5555555555555556
978	4	0.2222222222222222	0.25925925925925924
978	5	0.14814814814814814	0.14814814814814814
978	6	0.037037037037037035	0.037037037037037035
978	7	0.037037037037037035	0.037037037037037035
978	8	0.037037037037037035	0.037037037037037035
978	9	0.037037037037037035	0.037037037037037035
978	10	0.037037037037037035	0.037037037037037035
979	1	1.0	5.37037037037037
979	2	0.7777777777777778	1.1111111111111112
979	3	0.4074074074074074	0.5555555555555556
979	4	0.2962962962962963	0.3333333333333333
979	5	0.14814814814814814	0.14814814814814814
979	6	0.037037037037037035	0.037037037037037035
979	7	0.0	0.0
979	8	0.0	0.0
979	9	0.0	0.0
979	10	0.0	0.0
980	1	1.0	4.851851851851852
980	2	0.37037037037037035	0.6666666666666666
980	3	0.2222222222222222	0.25925925925925924
980	4	0.14814814814814814	0.14814814814814814
980	5	0.1111111111111111	0.1111111111111111
980	6	0.07407407407407407	0.07407407407407407
980	7	0.07407407407407407	0.07407407407407407
980	8	0.037037037037037035	0.037037037037037035
980	9	0.0	0.0
980	10	0.0	0.0
981	1	1.0	4.62962962962963
981	2	0.37037037037037035	0.5925925925925926
981	3	0.25925925925925924	0.2962962962962963
981	4	0.1111111111111111	0.14814814814814814
981	5	0.07407407407407407	0.07407407407407407
981	6	0.0	0.0
981	7	0.0	0.0
981	8	0.0	0.0
981	9	0.0	0.0
981	10	0.0	0.0
982	1	1.0	4.555555555555555
982	2	0.4444444444444444	0.7037037037037037
982	3	0.2962962962962963	0.4074074074074074
982	4	0.18518518518518517	0.2222222222222222
982	5	0.07407407407407407	0.1111111111111111
982	6	0.037037037037037035	0.07407407407407407
982	7	0.037037037037037035	0.037037037037037035
982	8	0.037037037037037035	0.037037037037037035
982	9	0.037037037037037035	0.037037037037037035
982	10	0.0	0.0
983	1	1.0	4.148148148148148
983	2	0.5185185185185185	1.037037037037037
983	3	0.3333333333333333	0.5555555555555556
983	4	0.25925925925925924	0.2962962962962963
983	5	0.1111111111111111	0.1111111111111111
983	6	0.037037037037037035	0.037037037037037035
983	7	0.037037037037037035	0.037037037037037035
983	8	0.0	0.0
983	9	0.0	0.0
983	10	0.0	0.0
984	1	1.0	5.407407407407407
984	2	0.5185185185185185	0.7037037037037037
984	3	0.2962962962962963	0.3333333333333333
984	4	0.07407407407407407	0.1111111111111111
984	5	0.07407407407407407	0.1111111111111111
984	6	0.0	0.0
984	7	0.0	0.0
984	8	0.0	0.0
984	9	0.0	0.0
984	10	0.0	0.0
985	1	1.0	4.333333333333333
985	2	0.4074074074074074	0.6666666666666666
985	3	0.2962962962962963	0.3333333333333333
985	4	0.25925925925925924	0.25925925925925924
985	5	0.14814814814814814	0.14814814814814814
985	6	0.07407407407407407	0.07407407407407407
985	7	0.07407407407407407	0.07407407407407407
985	8	0.07407407407407407	0.07407407407407407
985	9	0.07407407407407407	0.07407407407407407
985	10	0.0	0.0
986	1	1.0	4.555555555555555
986	2	0.48148148148148145	0.8888888888888888
986	3	0.37037037037037035	0.5185185185185185
986	4	0.2222222222222222	0.25925925925925924
986	5	0.14814814814814814	0.18518518518518517
986	6	0.1111111111111111	0.14814814814814814
986	7	0.07407407407407407	0.1111111111111111
986	8	0.07407407407407407	0.07407407407407407
986	9	0.037037037037037035	0.037037037037037035
986	10	0.037037037037037035	0.037037037037037035
987	1	1.0	4.62962962962963
987	2	0.4444444444444444	0.7407407407407407
987	3	0.25925925925925924	0.3333333333333333
987	4	0.14814814814814814	0.18518518518518517
987	5	0.1111111111111111	0.1111111111111111
987	6	0.07407407407407407	0.07407407407407407
987	7	0.07407407407407407	0.07407407407407407
987	8	0.07407407407407407	0.07407407407407407
987	9	0.037037037037037035	0.037037037037037035
987	10	0.0	0.0
988	1	1.0	4.333333333333333
988	2	0.5185185185185185	0.9629629629629629
988	3	0.25925925925925924	0.37037037037037035
988	4	0.14814814814814814	0.2222222222222222
988	5	0.07407407407407407	0.14814814814814814
988	6	0.07407407407407407	0.14814814814814814
988	7	0.07407407407407407	0.07407407407407407
988	8	0.07407407407407407	0.07407407407407407
988	9	0.037037037037037035	0.037037037037037035
988	10	0.037037037037037035	0.037037037037037035
989	1	1.0	5.444444444444445
989	2	0.37037037037037035	0.6666666666666666
989	3	0.2222222222222222	0.3333333333333333
989	4	0.1111111111111111	0.14814814814814814
989	5	0.07407407407407407	0.1111111111111111
989	6	0.037037037037037035	0.037037037037037035
989	7	0.037037037037037035	0.037037037037037035
989	8	0.037037037037037035	0.037037037037037035
989	9	0.037037037037037035	0.037037037037037035
989	10	0.037037037037037035	0.037037037037037035
990	1	1.0	4.666666666666667
990	2	0.5555555555555556	0.8518518518518519
990	3	0.25925925925925924	0.3333333333333333
990	4	0.14814814814814814	0.18518518518518517
990	5	0.1111111111111111	0.1111111111111111
990	6	0.07407407407407407	0.07407407407407407
990	7	0.037037037037037035	0.037037037037037035
990	8	0.0	0.0
990	9	0.0	0.0
990	10	0.0	0.0
991	1	1.0	4.333333333333333
991	2	0.3333333333333333	0.6666666666666666
991	3	0.18518518518518517	0.3333333333333333
991	4	0.14814814814814814	0.14814814814814814
991	5	0.14814814814814814	0.14814814814814814
991	6	0.037037037037037035	0.037037037037037035
991	7	0.037037037037037035	0.037037037037037035
991	8	0.037037037037037035	0.037037037037037035
991	9	0.0	0.0
991	10	0.0	0.0
992	1	1.0	5.2592592592592595
992	2	0.5925925925925926	1.037037037037037
992	3	0.25925925925925924	0.4074074074074074
992	4	0.14814814814814814	0.2222222222222222
992	5	0.1111111111111111	0.14814814814814814
992	6	0.1111111111111111	0.1111111111111111
992	7	0.1111111111111111	0.1111111111111111
992	8	0.037037037037037035	0.037037037037037035
992	9	0.0	0.0
992	10	0.0	0.0
993	1	1.0	4.925925925925926
993	2	0.5185185185185185	0.6666666666666666
993	3	0.2962962962962963	0.3333333333333333
993	4	0.1111111111111111	0.14814814814814814
993	5	0.07407407407407407	0.1111111111111111
993	6	0.07407407407407407	0.1111111111111111
993	7	0.037037037037037035	0.07407407407407407
993	8	0.037037037037037035	0.037037037037037035
993	9	0.037037037037037035	0.037037037037037035
993	10	0.037037037037037035	0.037037037037037035
994	1	1.0	4.962962962962963
994	2	0.5925925925925926	0.7407407407407407
994	3	0.25925925925925924	0.37037037037037035
994	4	0.2222222222222222	0.25925925925925924
994	5	0.18518518518518517	0.2222222222222222
994	6	0.1111111111111111	0.14814814814814814
994	7	0.037037037037037035	0.037037037037037035
994	8	0.037037037037037035	0.037037037037037035
994	9	0.037037037037037035	0.037037037037037035
994	10	0.037037037037037035	0.037037037037037035
995	1	1.0	4.148148148148148
995	2	0.4074074074074074	0.48148148148148145
995	3	0.18518518518518517	0.18518518518518517
995	4	0.1111111111111111	0.1111111111111111
995	5	0.0	0.0
995	6	0.0	0.0
995	7	0.0	0.0
995	8	0.0	0.0
995	9	0.0	0.0
995	10	0.0	0.0
996	1	1.0	5.074074074074074
996	2	0.6666666666666666	1.0740740740740742
996	3	0.37037037037037035	0.48148148148148145
996	4	0.3333333333333333	0.3333333333333333
996	5	0.18518518518518517	0.18518518518518517
996	6	0.18518518518518517	0.18518518518518517
996	7	0.14814814814814814	0.14814814814814814
996	8	0.1111111111111111	0.1111111111111111
996	9	0.1111111111111111	0.1111111111111111
996	10	0.07407407407407407	0.07407407407407407
997	1	1.0	5.111111111111111
997	2	0.5185185185185185	0.8148148148148148
997	3	0.3333333333333333	0.3333333333333333
997	4	0.14814814814814814	0.14814814814814814
997	5	0.07407407407407407	0.07407407407407407
997	6	0.037037037037037035	0.037037037037037035
997	7	0.0	0.0
997	8	0.0	0.0
997	9	0.0	0.0
997	10	0.0	0.0
998	1	1.0	4.666666666666667
998	2	0.37037037037037035	0.8518518518518519
998	3	0.18518518518518517	0.2962962962962963
998	4	0.1111111111111111	0.18518518518518517
998	5	0.1111111111111111	0.14814814814814814
998	6	0.1111111111111111	0.14814814814814814
998	7	0.07407407407407407	0.1111111111111111
998	8	0.037037037037037035	0.037037037037037035
998	9	0.037037037037037035	0.037037037037037035
998	10	0.0	0.0
999	1	1.0	4.185185185185185
999	2	0.5185185185185185	0.7037037037037037
999	3	0.2962962962962963	0.37037037037037035
999	4	0.25925925925925924	0.2962962962962963
999	5	0.1111111111111111	0.1111111111111111
999	6	0.0	0.0
999	7	0.0	0.0
999	8	0.0	0.0
999	9	0.0	0.0
999	10	0.0	0.0
