profile_id	paper_key	target_key	target_label	marker_count	local_comparison_profiles	reported_panel_exclusivity	global_same_label_profiles	global_marker_recovery
profile:f80cbc1d2f6067ff05f2	biorxiv:001efeeb-7491-1014-a82f-ef19de5990ad	regenerative epithelial cell	regenerative epithelial cell	9	0		0	
profile:9ffc923fd5db7351a2ed	biorxiv:01e5e65d-751c-1014-a8e3-b5f1d7a951ab	dendritic cell	dendritic cell	5	5	1.0	11	0.0
profile:e0d49b0bd578680fdb5c	biorxiv:01e5e65d-751c-1014-a8e3-b5f1d7a951ab	keratinocyte	keratinocyte	5	5	1.0	2	0.0
profile:2322c45864cf54d05701	biorxiv:01e5e65d-751c-1014-a8e3-b5f1d7a951ab	langerhans cell	Langerhans cell	3	5	1.0	3	0.0
profile:a814f33d334cd3757590	biorxiv:01e5e65d-751c-1014-a8e3-b5f1d7a951ab	melanocyte	melanocyte	8	5	1.0	9	0.0
profile:4d31c1756b8f2621335b	biorxiv:01e5e65d-751c-1014-a8e3-b5f1d7a951ab	t cell	T-cell	7	5	1.0	36	0.0
profile:4555739d8091054bec09	biorxiv:03092aac-75a4-1014-b9cc-d44d468fbd97	cd4 tissue resident memory t cell	CD4+ tissue resident memory T cell	3	39	1.0	1	0.6666666666666666
profile:c42144834effd7efd442	biorxiv:03092aac-75a4-1014-b9cc-d44d468fbd97	cd8 exhausted t cell	CD8+ exhausted T cell	3	39	0.6666666666666666	0	
profile:47c040c556d80d276df6	biorxiv:03092aac-75a4-1014-b9cc-d44d468fbd97	cd8 proliferating exhausted t cell	CD8+ proliferating exhausted T cell	3	39	0.0	0	
profile:76672a3f37b57a11dd4c	biorxiv:03092aac-75a4-1014-b9cc-d44d468fbd97	germinal center light zone b cell	germinal center light-zone B cell	3	39	1.0	0	
profile:5d2afbc8599d38de354f	biorxiv:03092aac-75a4-1014-b9cc-d44d468fbd97	inflammatory cancer associated fibroblast	inflammatory cancer-associated fibroblast	3	39	0.6666666666666666	4	0.25
profile:6539bdb1505a405da912	biorxiv:03092aac-75a4-1014-b9cc-d44d468fbd97	mast cell	mast cell	3	39	1.0	19	0.49122807017543857
profile:96264011b2d575f70c18	biorxiv:03092aac-75a4-1014-b9cc-d44d468fbd97	myofibroblast like cancer associated fibroblast	myofibroblast-like cancer-associated fibroblast	3	39	0.6666666666666666	0	
profile:3dba2e2212b90833cb8f	biorxiv:03092aac-75a4-1014-b9cc-d44d468fbd97	plasma cell	plasma cell	3	39	1.0	22	0.19696969696969693
profile:f4a94ee37586f6a20fc1	biorxiv:03092aac-75a4-1014-b9cc-d44d468fbd97	smooth muscle cell	smooth muscle cell	3	39	1.0	24	0.3333333333333333
profile:ea8fd50e4efd57c641ee	biorxiv:03092aac-75a4-1014-b9cc-d44d468fbd97	stard13 positive macrophage	STARD13-positive macrophage	3	39	1.0	0	
profile:f3be52c30781e621b71e	biorxiv:03092aac-75a4-1014-b9cc-d44d468fbd97	trem2high macrophage	TREM2high macrophage	3	39	0.3333333333333333	0	
profile:988c71bf592be319ea54	biorxiv:03092aac-75a4-1014-b9cc-d44d468fbd97	trem2low macrophage	TREM2low macrophage	3	39	0.3333333333333333	0	
profile:70e158b1f3e271464114	biorxiv:0900c414-6db3-1014-86e7-ea4583587c92	lysozyme positive cancer cell	lysozyme-positive cancer cell	3	1	1.0	0	
profile:fae519a9acf78194cc80	biorxiv:09d40fbc-6c3d-1014-b39f-eee50a07ad3b	cholangiocyte	cholangiocyte	6	8	1.0	3	0.3333333333333333
profile:91251da6e98a98ac114a	biorxiv:09d40fbc-6c3d-1014-b39f-eee50a07ad3b	endothelial epithelial and immune cell	endothelial/epithelial and immune cell	4	8	1.0	0	
profile:65027f73e3d0d8b5ba60	biorxiv:09d40fbc-6c3d-1014-b39f-eee50a07ad3b	hepatocyte	hepatocyte	4	8	0.25	3	0.3333333333333333
profile:161283a5f818b3d36e4e	biorxiv:09d40fbc-6c3d-1014-b39f-eee50a07ad3b	pericentral hepatocyte	pericentral hepatocyte	3	8	0.3333333333333333	1	0.6666666666666666
profile:aa31934cd033aa9e54a1	biorxiv:09d40fbc-6c3d-1014-b39f-eee50a07ad3b	periportal hepatocyte	periportal hepatocyte	4	8	0.75	1	0.0
profile:cba6e5943e5015227feb	biorxiv:0bd28b37-6e2e-1014-871e-a496f0a6bacd	epithelial differentiated 4 oral squamous cell carcinoma cell	epithelial differentiated 4 oral squamous cell carcinoma cell	4	11	1.0	0	
profile:b146b2adba44b2b26a66	biorxiv:0bd28b37-6e2e-1014-871e-a496f0a6bacd	epithelial differentiated oral squamous cell carcinoma cell	epithelial differentiated oral squamous cell carcinoma cell	6	11	0.8333333333333334	0	
profile:07b6c4f83434eabde37b	biorxiv:0bd28b37-6e2e-1014-871e-a496f0a6bacd	immune regulatory oral squamous cell carcinoma cell	immune-regulatory oral squamous cell carcinoma cell	5	11	1.0	0	
profile:4463e0c18e67b72bdad0	biorxiv:0bd28b37-6e2e-1014-871e-a496f0a6bacd	metabolic oral squamous cell carcinoma cell	metabolic oral squamous cell carcinoma cell	3	11	1.0	0	
profile:69fff863d64d8fd3d3e1	biorxiv:0bd28b37-6e2e-1014-871e-a496f0a6bacd	oral squamous cell carcinoma cell	oral squamous cell carcinoma cell	6	11	1.0	0	
profile:394e7aa3351cf92f1695	biorxiv:0bd28b37-6e2e-1014-871e-a496f0a6bacd	partial epithelial mesenchymal transition 1 oral squamous cell carcinoma cell	partial epithelial-mesenchymal transition 1 oral squamous cell carcinoma cell	3	11	1.0	0	
profile:e77a3e3b0f74ab9c1da4	biorxiv:0c5b4463-70b4-1014-b7ae-f953f2710002	immunosuppressive and angiogenic neutrophil	immunosuppressive and angiogenic neutrophil	7	4	1.0	0	
profile:d4462c9f7223f44c3d4a	biorxiv:0c5b4463-70b4-1014-b7ae-f953f2710002	mature normal density neutrophil	mature normal density neutrophil	7	4	0.7142857142857143	0	
profile:3bfcb9f4b12e228a8eaf	biorxiv:0c5b4463-70b4-1014-b7ae-f953f2710002	vascular immature neutrophil	vascular immature neutrophil	10	4	1.0	0	
profile:3b5f47e803da77e9ac72	biorxiv:0c7fdd53-755f-1014-abd5-c154158d9e44	pluripotent stem cell	pluripotent stem cell	3	1	0.6666666666666666	1	1.0
profile:607ad9284378461fd39e	biorxiv:0e94bf21-6c7c-1014-b6a7-bcc9b09c8181	adult intestinal stem cell	adult intestinal stem cell	3	21	0.3333333333333333	0	
profile:e7e77b6ead8276027772	biorxiv:0e94bf21-6c7c-1014-b6a7-bcc9b09c8181	enterocyte	enterocyte	3	21	0.0	7	0.3333333333333333
profile:b4d44de857c99ee172de	biorxiv:0e94bf21-6c7c-1014-b6a7-bcc9b09c8181	enteroendocrine cell	enteroendocrine cell	4	21	0.0	8	0.34375
profile:d1b6517f04c02ed3a209	biorxiv:0e94bf21-6c7c-1014-b6a7-bcc9b09c8181	enteroendocrine l cell	enteroendocrine L-cell	4	21	1.0	0	
profile:8e7e970e5b3828b1959a	biorxiv:0e94bf21-6c7c-1014-b6a7-bcc9b09c8181	goblet cell	goblet cell	5	21	0.8	13	0.3384615384615385
profile:a06bc94af155715f03f0	biorxiv:0e94bf21-6c7c-1014-b6a7-bcc9b09c8181	intestinal stem cell	intestinal stem cell	4	21	0.5	7	0.6785714285714286
profile:64ea9c0541b75834f9ea	biorxiv:0e94bf21-6c7c-1014-b6a7-bcc9b09c8181	mature enterocyte	mature enterocyte	3	21	0.0	0	
profile:d19d5b338713e82fe626	biorxiv:0e94bf21-6c7c-1014-b6a7-bcc9b09c8181	paneth cell	Paneth cell	6	21	0.6666666666666666	5	0.3666666666666667
profile:bae5a3617c52f27258f1	biorxiv:10f6f17d-749e-1014-bdcf-fe1d1407f022	acinar cell	acinar cell	3	6	1.0	6	0.27777777777777773
profile:c5e2d2759546132315e1	biorxiv:10f6f17d-749e-1014-bdcf-fe1d1407f022	alpha cell	alpha cell	9	6	0.8888888888888888	13	0.15384615384615385
profile:c1a0a4d122d80e7354d8	biorxiv:10f6f17d-749e-1014-bdcf-fe1d1407f022	beta cell	beta cell	21	6	0.9523809523809523	15	0.09523809523809523
profile:a5065d0c0dc449051db5	biorxiv:10f6f17d-749e-1014-bdcf-fe1d1407f022	delta cell	delta cell	5	6	1.0	9	0.2
profile:65e2286c9e409a3131b6	biorxiv:10f6f17d-749e-1014-bdcf-fe1d1407f022	gamma cell	gamma cell	4	6	1.0	2	0.125
profile:8c4d7ee32ad59c70eac3	biorxiv:11b72b7e-6c1b-1014-84e4-aaf6df161d14	cd11c cd14 graft versus host disease macrophage	CD11c+CD14+ graft versus host disease macrophage	5	4	0.6	0	
profile:61f7720821ad02cebdf6	biorxiv:11b72b7e-6c1b-1014-84e4-aaf6df161d14	graft versus host disease macrophage	graft versus host disease macrophage	13	4	0.6153846153846154	0	
profile:515033a1b321127dda14	biorxiv:1219c420-6c6a-1014-afb9-e13c88e111ed	mature b cell	mature B cell	3	12	0.0	1	0.3333333333333333
profile:912b33e8ddd3e434e1e6	biorxiv:1219c420-6c6a-1014-afb9-e13c88e111ed	regulatory b cell	regulatory B cell	3	12	0.0	0	
profile:cbcd6d427f9e159934cf	biorxiv:1219c420-6c6a-1014-afb9-e13c88e111ed	t helper 17 cell	T helper 17 cell	4	12	0.0	5	0.1
profile:46e89f5ab98f65ec1aad	biorxiv:1219c420-6c6a-1014-afb9-e13c88e111ed	th1 17 cell	Th1/17 cell	4	12	0.0	0	
profile:d9ae107f2890a7338af0	biorxiv:166eb232-7528-1014-af8e-ff8db1c08d2e	hepatic stellate cell	hepatic stellate cell	3	4	0.3333333333333333	2	0.0
profile:c37e80edda6b44b51821	biorxiv:166eb232-7528-1014-af8e-ff8db1c08d2e	lx 2 hepatic stellate cell	LX-2 hepatic stellate cell	4	4	1.0	0	
profile:b575c8dc17e5e3685c4f	biorxiv:166eb232-7528-1014-af8e-ff8db1c08d2e	mrc2 high hepatic stellate cell	MRC2-high hepatic stellate cell	5	4	0.6	0	
profile:8519d5fcb2fd19b3e4a2	biorxiv:1819420a-7028-1014-9d82-b8532c727b67	dopaminergic neuron	dopaminergic neuron	3	10	1.0	2	0.0
profile:d35fb0a9bcc24eaba492	biorxiv:1819420a-7028-1014-9d82-b8532c727b67	eccentric medium spiny neuron	eccentric medium spiny neuron	3	10	0.3333333333333333	0	
profile:3ba3e9d50d4a0a6f3b4f	biorxiv:1819420a-7028-1014-9d82-b8532c727b67	ob dopa gaba neuron	OB Dopa-GABA neuron	6	10	1.0	0	
profile:8bb3781abbf8022cc014	biorxiv:1819420a-7028-1014-9d82-b8532c727b67	strd d2 striomat hybrid medium spiny neuron	STRd D2 StrioMat Hybrid medium spiny neuron	5	10	1.0	0	
profile:e70ba6d8b8d86e7e529d	biorxiv:1b938bfc-6db4-1014-bcdd-aff1924d9f72	vascular smooth muscle cell	vascular smooth muscle cell	12	0		9	0.12037037037037036
profile:fdc71eba17b6cfb80d55	biorxiv:1d26f338-6e4a-1014-b712-c54808557510	ciliated cell	ciliated cell	3	8	1.0	4	0.0
profile:756a96948f9d26d143c5	biorxiv:1d26f338-6e4a-1014-b712-c54808557510	neural crest cell	neural crest cell	6	8	0.8333333333333334	0	
profile:a008f1f9379b64bde63a	biorxiv:1d26f338-6e4a-1014-b712-c54808557510	neural progenitor cell	neural progenitor cell	4	8	1.0	1	0.0
profile:990088c5db55e3264140	biorxiv:1d26f338-6e4a-1014-b712-c54808557510	neuronal lineage cell	neuronal lineage cell	3	8	1.0	0	
profile:6f365a0b04b11f5a0c66	biorxiv:1e0a6787-73c3-1014-991b-bc3d9c192616	interferon stimulated gene positive ap1 high classical monocyte	interferon-stimulated gene-positive AP1 high classical monocyte	5	7	0.0	0	
profile:c60e49d89fa4e9c37049	biorxiv:1e0a6787-73c3-1014-991b-bc3d9c192616	interferon stimulated gene positive ap1low classical monocyte	interferon-stimulated gene-positive AP1low classical monocyte	5	7	0.0	0	
profile:c6ddbc1e096bd77aa123	biorxiv:1e0a6787-73c3-1014-991b-bc3d9c192616	interferon stimulated gene positive gzmk positive effector memory cd8 positive t cell	interferon-stimulated gene-positive GZMK-positive effector memory CD8-positive T cell	5	7	0.8	0	
profile:9a3378dd5d70a4a7dc6a	biorxiv:1e0a6787-73c3-1014-991b-bc3d9c192616	interferon stimulated gene positive naive cd4 positive t cell	interferon-stimulated gene-positive naive CD4-positive T cell	3	7	0.0	0	
profile:a880f2277026bd392898	biorxiv:1e0a6787-73c3-1014-991b-bc3d9c192616	interferon stimulated gene positive non classical monocyte	interferon-stimulated gene-positive non-classical monocyte	5	7	0.0	0	
profile:2f127a52779316bb2536	biorxiv:1e0a6787-73c3-1014-991b-bc3d9c192616	transitional b cell	transitional B cell	4	7	1.0	0	
profile:f78c443c81e5641896e2	biorxiv:1e0a6787-73c3-1014-991b-bc3d9c192616	type i interferon responsive cell	type I interferon responsive cell	3	7	0.3333333333333333	0	
profile:1e0395da7878ec6eac6e	biorxiv:1e500b21-6c04-1014-adde-c104b14bbdad	bystander cd8 t cell	bystander CD8+ T cell	3	11	0.0	0	
profile:784249cac8c44c0b32d8	biorxiv:1e500b21-6c04-1014-adde-c104b14bbdad	cd8 t cell cluster 3	CD8+ T cell cluster 3	3	11	0.0	0	
profile:5eecd9d0114b84c92c75	biorxiv:1e500b21-6c04-1014-adde-c104b14bbdad	dividing cd8 t cell	dividing CD8+ T cell	4	11	0.0	0	
profile:60382f0cbca6efa1765f	biorxiv:1e500b21-6c04-1014-adde-c104b14bbdad	terminally differentiated cd8 t cell	terminally-differentiated CD8+ T cell	8	11	0.25	0	
profile:2518a51f0a5c37664ab8	biorxiv:1e500b21-6c04-1014-adde-c104b14bbdad	terminally differentiated pd 1 cd8 t cell	terminally-differentiated PD-1+ CD8+ T cell	4	11	0.0	0	
profile:876872ca9954552a4695	biorxiv:1efd9fbe-6f02-1014-8df4-f37a8d806beb	monocyte	monocyte	4	5	0.0	35	0.0
profile:1241fd7410f4f92d0362	biorxiv:1efd9fbe-6f02-1014-8df4-f37a8d806beb	myeloid dendritic cell	myeloid dendritic cell	4	5	0.0	1	0.0
profile:891bf252d4798a04cdbf	biorxiv:1efd9fbe-6f02-1014-8df4-f37a8d806beb	plasmacytoid dendritic cell	plasmacytoid dendritic cell	3	5	0.0	14	0.16666666666666666
profile:6b714b7504b0e3820c67	biorxiv:1f87890c-7e00-1014-91de-cf40554be0ec	cd14 monocyte	CD14+ monocyte	4	7	1.0	0	
profile:9479759f5626cc6e89e9	biorxiv:1f87890c-7e00-1014-91de-cf40554be0ec	natural killer cell	natural killer cell	3	7	1.0	33	0.25252525252525254
profile:ba3a3662390b537fd766	biorxiv:1fa7b83f-6da7-1014-a69d-d257852e8dd1	cytotoxic t cell	cytotoxic T cell	12	13	0.9166666666666666	5	0.16666666666666666
profile:d7be07280b7200cf6dd2	biorxiv:1fa7b83f-6da7-1014-a69d-d257852e8dd1	naïve t cell	naïve T cell	4	13	1.0	2	0.5
profile:3c1b5ee22e5c4669d3bc	biorxiv:1fa7b83f-6da7-1014-a69d-d257852e8dd1	t cell	T cell	3	13	1.0	36	0.40740740740740744
profile:dce4d381f10f0f5a8e76	biorxiv:200cf446-75b0-1014-a31c-a786c6d74a08	brown adipose tissue	brown adipose tissue	5	1	1.0	0	
profile:aae799bfb05bbffa4f7f	biorxiv:219b21d9-7007-1014-9157-ab439216a355	chondromyocyte	chondromyocyte	6	19	0.3333333333333333	0	
profile:6c6d5c8885304aec88c8	biorxiv:219b21d9-7007-1014-9157-ab439216a355	fibroblast 1	fibroblast 1	3	19	1.0	3	0.0
profile:5481926dc294c3d91c24	biorxiv:219b21d9-7007-1014-9157-ab439216a355	fibroblast 2	fibroblast 2	3	19	1.0	2	0.0
profile:469e3dc8cd808bfe571a	biorxiv:219b21d9-7007-1014-9157-ab439216a355	fibroblast 3	fibroblast 3	3	19	1.0	1	0.0
profile:0f07fe98cb994139d386	biorxiv:219b21d9-7007-1014-9157-ab439216a355	fibroblast 4	fibroblast 4	3	19	1.0	0	
profile:d08c0f13ffa2c3d50572	biorxiv:219b21d9-7007-1014-9157-ab439216a355	fibroblast 5	fibroblast 5	3	19	1.0	1	0.0
profile:9402c1bfae7827fae027	biorxiv:219b21d9-7007-1014-9157-ab439216a355	fibroblast 6	fibroblast 6	3	19	1.0	0	
profile:e8686273e416c49503bc	biorxiv:219b21d9-7007-1014-9157-ab439216a355	fibroblast 7	fibroblast 7	3	19	1.0	0	
profile:9186f57fb73eb0a747a1	biorxiv:219b21d9-7007-1014-9157-ab439216a355	fibromyocyte	fibromyocyte	6	19	0.3333333333333333	2	0.0
profile:c6a7889f717c8fdf6cfb	biorxiv:219b21d9-7007-1014-9157-ab439216a355	mac4 macrophage	Mac4 macrophage	6	19	1.0	0	
profile:cab0fc6a6e9c076e672d	biorxiv:219b21d9-7007-1014-9157-ab439216a355	pericyte	pericyte	3	19	1.0	29	0.2298850574712644
profile:cda7c222798bc6a22e38	biorxiv:219b21d9-7007-1014-9157-ab439216a355	smooth muscle cell 1	smooth muscle cell 1	5	19	0.8	0	
profile:0af85ff30f0d93d961f3	biorxiv:219b21d9-7007-1014-9157-ab439216a355	smooth muscle cell 2	smooth muscle cell 2	3	19	0.6666666666666666	0	
profile:3992b4fc989dc7171e09	biorxiv:219b21d9-7007-1014-9157-ab439216a355	smooth muscle cell 3	smooth muscle cell 3	3	19	1.0	0	
profile:cdee61ae1dd927d7997e	biorxiv:219b21d9-7007-1014-9157-ab439216a355	smooth muscle cell 4	smooth muscle cell 4	3	19	1.0	0	
profile:84edb3639f3595e85c93	biorxiv:2439b48c-6d2d-1014-8b64-9f8fdc0d5fe9	aberrant basal like cell	aberrant basal-like cell	9	11	0.6666666666666666	0	
profile:71217a591247806b535d	biorxiv:2439b48c-6d2d-1014-8b64-9f8fdc0d5fe9	alveolar epithelial cell type 2	alveolar epithelial cell type 2	3	11	1.0	0	
profile:f18b3c9b527a57a81501	biorxiv:2439b48c-6d2d-1014-8b64-9f8fdc0d5fe9	basal cell	basal cell	5	11	0.4	11	0.41818181818181815
profile:678265428b0b9e8b15ba	biorxiv:2696a317-6c07-1014-9562-d326b0aa508e	cytotoxic cd8 positive t cell	cytotoxic CD8-positive T cell	5	3	1.0	0	
profile:26abe492d62c282a765f	biorxiv:2696a317-6c07-1014-9562-d326b0aa508e	monocyte macrophage and dendritic cell cluster	monocyte/macrophage and dendritic cell cluster	11	3	1.0	0	
profile:262042ad76ddb6429a59	biorxiv:2696a317-6c07-1014-9562-d326b0aa508e	t cell cluster 1	T cell cluster 1	5	3	0.8	0	
profile:719a3c6d0e2a13965df9	biorxiv:2696a317-6c07-1014-9562-d326b0aa508e	t cell cluster 8	T cell cluster 8	7	3	0.8571428571428571	0	
profile:3c0de31ed1dbdfba1e33	biorxiv:2746af96-6da7-1014-ab14-859a63e4801c	endothelial cell	endothelial cell	3	3	0.0	51	0.3333333333333333
profile:eb29d71cb4223790752b	biorxiv:2746af96-6da7-1014-ab14-859a63e4801c	h1 derived endothelial cell	H1-derived endothelial cell	3	3	0.0	0	
profile:dcbf0274dc33af10220d	biorxiv:278ac735-6c7d-1014-a21b-fd84484249ca	cd8 positive t cell	CD8-positive T cell	3	4	0.0	7	0.0
profile:59448897277ed052e8c7	biorxiv:278ac735-6c7d-1014-a21b-fd84484249ca	natural killer cell	natural killer cell	4	4	0.0	33	0.0
profile:5adb41dc371b71bd62f9	biorxiv:29ae8fb9-6d50-1014-8923-847f08fdc25e	fibroblast	fibroblast	3	2	0.6666666666666666	49	0.1564625850340136
profile:1be8b2fc65e4cede36ad	biorxiv:29ae8fb9-6d50-1014-8923-847f08fdc25e	plaque cell	plaque cell	8	2	0.875	0	
profile:eb49066baf38b56ef687	biorxiv:29ae8fb9-6d50-1014-8923-847f08fdc25e	plaque smooth muscle cell	plaque smooth muscle cell	3	2	1.0	0	
profile:1cecde97b027be4f3c60	biorxiv:29dae57b-6d36-1014-8489-e77255373be6	multinucleated osteoclast	multinucleated osteoclast	4	2	0.25	0	
profile:aef037c5155170faa589	biorxiv:29dae57b-6d36-1014-8489-e77255373be6	osteoclast	osteoclast	10	2	0.7	3	0.1
profile:ce5a638c21b4b8e2213b	biorxiv:2db922a0-7010-1014-aa5e-9a5620278c90	differentiated spermatogonia	differentiated spermatogonia	3	19	1.0	0	
profile:c9f792ee6db7d0fc1157	biorxiv:2db922a0-7010-1014-aa5e-9a5620278c90	differentiating spermatogonia	differentiating spermatogonia	4	19	0.75	0	
profile:1c0a20b5bd66c065d939	biorxiv:2db922a0-7010-1014-aa5e-9a5620278c90	sertoli cell	Sertoli cell	3	19	1.0	1	0.6666666666666666
profile:e4bcd46b4a37ca168443	biorxiv:2db922a0-7010-1014-aa5e-9a5620278c90	sertoli cell subtype 1	Sertoli cell subtype 1	3	19	1.0	0	
profile:9a1ad3844261a03c13e4	biorxiv:2db922a0-7010-1014-aa5e-9a5620278c90	sertoli cell subtype 3	Sertoli cell subtype 3	3	19	1.0	0	
profile:ec29db00082356865e39	biorxiv:2db922a0-7010-1014-aa5e-9a5620278c90	sertoli cell subtype 4	Sertoli cell subtype 4	3	19	0.6666666666666666	0	
profile:1a7071774bc0ca83f19d	biorxiv:2db922a0-7010-1014-aa5e-9a5620278c90	sertoli cell subtype 5	Sertoli cell subtype 5	3	19	1.0	0	
profile:040dbd87b2c5e762206b	biorxiv:2db922a0-7010-1014-aa5e-9a5620278c90	sertoli cell subtype 6	Sertoli cell subtype 6	3	19	1.0	0	
profile:170726d8682874a18b77	biorxiv:2db922a0-7010-1014-aa5e-9a5620278c90	sertoli cell subtype 7	Sertoli cell subtype 7	3	19	0.6666666666666666	0	
profile:0c9023e01cd56b1543c6	biorxiv:2db922a0-7010-1014-aa5e-9a5620278c90	sertoli cell subtype 8	Sertoli cell subtype 8	3	19	0.6666666666666666	0	
profile:c1a724ae101b196c87f9	biorxiv:2db922a0-7010-1014-aa5e-9a5620278c90	spermatogonial stem cell 0	spermatogonial stem cell 0	8	19	0.0	0	
profile:6b764a1b51584a67f034	biorxiv:2db922a0-7010-1014-aa5e-9a5620278c90	spermatogonial stem cell 1	spermatogonial stem cell 1	9	19	0.1111111111111111	0	
profile:4c98388680f286e69897	biorxiv:2db922a0-7010-1014-aa5e-9a5620278c90	spermatogonial stem cell 2	spermatogonial stem cell 2	5	19	0.4	0	
profile:41a451fc22971d4ac020	biorxiv:2e0cb1c8-7146-1014-adb8-b57e9dddb191	g2 m phase neural stem cell	G2/M phase neural stem cell	5	9	0.4	0	
profile:3874c0ea812a502ddde7	biorxiv:2e0cb1c8-7146-1014-adb8-b57e9dddb191	late g1 neural stem cell	Late G1 neural stem cell	4	9	0.75	0	
profile:296386e8c0533859d6c2	biorxiv:2e0cb1c8-7146-1014-adb8-b57e9dddb191	neural g0 glioma cell	Neural G0 glioma cell	9	9	0.6666666666666666	0	
profile:a30d0d8a547dac1ac4e7	biorxiv:2e0cb1c8-7146-1014-adb8-b57e9dddb191	neural g0 neural stem cell	Neural G0 neural stem cell	7	9	0.42857142857142855	0	
profile:947ed7a087c04a1e2bd0	biorxiv:2e0cb1c8-7146-1014-adb8-b57e9dddb191	oligodendrocyte progenitor cell	oligodendrocyte progenitor cell	10	9	0.0	2	0.05
profile:e44b8c98ad8ae3ef32e7	biorxiv:2e0cb1c8-7146-1014-adb8-b57e9dddb191	quiescent neural stem cell	quiescent neural stem cell	10	9	0.0	0	
profile:6a84e8e4c587972983b1	biorxiv:2e0cb1c8-7146-1014-adb8-b57e9dddb191	s phase neural stem cell	S phase neural stem cell	3	9	0.3333333333333333	0	
profile:0e57aaf2b94a920cf684	biorxiv:30133163-6da7-1014-b9ea-c64da98c767d	intestinal epithelial cell	intestinal epithelial cell	7	6	0.2857142857142857	0	
profile:8c408d77704ecbd460b2	biorxiv:307b2bd7-6cb9-1014-a6b4-a58a7220bba3	b cell	B cell	4	12	1.0	30	0.4583333333333333
profile:6d546f54a942ad759c7c	biorxiv:307b2bd7-6cb9-1014-a6b4-a58a7220bba3	monocyte	monocyte	5	12	0.8	35	0.22285714285714286
profile:c31e33d3481aa8eed238	biorxiv:307b2bd7-6cb9-1014-a6b4-a58a7220bba3	natural killer cell	natural killer cell	5	12	0.6	33	0.12727272727272726
profile:234075370cb2ed99d60c	biorxiv:307b2bd7-6cb9-1014-a6b4-a58a7220bba3	natural killer t cell	natural killer T cell	4	12	0.5	5	0.15
profile:d7ac3296569c7a2d8c04	biorxiv:307b2bd7-6cb9-1014-a6b4-a58a7220bba3	plasmacytoid dendritic cell	plasmacytoid dendritic cell	4	12	1.0	14	0.23214285714285715
profile:97cf818914d5e836fe63	biorxiv:307b2bd7-6cb9-1014-a6b4-a58a7220bba3	t cell	T cell	5	12	1.0	36	0.2611111111111111
profile:a1954e7577abf7d75014	biorxiv:30a348aa-6c75-1014-b586-8a08f0d76748	cthrc1 fibroblast population	CTHRC1+ fibroblast population	6	8	0.16666666666666666	0	
profile:44312098b000888f5e53	biorxiv:30a348aa-6c75-1014-b586-8a08f0d76748	high collagen expressing fibroblast population	high collagen expressing fibroblast population	3	8	0.0	0	
profile:793b7e382d0c482e803d	biorxiv:30a348aa-6c75-1014-b586-8a08f0d76748	pathologic cthrc1 fibroblast population	pathologic CTHRC1+ fibroblast population	4	8	0.0	0	
profile:3c9028d8984963341781	biorxiv:315fa881-726d-1014-9d3d-bbe9b5731a1d	cd4 cytotoxic t lymphocyte	CD4 cytotoxic T lymphocyte	4	13	0.0	1	0.0
profile:082804d571ccfdb3e968	biorxiv:315fa881-726d-1014-9d3d-bbe9b5731a1d	cd4 t cell	CD4 T cell	4	13	0.0	9	0.0
profile:325ef43001ec1df26d7a	biorxiv:315fa881-726d-1014-9d3d-bbe9b5731a1d	cd56brightcd16 negative natural killer cell	CD56BrightCD16-negative natural killer cell	6	13	0.0	0	
profile:5e40698f89c60475ce2d	biorxiv:315fa881-726d-1014-9d3d-bbe9b5731a1d	cd56dimcd16 positive natural killer cell	CD56DimCD16-positive natural killer cell	8	13	0.0	0	
profile:d7386b7f51a403953700	biorxiv:315fa881-726d-1014-9d3d-bbe9b5731a1d	cd8 positive t cell	CD8-positive T cell	5	13	0.0	7	0.02857142857142857
profile:8e5d4baf08bef3c57efa	biorxiv:315fa881-726d-1014-9d3d-bbe9b5731a1d	double negative t cell	double-negative T cell	3	13	0.0	0	
profile:4ed1057740964e2a7e60	biorxiv:315fa881-726d-1014-9d3d-bbe9b5731a1d	natural killer cell	natural killer cell	4	13	0.0	33	0.17424242424242425
profile:ae594edadb922349d0a0	biorxiv:315fa881-726d-1014-9d3d-bbe9b5731a1d	platelet	platelet	4	13	0.0	0	
profile:e683c0c5c436f0d46a6b	biorxiv:3491a20c-6c0b-1014-8496-82b032785c2c	acinar cell	acinar cell	12	6	1.0	6	0.18055555555555555
profile:930d8f5b2fa70c039542	biorxiv:3491a20c-6c0b-1014-8496-82b032785c2c	alpha cell	alpha cell	5	6	1.0	13	0.16923076923076924
profile:c01ccd56e374ea1c180b	biorxiv:3491a20c-6c0b-1014-8496-82b032785c2c	beta cell	beta cell	11	6	1.0	15	0.1878787878787879
profile:f6652ea06e7ee6413fa2	biorxiv:35208be1-70ce-1014-9f75-f7d24dac9096	basophil progenitor	basophil progenitor	4	15	0.5	0	
profile:421981039e926a552e0d	biorxiv:35208be1-70ce-1014-9f75-f7d24dac9096	basophilic erythroblast	basophilic erythroblast	3	15	0.3333333333333333	0	
profile:b6a4be28323ad6eab64f	biorxiv:35208be1-70ce-1014-9f75-f7d24dac9096	erythroid progenitor colony forming unit erythroid	erythroid progenitor (colony-forming unit-erythroid)	4	15	0.0	0	
profile:9eb3b8e029bb6129c9cb	biorxiv:35208be1-70ce-1014-9f75-f7d24dac9096	hematopoietic stem and progenitor cell	hematopoietic stem and progenitor cell	8	15	0.625	1	0.0
profile:f68786a0120d160c98a0	biorxiv:35208be1-70ce-1014-9f75-f7d24dac9096	hematopoietic stem cell	hematopoietic stem cell	7	15	0.5714285714285714	5	0.2285714285714286
profile:8f46b654466b8530f0b3	biorxiv:35208be1-70ce-1014-9f75-f7d24dac9096	megakaryocyte erythroid progenitor	megakaryocyte-erythroid progenitor	9	15	0.1111111111111111	1	0.2222222222222222
profile:d3dbe1e3168c8ca1a125	biorxiv:35208be1-70ce-1014-9f75-f7d24dac9096	megakaryocyte progenitor	megakaryocyte progenitor	7	15	0.2857142857142857	1	0.14285714285714285
profile:0ad810d602d1c3b8e4ad	biorxiv:35208be1-70ce-1014-9f75-f7d24dac9096	pro erythroblast	pro-erythroblast	4	15	0.75	0	
profile:a044abbf6028855f4712	biorxiv:35208be1-70ce-1014-9f75-f7d24dac9096	terminally differentiated erythroid cell poly orthoeb	terminally differentiated erythroid cell (Poly-OrthoEB)	5	15	0.2	0	
profile:b47363aa9fbb29865ad8	biorxiv:36b52534-7118-1014-9621-c8d35d0ed1df	macrophage	macrophage	7	1	0.8571428571428571	42	0.003401360544217687
profile:ca312620b4468ae26e57	biorxiv:37132c64-6c91-1014-a7ae-a25544128cc2	inflammatory reactive astrocyte state 1	inflammatory reactive astrocyte state 1	6	2	1.0	0	
profile:2ca5397ba7ce3a6bc166	biorxiv:37132c64-6c91-1014-a7ae-a25544128cc2	inflammatory reactive astrocyte state 2	inflammatory reactive astrocyte state 2	6	2	0.8333333333333334	0	
profile:90c0fbef9f1f8376279d	biorxiv:37af1a73-74bd-1014-bb95-96ab82111b0d	beta cell	beta cell	5	5	0.8	15	0.4666666666666667
profile:1aa2da9b750a2b2d4d5b	biorxiv:380e1251-6c2c-1014-8b2d-a217f3491f5e	cd4 effector memory t cell	CD4+ effector memory T cell	12	13	0.25	0	
profile:e2143e27046b4da6a6da	biorxiv:380e1251-6c2c-1014-8b2d-a217f3491f5e	cd4 memory t cell	CD4+ memory T cell	4	13	0.0	0	
profile:62bcd722593e98704673	biorxiv:380e1251-6c2c-1014-8b2d-a217f3491f5e	cd4 terminally differentiated effector memory t cell	CD4+ terminally differentiated effector memory T cell	9	13	0.0	0	
profile:b8fb36200680b77f4396	biorxiv:380e1251-6c2c-1014-8b2d-a217f3491f5e	klrb1 klrg1 gpr56 t cell	KLRB1+KLRG1+GPR56+ T cell	3	13	0.0	0	
profile:f7bab52a8e471f5d1da0	biorxiv:38f92858-6c77-1014-a70a-b9d4e7b85d53	cd4 t cell	CD4+ T cell	4	2	0.25	9	0.0
profile:8b6dda5d864e9ced0470	biorxiv:38f92858-6c77-1014-a70a-b9d4e7b85d53	macrophage	macrophage	3	2	1.0	42	0.0
profile:a7e7ac922d6281df554c	biorxiv:38f92858-6c77-1014-a70a-b9d4e7b85d53	monocyte macrophage	monocyte/macrophage	3	2	0.0	2	0.0
profile:2f44f67a1c9d3a06e1a2	biorxiv:3912ca11-6e98-1014-9c67-9a3ee3e3b07f	endothelial cell	endothelial cell	7	8	0.8571428571428571	51	0.16246498599439776
profile:8af1645b38f672acad0d	biorxiv:3912ca11-6e98-1014-9c67-9a3ee3e3b07f	retinal pigment epithelium cell	retinal pigment epithelium cell	10	8	0.9	4	0.225
profile:52fbf0583e14faf031a7	biorxiv:39510275-6e7f-1014-81d5-da3b7edd0de0	monocyte	monocyte	8	2	0.875	35	0.039285714285714285
profile:ea26ad7bea2959e19cb1	biorxiv:39623bbc-6d42-1014-9e37-a92d75e9c8ca	basal interfollicular epidermis cell	basal interfollicular epidermis cell	4	10	0.0	0	
profile:107fc8bf19b0c46cf8ef	biorxiv:39623bbc-6d42-1014-9e37-a92d75e9c8ca	hair follicle stem cell	hair follicle stem cell	7	10	0.2857142857142857	0	
profile:a732b9251677d55f0ff7	biorxiv:39623bbc-6d42-1014-9e37-a92d75e9c8ca	outer root sheath cell	outer root sheath cell	6	10	0.6666666666666666	0	
profile:1d04d5b98bfeff114b81	biorxiv:396ad855-6e2e-1014-85f5-9bd33dea0f81	cd14 monocyte and macrophage	CD14+ monocyte and macrophage	7	8	0.8571428571428571	0	
profile:60fd6f588b90636c553f	biorxiv:396ad855-6e2e-1014-85f5-9bd33dea0f81	cd4 t cell	CD4+ T cell	7	8	0.7142857142857143	9	0.06349206349206349
profile:90a4bfab3054a7f7289f	biorxiv:396ad855-6e2e-1014-85f5-9bd33dea0f81	cd8 t cell	CD8+ T cell	3	8	1.0	11	0.12121212121212122
profile:39066a68b095fd973fb5	biorxiv:396ad855-6e2e-1014-85f5-9bd33dea0f81	fcgr3a monocyte	FCGR3A+ monocyte	6	8	0.8333333333333334	0	
profile:03cc44962f33f5affa95	biorxiv:3ae0337b-6d88-1014-9c93-86c75bb9b558	human neurodegenerative disease associated microglia	human neurodegenerative disease-associated microglia	25	6	1.0	0	
profile:b55de1f2fe51825832e5	biorxiv:3ae0337b-6d88-1014-9c93-86c75bb9b558	oligodendrocyte	oligodendrocyte	4	6	1.0	16	0.171875
profile:7d00d2d25e2f37d16431	biorxiv:3b950402-6cf0-1014-89b7-e9ca05b505d3	senescent cell	senescent cell	6	0		1	0.0
profile:540eca7a313bfd065fb4	biorxiv:3b9c75ca-6d7b-1014-829f-f049f95ac2b9	smooth muscle cell	smooth muscle cell	3	4	1.0	24	0.25
profile:3557291b8245ac2f3f9b	biorxiv:40f54d15-6bfe-1014-9477-a1fa2d43a574	endothelial cell	endothelial cell	6	9	1.0	51	0.026143790849673203
profile:d0744d05f6e77c61e9a9	biorxiv:40f54d15-6bfe-1014-9477-a1fa2d43a574	human endocardial cell	human endocardial cell	3	9	0.3333333333333333	0	
profile:5650eb908fd83cf411fb	biorxiv:41a5df78-7c74-1014-a3a2-9b6aef50b1e5	exhausted t cell	exhausted T cell	3	6	0.6666666666666666	4	0.6666666666666666
profile:5ac402c9d94af12d1501	biorxiv:41a5df78-7c74-1014-a3a2-9b6aef50b1e5	progenitor exhausted like t cell	progenitor-exhausted-like T cell	5	6	0.6	0	
profile:e8fb7e405114e00a3a7f	biorxiv:41a5df78-7c74-1014-a3a2-9b6aef50b1e5	stem like car t cell	stem-like CAR-T cell	3	6	0.6666666666666666	0	
profile:50fced2627faefd71e0e	biorxiv:446f40c7-6f7f-1014-8708-b70b3848c315	ccl11 fibroblast	CCL11+ fibroblast	4	36	1.0	0	
profile:1d9f75f34b7e11bdcfad	biorxiv:446f40c7-6f7f-1014-8708-b70b3848c315	cd4 ctla4 t cell	CD4+CTLA4+ T cell	4	36	0.75	0	
profile:bdc69e12c4cc8105fc2f	biorxiv:446f40c7-6f7f-1014-8708-b70b3848c315	chief cell	chief cell	3	36	0.3333333333333333	0	
profile:f6caa83b316a87ae3567	biorxiv:446f40c7-6f7f-1014-8708-b70b3848c315	enterocyte	enterocyte	3	36	1.0	7	0.28571428571428575
profile:52ae31114847e1a41962	biorxiv:446f40c7-6f7f-1014-8708-b70b3848c315	epithelial cell	epithelial cell	3	36	0.3333333333333333	13	0.05128205128205129
profile:d9bce55d8296466381bc	biorxiv:446f40c7-6f7f-1014-8708-b70b3848c315	fibroblast	fibroblast	5	36	0.4	49	0.11836734693877551
profile:14a43fdc89bb09db4dbb	biorxiv:446f40c7-6f7f-1014-8708-b70b3848c315	fibsmo cell	FibSmo cell	4	36	1.0	1	0.0
profile:026afd967509a54c0bef	biorxiv:446f40c7-6f7f-1014-8708-b70b3848c315	fn1 endothelial cell	FN1+ endothelial cell	3	36	1.0	0	
profile:412de8f2644ca915aa0d	biorxiv:446f40c7-6f7f-1014-8708-b70b3848c315	foveolar cell	foveolar cell	6	36	0.6666666666666666	0	
profile:9d7431aabc8ef782b837	biorxiv:446f40c7-6f7f-1014-8708-b70b3848c315	goblet cell	goblet cell	3	36	1.0	13	0.4358974358974359
profile:0480d507c170f1a28c79	biorxiv:446f40c7-6f7f-1014-8708-b70b3848c315	klf fibroblast	KLF+ fibroblast	5	36	1.0	0	
profile:c0cc1f05f902c27ddec1	biorxiv:446f40c7-6f7f-1014-8708-b70b3848c315	linking cell	linking cell	3	36	0.6666666666666666	0	
profile:467098842f8defdd12cf	biorxiv:446f40c7-6f7f-1014-8708-b70b3848c315	neuroendocrine cell	neuroendocrine cell	6	36	0.3333333333333333	1	0.16666666666666666
profile:f83cf6f8673c755a0969	biorxiv:446f40c7-6f7f-1014-8708-b70b3848c315	parietal cell	parietal cell	3	36	1.0	0	
profile:9135d1be09237d30827c	biorxiv:446f40c7-6f7f-1014-8708-b70b3848c315	pdgfr fibroblast	PDGFR+ fibroblast	5	36	0.4	0	
profile:9bfeeb4797f03b722527	biorxiv:446f40c7-6f7f-1014-8708-b70b3848c315	plasma cell	plasma cell	4	36	1.0	22	0.14772727272727273
profile:3ef78e8894464c230578	biorxiv:446f40c7-6f7f-1014-8708-b70b3848c315	proliferating cell	proliferating cell	3	36	1.0	1	0.3333333333333333
profile:89db57c6e1abc03385ec	biorxiv:446f40c7-6f7f-1014-8708-b70b3848c315	pyloric gland neck 2 cell	pyloric gland/neck 2 cell	3	36	1.0	0	
profile:5a5a0adcca79219adbb6	biorxiv:446f40c7-6f7f-1014-8708-b70b3848c315	pyloric gland neck cell	pyloric gland/neck cell	3	36	0.3333333333333333	0	
profile:3bc5011a24a408cf7169	biorxiv:446f40c7-6f7f-1014-8708-b70b3848c315	smooth muscle cell	smooth muscle cell	4	36	1.0	24	0.25
profile:9017fadd4a276066c7bd	biorxiv:46ff2083-6fc4-1014-a2bb-cccc45a311c7	direct pathway medium spiny neuron	direct pathway medium spiny neuron	6	6	1.0	0	
profile:fba5cf6365aeec6c2c37	biorxiv:46ff2083-6fc4-1014-a2bb-cccc45a311c7	lateral ganglionic eminence progenitor	lateral ganglionic eminence progenitor	5	6	0.6	0	
profile:b8bdb93c34b5406735ff	biorxiv:46ff2083-6fc4-1014-a2bb-cccc45a311c7	medium spiny neuron	medium spiny neuron	4	6	0.0	0	
profile:cb4d19d077e742c1b9a0	biorxiv:46ff2083-6fc4-1014-a2bb-cccc45a311c7	nascent medium spiny neuron	nascent medium spiny neuron	8	6	0.625	0	
profile:ff6a7836f34e47798909	biorxiv:48122146-7aab-1014-a240-edfb3f67c90f	chondrocyte	chondrocyte	7	4	0.5714285714285714	4	0.2857142857142857
profile:83707168ad0e8fc6ccd3	biorxiv:48122146-7aab-1014-a240-edfb3f67c90f	growth plate chondrocyte	growth plate chondrocyte	3	4	0.0	0	
profile:1a85dd2723f1e5a5d352	biorxiv:48122146-7aab-1014-a240-edfb3f67c90f	induced mesenchymal stem cell	induced mesenchymal stem cell	5	4	1.0	0	
profile:06104e7adf216855ef6c	biorxiv:48122146-7aab-1014-a240-edfb3f67c90f	osteogenically differentiated induced mesenchymal stem cell	osteogenically differentiated induced mesenchymal stem cell	4	4	1.0	0	
profile:d76b0dbdec20b86c70a6	biorxiv:48122146-7aab-1014-a240-edfb3f67c90f	pluripotent stem cell	pluripotent stem cell	3	4	1.0	1	1.0
profile:2045fd47fe881a87b901	biorxiv:4c4207c3-7213-1014-8a55-9b25fcf723e1	wga high memory cd4 t cell	WGA-high memory CD4+ T cell	9	1	0.8888888888888888	0	
profile:190119a07ffe8b9cd411	biorxiv:4c4207c3-7213-1014-8a55-9b25fcf723e1	wga low memory cd4 t cell	WGA-low memory CD4+ T cell	4	1	0.75	0	
profile:a8455bdb8c2b5cdce7cc	biorxiv:4c59ca94-6c5e-1014-84d0-e9a5aa46ffef	alpha cell	alpha cell	7	3	1.0	13	0.14285714285714285
profile:16a6ca22ea716133c6e8	biorxiv:4c59ca94-6c5e-1014-84d0-e9a5aa46ffef	beta cell	beta cell	6	3	1.0	15	0.24444444444444446
profile:f50d195955ad88cf9d09	biorxiv:4c59ca94-6c5e-1014-84d0-e9a5aa46ffef	delta cell	delta cell	3	3	1.0	9	0.3333333333333333
profile:17f1a8f1735a683bed11	biorxiv:4c59ca94-6c5e-1014-84d0-e9a5aa46ffef	immune cell	immune cell	6	3	1.0	12	0.0
profile:e316d85d6199e330798d	biorxiv:4d508308-6c00-1014-97df-8810bda21050	abortive lytic cell	abortive lytic cell	13	5	1.0	0	
profile:12f26e4c009e82537343	biorxiv:4d508308-6c00-1014-97df-8810bda21050	germinal center b cell	germinal center B cell	5	5	1.0	6	0.2
profile:a368ac7b7ddb34826e74	biorxiv:4d508308-6c00-1014-97df-8810bda21050	late lytic cell	late lytic cell	3	5	0.3333333333333333	0	
profile:9ad66794515d4b2efb68	biorxiv:4d508308-6c00-1014-97df-8810bda21050	lytic cell	lytic cell	10	5	1.0	0	
profile:1a7a655a105ddc1769f4	biorxiv:4d508308-6c00-1014-97df-8810bda21050	lytic subcluster e2 and e3 cell	lytic subcluster E2 and E3 cell	12	5	0.8333333333333334	0	
profile:0b803d3b23aa41b12a4f	biorxiv:5183da06-6c7a-1014-bb2c-9a559be552c7	opalin fchsd2 and lama2 expressing oligodendrocyte	OPALIN, FCHSD2, and LAMA2-expressing oligodendrocyte	3	4	1.0	0	
profile:e1313c215700ac9e8b81	biorxiv:51fac41a-6c0a-1014-9c40-ecb16ebed7ec	b cell	B cell	4	4	0.75	30	0.058333333333333334
profile:3f2ac5d91458c711f631	biorxiv:51fac41a-6c0a-1014-9c40-ecb16ebed7ec	dendritic cell	dendritic cell	3	4	0.6666666666666666	11	0.0
profile:8f36295dadbb2f7c6553	biorxiv:5200cce7-72d7-1014-98f6-994ae061fa4b	extravillous trophoblast	extravillous trophoblast	3	16	0.0	2	0.0
profile:50b46e574782aff2428b	biorxiv:5200cce7-72d7-1014-98f6-994ae061fa4b	hofbauer cell	Hofbauer cell	3	16	0.3333333333333333	1	0.3333333333333333
profile:6c2c0ecaa24a7ad075e0	biorxiv:5200cce7-72d7-1014-98f6-994ae061fa4b	monocyte	monocyte	3	16	0.0	35	0.2380952380952381
profile:98449f4fe2923faa9f0e	biorxiv:5200cce7-72d7-1014-98f6-994ae061fa4b	neutrophil	neutrophil	3	16	0.0	10	0.06666666666666667
profile:cd29684cce3e2703c70d	biorxiv:5200cce7-72d7-1014-98f6-994ae061fa4b	syncytiotrophoblast	syncytiotrophoblast	3	16	0.0	2	0.0
profile:9100220adc3c0566b913	biorxiv:5337c5de-6d7b-1014-83c4-bb815278a53f	cone photoreceptor cell	cone photoreceptor cell	5	1	1.0	0	
profile:c7eba5699c99364c0f1e	biorxiv:53d5ed42-720c-1014-8ae0-cec2222d6682	colonic adenocarcinoma	colonic adenocarcinoma	5	8	0.8	0	
profile:10ad2b54383a55002499	biorxiv:53d5ed42-720c-1014-8ae0-cec2222d6682	invasive ductal carcinoma	invasive ductal carcinoma	8	8	0.75	0	
profile:e95ced245a01b98b7f76	biorxiv:53d5ed42-720c-1014-8ae0-cec2222d6682	invasive ductal carcinoma in axillary lymph node	invasive ductal carcinoma in axillary lymph node	9	8	1.0	0	
profile:16d83e81194cbee89734	biorxiv:53d5ed42-720c-1014-8ae0-cec2222d6682	primary sclerosing cholangitis	primary sclerosing cholangitis	5	8	1.0	0	
profile:8d46fa2cf330c0648f3d	biorxiv:53d5ed42-720c-1014-8ae0-cec2222d6682	rectal adenocarcinoma	rectal adenocarcinoma	11	8	1.0	0	
profile:3ccfb9ad245d5944c843	biorxiv:53d5ed42-720c-1014-8ae0-cec2222d6682	skin cutaneous melanoma	skin cutaneous melanoma	5	8	1.0	0	
profile:ee6c8b04d7d7f693c513	biorxiv:53fe4c58-6d7e-1014-9234-a9ab6cb90679	cancer associated fibroblast	cancer-associated fibroblast	8	11	1.0	9	0.027777777777777776
profile:63119a10781510e32705	biorxiv:53fe4c58-6d7e-1014-9234-a9ab6cb90679	inflammatory cancer associated fibroblast	inflammatory cancer-associated fibroblast	3	11	1.0	4	0.4166666666666667
profile:833517e55caf128e72aa	biorxiv:53fe4c58-6d7e-1014-9234-a9ab6cb90679	matrix cancer associated fibroblast	matrix cancer-associated fibroblast	4	11	1.0	0	
profile:91ae00dbcc2ef2979eec	biorxiv:53fe4c58-6d7e-1014-9234-a9ab6cb90679	muscularis mucosae smooth muscle cell	muscularis mucosae smooth muscle cell	4	11	0.5	0	
profile:c4e8b17e4139330a230e	biorxiv:53fe4c58-6d7e-1014-9234-a9ab6cb90679	pericyte	pericyte	4	11	1.0	29	0.33620689655172414
profile:a677bc719e2ad4c6e0d8	biorxiv:53fe4c58-6d7e-1014-9234-a9ab6cb90679	subepithelial myofibroblast	subepithelial myofibroblast	4	11	1.0	0	
profile:b364970bca94765d5844	biorxiv:53fe4c58-6d7e-1014-9234-a9ab6cb90679	submucosa associated fibroblast	submucosa-associated fibroblast	5	11	0.8	0	
profile:7304c53ef08bcb8910ea	biorxiv:54c905c7-6e9f-1014-9168-935cc2dc841b	immunosuppressive macrophage	immunosuppressive macrophage	3	6	1.0	0	
profile:ff77c3bea9833cc57604	biorxiv:558bd04f-7a31-1014-843e-87e03b8b4f81	contractile smooth muscle cell	contractile smooth muscle cell	3	5	0.3333333333333333	2	0.5
profile:4a1fe944be00e5c8153e	biorxiv:558bd04f-7a31-1014-843e-87e03b8b4f81	fibroblast like smooth muscle cell	fibroblast-like smooth muscle cell	4	5	1.0	0	
profile:cad0d519d7c6d149ecb0	biorxiv:558bd04f-7a31-1014-843e-87e03b8b4f81	macrophage like smooth muscle cell	macrophage-like smooth muscle cell	6	5	0.0	0	
profile:c1e45bdf89facaa98bb7	biorxiv:558bd04f-7a31-1014-843e-87e03b8b4f81	macrophage like smooth muscle cell 8	macrophage-like smooth muscle cell 8	42	5	0.7380952380952381	0	
profile:aaef39714e392319de09	biorxiv:558bd04f-7a31-1014-843e-87e03b8b4f81	synthetic smooth muscle cell	synthetic smooth muscle cell	4	5	0.25	0	
profile:55a7516abfd4cfe1be5b	biorxiv:55d0fee5-7079-1014-8ef3-9aa3522a8f21	lymphocyte	lymphocyte	6	2	0.5	3	0.0
profile:813f5e08c69710bdeb35	biorxiv:55d0fee5-7079-1014-8ef3-9aa3522a8f21	monocyte	monocyte	6	2	0.5	35	0.0047619047619047615
profile:54f02e78b636828101ba	biorxiv:55d0fee5-7079-1014-8ef3-9aa3522a8f21	peripheral blood mononuclear cell	peripheral blood mononuclear cell	10	2	0.9	1	0.0
profile:065fd09cd4cc619fc6a1	biorxiv:57ac822b-6c7d-1014-a047-d6c2f45edeb7	b cell	B cell	3	3	1.0	30	0.3666666666666667
profile:8af2c3df0d6c9b01ae51	biorxiv:581b3311-6d06-1014-8bb1-e34795ede71e	intermediate progenitor	intermediate progenitor	3	10	0.6666666666666666	0	
profile:9f575f0606d97e13bdac	biorxiv:581b3311-6d06-1014-8bb1-e34795ede71e	pan neuron cajal retzius	pan neuron/Cajal-Retzius	3	10	1.0	0	
profile:de8a767d0862ed4d6401	biorxiv:5a3c7d4e-70da-1014-80b6-cd48bfa975fe	b cd8t cycling	b-CD8T cycling	3	28	0.3333333333333333	0	
profile:230f266db6e7c5f394b6	biorxiv:5a3c7d4e-70da-1014-80b6-cd48bfa975fe	cd8 t cell and natural killer cell	CD8 T cell and natural killer cell	3	28	0.6666666666666666	0	
profile:6c16cd76108a88832a2c	biorxiv:5a3c7d4e-70da-1014-80b6-cd48bfa975fe	conventional dendritic cell	conventional dendritic cell	3	28	0.3333333333333333	1	0.6666666666666666
profile:43b22a13aaed7f1283d8	biorxiv:5a3c7d4e-70da-1014-80b6-cd48bfa975fe	dendritic cell	dendritic cell	3	28	0.3333333333333333	11	0.1818181818181818
profile:5634190aed3468770f4e	biorxiv:5a3c7d4e-70da-1014-80b6-cd48bfa975fe	fibroblast	fibroblast	3	28	1.0	49	0.29931972789115646
profile:3dc54636506f7ec0a24b	biorxiv:5a3c7d4e-70da-1014-80b6-cd48bfa975fe	h cd4t il7r ltb	h-CD4T IL7R,LTB	6	28	1.0	0	
profile:d72d06adeb9467f3c9a2	biorxiv:5a3c7d4e-70da-1014-80b6-cd48bfa975fe	h cd8t cd27 lag3	h-CD8T CD27,LAG3	6	28	0.3333333333333333	0	
profile:8c9ae83b2f5504b00f6c	biorxiv:5a3c7d4e-70da-1014-80b6-cd48bfa975fe	h cd8t cycling	h-CD8T cycling	6	28	0.16666666666666666	0	
profile:85afbfbb4f0ccc2333cf	biorxiv:5a3c7d4e-70da-1014-80b6-cd48bfa975fe	mononuclear phagocyte	mononuclear phagocyte	3	28	1.0	0	
profile:7a93218f9217ec1da478	biorxiv:5a3c7d4e-70da-1014-80b6-cd48bfa975fe	mononuclear phagocyte cluster 3	mononuclear phagocyte cluster 3	3	28	1.0	0	
profile:f0d5b7ed5d38df01d43e	biorxiv:5a3c7d4e-70da-1014-80b6-cd48bfa975fe	mononuclear phagocyte cluster 4	mononuclear phagocyte cluster 4	3	28	1.0	0	
profile:d76a41772db73bffe15d	biorxiv:5c1d40eb-7190-1014-a458-8ab6cf3c7650	ductal like cell	ductal-like cell	6	2	1.0	0	
profile:da851561a2e255bdd9b3	biorxiv:5c1d40eb-7190-1014-a458-8ab6cf3c7650	myoepithelial like cell	myoepithelial-like cell	6	2	1.0	0	
profile:cad3da4729acde041ced	biorxiv:5c1d40eb-7190-1014-a458-8ab6cf3c7650	proliferating ductal like cell	proliferating ductal-like cell	4	2	1.0	0	
profile:e41908caf8633565ed83	biorxiv:5daa9342-6d02-1014-8cb5-fa421631d820	exhausted cd8 t cell	exhausted CD8+ T cell	12	3	0.5	3	0.19444444444444442
profile:af6953577bc743584ae3	biorxiv:5daa9342-6d02-1014-8cb5-fa421631d820	naïve cd8 t cell	naïve CD8+ T cell	9	3	1.0	0	
profile:1b028c02026982e1f41c	biorxiv:5daa9342-6d02-1014-8cb5-fa421631d820	pre exhausted cd8 t cell	pre-exhausted CD8+ T cell	10	3	0.4	1	0.1
profile:823735320d22ca93418b	biorxiv:5dff1c13-6c00-1014-9211-b5130fed8524	activated neutrophil	activated neutrophil	4	7	1.0	0	
profile:580df2cb755643aa13a7	biorxiv:5dff1c13-6c00-1014-9211-b5130fed8524	cmv negative bystander cell	CMV-negative bystander cell	7	7	1.0	0	
profile:3e23939ba51a55212869	biorxiv:5dff1c13-6c00-1014-9211-b5130fed8524	cmv positive cell	CMV-positive cell	5	7	1.0	0	
profile:d62335fe903fa920fd64	biorxiv:5dff1c13-6c00-1014-9211-b5130fed8524	promyelocyte	promyelocyte	7	7	1.0	0	
profile:c52cf9d66071e12ac749	biorxiv:611722dd-8008-1014-b70e-fa0b81b0ac37	classical monocyte	classical monocyte	7	6	0.7142857142857143	9	0.0
profile:00609814d9266c3450dd	biorxiv:611722dd-8008-1014-b70e-fa0b81b0ac37	classical monocyte and cd4 effector memory t cell subpopulation	classical monocyte and CD4+ effector memory T cell subpopulation	5	6	0.6	0	
profile:ce869cbc6ca6b54e3d9c	biorxiv:611722dd-8008-1014-b70e-fa0b81b0ac37	classical monocyte subpopulation	classical monocyte subpopulation	4	6	1.0	0	
profile:932b212364469ab1e937	biorxiv:611722dd-8008-1014-b70e-fa0b81b0ac37	gzmh cd8 t cell	GZMH+ CD8+ T cell	5	6	1.0	0	
profile:e24ded20ee4c7f1e53da	biorxiv:611722dd-8008-1014-b70e-fa0b81b0ac37	naïve cd4 and cd8 t cell	naïve CD4+ and CD8+ T cell	3	6	1.0	0	
profile:a6e86df6e1de72d7f91c	biorxiv:611722dd-8008-1014-b70e-fa0b81b0ac37	plasmacytoid dendritic cell	plasmacytoid dendritic cell	3	6	1.0	14	0.0
profile:a2853db6ac146b163e06	biorxiv:611ca78b-6e32-1014-bb2a-be11d7247499	entorhinal cortex stellate cell	entorhinal cortex stellate cell	3	7	0.0	0	
profile:bc8f0bfda525f3baa10e	biorxiv:611ca78b-6e32-1014-bb2a-be11d7247499	human induced pluripotent stem cell derived stellate cell like neuron	human induced pluripotent stem cell-derived stellate cell-like neuron	5	7	0.0	0	
profile:ed42bab4ef15f7ca6cf6	biorxiv:611ca78b-6e32-1014-bb2a-be11d7247499	stellate cell like cell	stellate cell-like cell	4	7	0.0	0	
profile:6cd8fd5b9c202d77b68e	biorxiv:64ab9878-6ed8-1014-99e3-9a1ae6ef730b	plasma cell	plasma cell	3	0		22	0.2727272727272727
profile:71d8c2228ecb1e0309a1	biorxiv:653bfd04-6cbf-1014-864b-c74846f5cd96	igg secreting plasma cell	IgG-secreting plasma cell	5	8	0.8	0	
profile:1e66edddd2820b7cc84d	biorxiv:653bfd04-6cbf-1014-864b-c74846f5cd96	plasma cell	plasma cell	8	8	0.5	22	0.18181818181818182
profile:54e5471d361c2f4b4c3c	biorxiv:653bfd04-6cbf-1014-864b-c74846f5cd96	plasmablast and plasma cell	plasmablast and plasma cell	4	8	0.25	0	
profile:69aab8d8a73ba24aaac2	biorxiv:671955ed-77d7-1014-aa23-8c904fbe705b	stem like cell	stem-like cell	7	4	0.7142857142857143	1	0.0
profile:0724ded71a0e2d14272b	biorxiv:6c7d90a7-6cd2-1014-aa88-ae3f4e676730	cardiomyocyte	cardiomyocyte	9	15	0.6666666666666666	9	0.1111111111111111
profile:de23cf838bd71da8b796	biorxiv:6c7d90a7-6cd2-1014-aa88-ae3f4e676730	committed cardiomyocyte	committed cardiomyocyte	3	15	0.3333333333333333	0	
profile:4cf5e8b7a309bb5aea54	biorxiv:6c7d90a7-6cd2-1014-aa88-ae3f4e676730	definitive endoderm	definitive endoderm	3	15	0.3333333333333333	0	
profile:265a3a28af63e4ccf009	biorxiv:6c7d90a7-6cd2-1014-aa88-ae3f4e676730	outflow tract derivative cell	outflow tract derivative cell	7	15	0.7142857142857143	0	
profile:4d7efcd20129e432701c	biorxiv:6ca25eee-7853-1014-8aed-fc8cff0a87e5	alveolar epithelial type 2 signaling cell	alveolar epithelial type 2 signaling cell	3	49	0.6666666666666666	0	
profile:47f694818ea2e4583407	biorxiv:6ca25eee-7853-1014-8aed-fc8cff0a87e5	alveolar fibroblast	alveolar fibroblast	3	49	1.0	2	0.16666666666666666
profile:7f7a65824fa252976ca4	biorxiv:6ca25eee-7853-1014-8aed-fc8cff0a87e5	alveolar macrophage	alveolar macrophage	3	49	1.0	6	0.3333333333333333
profile:7f4d99156c71e4013fed	biorxiv:6ca25eee-7853-1014-8aed-fc8cff0a87e5	bronchiolar alveolar type 0 cell	bronchiolar alveolar type 0 cell	3	49	0.0	0	
profile:b0082be9a117812ceaa9	biorxiv:6ca25eee-7853-1014-8aed-fc8cff0a87e5	cd8 t cell	CD8+ T cell	3	49	0.6666666666666666	11	0.0909090909090909
profile:abe73985546700fc65d9	biorxiv:6ca25eee-7853-1014-8aed-fc8cff0a87e5	classical or inflammatory monocyte	classical or inflammatory monocyte	3	49	0.6666666666666666	0	
profile:1cd2bf03da1052396c43	biorxiv:6ca25eee-7853-1014-8aed-fc8cff0a87e5	club cell	club cell	3	49	0.6666666666666666	0	
profile:7dd7467317ceb753dddc	biorxiv:6ca25eee-7853-1014-8aed-fc8cff0a87e5	goblet cell	goblet cell	4	49	0.75	13	0.11538461538461539
profile:06d84b7ac91cad4a61a4	biorxiv:6ca25eee-7853-1014-8aed-fc8cff0a87e5	intermediate alveolar epithelial type 2 alveolar epithelial type 1 cell	intermediate alveolar epithelial type 2 - alveolar epithelial type 1 cell	3	49	0.3333333333333333	0	
profile:0eadb65ce9bf837dc21f	biorxiv:6ca25eee-7853-1014-8aed-fc8cff0a87e5	intermediate alveolar type 0 alveolar epithelial type 2 cell	intermediate alveolar type 0 - alveolar epithelial type 2 cell	4	49	0.0	0	
profile:7d19bb46d2b7f3971686	biorxiv:6ca25eee-7853-1014-8aed-fc8cff0a87e5	macrophage	macrophage	4	49	0.75	42	0.11904761904761904
profile:0c44e07a65c6d707606b	biorxiv:6ca25eee-7853-1014-8aed-fc8cff0a87e5	mast cell	mast cell	3	49	1.0	19	0.3508771929824561
profile:73ec61c232b42086cb02	biorxiv:6ca25eee-7853-1014-8aed-fc8cff0a87e5	mesothelial cell	mesothelial cell	3	49	0.6666666666666666	5	0.3333333333333333
profile:fabc48f6d51f25b58b8b	biorxiv:6ca25eee-7853-1014-8aed-fc8cff0a87e5	multiciliated cell	multiciliated cell	3	49	1.0	2	0.16666666666666666
profile:be7b60b394de26404ae8	biorxiv:6ca25eee-7853-1014-8aed-fc8cff0a87e5	natural killer cell	natural killer cell	3	49	0.0	33	0.3434343434343434
profile:0539a0035c6c09b50390	biorxiv:6ca25eee-7853-1014-8aed-fc8cff0a87e5	natural killer t cell	natural killer T cell	3	49	0.0	5	0.3333333333333333
profile:1f03191932e31c4aae62	biorxiv:6ca25eee-7853-1014-8aed-fc8cff0a87e5	neutrophil	neutrophil	4	49	1.0	10	0.07500000000000001
profile:880bf1620ea54816df2f	biorxiv:6ca25eee-7853-1014-8aed-fc8cff0a87e5	non classical or patrolling monocyte	non-classical or patrolling monocyte	3	49	0.6666666666666666	0	
profile:7337df6bf1879085c8c1	biorxiv:6ca25eee-7853-1014-8aed-fc8cff0a87e5	pre terminal bronchiole secretory cell	pre-terminal bronchiole secretory cell	3	49	0.0	1	1.0
profile:29da236127087ef4f728	biorxiv:6ca25eee-7853-1014-8aed-fc8cff0a87e5	proliferating alveolar epithelial type 2 cell	proliferating alveolar epithelial type 2 cell	4	49	0.5	0	
profile:ef5dcc0222cf57492a7f	biorxiv:6ca25eee-7853-1014-8aed-fc8cff0a87e5	pulmonary venous endothelial cell	pulmonary venous endothelial cell	3	49	1.0	1	0.3333333333333333
profile:4e0f39d04b6e39112ad9	biorxiv:6ca25eee-7853-1014-8aed-fc8cff0a87e5	secondary crest myofibroblast	secondary crest myofibroblast	4	49	1.0	0	
profile:6c1411df0fb8b84dedfb	biorxiv:6ca25eee-7853-1014-8aed-fc8cff0a87e5	submucosal gland myoepithelial cell	submucosal gland myoepithelial cell	3	49	0.6666666666666666	0	
profile:7c35b1c2cb03da50bf2a	biorxiv:6ca25eee-7853-1014-8aed-fc8cff0a87e5	submucosal gland serous cell	submucosal gland serous cell	3	49	1.0	1	0.0
profile:33fdab046f56bf6527b7	biorxiv:6ca25eee-7853-1014-8aed-fc8cff0a87e5	suprabasal cell	suprabasal cell	3	49	0.3333333333333333	2	0.16666666666666666
profile:43c1bc95fad822c8dd93	biorxiv:6ca25eee-7853-1014-8aed-fc8cff0a87e5	systemic venous endothelial cell	systemic venous endothelial cell	3	49	1.0	1	0.6666666666666666
profile:c1d7bff8254b38b68d36	biorxiv:6f28f2e1-6c20-1014-910c-d12c701e7668	activated cd8 t cell	activated CD8+ T cell	3	10	0.3333333333333333	1	0.0
profile:2ab518b19092e12e19b7	biorxiv:6f28f2e1-6c20-1014-910c-d12c701e7668	cytotoxic cd8 t cell	cytotoxic CD8+ T cell	3	10	0.0	1	0.6666666666666666
profile:bee4c79ca0cf8b1e4774	biorxiv:6f28f2e1-6c20-1014-910c-d12c701e7668	cytotoxic natural killer cell	cytotoxic natural killer cell	5	10	0.4	0	
profile:225ee9900c29748f0b0d	biorxiv:6f28f2e1-6c20-1014-910c-d12c701e7668	dysfunctional cd8 t cell	dysfunctional CD8+ T cell	4	10	1.0	1	0.5
profile:7ae47ebccc0d6e38074a	biorxiv:6f28f2e1-6c20-1014-910c-d12c701e7668	macrophage_ccl3	Macrophage_CCL3	7	10	0.5714285714285714	0	
profile:86ec8f3c683f0a7c3716	biorxiv:6f28f2e1-6c20-1014-910c-d12c701e7668	macrophages_lyve1	Macrophages_LYVE1	6	10	0.8333333333333334	0	
profile:172bbe55c019105a775a	biorxiv:6f28f2e1-6c20-1014-910c-d12c701e7668	memory cd8 t cell	memory CD8+ T cell	4	10	0.75	0	
profile:531b7e8889ba3703dc46	biorxiv:6f28f2e1-6c20-1014-910c-d12c701e7668	natural killer cell	natural killer cell	6	10	0.5	33	0.23232323232323235
profile:ebe971c0942dade1cc1d	biorxiv:700d25d7-7306-1014-9c30-ec481bfe1ae1	activated microglia	activated microglia	3	10	1.0	0	
profile:365158d03adbb245cbcd	biorxiv:700d25d7-7306-1014-9c30-ec481bfe1ae1	astrocyte	astrocyte	5	10	0.0	14	0.02857142857142857
profile:b11171946f9270786fa7	biorxiv:700d25d7-7306-1014-9c30-ec481bfe1ae1	quiescent microglia	quiescent microglia	4	10	0.5	0	
profile:963146f1e44653687950	biorxiv:700d25d7-7306-1014-9c30-ec481bfe1ae1	resting state microglia	resting state microglia	5	10	0.2	0	
profile:b120e8b75c606efbe4a2	biorxiv:71ccac17-6c3e-1014-a6e6-b99fd2cc2f35	conventional dendritic cell type 1	conventional dendritic cell type 1	3	18	1.0	7	0.6190476190476191
profile:cb5a9750bb088cfdb412	biorxiv:71ccac17-6c3e-1014-a6e6-b99fd2cc2f35	cycling monocyte	cycling monocyte	3	18	1.0	0	
profile:3349c290d08871315e87	biorxiv:71ccac17-6c3e-1014-a6e6-b99fd2cc2f35	double negative naïve t cell	double negative naïve T cell	4	18	0.5	0	
profile:294b8a4c7b9cc3a51d21	biorxiv:71ccac17-6c3e-1014-a6e6-b99fd2cc2f35	double negative regulatory t cell like population	double negative regulatory T cell-like population	3	18	1.0	0	
profile:6908391132dc2030655e	biorxiv:71ccac17-6c3e-1014-a6e6-b99fd2cc2f35	follicular helper t cell	follicular helper T cell	3	18	1.0	0	
profile:5fc156f82895de290d68	biorxiv:71ccac17-6c3e-1014-a6e6-b99fd2cc2f35	gamma delta t cell	gamma delta T cell	3	18	0.3333333333333333	2	0.3333333333333333
profile:fab4429752ed73a5553b	biorxiv:71ccac17-6c3e-1014-a6e6-b99fd2cc2f35	monocyte derived dendritic cell	monocyte-derived dendritic cell	3	18	0.6666666666666666	2	0.0
profile:41dd9649f2fd939f9cfe	biorxiv:71ccac17-6c3e-1014-a6e6-b99fd2cc2f35	regulatory t cell	regulatory T cell	3	18	1.0	21	0.5873015873015873
profile:015d18a098f8ba4c49d7	biorxiv:71ccac17-6c3e-1014-a6e6-b99fd2cc2f35	t helper 17 cell	T helper 17 cell	4	18	0.5	5	0.15000000000000002
profile:3b44f00b2871e94494d8	biorxiv:71ccac17-6c3e-1014-a6e6-b99fd2cc2f35	tumor associated macrophage	tumor-associated macrophage	3	18	1.0	4	0.08333333333333333
profile:f517785e73e429fa7c5c	biorxiv:7325dd4b-6f8e-1014-8543-942cb0c9e964	plasma cell	plasma cell	4	1	1.0	22	0.19318181818181818
profile:a7772d33e7c7b72df42f	biorxiv:736bec2d-70bc-1014-bc7a-9d003fe8a69f	cancer associated fibroblast	cancer-associated fibroblast	10	5	0.9	9	0.02222222222222222
profile:80c707d6806407981086	biorxiv:736bec2d-70bc-1014-bc7a-9d003fe8a69f	metaprogram 3 cancer cell	metaprogram 3 cancer cell	8	5	1.0	0	
profile:d4fe43c7629d4c332612	biorxiv:736bec2d-70bc-1014-bc7a-9d003fe8a69f	metaprogram 7 cancer cell	metaprogram 7 cancer cell	7	5	0.8571428571428571	0	
profile:a2a638ace1f2b694aa78	biorxiv:74193868-6d98-1014-a02e-d07ed370ea57	mesenchymal stem cell	mesenchymal stem cell	6	3	0.16666666666666666	4	0.2916666666666667
profile:006635ede93899c732f6	biorxiv:74193868-6d98-1014-a02e-d07ed370ea57	synovial mesenchymal stem cell	synovial mesenchymal stem cell	4	3	0.0	0	
profile:41c8e58ce272e2e8548e	biorxiv:750a2ba6-6eaa-1014-b156-e23e824a62e0	activated cd4 positive effector memory t cell	activated CD4-positive effector memory T cell	6	6	0.3333333333333333	0	
profile:0c62494418880826ee75	biorxiv:750a2ba6-6eaa-1014-b156-e23e824a62e0	central memory t cell	central memory T cell	4	6	0.0	4	0.5625
profile:d530d4e07377881aadeb	biorxiv:750a2ba6-6eaa-1014-b156-e23e824a62e0	naive t cell	naive T cell	5	6	0.2	1	0.2
profile:18c830ab9431ffdc0c18	biorxiv:750a2ba6-6eaa-1014-b156-e23e824a62e0	resting cd4 positive effector memory t cell	resting CD4-positive effector memory T cell	3	6	0.0	0	
profile:cbf5b0d6a095032db88c	biorxiv:771e3d5c-7119-1014-bcb2-db210f671702	outer radial glia	outer radial glia	3	1	1.0	1	0.3333333333333333
profile:2559f3e9fc72285c3e51	biorxiv:771e3d5c-7119-1014-bcb2-db210f671702	truncated radial glia	truncated radial glia	3	1	1.0	0	
profile:29f7ef8a629b69c27e0b	biorxiv:77d5f6bb-6c27-1014-a74d-a25d8b68d181	epiblast	epiblast	43	2	1.0	3	0.06201550387596899
profile:0e492582ec9b21072aca	biorxiv:77d5f6bb-6c27-1014-a74d-a25d8b68d181	primitive endoderm	primitive endoderm	29	2	0.9655172413793104	1	0.06896551724137931
profile:c6a8fd78f80181123d97	biorxiv:78211bc7-6c0f-1014-bc42-c103d41718b8	alveolar macrophage metallothionein subset	alveolar macrophage metallothionein subset	3	19	1.0	0	
profile:0de40230c0bd6095e551	biorxiv:78211bc7-6c0f-1014-bc42-c103d41718b8	chondrocyte	chondrocyte	5	19	1.0	4	0.45
profile:7372b443bc65a7cb4ebf	biorxiv:78211bc7-6c0f-1014-bc42-c103d41718b8	immune recruiting fibroblast	immune recruiting fibroblast	5	19	1.0	0	
profile:81627f588719e287236b	biorxiv:78211bc7-6c0f-1014-bc42-c103d41718b8	interstitial macrophage	interstitial macrophage	3	19	1.0	2	0.0
profile:e2bb7a41d0dd8a345d31	biorxiv:78211bc7-6c0f-1014-bc42-c103d41718b8	macro ccl macrophage	Macro-CCL macrophage	3	19	1.0	2	1.0
profile:cc6be7d638c99bb86e24	biorxiv:78211bc7-6c0f-1014-bc42-c103d41718b8	myelinating schwann cell	myelinating Schwann cell	5	19	1.0	2	0.6
profile:8ad728d4d4e10f6e9906	biorxiv:78211bc7-6c0f-1014-bc42-c103d41718b8	nk cd11d natural killer cell	NK-CD11d natural killer cell	4	19	1.0	0	
profile:31e08b4d902d8e69d899	biorxiv:78211bc7-6c0f-1014-bc42-c103d41718b8	non myelinating schwann cell	non-myelinating Schwann cell	8	19	0.875	0	
profile:ff560c7dc9ae0160ea4e	biorxiv:78211bc7-6c0f-1014-bc42-c103d41718b8	submucosal gland duct cell	submucosal gland duct cell	3	19	1.0	1	1.0
profile:e1ea87c2e0e9e02d531c	biorxiv:783f7e3b-7683-1014-81ff-bc1eeadb858f	medial habenula 1	medial habenula 1	3	8	1.0	0	
profile:feae3c924404fa9fd395	biorxiv:7883a920-6c54-1014-9611-e2c343a4c7dc	distal kidney epithelial cell	distal kidney epithelial cell	4	11	0.75	0	
profile:befd17ded0c50dbe4d6e	biorxiv:7883a920-6c54-1014-9611-e2c343a4c7dc	early lateral plate mesoderm	early lateral plate mesoderm	9	11	0.5555555555555556	0	
profile:2c4ba2c92d7a5e27d3ae	biorxiv:7883a920-6c54-1014-9611-e2c343a4c7dc	endothelial hematopoietic progenitor	endothelial/hematopoietic progenitor	3	11	0.3333333333333333	0	
profile:a57be484c74d545c2bdb	biorxiv:7883a920-6c54-1014-9611-e2c343a4c7dc	glomerular cell	glomerular cell	4	11	0.75	0	
profile:4f1705ca848c42417071	biorxiv:7883a920-6c54-1014-9611-e2c343a4c7dc	kidney progenitor nascent nephron cell	kidney progenitor/nascent nephron cell	3	11	0.3333333333333333	0	
profile:f47ab3c1aff7f4c432ef	biorxiv:7883a920-6c54-1014-9611-e2c343a4c7dc	mesothelial progenitor	mesothelial progenitor	4	11	0.0	0	
profile:960a4b6beee7ffefd3c5	biorxiv:7883a920-6c54-1014-9611-e2c343a4c7dc	nephron progenitor cell	nephron progenitor cell	4	11	0.25	8	0.09375
profile:1180e5a150127f9dd014	biorxiv:7883a920-6c54-1014-9611-e2c343a4c7dc	proximal kidney epithelial cell	proximal kidney epithelial cell	3	11	1.0	0	
profile:2b30fcc66cf58865c89c	biorxiv:7883a920-6c54-1014-9611-e2c343a4c7dc	vascular progenitor	vascular progenitor	5	11	0.6	0	
profile:24a4cca5010e4c0a62f5	biorxiv:78e3a11a-7eb2-1014-99eb-f342cda99662	a9 dopaminergic neuron subtype	A9 dopaminergic neuron subtype	5	14	0.8	0	
profile:b2f989e2422ae0dbf56b	biorxiv:78e3a11a-7eb2-1014-99eb-f342cda99662	dopaminergic neuron	dopaminergic neuron	3	14	0.0	2	0.3333333333333333
profile:f63cc469d3beae4e3d98	biorxiv:78e3a11a-7eb2-1014-99eb-f342cda99662	parkinson s disease sensitive dopaminergic neuron	Parkinson's disease-sensitive dopaminergic neuron	3	14	0.0	0	
profile:85b3119b0516ec0ceb6c	biorxiv:78e3a11a-7eb2-1014-99eb-f342cda99662	progenitor subgroup	progenitor subgroup	3	14	0.6666666666666666	0	
profile:497b162031addf931d4e	biorxiv:7a206a01-6c0e-1014-b046-f87c164ca53d	cycling glioblastoma stem like cell	cycling glioblastoma stem-like cell	7	8	1.0	0	
profile:d4a4382e62b89796bd3f	biorxiv:7a206a01-6c0e-1014-b046-f87c164ca53d	glioblastoma stem like cell	glioblastoma stem-like cell	3	8	0.0	0	
profile:926711958733cf06bd43	biorxiv:7a206a01-6c0e-1014-b046-f87c164ca53d	immune cell	immune cell	3	8	1.0	12	0.05555555555555555
profile:1faaa32eee544de19c3b	biorxiv:7a206a01-6c0e-1014-b046-f87c164ca53d	neuronal cell	neuronal cell	3	8	1.0	4	0.0
profile:9abbb7955475cbef3f7e	biorxiv:7a206a01-6c0e-1014-b046-f87c164ca53d	quiescent glioblastoma stem like cell	quiescent glioblastoma stem-like cell	9	8	0.6666666666666666	0	
profile:0525c7b154e5f2f2756d	biorxiv:7c5d5c2e-7293-1014-98d5-eebfad1ae1b1	microglia	microglia	4	5	1.0	16	0.109375
profile:2d2d2dc3530b14a87795	biorxiv:7d48f408-80c3-1014-8100-959ab60f80b6	hepatic stellate cell population two	hepatic stellate cell population two	4	8	1.0	0	
profile:4a4ba4ec2df0918e78c9	biorxiv:7d48f408-80c3-1014-8100-959ab60f80b6	kupffer cell like liver resident macrophage	Kupffer cell-like liver resident macrophage	3	8	0.3333333333333333	0	
profile:582ea5c91e4ca938ac79	biorxiv:7d48f408-80c3-1014-8100-959ab60f80b6	kupffer like cell	Kupffer-like cell	6	8	0.6666666666666666	0	
profile:dba26f09349ae2dc469c	biorxiv:7d48f408-80c3-1014-8100-959ab60f80b6	major histocompatibility complex class ii high myeloid cell	major histocompatibility complex class II high myeloid cell	5	8	1.0	0	
profile:753e4dc55ef013ef9a8b	biorxiv:7d48f408-80c3-1014-8100-959ab60f80b6	monocyte like myeloid cell	monocyte-like myeloid cell	4	8	1.0	0	
profile:72592459ec33e0e318c6	biorxiv:8060bfa3-6d4f-1014-b2ea-be74caad434f	cd4 t cell	CD4+ T cell	5	0		9	0.0
profile:c43ffd18861b03614191	biorxiv:824fd1db-6db8-1014-aa73-9a84848dcec3	basal lineage epithelial cell	basal lineage epithelial cell	3	24	0.6666666666666666	0	
profile:74b3783a5a909fd69c34	biorxiv:824fd1db-6db8-1014-aa73-9a84848dcec3	hormone receptor associated luminal lineage epithelial cell	hormone receptor-associated luminal lineage epithelial cell	3	24	1.0	0	
profile:c9894e18e44d62c79bd1	biorxiv:824fd1db-6db8-1014-aa73-9a84848dcec3	vascular smooth muscle cell	vascular smooth muscle cell	3	24	0.6666666666666666	9	0.3333333333333333
profile:7000d2d7d625f47099f3	biorxiv:83c8ac0b-6e16-1014-a00e-d78ba7f4ca02	pit 1 sf 1 somatotroph pituitary neuroendocrine tumor	PIT-1/SF-1 somatotroph pituitary neuroendocrine tumor	4	7	0.75	0	
profile:0453920fd01f74d9179b	biorxiv:83c8ac0b-6e16-1014-a00e-d78ba7f4ca02	red blood cell	red blood cell	4	7	1.0	0	
profile:163c7fe703ef77a13e15	biorxiv:83c8ac0b-6e16-1014-a00e-d78ba7f4ca02	somatotroph cell	somatotroph cell	4	7	0.75	0	
profile:7e480672a3c013117c94	biorxiv:84e54dbc-6c17-1014-b8ff-c69d804e210e	melanoma tumor subclass b	melanoma tumor subclass B	6	1	0.16666666666666666	0	
profile:60d73c013987c440e0d1	biorxiv:84e54dbc-6c17-1014-b8ff-c69d804e210e	melanoma tumor subclass c	melanoma tumor subclass C	13	1	0.6153846153846154	0	
profile:a13a040b0f3c015ec882	biorxiv:876ca999-6c0e-1014-8ed9-e7563228589e	cycling haematopoietic stem cells multipotent progenitors	cycling haematopoietic stem cells/multipotent progenitors	4	17	1.0	0	
profile:9fc0db03852876fa2295	biorxiv:876ca999-6c0e-1014-8ed9-e7563228589e	cycling megakaryocyte erythroid mast progenitor	cycling megakaryocyte-erythroid-mast progenitor	3	17	0.6666666666666666	0	
profile:a183ed3442395af567cc	biorxiv:876ca999-6c0e-1014-8ed9-e7563228589e	erythroid cell	erythroid cell	5	17	1.0	2	0.1
profile:5d996036e9084be1e4b7	biorxiv:876ca999-6c0e-1014-8ed9-e7563228589e	granulocyte	granulocyte	3	17	0.3333333333333333	3	0.0
profile:1e5f595fc721ecd8b7c9	biorxiv:876ca999-6c0e-1014-8ed9-e7563228589e	granulocytic progenitor	granulocytic progenitor	3	17	0.3333333333333333	0	
profile:000eb86b472b818822a7	biorxiv:876ca999-6c0e-1014-8ed9-e7563228589e	haematopoietic stem cells multipotent progenitors	haematopoietic stem cells/multipotent progenitors	7	17	0.8571428571428571	0	
profile:18b64df2131e6846c033	biorxiv:876ca999-6c0e-1014-8ed9-e7563228589e	lympho myeloid progenitor	lympho-myeloid progenitor	8	17	0.625	1	0.125
profile:25d14851247a7dc0f234	biorxiv:876ca999-6c0e-1014-8ed9-e7563228589e	mast cell	mast cell	3	17	0.3333333333333333	19	0.10526315789473684
profile:89164221cea7cafc7367	biorxiv:876ca999-6c0e-1014-8ed9-e7563228589e	megakaryocyte	megakaryocyte	3	17	0.6666666666666666	3	0.2222222222222222
profile:6c9ff7d0033f61a86beb	biorxiv:876ca999-6c0e-1014-8ed9-e7563228589e	megakaryocyte erythroid mast progenitor	megakaryocyte-erythroid-mast progenitor	8	17	0.5	0	
profile:a660bc4ac45066b6dab7	biorxiv:876ca999-6c0e-1014-8ed9-e7563228589e	monocyte	monocyte	4	17	0.25	35	0.07142857142857142
profile:5edd412b9ea2f95f0dc1	biorxiv:876ca999-6c0e-1014-8ed9-e7563228589e	monocyte progenitor	monocyte progenitor	3	17	0.0	0	
profile:f50c510563c0b14b0e91	biorxiv:876ca999-6c0e-1014-8ed9-e7563228589e	natural killer cell	natural killer cell	4	17	1.0	33	0.045454545454545456
profile:a49892309ee888461558	biorxiv:876ca999-6c0e-1014-8ed9-e7563228589e	plasmacytoid dendritic cell	plasmacytoid dendritic cell	4	17	0.75	14	0.17857142857142858
profile:7f8c7aaf8dbd61f8e480	biorxiv:876ca999-6c0e-1014-8ed9-e7563228589e	precursor b cell	precursor B cell	3	17	0.6666666666666666	1	0.3333333333333333
profile:b73cd16645232f95c670	biorxiv:88b6dd17-6fa5-1014-96e8-90837e572e81	adult astrocyte	adult astrocyte	3	6	0.6666666666666666	0	
profile:0b5809dcaa6a8ab87160	biorxiv:88b6dd17-6fa5-1014-96e8-90837e572e81	astrocyte	astrocyte	6	6	0.16666666666666666	14	0.07142857142857142
profile:48fdfac97c90d74708b4	biorxiv:88b6dd17-6fa5-1014-96e8-90837e572e81	excitatory neuron	excitatory neuron	3	6	1.0	8	0.041666666666666664
profile:0a28f56497acf7bc8c0b	biorxiv:88b6dd17-6fa5-1014-96e8-90837e572e81	human induced astrocyte	human induced astrocyte	8	6	0.25	0	
profile:50ef421bcad8736f1cf7	biorxiv:88b6dd17-6fa5-1014-96e8-90837e572e81	immature astrocyte	immature astrocyte	3	6	1.0	1	0.0
profile:ae49d7896f0098a6c1c4	biorxiv:88b6dd17-6fa5-1014-96e8-90837e572e81	oligodendrocyte	oligodendrocyte	3	6	1.0	16	0.375
profile:4bbbfaf39a885f075ed4	biorxiv:8a79edc5-6e0d-1014-bd87-aa1de4068967	m1 monocyte macrophage	M1 monocyte-macrophage	3	5	1.0	0	
profile:7351f3e34afc168b09c2	biorxiv:8a79edc5-6e0d-1014-bd87-aa1de4068967	m2 monocyte macrophage	M2 monocyte-macrophage	3	5	1.0	0	
profile:7d53e3a6fbe349cf398c	biorxiv:8bff4e38-6c13-1014-bcce-e068e3eafd28	canonical colonocyte	canonical colonocyte	3	9	1.0	0	
profile:6a2ab02231704d6983b2	biorxiv:8bff4e38-6c13-1014-bcce-e068e3eafd28	enteroendocrine cell	enteroendocrine cell	3	9	1.0	8	0.375
profile:85cef4b68fd81a70a33b	biorxiv:8bff4e38-6c13-1014-bcce-e068e3eafd28	goblet cell	goblet cell	10	9	0.4	13	0.23846153846153845
profile:30c880c852213556d9cc	biorxiv:8bff4e38-6c13-1014-bcce-e068e3eafd28	goblet cell subcluster gc1	goblet cell subcluster GC1	5	9	0.2	0	
profile:2f40cc8c4869fe7608b0	biorxiv:8bff4e38-6c13-1014-bcce-e068e3eafd28	non canonical colonocyte	non-canonical colonocyte	6	9	1.0	0	
profile:2199ef7a514a39de8b19	biorxiv:8bff4e38-6c13-1014-bcce-e068e3eafd28	stem cell	stem cell	4	9	1.0	2	0.5
profile:451672683205cc1d4eae	biorxiv:8c2f79d9-6d11-1014-b01f-be5bb307bf23	endothelial cell	endothelial cell	8	4	1.0	51	0.14215686274509803
profile:0d9aa0950057624736f4	biorxiv:8c3ef8a4-6c0e-1014-9b81-f1618d3e39b1	differentiated muscle stem cell myoblast myocyte	differentiated muscle stem cell/myoblast/myocyte	4	11	0.5	0	
profile:4d31cfda117e40f3a557	biorxiv:8c3ef8a4-6c0e-1014-9b81-f1618d3e39b1	induced muscle stem progenitor cell	induced muscle stem/progenitor cell	4	11	1.0	0	
profile:86c620ae090767a5ba5b	biorxiv:8c3ef8a4-6c0e-1014-9b81-f1618d3e39b1	mesenchymal cell	mesenchymal cell	3	11	1.0	3	0.1111111111111111
profile:8187ed5fc6a5959b29f1	biorxiv:8c3ef8a4-6c0e-1014-9b81-f1618d3e39b1	muscle cell	muscle cell	4	11	0.0	1	0.0
profile:2db0f80503bfc9f66768	biorxiv:8c3ef8a4-6c0e-1014-9b81-f1618d3e39b1	neuronal stem progenitor cell	neuronal stem/progenitor cell	3	11	1.0	0	
profile:5922a9c97b576e7feeab	biorxiv:8c3ef8a4-6c0e-1014-9b81-f1618d3e39b1	pax7 positive human muscle stem cell	PAX7-positive human muscle stem cell	3	11	0.6666666666666666	0	
profile:a2d06cc5c0514ab0a544	biorxiv:8e460cfc-7020-1014-9694-e5bf39316223	t cell	T cell	3	7	1.0	36	0.40740740740740744
profile:a6c3f3d1ac23501f647c	biorxiv:8f45ef4c-6d70-1014-815c-a556cc0c38ce	b cell	B cell	3	0		30	0.5222222222222223
profile:f583ad03787982a2d314	biorxiv:9081da13-83e1-1014-ba34-dc521a45201b	minimal residual disease cell	minimal residual disease cell	5	3	0.6	0	
profile:0e1d2b9f1e6f71b0408c	biorxiv:9263ba65-6c09-1014-b701-af82efb9455d	induced pluripotent stem cell	induced pluripotent stem cell	4	1	0.25	3	0.6666666666666666
profile:62791fcae87072119672	biorxiv:9263ba65-6c09-1014-b701-af82efb9455d	proliferative pluripotent cell	proliferative pluripotent cell	7	1	0.5714285714285714	0	
profile:9f1509cd281c8130957e	biorxiv:9338c4d5-712d-1014-b47b-dc1970abe2d9	epiblast cell	epiblast cell	13	6	0.5384615384615384	1	0.3076923076923077
profile:f1c3e3dfddfa45ecfa68	biorxiv:9338c4d5-712d-1014-b47b-dc1970abe2d9	hypoblast cell	hypoblast cell	8	6	1.0	0	
profile:5426f0ed01471bafb73a	biorxiv:9338c4d5-712d-1014-b47b-dc1970abe2d9	naïve human embryonic stem cell	naïve human embryonic stem cell	9	6	0.2222222222222222	1	0.2222222222222222
profile:1642d0a4ff5182397b15	biorxiv:9338c4d5-712d-1014-b47b-dc1970abe2d9	naïve human pluripotent stem cell	naïve human pluripotent stem cell	7	6	0.14285714285714285	0	
profile:e3b367adfc08ea1d73f2	biorxiv:9338c4d5-712d-1014-b47b-dc1970abe2d9	primed pluripotent cell	primed pluripotent cell	3	6	1.0	0	
profile:5f45a3e0723785baa5ca	biorxiv:936f1a11-6c21-1014-8f5e-c76664c0d7e3	basophil	basophil	3	5	0.3333333333333333	0	
profile:dd9c0c68833a92c2de3e	biorxiv:936f1a11-6c21-1014-8f5e-c76664c0d7e3	eosinophil	eosinophil	4	5	0.5	0	
profile:ed9bbda8e04d5847a5d8	biorxiv:936f1a11-6c21-1014-8f5e-c76664c0d7e3	monocyte	monocyte	4	5	1.0	35	0.014285714285714285
profile:6d2e785e4439c4122268	biorxiv:936f1a11-6c21-1014-8f5e-c76664c0d7e3	neutrophil	neutrophil	5	5	1.0	10	0.02
profile:35d18406e9f8bb6d74ac	biorxiv:96c0ca44-7598-1014-bd6e-c97aae1f298a	active natural killer cell	active natural killer cell	3	13	0.3333333333333333	2	0.0
profile:2d9c7d1bedc83143d17e	biorxiv:96c0ca44-7598-1014-bd6e-c97aae1f298a	alveolar macrophage	alveolar macrophage	5	13	1.0	6	0.23333333333333334
profile:1670426a273c46fbce87	biorxiv:96c0ca44-7598-1014-bd6e-c97aae1f298a	cd8 effector memory t cell	CD8+ effector memory T cell	4	13	0.5	0	
profile:19f30e27336bf9e13de4	biorxiv:96c0ca44-7598-1014-bd6e-c97aae1f298a	central memory t cell	central memory T cell	4	13	0.0	4	0.625
profile:23943deb491afb763d40	biorxiv:96c0ca44-7598-1014-bd6e-c97aae1f298a	exhausted t cell	exhausted T cell	6	13	0.6666666666666666	4	0.25
profile:4ce672f69617f4560065	biorxiv:96c0ca44-7598-1014-bd6e-c97aae1f298a	naïve like t cell	naïve-like T cell	4	13	0.0	0	
profile:3b2a15ad2c816f8d5110	biorxiv:96c0ca44-7598-1014-bd6e-c97aae1f298a	regulatory t cell	regulatory T cell	4	13	1.0	21	0.4523809523809524
profile:02472be10ab455a0ff68	biorxiv:96c0ca44-7598-1014-bd6e-c97aae1f298a	tissue resident memory t cell	tissue-resident memory T cell	3	13	1.0	5	0.0
profile:ff2bd5ef0943e0311edc	biorxiv:971fc928-7029-1014-9faa-c9d63a921f72	blood cell	blood cell	12	0		1	0.0
profile:d74b3b5ddf16d75790c5	biorxiv:98d19bc0-7b12-1014-9641-857e081ce400	contractile smooth muscle cell	contractile smooth muscle cell	3	6	1.0	2	0.6666666666666666
profile:0f26c548139839f923e4	biorxiv:98d19bc0-7b12-1014-9641-857e081ce400	fibromyocyte smooth muscle cell	fibromyocyte smooth muscle cell	3	6	0.0	0	
profile:4d952b044988dd4a4b6f	biorxiv:98d19bc0-7b12-1014-9641-857e081ce400	inflammatory smooth muscle cell	inflammatory smooth muscle cell	6	6	0.5	0	
profile:4569c1efe9e728aa0663	biorxiv:98d19bc0-7b12-1014-9641-857e081ce400	intermediate smooth muscle cell	intermediate smooth muscle cell	3	6	1.0	0	
profile:f4134fa566343dc8e512	biorxiv:98d19bc0-7b12-1014-9641-857e081ce400	proliferative m phase smooth muscle cell	proliferative M-phase smooth muscle cell	3	6	1.0	0	
profile:c9944197f79d6fe30705	biorxiv:98d19bc0-7b12-1014-9641-857e081ce400	proliferative m s phase smooth muscle cell	proliferative M-S-phase smooth muscle cell	3	6	1.0	0	
profile:1499910d1483fa2ff6a6	biorxiv:98d19bc0-7b12-1014-9641-857e081ce400	proliferative s phase smooth muscle cell	proliferative S-phase smooth muscle cell	3	6	1.0	0	
profile:c3bfd747a701bcb4bd5f	biorxiv:99010971-6d4e-1014-a10e-acd0232efb79	endometrial organoid cell	endometrial organoid cell	3	0		0	
profile:2fc39567bf210f895fbc	biorxiv:9912495b-7074-1014-acf9-d95bb2127278	monocyte	monocyte	3	4	0.6666666666666666	35	0.0
profile:16cd84f99716c42f8a45	biorxiv:9912495b-7074-1014-acf9-d95bb2127278	peripheral blood mononuclear cell	peripheral blood mononuclear cell	6	4	0.8333333333333334	1	0.0
profile:e5a064c40dcbaa465aef	biorxiv:99e5c433-6bf4-1014-a840-83babdf09f03	bystander b cell	bystander B cell	3	8	1.0	0	
profile:40e938b8208f81ba6927	biorxiv:99e5c433-6bf4-1014-a840-83babdf09f03	dengue virus associated b cell	dengue virus-associated B cell	4	8	0.5	0	
profile:fa075e5a1f7bbbe39218	biorxiv:9a5466f2-6c88-1014-bd5d-ff8513618027	antibody secreting cell	antibody-secreting cell	3	6	0.6666666666666666	3	0.5555555555555555
profile:7f3c7c7db2d8b81f44a6	biorxiv:9a5466f2-6c88-1014-bd5d-ff8513618027	cd56bright natural killer cell	CD56bright natural killer cell	9	6	0.3333333333333333	0	
profile:75036f498b2b63a062e8	biorxiv:9a5466f2-6c88-1014-bd5d-ff8513618027	natural killer cell	natural killer cell	5	6	0.0	33	0.12121212121212122
profile:d2362d92b81ba84b0d98	biorxiv:9a5466f2-6c88-1014-bd5d-ff8513618027	t bet positive b cell	T-bet-positive B cell	3	6	0.3333333333333333	0	
profile:12a442d4e9b76656c059	biorxiv:9aa22010-6e01-1014-bc26-9535140d955f	interface cell between seminiferous tube and rete testis	interface cell between seminiferous tube and rete testis	4	27	0.0	0	
profile:bead33bc920e559ed167	biorxiv:9aa22010-6e01-1014-bc26-9535140d955f	mesonephric epididymis epithelial cell	mesonephric/epididymis epithelial cell	6	27	0.0	0	
profile:6eb64c7038a234414757	biorxiv:9aa22010-6e01-1014-bc26-9535140d955f	nephric cell	nephric cell	3	27	0.6666666666666666	0	
profile:a7fbe661bcdf28356850	biorxiv:9aa22010-6e01-1014-bc26-9535140d955f	pre granulosa cell	pre-granulosa cell	3	27	0.6666666666666666	0	
profile:764f1bc1a3aff51fb8c8	biorxiv:9aa22010-6e01-1014-bc26-9535140d955f	proliferating stromal cell	proliferating stromal cell	4	27	0.5	0	
profile:07652b751ea2e4084608	biorxiv:9aa22010-6e01-1014-bc26-9535140d955f	rete ovarii cell	rete ovarii cell	3	27	0.0	0	
profile:4b1e2400aa7d55d255c7	biorxiv:9aa22010-6e01-1014-bc26-9535140d955f	rete ovarii epithelial cell	rete ovarii epithelial cell	5	27	0.4	0	
profile:09a7dcc477b23127708c	biorxiv:9aa22010-6e01-1014-bc26-9535140d955f	rete testis epithelial cell	rete testis epithelial cell	8	27	0.0	0	
profile:75998b3040386a68b4da	biorxiv:9aa22010-6e01-1014-bc26-9535140d955f	sertoli cell	Sertoli cell	8	27	0.5	1	0.25
profile:7ad6eb981e6c35f41eac	biorxiv:9aa22010-6e01-1014-bc26-9535140d955f	sertoli interstitial precursor cell	Sertoli interstitial precursor cell	3	27	0.0	0	
profile:cbe3af6551b3fb2963d5	biorxiv:9aa22010-6e01-1014-bc26-9535140d955f	sertoli like cell in rete testis	Sertoli-like cell in rete testis	5	27	0.4	0	
profile:de1788466c7812478a7a	biorxiv:9aa22010-6e01-1014-bc26-9535140d955f	stromal cell	stromal cell	5	27	0.2	10	0.1
profile:ef9db02b962b235e50ed	biorxiv:9aa22010-6e01-1014-bc26-9535140d955f	stromal precursor cell	stromal precursor cell	3	27	0.0	0	
profile:569ff1faf491421824f6	biorxiv:9aa22010-6e01-1014-bc26-9535140d955f	surface epithelial cell	surface epithelial cell	5	27	0.4	0	
profile:3ad7af7e14ef5312dd5f	biorxiv:9b741001-784a-1014-b0c0-93f88f9233f4	neuroendocrine circulating tumor cell	neuroendocrine circulating tumor cell	3	4	1.0	0	
profile:644645083a71b87b5d58	biorxiv:9c7f8281-6c21-1014-a6df-b6c543b29cb8	antibody secreting cell	antibody-secreting cell	6	6	1.0	3	0.4444444444444444
profile:cd7fae55ef49f6eb1b5d	biorxiv:9c7f8281-6c21-1014-a6df-b6c543b29cb8	b cell	B cell	3	6	1.0	30	0.05555555555555555
profile:c0049d5f8e86a252e42d	biorxiv:9c7f8281-6c21-1014-a6df-b6c543b29cb8	germinal center b cell	germinal center B cell	4	6	1.0	6	0.125
profile:e8418745a8fef47dd4b9	biorxiv:9c7f8281-6c21-1014-a6df-b6c543b29cb8	memory like b cell	memory-like B cell	4	6	1.0	0	
profile:efbaf398b2efc3e06cae	biorxiv:9ca649fd-6cf8-1014-8427-cac0001a663e	memory cd4 t cell	memory CD4+ T cell	3	1	1.0	0	
profile:c6aee9108b634af0a855	biorxiv:9d923a25-6c34-1014-a848-e326c14e92ee	aldh cd44 cd24 cell	ALDH−CD44+CD24− cell	20	5	0.75	0	
profile:be85d5f86bfb152f07da	biorxiv:9d923a25-6c34-1014-a848-e326c14e92ee	aldh cell	ALDH+ cell	14	5	0.5714285714285714	0	
profile:ae70f04b486cfff197a0	biorxiv:9d923a25-6c34-1014-a848-e326c14e92ee	aldh cluster 2 cell	ALDH+ cluster 2 cell	11	5	0.5454545454545454	0	
profile:b11af4fb85eb164fc329	biorxiv:9d923a25-6c34-1014-a848-e326c14e92ee	aldh cluster 3 cell	ALDH+ cluster 3 cell	7	5	0.14285714285714285	0	
profile:022cf377cbacadc9cf01	biorxiv:9d923a25-6c34-1014-a848-e326c14e92ee	aldh cluster 4 cell	ALDH+ cluster 4 cell	5	5	0.4	0	
profile:20efaad22ca166577382	biorxiv:9d923a25-6c34-1014-a848-e326c14e92ee	aldh1a1 expressing cell	ALDH1A1-expressing cell	10	5	0.4	0	
profile:56d4999d53bed5587b8f	biorxiv:9df09f81-6df1-1014-bd96-ce3556dd2289	endothelial cell	endothelial cell	3	5	1.0	51	0.29411764705882354
profile:a517330457367b45d579	biorxiv:9df09f81-6df1-1014-bd96-ce3556dd2289	neuronal cell	neuronal cell	3	5	1.0	4	0.08333333333333333
profile:7f9e37d6dfb0483d412a	biorxiv:9e5c18fc-76e5-1014-9f81-96148d260e0f	cd4 t cell	CD4+ T cell	3	9	0.0	9	0.1111111111111111
profile:992fcc98ef76d8ffa173	biorxiv:9e5c18fc-76e5-1014-9f81-96148d260e0f	cd8 t cell	CD8+ T cell	3	9	0.0	11	0.0
profile:2277a52761a2115e82d6	biorxiv:9e5c18fc-76e5-1014-9f81-96148d260e0f	glioblastoma negative prognostic cell	glioblastoma negative prognostic cell	5	9	0.4	0	
profile:26c9ebebcdac1fc145ca	biorxiv:9e5c18fc-76e5-1014-9f81-96148d260e0f	glioblastoma positive prognostic cell cluster 2	glioblastoma positive prognostic cell cluster 2	4	9	0.0	0	
profile:1357e03214346209f695	biorxiv:9e5c18fc-76e5-1014-9f81-96148d260e0f	glioblastoma positive prognostic cell cluster 3	glioblastoma positive prognostic cell cluster 3	3	9	0.0	0	
profile:767ddd8972eeba47f6c9	biorxiv:9e5c18fc-76e5-1014-9f81-96148d260e0f	glioblastoma positive prognostic cell cluster 5	glioblastoma positive prognostic cell cluster 5	7	9	0.14285714285714285	0	
profile:29435e32a2e9f94c834a	biorxiv:9ea3f9c1-6d62-1014-8a0f-e0eee23ad569	cd8 t cell	CD8 T cell	3	11	0.3333333333333333	11	0.06060606060606061
profile:e5786b937d76b6f8f563	biorxiv:9f961596-7f11-1014-8c2f-a898bdc06a6d	caudal midbrain hindbrain boundary cell	caudal midbrain-hindbrain boundary cell	7	31	0.2857142857142857	0	
profile:f95ee195e4f57955a340	biorxiv:9f961596-7f11-1014-8c2f-a898bdc06a6d	caudal neural cell	caudal neural cell	3	31	0.0	0	
profile:4147e21df0ba9e2b2399	biorxiv:9f961596-7f11-1014-8c2f-a898bdc06a6d	caudal presumptive neurectoderm cell	caudal presumptive neurectoderm cell	3	31	0.0	0	
profile:6175cacfa54033e840b2	biorxiv:9f961596-7f11-1014-8c2f-a898bdc06a6d	early pre neuralisation epiblast cell	early pre-neuralisation epiblast cell	4	31	0.0	0	
profile:85aec03afe6fa5f6e91d	biorxiv:9f961596-7f11-1014-8c2f-a898bdc06a6d	floor plate cell	floor plate cell	7	31	1.0	1	0.0
profile:6864b718c8888af6da78	biorxiv:9f961596-7f11-1014-8c2f-a898bdc06a6d	forebrain cell	forebrain cell	10	31	0.5	0	
profile:c43086bef5a03fc1292c	biorxiv:9f961596-7f11-1014-8c2f-a898bdc06a6d	forebrain midbrain neurectoderm cell	forebrain/midbrain neurectoderm cell	3	31	0.0	0	
profile:afed76700507902847d5	biorxiv:9f961596-7f11-1014-8c2f-a898bdc06a6d	gbx2 positive caudal cell	GBX2-positive caudal cell	3	31	0.3333333333333333	0	
profile:67a58b8c55feefff5b9c	biorxiv:9f961596-7f11-1014-8c2f-a898bdc06a6d	hindbrain cell	hindbrain cell	4	31	0.0	0	
profile:1f8ea1f9bdcae8c76602	biorxiv:9f961596-7f11-1014-8c2f-a898bdc06a6d	hindbrain neurectoderm cell	hindbrain neurectoderm cell	3	31	0.0	0	
profile:b3da97dd377c8b709ace	biorxiv:9f961596-7f11-1014-8c2f-a898bdc06a6d	midbrain hindbrain boundary cell	midbrain-hindbrain boundary cell	3	31	0.3333333333333333	0	
profile:9f778284da774af307b4	biorxiv:9f961596-7f11-1014-8c2f-a898bdc06a6d	otx2 positive rostral cell	OTX2-positive rostral cell	3	31	0.0	0	
profile:056c205b52c9d34cb990	biorxiv:9f961596-7f11-1014-8c2f-a898bdc06a6d	postmitotic neuron	postmitotic neuron	4	31	1.0	0	
profile:ac0fc0b281c244cb6cce	biorxiv:9f961596-7f11-1014-8c2f-a898bdc06a6d	presumptive midbrain hindbrain boundary cell	presumptive midbrain-hindbrain boundary cell	8	31	0.375	0	
profile:a2f9128896f500dde62b	biorxiv:9f961596-7f11-1014-8c2f-a898bdc06a6d	regional neural progenitor	regional neural progenitor	6	31	0.16666666666666666	0	
profile:4867a2e39662a48b2f3b	biorxiv:9f961596-7f11-1014-8c2f-a898bdc06a6d	rostral cell	rostral cell	5	31	0.0	0	
profile:17810f51fab45d021e8c	biorxiv:9f961596-7f11-1014-8c2f-a898bdc06a6d	rostral neural cell	rostral neural cell	3	31	0.0	0	
profile:e3e546d394a84e2dda95	biorxiv:9f961596-7f11-1014-8c2f-a898bdc06a6d	rostral presumptive neuroectoderm cell	rostral presumptive neuroectoderm cell	3	31	0.0	0	
profile:6c5d4992ceff441de19b	biorxiv:9f9eded3-6d6e-1014-996d-af8f6f192d54	activated b cell cluster 0	activated B cell cluster 0	4	8	0.75	1	1.0
profile:d691314ea18cb761b777	biorxiv:9f9eded3-6d6e-1014-996d-af8f6f192d54	cd4 positive t cell cluster 3	CD4-positive T cell cluster 3	3	8	0.3333333333333333	0	
profile:d13d83fd3a9706e30a40	biorxiv:9f9eded3-6d6e-1014-996d-af8f6f192d54	mucosal associated invariant t cell	mucosal-associated invariant T cell	3	8	0.3333333333333333	5	0.5333333333333333
profile:83a8ca176b1d3927da6a	biorxiv:a0900ed8-7609-1014-846c-dd411913591f	cd34 negative lymphatic endothelial cell	CD34-negative lymphatic endothelial cell	6	9	1.0	0	
profile:e2ffb61e3378fb411ba1	biorxiv:a0900ed8-7609-1014-846c-dd411913591f	cd34 positive kshv infected vascular endothelial cell	CD34-positive KSHV-infected vascular endothelial cell	8	9	0.375	0	
profile:5a94836314e7eb33df20	biorxiv:a0900ed8-7609-1014-846c-dd411913591f	cd34 positive vascular endothelial cell	CD34-positive vascular endothelial cell	5	9	0.2	0	
profile:17c957c347c0e1a6bcb4	biorxiv:a0900ed8-7609-1014-846c-dd411913591f	endothelial cell	endothelial cell	4	9	0.0	51	0.1323529411764706
profile:d5e145dc55d869912952	biorxiv:a0900ed8-7609-1014-846c-dd411913591f	kshv positive cell	KSHV-positive cell	5	9	0.8	0	
profile:5e1dc14eecf921bd6b32	biorxiv:a54482c5-73e0-1014-b3b0-b8dec8f62e56	fibroblast	fibroblast	3	3	0.6666666666666666	49	0.06802721088435375
profile:dc7b2294a5b6f2c42f04	biorxiv:a63583e3-6c7b-1014-a201-b82bec671474	fetal zone cell	fetal zone cell	7	4	1.0	0	
profile:40420738840dc1b5bbc9	biorxiv:a63583e3-6c7b-1014-a201-b82bec671474	zona glomerulosa like cluster	zona glomerulosa-like cluster	5	4	0.8	0	
profile:04ec8cba4ec736883c15	biorxiv:a6f25093-6d09-1014-a4b3-a2ea051baaac	high phenotypic shift cell	high phenotypic shift cell	6	0		0	
profile:cd84befc00cb2ef2d949	biorxiv:a6ffed23-717d-1014-ae02-d2e67f78dddd	mast cell	mast cell	3	5	1.0	19	0.3508771929824561
profile:17d914f97fbb1ac26f72	biorxiv:a6ffed23-717d-1014-ae02-d2e67f78dddd	myeloid cell	myeloid cell	3	5	1.0	11	0.15151515151515152
profile:e932dfe7fa8de31848a7	biorxiv:a6ffed23-717d-1014-ae02-d2e67f78dddd	t cell	T cell	3	5	1.0	36	0.26851851851851855
profile:c3221c200be63fe75c69	biorxiv:a83150af-6e3c-1014-8107-a71f7784ca4d	retinal pigment epithelium cell	retinal pigment epithelium cell	3	11	1.0	4	0.25
profile:f87a070822e5cf728e56	biorxiv:a9567cc0-6e50-1014-9a45-a24404db0d1a	low grade dysplasia intraductal papillary mucinous neoplasm cell	low-grade dysplasia intraductal papillary mucinous neoplasm cell	3	3	0.6666666666666666	0	
profile:6fb4c2047d9fff14f896	biorxiv:a96dba70-6cf7-1014-a294-bf2ca6d364a0	circulating tumor cell cluster 3	circulating tumor cell cluster 3	13	3	1.0	0	
profile:ac0ec93f85f73718a96e	biorxiv:a96dba70-6cf7-1014-a294-bf2ca6d364a0	circulating tumor cell cluster 4	circulating tumor cell cluster 4	13	3	1.0	0	
profile:ac2dab8f061a4a9febf9	biorxiv:a96dba70-6cf7-1014-a294-bf2ca6d364a0	myxoid liposarcoma cell cluster 2	myxoid liposarcoma cell cluster 2	8	3	1.0	0	
profile:f166375d49691bbb1cf3	biorxiv:a9b298c9-7797-1014-9b95-8bbbe23c746a	activated natural killer cell	activated natural killer cell	5	1	1.0	1	0.0
profile:70dfb49b5b145e952a47	biorxiv:a9b298c9-7797-1014-9b95-8bbbe23c746a	resting natural killer cell	resting natural killer cell	4	1	1.0	0	
profile:befc5c5b6166fafa493f	biorxiv:ab05f819-6c04-1014-81aa-9646e853264a	b cell	B cell	6	26	0.5	30	0.18333333333333335
profile:1a8e451dc4d9636be350	biorxiv:ab05f819-6c04-1014-81aa-9646e853264a	early b cell progenitor	early B cell progenitor	5	26	0.8	0	
profile:fc511725b661657830ef	biorxiv:ab05f819-6c04-1014-81aa-9646e853264a	exhausted cd8 t cell	exhausted CD8+ T cell	5	26	0.8	3	0.4666666666666666
profile:ed94e73b693af5194774	biorxiv:ab05f819-6c04-1014-81aa-9646e853264a	monocyte	monocyte	3	26	0.3333333333333333	35	0.11428571428571428
profile:6a16f00a605ec12c983e	biorxiv:ab05f819-6c04-1014-81aa-9646e853264a	myeloid cell	myeloid cell	3	26	0.6666666666666666	11	0.0
profile:dcd1158be95833b7cd24	biorxiv:ab05f819-6c04-1014-81aa-9646e853264a	myeloid dendritic cell	myeloid dendritic cell	4	26	0.25	1	0.0
profile:8ebc8939ebf8705600d1	biorxiv:ab05f819-6c04-1014-81aa-9646e853264a	myeloid progenitor cell	myeloid progenitor cell	4	26	0.75	0	
profile:ecf7a7e5411f04717472	biorxiv:ab05f819-6c04-1014-81aa-9646e853264a	natural killer cell	natural killer cell	4	26	0.5	33	0.10606060606060606
profile:947e60b16770f3e3fea6	biorxiv:ab05f819-6c04-1014-81aa-9646e853264a	plasma b cell	plasma B cell	3	26	0.3333333333333333	2	0.0
profile:175be13101003f555f16	biorxiv:ab05f819-6c04-1014-81aa-9646e853264a	t cell	T cell	6	26	0.5	36	0.125
profile:8ce02dcd9f1846a4cc60	biorxiv:ab05f819-6c04-1014-81aa-9646e853264a	t follicular helper cell	T follicular helper cell	3	26	1.0	6	0.3333333333333333
profile:e87042b21c80594c39a6	biorxiv:ab2a1489-7001-1014-b2bf-f5e47d205c33	cancer associated fibroblast	cancer-associated fibroblast	5	16	1.0	9	0.0
profile:3107db95a792126dd645	biorxiv:ab2a1489-7001-1014-b2bf-f5e47d205c33	catagen hair follicle cell	catagen hair follicle cell	4	16	1.0	0	
profile:88582f94a34b1846a207	biorxiv:ab2a1489-7001-1014-b2bf-f5e47d205c33	dermal papilla cell	dermal papilla cell	4	16	1.0	0	
profile:bf081fe8497accb3c905	biorxiv:ab2a1489-7001-1014-b2bf-f5e47d205c33	merkel cell	Merkel cell	3	16	1.0	0	
profile:37c6b8cf43d52e39ee74	biorxiv:acd52af7-6c95-1014-8d0b-873ff14c4a57	mature oligodendrocyte	mature oligodendrocyte	14	7	0.8571428571428571	2	0.17857142857142858
profile:f68441f1286bc26e6ce6	biorxiv:acd52af7-6c95-1014-8d0b-873ff14c4a57	mature oligodendrocyte subpopulation cluster 1	mature oligodendrocyte subpopulation cluster 1	3	7	1.0	0	
profile:4e0e73dc933c0603f480	biorxiv:acd52af7-6c95-1014-8d0b-873ff14c4a57	newly formed oligodendrocyte	newly formed oligodendrocyte	3	7	1.0	0	
profile:ce93d7989db500ac4e50	biorxiv:acd52af7-6c95-1014-8d0b-873ff14c4a57	oligodendrocyte progenitor cell	oligodendrocyte progenitor cell	5	7	1.0	2	0.1
profile:84d12a57e6f326f0ae58	biorxiv:ae5f009e-6d7a-1014-8ed6-cd1c0d2e0ada	cd4 t cell	CD4+ T cell	7	8	0.14285714285714285	9	0.031746031746031744
profile:95d91c0723fb08151998	biorxiv:ae5f009e-6d7a-1014-8ed6-cd1c0d2e0ada	cd8 t cell	CD8+ T cell	9	8	0.1111111111111111	11	0.020202020202020204
profile:d1116820afe5aa47e76b	biorxiv:ae5f009e-6d7a-1014-8ed6-cd1c0d2e0ada	cerebrospinal fluid cd8 t cell	cerebrospinal fluid CD8+ T cell	10	8	0.2	0	
profile:fae2cfc96127955bbe79	biorxiv:ae5f009e-6d7a-1014-8ed6-cd1c0d2e0ada	cerebrospinal fluid unexpanded t cell	cerebrospinal fluid-unexpanded T cell	6	8	0.8333333333333334	0	
profile:47748e09b7a6b731a83f	biorxiv:ae5f009e-6d7a-1014-8ed6-cd1c0d2e0ada	cytotoxic effector cd8 t cell	cytotoxic effector CD8+ T cell	12	8	0.16666666666666666	0	
profile:7cc8ef3ed0e576fbfcc8	biorxiv:ae5f009e-6d7a-1014-8ed6-cd1c0d2e0ada	highly cerebrospinal fluid expanded cd4 t cell	highly cerebrospinal fluid-expanded CD4+ T cell	13	8	0.0	0	
profile:2189651d9569f8ed0884	biorxiv:ae5f009e-6d7a-1014-8ed6-cd1c0d2e0ada	highly cerebrospinal fluid expanded cd8 t cell	highly cerebrospinal fluid-expanded CD8+ T cell	13	8	0.0	0	
profile:05f9b24626a9a078e357	biorxiv:ae5f009e-6d7a-1014-8ed6-cd1c0d2e0ada	highly expanded cerebrospinal fluid t cell	highly expanded cerebrospinal fluid T cell	11	8	0.18181818181818182	0	
profile:011bbd87fe14f16ab9b4	biorxiv:b01f00d1-6e6e-1014-8e4a-e846f4b1debe	cluster 1 fibroblast	Cluster-1 fibroblast	13	4	1.0	0	
profile:159826b1ebb4c7325d19	biorxiv:b01f00d1-6e6e-1014-8e4a-e846f4b1debe	cluster 2 fibroblast	Cluster-2 fibroblast	3	4	1.0	0	
profile:b3348481954e6751bc86	biorxiv:b01f00d1-6e6e-1014-8e4a-e846f4b1debe	cluster 4 fibroblast	Cluster-4 fibroblast	6	4	1.0	0	
profile:afc5125644e5c6b7594a	biorxiv:b01f00d1-6e6e-1014-8e4a-e846f4b1debe	myofibroblast	myofibroblast	14	4	1.0	16	0.10267857142857142
profile:e045605382e394e9e690	biorxiv:b3e65ef0-6e38-1014-8f8f-a6ec49a73092	cd8 t cell	CD8+ T cell	3	12	0.6666666666666666	11	0.0
profile:c28c054ffa9cca8a1c49	biorxiv:b3e65ef0-6e38-1014-8f8f-a6ec49a73092	conventional dendritic cell type 2	conventional dendritic cell type 2	3	12	0.0	5	0.0
profile:c3505bdb41d6b3705647	biorxiv:b3e65ef0-6e38-1014-8f8f-a6ec49a73092	macrophage	macrophage	3	12	0.0	42	0.0
profile:973a5587c937e939bdb7	biorxiv:b3e65ef0-6e38-1014-8f8f-a6ec49a73092	monocyte	monocyte	4	12	0.25	35	0.03571428571428571
profile:f75528578282f92e2707	biorxiv:b3e65ef0-6e38-1014-8f8f-a6ec49a73092	monocyte macrophage	monocyte/macrophage	8	12	0.75	2	0.0
profile:4c33b85bdb4dbed291b2	biorxiv:b3e65ef0-6e38-1014-8f8f-a6ec49a73092	neutrophil	neutrophil	6	12	0.6666666666666666	10	0.05000000000000001
profile:c386701adb849463a21f	biorxiv:b60c0833-6df2-1014-8865-f92ffff4fcc6	astrocyte	astrocyte	9	10	0.5555555555555556	14	0.12698412698412698
profile:80fff08a1866d845d46d	biorxiv:b60c0833-6df2-1014-8865-f92ffff4fcc6	endothelial cell	endothelial cell	18	10	0.8333333333333334	51	0.06753812636165578
profile:7e0cc3015a1f50fba1c2	biorxiv:b60c0833-6df2-1014-8865-f92ffff4fcc6	ependymal cell	ependymal cell	8	10	0.625	1	0.0
profile:e3e35053b3dc0976dd0b	biorxiv:b60c0833-6df2-1014-8865-f92ffff4fcc6	excitatory neuron	excitatory neuron	13	10	0.23076923076923078	8	0.057692307692307696
profile:da6c262252abcbbdc12e	biorxiv:b60c0833-6df2-1014-8865-f92ffff4fcc6	inhibitory neuron	inhibitory neuron	8	10	0.25	5	0.15
profile:1629095dda3ea7264c31	biorxiv:b60c0833-6df2-1014-8865-f92ffff4fcc6	microglia	microglia	16	10	0.75	16	0.03515625
profile:7558af64ffcdc9d597bd	biorxiv:b60c0833-6df2-1014-8865-f92ffff4fcc6	neuron	neuron	9	10	0.0	7	0.0
profile:a8c778c9794b7d7b1a8b	biorxiv:b60c0833-6df2-1014-8865-f92ffff4fcc6	oligodendrocyte	oligodendrocyte	5	10	1.0	16	0.4125
profile:6b689803f70d9ff1ca91	biorxiv:b60c0833-6df2-1014-8865-f92ffff4fcc6	oligodendrocyte precursor cell	oligodendrocyte precursor cell	8	10	0.375	7	0.21428571428571427
profile:23615f0b006a5c4d8302	biorxiv:b60c0833-6df2-1014-8865-f92ffff4fcc6	t cell	T cell	3	10	1.0	36	0.34259259259259256
profile:1f5cd466baca714b3a3c	biorxiv:b629f2a0-6f39-1014-bcfe-d40330cad081	neuroendocrine like cell	neuroendocrine-like cell	5	7	0.6	0	
profile:02ac3cd59eff0b7d5e33	biorxiv:b629f2a0-6f39-1014-bcfe-d40330cad081	stem like cell	stem-like cell	7	7	0.8571428571428571	1	0.0
profile:25492f3b622420ddd107	biorxiv:b629f2a0-6f39-1014-bcfe-d40330cad081	stem like progenitor cell	stem-like/progenitor cell	3	7	0.0	0	
profile:474df96ffc394dc13a7b	biorxiv:b629f2a0-6f39-1014-bcfe-d40330cad081	stem progenitor cell	stem/progenitor cell	4	7	0.0	0	
profile:17381c26b586c3d6a535	biorxiv:b71d9b5e-6f1d-1014-9408-ec8c7da502b4	t cell	T cell	4	5	0.25	36	0.06944444444444445
profile:625eaaf5ff9a8e445ed7	biorxiv:b7d0eaf3-6f9e-1014-bc01-ef7867d59c7e	best4 cancer cell	BEST4 cancer cell	3	32	1.0	0	
profile:737e9b03c3e8c9e93cfb	biorxiv:b7d0eaf3-6f9e-1014-bc01-ef7867d59c7e	colonocyte like cancer cell	colonocyte-like cancer cell	4	32	1.0	0	
profile:010220dc87ecce747618	biorxiv:b7d0eaf3-6f9e-1014-bc01-ef7867d59c7e	goblet like cancer cell	goblet-like cancer cell	4	32	1.0	0	
profile:a2c5e09a04dee86ced3e	biorxiv:b7d0eaf3-6f9e-1014-bc01-ef7867d59c7e	highly mitotic proliferative cancer cell	highly mitotic/proliferative cancer cell	3	32	0.0	0	
profile:0108b42e3f68eb80658b	biorxiv:b7d0eaf3-6f9e-1014-bc01-ef7867d59c7e	transit amplifying like cancer cell	transit-amplifying-like cancer cell	5	32	0.8	0	
profile:247e0e0825b9bd52d69c	biorxiv:b7d0eaf3-6f9e-1014-bc01-ef7867d59c7e	tumor associated neutrophil	tumor-associated neutrophil	3	32	1.0	0	
profile:397a11985e876205fe0a	biorxiv:b88cbe76-6c0b-1014-a018-e498be98267a	m1 macrophage	M1 macrophage	5	5	1.0	1	0.0
profile:bd2b83b81679c0fd76d2	biorxiv:b88cbe76-6c0b-1014-a018-e498be98267a	m2a macrophage	M2a macrophage	3	5	0.3333333333333333	0	
profile:dc6f95c6d0bd5edc226c	biorxiv:b88cbe76-6c0b-1014-a018-e498be98267a	macrophage	macrophage	3	5	1.0	42	0.10317460317460318
profile:d82498655ef5a050ea56	biorxiv:b88cbe76-6c0b-1014-a018-e498be98267a	tumor cell	tumor cell	6	5	1.0	2	0.16666666666666666
profile:a0dcee00dd637e4a8b6c	biorxiv:b9f9eea1-7c5b-1014-87f0-cbc500249f07	dendritic cell	dendritic cell	3	3	1.0	11	0.0
profile:cc3e74de3e411c92e751	biorxiv:b9f9eea1-7c5b-1014-87f0-cbc500249f07	macrophage	macrophage	3	3	1.0	42	0.0
profile:8e5eb8410637c79eb93f	biorxiv:ba2fe3cc-7145-1014-8950-ece91a9c7114	t cell	T cell	3	0		36	0.25
profile:87adb1b9a03b7425d7e1	biorxiv:bb90a40e-70a1-1014-887a-db6e99ca95cb	acinar cell	acinar cell	4	10	1.0	6	0.0
profile:038161bda5f51da0cba1	biorxiv:bb90a40e-70a1-1014-887a-db6e99ca95cb	cd8 t cell	CD8 T cell	3	10	0.6666666666666666	11	0.0
profile:e9b8e1c41a7ce93ad933	biorxiv:bb90a40e-70a1-1014-887a-db6e99ca95cb	immune cell	immune cell	4	10	1.0	12	0.0
profile:166f5311d60ecea486aa	biorxiv:bb90a40e-70a1-1014-887a-db6e99ca95cb	other unclassified cell	other unclassified cell	3	10	0.6666666666666666	0	
profile:fe51beffd6da2d93363c	biorxiv:bc260922-6c47-1014-a865-fe4e19bf3ea8	basal cell	basal cell	3	20	0.6666666666666666	11	0.39393939393939387
profile:ad54da900d6bd95093c5	biorxiv:bc260922-6c47-1014-a865-fe4e19bf3ea8	basal2	Basal2	3	20	1.0	0	
profile:406d027b6f7ded941ee3	biorxiv:bc260922-6c47-1014-a865-fe4e19bf3ea8	follicular cell	follicular cell	3	20	0.6666666666666666	0	
profile:b3652fa3ff306df56fac	biorxiv:bc260922-6c47-1014-a865-fe4e19bf3ea8	follicular2	Follicular2	3	20	0.6666666666666666	0	
profile:c2d1be1d25c9590a6ba4	biorxiv:bc260922-6c47-1014-a865-fe4e19bf3ea8	langerhans cell	Langerhans cell	3	20	1.0	3	0.3333333333333333
profile:4236e69300b6fe439699	biorxiv:bc260922-6c47-1014-a865-fe4e19bf3ea8	spinous2	Spinous2	4	20	1.0	0	
profile:642e036c704b63838cb8	biorxiv:bc60e3db-6f3b-1014-9d48-bca06f1504df	dedifferentiated acinar cell	dedifferentiated acinar cell	9	1	0.7777777777777778	0	
profile:7e7960c69b4ca10c86dd	biorxiv:bc60e3db-6f3b-1014-9d48-bca06f1504df	duct cell	duct cell	8	1	0.75	0	
profile:302db2c02c247dc381d9	biorxiv:bd0ff218-6c18-1014-ac36-a01faa0bb6b7	cd4 derived double positive t cell	CD4-derived double-positive T cell	3	2	0.6666666666666666	0	
profile:2478c5125d45153272e0	biorxiv:bd0ff218-6c18-1014-ac36-a01faa0bb6b7	cd8 derived double positive t cell	CD8-derived double-positive T cell	3	2	0.6666666666666666	0	
profile:9925587936b6fc2c600f	biorxiv:bd0ff218-6c18-1014-ac36-a01faa0bb6b7	double positive t cell	double-positive T cell	22	2	1.0	0	
profile:ccadb1ad85856eabdcaf	biorxiv:c245f005-7ab6-1014-adbd-b49bd8bfffbc	astrocyte	astrocyte	3	11	1.0	14	0.2619047619047619
profile:bbdfcbea185438527d38	biorxiv:c245f005-7ab6-1014-adbd-b49bd8bfffbc	cardiomyocyte	cardiomyocyte	8	11	1.0	9	0.15277777777777776
profile:60bc6bcc661da47d0125	biorxiv:c245f005-7ab6-1014-adbd-b49bd8bfffbc	cd8 positive t cell	CD8-positive T cell	3	11	1.0	7	0.3333333333333333
profile:7be32c79d2c1bed26f9f	biorxiv:c245f005-7ab6-1014-adbd-b49bd8bfffbc	monocyte	monocyte	3	11	1.0	35	0.24761904761904763
profile:48fa55093dcd7dca2579	biorxiv:c245f005-7ab6-1014-adbd-b49bd8bfffbc	neuron	neuron	4	11	1.0	7	0.17857142857142855
profile:f906c918dae6d0194ed4	biorxiv:c245f005-7ab6-1014-adbd-b49bd8bfffbc	oligodendrocyte	oligodendrocyte	4	11	1.0	16	0.328125
profile:b0d25ea410708a1ddd2c	biorxiv:c245f005-7ab6-1014-adbd-b49bd8bfffbc	t cell	T cell	3	11	1.0	36	0.3611111111111111
profile:1805159a75ea3be906d2	biorxiv:c3556304-707d-1014-b47e-8d7767eb41eb	cd8 positive t cell	CD8-positive T cell	3	4	1.0	7	0.3333333333333333
profile:3df4afe307cec2f9de40	biorxiv:c401ab09-6e64-1014-b937-b2bead7f53ae	cone photoreceptor	cone photoreceptor	3	7	1.0	2	0.6666666666666666
profile:5a4dccd5a15cbc12cb45	biorxiv:c401ab09-6e64-1014-b937-b2bead7f53ae	müller glia	Müller glia	4	7	1.0	4	0.1875
profile:4774ff14171560a867f1	biorxiv:c401ab09-6e64-1014-b937-b2bead7f53ae	retinal pigment epithelium cell	retinal pigment epithelium cell	3	7	1.0	4	0.5
profile:53d7a963462d3b38c6d8	biorxiv:c401ab09-6e64-1014-b937-b2bead7f53ae	rod photoreceptor	rod photoreceptor	4	7	1.0	2	0.125
profile:17802e9ab49b6c00fcd7	biorxiv:c55f45c7-7001-1014-966f-865cda24634e	col6a6 positive fibroblast	COL6A6-positive fibroblast	7	6	0.42857142857142855	0	
profile:9fbba7987a1ed7c5c709	biorxiv:c55f45c7-7001-1014-966f-865cda24634e	f2rl2 positive fibroblast	F2RL2-positive fibroblast	10	6	0.7	0	
profile:3bf19e01a7d16c5ac4d4	biorxiv:c55f45c7-7001-1014-966f-865cda24634e	fibroblast	fibroblast	3	6	0.6666666666666666	49	0.0
profile:9b7f0af104d6ccac50a4	biorxiv:c55f45c7-7001-1014-966f-865cda24634e	mab21l1 positive fibroblast	MAB21L1-positive fibroblast	5	6	0.8	0	
profile:27251fe20ad1382acc61	biorxiv:c6b2e62c-6bf8-1014-b389-a9824584e0b5	astrocyte	astrocyte	5	4	1.0	14	0.02857142857142857
profile:215b9b95cde307271e79	biorxiv:c6b2e62c-6bf8-1014-b389-a9824584e0b5	neuron	neuron	4	4	1.0	7	0.10714285714285714
profile:067a021567920d24f46f	biorxiv:c6b2e62c-6bf8-1014-b389-a9824584e0b5	oligodendrocyte	oligodendrocyte	4	4	1.0	16	0.15625
profile:14c3e7e23cd089646387	biorxiv:c704e998-6f4b-1014-8cb1-c3d28b577fb8	epithelial cell	epithelial cell	3	2	0.3333333333333333	13	0.05128205128205129
profile:5b38622ccedceff8e3f9	biorxiv:c78d9bda-6cc0-1014-aba5-dba9dd700073	corneal endothelial cell	corneal endothelial cell	5	15	0.4	0	
profile:c9554b92e8b1f9270093	biorxiv:c78d9bda-6cc0-1014-aba5-dba9dd700073	corneal endothelial cell cluster c6	corneal endothelial cell cluster C6	5	15	0.4	0	
profile:a0429126b8f998858458	biorxiv:c78d9bda-6cc0-1014-aba5-dba9dd700073	epithelial cell	epithelial cell	3	15	1.0	13	0.07692307692307693
profile:5d9b4dfc23de9d07796c	biorxiv:c78d9bda-6cc0-1014-aba5-dba9dd700073	fibrotic corneal endothelial cell	fibrotic corneal endothelial cell	3	15	0.0	0	
profile:688eb180707bba18d088	biorxiv:c78d9bda-6cc0-1014-aba5-dba9dd700073	fibrotic corneal endothelial cell cluster c5	fibrotic corneal endothelial cell cluster C5	7	15	0.14285714285714285	0	
profile:5ff954cc4cc08f940a37	biorxiv:c78d9bda-6cc0-1014-aba5-dba9dd700073	good quality corneal endothelial cell	good quality corneal endothelial cell	3	15	0.0	0	
profile:baa36e3ccf4710225eb8	biorxiv:c78d9bda-6cc0-1014-aba5-dba9dd700073	keratocyte	keratocyte	3	15	1.0	0	
profile:a24ce34a06c2dd703785	biorxiv:c78d9bda-6cc0-1014-aba5-dba9dd700073	low quality corneal endothelial cell	low quality corneal endothelial cell	4	15	0.0	0	
profile:2ec14d0e5fd15e59e39f	biorxiv:c78d9bda-6cc0-1014-aba5-dba9dd700073	lower quality corneal endothelial cell entering senescence and endothelial to mesenchymal transition	lower quality corneal endothelial cell entering senescence and endothelial-to-mesenchymal transition	3	15	0.0	0	
profile:f1fab1e135f21b9c5c52	biorxiv:c78d9bda-6cc0-1014-aba5-dba9dd700073	proliferating corneal endothelial cell	proliferating corneal endothelial cell	3	15	0.0	0	
profile:4e8ae3814c1d997dd2ae	biorxiv:c78d9bda-6cc0-1014-aba5-dba9dd700073	proliferative corneal endothelial cell	proliferative corneal endothelial cell	3	15	0.0	0	
profile:7fc3bf151af381bd0c6e	biorxiv:c78d9bda-6cc0-1014-aba5-dba9dd700073	senescent corneal endothelial cell	senescent corneal endothelial cell	3	15	0.0	0	
profile:9042bcc3e1b74054e3d0	biorxiv:c78d9bda-6cc0-1014-aba5-dba9dd700073	senescent corneal endothelial cell cluster c2	senescent corneal endothelial cell cluster C2	3	15	0.0	0	
profile:57a3afd56a1db85429ef	biorxiv:c78d9bda-6cc0-1014-aba5-dba9dd700073	senescent corneal endothelial cell cluster c4	senescent corneal endothelial cell cluster C4	9	15	0.4444444444444444	0	
profile:a70def009c6632d4c130	biorxiv:c78d9bda-6cc0-1014-aba5-dba9dd700073	therapy grade corneal endothelial cell	therapy-grade corneal endothelial cell	8	15	0.125	0	
profile:8c011a87573fc260f785	biorxiv:c8264099-6fc3-1014-9d27-9ae05a0c1d33	monocytic myeloid derived suppressor cell	monocytic myeloid-derived suppressor cell	3	2	1.0	0	
profile:24f90c90c9d7a9d4bdfb	biorxiv:c8264099-6fc3-1014-9d27-9ae05a0c1d33	t cell	T cell	3	2	1.0	36	0.10185185185185186
profile:2dbbadea2f8ebf071b17	biorxiv:c94927bb-7bec-1014-9cd8-fedd121e156b	beta cell	beta cell	6	2	0.5	15	0.0
profile:2fb62ea84717b2bb64d4	biorxiv:c94927bb-7bec-1014-9cd8-fedd121e156b	fibro adipogenic progenitor	fibro-adipogenic progenitor	3	2	1.0	0	
profile:88a4e0be7d341f8592b4	biorxiv:c94927bb-7bec-1014-9cd8-fedd121e156b	microglia	microglia	7	2	0.5714285714285714	16	0.0
profile:f2b7a991160185e6cb59	biorxiv:ca1bf343-7250-1014-ba36-aacb127d711a	natural killer cell	natural killer cell	5	4	0.6	33	0.10909090909090909
profile:b4ea860c6649b74069a4	biorxiv:ca1bf343-7250-1014-ba36-aacb127d711a	regulatory natural killer cell	regulatory natural killer cell	4	4	0.25	0	
profile:b995a48b23865ecab344	biorxiv:caef9c14-6e13-1014-bca1-ba3172fec7b3	antigen presentation cell	Antigen Presentation cell	3	5	1.0	0	
profile:4ae3a193f703df377ba8	biorxiv:caef9c14-6e13-1014-bca1-ba3172fec7b3	interferon alpha beta response cell	Interferon Alpha/Beta Response cell	3	5	1.0	0	
profile:2c2424b535ffa68bdc5d	biorxiv:caef9c14-6e13-1014-bca1-ba3172fec7b3	mesenchymal like cell	Mesenchymal-like cell	7	5	1.0	1	0.0
profile:9170ea24e32479cafc18	biorxiv:cc41b42e-6c00-1014-9887-9bb7d49b64ad	syncytiotrophoblast	syncytiotrophoblast	8	4	1.0	2	0.1875
profile:884dd32a837f7d4fef7a	biorxiv:cc41b42e-6c00-1014-9887-9bb7d49b64ad	trophectoderm cell	trophectoderm cell	8	4	1.0	0	
profile:6fef9883055e1bb411fd	biorxiv:cf0d429c-6c7f-1014-a5a8-f09b6915373d	alveolar type i pneumocyte	alveolar type I pneumocyte	3	19	1.0	0	
profile:3ee6bfba4af6ae36af51	biorxiv:cf0d429c-6c7f-1014-a5a8-f09b6915373d	alveolar type ii pneumocyte	alveolar type II pneumocyte	3	19	1.0	0	
profile:7d3431413e6e45b4ecf8	biorxiv:cf0d429c-6c7f-1014-a5a8-f09b6915373d	b cell	B cell	3	19	1.0	30	0.24444444444444444
profile:314c8a1734c11ab53c0e	biorxiv:cf0d429c-6c7f-1014-a5a8-f09b6915373d	basal cell	basal cell	3	19	0.6666666666666666	11	0.5454545454545454
profile:3f354d835127768edc55	biorxiv:cf0d429c-6c7f-1014-a5a8-f09b6915373d	cycling cell	cycling cell	3	19	1.0	2	0.6666666666666666
profile:5fc49aa50e092b2c863c	biorxiv:cf0d429c-6c7f-1014-a5a8-f09b6915373d	deuterosomal cell	deuterosomal cell	3	19	1.0	1	1.0
profile:f037276b6990b891b3eb	biorxiv:cf0d429c-6c7f-1014-a5a8-f09b6915373d	ionocyte	ionocyte	4	19	1.0	2	0.5
profile:60a5fd2950bedce49851	biorxiv:cf0d429c-6c7f-1014-a5a8-f09b6915373d	multiciliated cell	multiciliated cell	3	19	1.0	2	0.16666666666666666
profile:b7b76346c3e2fb66b6d1	biorxiv:cf0d429c-6c7f-1014-a5a8-f09b6915373d	pericyte	pericyte	5	19	1.0	29	0.18620689655172412
profile:fc47c793bb1f85e4d310	biorxiv:cf0d429c-6c7f-1014-a5a8-f09b6915373d	pulmonary neuroendocrine cell	pulmonary neuroendocrine cell	6	19	1.0	1	0.16666666666666666
profile:cae1dd3489434e7f7f3b	biorxiv:cf0d429c-6c7f-1014-a5a8-f09b6915373d	serous cell	serous cell	3	19	1.0	0	
profile:c21a75ca7d84f93bf07e	biorxiv:cf0d429c-6c7f-1014-a5a8-f09b6915373d	suprabasal cell	suprabasal cell	3	19	0.6666666666666666	2	0.16666666666666666
profile:00b8c4082259c141fb10	biorxiv:cf0d429c-6c7f-1014-a5a8-f09b6915373d	undefined rare cell	undefined rare cell	3	19	1.0	0	
profile:0705a414eb6f0ac44d10	biorxiv:cfb3ce40-7a31-1014-ae9e-8efc9660d536	cardiomyocyte	cardiomyocyte	4	5	0.0	9	0.0
profile:bc83d5a3abb1d478e4d2	biorxiv:cfb3ce40-7a31-1014-ae9e-8efc9660d536	trabecular myocardium cardiomyocyte	trabecular myocardium cardiomyocyte	5	5	0.2	0	
profile:71222bcbd21bf78ae897	biorxiv:cfb3ce40-7a31-1014-ae9e-8efc9660d536	ventricular conduction system cell	ventricular conduction system cell	6	5	0.0	0	
profile:58afae84bc080b3beba3	biorxiv:d00e7bca-700f-1014-91f0-ae4c53ddfbf4	neuroendocrine prostate cancer	neuroendocrine prostate cancer	7	3	0.8571428571428571	0	
profile:ded95ff40324b7fd14f5	biorxiv:d00e7bca-700f-1014-91f0-ae4c53ddfbf4	prostate adenocarcinoma	prostate adenocarcinoma	5	3	0.6	0	
profile:94a9697c8a747e60fde9	biorxiv:d138bac9-6d67-1014-914f-c022dd616f62	disease associated microglia	disease-associated microglia	7	1	0.0	1	0.2857142857142857
profile:78a940f96428891c894e	biorxiv:d138bac9-6d67-1014-914f-c022dd616f62	microglia derived tumor associated macrophage	microglia-derived tumor-associated macrophage	7	1	0.0	0	
profile:ba38c746942e91b84db7	biorxiv:d2042444-7138-1014-94ac-a1f590fd3173	bile duct cell	bile duct cell	3	22	0.3333333333333333	0	
profile:b6bfa75b736e2b169c54	biorxiv:d2042444-7138-1014-94ac-a1f590fd3173	cd3e macrophage	CD3E+ macrophage	7	22	0.5714285714285714	0	
profile:a25a494967d381e7d05c	biorxiv:d2042444-7138-1014-94ac-a1f590fd3173	cd8 proliferating t cell	CD8+ proliferating T cell	4	22	0.75	0	
profile:438fc5bc835c9f11be42	biorxiv:d2042444-7138-1014-94ac-a1f590fd3173	conventional dendritic cell type 1	conventional dendritic cell type 1	3	22	1.0	7	0.7619047619047619
profile:14357cd57352366450fe	biorxiv:d2042444-7138-1014-94ac-a1f590fd3173	conventional dendritic cell type 2	conventional dendritic cell type 2	3	22	1.0	5	0.19999999999999998
profile:a8c65871255bc2eb1f5f	biorxiv:d2042444-7138-1014-94ac-a1f590fd3173	endothelial cell	endothelial cell	3	22	1.0	51	0.21568627450980393
profile:d78d326b2261e5c469df	biorxiv:d2042444-7138-1014-94ac-a1f590fd3173	folr2 macrophage	FOLR2+ macrophage	4	22	0.75	0	
profile:f7522a1c65a21e121cac	biorxiv:d2042444-7138-1014-94ac-a1f590fd3173	hepatocyte	hepatocyte	3	22	1.0	3	0.1111111111111111
profile:e40bcc0e446c9ba44bc4	biorxiv:d2042444-7138-1014-94ac-a1f590fd3173	ifi30 macrophage	IFI30+ macrophage	3	22	1.0	0	
profile:2547b7ccd2bd136aff09	biorxiv:d2042444-7138-1014-94ac-a1f590fd3173	krts macrophage	KRTs+ macrophage	3	22	0.6666666666666666	0	
profile:653030855d20d60f3337	biorxiv:d2042444-7138-1014-94ac-a1f590fd3173	monocyte	monocyte	3	22	0.3333333333333333	35	0.29523809523809524
profile:a24b69dfe459b49188b1	biorxiv:d2042444-7138-1014-94ac-a1f590fd3173	plasma cell	plasma cell	3	22	1.0	22	0.21212121212121213
profile:fd37b8a6be032f35e7ba	biorxiv:d2042444-7138-1014-94ac-a1f590fd3173	regulatory t cell	regulatory T cell	5	22	0.8	21	0.43809523809523804
profile:64d9c3bb4ec0dba8259b	biorxiv:d249a77b-6c97-1014-8df4-e171a53e6bf0	cd1c high dendritic cell	CD1c-high dendritic cell	5	4	1.0	0	
profile:333b96943b4aa42fb197	biorxiv:d249a77b-6c97-1014-8df4-e171a53e6bf0	cd38 cd8 effector t cell	CD38++ CD8+ effector T cell	9	4	1.0	0	
profile:cc05dbea65e6dfea0d3b	biorxiv:d249a77b-6c97-1014-8df4-e171a53e6bf0	cd8 terminally differentiated effector memory t cell re expressing cd45ra	CD8+ terminally differentiated effector memory T cell re-expressing CD45RA	9	4	1.0	0	
profile:c319f09d1c311bea47b9	biorxiv:d249a77b-6c97-1014-8df4-e171a53e6bf0	classical monocyte	classical monocyte	4	4	1.0	9	0.0
profile:a2499af89025f26002a6	biorxiv:d30d2651-6c1b-1014-8313-dcecc093f4ce	gabaergic interneuron	GABAergic interneuron	3	3	1.0	0	
profile:149c37fca801fcf4ad12	biorxiv:d5d99202-6f97-1014-84ab-c6b2cf40b34b	choroid plexus cell	choroid plexus cell	4	12	0.75	0	
profile:9143030bdcfc286d410a	biorxiv:d830f4b7-6ce4-1014-9599-d1774896c1b2	profibrogenic macrophage	profibrogenic macrophage	5	4	1.0	0	
profile:984a1114dbfda63bf269	biorxiv:d8ee72e2-7047-1014-a159-a9ef37bce7a4	b cell or plasmablast	B cell or plasmablast	4	16	0.75	0	
profile:52cc4d063414dac96156	biorxiv:d8ee72e2-7047-1014-a159-a9ef37bce7a4	endothelial cell	endothelial cell	4	16	1.0	51	0.1568627450980392
profile:20a04c5343733ad266fb	biorxiv:d8ee72e2-7047-1014-a159-a9ef37bce7a4	epithelial cell	epithelial cell	3	16	1.0	13	0.0
profile:4f6ca92c0e820ba5952a	biorxiv:d8ee72e2-7047-1014-a159-a9ef37bce7a4	fibroblast col1a1	fibroblast (COL1A1)	3	16	0.0	0	
profile:b0f788072b3461a58761	biorxiv:d8ee72e2-7047-1014-a159-a9ef37bce7a4	fibroblast dpt	fibroblast (DPT)	3	16	0.6666666666666666	0	
profile:015ae390d4fd42b43285	biorxiv:d8ee72e2-7047-1014-a159-a9ef37bce7a4	fibroblast fn1	fibroblast (FN1)	5	16	0.4	0	
profile:f91a08ec17740992ddec	biorxiv:d8ee72e2-7047-1014-a159-a9ef37bce7a4	fibroblast star	fibroblast (STAR)	3	16	0.6666666666666666	0	
profile:f7227feba7506557bee6	biorxiv:d8ee72e2-7047-1014-a159-a9ef37bce7a4	macrophage	macrophage	4	16	1.0	42	0.11904761904761904
profile:2d901bb121abebc5b3f3	biorxiv:d8ee72e2-7047-1014-a159-a9ef37bce7a4	mesothelial cell	mesothelial cell	4	16	1.0	5	0.15
profile:4a0d34220998cb0cdfac	biorxiv:d8ee72e2-7047-1014-a159-a9ef37bce7a4	plasmacytoid dendritic cell	plasmacytoid dendritic cell	3	16	1.0	14	0.11904761904761905
profile:23d685fb099f0411ba3a	biorxiv:d95d7dc6-6c35-1014-b1f0-b4af8a20948e	intestinal stem cell	intestinal stem cell	4	5	0.25	7	0.5357142857142857
profile:991ace97f8c2b3c992c4	biorxiv:d95d7dc6-6c35-1014-b1f0-b4af8a20948e	lgr5 positive adenoma cell	LGR5-positive adenoma cell	5	5	0.6	0	
profile:eb1fcef0747fc20c0d4b	biorxiv:d95eb71e-714d-1014-9dc7-c3da2c2efb45	adrenergic neuroblastoma cell	adrenergic neuroblastoma cell	3	6	0.6666666666666666	0	
profile:435f83506f9d935cf4a0	biorxiv:d95eb71e-714d-1014-9dc7-c3da2c2efb45	bone marrow disseminated tumor cell	bone marrow-disseminated tumor cell	3	6	1.0	0	
profile:d29f5c9a82b0e6c81f69	biorxiv:d95eb71e-714d-1014-9dc7-c3da2c2efb45	gd2 low disseminated tumor cell	GD2-low disseminated tumor cell	4	6	0.75	0	
profile:2ce10119b423ad3c8507	biorxiv:d95eb71e-714d-1014-9dc7-c3da2c2efb45	neuroblastoma tumor cell	neuroblastoma tumor cell	3	6	0.6666666666666666	0	
profile:5a7d3013fcc956da7a8f	biorxiv:db8af155-6c8b-1014-b5f3-cedb7b3b1723	mast cell	mast cell	3	1	1.0	19	0.47368421052631576
profile:b24b8d193322af0eb8ba	biorxiv:dbf486c9-6c54-1014-9bc5-bf4d8f303013	b lymphocyte	B lymphocyte	3	9	0.0	1	0.0
profile:1d3f56f6f818d3aed8bc	biorxiv:dbf486c9-6c54-1014-9bc5-bf4d8f303013	dendritic cell	dendritic cell	3	9	0.0	11	0.0
profile:9f47e8d43112fe35f1fa	biorxiv:dbf486c9-6c54-1014-9bc5-bf4d8f303013	granulocyte	granulocyte	4	9	0.0	3	0.0
profile:9fd556b9ba959627a9ae	biorxiv:dbf486c9-6c54-1014-9bc5-bf4d8f303013	monocyte	monocyte	4	9	0.0	35	0.0
profile:c3a5cc3c6db1ec430081	biorxiv:dbf486c9-6c54-1014-9bc5-bf4d8f303013	natural killer cell	natural killer cell	3	9	0.0	33	0.0
profile:d79b34d35ad28fe76d54	biorxiv:dbf486c9-6c54-1014-9bc5-bf4d8f303013	t lymphocyte	T lymphocyte	3	9	0.0	1	0.0
profile:ade90dcc6bac3579850c	biorxiv:dd32f357-70c5-1014-bad0-ccf1b5b647f4	hematopoietic stem cell	hematopoietic stem cell	3	11	0.3333333333333333	5	0.06666666666666667
profile:021cd06a8d88ad74a7ba	biorxiv:dd32f357-70c5-1014-bad0-ccf1b5b647f4	megakaryocytic progenitor	megakaryocytic progenitor	3	11	0.6666666666666666	0	
profile:56492b7b89ee522ade1e	biorxiv:dd32f357-70c5-1014-bad0-ccf1b5b647f4	multipotent progenitor	multipotent progenitor	3	11	0.0	0	
profile:d01672dc6c0a681eaa08	biorxiv:dd32f357-70c5-1014-bad0-ccf1b5b647f4	myeloid progenitor	myeloid progenitor	3	11	1.0	1	0.0
profile:79bb4bed1c8024b3888d	biorxiv:dd32f357-70c5-1014-bad0-ccf1b5b647f4	t progenitor	T progenitor	4	11	0.5	0	
profile:96d0db5c57e738b851cb	biorxiv:dd32f357-70c5-1014-bad0-ccf1b5b647f4	thymus seeding progenitor	thymus-seeding progenitor	3	11	1.0	0	
profile:e2f3156e0aadd8c6b690	biorxiv:de5904ff-71b0-1014-b1f7-fe7935302eab	exhausted t cell	exhausted T cell	3	6	0.0	4	0.3333333333333333
profile:034576ee91c0a05cad7f	biorxiv:de5904ff-71b0-1014-b1f7-fe7935302eab	partially exhausted t cell	partially exhausted T cell	3	6	0.6666666666666666	0	
profile:21c65121873762d37f48	biorxiv:de6d33dd-734f-1014-a302-e21bedf0ba65	cd28 hinge domain specific cd4 chimeric antigen receptor t cell	CD28-hinge domain-specific CD4+ chimeric antigen receptor T cell	4	5	1.0	0	
profile:af114731ed7959d93a44	biorxiv:de6d33dd-734f-1014-a302-e21bedf0ba65	cd4 monocyte	CD4+ monocyte	4	5	1.0	0	
profile:8a5a824b72f9ba1326c7	biorxiv:de6d33dd-734f-1014-a302-e21bedf0ba65	exhaustion like cd8 chimeric antigen receptor t cell	exhaustion-like CD8+ chimeric antigen receptor T cell	5	5	1.0	0	
profile:cadbdad8da86dccc9331	biorxiv:e23331bf-7510-1014-82e6-fe697c7128c1	induced pluripotent stem cell	induced pluripotent stem cell	3	0		3	0.6666666666666666
profile:c1c0c93d10bbd7dc1370	biorxiv:e2efdcad-73c4-1014-9c6c-8a89f519fd2d	cytotoxic cd8 t cell	cytotoxic CD8 T cell	5	23	0.8	1	0.4
profile:96ef023c8ef45460818f	biorxiv:e2efdcad-73c4-1014-9c6c-8a89f519fd2d	effector memory cd4 t cell	effector/memory CD4 T cell	4	23	1.0	0	
profile:26cbe1dafd8321c18d89	biorxiv:e2efdcad-73c4-1014-9c6c-8a89f519fd2d	effector memory cd4 t cell cluster cd4 7	effector/memory CD4 T cell cluster CD4.7	7	23	0.5714285714285714	0	
profile:23bd64b9c4535ef564ea	biorxiv:e2efdcad-73c4-1014-9c6c-8a89f519fd2d	exhausted cd4 t cell	exhausted CD4 T cell	6	23	0.0	0	
profile:0d43f39c6892569ffc81	biorxiv:e2efdcad-73c4-1014-9c6c-8a89f519fd2d	exhausted cd8 t cell	exhausted CD8 T cell	11	23	0.09090909090909091	3	0.303030303030303
profile:28d813c22087273ef9cb	biorxiv:e2efdcad-73c4-1014-9c6c-8a89f519fd2d	mature regulatory dendritic cell	mature-regulatory dendritic cell	9	23	0.8888888888888888	0	
profile:b916192097431eba6d23	biorxiv:e2efdcad-73c4-1014-9c6c-8a89f519fd2d	naive regulatory t cell subcluster treg 1	naive regulatory T cell subcluster Treg.1	4	23	0.0	0	
profile:18fae4b5debf13d35cac	biorxiv:e2efdcad-73c4-1014-9c6c-8a89f519fd2d	naive transition cd8 t cell	naive/transition CD8 T cell	5	23	0.0	0	
profile:27f770a14860f42197e3	biorxiv:e2efdcad-73c4-1014-9c6c-8a89f519fd2d	natural killer cell cluster nk 2	natural killer cell cluster NK.2	4	23	0.5	0	
profile:2c8583005168b614fa3e	biorxiv:e2efdcad-73c4-1014-9c6c-8a89f519fd2d	pericyte smooth muscle cell	pericyte/smooth muscle cell	3	23	1.0	1	0.3333333333333333
profile:af2d919ef592f9ee0b96	biorxiv:e2efdcad-73c4-1014-9c6c-8a89f519fd2d	pre exhausted cd8 t cell	pre-exhausted CD8 T cell	8	23	0.375	1	0.125
profile:426c992f39211a147b0a	biorxiv:e2efdcad-73c4-1014-9c6c-8a89f519fd2d	proinflammatory monocyte derived macrophage	proinflammatory monocyte-derived macrophage	3	23	1.0	0	
profile:9b9bcce280787d0d282a	biorxiv:e2efdcad-73c4-1014-9c6c-8a89f519fd2d	regulatory t cell	regulatory T cell	4	23	0.5	21	0.5595238095238095
profile:c0ca3d9f8ec3cf3d7b90	biorxiv:e2efdcad-73c4-1014-9c6c-8a89f519fd2d	suppressive regulatory t cell subcluster treg 2	suppressive regulatory T cell subcluster Treg.2	12	23	0.5	0	
profile:bbb6b71aa68f6598b0e2	biorxiv:e2efdcad-73c4-1014-9c6c-8a89f519fd2d	tissue resident natural killer cell	tissue-resident natural killer cell	4	23	0.0	1	0.5
profile:41b5e02c9a5cf4516795	biorxiv:e2efdcad-73c4-1014-9c6c-8a89f519fd2d	transitioning cd4 t cell	transitioning CD4 T cell	7	23	0.0	0	
profile:689a2fd60b4f64f889cc	biorxiv:e2efdcad-73c4-1014-9c6c-8a89f519fd2d	tumor transition epithelial cell	tumor transition epithelial cell	4	23	1.0	0	
profile:c32384d23c2ef250556c	biorxiv:e2efdcad-73c4-1014-9c6c-8a89f519fd2d	type 2 conventional dendritic cell subcluster cdc2 4	type 2 conventional dendritic cell subcluster cDC2.4	4	23	1.0	0	
profile:fb02bac6293ee24cec52	biorxiv:e3312584-7421-1014-b0a7-823d4471ccf1	cxcl8 positive cancer associated fibroblast	CXCL8-positive cancer-associated fibroblast	3	22	1.0	0	
profile:ae8fb10876a614aa56d6	biorxiv:e3312584-7421-1014-b0a7-823d4471ccf1	cxcl9 positive macrophage	CXCL9-positive macrophage	4	22	0.25	0	
profile:f0b845890a67dadc9d1d	biorxiv:e3312584-7421-1014-b0a7-823d4471ccf1	dysfunctional cd8 t cell	dysfunctional CD8 T cell	4	22	1.0	1	0.5
profile:b1ced58c5fe7b873a3c0	biorxiv:e3312584-7421-1014-b0a7-823d4471ccf1	il1b positive myeloid cell	IL1B-positive myeloid cell	3	22	0.6666666666666666	0	
profile:207af1a66622f1163135	biorxiv:e3312584-7421-1014-b0a7-823d4471ccf1	naïve cd4 t cell	naïve CD4 T cell	5	22	1.0	0	
profile:baed7eba4d56a692ff93	biorxiv:e3312584-7421-1014-b0a7-823d4471ccf1	neutrophil	neutrophil	6	22	1.0	10	0.05000000000000001
profile:3f16923555aa8179b760	biorxiv:e3312584-7421-1014-b0a7-823d4471ccf1	spp1 positive macrophage	SPP1-positive macrophage	4	22	0.25	0	
profile:7e78b70fb7b6d222c908	biorxiv:e3312584-7421-1014-b0a7-823d4471ccf1	suprabasal cell	suprabasal cell	3	22	1.0	2	0.0
profile:cad8b4134c3910532c87	biorxiv:e3c88c7c-7fe3-1014-8c3f-f97dd191bd5b	human pancreatic stellate cell	human pancreatic stellate cell	5	3	1.0	0	
profile:d0add26ee2c41fe457fa	biorxiv:e3c88c7c-7fe3-1014-8c3f-f97dd191bd5b	pancreatic ductal adenocarcinoma cell	pancreatic ductal adenocarcinoma cell	6	3	0.5	0	
profile:ece6ca65b5bed7de79c8	biorxiv:e3c88c7c-7fe3-1014-8c3f-f97dd191bd5b	pancreatic ductal tumor cell	pancreatic ductal tumor cell	4	3	0.25	0	
profile:a78505eb390af6b358c3	biorxiv:e3c9e28c-70c5-1014-9616-aa7d906f9d5d	microglia	microglia	3	3	0.6666666666666666	16	0.0625
profile:64e3df8403c0877aaf6c	biorxiv:e3c9e28c-70c5-1014-9616-aa7d906f9d5d	myeloid cell	myeloid cell	5	3	0.8	11	0.01818181818181818
profile:52c4ca3221ef4d0ecc0c	biorxiv:e41f3b4d-7312-1014-8c3d-9c868a469aab	ccr5 positive pd 1 positive cd4 t cell	CCR5-positive PD-1-positive CD4+ T cell	4	7	0.5	0	
profile:46efc9ac7bacac934327	biorxiv:e41f3b4d-7312-1014-8c3d-9c868a469aab	type 1 regulatory t cell	type 1 regulatory T cell	9	7	0.7777777777777778	0	
profile:64e05258de1d5286be1e	biorxiv:e6391442-6c81-1014-9943-822578d46439	cone	cone	10	1	1.0	0	
profile:f48767441b95639ce9df	biorxiv:e6391442-6c81-1014-9943-822578d46439	neurogenic cell	neurogenic cell	4	1	1.0	1	0.0
profile:2f66a9ebcc0edde2abd6	biorxiv:e69e6aa5-6cf9-1014-aa41-9f7e5b3de6e8	cardiac mesoderm	cardiac mesoderm	8	9	0.75	0	
profile:8e7fd731fd9164fb9eef	biorxiv:e69e6aa5-6cf9-1014-aa41-9f7e5b3de6e8	cardiac mesoderm derived endothelial cell	cardiac mesoderm-derived endothelial cell	11	9	0.5454545454545454	0	
profile:3d2a91d72f4f5fe9d46e	biorxiv:e69e6aa5-6cf9-1014-aa41-9f7e5b3de6e8	cardiomyocyte	cardiomyocyte	7	9	0.7142857142857143	9	0.14285714285714285
profile:fdc71efb41a7db6ab224	biorxiv:e69e6aa5-6cf9-1014-aa41-9f7e5b3de6e8	endocardium	endocardium	7	9	0.5714285714285714	0	
profile:994d28e1515020be3864	biorxiv:e69e6aa5-6cf9-1014-aa41-9f7e5b3de6e8	human pluripotent stem cell derived endothelial cell	human pluripotent stem cell-derived endothelial cell	4	9	0.75	0	
profile:671bbfa08b7cc4881f1c	biorxiv:e69e6aa5-6cf9-1014-aa41-9f7e5b3de6e8	intramyocardial endothelial cell	intramyocardial endothelial cell	9	9	1.0	0	
profile:401eec809305fe5f4e80	biorxiv:e69e6aa5-6cf9-1014-aa41-9f7e5b3de6e8	lateral plate mesoderm sclerotome	lateral plate mesoderm/sclerotome	9	9	0.6666666666666666	0	
profile:972493d44ff27957f976	biorxiv:e69e6aa5-6cf9-1014-aa41-9f7e5b3de6e8	paraxial mesoderm	paraxial mesoderm	8	9	0.875	0	
profile:88728ee8c772bc51c151	biorxiv:e69e6aa5-6cf9-1014-aa41-9f7e5b3de6e8	paraxial mesoderm derived endothelial cell	paraxial mesoderm-derived endothelial cell	13	9	0.5384615384615384	0	
profile:5c354259b1983aeac402	biorxiv:e6e04172-6c15-1014-9229-c57ac33d21f6	b cell	B cell	3	9	1.0	30	0.45555555555555555
profile:118b4f5ab1a1ee3cbdb6	biorxiv:e6e04172-6c15-1014-9229-c57ac33d21f6	monocyte	monocyte	3	9	0.6666666666666666	35	0.26666666666666666
profile:bdc419bb27a0efe102b7	biorxiv:e70d54a8-74bd-1014-b600-d60c5a656b30	cancer stem cell like cells	cancer stem cell-like cells	4	9	0.0	0	
profile:37fe22071640f4f006fb	biorxiv:e70d54a8-74bd-1014-b600-d60c5a656b30	colon epithelial stem cell	colon epithelial stem cell	5	9	0.8	0	
profile:1ac0819292c8ab6ffcca	biorxiv:e70d54a8-74bd-1014-b600-d60c5a656b30	epithelial cell	epithelial cell	3	9	0.0	13	0.0
profile:4e401135add74632ab6d	biorxiv:e7144333-745a-1014-ab12-e9455a30c9da	epiblast	epiblast	3	3	1.0	3	0.6666666666666666
profile:9d065b7fb2e37d24603f	biorxiv:e78eaa01-6c93-1014-839e-bb3dc2108ab1	human tendon derived stem cell	human tendon-derived stem cell	3	1	0.0	0	
profile:4cc0f0d53d0282581304	biorxiv:e78eaa01-6c93-1014-839e-bb3dc2108ab1	tendon derived stem cell	tendon-derived stem cell	3	1	0.0	0	
profile:3048461ca6c0e5ccdeaf	biorxiv:e8350987-7003-1014-ae7a-192d8e5e2a06	first heart field	first heart field	3	8	0.0	0	
profile:bdfa54452d14e2c5a3f9	biorxiv:e8350987-7003-1014-ae7a-192d8e5e2a06	mature left ventricular cardiomyocyte	mature left ventricular cardiomyocyte	3	8	0.0	0	
profile:1f3e6a20c107c8058c2d	biorxiv:e91c125a-709d-1014-bc43-9d192767cd15	senescent alveolar type 2 cell	senescent alveolar type 2 cell	15	5	0.6	0	
profile:a1f2393119c8df765a94	biorxiv:e91c125a-709d-1014-bc43-9d192767cd15	senescent basal cell	senescent basal cell	5	5	0.2	0	
profile:c117adad18626ccaf02b	biorxiv:e91c125a-709d-1014-bc43-9d192767cd15	senescent cell	senescent cell	5	5	0.4	1	0.0
profile:ddfa61a9b37afec6f88b	biorxiv:e91c125a-709d-1014-bc43-9d192767cd15	senescent fibroblast	senescent fibroblast	7	5	0.42857142857142855	0	
profile:b465f1b65512ed2da27b	biorxiv:e91c125a-709d-1014-bc43-9d192767cd15	senescent type ii pneumocyte	senescent type II pneumocyte	4	5	0.0	0	
profile:e3c2c7725c81f6328837	biorxiv:e9d73630-745a-1014-825d-9281d616c32c	naïve human embryonic stem cell	naïve human embryonic stem cell	8	3	1.0	1	0.25
profile:028788e21082b2cc473f	biorxiv:e9d73630-745a-1014-825d-9281d616c32c	primed human embryonic stem cell	primed human embryonic stem cell	3	3	1.0	0	
profile:968d1a677e7ad856e8cb	biorxiv:e9d73630-745a-1014-825d-9281d616c32c	rset human embryonic stem cell	RSeT human embryonic stem cell	9	3	1.0	0	
profile:2360dfa4c2ec1e892110	biorxiv:ebaf49e5-7438-1014-8951-c3e925f71d14	dysfunctional cd14 monocyte	dysfunctional CD14+ monocyte	5	7	0.2	0	
profile:9b50c57aed6a2d037f84	biorxiv:ebaf49e5-7438-1014-8951-c3e925f71d14	early antiviral response cd14 monocyte	early antiviral response CD14+ monocyte	5	7	0.6	0	
profile:f4b499cedb671fecd9bb	biorxiv:ebaf49e5-7438-1014-8951-c3e925f71d14	infection associated goblet cell	infection-associated goblet cell	3	7	0.3333333333333333	0	
profile:2c055a53c68c044cfa76	biorxiv:ebaf49e5-7438-1014-8951-c3e925f71d14	interferon responsive ciliated cell	interferon-responsive ciliated cell	5	7	0.4	0	
profile:6332c736da0b93973a50	biorxiv:ebaf49e5-7438-1014-8951-c3e925f71d14	lupus dominant cd14 monocyte	Lupus-Dominant CD14+ monocyte	5	7	0.4	0	
profile:75fdaa9de62dbaf944da	biorxiv:ebaf49e5-7438-1014-8951-c3e925f71d14	platelet activation associated cd14 monocyte	platelet activation-associated CD14+ monocyte	6	7	1.0	0	
profile:6e38561072f742a2c185	biorxiv:ebaf49e5-7438-1014-8951-c3e925f71d14	shared cd14 monocyte	Shared CD14+ monocyte	7	7	0.0	0	
profile:ef212bfdd6510879d237	biorxiv:ebaf49e5-7438-1014-8951-c3e925f71d14	stress response cd14 monocyte	stress response CD14+ monocyte	5	7	1.0	0	
profile:a400a3bc4a9dc66e0605	biorxiv:eceae834-7948-1014-8997-9142ec9c1cd4	extraembryonic mesoderm like lineage	extraembryonic mesoderm-like lineage	3	8	1.0	0	
profile:50b43ae1ae05e897b9b9	biorxiv:eceae834-7948-1014-8997-9142ec9c1cd4	first heart field like lineage	first heart field-like lineage	3	8	0.3333333333333333	0	
profile:da2f79a9e1e8cd3675de	biorxiv:eceae834-7948-1014-8997-9142ec9c1cd4	juxta cardiac field like progenitor	juxta-cardiac field-like progenitor	5	8	0.8	0	
profile:3d30c63a0561a592d850	biorxiv:eceae834-7948-1014-8997-9142ec9c1cd4	second heart field like lineage	second heart field-like lineage	6	8	0.8333333333333334	0	
profile:ff2e3134d2c4f87f6af4	biorxiv:eda68d46-7b76-1014-b9f8-bf62f9afae8d	cancer associated fibroblast	cancer-associated fibroblast	4	11	0.5	9	0.1111111111111111
profile:29250aad3ec799ba3414	biorxiv:eda68d46-7b76-1014-b9f8-bf62f9afae8d	fibroblast	fibroblast	3	11	0.3333333333333333	49	0.2653061224489796
profile:f6845bdf325d51a77d2f	biorxiv:eda68d46-7b76-1014-b9f8-bf62f9afae8d	muscle cell	muscle cell	5	11	1.0	1	0.0
profile:324278486173f8b54a42	biorxiv:eda68d46-7b76-1014-b9f8-bf62f9afae8d	myb expressing stromal cell	MYB-expressing stromal cell	3	11	0.6666666666666666	0	
profile:4d3c17e050be00c56bcf	biorxiv:eda68d46-7b76-1014-b9f8-bf62f9afae8d	non myb expressing epithelial cluster	non-MYB-expressing epithelial cluster	4	11	1.0	0	
profile:e229761536890267f2ec	biorxiv:eda68d46-7b76-1014-b9f8-bf62f9afae8d	non myb expressing epithelial population	non-MYB-expressing epithelial population	4	11	1.0	0	
profile:21750c0a17b968036703	biorxiv:eda68d46-7b76-1014-b9f8-bf62f9afae8d	non myb stromal cell	non-MYB stromal cell	3	11	0.6666666666666666	0	
profile:b03f0a6c10e47733ed9c	biorxiv:eda68d46-7b76-1014-b9f8-bf62f9afae8d	plasma cell	plasma cell	4	11	1.0	22	0.11363636363636363
profile:62548ecf3b88044c5234	biorxiv:eda68d46-7b76-1014-b9f8-bf62f9afae8d	tertiary lymphoid structure	tertiary lymphoid structure	3	11	1.0	0	
profile:abd18a6dee4f6cfdcaf6	biorxiv:ede8f8d0-6d2d-1014-a8e8-fbbc8a92dcf4	alveolar type 2 cell	alveolar type 2 cell	3	4	0.0	7	0.3333333333333333
profile:3469bca32a3de26133a3	biorxiv:ede8f8d0-6d2d-1014-a8e8-fbbc8a92dcf4	transient secretory cell	transient secretory cell	3	4	0.0	1	1.0
profile:b601ee546d38b3d65ae7	biorxiv:ee1031b0-6c51-1014-b641-cbb0196af9f8	female biased mammary cell	female-biased mammary cell	3	3	0.6666666666666666	0	
profile:9a1690953058a4c163d4	biorxiv:ee1031b0-6c51-1014-b641-cbb0196af9f8	luminal secretory precursor cell	luminal secretory precursor cell	6	3	0.8333333333333334	0	
profile:c07a063b33a428816b12	biorxiv:ee1031b0-6c51-1014-b641-cbb0196af9f8	mammary cell	mammary cell	3	3	0.6666666666666666	0	
profile:1d31158cd3ce0fddf836	biorxiv:ef286bb1-6ccb-1014-ab06-ecd5927e269c	retinal pigment epithelium cell	retinal pigment epithelium cell	10	5	1.0	4	0.15
profile:ae290b803042ac6765b8	biorxiv:efe4cabd-770f-1014-96d7-8e75af964dbd	disease associated microglia	disease-associated microglia	5	20	1.0	1	0.4
profile:bdfa189162184f33db5d	biorxiv:efe4cabd-770f-1014-96d7-8e75af964dbd	excitatory neuron subpopulation exc_s4	excitatory neuron subpopulation Exc_s4	3	20	0.6666666666666666	0	
profile:7d021095b7da7be17926	biorxiv:efe4cabd-770f-1014-96d7-8e75af964dbd	excitatory neuron subpopulation exc_s9	excitatory neuron subpopulation Exc_s9	3	20	0.3333333333333333	0	
profile:ea1ab414c161cc286404	biorxiv:efe4cabd-770f-1014-96d7-8e75af964dbd	homeostatic astrocyte subcluster astro_s2	homeostatic astrocyte subcluster Astro_s2	3	20	0.6666666666666666	0	
profile:bc75a96b91038a57c8f2	biorxiv:efe4cabd-770f-1014-96d7-8e75af964dbd	neun rbfox1 neuron	NeuN+/RBFOX1+ neuron	4	20	1.0	0	
profile:eebeee5c4667a11db3f2	biorxiv:efe4cabd-770f-1014-96d7-8e75af964dbd	reactive astrocyte	reactive astrocyte	3	20	1.0	2	0.3333333333333333
profile:723a68af53087acdc5e6	biorxiv:f1a588ac-746e-1014-a4d0-f5cc921ee68b	expanded early hematopoietic stem cell and multipotent progenitor	expanded early hematopoietic stem cell and multipotent progenitor	7	3	0.8571428571428571	0	
profile:643fc9fee8335da40bbc	biorxiv:f1a588ac-746e-1014-a4d0-f5cc921ee68b	hematopoietic stem cell	hematopoietic stem cell	3	3	0.6666666666666666	5	0.20000000000000004
profile:5f0bdcde26af0c5b07e4	biorxiv:f29672cc-6d87-1014-b915-87fbd4bb053f	induced pluripotent stem cell	induced pluripotent stem cell	3	7	1.0	3	0.8888888888888888
profile:9f0e58b3b5ea869a81cf	biorxiv:f29672cc-6d87-1014-b915-87fbd4bb053f	midbrain dopaminergic neuron	midbrain dopaminergic neuron	3	7	1.0	2	0.5
profile:3e405902504c66f4ac6d	biorxiv:f29672cc-6d87-1014-b915-87fbd4bb053f	neuroblast	neuroblast	3	7	1.0	2	0.5
profile:c583a2205c5bbaf362b9	biorxiv:f29672cc-6d87-1014-b915-87fbd4bb053f	proliferating midbrain floorplate progenitor	proliferating midbrain floorplate progenitor	4	7	0.5	1	1.0
profile:c6fa1311245ccce06f39	biorxiv:f29672cc-6d87-1014-b915-87fbd4bb053f	serotonergic neuron	serotonergic neuron	3	7	1.0	0	
profile:49d565e4c6671587b9f4	biorxiv:f3be1d12-72db-1014-a9a0-ac8d78e3151e	cd4t_foxp3 regulatory t cell	CD4T_FOXP3 regulatory T cell	3	25	0.6666666666666666	0	
profile:12c5209d8f36f45b35e3	biorxiv:f3be1d12-72db-1014-a9a0-ac8d78e3151e	cd56dim_dnajb1 natural killer cell	CD56dim_DNAJB1 natural killer cell	4	25	1.0	0	
profile:74d79eaed07a94a878e9	biorxiv:f3be1d12-72db-1014-a9a0-ac8d78e3151e	cd8t_gzmb effector t cell	CD8T_GZMB effector T cell	3	25	1.0	0	
profile:ff764927016e3436f175	biorxiv:f3be1d12-72db-1014-a9a0-ac8d78e3151e	cd8t_lag3 exhausted t cell	CD8T_LAG3 exhausted T cell	3	25	0.6666666666666666	0	
profile:995b2bfb64884e2ef7d0	biorxiv:f3be1d12-72db-1014-a9a0-ac8d78e3151e	conventional dendritic cell	conventional dendritic cell	4	25	1.0	1	0.5
profile:c49a485649185f78b9fe	biorxiv:f3be1d12-72db-1014-a9a0-ac8d78e3151e	malignant glioma cell	malignant glioma cell	4	25	1.0	0	
profile:410a7682bed2d5267ab4	biorxiv:f3be1d12-72db-1014-a9a0-ac8d78e3151e	monocyte derived cell	monocyte-derived cell	3	25	1.0	0	
profile:264dcba49edb5850463e	biorxiv:f3be1d12-72db-1014-a9a0-ac8d78e3151e	myeloid cell	myeloid cell	3	25	1.0	11	0.21212121212121213
profile:5dd666ca875919f3ec4c	biorxiv:f3be1d12-72db-1014-a9a0-ac8d78e3151e	nk_cd56bri_cxcr6 natural killer cell	NK_CD56bri_CXCR6 natural killer cell	5	25	0.8	0	
profile:233f6edf5fbe48f591ad	biorxiv:f3be1d12-72db-1014-a9a0-ac8d78e3151e	tam_isg15 tumor associated macrophage	TAM_ISG15 tumor-associated macrophage	6	25	1.0	0	
profile:7508fb2fee31717ca3e7	biorxiv:f3be1d12-72db-1014-a9a0-ac8d78e3151e	tam_mrc1 tumor associated macrophage	TAM_MRC1 tumor-associated macrophage	3	25	1.0	0	
profile:bcf2b4b3626ad159661d	biorxiv:f3be1d12-72db-1014-a9a0-ac8d78e3151e	tumor associated macrophage	tumor-associated macrophage	7	25	1.0	4	0.07142857142857142
profile:da81b1c2c1afbce43d41	biorxiv:f787a6d9-6ce3-1014-a3f6-a662a1333571	alveolar macrophage	alveolar macrophage	8	12	0.875	6	0.20833333333333334
profile:15b16cd07c99ba36ac33	biorxiv:f787a6d9-6ce3-1014-a3f6-a662a1333571	blood clec9a positive dendritic cell type 1	blood Clec9a-positive dendritic cell type 1	7	12	0.7142857142857143	0	
profile:cdff27676e813a90e518	biorxiv:f787a6d9-6ce3-1014-a3f6-a662a1333571	dendritic cell	dendritic cell	9	12	0.7777777777777778	11	0.0606060606060606
profile:8363de364746246dd17f	biorxiv:f787a6d9-6ce3-1014-a3f6-a662a1333571	interstitial macrophage	interstitial macrophage	8	12	0.625	2	0.0625
profile:f7505f1be38db887720f	biorxiv:f787a6d9-6ce3-1014-a3f6-a662a1333571	interstitial macrophage cd1c positive	interstitial macrophage CD1c-positive	5	12	0.8	0	
profile:dc85a7f268b3d4c459d0	biorxiv:f787a6d9-6ce3-1014-a3f6-a662a1333571	lung dendritic cell	lung dendritic cell	4	12	0.5	0	
profile:f591edb03a9c5f55db76	biorxiv:f787a6d9-6ce3-1014-a3f6-a662a1333571	lymph node dendritic cell	lymph node dendritic cell	4	12	0.25	0	
profile:926cdf64885742d7dd6c	biorxiv:f787a6d9-6ce3-1014-a3f6-a662a1333571	lymph node monocyte	lymph node monocyte	11	12	0.36363636363636365	0	
profile:d50726c485a2c2b29b21	biorxiv:f787a6d9-6ce3-1014-a3f6-a662a1333571	monocyte	monocyte	5	12	0.0	35	0.2
profile:259e5cc4a3cf547c907c	biorxiv:f8386e3b-6c81-1014-8f76-ea7139bf473f	mesenchymal stem cell	mesenchymal stem cell	10	1	0.9	4	0.2
profile:2cf56347c93e11e86561	biorxiv:f96f23ec-83f2-1014-ad76-8d430e749668	endothelial cell	endothelial cell	3	4	1.0	51	0.026143790849673203
profile:14bb431ad908ade3985f	biorxiv:fa200037-7001-1014-b4a8-b2d1b5dda72e	conventional dendritic cell 1	conventional dendritic cell 1	6	1	1.0	0	
profile:8c1324ee87468916cd24	biorxiv:fa200037-7001-1014-b4a8-b2d1b5dda72e	conventional dendritic cell 2	conventional dendritic cell 2	4	1	1.0	0	
profile:1510689542ccdb5c3852	biorxiv:fbd95004-6cf9-1014-bead-f9f2e4a06d20	cytotoxic plasma cell	cytotoxic plasma cell	5	7	0.8	0	
profile:03dcaacb6238c407fe43	biorxiv:fbd95004-6cf9-1014-bead-f9f2e4a06d20	proliferating plasma cell	proliferating plasma cell	4	7	1.0	0	
profile:1815466d0b913f455e66	biorxiv:fc7595eb-733c-1014-9892-ed444a916a2a	conventional dendritic cell type 1	conventional dendritic cell type 1	3	6	1.0	7	0.6666666666666666
profile:b381b8cd769134323e76	biorxiv:fc7595eb-733c-1014-9892-ed444a916a2a	plasmacytoid dendritic cell	plasmacytoid dendritic cell	3	6	1.0	14	0.19047619047619047
profile:1b92c01b018dc4ce9552	biorxiv:fc7595eb-733c-1014-9892-ed444a916a2a	tolerogenic dendritic cell	tolerogenic dendritic cell	11	6	0.9090909090909091	0	
profile:8b1d9d8ca5c989eb217b	biorxiv:fc7595eb-733c-1014-9892-ed444a916a2a	type 3 innate lymphoid cell	type 3 innate lymphoid cell	6	6	0.8333333333333334	2	0.5
profile:daebedb5bc84468bf3c0	biorxiv:fcdb6ae7-74e0-1014-aa4b-bcf60c40c2cf	a9 subtype midbrain dopaminergic neuron	A9-subtype midbrain dopaminergic neuron	3	8	0.6666666666666666	0	
profile:65c285a6af6931f777fd	biorxiv:fcdb6ae7-74e0-1014-aa4b-bcf60c40c2cf	dopaminergic neuron	dopaminergic neuron	12	8	0.8333333333333334	2	0.08333333333333333
profile:738679b0f830e4de4d7b	biorxiv:fcdb6ae7-74e0-1014-aa4b-bcf60c40c2cf	immature neuron	immature neuron	3	8	0.3333333333333333	0	
profile:46cd46b43fe8dcffa0f1	biorxiv:fcdb6ae7-74e0-1014-aa4b-bcf60c40c2cf	midbrain dopaminergic neuron	midbrain dopaminergic neuron	3	8	0.0	2	0.0
profile:021108c7df3f915f12de	biorxiv:fd4da487-6bfd-1014-9109-ef3323dd2b7b	ceiling lymphatic endothelial cell	ceiling lymphatic endothelial cell	3	4	1.0	0	
profile:239690c43accd56a2844	biorxiv:fd4da487-6bfd-1014-9109-ef3323dd2b7b	ceiling lymphatic endothelial cell s2	ceiling lymphatic endothelial cell s2	3	4	1.0	0	
profile:fa61ac1b029e5121cfef	biorxiv:fd4da487-6bfd-1014-9109-ef3323dd2b7b	floor lymphatic endothelial cell	floor lymphatic endothelial cell	6	4	0.8333333333333334	0	
profile:6527cc8bcbb8985c12e8	biorxiv:fd4da487-6bfd-1014-9109-ef3323dd2b7b	marco lymphatic endothelial cell	Marco-lymphatic endothelial cell	6	4	0.8333333333333334	0	
profile:ee1063f9ad8ae45c0627	biorxiv:fd4da487-6bfd-1014-9109-ef3323dd2b7b	ptx3 lymphatic endothelial cell	Ptx3-lymphatic endothelial cell	10	4	1.0	0	
profile:9066da20f0a8f274e83c	hca:0001_10.1016_j.celrep.2018.11.086_7aff07407b	basal epithelial cell	basal epithelial cell	6	12	0.8333333333333334	3	0.05555555555555555
profile:551f471dbe350dcfa021	hca:0001_10.1016_j.celrep.2018.11.086_7aff07407b	fibroblast cell	fibroblast cell	8	12	1.0	1	0.125
profile:f2d985a8f3f99438ed9b	hca:0001_10.1016_j.celrep.2018.11.086_7aff07407b	hillock cell	hillock cell	4	12	0.5	0	
profile:c59dd480524bfa4b3cd6	hca:0001_10.1016_j.celrep.2018.11.086_7aff07407b	luminal epithelial cell	luminal epithelial cell	7	12	1.0	2	0.0
profile:bfda74538533a844a415	hca:0001_10.1016_j.celrep.2018.11.086_7aff07407b	other epithelial cell	other epithelial cell	5	12	0.6	0	
profile:77df6593df5c50b910e8	hca:0001_10.1016_j.celrep.2018.11.086_7aff07407b	smooth muscle cell	smooth muscle cell	4	12	1.0	24	0.3645833333333333
profile:650dd590be72c2960179	hca:0002_10.1038_s41586-019-1373-2_de5bb9e220	biliary and liver progenitor cell	biliary and liver progenitor cell	6	19	0.8333333333333334	0	
profile:0bfb20bf2635cba8a8f4	hca:0002_10.1038_s41586-019-1373-2_de5bb9e220	central epcam positive progenitor population	central EPCAM-positive progenitor population	4	19	0.5	0	
profile:34f322070d29e501c73a	hca:0002_10.1038_s41586-019-1373-2_de5bb9e220	cholangiocyte	cholangiocyte	3	19	1.0	3	0.5555555555555555
profile:713b1cfb6e63cbb2ab35	hca:0002_10.1038_s41586-019-1373-2_de5bb9e220	hepatocellular carcinoma endothelial cell	hepatocellular carcinoma endothelial cell	3	19	0.3333333333333333	0	
profile:b256b979c0a5d0352631	hca:0002_10.1038_s41586-019-1373-2_de5bb9e220	liver resident b cell	liver resident B cell	4	19	1.0	0	
profile:d2c01713bc03638de7af	hca:0002_10.1038_s41586-019-1373-2_de5bb9e220	liver sinusoidal endothelial cell	liver sinusoidal endothelial cell	3	19	1.0	0	
profile:b5d340dc7e0cbe3c48d0	hca:0002_10.1038_s41586-019-1373-2_de5bb9e220	nkt cell cluster 1	NKT cell cluster 1	3	19	0.6666666666666666	0	
profile:4b5320c79f4107f722c1	hca:0002_10.1038_s41586-019-1373-2_de5bb9e220	trop2 low cluster	TROP2-low cluster	4	19	0.75	0	
profile:58b84dacad183f85551b	hca:0006_10.3389_fcell.2022.835445_847c20f209	epiblast cell	epiblast cell	4	8	1.0	1	1.0
profile:c2226530dd8bbb4adee0	hca:0006_10.3389_fcell.2022.835445_847c20f209	primitive endoderm cell	primitive endoderm cell	4	8	1.0	0	
profile:4530c9e854f4ef9f9331	hca:0006_10.3389_fcell.2022.835445_847c20f209	primitive fusion competent cell	primitive fusion-competent cell	5	8	1.0	0	
profile:10fdf10284188e263e18	hca:0006_10.3389_fcell.2022.835445_847c20f209	primitive syncytiotrophoblast 2	primitive syncytiotrophoblast 2	8	8	0.875	0	
profile:0c561c0a292a50214518	hca:0006_10.3389_fcell.2022.835445_847c20f209	trophoblast cell	trophoblast cell	4	8	1.0	0	
profile:8b12682d1d14680ba3ef	hca:0007_10.1016_j.stem.2022.09.010_b0ba37bc2c	immature oligodendrocyte	immature oligodendrocyte	4	8	0.25	0	
profile:76b816222c200845647c	hca:0007_10.1016_j.stem.2022.09.010_b0ba37bc2c	microglia subpopulation 0	microglia subpopulation 0	3	8	1.0	0	
profile:2d860a075a8552c8c9dc	hca:0007_10.1016_j.stem.2022.09.010_b0ba37bc2c	oligodendrocyte precursor cell subpopulation 1	oligodendrocyte precursor cell subpopulation 1	4	8	0.25	0	
profile:458d70278a9e207fc1cb	hca:0007_10.1016_j.stem.2022.09.010_b0ba37bc2c	oligodendrocyte precursor cell subpopulation 2	oligodendrocyte precursor cell subpopulation 2	3	8	0.0	0	
profile:c3236fee27bdc0536595	hca:0008_10.1016_j.cels.2016.09.002_fd6b21337a	acinar cell	acinar cell	4	6	0.5	6	0.20833333333333331
profile:7565a6c494641d84c40b	hca:0008_10.1016_j.cels.2016.09.002_fd6b21337a	alpha cell	alpha cell	15	6	0.8666666666666667	13	0.1846153846153846
profile:23efc1c85b1ccb777e24	hca:0008_10.1016_j.cels.2016.09.002_fd6b21337a	beta cell	beta cell	15	6	0.9333333333333333	15	0.2
profile:7579b9a582c412dea5cb	hca:0008_10.1016_j.cels.2016.09.002_fd6b21337a	delta cell	delta cell	5	6	1.0	9	0.4222222222222222
profile:166ed8cd0b5372884956	hca:0008_10.1016_j.cels.2016.09.002_fd6b21337a	ductal cell	ductal cell	4	6	0.5	6	0.25
profile:79e23c550b499788ace3	hca:0010_10.1016_j.cels.2016.08.011_1f66aabffa	alpha cell	alpha cell	5	8	0.4	13	0.27692307692307694
profile:49f30bca2ed15d898661	hca:0010_10.1016_j.cels.2016.08.011_1f66aabffa	beta cell	beta cell	11	8	0.5454545454545454	15	0.20606060606060606
profile:2264afe20b9dc52f40fe	hca:0010_10.1016_j.cels.2016.08.011_1f66aabffa	delta cell	delta cell	7	8	0.2857142857142857	9	0.17460317460317462
profile:c9cce02112f53f20c9f6	hca:0010_10.1016_j.cels.2016.08.011_1f66aabffa	schwann cell	Schwann cell	12	8	1.0	2	0.08333333333333333
profile:7bda3041d2227ddc0284	hca:0011_10.1038_s41413-021-00163-z_07f1a1af96	chondrocyte	chondrocyte	3	17	0.0	4	0.5833333333333334
profile:b9a0878f946a4f269398	hca:0011_10.1038_s41413-021-00163-z_07f1a1af96	effector chondrocyte subcluster c5	effector chondrocyte subcluster C5	4	17	0.0	0	
profile:3324dbdb5cfe30875179	hca:0011_10.1038_s41413-021-00163-z_07f1a1af96	effector chondrocyte subcluster c6	effector chondrocyte subcluster C6	4	17	0.0	0	
profile:dcf2b35f8cd77f0d1dc0	hca:0011_10.1038_s41413-021-00163-z_07f1a1af96	endothelial cell	endothelial cell	5	17	1.0	51	0.30980392156862746
profile:9f5969020312d834027b	hca:0011_10.1038_s41413-021-00163-z_07f1a1af96	fibroblast	fibroblast	6	17	1.0	49	0.0
profile:75a95a6770e157bf4db0	hca:0011_10.1038_s41413-021-00163-z_07f1a1af96	neurogenic cell	neurogenic cell	4	17	1.0	1	0.0
profile:dd517376590ea712c8c1	hca:0011_10.1038_s41413-021-00163-z_07f1a1af96	nucleus pulposus progenitor cell	nucleus pulposus progenitor cell	4	17	0.25	0	
profile:f5f782988674952bf1e1	hca:0011_10.1038_s41413-021-00163-z_07f1a1af96	nucleus pulposus progenitor cell subcluster 3	nucleus pulposus progenitor cell subcluster 3	4	17	0.0	0	
profile:8064ffa48262b230d49d	hca:0011_10.1038_s41413-021-00163-z_07f1a1af96	osteogenic cell	osteogenic cell	3	17	1.0	0	
profile:05fbe3f092e2d1009bd1	hca:0011_10.1038_s41413-021-00163-z_07f1a1af96	pericyte	pericyte	3	17	1.0	29	0.19540229885057472
profile:85086513afb155fa54c7	hca:0011_10.1038_s41413-021-00163-z_07f1a1af96	regulatory chondrocyte subcluster c1	regulatory chondrocyte subcluster C1	3	17	1.0	0	
profile:78f5149de551212331f8	hca:0011_10.1038_s41413-021-00163-z_07f1a1af96	stromal cell	stromal cell	3	17	1.0	10	0.0
profile:10567c1f72897479db83	hca:0012_10.1164_rccm.202207-1384oc_21f7132a40	glial schwann cell	glial/Schwann cell	3	16	1.0	0	
profile:6c982d3ca7ce1a028622	hca:0012_10.1164_rccm.202207-1384oc_21f7132a40	terminal airway enriched secretory cell	terminal airway-enriched secretory cell	9	16	0.8888888888888888	0	
profile:66297f1b541f07f9eeae	hca:0012_10.1164_rccm.202207-1384oc_21f7132a40	vascular smooth muscle cell	vascular smooth muscle cell	3	16	1.0	9	0.037037037037037035
profile:dfccfbf9e146fa74b618	hca:0013_10.1016_j.cell.2022.01.012_62a71f9225	activated natural killer cell	activated natural killer cell	3	3	1.0	1	0.0
profile:89297dc3f366c9e40554	hca:0013_10.1016_j.cell.2022.01.012_62a71f9225	classical monocyte	classical monocyte	4	3	1.0	9	0.25
profile:c8d10b814c48b1452a8b	hca:0014_10.1101_2024.09.10.612293_d3a16eb9c8	adventitial fibroblast	adventitial fibroblast	7	11	1.0	1	0.2857142857142857
profile:d314d7f567c853f8a93a	hca:0014_10.1101_2024.09.10.612293_d3a16eb9c8	endothelial cell	endothelial cell	3	11	1.0	51	0.4444444444444444
profile:f61a9e1cdeb15a368d0f	hca:0014_10.1101_2024.09.10.612293_d3a16eb9c8	microvascular smooth muscle cell	microvascular smooth muscle cell	4	11	1.0	0	
profile:0180d8a1bb8256652a89	hca:0014_10.1101_2024.09.10.612293_d3a16eb9c8	smooth muscle cell	smooth muscle cell	7	11	0.7142857142857143	24	0.255952380952381
profile:78cfae9eead089f93543	hca:0015_10.1126_science.aay3224_2393e60089	differentiating regulatory t cell	differentiating regulatory T cell	3	21	1.0	0	
profile:7fa70929aad8eb13deac	hca:0015_10.1126_science.aay3224_2393e60089	eomes positive natural killer t like cell	EOMES-positive natural killer T-like cell	4	21	0.75	0	
profile:adcd408cd205b6385a02	hca:0015_10.1126_science.aay3224_2393e60089	fibroblast type 1	fibroblast type 1	4	21	1.0	0	
profile:8f421bb9277cc5c2ee07	hca:0015_10.1126_science.aay3224_2393e60089	fibroblast type 2	fibroblast type 2	3	21	1.0	0	
profile:ab5ecc3ad488d6d1a606	hca:0015_10.1126_science.aay3224_2393e60089	gng4 positive cd8αα t i cell	GNG4-positive CD8αα+ T(I) cell	4	21	0.75	0	
profile:ac59814049bc6efa5a4d	hca:0015_10.1126_science.aay3224_2393e60089	neuroendocrine like thymic epithelial cell	neuroendocrine-like thymic epithelial cell	3	21	1.0	0	
profile:78db326bb04bc4cfd272	hca:0015_10.1126_science.aay3224_2393e60089	t helper 17 like cell	T helper 17-like cell	6	21	0.6666666666666666	0	
profile:2e81aab6aa40d4865802	hca:0016_10.1038_s41591-019-0468-5_ffb52d8b70	ciliated 2 cell	ciliated 2 cell	5	20	1.0	0	
profile:72b0eedc428a7d0f5304	hca:0016_10.1038_s41591-019-0468-5_ffb52d8b70	cycling basal cell	cycling basal cell	3	20	1.0	0	
profile:e6373e3c1d7def543d06	hca:0016_10.1038_s41591-019-0468-5_ffb52d8b70	dendritic cell	dendritic cell	5	20	1.0	11	0.07272727272727272
profile:7ff4fee84af7f14f60a7	hca:0016_10.1038_s41591-019-0468-5_ffb52d8b70	goblet 1 cell	goblet 1 cell	5	20	0.4	0	
profile:b2de7e92af25010361e2	hca:0016_10.1038_s41591-019-0468-5_ffb52d8b70	goblet 2 cell	goblet 2 cell	8	20	0.625	0	
profile:1789a8fbadc31aa760cb	hca:0016_10.1038_s41591-019-0468-5_ffb52d8b70	macrophage	macrophage	4	20	1.0	42	0.023809523809523808
profile:2d89764b6388856f4c17	hca:0016_10.1038_s41591-019-0468-5_ffb52d8b70	mast cell	mast cell	4	20	0.75	19	0.34210526315789475
profile:5b37095ed287a09c9338	hca:0016_10.1038_s41591-019-0468-5_ffb52d8b70	mucous ciliated cell	mucous ciliated cell	4	20	0.5	0	
profile:4c27188fa977ae83279e	hca:0016_10.1038_s41591-019-0468-5_ffb52d8b70	neuroendocrine cell	neuroendocrine cell	4	20	1.0	1	0.25
profile:b4835af51be27c113fb8	hca:0016_10.1038_s41591-019-0468-5_ffb52d8b70	neutrophil	neutrophil	3	20	1.0	10	0.10000000000000002
profile:e9da52f9708f2d571d7a	hca:0016_10.1038_s41591-019-0468-5_ffb52d8b70	pathogenic effector type 2 helper t cell	pathogenic effector type 2 helper T cell	5	20	0.6	0	
profile:9dcd23ee7b68388cc2ce	hca:0016_10.1038_s41591-019-0468-5_ffb52d8b70	tissue migratory cd4 t cell	tissue migratory CD4+ T cell	6	20	1.0	0	
profile:27725df002d244197f26	hca:0016_10.1038_s41591-019-0468-5_ffb52d8b70	tissue resident memory t cell	tissue-resident memory T cell	9	20	1.0	5	0.13333333333333333
profile:b196a86dafc82cfffc53	hca:0016_10.1038_s41591-019-0468-5_ffb52d8b70	type 2 helper t cell	type 2 helper T cell	3	20	1.0	1	0.0
profile:d71f39b32c244b8473f2	hca:0018_10.1016_j.devcel.2022.05.003_fb5132407d	alveolar progenitor 1 cell	alveolar progenitor 1 cell	4	21	0.75	0	
profile:6af8eaea255816720efa	hca:0018_10.1016_j.devcel.2022.05.003_fb5132407d	alveolar progenitor 2 cell	alveolar progenitor 2 cell	5	21	1.0	0	
profile:1144f259fd437a8d7863	hca:0018_10.1016_j.devcel.2022.05.003_fb5132407d	basal luminal 1 cell	basal-luminal 1 cell	5	21	0.8	0	
profile:95b37748816aa05d6697	hca:0018_10.1016_j.devcel.2022.05.003_fb5132407d	basal luminal cell	basal-luminal cell	9	21	0.6666666666666666	0	
profile:9916dd6769bf130a5df0	hca:0018_10.1016_j.devcel.2022.05.003_fb5132407d	basal myoepithelial alpha cell	basal/myoepithelial alpha cell	4	21	0.5	0	
profile:e39a8511d0a38dcac268	hca:0018_10.1016_j.devcel.2022.05.003_fb5132407d	basal myoepithelial p2	basal/myoepithelial P2	3	21	0.0	0	
profile:f96c686aeabfd3675776	hca:0018_10.1016_j.devcel.2022.05.003_fb5132407d	basal myoepithelial p3	basal/myoepithelial P3	3	21	0.0	0	
profile:2a18f6a9610611a0c34c	hca:0018_10.1016_j.devcel.2022.05.003_fb5132407d	fibroblast subtype 1	fibroblast subtype 1	4	21	0.5	0	
profile:ef1ef384616e861cb5ef	hca:0018_10.1016_j.devcel.2022.05.003_fb5132407d	hormone sensing 1 cell	hormone-sensing 1 cell	5	21	0.6	0	
profile:0142640eb9333d7d84b3	hca:0018_10.1016_j.devcel.2022.05.003_fb5132407d	hormone sensing alpha subtype	hormone-sensing alpha subtype	5	21	0.6	0	
profile:a0bb4335e4c25781b8e6	hca:0018_10.1016_j.devcel.2022.05.003_fb5132407d	hormone sensing beta cell	hormone-sensing beta cell	3	21	1.0	0	
profile:4941f8fc9678d2d9dcfd	hca:0018_10.1016_j.devcel.2022.05.003_fb5132407d	lymphatic endothelial cell	lymphatic endothelial cell	3	21	1.0	17	0.5882352941176471
profile:4c6f81e25cd01697451b	hca:0018_10.1016_j.devcel.2022.05.003_fb5132407d	pericyte smooth muscle cell	pericyte/smooth muscle cell	3	21	1.0	1	0.3333333333333333
profile:0bc06efe51c749a5d51f	hca:0018_10.1016_j.devcel.2022.05.003_fb5132407d	vascular endothelial cell	vascular endothelial cell	3	21	1.0	6	0.05555555555555555
profile:b0eae011e07212c9857a	hca:0019_10.1126_science.aba7721_1646acb14b	antigen presenting macrophage	antigen-presenting macrophage	3	27	1.0	1	0.0
profile:d04f3d6ccde20e5efc89	hca:0019_10.1126_science.aba7721_1646acb14b	dendritic cell subtype	dendritic cell subtype	3	27	1.0	0	
profile:ea86cd50b0c8dd960c5d	hca:0019_10.1126_science.aba7721_1646acb14b	functional hepatoblast	functional hepatoblast	3	27	1.0	0	
profile:7583bc603b1da52efced	hca:0019_10.1126_science.aba7721_1646acb14b	hematopoietic stem progenitor cell	hematopoietic stem/progenitor cell	5	27	1.0	1	0.2
profile:a004e0139b63d056f7d9	hca:0019_10.1126_science.aba7721_1646acb14b	hepatic progenitor	hepatic progenitor	3	27	1.0	0	
profile:962d70fc2b90f2bcddd7	hca:0019_10.1126_science.aba7721_1646acb14b	innate lymphoid cell type 3	innate lymphoid cell type 3	4	27	1.0	4	0.5
profile:d2ca0956e9fe1b2020be	hca:0019_10.1126_science.aba7721_1646acb14b	microglia	microglia	5	27	1.0	16	0.0
profile:bbf5b076de02493a219e	hca:0019_10.1126_science.aba7721_1646acb14b	microglial subcluster	microglial subcluster	4	27	1.0	0	
profile:8148cce19b7136233371	hca:0019_10.1126_science.aba7721_1646acb14b	nephron progenitor	nephron progenitor	3	27	1.0	0	
profile:3e05fce055bc1e63a989	hca:0019_10.1126_science.aba7721_1646acb14b	perivascular macrophage	perivascular macrophage	4	27	1.0	0	
profile:26b21510b2dfee0bacb3	hca:0019_10.1126_science.aba7721_1646acb14b	phagocytic macrophage	phagocytic macrophage	3	27	1.0	0	
profile:0cdc23dbbbb17f501bf3	hca:0019_10.1126_science.aba7721_1646acb14b	pulmonary neuroendocrine cell	pulmonary neuroendocrine cell	3	27	1.0	1	0.3333333333333333
profile:dcfab114ac622d329643	hca:0019_10.1126_science.aba7721_1646acb14b	t cell	T cell	3	27	1.0	36	0.0
profile:b2f414a7331535039815	hca:0020_10.1038_s44161-022-00019-7_10ae5c8129	cardiomyocyte	cardiomyocyte	3	2	1.0	9	0.2222222222222222
profile:575edd57870ade7a8495	hca:0020_10.1038_s44161-022-00019-7_10ae5c8129	endothelial cell	endothelial cell	3	2	1.0	51	0.3137254901960784
profile:78cd81bf32e59798938d	hca:0021_10.1038_s41586-023-06806-x_7900919dd3	distal mesenchyme	distal mesenchyme	3	24	0.3333333333333333	0	
profile:4e274b0a46e4d84b1c26	hca:0021_10.1038_s41586-023-06806-x_7900919dd3	first myogenic pathway cell	first myogenic pathway cell	4	24	1.0	0	
profile:8129f5afb8d123b73ed0	hca:0021_10.1038_s41586-023-06806-x_7900919dd3	pax7 positive skeletal muscle progenitor	PAX7-positive skeletal muscle progenitor	6	24	1.0	0	
profile:f6b649ed596797158b3b	hca:0021_10.1038_s41586-023-06806-x_7900919dd3	perimysium cell	perimysium cell	3	24	0.3333333333333333	0	
profile:21d1c6af0506c8d85f7f	hca:0021_10.1038_s41586-023-06806-x_7900919dd3	rdh10 positive distal mesenchyme	RDH10-positive distal mesenchyme	3	24	0.3333333333333333	0	
profile:a7b3eef0f6bf4c3ed304	hca:0021_10.1038_s41586-023-06806-x_7900919dd3	resting chondrocyte	resting chondrocyte	3	24	0.3333333333333333	0	
profile:cd39d7963212f7ec0a05	hca:0021_10.1038_s41586-023-06806-x_7900919dd3	second myogenic pathway cell	second myogenic pathway cell	3	24	1.0	0	
profile:9f769859a3030809fcdb	hca:0021_10.1038_s41586-023-06806-x_7900919dd3	tenocyte	tenocyte	4	24	0.5	1	0.5
profile:367f2441b5f18bb2c885	hca:0024_10.1101_2023.05.01.538871_7e4c731021	adipose stem cell	adipose stem cell	3	9	1.0	0	
profile:a7d242c6c9e3e3d41098	hca:0024_10.1101_2023.05.01.538871_7e4c731021	hhip adipose stem and progenitor cell	HHIP+ adipose stem and progenitor cell	7	9	1.0	0	
profile:8fe4c048d3aa6286c11d	hca:0024_10.1101_2023.05.01.538871_7e4c731021	ifit adipose stem and progenitor cell	IFIT+ adipose stem and progenitor cell	3	9	1.0	0	
profile:c2f7a4659a2b5fa2c0b1	hca:0024_10.1101_2023.05.01.538871_7e4c731021	igfbp2 stromal cell	IGFBP2+ stromal cell	9	9	0.5555555555555556	0	
profile:3f8b64e10c6bc76c7268	hca:0024_10.1101_2023.05.01.538871_7e4c731021	mesothelial cell	mesothelial cell	6	9	0.5	5	0.2333333333333333
profile:68505bc122f39e717662	hca:0024_10.1101_2023.05.01.538871_7e4c731021	pre adipocyte	pre-adipocyte	4	9	0.5	1	0.0
profile:67fae06f017463d1c843	hca:0024_10.1101_2023.05.01.538871_7e4c731021	vascular smooth muscle progenitor cell	vascular smooth muscle progenitor cell	4	9	1.0	0	
profile:5d4a98c361f303eba03d	hca:0025_10.1038_s41467-020-17876-0_159e232bbb	gabaergic neuron	GABAergic neuron	4	8	1.0	0	
profile:9f3cf70d60dc3cc64300	hca:0025_10.1038_s41467-020-17876-0_159e232bbb	oligodendrocyte	oligodendrocyte	4	8	1.0	16	0.234375
profile:38636ed488b2fcbf179e	hca:0026_10.1038_s41586-020-2922-4_1612ece6e2	adventitial fibroblast	adventitial fibroblast	3	22	1.0	1	0.6666666666666666
profile:b31d35363bf2844f0d0f	hca:0026_10.1038_s41586-020-2922-4_1612ece6e2	alveolar fibroblast	alveolar fibroblast	5	22	1.0	2	0.1
profile:874b55cc2fb8a6f3ca0d	hca:0026_10.1038_s41586-020-2922-4_1612ece6e2	alveolar type 2 cell	alveolar type 2 cell	10	22	0.9	7	0.14285714285714285
profile:906133cbc5a46e81a39f	hca:0026_10.1038_s41586-020-2922-4_1612ece6e2	alveolar type 2 signaling cell	alveolar type 2 signaling cell	6	22	1.0	0	
profile:7b6f8d7888bd51cb5773	hca:0026_10.1038_s41586-020-2922-4_1612ece6e2	bronchial endothelial cell	bronchial endothelial cell	5	22	1.0	0	
profile:8534562140381731415b	hca:0026_10.1038_s41586-020-2922-4_1612ece6e2	ciliated cell	ciliated cell	3	22	0.3333333333333333	4	0.0
profile:07dda6c02100d9f47cef	hca:0026_10.1038_s41586-020-2922-4_1612ece6e2	differentiating basal cell	differentiating basal cell	4	22	0.75	1	0.0
profile:0161b6bc4a6c0804eae0	hca:0026_10.1038_s41586-020-2922-4_1612ece6e2	ereg positive dendritic cell	EREG-positive dendritic cell	3	22	1.0	0	
profile:69dba891db872c290403	hca:0026_10.1038_s41586-020-2922-4_1612ece6e2	fibromyocyte	fibromyocyte	3	22	1.0	2	0.0
profile:76ed5ba52dd13dada6f5	hca:0026_10.1038_s41586-020-2922-4_1612ece6e2	igsf21 positive dendritic cell	IGSF21-positive dendritic cell	3	22	1.0	0	
profile:fad1634dbdb10eace761	hca:0026_10.1038_s41586-020-2922-4_1612ece6e2	myofibroblast	myofibroblast	4	22	0.75	16	0.203125
profile:1091e21c39d32d877d5d	hca:0026_10.1038_s41586-020-2922-4_1612ece6e2	pericyte	pericyte	3	22	1.0	29	0.011494252873563218
profile:f11a818b28e08676959d	hca:0026_10.1038_s41586-020-2922-4_1612ece6e2	proximal basal cell	proximal basal cell	6	22	1.0	0	
profile:bbddbd25f72f026ab434	hca:0026_10.1038_s41586-020-2922-4_1612ece6e2	trem2 positive dendritic cell	TREM2-positive dendritic cell	3	22	1.0	0	
profile:b8435404678698a5795e	hca:0027_10.1038_s41586-021-03569-1_1910c01864	alveolar type 1 cell	alveolar type 1 cell	3	7	1.0	4	0.25
profile:e3319066d0ca8a946900	hca:0027_10.1038_s41586-021-03569-1_1910c01864	alveolar type 2 cell	alveolar type 2 cell	3	7	1.0	7	0.2857142857142857
profile:127bf475857af8a71116	hca:0027_10.1038_s41586-021-03569-1_1910c01864	cycling epithelial cell	cycling epithelial cell	4	7	1.0	0	
profile:d8339386c775a2bf9697	hca:0027_10.1038_s41586-021-03569-1_1910c01864	damage associated transient progenitor cell	damage-associated transient progenitor cell	3	7	1.0	0	
profile:88f6977f7721ea1abfb3	hca:0027_10.1038_s41586-021-03569-1_1910c01864	extracellular matrix high epithelial cell	extracellular matrix high epithelial cell	3	7	0.6666666666666666	0	
profile:331af6cb7b7c0764fc30	hca:0027_10.1038_s41586-021-03569-1_1910c01864	pathological fibroblast	pathological fibroblast	3	7	0.6666666666666666	0	
profile:8ad1d44eb798eb11bb44	hca:0028_10.1016_j.molcel.2021.10.013_4a3d615da5	endometrioid endometrial cancer cell	endometrioid endometrial cancer cell	3	6	1.0	0	
profile:63190d4ad4c7c44701af	hca:0029_10.1016_j.xgen.2023.100298_96b489f506	intrinsically photosensitive retinal ganglion cell	intrinsically photosensitive retinal ganglion cell	3	12	1.0	0	
profile:5e940cc1c9c7c2e549ec	hca:0030_10.1016_j.jcmgh.2022.02.007_2ccf593bb9	bestrophin 4 positive cell	Bestrophin 4 positive cell	7	10	1.0	0	
profile:de8fcb67971ffe7f4f3a	hca:0030_10.1016_j.jcmgh.2022.02.007_2ccf593bb9	goblet cell	goblet cell	4	10	1.0	13	0.40384615384615385
profile:e319b367b194a4c36160	hca:0030_10.1016_j.jcmgh.2022.02.007_2ccf593bb9	intestinal stem cell	intestinal stem cell	4	10	0.25	7	0.4642857142857143
profile:52815280c3cc3fde6719	hca:0030_10.1016_j.jcmgh.2022.02.007_2ccf593bb9	paneth cell	Paneth cell	10	10	0.6	5	0.26
profile:5bbdd8d5e9a67b1e01a9	hca:0030_10.1016_j.jcmgh.2022.02.007_2ccf593bb9	tuft cell	tuft cell	15	10	1.0	5	0.05333333333333334
profile:29621a5c94a8128daea9	hca:0031_10.1016_j.jtos.2021.03.010_0c2fa1a2be	basal conjunctival epithelial cell	basal conjunctival epithelial cell	3	22	0.6666666666666666	0	
profile:2d05da16ee3786d27cf2	hca:0031_10.1016_j.jtos.2021.03.010_0c2fa1a2be	basal corneal epithelial cell	basal corneal epithelial cell	3	22	1.0	0	
profile:2c4b3363ec4966092d44	hca:0031_10.1016_j.jtos.2021.03.010_0c2fa1a2be	conjunctival cell	conjunctival cell	4	22	1.0	1	0.25
profile:00f72e1bdc23d2c1ab2d	hca:0031_10.1016_j.jtos.2021.03.010_0c2fa1a2be	corneal stromal stem cell	corneal stromal stem cell	3	22	1.0	0	
profile:a22005112c363940d95b	hca:0031_10.1016_j.jtos.2021.03.010_0c2fa1a2be	cultured basal limbal epithelial cell	cultured basal limbal epithelial cell	3	22	1.0	0	
profile:06ed2056ddee260d7827	hca:0031_10.1016_j.jtos.2021.03.010_0c2fa1a2be	limbal progenitor cell	limbal progenitor cell	10	22	0.9	1	0.1
profile:68811e7f74b378f14ec0	hca:0031_10.1016_j.jtos.2021.03.010_0c2fa1a2be	melanocyte	melanocyte	5	22	0.8	9	0.4666666666666667
profile:ac931248088a6349cfe2	hca:0031_10.1016_j.jtos.2021.03.010_0c2fa1a2be	superficial conjunctival epithelial cell	superficial conjunctival epithelial cell	3	22	1.0	0	
profile:eb4010a6983f6081e3d8	hca:0032_10.15252_msb.20209682_ea064ade0e	cancer associated fibroblast	cancer-associated fibroblast	3	9	1.0	9	0.037037037037037035
profile:d8eead289126b0aa8da9	hca:0032_10.15252_msb.20209682_ea064ade0e	carcinoma cell	carcinoma cell	3	9	1.0	1	0.0
profile:050bbb5f41f831407dc5	hca:0032_10.15252_msb.20209682_ea064ade0e	cytotoxic t cell	cytotoxic T cell	3	9	1.0	5	0.26666666666666666
profile:60f4a404698f9167b20e	hca:0032_10.15252_msb.20209682_ea064ade0e	kupffer cell	Kupffer cell	4	9	1.0	3	0.3333333333333333
profile:02ba609fbe65d4b88e9d	hca:0032_10.15252_msb.20209682_ea064ade0e	scar associated macrophage	scar-associated macrophage	4	9	1.0	1	0.5
profile:2a299ec513327f8a0eec	hca:0033_10.26508_lsa.202000744_340b92b825	apical and narrow cell	apical and narrow cell	12	10	1.0	0	
profile:a998b72fa8ce9e976d6d	hca:0033_10.26508_lsa.202000744_340b92b825	basal cell	basal cell	8	10	1.0	11	0.22727272727272727
profile:7df3cdbc85e41e0ed530	hca:0033_10.26508_lsa.202000744_340b92b825	clear cell	clear cell	8	10	1.0	0	
profile:29613b8e29a85a5a0c06	hca:0033_10.26508_lsa.202000744_340b92b825	efferent duct cell	efferent duct cell	3	10	1.0	0	
profile:8ed3a7aa14f5dbd3a493	hca:0033_10.26508_lsa.202000744_340b92b825	immune cell	immune cell	6	10	0.8333333333333334	12	0.05555555555555555
profile:0c1e79d5f8372f30325d	hca:0033_10.26508_lsa.202000744_340b92b825	principal cell	principal cell	12	10	1.0	1	0.0
profile:5ef560be7b9f085bea13	hca:0033_10.26508_lsa.202000744_340b92b825	spermatozoa	spermatozoa	12	10	1.0	0	
profile:98d1cab4fdf10497e675	hca:0033_10.26508_lsa.202000744_340b92b825	stromal muscle cell	stromal/muscle cell	8	10	1.0	0	
profile:6a82b9664715321af76d	hca:0035_10.1101_2021.03.02.433590_8f70c6deeb	non tumorigenic mcf12a cell	non-tumorigenic MCF12A cell	4	9	0.25	0	
profile:ee78e07c995af7cca84f	hca:0035_10.1101_2021.03.02.433590_8f70c6deeb	triple negative breast cancer cell	triple-negative breast cancer cell	4	9	0.25	0	
profile:14ce7899df10bc4ddf40	hca:0035_10.1101_2021.03.02.433590_8f70c6deeb	triple negative subtype b breast cancer cell	triple-negative subtype B breast cancer cell	4	9	1.0	0	
profile:19f0c109f0c872fe2412	hca:0037_10.1038_s41593-019-0539-4_24ef44df9e	astrocyte	astrocyte	3	5	1.0	14	0.21428571428571427
profile:afbd136eb5d87738d0a8	hca:0037_10.1038_s41593-019-0539-4_24ef44df9e	microglia	microglia	13	5	1.0	16	0.052884615384615384
profile:d0fb0f17d81f6bc73ee0	hca:0037_10.1038_s41593-019-0539-4_24ef44df9e	neuron	neuron	5	5	1.0	7	0.11428571428571428
profile:d0ecdc2ce59ba7b0283c	hca:0037_10.1038_s41593-019-0539-4_24ef44df9e	oligodendrocyte	oligodendrocyte	3	5	1.0	16	0.5
profile:929495acb946b46db069	hca:0038_10.1038_s41586-022-04518-2_c7bd3c9981	adipocyte subpopulation had3	adipocyte subpopulation hAd3	4	14	1.0	0	
profile:e746c0fe0817e3108f6d	hca:0038_10.1038_s41586-022-04518-2_c7bd3c9981	adipocyte subpopulation had5	adipocyte subpopulation hAd5	3	14	1.0	0	
profile:31478263a8de6934e0c9	hca:0038_10.1038_s41586-022-04518-2_c7bd3c9981	adipocyte subpopulation had6	adipocyte subpopulation hAd6	3	14	1.0	0	
profile:0a9168d9c43b2996e566	hca:0039_10.1016_j.isci.2021.102405_1f6d3fbc60	ccl2 positive mesenchymal stem cell	CCL2-positive mesenchymal stem cell	3	19	0.3333333333333333	0	
profile:f7998eacd5ba89b7d2a3	hca:0039_10.1016_j.isci.2021.102405_1f6d3fbc60	dental pulp mesenchymal stem cell	dental pulp mesenchymal stem cell	3	19	1.0	0	
profile:5cf77464213bb1a7d3e4	hca:0039_10.1016_j.isci.2021.102405_1f6d3fbc60	epithelial cell	epithelial cell	7	19	1.0	13	0.05494505494505495
profile:c293cf8612ac92b463af	hca:0039_10.1016_j.isci.2021.102405_1f6d3fbc60	mesenchymal stem cell	mesenchymal stem cell	7	19	0.7142857142857143	4	0.21428571428571427
profile:a43577e11897d64ab1a5	hca:0039_10.1016_j.isci.2021.102405_1f6d3fbc60	myh11 positive mesenchymal stem cell	MYH11-positive mesenchymal stem cell	3	19	1.0	0	
profile:78057c152669fa63f565	hca:0039_10.1016_j.isci.2021.102405_1f6d3fbc60	schwann cell	Schwann cell	4	19	0.75	2	0.25
profile:aea5647ffaeb61852e8f	hca:0039_10.1016_j.isci.2021.102405_1f6d3fbc60	t cell	T cell	3	19	0.6666666666666666	36	0.35185185185185186
profile:f96f2e1dc9f79de3e807	hca:0040_10.1016_j.xcrm.2021.100219_d37660c408	basal cell	basal cell	3	24	0.6666666666666666	11	0.0
profile:acbaf6f0b24fd8c376c7	hca:0040_10.1016_j.xcrm.2021.100219_d37660c408	basal stem cell	basal/stem cell	3	24	0.6666666666666666	1	0.0
profile:03546cb7a884d68d3af8	hca:0040_10.1016_j.xcrm.2021.100219_d37660c408	luminal mature cell	luminal mature cell	3	24	0.0	0	
profile:d69e95e055ec1fe5b3b9	hca:0040_10.1016_j.xcrm.2021.100219_d37660c408	luminal progenitor cell	luminal progenitor cell	8	24	0.5	2	0.4375
profile:ce38b03f43ca982f9e25	hca:0040_10.1016_j.xcrm.2021.100219_d37660c408	luminal progenitor cluster 11	luminal progenitor cluster 11	9	24	0.8888888888888888	0	
profile:813d795aa6b0cb5c7792	hca:0040_10.1016_j.xcrm.2021.100219_d37660c408	luminal progenitor cluster 12	luminal progenitor cluster 12	3	24	0.3333333333333333	0	
profile:cc5a0453829a90ccc0a6	hca:0040_10.1016_j.xcrm.2021.100219_d37660c408	luminal progenitor cluster 2	luminal progenitor cluster 2	6	24	0.6666666666666666	0	
profile:1e44f2b0f8eea3e4d9d8	hca:0040_10.1016_j.xcrm.2021.100219_d37660c408	luminal progenitor cluster n0	luminal progenitor cluster N0	4	24	0.0	0	
profile:a1f83710f7ca302fc771	hca:0040_10.1016_j.xcrm.2021.100219_d37660c408	luminal progenitor cluster n19	luminal progenitor cluster N19	5	24	0.8	0	
profile:1d4df64a0adb6484002e	hca:0040_10.1016_j.xcrm.2021.100219_d37660c408	mature luminal cell	mature luminal cell	6	24	0.16666666666666666	1	0.5
profile:15c09a89568d94961180	hca:0040_10.1016_j.xcrm.2021.100219_d37660c408	mature luminal cluster 4	mature luminal cluster 4	4	24	1.0	0	
profile:4bc985f288a639985d3f	hca:0040_10.1016_j.xcrm.2021.100219_d37660c408	mature luminal cluster n2	mature luminal cluster N2	5	24	0.0	0	
profile:152eb3017b33c67b9bff	hca:0040_10.1016_j.xcrm.2021.100219_d37660c408	mature luminal cluster n8	mature luminal cluster N8	4	24	0.0	0	
profile:d222a3e72e104a7c9763	hca:0041_10.1016_j.xgen.2022.100108_d4824b85dd	alveolar type 1 cell	alveolar type 1 cell	7	16	1.0	4	0.17857142857142858
profile:479e615425c48f2b2277	hca:0041_10.1016_j.xgen.2022.100108_d4824b85dd	matrix fibroblast	matrix fibroblast	3	16	0.3333333333333333	0	
profile:04e351863daceab6ddb3	hca:0041_10.1016_j.xgen.2022.100108_d4824b85dd	mesenchymal progenitor	mesenchymal progenitor	5	16	1.0	0	
profile:bda7bddfa89145e8f9b7	hca:0041_10.1016_j.xgen.2022.100108_d4824b85dd	myofibroblast	myofibroblast	6	16	0.8333333333333334	16	0.15625
profile:24052d48ad7525740907	hca:0041_10.1016_j.xgen.2022.100108_d4824b85dd	myofibroblast 1	myofibroblast 1	3	16	0.6666666666666666	0	
profile:353c28a947f7510ee511	hca:0041_10.1016_j.xgen.2022.100108_d4824b85dd	myofibroblast 2	myofibroblast 2	4	16	0.75	0	
profile:6c82e624bbce6a6f1406	hca:0042_10.1126_sciadv.aau4788_744a251f24	antigen presenting cell	antigen-presenting cell	5	22	1.0	0	
profile:c9c9868610bf4e15dff4	hca:0042_10.1126_sciadv.aau4788_744a251f24	cytotoxic t cell	cytotoxic T cell	3	22	0.6666666666666666	5	0.3333333333333333
profile:44f9bc4fa3033ae57748	hca:0042_10.1126_sciadv.aau4788_744a251f24	decidual fibroblast 2	decidual fibroblast 2	4	22	0.75	0	
profile:b724d3e62c4293ffa018	hca:0042_10.1126_sciadv.aau4788_744a251f24	decidualized stromal cell	decidualized stromal cell	7	22	1.0	0	
profile:13127e9234e2037eea24	hca:0042_10.1126_sciadv.aau4788_744a251f24	endometrial epithelial cell	endometrial epithelial cell	17	22	1.0	0	
profile:a407e44c6f5bbc2c39e4	hca:0042_10.1126_sciadv.aau4788_744a251f24	erythroblast	erythroblast	11	22	1.0	2	0.045454545454545456
profile:5e035060b0a1b91c14ce	hca:0042_10.1126_sciadv.aau4788_744a251f24	extravillous trophoblast	extravillous trophoblast	9	22	0.6666666666666666	2	0.0
profile:43f6591d88b689aa69fa	hca:0042_10.1126_sciadv.aau4788_744a251f24	fibroblast	fibroblast	5	22	1.0	49	0.163265306122449
profile:57d9b2eab2f223a215eb	hca:0042_10.1126_sciadv.aau4788_744a251f24	fibroblast 1	fibroblast 1	4	22	0.0	3	0.0
profile:8b6d211173b87b8cb8a5	hca:0042_10.1126_sciadv.aau4788_744a251f24	fibroblast 2	fibroblast 2	4	22	1.0	2	0.0
profile:f77c353b74269360701f	hca:0042_10.1126_sciadv.aau4788_744a251f24	fibroblast 3	fibroblast 3	10	22	0.5	1	0.0
profile:70908bdecab080fa3df4	hca:0042_10.1126_sciadv.aau4788_744a251f24	hofbauer cell	Hofbauer cell	9	22	1.0	1	0.1111111111111111
profile:c96ae36a7700fb69f0f6	hca:0042_10.1126_sciadv.aau4788_744a251f24	lymphatic endothelial cell	lymphatic endothelial cell	6	22	1.0	17	0.10784313725490197
profile:3a882b4e6db0bfc909e2	hca:0042_10.1126_sciadv.aau4788_744a251f24	maternal macrophage	maternal macrophage	5	22	1.0	1	0.0
profile:c647b2f5878209628ba4	hca:0042_10.1126_sciadv.aau4788_744a251f24	natural killer cell	natural killer cell	8	22	0.875	33	0.17803030303030304
profile:d615a8943ecdea94bc7a	hca:0042_10.1126_sciadv.aau4788_744a251f24	smooth muscle cell	smooth muscle cell	5	22	1.0	24	0.25
profile:dc31456596895bc97d5b	hca:0042_10.1126_sciadv.aau4788_744a251f24	syncytiotrophoblast	syncytiotrophoblast	10	22	0.8	2	0.15
profile:8da2e1eafe6ca32e9823	hca:0042_10.1126_sciadv.aau4788_744a251f24	t cell	T cell	6	22	1.0	36	0.125
profile:efc6f6ea6c1077d74649	hca:0042_10.1126_sciadv.aau4788_744a251f24	vascular endothelial cell	vascular endothelial cell	9	22	0.8888888888888888	6	0.09259259259259259
profile:2da0200ee787d4547811	hca:0042_10.1126_sciadv.aau4788_744a251f24	villous cytotrophoblast	villous cytotrophoblast	3	22	1.0	1	0.0
profile:c2a20aa637a4c4dd3fea	hca:0043_10.1038_s41556-023-01108-w_511ea5e6f6	dp4	dp4	3	12	0.6666666666666666	1	1.0
profile:962ee5733e34a9381fe2	hca:0044_10.1101_2021.11.30.470583_4b4329647c	dp4	dp4	3	10	0.6666666666666666	1	1.0
profile:2cdfc4d7cbb6fcaa0edf	hca:0044_10.1101_2021.11.30.470583_4b4329647c	second heart field	second heart field	4	10	1.0	0	
profile:de39002a678110e15a62	hca:0045_10.15252_embj.2018100811_a99bb4a451	amacrine cell	amacrine cell	3	16	1.0	1	0.0
profile:fb6ea10779241dabb17f	hca:0045_10.15252_embj.2018100811_a99bb4a451	cone photoreceptor	cone photoreceptor	10	16	0.8	2	0.2
profile:1002015a86d3d513f037	hca:0045_10.15252_embj.2018100811_a99bb4a451	l m cone	L/M-cone	7	16	0.8571428571428571	0	
profile:503050bdf8ef91626f98	hca:0045_10.15252_embj.2018100811_a99bb4a451	microglia	microglia	3	16	1.0	16	0.020833333333333332
profile:bcac53b43dbc265c3f8c	hca:0045_10.15252_embj.2018100811_a99bb4a451	müller glia	Müller glia	5	16	0.4	4	0.2
profile:3d1096b6d50c5a7a2952	hca:0045_10.15252_embj.2018100811_a99bb4a451	retinal astrocyte	retinal astrocyte	5	16	0.4	0	
profile:c3c74e20ebb43802491c	hca:0045_10.15252_embj.2018100811_a99bb4a451	retinal ganglion cell	retinal ganglion cell	3	16	1.0	2	0.5
profile:05ad12fef1dc05493cbd	hca:0045_10.15252_embj.2018100811_a99bb4a451	rod photoreceptor	rod photoreceptor	3	16	1.0	2	0.16666666666666666
profile:e960655a78612f7710f8	hca:0045_10.15252_embj.2018100811_a99bb4a451	s cone	S-cone	12	16	1.0	0	
profile:55d4fb77261aceb00167	hca:0046_10.1007_s00018-022-04559-w_6919bd92ba	ciliary epithelium	ciliary epithelium	7	9	1.0	0	
profile:c52f9dbf0d219fb42976	hca:0046_10.1007_s00018-022-04559-w_6919bd92ba	endothelial cell	endothelial cell	7	9	1.0	51	0.2605042016806723
profile:a8e0811949ecc7361324	hca:0046_10.1007_s00018-022-04559-w_6919bd92ba	melanocyte	melanocyte	3	9	0.3333333333333333	9	0.48148148148148145
profile:a76c3645719dc59515f8	hca:0046_10.1007_s00018-022-04559-w_6919bd92ba	pigmented epithelium	pigmented epithelium	4	9	0.5	0	
profile:75d07535db143300656f	hca:0046_10.1007_s00018-022-04559-w_6919bd92ba	pro inflammatory m1 macrophage	pro-inflammatory (M1) macrophage	3	9	1.0	0	
profile:f156bc0547ad3e46c59d	hca:0047_10.15252_embj.2020107333_a4d0f57474	basal cell	basal cell	5	14	0.8	11	0.18181818181818182
profile:fac66fb44cff904fdbcc	hca:0047_10.15252_embj.2020107333_a4d0f57474	cancer associated fibroblast	cancer-associated fibroblast	4	14	0.75	9	0.027777777777777776
profile:343ac023966d4a57996e	hca:0047_10.15252_embj.2020107333_a4d0f57474	cycling tumor associated macrophage	cycling tumor-associated macrophage	14	14	0.5714285714285714	0	
profile:5788b3e2d97516a30dfd	hca:0047_10.15252_embj.2020107333_a4d0f57474	fibroblast	fibroblast	8	14	0.875	49	0.08163265306122448
profile:cdd0059b8b9933e61d26	hca:0047_10.15252_embj.2020107333_a4d0f57474	luminal progenitor cell	luminal progenitor cell	4	14	0.5	2	0.625
profile:8ba13def44ac9846b772	hca:0047_10.15252_embj.2020107333_a4d0f57474	mature luminal cell	mature luminal cell	4	14	0.75	1	0.75
profile:9f7c6652025718ea1dde	hca:0047_10.15252_embj.2020107333_a4d0f57474	myeloid cell macrophage	myeloid cell/macrophage	4	14	0.25	0	
profile:5b9f8da1b898d45e0cab	hca:0047_10.15252_embj.2020107333_a4d0f57474	t regulatory cell	T regulatory cell	8	14	0.875	1	0.375
profile:e79659448d507542eb85	hca:0047_10.15252_embj.2020107333_a4d0f57474	tumor infiltrating myeloid cell	tumor-infiltrating myeloid cell	4	14	0.25	0	
profile:e82925f3f6f6c5e307ff	hca:0048_10.1038_s41588-022-01243-4_ae2af85553	alveolar macrophage expressing metallothioneins	alveolar macrophage expressing metallothioneins	3	20	1.0	0	
profile:d30cf8cf2fba17ed7a9c	hca:0048_10.1038_s41588-022-01243-4_ae2af85553	chondrocyte	chondrocyte	5	20	1.0	4	0.45
profile:981811f17f5230754b19	hca:0048_10.1038_s41588-022-01243-4_ae2af85553	immune recruiting venous perivascular cell	immune recruiting venous perivascular cell	4	20	0.5	0	
profile:dffe19ce52769a26e983	hca:0048_10.1038_s41588-022-01243-4_ae2af85553	macro ccl macrophage	Macro-CCL macrophage	3	20	1.0	2	1.0
profile:b112f31052b05f454dbd	hca:0048_10.1038_s41588-022-01243-4_ae2af85553	myelinating schwann cell	myelinating Schwann cell	4	20	1.0	2	0.75
profile:2848c617843d6483c00d	hca:0048_10.1038_s41588-022-01243-4_ae2af85553	myoepithelial cell	myoepithelial cell	9	20	1.0	4	0.3055555555555556
profile:8d8b1f06586cdec9d954	hca:0048_10.1038_s41588-022-01243-4_ae2af85553	nonmyelinating schwann cell	nonmyelinating Schwann cell	5	20	1.0	2	0.8
profile:911b4beaecd59ce9249f	hca:0048_10.1038_s41588-022-01243-4_ae2af85553	perichondrial fibroblast	perichondrial fibroblast	3	20	1.0	0	
profile:01c504b91f8572becca3	hca:0048_10.1038_s41588-022-01243-4_ae2af85553	submucosal gland duct cell	submucosal gland duct cell	5	20	0.6	1	0.6
profile:47d114396c9b7c89f812	hca:0048_10.1038_s41588-022-01243-4_ae2af85553	submucosal gland epithelial cell	submucosal gland epithelial cell	3	20	1.0	0	
profile:75702d04b890420009a9	hca:0048_10.1038_s41588-022-01243-4_ae2af85553	submucosal gland serous cell	submucosal gland serous cell	3	20	0.3333333333333333	1	0.0
profile:3e9ca053cb69be0538fe	hca:0049_10.1038_s41586-023-06252-9_3d2f22d6e6	adipocyte	adipocyte	7	47	0.8571428571428571	5	0.37142857142857144
profile:abcc0aabf89864f812c6	hca:0049_10.1038_s41586-023-06252-9_3d2f22d6e6	basal myoepithelial cell	basal-myoepithelial cell	3	47	1.0	1	0.3333333333333333
profile:4f3b071e7f2f33591826	hca:0049_10.1038_s41586-023-06252-9_3d2f22d6e6	fibroblast major cell state	fibroblast major cell state	3	47	1.0	0	
profile:e62762c7e89c46053c4b	hca:0049_10.1038_s41586-023-06252-9_3d2f22d6e6	luminal hormone responsive cell	luminal hormone-responsive cell	3	47	1.0	0	
profile:67c560413bb3482e8597	hca:0049_10.1038_s41586-023-06252-9_3d2f22d6e6	luminal secretory kit cell state	luminal secretory KIT cell state	4	47	1.0	0	
profile:0e53ef44e2c280c1a50d	hca:0049_10.1038_s41586-023-06252-9_3d2f22d6e6	pericyte	pericyte	3	47	1.0	29	0.20689655172413793
profile:b29c0d25a13dcd3b5780	hca:0049_10.1038_s41586-023-06252-9_3d2f22d6e6	t helper like cell	T helper-like cell	3	47	0.3333333333333333	0	
profile:6ed258e03990b77b03f1	hca:0049_10.1038_s41586-023-06252-9_3d2f22d6e6	vascular smooth muscle cell	vascular smooth muscle cell	4	47	1.0	9	0.2222222222222222
profile:146a2a6572d570a379f5	hca:0050_10.1073_pnas.1507125112_495172b774	excitatory neuron	excitatory neuron	3	20	1.0	8	0.25
profile:57b646d151d83c552dbb	hca:0050_10.1073_pnas.1507125112_495172b774	fetal neuronal cell	fetal neuronal cell	3	20	1.0	0	
profile:b2a68fc3794ec5685723	hca:0050_10.1073_pnas.1507125112_495172b774	inhibitory neuron	inhibitory neuron	3	20	0.0	5	0.4666666666666666
profile:f886a343b5ca749981c4	hca:0050_10.1073_pnas.1507125112_495172b774	layer three neuron	layer three neuron	3	20	0.3333333333333333	0	
profile:a6003ff3e6adda55409f	hca:0050_10.1073_pnas.1507125112_495172b774	neuron	neuron	3	20	1.0	7	0.23809523809523805
profile:36f97ffbdca305bc2481	hca:0050_10.1073_pnas.1507125112_495172b774	parvalbumin expressing interneuron	parvalbumin-expressing interneuron	4	20	0.0	0	
profile:eb04512c8c7fa1e0ef5f	hca:0050_10.1073_pnas.1507125112_495172b774	parvalbumin positive neuron	parvalbumin-positive neuron	4	20	0.0	0	
profile:58852771c52c2a8c32bb	hca:0051_10.1038_s41588-024-01990-6_8eb62f3200	astrocyte	astrocyte	3	15	1.0	14	0.0
profile:e7f48fe924c8f24b5a1b	hca:0051_10.1038_s41588-024-01990-6_8eb62f3200	exc_l2 3_linc00507_frem3	Exc_L2-3_LINC00507_FREM3	5	15	0.4	0	
profile:34046e8e548b9225a312	hca:0051_10.1038_s41588-024-01990-6_8eb62f3200	exc_l2 4_linc00507_glp2r	Exc_L2-4_LINC00507_GLP2R	4	15	0.0	0	
profile:ad8b1ad724a51e55a64f	hca:0051_10.1038_s41588-024-01990-6_8eb62f3200	exc_l2_lamp5_ltk	Exc_L2_LAMP5_LTK	6	15	0.16666666666666666	0	
profile:4820defcc51fac68618c	hca:0051_10.1038_s41588-024-01990-6_8eb62f3200	exc_l3 5_rorb_esr1	Exc_L3-5_RORB_ESR1	6	15	0.3333333333333333	0	
profile:3cf8a60cbdcabbd18f4d	hca:0051_10.1038_s41588-024-01990-6_8eb62f3200	exc_l4 5_rorb_folh1b	Exc_L4-5_RORB_FOLH1B	3	15	0.0	0	
profile:b96d926c8ffaf281ac90	hca:0051_10.1038_s41588-024-01990-6_8eb62f3200	exc_l5 6_themis_c1ql3	Exc_L5-6_THEMIS_C1QL3	4	15	0.0	0	
profile:693e770b1b568e2ea6d0	hca:0052_10.1016_j.molmet.2022.101595_3242a2c7db	alpha cell	alpha cell	4	11	1.0	13	0.40384615384615385
profile:383d48d66b827a5a9bd2	hca:0052_10.1016_j.molmet.2022.101595_3242a2c7db	beta cell	beta cell	13	11	0.7692307692307693	15	0.17435897435897435
profile:6e9d74d6ab4d1f7cdc1e	hca:0052_10.1016_j.molmet.2022.101595_3242a2c7db	delta cell	delta cell	5	11	0.4	9	0.33333333333333337
profile:d8f8e4f463d4f0928fb7	hca:0052_10.1016_j.molmet.2022.101595_3242a2c7db	immature alpha cell	immature alpha cell	11	11	1.0	0	
profile:d49c1eddd7820271c80c	hca:0052_10.1016_j.molmet.2022.101595_3242a2c7db	mature beta cell	mature beta cell	3	11	1.0	0	
profile:538da2f5a40a61c8e9c3	hca:0054_10.1164_rccm.202305-0924oc_e37c5c9bab	cd8 klrg1 t effector memory cd45ra	CD8+ KLRG1+ T effector memory CD45RA+	6	2	1.0	0	
profile:45fff69861257b71e830	hca:0054_10.1164_rccm.202305-0924oc_e37c5c9bab	cd8 t resident memory 1	CD8+ T resident memory 1	3	2	1.0	0	
profile:b5809ababedc106127a4	hca:0055_10.1164_rccm.202005-1989oc_b0c2671484	matrix associated monocyte like airspace macrophage	matrix-associated monocyte-like airspace macrophage	5	8	1.0	0	
profile:2bd2d9d82d31c4f00c89	hca:0055_10.1164_rccm.202005-1989oc_b0c2671484	monocyte like airspace macrophage	monocyte-like airspace macrophage	3	8	0.6666666666666666	0	
profile:cadca457b8ae341b373d	hca:0055_10.1164_rccm.202005-1989oc_b0c2671484	proinflammatory airspace macrophage	proinflammatory airspace macrophage	6	8	1.0	0	
profile:2549df1cfb1925895ca5	hca:0056_10.1038_s41586-018-0449-8_fdcc67f757	basal cell	basal cell	3	13	1.0	11	0.5454545454545454
profile:e65b5ad34109ba22b8b0	hca:0056_10.1038_s41586-018-0449-8_fdcc67f757	endothelial cell	endothelial cell	4	13	1.0	51	0.0392156862745098
profile:3fd842ef257a92c96851	hca:0056_10.1038_s41586-018-0449-8_fdcc67f757	fibroblast	fibroblast	4	13	1.0	49	0.08673469387755102
profile:6c60893f684613e2168c	hca:0056_10.1038_s41586-018-0449-8_fdcc67f757	glandular cell	glandular cell	6	13	0.8333333333333334	0	
profile:514cb2ac863440f197dd	hca:0056_10.1038_s41586-018-0449-8_fdcc67f757	mast cell	mast cell	4	13	0.75	19	0.21052631578947367
profile:c8efb4248603b7bf675b	hca:0056_10.1038_s41586-018-0449-8_fdcc67f757	myeloid cell	myeloid cell	4	13	1.0	11	0.06818181818181818
profile:bb757472408616b483e0	hca:0056_10.1038_s41586-018-0449-8_fdcc67f757	secretory goblet cell	secretory goblet cell	3	13	1.0	0	
profile:66fe782112c93862f860	hca:0056_10.1038_s41586-018-0449-8_fdcc67f757	t helper 2a cell	T-helper 2A cell	4	13	0.75	0	
profile:431841c9a9290cabb7f2	hca:0057_10.1038_s41586-019-0903-2_059a54df94	immune oligodendroglia	immune oligodendroglia	5	5	1.0	0	
profile:d2fd8c8af5516f5dd249	hca:0057_10.1038_s41586-019-0903-2_059a54df94	oligodendrocyte precursor cell	oligodendrocyte precursor cell	4	5	1.0	7	0.35714285714285715
profile:34c19433ca5d27d2e48a	hca:0058_10.1016_j.immuni.2024.01.006_4c90d18ac6	cd8 t cell	CD8 T cell	3	28	1.0	11	0.030303030303030304
profile:eabcd1011a653feb7041	hca:0058_10.1016_j.immuni.2024.01.006_4c90d18ac6	early germinal center committed naive b cell	early germinal center-committed naive B cell	4	28	1.0	0	
profile:ff2e2015b92aaaeffb1a	hca:0058_10.1016_j.immuni.2024.01.006_4c90d18ac6	germinal center committed cell	germinal center-committed cell	3	28	1.0	0	
profile:821701851f8548bb51d1	hca:0058_10.1016_j.immuni.2024.01.006_4c90d18ac6	il7r dendritic cell	IL7R+ dendritic cell	5	28	0.6	0	
profile:1d66ca0889fec3d9c9cb	hca:0058_10.1016_j.immuni.2024.01.006_4c90d18ac6	marginal reticular cell	marginal reticular cell	4	28	1.0	1	0.0
profile:7e7b88b0d5702c09d8c3	hca:0058_10.1016_j.immuni.2024.01.006_4c90d18ac6	mature plasma cell	mature plasma cell	7	28	1.0	0	
profile:3d4267252b20276b21e4	hca:0058_10.1016_j.immuni.2024.01.006_4c90d18ac6	plasma cell	plasma cell	5	28	1.0	22	0.16363636363636364
profile:0df43c16c1426e3f1eaa	hca:0058_10.1016_j.immuni.2024.01.006_4c90d18ac6	precursor b cell	precursor B cell	6	28	0.5	1	0.16666666666666666
profile:0b68ec9be92429505009	hca:0058_10.1016_j.immuni.2024.01.006_4c90d18ac6	precursor t cell	precursor T cell	5	28	0.4	0	
profile:5fa1bbecbe196d85c2ca	hca:0058_10.1016_j.immuni.2024.01.006_4c90d18ac6	resident memory cd8 t cell	resident memory CD8 T cell	4	28	1.0	0	
profile:f817c1d4ff566f071ed6	hca:0058_10.1016_j.immuni.2024.01.006_4c90d18ac6	t follicular helper memory cell	T follicular helper memory cell	4	28	1.0	0	
profile:ade150cfefe27fd37e64	hca:0059_10.1080_22221751.2020.1826361_4a743eba8f	effector memory cd8 positive t cell	effector memory CD8-positive T cell	3	16	0.3333333333333333	0	
profile:336d41fb32a146f7d0f5	hca:0059_10.1080_22221751.2020.1826361_4a743eba8f	exhausted cd8 positive t cell	exhausted CD8-positive T cell	8	16	0.875	4	0.09375
profile:1b021f9055c06d0c9fff	hca:0059_10.1080_22221751.2020.1826361_4a743eba8f	interferon responsive effector memory cd8 positive t cell	interferon-responsive effector memory CD8-positive T cell	4	16	1.0	0	
profile:bb8795a5a587bcf09435	hca:0059_10.1080_22221751.2020.1826361_4a743eba8f	precursor memory cd4 positive t cell	precursor memory CD4-positive T cell	4	16	0.75	0	
profile:9d4cb55d25569a9efb15	hca:0060_10.3389_fcell.2022.872688_ac00c45d48	basal keratinocyte	basal keratinocyte	3	22	0.6666666666666666	0	
profile:1e25e56d9d9307f6692e	hca:0060_10.3389_fcell.2022.872688_ac00c45d48	differentiated granular keratinocyte	differentiated granular keratinocyte	5	22	1.0	0	
profile:ee26c3e429abdd39d6c7	hca:0060_10.3389_fcell.2022.872688_ac00c45d48	fibroblast cluster 4	fibroblast cluster 4	7	22	1.0	0	
profile:dc5bbcd08baeac25b173	hca:0060_10.3389_fcell.2022.872688_ac00c45d48	keratinocyte	keratinocyte	3	22	0.3333333333333333	2	0.16666666666666666
profile:496b320dcb75aa95d9ba	hca:0060_10.3389_fcell.2022.872688_ac00c45d48	lymphatic endothelial cell	lymphatic endothelial cell	3	22	1.0	17	0.29411764705882354
profile:c5b964b7d1559d876cf4	hca:0060_10.3389_fcell.2022.872688_ac00c45d48	macrophage	macrophage	4	22	1.0	42	0.20238095238095238
profile:65ece45cf431ce87aed0	hca:0060_10.3389_fcell.2022.872688_ac00c45d48	macrophage dendritic cell	macrophage/dendritic cell	3	22	1.0	0	
profile:3aed6fa457c0f0116641	hca:0060_10.3389_fcell.2022.872688_ac00c45d48	secretory reticular dermal fibroblast	secretory reticular dermal fibroblast	4	22	1.0	0	
profile:2765f06736060251a98d	hca:0060_10.3389_fcell.2022.872688_ac00c45d48	vascular smooth muscle cell	vascular smooth muscle cell	5	22	0.8	9	0.37777777777777777
profile:1a0700508a0070eba38a	hca:0061_10.1038_s41467-023-36983-2_7d240f9eb9	adipocyte	adipocyte	7	6	1.0	5	0.14285714285714285
profile:23626ced08576d5c2dc0	hca:0061_10.1038_s41467-023-36983-2_7d240f9eb9	vascular cell subtype vc05	vascular cell subtype vC05	4	6	0.5	0	
profile:43da95b7335df9a60bcb	hca:0062_10.1038_s41588-024-01873-w_27bb519849	endometrial epithelial stem progenitor cell	endometrial epithelial stem/progenitor cell	4	16	0.5	0	
profile:b55974fe980ac9f964f8	hca:0062_10.1038_s41588-024-01873-w_27bb519849	endometrial stromal cell expressing matrix metalloproteinases	endometrial stromal cell expressing matrix metalloproteinases	4	16	1.0	0	
profile:0282a58b149a523a3107	hca:0062_10.1038_s41588-024-01873-w_27bb519849	muc5b positive epithelial cell	MUC5B-positive epithelial cell	4	16	1.0	1	0.5
profile:97b1dc2ee671566d0333	hca:0062_10.1038_s41588-024-01873-w_27bb519849	preglandular epithelial population	preGlandular epithelial population	4	16	1.0	0	
profile:1b45ac5106bffebb97a8	hca:0062_10.1038_s41588-024-01873-w_27bb519849	sox9 functionalis i epithelial population	SOX9 functionalis I epithelial population	4	16	0.5	0	
profile:8c151d9985053aaca4ab	hca:0062_10.1038_s41588-024-01873-w_27bb519849	sox9 functionalis ii epithelial population	SOX9 functionalis II epithelial population	3	16	1.0	0	
profile:f85b23ffdaeafe20453b	hca:0062_10.1038_s41588-024-01873-w_27bb519849	uterine macrophage 2	uterine macrophage 2	3	16	1.0	0	
profile:a69631b5538f3281d635	hca:0063_10.1016_j.cell.2021.04.028_f5e4882de7	f3 positive subepithelial mesenchymal cell	F3-positive subepithelial mesenchymal cell	3	19	0.6666666666666666	0	
profile:2569106ad88ab558b5da	hca:0063_10.1016_j.cell.2021.04.028_f5e4882de7	intestinal stem cell	intestinal stem cell	3	19	0.3333333333333333	7	0.5238095238095238
profile:842d97eac27876085243	hca:0064_10.1038_s41586-021-04221-8_65d6d3d212	fibroblast	fibroblast	8	5	0.75	49	0.0
profile:b2a3b1a8d44872cd7cb1	hca:0065_10.1101_2020.12.03.20242412_aa08d1f424	alveolar type 1 cell cluster b	alveolar type 1 cell cluster B	3	18	1.0	0	
profile:f8d490210a66e3441a46	hca:0065_10.1101_2020.12.03.20242412_aa08d1f424	basal cell	basal cell	3	18	1.0	11	0.6060606060606061
profile:67eeda1c8314b223bc0f	hca:0065_10.1101_2020.12.03.20242412_aa08d1f424	inflammatory alveolar type 2 cell	inflammatory alveolar type 2 cell	9	18	1.0	0	
profile:04cf7541612834225f36	hca:0068_10.1093_ibd_izac201_351dddd961	best4 enterocyte cell	BEST4+ enterocyte cell	3	15	0.6666666666666666	0	
profile:cfe2d317a0738026bb1d	hca:0068_10.1093_ibd_izac201_351dddd961	early enterocyte cell	early enterocyte cell	3	15	0.6666666666666666	0	
profile:10abcecb904a713ff3c2	hca:0068_10.1093_ibd_izac201_351dddd961	enteroendocrine cell	enteroendocrine cell	4	15	1.0	8	0.375
profile:d2e7d09e3aec1b39ebf8	hca:0068_10.1093_ibd_izac201_351dddd961	epithelial cell	epithelial cell	3	15	1.0	13	0.23076923076923075
profile:6fac1ce6f907dccf0640	hca:0068_10.1093_ibd_izac201_351dddd961	goblet cell	goblet cell	3	15	1.0	13	0.4358974358974359
profile:475d0772d8eb4bae33d9	hca:0068_10.1093_ibd_izac201_351dddd961	macrophage	macrophage	3	15	1.0	42	0.06349206349206349
profile:a83152db0b57b2641134	hca:0068_10.1093_ibd_izac201_351dddd961	paneth cell	Paneth cell	3	15	1.0	5	0.6666666666666666
profile:e8b5f95b081c5c9af550	hca:0068_10.1093_ibd_izac201_351dddd961	plasma cell	plasma cell	4	15	1.0	22	0.2159090909090909
profile:3bfaff247b66714dbda8	hca:0068_10.1093_ibd_izac201_351dddd961	stromal cell	stromal cell	3	15	1.0	10	0.13333333333333333
profile:68e520820762a039272c	hca:0068_10.1093_ibd_izac201_351dddd961	transit amplifying cell	transit-amplifying cell	3	15	0.6666666666666666	3	0.6666666666666666
profile:4fb045d13957ebe64585	hca:0068_10.1093_ibd_izac201_351dddd961	tuft cell	tuft cell	3	15	0.6666666666666666	5	0.3333333333333333
profile:42f6cb0d8418888fe5a5	hca:0069_10.1038_s41467-021-23355-x_92232969b4	antibody secreting cell	antibody-secreting cell	3	11	0.3333333333333333	3	0.5555555555555555
profile:23123c79caef2d014b30	hca:0069_10.1038_s41467-021-23355-x_92232969b4	dark zone germinal center b cell	dark zone germinal center B cell	4	11	0.5	0	
profile:313a85f97de277ba93f9	hca:0069_10.1038_s41467-021-23355-x_92232969b4	germinal center b cell	germinal center B cell	3	11	0.6666666666666666	6	0.16666666666666666
profile:cb73252f7ccc0e9e2941	hca:0069_10.1038_s41467-021-23355-x_92232969b4	light zone germinal center b cell	light zone germinal center B cell	7	11	1.0	0	
profile:7b181770077cf53c50d5	hca:0069_10.1038_s41467-021-23355-x_92232969b4	t follicular helper cell	T follicular helper cell	4	11	0.75	6	0.4583333333333333
profile:5322b2d11f3156180377	hca:0069_10.1038_s41467-021-23355-x_92232969b4	transitional zone germinal center b cell	transitional zone germinal center B cell	4	11	1.0	0	
profile:a846fe3fe3b0f61a131f	hca:0071_10.1038_s41586-021-03929-x_6a378f8954	endothelial cell	endothelial cell	3	9	1.0	51	0.04575163398692811
profile:cff3589e5afbc0b5285b	hca:0071_10.1038_s41586-021-03929-x_6a378f8954	sinusoidal endothelial cell	sinusoidal endothelial cell	8	9	1.0	0	
profile:25e04704666d5c423a4a	hca:0071_10.1038_s41586-021-03929-x_6a378f8954	tip endothelial cell	tip endothelial cell	3	9	1.0	0	
profile:cf324261f6f5e67201ce	hca:0072_10.1038_s41591-018-0269-2_c51f595930	long lived plasma cell	long-lived plasma cell	4	2	0.25	1	0.25
profile:aa1d7875c220209ba966	hca:0073_10.1016_j.isci.2021.102482_6ff6d432ab	plasmablast	plasmablast	3	3	0.6666666666666666	3	0.5555555555555555
profile:49a5b9be057987d3cc10	hca:0073_10.1016_j.isci.2021.102482_6ff6d432ab	plasmablast cluster 0 1	plasmablast cluster 0/1	3	3	1.0	0	
profile:cd4e36535478762c0620	hca:0073_10.1016_j.isci.2021.102482_6ff6d432ab	plasmablast cluster 2 and 3	plasmablast cluster 2 and 3	4	3	0.5	0	
profile:7d45999727845acb3b98	hca:0074_10.3389_fimmu.2022.846281_c0060ff2e9	cortical thymic epithelial cell	cortical thymic epithelial cell	8	10	0.875	1	0.5
profile:8643319b4f2a3ab39a11	hca:0074_10.3389_fimmu.2022.846281_c0060ff2e9	medullary thymic epithelial cell	medullary thymic epithelial cell	9	10	0.5555555555555556	1	0.4444444444444444
profile:76cf2d2b12f50da6f6c6	hca:0075_10.1126_scitranslmed.abm1375_6de08b3db5	memory like natural killer cell	memory-like natural killer cell	25	1	1.0	0	
profile:f92bcdba1932ad4252fe	hca:0076_10.1016_j.cell.2021.01.053_e0734afb82	b cell	B cell	3	17	1.0	30	0.45555555555555555
profile:7f56a7def64666ba1827	hca:0076_10.1016_j.cell.2021.01.053_e0734afb82	cd4 t cell	CD4 T cell	4	17	0.25	9	0.027777777777777776
profile:ed3476df478dd26c9d7d	hca:0076_10.1016_j.cell.2021.01.053_e0734afb82	cd8 positive t cell t_cd8_c08 il2rb	CD8-positive T cell T_CD8_c08-IL2RB	4	17	0.75	0	
profile:27b7d3627489d1939278	hca:0076_10.1016_j.cell.2021.01.053_e0734afb82	cd8 t cell	CD8 T cell	5	17	0.4	11	0.05454545454545454
profile:f76e513d30fcd4e4ce22	hca:0076_10.1016_j.cell.2021.01.053_e0734afb82	memory b cell	memory B cell	5	17	1.0	5	0.12
profile:c5018e70cbd7fbeb8664	hca:0076_10.1016_j.cell.2021.01.053_e0734afb82	monocyte mono_c1 cd14 ccl3	monocyte Mono_c1-CD14-CCL3	9	17	1.0	0	
profile:4ff5145498cd930bf2a1	hca:0076_10.1016_j.cell.2021.01.053_e0734afb82	natural killer cell	natural killer cell	3	17	0.6666666666666666	33	0.2828282828282828
profile:5b5a4bfa05bd230f0540	hca:0076_10.1016_j.cell.2021.01.053_e0734afb82	neutrophil	neutrophil	4	17	1.0	10	0.025
profile:bc9be55db66f9e8e4aa6	hca:0076_10.1016_j.cell.2021.01.053_e0734afb82	plasma cell	plasma cell	4	17	1.0	22	0.125
profile:197e50c8c22bfda6fd27	hca:0076_10.1016_j.cell.2021.01.053_e0734afb82	proliferative effector memory cd8 positive t cell t_cd8_c10 mki67 gzmk	proliferative effector memory CD8-positive T cell T_CD8_c10-MKI67-GZMK	4	17	0.75	0	
profile:28af87e4199cf837f95e	hca:0077_10.1038_s41587-020-0602-4_e82c5c2835	cytotoxic t lymphocyte	cytotoxic T lymphocyte	9	5	0.7777777777777778	0	
profile:d039d95a29ff21149eab	hca:0077_10.1038_s41587-020-0602-4_e82c5c2835	monocyte derived macrophage	monocyte-derived macrophage	3	5	0.3333333333333333	6	0.05555555555555555
profile:9cacb5299cfb8630c2a8	hca:0077_10.1038_s41587-020-0602-4_e82c5c2835	natural killer cell	natural killer cell	3	5	0.6666666666666666	33	0.23232323232323235
profile:ff2a95b00a13b5e650a7	hca:0077_10.1038_s41587-020-0602-4_e82c5c2835	non resident macrophage	non-resident macrophage	10	5	0.7	0	
profile:b724b4debf97397177bc	hca:0077_10.1038_s41587-020-0602-4_e82c5c2835	plasma cell	plasma cell	3	5	1.0	22	0.22727272727272727
profile:ae0c3d52b85479ca5f4a	hca:0078_10.1038_s41586-021-03570-8_93e4f0be8b	macrophage	macrophage	5	11	0.8	42	0.009523809523809523
profile:22d60640db6c3c8495b2	hca:0078_10.1038_s41586-021-03570-8_93e4f0be8b	pre alveolar type 1 transitional cell state	pre-alveolar type 1 transitional cell state	6	11	0.6666666666666666	0	
profile:593638df018e3a2c1f28	hca:0080_10.1126_sciadv.abf1444_8cb053b6ed	cardiac fibroblast	cardiac fibroblast	3	10	0.6666666666666666	2	0.16666666666666666
profile:3dcb2378dc9684bb5a59	hca:0080_10.1126_sciadv.abf1444_8cb053b6ed	cardiomyocyte	cardiomyocyte	11	10	0.8181818181818182	9	0.1313131313131313
profile:af200eb5b376d82841ff	hca:0080_10.1126_sciadv.abf1444_8cb053b6ed	endocardial cell	endocardial cell	5	10	0.4	0	
profile:f85c66eba9f83dfebf11	hca:0080_10.1126_sciadv.abf1444_8cb053b6ed	endothelial cell	endothelial cell	4	10	0.5	51	0.10294117647058823
profile:d4299ac699a645c9c847	hca:0080_10.1126_sciadv.abf1444_8cb053b6ed	macrophage	macrophage	3	10	1.0	42	0.09523809523809523
profile:df0fe0cb9ca6182f817c	hca:0081_10.1038_s41598-020-66092-9_e23219ced0	müller glia	Müller glia	6	31	0.3333333333333333	4	0.041666666666666664
profile:ef51c3f7799be7a4521d	hca:0081_10.1038_s41598-020-66092-9_e23219ced0	retinal ganglion cell	retinal ganglion cell	12	31	0.9166666666666666	2	0.041666666666666664
profile:ae2158344151c9e3dae7	hca:0082_10.1016_j.cell.2020.08.013_e864ee2cef	foveal müller cell	foveal Müller cell	5	25	1.0	1	0.2
profile:a0d09f81b409b8fb7023	hca:0082_10.1016_j.cell.2020.08.013_e864ee2cef	foveal pigment epithelial cell	foveal pigment epithelial cell	3	25	1.0	0	
profile:907bd9f671ca132fb1d3	hca:0082_10.1016_j.cell.2020.08.013_e864ee2cef	müller cell	Müller cell	5	25	1.0	1	0.2
profile:ef61702748611618bd9e	hca:0082_10.1016_j.cell.2020.08.013_e864ee2cef	peripheral müller cell	peripheral Müller cell	4	25	1.0	0	
profile:1b85c480f09a3cee916b	hca:0082_10.1016_j.cell.2020.08.013_e864ee2cef	peripheral pigment epithelial cell	peripheral pigment epithelial cell	3	25	1.0	0	
profile:f7db824e5859aa8ca8e0	hca:0082_10.1016_j.cell.2020.08.013_e864ee2cef	pigment epithelial cell	pigment epithelial cell	3	25	1.0	0	
profile:aa8666164195de5b32ab	hca:0083_10.1126_sciimmunol.adz8650_c0046d094c	ccr7 positive conventional dendritic cell	CCR7-positive conventional dendritic cell	3	14	0.6666666666666666	0	
profile:c98a344e8f208ee80eb6	hca:0083_10.1126_sciimmunol.adz8650_c0046d094c	conventional type 1 dendritic cell	conventional type 1 dendritic cell	9	14	1.0	1	0.3333333333333333
profile:ffa8b3a0e896998dc161	hca:0083_10.1126_sciimmunol.adz8650_c0046d094c	conventional type 2 dendritic cell	conventional type 2 dendritic cell	11	14	0.7272727272727273	0	
profile:4b4107b728689264e56e	hca:0083_10.1126_sciimmunol.adz8650_c0046d094c	dendritic cell type 3	dendritic cell type 3	15	14	0.4666666666666667	0	
profile:318f64b0b168340b1996	hca:0083_10.1126_sciimmunol.adz8650_c0046d094c	lamp3 positive conventional dendritic cell	LAMP3-positive conventional dendritic cell	3	14	0.6666666666666666	0	
profile:dd05d0a2d47f885b61b0	hca:0083_10.1126_sciimmunol.adz8650_c0046d094c	macrophage subset m6	macrophage subset M6	3	14	1.0	0	
profile:4879efffb4d250c4a872	hca:0083_10.1126_sciimmunol.adz8650_c0046d094c	macrophage subset m7	macrophage subset M7	6	14	0.8333333333333334	0	
profile:3ccd7f58d70f7eee487b	hca:0083_10.1126_sciimmunol.adz8650_c0046d094c	macrophage subset m8	macrophage subset M8	6	14	1.0	0	
profile:ca16ec72db1e4665d597	hca:0083_10.1126_sciimmunol.adz8650_c0046d094c	mature macrophage	mature macrophage	4	14	0.5	0	
profile:27d107e1721b71fc4688	hca:0083_10.1126_sciimmunol.adz8650_c0046d094c	monocyte	monocyte	4	14	0.75	35	0.24285714285714285
profile:aab8e4dcb3b8336e387b	hca:0084_10.1084_jem.20250471_14ff4cfa40	adventitial type fibroblast	adventitial-type fibroblast	3	13	1.0	0	
profile:3736cc24f11f802bada6	hca:0084_10.1084_jem.20250471_14ff4cfa40	cxcl9 cxcl10 fibroblastic reticular cell	CXCL9+ CXCL10+ fibroblastic reticular cell	4	13	1.0	0	
profile:72430a369593fb187b32	hca:0084_10.1084_jem.20250471_14ff4cfa40	fibroblastic reticular cell	fibroblastic reticular cell	8	13	0.375	0	
profile:dc72900f56b3ea5020a7	hca:0084_10.1084_jem.20250471_14ff4cfa40	follicular dendritic cell	follicular dendritic cell	5	13	0.6	2	0.6
profile:57f02a8fcb0a983d0b2e	hca:0084_10.1084_jem.20250471_14ff4cfa40	interfollicular and medullary fibroblast	interfollicular and medullary fibroblast	4	13	0.0	0	
profile:90495732f0d7044633ea	hca:0084_10.1084_jem.20250471_14ff4cfa40	lamina propria fibroblast	lamina propria fibroblast	4	13	1.0	0	
profile:c313a0524dc92f5ec19c	hca:0084_10.1084_jem.20250471_14ff4cfa40	marginal reticular cell	marginal reticular cell	6	13	0.5	1	0.0
profile:41e829f8af6a0949363c	hca:0084_10.1084_jem.20250471_14ff4cfa40	subepithelial dome fibroblastic reticular cell	subepithelial dome fibroblastic reticular cell	3	13	1.0	0	
profile:7b83312d78a11a8ddb8c	hca:0084_10.1084_jem.20250471_14ff4cfa40	t cell zone reticular cell	T cell zone reticular cell	5	13	0.4	0	
profile:69baab938c413933f943	hca:0085_10.1073_pnas.2200914119_3dd916fb05	ciliary fibroblast	ciliary fibroblast	6	52	0.3333333333333333	0	
profile:ddb2e559f545a3d2cb84	hca:0085_10.1073_pnas.2200914119_3dd916fb05	collector channel and venous endothelial cell	collector channel and venous endothelial cell	4	52	1.0	0	
profile:445935913ec525665147	hca:0085_10.1073_pnas.2200914119_3dd916fb05	conjunctival basal epithelial cell	conjunctival basal epithelial cell	3	52	0.6666666666666666	0	
profile:abc90100df6d3adef96e	hca:0085_10.1073_pnas.2200914119_3dd916fb05	conjunctival lymphatic endothelial cell	conjunctival lymphatic endothelial cell	4	52	0.75	0	
profile:d99f7aab3bb8bc6ee89e	hca:0085_10.1073_pnas.2200914119_3dd916fb05	conjunctival melanocyte	conjunctival melanocyte	3	52	1.0	0	
profile:e45e54ce3474a58de404	hca:0085_10.1073_pnas.2200914119_3dd916fb05	conjunctival or limbal epithelial cell	conjunctival or limbal epithelial cell	4	52	0.0	0	
profile:be560d219504818f2c12	hca:0085_10.1073_pnas.2200914119_3dd916fb05	conjunctival superficial epithelial cell	conjunctival superficial epithelial cell	4	52	0.75	0	
profile:fff345e4d8778181a61e	hca:0085_10.1073_pnas.2200914119_3dd916fb05	conjunctival wing epithelial cell	conjunctival wing epithelial cell	4	52	0.0	0	
profile:d1b2be6fdc3db6c81c95	hca:0085_10.1073_pnas.2200914119_3dd916fb05	corneal epithelial cell	corneal epithelial cell	5	52	0.4	0	
profile:f11bb897b56164f760f0	hca:0085_10.1073_pnas.2200914119_3dd916fb05	corneal superficial squamous epithelial cell	corneal superficial squamous epithelial cell	8	52	0.75	0	
profile:8e0ae1cc56a3f1c09aa2	hca:0085_10.1073_pnas.2200914119_3dd916fb05	fibroblast	fibroblast	5	52	0.8	49	0.14285714285714285
profile:45929fa24f5ee871e965	hca:0085_10.1073_pnas.2200914119_3dd916fb05	goblet cell	goblet cell	4	52	1.0	13	0.038461538461538464
profile:5a212c7353eb091669be	hca:0085_10.1073_pnas.2200914119_3dd916fb05	immune cell	immune cell	4	52	1.0	12	0.14583333333333334
profile:ecd783cb9ce06cfc7cc8	hca:0085_10.1073_pnas.2200914119_3dd916fb05	iris dilator muscle cell	iris dilator muscle cell	3	52	0.3333333333333333	0	
profile:dac922046efa922bde1a	hca:0085_10.1073_pnas.2200914119_3dd916fb05	iris fibroblast	iris fibroblast	5	52	0.4	0	
profile:33c0563e6301dc5c1fb5	hca:0085_10.1073_pnas.2200914119_3dd916fb05	iris melanocyte	iris melanocyte	6	52	0.3333333333333333	0	
profile:0ef082b67bcb4fea546f	hca:0085_10.1073_pnas.2200914119_3dd916fb05	iris stromal fibroblast	iris stromal fibroblast	5	52	0.0	0	
profile:e1932366ecfcbc91c3fd	hca:0085_10.1073_pnas.2200914119_3dd916fb05	limbal wing cell	limbal wing cell	3	52	0.3333333333333333	0	
profile:e3d781e0219312dc5687	hca:0085_10.1073_pnas.2200914119_3dd916fb05	melanocyte	melanocyte	3	52	0.0	9	0.2222222222222222
profile:7289c739254749c65b45	hca:0085_10.1073_pnas.2200914119_3dd916fb05	non corneal macrophage	non-corneal macrophage	3	52	0.6666666666666666	0	
profile:c1d2c49530030962dfba	hca:0085_10.1073_pnas.2200914119_3dd916fb05	nonpigmented ciliary epithelial cell	nonpigmented ciliary epithelial cell	8	52	1.0	0	
profile:5c7c02bbced5ae21ac96	hca:0085_10.1073_pnas.2200914119_3dd916fb05	pericyte	pericyte	4	52	1.0	29	0.1724137931034483
profile:76b52f268b46497dcbc2	hca:0085_10.1073_pnas.2200914119_3dd916fb05	pericyte2	Pericyte2	3	52	1.0	0	
profile:491790f6b0a572b630c4	hca:0085_10.1073_pnas.2200914119_3dd916fb05	pigmented ciliary epithelial cell	pigmented ciliary epithelial cell	12	52	1.0	0	
profile:6bbadde6dd9a6d5d74c6	hca:0085_10.1073_pnas.2200914119_3dd916fb05	schwann cell	Schwann cell	3	52	1.0	2	0.0
profile:95426f76aee9f3acdd72	hca:0085_10.1073_pnas.2200914119_3dd916fb05	superficial limbal epithelial cell	superficial limbal epithelial cell	3	52	0.3333333333333333	0	
profile:9cae9d4b7a03444b403b	hca:0085_10.1073_pnas.2200914119_3dd916fb05	trabecular meshwork fibroblast	trabecular meshwork fibroblast	16	52	0.8125	0	
profile:d0dbbe0d2216193fd78f	hca:0085_10.1073_pnas.2200914119_3dd916fb05	transit amplifying cell	transit amplifying cell	4	52	1.0	3	0.5833333333333334
profile:d3d6284957a3180905bb	hca:0085_10.1073_pnas.2200914119_3dd916fb05	uveal fibroblast	uveal fibroblast	10	52	0.7	0	
profile:068d9b2042b5319865c7	hca:0085_10.1073_pnas.2200914119_3dd916fb05	uveal melanocyte	uveal melanocyte	3	52	1.0	0	
profile:fb6274b162c9b4114e52	hca:0089_10.1038_s41586-020-2797-4_6e65d21b5d	adipocyte 2	adipocyte 2	3	37	1.0	1	0.0
profile:f10a4c24fd250e0117d0	hca:0089_10.1038_s41586-020-2797-4_6e65d21b5d	antigen presenting macrophage	antigen-presenting macrophage	5	37	1.0	1	0.0
profile:f614308c2db35299a10a	hca:0089_10.1038_s41586-020-2797-4_6e65d21b5d	arterial endothelial cell	arterial endothelial cell	3	37	1.0	5	0.3333333333333333
profile:5382ea42c8c369a8f19a	hca:0089_10.1038_s41586-020-2797-4_6e65d21b5d	arterial smooth muscle cell	arterial smooth muscle cell	3	37	0.6666666666666666	0	
profile:b93951a710d5b4621155	hca:0089_10.1038_s41586-020-2797-4_6e65d21b5d	atrial cardiomyocyte	atrial cardiomyocyte	3	37	0.6666666666666666	1	0.0
profile:a0a10271e56f11304fe4	hca:0089_10.1038_s41586-020-2797-4_6e65d21b5d	atrial cardiomyocyte 1	atrial cardiomyocyte 1	3	37	1.0	0	
profile:81cf2eb5a491db20b9f6	hca:0089_10.1038_s41586-020-2797-4_6e65d21b5d	atrial cardiomyocyte 2	atrial cardiomyocyte 2	5	37	0.8	0	
profile:b96af61ebc496eda748a	hca:0089_10.1038_s41586-020-2797-4_6e65d21b5d	cardiac adipocyte	cardiac adipocyte	4	37	1.0	0	
profile:0aaa3c3b39f7c1fe8dcb	hca:0089_10.1038_s41586-020-2797-4_6e65d21b5d	cardiomyocyte	cardiomyocyte	6	37	0.8333333333333334	9	0.0925925925925926
profile:1f2f594ff5a00307f45d	hca:0089_10.1038_s41586-020-2797-4_6e65d21b5d	cd8 positive effector memory t cell	CD8-positive effector-memory T cell	3	37	1.0	0	
profile:0080dd644d165845be7a	hca:0089_10.1038_s41586-020-2797-4_6e65d21b5d	endothelial cell	endothelial cell	3	37	1.0	51	0.4444444444444444
profile:d79da4ec5e1edd69e81b	hca:0089_10.1038_s41586-020-2797-4_6e65d21b5d	fibroblast	fibroblast	3	37	1.0	49	0.23129251700680273
profile:3c42fb07afb6c964bc16	hca:0089_10.1038_s41586-020-2797-4_6e65d21b5d	immune related endothelial cell	immune-related endothelial cell	4	37	1.0	0	
profile:44f0a1c6df5f37891d99	hca:0089_10.1038_s41586-020-2797-4_6e65d21b5d	lymphatic endothelial cell	lymphatic endothelial cell	3	37	1.0	17	0.411764705882353
profile:5a76a9560ecdd25c98de	hca:0089_10.1038_s41586-020-2797-4_6e65d21b5d	mesothelial cell	mesothelial cell	3	37	1.0	5	0.26666666666666666
profile:16aeff57f24e35069ab9	hca:0089_10.1038_s41586-020-2797-4_6e65d21b5d	monocyte derived macrophage	monocyte-derived macrophage	6	37	1.0	6	0.0
profile:e772488a2c2bd8361844	hca:0089_10.1038_s41586-020-2797-4_6e65d21b5d	neuronal cell	neuronal cell	3	37	1.0	4	0.25
profile:5ba9daa63b1c3999e4f2	hca:0089_10.1038_s41586-020-2797-4_6e65d21b5d	neuronal cell 5	neuronal cell 5	4	37	1.0	0	
profile:96f9c51c0f21d2c2b5ec	hca:0089_10.1038_s41586-020-2797-4_6e65d21b5d	neuronal cell 6	neuronal cell 6	3	37	1.0	0	
profile:4bfaa07658477d7b7c86	hca:0089_10.1038_s41586-020-2797-4_6e65d21b5d	ventricle enriched pericyte	ventricle-enriched pericyte	3	37	1.0	0	
profile:6257ae8c27433c296d9f	hca:0089_10.1038_s41586-020-2797-4_6e65d21b5d	ventricular cardiomyocyte	ventricular cardiomyocyte	10	37	1.0	0	
profile:f6b8df3d2b7ddcaa1f22	hca:0089_10.1038_s41586-020-2797-4_6e65d21b5d	ventricular cardiomyocyte 2	ventricular cardiomyocyte 2	3	37	1.0	0	
profile:71e00976e7d1e59646ed	hca:0089_10.1038_s41586-020-2797-4_6e65d21b5d	ventricular cardiomyocyte 3	ventricular cardiomyocyte 3	7	37	0.8571428571428571	0	
profile:eeeb413a0eae2cf059c8	hca:0089_10.1038_s41586-020-2797-4_6e65d21b5d	ventricular cardiomyocyte 4	ventricular cardiomyocyte 4	6	37	0.8333333333333334	0	
profile:c7a34d8811da7e48b654	hca:0089_10.1038_s41586-020-2797-4_6e65d21b5d	ventricular cardiomyocyte 5	ventricular cardiomyocyte 5	5	37	1.0	0	
profile:69c3c33b6868e0e88846	hca:0090_10.1038_s41586-021-03852-1_eec89a5e36	adult type 3 innate lymphoid cell	adult type 3 innate lymphoid cell	4	72	0.5	0	
profile:3b2108ec3f5f318673df	hca:0090_10.1038_s41586-021-03852-1_eec89a5e36	arterial endothelial cell	arterial endothelial cell	4	72	0.75	5	0.30000000000000004
profile:8b7fc2c4f6040d48d0c1	hca:0090_10.1038_s41586-021-03852-1_eec89a5e36	best2 goblet cell	BEST2 goblet cell	4	72	1.0	0	
profile:1418357530a7a52fbef6	hca:0090_10.1038_s41586-021-03852-1_eec89a5e36	best4 enterocyte	BEST4 enterocyte	3	72	1.0	1	1.0
profile:1e9fc9aab74fd50cd4e8	hca:0090_10.1038_s41586-021-03852-1_eec89a5e36	classical macrophage	classical macrophage	3	72	1.0	1	1.0
profile:3853512d118f192c2f39	hca:0090_10.1038_s41586-021-03852-1_eec89a5e36	classical monocyte	classical monocyte	3	72	1.0	9	0.1851851851851852
profile:66889abe4b4ab70e6bf7	hca:0090_10.1038_s41586-021-03852-1_eec89a5e36	colonocyte	colonocyte	3	72	1.0	0	
profile:34263078842ba5cfbc55	hca:0090_10.1038_s41586-021-03852-1_eec89a5e36	common lymphoid progenitor cell	common lymphoid progenitor cell	3	72	1.0	0	
profile:8333c0b74501dcf796c1	hca:0090_10.1038_s41586-021-03852-1_eec89a5e36	enteric glia 1	enteric glia 1	4	72	1.0	0	
profile:81f281628330f07f2241	hca:0090_10.1038_s41586-021-03852-1_eec89a5e36	enteric glia 2	enteric glia 2	4	72	1.0	0	
profile:5d357cf683c2b82423ad	hca:0090_10.1038_s41586-021-03852-1_eec89a5e36	enteric glia 3	enteric glia 3	5	72	1.0	0	
profile:90f5279f4b889aa40546	hca:0090_10.1038_s41586-021-03852-1_eec89a5e36	enteric neuron branch b3	enteric neuron branch B3	6	72	1.0	0	
profile:2003a46ce35632c14193	hca:0090_10.1038_s41586-021-03852-1_eec89a5e36	enterochromaffin cell	enterochromaffin cell	5	72	1.0	0	
profile:eef61df85e83bc0eb7e2	hca:0090_10.1038_s41586-021-03852-1_eec89a5e36	enterocyte	enterocyte	3	72	1.0	7	0.42857142857142855
profile:2cbc11cff4697ef83cc7	hca:0090_10.1038_s41586-021-03852-1_eec89a5e36	enteroendocrine cell	enteroendocrine cell	3	72	1.0	8	0.5833333333333334
profile:93d48847880ccf366f25	hca:0090_10.1038_s41586-021-03852-1_eec89a5e36	follicular dendritic cell	follicular dendritic cell	3	72	0.6666666666666666	2	0.8333333333333334
profile:7ae37bb16ef977b8f2de	hca:0090_10.1038_s41586-021-03852-1_eec89a5e36	goblet cell	goblet cell	5	72	1.0	13	0.35384615384615387
profile:3c5a31cbd0313a81c5dd	hca:0090_10.1038_s41586-021-03852-1_eec89a5e36	immature pericyte	immature pericyte	3	72	0.6666666666666666	0	
profile:af04246eb1d344e80a79	hca:0090_10.1038_s41586-021-03852-1_eec89a5e36	inhibitory motor neuron	inhibitory motor neuron	3	72	1.0	0	
profile:3d3c83368e19b2f65c8e	hca:0090_10.1038_s41586-021-03852-1_eec89a5e36	interstitial cell of cajal	interstitial cell of Cajal	3	72	0.3333333333333333	2	0.6666666666666666
profile:795f5443dcd31e211c7f	hca:0090_10.1038_s41586-021-03852-1_eec89a5e36	intestinal stem cell	intestinal stem cell	5	72	1.0	7	0.6
profile:26fe57df48e90d8b01e2	hca:0090_10.1038_s41586-021-03852-1_eec89a5e36	lymphatic endothelial cell	lymphatic endothelial cell	3	72	0.6666666666666666	17	0.5294117647058824
profile:76d77cf612ad6b2511f8	hca:0090_10.1038_s41586-021-03852-1_eec89a5e36	lymphatic endothelial cell 2	lymphatic endothelial cell 2	10	72	0.9	0	
profile:468762df301148506e5b	hca:0090_10.1038_s41586-021-03852-1_eec89a5e36	lymphatic endothelial cell 5	lymphatic endothelial cell 5	5	72	0.8	0	
profile:9f65b1e988dabfc8f226	hca:0090_10.1038_s41586-021-03852-1_eec89a5e36	lymphoid tissue inducer like cell	lymphoid tissue inducer-like cell	7	72	0.7142857142857143	0	
profile:152cf36c712e4ec4237b	hca:0090_10.1038_s41586-021-03852-1_eec89a5e36	lymphoid tissue inducer like ncr negative type 3 innate lymphoid cell	lymphoid tissue inducer-like NCR-negative type 3 innate lymphoid cell	6	72	0.6666666666666666	0	
profile:7d115c28dc8bc3c6620b	hca:0090_10.1038_s41586-021-03852-1_eec89a5e36	lymphoid tissue inducer like ncr positive type 3 innate lymphoid cell	lymphoid tissue inducer-like NCR-positive type 3 innate lymphoid cell	4	72	1.0	0	
profile:28fa9f8accc9de251776	hca:0090_10.1038_s41586-021-03852-1_eec89a5e36	mast cell	mast cell	3	72	0.6666666666666666	19	0.24561403508771928
profile:60d71bad87a6bbf49cc6	hca:0090_10.1038_s41586-021-03852-1_eec89a5e36	mesenchymal lymphoid tissue organizer cell	mesenchymal lymphoid tissue organizer cell	3	72	0.0	0	
profile:e346e1b3f2f434eec0c5	hca:0090_10.1038_s41586-021-03852-1_eec89a5e36	mesothelial cell	mesothelial cell	3	72	1.0	5	0.20000000000000004
profile:aba98de5386995fea972	hca:0090_10.1038_s41586-021-03852-1_eec89a5e36	microfold cell	microfold cell	3	72	0.6666666666666666	0	
profile:f030efb85dc2c3f13298	hca:0090_10.1038_s41586-021-03852-1_eec89a5e36	myofibroblast	myofibroblast	3	72	0.6666666666666666	16	0.3125
profile:b09236336047f5947d02	hca:0090_10.1038_s41586-021-03852-1_eec89a5e36	natural killer cell	natural killer cell	3	72	0.3333333333333333	33	0.2626262626262626
profile:6ba960f678e4629f530b	hca:0090_10.1038_s41586-021-03852-1_eec89a5e36	paneth cell	Paneth cell	3	72	1.0	5	0.5333333333333333
profile:c78874a3805ac24c5e0a	hca:0090_10.1038_s41586-021-03852-1_eec89a5e36	pericyte	pericyte	3	72	1.0	29	0.39080459770114945
profile:c7f2e7862bb9c8f5c184	hca:0090_10.1038_s41586-021-03852-1_eec89a5e36	pro b cell	pro-B cell	5	72	1.0	1	0.4
profile:a6b25d8092d151079756	hca:0090_10.1038_s41586-021-03852-1_eec89a5e36	smooth muscle cell	smooth muscle cell	4	72	0.75	24	0.4375
profile:9fdbb460dc4f5775288b	hca:0090_10.1038_s41586-021-03852-1_eec89a5e36	stromal 1 cell	stromal 1 cell	5	72	1.0	0	
profile:ab90081ccc44e3e790da	hca:0090_10.1038_s41586-021-03852-1_eec89a5e36	stromal 2 cell	stromal 2 cell	6	72	0.8333333333333334	0	
profile:e3e14244db57d2de6af9	hca:0090_10.1038_s41586-021-03852-1_eec89a5e36	stromal 3 cell	stromal 3 cell	6	72	1.0	0	
profile:324097f01dc950fa1457	hca:0090_10.1038_s41586-021-03852-1_eec89a5e36	stromal 4 cell	stromal 4 cell	5	72	0.8	0	
profile:30b24e0c655ad565aecc	hca:0090_10.1038_s41586-021-03852-1_eec89a5e36	t regulatory cell	T regulatory cell	3	72	1.0	1	1.0
profile:ba2eb3b1fb62f004a162	hca:0090_10.1038_s41586-021-03852-1_eec89a5e36	t reticular cell	T reticular cell	3	72	0.6666666666666666	0	
profile:87f17035327a0c6c0b72	hca:0090_10.1038_s41586-021-03852-1_eec89a5e36	terminal glial cell	terminal glial cell	7	72	1.0	0	
profile:fbc3104c4f0a410b09c0	hca:0090_10.1038_s41586-021-03852-1_eec89a5e36	transit amplifying cell	transit-amplifying cell	3	72	1.0	3	0.6666666666666666
profile:72447fb032efcde30363	hca:0090_10.1038_s41586-021-03852-1_eec89a5e36	tuft cell	tuft cell	5	72	1.0	5	0.28
profile:4286801e816ba07c2639	hca:0090_10.1038_s41586-021-03852-1_eec89a5e36	type 2 innate lymphoid cell	type 2 innate lymphoid cell	4	72	0.75	1	0.75
profile:8ecfe6e60615c9f4ce47	hca:0091_10.1101_2025.06.19.660575_df9b499d76	abi3bp gas2 fibroblast	ABI3BP GAS2 Fibroblast	6	32	0.5	0	
profile:09c3aeacfaeebf6c15fb	hca:0091_10.1101_2025.06.19.660575_df9b499d76	chondrocyte	chondrocyte	8	32	0.5	4	0.28125
profile:b29cbab723db6ca0cf74	hca:0091_10.1101_2025.06.19.660575_df9b499d76	chondrogenic progenitor	chondrogenic progenitor	8	32	0.25	0	
profile:0eb3ee5ef43f94d663f1	hca:0091_10.1101_2025.06.19.660575_df9b499d76	chsy3 mecom fibroblast	CHSY3 MECOM Fibroblast	8	32	0.75	0	
profile:eee7d28d2791c9e54915	hca:0091_10.1101_2025.06.19.660575_df9b499d76	col3a1 pi16 fibroblast	COL3A1 PI16 Fibroblast	7	32	0.42857142857142855	0	
profile:1f44fa8aaf80f08fb313	hca:0091_10.1101_2025.06.19.660575_df9b499d76	col6a6 fndc1 fibroblast	COL6A6 FNDC1 Fibroblast	5	32	0.6	0	
profile:32896a074756afbe77e1	hca:0091_10.1101_2025.06.19.660575_df9b499d76	col6a6 progenitor	COL6A6 Progenitor	22	32	0.3181818181818182	0	
profile:d6610f2f4d0b5be75594	hca:0091_10.1101_2025.06.19.660575_df9b499d76	creb5 prg4 fibroblast	CREB5 PRG4 Fibroblast	5	32	0.4	0	
profile:7e85bd84135b7c9e6c9f	hca:0091_10.1101_2025.06.19.660575_df9b499d76	fgf14 thbs4 fibroblast	FGF14 THBS4 Fibroblast	10	32	0.4	0	
profile:af9874c53bde00fb94a4	hca:0091_10.1101_2025.06.19.660575_df9b499d76	immune cell	immune cell	6	32	0.8333333333333334	12	0.09722222222222222
profile:fe0e8171edd193718ec2	hca:0091_10.1101_2025.06.19.660575_df9b499d76	intrafascicular tenocyte	intrafascicular tenocyte	3	32	0.0	0	
profile:169a3afcb9770a6114f3	hca:0091_10.1101_2025.06.19.660575_df9b499d76	kera tnmd fibroblast	KERA TNMD Fibroblast	10	32	0.4	0	
profile:1a478976e4d6595046a2	hca:0091_10.1101_2025.06.19.660575_df9b499d76	lymphatic endothelial cell	lymphatic endothelial cell	3	32	1.0	17	0.5098039215686275
profile:fb8aac76c1a5cbaddbfc	hca:0091_10.1101_2025.06.19.660575_df9b499d76	macrophage	macrophage	6	32	1.0	42	0.07936507936507936
profile:32592efff7ff7c82bb1b	hca:0091_10.1101_2025.06.19.660575_df9b499d76	mast cell	mast cell	3	32	1.0	19	0.3157894736842105
profile:eb5bdd00ab0ade085e21	hca:0091_10.1101_2025.06.19.660575_df9b499d76	mesenchymal stem cell precursor	mesenchymal stem cell Precursor	4	32	0.75	0	
profile:79c3f8345ad952cdb20d	hca:0091_10.1101_2025.06.19.660575_df9b499d76	mkx progenitor	MKX Progenitor	5	32	0.2	0	
profile:18f2d4719791e51ba430	hca:0091_10.1101_2025.06.19.660575_df9b499d76	monocyte	monocyte	3	32	1.0	35	0.0857142857142857
profile:d99d5827aa58795b570d	hca:0091_10.1101_2025.06.19.660575_df9b499d76	negr1 scn7a fibroblast	NEGR1 SCN7A Fibroblast	5	32	1.0	0	
profile:6132910dbd076747af27	hca:0091_10.1101_2025.06.19.660575_df9b499d76	nervous system associated cell	nervous system-associated cell	3	32	1.0	0	
profile:78bd410f4a418d405202	hca:0091_10.1101_2025.06.19.660575_df9b499d76	runx2 progenitor	RUNX2 Progenitor	5	32	0.4	0	
profile:479fb820a4f7b20afbf7	hca:0091_10.1101_2025.06.19.660575_df9b499d76	scx progenitor	SCX Progenitor	20	32	0.25	0	
profile:9f7fdebb2927eb26417e	hca:0091_10.1101_2025.06.19.660575_df9b499d76	skeletal myocyte	skeletal myocyte	7	32	0.8571428571428571	0	
profile:29a63bc346add5267d12	hca:0091_10.1101_2025.06.19.660575_df9b499d76	smooth muscle cell	smooth muscle cell	5	32	0.8	24	0.275
profile:a979bfcd2cf1e4fbd52e	hca:0091_10.1101_2025.06.19.660575_df9b499d76	t cell	T cell	4	32	1.0	36	0.048611111111111105
profile:038e78ba0010279f8d9b	hca:0091_10.1101_2025.06.19.660575_df9b499d76	transitional myocyte	transitional myocyte	4	32	1.0	0	
profile:8246846fb19ea8f00d56	hca:0091_10.1101_2025.06.19.660575_df9b499d76	vascular endothelial cell	vascular endothelial cell	3	32	0.6666666666666666	6	0.27777777777777773
profile:eda08132bfe8d484dee8	hca:0092_10.1126_sciadv.adm7506_67b90b1dc0	endothelial cell	endothelial cell	5	10	1.0	51	0.2549019607843137
profile:ee908c554351dd80d96a	hca:0092_10.1126_sciadv.adm7506_67b90b1dc0	granulosa cell	granulosa cell	19	10	1.0	1	0.15789473684210525
profile:5b3e62b95899e556e7c5	hca:0092_10.1126_sciadv.adm7506_67b90b1dc0	macrophage	macrophage	3	10	1.0	42	0.17460317460317462
profile:a62768b342554e99f2c6	hca:0092_10.1126_sciadv.adm7506_67b90b1dc0	mast cell	mast cell	3	10	1.0	19	0.49122807017543857
profile:2bf50e04604e1304118c	hca:0092_10.1126_sciadv.adm7506_67b90b1dc0	oocyte	oocyte	8	10	1.0	0	
profile:84d00a0f3caf5415e343	hca:0092_10.1126_sciadv.adm7506_67b90b1dc0	pericyte	pericyte	5	10	1.0	29	0.3103448275862069
profile:9208a480e87dcd689941	hca:0092_10.1126_sciadv.adm7506_67b90b1dc0	primordial and primary oocyte	primordial and primary oocyte	6	10	1.0	0	
profile:c7b469c61c0741e0d099	hca:0092_10.1126_sciadv.adm7506_67b90b1dc0	stromal cell	stromal cell	6	10	0.8333333333333334	10	0.08333333333333333
profile:cad67a63c98cb8593931	hca:0092_10.1126_sciadv.adm7506_67b90b1dc0	t cell	T cell	3	10	1.0	36	0.3055555555555555
profile:c5983171dc89ee479b83	hca:0092_10.1126_sciadv.adm7506_67b90b1dc0	theca cell	theca cell	12	10	0.9166666666666666	1	0.0
profile:a489ab629ce080bf7ddd	hca:0093_10.1101_2021.12.20.473443_1d1224d1ea	astrocyte	astrocyte	3	25	1.0	14	0.16666666666666666
profile:5333091239d86891cdb6	hca:0093_10.1101_2021.12.20.473443_1d1224d1ea	granule cell	granule cell	4	25	1.0	0	
profile:04fb0e94711acd835884	hca:0093_10.1101_2021.12.20.473443_1d1224d1ea	interneuron	interneuron	3	25	0.6666666666666666	3	0.0
profile:aee25d376fdd424a0637	hca:0093_10.1101_2021.12.20.473443_1d1224d1ea	purkinje cell	Purkinje cell	3	25	1.0	2	0.3333333333333333
profile:d010d07bdddc88bb931e	hca:0093_10.1101_2021.12.20.473443_1d1224d1ea	unipolar brush cell	unipolar brush cell	5	25	0.8	0	
profile:67d9b937ed016d456f96	hca:0094_10.1073_pnas.2404775121_07bae216d2	ciliated epithelial cell	ciliated epithelial cell	4	23	0.0	1	0.0
profile:eda560756aa7ab70f401	hca:0094_10.1073_pnas.2404775121_07bae216d2	decidualized fibroblast cell	decidualized fibroblast cell	6	23	1.0	0	
profile:8866d58d9b24cdaf6cd4	hca:0094_10.1073_pnas.2404775121_07bae216d2	endothelial to mesenchymal transition cell	endothelial-to-mesenchymal transition cell	8	23	0.5	0	
profile:577490c91022398921da	hca:0094_10.1073_pnas.2404775121_07bae216d2	glandular secretory cell	glandular secretory cell	6	23	0.8333333333333334	0	
profile:667c7c03d26e79d697d5	hca:0094_10.1073_pnas.2404775121_07bae216d2	glandular secretory progenitor a	glandular secretory-progenitor A	4	23	0.25	0	
profile:adc7b44aaba1da94e954	hca:0094_10.1073_pnas.2404775121_07bae216d2	glandular secretory progenitor b	glandular secretory-progenitor B	8	23	0.25	0	
profile:0275003dce81129e3a8a	hca:0094_10.1073_pnas.2404775121_07bae216d2	immune cell	immune cell	6	23	0.6666666666666666	12	0.08333333333333333
profile:7086fb5f66c62e62e5af	hca:0094_10.1073_pnas.2404775121_07bae216d2	luminal epithelial cell	luminal epithelial cell	5	23	1.0	2	0.2
profile:22ba6f8f56122e2daa74	hca:0094_10.1073_pnas.2404775121_07bae216d2	lymphatic endothelial cell	lymphatic endothelial cell	6	23	1.0	17	0.2058823529411765
profile:dc12a163268b1c103d00	hca:0094_10.1073_pnas.2404775121_07bae216d2	myoepithelial cell	myoepithelial cell	8	23	0.875	4	0.09375
profile:32db8c59ccf2f76247d7	hca:0094_10.1073_pnas.2404775121_07bae216d2	olfm4 proliferative cell	OLFM4 proliferative cell	6	23	0.6666666666666666	0	
profile:f5bf0b7e95b4be1feeb4	hca:0094_10.1073_pnas.2404775121_07bae216d2	perivascular cell	perivascular cell	5	23	0.4	0	
profile:7d76183d7f39b5c166f6	hca:0094_10.1073_pnas.2404775121_07bae216d2	perivascular cell subtype 1	perivascular cell subtype 1	3	23	1.0	0	
profile:dcd727cc18f648701c28	hca:0094_10.1073_pnas.2404775121_07bae216d2	perivascular cell subtype 2	perivascular cell subtype 2	4	23	1.0	0	
profile:5101b48fd3c0e711e739	hca:0094_10.1073_pnas.2404775121_07bae216d2	runx3 fibroblast	RUNX3+ fibroblast	8	23	0.5	0	
profile:dc0287347b49ec7fc5a2	hca:0094_10.1073_pnas.2404775121_07bae216d2	sox9 glandular cell	SOX9 glandular cell	3	23	1.0	0	
profile:6a9bc2a78e27cfa3e9c2	hca:0094_10.1073_pnas.2404775121_07bae216d2	stromal cell	stromal cell	6	23	0.0	10	0.06666666666666667
profile:1cc442beba5b9331e521	hca:0094_10.1073_pnas.2404775121_07bae216d2	tissue resident vascular progenitor cell	tissue-resident vascular progenitor cell	6	23	0.5	0	
profile:2a8581596f5cbfd6cbe8	hca:0094_10.1073_pnas.2404775121_07bae216d2	uterine smooth muscle cell	uterine smooth muscle cell	3	23	0.0	0	
profile:f3628e89547d5f3da689	hca:0095_10.1101_2021.09.16.460628_23a839e09f	blood endothelial cell	blood endothelial cell	4	24	0.5	2	0.375
profile:c9b4d98575d209342976	hca:0095_10.1101_2021.09.16.460628_23a839e09f	ciliated cell	ciliated cell	3	24	0.3333333333333333	4	0.16666666666666666
profile:1ea93dc807bb89001c56	hca:0095_10.1101_2021.09.16.460628_23a839e09f	ciliated epithelial subtype 1 1	ciliated epithelial subtype 1-1	13	24	0.9230769230769231	0	
profile:5234a482dc960b9e1fdb	hca:0095_10.1101_2021.09.16.460628_23a839e09f	ciliated epithelial subtype 1 3	ciliated epithelial subtype 1-3	4	24	1.0	0	
profile:1350494fb00748d43e8e	hca:0095_10.1101_2021.09.16.460628_23a839e09f	fibroblast	fibroblast	3	24	0.3333333333333333	49	0.32653061224489793
profile:49191c84afaf0939ff85	hca:0095_10.1101_2021.09.16.460628_23a839e09f	lymphatic endothelial cell	lymphatic endothelial cell	4	24	0.75	17	0.27941176470588236
profile:1b2504b4c63983bc9e14	hca:0095_10.1101_2021.09.16.460628_23a839e09f	macrophage	macrophage	3	24	1.0	42	0.18253968253968256
profile:466af9680f5a15505a6a	hca:0095_10.1101_2021.09.16.460628_23a839e09f	mast cell	mast cell	3	24	1.0	19	0.3508771929824561
profile:c8eeee8369779ca0d038	hca:0095_10.1101_2021.09.16.460628_23a839e09f	myofibroblast	myofibroblast	4	24	0.25	16	0.234375
profile:4d0f520e0d5a1b3f20ec	hca:0095_10.1101_2021.09.16.460628_23a839e09f	non ciliated cell	non-ciliated cell	4	24	0.0	0	
profile:9eb1ca4394f8ee0c5280	hca:0095_10.1101_2021.09.16.460628_23a839e09f	non ciliated secretory epithelial cell	non-ciliated secretory epithelial cell	3	24	0.0	0	
profile:7e213d34733748091fe9	hca:0095_10.1101_2021.09.16.460628_23a839e09f	non ciliated secretory epithelial subtype 2 1	non-ciliated secretory epithelial subtype 2-1	7	24	0.0	0	
profile:cab094691aeb802a5994	hca:0095_10.1101_2021.09.16.460628_23a839e09f	non ciliated secretory epithelial subtype 2 2	non-ciliated secretory epithelial subtype 2-2	12	24	0.3333333333333333	0	
profile:e21a425ab764b5fa1849	hca:0095_10.1101_2021.09.16.460628_23a839e09f	non ciliated secretory epithelial subtype 2 3	non-ciliated secretory epithelial subtype 2-3	5	24	0.4	0	
profile:514d7b4ec20ee8909bb0	hca:0095_10.1101_2021.09.16.460628_23a839e09f	non ciliated secretory epithelial subtype 2 4	non-ciliated secretory epithelial subtype 2-4	3	24	1.0	0	
profile:daa98dc7d9c354632671	hca:0095_10.1101_2021.09.16.460628_23a839e09f	non ciliated secretory epithelial subtype 2 5	non-ciliated secretory epithelial subtype 2-5	9	24	0.7777777777777778	0	
profile:e28885efd23ba5359c61	hca:0095_10.1101_2021.09.16.460628_23a839e09f	non ciliated secretory epithelial subtype 2 6	non-ciliated secretory epithelial subtype 2-6	3	24	0.3333333333333333	0	
profile:d158fe896e5d8eb20419	hca:0095_10.1101_2021.09.16.460628_23a839e09f	peg cell	peg cell	3	24	0.0	0	
profile:0024010fc9ea804b951f	hca:0095_10.1101_2021.09.16.460628_23a839e09f	pericyte	pericyte	3	24	0.6666666666666666	29	0.2988505747126437
profile:c8a49c1db306d34df93d	hca:0095_10.1101_2021.09.16.460628_23a839e09f	smooth muscle cell	smooth muscle cell	3	24	0.3333333333333333	24	0.513888888888889
profile:f5a22fce873a4609df3e	hca:0095_10.1101_2021.09.16.460628_23a839e09f	t natural killer cell	T/natural killer cell	3	24	0.3333333333333333	1	0.6666666666666666
profile:f590024518e2b4b7289a	hca:0097_10.1038_s41586-019-1917-5_7f634d5353	caudal ganglionic eminence derived inhibitory neuron	caudal ganglionic eminence-derived inhibitory neuron	3	15	1.0	0	
profile:752ebee848a4308c2c7f	hca:0097_10.1038_s41586-019-1917-5_7f634d5353	medial ganglionic eminence derived inhibitory neuron	medial ganglionic eminence-derived inhibitory neuron	3	15	0.6666666666666666	0	
profile:7d175dd63a2a8b1c8ce3	hca:0097_10.1038_s41586-019-1917-5_7f634d5353	progenitor cell	progenitor cell	8	15	0.625	2	0.0
profile:148edef123bae4b5c16e	hca:0098_10.1038_s41586-020-03148-w_f50cb505c0	alveolar macrophage	alveolar macrophage	4	8	1.0	6	0.0
profile:bf224ba04f050b6d6c0e	hca:0098_10.1038_s41586-020-03148-w_f50cb505c0	tissue resident alveolar macrophage 2	tissue-resident alveolar macrophage 2	7	8	1.0	0	
profile:451aa81e490ffecd4f62	hca:0099_10.1126_sciimmunol.abl9165_5f9974d5f2	activated cytotoxic t cell	activated cytotoxic T cell	3	27	0.6666666666666666	0	
profile:06a9b5dd9156d9633d08	hca:0099_10.1126_sciimmunol.abl9165_5f9974d5f2	b cell	B cell	4	27	1.0	30	0.125
profile:a333dc7b389d431c7e2d	hca:0099_10.1126_sciimmunol.abl9165_5f9974d5f2	central memory t cell	central memory T cell	4	27	0.0	4	0.4375
profile:a3a9b04e85f8c8e2a8d4	hca:0099_10.1126_sciimmunol.abl9165_5f9974d5f2	cycling cell	cycling cell	4	27	1.0	2	0.625
profile:7a3a7f975921f14b44fe	hca:0099_10.1126_sciimmunol.abl9165_5f9974d5f2	cytotoxic t cell	cytotoxic T cell	5	27	0.8	5	0.24000000000000005
profile:a292db9d4499dd594597	hca:0099_10.1126_sciimmunol.abl9165_5f9974d5f2	dendritic cell dc1	dendritic cell DC1	3	27	0.0	0	
profile:55675b79303b7b834bf3	hca:0099_10.1126_sciimmunol.abl9165_5f9974d5f2	dendritic cell dc2 dc3	dendritic cell DC2/DC3	4	27	0.5	0	
profile:9fdc2d244c8504e01f0f	hca:0099_10.1126_sciimmunol.abl9165_5f9974d5f2	inflammatory monocyte	inflammatory monocyte	3	27	1.0	1	0.6666666666666666
profile:0b3420954792619291a3	hca:0099_10.1126_sciimmunol.abl9165_5f9974d5f2	langerhans cell	Langerhans cell	3	27	0.6666666666666666	3	0.3333333333333333
profile:cdff7195f4c77cc1ab09	hca:0099_10.1126_sciimmunol.abl9165_5f9974d5f2	macrophage	macrophage	3	27	1.0	42	0.09523809523809523
profile:47a91f6fcc36334d6a61	hca:0099_10.1126_sciimmunol.abl9165_5f9974d5f2	macrophage mac1 mac3	macrophage Mac1/Mac3	3	27	1.0	0	
profile:5cecc7897a0cfea7426a	hca:0099_10.1126_sciimmunol.abl9165_5f9974d5f2	macrophage mac2	macrophage Mac2	3	27	1.0	0	
profile:8d1982949790e1e7eae2	hca:0099_10.1126_sciimmunol.abl9165_5f9974d5f2	migratory dendritic cell	migratory dendritic cell	4	27	0.5	2	0.5
profile:df16a45278736e8f473a	hca:0099_10.1126_sciimmunol.abl9165_5f9974d5f2	monocyte	monocyte	3	27	1.0	35	0.02857142857142857
profile:b7cbfb383082edfd3736	hca:0099_10.1126_sciimmunol.abl9165_5f9974d5f2	natural killer cell	natural killer cell	4	27	0.75	33	0.29545454545454547
profile:d308e491c3ed511dcf3d	hca:0099_10.1126_sciimmunol.abl9165_5f9974d5f2	naïve t cell	naïve T cell	4	27	0.0	2	0.625
profile:35715a7324a4e59006d9	hca:0099_10.1126_sciimmunol.abl9165_5f9974d5f2	regulatory t cell	regulatory T cell	5	27	1.0	21	0.5333333333333333
profile:b3e8151d5ad6c190019a	hca:0099_10.1126_sciimmunol.abl9165_5f9974d5f2	tet t cell	Tet T cell	4	27	0.75	0	
profile:5428d365dde51902055c	hca:0099_10.1126_sciimmunol.abl9165_5f9974d5f2	tissue resident memory t cell	tissue-resident memory T cell	3	27	0.6666666666666666	5	0.26666666666666666
profile:85366547e5bc572dab57	hca:0100_10.1038_s41467-021-22804-x_e7667133b9	b cell	B cell	4	12	0.75	30	0.4583333333333333
profile:d9d66cf1702469208e86	hca:0100_10.1038_s41467-021-22804-x_e7667133b9	cd4 positive t cell	CD4-positive T cell	4	12	0.5	2	0.375
profile:a23f4f19783ed0caf348	hca:0100_10.1038_s41467-021-22804-x_e7667133b9	cd8 positive t cell	CD8-positive T cell	4	12	0.5	7	0.25
profile:fd2d6bae3dedfa1354d9	hca:0100_10.1038_s41467-021-22804-x_e7667133b9	plasma cell	plasma cell	6	12	1.0	22	0.2424242424242424
profile:4dd7204e4282c08f6ac4	hca:0100_10.1038_s41467-021-22804-x_e7667133b9	primitive b cell	primitive B cell	6	12	1.0	0	
profile:743508d5dc7f8a9c1b12	hca:0101_10.1038_s41467-020-15647-5_d22ec8f4b6	alveolar fibroblast	alveolar fibroblast	3	7	1.0	2	0.0
profile:34ade7531e7e007588fa	hca:0101_10.1038_s41467-020-15647-5_d22ec8f4b6	cthrc1 positive fibroblast	CTHRC1-positive fibroblast	3	7	0.0	0	
profile:8f2ef152e255afa7e943	hca:0101_10.1038_s41467-020-15647-5_d22ec8f4b6	cthrc1 positive pathologic fibroblast	CTHRC1-positive pathologic fibroblast	5	7	0.0	0	
profile:7f02f2a65a967ed98435	hca:0101_10.1038_s41467-020-15647-5_d22ec8f4b6	pericyte	pericyte	3	7	1.0	29	0.367816091954023
profile:8f6a5b98da4f4bb857a0	hca:0102_10.1038_s41586-019-0992-y_40614812e9	best4 otop2 cell	BEST4/OTOP2 cell	3	5	1.0	1	0.0
profile:e29e51b94db3ee54e9f6	hca:0102_10.1038_s41586-019-0992-y_40614812e9	crypt top colonocyte	crypt-top colonocyte	4	5	1.0	0	
profile:04fef4ff5cd7fa4790f1	hca:0102_10.1038_s41586-019-0992-y_40614812e9	goblet cell	goblet cell	6	5	1.0	13	0.21794871794871795
profile:910c2f68e74e87ef63cb	hca:0102_10.1038_s41586-019-0992-y_40614812e9	undifferentiated epithelial cell	undifferentiated epithelial cell	6	5	1.0	0	
profile:3af84762d121eec37138	hca:0103_10.1172_jci.insight.151621_2faf375c31	alpha cell	alpha cell	6	7	0.3333333333333333	13	0.2948717948717949
profile:2abcb10f3bd58d35ca30	hca:0103_10.1172_jci.insight.151621_2faf375c31	arx and mafb coexpressing alpha cell	ARX and MAFB coexpressing alpha cell	14	7	0.42857142857142855	0	
profile:fa19325b16e808393ca0	hca:0103_10.1172_jci.insight.151621_2faf375c31	beta cell	beta cell	8	7	0.375	15	0.39166666666666666
profile:581012c02ba03ccb0710	hca:0103_10.1172_jci.insight.151621_2faf375c31	mafa and mafb coexpressing beta cell	MAFA and MAFB coexpressing beta cell	18	7	0.4444444444444444	0	
profile:04e3bec303df3e76256d	hca:0104_10.1016_j.stem.2018.10.010_b71866c4b9	metanephric mesenchyme cell	metanephric mesenchyme cell	3	14	1.0	0	
profile:8124d9e146201719a739	hca:0104_10.1016_j.stem.2018.10.010_b71866c4b9	podocyte	podocyte	3	14	1.0	9	0.6296296296296297
profile:eed545639c97638632db	hca:0104_10.1016_j.stem.2018.10.010_b71866c4b9	tubular epithelial cell	tubular epithelial cell	3	14	1.0	0	
profile:54cdb91ef424dd51210d	hca:0105_10.1038_s41563-020-00853-9_ec3e5ef313	early kidney forming mesenchyme cell	early kidney forming mesenchyme cell	6	18	0.3333333333333333	0	
profile:48c9450af24c58262ae2	hca:0105_10.1038_s41563-020-00853-9_ec3e5ef313	podocyte	podocyte	3	18	0.6666666666666666	9	0.48148148148148145
profile:cb496f2a3a547bf775eb	hca:0105_10.1038_s41563-020-00853-9_ec3e5ef313	proximal tubule cell	proximal tubule cell	6	18	1.0	3	0.2222222222222222
profile:6f2c79710fd25b66e6ae	hca:0105_10.1038_s41563-020-00853-9_ec3e5ef313	stromal cluster 3 nephron progenitor like cell	stromal cluster 3 nephron progenitor-like cell	4	18	0.25	0	
profile:5ad2b7bf3149824e67da	hca:0105_10.1038_s41563-020-00853-9_ec3e5ef313	vascular cell	vascular cell	3	18	0.3333333333333333	1	0.0
profile:dc9e2fe52483773f4200	hca:0106_10.1101_585901_f6794b9c1b	cardiomyocyte	cardiomyocyte	3	7	0.0	9	0.2962962962962963
profile:01179b9c2498a393caf9	hca:0106_10.1101_585901_f6794b9c1b	cardiomyocyte 1	cardiomyocyte 1	4	7	0.0	0	
profile:a8a7261c017d6d569682	hca:0106_10.1101_585901_f6794b9c1b	cardiomyocyte 2	cardiomyocyte 2	4	7	0.0	0	
profile:9df94c82fce25496a41f	hca:0106_10.1101_585901_f6794b9c1b	myofibroblast	myofibroblast	5	7	1.0	16	0.0375
profile:ea27461aa816b11c6a8c	hca:0107_10.1101_2022.10.24.513487_4d505f4f68	committed oligodendrocyte precursor cell	committed oligodendrocyte precursor cell	3	14	1.0	1	0.0
profile:99189d868b54fb80d45d	hca:0107_10.1101_2022.10.24.513487_4d505f4f68	oligodendrocyte precursor cell	oligodendrocyte precursor cell	6	14	1.0	7	0.21428571428571427
profile:6788bf03f49b5ee47fda	hca:0108_10.1038_s41598-017-14676-3_ca30704700	endometrioid adenocarcinoma epithelial to mesenchymal transition cell	endometrioid adenocarcinoma epithelial-to-mesenchymal transition cell	4	6	1.0	0	
profile:572e25f1f921425f2bfc	hca:0108_10.1038_s41598-017-14676-3_ca30704700	epithelial to mesenchymal transition cancer cell	epithelial-to-mesenchymal transition cancer cell	8	6	0.375	0	
profile:4f9f739f336f84711899	hca:0108_10.1038_s41598-017-14676-3_ca30704700	spheroid cell	spheroid cell	16	6	0.6875	0	
profile:aa6a23207200822d770c	hca:0108_10.1038_s41598-017-14676-3_ca30704700	squamous cell carcinoma cell	squamous cell carcinoma cell	4	6	0.75	0	
profile:b3be4f616ee737d1c42a	hca:0109_10.7554_elife.91792.1_056dda27be	arteriolar endothelial cell	arteriolar endothelial cell	3	36	1.0	0	
profile:1e183b5c9d7e0308d941	hca:0109_10.7554_elife.91792.1_056dda27be	arteriole associated pericyte	arteriole-associated pericyte	4	36	0.75	0	
profile:3db1de65a7647f364acd	hca:0109_10.7554_elife.91792.1_056dda27be	conventional dendritic cell type 1	conventional dendritic cell type 1	3	36	1.0	7	0.7619047619047619
profile:5a3b27b1365a30843302	hca:0109_10.7554_elife.91792.1_056dda27be	conventional dendritic cell type 2	conventional dendritic cell type 2	4	36	1.0	5	0.2
profile:5014fa38dff0150be77a	hca:0109_10.7554_elife.91792.1_056dda27be	enterocyte	enterocyte	3	36	1.0	7	0.0
profile:5e67c0e70bc3b3a7a932	hca:0109_10.7554_elife.91792.1_056dda27be	fibroblast	fibroblast	4	36	1.0	49	0.11734693877551021
profile:507466dd44f38350e9f9	hca:0109_10.7554_elife.91792.1_056dda27be	follicular dendritic cell	follicular dendritic cell	3	36	1.0	2	0.8333333333333334
profile:a581b966eca82a5389eb	hca:0109_10.7554_elife.91792.1_056dda27be	glial cell	glial cell	3	36	1.0	4	0.3333333333333333
profile:afbddf8c7f4900077e34	hca:0109_10.7554_elife.91792.1_056dda27be	innate lymphoid cell	innate lymphoid cell	3	36	0.3333333333333333	2	0.3333333333333333
profile:6f670c82932f509b8930	hca:0109_10.7554_elife.91792.1_056dda27be	innate lymphoid cell type 3	innate lymphoid cell type 3	4	36	0.5	4	0.5625
profile:59146f2c06d6fbbc1cbb	hca:0109_10.7554_elife.91792.1_056dda27be	intestinal stem cell	intestinal stem cell	3	36	1.0	7	0.5238095238095238
profile:4d0a0412706119340112	hca:0109_10.7554_elife.91792.1_056dda27be	macrophage	macrophage	4	36	0.75	42	0.041666666666666664
profile:e3bf5bfa3729a3d87720	hca:0109_10.7554_elife.91792.1_056dda27be	monocyte	monocyte	5	36	0.2	35	0.2342857142857143
profile:9fdf8bfee5f6fdbf0580	hca:0109_10.7554_elife.91792.1_056dda27be	monocyte macrophage	monocyte/macrophage	3	36	0.3333333333333333	2	0.0
profile:95ff67fd037e4f0acc82	hca:0109_10.7554_elife.91792.1_056dda27be	myeloid cell	myeloid cell	4	36	0.0	11	0.09090909090909091
profile:a9d215ee087a5ea7d6d1	hca:0109_10.7554_elife.91792.1_056dda27be	myofibroblast	myofibroblast	3	36	0.6666666666666666	16	0.25
profile:7541721c8d96f81a00bb	hca:0109_10.7554_elife.91792.1_056dda27be	natural killer cell	natural killer cell	5	36	1.0	33	0.12727272727272726
profile:721945efd6394251ea13	hca:0109_10.7554_elife.91792.1_056dda27be	naïve t cell	naïve T cell	3	36	1.0	2	0.8333333333333334
profile:1457d91de31aed838ea1	hca:0109_10.7554_elife.91792.1_056dda27be	paneth cell	Paneth cell	3	36	1.0	5	0.39999999999999997
profile:a46998abcabdce0f8c4b	hca:0109_10.7554_elife.91792.1_056dda27be	plasmacytoid dendritic cell	plasmacytoid dendritic cell	3	36	1.0	14	0.3333333333333333
profile:f94bbb7a941a4ca5de6c	hca:0109_10.7554_elife.91792.1_056dda27be	t cell	T cell	7	36	1.0	36	0.20634920634920634
profile:fba8e1223efca2e97d30	hca:0109_10.7554_elife.91792.1_056dda27be	tuft cell	tuft cell	3	36	1.0	5	0.4000000000000001
profile:bf8bbbe2dc0eaeafcb03	hca:0110_10.1038_s41586-019-1506-7_3d44de0941	adarb2 branch inhibitory neuron	ADARB2 branch inhibitory neuron	3	15	1.0	0	
profile:2ac7db106e5be723a136	hca:0110_10.1038_s41586-019-1506-7_3d44de0941	astro l1 2 fgfr3 gfap	Astro L1-2 FGFR3 GFAP	3	15	0.6666666666666666	0	
profile:356f16422e38227f427e	hca:0110_10.1038_s41586-019-1506-7_3d44de0941	inhibitory neuron	inhibitory neuron	3	15	0.3333333333333333	5	0.3333333333333333
profile:d5ee9571d0727ecaef45	hca:0111_10.1038_s41586-020-2157-4_a7b8710c09	c1 endothelial cell	C1 endothelial cell	3	12	0.6666666666666666	0	
profile:9524b5d4611f92a4a608	hca:0111_10.1038_s41586-020-2157-4_a7b8710c09	c5 endothelial cell	C5 endothelial cell	3	12	1.0	0	
profile:af159a2f6b3483adc219	hca:0111_10.1038_s41586-020-2157-4_a7b8710c09	c7 endothelial cell	C7 endothelial cell	3	12	0.6666666666666666	0	
profile:af59966dbb6b918682f6	hca:0111_10.1038_s41586-020-2157-4_a7b8710c09	endothelial cell	endothelial cell	3	12	0.3333333333333333	51	0.0
profile:9b5e29fed0adc68428c1	hca:0112_10.1101_2022.02.09.479667_caaafb2f08	granzyme b granzyme k natural killer cell	granzyme B+ granzyme K+ natural killer cell	4	16	0.0	0	
profile:cbe08887ca6ed510caf3	hca:0112_10.1101_2022.02.09.479667_caaafb2f08	macrophage	macrophage	3	16	1.0	42	0.09523809523809523
profile:94a9baee55dfeed75145	hca:0112_10.1101_2022.02.09.479667_caaafb2f08	mucosal associated invariant t cell	mucosal-associated invariant T cell	8	16	0.5	5	0.075
profile:b22d04d45746051be70c	hca:0112_10.1101_2022.02.09.479667_caaafb2f08	neutrophil	neutrophil	3	16	0.6666666666666666	10	0.03333333333333333
profile:4e8664e896aee3d5282e	hca:0112_10.1101_2022.02.09.479667_caaafb2f08	s100a12 neutrophil	S100A12+ neutrophil	5	16	0.8	0	
profile:d959e8c1f9568ee38944	hca:0112_10.1101_2022.02.09.479667_caaafb2f08	t natural killer cell	T/natural killer cell	5	16	1.0	1	0.4
profile:fb405b3674c4e9319d48	hca:0113_10.1101_2021.04.28.441762_c83625bbe4	classical monocyte	classical monocyte	3	30	0.3333333333333333	9	0.3333333333333333
profile:141e4ad7546dd6c8f731	hca:0113_10.1101_2021.04.28.441762_c83625bbe4	effector memory cd8 t cell	effector memory CD8+ T cell	3	30	0.3333333333333333	0	
profile:bcf32b3e78aacabef312	hca:0113_10.1101_2021.04.28.441762_c83625bbe4	germinal center b cell	germinal center B cell	3	30	0.6666666666666666	6	0.27777777777777773
profile:047a7fe7fda32f1311a2	hca:0113_10.1101_2021.04.28.441762_c83625bbe4	gut derived gamma delta t cell	gut-derived gamma delta T cell	3	30	0.0	0	
profile:21c5b817ab4b84d885af	hca:0113_10.1101_2021.04.28.441762_c83625bbe4	kupffer cell	Kupffer cell	5	30	0.4	3	0.06666666666666667
profile:f871b5eb0de8b76a663d	hca:0113_10.1101_2021.04.28.441762_c83625bbe4	mac iv macrophage	MAC-IV macrophage	5	30	0.4	0	
profile:2663a5c23d35ceab4e00	hca:0113_10.1101_2021.04.28.441762_c83625bbe4	memb_itgax memory b cell	MemB_ITGAX memory B cell	3	30	1.0	0	
profile:5d2e1cbd17b4fc797f9d	hca:0113_10.1101_2021.04.28.441762_c83625bbe4	memory b cell	memory B cell	3	30	1.0	5	0.4666666666666666
profile:c10b53c7585cd72b2238	hca:0113_10.1101_2021.04.28.441762_c83625bbe4	migratory dendritic cell	migratory dendritic cell	11	30	0.7272727272727273	2	0.13636363636363635
profile:caf569c3b6fc14c94f48	hca:0113_10.1101_2021.04.28.441762_c83625bbe4	plasma_itga8 plasma cell	Plasma_ITGA8 plasma cell	5	30	0.4	0	
profile:13bc0bf0482d753b99d1	hca:0113_10.1101_2021.04.28.441762_c83625bbe4	plasmablast	plasmablast	4	30	0.0	3	0.25
profile:b8b90dd040939f53ceae	hca:0113_10.1101_2021.04.28.441762_c83625bbe4	red pulp macrophage	red pulp macrophage	4	30	0.25	0	
profile:5750823cbaf889ef7eb9	hca:0113_10.1101_2021.04.28.441762_c83625bbe4	trdv1 gamma delta t cell	TRDV1 gamma delta T cell	6	30	0.6666666666666666	0	
profile:7b5dde8a78fe2611f327	hca:0113_10.1101_2021.04.28.441762_c83625bbe4	trdv2 gamma delta t cell	TRDV2 gamma delta T cell	6	30	1.0	0	
profile:a981d2d3b547852bce66	hca:0117_10.1038_s41586-019-1652-y_d63955188b	b cell	B cell	3	14	1.0	30	0.011111111111111112
profile:5e7dec1f8ec0b734e202	hca:0117_10.1038_s41586-019-1652-y_d63955188b	innate lymphoid cell precursor	innate lymphoid cell precursor	4	14	1.0	1	0.25
profile:7fdfefa0b131164fa554	hca:0117_10.1038_s41586-019-1652-y_d63955188b	long term repopulating haematopoietic stem cell	long-term repopulating haematopoietic stem cell	3	14	0.6666666666666666	0	
profile:795bbdf77998c5a80399	hca:0117_10.1038_s41586-019-1652-y_d63955188b	megakaryocyte	megakaryocyte	3	14	1.0	3	0.0
profile:733de303381e5297c76d	hca:0117_10.1038_s41586-019-1652-y_d63955188b	monocyte	monocyte	3	14	1.0	35	0.12380952380952381
profile:ad4f433ed949725811d2	hca:0117_10.1038_s41586-019-1652-y_d63955188b	natural killer cell	natural killer cell	4	14	1.0	33	0.09848484848484848
profile:3bc5523438c8e74256bc	hca:0117_10.1038_s41586-019-1652-y_d63955188b	neutrophil myeloid progenitor	neutrophil-myeloid progenitor	7	14	0.7142857142857143	0	
profile:30cea8e775f8dd0aa08f	hca:0117_10.1038_s41586-019-1652-y_d63955188b	pre pro b cell	pre pro-B cell	3	14	0.3333333333333333	1	0.0
profile:a992dd676781f14a6c5a	hca:0117_10.1038_s41586-019-1652-y_d63955188b	pro b cell	pro-B cell	4	14	0.75	1	0.5
profile:7c7669063b32b7bcd2d5	hca:0118_10.1016_j.jid.2019.07.726_f70095db05	basal interfollicular epidermal cell	basal interfollicular epidermal cell	3	10	1.0	0	
profile:20538f3b559361aae8c3	hca:0118_10.1016_j.jid.2019.07.726_f70095db05	bulge cell	bulge cell	4	10	1.0	0	
profile:b98ba8740c0821c3ebd2	hca:0119_10.1038_s44161-023-00260-8_10d672103a	cardiac fibroblast	cardiac fibroblast	3	12	0.0	2	0.0
profile:64508d1f6df64e7fbe5d	hca:0119_10.1038_s44161-023-00260-8_10d672103a	fibroblast subtype 3	fibroblast subtype 3	5	12	0.4	0	
profile:b13f9a12b35775691a91	hca:0119_10.1038_s44161-023-00260-8_10d672103a	monocyte derived macrophage	monocyte-derived macrophage	4	12	0.75	6	0.041666666666666664
profile:878acbe80346ca05bb2b	hca:0120_10.1038_s41467-022-34255-z_c90043e943	autosomal dominant polycystic kidney disease specific collecting duct cell 1	autosomal dominant polycystic kidney disease-specific collecting duct cell 1	3	17	0.0	0	
profile:3e1a867db8de6efc9d19	hca:0120_10.1038_s41467-022-34255-z_c90043e943	proximal tubular cell subtype pt 3	proximal tubular cell subtype PT-3	4	17	0.0	0	
profile:473bebb97d91095d5ab5	hca:0120_10.1038_s41467-022-34255-z_c90043e943	proximal tubular cell subtype pt 3 4	proximal tubular cell subtype PT-3/4	5	17	0.2	0	
profile:45c5ee3acd7865aadef9	hca:0120_10.1038_s41467-022-34255-z_c90043e943	tubular cell	tubular cell	3	17	1.0	0	
profile:a96732b307a68ac506f8	hca:0121_10.7554_elife.62810_069377f2ec	basal epithelial cell	basal epithelial cell	3	24	0.3333333333333333	3	0.0
profile:301fff6d67aa15a094a1	hca:0121_10.7554_elife.62810_069377f2ec	endothelial cell cluster 15	endothelial cell cluster 15	3	24	1.0	0	
profile:663d5332b3da89a07a64	hca:0121_10.7554_elife.62810_069377f2ec	fibroblast like population s0	fibroblast-like population S0	4	24	1.0	0	
profile:575c2fb0a803526e91ca	hca:0121_10.7554_elife.62810_069377f2ec	fibroblast like population s2	fibroblast-like population S2	4	24	1.0	0	
profile:5d4a23a1560f0e6cb0e1	hca:0121_10.7554_elife.62810_069377f2ec	fibroblast like population s4	fibroblast-like population S4	4	24	1.0	0	
profile:20d2e91c3869dcc66c91	hca:0121_10.7554_elife.62810_069377f2ec	follicular and igg plasma b cell	follicular and IgG plasma B cell	3	24	1.0	0	
profile:a97eba8b81faf52e4009	hca:0121_10.7554_elife.62810_069377f2ec	mature epithelial cell	mature epithelial cell	3	24	1.0	0	
profile:39734b6f90a77283f507	hca:0123_10.1371_journal.pone.0267704_5a8157f0f3	alternatively activated m2 macrophage	alternatively activated M2 macrophage	3	19	1.0	0	
profile:869ca8956c5e2e0d20a4	hca:0123_10.1371_journal.pone.0267704_5a8157f0f3	central memory t cell	central memory T cell	3	19	1.0	4	0.75
profile:13d5a40271abe47b5c27	hca:0123_10.1371_journal.pone.0267704_5a8157f0f3	endothelial cell	endothelial cell	4	19	1.0	51	0.27450980392156865
profile:52a4604475988fbde53c	hca:0123_10.1371_journal.pone.0267704_5a8157f0f3	fibroblast subtype fb1	fibroblast subtype FB1	10	19	0.0	0	
profile:967ff43d1daf71dd1fba	hca:0123_10.1371_journal.pone.0267704_5a8157f0f3	fibroblast subtype fb2	fibroblast subtype FB2	6	19	0.0	0	
profile:fcbbbb39f0790788ad8b	hca:0123_10.1371_journal.pone.0267704_5a8157f0f3	fibroblast subtype fb4	fibroblast subtype FB4	5	19	0.8	0	
profile:b367f2c7d6db1af68e5a	hca:0123_10.1371_journal.pone.0267704_5a8157f0f3	migratory fibroblast subtype fb1	migratory fibroblast subtype FB1	10	19	0.4	0	
profile:c1f1fa9aa0399bc9793a	hca:0123_10.1371_journal.pone.0267704_5a8157f0f3	pericyte	pericyte	3	19	1.0	29	0.43678160919540227
profile:6b83df276b29e9f9aacc	hca:0123_10.1371_journal.pone.0267704_5a8157f0f3	peritubular capillary endothelial cell subpopulation ptc2	peritubular capillary endothelial cell subpopulation PTC2	3	19	1.0	0	
profile:3d6f16d3937e3c5b6cd9	hca:0123_10.1371_journal.pone.0267704_5a8157f0f3	proximal tubular cell	proximal tubular cell	3	19	1.0	0	
profile:bbd21bc759d280cf070b	hca:0123_10.1371_journal.pone.0267704_5a8157f0f3	tubular progenitor cell	tubular progenitor cell	4	19	1.0	0	
profile:b87db04a0a31e4c84ca8	hca:0123_10.1371_journal.pone.0267704_5a8157f0f3	tubular progenitor cell subtype pg1	tubular progenitor cell subtype PG1	3	19	0.0	0	
profile:528c16e70e5e1b722c4d	hca:0123_10.1371_journal.pone.0267704_5a8157f0f3	tubular progenitor cell subtype pg2	tubular progenitor cell subtype PG2	3	19	0.0	0	
profile:b4256a287f817b821c0e	hca:0124_10.1126_science.aba6500_a77c502bf7	cytotoxic t cell il13 il22	cytotoxic T cell IL13/IL22	4	22	0.5	0	
profile:c48004c319b423650ce0	hca:0124_10.1126_science.aba6500_a77c502bf7	fibroblast	fibroblast	4	22	1.0	49	0.17346938775510204
profile:31a0c80464f86e07ec9a	hca:0124_10.1126_science.aba6500_a77c502bf7	inflammatory differentiated keratinocyte	inflammatory differentiated keratinocyte	5	22	0.8	0	
profile:2fed9bd9f5c5d9dcfb85	hca:0124_10.1126_science.aba6500_a77c502bf7	innate lymphoid cell 2	innate lymphoid cell 2	3	22	1.0	0	
profile:62d970c2a6a9ae9be9db	hca:0124_10.1126_science.aba6500_a77c502bf7	lymphatic endothelial cell 1	lymphatic endothelial cell 1	3	22	1.0	0	
profile:930478543d4f9677a691	hca:0124_10.1126_science.aba6500_a77c502bf7	macrophage 1	macrophage 1	4	22	1.0	0	
profile:a5344717354a27f63511	hca:0124_10.1126_science.aba6500_a77c502bf7	macrophage 2	macrophage 2	4	22	1.0	1	0.0
profile:9d8a9fa3c126bd05fd80	hca:0124_10.1126_science.aba6500_a77c502bf7	migratory dendritic cell	migratory dendritic cell	10	22	1.0	2	0.15
profile:1766ce624f0fef295db5	hca:0124_10.1126_science.aba6500_a77c502bf7	natural killer cell	natural killer cell	5	22	1.0	33	0.2545454545454545
profile:6ddb18567141c1ec0595	hca:0124_10.1126_science.aba6500_a77c502bf7	regulatory t cell	regulatory T cell	3	22	1.0	21	0.6984126984126985
profile:a43b07671dcd14026034	hca:0124_10.1126_science.aba6500_a77c502bf7	t helper 17 cell	T helper 17 cell	3	22	0.6666666666666666	5	0.13333333333333333
profile:1ba74c4a4e639ab43900	hca:0124_10.1126_science.aba6500_a77c502bf7	tc17 th17 t cell	Tc17/Th17 T cell	5	22	0.6	0	
profile:1ca558ebfd58e8d51112	hca:0124_10.1126_science.aba6500_a77c502bf7	vascular endothelial cell 3	vascular endothelial cell 3	6	22	0.8333333333333334	0	
profile:65bfe96bd19648fcbe82	hca:0125_10.1016_j.celrep.2023.111994_fd20125b65	fibroblast i	fibroblast I	4	14	1.0	0	
profile:b1157d5f764414d2b7ed	hca:0125_10.1016_j.celrep.2023.111994_fd20125b65	fibroblast ii	fibroblast II	6	14	0.16666666666666666	0	
profile:3c7ba7f4335a4b4acc41	hca:0125_10.1016_j.celrep.2023.111994_fd20125b65	fibroblast iii	fibroblast III	4	14	0.0	0	
profile:fc7c38046ea347ddba6a	hca:0125_10.1016_j.celrep.2023.111994_fd20125b65	fibroblast iv	fibroblast IV	7	14	0.8571428571428571	0	
profile:f62cb60fbd70866955bf	hca:0125_10.1016_j.celrep.2023.111994_fd20125b65	immune cell	immune cell	3	14	0.6666666666666666	12	0.08333333333333333
profile:94e853569066472534b5	hca:0125_10.1016_j.celrep.2023.111994_fd20125b65	melanocyte	melanocyte	4	14	1.0	9	0.4722222222222222
profile:02cea37fd41e9161a213	hca:0125_10.1016_j.celrep.2023.111994_fd20125b65	spinous i keratinocyte	spinous I keratinocyte	3	14	1.0	0	
profile:39e51b3684ef75a75b58	hca:0126_10.1038_s41591-022-01959-0_cbdd92bc71	central memory t cell	central memory T cell	3	4	0.6666666666666666	4	0.4166666666666667
profile:02898617cc24ebcf9e60	hca:0126_10.1038_s41591-022-01959-0_cbdd92bc71	regulatory t cell	regulatory T cell	3	4	1.0	21	0.7142857142857143
profile:0041712d479bd71dc861	hca:0127_10.1016_j.cell.2021.11.031_38bd899f1b	adenoma specific cell	adenoma-specific cell	7	6	0.5714285714285714	0	
profile:56a26e49730a93398a6f	hca:0127_10.1016_j.cell.2021.11.031_38bd899f1b	conventional adenoma	conventional adenoma	3	6	0.0	0	
profile:c4e05872abd42b292de0	hca:0127_10.1016_j.cell.2021.11.031_38bd899f1b	serrated specific cell	serrated-specific cell	8	6	0.75	0	
profile:8bffa02261f07bb7a17e	hca:0128_10.1016_j.devcel.2020.07.023_7908e44bb1	endothelial cell	endothelial cell	14	1	1.0	51	0.08263305322128851
profile:0ac8d92bde75f2927f7d	hca:0130_10.1038_s41422-020-00455-9_6ab85d317a	alveolar macrophage	alveolar macrophage	4	9	1.0	6	0.25
profile:f5c896b3d7c431f23a40	hca:0130_10.1038_s41422-020-00455-9_6ab85d317a	inflammatory mature neutrophil cluster 4	inflammatory mature neutrophil cluster 4	4	9	1.0	0	
profile:240c9e9acd42a784a2fd	hca:0130_10.1038_s41422-020-00455-9_6ab85d317a	monocyte	monocyte	3	9	1.0	35	0.06666666666666667
profile:4ae43bd9e8e3aa42be0b	hca:0130_10.1038_s41422-020-00455-9_6ab85d317a	monocyte derived macrophage	monocyte-derived macrophage	3	9	1.0	6	0.05555555555555555
profile:5b4a1ae443f66ec6332a	hca:0130_10.1038_s41422-020-00455-9_6ab85d317a	plasma cell	plasma cell	3	9	1.0	22	0.196969696969697
profile:350acf5ad023b0ce8658	hca:0132_10.1038_s41467-020-16239-z_001d78a35b	basal cell	basal cell	5	12	0.6	11	0.4
profile:c5e698013f2ce80b7dd1	hca:0132_10.1038_s41467-020-16239-z_001d78a35b	early ciliating cell	early ciliating cell	7	12	1.0	0	
profile:f5595d0229fc6aa31fd1	hca:0132_10.1038_s41467-020-16239-z_001d78a35b	submucosal gland basal cell	submucosal gland basal cell	5	12	0.6	0	
profile:63de6c89bd73fa972c01	hca:0132_10.1038_s41467-020-16239-z_001d78a35b	submucosal gland mucus secretory cell	submucosal gland mucus secretory cell	4	12	1.0	0	
profile:2bc0b2f9f11003d0a5b5	hca:0132_10.1038_s41467-020-16239-z_001d78a35b	tuft like cell	tuft-like cell	4	12	0.75	0	
profile:6c6fae90d9138745ed82	hca:0134_10.3389_fimmu.2021.636720_9a958ecc4e	activated b cell cluster 0	activated B cell cluster 0	6	11	0.16666666666666666	1	0.6666666666666666
profile:310a6701b2b441566972	hca:0134_10.3389_fimmu.2021.636720_9a958ecc4e	cd4 positive memory t cell cluster 3	CD4-positive memory T cell cluster 3	3	11	0.3333333333333333	0	
profile:1efee14dcf1acd31d912	hca:0134_10.3389_fimmu.2021.636720_9a958ecc4e	late stage activated b cell	late stage activated B cell	4	11	0.0	0	
profile:645dde44740128b29061	hca:0134_10.3389_fimmu.2021.636720_9a958ecc4e	mucosal associated invariant t cell	mucosal-associated invariant T cell	3	11	0.3333333333333333	5	0.5333333333333333
profile:7c017e245cc1f4ef0db6	hca:0135_10.1016_j.cell.2022.06.007_78f5f057fa	clonally expanded cd8 positive t cell	clonally expanded CD8-positive T cell	5	14	0.8	0	
profile:3e422b21d30ab8ece0d8	hca:0135_10.1016_j.cell.2022.06.007_78f5f057fa	follicular helper like cd4 positive t cell	follicular helper-like CD4-positive T cell	3	14	0.3333333333333333	0	
profile:2c2d35f98ed653a04fc2	hca:0135_10.1016_j.cell.2022.06.007_78f5f057fa	helper memory cd4 positive t cell	helper/memory CD4-positive T cell	3	14	0.0	0	
profile:d95b5061947c750f6221	hca:0135_10.1016_j.cell.2022.06.007_78f5f057fa	microglia	microglia	3	14	1.0	16	0.08333333333333333
profile:a2aaffdea89196d3cc13	hca:0135_10.1016_j.cell.2022.06.007_78f5f057fa	monocyte derived macrophage	monocyte-derived macrophage	5	14	1.0	6	0.0
profile:20991604ab0755c8789c	hca:0135_10.1016_j.cell.2022.06.007_78f5f057fa	monocyte derived macrophage cluster 1	monocyte-derived macrophage cluster 1	3	14	1.0	0	
profile:cda5af0551429345168e	hca:0135_10.1016_j.cell.2022.06.007_78f5f057fa	non expanded cd8 positive t cell	non-expanded CD8-positive T cell	4	14	0.25	0	
profile:28b705a64604193f1539	hca:0135_10.1016_j.cell.2022.06.007_78f5f057fa	plasma cell	plasma cell	3	14	1.0	22	0.3181818181818182
profile:9cfb865a75bf98f07be1	hca:0135_10.1016_j.cell.2022.06.007_78f5f057fa	tcf7 positive cd8 positive t cell	TCF7-positive CD8-positive T cell	4	14	0.5	0	
profile:97c02f7dd709e2b48eaa	hca:0135_10.1016_j.cell.2022.06.007_78f5f057fa	tox positive cd8 positive t cell	TOX-positive CD8-positive T cell	3	14	0.3333333333333333	0	
profile:b754abd594804015fc59	hca:0136_10.1167_iovs.62.6.18_7e8926eaf2	cone precursor	cone precursor	8	3	0.75	0	
profile:f2fbbb5757bc1933cfb7	hca:0137_10.1084_jem.20221350_7ac74dedfd	fibroblast cluster 1	fibroblast cluster 1	7	1	1.0	0	
profile:e573ca2116a2ba06b5bf	hca:0139_10.1038_s41590-020-0602-z_71058e050d	central t regulatory cell	central T regulatory cell	3	26	0.0	0	
profile:0135654aacf50c4d7945	hca:0139_10.1038_s41590-020-0602-z_71058e050d	colonic t regulatory cell	colonic T regulatory cell	8	26	0.5	0	
profile:fec4fb6159987f3a2575	hca:0139_10.1038_s41590-020-0602-z_71058e050d	conventional dendritic cell type 1	conventional dendritic cell type 1	5	26	1.0	7	0.48571428571428565
profile:54503386a94a0866c79a	hca:0139_10.1038_s41590-020-0602-z_71058e050d	follicular b cell	follicular B cell	3	26	0.6666666666666666	0	
profile:c8d8d7b7f24f1dd0b9d2	hca:0139_10.1038_s41590-020-0602-z_71058e050d	klrb1 positive t regulatory cell	KLRB1-positive T regulatory cell	6	26	0.16666666666666666	0	
profile:404430414dc0ae2ad99e	hca:0139_10.1038_s41590-020-0602-z_71058e050d	lymphoid tissue like t regulatory cell	lymphoid tissue-like T regulatory cell	4	26	0.25	0	
profile:5ab4f38c9f128deadfdd	hca:0139_10.1038_s41590-020-0602-z_71058e050d	memory b cell	memory B cell	4	26	1.0	5	0.35
profile:296c6181120da835e58d	hca:0139_10.1038_s41590-020-0602-z_71058e050d	non lymphoid tissue like t regulatory cell	non-lymphoid tissue-like T regulatory cell	6	26	0.5	0	
profile:444f450f0da9636b288b	hca:0139_10.1038_s41590-020-0602-z_71058e050d	non lymphoid tissue t regulatory cell	non-lymphoid tissue T regulatory cell	3	26	1.0	0	
profile:a13d33168fcfe2c293a4	hca:0139_10.1038_s41590-020-0602-z_71058e050d	peripheral t regulatory cell	peripheral T regulatory cell	4	26	0.5	0	
profile:26aad3a3d175d24cee9a	hca:0139_10.1038_s41590-020-0602-z_71058e050d	sigmoid colon iga positive plasma cell	sigmoid colon IgA-positive plasma cell	3	26	1.0	0	
profile:a5928921533d94e32cc7	hca:0139_10.1038_s41590-020-0602-z_71058e050d	t helper 17 cell	T helper 17 cell	3	26	0.6666666666666666	5	0.26666666666666666
profile:f00bfc4b662cee31becd	hca:0140_10.1101_2021.03.01.21252411_572fc1288d	cd4 t cell	CD4+ T cell	3	9	1.0	9	0.14814814814814814
profile:1985fab20d506dc68494	hca:0140_10.1101_2021.03.01.21252411_572fc1288d	dendritic cell	dendritic cell	4	9	1.0	11	0.045454545454545456
profile:bf933a07230bea85023a	hca:0142_10.1016_j.immuni.2023.01.032_b86bd8b65d	cd66c negative alveolar epithelial type 2 cell	CD66c-negative alveolar epithelial type 2 cell	7	5	1.0	0	
profile:6b0742b3015df5b3c351	hca:0142_10.1016_j.immuni.2023.01.032_b86bd8b65d	tissue resident t cell	tissue-resident T cell	4	5	1.0	0	
profile:7e0fd7b87c775e0cd873	hca:0143_10.1038_s41586-021-03710-0_b55ce5f09e	covid 19 associated astrocyte	COVID-19-associated astrocyte	3	3	1.0	0	
profile:8ba2e7694f745fed880f	hca:0143_10.1038_s41586-021-03710-0_b55ce5f09e	covid 19 associated microglia	COVID-19-associated microglia	4	3	1.0	0	
profile:c07ace0517b0c51ff6b4	hca:0144_10.1016_j.ebiom.2025.106036_833fbd27b6	cd4 positive t follicular helper cell	CD4-positive T follicular helper cell	4	1	0.5	0	
profile:1a7750ffd1a54e569fe3	hca:0144_10.1016_j.ebiom.2025.106036_833fbd27b6	t follicular helper cell	T follicular helper cell	10	1	0.8	6	0.2
profile:0f512e38bd8aa3a195e1	hca:0145_10.1038_s41586-021-04044-7_8df46052bf	fascial fibroblast 1	fascial fibroblast 1	6	1	0.0	0	
profile:166f1dca7204fe08a477	hca:0145_10.1038_s41586-021-04044-7_8df46052bf	fascial fibroblast 2	fascial fibroblast 2	6	1	0.0	0	
profile:d347d29e6ac8560db39f	hca:0146_10.1016_j.cell.2019.01.017_63c175b000	cajal retzius cell	Cajal-Retzius cell	3	13	1.0	0	
profile:4c6002aea7b2ea1205c4	hca:0146_10.1016_j.cell.2019.01.017_63c175b000	caudal ganglionic eminence derived interneuron	caudal ganglionic eminence-derived interneuron	3	13	0.0	0	
profile:54341c16f7e78f124686	hca:0146_10.1016_j.cell.2019.01.017_63c175b000	lateral ganglionic eminence and caudal ganglionic eminence derived interneuron	lateral ganglionic eminence- and caudal ganglionic eminence-derived interneuron	4	13	0.25	0	
profile:062bb0fa22c681eef2bf	hca:0146_10.1016_j.cell.2019.01.017_63c175b000	mature radial glia	mature radial glia	3	13	1.0	0	
profile:d5a1cb58f4a4903bfdaa	hca:0146_10.1016_j.cell.2019.01.017_63c175b000	medial ganglionic eminence derived interneuron	medial ganglionic eminence-derived interneuron	3	13	1.0	0	
profile:7514898c7bb91408bd6a	hca:0146_10.1016_j.cell.2019.01.017_63c175b000	outer subventricular zone radial glia	outer subventricular zone radial glia	4	13	1.0	0	
profile:b83e9824e75eba974c31	hca:0146_10.1016_j.cell.2019.01.017_63c175b000	radial glia	radial glia	4	13	1.0	1	0.0
profile:a10255644f07d55fa9c4	hca:0148_10.1113_jp287812_fd3137bc12	abca10 hi fibroblast	ABCA10 hi fibroblast	4	31	1.0	0	
profile:887c5ba92ef2d9d1080f	hca:0148_10.1113_jp287812_fd3137bc12	adam12 hi fibroblast	ADAM12 hi fibroblast	7	31	0.7142857142857143	0	
profile:69fcd6c478a1f757a2a1	hca:0148_10.1113_jp287812_fd3137bc12	adipocyte	adipocyte	3	31	1.0	5	0.5333333333333333
profile:0ad197d0fae7834301b8	hca:0148_10.1113_jp287812_fd3137bc12	b cell	B cell	3	31	1.0	30	0.2333333333333333
profile:eec3be15713a0ef1041e	hca:0148_10.1113_jp287812_fd3137bc12	capillary vascular endothelial cell	capillary vascular endothelial cell	3	31	1.0	0	
profile:10844b4d5dae71048c46	hca:0148_10.1113_jp287812_fd3137bc12	clec10a hi dendritic cell	CLEC10A hi dendritic cell	3	31	1.0	0	
profile:c27b729ffef743d2a408	hca:0148_10.1113_jp287812_fd3137bc12	clec9a hi dendritic cell	CLEC9A hi dendritic cell	3	31	1.0	0	
profile:10a923da7e33a1e2b94f	hca:0148_10.1113_jp287812_fd3137bc12	dendritic cell	dendritic cell	3	31	0.6666666666666666	11	0.0
profile:a7134ef9f5e037a134f1	hca:0148_10.1113_jp287812_fd3137bc12	dividing cell	dividing cell	4	31	0.25	0	
profile:1f6e65ed9f81efb5eb83	hca:0148_10.1113_jp287812_fd3137bc12	dividing fibroblasts mural cells	dividing fibroblasts/mural cells	3	31	0.0	0	
profile:2c9a927c089c41e5cdfd	hca:0148_10.1113_jp287812_fd3137bc12	dividing immune cell	dividing immune cell	3	31	0.0	0	
profile:6b264426c049c1381f0a	hca:0148_10.1113_jp287812_fd3137bc12	dividing macrophage	dividing macrophage	3	31	0.0	0	
profile:1d7e0cbdd34593348b29	hca:0148_10.1113_jp287812_fd3137bc12	fbln1 hi fibroblast	FBLN1 hi fibroblast	4	31	1.0	0	
profile:7d7d8664fa27982795e6	hca:0148_10.1113_jp287812_fd3137bc12	fibroblast	fibroblast	3	31	0.3333333333333333	49	0.30612244897959184
profile:4d8cdd149a2a5bde69b2	hca:0148_10.1113_jp287812_fd3137bc12	granulocyte	granulocyte	3	31	1.0	3	0.0
profile:db80e1a897ac72dd26c3	hca:0148_10.1113_jp287812_fd3137bc12	lymphatic endothelial cell	lymphatic endothelial cell	3	31	1.0	17	0.23529411764705885
profile:fbd1287f0c3748d56f63	hca:0148_10.1113_jp287812_fd3137bc12	macrophage	macrophage	3	31	1.0	42	0.15873015873015872
profile:fa7d7949697488973d53	hca:0148_10.1113_jp287812_fd3137bc12	mertk hi lyve1 lo macrophage	MERTK hi LYVE1 lo macrophage	5	31	1.0	0	
profile:528a3e56cc9d6aef069f	hca:0148_10.1113_jp287812_fd3137bc12	mural cell	mural cell	4	31	0.75	0	
profile:948bad7ca3aee34ede70	hca:0148_10.1113_jp287812_fd3137bc12	natural killer cell	natural killer cell	3	31	1.0	33	0.3434343434343434
profile:d1a2aa2189f261422500	hca:0148_10.1113_jp287812_fd3137bc12	nervous system cell	nervous system cell	3	31	1.0	0	
profile:cc11cf00e09953621822	hca:0148_10.1113_jp287812_fd3137bc12	nr4a1 hi fibroblast	NR4A1 hi fibroblast	4	31	1.0	0	
profile:3b55fcce364bb57fee9c	hca:0148_10.1113_jp287812_fd3137bc12	osteoblast	osteoblast	3	31	1.0	0	
profile:5419391a710c5f995ac4	hca:0148_10.1113_jp287812_fd3137bc12	osteoclast	osteoclast	3	31	1.0	3	0.4444444444444444
profile:81e63e554fcf9fec1b84	hca:0148_10.1113_jp287812_fd3137bc12	pericyte	pericyte	3	31	1.0	29	0.022988505747126436
profile:d1899bce7b636208874d	hca:0148_10.1113_jp287812_fd3137bc12	plasmacytoid dendritic cell	plasmacytoid dendritic cell	3	31	0.6666666666666666	14	0.21428571428571427
profile:9e6e0286f74ac2a8f189	hca:0148_10.1113_jp287812_fd3137bc12	t cell	T cell	5	31	1.0	36	0.06666666666666667
profile:1e02986afaa0ad015fc2	hca:0148_10.1113_jp287812_fd3137bc12	vascular endothelial cell	vascular endothelial cell	4	31	0.75	6	0.25
profile:daaad774baca3a25afa3	hca:0148_10.1113_jp287812_fd3137bc12	vascular smooth muscle cell	vascular smooth muscle cell	3	31	1.0	9	0.14814814814814814
profile:24c5ef6b8466551d9fbf	hca:0149_10.1038_s41368-023-00238-z_c77e60a0ab	b cell	B-cell	3	9	1.0	30	0.03333333333333333
profile:55629e8f6e1c3b80e9f6	hca:0149_10.1038_s41368-023-00238-z_c77e60a0ab	b lymphocyte	B-lymphocyte	6	9	1.0	1	0.0
profile:c01c57aede76e78b5bdb	hca:0149_10.1038_s41368-023-00238-z_c77e60a0ab	endothelial cell	endothelial cell	3	9	1.0	51	0.22222222222222224
profile:647c0e420fee2585c4e5	hca:0149_10.1038_s41368-023-00238-z_c77e60a0ab	fibroblast	fibroblast	3	9	1.0	49	0.09523809523809523
profile:09571959ea89ff50773f	hca:0149_10.1038_s41368-023-00238-z_c77e60a0ab	mesenchymal stem cell	mesenchymal stem cell	4	9	0.75	4	0.3125
profile:1fc8b6f95acb56f3f28b	hca:0149_10.1038_s41368-023-00238-z_c77e60a0ab	monocyte	monocyte	3	9	1.0	35	0.1238095238095238
profile:668d9b67f220b404924e	hca:0149_10.1038_s41368-023-00238-z_c77e60a0ab	myofibroblast	myofibroblast	5	9	0.8	16	0.15
profile:ca2d410f2040751eb106	hca:0149_10.1038_s41368-023-00238-z_c77e60a0ab	t lymphocyte	T-lymphocyte	3	9	1.0	1	0.0
profile:f6f26b5308e76ac0c2d8	hca:0151_10.1038_s41586-022-04718-w_1bf3167cbc	dc3	DC3	5	8	0.2	1	0.0
profile:eca0336a9051c750919c	hca:0151_10.1038_s41586-022-04718-w_1bf3167cbc	il1r1 positive regulatory t cell	IL1R1-positive regulatory T cell	7	8	0.7142857142857143	0	
profile:3bd3966ca0294bc5846d	hca:0151_10.1038_s41586-022-04718-w_1bf3167cbc	mature dendritic cell enriched in immunoregulatory molecules	mature dendritic cell enriched in immunoregulatory molecules	5	8	1.0	0	
profile:0fa62971808c57756f19	hca:0151_10.1038_s41586-022-04718-w_1bf3167cbc	regulatory t cell	regulatory T cell	6	8	0.6666666666666666	21	0.16666666666666666
profile:3c69705f113f7d4b724b	hca:0151_10.1038_s41586-022-04718-w_1bf3167cbc	type 2 classical dendritic cell	type 2 classical dendritic cell	4	8	0.0	0	
profile:a432143c75bf074d47b6	hca:0152_10.15252_embr.201847483_d14f9b2105	nephron progenitor cell	nephron progenitor cell	3	7	0.3333333333333333	8	0.125
profile:7e14aab4362309640355	hca:0152_10.15252_embr.201847483_d14f9b2105	nephron progenitor like cell	nephron progenitor-like cell	5	7	0.8	0	
profile:903dbaf22df6c23de448	hca:0152_10.15252_embr.201847483_d14f9b2105	stromal cell	stromal cell	4	7	1.0	10	0.2
profile:e522edb6810f61322d2b	hca:0153_10.1038_s41556-020-00607-4_a7b29ac44b	germ cell	germ cell	4	3	0.0	0	
profile:f3129ce8fa31e7773ca5	hca:0153_10.1038_s41556-020-00607-4_a7b29ac44b	human primordial germ cell	human primordial germ cell	8	3	0.75	0	
profile:eb47c79ea6eabec86bc9	hca:0153_10.1038_s41556-020-00607-4_a7b29ac44b	meiotic germ cell	meiotic germ cell	5	3	0.4	0	
profile:d283dc78f488fe7fe4df	hca:0155_10.1038_s41467-022-29588-8_ec4c5a4a22	pancreatic alpha cell	pancreatic alpha cell	14	4	0.8571428571428571	1	0.35714285714285715
profile:dac69a3b1c983de6509f	hca:0155_10.1038_s41467-022-29588-8_ec4c5a4a22	pancreatic beta cell	pancreatic beta cell	15	4	1.0	1	0.26666666666666666
profile:990ad7f7e8290b8b9b16	hca:0155_10.1038_s41467-022-29588-8_ec4c5a4a22	pancreatic delta cell	pancreatic delta cell	11	4	0.9090909090909091	0	
profile:e7b6c1824d983f48fb4a	hca:0155_10.1038_s41467-022-29588-8_ec4c5a4a22	pancreatic epsilon cell	pancreatic epsilon cell	7	4	0.7142857142857143	0	
profile:b1d5dd7e8f84eaf85476	hca:0155_10.1038_s41467-022-29588-8_ec4c5a4a22	pancreatic gamma cell	pancreatic gamma cell	9	4	0.6666666666666666	0	
profile:b7b63e89fd3bfa47e0dc	hca:0157_10.1126_science.abg0928_3795ca9b86	interferon inducible cell	interferon-inducible cell	5	2	1.0	0	
profile:870817de9bb362db333f	hca:0157_10.1126_science.abg0928_3795ca9b86	monocyte	monocyte	4	2	0.5	35	0.17857142857142858
profile:e998ac51f728b7cb08cd	hca:0158_10.2337_db21-0830_d021248f76	endothelial cell	endothelial cell	3	12	1.0	51	0.4444444444444444
profile:1527471bab2e0eb5cf6b	hca:0158_10.2337_db21-0830_d021248f76	fibroblast 1	fibroblast 1	3	12	1.0	3	0.0
profile:5ee57ebab95629fef2e9	hca:0158_10.2337_db21-0830_d021248f76	keratinocyte a	keratinocyte A	3	12	1.0	0	
profile:93d0c54ca782667922ee	hca:0158_10.2337_db21-0830_d021248f76	keratinocyte b	keratinocyte B	3	12	1.0	0	
profile:f88a9aeae2dfaadbf69c	hca:0158_10.2337_db21-0830_d021248f76	lymphatic endothelial cell	lymphatic endothelial cell	3	12	1.0	17	0.29411764705882354
profile:8bd8e49e608ac3927e9c	hca:0158_10.2337_db21-0830_d021248f76	mast cell	mast cell	3	12	1.0	19	0.47368421052631576
profile:efd017ae5c7f5583473a	hca:0158_10.2337_db21-0830_d021248f76	melanocyte	melanocyte	3	12	1.0	9	0.5185185185185185
profile:ff5eacd07f48525ac162	hca:0158_10.2337_db21-0830_d021248f76	myeloid cell	myeloid cell	3	12	1.0	11	0.21212121212121213
profile:0387965258a05df0657a	hca:0158_10.2337_db21-0830_d021248f76	natural killer cell	natural killer cell	3	12	1.0	33	0.25252525252525254
profile:1eee1246fed60e62db56	hca:0158_10.2337_db21-0830_d021248f76	pericyte	pericyte	4	12	0.75	29	0.26724137931034486
profile:3140bb8ad78b4e1e7e59	hca:0158_10.2337_db21-0830_d021248f76	smooth muscle cell	smooth muscle cell	3	12	0.6666666666666666	24	0.3333333333333333
profile:c81dd1287f2c06e32f66	hca:0158_10.2337_db21-0830_d021248f76	t cell	T cell	3	12	1.0	36	0.25
profile:89aaddf948523b9170ec	hca:0159_10.1172_jci157279_71a5ff671c	keratinocyte subpopulation kera1	keratinocyte subpopulation Kera1	6	1	1.0	0	
profile:504b35dadc758ba6073d	hca:0159_10.1172_jci157279_71a5ff671c	keratinocyte subpopulation kera2	keratinocyte subpopulation Kera2	8	1	1.0	0	
profile:c37a810ad03adc03e3e5	hca:0160_10.1016_j.stem.2017.09.003_8fb14888a8	human spermatogonial stem cell	human spermatogonial stem cell	11	5	1.0	0	
profile:2576e73976f7cf707b63	hca:0160_10.1016_j.stem.2017.09.003_8fb14888a8	spermatogonia	spermatogonia	6	5	0.6666666666666666	1	0.0
profile:f482633cf74b89a079f0	hca:0161_10.1681_asn.2020030326_bf5d42b566	activated t cell	activated T cell	3	10	0.0	2	0.16666666666666666
profile:c8c6eed448b0239f97fd	hca:0161_10.1681_asn.2020030326_bf5d42b566	donor origin t cell	donor-origin T cell	6	10	1.0	0	
profile:9fa03c0e637516020d30	hca:0161_10.1681_asn.2020030326_bf5d42b566	recipient origin macrophage	recipient-origin macrophage	4	10	1.0	0	
profile:741dffbedaa9bbe2da51	hca:0161_10.1681_asn.2020030326_bf5d42b566	recipient origin t cell	recipient-origin T cell	4	10	0.0	0	
profile:0d7a2c2c095e57e21e89	hca:0162_10.1016_j.kint.2021.11.031_93f85a569c	podocyte	podocyte	4	1	1.0	9	0.5
profile:0d05ad8bad730697bc84	hca:0163_10.1126_sciimmunol.abb4432_91494cf647	cd8 positive tissue resident memory t cell	CD8-positive tissue-resident memory T cell	5	10	1.0	0	
profile:52a9012d115909058c52	hca:0163_10.1126_sciimmunol.abb4432_91494cf647	gamma delta t cell cluster t16	gamma delta T cell cluster T16	3	10	1.0	0	
profile:2fde35f43e1c0900dd41	hca:0163_10.1126_sciimmunol.abb4432_91494cf647	naïve memory t cell	naïve/memory T cell	4	10	0.75	0	
profile:2096cd41c31abe388170	hca:0163_10.1126_sciimmunol.abb4432_91494cf647	t follicular helper cell	T follicular helper cell	4	10	1.0	6	0.5
profile:c7dac544fc2ba4f8268e	hca:0164_10.1177_00220345221147908_13bf485ac8	acinar cell	acinar cell	5	12	0.2	6	0.0
profile:a25ed89d2b87a5aedc70	hca:0164_10.1177_00220345221147908_13bf485ac8	b cell	B cell	4	12	1.0	30	0.26666666666666666
profile:42e4c961702508cdac00	hca:0164_10.1177_00220345221147908_13bf485ac8	basal cell	basal cell	3	12	0.0	11	0.6363636363636364
profile:1580480f75e85020700e	hca:0164_10.1177_00220345221147908_13bf485ac8	ductal cell	ductal cell	4	12	0.75	6	0.25
profile:09a8b3e302c86dfee307	hca:0164_10.1177_00220345221147908_13bf485ac8	ionocyte	ionocyte	5	12	1.0	2	0.5
profile:a08575177ae2a59fa382	hca:0164_10.1177_00220345221147908_13bf485ac8	monocyte	monocyte	3	12	1.0	35	0.009523809523809523
profile:723bf25e517daff7d406	hca:0164_10.1177_00220345221147908_13bf485ac8	mucous acinar cell	mucous acinar cell	3	12	0.3333333333333333	1	0.6666666666666666
profile:b9b3f15b119b97b9bc5b	hca:0164_10.1177_00220345221147908_13bf485ac8	myoepithelial cell	myoepithelial cell	5	12	0.4	4	0.4
profile:c331850e18342adc5531	hca:0164_10.1177_00220345221147908_13bf485ac8	t cell	T cell	3	12	1.0	36	0.40740740740740744
profile:2864b67d5dc9569533ae	hca:0165_10.1111_cpr.13557_b323e8d65a	non cardiomyocyte cell	non-cardiomyocyte cell	4	4	1.0	0	
profile:f858b76dd3ab2377d922	hca:0166_10.1101_2023.04.13.23288227_0c5bc13bbe	activated cd4 t cell	activated CD4+ T cell	5	6	0.0	1	0.0
profile:4032c038a23249d4b47f	hca:0166_10.1101_2023.04.13.23288227_0c5bc13bbe	activated cd8 t cell	activated CD8+ T cell	4	6	0.0	1	0.0
profile:ee98f6d821610adc26dd	hca:0166_10.1101_2023.04.13.23288227_0c5bc13bbe	activated regulatory t cell	activated regulatory T cell	5	6	0.2	0	
profile:aa81a1a7a422b293b6dc	hca:0166_10.1101_2023.04.13.23288227_0c5bc13bbe	hyper infected ciliated cell	hyper-infected ciliated cell	6	6	1.0	0	
profile:08c5007f76c4bd577fd3	hca:0166_10.1101_2023.04.13.23288227_0c5bc13bbe	inflammatory monocyte	inflammatory monocyte	3	6	1.0	1	0.6666666666666666
profile:a447a8e2eb7ef88ce35e	hca:0167_10.1073_pnas.1520760112_985a5e340f	apical progenitor	apical progenitor	6	9	0.5	0	
profile:2dd9538af3e39c37ddfa	hca:0167_10.1073_pnas.1520760112_985a5e340f	basal progenitor 1	basal progenitor 1	7	9	0.5714285714285714	0	
profile:df3cf9e1931d3356c7ed	hca:0167_10.1073_pnas.1520760112_985a5e340f	interneuron	interneuron	4	9	0.75	3	0.25
profile:c9f9ac43d89ea9890380	hca:0167_10.1073_pnas.1520760112_985a5e340f	mesenchymal cell	mesenchymal cell	4	9	1.0	3	0.08333333333333333
profile:165d248f92b32edd183f	hca:0167_10.1073_pnas.1520760112_985a5e340f	neural progenitor cell	neural progenitor cell	8	9	0.375	1	0.0
profile:12362a8c9c63de82e3f4	hca:0167_10.1073_pnas.1520760112_985a5e340f	neuron	neuron	15	9	0.6666666666666666	7	0.019047619047619046
profile:d345de026bf231963a7e	hca:0168_10.1038_s41586-022-04552-0_f98a6428c8	alveolar type 2 cell	alveolar type 2 cell	4	3	0.5	7	0.21428571428571427
profile:d571befd5cb8d608348a	hca:0168_10.1038_s41586-022-04552-0_f98a6428c8	respiratory airway secretory cell	respiratory airway secretory cell	3	3	0.3333333333333333	0	
profile:18c3d6d07959630548b0	hca:0169_10.1038_s41586-022-04541-3_a47d9e6ca0	airway basal cell	airway basal cell	4	10	0.25	0	
profile:487931c59cbf0cbaa570	hca:0169_10.1038_s41586-022-04541-3_a47d9e6ca0	alveolar type 0 cell	alveolar type-0 cell	8	10	0.75	0	
profile:ef611361be56941a8192	hca:0169_10.1038_s41586-022-04541-3_a47d9e6ca0	differentiating basal cell	differentiating basal cell	3	10	0.6666666666666666	1	0.0
profile:78e2a6264b8ff31b0ee8	hca:0169_10.1038_s41586-022-04541-3_a47d9e6ca0	distal airway epithelial cell	distal airway epithelial cell	6	10	0.3333333333333333	0	
profile:f230e96a5ac481490cdd	hca:0169_10.1038_s41586-022-04541-3_a47d9e6ca0	distal basal cell 1	distal basal cell 1	6	10	0.3333333333333333	0	
profile:ab2d3b77b721d0d76f69	hca:0169_10.1038_s41586-022-04541-3_a47d9e6ca0	distal basal cell 2	distal basal cell 2	7	10	0.5714285714285714	0	
profile:311d6206cb55f8625a60	hca:0169_10.1038_s41586-022-04541-3_a47d9e6ca0	lgr5 positive fibroblast	LGR5-positive fibroblast	8	10	1.0	0	
profile:6e4f26eb72832da3437a	hca:0169_10.1038_s41586-022-04541-3_a47d9e6ca0	pre terminal bronchiole secretory cell	pre-terminal bronchiole secretory cell	3	10	0.0	1	1.0
profile:ecd4653ea8d89d9b24b4	hca:0169_10.1038_s41586-022-04541-3_a47d9e6ca0	proximal airway epithelial cell	proximal airway epithelial cell	3	10	1.0	0	
profile:8fe34dd5ec7f4a5300ff	hca:0169_10.1038_s41586-022-04541-3_a47d9e6ca0	scgb3a2 ciliated cell	SCGB3A2-ciliated cell	3	10	0.3333333333333333	0	
profile:beca03bb70b8a521df00	hca:0169_10.1038_s41586-022-04541-3_a47d9e6ca0	terminal and respiratory bronchiole secretory cell	terminal and respiratory bronchiole secretory cell	6	10	0.5	0	
profile:fb0a63b3b06000e32b60	hca:0170_10.1038_s41556-021-00740-8_a1434832b6	adult melanocyte	adult melanocyte	3	8	1.0	0	
profile:88d967124112d2d36fd5	hca:0170_10.1038_s41556-021-00740-8_a1434832b6	fetal melanocyte	fetal melanocyte	4	8	0.0	0	
profile:dc9f0224ad95e14e76dc	hca:0170_10.1038_s41556-021-00740-8_a1434832b6	melanocyte stem cell	melanocyte stem cell	6	8	0.3333333333333333	0	
profile:a048fd4a5798bd773290	hca:0170_10.1038_s41556-021-00740-8_a1434832b6	non volar cutaneous melanocyte	non-volar cutaneous melanocyte	12	8	1.0	0	
profile:699605fae02223abf409	hca:0170_10.1038_s41556-021-00740-8_a1434832b6	volar enriched melanocyte	volar-enriched melanocyte	3	8	1.0	0	
profile:1f7221b9131b9dc44436	hca:0171_10.1016_j.cell.2021.05.013_6d846f218b	basal layer differentiating keratinocyte	basal layer/differentiating keratinocyte	3	16	0.3333333333333333	0	
profile:4eb9a29d3ff942f55ad4	hca:0171_10.1016_j.cell.2021.05.013_6d846f218b	endothelial cell	endothelial cell	5	16	1.0	51	0.2156862745098039
profile:9c1e2555df9569015115	hca:0171_10.1016_j.cell.2021.05.013_6d846f218b	epithelial cell	epithelial cell	5	16	0.6	13	0.06153846153846154
profile:c388b54a8989d07c5037	hca:0171_10.1016_j.cell.2021.05.013_6d846f218b	epithelial cell h epi 1 2	epithelial cell H.Epi 1.2	6	16	0.6666666666666666	0	
profile:9d190320be5e29e40cf3	hca:0171_10.1016_j.cell.2021.05.013_6d846f218b	fibroblast	fibroblast	5	16	0.6	49	0.2163265306122449
profile:6c72e644e918bc69bc2c	hca:0171_10.1016_j.cell.2021.05.013_6d846f218b	fibroblast cluster 1 2	fibroblast cluster 1.2	3	16	0.6666666666666666	0	
profile:2583a11e4e1de0fd2523	hca:0171_10.1016_j.cell.2021.05.013_6d846f218b	fibroblast h fib 1 3 1 4 and 1 5	fibroblast H.Fib 1.3, 1.4, and 1.5	5	16	0.6	0	
profile:682b5a96d1d4a217a03a	hca:0171_10.1016_j.cell.2021.05.013_6d846f218b	immune cell	immune cell	5	16	1.0	12	0.1
profile:ac9891734a805e7e0ece	hca:0171_10.1016_j.cell.2021.05.013_6d846f218b	keratinocyte h epi 1 3	keratinocyte H.Epi 1.3	3	16	1.0	0	
profile:99195d0a3a310490879a	hca:0171_10.1016_j.cell.2021.05.013_6d846f218b	neutrophil	neutrophil	3	16	0.6666666666666666	10	0.10000000000000002
profile:1bae438e556aa5e15993	hca:0171_10.1016_j.cell.2021.05.013_6d846f218b	venular endothelial cell 1 3	venular endothelial cell 1.3	3	16	0.0	0	
profile:d3ba2097132f06646505	hca:0171_10.1016_j.cell.2021.05.013_6d846f218b	venular endothelial cell 1 4	venular endothelial cell 1.4	3	16	0.0	0	
profile:b6eb678c9cf3448172a0	hca:0172_10.1093_hmg_ddab140_444d3c140d	foveal cone photoreceptor cell	foveal cone photoreceptor cell	7	8	1.0	0	
profile:2ffd982a4ae6a2469098	hca:0172_10.1093_hmg_ddab140_444d3c140d	foveal müller cell	foveal Müller cell	4	8	1.0	1	0.25
profile:0f9ad0a4a904b447f407	hca:0172_10.1093_hmg_ddab140_444d3c140d	müller cell	Müller cell	5	8	0.8	1	0.2
profile:536e6ef61be3990a2eb0	hca:0174_10.1038_s41588-024-02048-3_7311b9bde5	adipocyte	adipocyte	5	11	1.0	5	0.4
profile:8a8b05e83f33dcc72aab	hca:0175_10.1038_s41587-020-00796-1_81545d4d48	macrophage	macrophage	3	4	0.0	42	0.031746031746031744
profile:ba03ebae9151f51b9e0a	hca:0175_10.1038_s41587-020-00796-1_81545d4d48	neutrophil	neutrophil	5	4	0.4	10	0.02
profile:46dcc9dbedc8ae428031	hca:0175_10.1038_s41587-020-00796-1_81545d4d48	secretory cell	secretory cell	4	4	1.0	3	0.08333333333333333
profile:43ad875e66bb84b3d963	hca:0176_10.1126_science.aav2501_7c9d3a1bd2	committed preadipocyte	committed preadipocyte	3	2	1.0	0	
profile:72c8ace92f5ad8408e70	hca:0176_10.1126_science.aav2501_7c9d3a1bd2	interstitial progenitor cell	interstitial progenitor cell	3	2	1.0	1	0.0
profile:8a2e0e34ff51d585aaa8	hca:0176_10.1126_science.aav2501_7c9d3a1bd2	mesenchymal cell	mesenchymal cell	3	2	1.0	3	0.0
profile:61a557cee2fe4d2fa273	hca:0177_10.1073_pnas.2204269120_58cc2f2212	cd4 tissue resident memory t cell	CD4+ tissue-resident memory T cell	6	8	0.8333333333333334	1	0.3333333333333333
profile:dd9322c23d3ed7615d39	hca:0177_10.1073_pnas.2204269120_58cc2f2212	t follicular helper cell	T follicular helper cell	4	8	1.0	6	0.4166666666666667
profile:b3553922241aae524ae0	hca:0178_10.1016_j.ebiom.2021.103618_7744ce01c2	end stage osteoarthritis synovial fibroblast	end-stage osteoarthritis synovial fibroblast	3	11	0.0	0	
profile:92043429f24c649f4859	hca:0178_10.1016_j.ebiom.2021.103618_7744ce01c2	synovial fibroblast from early osteoarthritis painful sites	synovial fibroblast from early osteoarthritis painful sites	7	11	0.5714285714285714	0	
profile:16c2849f25e5c24ab5f2	hca:0178_10.1016_j.ebiom.2021.103618_7744ce01c2	synovial fibroblast from end stage osteoarthritis painful sites	synovial fibroblast from end-stage osteoarthritis painful sites	7	11	0.42857142857142855	0	
profile:a82700caa2aec8266011	hca:0178_10.1016_j.ebiom.2021.103618_7744ce01c2	synovial fibroblast subset from early osteoarthritis painful sites	synovial fibroblast subset from early osteoarthritis painful sites	4	11	0.25	0	
profile:9dcbb49f90a55810067b	hca:0179_10.1038_s41593-021-00906-5_f703d212e4	astrocyte progenitor and maturing astrocyte	astrocyte progenitor and maturing astrocyte	4	9	1.0	0	
profile:9859509157ca3cd0494c	hca:0179_10.1038_s41593-021-00906-5_f703d212e4	deep cortical plate neuron	deep cortical plate neuron	3	9	1.0	0	
profile:407eb506c65a386d4fcb	hca:0179_10.1038_s41593-021-00906-5_f703d212e4	ganglionic eminence progenitor and migratory interneuron	ganglionic eminence progenitor and migratory interneuron	3	9	0.6666666666666666	0	
profile:ebde95f84beaebed0445	hca:0179_10.1038_s41593-021-00906-5_f703d212e4	interneuron	interneuron	15	9	0.8	3	0.15555555555555553
profile:350af5632e1f95f0e036	hca:0180_10.1016_j.immuni.2019.11.014_dd3bbb9bc1	early activated regulatory t cell	early activated regulatory T cell	4	14	1.0	0	
profile:f13c0e6237ba7373996e	hca:0180_10.1016_j.immuni.2019.11.014_dd3bbb9bc1	effector regulatory t cell	effector regulatory T cell	3	14	1.0	0	
profile:4dc55011f90921d4e709	hca:0180_10.1016_j.immuni.2019.11.014_dd3bbb9bc1	exhausted cd8 positive t cell	exhausted CD8-positive T cell	3	14	0.0	4	0.3333333333333333
profile:6bf3af4463e5c711601d	hca:0180_10.1016_j.immuni.2019.11.014_dd3bbb9bc1	ido1 positive dendritic cell	IDO1-positive dendritic cell	3	14	0.6666666666666666	0	
profile:33fa9b0305f82d87bf8e	hca:0180_10.1016_j.immuni.2019.11.014_dd3bbb9bc1	memory cd8 positive t cell	memory CD8-positive T cell	3	14	0.3333333333333333	1	0.0
profile:8a8804312b89ef1ab8ae	hca:0180_10.1016_j.immuni.2019.11.014_dd3bbb9bc1	terminally differentiated cd8 positive t cell	terminally differentiated CD8-positive T cell	6	14	0.5	0	
profile:ee4636f19379b292f507	hca:0182_10.1126_sciimmunol.abk1741_33c534a538	cd69 cd103 t cell	CD69+ CD103- T cell	3	5	0.6666666666666666	0	
profile:251af4a843e2feda9755	hca:0182_10.1126_sciimmunol.abk1741_33c534a538	cluster 2 cd4 t cell	cluster 2 CD4+ T cell	3	5	1.0	0	
profile:aad382288acf04a11510	hca:0182_10.1126_sciimmunol.abk1741_33c534a538	cluster 2 cd8 t cell	cluster 2 CD8+ T cell	3	5	1.0	0	
profile:bdfd8a6f202a7af5dc47	hca:0184_10.1016_j.cell.2021.07.023_f621bea088	b cell	B cell	3	21	1.0	30	0.45555555555555555
profile:b1297147dfd38ef52de6	hca:0184_10.1016_j.cell.2021.07.023_f621bea088	basal cell	basal cell	3	21	1.0	11	0.5757575757575758
profile:6290985ce9cd8f0a46a1	hca:0184_10.1016_j.cell.2021.07.023_f621bea088	ciliated cell	ciliated cell	4	21	0.75	4	0.125
profile:956436b0962205c073d3	hca:0184_10.1016_j.cell.2021.07.023_f621bea088	deuterosomal cell	deuterosomal cell	5	21	1.0	1	0.6
profile:aa7e52cfd09d160663e7	hca:0184_10.1016_j.cell.2021.07.023_f621bea088	developing ciliated cell	developing ciliated cell	3	21	0.6666666666666666	0	
profile:bfe9ee73b176b22230f3	hca:0184_10.1016_j.cell.2021.07.023_f621bea088	ffar4 high macrophage	FFAR4 high macrophage	11	21	1.0	0	
profile:52aac26bb3cfad33a46a	hca:0184_10.1016_j.cell.2021.07.023_f621bea088	goblet cell	goblet cell	7	21	0.2857142857142857	13	0.02197802197802198
profile:31cdb44a273577cc4e47	hca:0184_10.1016_j.cell.2021.07.023_f621bea088	inflammatory macrophage	inflammatory macrophage	5	21	1.0	4	0.15
profile:39cbf397fbbba7ca74f9	hca:0184_10.1016_j.cell.2021.07.023_f621bea088	interferon responsive cytotoxic cd8 t cell	interferon responsive cytotoxic CD8 T cell	13	21	0.9230769230769231	0	
profile:c933f1595943c52ad570	hca:0184_10.1016_j.cell.2021.07.023_f621bea088	interferon responsive macrophage	interferon responsive macrophage	7	21	0.8571428571428571	0	
profile:014b67ce49803119223e	hca:0184_10.1016_j.cell.2021.07.023_f621bea088	ionocyte	ionocyte	3	21	1.0	2	0.8333333333333334
profile:c968cc3b76d177b9a8fe	hca:0184_10.1016_j.cell.2021.07.023_f621bea088	itgax high macrophage	ITGAX high macrophage	6	21	0.8333333333333334	0	
profile:25c8f5470d24f635739c	hca:0184_10.1016_j.cell.2021.07.023_f621bea088	macrophage	macrophage	3	21	0.6666666666666666	42	0.11111111111111112
profile:7ce4058616b2b5aa325a	hca:0184_10.1016_j.cell.2021.07.023_f621bea088	mast cell	mast cell	3	21	1.0	19	0.2982456140350877
profile:61fabbf95e25d8b6145b	hca:0184_10.1016_j.cell.2021.07.023_f621bea088	msr1 high c1qb high macrophage	MSR1 high C1QB high macrophage	8	21	1.0	0	
profile:4ae317203c52b31e99a3	hca:0184_10.1016_j.cell.2021.07.023_f621bea088	secretory cell	secretory cell	6	21	0.16666666666666666	3	0.05555555555555555
profile:ba43313114cca8a66813	hca:0184_10.1016_j.cell.2021.07.023_f621bea088	t cell	T cell	8	21	1.0	36	0.10763888888888888
profile:3726e85a4067452a175b	hca:0185_10.1038_s41598-019-45842-4_2aeb7a4d45	myofibroblast	myofibroblast	3	3	1.0	16	0.25
profile:b24226252c8ba2994f91	hca:0186_10.1016_j.devcel.2020.01.033_6afe089f1e	basal cell	basal cell	8	11	0.625	11	0.22727272727272727
profile:597b69f2a6d36339309c	hca:0186_10.1016_j.devcel.2020.01.033_6afe089f1e	bud tip adjacent cell	bud tip adjacent cell	5	11	0.4	0	
profile:e9d879ce069f9357abf2	hca:0186_10.1016_j.devcel.2020.01.033_6afe089f1e	bud tip progenitor cell	bud tip progenitor cell	5	11	0.6	0	
profile:bb72c310fad26f3a638f	hca:0186_10.1016_j.devcel.2020.01.033_6afe089f1e	secretory progenitor cell	secretory progenitor cell	3	11	0.3333333333333333	0	
profile:a8484d3a289ceb0dabf6	hca:0188_10.1038_s41586-022-04989-3_7ea3ee9a4e	cardiac fibroblast cluster 4	cardiac fibroblast cluster 4	7	16	0.8571428571428571	0	
profile:8ce0976ac2a3d448235a	hca:0188_10.1038_s41586-022-04989-3_7ea3ee9a4e	cardiomyocyte cluster 2	cardiomyocyte cluster 2	5	16	0.6	0	
profile:9632f4f4151621301c28	hca:0188_10.1038_s41586-022-04989-3_7ea3ee9a4e	cd14 2 monocyte	CD14-2 monocyte	3	16	1.0	0	
profile:136e7e8f2fdf6609420f	hca:0188_10.1038_s41586-022-04989-3_7ea3ee9a4e	macrophage	macrophage	3	16	0.6666666666666666	42	0.25396825396825395
profile:b4f72e8490f10daa3a6a	hca:0190_10.1038_s41467-019-14118-w_eee71dc5ea	alpha beta t cell	alpha-beta T cell	4	21	1.0	0	
profile:9dbda46ce6bc7b63ce4e	hca:0190_10.1038_s41467-019-14118-w_eee71dc5ea	cytotoxic cd4 positive t cell	cytotoxic CD4-positive T cell	5	21	1.0	0	
profile:194ac43768844728e7bc	hca:0190_10.1038_s41467-019-14118-w_eee71dc5ea	myeloid dendritic cell type 1	myeloid dendritic cell type 1	3	21	1.0	0	
profile:8f51ccc2956034c0ba29	hca:0190_10.1038_s41467-019-14118-w_eee71dc5ea	myeloid dendritic cell type 2	myeloid dendritic cell type 2	3	21	1.0	0	
profile:4afacca14a94275da978	hca:0190_10.1038_s41467-019-14118-w_eee71dc5ea	regulatory t cell	regulatory T cell	3	21	1.0	21	0.6984126984126985
profile:bfa767d7a6bcd9c70ef4	hca:0191_10.1126_sciimmunol.abh3768_bc0f7a7105	cytotoxic lymphocyte	cytotoxic lymphocyte	3	8	1.0	0	
profile:2adedb52d84d91b98f24	hca:0191_10.1126_sciimmunol.abh3768_bc0f7a7105	germinal center b cell	germinal center B cell	5	8	1.0	6	0.0
profile:45dea224e62821142482	hca:0191_10.1126_sciimmunol.abh3768_bc0f7a7105	germinal center t follicular helper cell	germinal center T follicular helper cell	3	8	1.0	0	
profile:0a5851b4f709b0c458c5	hca:0191_10.1126_sciimmunol.abh3768_bc0f7a7105	interferon responsive b cell	interferon-responsive B cell	3	8	1.0	0	
profile:2f6c1cefed0efdf16f3f	hca:0191_10.1126_sciimmunol.abh3768_bc0f7a7105	naïve activated and memory b cell	naïve, activated, and memory B cell	5	8	1.0	0	
profile:573d123b0a9775bb4e7f	hca:0191_10.1126_sciimmunol.abh3768_bc0f7a7105	t follicular helper cell	T follicular helper cell	5	8	0.8	6	0.0
profile:23aee607da954bebb92b	hca:0193_10.15252_emmm.202012871_3b35c5fb8f	pericyte	pericyte	6	13	0.6666666666666666	29	0.07471264367816093
profile:f30ba3f63e90cb5e2efd	hca:0195_10.1038_nbt.4038_23df984b1c	cerebellar astrocyte	cerebellar astrocyte	3	19	1.0	0	
profile:e8792b41dcc76e09029d	hca:0195_10.1038_nbt.4038_23df984b1c	cerebellar oligodendrocyte precursor cell	cerebellar oligodendrocyte precursor cell	3	19	1.0	0	
profile:28c821c3d0d30dbdf299	hca:0195_10.1038_nbt.4038_23df984b1c	excitatory neuron subtype 3d	excitatory neuron subtype 3d	3	19	0.6666666666666666	0	
profile:aab3c8e6b3218261fe37	hca:0195_10.1038_nbt.4038_23df984b1c	excitatory neuron subtype 6a	excitatory neuron subtype 6a	3	19	0.3333333333333333	0	
profile:b307bed699305d3262a2	hca:0195_10.1038_nbt.4038_23df984b1c	inhibitory neuron	inhibitory neuron	8	19	0.25	5	0.15
profile:24b2b9c967d73197ce41	hca:0195_10.1038_nbt.4038_23df984b1c	inhibitory neuron subtype 1a	inhibitory neuron subtype 1a	3	19	0.6666666666666666	0	
profile:6509d91906bb58161f72	hca:0195_10.1038_nbt.4038_23df984b1c	inhibitory neuron subtype 1d	inhibitory neuron subtype 1d	3	19	0.6666666666666666	0	
profile:5c627dccf25288a374b0	hca:0195_10.1038_nbt.4038_23df984b1c	mature oligodendrocyte	mature oligodendrocyte	3	19	1.0	2	0.8333333333333334
profile:fd5181efa77785f83a14	hca:0195_10.1038_nbt.4038_23df984b1c	oligodendrocyte precursor cell	oligodendrocyte precursor cell	8	19	1.0	7	0.21428571428571427
profile:61a6a8beed5c7c7c547c	hca:0195_10.1038_nbt.4038_23df984b1c	purkinje neuron	Purkinje neuron	3	19	0.6666666666666666	0	
profile:158fae30d9c08fcf87d3	hca:0196_10.1016_j.cell.2019.06.029_0759da9587	best4 enterocyte	BEST4+ enterocyte	4	7	1.0	1	0.75
profile:40389348fa4e5c96cf21	hca:0196_10.1016_j.cell.2019.06.029_0759da9587	fibroblast	fibroblast	3	7	1.0	49	0.006802721088435374
profile:cf32928f258d39737eaa	hca:0196_10.1016_j.cell.2019.06.029_0759da9587	inflammation associated fibroblast	inflammation-associated fibroblast	8	7	1.0	1	0.0
profile:4256612f1d30121bddf5	hca:0196_10.1016_j.cell.2019.06.029_0759da9587	microfold like cell	microfold-like cell	4	7	1.0	0	
profile:61a67b08f3b0d9118489	hca:0196_10.1016_j.cell.2019.06.029_0759da9587	regulatory t cell	regulatory T cell	5	7	1.0	21	0.43809523809523804
profile:ce78bd2cf13a51af6215	hca:0197_10.3389_fmed.2022.869284_8494fa8c76	endothelial cell	endothelial cell	8	7	0.875	51	0.0196078431372549
profile:7700b628a1cd13a1bbaa	hca:0197_10.3389_fmed.2022.869284_8494fa8c76	mesangial cell	mesangial cell	3	7	0.0	1	0.0
profile:97e489461c4463ca1098	hca:0197_10.3389_fmed.2022.869284_8494fa8c76	podocyte	podocyte	3	7	1.0	9	0.037037037037037035
profile:1e1bb26a6b7251e72b68	hca:0198_10.1038_s41467-021-27619-4_12529026b3	cancer associated fibroblast	cancer-associated fibroblast	3	14	1.0	9	0.07407407407407407
profile:43dd9637e907f13acdaf	hca:0198_10.1038_s41467-021-27619-4_12529026b3	cycling cd8 t cell	cycling CD8+ T cell	3	14	1.0	0	
profile:da9733dc8842724b6aa6	hca:0198_10.1038_s41467-021-27619-4_12529026b3	fibroblast with elastic fiber differentiation	fibroblast with elastic fiber differentiation	3	14	1.0	0	
profile:6d9b79f62258cf8b325b	hca:0200_10.1242_dev.172361_e8969b05b0	committed nephron progenitor cell	committed nephron progenitor cell	6	9	1.0	0	
profile:be0134961ac42e4149fd	hca:0200_10.1242_dev.172361_e8969b05b0	nephron progenitor cell	nephron progenitor cell	3	9	1.0	8	0.3333333333333333
profile:d9f7df953d3c05ebf083	hca:0200_10.1242_dev.172361_e8969b05b0	proximal tubule cell	proximal tubule cell	4	9	0.75	3	0.41666666666666663
profile:e490da854ac2e823e88b	hca:0200_10.1242_dev.172361_e8969b05b0	stromal cell	stromal cell	3	9	1.0	10	0.03333333333333333
profile:b0a8803563284f90cbc0	hca:0201_10.1038_s41467-019-13382-0_3e98068ead	distal nephron cell	distal nephron cell	7	15	0.8571428571428571	1	0.14285714285714285
profile:1c0467ef9851e7e66359	hca:0201_10.1038_s41467-019-13382-0_3e98068ead	fetal mesangial cell	fetal mesangial cell	3	15	1.0	0	
profile:84161b9db2edc77613f0	hca:0201_10.1038_s41467-019-13382-0_3e98068ead	nephron progenitor cell	nephron progenitor cell	3	15	0.6666666666666666	8	0.16666666666666666
profile:72b10dabc1f915d2a1a7	hca:0201_10.1038_s41467-019-13382-0_3e98068ead	podocyte	podocyte	12	15	1.0	9	0.19444444444444442
profile:734257001f292fbd8a54	hca:0203_10.1038_s41598-021-95532-3_bdd0d22902	resident t cell	resident T cell	6	1	1.0	0	
profile:36553a6680e9f6859084	hca:0205_10.1038_s41588-020-0636-z_f39ba80540	enteric glial cell	enteric glial cell	3	7	1.0	0	
profile:0015698659429934004f	hca:0205_10.1038_s41588-020-0636-z_f39ba80540	fibroblast	fibroblast	3	7	1.0	49	0.2108843537414966
profile:fd270e1a57ea5e60ae52	hca:0205_10.1038_s41588-020-0636-z_f39ba80540	pericyte	pericyte	3	7	0.3333333333333333	29	0.3103448275862069
profile:df01c391fe76924cf4a1	hca:0205_10.1038_s41588-020-0636-z_f39ba80540	vascular smooth muscle cell	vascular smooth muscle cell	6	7	0.6666666666666666	9	0.3148148148148148
profile:dc8b03f990a1576d185f	hca:0206_10.1038_s41586-021-04345-x_4379471b82	hillock like cell	Hillock-like cell	3	6	1.0	0	
profile:01718a859e1aef48aaec	hca:0206_10.1038_s41586-021-04345-x_4379471b82	interferon stimulated subpopulation	interferon-stimulated subpopulation	25	6	1.0	0	
profile:1eb1a71116d3efef26b6	hca:0207_10.1016_j.immuni.2020.11.017_b182001861	cd4 positive t cell	CD4-positive T cell	3	15	1.0	2	0.5
profile:2b37bc1f3a8b258187c1	hca:0207_10.1016_j.immuni.2020.11.017_b182001861	cell precursor	cell precursor	3	15	1.0	0	
profile:a4a2bca70779b6aa545c	hca:0207_10.1016_j.immuni.2020.11.017_b182001861	dendritic cell	dendritic cell	3	15	1.0	11	0.030303030303030304
profile:52caa18c743caf4c0911	hca:0207_10.1016_j.immuni.2020.11.017_b182001861	erythroid cell	erythroid cell	3	15	1.0	2	0.16666666666666666
profile:ffedaecb4f9166942664	hca:0207_10.1016_j.immuni.2020.11.017_b182001861	megakaryocyte	megakaryocyte	3	15	1.0	3	0.2222222222222222
profile:1ca4aadb842f6b7074f4	hca:0207_10.1016_j.immuni.2020.11.017_b182001861	monocyte	monocyte	4	15	1.0	35	0.25
profile:e72845dab540e484b0fc	hca:0207_10.1016_j.immuni.2020.11.017_b182001861	neutrophil like cell	neutrophil-like cell	3	15	0.0	0	
profile:007638616be355b7d326	hca:0207_10.1016_j.immuni.2020.11.017_b182001861	plasmablast	plasmablast	7	15	0.5714285714285714	3	0.2857142857142857
profile:5bcc5ba99a3353ec78e6	hca:0208_10.1038_nbt.2967_18c9fd3939	maturing neuron	maturing neuron	5	7	1.0	0	
profile:06e02036b9977ede153d	hca:0208_10.1038_nbt.2967_18c9fd3939	neuroepithelial cell	neuroepithelial cell	3	7	1.0	0	
profile:a4bdb2d520265fc1513b	hca:0208_10.1038_nbt.2967_18c9fd3939	newborn neuron	newborn neuron	4	7	1.0	0	
profile:13eb7afeb92eb8648ab8	hca:0208_10.1038_nbt.2967_18c9fd3939	radial glia	radial glia	4	7	1.0	1	0.0
profile:a6b0bba718795222d89b	hca:0209_10.1126_scitranslmed.abe4282_13877fdeac	krt5 negative krt17 positive epithelial cell	KRT5-negative KRT17-positive epithelial cell	4	10	0.75	1	0.5
profile:8bc62dcc7093b0e87081	hca:0209_10.1126_scitranslmed.abe4282_13877fdeac	macrophage cluster 3	macrophage cluster 3	8	10	1.0	0	
profile:8d61c90cc6f5ab3f3044	hca:0209_10.1126_scitranslmed.abe4282_13877fdeac	osteoclast	osteoclast	4	10	1.0	3	0.08333333333333333
profile:e55c5b71a09997f46b06	hca:0209_10.1126_scitranslmed.abe4282_13877fdeac	profibrotic monocyte derived alveolar macrophage	profibrotic monocyte-derived alveolar macrophage	4	10	1.0	0	
profile:4b65d879e9e3a36c59cf	hca:0209_10.1126_scitranslmed.abe4282_13877fdeac	tissue resident homeostatic alveolar macrophage	tissue-resident homeostatic alveolar macrophage	3	10	1.0	0	
profile:c2a3d13fac9f69514e4a	hca:0209_10.1126_scitranslmed.abe4282_13877fdeac	transitional epithelial cell	transitional epithelial cell	17	10	0.8823529411764706	0	
profile:52ce00be342c3784c615	hca:0210_10.1016_j.stem.2020.11.008_213dabcee4	col1a1 high fibroblast	COL1A1-high fibroblast	3	18	0.0	0	
profile:92951b7b252c84706e56	hca:0210_10.1016_j.stem.2020.11.008_213dabcee4	enterocyte	enterocyte	5	18	1.0	7	0.22857142857142856
profile:8afa1d074fbed66dbd0d	hca:0210_10.1016_j.stem.2020.11.008_213dabcee4	enteroendocrine cell	enteroendocrine cell	5	18	1.0	8	0.275
profile:5551745d1cc1bb50428f	hca:0210_10.1016_j.stem.2020.11.008_213dabcee4	f3 high subepithelial mesenchymal cell	F3-high subepithelial mesenchymal cell	4	18	0.0	0	
profile:7828c273b709561e6d46	hca:0210_10.1016_j.stem.2020.11.008_213dabcee4	fibroblast	fibroblast	6	18	0.5	49	0.17346938775510204
profile:e2d9da06459915922bf8	hca:0210_10.1016_j.stem.2020.11.008_213dabcee4	goblet cell and goblet cell precursor	goblet cell and goblet cell precursor	3	18	0.3333333333333333	0	
profile:bd4adb63c808eeb26199	hca:0210_10.1016_j.stem.2020.11.008_213dabcee4	pdgfra high f3 high dll1 high mesenchymal cell	PDGFRA-high/F3-high/DLL1-high mesenchymal cell	4	18	0.0	0	
profile:87529d39b8376a2c670e	hca:0210_10.1016_j.stem.2020.11.008_213dabcee4	smooth muscle cell	smooth muscle cell	3	18	0.3333333333333333	24	0.3055555555555556
profile:1ad3386e964124d02027	hca:0210_10.1016_j.stem.2020.11.008_213dabcee4	subepithelial cell	subepithelial cell	9	18	0.4444444444444444	0	
profile:ed7977e66ec13ab27210	hca:0210_10.1016_j.stem.2020.11.008_213dabcee4	tagln high rgs5 negative smooth muscle cell	TAGLN-high/RGS5-negative smooth muscle cell	3	18	0.0	0	
profile:62ffc3b07689fa0e420a	hca:0210_10.1016_j.stem.2020.11.008_213dabcee4	tuft cell	tuft cell	3	18	0.6666666666666666	5	0.3333333333333333
profile:5cfe6c9ee5613eefa8dd	hca:0210_10.1016_j.stem.2020.11.008_213dabcee4	vascular smooth muscle cell	vascular smooth muscle cell	3	18	0.3333333333333333	9	0.3333333333333333
profile:bf8ccddc8923bb7d3f73	hca:0211_10.1016_j.cels.2022.06.005_7669df70b6	hormone responsive luminal cell	hormone-responsive luminal cell	5	4	1.0	1	0.4
profile:f8fe1cb330378c206e73	hca:0211_10.1016_j.cels.2022.06.005_7669df70b6	secretory luminal cell	secretory luminal cell	4	4	1.0	0	
profile:3894f95d0a319c2ccf85	hca:0211_10.1016_j.cels.2022.06.005_7669df70b6	stromal cell	stromal cell	4	4	1.0	10	0.1
profile:8f2d4d7a9e4de08fb9b4	hca:0212_10.1038_s41586-022-04571-x_30a05d7904	arterial endothelial cell	arterial endothelial cell	3	5	1.0	5	0.26666666666666666
profile:3cd3ebdaca0e76844c5c	hca:0212_10.1038_s41586-022-04571-x_30a05d7904	hematopoietic stem cell	hematopoietic stem cell	21	5	0.8095238095238095	5	0.0761904761904762
profile:23553b95dfa0ab2acea9	hca:0212_10.1038_s41586-022-04571-x_30a05d7904	hemogenic endothelium	hemogenic endothelium	3	5	0.3333333333333333	0	
profile:85d1a2f89113d2a433cc	hca:0212_10.1038_s41586-022-04571-x_30a05d7904	lympho myeloid progenitor	lympho-myeloid progenitor	7	5	0.7142857142857143	1	0.14285714285714285
profile:8e7acd137494e4b4a7c2	hca:0212_10.1038_s41586-022-04571-x_30a05d7904	pre hemogenic endothelium	pre-hemogenic endothelium	3	5	0.6666666666666666	0	
profile:675dfc2f1fb3ae527544	hca:0213_10.1016_j.ccell.2022.11.001_63fadcc3b4	exhausted t cell	exhausted T cell	5	19	0.8	4	0.5
profile:f98eab0ab7d966c5a8a3	hca:0213_10.1016_j.ccell.2022.11.001_63fadcc3b4	mhc ii tumor associated macrophage	MHC-II tumor-associated macrophage	3	19	1.0	0	
profile:304a2d26646b3e55d477	hca:0213_10.1016_j.ccell.2022.11.001_63fadcc3b4	natural killer cell	natural killer cell	4	19	0.75	33	0.11363636363636365
profile:74448fbb626ca03052f6	hca:0213_10.1016_j.ccell.2022.11.001_63fadcc3b4	resident memory t cell	resident memory T cell	3	19	1.0	0	
profile:df385fa5e67cc0f79d2f	hca:0213_10.1016_j.ccell.2022.11.001_63fadcc3b4	spp1 positive tumor associated macrophage	SPP1-positive tumor-associated macrophage	4	19	1.0	0	
profile:a9df72c3babb48160369	hca:0214_10.1126_science.abo0510_808a3cb920	b cell progenitor	B cell progenitor	3	11	1.0	0	
profile:b72c48414727c667cfd9	hca:0214_10.1126_science.abo0510_808a3cb920	b1 cell	B1 cell	5	11	1.0	0	
profile:716f6f438c4914205f48	hca:0214_10.1126_science.abo0510_808a3cb920	early mast cell	early mast cell	4	11	1.0	0	
profile:b986b9cdae1a25336cfa	hca:0214_10.1126_science.abo0510_808a3cb920	monocyte	monocyte	3	11	1.0	35	0.03809523809523809
profile:90b8539703519c41f874	hca:0215_10.1038_s42003-020-01625-6_cc9e14f4ea	cd4 t cell subcluster cd4_6	CD4+ T-cell subcluster CD4_6	3	20	1.0	0	
profile:c6355076fa7ec95bf523	hca:0215_10.1038_s42003-020-01625-6_cc9e14f4ea	cd8 t cell subcluster cd8_0	CD8+ T-cell subcluster CD8_0	4	20	0.5	0	
profile:867ddbdbcbcd029d2c91	hca:0215_10.1038_s42003-020-01625-6_cc9e14f4ea	macrophage	macrophage	4	20	0.5	42	0.023809523809523808
profile:e451a942c06364f5bb98	hca:0215_10.1038_s42003-020-01625-6_cc9e14f4ea	naive cd4 t cell subcluster cd4_1	naive CD4+ T-cell subcluster CD4_1	3	20	0.0	0	
profile:631e06f2edf67ffbc581	hca:0215_10.1038_s42003-020-01625-6_cc9e14f4ea	naive cd4 t cell subcluster cd4_3	naive CD4+ T-cell subcluster CD4_3	3	20	0.0	0	
profile:7e71081beeb05466601c	hca:0215_10.1038_s42003-020-01625-6_cc9e14f4ea	naive cd8 t cell subcluster cd8_4	naive CD8+ T-cell subcluster CD8_4	3	20	0.0	0	
profile:2cd139f21a3fd4693667	hca:0215_10.1038_s42003-020-01625-6_cc9e14f4ea	peripheral macrophage	peripheral macrophage	3	20	0.3333333333333333	0	
profile:7ff11eae6978bf08687e	hca:0215_10.1038_s42003-020-01625-6_cc9e14f4ea	proliferative cd8 t cell subcluster cd8_6	proliferative CD8+ T-cell subcluster CD8_6	4	20	1.0	0	
profile:8b0f917b11d436ffa3c6	hca:0215_10.1038_s42003-020-01625-6_cc9e14f4ea	regulatory t cell subcluster cd4_5	regulatory T-cell subcluster CD4_5	4	20	0.0	0	
profile:434ee8adc6e398f732b7	hca:0215_10.1038_s42003-020-01625-6_cc9e14f4ea	regulatory t cell subcluster cd4_7	regulatory T-cell subcluster CD4_7	4	20	0.0	0	
profile:2340c6bb4f477bc606dd	hca:0215_10.1038_s42003-020-01625-6_cc9e14f4ea	t cell	T cell	4	20	1.0	36	0.22916666666666666
profile:bd3cb156631c2aad34a6	hca:0215_10.1038_s42003-020-01625-6_cc9e14f4ea	tumor associated macrophage 1	tumor-associated macrophage 1	6	20	1.0	0	
profile:cbc65b550515384ee2e8	hca:0215_10.1038_s42003-020-01625-6_cc9e14f4ea	tumor associated macrophage 2	tumor-associated macrophage 2	5	20	0.8	0	
profile:07db7e60c2ea810a8b85	hca:0215_10.1038_s42003-020-01625-6_cc9e14f4ea	tumor associated macrophage 3	tumor-associated macrophage 3	4	20	0.75	0	
profile:9f88366f66b000a02939	hca:0215_10.1038_s42003-020-01625-6_cc9e14f4ea	tumor infiltrating cd4 t cell subcluster cd4_4	tumor-infiltrating CD4+ T-cell subcluster CD4_4	3	20	1.0	0	
profile:cc56b6909b720586b9af	hca:0215_10.1038_s42003-020-01625-6_cc9e14f4ea	tumor infiltrating regulatory t cell subcluster cd4_5	tumor-infiltrating regulatory T-cell subcluster CD4_5	5	20	0.4	0	
profile:756897ffc4064373acfe	hca:0216_10.1038_s41588-021-00972-2_b07f96cf7c	ciliated cell	ciliated cell	4	9	1.0	4	0.125
profile:463ebe153880987a7910	hca:0216_10.1038_s41588-021-00972-2_b07f96cf7c	glandular epithelial cell	glandular epithelial cell	3	9	0.6666666666666666	0	
profile:637257d1147a9c226d50	hca:0216_10.1038_s41588-021-00972-2_b07f96cf7c	lumenal epithelial cell	lumenal epithelial cell	3	9	1.0	0	
profile:0bbd07ba4c27c2081ebb	hca:0216_10.1038_s41588-021-00972-2_b07f96cf7c	preciliated cell	preciliated cell	4	9	1.0	0	
profile:cb1ba730386c8a1aec11	hca:0216_10.1038_s41588-021-00972-2_b07f96cf7c	proliferative cell	proliferative cell	3	9	0.6666666666666666	1	0.0
profile:d1a7f8de9d0fa2e372d4	hca:0217_10.1186_s40478-023-01568-z_30cfefc163	border associated macrophage	border-associated macrophage	3	23	1.0	0	
profile:88881c83caefb4330136	hca:0217_10.1186_s40478-023-01568-z_30cfefc163	committed oligodendrocyte precursor cell	committed oligodendrocyte precursor cell	3	23	1.0	1	0.0
profile:6355ef3d151c782e2c62	hca:0217_10.1186_s40478-023-01568-z_30cfefc163	ependymal cell	ependymal cell	3	23	1.0	1	0.0
profile:11a4cad9e020141f16a9	hca:0217_10.1186_s40478-023-01568-z_30cfefc163	microglia_1	Microglia_1	4	23	1.0	0	
profile:c6f2de0cbeefeee37c3a	hca:0217_10.1186_s40478-023-01568-z_30cfefc163	microglia_2	Microglia_2	3	23	0.3333333333333333	0	
profile:5527ba50e447854da840	hca:0217_10.1186_s40478-023-01568-z_30cfefc163	microglia_4	Microglia_4	4	23	0.5	0	
profile:9a154fede2452eee808c	hca:0217_10.1186_s40478-023-01568-z_30cfefc163	oligodendrocyte	oligodendrocyte	4	23	1.0	16	0.34375
profile:6cd57d4964260ac859dd	hca:0217_10.1186_s40478-023-01568-z_30cfefc163	oligodendrocyte oligo_a	oligodendrocyte Oligo_A	3	23	1.0	0	
profile:e3c0c351b39d34fe1e1f	hca:0217_10.1186_s40478-023-01568-z_30cfefc163	oligodendrocyte oligo_f	oligodendrocyte Oligo_F	6	23	1.0	0	
profile:e45e10e9895a7e490d1a	hca:0217_10.1186_s40478-023-01568-z_30cfefc163	oligodendrocyte precursor cell	oligodendrocyte precursor cell	4	23	1.0	7	0.39285714285714285
profile:b3bec43ba4c0662f9409	hca:0219_10.1016_j.cell.2020.06.026_35457f0d2b	cd4 t cell	CD4 T cell	11	2	0.9090909090909091	9	0.050505050505050504
profile:1624d5392142ff4e6e45	hca:0220_10.1038_s42003-021-02562-8_904d08be85	cancer stem cell	cancer stem cell	3	11	0.0	0	
profile:fa46af06324f052ff38d	hca:0220_10.1038_s42003-021-02562-8_904d08be85	hepatocyte	hepatocyte	4	11	1.0	3	0.41666666666666663
profile:1f628ccd19961bbf686d	hca:0220_10.1038_s42003-021-02562-8_904d08be85	tumor cell	tumor cell	3	11	0.0	2	0.16666666666666666
profile:ae2a24864b710e8e5649	hca:0220_10.1038_s42003-021-02562-8_904d08be85	tumor cell cluster tr2	tumor cell cluster Tr2	5	11	0.6	0	
profile:9f6ef6dfb9e56301f997	hca:0220_10.1038_s42003-021-02562-8_904d08be85	tumor cell cluster tr3	tumor cell cluster Tr3	3	11	1.0	0	
profile:dd5ce819b24b4f85fa89	hca:0220_10.1038_s42003-021-02562-8_904d08be85	tumor cell cluster tr4 1	tumor cell cluster Tr4/1	4	11	0.75	0	
profile:0104c09d2e6ee480feca	hca:0220_10.1038_s42003-021-02562-8_904d08be85	tumor cell cluster tr5	tumor cell cluster Tr5	3	11	1.0	0	
profile:a7da54adef4810b15b37	hca:0221_10.7554_elife.69603_ab573a325d	decidual cell	decidual cell	10	11	0.9	0	
profile:fbcb43a8a09258f86309	hca:0221_10.7554_elife.69603_ab573a325d	epithelial subpopulation 4	epithelial subpopulation 4	3	11	1.0	0	
profile:f2702038741ef65b4073	hca:0221_10.7554_elife.69603_ab573a325d	pre decidual cell	pre-decidual cell	6	11	0.6666666666666666	0	
profile:5360f0841bf7c8c3aeec	hca:0221_10.7554_elife.69603_ab573a325d	senescent decidual cell	senescent decidual cell	19	11	0.8421052631578947	0	
profile:386dd5f1892026dd813d	hca:0221_10.7554_elife.69603_ab573a325d	senescent epithelial cell	senescent epithelial cell	3	11	0.6666666666666666	0	
profile:081c80e1a5ac992bb645	hca:0221_10.7554_elife.69603_ab573a325d	stromal subpopulation 2	stromal subpopulation 2	3	11	0.6666666666666666	0	
profile:a659abe9eda6b6683206	hca:0222_10.1016_j.cell.2020.06.001_353fb6b4df	cd8 positive t cell	CD8-positive T cell	3	13	0.6666666666666666	7	0.047619047619047616
profile:9415e320f2c8c4a8fdc9	hca:0222_10.1016_j.cell.2020.06.001_353fb6b4df	cd8 t cell	CD8 T cell	3	13	0.3333333333333333	11	0.0
profile:57445ce5aef086b0d2e7	hca:0222_10.1016_j.cell.2020.06.001_353fb6b4df	myeloid cell	myeloid cell	7	13	0.8571428571428571	11	0.05194805194805195
profile:86a26c30c6281d30c510	hca:0222_10.1016_j.cell.2020.06.001_353fb6b4df	regulatory t cell cluster 1	regulatory T cell cluster 1	3	13	0.3333333333333333	0	
profile:bb366664307772e74c0d	hca:0222_10.1016_j.cell.2020.06.001_353fb6b4df	t helper 1 effector cell	T helper 1 effector cell	3	13	0.3333333333333333	0	
profile:e5aff28a15a0424bf7ae	hca:0223_10.1126_science.abo7257_14645ac97f	excitatory neuron	excitatory neuron	6	17	1.0	8	0.0
profile:247652ef66a6c8c21108	hca:0223_10.1126_science.abo7257_14645ac97f	hominini specific microglial subtype	Hominini-specific microglial subtype	4	17	1.0	0	
profile:85903ee7f99b12ddeaf1	hca:0223_10.1126_science.abo7257_14645ac97f	human specific microglial subtype	human-specific microglial subtype	8	17	1.0	0	
profile:8ce7356452a683cfe937	hca:0223_10.1126_science.abo7257_14645ac97f	inhibitory neuron subtype inn sst hgf gabrq	inhibitory neuron subtype InN SST HGF GABRQ	4	17	1.0	0	
profile:63e89a173cd0e1e22b6c	hca:0223_10.1126_science.abo7257_14645ac97f	interlaminar astrocyte	interlaminar astrocyte	4	17	1.0	0	
profile:e79782a237409cc0bce4	hca:0223_10.1126_science.abo7257_14645ac97f	layer 3 5 intratelencephalic excitatory neuron	layer 3-5 intratelencephalic excitatory neuron	3	17	0.6666666666666666	0	
profile:72ced34235d10d654255	hca:0223_10.1126_science.abo7257_14645ac97f	layer 5 extratelencephalic excitatory neuron	layer 5 extratelencephalic excitatory neuron	3	17	1.0	0	
profile:0986daa677185f63bdf0	hca:0223_10.1126_science.abo7257_14645ac97f	microglia	microglia	4	17	0.75	16	0.0
profile:128bb9a68c814e97a83e	hca:0223_10.1126_science.abo7257_14645ac97f	pericyte	pericyte	3	17	1.0	29	0.0
profile:f211fb9d5aa302873d66	hca:0224_10.1038_s41467-018-07581-4_ec3b4906f6	co inhibitory receptor rich cd4 positive t cell	co-inhibitory receptor rich CD4-positive T cell	3	2	0.3333333333333333	0	
profile:3595c66f8005e58082c5	hca:0224_10.1038_s41467-018-07581-4_ec3b4906f6	il 10 producing cd25 low cd4 positive t cell	IL-10-producing CD25 low CD4-positive T cell	6	2	0.6666666666666666	0	
profile:034512158b69bfd6438f	hca:0226_10.1038_s41593-020-00764-7_dc0bba5691	excitatory neuron	excitatory neuron	4	9	0.75	8	0.25
profile:bda1289aab9f8466a20f	hca:0226_10.1038_s41593-020-00764-7_dc0bba5691	gfap high astrocyte	GFAP-high astrocyte	5	9	1.0	0	
profile:51f58f6bfc68479dde05	hca:0228_10.1128_mbio.02583-20_5085db2792	macrophage	macrophage	3	8	0.6666666666666666	42	0.17460317460317462
profile:b6c202a024415908657e	hca:0228_10.1128_mbio.02583-20_5085db2792	memory b cell	memory B cell	4	8	0.5	5	0.44999999999999996
profile:a477df219ff86a620974	hca:0228_10.1128_mbio.02583-20_5085db2792	plasma cell	plasma cell	4	8	0.25	22	0.22727272727272727
profile:af0dff0459206aa3c54a	hca:0228_10.1128_mbio.02583-20_5085db2792	plasmablast	plasmablast	4	8	0.25	3	0.5
profile:cbb5562e492382a4f8f0	hca:0229_10.15252_msb.20178041_0277072a61	b cell	B cell	4	10	1.0	30	0.2833333333333333
profile:7438ee8d549fa27a95b6	hca:0229_10.15252_msb.20178041_0277072a61	basophil eosinophil mast cell progenitor	basophil/eosinophil/mast cell progenitor	4	10	1.0	0	
profile:d0871b2b48da49a5bae2	hca:0229_10.15252_msb.20178041_0277072a61	lymphoid primed multipotent progenitor	lymphoid-primed multipotent progenitor	3	10	0.0	1	0.0
profile:30d72b622ca43aeea428	hca:0229_10.15252_msb.20178041_0277072a61	megakaryocyte erythroid progenitor	megakaryocyte-erythroid progenitor	3	10	1.0	1	0.6666666666666666
profile:eaffd01a1a675d4ee043	hca:0229_10.15252_msb.20178041_0277072a61	megakaryocyte progenitor	megakaryocyte progenitor	3	10	1.0	1	0.3333333333333333
profile:5e08d629c702910345e9	hca:0229_10.15252_msb.20178041_0277072a61	neutrophil monocyte progenitor	neutrophil/monocyte progenitor	7	10	0.5714285714285714	0	
profile:4228daafa108e7a7ff60	hca:0229_10.15252_msb.20178041_0277072a61	t cell	T cell	4	10	1.0	36	0.19444444444444445
profile:5bf9e18f55b150ae99a0	hca:0231_10.1101_2023.08.08.551504_0d646c9546	interfollicular epidermis basal keratinocyte	interfollicular epidermis basal keratinocyte	3	14	0.6666666666666666	0	
profile:b144e005b38fda4b74cf	hca:0231_10.1101_2023.08.08.551504_0d646c9546	spinous interfollicular epidermis keratinocyte	spinous interfollicular epidermis keratinocyte	3	14	1.0	0	
profile:486aaba329b0d16edd2b	hca:0232_10.1038_s43018-020-00121-4_6badfd3276	exhausted cd8 positive t cell	exhausted CD8-positive T cell	3	17	0.6666666666666666	4	0.3333333333333333
profile:1e50d526e7e64143027d	hca:0232_10.1038_s43018-020-00121-4_6badfd3276	granulocyte	granulocyte	5	17	0.8	3	0.0
profile:de5dd39e24779480b11c	hca:0232_10.1038_s43018-020-00121-4_6badfd3276	regulatory t cell	regulatory T cell	3	17	0.6666666666666666	21	0.6984126984126985
profile:b7425e181ce1efd7bbef	hca:0233_10.1038_s41590-025-02241-4_110ace5bba	gamma delta t cell	gamma delta T cell	4	20	0.0	2	0.0
profile:7ab54269e2da5574c3be	hca:0233_10.1038_s41590-025-02241-4_110ace5bba	innate lymphoid cell type 3	innate lymphoid cell type 3	3	20	0.6666666666666666	4	0.8333333333333334
profile:ed662f234e032d05d231	hca:0233_10.1038_s41590-025-02241-4_110ace5bba	macrophage	macrophage	13	20	1.0	42	0.03296703296703297
profile:fa1d4c64d01c61f81c69	hca:0233_10.1038_s41590-025-02241-4_110ace5bba	mucosal associated invariant t cell	mucosal-associated invariant T cell	5	20	0.2	5	0.2
profile:416efcabf9bcc435fed7	hca:0233_10.1038_s41590-025-02241-4_110ace5bba	natural killer cell	natural killer cell	4	20	0.0	33	0.0
profile:1dd515f12b0cd1554006	hca:0233_10.1038_s41590-025-02241-4_110ace5bba	natural killer cell innate lymphoid cell precursor	natural killer cell/innate lymphoid cell precursor	3	20	0.0	0	
profile:342adaa725a6f3f2fc7a	hca:0233_10.1038_s41590-025-02241-4_110ace5bba	plasma cell	plasma cell	6	20	1.0	22	0.09848484848484847
profile:43bd9aed1575ee4b53b1	hca:0233_10.1038_s41590-025-02241-4_110ace5bba	tissue resident memory t cell	tissue resident memory T cell	9	20	0.2222222222222222	5	0.13333333333333333
profile:90d97eb2d645730313e4	hca:0235_10.1016_j.isci.2024.111337_a37d387ae6	balloon cell	balloon cell	5	12	0.0	0	
profile:e7cb17e732b93680096c	hca:0235_10.1016_j.isci.2024.111337_a37d387ae6	cd74 positive microglia	CD74-positive microglia	12	12	0.9166666666666666	0	
profile:e78ab433d6346a1d4236	hca:0235_10.1016_j.isci.2024.111337_a37d387ae6	cd83 positive microglia	CD83-positive microglia	5	12	1.0	0	
profile:b8e075d48f2587ba1ac4	hca:0235_10.1016_j.isci.2024.111337_a37d387ae6	differentiated astrocyte	differentiated astrocyte	3	12	1.0	0	
profile:90318cc2f30ee1131aec	hca:0235_10.1016_j.isci.2024.111337_a37d387ae6	immature astrocyte	immature astrocyte	4	12	0.75	1	0.0
profile:4b30ae9f5c3a8e3e41b1	hca:0235_10.1016_j.isci.2024.111337_a37d387ae6	microglia	microglia	3	12	0.6666666666666666	16	0.020833333333333332
profile:d22a5d423f9776713d21	hca:0235_10.1016_j.isci.2024.111337_a37d387ae6	reactive astrocyte	reactive astrocyte	5	12	0.0	2	0.1
profile:78210d466cee3abdeae9	hca:0238_10.1002_art.41813_55de40d8f6	ccr1 positive macrophage	CCR1-positive macrophage	9	14	0.8888888888888888	1	0.0
profile:08eb33677f2eaf4d8837	hca:0238_10.1002_art.41813_55de40d8f6	classical monocyte	classical monocyte	9	14	0.4444444444444444	9	0.14814814814814814
profile:cc144abfc55320383352	hca:0238_10.1002_art.41813_55de40d8f6	conventional dendritic cell type 2	conventional dendritic cell type 2	3	14	0.6666666666666666	5	0.19999999999999998
profile:fe667f2d39504616f0a4	hca:0238_10.1002_art.41813_55de40d8f6	fcgr3a positive macrophage	FCGR3A-positive macrophage	15	14	0.8	0	
profile:1f74ca86116d3ab488e5	hca:0238_10.1002_art.41813_55de40d8f6	fcn1 positive monocyte derived dendritic cell	FCN1-positive monocyte-derived dendritic cell	6	14	0.16666666666666666	0	
profile:a6c8fadd0260611f4f14	hca:0238_10.1002_art.41813_55de40d8f6	lamp3 positive mature conventional dendritic cell	LAMP3-positive mature conventional dendritic cell	3	14	1.0	0	
profile:8ecbe5cb20a3d3b790b4	hca:0238_10.1002_art.41813_55de40d8f6	langerhans cell	Langerhans cell	3	14	1.0	3	0.2222222222222222
profile:7b33c70af3fa18953c8f	hca:0238_10.1002_art.41813_55de40d8f6	macrophage	macrophage	4	14	0.5	42	0.047619047619047616
profile:b97555195c75164beaa2	hca:0238_10.1002_art.41813_55de40d8f6	marco positive macrophage	MARCO-positive macrophage	4	14	0.75	1	0.0
profile:da10b63ce1f07dc4ec6e	hca:0238_10.1002_art.41813_55de40d8f6	monocyte derived dendritic cell	monocyte-derived dendritic cell	7	14	0.42857142857142855	2	0.0
profile:4c1df8fd27919e3d8419	hca:0238_10.1002_art.41813_55de40d8f6	plasmacytoid dendritic cell	plasmacytoid dendritic cell	7	14	1.0	14	0.2346938775510204
profile:b21d4b910ef67c3c96d5	hca:0238_10.1002_art.41813_55de40d8f6	proliferating conventional dendritic cell type 2	proliferating conventional dendritic cell type 2	5	14	0.8	0	
profile:98eb61094e66c9c73598	hca:0238_10.1002_art.41813_55de40d8f6	trem2 positive macrophage	TREM2-positive macrophage	3	14	0.6666666666666666	0	
profile:062a49e8f823da972af1	hca:0239_10.1038_s41467-021-24607-6_2a0350c2e5	dermal sheath cell	dermal sheath cell	3	21	0.3333333333333333	0	
profile:3c663ed454c7e8ba00db	hca:0239_10.1038_s41467-021-24607-6_2a0350c2e5	fibroblast	fibroblast	3	21	1.0	49	0.2993197278911564
profile:85857761a2c483f6b1d8	hca:0239_10.1038_s41467-021-24607-6_2a0350c2e5	fibroblast population	fibroblast population	4	21	0.5	0	
profile:2edd7555de8c1cffe443	hca:0239_10.1038_s41467-021-24607-6_2a0350c2e5	fibroblast subpopulation	fibroblast subpopulation	4	21	0.75	0	
profile:92e86beac2e2e5addc34	hca:0239_10.1038_s41467-021-24607-6_2a0350c2e5	minor fibroblast population	minor fibroblast population	5	21	0.4	0	
profile:dc7be5b6040aa8c044ea	hca:0239_10.1038_s41467-021-24607-6_2a0350c2e5	papillary dermal fibroblast	papillary dermal fibroblast	5	21	0.8	1	1.0
profile:797df15530c6b4d15448	hca:0239_10.1038_s41467-021-24607-6_2a0350c2e5	papillary fibroblast	papillary fibroblast	3	21	0.0	2	0.0
profile:e130d764ee09ea43f565	hca:0239_10.1038_s41467-021-24607-6_2a0350c2e5	pericyte	pericyte	3	21	1.0	29	0.41379310344827586
profile:f79bf2743d0b8f2d1b1d	hca:0239_10.1038_s41467-021-24607-6_2a0350c2e5	sfrp2 high prss23 positive wif1 negative fibroblast	SFRP2-high PRSS23-positive WIF1-negative fibroblast	5	21	0.2	0	
profile:7be3cde5cbab0b214f66	hca:0239_10.1038_s41467-021-24607-6_2a0350c2e5	systemic sclerosis sfrp2 high prss23 positive fibroblast	systemic sclerosis SFRP2-high PRSS23-positive fibroblast	10	21	0.4	0	
profile:a32e98f4066c7a7d7b3c	hca:0242_10.1172_jci138519_8b328cd6bc	regulatory t cell	regulatory T cell	20	3	0.95	21	0.04285714285714286
profile:de8fd6cf69a69093af6e	hca:0243_10.1038_s41586-023-05915-x_2f4aafa6a2	adipocyte	adipocyte	3	34	1.0	5	0.5333333333333333
profile:8d5c61ba1c4b90f1ea5e	hca:0243_10.1038_s41586-023-05915-x_2f4aafa6a2	b cell	B cell	3	34	1.0	30	0.39999999999999997
profile:44f17223bd7fef6b6542	hca:0243_10.1038_s41586-023-05915-x_2f4aafa6a2	enteroendocrine cell	enteroendocrine cell	5	34	0.6	8	0.25
profile:962dc2308a8459477ec1	hca:0243_10.1038_s41586-023-05915-x_2f4aafa6a2	enteroendocrine enterochromaffin cell	enteroendocrine/enterochromaffin cell	3	34	1.0	0	
profile:99636f86ae31357f0453	hca:0243_10.1038_s41586-023-05915-x_2f4aafa6a2	glial cell	glial cell	3	34	1.0	4	0.4166666666666667
profile:bb417314f63705f17e31	hca:0243_10.1038_s41586-023-05915-x_2f4aafa6a2	goblet cell	goblet cell	6	34	1.0	13	0.15384615384615385
profile:ddf9270062a7d1e744e2	hca:0243_10.1038_s41586-023-05915-x_2f4aafa6a2	immature goblet cell	immature goblet cell	3	34	1.0	0	
profile:dee7e800a654bc414790	hca:0243_10.1038_s41586-023-05915-x_2f4aafa6a2	interstitial cells of cajal	interstitial cells of Cajal	4	34	1.0	0	
profile:b5b6fc4ad3d863b297cc	hca:0243_10.1038_s41586-023-05915-x_2f4aafa6a2	intestinal stem cell	intestinal stem cell	8	34	1.0	7	0.30357142857142855
profile:35a9c2b96492744121e2	hca:0243_10.1038_s41586-023-05915-x_2f4aafa6a2	l cell	L cell	3	34	0.3333333333333333	0	
profile:b584cab6148ecd73a16b	hca:0243_10.1038_s41586-023-05915-x_2f4aafa6a2	mast cell	mast cell	3	34	1.0	19	0.2982456140350877
profile:289331f0ec7724b0f211	hca:0243_10.1038_s41586-023-05915-x_2f4aafa6a2	neuron	neuron	3	34	1.0	7	0.19047619047619047
profile:4c01750fa54df1e3a420	hca:0243_10.1038_s41586-023-05915-x_2f4aafa6a2	pericyte	pericyte	3	34	1.0	29	0.2988505747126437
profile:7dfb6ea4a957449d8e7b	hca:0243_10.1038_s41586-023-05915-x_2f4aafa6a2	smooth muscle myofibroblast	smooth muscle/myofibroblast	3	34	1.0	0	
profile:0728db623d9606935ac5	hca:0243_10.1038_s41586-023-05915-x_2f4aafa6a2	t cell	T cell	3	34	1.0	36	0.26851851851851855
profile:9c47a3b99c5d3a0c342c	hca:0243_10.1038_s41586-023-05915-x_2f4aafa6a2	tuft cell	tuft cell	8	34	1.0	5	0.225
profile:95984bf77e0b27a54cfe	hca:0244_10.1038_s41586-019-1654-9_7c485e5190	cortical neuron	cortical neuron	3	7	0.0	0	
profile:437fc8c90509fa543dfb	hca:0244_10.1038_s41586-019-1654-9_7c485e5190	excitatory neuron	excitatory neuron	4	7	1.0	8	0.09375
profile:f2bf6284e515c3cf046c	hca:0245_10.1007_s00018-022-04183-8_4730063570	ameloblast	ameloblast	7	10	0.7142857142857143	0	
profile:9174e4c698a63cebc0dd	hca:0245_10.1007_s00018-022-04183-8_4730063570	differentiated tooth organoid cell	differentiated tooth organoid cell	5	10	0.6	0	
profile:e4d6edc98e25ae24385b	hca:0245_10.1007_s00018-022-04183-8_4730063570	epithelial cell rests of malassez	epithelial cell rests of Malassez	3	10	0.6666666666666666	0	
profile:eb036a1c0226f4812144	hca:0245_10.1007_s00018-022-04183-8_4730063570	epithelial cell rests of malassez stem cell	epithelial cell rests of Malassez stem cell	3	10	1.0	0	
profile:348019f4b1191b526dbc	hca:0245_10.1007_s00018-022-04183-8_4730063570	mesenchymal fibroblast cell	mesenchymal fibroblast cell	3	10	1.0	0	
profile:7f5853676785bd4a4898	hca:0245_10.1007_s00018-022-04183-8_4730063570	tooth organoid cell	tooth organoid cell	5	10	1.0	0	
profile:2a440091f85b230a7b38	hca:0245_10.1007_s00018-022-04183-8_4730063570	undifferentiated dental epithelial cell	undifferentiated dental epithelial cell	4	10	0.75	0	
profile:6013adaf8a35f5c78f90	hca:0247_10.1038_s41591-018-0096-5_140f8f392a	blood endothelial cell	blood endothelial cell	5	23	1.0	2	0.0
profile:5871de6a2c4a2e0c8507	hca:0247_10.1038_s41591-018-0096-5_140f8f392a	chronic obstructive pulmonary disease induced injury cell	chronic obstructive pulmonary disease-induced injury cell	3	23	1.0	0	
profile:2291884c31d216c41564	hca:0247_10.1038_s41591-018-0096-5_140f8f392a	erythroblast	erythroblast	3	23	1.0	2	0.0
profile:9e6e8d81776a4a51f9dd	hca:0248_10.1016_j.stem.2020.12.001_c5f98f4c3c	distal nephron	distal nephron	6	6	1.0	0	
profile:af128b31ee404cf8704b	hca:0248_10.1016_j.stem.2020.12.001_c5f98f4c3c	inner medullary ureteric epithelium	inner medullary ureteric epithelium	3	6	1.0	0	
profile:e86eb8e68e1af9bf2f41	hca:0248_10.1016_j.stem.2020.12.001_c5f98f4c3c	principal cell	principal cell	3	6	0.6666666666666666	1	0.0
profile:117c1eac0839406d4598	hca:0248_10.1016_j.stem.2020.12.001_c5f98f4c3c	ureteric epithelium	ureteric epithelium	10	6	0.6	0	
profile:b3d984bdbf5cc4e1f07c	hca:0248_10.1016_j.stem.2020.12.001_c5f98f4c3c	ureteric tip cell	ureteric tip cell	6	6	0.3333333333333333	0	
profile:bb5da75041f24349f5a9	hca:0249_10.1038_s41588-021-00801-6_bd85f761cf	induced pluripotent stem cell	induced pluripotent stem cell	3	7	1.0	3	0.8888888888888888
profile:e03c7f4f886d229effd3	hca:0249_10.1038_s41588-021-00801-6_bd85f761cf	midbrain dopaminergic neuron	midbrain dopaminergic neuron	4	7	1.0	2	0.375
profile:0ac9f0b8ff02795da73d	hca:0249_10.1038_s41588-021-00801-6_bd85f761cf	neuroblast	neuroblast	3	7	1.0	2	0.5
profile:54d0a95ec5cb375a88a9	hca:0249_10.1038_s41588-021-00801-6_bd85f761cf	proliferating midbrain floorplate progenitor	proliferating midbrain floorplate progenitor	4	7	0.5	1	1.0
profile:5ef3b7ff4235dfefa554	hca:0250_10.1126_sciimmunol.aan8664_c5aa305903	cd4 cytotoxic t lymphocyte	CD4+ cytotoxic T lymphocyte	8	5	0.875	1	0.0
profile:031d9a523988b7982b14	hca:0250_10.1126_sciimmunol.aan8664_c5aa305903	cd4 cytotoxic t lymphocyte effector cell	CD4+ cytotoxic T lymphocyte effector cell	13	5	0.23076923076923078	0	
profile:62191e8816045d8c0027	hca:0250_10.1126_sciimmunol.aan8664_c5aa305903	cd4 cytotoxic t lymphocyte effector cluster 1	CD4+ cytotoxic T lymphocyte effector cluster 1	10	5	1.0	0	
profile:8abb26dca11bd46cbe6e	hca:0250_10.1126_sciimmunol.aan8664_c5aa305903	cd4 cytotoxic t lymphocyte effector cluster 2	CD4+ cytotoxic T lymphocyte effector cluster 2	5	5	0.0	0	
profile:40978a8fd57a7a331cfb	hca:0250_10.1126_sciimmunol.aan8664_c5aa305903	cd4 cytotoxic t lymphocyte precursor cell	CD4+ cytotoxic T lymphocyte precursor cell	16	5	0.375	0	
profile:e55e317e59ffb5be7463	hca:0250_10.1126_sciimmunol.aan8664_c5aa305903	effector memory t cell expressing cd45ra	effector memory T cell expressing CD45RA	15	5	0.26666666666666666	0	
profile:7913559b4a8b8e2e18f6	hca:0251_10.1038_s41588-023-01298-x_c85e8d4857	basal epithelial cell	basal epithelial cell	3	6	1.0	3	0.0
profile:758b109e1000f0f0f7c7	hca:0251_10.1038_s41588-023-01298-x_c85e8d4857	fibroblast	fibroblast	11	6	0.5454545454545454	49	0.04452690166975881
profile:28ef31f2f37be56f24cc	hca:0251_10.1038_s41588-023-01298-x_c85e8d4857	luminal 1 cell	luminal 1 cell	3	6	0.6666666666666666	0	
profile:5e9f46495db228978bc4	hca:0251_10.1038_s41588-023-01298-x_c85e8d4857	pericyte	pericyte	12	6	0.6666666666666666	29	0.08333333333333333
profile:0b565f11ed1c784b2d12	hca:0252_10.1073_pnas.2025813118_95804f2d74	mature oligodendrocyte	mature oligodendrocyte	4	4	1.0	2	0.75
profile:b345baf3a9ead7aa109f	hca:0253_10.1038_s41587-019-0068-4_077f63be55	erythroid cell	erythroid cell	3	11	1.0	2	0.0
profile:15232ae6588fba1d3120	hca:0255_10.1183_13993003.02441-2018_9965f84ef5	fcn1 high monocyte macrophage	FCN1-high monocyte/macrophage	7	14	1.0	0	
profile:ba630efc98621b5f3738	hca:0255_10.1183_13993003.02441-2018_9965f84ef5	natural killer cell	natural killer cell	3	14	1.0	33	0.2727272727272727
profile:b0f31b32a587ccb70f8f	hca:0255_10.1183_13993003.02441-2018_9965f84ef5	proliferating cell	proliferating cell	4	14	1.0	1	0.25
profile:29cdfe0d30b919d26158	hca:0255_10.1183_13993003.02441-2018_9965f84ef5	spp1 high macrophage	SPP1-high macrophage	4	14	1.0	1	0.5
profile:d8f79379b51531246dfd	hca:0259_10.1038_s41590-019-0425-y_86ec5764bb	innate lymphoid cell type 1a	innate lymphoid cell type 1a	16	10	0.5625	0	
profile:ddf275807475ab9f91a0	hca:0259_10.1038_s41590-019-0425-y_86ec5764bb	innate lymphoid cell type 1b	innate lymphoid cell type 1b	3	10	0.0	0	
profile:af38a482c54936763bca	hca:0259_10.1038_s41590-019-0425-y_86ec5764bb	innate lymphoid cell type 3	innate lymphoid cell type 3	7	10	0.14285714285714285	4	0.39285714285714285
profile:5922c343754f972bc476	hca:0259_10.1038_s41590-019-0425-y_86ec5764bb	innate lymphoid cell type 3 cluster 5	innate lymphoid cell type 3 cluster 5	3	10	0.3333333333333333	0	
profile:68ab35783707d71fc0df	hca:0259_10.1038_s41590-019-0425-y_86ec5764bb	innate lymphoid cell type 3a	innate lymphoid cell type 3a	14	10	0.5714285714285714	0	
profile:dcd1dff226f02454bdec	hca:0259_10.1038_s41590-019-0425-y_86ec5764bb	intermediate innate lymphoid cell cluster 4	intermediate innate lymphoid cell cluster 4	9	10	0.4444444444444444	0	
profile:ed63d8ec9db85a5b27c4	hca:0259_10.1038_s41590-019-0425-y_86ec5764bb	transitional innate lymphoid cell cluster 4	transitional innate lymphoid cell cluster 4	3	10	0.0	0	
profile:84166126a5f799dee547	hca:0260_10.1084_jem.20190811_d700cd1f81	activated conventional dendritic cell type 2	activated conventional dendritic cell type 2	5	5	0.4	0	
profile:69e4b16ba538f85b7e9f	hca:0260_10.1084_jem.20190811_d700cd1f81	plasmacytoid dendritic cell	plasmacytoid dendritic cell	3	5	1.0	14	0.30952380952380953
profile:fa55f11aff243a4a07da	hca:0260_10.1084_jem.20190811_d700cd1f81	skin activated dendritic cell	skin activated dendritic cell	4	5	0.5	0	
profile:027367485bf37686a25d	hca:0261_10.1038_s41467-020-20082-7_77f7a74c30	common thymic epithelial cell	common thymic epithelial cell	23	3	0.9565217391304348	0	
profile:9e07837fa4d6eb0634c3	hca:0261_10.1038_s41467-020-20082-7_77f7a74c30	cortical thymic epithelial cell	cortical thymic epithelial cell	15	3	0.8666666666666667	1	0.26666666666666666
profile:f268b46c4ce73076bfb2	hca:0261_10.1038_s41467-020-20082-7_77f7a74c30	medullary thymic epithelial cell	medullary thymic epithelial cell	6	3	0.6666666666666666	1	0.6666666666666666
profile:31706ea68cd4fc7c43f9	hca:0261_10.1038_s41467-020-20082-7_77f7a74c30	thymic interstitial cell	thymic interstitial cell	5	3	0.8	0	
profile:40b612f66744264a64be	hca:0262_10.1038_s41586-018-0698-6_e4aeb353b8	decidual natural killer cell 1	decidual natural killer cell 1	20	10	0.75	1	0.25
profile:ea3239e5a2da80e3b83f	hca:0262_10.1038_s41586-018-0698-6_e4aeb353b8	decidual natural killer cell 2	decidual natural killer cell 2	8	10	0.0	1	0.125
profile:4b026fd21322ce9f4d94	hca:0262_10.1038_s41586-018-0698-6_e4aeb353b8	decidual natural killer cell 3	decidual natural killer cell 3	10	10	0.5	1	0.3
profile:776d58e2866ae4149717	hca:0262_10.1038_s41586-018-0698-6_e4aeb353b8	decidual stromal cell 1	decidual stromal cell 1	3	10	0.6666666666666666	0	
profile:a272b467cb258e92a6d4	hca:0262_10.1038_s41586-018-0698-6_e4aeb353b8	decidual stromal cell 2	decidual stromal cell 2	4	10	0.0	0	
profile:daeaaf175aa6494911f9	hca:0262_10.1038_s41586-018-0698-6_e4aeb353b8	decidual stromal cell 3	decidual stromal cell 3	6	10	0.3333333333333333	0	
profile:d0ece877e3581e35b344	hca:0262_10.1038_s41586-018-0698-6_e4aeb353b8	extravillous trophoblast cell	extravillous trophoblast cell	7	10	0.8571428571428571	0	
profile:d85998dbf8fd08a8f486	hca:0262_10.1038_s41586-018-0698-6_e4aeb353b8	maternal macrophage	maternal macrophage	5	10	0.8	1	0.0
profile:30b82c1bf66594d7aa3b	hca:0263_10.1126_science.abq3061_cd915f6391	mononuclear phagocyte and dendritic cell	mononuclear phagocyte and dendritic cell	9	2	0.6666666666666666	0	
profile:b1dde5a01b9d6340beb3	hca:0264_10.1186_s13059-022-02677-z_ec9d743757	cancer associated fibroblast s1	cancer-associated fibroblast S1	3	25	0.3333333333333333	0	
profile:e54dc6f4563fc89daa78	hca:0264_10.1186_s13059-022-02677-z_ec9d743757	cancer associated fibroblast s4	cancer-associated fibroblast S4	5	25	1.0	0	
profile:02a37b2aff4d619814b3	hca:0264_10.1186_s13059-022-02677-z_ec9d743757	cd4 positive memory t cell	CD4-positive memory T cell	3	25	1.0	0	
profile:4144e9e33ea910089a50	hca:0264_10.1186_s13059-022-02677-z_ec9d743757	cd4 positive resting t cell	CD4-positive resting T cell	3	25	1.0	0	
profile:39977643265009b5ac1d	hca:0264_10.1186_s13059-022-02677-z_ec9d743757	cd8 positive gzmb t cell	CD8-positive GZMB T cell	9	25	0.3333333333333333	0	
profile:10b741c7e02782f16e22	hca:0264_10.1186_s13059-022-02677-z_ec9d743757	cd8 positive gzmk t cell	CD8-positive GZMK T cell	6	25	0.3333333333333333	0	
profile:8448936ffe1349c1b6b8	hca:0264_10.1186_s13059-022-02677-z_ec9d743757	epithelial cell	epithelial cell	3	25	1.0	13	0.23076923076923075
profile:e06c9115c2293286f0f1	hca:0264_10.1186_s13059-022-02677-z_ec9d743757	fibroblast	fibroblast	4	25	0.5	49	0.25510204081632654
profile:99db45f6be6c05a2ceee	hca:0264_10.1186_s13059-022-02677-z_ec9d743757	foxp3 positive cd4 positive regulatory t cell	FOXP3-positive CD4-positive regulatory T cell	4	25	0.75	0	
profile:cbd8bfd8e64bb59bab4e	hca:0264_10.1186_s13059-022-02677-z_ec9d743757	monocyte	monocyte	3	25	1.0	35	0.2761904761904762
profile:a0f92916e317ff1597c7	hca:0264_10.1186_s13059-022-02677-z_ec9d743757	myeloid cell	myeloid cell	4	25	1.0	11	0.11363636363636363
profile:ee175496a475f4eca5f5	hca:0264_10.1186_s13059-022-02677-z_ec9d743757	myofibroblastic cancer associated fibroblast	myofibroblastic cancer-associated fibroblast	4	25	0.0	2	0.0
profile:893140bdd2b6d3685be6	hca:0264_10.1186_s13059-022-02677-z_ec9d743757	transforming growth factor beta myofibroblastic cancer associated fibroblast	transforming growth factor beta myofibroblastic cancer-associated fibroblast	4	25	0.75	0	
profile:f394dfe2d50dcd499fa1	hca:0264_10.1186_s13059-022-02677-z_ec9d743757	tumor associated macrophage	tumor-associated macrophage	4	25	1.0	4	0.125
profile:7d420a266b17ee90d890	hca:0264_10.1186_s13059-022-02677-z_ec9d743757	wound myofibroblastic cancer associated fibroblast	wound myofibroblastic cancer-associated fibroblast	3	25	0.6666666666666666	0	
profile:9b7b3e0b32c62a8a0327	hca:0265_10.1038_s41591-019-0750-6_ba0c7c2ce5	carcinoma cell	carcinoma cell	3	9	0.3333333333333333	1	0.0
profile:b3f83dc6a5833e4c1f18	hca:0265_10.1038_s41591-019-0750-6_ba0c7c2ce5	epithelial cell	epithelial cell	3	9	0.3333333333333333	13	0.07692307692307693
profile:5abd59eac21de97327d4	hca:0265_10.1038_s41591-019-0750-6_ba0c7c2ce5	myeloid derived suppressor cell	myeloid-derived suppressor cell	3	9	1.0	1	0.0
profile:ddb8206b588350644280	hca:0265_10.1038_s41591-019-0750-6_ba0c7c2ce5	natural killer cell	natural killer cell	4	9	0.0	33	0.19696969696969696
profile:c6258ce6416cb625b010	hca:0265_10.1038_s41591-019-0750-6_ba0c7c2ce5	natural killer t cell	natural killer T cell	4	9	0.0	5	0.25
profile:616210034920cee05bb4	hca:0265_10.1038_s41591-019-0750-6_ba0c7c2ce5	sox2 high metastatic cell	SOX2-high metastatic cell	3	9	0.6666666666666666	0	
profile:1044c5ffeb8d358e124b	hca:0266_10.1016_j.neuron.2021.05.003_0cca870e2c	astrocyte cluster astro2	astrocyte cluster Astro2	3	25	0.6666666666666666	0	
profile:fd71ea27d333cbdc375d	hca:0266_10.1016_j.neuron.2021.05.003_0cca870e2c	inhibitory neuron	inhibitory neuron	8	25	0.875	5	0.2
profile:a29bd404048cf21ffbdc	hca:0266_10.1016_j.neuron.2021.05.003_0cca870e2c	oligodendrocyte	oligodendrocyte	3	25	1.0	16	0.3541666666666667
profile:226d1fa6693d7cbc411a	hca:0267_10.1038_s41586-019-1631-3_36f09e3445	kupffer cell	Kupffer cell	3	10	0.6666666666666666	3	0.3333333333333333
profile:d5ed87f2a5db99b697b3	hca:0267_10.1038_s41586-019-1631-3_36f09e3445	scar associated endothelial cell	scar-associated endothelial cell	5	10	0.6	0	
profile:f78767eba38bd5be263b	hca:0267_10.1038_s41586-019-1631-3_36f09e3445	scar associated endothelial cell 1	scar-associated endothelial cell 1	7	10	0.5714285714285714	0	
profile:68ca8736773298911549	hca:0267_10.1038_s41586-019-1631-3_36f09e3445	scar associated endothelial cell 2	scar-associated endothelial cell 2	3	10	0.0	0	
profile:73e20094879e662251c1	hca:0267_10.1038_s41586-019-1631-3_36f09e3445	scar associated macrophage	scar-associated macrophage	11	10	0.9090909090909091	1	0.18181818181818182
profile:83c18e1574254dc507bf	hca:0267_10.1038_s41586-019-1631-3_36f09e3445	scar associated mesenchymal cell	scar-associated mesenchymal cell	3	10	1.0	0	
profile:bc984ab7e8890c39a125	hca:0269_10.1016_j.xgen.2022.100142_dd45161589	retinal ganglion cell	retinal ganglion cell	10	6	0.6	2	0.2
profile:77a25ece834eeb67d862	hca:0269_10.1016_j.xgen.2022.100142_dd45161589	retinal ganglion cell 1	retinal ganglion cell 1	4	6	0.0	0	
profile:05b76f1d92c79679ca89	hca:0269_10.1016_j.xgen.2022.100142_dd45161589	retinal ganglion cell 3	retinal ganglion cell 3	4	6	0.0	0	
profile:f7196aca395cb18810c9	hca:0269_10.1016_j.xgen.2022.100142_dd45161589	retinal progenitor cell	retinal progenitor cell	5	6	1.0	1	0.8
profile:c4c94509c2e26c174ada	hca:0270_10.1038_s41467-022-30557-4_ba2c76ba96	dendritic cell	dendritic cell	4	5	0.75	11	0.06818181818181818
profile:7baf53e1b18f6e68b123	hca:0270_10.1038_s41467-022-30557-4_ba2c76ba96	myeloid progenitor	myeloid progenitor	3	5	1.0	1	0.0
profile:8aabd9cfa168fea7b635	hca:0271_10.1038_s41591-021-01296-8_efdcdd17f5	macrophage type 2	macrophage type 2	3	33	1.0	0	
profile:53f022d63ea4a54c0a42	hca:0272_10.1016_j.cell.2020.04.035_15a2d05837	ace2 positive tmprss2 positive secretory cell	ACE2-positive TMPRSS2-positive secretory cell	5	9	1.0	0	
profile:4d4f3855ba8f69ffab62	hca:0272_10.1016_j.cell.2020.04.035_15a2d05837	secretory goblet cluster 7 cell	secretory goblet cluster 7 cell	8	9	0.75	0	
profile:9bd75a52b7e979e7d2c0	hca:0272_10.1016_j.cell.2020.04.035_15a2d05837	type ii pneumocyte	type II pneumocyte	6	9	0.6666666666666666	0	
profile:ecf8843bca298bf42d96	hca:0273_10.15252_embj.20105114_43aa56d0ae	transient secretory cell	transient secretory cell	3	2	0.3333333333333333	1	1.0
profile:b0a0d57a8bd554a20520	hca:0274_10.1016_j.isci.2021.103592_3ec037cca1	ductal cell	ductal cell	3	12	1.0	6	0.3333333333333333
profile:7c87a99e03e406e69f71	hca:0274_10.1016_j.isci.2021.103592_3ec037cca1	endothelial cell	endothelial cell	3	12	0.6666666666666666	51	0.3333333333333333
profile:53f279e53512a8163c11	hca:0274_10.1016_j.isci.2021.103592_3ec037cca1	fibroblast	fibroblast	3	12	1.0	49	0.25170068027210885
profile:89fad23d67fbe83869a5	hca:0274_10.1016_j.isci.2021.103592_3ec037cca1	lymphatic endothelial cell	lymphatic endothelial cell	3	12	0.6666666666666666	17	0.45098039215686275
profile:dd62a95bc25793e6ccf6	hca:0274_10.1016_j.isci.2021.103592_3ec037cca1	mucous acinar cell	mucous acinar cell	3	12	1.0	1	0.6666666666666666
profile:3323250e4bfbf081b990	hca:0274_10.1016_j.isci.2021.103592_3ec037cca1	myoepithelial cell	myoepithelial cell	3	12	0.3333333333333333	4	0.6666666666666666
profile:91db4c0725045de5f947	hca:0274_10.1016_j.isci.2021.103592_3ec037cca1	pericyte	pericyte	3	12	1.0	29	0.43678160919540227
profile:b73b343ae4a8ea3ef579	hca:0274_10.1016_j.isci.2021.103592_3ec037cca1	serous acinar cell	serous acinar cell	4	12	0.5	0	
profile:c2133df45d3909d83f68	hca:0274_10.1016_j.isci.2021.103592_3ec037cca1	smooth muscle cell	smooth muscle cell	3	12	0.6666666666666666	24	0.23611111111111113
profile:b51ef3bdef3535781d5f	hca:0275_10.1016_j.cell.2020.08.001_8e5789b307	hla dr high cd83 high activated inflammatory monocyte	HLA-DR-high CD83-high activated inflammatory monocyte	3	11	1.0	0	
profile:4286664b42eabad7bcba	hca:0275_10.1016_j.cell.2020.08.001_8e5789b307	hla dr low cd163 high monocyte	HLA-DR-low CD163-high monocyte	4	11	0.5	0	
profile:f67730164aab5686b8b8	hca:0275_10.1016_j.cell.2020.08.001_8e5789b307	hla dr low monocyte	HLA-DR-low monocyte	3	11	0.6666666666666666	0	
profile:bdf284eb8e37d87999a7	hca:0275_10.1016_j.cell.2020.08.001_8e5789b307	immature neutrophil	immature neutrophil	4	11	0.75	0	
profile:4f798617a82f30c9d342	hca:0275_10.1016_j.cell.2020.08.001_8e5789b307	interferon stimulated gene expressing low density neutrophil	interferon-stimulated gene-expressing low-density neutrophil	3	11	0.6666666666666666	0	
profile:ff177c268434f402bc3a	hca:0275_10.1016_j.cell.2020.08.001_8e5789b307	mature neutrophil	mature neutrophil	6	11	0.6666666666666666	0	
profile:8ba749a1b8abbf9b35f8	hca:0275_10.1016_j.cell.2020.08.001_8e5789b307	pre neutrophil	pre-neutrophil	8	11	0.375	0	
profile:697534fbe96fdad9df26	hca:0275_10.1016_j.cell.2020.08.001_8e5789b307	pro neutrophil	pro-neutrophil	12	11	0.5	0	
profile:e7aab9e4e25acc441349	hca:0276_10.1161_circulationaha.120.051921_99b9da8ca5	cardiomyocyte	cardiomyocyte	4	0		9	0.0
profile:435f19a0cf1493782467	hca:0277_10.1038_s41467-024-50853-5_ed4f7a095d	müller glial cell	Müller glial cell	8	10	1.0	0	
profile:ce2eb501cfbbc119adf8	hca:0277_10.1038_s41467-024-50853-5_ed4f7a095d	peripheral primary retinal progenitor cell	peripheral primary retinal progenitor cell	3	10	1.0	0	
profile:bddf0487c66827e1670d	hca:0278_10.1007_s10911-020-09466-z_d1b799dcf6	luminal mammary epithelial cell	luminal mammary epithelial cell	6	3	1.0	0	
profile:34669b21217f64901e48	hca:0278_10.1007_s10911-020-09466-z_d1b799dcf6	mammary progenitor cell	mammary progenitor cell	10	3	1.0	0	
profile:047bf514a3ed28202f9e	hca:0278_10.1007_s10911-020-09466-z_d1b799dcf6	progenitor luminal mammary epithelial cell	progenitor luminal mammary epithelial cell	4	3	1.0	0	
profile:6fafaa11e8c5c840125b	hca:0279_10.1186_s12860-019-0199-y_bf14d4299c	conventional dendritic cell type 1	conventional dendritic cell type 1	6	3	1.0	7	0.4047619047619047
profile:e923d1e46789ff0ef69b	hca:0279_10.1186_s12860-019-0199-y_bf14d4299c	conventional dendritic cell type 2	conventional dendritic cell type 2	5	3	1.0	5	0.16
profile:aab20a4c71da6db52c91	hca:0280_10.1681_asn.2017080890_022062f455	induced nephron progenitor cell subpopulation 4c	induced nephron progenitor cell subpopulation 4C	3	6	1.0	0	
profile:0c9ce74116a0dbbb0600	hca:0280_10.1681_asn.2017080890_022062f455	interstitial progenitor cell	interstitial progenitor cell	9	6	1.0	1	0.0
profile:314526602e714b745314	hca:0280_10.1681_asn.2017080890_022062f455	nephron progenitor cell	nephron progenitor cell	21	6	0.8571428571428571	8	0.08333333333333333
profile:ac4586610002d0a53aa1	hca:0280_10.1681_asn.2017080890_022062f455	nephron progenitor cell subpopulation 4a	nephron progenitor cell subpopulation 4A	3	6	0.3333333333333333	0	
profile:5c7e14a871f74967f6c3	hca:0280_10.1681_asn.2017080890_022062f455	nephron progenitor cell subpopulation 4b	nephron progenitor cell subpopulation 4B	3	6	0.6666666666666666	0	
profile:d7c9e2ab65ab351e0192	hca:0280_10.1681_asn.2017080890_022062f455	proliferating cell subpopulation 4d	proliferating cell subpopulation 4D	3	6	1.0	0	
profile:18cbaa5fdc5a408c85b0	hca:0281_10.1016_j.devcel.2019.06.001_238d93bfef	early podocyte	early podocyte	18	16	0.3333333333333333	0	
profile:12934be74e264a43a9b6	hca:0281_10.1016_j.devcel.2019.06.001_238d93bfef	glomerular endothelial cell	glomerular endothelial cell	6	16	1.0	0	
profile:b3373bb8e788ec1dd3cc	hca:0281_10.1016_j.devcel.2019.06.001_238d93bfef	glomerular vascular cell	glomerular vascular cell	3	16	1.0	0	
profile:546ce523a7efcf7453ab	hca:0281_10.1016_j.devcel.2019.06.001_238d93bfef	late podocyte	late podocyte	24	16	0.5833333333333334	0	
profile:9f517476ad8b7cf1a293	hca:0281_10.1016_j.devcel.2019.06.001_238d93bfef	mesangial cell	mesangial cell	7	16	0.8571428571428571	1	0.0
profile:cd2d5bd57b8200240ded	hca:0281_10.1016_j.devcel.2019.06.001_238d93bfef	nephron progenitor cell	nephron progenitor cell	4	16	0.5	8	0.3125
profile:9ec07e21cfa3824a5283	hca:0281_10.1016_j.devcel.2019.06.001_238d93bfef	podocyte	podocyte	3	16	0.0	9	0.3703703703703704
profile:c655fd686c36800f673e	hca:0281_10.1016_j.devcel.2019.06.001_238d93bfef	podocyte precursor	podocyte precursor	4	16	0.0	0	
profile:275bcfbf338cab28f314	hca:0281_10.1016_j.devcel.2019.06.001_238d93bfef	precursor of the medial distal segment	precursor of the medial/distal segment	3	16	1.0	0	
profile:1d976d4c4f6b629d7682	hca:0281_10.1016_j.devcel.2019.06.001_238d93bfef	renal vesicle stage podocyte precursor	renal vesicle-stage podocyte precursor	4	16	0.25	0	
profile:81fe35af1ebcc9b8a075	hca:0283_10.1161_circulationaha.120.052318_08d58c2441	aerocyte	aerocyte	10	9	1.0	0	
profile:b17e78d33f1f71b7ab05	hca:0283_10.1161_circulationaha.120.052318_08d58c2441	arterial endothelial cell	arterial endothelial cell	28	9	1.0	5	0.10714285714285714
profile:fb6cf6c701106b28435b	hca:0283_10.1161_circulationaha.120.052318_08d58c2441	capillary endothelial cell	capillary endothelial cell	25	9	0.96	3	0.0
profile:cad181767d67bee73131	hca:0283_10.1161_circulationaha.120.052318_08d58c2441	endothelial cell	endothelial cell	37	9	1.0	51	0.03868574456809751
profile:c4a27913f0911be175c6	hca:0283_10.1161_circulationaha.120.052318_08d58c2441	general capillary endothelial cell	general capillary endothelial cell	8	9	1.0	0	
profile:8230771170ca8896d7ee	hca:0283_10.1161_circulationaha.120.052318_08d58c2441	lymphatic endothelial cell	lymphatic endothelial cell	14	9	0.9285714285714286	17	0.17647058823529413
profile:8908b6b927b735996fdb	hca:0283_10.1161_circulationaha.120.052318_08d58c2441	pulmonary venous endothelial cell	pulmonary–venous endothelial cell	14	9	1.0	1	0.07142857142857142
profile:dbccbcd78e24e21f9cfe	hca:0283_10.1161_circulationaha.120.052318_08d58c2441	systemic venous endothelial cell	systemic–venous endothelial cell	16	9	1.0	1	0.125
profile:abae6f32757f3bb8dcc6	hca:0283_10.1161_circulationaha.120.052318_08d58c2441	vascular endothelial cell	vascular endothelial cell	21	9	0.9523809523809523	6	0.023809523809523808
profile:c51694749c90fdaf2574	hca:0283_10.1161_circulationaha.120.052318_08d58c2441	venous endothelial cell	venous endothelial cell	13	9	0.9230769230769231	3	0.07692307692307693
profile:23da8ff9442b4805bea4	hca:0284_10.1002_hep4.1854_fe09f5fe1e	bipotent progenitor cell	bipotent progenitor cell	9	23	0.6666666666666666	0	
profile:c22cacaf64c79bf6dc9b	hca:0284_10.1002_hep4.1854_fe09f5fe1e	central venous hepatocyte like cell	central venous hepatocyte-like cell	3	23	0.6666666666666666	0	
profile:0a6c2da549ea61ea8efd	hca:0284_10.1002_hep4.1854_fe09f5fe1e	cholangiocyte	cholangiocyte	5	23	0.4	3	0.3333333333333333
profile:bfbdbdd1a51be0409a97	hca:0284_10.1002_hep4.1854_fe09f5fe1e	cholangiocyte like cell	cholangiocyte-like cell	3	23	0.3333333333333333	0	
profile:380d0ed791aff444440c	hca:0284_10.1002_hep4.1854_fe09f5fe1e	hepatic progenitor cell	hepatic progenitor cell	4	23	0.5	0	
profile:232ee1f0cdd0c1fbc84c	hca:0284_10.1002_hep4.1854_fe09f5fe1e	hepatocyte biased progenitor cell	hepatocyte-biased progenitor cell	8	23	0.375	0	
profile:0ee780e365b78c769612	hca:0284_10.1002_hep4.1854_fe09f5fe1e	inflammatory macrophage	inflammatory macrophage	3	23	1.0	4	0.25
profile:b86761c832b3d00e9e76	hca:0284_10.1002_hep4.1854_fe09f5fe1e	interzonal hepatocyte	interzonal hepatocyte	7	23	1.0	0	
profile:20a163976385302cf6d0	hca:0284_10.1002_hep4.1854_fe09f5fe1e	less differentiated cholangiocyte	less-differentiated cholangiocyte	3	23	0.3333333333333333	0	
profile:6a652ba984a42ba68998	hca:0284_10.1002_hep4.1854_fe09f5fe1e	mature cholangiocyte	mature cholangiocyte	8	23	0.5	0	
profile:eaaf15eaaac782e9c611	hca:0284_10.1002_hep4.1854_fe09f5fe1e	mesenchymal cell mes4	mesenchymal cell Mes4	5	23	0.0	0	
profile:f4ea5342e04a9dd57f98	hca:0284_10.1002_hep4.1854_fe09f5fe1e	mesenchymal cell mes6	mesenchymal cell Mes6	5	23	0.0	0	
profile:281b9d4501fa09f237dd	hca:0284_10.1002_hep4.1854_fe09f5fe1e	mesenchymal cell mes7	mesenchymal cell Mes7	4	23	0.25	0	
profile:ef1392430972e24b4e79	hca:0284_10.1002_hep4.1854_fe09f5fe1e	non inflammatory macrophage	non-inflammatory macrophage	3	23	1.0	1	0.3333333333333333
profile:9ed9d21484c7d27a4c45	hca:0284_10.1002_hep4.1854_fe09f5fe1e	pericentral hepatocyte	pericentral hepatocyte	4	23	0.75	1	0.5
profile:24a881325db713c05841	hca:0284_10.1002_hep4.1854_fe09f5fe1e	periportal hepatocyte	periportal hepatocyte	3	23	1.0	1	0.0
profile:d85e71650923ef91d8dd	hca:0284_10.1002_hep4.1854_fe09f5fe1e	portal endothelial cell	portal endothelial cell	5	23	1.0	0	
profile:a7ed1abaaf43c5164c93	hca:0284_10.1002_hep4.1854_fe09f5fe1e	quiescent hepatic stellate cell	quiescent hepatic stellate cell	3	23	0.3333333333333333	0	
profile:2cec8745edf84bd06faf	hca:0284_10.1002_hep4.1854_fe09f5fe1e	small cholangiocyte	small cholangiocyte	7	23	0.8571428571428571	0	
profile:0ec4916f28cee76eb0e3	hca:0284_10.1002_hep4.1854_fe09f5fe1e	vascular smooth muscle cell	vascular smooth muscle cell	4	23	0.25	9	0.2777777777777778
profile:708a7b7ffeced67f433e	hca:0284_10.1002_hep4.1854_fe09f5fe1e	vascular smooth muscle cell mes3	vascular smooth muscle cell Mes3	3	23	0.0	0	
profile:4351293b8f842a2a0a3b	hca:0286_10.1038_s41467-018-06318-7_d818827349	central venous liver sinusoidal endothelial cell	central venous liver sinusoidal endothelial cell	3	17	1.0	0	
profile:bfe73f5935c784affb0e	hca:0286_10.1038_s41467-018-06318-7_d818827349	cholangiocyte	cholangiocyte	3	17	1.0	3	0.6666666666666666
profile:7af59d38607a0b567e49	hca:0286_10.1038_s41467-018-06318-7_d818827349	hepatic stellate cell	hepatic stellate cell	7	17	1.0	2	0.0
profile:a99fc13bfbe63fb4ae51	hca:0286_10.1038_s41467-018-06318-7_d818827349	inflammatory macrophage	inflammatory macrophage	3	17	1.0	4	0.08333333333333333
profile:5b3491d268580619b41e	hca:0286_10.1038_s41467-018-06318-7_d818827349	mature antigen inexperienced b cell	mature antigen inexperienced B cell	5	17	0.8	0	
profile:302d7252085e08612a25	hca:0286_10.1038_s41467-018-06318-7_d818827349	natural killer like cell	natural killer-like cell	6	17	0.8333333333333334	0	
profile:ee0100eade8a920f1ce0	hca:0286_10.1038_s41467-018-06318-7_d818827349	non inflammatory macrophage	non-inflammatory macrophage	21	17	0.9523809523809523	1	0.047619047619047616
profile:1c0f196b8446a2b4d136	hca:0286_10.1038_s41467-018-06318-7_d818827349	αβ t cell	αβ T cell	19	17	0.7894736842105263	0	
profile:30bf6aa22c4c6f9e12a8	hca:0286_10.1038_s41467-018-06318-7_d818827349	γδ t cell	γδ T cell	8	17	0.875	0	
profile:11880b89ac5e0f66dba1	hca:0289_10.1172_jci.insight.93009_72829a2871	collecting duct cell	collecting duct cell	3	9	1.0	0	
profile:c0824aa2cb4f55ddb518	hca:0289_10.1172_jci.insight.93009_72829a2871	fibroblast	fibroblast	3	9	1.0	49	0.2585034013605442
profile:2a067d89dda07368bd02	hca:0290_10.1101_235499_566cff6e3c	blood cell	blood cell	3	16	1.0	1	0.0
profile:bfeeb10fce6c2e3e70f5	hca:0290_10.1101_235499_566cff6e3c	distal nephron cell	distal nephron cell	5	16	1.0	1	0.2
profile:839072b77f450eace3af	hca:0290_10.1101_235499_566cff6e3c	endothelial cell	endothelial cell	8	16	0.75	51	0.125
profile:f0a436ffb6f41c977d13	hca:0290_10.1101_235499_566cff6e3c	glial cell	glial cell	3	16	1.0	4	0.0
profile:e3976046ca2ec4df664d	hca:0290_10.1101_235499_566cff6e3c	hemogenic endothelial cell	hemogenic endothelial cell	4	16	0.5	0	
profile:239ba3d27343ba47a651	hca:0290_10.1101_235499_566cff6e3c	immune cell	immune cell	3	16	1.0	12	0.25
profile:a2c5e1d327673146fe06	hca:0290_10.1101_235499_566cff6e3c	muscle progenitor cell	muscle progenitor cell	3	16	1.0	0	
profile:6b91e01a70be22afca56	hca:0290_10.1101_235499_566cff6e3c	nephron progenitor cell	nephron progenitor cell	5	16	1.0	8	0.15
profile:2f0e9879b18c08e5b185	hca:0290_10.1101_235499_566cff6e3c	neural cell	neural cell	3	16	1.0	0	
profile:bfcde189f507e5f95ccc	hca:0290_10.1101_235499_566cff6e3c	podocyte	podocyte	6	16	0.8333333333333334	9	0.27777777777777773
profile:7679608a3ef83fe40acf	hca:0290_10.1101_235499_566cff6e3c	podocyte precursor cell	podocyte precursor cell	6	16	1.0	0	
profile:39e9e8f24bb2775d5c8d	hca:0290_10.1101_235499_566cff6e3c	proximal tubule precursor cell	proximal tubule precursor cell	4	16	1.0	0	
profile:b3efdb4484715cfe656a	hca:0290_10.1101_235499_566cff6e3c	stromal cell	stromal cell	12	16	0.8333333333333334	10	0.06666666666666667
profile:207b45f16dd5e89e1b36	hca:0290_10.1101_235499_566cff6e3c	stromal cell cluster c3	stromal cell cluster C3	3	16	1.0	0	
profile:b7b01faf099fdf51be4a	hca:0290_10.1101_235499_566cff6e3c	stromal cell cluster c9	stromal cell cluster C9	3	16	1.0	0	
profile:e406bca9bfe405cacefa	hca:0290_10.1101_235499_566cff6e3c	vascular smooth muscle cell	vascular smooth muscle cell	6	16	0.8333333333333334	9	0.11111111111111112
profile:b61719779189aa28b6d1	hca:0291_10.1016_j.cell.2019.06.024_7d6cf2f1e2	astrocyte like cell	astrocyte-like cell	4	8	1.0	0	
profile:2cc2dac056a6356d2b6a	hca:0291_10.1016_j.cell.2019.06.024_7d6cf2f1e2	macrophage	macrophage	6	8	1.0	42	0.07142857142857144
profile:d8b5e055cec95300ce70	hca:0291_10.1016_j.cell.2019.06.024_7d6cf2f1e2	mesenchymal like cell	mesenchymal-like cell	6	8	1.0	1	0.0
profile:8a6ca31ff9ebdd3f855c	hca:0291_10.1016_j.cell.2019.06.024_7d6cf2f1e2	neural progenitor like cell	neural progenitor-like cell	4	8	1.0	0	
profile:2e5193f420513c4e1436	hca:0291_10.1016_j.cell.2019.06.024_7d6cf2f1e2	oligodendrocyte	oligodendrocyte	6	8	0.8333333333333334	16	0.3020833333333333
profile:b17a252f271a693c97d0	hca:0291_10.1016_j.cell.2019.06.024_7d6cf2f1e2	oligodendrocyte progenitor like cell	oligodendrocyte-progenitor-like cell	7	8	0.5714285714285714	0	
profile:2b63062c6ad81215aa2d	hca:0291_10.1016_j.cell.2019.06.024_7d6cf2f1e2	t cell	T cell	4	8	1.0	36	0.3472222222222222
profile:18c622e7e6476ac0587d	hca:0292_10.1371_journal.pone.0225466_ac5a0b0b14	cluster 5	cluster 5	5	0		0	
profile:b787cfa1696d9a4bff71	hca:0293_10.1172_jci.insight.150861_5764a5bfad	b cell	B cell	3	12	1.0	30	0.19999999999999998
profile:1c74ff3cd5ae6cbb10e2	hca:0293_10.1172_jci.insight.150861_5764a5bfad	endothelial cell	endothelial cell	9	12	0.7777777777777778	51	0.10239651416122005
profile:216a147d8b057856f92b	hca:0293_10.1172_jci.insight.150861_5764a5bfad	macrophage	macrophage	3	12	1.0	42	0.10317460317460318
profile:2a4b809b594230e4ac80	hca:0293_10.1172_jci.insight.150861_5764a5bfad	microglia	microglia	3	12	1.0	16	0.10416666666666667
profile:3b32b3b875a6e315aca7	hca:0293_10.1172_jci.insight.150861_5764a5bfad	neutrophil	neutrophil	3	12	1.0	10	0.10000000000000002
profile:c798d1f91636fbd89f38	hca:0293_10.1172_jci.insight.150861_5764a5bfad	peripheral endothelial cell type i	peripheral endothelial cell type I	4	12	0.5	0	
profile:f63a7085e2375e233474	hca:0293_10.1172_jci.insight.150861_5764a5bfad	peripheral endothelial cell type ii	peripheral endothelial cell type II	7	12	0.8571428571428571	0	
profile:9c205d41cff3a22fd660	hca:0293_10.1172_jci.insight.150861_5764a5bfad	t cell	T cell	3	12	1.0	36	0.3333333333333333
profile:9148cc90c0b71a70d6e3	hca:0293_10.1172_jci.insight.150861_5764a5bfad	tumor core endothelial cell type i	tumor core endothelial cell type I	23	12	1.0	0	
profile:6b534d098197c3df6779	hca:0293_10.1172_jci.insight.150861_5764a5bfad	tumor core endothelial cell type iii	tumor core endothelial cell type III	4	12	1.0	0	
profile:38141c13d627aca03111	hca:0293_10.1172_jci.insight.150861_5764a5bfad	vascular mural cell	vascular mural cell	3	12	1.0	0	
profile:6f9a2acca65739cbcbd8	hca:0294_10.1038_ni.3368_b6f196ee59	hla dr positive type 3 innate lymphoid cell subpopulation	HLA-DR-positive type 3 innate lymphoid cell subpopulation	8	7	0.875	0	
profile:cc319f00f4ba21af4a91	hca:0294_10.1038_ni.3368_b6f196ee59	type 1 innate lymphoid cell	type 1 innate lymphoid cell	17	7	1.0	0	
profile:e29b9c3ed6388cbb9371	hca:0294_10.1038_ni.3368_b6f196ee59	type 2 innate lymphoid cell	type 2 innate lymphoid cell	17	7	1.0	1	0.17647058823529413
profile:9c2cc813b2ae045d6b82	hca:0294_10.1038_ni.3368_b6f196ee59	type 3 innate lymphoid cell	type 3 innate lymphoid cell	31	7	0.9032258064516129	2	0.11290322580645161
profile:f5fe4c09d2ce26def795	hca:0295_10.1016_j.isci.2021.102551_1c1e582cdd	ebf1 positive fibroblast	EBF1-positive fibroblast	4	6	1.0	0	
profile:4373b379404cf6b39878	hca:0295_10.1016_j.isci.2021.102551_1c1e582cdd	lipofibroblast	lipofibroblast	7	6	1.0	0	
profile:6440a60e8433048604e1	hca:0295_10.1016_j.isci.2021.102551_1c1e582cdd	myofibroblast subtype 1	myofibroblast subtype 1	4	6	1.0	0	
profile:b041f936d421985bbc65	hca:0295_10.1016_j.isci.2021.102551_1c1e582cdd	myofibroblast subtype 2	myofibroblast subtype 2	4	6	1.0	0	
profile:e4cc5b374ca69edf7f78	hca:0295_10.1016_j.isci.2021.102551_1c1e582cdd	pericyte	pericyte	4	6	1.0	29	0.034482758620689655
profile:c075afe8cafb7c50e0c8	hca:0295_10.1016_j.isci.2021.102551_1c1e582cdd	smooth muscle cell	smooth muscle cell	5	6	0.8	24	0.09166666666666667
profile:fbf193100f80d740c1d0	hca:0296_10.1038_s41467-021-25328-6_8814b43a21	presomitic mesoderm cell	presomitic mesoderm cell	3	5	1.0	0	
profile:67d41cc241591269ee7e	hca:0296_10.1038_s41467-021-25328-6_8814b43a21	sclerotome cell	sclerotome cell	3	5	1.0	0	
profile:18ebf201e224fbf5e48e	hca:0296_10.1038_s41467-021-25328-6_8814b43a21	syndetome cell	syndetome cell	13	5	0.46153846153846156	0	
profile:522c946acba62746a683	hca:0296_10.1038_s41467-021-25328-6_8814b43a21	tenocyte	tenocyte	8	5	0.125	1	0.25
profile:c8ca2292618f068df9ef	hca:0297_10.1038_s42003-021-02223-w_f1c781baae	onychofibroblast	onychofibroblast	7	21	1.0	0	
profile:6beb09fc0e38039723b3	hca:0298_10.1101_2021.07.28.453839_0003c16e5c	cd207 positive conventional dendritic cell type 2	CD207-positive conventional dendritic cell type 2	4	16	0.75	0	
profile:1a318444e5b4a4b94adf	hca:0298_10.1101_2021.07.28.453839_0003c16e5c	msr1 positive conventional dendritic cell type 2	MSR1-positive conventional dendritic cell type 2	4	16	0.75	0	
profile:c001219475e67272f733	hca:0298_10.1101_2021.07.28.453839_0003c16e5c	muc5b positive epithelial cell	MUC5B-positive epithelial cell	5	16	0.8	1	0.4
profile:f8c3ca19dc15f78c7330	hca:0298_10.1101_2021.07.28.453839_0003c16e5c	mφ1 lyve1 macrophage	MΦ1-LYVE1 macrophage	11	16	0.9090909090909091	0	
profile:c4c731a84a14b360ad82	hca:0298_10.1101_2021.07.28.453839_0003c16e5c	mφ4 infiltrated macrophage	MΦ4-infiltrated macrophage	4	16	0.75	0	
profile:1f114b325da622ef80c7	hca:0299_10.1038_s41467-019-11266-x_d55119ff52	adult hepatobiliary hybrid progenitor cell	adult hepatobiliary hybrid progenitor cell	4	13	0.0	0	
profile:9452fca6750f955ca3d2	hca:0299_10.1038_s41467-019-11266-x_d55119ff52	adult hepatobiliary hybrid progenitor cell pseudo state 3	adult hepatobiliary hybrid progenitor cell pseudo state 3	3	13	0.3333333333333333	0	
profile:98fc2cb06d34152c7c46	hca:0299_10.1038_s41467-019-11266-x_d55119ff52	adult hepatobiliary hybrid progenitor cell pseudo state 4	adult hepatobiliary hybrid progenitor cell pseudo state 4	3	13	1.0	0	
profile:76c73a9b3f05c1aadf3b	hca:0299_10.1038_s41467-019-11266-x_d55119ff52	epcam positive adult biliary epithelial cell	EpCAM-positive adult biliary epithelial cell	3	13	0.0	0	
profile:1aa7623cccbc8a9a951d	hca:0299_10.1038_s41467-019-11266-x_d55119ff52	foetal hepatobiliary hybrid progenitor cell	foetal hepatobiliary hybrid progenitor cell	12	13	0.08333333333333333	0	
profile:3fe3d3c093cb99ff0b6b	hca:0299_10.1038_s41467-019-11266-x_d55119ff52	hepatobiliary hybrid progenitor cell	hepatobiliary hybrid progenitor cell	18	13	0.4444444444444444	0	
profile:e611ca2b843a68a26599	hca:0299_10.1038_s41467-019-11266-x_d55119ff52	hepatobiliary hybrid progenitor cell pseudo state 1	hepatobiliary hybrid progenitor cell pseudo state 1	4	13	0.5	0	
profile:b623383ccd11242da7ba	hca:0299_10.1038_s41467-019-11266-x_d55119ff52	mature biliary epithelial cell	mature biliary epithelial cell	12	13	0.5833333333333334	0	
profile:a61172d8125dfb81aeb5	hca:0300_10.1186_s13287-023-03256-0_d71fd1c1ed	cd34 lineage fibroblast cluster 1	CD34 lineage fibroblast cluster 1	4	7	0.0	0	
profile:0e8aa562920604ae636c	hca:0300_10.1186_s13287-023-03256-0_d71fd1c1ed	cd34 lineage fibroblast cluster 8	CD34 lineage fibroblast cluster 8	3	7	0.6666666666666666	0	
profile:20b943fbdfda06ace6c0	hca:0300_10.1186_s13287-023-03256-0_d71fd1c1ed	fibroblast	fibroblast	8	7	0.5	49	0.14795918367346939
profile:3990fe21947789b4eb1f	hca:0300_10.1186_s13287-023-03256-0_d71fd1c1ed	fibroblast cluster 7	fibroblast cluster 7	3	7	1.0	0	
profile:457713545be676ad8224	hca:0301_10.1101_2023.11.07.566105_6b05614dad	amacrine cell	amacrine cell	3	20	1.0	1	0.0
profile:ab086a5b08f3bc283107	hca:0301_10.1101_2023.11.07.566105_6b05614dad	bipolar cell	bipolar cell	4	20	0.75	2	0.0
profile:f88a9b9a5fc59782094a	hca:0301_10.1101_2023.11.07.566105_6b05614dad	müller glia cell	Müller glia cell	3	20	1.0	1	0.6666666666666666
profile:f9f037682ec497504c65	hca:0302_10.1016_j.isci.2022.104772_3e028c0be0	adipocyte	adipocyte	8	21	0.125	5	0.25
profile:82a2a9a289c07fc09747	hca:0302_10.1016_j.isci.2022.104772_3e028c0be0	adipocyte 1	adipocyte 1	5	21	1.0	0	
profile:a42a1267f69848fd2af7	hca:0302_10.1016_j.isci.2022.104772_3e028c0be0	adipocyte 2	adipocyte 2	4	21	0.0	1	0.0
profile:2811f0fce3374dbd3926	hca:0302_10.1016_j.isci.2022.104772_3e028c0be0	adipocyte 3	adipocyte 3	5	21	1.0	0	
profile:317a076ce724400cdb38	hca:0302_10.1016_j.isci.2022.104772_3e028c0be0	committed pre adipocyte	committed pre-adipocyte	3	21	0.0	0	
profile:24449d7c05215a92359a	hca:0302_10.1016_j.isci.2022.104772_3e028c0be0	endothelial cell	endothelial cell	3	21	1.0	51	0.4444444444444444
profile:65c60adb0e5551bae6b6	hca:0302_10.1016_j.isci.2022.104772_3e028c0be0	fatty acid handling endothelial cell	fatty acid handling endothelial cell	3	21	0.6666666666666666	0	
profile:4ce361559594c152a723	hca:0302_10.1016_j.isci.2022.104772_3e028c0be0	hematopoietic derived stem cell	hematopoietic-derived stem cell	3	21	0.6666666666666666	0	
profile:a745ade57c4012c059c8	hca:0302_10.1016_j.isci.2022.104772_3e028c0be0	immune cell 3	immune cell 3	5	21	0.6	0	
profile:cb72e3cfa9b6973f501b	hca:0302_10.1016_j.isci.2022.104772_3e028c0be0	macrophage	macrophage	5	21	0.4	42	0.02857142857142857
profile:a3040b75de96c2009200	hca:0302_10.1016_j.isci.2022.104772_3e028c0be0	mast cell	mast cell	4	21	1.0	19	0.2368421052631579
profile:0e486fab093cc5e27180	hca:0302_10.1016_j.isci.2022.104772_3e028c0be0	natural killer t cell	natural killer/T cell	5	21	1.0	5	0.24
profile:cbece70c78447080b35c	hca:0302_10.1016_j.isci.2022.104772_3e028c0be0	pre adipocyte	pre-adipocyte	3	21	0.0	1	0.0
profile:4797b6c9f6bfe36ed039	hca:0302_10.1016_j.isci.2022.104772_3e028c0be0	pre adipocyte 2	pre-adipocyte 2	3	21	0.6666666666666666	0	
profile:35e05d2668c17af20255	hca:0302_10.1016_j.isci.2022.104772_3e028c0be0	pro inflammatory macrophage immune 7	pro-inflammatory macrophage immune 7	3	21	0.0	0	
profile:779c428c0cd2d00693ee	hca:0302_10.1016_j.isci.2022.104772_3e028c0be0	resident macrophage	resident macrophage	3	21	1.0	0	
profile:1d53c923fd0d128f6193	hca:0302_10.1016_j.isci.2022.104772_3e028c0be0	stem cell	stem cell	3	21	0.0	2	0.0
profile:fe5f01373a56550c0428	hca:0304_10.1126_sciimmunol.abg5539_d30f748444	conventional type 1 dendritic cell	conventional type 1 dendritic cell	9	5	0.8888888888888888	1	0.3333333333333333
profile:4fb8553261d9231ff78c	hca:0306_10.1038_s41467-021-22368-w_5524560e05	cldn10 negative cldn16 positive thick ascending limb cell	CLDN10-negative CLDN16-positive thick ascending limb cell	3	10	0.0	0	
profile:7874c77f7545b807e13b	hca:0306_10.1038_s41467-021-22368-w_5524560e05	proximal tubule cell	proximal tubule cell	5	10	0.4	3	0.2
profile:115859687ee72ec4191c	hca:0306_10.1038_s41467-021-22368-w_5524560e05	thick ascending limb subpopulation 1	thick ascending limb subpopulation 1	6	10	0.3333333333333333	0	
profile:9835a398b074c7f8f7bd	hca:0306_10.1038_s41467-021-22368-w_5524560e05	vcam1 positive proximal tubule cell	VCAM1-positive proximal tubule cell	8	10	0.625	0	
profile:d761e61a75a627eb18f4	hca:0307_10.1038_s41419-021-03724-6_32b837a8da	endothelial cell	endothelial cell	3	9	1.0	51	0.35947712418300654
profile:c53670093853835f8de7	hca:0307_10.1038_s41419-021-03724-6_32b837a8da	epidermal basal cell	epidermal basal cell	4	9	0.75	0	
profile:2821f30db235eabacaea	hca:0307_10.1038_s41419-021-03724-6_32b837a8da	epidermis cell	epidermis cell	3	9	0.0	0	
profile:d43a14c5873fc6ca50e7	hca:0307_10.1038_s41419-021-03724-6_32b837a8da	epithelial differentiated cell	epithelial differentiated cell	3	9	0.3333333333333333	0	
profile:576d30721defed9544e9	hca:0307_10.1038_s41419-021-03724-6_32b837a8da	erythrocyte	erythrocyte	3	9	1.0	1	1.0
profile:7c1193ddea36b243f154	hca:0307_10.1038_s41419-021-03724-6_32b837a8da	follicle cell	follicle cell	3	9	1.0	0	
profile:c73f2c6f46ed01ca28c9	hca:0307_10.1038_s41419-021-03724-6_32b837a8da	immune cell	immune cell	3	9	1.0	12	0.2222222222222222
profile:d8f1af9c3eb0a77599c9	hca:0307_10.1038_s41419-021-03724-6_32b837a8da	mesenchymal cell	mesenchymal cell	3	9	1.0	3	0.2222222222222222
profile:6d680dac03db6a9941e5	hca:0307_10.1038_s41419-021-03724-6_32b837a8da	neural crest like cell	neural crest-like cell	3	9	1.0	0	
profile:dbe13c3397fa19984e4a	hca:0307_10.1038_s41419-021-03724-6_32b837a8da	sebaceous gland cell	sebaceous gland cell	3	9	1.0	0	
profile:e9690e2d41e1e8343352	hca:0308_10.1242_dev.199711_724ab19d33	floor plate cell	floor plate cell	6	13	0.8333333333333334	1	0.0
profile:6ba93d7ff3d8918997df	hca:0308_10.1242_dev.199711_724ab19d33	gliogenic progenitor	gliogenic progenitor	3	13	1.0	0	
profile:ad5eba3d99fc9a825874	hca:0308_10.1242_dev.199711_724ab19d33	oligodendrocyte	oligodendrocyte	4	13	0.75	16	0.015625
profile:4d9937da669c8d776bc7	hca:0308_10.1242_dev.199711_724ab19d33	phox2b expressing neuron	PHOX2B-expressing neuron	3	13	1.0	0	
profile:0565c0aaa834bce9e516	hca:0308_10.1242_dev.199711_724ab19d33	sensory neuron precursor	sensory neuron precursor	3	13	1.0	0	
profile:71630966ac77166f799d	hca:0309_10.1101_721258_f9cb0ad906	b cell	B cell	4	11	1.0	30	0.15833333333333333
profile:15f0595bfb664c04da25	hca:0309_10.1101_721258_f9cb0ad906	innate lymphoid cell class 3	innate lymphoid cell class 3	5	11	0.8	0	
profile:0c344530bc77f9b5b159	hca:0309_10.1101_721258_f9cb0ad906	mast cell	mast cell	5	11	0.8	19	0.07368421052631578
profile:752ab0455d137a58bab7	hca:0309_10.1101_721258_f9cb0ad906	myeloid cell	myeloid cell	6	11	1.0	11	0.030303030303030304
profile:71e2f9b606e0710fe7ab	hca:0309_10.1101_721258_f9cb0ad906	nk t cell	NK-T cell	7	11	0.8571428571428571	0	
profile:25660bdadf9a19d50e44	hca:0309_10.1101_721258_f9cb0ad906	plasma cell	plasma cell	5	11	1.0	22	0.17272727272727273
profile:d2c833f2b3ea24454970	hca:0309_10.1101_721258_f9cb0ad906	t cell	T cell	3	11	0.6666666666666666	36	0.06481481481481481
profile:a8d6ffa9dc925b30d4d4	hca:0310_10.1172_jci.insight.133267_ab6c49313c	parietal epithelial cell	parietal epithelial cell	3	14	0.3333333333333333	1	0.3333333333333333
profile:8d203aa90ee99f871e6f	hca:0310_10.1172_jci.insight.133267_ab6c49313c	parietal epithelial cell and loop of henle cell cluster	parietal epithelial cell and loop of Henle cell cluster	5	14	0.6	0	
profile:efd635aaecba61620dfd	hca:0310_10.1172_jci.insight.133267_ab6c49313c	podocyte	podocyte	4	14	0.75	9	0.4722222222222222
profile:5fe2e286b897883836ec	hca:0310_10.1172_jci.insight.133267_ab6c49313c	vascular smooth muscle cell and mesangial cell	vascular smooth muscle cell and mesangial cell	3	14	0.6666666666666666	0	
profile:0a45db3f52186f50fd71	hca:0311_10.1038_s41467-020-18075-7_c64a47b29b	basal stem cell	basal stem cell	3	11	1.0	1	0.0
profile:67be435948d13599c7ca	hca:0311_10.1038_s41467-020-18075-7_c64a47b29b	basal stem cell cluster bas ii	basal stem cell cluster BAS-II	4	11	0.75	0	
profile:0554fbe574d1deabe33a	hca:0311_10.1038_s41467-020-18075-7_c64a47b29b	basal stem cell cluster bas iii	basal stem cell cluster BAS-III	3	11	1.0	0	
profile:63bef1b4b3953382f984	hca:0311_10.1038_s41467-020-18075-7_c64a47b29b	basal stem cell cluster bas iv	basal stem cell cluster BAS-IV	3	11	1.0	0	
profile:480e9ec37400488ea808	hca:0311_10.1038_s41467-020-18075-7_c64a47b29b	granular keratinocyte	granular keratinocyte	7	11	1.0	0	
profile:e8a85dcd870105a70bcf	hca:0311_10.1038_s41467-020-18075-7_c64a47b29b	spinous keratinocyte	spinous keratinocyte	4	11	1.0	1	0.75
profile:b61c9d7ed199e0fc3a73	hca:0313_10.1016_j.celrep.2022.110467_a2771a8ae7	gonadotrope	gonadotrope	5	9	0.6	0	
profile:c59c64d109f853b45cc4	hca:0313_10.1016_j.celrep.2022.110467_a2771a8ae7	pituitary stem cell	pituitary stem cell	11	9	0.7272727272727273	0	
profile:c7b5970270fe7ddb814d	hca:0313_10.1016_j.celrep.2022.110467_a2771a8ae7	uncommitted pituitary stem cell	uncommitted pituitary stem cell	4	9	0.5	0	
profile:6d31aff40c1acaa8576b	hca:0314_10.1016_j.cell.2017.09.004_62170aa227	endocrine cell	endocrine cell	3	4	1.0	3	0.0
profile:5c5bffbb8c8b1747972c	hca:0314_10.1016_j.cell.2017.09.004_62170aa227	endocrine pancreas cell	endocrine pancreas cell	5	4	1.0	0	
profile:5f8a65d6f0c643f2346c	hca:0315_10.1158_2159-8290.cd-21-0683_4c7216e47a	cd8 t cell	CD8 T cell	4	27	1.0	11	0.06818181818181818
profile:cc94e7ad400118def741	hca:0315_10.1158_2159-8290.cd-21-0683_4c7216e47a	long lived plasma cell	long-lived plasma cell	3	27	0.3333333333333333	1	0.3333333333333333
profile:f60b911388e7683f62ef	hca:0315_10.1158_2159-8290.cd-21-0683_4c7216e47a	lum associated cancer associated fibroblast	LUM-associated cancer-associated fibroblast	4	27	0.75	0	
profile:00bd9c15aafd14a982a8	hca:0315_10.1158_2159-8290.cd-21-0683_4c7216e47a	proangiogenic pericyte	proangiogenic pericyte	4	27	0.75	0	
profile:5c71a2e7051a30a9f4f9	hca:0315_10.1158_2159-8290.cd-21-0683_4c7216e47a	stf1 and stf3 cancer associated fibroblast	STF1 and STF3 cancer-associated fibroblast	3	27	0.6666666666666666	0	
profile:8351955b07152b5ba73f	hca:0317_10.1016_j.celrep.2019.02.043_aed04e8aae	alpha cell	alpha cell	3	10	1.0	13	0.641025641025641
profile:5e6f95bfe89eabb13ce0	hca:0317_10.1016_j.celrep.2019.02.043_aed04e8aae	beta cell	beta cell	10	10	1.0	15	0.2733333333333333
profile:7fcc1b7d3858c9934d8c	hca:0317_10.1016_j.celrep.2019.02.043_aed04e8aae	delta cell	delta cell	8	10	1.0	9	0.3055555555555556
profile:d50e4f4484de0661bf61	hca:0317_10.1016_j.celrep.2019.02.043_aed04e8aae	endocrine cell	endocrine cell	4	10	1.0	3	0.25
profile:877e4a9390f8413ac387	hca:0317_10.1016_j.celrep.2019.02.043_aed04e8aae	exocrine acinar cell	exocrine acinar cell	3	10	0.6666666666666666	0	
profile:64ce44577e58868c1b16	hca:0317_10.1016_j.celrep.2019.02.043_aed04e8aae	pancreatic ductal cell	pancreatic ductal cell	7	10	1.0	0	
profile:d45623e4670dc0ed8d4b	hca:0317_10.1016_j.celrep.2019.02.043_aed04e8aae	pp cell	PP cell	3	10	1.0	1	0.0
profile:e3187adfb5bb0b605c89	hca:0318_10.1158_1078-0432.ccr-19-0148_d4eb569329	cd8 positive tumor infiltrating lymphocyte	CD8-positive tumor-infiltrating lymphocyte	3	13	1.0	0	
profile:dc3626f78bc03ac0c291	hca:0319_10.1016_j.cell.2018.05.060_d1a05e99e8	activated t cell	activated T cell	8	14	0.875	2	0.0
profile:3a53d1c5cd97ae5b142f	hca:0319_10.1016_j.cell.2018.05.060_d1a05e99e8	alternatively activated macrophage	alternatively activated macrophage	3	14	1.0	1	0.0
profile:90de657c489298600532	hca:0319_10.1016_j.cell.2018.05.060_d1a05e99e8	cytotoxic t cell	cytotoxic T cell	5	14	0.8	5	0.27999999999999997
profile:65afec2ebb7cc31f2542	hca:0319_10.1016_j.cell.2018.05.060_d1a05e99e8	exhausted t cell	exhausted T cell	6	14	0.0	4	0.3333333333333333
profile:f3f4c823153980565d00	hca:0319_10.1016_j.cell.2018.05.060_d1a05e99e8	monocytic lineage cell	monocytic lineage cell	7	14	0.8571428571428571	0	
profile:55e0ab13070a66a8ed02	hca:0319_10.1016_j.cell.2018.05.060_d1a05e99e8	natural killer cell	natural killer cell	3	14	1.0	33	0.19191919191919193
profile:03557ff9645750e474ae	hca:0319_10.1016_j.cell.2018.05.060_d1a05e99e8	plasmacytoid dendritic cell	plasmacytoid dendritic cell	3	14	1.0	14	0.42857142857142855
profile:22d643a5e5860d9035f1	hca:0319_10.1016_j.cell.2018.05.060_d1a05e99e8	regulatory t cell	regulatory T cell	8	14	0.25	21	0.369047619047619
profile:758eefd6f9ecc8781870	hca:0319_10.1016_j.cell.2018.05.060_d1a05e99e8	tumor associated macrophage	tumor-associated macrophage	4	14	0.75	4	0.1875
profile:8dfcdb86b72ba37a8d98	hca:0319_10.1016_j.cell.2018.05.060_d1a05e99e8	tumor regulatory t cell	tumor regulatory T cell	4	14	1.0	0	
profile:3f77f9f215a8be6aba23	hca:0321_10.1002_stem.3302_bfd2270715	alveolar type i cell	alveolar type I cell	6	22	0.5	1	0.16666666666666666
profile:268a589140f2cbfa09b3	hca:0321_10.1002_stem.3302_bfd2270715	fibroblast dependent induced alveolar type ii cell	fibroblast-dependent induced alveolar type II cell	4	22	0.5	0	
profile:199861b440a3991fdfb4	hca:0321_10.1002_stem.3302_bfd2270715	induced alveolar type i cell	induced alveolar type I cell	4	22	0.25	0	
profile:bf8d505105d1cda9ecf4	hca:0322_10.3389_fonc.2021.719564_a0cfb67753	cancer associated fibroblast	cancer-associated fibroblast	3	20	0.3333333333333333	9	0.07407407407407407
profile:76ee6404915b7043c2c1	hca:0322_10.3389_fonc.2021.719564_a0cfb67753	cancer associated fibroblast 2	cancer-associated fibroblast 2	4	20	0.5	0	
profile:305370e4ba8e87d97e2b	hca:0322_10.3389_fonc.2021.719564_a0cfb67753	clear cell renal cell carcinoma cell	clear-cell renal cell carcinoma cell	4	20	0.75	1	0.0
profile:fe6cc69669cc7e0dda70	hca:0322_10.3389_fonc.2021.719564_a0cfb67753	endothelial cell	endothelial cell	5	20	1.0	51	0.2156862745098039
profile:e3abeab08422c6615d8d	hca:0322_10.3389_fonc.2021.719564_a0cfb67753	tumor associated macrophage	tumor-associated macrophage	3	20	1.0	4	0.0
profile:63debce4e6a57d18dfe1	hca:0322_10.3389_fonc.2021.719564_a0cfb67753	type 2 papillary renal cell carcinoma cell	type 2 papillary renal cell carcinoma cell	8	20	0.75	0	
profile:77d23e78ec0a51419d83	hca:0325_10.1016_j.celrep.2017.10.030_a9d12a5d7c	astrocyte	astrocyte	3	8	1.0	14	0.047619047619047616
profile:e748fddd16228929f193	hca:0325_10.1016_j.celrep.2017.10.030_a9d12a5d7c	glioma stem cell	glioma stem cell	4	8	0.75	0	
profile:95bf361f3ff646bf2b5d	hca:0325_10.1016_j.celrep.2017.10.030_a9d12a5d7c	macrophage	macrophage	5	8	1.0	42	0.05714285714285714
profile:caf116718b5acb95fd87	hca:0325_10.1016_j.celrep.2017.10.030_a9d12a5d7c	microglia	microglia	7	8	1.0	16	0.03571428571428571
profile:92db17bea78bc43bde84	hca:0325_10.1016_j.celrep.2017.10.030_a9d12a5d7c	neoplastic cell	neoplastic cell	5	8	0.8	0	
profile:257fb54a372318973481	hca:0326_10.1016_j.cmet.2016.08.020_b710322bb3	alpha cell	alpha cell	9	10	0.7777777777777778	13	0.3076923076923077
profile:79321ffd4c09c4a1e069	hca:0326_10.1016_j.cmet.2016.08.020_b710322bb3	antigen presenting mhc class ii cell	antigen-presenting MHC class II cell	5	10	1.0	0	
profile:110925098a13caed52df	hca:0326_10.1016_j.cmet.2016.08.020_b710322bb3	beta cell	beta cell	12	10	0.8333333333333334	15	0.3055555555555555
profile:aed2d90760962526abba	hca:0326_10.1016_j.cmet.2016.08.020_b710322bb3	delta cell	delta cell	10	10	0.9	9	0.13333333333333333
profile:dc038360ef8c5ca35b63	hca:0326_10.1016_j.cmet.2016.08.020_b710322bb3	endothelial cell	endothelial cell	4	10	1.0	51	0.25980392156862747
profile:67c77947997a08007033	hca:0326_10.1016_j.cmet.2016.08.020_b710322bb3	epsilon cell	epsilon cell	8	10	1.0	0	
profile:d7da0761c85ae9995c92	hca:0326_10.1016_j.cmet.2016.08.020_b710322bb3	gamma cell	gamma cell	8	10	0.875	2	0.0
profile:f0ee40c66a4f05f84916	hca:0326_10.1016_j.cmet.2016.08.020_b710322bb3	mast cell	mast cell	3	10	1.0	19	0.3684210526315789
profile:979b8e9a19286ba559b2	hca:0326_10.1016_j.cmet.2016.08.020_b710322bb3	pancreatic stellate cell	pancreatic stellate cell	4	10	1.0	0	
profile:b4a94f06034798e12782	hca:0328_10.1164_rccm.201912-2445oc_4927636a02	alveolar type 2 cell	alveolar type 2 cell	5	8	1.0	7	0.02857142857142857
profile:6e18afc695feb6ea70da	hca:0328_10.1164_rccm.201912-2445oc_4927636a02	lam core cell	LAM CORE cell	21	8	1.0	0	
profile:66cd7db0744f7464ca55	hca:0328_10.1164_rccm.201912-2445oc_4927636a02	lymphatic endothelial cell	lymphatic endothelial cell	13	8	1.0	17	0.09502262443438915
profile:8269fb93b8f341f195f9	hca:0328_10.1164_rccm.201912-2445oc_4927636a02	monocyte	monocyte	3	8	1.0	35	0.05714285714285714
profile:2dbba726395c727f2992	hca:0329_10.1164_rccm.201712-2410oc_fdd97d9097	airway basal stem cell	airway basal stem cell	6	14	0.6666666666666666	0	
profile:7d1eb5d2f6b0c76a0240	hca:0329_10.1164_rccm.201712-2410oc_fdd97d9097	lymphatic progenitor	lymphatic progenitor	4	14	1.0	0	
profile:b2cb8378a6c3d01472cd	hca:0329_10.1164_rccm.201712-2410oc_fdd97d9097	plasmacytoid dendritic cell	plasmacytoid dendritic cell	4	14	1.0	14	0.17857142857142855
profile:9b21847610c1691ce947	hca:0329_10.1164_rccm.201712-2410oc_fdd97d9097	tissue resident alveolar macrophage	tissue-resident alveolar macrophage	3	14	1.0	0	
profile:fbd36bbd155afd77b10b	hca:0330_10.1016_j.celrep.2020.01.007_2459125119	bipolar cell	bipolar cell	3	10	1.0	2	0.16666666666666666
profile:21e6eef92c2b93421530	hca:0330_10.1016_j.celrep.2020.01.007_2459125119	müller glia	Müller glia	3	10	1.0	4	0.16666666666666666
profile:4bc3952f0313f7b3cda5	hca:0330_10.1016_j.celrep.2020.01.007_2459125119	retinal progenitor cell	retinal progenitor cell	4	10	1.0	1	1.0
profile:e5ada6c445ea5d1114e9	hca:0330_10.1016_j.celrep.2020.01.007_2459125119	transition cell population 1	transition cell population 1	3	10	0.6666666666666666	0	
profile:2012f5348475aaa3b51b	hca:0330_10.1016_j.celrep.2020.01.007_2459125119	transition cell population 2	transition cell population 2	3	10	1.0	0	
profile:680bf2c824abcb3634be	hca:0330_10.1016_j.celrep.2020.01.007_2459125119	transition cell population 3	transition cell population 3	3	10	0.3333333333333333	0	
profile:4105d74a99ac6d1275cc	hca:0331_10.3389_fdmed.2021.806294_aea78ef1b6	b cell	B cell	4	9	0.0	30	0.025
profile:eb455e1822a5a146f195	hca:0331_10.3389_fdmed.2021.806294_aea78ef1b6	hematopoietic stem cell	hematopoietic stem cell	5	9	1.0	5	0.08
profile:d48c2c35ad3ea43688b5	hca:0331_10.3389_fdmed.2021.806294_aea78ef1b6	macrophage	macrophage	4	9	1.0	42	0.005952380952380952
profile:f89d4c2167ea2d3beed9	hca:0331_10.3389_fdmed.2021.806294_aea78ef1b6	odontoblast	odontoblast	4	9	1.0	0	
profile:613d267339e7423ef7c6	hca:0331_10.3389_fdmed.2021.806294_aea78ef1b6	plasma cell	plasma cell	4	9	0.0	22	0.07954545454545454
profile:d3a50ca9d87a712cc2cd	hca:0334_10.1681_asn.2018020125_804c4742d9	activated endothelial cell	activated endothelial cell	3	13	1.0	1	0.0
profile:eb681e4613498d4d2525	hca:0334_10.1681_asn.2018020125_804c4742d9	angiogenic endothelial cell	angiogenic endothelial cell	4	13	1.0	1	0.0
profile:a62d674a0badbc2e3e29	hca:0334_10.1681_asn.2018020125_804c4742d9	fibroblast	fibroblast	6	13	0.16666666666666666	49	0.08843537414965986
profile:32c5dc41102d53248172	hca:0334_10.1681_asn.2018020125_804c4742d9	monocyte 1	monocyte 1	9	13	0.7777777777777778	0	
profile:cf5338fa57ba5dc802e7	hca:0334_10.1681_asn.2018020125_804c4742d9	myofibroblast	myofibroblast	7	13	0.2857142857142857	16	0.03571428571428571
profile:13171713dfa113499477	hca:0334_10.1681_asn.2018020125_804c4742d9	pericyte	pericyte	5	13	0.4	29	0.12413793103448276
profile:6dcb7f2b8dc73be60c0d	hca:0334_10.1681_asn.2018020125_804c4742d9	resting endothelial cell	resting endothelial cell	3	13	1.0	0	
profile:8c431c2b252a39e084b4	hca:0335_10.2337_db16-0405_ae79f269d3	alpha cell	alpha cell	4	6	0.75	13	0.4807692307692307
profile:e55d8f00242a4023f6b3	hca:0335_10.2337_db16-0405_ae79f269d3	beta cell	beta cell	10	6	1.0	15	0.2866666666666667
profile:cf6ab5f2571f6677d47f	hca:0335_10.2337_db16-0405_ae79f269d3	ductal cell	ductal cell	3	6	1.0	6	0.3333333333333333
profile:21730472beb4e9010f10	hca:0335_10.2337_db16-0405_ae79f269d3	pp cell	PP cell	3	6	0.3333333333333333	1	0.0
profile:6ba339ee9335a91208f8	hca:0338_10.3389_fnmol.2020.00134_d9eafa03d0	microglia	microglia	7	7	0.8571428571428571	16	0.05357142857142857
profile:2ffb5bd6a5606b37e917	hca:0338_10.3389_fnmol.2020.00134_d9eafa03d0	microglia cluster 0	microglia cluster 0	6	7	1.0	0	
profile:b0b670099c5dc803e70d	hca:0338_10.3389_fnmol.2020.00134_d9eafa03d0	microglia cluster 1	microglia cluster 1	3	7	1.0	0	
profile:1f12e832ec485e71dc09	hca:0338_10.3389_fnmol.2020.00134_d9eafa03d0	microglia cluster 2	microglia cluster 2	6	7	0.8333333333333334	0	
profile:0d10910f5264e4dfc5fc	hca:0339_10.7150_thno.65694_e762e5f2bb	macrophage	macrophage	4	13	0.0	42	0.017857142857142856
profile:1b20cc6ce75512680c64	hca:0339_10.7150_thno.65694_e762e5f2bb	mesenchymal stem cell	mesenchymal stem cell	3	13	1.0	4	0.16666666666666666
profile:b6f88536d0b0850ffda7	hca:0339_10.7150_thno.65694_e762e5f2bb	monocyte	monocyte	4	13	0.0	35	0.03571428571428571
profile:1cd50675c79531be2d11	hca:0339_10.7150_thno.65694_e762e5f2bb	myofibroblast	myofibroblast	3	13	0.6666666666666666	16	0.25
profile:7e7eaea3ac368884ab63	hca:0339_10.7150_thno.65694_e762e5f2bb	osteoclast	osteoclast	4	13	0.75	3	0.16666666666666666
profile:de8718364bafce47e034	hca:0339_10.7150_thno.65694_e762e5f2bb	osteoclast precursor cell	osteoclast precursor cell	6	13	0.8333333333333334	0	
profile:6c4ec1abff24a24b5c9e	hca:0339_10.7150_thno.65694_e762e5f2bb	spon2 positive pericyte	SPON2-positive pericyte	5	13	1.0	0	
profile:ca4a03947bf5c50d618a	hca:0339_10.7150_thno.65694_e762e5f2bb	tnfrsf21 positive fibroblast	TNFRSF21-positive fibroblast	7	13	1.0	0	
profile:a9921623a9ea042ce1ea	hca:0340_10.1038_s41467-020-16164-1_15fae00c00	alveolar macrophage	alveolar macrophage	3	7	1.0	6	0.3888888888888889
profile:7ae2a7a4b5d534859e6f	hca:0340_10.1038_s41467-020-16164-1_15fae00c00	anti inflammatory alveolar macrophage	anti-inflammatory alveolar macrophage	3	7	1.0	0	
profile:fbff0c71d6628a0a778c	hca:0342_10.18632_aging.203124_280d72e18e	b cell	B cell	3	20	1.0	30	0.5222222222222223
profile:3b68cc0fd6f8ca3c2703	hca:0342_10.18632_aging.203124_280d72e18e	gzmk positive ccr6 positive cd8 t cell	GZMK-positive CCR6-positive CD8 T cell	3	20	0.6666666666666666	0	
profile:155ec8a8fceb27f4c37c	hca:0342_10.18632_aging.203124_280d72e18e	gzmk positive cxcl8 positive cd8 t cell	GZMK-positive CXCL8-positive CD8 T cell	3	20	0.6666666666666666	0	
profile:af3f262df4ee123637b7	hca:0343_10.1038_s41597-019-0351-8_0cf4fb36a1	collecting duct intercalated cell	collecting duct intercalated cell	3	4	1.0	0	
profile:265355b6411f0a967ce7	hca:0343_10.1038_s41597-019-0351-8_0cf4fb36a1	natural killer t cell	natural killer T cell	4	4	0.0	5	0.3
profile:9ba8a4970a6e5043081c	hca:0343_10.1038_s41597-019-0351-8_0cf4fb36a1	t cell	T cell	3	4	0.3333333333333333	36	0.3888888888888889
profile:b9022feff53f36f8f63b	hca:0345_10.3389_fimmu.2021.645666_15198bd9bb	b cell	B cell	3	5	1.0	30	0.41111111111111115
profile:73723479525418c495c3	hca:0345_10.3389_fimmu.2021.645666_15198bd9bb	cd4 positive t cell	CD4-positive T cell	4	5	0.25	2	0.5
profile:3b48981162b7815204f1	hca:0345_10.3389_fimmu.2021.645666_15198bd9bb	cd8 positive t cell	CD8-positive T cell	5	5	0.4	7	0.2
profile:370a69456df3d64cfdd3	hca:0345_10.3389_fimmu.2021.645666_15198bd9bb	cluster 21	cluster 21	4	5	1.0	0	
profile:3aac4ca5dfede7a2ed98	hca:0345_10.3389_fimmu.2021.645666_15198bd9bb	natural killer cell	natural killer cell	4	5	1.0	33	0.2878787878787879
profile:4927e26b301b297fb16f	hca:0347_10.1186_s12943-021-01419-2_236ba26890	cytotoxic t cell	cytotoxic T cell	3	24	0.6666666666666666	5	0.26666666666666666
profile:ab583a80338a348da450	hca:0347_10.1186_s12943-021-01419-2_236ba26890	dendritic cell dc 1	dendritic cell DC-1	3	24	1.0	0	
profile:ed9e98bf20869adcb986	hca:0347_10.1186_s12943-021-01419-2_236ba26890	fibroblast fb 1	fibroblast FB-1	3	24	0.6666666666666666	0	
profile:39854c77f9e0d5d45c8d	hca:0347_10.1186_s12943-021-01419-2_236ba26890	fibroblast fb 4	fibroblast FB-4	4	24	1.0	0	
profile:7069ca5806901c33f46e	hca:0347_10.1186_s12943-021-01419-2_236ba26890	inflammatory fibroblast fb 3	inflammatory fibroblast FB-3	4	24	1.0	0	
profile:eb5dc6d97edde8e992a3	hca:0348_10.1126_sciadv.aba1972_746bae0b3c	has1 high fibroblast	HAS1 high fibroblast	3	13	1.0	0	
profile:7c683ccb29fde55e6f1a	hca:0348_10.1126_sciadv.aba1972_746bae0b3c	krt5 negative krt17 positive epithelial cell	KRT5-negative/KRT17-positive epithelial cell	12	13	0.8333333333333334	1	0.16666666666666666
profile:82183c98fb15bf824995	hca:0348_10.1126_sciadv.aba1972_746bae0b3c	scgb3a2 positive secretory cell	SCGB3A2-positive secretory cell	4	13	0.25	0	
profile:8df12e3ef69ba7a9ef94	hca:0348_10.1126_sciadv.aba1972_746bae0b3c	secretory cell	secretory cell	3	13	0.3333333333333333	3	0.0
profile:bd7edef2db3e4d991dbf	hca:0348_10.1126_sciadv.aba1972_746bae0b3c	transitional alveolar type 2 cell	transitional alveolar type 2 cell	3	13	0.0	0	
profile:cfe3303865828eb1ce21	hca:0349_10.1038_s41467-023-36296-4_67ae3c1e19	c1qc tumor associated macrophage	C1QC+ tumor-associated macrophage	5	35	1.0	0	
profile:2d0bb944b4699588c173	hca:0349_10.1038_s41467-023-36296-4_67ae3c1e19	conventional dendritic cell type 3	conventional dendritic cell type 3	3	35	0.3333333333333333	0	
profile:326f9fa1fe0806360307	hca:0349_10.1038_s41467-023-36296-4_67ae3c1e19	ctla4 cd8 t cell	CTLA4+ CD8+ T cell	4	35	0.75	0	
profile:4a72230f3e2077b6db49	hca:0349_10.1038_s41467-023-36296-4_67ae3c1e19	inflammatory cancer associated fibroblast	inflammatory cancer-associated fibroblast	5	35	0.8	4	0.0
profile:d4f19ee809aa8275fe3c	hca:0349_10.1038_s41467-023-36296-4_67ae3c1e19	myeloid derived suppressor cell	myeloid-derived suppressor cell	3	35	0.3333333333333333	1	0.0
profile:47645267cefe4ea56abf	hca:0349_10.1038_s41467-023-36296-4_67ae3c1e19	myofibroblastic cancer associated fibroblast	myofibroblastic cancer-associated fibroblast	3	35	0.6666666666666666	2	0.0
profile:2692c16d300045f018a6	hca:0349_10.1038_s41467-023-36296-4_67ae3c1e19	peri islet schwann cell	peri-islet Schwann cell	3	35	1.0	0	
profile:bdb0641c325544f22308	hca:0349_10.1038_s41467-023-36296-4_67ae3c1e19	pericyte	pericyte	4	35	0.75	29	0.33620689655172414
profile:05a53ddb04ccab6fd096	hca:0349_10.1038_s41467-023-36296-4_67ae3c1e19	spp1 tumor associated macrophage	SPP1+ tumor-associated macrophage	4	35	0.5	0	
profile:4f8b7ada154d8b0855be	hca:0350_10.1038_s41421-020-0157-z_3083f6da26	antibody secreting cell	antibody-secreting cell	5	34	1.0	3	0.4
profile:ff4ded90ba72713cc480	hca:0350_10.1038_s41421-020-0157-z_3083f6da26	b cell	B cell	5	34	1.0	30	0.3
profile:443b498409048453c84d	hca:0350_10.1038_s41421-020-0157-z_3083f6da26	c7 cycling lymphoid subset	C7-cycling lymphoid subset	7	34	0.7142857142857143	0	
profile:a4698cc897491eaeab25	hca:0350_10.1038_s41421-020-0157-z_3083f6da26	classical memory b cell	classical memory B cell	3	34	1.0	0	
profile:30a09e5ab70ac9594c5f	hca:0350_10.1038_s41421-020-0157-z_3083f6da26	conventional natural killer cell	conventional natural killer cell	3	34	0.0	0	
profile:f6562b0c994fd8b7d6ab	hca:0350_10.1038_s41421-020-0157-z_3083f6da26	liver resident natural killer cell	liver-resident natural killer cell	4	34	0.0	0	
profile:7bad4efc703d8fe3c233	hca:0350_10.1038_s41421-020-0157-z_3083f6da26	liver resident t and natural killer cell	liver-resident T and natural killer cell	4	34	0.25	0	
profile:b51513e22c902a914a84	hca:0350_10.1038_s41421-020-0157-z_3083f6da26	mucosal associated invariant t cell	mucosal-associated invariant T cell	7	34	0.42857142857142855	5	0.2285714285714286
profile:fc582e5d1fe26b350c99	hca:0350_10.1038_s41421-020-0157-z_3083f6da26	naive central memory t cell	naive/central memory T cell	7	34	0.8571428571428571	0	
profile:097b5336456a064ab9e0	hca:0350_10.1038_s41421-020-0157-z_3083f6da26	terminally differentiated cytotoxic t and natural killer cell	terminally differentiated cytotoxic T and natural killer cell	6	34	0.6666666666666666	0	
profile:c656abe8996851f99a65	hca:0350_10.1038_s41421-020-0157-z_3083f6da26	tissue resident memory t cell	tissue-resident memory T cell	13	34	0.46153846153846156	5	0.06153846153846154
profile:f5e23ed0bf9269265bd6	hca:0350_10.1038_s41421-020-0157-z_3083f6da26	tissue resident natural killer cell	tissue-resident natural killer cell	5	34	0.0	1	0.4
profile:55733ee8b1215e960625	hca:0350_10.1038_s41421-020-0157-z_3083f6da26	tissue resident t and natural killer cell	tissue-resident T and natural killer cell	3	34	0.0	0	
profile:d563460c60d855ef8659	hca:0351_10.1038_s41422-018-0103-x_169d6c1666	hepatocyte	hepatocyte	3	2	0.3333333333333333	3	0.4444444444444444
profile:6fd8d13b7d53580fd9f5	hca:0351_10.1038_s41422-018-0103-x_169d6c1666	hepatocyte derived liver progenitor like cell	hepatocyte-derived liver progenitor-like cell	7	2	0.42857142857142855	0	
profile:04bdb8973e8495dd1f67	hca:0352_10.1038_nature25980_27cde67bed	intermediate progenitor cell	intermediate progenitor cell	5	10	1.0	0	
profile:48835ca7c22d2c268b6b	hca:0352_10.1038_nature25980_27cde67bed	interneuron	interneuron	6	10	1.0	3	0.3333333333333333
profile:f052ef31d301bb4e8ac0	hca:0352_10.1038_nature25980_27cde67bed	interneuron progenitor cell	interneuron progenitor cell	3	10	1.0	0	
profile:2c33c709a7035c9b9b5c	hca:0352_10.1038_nature25980_27cde67bed	microglia	microglia	3	10	1.0	16	0.125
profile:e4d523115404985e458c	hca:0352_10.1038_nature25980_27cde67bed	outer radial glia	outer radial glia	3	10	1.0	1	0.3333333333333333
profile:a8649422db3d867c7626	hca:0353_10.1016_j.neuron.2017.02.014_ebc3a9c467	cortical interneuron	cortical interneuron	6	12	0.6666666666666666	0	
profile:5ea1d1e712beef8a0a7a	hca:0353_10.1016_j.neuron.2017.02.014_ebc3a9c467	late stage progenitor	late-stage progenitor	3	12	0.0	0	
profile:9845ff5d6bd83c8738c3	hca:0353_10.1016_j.neuron.2017.02.014_ebc3a9c467	lateral ganglionic eminence neuron	lateral ganglionic eminence neuron	3	12	0.0	0	
profile:d437498374e03f36b13c	hca:0353_10.1016_j.neuron.2017.02.014_ebc3a9c467	mature cortical interneuron	mature cortical interneuron	3	12	0.6666666666666666	0	
profile:0dd13f0bf860fbdba4ce	hca:0353_10.1016_j.neuron.2017.02.014_ebc3a9c467	medial ganglionic eminence progenitor	medial ganglionic eminence progenitor	5	12	0.4	0	
profile:78cdb54cc5c5bf64dca7	hca:0353_10.1016_j.neuron.2017.02.014_ebc3a9c467	oligodendrocyte precursor	oligodendrocyte precursor	4	12	1.0	0	
profile:15d939660ad4ca086c24	hca:0353_10.1016_j.neuron.2017.02.014_ebc3a9c467	radial glia and intermediate precursor	radial glia and intermediate precursor	4	12	0.25	0	
profile:4848d8cb80aab1dad3e1	hca:0355_10.3389_fgene.2021.745483_5f4326fce7	b cell	B cell	10	9	1.0	30	0.11000000000000001
profile:cec5942bf063dde49c04	hca:0355_10.3389_fgene.2021.745483_5f4326fce7	erythroblast	erythroblast	10	9	0.4	2	0.05
profile:d3cbfe3d0464a49b54f2	hca:0355_10.3389_fgene.2021.745483_5f4326fce7	erythroblast cluster 12	erythroblast cluster 12	10	9	1.0	0	
profile:a75f992f3d6c17893d2c	hca:0355_10.3389_fgene.2021.745483_5f4326fce7	erythroblast cluster 6	erythroblast cluster 6	9	9	0.3333333333333333	0	
profile:d150a3198faaf65ed92a	hca:0355_10.3389_fgene.2021.745483_5f4326fce7	erythroblast cluster 9	erythroblast cluster 9	9	9	1.0	0	
profile:0cef2040ebf19d751595	hca:0355_10.3389_fgene.2021.745483_5f4326fce7	hematopoietic stem and progenitor cell	hematopoietic stem and progenitor cell	9	9	1.0	1	0.0
profile:eff759264ac3ceda64c0	hca:0355_10.3389_fgene.2021.745483_5f4326fce7	megakaryocyte	megakaryocyte	6	9	1.0	3	0.0
profile:a4b25d1a21b9908d4d8e	hca:0355_10.3389_fgene.2021.745483_5f4326fce7	monocyte	monocyte	11	9	1.0	35	0.02857142857142857
profile:08b1ffb80dfcbcb70823	hca:0355_10.3389_fgene.2021.745483_5f4326fce7	neutrophil granulocyte	neutrophil granulocyte	10	9	1.0	0	
profile:a8a7a0872a4061cc83c9	hca:0355_10.3389_fgene.2021.745483_5f4326fce7	plasma cell	plasma cell	10	9	1.0	22	0.08181818181818182
profile:20036f1a153b2064fdc1	hca:0356_10.3389_fcell.2020.00384_845548ef53	stimulated natural killer t cell cluster 1	stimulated natural killer T cell cluster 1	6	10	0.8333333333333334	0	
profile:c4496cc5caa42985389d	hca:0356_10.3389_fcell.2020.00384_845548ef53	stimulated natural killer t cell cluster 2	stimulated natural killer T cell cluster 2	7	10	0.0	0	
profile:0d22b8f56e4c5f3eb9c6	hca:0356_10.3389_fcell.2020.00384_845548ef53	stimulated natural killer t cell cluster 2 sub cluster a	stimulated natural killer T cell cluster 2 sub-cluster A	5	10	0.0	0	
profile:a985677997c7d89efd20	hca:0356_10.3389_fcell.2020.00384_845548ef53	stimulated natural killer t cell cluster 2 sub cluster b	stimulated natural killer T cell cluster 2 sub-cluster B	7	10	0.7142857142857143	0	
profile:1b89e20f75379857a03e	hca:0356_10.3389_fcell.2020.00384_845548ef53	stimulated natural killer t cell cluster 3	stimulated natural killer T cell cluster 3	3	10	0.3333333333333333	0	
profile:67dafc6328e30c0d4342	hca:0356_10.3389_fcell.2020.00384_845548ef53	stimulated natural killer t cell cluster 4	stimulated natural killer T cell cluster 4	4	10	0.75	0	
profile:97e34eda88012543d966	hca:0356_10.3389_fcell.2020.00384_845548ef53	stimulated natural killer t cell cluster 5	stimulated natural killer T cell cluster 5	8	10	0.875	0	
profile:bace2edb4f2c6e46925c	hca:0356_10.3389_fcell.2020.00384_845548ef53	unstimulated natural killer t cell cluster 2	unstimulated natural killer T cell cluster 2	5	10	1.0	0	
profile:c5aaa3a3144d685d7c1a	hca:0356_10.3389_fcell.2020.00384_845548ef53	unstimulated natural killer t cell cluster 3	unstimulated natural killer T cell cluster 3	9	10	0.8888888888888888	0	
profile:091f3db5b57aab00aa7e	hca:0356_10.3389_fcell.2020.00384_845548ef53	unstimulated natural killer t cell cluster 4	unstimulated natural killer T cell cluster 4	5	10	0.8	0	
profile:ea8f5a45dc2d360dbc99	hca:0357_10.1126_science.abf1970_a409ac73f2	atypical b cell	atypical B cell	3	18	1.0	0	
profile:6d492b941e32c50b4819	hca:0358_10.1126_sciadv.aba1983_17b603cdcb	aberrant basaloid cell	aberrant basaloid cell	19	6	1.0	1	1.0
profile:ccb5b1e43a40e8550fd7	hca:0358_10.1126_sciadv.aba1983_17b603cdcb	fibroblast	fibroblast	8	6	0.875	49	0.030612244897959183
profile:2f8bbecb246220ba9175	hca:0358_10.1126_sciadv.aba1983_17b603cdcb	myofibroblast	myofibroblast	8	6	0.875	16	0.1484375
profile:999313555b6b566b9623	hca:0358_10.1126_sciadv.aba1983_17b603cdcb	profibrotic macrophage	profibrotic macrophage	9	6	1.0	0	
profile:658fe9fc450381597bcb	hca:0358_10.1126_sciadv.aba1983_17b603cdcb	smooth muscle cell	smooth muscle cell	3	6	1.0	24	0.20833333333333334
profile:f3c505fe6405ee28ff58	hca:0359_10.1101_759902_400af2c5fc	aberrant basaloid cell	aberrant basaloid cell	19	6	1.0	1	1.0
profile:9f2081a648cb299ac5d3	hca:0359_10.1101_759902_400af2c5fc	fibroblast	fibroblast	4	6	1.0	49	0.03571428571428571
profile:52ed43601e9d3d4c0521	hca:0359_10.1101_759902_400af2c5fc	myofibroblast	myofibroblast	6	6	1.0	16	0.07291666666666667
profile:6ba3382bbd91ba4b5839	hca:0359_10.1101_759902_400af2c5fc	smooth muscle cell	smooth muscle cell	3	6	1.0	24	0.20833333333333334
profile:e89ab625ea68f5b90e42	hca:0360_10.1084_jem.20161135_0465d3ea50	cd141 conventional dendritic cell	CD141+ conventional dendritic cell	3	6	0.0	0	
profile:0920f12293c393325dee	hca:0360_10.1084_jem.20161135_0465d3ea50	cd141 lineage primed pre conventional dendritic cell	CD141+ lineage-primed pre-conventional dendritic cell	6	6	0.3333333333333333	0	
profile:ad99d35c0eb0186cc1a2	hca:0360_10.1084_jem.20161135_0465d3ea50	cd172a pre conventional dendritic cell	CD172a+ pre-conventional dendritic cell	7	6	0.14285714285714285	0	
profile:45e20fd7c1d3d3e5a7c1	hca:0360_10.1084_jem.20161135_0465d3ea50	cd1c conventional dendritic cell	CD1c+ conventional dendritic cell	5	6	0.0	0	
profile:c22464f68bb8a611c149	hca:0360_10.1084_jem.20161135_0465d3ea50	cd1c lineage primed pre conventional dendritic cell	CD1c+ lineage-primed pre-conventional dendritic cell	5	6	0.0	0	
profile:49f1b1dc1784b4564839	hca:0360_10.1084_jem.20161135_0465d3ea50	non dendritic cell	non-dendritic cell	4	6	0.25	0	
profile:f3b57da6d88a4873fad7	hca:0361_10.1016_j.gpb.2020.11.002_84c7c58535	decidual natural killer cell 1	decidual natural killer cell 1	6	15	0.8333333333333334	1	0.8333333333333334
profile:8a12f21ab9c01a915a64	hca:0361_10.1016_j.gpb.2020.11.002_84c7c58535	decidual natural killer cell 2	decidual natural killer cell 2	3	15	1.0	1	0.3333333333333333
profile:7c978e41f95787a48cfb	hca:0361_10.1016_j.gpb.2020.11.002_84c7c58535	decidual natural killer cell 3	decidual natural killer cell 3	3	15	1.0	1	1.0
profile:c5c2063f3901953361e4	hca:0361_10.1016_j.gpb.2020.11.002_84c7c58535	decidual natural killer cell 4	decidual natural killer cell 4	5	15	0.6	0	
profile:3757e1603e009b8101a6	hca:0361_10.1016_j.gpb.2020.11.002_84c7c58535	decidual natural killer proliferative cell	decidual natural killer proliferative cell	3	15	1.0	0	
profile:3261be8270a0e469edc5	hca:0362_10.1038_s41591-019-0733-7_d499f1b21b	ccr10 high cd4 positive t cell	CCR10-high CD4-positive T cell	5	3	0.6	0	
profile:73bd139b1f25a653b7f6	hca:0362_10.1038_s41591-019-0733-7_d499f1b21b	lymphocyte	lymphocyte	5	3	0.4	3	0.0
profile:a29a9b4a30d778d22035	hca:0363_10.1016_j.omtn.2021.03.017_8083e53d24	cervical cancer endothelial cell	cervical cancer endothelial cell	4	15	1.0	0	
profile:080394609198c8d7d0aa	hca:0363_10.1016_j.omtn.2021.03.017_8083e53d24	endothelial cell	endothelial cell	5	15	0.8	51	0.12941176470588237
profile:1da36d6fb09ff7d876fc	hca:0363_10.1016_j.omtn.2021.03.017_8083e53d24	epithelial cancer cell	epithelial/cancer cell	4	15	1.0	0	
profile:2d7a25baaa66684b9dce	hca:0363_10.1016_j.omtn.2021.03.017_8083e53d24	tumor cell cluster 0	tumor cell cluster 0	9	15	1.0	0	
profile:c509452da5235c1fe66c	hca:0363_10.1016_j.omtn.2021.03.017_8083e53d24	tumor cell cluster 1	tumor cell cluster 1	3	15	1.0	0	
profile:4235b6c2a7f5d1b3ab40	hca:0363_10.1016_j.omtn.2021.03.017_8083e53d24	tumor cell cluster 3	tumor cell cluster 3	3	15	1.0	0	
profile:3b15ead6d5bfcb29e878	hca:0364_10.1161_circulationaha.120.046528_00aa2deb4c	active cd4 t lymphocyte	active CD4 T lymphocyte	4	32	1.0	0	
profile:92ca3ecef417a4a6a6d1	hca:0364_10.1161_circulationaha.120.046528_00aa2deb4c	active cd8 t lymphocyte	active CD8 T lymphocyte	4	32	0.75	0	
profile:7b44ebe794ff175197c7	hca:0364_10.1161_circulationaha.120.046528_00aa2deb4c	cd8 terminally differentiated effector t lymphocyte	CD8 terminally differentiated effector T lymphocyte	5	32	1.0	0	
profile:d2e4f2c8065ca0531d64	hca:0364_10.1161_circulationaha.120.046528_00aa2deb4c	contractile smooth muscle cell	contractile smooth muscle cell	4	32	0.5	2	0.375
profile:b8a9dcf4a6acf9a8d071	hca:0364_10.1161_circulationaha.120.046528_00aa2deb4c	dendritic cell	dendritic cell	3	32	1.0	11	0.12121212121212122
profile:a005c7ce8d8a91acb782	hca:0364_10.1161_circulationaha.120.046528_00aa2deb4c	effector memory resting cd4 t lymphocyte	effector memory resting CD4 T lymphocyte	4	32	1.0	0	
profile:7997ff6a47a0b13feda7	hca:0364_10.1161_circulationaha.120.046528_00aa2deb4c	endothelial cell 1	endothelial cell 1	3	32	0.0	0	
profile:115196a0a5d1b14fce11	hca:0364_10.1161_circulationaha.120.046528_00aa2deb4c	endothelial cell 2	endothelial cell 2	3	32	0.0	0	
profile:e745462735c366a5d62e	hca:0364_10.1161_circulationaha.120.046528_00aa2deb4c	fibroblast 1	fibroblast 1	4	32	0.0	3	0.0
profile:7ba1bb24439efd0102ae	hca:0364_10.1161_circulationaha.120.046528_00aa2deb4c	fibroblast 2	fibroblast 2	4	32	0.0	2	0.0
profile:5e674e02839bd101c33d	hca:0364_10.1161_circulationaha.120.046528_00aa2deb4c	fibromyocyte	fibromyocyte	4	32	0.25	2	0.0
profile:9edce2da00d95dc6f75a	hca:0364_10.1161_circulationaha.120.046528_00aa2deb4c	interferon response macrophage	interferon response macrophage	4	32	0.75	0	
profile:1756d1401d34795a38f0	hca:0364_10.1161_circulationaha.120.046528_00aa2deb4c	m1 like macrophage	M1-like macrophage	3	32	0.6666666666666666	0	
profile:eb64186448bdec8248ac	hca:0364_10.1161_circulationaha.120.046528_00aa2deb4c	m1 like macrophage 1	M1-like macrophage 1	4	32	0.5	0	
profile:1a79f6abd334a6c36f67	hca:0364_10.1161_circulationaha.120.046528_00aa2deb4c	m1 like macrophage 2	M1-like macrophage 2	4	32	1.0	0	
profile:f35bad46ee7bfdc0a6fe	hca:0364_10.1161_circulationaha.120.046528_00aa2deb4c	m2 like macrophage	M2-like macrophage	4	32	0.75	0	
profile:5f2e0ed96a22274e92de	hca:0364_10.1161_circulationaha.120.046528_00aa2deb4c	m2 like macrophage 1	M2-like macrophage 1	4	32	0.75	0	
profile:1ce972f6fa0b3ee7ea17	hca:0364_10.1161_circulationaha.120.046528_00aa2deb4c	m2 like macrophage 2	M2-like macrophage 2	4	32	0.5	0	
profile:f3a62c680a06e59a8fee	hca:0364_10.1161_circulationaha.120.046528_00aa2deb4c	mesenchymal stem cell 1	mesenchymal stem cell 1	3	32	0.0	0	
profile:e056a0295e5bbaa6973e	hca:0364_10.1161_circulationaha.120.046528_00aa2deb4c	mesenchymal stem cell 2	mesenchymal stem cell 2	3	32	0.0	0	
profile:90df93321b8a054b1217	hca:0364_10.1161_circulationaha.120.046528_00aa2deb4c	monocyte	monocyte	3	32	1.0	35	0.12380952380952381
profile:2e4168ef7f27415e3797	hca:0364_10.1161_circulationaha.120.046528_00aa2deb4c	proliferating smooth muscle cell	proliferating smooth muscle cell	3	32	0.6666666666666666	0	
profile:c0fa0990e9a7b8fef79c	hca:0364_10.1161_circulationaha.120.046528_00aa2deb4c	proliferating t lymphocyte	proliferating T lymphocyte	5	32	1.0	0	
profile:7d20606a329ee2db732b	hca:0364_10.1161_circulationaha.120.046528_00aa2deb4c	regulatory cd4 t lymphocyte	regulatory CD4 T lymphocyte	5	32	1.0	0	
profile:a393055703700d651a7f	hca:0364_10.1161_circulationaha.120.046528_00aa2deb4c	remodeling macrophage	remodeling macrophage	6	32	0.6666666666666666	0	
profile:710accf45a425769424a	hca:0364_10.1161_circulationaha.120.046528_00aa2deb4c	stressed smooth muscle cell	stressed smooth muscle cell	4	32	1.0	0	
profile:bc2b4f1ab12ee5cecc5e	hca:0364_10.1161_circulationaha.120.046528_00aa2deb4c	t_gimap lymphocyte	T_GIMAP lymphocyte	4	32	1.0	0	
profile:72982e34361a125c0057	hca:0364_10.1161_circulationaha.120.046528_00aa2deb4c	t_switched lymphocyte	T_switched lymphocyte	3	32	1.0	0	
profile:c89ec072b29efc9bfcc2	hca:0365_10.3389_fendo.2022.874915_81de77d539	b cell	B cell	3	15	1.0	30	0.19999999999999998
profile:4015c3a62973fe4524d7	hca:0365_10.3389_fendo.2022.874915_81de77d539	endothelial cell	endothelial cell	6	15	0.5	51	0.238562091503268
profile:8b1c92142f6490a954c0	hca:0365_10.3389_fendo.2022.874915_81de77d539	endothelial cell like fibroblast	endothelial cell-like fibroblast	3	15	0.0	0	
profile:6a438aea8f6721a3b014	hca:0365_10.3389_fendo.2022.874915_81de77d539	endothelial cell type 3	endothelial cell type 3	3	15	0.3333333333333333	0	
profile:e73892a74124a4b6c395	hca:0365_10.3389_fendo.2022.874915_81de77d539	endothelial subcluster 5	endothelial subcluster 5	4	15	0.5	0	
profile:780a04eeef2b60fb7896	hca:0365_10.3389_fendo.2022.874915_81de77d539	endothelial subcluster 6	endothelial subcluster 6	3	15	0.0	0	
profile:52f4bfd99dcae9b456c0	hca:0365_10.3389_fendo.2022.874915_81de77d539	fibroblast	fibroblast	5	15	0.4	49	0.24489795918367346
profile:8f41f2f0412e81d0a04b	hca:0365_10.3389_fendo.2022.874915_81de77d539	fibroblast subcluster 9	fibroblast subcluster 9	3	15	0.0	0	
profile:f0e147bc64e5676e74d8	hca:0365_10.3389_fendo.2022.874915_81de77d539	macrophage	macrophage	4	15	1.0	42	0.125
profile:772b407bf45bef954e11	hca:0365_10.3389_fendo.2022.874915_81de77d539	smooth muscle cell	smooth muscle cell	3	15	0.0	24	0.5277777777777778
profile:22c870a95cb9e7f66fa7	hca:0365_10.3389_fendo.2022.874915_81de77d539	smooth muscle cell subcluster 5	smooth muscle cell subcluster 5	3	15	0.0	0	
profile:a12cc37f63ec12624e12	hca:0366_10.1038_s41467-021-22164-6_097f05776f	cd8 positive t cell cluster 0 1 3	CD8-positive T cell cluster 0-1 3	3	23	0.3333333333333333	0	
profile:7e1874d5ed3a974ed34a	hca:0366_10.1038_s41467-021-22164-6_097f05776f	cd8 positive t cell cluster 0 1 4	CD8-positive T cell cluster 0-1 4	4	23	0.75	0	
profile:89e4da2f730931a9de42	hca:0366_10.1038_s41467-021-22164-6_097f05776f	gamma delta t cell	gamma delta T cell	11	23	0.7272727272727273	2	0.09090909090909091
profile:42bdd72fbd9b92494b55	hca:0366_10.1038_s41467-021-22164-6_097f05776f	gamma delta t cell with type 17 polarization	gamma delta T cell with type 17 polarization	4	23	0.5	0	
profile:f7ef217911ddc9e904a7	hca:0366_10.1038_s41467-021-22164-6_097f05776f	lamina propria cd4 positive t cell cluster 7	lamina propria CD4-positive T cell cluster 7	6	23	0.8333333333333334	0	
profile:1bc7257f4124cbf1e98f	hca:0366_10.1038_s41467-021-22164-6_097f05776f	lamina propria effector cd8 positive t cell	lamina propria effector CD8-positive T cell	12	23	0.6666666666666666	0	
profile:3a7128b099c82b89398e	hca:0366_10.1038_s41467-021-22164-6_097f05776f	lamina propria naïve t cell	lamina propria naïve T cell	5	23	0.0	0	
profile:d42c0a0f87434a0ae332	hca:0366_10.1038_s41467-021-22164-6_097f05776f	lamina propria regulatory t cell	lamina propria regulatory T cell	10	23	0.6	0	
profile:b3945bc4a946cad5fc98	hca:0366_10.1038_s41467-021-22164-6_097f05776f	lamina propria t follicular helper cell	lamina propria T follicular helper cell	6	23	0.3333333333333333	0	
profile:dd44e9fca1571199b96a	hca:0366_10.1038_s41467-021-22164-6_097f05776f	lamina propria t helper 17 cell	lamina propria T helper 17 cell	7	23	0.2857142857142857	0	
profile:dd623dfc2e008cf6a946	hca:0366_10.1038_s41467-021-22164-6_097f05776f	naïve cd4 positive t cell	naïve CD4-positive T cell	5	23	0.0	1	0.4
profile:3eb8f588058672095be6	hca:0366_10.1038_s41467-021-22164-6_097f05776f	quiescent t helper 17 cell	quiescent T helper 17 cell	3	23	1.0	0	
profile:a0a5dc4e776987c420ec	hca:0366_10.1038_s41467-021-22164-6_097f05776f	regulatory t cell	regulatory T cell	6	23	0.3333333333333333	21	0.38095238095238093
profile:bd332c8bcd42ee7fa2f9	hca:0366_10.1038_s41467-021-22164-6_097f05776f	t follicular helper cell	T follicular helper cell	5	23	0.2	6	0.36666666666666664
profile:2c8acf0de074bbe8e815	hca:0366_10.1038_s41467-021-22164-6_097f05776f	t follicular helper cell cluster 5 8 1	T follicular helper cell cluster 5-8 1	3	23	0.6666666666666666	0	
profile:1ac4b412c7d5fe538f9b	hca:0366_10.1038_s41467-021-22164-6_097f05776f	t follicular helper cell cluster 5 8 4	T follicular helper cell cluster 5-8 4	5	23	0.8	0	
profile:e78f716ecfe92ed15212	hca:0366_10.1038_s41467-021-22164-6_097f05776f	t helper 17 cell	T helper 17 cell	7	23	0.0	5	0.2285714285714286
profile:8e5f75825495adba8013	hca:0366_10.1038_s41467-021-22164-6_097f05776f	tissue resident cd8 positive t cell cluster 0 1 1	tissue-resident CD8-positive T cell cluster 0-1 1	6	23	0.5	0	
profile:3ac66aa86395efb40d59	hca:0366_10.1038_s41467-021-22164-6_097f05776f	tissue resident cd8 positive t cell cluster 0 1 2	tissue-resident CD8-positive T cell cluster 0-1 2	5	23	0.6	0	
profile:0dbd3b5e2306941311a1	hca:0367_10.1073_pnas.2103240118_fda266512b	afferent efferent arterioles descending vasa recta endothelial cell	afferent/efferent arterioles/descending vasa recta endothelial cell	4	22	1.0	0	
profile:7067d05e1892f451c41f	hca:0367_10.1073_pnas.2103240118_fda266512b	chromophobe renal cell carcinoma tumor epithelial cell	chromophobe renal cell carcinoma tumor epithelial cell	3	22	0.6666666666666666	0	
profile:30a3b3d2b32a4df6b150	hca:0367_10.1073_pnas.2103240118_fda266512b	clear cell renal cell carcinoma ascending vasa recta 1 endothelial cell	clear cell renal cell carcinoma ascending vasa recta 1 endothelial cell	6	22	0.8333333333333334	0	
profile:8afde540911b0120ee23	hca:0367_10.1073_pnas.2103240118_fda266512b	clear cell renal cell carcinoma tumor epithelial cell	clear cell renal cell carcinoma tumor epithelial cell	6	22	1.0	0	
profile:1778c9876af7f24392dd	hca:0367_10.1073_pnas.2103240118_fda266512b	glomerular capillary endothelial cell	glomerular capillary endothelial cell	3	22	1.0	0	
profile:79c4ca3a8f87f0f386ba	hca:0367_10.1073_pnas.2103240118_fda266512b	intercalated principal cell	intercalated-principal cell	3	22	0.0	0	
profile:3317e1fac71abdfa1eeb	hca:0367_10.1073_pnas.2103240118_fda266512b	macrophage a	macrophage-A	5	22	1.0	0	
profile:2777ed75eaa84b76278e	hca:0367_10.1073_pnas.2103240118_fda266512b	proximal tubule b cell	proximal tubule B cell	5	22	0.4	0	
profile:0861bd02e866c067ccc9	hca:0367_10.1073_pnas.2103240118_fda266512b	proximal tubule c cell	proximal tubule C cell	5	22	0.4	0	
profile:5357845857e0c30507d6	hca:0368_10.1016_j.cell.2019.08.008_98c14c4ebe	activated conventional dendritic cell	activated conventional dendritic cell	5	21	0.8	0	
profile:eacfa4de1529adbca518	hca:0368_10.1016_j.cell.2019.08.008_98c14c4ebe	activated endothelial cell	activated endothelial cell	3	21	1.0	1	0.0
profile:40bdb51dcf4871590f61	hca:0368_10.1016_j.cell.2019.08.008_98c14c4ebe	activated fibroblast	activated fibroblast	4	21	1.0	2	0.0
profile:c186e0b547862423115b	hca:0368_10.1016_j.cell.2019.08.008_98c14c4ebe	blood endothelial cell	blood endothelial cell	3	21	0.6666666666666666	2	0.5
profile:3152d914688c6764991c	hca:0368_10.1016_j.cell.2019.08.008_98c14c4ebe	fibroblast	fibroblast	5	21	1.0	49	0.13061224489795917
profile:f2ecb3c644fe5c71ef46	hca:0368_10.1016_j.cell.2019.08.008_98c14c4ebe	group 3 innate lymphoid cell	group 3 innate lymphoid cell	8	21	1.0	2	0.3125
profile:a1ef8c273f0aa6fb212b	hca:0368_10.1016_j.cell.2019.08.008_98c14c4ebe	gut resident macrophage	gut-resident macrophage	3	21	0.6666666666666666	0	
profile:ee4d7072a35358410102	hca:0368_10.1016_j.cell.2019.08.008_98c14c4ebe	highly activated t cell	highly activated T cell	3	21	0.3333333333333333	0	
profile:028bf9c77fb9d6d1f148	hca:0368_10.1016_j.cell.2019.08.008_98c14c4ebe	inflammatory macrophage	inflammatory macrophage	7	21	0.8571428571428571	4	0.07142857142857142
profile:c18d65b6ee8f6d03da68	hca:0368_10.1016_j.cell.2019.08.008_98c14c4ebe	lymphatic endothelial cell	lymphatic endothelial cell	3	21	0.6666666666666666	17	0.3333333333333333
profile:dcae569934376ce430e6	hca:0368_10.1016_j.cell.2019.08.008_98c14c4ebe	macrophage	macrophage	8	21	0.875	42	0.0744047619047619
profile:783cfc12a8f8fe4b4325	hca:0368_10.1016_j.cell.2019.08.008_98c14c4ebe	monocyte derived dendritic cell	monocyte-derived dendritic cell	10	21	0.8	2	0.0
profile:aafb413dc38649f825cd	hca:0368_10.1016_j.cell.2019.08.008_98c14c4ebe	pericyte	pericyte	3	21	1.0	29	0.367816091954023
profile:d577b3487ec689054b90	hca:0368_10.1016_j.cell.2019.08.008_98c14c4ebe	plasma cell	plasma cell	12	21	0.9166666666666666	22	0.10984848484848485
profile:838ea58be26c6a03a8bc	hca:0368_10.1016_j.cell.2019.08.008_98c14c4ebe	regulatory t cell	regulatory T cell	7	21	0.5714285714285714	21	0.43537414965986393
profile:42b8e07b70996f81bff4	hca:0368_10.1016_j.cell.2019.08.008_98c14c4ebe	smooth muscle cell	smooth muscle cell	3	21	1.0	24	0.3888888888888889
profile:b5f9cee6a10bad488321	hca:0368_10.1016_j.cell.2019.08.008_98c14c4ebe	t follicular helper like cell	T follicular helper-like cell	6	21	0.6666666666666666	1	0.16666666666666666
profile:b078f30e4c8b19aac789	hca:0370_10.1038_s41698-022-00251-1_1483c4b104	endothelial cell	endothelial cell	3	20	1.0	51	0.0849673202614379
profile:d7df1449c801d11c024b	hca:0370_10.1038_s41698-022-00251-1_1483c4b104	enteroendocrine cell	enteroendocrine cell	3	20	1.0	8	0.3333333333333333
profile:3c697e52ee4dc3112e23	hca:0370_10.1038_s41698-022-00251-1_1483c4b104	fibroblast	fibroblast	5	20	0.6	49	0.08163265306122448
profile:bfbe663ed830c00ecd05	hca:0370_10.1038_s41698-022-00251-1_1483c4b104	goblet cell	goblet cell	3	20	1.0	13	0.2820512820512821
profile:d10928cba20b189e0c2e	hca:0370_10.1038_s41698-022-00251-1_1483c4b104	inflammatory cancer associated fibroblast	inflammatory cancer-associated fibroblast	10	20	1.0	4	0.15
profile:48658205b25a089386b5	hca:0370_10.1038_s41698-022-00251-1_1483c4b104	intermediate cancer associated fibroblast	intermediate cancer-associated fibroblast	4	20	0.5	0	
profile:77ea11126dcf85b7a246	hca:0370_10.1038_s41698-022-00251-1_1483c4b104	intestinal metaplasia cell	intestinal metaplasia cell	3	20	0.6666666666666666	0	
profile:cb28b0115890372388ab	hca:0370_10.1038_s41698-022-00251-1_1483c4b104	metaplastic stem cell	metaplastic stem cell	3	20	1.0	0	
profile:4a7fb9f1a6ed6efc6ad2	hca:0370_10.1038_s41698-022-00251-1_1483c4b104	myofibroblastic cancer associated fibroblast	myofibroblastic cancer-associated fibroblast	5	20	0.4	2	0.0
profile:fb9be18401de4a026676	hca:0370_10.1038_s41698-022-00251-1_1483c4b104	pit mucous cell	pit mucous cell	3	20	1.0	0	
profile:3cd6f792032054ab0267	hca:0370_10.1038_s41698-022-00251-1_1483c4b104	proliferative cell	proliferative cell	3	20	1.0	1	0.0
profile:8b4c05af5f936a506555	hca:0370_10.1038_s41698-022-00251-1_1483c4b104	tumor cell	tumor cell	4	20	0.75	2	0.125
profile:aa92e7ac689cfdb043a4	hca:0370_10.1038_s41698-022-00251-1_1483c4b104	tumor cell subcluster c1	tumor cell subcluster C1	3	20	0.0	0	
profile:bb506f7851204a04e82a	hca:0370_10.1038_s41698-022-00251-1_1483c4b104	tumor cell subcluster c2	tumor cell subcluster C2	3	20	0.0	0	
profile:721688d37faea75ee68e	hca:0372_10.1016_j.ccell.2021.10.009_d6ab4790aa	activated t cell	activated T cell	6	23	0.8333333333333334	2	0.08333333333333333
profile:627121200af5c069b95e	hca:0372_10.1016_j.ccell.2021.10.009_d6ab4790aa	alveolar macrophage	alveolar macrophage	3	23	1.0	6	0.2222222222222222
profile:c07fd72075b832a884cf	hca:0372_10.1016_j.ccell.2021.10.009_d6ab4790aa	azu1 positive macrophage	AZU1-positive macrophage	3	23	1.0	0	
profile:d94252c318daaa8a8ca9	hca:0372_10.1016_j.ccell.2021.10.009_d6ab4790aa	central memory or naive like t cell type i	central memory or naive-like T cell type I	4	23	1.0	0	
profile:190ae7f1de2fd2112aba	hca:0372_10.1016_j.ccell.2021.10.009_d6ab4790aa	conventional dendritic cell type 1	conventional dendritic cell type 1	3	23	0.6666666666666666	7	0.38095238095238093
profile:c014b1e01b4c6013be16	hca:0372_10.1016_j.ccell.2021.10.009_d6ab4790aa	dc3	DC3	5	23	1.0	1	0.0
profile:f2241273a11d725fd45c	hca:0372_10.1016_j.ccell.2021.10.009_d6ab4790aa	interstitial macrophage	interstitial macrophage	4	23	0.75	2	0.125
profile:412051fcb9196b1f0305	hca:0372_10.1016_j.ccell.2021.10.009_d6ab4790aa	mature dendritic cell enriched in regulatory molecules	mature dendritic cell enriched in regulatory molecules	7	23	1.0	0	
profile:27a8bc80965574a4e9ac	hca:0372_10.1016_j.ccell.2021.10.009_d6ab4790aa	monocyte derived macrophage	monocyte-derived macrophage	4	23	0.75	6	0.041666666666666664
profile:104f8176cb80f7228203	hca:0372_10.1016_j.ccell.2021.10.009_d6ab4790aa	monocyte derived macrophage type ii	monocyte-derived macrophage type II	8	23	0.875	0	
profile:65cef7f70a2d030901d2	hca:0372_10.1016_j.ccell.2021.10.009_d6ab4790aa	monocyte derived macrophage type iii	monocyte-derived macrophage type III	4	23	1.0	0	
profile:388dd90ce7a804f9ca79	hca:0372_10.1016_j.ccell.2021.10.009_d6ab4790aa	natural killer cell	natural killer cell	5	23	0.8	33	0.1878787878787879
profile:f43d3fccc140e35d0b72	hca:0373_10.1038_s41592-018-0253-2_ae3c4efc48	nephron progenitor cell	nephron progenitor cell	5	3	0.8	8	0.2
profile:5a79fe39e19df4a1064d	hca:0373_10.1038_s41592-018-0253-2_ae3c4efc48	podocyte	podocyte	9	3	0.8888888888888888	9	0.23456790123456792
profile:d8e9834ea037c226d58e	hca:0374_10.1136_annrheumdis-2018-214865_9f6cd4034f	fabp4 high macrophage	FABP4-high macrophage	3	9	1.0	0	
profile:18e0dbfca6a831ca65d7	hca:0374_10.1136_annrheumdis-2018-214865_9f6cd4034f	fcn1 high monocyte	FCN1-high monocyte	3	9	1.0	0	
profile:bebea429b6e8f9db3220	hca:0374_10.1136_annrheumdis-2018-214865_9f6cd4034f	fibroblast	fibroblast	3	9	1.0	49	0.18367346938775508
profile:658182dac6fe02bbbf86	hca:0374_10.1136_annrheumdis-2018-214865_9f6cd4034f	mfap5 high fibroblast	MFAP5-high fibroblast	12	9	0.9166666666666666	0	
profile:213b9b3dfe7efa25c15a	hca:0374_10.1136_annrheumdis-2018-214865_9f6cd4034f	myofibroblast	myofibroblast	6	9	0.8333333333333334	16	0.041666666666666664
profile:b4487ff617d59eb95d24	hca:0374_10.1136_annrheumdis-2018-214865_9f6cd4034f	pericyte	pericyte	9	9	1.0	29	0.17624521072796936
profile:264e39612be6f5b62439	hca:0374_10.1136_annrheumdis-2018-214865_9f6cd4034f	smooth muscle cell	smooth muscle cell	4	9	1.0	24	0.4166666666666667
profile:5717a0d4954ea87d8180	hca:0374_10.1136_annrheumdis-2018-214865_9f6cd4034f	spint2 high fibroblast	SPINT2-high fibroblast	8	9	1.0	0	
profile:4f1b6e5a6fb08173e1e2	hca:0374_10.1136_annrheumdis-2018-214865_9f6cd4034f	spp1 high macrophage	SPP1-high macrophage	3	9	1.0	1	0.6666666666666666
profile:237efa7b88a9b61a086c	hca:0375_10.1016_j.jaci.2021.07.025_bdc966c89b	b cell lineage cell	B-cell lineage cell	4	15	1.0	0	
profile:243720df1287738b7163	hca:0375_10.1016_j.jaci.2021.07.025_bdc966c89b	endothelial cell	endothelial cell	3	15	1.0	51	0.19607843137254902
profile:968034f15385dbd1833c	hca:0375_10.1016_j.jaci.2021.07.025_bdc966c89b	fibroblast	fibroblast	3	15	1.0	49	0.13605442176870747
profile:7682bfcfbd1cef49701d	hca:0375_10.1016_j.jaci.2021.07.025_bdc966c89b	group 2 innate lymphoid cell	group 2 innate lymphoid cell	6	15	1.0	1	0.5
profile:0258e38c7da5bd786a8d	hca:0375_10.1016_j.jaci.2021.07.025_bdc966c89b	group 3 innate lymphoid cell	group 3 innate lymphoid cell	5	15	0.8	2	0.5
profile:4c9bea5f803e2fe17a03	hca:0375_10.1016_j.jaci.2021.07.025_bdc966c89b	innate lymphoid cell	innate lymphoid cell	3	15	1.0	2	0.0
profile:17d4f3045afb76004d8e	hca:0375_10.1016_j.jaci.2021.07.025_bdc966c89b	innate lymphoid cell precursor	innate lymphoid cell precursor	4	15	0.75	1	0.25
profile:b73f1ea6272886988ab2	hca:0375_10.1016_j.jaci.2021.07.025_bdc966c89b	keratinocyte	keratinocyte	3	15	1.0	2	0.16666666666666666
profile:fd0a81f7ffea318d92b0	hca:0375_10.1016_j.jaci.2021.07.025_bdc966c89b	melanocyte	melanocyte	3	15	0.6666666666666666	9	0.40740740740740744
profile:ae99a226f8c3d26f4815	hca:0375_10.1016_j.jaci.2021.07.025_bdc966c89b	natural killer cell	natural killer cell	4	15	1.0	33	0.2196969696969697
profile:c222ff2d6ed90a81b946	hca:0375_10.1016_j.jaci.2021.07.025_bdc966c89b	phagocyte	phagocyte	3	15	1.0	0	
profile:54cfed379b5cf5d71ce9	hca:0376_10.1038_s41590-017-0001-2_5fb0775c07	granulocyte macrophage progenitor	granulocyte-macrophage progenitor	9	5	1.0	0	
profile:a25cd1c366dc457d1750	hca:0376_10.1038_s41590-017-0001-2_5fb0775c07	hematopoietic stem cell	hematopoietic stem cell	3	5	1.0	5	0.26666666666666666
profile:0adc1d4d1e5f2d97e954	hca:0376_10.1038_s41590-017-0001-2_5fb0775c07	lymphoid primed multipotent progenitor	lymphoid-primed multipotent progenitor	15	5	0.5333333333333333	1	0.0
profile:bd6c00cf4554403a8a3a	hca:0376_10.1038_s41590-017-0001-2_5fb0775c07	lymphoid progenitor cell	lymphoid progenitor cell	3	5	0.0	0	
profile:3629e2fa64dc22162a51	hca:0376_10.1038_s41590-017-0001-2_5fb0775c07	multi lymphoid progenitor	multi-lymphoid progenitor	17	5	0.4117647058823529	0	
profile:d7bec7c34f0d852c0afc	hca:0377_10.7554_elife.64875_32e53ae733	koniocellular neuron	koniocellular neuron	3	6	1.0	0	
profile:b8b373a59dc8a625f583	hca:0377_10.7554_elife.64875_32e53ae733	magnocellular neuron	magnocellular neuron	3	6	1.0	0	
profile:6770874bdf142224405b	hca:0378_10.1101_2022.06.17.496207_92cb140ff3	basal epithelial cell	basal epithelial cell	3	33	0.6666666666666666	3	0.1111111111111111
profile:2021156d1a93467da992	hca:0378_10.1101_2022.06.17.496207_92cb140ff3	cd4 t ifn cell	CD4 T-IFN cell	3	33	1.0	0	
profile:afeb1117998de262841d	hca:0378_10.1101_2022.06.17.496207_92cb140ff3	cd4 t nfκb cell	CD4 T-NFκB cell	3	33	1.0	0	
profile:1181f89b68a28fd1d3b4	hca:0378_10.1101_2022.06.17.496207_92cb140ff3	cd8 gzmk t cell	CD8-GZMK T cell	5	33	0.0	0	
profile:59010d06dba5fe23f9e3	hca:0378_10.1101_2022.06.17.496207_92cb140ff3	cd8 tissue resident memory t cell	CD8 tissue-resident memory T cell	4	33	0.0	0	
profile:5deea7c48cb45f42c695	hca:0378_10.1101_2022.06.17.496207_92cb140ff3	goblet club cell	goblet/club cell	5	33	1.0	0	
profile:deb653507f7a8cb0d56d	hca:0378_10.1101_2022.06.17.496207_92cb140ff3	macro ccl macrophage	macro-CCL macrophage	7	33	1.0	2	0.42857142857142855
profile:995445de7eea6c88a066	hca:0378_10.1101_2022.06.17.496207_92cb140ff3	macrophage	macrophage	3	33	1.0	42	0.015873015873015872
profile:3e3b3b178efea9a40d6d	hca:0378_10.1101_2022.06.17.496207_92cb140ff3	plasma b cell	plasma B cell	3	33	1.0	2	0.16666666666666666
profile:58a4a6d07e28a88a2dc3	hca:0379_10.1038_s41698-022-00300-9_7bb9a273c6	exhausted cd8 positive t cell	exhausted CD8-positive T cell	8	14	0.375	4	0.25
profile:c34c7d30a45eb8cb7aef	hca:0379_10.1038_s41698-022-00300-9_7bb9a273c6	exhausted cd8 positive t cell subtype tex01	exhausted CD8-positive T cell subtype Tex01	4	14	0.0	0	
profile:6d44b6c10c469ba8ce9d	hca:0379_10.1038_s41698-022-00300-9_7bb9a273c6	exhausted cd8 positive t cell subtype tex03	exhausted CD8-positive T cell subtype Tex03	4	14	0.0	0	
profile:d7011916c62fef164805	hca:0379_10.1038_s41698-022-00300-9_7bb9a273c6	memory cd8 positive t cell	memory CD8-positive T cell	3	14	0.3333333333333333	1	0.0
profile:23d4af9441cf069069ef	hca:0379_10.1038_s41698-022-00300-9_7bb9a273c6	naïve cd4 positive t cell	naïve CD4-positive T cell	3	14	0.6666666666666666	1	0.6666666666666666
profile:fc7e8c316517055d6c49	hca:0379_10.1038_s41698-022-00300-9_7bb9a273c6	regulatory t cell	regulatory T cell	4	14	0.25	21	0.3333333333333333
profile:ce796fd9470c17895fde	hca:0382_10.1371_journal.pbio.3002124_f92c982127	inflammatory macrophages group a	inflammatory macrophages group A	3	5	1.0	0	
profile:539681b6031ad233a925	hca:0382_10.1371_journal.pbio.3002124_f92c982127	regulatory t cell	regulatory T cell	8	5	1.0	21	0.2738095238095238
profile:b5c97d7fdc6f6c7d9161	hca:0383_10.1126_sciadv.aaw3851_fd6802ffee	alveolar type i cell	alveolar type I cell	4	6	1.0	1	0.25
profile:9f8cc98d76daef9784c5	hca:0383_10.1126_sciadv.aaw3851_fd6802ffee	alveolar type ii cell	alveolar type II cell	6	6	1.0	0	
profile:1f381852a69cc6c466d4	hca:0383_10.1126_sciadv.aaw3851_fd6802ffee	capillary endothelial cell	capillary endothelial cell	3	6	1.0	3	0.0
profile:941464b525df2ab7bec7	hca:0383_10.1126_sciadv.aaw3851_fd6802ffee	col13a1 positive fibroblast	Col13a1-positive fibroblast	3	6	1.0	0	
profile:273d93e2f8d972ff6d49	hca:0384_10.1038_s41422-021-00529-2_d6c8237ebe	group 1 innate lymphoid cell	Group 1 innate lymphoid cell	3	23	0.3333333333333333	0	
profile:5909a382b6c26d971e52	hca:0384_10.1038_s41422-021-00529-2_d6c8237ebe	group 1 innate lymphoid cell subpopulation	Group 1 innate lymphoid cell subpopulation	4	23	0.25	0	
profile:24f956a6855714f0937a	hca:0384_10.1038_s41422-021-00529-2_d6c8237ebe	group 2 innate lymphoid cell	Group 2 innate lymphoid cell	3	23	0.3333333333333333	1	1.0
profile:748c71f0988b6760d50d	hca:0384_10.1038_s41422-021-00529-2_d6c8237ebe	group 3 innate lymphoid cell	Group 3 innate lymphoid cell	3	23	0.3333333333333333	2	0.6666666666666666
profile:83fa30c2589483df108e	hca:0384_10.1038_s41422-021-00529-2_d6c8237ebe	hematopoietic stem progenitor cell	hematopoietic stem/progenitor cell	3	23	0.6666666666666666	1	0.3333333333333333
profile:89866a69d34631803e54	hca:0384_10.1038_s41422-021-00529-2_d6c8237ebe	ilc1_c	ILC1_c	3	23	1.0	0	
profile:df2d82c1c9a3b1514357	hca:0384_10.1038_s41422-021-00529-2_d6c8237ebe	ilc1_d	ILC1_d	3	23	0.6666666666666666	0	
profile:beac902f27c324d97a7b	hca:0384_10.1038_s41422-021-00529-2_d6c8237ebe	ilc3_a	ILC3_a	4	23	1.0	0	
profile:aba7461900898e6aa29c	hca:0384_10.1038_s41422-021-00529-2_d6c8237ebe	ilc3_b	ILC3_b	4	23	0.5	0	
profile:2afdb5aa307f4e1f8656	hca:0384_10.1038_s41422-021-00529-2_d6c8237ebe	ilc3_e	ILC3_e	4	23	0.75	0	
profile:6aec2caad4a86a43f588	hca:0384_10.1038_s41422-021-00529-2_d6c8237ebe	innate lymphoid cell progenitor	innate lymphoid cell progenitor	4	23	0.5	0	
profile:5ff406814c2fdb9f73ad	hca:0384_10.1038_s41422-021-00529-2_d6c8237ebe	lymphoid progenitor 1	lymphoid progenitor 1	3	23	0.0	0	
profile:75939866da2725752852	hca:0384_10.1038_s41422-021-00529-2_d6c8237ebe	lymphoid progenitor 2	lymphoid progenitor 2	3	23	0.0	0	
profile:fccc673d0fdd5f828be2	hca:0384_10.1038_s41422-021-00529-2_d6c8237ebe	pre pro b cell	pre pro-B cell	4	23	0.5	1	0.0
profile:5ef02b0b28162fa51e02	hca:0384_10.1038_s41422-021-00529-2_d6c8237ebe	precursor of plasmacytoid dendritic cell	precursor of plasmacytoid dendritic cell	3	23	0.6666666666666666	0	
profile:fc14962d8202b8b3a92c	hca:0384_10.1038_s41422-021-00529-2_d6c8237ebe	ptgs2_ilc2	PTGS2_ILC2	4	23	0.75	0	
profile:5884ae4156be34320541	hca:0385_10.1038_s41586-022-04521-7_37f1f319e2	arteriole endothelial cell	arteriole endothelial cell	4	23	0.75	1	0.25
profile:74c34ffece390ad08d33	hca:0385_10.1038_s41586-022-04521-7_37f1f319e2	capillary endothelial cell	capillary endothelial cell	3	23	1.0	3	0.0
profile:12a7f9d383c6e7252ca2	hca:0385_10.1038_s41586-022-04521-7_37f1f319e2	excitatory neuron	excitatory neuron	3	23	0.6666666666666666	8	0.25
profile:79d1d5c7bdfff51dd20c	hca:0385_10.1038_s41586-022-04521-7_37f1f319e2	microglia	microglia	3	23	0.3333333333333333	16	0.10416666666666667
profile:a2aee89b22937f0a1e97	hca:0385_10.1038_s41586-022-04521-7_37f1f319e2	oligodendrocyte	oligodendrocyte	3	23	1.0	16	0.5
profile:077f69c2c27d133a4b7e	hca:0385_10.1038_s41586-022-04521-7_37f1f319e2	oligodendrocyte precursor cell	oligodendrocyte precursor cell	3	23	1.0	7	0.5238095238095238
profile:ee46e1567687bbf1348f	hca:0385_10.1038_s41586-022-04521-7_37f1f319e2	pericyte	pericyte	3	23	1.0	29	0.13793103448275862
profile:5a2715ee107a565417cc	hca:0385_10.1038_s41586-022-04521-7_37f1f319e2	type ii perivascular fibroblast	Type II perivascular fibroblast	3	23	0.6666666666666666	0	
profile:f7a6549a1dbc1c5450d8	hca:0385_10.1038_s41586-022-04521-7_37f1f319e2	vasculature coupled microglia	vasculature-coupled microglia	6	23	0.8333333333333334	0	
profile:bea5f95e489e4801964a	hca:0385_10.1038_s41586-022-04521-7_37f1f319e2	venous smooth muscle cell	venous smooth muscle cell	5	23	0.8	0	
profile:cfc89ac26eacd8d9317d	hca:0385_10.1038_s41586-022-04521-7_37f1f319e2	venule endothelial cell	venule endothelial cell	3	23	1.0	0	
profile:87ae27118b4379b84985	hca:0387_10.1038_s41593-022-01061-1_5c1bbb5824	dopamine neuron	dopamine neuron	4	8	1.0	0	
profile:62a500b6de6c9a3f0a90	hca:0389_10.1038_s41591-024-02807-z_9d82b71a18	alveolar type 1 cell	alveolar type 1 cell	4	27	1.0	4	0.3125
profile:65f3aee634a28897fa83	hca:0389_10.1038_s41591-024-02807-z_9d82b71a18	alveolar type 2 cell	alveolar type 2 cell	7	27	1.0	7	0.18367346938775508
profile:fbbb0523cebae0a31336	hca:0389_10.1038_s41591-024-02807-z_9d82b71a18	cap mesenchyme cell	cap mesenchyme cell	3	27	0.6666666666666666	0	
profile:e27f838ca573f996556d	hca:0389_10.1038_s41591-024-02807-z_9d82b71a18	distal tubule cell	distal tubule cell	3	27	0.6666666666666666	0	
profile:64d07ba481e69e8c9a78	hca:0389_10.1038_s41591-024-02807-z_9d82b71a18	enterocyte	enterocyte	6	27	1.0	7	0.047619047619047616
profile:1d643d211fdc23610cf4	hca:0389_10.1038_s41591-024-02807-z_9d82b71a18	epithelial cell	epithelial cell	6	27	1.0	13	0.12820512820512822
profile:cf31d602d107b214e3cc	hca:0389_10.1038_s41591-024-02807-z_9d82b71a18	gastrointestinal progenitor cell	gastrointestinal progenitor cell	8	27	0.375	0	
profile:d022769f91511e9e54da	hca:0389_10.1038_s41591-024-02807-z_9d82b71a18	intestinal stem progenitor cell	intestinal stem/progenitor cell	4	27	0.0	0	
profile:0a969ad018aa6659f490	hca:0389_10.1038_s41591-024-02807-z_9d82b71a18	kidney progenitor cell	kidney progenitor cell	10	27	0.2	0	
profile:7379ff477f70c36ce761	hca:0389_10.1038_s41591-024-02807-z_9d82b71a18	lung progenitor cell	lung progenitor cell	6	27	0.5	0	
profile:72cd785cbede6dbcb220	hca:0389_10.1038_s41591-024-02807-z_9d82b71a18	lung stem progenitor cell	lung stem/progenitor cell	6	27	0.5	0	
profile:863e5fe4e8dad0f30698	hca:0389_10.1038_s41591-024-02807-z_9d82b71a18	mature basal cell	mature basal cell	3	27	1.0	0	
profile:760673be8855d0edf121	hca:0389_10.1038_s41591-024-02807-z_9d82b71a18	nephron progenitor cell	nephron progenitor cell	4	27	0.0	8	0.125
profile:f777d80074012ce7618c	hca:0389_10.1038_s41591-024-02807-z_9d82b71a18	podocyte	podocyte	5	27	0.8	9	0.5111111111111111
profile:4e361dc7a79f83351d5e	hca:0389_10.1038_s41591-024-02807-z_9d82b71a18	proximal tubule cell	proximal tubule cell	4	27	1.0	3	0.16666666666666666
profile:0661071796ae0876fc43	hca:0390_10.1038_s41591-020-0901-9_be86edb292	expanded znf683 positive cd8 positive t cell	expanded ZNF683-positive CD8-positive T cell	3	13	1.0	0	
profile:695bd6697bc85b7b5a03	hca:0390_10.1038_s41591-020-0901-9_be86edb292	group 1 macrophage	group 1 macrophage	3	13	1.0	0	
profile:943044c9d6cc8bc82c48	hca:0390_10.1038_s41591-020-0901-9_be86edb292	group 2 macrophage	group 2 macrophage	3	13	1.0	0	
profile:f75f714aac60223c1d08	hca:0390_10.1038_s41591-020-0901-9_be86edb292	group 3 macrophage	group 3 macrophage	6	13	1.0	0	
profile:0ad51a7773190debd58f	hca:0390_10.1038_s41591-020-0901-9_be86edb292	group 4 alveolar macrophage	group 4 alveolar macrophage	3	13	1.0	0	
profile:79fe7138f7bb9e9a4bbe	hca:0392_10.1038_s41591-020-01227-z_dba0e013f5	alveolar type 1 cell	alveolar type 1 cell	3	14	0.6666666666666666	4	0.3333333333333333
profile:e1f2d5e2dce9ef47b35f	hca:0392_10.1038_s41591-020-01227-z_dba0e013f5	alveolar type 2 cell	alveolar type 2 cell	6	14	0.5	7	0.2857142857142857
profile:82dc888ae750b6e0d409	hca:0392_10.1038_s41591-020-01227-z_dba0e013f5	mucous cell	mucous cell	3	14	0.3333333333333333	0	
profile:237fd648cf40bb2efe49	hca:0392_10.1038_s41591-020-01227-z_dba0e013f5	multiciliated cell	multiciliated cell	3	14	0.0	2	0.0
profile:341889bc517a49c5b804	hca:0392_10.1038_s41591-020-01227-z_dba0e013f5	nasal goblet cell	nasal goblet cell	5	14	1.0	0	
profile:29bf88ee90053f7b737c	hca:0392_10.1038_s41591-020-01227-z_dba0e013f5	oligodendrocyte	oligodendrocyte	3	14	1.0	16	0.3958333333333333
profile:71d6a3d6906d0479bd40	hca:0392_10.1038_s41591-020-01227-z_dba0e013f5	secretory cell	secretory cell	3	14	0.0	3	0.0
profile:6331ec513d52dc286a1e	hca:0393_10.1038_s42255-022-00531-x_b92878970e	ductal cell	ductal cell	5	14	1.0	6	0.16666666666666669
profile:49ff7f6830d86314d245	hca:0393_10.1038_s42255-022-00531-x_b92878970e	macrophage	macrophage	3	14	1.0	42	0.17460317460317462
profile:5ee6f454301a8cd043ab	hca:0394_10.1038_s41591-021-01329-2_7dcc6ae73c	b cell	B cell	3	22	1.0	30	0.25555555555555554
profile:1257410745437baa238b	hca:0394_10.1038_s41591-021-01329-2_7dcc6ae73c	natural killer t cell	natural killer T cell	3	22	0.6666666666666666	5	0.20000000000000004
profile:8797454059aaa3d1e582	hca:0394_10.1038_s41591-021-01329-2_7dcc6ae73c	type 1 helper t cell	type 1 helper T cell	3	22	1.0	0	
profile:2f0a79d6031c0ea45285	hca:0394_10.1038_s41591-021-01329-2_7dcc6ae73c	type 17 helper t cell	type 17 helper T cell	4	22	1.0	0	
profile:3a9d8b3dff5e0db53486	hca:0394_10.1038_s41591-021-01329-2_7dcc6ae73c	type 2 helper t cell	type 2 helper T cell	3	22	1.0	1	0.0
profile:6db33b32f9c0beeb9beb	hca:0396_10.7554_elife.62522_10df7c4591	alveolar type 1 cell	alveolar type 1 cell	4	8	0.0	4	0.0625
profile:3707efb3202db5233a7d	hca:0396_10.7554_elife.62522_10df7c4591	alveolar type 2 cell	alveolar type 2 cell	6	8	0.16666666666666666	7	0.16666666666666666
profile:55fa1ca0866799827551	hca:0396_10.7554_elife.62522_10df7c4591	m1 macrophage	M1 macrophage	3	8	0.0	1	0.0
profile:0823c61461b75eef16c1	hca:0396_10.7554_elife.62522_10df7c4591	matrix fibroblast 1	matrix fibroblast 1	3	8	0.0	0	
profile:3d11635b34ce567e4839	hca:0396_10.7554_elife.62522_10df7c4591	matrix fibroblast 2	matrix fibroblast 2	3	8	0.0	0	
profile:c8ef108588e80bb496b5	hca:0397_10.1186_s13059-023-03111-8_05defe1911	müller glia cell	Müller glia cell	5	3	1.0	1	0.4
profile:218ea3bed3c5cf8eecec	hca:0397_10.1186_s13059-023-03111-8_05defe1911	photoreceptor cell	photoreceptor cell	3	3	1.0	0	
profile:dfa7d4fafc38c707b46b	hca:0398_10.3389_fimmu.2022.1034159_e51dfc8bb5	classical monocyte	classical monocyte	4	5	0.25	9	0.25
profile:60627ff689649c615fd1	hca:0398_10.3389_fimmu.2022.1034159_e51dfc8bb5	monocyte	monocyte	5	5	0.6	35	0.14285714285714285
profile:adcca328f68eb9e6c074	hca:0398_10.3389_fimmu.2022.1034159_e51dfc8bb5	non classical monocyte	non-classical monocyte	3	5	1.0	2	0.0
profile:aabeb4ea94ff216a17e2	hca:0398_10.3389_fimmu.2022.1034159_e51dfc8bb5	t cell	T cell	7	5	1.0	36	0.023809523809523808
profile:ed2ba1ffd6208379fb3a	hca:0399_10.1016_j.immuni.2019.08.008_d590b8282e	conventional dendritic cell type 2	conventional dendritic cell type 2	3	2	0.3333333333333333	5	0.0
profile:ec76d7004ee8d50b3b75	hca:0400_10.1038_s41467-022-35297-z_0eab5d0ba9	endothelial cell cluster endo2	endothelial cell cluster Endo2	4	27	1.0	0	
profile:fdd4b5ff761478aa30cc	hca:0400_10.1038_s41467-022-35297-z_0eab5d0ba9	kidney resident lymphocyte	kidney-resident lymphocyte	6	27	0.5	0	
profile:8ca36295b39be25bf4b5	hca:0400_10.1038_s41467-022-35297-z_0eab5d0ba9	mononuclear phagocyte cluster mp1	mononuclear phagocyte cluster MP1	9	27	0.5555555555555556	0	
profile:6692d2e32d1d254178a4	hca:0400_10.1038_s41467-022-35297-z_0eab5d0ba9	mononuclear phagocyte cluster mp2	mononuclear phagocyte cluster MP2	5	27	0.2	0	
profile:438f8a1e6ed017877f89	hca:0400_10.1038_s41467-022-35297-z_0eab5d0ba9	mononuclear phagocyte cluster mp3	mononuclear phagocyte cluster MP3	6	27	1.0	0	
profile:9081c27c4874d747fff6	hca:0400_10.1038_s41467-022-35297-z_0eab5d0ba9	mononuclear phagocyte cluster mp4	mononuclear phagocyte cluster MP4	5	27	0.4	0	
profile:950e0bd5ea90d4fbc554	hca:0400_10.1038_s41467-022-35297-z_0eab5d0ba9	mononuclear phagocyte cluster mp5	mononuclear phagocyte cluster MP5	4	27	1.0	0	
profile:3e367aa298bc26093c0e	hca:0400_10.1038_s41467-022-35297-z_0eab5d0ba9	myeloid cell state cs2	myeloid cell state CS2	5	27	0.2	0	
profile:8d824fb233ed521c351b	hca:0400_10.1038_s41467-022-35297-z_0eab5d0ba9	peritubular capillary endothelial cell endo1	peritubular capillary endothelial cell Endo1	4	27	0.25	0	
profile:94c18b148a7f2fadd20e	hca:0400_10.1038_s41467-022-35297-z_0eab5d0ba9	peritubular capillary endothelial cell endo3	peritubular capillary endothelial cell Endo3	7	27	0.5714285714285714	0	
profile:5ea9ad2402c4d4257568	hca:0400_10.1038_s41467-022-35297-z_0eab5d0ba9	proximal tubular cell cluster pt1	proximal tubular cell cluster PT1	6	27	0.0	0	
profile:7d1593fc307c865b287f	hca:0400_10.1038_s41467-022-35297-z_0eab5d0ba9	proximal tubular cell cluster pt2	proximal tubular cell cluster PT2	4	27	1.0	0	
profile:eea1707a7c9a7198aef4	hca:0400_10.1038_s41467-022-35297-z_0eab5d0ba9	proximal tubular cell cluster pt4	proximal tubular cell cluster PT4	6	27	0.0	0	
profile:1261fd26f61694b0d5b6	hca:0400_10.1038_s41467-022-35297-z_0eab5d0ba9	proximal tubular cell cluster pt5	proximal tubular cell cluster PT5	5	27	1.0	0	
profile:563fa26839b7f3faebb9	hca:0400_10.1038_s41467-022-35297-z_0eab5d0ba9	proximal tubular cell cluster pt6	proximal tubular cell cluster PT6	6	27	0.0	0	
profile:ff39db7e24bd027207e3	hca:0400_10.1038_s41467-022-35297-z_0eab5d0ba9	t cell cluster t1	T cell cluster T1	3	27	1.0	0	
profile:03fba72ab97d8b44a027	hca:0400_10.1038_s41467-022-35297-z_0eab5d0ba9	t cell cluster t2	T cell cluster T2	7	27	0.8571428571428571	0	
profile:06f8bdec7114cb76bcad	hca:0401_10.21203_rs.3.rs-151881_v1_d8e8733600	astrocyte	astrocyte	3	9	1.0	14	0.19047619047619047
profile:422ed2c88c38c48b71a1	hca:0401_10.21203_rs.3.rs-151881_v1_d8e8733600	late oligodendrocyte progenitor cell	late oligodendrocyte progenitor cell	4	9	0.0	0	
profile:6c4697d6876a0ae45ecb	hca:0401_10.21203_rs.3.rs-151881_v1_d8e8733600	neuronal cell	neuronal cell	5	9	0.8	4	0.15
profile:e7f916d1d65d062a9f4b	hca:0401_10.21203_rs.3.rs-151881_v1_d8e8733600	oligodendrocyte	oligodendrocyte	3	9	0.6666666666666666	16	0.041666666666666664
profile:82de5b2a046d5f2af8c0	hca:0401_10.21203_rs.3.rs-151881_v1_d8e8733600	oligodendrocyte progenitor cell	oligodendrocyte progenitor cell	5	9	0.4	2	0.0
profile:87c25ae8cfea257fc284	hca:0401_10.21203_rs.3.rs-151881_v1_d8e8733600	progenitor cell	progenitor cell	4	9	0.5	2	0.0
profile:35b71b3e936416ed5037	hca:0402_10.1016_j.cell.2021.04.038_26e3dc6d2f	epithelial cell	epithelial cell	4	8	1.0	13	0.07692307692307693
profile:362af85e8d540b5ce269	hca:0402_10.1016_j.cell.2021.04.038_26e3dc6d2f	exhausted cd8 t cell	exhausted CD8 T cell	4	8	0.75	3	0.5
profile:e71073f44b6ba5259261	hca:0402_10.1016_j.cell.2021.04.038_26e3dc6d2f	renal epithelial cell	renal epithelial cell	3	8	1.0	0	
profile:6c849b3f7431d41e23d2	hca:0402_10.1016_j.cell.2021.04.038_26e3dc6d2f	tumor specific macrophage	tumor-specific macrophage	3	8	0.3333333333333333	0	
profile:07ebb3683933eb8df6e7	hca:0403_10.1038_s41467-019-11036-9_eff650140f	atretic theca cell	atretic theca cell	3	14	1.0	0	
profile:3cf5213bef1d0db17f5e	hca:0403_10.1038_s41467-019-11036-9_eff650140f	cumulus granulosa cell	cumulus granulosa cell	6	14	1.0	0	
profile:030a2a6f45f0f9f8afb9	hca:0403_10.1038_s41467-019-11036-9_eff650140f	endothelial cell	endothelial cell	7	14	1.0	51	0.18487394957983194
profile:7b2a337b8428dce8199e	hca:0403_10.1038_s41467-019-11036-9_eff650140f	granulosa cell	granulosa cell	4	14	1.0	1	0.75
profile:35a53f67a969c880aef9	hca:0403_10.1038_s41467-019-11036-9_eff650140f	innate immune cell	innate immune cell	3	14	1.0	0	
profile:4ce3697098609f078d81	hca:0403_10.1038_s41467-019-11036-9_eff650140f	mature smooth muscle cell	mature smooth muscle cell	4	14	1.0	0	
profile:a17db453f46c8a13dc8b	hca:0403_10.1038_s41467-019-11036-9_eff650140f	mural granulosa cell	mural granulosa cell	5	14	0.6	0	
profile:6e45e39ec95da006bf11	hca:0403_10.1038_s41467-019-11036-9_eff650140f	progenitor granulosa cell	progenitor granulosa cell	4	14	0.5	0	
profile:162b15952be8e5610d6d	hca:0403_10.1038_s41467-019-11036-9_eff650140f	stromal cell	stromal cell	5	14	0.4	10	0.0
profile:fc509e3c4dced9582891	hca:0403_10.1038_s41467-019-11036-9_eff650140f	t lymphocyte and natural killer cell	T lymphocyte and natural killer cell	4	14	1.0	0	
profile:823d33b825262a706cda	hca:0403_10.1038_s41467-019-11036-9_eff650140f	theca cell	theca cell	8	14	0.625	1	0.0
profile:7128d960f686eb5d8059	hca:0404_10.1038_s41586-022-04918-4_6a15fd8ba2	developing granulosa cell	developing granulosa cell	3	15	1.0	0	
profile:dcb9478171b8f6ffc2f9	hca:0404_10.1038_s41586-022-04918-4_6a15fd8ba2	early somatic cell	early somatic cell	3	15	0.6666666666666666	0	
profile:3c575b4d747d7a23ff2a	hca:0404_10.1038_s41586-022-04918-4_6a15fd8ba2	early supporting gonadal cell	early supporting gonadal cell	7	15	0.8571428571428571	0	
profile:165188467c0d8b9e25bb	hca:0404_10.1038_s41586-022-04918-4_6a15fd8ba2	ovarian surface epithelium	ovarian surface epithelium	3	15	0.3333333333333333	0	
profile:b17487fecdf95e653790	hca:0404_10.1038_s41586-022-04918-4_6a15fd8ba2	pregranulosa cell type iia	pregranulosa cell type IIa	5	15	0.6	0	
profile:5703b181e621c303fd50	hca:0404_10.1038_s41586-022-04918-4_6a15fd8ba2	pregranulosa cell type iib	pregranulosa cell type IIb	6	15	0.8333333333333334	0	
profile:e63ef3fafd8da13f5eea	hca:0404_10.1038_s41586-022-04918-4_6a15fd8ba2	siglec15 positive fetal testicular macrophage	SIGLEC15-positive fetal testicular macrophage	8	15	0.875	0	
profile:b80cf86c8da77e4c9a1b	hca:0404_10.1038_s41586-022-04918-4_6a15fd8ba2	supporting pax8 positive cell	supporting PAX8-positive cell	5	15	0.6	0	
profile:1e7f20c5e1779d875ca4	hca:0404_10.1038_s41586-022-04918-4_6a15fd8ba2	trem2 positive fetal testicular macrophage	TREM2-positive fetal testicular macrophage	12	15	1.0	0	
profile:96ad8c0c33aa219b077b	hca:0405_10.1016_j.ccell.2021.03.007_50f32173d6	cd4 positive effector t cell	CD4-positive effector T cell	3	11	1.0	0	
profile:88cf5393a8c39eedeceb	hca:0405_10.1016_j.ccell.2021.03.007_50f32173d6	cd4 positive naïve t cell	CD4-positive naïve T cell	3	11	1.0	0	
profile:8659d1438d309950f6ce	hca:0405_10.1016_j.ccell.2021.03.007_50f32173d6	cd4 positive regulatory t cell	CD4-positive regulatory T cell	4	11	1.0	0	
profile:7f6885d0a8888614899f	hca:0405_10.1016_j.ccell.2021.03.007_50f32173d6	cd8 positive t cell	CD8-positive T cell	4	11	1.0	7	0.0
profile:9b9cc198a776e68b2ea8	hca:0405_10.1016_j.ccell.2021.03.007_50f32173d6	cd8a positive exhausted immediate early genes t cell	CD8A-positive exhausted immediate early genes T cell	6	11	1.0	0	
profile:4f6b4cc83b1198fb9c42	hca:0405_10.1016_j.ccell.2021.03.007_50f32173d6	cd8a positive proliferating t cell	CD8A-positive proliferating T cell	3	11	1.0	0	
profile:b2d337fe12bf5521329e	hca:0405_10.1016_j.ccell.2021.03.007_50f32173d6	cd8a positive tissue resident t cell	CD8A-positive tissue-resident T cell	7	11	0.8571428571428571	0	
profile:ff67b18f4e528eb2ef11	hca:0405_10.1016_j.ccell.2021.03.007_50f32173d6	nk like t cell	NK-like T cell	4	11	0.75	0	
profile:85bff75dd9c2ac6e44be	hca:0405_10.1016_j.ccell.2021.03.007_50f32173d6	tumor associated macrophage hla intermediate	tumor-associated macrophage HLA-intermediate	5	11	1.0	0	
profile:f4a3bbedcd06a39e1040	hca:0405_10.1016_j.ccell.2021.03.007_50f32173d6	tumor associated macrophage interferon stimulated gene high	tumor-associated macrophage interferon-stimulated gene-high	6	11	0.0	0	
profile:c28cde9435b1df14e01a	hca:0405_10.1016_j.ccell.2021.03.007_50f32173d6	tumor associated macrophage interferon stimulated gene intermediate	tumor-associated macrophage interferon-stimulated gene-intermediate	6	11	0.0	0	
profile:5087424bef06929d8d0c	hca:0406_10.1093_brain_awab446_1c9ee67691	astrocyte subpopulation	astrocyte subpopulation	5	19	0.8	0	
profile:d95093afd50161e1444f	hca:0406_10.1093_brain_awab446_1c9ee67691	cadps2 high cell	CADPS2 high cell	3	19	1.0	0	
profile:885763446a7c83d79925	hca:0406_10.1093_brain_awab446_1c9ee67691	idiopathic parkinson s disease microglia	idiopathic Parkinson's disease microglia	3	19	0.3333333333333333	0	
profile:ced4603aa86218148918	hca:0406_10.1093_brain_awab446_1c9ee67691	microglia subpopulation	microglia subpopulation	3	19	0.0	0	
profile:189c811406ba23662b56	hca:0406_10.1093_brain_awab446_1c9ee67691	oligodendrocyte subpopulation	oligodendrocyte subpopulation	4	19	0.75	0	
profile:4b3c2e06f480cec73cd7	hca:0407_10.1093_humrep_deac183_7b0f560d74	endothelial cell	endothelial cell	3	18	1.0	51	0.30718954248366015
profile:677b331526f37a4bbf6e	hca:0407_10.1093_humrep_deac183_7b0f560d74	fibroblast cell	fibroblast cell	10	18	0.9	1	0.1
profile:ad6295447e03aafdfcac	hca:0407_10.1093_humrep_deac183_7b0f560d74	fibroblast cluster 0	fibroblast cluster 0	6	18	0.6666666666666666	0	
profile:f6751ecc0ab8a1db5a8e	hca:0407_10.1093_humrep_deac183_7b0f560d74	immune cell	immune cell	8	18	0.75	12	0.08333333333333333
profile:f0378918c52d9b0624d8	hca:0407_10.1093_humrep_deac183_7b0f560d74	smooth muscle cell	smooth muscle cell	6	18	0.6666666666666666	24	0.3611111111111111
profile:153f718a46d964316b36	hca:0409_10.1136_gutjnl-2021-324546_a227082482	cd4 t cell	CD4+ T cell	5	8	0.4	9	0.02222222222222222
profile:03e58f3a7cd8d66766af	hca:0410_10.3389_fcell.2021.820274_b0973e038f	b cell	B cell	3	19	1.0	30	0.32222222222222224
profile:79f772d849d01f8c725e	hca:0410_10.3389_fcell.2021.820274_b0973e038f	basal stromal cell	basal/stromal cell	3	19	0.3333333333333333	0	
profile:7592bb7396e9d72a43a1	hca:0410_10.3389_fcell.2021.820274_b0973e038f	endothelial cell	endothelial cell	3	19	1.0	51	0.29411764705882354
profile:a113a187d21df09fac89	hca:0410_10.3389_fcell.2021.820274_b0973e038f	epithelial cell	epithelial cell	3	19	0.6666666666666666	13	0.15384615384615385
profile:80752d0aeb1c67641a73	hca:0410_10.3389_fcell.2021.820274_b0973e038f	fibroblast	fibroblast	4	19	0.5	49	0.15306122448979592
profile:9dce0c9e40fb118cc5d6	hca:0410_10.3389_fcell.2021.820274_b0973e038f	immature endothelial cell	immature endothelial cell	3	19	0.3333333333333333	0	
profile:9acce0a11e408ee27f2c	hca:0410_10.3389_fcell.2021.820274_b0973e038f	inflammation associated fibroblast	inflammation-associated fibroblast	4	19	1.0	1	0.0
profile:d8f7140afea4d3e88b3f	hca:0410_10.3389_fcell.2021.820274_b0973e038f	mast cell	mast cell	4	19	1.0	19	0.4473684210526316
profile:d16f78a2e663187cbc29	hca:0410_10.3389_fcell.2021.820274_b0973e038f	osteocyte	osteocyte	3	19	1.0	0	
profile:11a9683ecb873ad4181a	hca:0410_10.3389_fcell.2021.820274_b0973e038f	smooth muscle cell	smooth muscle cell	5	19	0.6	24	0.4166666666666667
profile:aa517f65d08d561365a2	hca:0410_10.3389_fcell.2021.820274_b0973e038f	t cell	T cell	3	19	1.0	36	0.20370370370370372
profile:18877af1eec76fad68cb	hca:0412_10.1038_s41598-019-57110-6_5feef6086a	fibrillin 1 positive fibro adipogenic progenitor cell	fibrillin 1-positive fibro-adipogenic progenitor cell	4	7	1.0	0	
profile:43097894ec78725c527d	hca:0412_10.1038_s41598-019-57110-6_5feef6086a	post capillary venule endothelial cell	post-capillary venule endothelial cell	3	7	1.0	0	
profile:d699aa563aea8b14fdc7	hca:0414_10.1186_s13059-020-02210-0_30c1533a3e	fibroblast	fibroblast	5	17	0.8	49	0.10612244897959185
profile:172dfaa9e62a1b2ef1f9	hca:0414_10.1186_s13059-020-02210-0_30c1533a3e	fibsmo cell	FibSmo cell	3	17	0.3333333333333333	1	0.0
profile:d2ac482a14e175de6970	hca:0414_10.1186_s13059-020-02210-0_30c1533a3e	macrophage	macrophage	3	17	1.0	42	0.047619047619047616
profile:80e39d88a8a4c0264366	hca:0414_10.1186_s13059-020-02210-0_30c1533a3e	smooth muscle cell	smooth muscle cell	5	17	0.8	24	0.25833333333333336
profile:d0b44bbc763845df24a4	hca:0414_10.1186_s13059-020-02210-0_30c1533a3e	sweat gland epithelial cell	sweat gland epithelial cell	5	17	1.0	0	
profile:8e0a7e8e4fb669177f0a	hca:0415_10.1038_s41467-020-20358-y_582bbd075a	smooth muscle cell	smooth muscle cell	3	2	1.0	24	0.15277777777777776
profile:cc81c36ea55b111481e8	hca:0416_10.1126_science.aat1699_46d73cdfcb	ascending vasa recta cell	ascending vasa recta cell	3	5	0.6666666666666666	0	
profile:7f2f775f75835ec1af61	hca:0416_10.1126_science.aat1699_46d73cdfcb	clear cell renal cell carcinoma cell	clear cell renal cell carcinoma cell	3	5	0.3333333333333333	1	0.0
profile:c159984c904513aac895	hca:0417_10.1101_gr.212720.116_ba8d2583ab	alpha cell	alpha cell	6	7	0.8333333333333334	13	0.3846153846153846
profile:fa88491bc376b044b7a6	hca:0417_10.1101_gr.212720.116_ba8d2583ab	beta cell	beta cell	17	7	0.9411764705882353	15	0.24705882352941178
profile:77e15687013824481410	hca:0417_10.1101_gr.212720.116_ba8d2583ab	delta cell	delta cell	9	7	0.8888888888888888	9	0.2592592592592593
profile:f18169b90157b0479e73	hca:0417_10.1101_gr.212720.116_ba8d2583ab	pancreatic polypeptide gamma cell	pancreatic polypeptide/gamma cell	8	7	0.875	0	
profile:e1fd35e0146be255f3b7	hca:0418_10.1038_s42003-020-0922-4_8904851286	differentiated keratinocyte	differentiated keratinocyte	4	16	1.0	0	
profile:5f9964b0a90df1f54903	hca:0418_10.1038_s42003-020-0922-4_8904851286	epidermal stem cell	epidermal stem cell	5	16	1.0	0	
profile:054a530b31c349b990c0	hca:0418_10.1038_s42003-020-0922-4_8904851286	erythrocyte	erythrocyte	3	16	1.0	1	1.0
profile:fa3ae70aced2242a299e	hca:0418_10.1038_s42003-020-0922-4_8904851286	fibroblast	fibroblast	5	16	1.0	49	0.26122448979591834
profile:f47abbf55518b834e7cd	hca:0418_10.1038_s42003-020-0922-4_8904851286	lymphatic endothelial cell	lymphatic endothelial cell	3	16	0.6666666666666666	17	0.45098039215686275
profile:d79850b565053ba419a9	hca:0418_10.1038_s42003-020-0922-4_8904851286	macrophage and dendritic cell	macrophage and dendritic cell	5	16	1.0	0	
profile:6629996db4a4b5aa9c5b	hca:0418_10.1038_s42003-020-0922-4_8904851286	melanocyte	melanocyte	4	16	1.0	9	0.4722222222222222
profile:43ca661980f31654fc54	hca:0418_10.1038_s42003-020-0922-4_8904851286	mesenchymal fibroblast	mesenchymal fibroblast	3	16	1.0	0	
profile:cdfa3d26b9790d38fe30	hca:0418_10.1038_s42003-020-0922-4_8904851286	papillary fibroblast	papillary fibroblast	5	16	0.8	2	0.0
profile:2ce09dd4ddca6bc83173	hca:0418_10.1038_s42003-020-0922-4_8904851286	pericyte	pericyte	3	16	1.0	29	0.4252873563218391
profile:9937617002700a34c85c	hca:0418_10.1038_s42003-020-0922-4_8904851286	secretory papillary fibroblast	secretory-papillary fibroblast	3	16	0.6666666666666666	0	
profile:cb08155fee0f8156a854	hca:0418_10.1038_s42003-020-0922-4_8904851286	t cell	T cell	4	16	1.0	36	0.3055555555555556
profile:1a11a30015b517756e2d	hca:0418_10.1038_s42003-020-0922-4_8904851286	vascular endothelial cell	vascular endothelial cell	4	16	0.75	6	0.20833333333333331
profile:a6ff5f4872afceba1192	hca:0419_10.1038_s41588-021-00806-1_d66603cd99	adrenal chromaffin cell	adrenal chromaffin cell	4	10	1.0	0	
profile:a026cfa23e8460f40a2f	hca:0419_10.1038_s41588-021-00806-1_d66603cd99	bridge cell	bridge cell	4	10	1.0	0	
profile:2b0cadca09eefd5fe053	hca:0419_10.1038_s41588-021-00806-1_d66603cd99	late neuroblast	late neuroblast	6	10	0.3333333333333333	0	
profile:eec7b667002eaf168e70	hca:0419_10.1038_s41588-021-00806-1_d66603cd99	neuroblast	neuroblast	12	10	0.4166666666666667	2	0.0
profile:690f69397239e60e415c	hca:0419_10.1038_s41588-021-00806-1_d66603cd99	schwann cell precursor	Schwann cell precursor	4	10	1.0	0	
profile:d7880425ad416d74041f	hca:0419_10.1038_s41588-021-00806-1_d66603cd99	sympathetic neuroblast	sympathetic neuroblast	5	10	0.0	0	
profile:f66fc7a21d5eb30e31f3	hca:0420_10.1111_cas.15979_052ebae233	cancer associated fibroblast	cancer-associated fibroblast	5	23	0.8	9	0.08888888888888888
profile:b3d5e1280fee2fbc909b	hca:0420_10.1111_cas.15979_052ebae233	cd8 positive cytotoxic t cell	CD8-positive cytotoxic T cell	5	23	0.0	0	
profile:f2eec07d660cd95becd2	hca:0420_10.1111_cas.15979_052ebae233	elastic fibroblast	elastic fibroblast	3	23	1.0	0	
profile:2a7ca4a0f630dd1b3742	hca:0420_10.1111_cas.15979_052ebae233	exhausted cd8 positive t cell	exhausted CD8-positive T cell	11	23	0.5454545454545454	4	0.25
profile:132d4246fb74c626611b	hca:0420_10.1111_cas.15979_052ebae233	lymphatic endothelial cell	lymphatic endothelial cell	3	23	0.6666666666666666	17	0.37254901960784315
profile:7f29cfb0be2929ecb1d6	hca:0420_10.1111_cas.15979_052ebae233	macrophage	macrophage	3	23	1.0	42	0.19047619047619047
profile:8c2f34d6da8d8b78809b	hca:0420_10.1111_cas.15979_052ebae233	memory b cell	memory B cell	3	23	0.6666666666666666	5	0.6
profile:bae19fe47459acd73805	hca:0420_10.1111_cas.15979_052ebae233	plasma b cell	plasma B cell	11	23	0.9090909090909091	2	0.045454545454545456
profile:038100162d1d0e3c82f6	hca:0421_10.1101_2022.02.14.480397_c10e165496	astrocyte	astrocyte	5	13	1.0	14	0.15714285714285714
profile:1fba0c2f53413685b20e	hca:0421_10.1101_2022.02.14.480397_c10e165496	brain resident t cell	brain-resident T cell	4	13	1.0	0	
profile:5c22f2f133c496c926c2	hca:0421_10.1101_2022.02.14.480397_c10e165496	endothelial cell	endothelial cell	9	13	1.0	51	0.03050108932461874
profile:aa8c3de5e44d3c569a03	hca:0421_10.1101_2022.02.14.480397_c10e165496	excitatory neuron	excitatory neuron	9	13	1.0	8	0.08333333333333333
profile:5a6200adb2e62ef316f9	hca:0421_10.1101_2022.02.14.480397_c10e165496	excitatory neuron subcluster 1	excitatory neuron subcluster 1	3	13	1.0	0	
profile:ab27cf9766859e5c10d2	hca:0421_10.1101_2022.02.14.480397_c10e165496	excitatory neuron subcluster 2	excitatory neuron subcluster 2	3	13	1.0	0	
profile:ba58780856cf7e21f919	hca:0421_10.1101_2022.02.14.480397_c10e165496	excitatory neuron subcluster 3	excitatory neuron subcluster 3	3	13	1.0	0	
profile:3894e523d268a00b32f0	hca:0421_10.1101_2022.02.14.480397_c10e165496	inhibitory neuron subcluster 1	inhibitory neuron subcluster 1	3	13	1.0	0	
profile:0d912eae7c21d3c8ab82	hca:0421_10.1101_2022.02.14.480397_c10e165496	inhibitory neuron subcluster 2	inhibitory neuron subcluster 2	3	13	1.0	0	
profile:f07cff21bf5d8b34049c	hca:0421_10.1101_2022.02.14.480397_c10e165496	inhibitory neuron subcluster 3	inhibitory neuron subcluster 3	3	13	1.0	0	
profile:58d36589920109019ec5	hca:0421_10.1101_2022.02.14.480397_c10e165496	microglia	microglia	7	13	1.0	16	0.017857142857142856
profile:2398e94c5363de9542ac	hca:0421_10.1101_2022.02.14.480397_c10e165496	oligodendrocyte	oligodendrocyte	6	13	1.0	16	0.20833333333333334
profile:c2f5d2f25f1058a847ef	hca:0421_10.1101_2022.02.14.480397_c10e165496	oligodendrocyte precursor cell	oligodendrocyte precursor cell	4	13	1.0	7	0.25
profile:ec28f3bdb7842c94ef25	hca:0422_10.1038_s41591-020-1040-z_d966e12866	ciliated epithelial cell	ciliated epithelial cell	4	5	1.0	1	0.0
profile:7835fe56c0e5aa3cbc33	hca:0422_10.1038_s41591-020-1040-z_d966e12866	luminal epithelial cell	luminal epithelial cell	4	5	0.75	2	0.25
profile:4fa6e8d901ace46bdbc6	hca:0422_10.1038_s41591-020-1040-z_d966e12866	lymphocyte	lymphocyte	3	5	0.6666666666666666	3	0.1111111111111111
profile:025543f9be9cd36f31c4	hca:0422_10.1038_s41591-020-1040-z_d966e12866	smooth muscle cell	smooth muscle cell	3	5	1.0	24	0.013888888888888888
profile:7a90855fd943c84573c3	hca:0422_10.1038_s41591-020-1040-z_d966e12866	stromal fibroblast	stromal fibroblast	4	5	1.0	0	
profile:52fa41058dbf214f19b0	hca:0422_10.1038_s41591-020-1040-z_d966e12866	unciliated epithelial cell	unciliated epithelial cell	3	5	1.0	0	
profile:aa495e959e5402e73c85	hca:0423_10.1038_s41467-019-12780-8_0da964452a	bipolar cell	bipolar cell	4	14	1.0	2	0.125
profile:837e63762f0cf4ccb8de	hca:0423_10.1038_s41467-019-12780-8_0da964452a	col4a3 expressing macroglial subtype	COL4A3-expressing macroglial subtype	3	14	0.6666666666666666	0	
profile:1f9f727206bacf5656d2	hca:0423_10.1038_s41467-019-12780-8_0da964452a	col4a3 expressing müller glia subtype	COL4A3-expressing Müller glia subtype	4	14	1.0	0	
profile:ee0d1ad6f19a6fc4a111	hca:0423_10.1038_s41467-019-12780-8_0da964452a	cone photoreceptor	cone photoreceptor	4	14	1.0	2	0.5
profile:ac0bc5e15dcce494ec85	hca:0423_10.1038_s41467-019-12780-8_0da964452a	fos expressing macroglial subtype	FOS-expressing macroglial subtype	6	14	0.8333333333333334	0	
profile:d26000e84a69fa011daf	hca:0423_10.1038_s41467-019-12780-8_0da964452a	ftl expressing macroglial subtype	FTL-expressing macroglial subtype	3	14	0.6666666666666666	0	
profile:322a9c0ada9f82bf289e	hca:0423_10.1038_s41467-019-12780-8_0da964452a	horizontal cell	horizontal cell	3	14	1.0	0	
profile:875b3bcb5a57d6446195	hca:0423_10.1038_s41467-019-12780-8_0da964452a	macroglial subpopulation	macroglial subpopulation	3	14	0.0	0	
profile:d0cda2351c3b542b8a16	hca:0423_10.1038_s41467-019-12780-8_0da964452a	müller glia	Müller glia	3	14	0.3333333333333333	4	0.0
profile:4d6e85af98edd9bed121	hca:0423_10.1038_s41467-019-12780-8_0da964452a	müller glia and astrocyte	Müller glia and astrocyte	3	14	0.6666666666666666	0	
profile:a071f98201dae58ca54b	hca:0423_10.1038_s41467-019-12780-8_0da964452a	resident microglia	resident microglia	4	14	1.0	0	
profile:c3e2b4e76f2a05a39a42	hca:0423_10.1038_s41467-019-12780-8_0da964452a	rod photoreceptor	rod photoreceptor	3	14	1.0	2	0.3333333333333333
profile:e316e96e15b71342af14	hca:0423_10.1038_s41467-019-12780-8_0da964452a	vascular cell	vascular cell	6	14	0.8333333333333334	1	0.0
profile:9d7e03181d2336d6856f	hca:0425_10.1038_s41598-017-05266-4_54c44ec7e0	pancreatic alpha cell	pancreatic alpha cell	26	2	1.0	1	0.19230769230769232
profile:ce509b06305328635753	hca:0425_10.1038_s41598-017-05266-4_54c44ec7e0	pancreatic beta cell	pancreatic beta cell	20	2	1.0	1	0.2
profile:2d25f922abbf0999c6e8	hca:0426_10.1038_s41467-019-12464-3_0f8440336d	activated cd4 and cd8 t cell	activated CD4+ and CD8+ T cell	5	13	1.0	0	
profile:7e02d0ca3d0c5b20a904	hca:0426_10.1038_s41467-019-12464-3_0f8440336d	activated cd4 t cell	activated CD4+ T cell	6	13	1.0	1	0.0
profile:5c27a466ba524bd12dcf	hca:0426_10.1038_s41467-019-12464-3_0f8440336d	activated tissue resident memory effector memory t cell	activated tissue resident memory/effector memory T cell	3	13	0.0	0	
profile:b750e3d5393cf5518450	hca:0426_10.1038_s41467-019-12464-3_0f8440336d	cd8 t cell	CD8+ T cell	15	13	0.7333333333333333	11	0.03636363636363636
profile:0b32ec6f1e6e8f7a20e0	hca:0426_10.1038_s41467-019-12464-3_0f8440336d	effector memory tissue resident memory cd8 t cell	effector memory/tissue resident memory CD8+ T cell	5	13	0.2	0	
profile:722f08e236c95825ce25	hca:0426_10.1038_s41467-019-12464-3_0f8440336d	naive or central memory t cell	naive or central memory T cell	3	13	0.6666666666666666	0	
profile:09f81eda6f8dbeace71c	hca:0426_10.1038_s41467-019-12464-3_0f8440336d	regulatory t cell	regulatory T cell	5	13	1.0	21	0.48571428571428565
profile:eb51bfa06732ca91360e	hca:0426_10.1038_s41467-019-12464-3_0f8440336d	resting cd4 naive central memory t cell	resting CD4+ naive/central memory T cell	3	13	0.6666666666666666	0	
profile:472f24ddc341ddc6a58d	hca:0427_10.7150_ijbs.58886_44183be8e8	acinar cell	acinar cell	4	14	1.0	6	0.41666666666666663
profile:cf5c3b3e2cc9bf18a31d	hca:0427_10.7150_ijbs.58886_44183be8e8	cancer cell	cancer cell	14	14	0.9285714285714286	0	
profile:36ca923daedcb126bef1	hca:0427_10.7150_ijbs.58886_44183be8e8	cancer cell cluster 1	cancer cell cluster 1	6	14	1.0	0	
profile:52b08ae9396fea1b20c5	hca:0427_10.7150_ijbs.58886_44183be8e8	cancer cell cluster 2	cancer cell cluster 2	3	14	1.0	0	
profile:6be5d7c1db35e52440a6	hca:0427_10.7150_ijbs.58886_44183be8e8	cancer cell cluster 3	cancer cell cluster 3	5	14	1.0	0	
profile:cb0483cd61ba859501fd	hca:0427_10.7150_ijbs.58886_44183be8e8	cancer cell cluster 5	cancer cell cluster 5	4	14	1.0	0	
profile:aa6db64ab30737cddb07	hca:0427_10.7150_ijbs.58886_44183be8e8	endothelial cell	endothelial cell	3	14	1.0	51	0.10457516339869281
profile:ef9a5fb9e6091ae2ace3	hca:0427_10.7150_ijbs.58886_44183be8e8	myeloid cell	myeloid cell	6	14	1.0	11	0.10606060606060606
profile:30f5048375e0b9dc626b	hca:0428_10.1073_pnas.1914143116_42027a0378	arterial endothelial cell	arterial endothelial cell	5	17	1.0	5	0.4
profile:03f58185780196bd407b	hca:0428_10.1073_pnas.1914143116_42027a0378	choriocapillaris endothelial cell	choriocapillaris endothelial cell	7	17	0.8571428571428571	0	
profile:0ccf99c212bcc8b61818	hca:0428_10.1073_pnas.1914143116_42027a0378	choroidal endothelial cell	choroidal endothelial cell	5	17	0.6	0	
profile:fbe0b3db09e78ccc4ff5	hca:0428_10.1073_pnas.1914143116_42027a0378	endothelial cell	endothelial cell	3	17	1.0	51	0.18300653594771243
profile:93bb8ecc3168d6c985b4	hca:0428_10.1073_pnas.1914143116_42027a0378	melanocyte	melanocyte	4	17	1.0	9	0.4722222222222222
profile:a08550a5d53e70997cab	hca:0428_10.1073_pnas.1914143116_42027a0378	nonmyelinating schwann cell	nonmyelinating Schwann cell	4	17	1.0	2	1.0
profile:aa3575ceae35438e4a02	hca:0428_10.1073_pnas.1914143116_42027a0378	venous endothelial cell	venous endothelial cell	5	17	0.8	3	0.2
profile:50a876a9cf45f56b7c5c	hca:0430_10.1101_2021.07.06.451312_11ba989c20	activated fibroblast	activated fibroblast	7	11	1.0	2	0.14285714285714285
profile:9c6d11c3107bf2a7b0b5	hca:0430_10.1101_2021.07.06.451312_11ba989c20	cardiomyocyte	cardiomyocyte	7	11	1.0	9	0.11111111111111109
profile:91eb0fa72ff7c7a6b2a4	hca:0430_10.1101_2021.07.06.451312_11ba989c20	fibroblast	fibroblast	9	11	1.0	49	0.049886621315192746
profile:2298b9101a67009af8cf	hca:0430_10.1101_2021.07.06.451312_11ba989c20	lyve1 positive resident macrophage	LYVE1-positive resident macrophage	5	11	0.4	0	
profile:b733843b32a479643c64	hca:0430_10.1101_2021.07.06.451312_11ba989c20	macrophage	macrophage	9	11	0.8888888888888888	42	0.021164021164021163
profile:4d825397b84ff2a61665	hca:0430_10.1101_2021.07.06.451312_11ba989c20	tissue resident macrophage	tissue resident macrophage	5	11	0.4	1	1.0
profile:3b1a69e38986e55f3934	hca:0431_10.1038_s44161-022-00028-6_b4c8c1227f	inflammatory macrophage	inflammatory macrophage	5	31	0.8	4	0.15
profile:e9120bdc0ee1599449f6	hca:0431_10.1038_s44161-022-00028-6_b4c8c1227f	tissue resident macrophage	tissue-resident macrophage	5	31	0.8	1	1.0
profile:6c8147c6c94a35d624af	hca:0432_10.1172_jci.insight.156341_02dc39adcf	cd56 bright natural killer cell	CD56-bright natural killer cell	4	11	0.0	1	0.25
profile:628a05cfb5c37bb9c5b4	hca:0432_10.1172_jci.insight.156341_02dc39adcf	cd56 dim natural killer cell	CD56-dim natural killer cell	5	11	0.2	0	
profile:bf3fc8ab1faa810411a9	hca:0432_10.1172_jci.insight.156341_02dc39adcf	cd8 positive t cell cluster 3 and cluster 7	CD8-positive T cell cluster 3 and cluster 7	3	11	0.6666666666666666	0	
profile:92c0d807e18c8288af07	hca:0432_10.1172_jci.insight.156341_02dc39adcf	interferon stimulated gene high t cell cluster	interferon-stimulated gene-high T cell cluster	5	11	1.0	0	
profile:a3ab99217b8371ba3ede	hca:0432_10.1172_jci.insight.156341_02dc39adcf	regulatory t cell	regulatory T cell	4	11	0.25	21	0.4523809523809524
profile:2522f63188a620c505a2	hca:0432_10.1172_jci.insight.156341_02dc39adcf	regulatory t cell cluster 4	regulatory T cell cluster 4	3	11	0.3333333333333333	0	
profile:2f4a714e63d1f99e17b7	hca:0432_10.1172_jci.insight.156341_02dc39adcf	t follicular helper and or t peripheral helper cell	T follicular helper and/or T peripheral helper cell	4	11	0.75	0	
profile:b93203f220d12faa0d3c	hca:0433_10.15252_embr.201540946_1830154973	acinar cell	acinar cell	6	8	0.8333333333333334	6	0.25
profile:b68231f46f2bb6e523fc	hca:0433_10.15252_embr.201540946_1830154973	alpha cell	alpha cell	6	8	0.6666666666666666	13	0.4102564102564103
profile:8f33816007353889e513	hca:0433_10.15252_embr.201540946_1830154973	beta cell	beta cell	8	8	1.0	15	0.2
profile:3704ab1f7be95b63cdde	hca:0433_10.15252_embr.201540946_1830154973	delta cell	delta cell	5	8	0.6	9	0.28888888888888886
profile:f13a357e787d15e32f72	hca:0433_10.15252_embr.201540946_1830154973	ductal cell	ductal cell	3	8	0.6666666666666666	6	0.0
profile:564de68481740d0bf801	hca:0433_10.15252_embr.201540946_1830154973	endocrine cell	endocrine cell	3	8	1.0	3	0.3333333333333333
profile:afb2085a810c045d25dd	hca:0433_10.15252_embr.201540946_1830154973	pancreatic polypeptide cell	pancreatic polypeptide cell	4	8	0.75	0	
profile:6514331f281ca234e24d	hca:0434_10.1016_j.cell.2016.11.010_b880f4a6e4	alpha cell	alpha cell	6	1	1.0	13	0.025641025641025644
profile:247814d17125e1fd472a	hca:0435_10.1038_nm.4336_19432336d2	group a remission bcr abl positive chronic myeloid leukemia stem cell	group-A remission BCR-ABL-positive chronic myeloid leukemia stem cell	6	1	1.0	0	
profile:bbd9a987c7be09849a15	hca:0436_10.1016_j.jtos.2020.12.004_24ddeb29a4	conjunctival cell	conjunctival cell	3	8	1.0	1	0.3333333333333333
profile:02f60b7a04a1058a0812	hca:0436_10.1016_j.jtos.2020.12.004_24ddeb29a4	differentiated cell	differentiated cell	3	8	0.3333333333333333	0	
profile:cc653ef0bc5a971e2be7	hca:0436_10.1016_j.jtos.2020.12.004_24ddeb29a4	limbal progenitor cell	limbal progenitor cell	12	8	0.6666666666666666	1	0.08333333333333333
profile:63df286fd059d49179fa	hca:0436_10.1016_j.jtos.2020.12.004_24ddeb29a4	limbal stem cell	limbal stem cell	19	8	0.7894736842105263	0	
profile:36a7a904d8835cc379e2	hca:0436_10.1016_j.jtos.2020.12.004_24ddeb29a4	melanocyte	melanocyte	3	8	1.0	9	0.5925925925925926
profile:14a70b4940fd27de7119	hca:0436_10.1016_j.jtos.2020.12.004_24ddeb29a4	progenitor cell	progenitor cell	3	8	1.0	2	0.0
profile:789262618743cb0198f5	hca:0436_10.1016_j.jtos.2020.12.004_24ddeb29a4	terminally differentiated cell	terminally differentiated cell	5	8	0.6	0	
profile:453e1e8f30cedc05e6db	hca:0436_10.1016_j.jtos.2020.12.004_24ddeb29a4	transiently amplifying cell	transiently amplifying cell	6	8	1.0	0	
profile:8dee2f09ca2155fc15f5	hca:0437_10.1101_2021.01.22.21250336_e963bc0939	fast skeletal muscle fiber senescent subcluster	fast skeletal muscle fiber senescent subcluster	4	9	1.0	0	
profile:da3ebd420dd375656bd3	hca:0439_10.1038_s41586-019-1404-z_d7516e129c	astrocyte	astrocyte	3	17	0.6666666666666666	14	0.09523809523809523
profile:f8aa7e2e93eb57e82d49	hca:0439_10.1038_s41586-019-1404-z_d7516e129c	homeostatic microglia	homeostatic microglia	3	17	0.6666666666666666	0	
profile:a101161a2e5e5a726c3a	hca:0439_10.1038_s41586-019-1404-z_d7516e129c	reactive astrocyte	reactive astrocyte	3	17	0.6666666666666666	2	0.16666666666666666
profile:2962a3d6a711255f1069	hca:0439_10.1038_s41586-019-1404-z_d7516e129c	reactive microglia	reactive microglia	5	17	0.8	0	
profile:b59d61d535fa1c40b30e	hca:0440_10.1186_s13073-023-01179-2_de903e74e7	alpha cell	alpha cell	5	8	1.0	13	0.24615384615384617
profile:e32469d6f1435de41f96	hca:0440_10.1186_s13073-023-01179-2_de903e74e7	beta cell	beta cell	7	8	1.0	15	0.19999999999999998
profile:f7f228ab087d2f577563	hca:0440_10.1186_s13073-023-01179-2_de903e74e7	delta cell	delta cell	5	8	1.0	9	0.2
profile:96e5212333eec37c9fe2	hca:0440_10.1186_s13073-023-01179-2_de903e74e7	gamma cell	gamma cell	5	8	1.0	2	0.1
profile:3436390cd3b6da99e18d	hca:0441_10.1038_s41593-020-0621-y_a3edefca60	astrocyte	astrocyte	9	13	0.8888888888888888	14	0.14285714285714285
profile:6a09d0bae4ab181224be	hca:0441_10.1038_s41593-020-0621-y_a3edefca60	excitatory neuron	excitatory neuron	7	13	1.0	8	0.17857142857142858
profile:ee357b1b5b648c7d73e6	hca:0441_10.1038_s41593-020-0621-y_a3edefca60	inhibitory neuron	inhibitory neuron	3	13	0.6666666666666666	5	0.39999999999999997
profile:b53a5ced0147f127811d	hca:0441_10.1038_s41593-020-0621-y_a3edefca60	macrophage microglia	macrophage/microglia	4	13	1.0	0	
profile:255d83d7fc5504bd3e9e	hca:0441_10.1038_s41593-020-0621-y_a3edefca60	neuron	neuron	3	13	1.0	7	0.14285714285714285
profile:245ae664e552fa6a0015	hca:0441_10.1038_s41593-020-0621-y_a3edefca60	oligodendrocyte	oligodendrocyte	5	13	1.0	16	0.4375
profile:c4e5e2820f3d622d2321	hca:0441_10.1038_s41593-020-0621-y_a3edefca60	oligodendrocyte precursor cell	oligodendrocyte precursor cell	6	13	1.0	7	0.2380952380952381
profile:55056e47990265ace210	hca:0442_10.1038_s41591-024-03011-9_e42f5ec07c	basal myoepithelial cell	basal-myoepithelial cell	4	17	1.0	1	0.25
profile:de0028e194e9abb73c08	hca:0442_10.1038_s41591-024-03011-9_e42f5ec07c	endothelial cell	endothelial cell	5	17	1.0	51	0.00784313725490196
profile:2c095930f992901cc56d	hca:0442_10.1038_s41591-024-03011-9_e42f5ec07c	fibroblast	fibroblast	3	17	1.0	49	0.0
profile:154942837634ad7a0f4f	hca:0442_10.1038_s41591-024-03011-9_e42f5ec07c	luminal adaptive secretory precursor cell	luminal adaptive secretory precursor cell	7	17	0.8571428571428571	0	
profile:83376b846acc2d6d2dcf	hca:0442_10.1038_s41591-024-03011-9_e42f5ec07c	luminal hormone sensing cell	luminal hormone sensing cell	12	17	0.9166666666666666	0	
profile:001e5af9acb79dbf1b3e	hca:0442_10.1038_s41591-024-03011-9_e42f5ec07c	t cell	T cell	5	17	1.0	36	0.03333333333333333
profile:0083b9db37aacd143af9	hca:0444_10.1126_science.abl4290_bce423dc46	cardiac myonuclei	cardiac myonuclei	3	23	0.6666666666666666	0	
profile:62012f6c0ea88ace9698	hca:0444_10.1126_science.abl4290_bce423dc46	fibroblast	fibroblast	7	23	1.0	49	0.02040816326530612
profile:f014872cd90d97cd31ef	hca:0444_10.1126_science.abl4290_bce423dc46	hla class ii high macrophage	HLA class II high macrophage	4	23	1.0	0	
profile:6fcbdb8e7fd3fd60aa90	hca:0444_10.1126_science.abl4290_bce423dc46	lipid associated macrophage	lipid-associated macrophage	3	23	1.0	0	
profile:47ac51d8b9dba6d43651	hca:0444_10.1126_science.abl4290_bce423dc46	lung alveolar fibroblast	lung alveolar fibroblast	5	23	1.0	0	
profile:8f877152eabff39c4c8f	hca:0444_10.1126_science.abl4290_bce423dc46	neuromuscular junction localized myonuclei	neuromuscular junction-localized myonuclei	6	23	1.0	0	
profile:1474b4e22ed7c0084e19	hca:0445_10.1038_s41586-022-04817-8_327bf47162	activated fibroblast	activated fibroblast	9	6	0.8888888888888888	2	0.1111111111111111
profile:4a6f9986cae09b043656	hca:0445_10.1038_s41586-022-04817-8_327bf47162	angiogenic endothelial cell	angiogenic endothelial cell	5	6	1.0	1	0.0
profile:89b35598266b5e08a783	hca:0445_10.1038_s41586-022-04817-8_327bf47162	natural killer cell	natural killer cell	4	6	1.0	33	0.19696969696969696
profile:b8c4a2a13a58742c35ce	hca:0448_10.1101_2022.02.15.480622_6cb3eae5b8	astrocyte	astrocyte	7	9	0.8571428571428571	14	0.11224489795918367
profile:ab843b4c144843748dfd	hca:0448_10.1101_2022.02.15.480622_6cb3eae5b8	microglia	microglia	8	9	0.875	16	0.03125
profile:7021354277257c618432	hca:0448_10.1101_2022.02.15.480622_6cb3eae5b8	oligodendrocyte	oligodendrocyte	4	9	1.0	16	0.515625
profile:21c6d08e791210147039	hca:0448_10.1101_2022.02.15.480622_6cb3eae5b8	satellite glial cell	satellite glial cell	4	9	1.0	0	
profile:2f109cc11b3aa27fbbd4	hca:0449_10.1084_jem.20202345_e99c99a876	ccr1 positive macrophage	CCR1-positive macrophage	3	7	0.0	1	0.0
profile:95748de57007558dc063	hca:0449_10.1084_jem.20202345_e99c99a876	cd14 positive type 3 dendritic cell	CD14-positive type 3 dendritic cell	15	7	0.6	0	
profile:5d605f72b746dd6bf314	hca:0449_10.1084_jem.20202345_e99c99a876	classical dendritic cell type 1	classical dendritic cell type 1	4	7	0.5	0	
profile:0cfc4e5bd362f7d0fb6f	hca:0449_10.1084_jem.20202345_e99c99a876	macrophage	macrophage	5	7	0.4	42	0.009523809523809523
profile:33831bdab07d16e5ee7d	hca:0449_10.1084_jem.20202345_e99c99a876	marco positive macrophage	MARCO-positive macrophage	4	7	1.0	1	0.0
profile:1d7b2333e9f34c870e59	hca:0449_10.1084_jem.20202345_e99c99a876	mature dendritic cells enriched in immunoregulatory molecules	mature dendritic cells enriched in immunoregulatory molecules	13	7	0.9230769230769231	0	
profile:0673ee7d408c162ec11f	hca:0450_10.1101_2020.06.30.174391_27363b5885	excitatory cerebellar nuclei neuron unipolar brush cell	excitatory cerebellar nuclei neuron/unipolar brush cell	10	11	0.7	0	
profile:13b4980aef2a09dffa23	hca:0450_10.1101_2020.06.30.174391_27363b5885	inhibitory cerebellar nuclei neuron	inhibitory cerebellar nuclei neuron	4	11	1.0	0	
profile:8b9b2efc096b3298f648	hca:0450_10.1101_2020.06.30.174391_27363b5885	purkinje cell	Purkinje cell	23	11	0.9130434782608695	2	0.043478260869565216
profile:d6ab9558d55acd95a71c	hca:0450_10.1101_2020.06.30.174391_27363b5885	rhombic lip cell	rhombic lip cell	10	11	0.6	0	
profile:95fb07f31161957a9592	hca:0450_10.1101_2020.06.30.174391_27363b5885	rhombic lip ventricular zone	rhombic lip ventricular zone	7	11	1.0	0	
profile:d5fa27ffe6075b660bf1	hca:0451_10.1016_j.jid.2018.01.016_d2589a157e	dermal fibroblast subpopulation group 4	dermal fibroblast subpopulation group 4	3	7	1.0	0	
profile:fda81b1274906f48276e	hca:0451_10.1016_j.jid.2018.01.016_d2589a157e	fibroblast	fibroblast	5	7	0.8	49	0.20408163265306123
profile:4575e040c518d6e65059	hca:0451_10.1016_j.jid.2018.01.016_d2589a157e	papillary dermal fibroblast	papillary dermal fibroblast	11	7	0.6363636363636364	1	0.45454545454545453
profile:7f0d4b1784d48d40382f	hca:0451_10.1016_j.jid.2018.01.016_d2589a157e	papillary fibroblast	papillary fibroblast	3	7	0.0	2	0.0
profile:9c3c4ddfb5783f875241	hca:0453_10.1038_s41586-022-05060-x_14fb298894	endothelial cell	endothelial cell	5	16	1.0	51	0.09411764705882353
profile:304da207e6291e8cb29a	hca:0453_10.1038_s41586-022-05060-x_14fb298894	fibroblast	fibroblast	3	16	1.0	49	0.09523809523809523
profile:33a2c9f0afee577790bf	hca:0453_10.1038_s41586-022-05060-x_14fb298894	fibroblast state 2	fibroblast state 2	4	16	0.75	0	
profile:8e1bf8311830883fff02	hca:0454_10.1038_s41586-023-05869-0_c19e7dab1e	decidual macrophage 1	decidual macrophage 1	6	19	0.5	0	
profile:26734bb24f6c4a90f803	hca:0454_10.1038_s41586-023-05869-0_c19e7dab1e	decidual macrophage 2	decidual macrophage 2	5	19	0.4	0	
profile:0584284a805b5d42bd75	hca:0454_10.1038_s41586-023-05869-0_c19e7dab1e	early invasive extravillous trophoblast	early invasive extravillous trophoblast	3	19	1.0	0	
profile:44972a927f77f8b5714b	hca:0454_10.1038_s41586-023-05869-0_c19e7dab1e	endothelial cell	endothelial cell	4	19	1.0	51	0.004901960784313725
profile:a7229819910ff8e23e68	hca:0454_10.1038_s41586-023-05869-0_c19e7dab1e	endovascular extravillous trophoblast	endovascular extravillous trophoblast	22	19	0.9090909090909091	0	
profile:5a54c9cf8dc362c8a02e	hca:0454_10.1038_s41586-023-05869-0_c19e7dab1e	extravillous trophoblast	extravillous trophoblast	4	19	1.0	2	0.0
profile:5285d34d676360c64a6c	hca:0454_10.1038_s41586-023-05869-0_c19e7dab1e	interstitial extravillous trophoblast	interstitial extravillous trophoblast	12	19	1.0	0	
profile:1b6b8f3af52591fbd8df	hca:0454_10.1038_s41586-023-05869-0_c19e7dab1e	perivascular cell state 1 aoc3	perivascular cell state 1-AOC3	4	19	1.0	0	
profile:bc19e7d4263841ee7e2d	hca:0454_10.1038_s41586-023-05869-0_c19e7dab1e	perivascular cell state 1 steap4	perivascular cell state 1-STEAP4	3	19	1.0	0	
profile:ac3a299729b47c2ff263	hca:0454_10.1038_s41586-023-05869-0_c19e7dab1e	placental bed giant cell	placental bed giant cell	10	19	1.0	0	
profile:d46ae0d776aae9a3afe6	hca:0454_10.1038_s41586-023-05869-0_c19e7dab1e	villous cytotrophoblast	villous cytotrophoblast	9	19	0.1111111111111111	1	0.0
profile:8ccedf0ea54b6ff43333	hca:0454_10.1038_s41586-023-05869-0_c19e7dab1e	villous cytotrophoblast fusing	villous cytotrophoblast-fusing	4	19	1.0	0	
profile:a15930789e47cf6ccc3b	hca:0454_10.1038_s41586-023-05869-0_c19e7dab1e	villous cytotrophoblast of the cytotrophoblast cell column	villous cytotrophoblast of the cytotrophoblast cell column	8	19	0.75	0	
profile:285252321be506ab5862	hca:0454_10.1038_s41586-023-05869-0_c19e7dab1e	villous cytotrophoblast proliferative	villous cytotrophoblast-proliferative	8	19	0.0	0	
profile:8d11d9dc4fbea0448bf6	hca:0455_10.1016_j.cell.2021.12.018_c0dc3d5926	kupffer cell	Kupffer cell	4	2	1.0	3	0.16666666666666666
profile:89991fc4404d8d646674	hca:0457_10.1101_2024.02.02.578633_57d5a20898	fibrotic hepatocyte cluster 2	fibrotic hepatocyte cluster 2	6	9	1.0	0	
profile:93e0e2d93da23ad95d6e	hca:0457_10.1101_2024.02.02.578633_57d5a20898	hepatic stellate cell cluster 1	hepatic stellate cell cluster 1	3	9	0.0	0	
profile:99dd456c339dbbcad806	hca:0457_10.1101_2024.02.02.578633_57d5a20898	hepatocyte cluster 4	hepatocyte cluster 4	4	9	1.0	0	
profile:aa6712a9eb005df7267e	hca:0457_10.1101_2024.02.02.578633_57d5a20898	macrophage cluster 2	macrophage cluster 2	5	9	0.6	0	
profile:1ca6e0f20d8426c463b2	hca:0458_10.1038_s41467-024-55325-4_d40c28a5ea	fibrotic hepatocyte 1	fibrotic hepatocyte 1	3	13	1.0	0	
profile:d485958e48b16262ea2a	hca:0458_10.1038_s41467-024-55325-4_d40c28a5ea	fibrotic hepatocyte 2	fibrotic hepatocyte 2	6	13	1.0	0	
profile:104ccda44df17113a119	hca:0458_10.1038_s41467-024-55325-4_d40c28a5ea	hepatic stellate cell	hepatic stellate cell	3	13	0.6666666666666666	2	0.0
profile:bcd77324d2b64f4a7915	hca:0458_10.1038_s41467-024-55325-4_d40c28a5ea	macrophage 2	macrophage 2	8	13	0.75	1	0.0
profile:238e4651b54440558ccd	hca:0460_10.1016_j.cell.2021.08.003_652ffcecb6	cancer associated fibroblast	cancer-associated fibroblast	3	11	1.0	9	0.07407407407407407
profile:f805d7e16f93d3e86310	hca:0460_10.1016_j.cell.2021.08.003_652ffcecb6	inflammatory cancer associated fibroblast	inflammatory cancer-associated fibroblast	4	11	1.0	4	0.25
profile:0ffa77e7a8fe0586adb6	hca:0460_10.1016_j.cell.2021.08.003_652ffcecb6	monocyte and macrophage	monocyte and macrophage	7	11	1.0	0	
profile:e904234fd6f9596e951f	hca:0460_10.1016_j.cell.2021.08.003_652ffcecb6	natural killer cell	natural killer cell	3	11	0.0	33	0.31313131313131315
profile:8b500f09dd0b18910ceb	hca:0460_10.1016_j.cell.2021.08.003_652ffcecb6	t cell	T cell	7	11	0.14285714285714285	36	0.015873015873015872
profile:f2e928773c39f58e9eee	hca:0460_10.1016_j.cell.2021.08.003_652ffcecb6	tcr alpha beta t cell	TCR alpha-beta T cell	3	11	0.0	0	
profile:c8d83604e1a4573b7848	hca:0462_10.1038_s41586-023-06311-1_b735ac2f93	activated fibroblast 4	activated fibroblast 4	6	11	1.0	0	
profile:05bab15d237e6d4d9896	hca:0462_10.1038_s41586-023-06311-1_b735ac2f93	atrioventricular bundle cell	atrioventricular bundle cell	5	11	0.6	0	
profile:4c35cca35d738cfcc3d3	hca:0462_10.1038_s41586-023-06311-1_b735ac2f93	cardiac conduction system cell	cardiac conduction system cell	5	11	1.0	0	
profile:62630943b7e3e73d6793	hca:0462_10.1038_s41586-023-06311-1_b735ac2f93	glial cell	glial cell	3	11	0.3333333333333333	4	0.25
profile:559256b2caa9a255ecf1	hca:0462_10.1038_s41586-023-06311-1_b735ac2f93	nc2_glial_ngf cell	NC2_glial_NGF+ cell	4	11	1.0	0	
profile:663876bbd06a32a6be79	hca:0462_10.1038_s41586-023-06311-1_b735ac2f93	pacemaker cell	pacemaker cell	26	11	0.8076923076923077	0	
profile:727b3ebfd7d4ed72b7e0	hca:0462_10.1038_s41586-023-06311-1_b735ac2f93	purkinje cell	Purkinje cell	6	11	0.8333333333333334	2	0.0
profile:531340751ec64e5d6940	hca:0462_10.1038_s41586-023-06311-1_b735ac2f93	right atrial ganglionated plexus neuron	right atrial ganglionated plexus neuron	8	11	1.0	0	
profile:3bde431598fa8859a277	hca:0462_10.1038_s41586-023-06311-1_b735ac2f93	sinoatrial node pacemaker cell	sinoatrial node pacemaker cell	6	11	0.3333333333333333	0	
profile:eeebcec122d6635ba629	hca:0462_10.1038_s41586-023-06311-1_b735ac2f93	stressed ventricular cardiomyocyte 3	stressed ventricular cardiomyocyte 3	9	11	1.0	0	
profile:fc58d7647e5b409729ac	hca:0463_10.7554_elife.81525_0f73520e7f	basal proliferative epithelial progenitor cell	basal proliferative epithelial progenitor cell	4	10	1.0	0	
profile:5d54ae3c74470cdb4cd2	hca:0463_10.7554_elife.81525_0f73520e7f	fibroblast 5	fibroblast 5	6	10	1.0	1	0.0
profile:5224ef00f9049e7e9a9b	hca:0463_10.7554_elife.81525_0f73520e7f	junctional epithelial cell	junctional epithelial cell	6	10	1.0	0	
profile:314f7e83ba72735ac6e7	hca:0464_10.1126_science.aat5031_cfde7f776b	conventional dendritic cell type 1	conventional dendritic cell type 1	3	7	1.0	7	0.6190476190476191
profile:0252db4605fc90ad6dc0	hca:0464_10.1126_science.aat5031_cfde7f776b	mononuclear phagocyte a	mononuclear phagocyte a	6	7	0.0	0	
profile:4b1d97e7c70e16f7c67b	hca:0464_10.1126_science.aat5031_cfde7f776b	mononuclear phagocyte b	mononuclear phagocyte b	6	7	0.16666666666666666	0	
profile:c17cd806e702ee92a811	hca:0464_10.1126_science.aat5031_cfde7f776b	mononuclear phagocyte d	mononuclear phagocyte d	6	7	0.8333333333333334	0	
profile:a42bd7f9a9f80c1d3192	hca:0464_10.1126_science.aat5031_cfde7f776b	pelvic epithelium	pelvic epithelium	6	7	0.8333333333333334	0	
profile:2583d38b804732ea89ad	hca:0465_10.1016_j.cell.2020.12.016_af8ed7d941	angiogenic pericyte	angiogenic pericyte	3	50	1.0	0	
profile:281748a04c0900eae63d	hca:0465_10.1016_j.cell.2020.12.016_af8ed7d941	best4 otop2 cell	BEST4/OTOP2 cell	4	50	1.0	1	0.0
profile:8857548d2980f7339fdd	hca:0465_10.1016_j.cell.2020.12.016_af8ed7d941	endothelial cell	endothelial cell	3	50	1.0	51	0.3856209150326797
profile:588b5af8559ab048f748	hca:0465_10.1016_j.cell.2020.12.016_af8ed7d941	enterocyte	enterocyte	3	50	0.6666666666666666	7	0.2380952380952381
profile:dac17ebfef3ded86264c	hca:0465_10.1016_j.cell.2020.12.016_af8ed7d941	enteroendocrine cell	enteroendocrine cell	3	50	0.6666666666666666	8	0.4583333333333333
profile:1267b3237c2adce8b469	hca:0465_10.1016_j.cell.2020.12.016_af8ed7d941	fibroblast	fibroblast	3	50	0.6666666666666666	49	0.1496598639455782
profile:2907e1421eb21ad8c249	hca:0465_10.1016_j.cell.2020.12.016_af8ed7d941	goblet cell	goblet cell	3	50	1.0	13	0.4102564102564103
profile:e56d9a93efdd9475f25f	hca:0465_10.1016_j.cell.2020.12.016_af8ed7d941	interstitial cell of cajal	interstitial cell of Cajal	3	50	0.6666666666666666	2	0.6666666666666666
profile:711d1890d508f31f34de	hca:0465_10.1016_j.cell.2020.12.016_af8ed7d941	intestinal mast cell	intestinal mast cell	3	50	1.0	0	
profile:aef05c3f6a27e48674af	hca:0465_10.1016_j.cell.2020.12.016_af8ed7d941	intestinal stem cell	intestinal stem cell	3	50	1.0	7	0.7142857142857143
profile:a86250ad849e5e5e28bb	hca:0465_10.1016_j.cell.2020.12.016_af8ed7d941	lymphatic endothelial cell	lymphatic endothelial cell	3	50	1.0	17	0.5882352941176471
profile:f40299d7084937b47130	hca:0465_10.1016_j.cell.2020.12.016_af8ed7d941	mature b cell	mature B cell	3	50	1.0	1	0.3333333333333333
profile:6d290817f19c917e19c6	hca:0465_10.1016_j.cell.2020.12.016_af8ed7d941	monocyte	monocyte	3	50	1.0	35	0.15238095238095237
profile:a2bcd0c80305751ccefc	hca:0465_10.1016_j.cell.2020.12.016_af8ed7d941	myofibroblast	myofibroblast	3	50	0.6666666666666666	16	0.0625
profile:0887b559e2e0affc60dc	hca:0465_10.1016_j.cell.2020.12.016_af8ed7d941	naive t cell	naive T cell	3	50	1.0	1	0.3333333333333333
profile:c79acfd783505f080fc2	hca:0465_10.1016_j.cell.2020.12.016_af8ed7d941	neural glial cell	neural/glial cell	3	50	0.6666666666666666	0	
profile:c1697c133aa25d58b084	hca:0465_10.1016_j.cell.2020.12.016_af8ed7d941	plasmacytoid dendritic cell	plasmacytoid dendritic cell	3	50	0.6666666666666666	14	0.11904761904761905
profile:aa9cd1761a36379c51e8	hca:0465_10.1016_j.cell.2020.12.016_af8ed7d941	stromal 2 fibroblast	stromal 2 fibroblast	5	50	1.0	0	
profile:1c1c7b68f54cbef63a9b	hca:0465_10.1016_j.cell.2020.12.016_af8ed7d941	transit amplifying cell	transit-amplifying cell	3	50	1.0	3	0.7777777777777778
profile:0ae06d8925e8816672d7	hca:0465_10.1016_j.cell.2020.12.016_af8ed7d941	type 3 innate lymphoid cell	type 3 innate lymphoid cell	4	50	0.5	2	0.625
profile:a0fccd57744173b0e128	hca:0466_10.1038_s41467-020-18957-w_ce0dae83ad	endothelial cell	endothelial cell	5	1	1.0	51	0.09803921568627451
profile:efc4d19a3c27328509eb	hca:0467_10.1016_j.cell.2018.08.067_51639edc11	fibroblast	fibroblast	3	12	1.0	49	0.19727891156462585
profile:ded42319b7e0472089e9	hca:0467_10.1016_j.cell.2018.08.067_51639edc11	stromal 1 subset	stromal 1 subset	8	12	1.0	0	
profile:9d55cf918c49f36b2d17	hca:0467_10.1016_j.cell.2018.08.067_51639edc11	stromal 2 subset	stromal 2 subset	10	12	0.8	0	
profile:b0ccb13ba84c9fd156c3	hca:0467_10.1016_j.cell.2018.08.067_51639edc11	stromal 4 subset	stromal 4 subset	8	12	0.875	0	
profile:9d551cd28a29d14065cd	hca:0469_10.1101_2022.10.17.512579_e7abedbc30	fibroblast state f9	fibroblast state F9	6	15	1.0	0	
profile:cee8e23b9247fd392acd	hca:0469_10.1101_2022.10.17.512579_e7abedbc30	myofibroblast	myofibroblast	3	15	1.0	16	0.2916666666666667
profile:8e7ffe8a732301a2cd3e	hca:0470_10.21203_rs.3.rs-2402606_v1_8de4ac8813	pro fibrotic fibroblast	pro-fibrotic fibroblast	4	0		0	
profile:ee9b497147fee89f0ef2	hca:0471_10.1038_s41467-019-11947-7_0514f87944	active natural killer cell	active natural killer cell	6	10	1.0	2	0.3333333333333333
profile:cae1c3ebbeb33ecd93f2	hca:0471_10.1038_s41467-019-11947-7_0514f87944	b cell or dendritic cell	B cell or dendritic cell	3	10	1.0	0	
profile:ec85549856305161fbc1	hca:0471_10.1038_s41467-019-11947-7_0514f87944	cd56 bright natural killer cell	CD56 bright natural killer cell	6	10	1.0	1	0.16666666666666666
profile:0f5a4f88109a0ad27949	hca:0471_10.1038_s41467-019-11947-7_0514f87944	mature natural killer cell	mature natural killer cell	10	10	1.0	0	
profile:06aa06b7b79b51ca906a	hca:0471_10.1038_s41467-019-11947-7_0514f87944	natural killer cell	natural killer cell	4	10	1.0	33	0.26515151515151514
profile:06d892d9ccc179506aaa	hca:0471_10.1038_s41467-019-11947-7_0514f87944	terminal mature natural killer cell	terminal mature natural killer cell	3	10	0.0	0	
profile:282d769b6255acfe604b	hca:0471_10.1038_s41467-019-11947-7_0514f87944	terminally differentiated natural killer cell	terminally differentiated natural killer cell	3	10	0.0	0	
profile:ad003d30561baf2e985e	hca:0472_10.1016_j.stem.2019.12.005_97b804f298	leydig and myoid precursor cell	Leydig and myoid precursor cell	4	14	0.5	0	
profile:9664b888199efdd6a405	hca:0472_10.1016_j.stem.2019.12.005_97b804f298	leydig cell	Leydig cell	4	14	0.5	0	
profile:3682e15fb77052869e17	hca:0472_10.1016_j.stem.2019.12.005_97b804f298	mature sertoli cell	mature Sertoli cell	3	14	1.0	0	
profile:6dc8056aa13e56a21fb5	hca:0472_10.1016_j.stem.2019.12.005_97b804f298	spermatocyte	spermatocyte	3	14	1.0	0	
profile:d475bfeb9f4e5d9ef13d	hca:0472_10.1016_j.stem.2019.12.005_97b804f298	spermatogonia	spermatogonia	5	14	0.8	1	0.0
profile:c306167fd8d6f8ae55e1	hca:0472_10.1016_j.stem.2019.12.005_97b804f298	undifferentiated spermatogonia	undifferentiated spermatogonia	4	14	0.75	0	
profile:908825c848fa9e0ab661	hca:0473_10.1016_j.cell.2020.08.003_9ae06495c4	enteric nervous system cell	enteric nervous system cell	7	9	0.8571428571428571	0	
profile:6a2e2038f9e92b6cf196	hca:0473_10.1016_j.cell.2020.08.003_9ae06495c4	enteric neuron	enteric neuron	14	9	0.8571428571428571	1	0.0
profile:7c52a4a18c8769aa7c6d	hca:0473_10.1016_j.cell.2020.08.003_9ae06495c4	putative excitatory motor neuron	putative excitatory motor neuron	6	9	0.8333333333333334	0	
profile:6dd523c4dc5f0c0dcfe8	hca:0473_10.1016_j.cell.2020.08.003_9ae06495c4	putative inhibitory motor neuron	putative inhibitory motor neuron	5	9	0.8	0	
profile:c5062275c89ea7e0d61d	hca:0473_10.1016_j.cell.2020.08.003_9ae06495c4	putative interneuron	putative interneuron	3	9	1.0	0	
profile:a063232d1a590e043e75	hca:0473_10.1016_j.cell.2020.08.003_9ae06495c4	putative secretomotor vasodilator neuron	putative secretomotor/vasodilator neuron	4	9	1.0	0	
profile:f01f5a68323429260893	hca:0473_10.1016_j.cell.2020.08.003_9ae06495c4	putative sensory neuron	putative sensory neuron	5	9	1.0	0	
profile:286b6f0e29165b2b1fa1	hca:0474_10.3389_fimmu.2021.689019_ff96e36403	cluster 1 cd8 positive t cell	cluster 1 CD8-positive T cell	6	24	0.5	0	
profile:69b16213a457b8e6f583	hca:0474_10.3389_fimmu.2021.689019_ff96e36403	cluster 2 cd4 positive t cell	cluster 2 CD4-positive T cell	3	24	0.6666666666666666	0	
profile:332af1e37600b16cb0c5	hca:0474_10.3389_fimmu.2021.689019_ff96e36403	cluster 2 decidual natural killer cell	cluster 2 decidual natural killer cell	3	24	1.0	0	
profile:42b86f64574a5e2ce812	hca:0474_10.3389_fimmu.2021.689019_ff96e36403	cluster 3 decidual natural killer cell	cluster 3 decidual natural killer cell	17	24	0.7058823529411765	0	
profile:9e068b19fba33fd2da0c	hca:0474_10.3389_fimmu.2021.689019_ff96e36403	cluster 3 dendritic cell	cluster 3 dendritic cell	5	24	0.8	0	
profile:eb12163283d9a934f2a0	hca:0474_10.3389_fimmu.2021.689019_ff96e36403	cluster 3 monocyte	cluster 3 monocyte	4	24	0.75	0	
profile:ea35c85c9ebf51067845	hca:0474_10.3389_fimmu.2021.689019_ff96e36403	cluster 4 dendritic cell	cluster 4 dendritic cell	5	24	0.8	0	
profile:430a0cf1e0d60a521bc6	hca:0474_10.3389_fimmu.2021.689019_ff96e36403	cluster 4 t cell	cluster 4 T cell	4	24	0.5	0	
profile:24689b9db3926c50be98	hca:0474_10.3389_fimmu.2021.689019_ff96e36403	cluster 5 dendritic cell	cluster 5 dendritic cell	5	24	1.0	0	
profile:0e6f26f413389721c0f4	hca:0474_10.3389_fimmu.2021.689019_ff96e36403	cluster 6 macrophage	cluster 6 macrophage	4	24	1.0	0	
profile:c5adc5a339071de24466	hca:0474_10.3389_fimmu.2021.689019_ff96e36403	clusters 1 3 dendritic cell	clusters 1-3 dendritic cell	5	24	0.4	0	
profile:b3b218111c81552e4d06	hca:0474_10.3389_fimmu.2021.689019_ff96e36403	decidual macrophage	decidual macrophage	8	24	0.5	0	
profile:8bab0b3750d53a9da999	hca:0474_10.3389_fimmu.2021.689019_ff96e36403	macrophage	macrophage	6	24	0.6666666666666666	42	0.1626984126984127
profile:6ea3d0e04cdede0851e8	hca:0474_10.3389_fimmu.2021.689019_ff96e36403	monocyte	monocyte	5	24	0.8	35	0.2
profile:9d9b56d50f2c6be9e67e	hca:0474_10.3389_fimmu.2021.689019_ff96e36403	regulatory t cell	regulatory T cell	5	24	1.0	21	0.5238095238095238
profile:ccc71f045dac64a45506	hca:0475_10.1101_2021.07.19.452956_e30bf05aad	endothelial cell	endothelial cell	6	5	1.0	51	0.022875816993464054
profile:3a63a481310a4892ab20	hca:0475_10.1101_2021.07.19.452956_e30bf05aad	t cell	T cell	9	5	1.0	36	0.027777777777777776
profile:d5ab3a2e30824b8f5e41	hca:0476_10.1126_science.abl4896_6d8fed9731	endothelial cell	endothelial cell	5	5	1.0	51	0.027450980392156866
profile:deea848265637a4ec5d1	hca:0476_10.1126_science.abl4896_6d8fed9731	t cell	T cell	9	5	1.0	36	0.027777777777777776
profile:0e7cf558069a557dbdf6	hca:0477_10.1172_jci157338_273d70a217	type 2 alveolar epithelial cell	type 2 alveolar epithelial cell	5	2	0.8	0	
profile:b185d884a28e55ab826e	hca:0479_10.1016_j.xcrm.2022.100657_bf09154d98	active b cell	active B cell	4	24	0.5	0	
profile:1ac6bfe9d95521f7ea61	hca:0479_10.1016_j.xcrm.2022.100657_bf09154d98	active natural killer cell	active natural killer cell	6	24	0.8333333333333334	2	0.3333333333333333
profile:66022aeb89194700f5f8	hca:0479_10.1016_j.xcrm.2022.100657_bf09154d98	b cell	B cell	3	24	1.0	30	0.39999999999999997
profile:cbd2deabbc25aeed2510	hca:0479_10.1016_j.xcrm.2022.100657_bf09154d98	cd1c positive myeloid dendritic cell	CD1C-positive myeloid dendritic cell	3	24	0.6666666666666666	0	
profile:d6c8c1c20a4a0aac97a7	hca:0479_10.1016_j.xcrm.2022.100657_bf09154d98	clec9a positive myeloid dendritic cell	CLEC9A-positive myeloid dendritic cell	5	24	1.0	0	
profile:27ddf732afd6de757edd	hca:0479_10.1016_j.xcrm.2022.100657_bf09154d98	cytotoxic t lymphocyte 4	cytotoxic T lymphocyte 4	3	24	0.6666666666666666	0	
profile:e7901b2f57174db1b63c	hca:0479_10.1016_j.xcrm.2022.100657_bf09154d98	germinal center b cell	germinal center B cell	7	24	1.0	6	0.07142857142857142
profile:0e590878fec647e33f87	hca:0479_10.1016_j.xcrm.2022.100657_bf09154d98	innate lymphoid cell type 3	innate lymphoid cell type 3	4	24	0.75	4	0.625
profile:051493ff829a9844c341	hca:0479_10.1016_j.xcrm.2022.100657_bf09154d98	macro 1	Macro-1	3	24	1.0	0	
profile:1869c5202ad197339cf3	hca:0479_10.1016_j.xcrm.2022.100657_bf09154d98	macro 2	Macro-2	6	24	0.8333333333333334	0	
profile:a10e551a4a4914e8d1a5	hca:0479_10.1016_j.xcrm.2022.100657_bf09154d98	macro 3	Macro-3	3	24	1.0	0	
profile:900fa5df812ec289d6d2	hca:0479_10.1016_j.xcrm.2022.100657_bf09154d98	memory b cell	memory B cell	3	24	1.0	5	0.19999999999999998
profile:4d074e4b627a03d0959c	hca:0479_10.1016_j.xcrm.2022.100657_bf09154d98	mono 1	Mono-1	4	24	0.75	0	
profile:6855c43816cb979e4f67	hca:0479_10.1016_j.xcrm.2022.100657_bf09154d98	monocyte	monocyte	7	24	0.8571428571428571	35	0.016326530612244896
profile:36f1b366784dba1d89d3	hca:0479_10.1016_j.xcrm.2022.100657_bf09154d98	myeloid cell	myeloid cell	4	24	0.75	11	0.1590909090909091
profile:6002cc5ffb4661997a77	hca:0479_10.1016_j.xcrm.2022.100657_bf09154d98	non classical monocyte	non-classical monocyte	3	24	1.0	2	0.0
profile:b8cb707fbc29a47f4a51	hca:0479_10.1016_j.xcrm.2022.100657_bf09154d98	t helper 17 cell	T helper 17 cell	4	24	0.75	5	0.35000000000000003
profile:2d4f28d880272b51f156	hca:0480_10.1038_s41590-019-0398-x_7e5ee33388	activated b cell	activated B cell	4	23	1.0	0	
profile:743f152dd76d02e4e934	hca:0480_10.1038_s41590-019-0398-x_7e5ee33388	alternatively activated macrophage	alternatively activated macrophage	10	23	0.9	1	0.0
profile:6c644ca990c5970d719d	hca:0480_10.1038_s41590-019-0398-x_7e5ee33388	cd16 positive patrolling monocyte	CD16-positive patrolling monocyte	7	23	0.8571428571428571	0	
profile:0238f9416be1a6d7bb52	hca:0480_10.1038_s41590-019-0398-x_7e5ee33388	central memory cd4 positive t cell	central memory CD4-positive T cell	3	23	0.6666666666666666	0	
profile:dde17ab17c0888eb2e93	hca:0480_10.1038_s41590-019-0398-x_7e5ee33388	early central memory t cell	early central memory T cell	3	23	0.6666666666666666	0	
profile:358e6e2968eb0d33f573	hca:0480_10.1038_s41590-019-0398-x_7e5ee33388	effector memory cd4 positive t cell	effector memory CD4-positive T cell	3	23	1.0	0	
profile:9ef427ac8d88a768c7c3	hca:0480_10.1038_s41590-019-0398-x_7e5ee33388	interferon stimulated gene high b cell	interferon-stimulated gene-high B cell	6	23	0.16666666666666666	0	
profile:da69ba96e061224259c3	hca:0480_10.1038_s41590-019-0398-x_7e5ee33388	interferon stimulated gene high cd4 positive t cell	interferon-stimulated gene-high CD4-positive T cell	6	23	0.16666666666666666	0	
profile:0f01bb5e05dce1da44b3	hca:0480_10.1038_s41590-019-0398-x_7e5ee33388	kidney resident macrophage	kidney resident macrophage	4	23	1.0	0	
profile:cfe6f434e23e34291c03	hca:0480_10.1038_s41590-019-0398-x_7e5ee33388	naive b cell	naive B cell	6	23	1.0	1	0.16666666666666666
profile:141cf1478c0ccffeacad	hca:0480_10.1038_s41590-019-0398-x_7e5ee33388	natural killer cell	natural killer cell	5	23	0.4	33	0.2787878787878788
profile:939a3f62661817bb7927	hca:0480_10.1038_s41590-019-0398-x_7e5ee33388	phagocytic monocyte macrophage	phagocytic monocyte/macrophage	6	23	0.8333333333333334	0	
profile:7fffde12de46c2efea03	hca:0480_10.1038_s41590-019-0398-x_7e5ee33388	plasmacytoid dendritic cell	plasmacytoid dendritic cell	5	23	0.8	14	0.18571428571428572
profile:132959bf814e84681a2a	hca:0480_10.1038_s41590-019-0398-x_7e5ee33388	resident memory cd8 positive t cell	resident memory CD8-positive T cell	4	23	1.0	0	
profile:fcf89b5d4e11baad94a6	hca:0480_10.1038_s41590-019-0398-x_7e5ee33388	t follicular helper like cell	T follicular helper-like cell	5	23	1.0	1	0.2
profile:9f004ac1855f90af44aa	hca:0480_10.1038_s41590-019-0398-x_7e5ee33388	tissue resident cd56 bright cd16 negative natural killer cell	tissue-resident CD56-bright CD16-negative natural killer cell	6	23	0.5	0	
profile:3dfef253c2009b1ab3db	hca:0481_10.1016_j.immuni.2023.01.002_2da3d3f446	b cell	B cell	6	33	0.8333333333333334	30	0.2777777777777778
profile:53920a17a2b2b3169018	hca:0481_10.1016_j.immuni.2023.01.002_2da3d3f446	classical macrophage	classical macrophage	3	33	1.0	1	1.0
profile:e5489deda2f2bbd6db79	hca:0481_10.1016_j.immuni.2023.01.002_2da3d3f446	classical monocyte	classical monocyte	3	33	1.0	9	0.1851851851851852
profile:4815d93ac4636b00e531	hca:0481_10.1016_j.immuni.2023.01.002_2da3d3f446	cycling cell	cycling cell	4	33	1.0	2	0.625
profile:1f56d85250d5468355e2	hca:0481_10.1016_j.immuni.2023.01.002_2da3d3f446	enterocyte	enterocyte	3	33	1.0	7	0.42857142857142855
profile:a82e90251c30b2586e78	hca:0481_10.1016_j.immuni.2023.01.002_2da3d3f446	enteroendocrine cell	enteroendocrine cell	3	33	1.0	8	0.5833333333333334
profile:20c815c24abc514b3ffd	hca:0481_10.1016_j.immuni.2023.01.002_2da3d3f446	epithelial cell	epithelial cell	3	33	1.0	13	0.23076923076923075
profile:22cab608fb57f6c7676a	hca:0481_10.1016_j.immuni.2023.01.002_2da3d3f446	fibroblast	fibroblast	3	33	1.0	49	0.10884353741496598
profile:fc484b7d1327339e4ce0	hca:0481_10.1016_j.immuni.2023.01.002_2da3d3f446	germinal center b cell	germinal center B cell	3	33	0.6666666666666666	6	0.0
profile:e5279ce70396188dc836	hca:0481_10.1016_j.immuni.2023.01.002_2da3d3f446	glial cell	glial cell	7	33	1.0	4	0.21428571428571427
profile:53b0d8d4c336ef1f80d9	hca:0481_10.1016_j.immuni.2023.01.002_2da3d3f446	goblet cell	goblet cell	5	33	1.0	13	0.35384615384615387
profile:05dbf8698ca74c5615fe	hca:0481_10.1016_j.immuni.2023.01.002_2da3d3f446	immune cell	immune cell	11	33	0.5454545454545454	12	0.1212121212121212
profile:fa5b7778de80ab58ce08	hca:0481_10.1016_j.immuni.2023.01.002_2da3d3f446	innate lymphoid cell	innate lymphoid cell	6	33	1.0	2	0.16666666666666666
profile:4f544d64016c3e62e6a7	hca:0481_10.1016_j.immuni.2023.01.002_2da3d3f446	mast cell	mast cell	3	33	1.0	19	0.24561403508771928
profile:228eb3072d22616e6648	hca:0481_10.1016_j.immuni.2023.01.002_2da3d3f446	natural killer cell	natural killer cell	3	33	1.0	33	0.2626262626262626
profile:24da114a998a097be44e	hca:0481_10.1016_j.immuni.2023.01.002_2da3d3f446	paneth cell	Paneth cell	3	33	1.0	5	0.5333333333333333
profile:a5c214b274652e9e06fd	hca:0481_10.1016_j.immuni.2023.01.002_2da3d3f446	pericyte	pericyte	3	33	1.0	29	0.39080459770114945
profile:ff64b11c4abf8bfaa1fc	hca:0481_10.1016_j.immuni.2023.01.002_2da3d3f446	plasma cell	plasma cell	4	33	1.0	22	0.2954545454545454
profile:5585d303f052d02f93af	hca:0481_10.1016_j.immuni.2023.01.002_2da3d3f446	stem cell	stem cell	5	33	1.0	2	0.4
profile:723c76c29bc68adb064e	hca:0481_10.1016_j.immuni.2023.01.002_2da3d3f446	stromal cell	stromal cell	5	33	1.0	10	0.06000000000000001
profile:c8dc6a06aa21ef3ee4d2	hca:0481_10.1016_j.immuni.2023.01.002_2da3d3f446	t cell	T cell	3	33	0.0	36	0.40740740740740744
profile:812b9ae81c1bdd97da22	hca:0482_10.1016_j.devcel.2022.04.003_a4b7ddcf39	mesoderm like cell	mesoderm-like cell	5	9	0.8	0	
profile:83fb1a7fed4ece77b911	hca:0482_10.1016_j.devcel.2022.04.003_a4b7ddcf39	myoblast like cell	myoblast-like cell	4	9	0.0	0	
profile:44357c87e027161c6e84	hca:0482_10.1016_j.devcel.2022.04.003_a4b7ddcf39	myocyte like cell	myocyte-like cell	4	9	0.5	0	
profile:f113bf796cc95a05d464	hca:0485_10.1038_s41467-021-26495-2_5e641690ff	endothelial cell	endothelial cell	3	6	0.0	51	0.0
profile:ae59464502663a10b4ef	hca:0485_10.1038_s41467-021-26495-2_5e641690ff	fibroblast	fibroblast	10	6	0.9	49	0.07346938775510205
profile:cb88893be22ff0e91f2a	hca:0485_10.1038_s41467-021-26495-2_5e641690ff	myofibroblast	myofibroblast	4	6	0.5	16	0.171875
profile:7fa48510fca8f31d25ca	hca:0485_10.1038_s41467-021-26495-2_5e641690ff	smooth muscle cell pericyte	smooth muscle cell/pericyte	4	6	1.0	0	
profile:0bffce3bd3a5294207a4	hca:0486_10.1016_j.xfss.2022.09.001_c256ed6917	active fibroblast cluster 3	active fibroblast cluster 3	3	19	0.3333333333333333	0	
profile:91014742238052122604	hca:0486_10.1016_j.xfss.2022.09.001_c256ed6917	active fibroblast cluster 7	active fibroblast cluster 7	3	19	0.3333333333333333	0	
profile:36b4274cecd7dc206119	hca:0486_10.1016_j.xfss.2022.09.001_c256ed6917	endometrial mesenchymal stem cell	endometrial mesenchymal stem cell	3	19	1.0	0	
profile:8d3e600298fddf6251b2	hca:0486_10.1016_j.xfss.2022.09.001_c256ed6917	mature fibroblast	mature fibroblast	3	19	0.0	0	
profile:0384c14ef9f7fb2e97b9	hca:0486_10.1016_j.xfss.2022.09.001_c256ed6917	mature fibroblast cluster 0	mature fibroblast cluster 0	5	19	0.2	0	
profile:f7b6b0a2281a80b01353	hca:0486_10.1016_j.xfss.2022.09.001_c256ed6917	mature fibroblast cluster 1	mature fibroblast cluster 1	5	19	0.4	0	
profile:967674feef4d6cff97fd	hca:0486_10.1016_j.xfss.2022.09.001_c256ed6917	mature fibroblast cluster 8	mature fibroblast cluster 8	3	19	1.0	0	
profile:a9d0a88a77e3f0f2e5d0	hca:0486_10.1016_j.xfss.2022.09.001_c256ed6917	mature fibroblast cluster 9	mature fibroblast cluster 9	4	19	0.5	0	
profile:56ebe80ce6d10c3ae9da	hca:0488_10.1073_pnas.1908706116_5dfd6c0233	monocyte	monocyte	6	4	1.0	35	0.0
profile:e75e7553605655615f34	hca:0488_10.1073_pnas.1908706116_5dfd6c0233	parietal epithelial cell	parietal epithelial cell	4	4	1.0	1	0.25
profile:7c287d31476468d191e9	hca:0489_10.1016_j.cell.2021.02.018_b0761e6af0	cd56 dim cd16 hi natural killer cell	CD56 dim CD16 hi natural killer cell	5	3	1.0	0	
profile:a1ac8430d2af58560188	hca:0489_10.1016_j.cell.2021.02.018_b0761e6af0	circulating t follicular helper cell	circulating T follicular helper cell	3	3	1.0	0	
profile:ed8d825d5aa7357118b4	hca:0489_10.1016_j.cell.2021.02.018_b0761e6af0	plasmacytoid dendritic cell	plasmacytoid dendritic cell	12	3	1.0	14	0.0
profile:3ebf8c4d81621e58d4d2	hca:0490_10.1038_nsmb.2660_4e6a41d8b9	epiblast	epiblast	7	4	1.0	3	0.38095238095238093
profile:eb351fe7dcb2bbeb2c6b	hca:0490_10.1038_nsmb.2660_4e6a41d8b9	mural trophectoderm cell	mural trophectoderm cell	5	4	0.8	0	
profile:49c68d2ea2b3dbc7efd1	hca:0491_10.1016_j.celrep.2018.09.006_befb59b9fa	activated antigen experienced t cell	activated antigen-experienced T cell	3	19	0.6666666666666666	0	
profile:4a93c931f2c09931300e	hca:0491_10.1016_j.celrep.2018.09.006_befb59b9fa	basal keratinocyte basal1	basal keratinocyte basal1	4	19	0.5	0	
profile:85bea3a23b1d6e7de2b1	hca:0491_10.1016_j.celrep.2018.09.006_befb59b9fa	basal keratinocyte basal2	basal keratinocyte basal2	4	19	0.5	0	
profile:de6936d48f32b5e9f608	hca:0491_10.1016_j.celrep.2018.09.006_befb59b9fa	channel keratinocyte	channel keratinocyte	12	19	1.0	0	
profile:b2443a3b079c2b82c82d	hca:0491_10.1016_j.celrep.2018.09.006_befb59b9fa	high resolution wnt inhibitory keratinocyte	high-resolution WNT-inhibitory keratinocyte	10	19	0.6	0	
profile:03ac04901a89b5e9b472	hca:0491_10.1016_j.celrep.2018.09.006_befb59b9fa	melanocyte mel1	melanocyte mel1	3	19	0.0	0	
profile:3a2397d06d72f6e33f82	hca:0491_10.1016_j.celrep.2018.09.006_befb59b9fa	melanocyte mel2	melanocyte mel2	3	19	0.0	0	
profile:dbeaced051dc21bd3fb1	hca:0491_10.1016_j.celrep.2018.09.006_befb59b9fa	monocyte derived macrophage	monocyte-derived macrophage	3	19	1.0	6	0.1111111111111111
profile:2a2775b76a257b58e6d2	hca:0491_10.1016_j.celrep.2018.09.006_befb59b9fa	spinous keratinocyte	spinous keratinocyte	4	19	1.0	1	0.75
profile:28dc262cfd41356b957a	hca:0491_10.1016_j.celrep.2018.09.006_befb59b9fa	wnt inhibitory keratinocyte	WNT-inhibitory keratinocyte	4	19	0.0	0	
profile:188fa0ddeacfeea949f4	hca:0492_10.1038_s41591-021-01332-7_1dacee7a8b	basal1 cell	Basal1 cell	3	12	1.0	0	
profile:9bc557f3a1c80d0f1ea2	hca:0492_10.1038_s41591-021-01332-7_1dacee7a8b	ciliated1 cell	Ciliated1 cell	3	12	1.0	0	
profile:7e8845dc026069821a7b	hca:0492_10.1038_s41591-021-01332-7_1dacee7a8b	secretory2 goblet cell	Secretory2 goblet cell	4	12	0.75	0	
profile:6ff8d811ca8115e64120	hca:0492_10.1038_s41591-021-01332-7_1dacee7a8b	secretory4 mucous like cell	Secretory4 mucous-like cell	3	12	0.6666666666666666	0	
profile:c8743694fe681fb0c06c	hca:0493_10.1161_circulationaha.119.045401_814f085618	atrial cardiomyocyte	atrial cardiomyocyte	3	17	1.0	1	0.0
profile:a64e30f960d10fb49f11	hca:0493_10.1161_circulationaha.119.045401_814f085618	cardiac fibroblast	cardiac fibroblast	5	17	1.0	2	0.1
profile:f65ac4209992091f0874	hca:0493_10.1161_circulationaha.119.045401_814f085618	cardiac resident macrophage	cardiac resident macrophage	5	17	1.0	0	
profile:a77ff779b5dc3e75293a	hca:0493_10.1161_circulationaha.119.045401_814f085618	epicardial adipocyte	epicardial adipocyte	4	17	1.0	0	
profile:889e91dd4a5a2ffe3f89	hca:0493_10.1161_circulationaha.119.045401_814f085618	fibroblast subcluster 4	fibroblast subcluster 4	3	17	1.0	0	
profile:8dee9cee07f22484d98a	hca:0493_10.1161_circulationaha.119.045401_814f085618	lymphatic endothelial cell	lymphatic endothelial cell	3	17	1.0	17	0.43137254901960786
profile:e008295a4b55e4066000	hca:0493_10.1161_circulationaha.119.045401_814f085618	lymphocyte	lymphocyte	6	17	1.0	3	0.05555555555555555
profile:e86f1e1e22cfebe345db	hca:0493_10.1161_circulationaha.119.045401_814f085618	mast cell	mast cell	3	17	1.0	19	0.42105263157894735
profile:659fdcd031e7deac6154	hca:0493_10.1161_circulationaha.119.045401_814f085618	neuronal cell	neuronal cell	6	17	1.0	4	0.125
profile:26121a37f222cbe54520	hca:0494_10.1038_s41467-021-27895-0_bbe3158fbf	fibroblast	fibroblast	3	14	1.0	49	0.29931972789115646
profile:145aafab9973e5f963f9	hca:0494_10.1038_s41467-021-27895-0_bbe3158fbf	hormone responsive luminal cell	hormone-responsive luminal cell	3	14	1.0	1	0.6666666666666666
profile:c06e2fca1c4aa194bb43	hca:0494_10.1038_s41467-021-27895-0_bbe3158fbf	luminal progenitor cell	luminal progenitor cell	5	14	1.0	2	0.4
profile:7fa0488808759373bffb	hca:0494_10.1038_s41467-021-27895-0_bbe3158fbf	macrophage	macrophage	3	14	1.0	42	0.14285714285714288
profile:20bfd967c6a016af4097	hca:0494_10.1038_s41467-021-27895-0_bbe3158fbf	myoepithelial cell	myoepithelial cell	7	14	1.0	4	0.2857142857142857
profile:bc92dfed0193e038c00a	hca:0494_10.1038_s41467-021-27895-0_bbe3158fbf	secretory luminal cluster 1 cell	secretory luminal cluster 1 cell	8	14	0.0	0	
profile:e2b973a8aca7d2c27619	hca:0494_10.1038_s41467-021-27895-0_bbe3158fbf	secretory luminal cluster 2 cell	secretory luminal cluster 2 cell	9	14	0.1111111111111111	0	
profile:2f2616745dc2802f8b53	hca:0496_10.1038_s41593-020-00787-0_59956d4662	cortical cell	cortical cell	3	6	1.0	0	
profile:422460367fd835819ad5	hca:0497_10.1016_j.cell.2016.03.023_1e72ea1d04	epiblast	epiblast	11	4	0.9090909090909091	3	0.36363636363636365
profile:8c23b97d2326bca99420	hca:0497_10.1016_j.cell.2016.03.023_1e72ea1d04	polar trophectoderm	polar trophectoderm	8	4	1.0	0	
profile:5e376d929d5a64106652	hca:0497_10.1016_j.cell.2016.03.023_1e72ea1d04	primitive endoderm	primitive endoderm	11	4	0.9090909090909091	1	0.18181818181818182
profile:08a9216378e273735f2a	hca:0497_10.1016_j.cell.2016.03.023_1e72ea1d04	trophectoderm	trophectoderm	11	4	1.0	0	
profile:8940a177905aab0c374e	hca:0500_10.1073_pnas.2306153120_5c49b25904	astrocyte	astrocyte	5	43	1.0	14	0.1
profile:1a98089fa0e063f38ad0	hca:0500_10.1073_pnas.2306153120_5c49b25904	astrocyte cluster c1	astrocyte cluster C1	3	43	0.6666666666666666	0	
profile:50b8d43c172e46fd2ca3	hca:0500_10.1073_pnas.2306153120_5c49b25904	astrocyte cluster c12	astrocyte cluster C12	3	43	0.6666666666666666	0	
profile:5e7fd82445bd020e5c35	hca:0500_10.1073_pnas.2306153120_5c49b25904	mural cell cluster c19	mural cell cluster C19	3	43	1.0	0	
profile:27ac76b721327f10b5d1	hca:0500_10.1073_pnas.2306153120_5c49b25904	mural cell cluster c26	mural cell cluster C26	3	43	1.0	0	
profile:7b680993404cb9056481	hca:0500_10.1073_pnas.2306153120_5c49b25904	mural cell cluster c34	mural cell cluster C34	3	43	1.0	0	
profile:237e869754fcd7438c65	hca:0500_10.1073_pnas.2306153120_5c49b25904	myelinating schwann cell	myelinating Schwann cell	3	43	1.0	2	0.6666666666666666
profile:209e3cc2b8581283828d	hca:0500_10.1073_pnas.2306153120_5c49b25904	nonmyelinating schwann cell	nonmyelinating Schwann cell	4	43	1.0	2	1.0
profile:e8670f92bd9ff26a3f63	hca:0500_10.1073_pnas.2306153120_5c49b25904	premyelinating oligodendrocyte	premyelinating oligodendrocyte	3	43	1.0	0	
profile:cdb974f3410a1c1b136c	hca:0500_10.1073_pnas.2306153120_5c49b25904	vascular endothelial cell cluster c16	vascular endothelial cell cluster C16	3	43	0.6666666666666666	0	
profile:5c301e112711c9747077	hca:0500_10.1073_pnas.2306153120_5c49b25904	vascular endothelial cell cluster c20	vascular endothelial cell cluster C20	3	43	0.0	0	
profile:e4035b73a650fa6c0460	hca:0500_10.1073_pnas.2306153120_5c49b25904	vascular endothelial cell cluster c27	vascular endothelial cell cluster C27	3	43	0.0	0	
profile:3da006cd8ce32aed7576	hca:0501_10.1126_sciimmunol.abb8786_1f1edec8bd	cd4 memory blood t cell	CD4 memory blood T cell	3	7	0.6666666666666666	0	
profile:676247b92c76743a9c63	hca:0501_10.1126_sciimmunol.abb8786_1f1edec8bd	cd4 memory cerebrospinal fluid 1 t cell	CD4 memory cerebrospinal fluid 1 T cell	4	7	0.75	0	
profile:5710da1003732f6a39a7	hca:0501_10.1126_sciimmunol.abb8786_1f1edec8bd	cd4 memory cerebrospinal fluid 2 t cell	CD4 memory cerebrospinal fluid 2 T cell	5	7	0.0	0	
profile:82d4d78e14f1b27fdcc5	hca:0501_10.1126_sciimmunol.abb8786_1f1edec8bd	cd4 memory cerebrospinal fluid 3 t cell	CD4 memory cerebrospinal fluid 3 T cell	9	7	0.4444444444444444	0	
profile:94618fc5b3a599ee2bc8	hca:0501_10.1126_sciimmunol.abb8786_1f1edec8bd	clonally expanded cd8 t cell	clonally expanded CD8 T cell	3	7	0.6666666666666666	0	
profile:ba299ee15d3d22ab5ea8	hca:0501_10.1126_sciimmunol.abb8786_1f1edec8bd	naive cd4 t cell	naive CD4 T cell	3	7	0.0	0	
profile:3d934d21ac5325cb982b	hca:0501_10.1126_sciimmunol.abb8786_1f1edec8bd	naive cd8 t cell	naive CD8 T cell	3	7	0.0	0	
profile:2c220db553021c2b6a2e	hca:0502_10.1016_j.xcrm.2024.101556_a84a219a11	arterial capillary endothelial cell	arterial capillary endothelial cell	3	20	1.0	0	
profile:96f86821b1dbd53c3e4b	hca:0502_10.1016_j.xcrm.2024.101556_a84a219a11	arteriole endothelial cell	arteriole endothelial cell	3	20	1.0	1	0.3333333333333333
profile:e5a25a02b5c8898ecba0	hca:0502_10.1016_j.xcrm.2024.101556_a84a219a11	capillary endothelial cell	capillary endothelial cell	3	20	1.0	3	0.0
profile:e7328e58b1d17622bf2b	hca:0502_10.1016_j.xcrm.2024.101556_a84a219a11	coronary artery endothelial cell	coronary artery endothelial cell	3	20	1.0	0	
profile:7c59b8e553b435a33e04	hca:0502_10.1016_j.xcrm.2024.101556_a84a219a11	endocardial endothelial cell	endocardial endothelial cell	4	20	1.0	0	
profile:52e21019db51e6c9e105	hca:0502_10.1016_j.xcrm.2024.101556_a84a219a11	mesothelial cell	mesothelial cell	3	20	0.6666666666666666	5	0.0
profile:c834739e69e8690bd9eb	hca:0502_10.1016_j.xcrm.2024.101556_a84a219a11	pericyte	pericyte	5	20	1.0	29	0.13103448275862067
profile:f357d64913fd9d823853	hca:0502_10.1016_j.xcrm.2024.101556_a84a219a11	smooth muscle cell	smooth muscle cell	3	20	1.0	24	0.2222222222222222
profile:91508681e638bf13cff5	hca:0502_10.1016_j.xcrm.2024.101556_a84a219a11	tip cell	tip cell	3	20	1.0	0	
profile:b9ccea0664677027285c	hca:0502_10.1016_j.xcrm.2024.101556_a84a219a11	vascular endothelial cell	vascular endothelial cell	3	20	1.0	6	0.16666666666666666
profile:11afc9ad30433e5986ae	hca:0502_10.1016_j.xcrm.2024.101556_a84a219a11	venous capillary endothelial cell	venous capillary endothelial cell	3	20	1.0	0	
profile:7271ae3483bba62fbcd5	hca:0502_10.1016_j.xcrm.2024.101556_a84a219a11	venous endothelial cell	venous endothelial cell	3	20	1.0	3	0.0
profile:f46c3b08afc63a519928	hca:0505_10.1126_scitranslmed.abh2624_475f0b05e7	classical monocyte	classical monocyte	4	4	0.75	9	0.0
profile:0711deed7d759adad0b3	hca:0506_10.1038_s41591-022-01680-y_160aaf8b86	atypical memory b cell	atypical memory B cell	3	14	1.0	0	
profile:ce88a473ac5bc6447659	hca:0506_10.1038_s41591-022-01680-y_160aaf8b86	b cell	B cell	6	14	1.0	30	0.24444444444444444
profile:fa98f58bcbde153b14af	hca:0506_10.1038_s41591-022-01680-y_160aaf8b86	colonic cxcl13 positive t peripheral helper cell	colonic CXCL13-positive T peripheral helper cell	6	14	0.6666666666666666	0	
profile:9097d6282b16017eebde	hca:0506_10.1038_s41591-022-01680-y_160aaf8b86	colonic t peripheral helper cell	colonic T peripheral helper cell	4	14	0.25	0	
profile:3780140e8d30a113c608	hca:0506_10.1038_s41591-022-01680-y_160aaf8b86	germinal center like b cell	germinal center-like B cell	5	14	0.8	0	
profile:493cc4a256dc48624e60	hca:0506_10.1038_s41591-022-01680-y_160aaf8b86	naive b cell	naive B cell	3	14	1.0	1	0.3333333333333333
profile:ca15193aa413b026aff5	hca:0506_10.1038_s41591-022-01680-y_160aaf8b86	plasma cell	plasma cell	6	14	1.0	22	0.2424242424242424
profile:ebd8a43bd5ea80bf5750	hca:0506_10.1038_s41591-022-01680-y_160aaf8b86	regulatory t cell	regulatory T cell	7	14	0.7142857142857143	21	0.38775510204081637
profile:29f358b54a26559d2dd1	hca:0506_10.1038_s41591-022-01680-y_160aaf8b86	resident like macrophage	resident-like macrophage	5	14	1.0	0	
profile:88e11ca1a474b1662ec5	hca:0506_10.1038_s41591-022-01680-y_160aaf8b86	t cell	T cell	3	14	0.3333333333333333	36	0.23148148148148148
profile:31632e9ee13970675db8	hca:0506_10.1038_s41591-022-01680-y_160aaf8b86	t peripheral helper cell	T peripheral helper cell	4	14	1.0	0	
profile:dbb4e1f574664c648a42	hca:0508_10.1016_j.devcel.2022.07.004_cfe769c9cf	arterial endothelial cell	arterial endothelial cell	3	26	0.6666666666666666	5	0.26666666666666666
profile:26fde7cf8ce2312eb847	hca:0508_10.1016_j.devcel.2022.07.004_cfe769c9cf	classical monocyte	classical monocyte	5	26	0.8	9	0.2444444444444444
profile:b514aa0c76b7a82fdcbe	hca:0508_10.1016_j.devcel.2022.07.004_cfe769c9cf	ftl high umbrella cell	FTL-high umbrella cell	3	26	1.0	0	
profile:393938ee89ca2230aa78	hca:0508_10.1016_j.devcel.2022.07.004_cfe769c9cf	mki67 high basal cell	MKI67-high basal cell	6	26	1.0	0	
profile:30cdf018b4726bfd7c04	hca:0508_10.1016_j.devcel.2022.07.004_cfe769c9cf	mucosal associated invariant t cell	mucosal-associated invariant T cell	3	26	1.0	5	0.26666666666666666
profile:27ac8606f4cd6d26c25d	hca:0508_10.1016_j.devcel.2022.07.004_cfe769c9cf	non classical monocyte	non-classical monocyte	4	26	0.75	2	0.0
profile:82c5102fa45d357a63ea	hca:0508_10.1016_j.devcel.2022.07.004_cfe769c9cf	periurothelial fibroblast	periurothelial fibroblast	3	26	1.0	0	
profile:9ffb03b9dd4444626271	hca:0508_10.1016_j.devcel.2022.07.004_cfe769c9cf	tissue resident memory t cell	tissue resident memory T cell	5	26	1.0	5	0.08
profile:f2fdd3c5552b238b1c98	hca:0508_10.1016_j.devcel.2022.07.004_cfe769c9cf	upk high umbrella cell	UPK-high umbrella cell	3	26	1.0	0	
profile:c676a9e70d06ff15f914	hca:0508_10.1016_j.devcel.2022.07.004_cfe769c9cf	venous endothelial cell	venous endothelial cell	3	26	0.6666666666666666	3	0.0
profile:84b3126120d82ef85322	hca:0509_10.1186_s13073-021-00941-8_26def488c5	beta cell	beta cell	4	4	0.75	15	0.38333333333333336
profile:dd4494126f9bc4f24272	hca:0509_10.1186_s13073-021-00941-8_26def488c5	ductal cell	ductal cell	3	4	1.0	6	0.2777777777777778
profile:96ae368b5e45af0f4a61	hca:0509_10.1186_s13073-021-00941-8_26def488c5	endocrine cell	endocrine cell	5	4	0.2	3	0.13333333333333333
profile:17c6b7b2d2a052241c4c	hca:0510_10.1101_2021.08.19.457030_7771c9367f	human induced pluripotent stem cell	human induced pluripotent stem cell	4	3	0.75	0	
profile:73e67e95782b6708663c	hca:0511_10.1016_j.jcmgh.2020.12.014_7220e03ee7	cholinergic neuron	cholinergic neuron	4	7	0.0	0	
profile:6945d67d66e38c65d5a3	hca:0511_10.1016_j.jcmgh.2020.12.014_7220e03ee7	enteric neuron	enteric neuron	4	7	0.0	1	0.0
profile:620014efcbdaf2f16ea4	hca:0512_10.1016_j.gastha.2022.12.004_3866b352db	fibroblast	fibroblast	5	3	1.0	49	0.13877551020408163
profile:b3d328b61ebe58bcb8ac	hca:0512_10.1016_j.gastha.2022.12.004_3866b352db	interstitial cell of cajal	interstitial cell of Cajal	18	3	0.4444444444444444	2	0.1111111111111111
profile:748babf5c4b1a632c734	hca:0512_10.1016_j.gastha.2022.12.004_3866b352db	platelet derived growth factor receptor alpha cell	platelet-derived growth factor receptor alpha cell	37	3	0.7837837837837838	0	
profile:b2435b3cb721cc7d36dd	hca:0512_10.1016_j.gastha.2022.12.004_3866b352db	smooth muscle cell	smooth muscle cell	23	3	0.6521739130434783	24	0.0960144927536232
profile:a71341d8f58f4ead9dc5	hca:0513_10.1186_s13059-019-1906-x_0a4cb34cd5	alveolar cell	alveolar cell	4	6	1.0	0	
profile:41ff6cb6ccc779e88437	hca:0513_10.1186_s13059-019-1906-x_0a4cb34cd5	macrophage	macrophage	6	6	1.0	42	0.031746031746031744
profile:8f176b0c0ccb5896a577	hca:0513_10.1186_s13059-019-1906-x_0a4cb34cd5	plasma cell	plasma cell	3	6	1.0	22	0.15151515151515152
profile:7fe8754a658eb1aacaa8	hca:0514_10.1016_j.stemcr.2021.12.008_8ef526797f	retinal pigment epithelium cell	retinal pigment epithelium cell	11	2	1.0	4	0.18181818181818182
profile:106607d4895a642f4813	hca:0515_10.1084_jem.20201189_d8d9a9e257	double positive αβγδ t cell	double-positive αβγδ T cell	4	6	1.0	0	
profile:b5191629ffb9a0d3f45b	hca:0515_10.1084_jem.20201189_d8d9a9e257	regulatory t cell	regulatory T cell	3	6	1.0	21	0.015873015873015872
